# https://github.com/mikedh/trimesh
mtllib material.mtl

o remote_control.obj
usemtl material_0
v 0.00183072 0.00650758 0.00906044
v 0.00205581 0.00647989 0.00824296
v 0.00201496 0.00644722 0.00866495
v -0.01314634 0.00647136 0.00421056
v -0.01307887 0.00640849 0.00538985
v -0.01311448 0.00645532 0.00817562
v -0.00060676 0.00627903 0.02154294
v -0.00007875 0.00630376 0.02230415
v -0.00030149 0.00626829 0.02203142
v 0.00080848 0.00632778 0.01796615
v 0.00044507 0.00643137 0.01891980
v 0.00056287 0.00639484 0.01840916
v -0.01647428 0.00600130 0.00847837
v -0.01600196 0.00603240 0.00877830
v -0.01616776 0.00606257 0.00878113
v -0.00374196 0.00630132 0.00654768
v -0.00385544 0.00634005 0.00622360
v -0.00332426 0.00634920 0.00670844
v -0.00244474 0.00549628 0.00172034
v -0.00290661 0.00503960 0.00231578
v -0.00353706 0.00520305 0.00184040
v -0.01658672 -0.01063132 -0.00317775
v -0.01439160 -0.01065835 -0.00634582
v -0.01571565 -0.01064539 0.00605300
v -0.01626165 -0.01068691 -0.01346307
v -0.01847024 -0.01066550 -0.01444056
v -0.01750165 -0.01067011 -0.01444109
v -0.01849332 -0.01059970 -0.00499687
v -0.01846456 -0.01064290 -0.02351767
v -0.01565312 -0.01069718 -0.02422644
v -0.01559027 -0.01072588 -0.03138960
v -0.01107102 -0.01072555 -0.03088569
v -0.00919853 -0.01067383 -0.01218876
v -0.00912019 -0.01064961 -0.00175407
v -0.00670495 -0.01060768 0.01817652
v -0.01066547 -0.01063182 0.01059756
v -0.00161811 -0.01061583 0.01479428
v -0.01295308 -0.01059055 0.03305392
v -0.01434237 -0.01058710 0.02349438
v -0.01072042 -0.01060389 0.02140373
v -0.01466471 -0.01058486 0.03011553
v -0.01473039 -0.01057498 0.03790515
v -0.01670015 -0.01053544 0.04199891
v -0.01674128 -0.01054991 0.03063886
v -0.01261178 -0.01050111 0.06005320
v -0.00845291 -0.01058468 0.05903653
v -0.00995622 -0.01051226 0.06251293
v -0.00782863 -0.01054836 0.06249497
v -0.00455309 -0.01057508 0.06212944
v -0.00118132 -0.01059327 0.05953902
v 0.00616595 -0.01057346 0.06137642
v 0.00498625 -0.01054270 0.06310310
v -0.00271194 -0.01052164 0.06397517
v -0.00481030 -0.01045981 0.06496706
v 0.00934911 -0.01052051 0.06249032
v 0.01083216 -0.01053672 0.05950861
v 0.01089986 -0.01055867 0.05247877
v 0.01284255 -0.01052256 0.05633771
v 0.01492667 -0.01052934 0.04778074
v 0.01077502 -0.01056210 0.04795400
v 0.00598971 -0.01058505 0.05564838
v 0.00640893 -0.01057526 0.04576170
v 0.01197790 -0.01055936 0.03792158
v 0.00466783 -0.01058118 0.03927923
v 0.00635446 -0.01057233 0.03341415
v 0.01027960 -0.01056657 0.02762990
v 0.01476333 -0.01055118 0.03418596
v -0.00053901 -0.01058052 0.03859717
v 0.00110879 -0.01059004 0.05477242
v -0.00512567 -0.01058856 0.05366108
v -0.00264789 -0.01058203 0.04952688
v -0.01283210 -0.01053878 0.05683729
v -0.01435570 -0.01054682 0.04894081
v -0.01015451 -0.01057395 0.05163949
v -0.01174573 -0.01058502 0.04386405
v -0.00984241 -0.01058632 0.03355288
v -0.00777924 -0.01058133 0.04097194
v -0.00133325 -0.01057887 0.04587831
v -0.00742269 -0.01058554 0.02694892
v -0.00145218 -0.01057813 0.03087871
v 0.00447439 -0.01059359 0.02281751
v -0.00145922 -0.01058984 0.02486043
v -0.00104382 -0.01063505 0.00708495
v -0.01000341 -0.01064646 0.00483967
v 0.00001296 -0.01064334 0.00055183
v -0.00667697 -0.01065095 -0.00571699
v 0.00614933 -0.01064249 -0.00546166
v 0.00704191 -0.01062613 0.00297202
v 0.01371026 -0.01060938 -0.00252863
v 0.01059148 -0.01060359 0.00686397
v -0.00496175 -0.01066174 -0.00947169
v 0.00319907 -0.01067534 -0.01580244
v -0.00615052 -0.01069030 -0.02085728
v 0.00143825 -0.01070463 -0.02603894
v 0.00711637 -0.01069517 -0.02543174
v 0.00828995 -0.01071499 -0.03030137
v 0.01240382 -0.01068819 -0.02708270
v 0.01553761 -0.01065498 -0.02419646
v 0.01550189 -0.01072013 -0.03127089
v 0.00798988 -0.01071668 -0.03433199
v -0.00693063 -0.01071001 -0.02774501
v -0.00450882 -0.01071788 -0.03331747
v 0.00050617 -0.01071674 -0.03545997
v -0.01196144 -0.01070979 -0.03784181
v -0.00522207 -0.01071164 -0.04243906
v 0.00077762 -0.01071434 -0.04342868
v 0.00778088 -0.01070887 -0.04024611
v -0.01143189 -0.01070051 -0.04641701
v -0.00481880 -0.01070864 -0.04782834
v -0.01060327 -0.01068490 -0.05201672
v -0.00482983 -0.01068480 -0.05447523
v -0.00577469 -0.01064750 -0.05891348
v 0.00144046 -0.01064608 -0.05963274
v 0.00347234 -0.01067517 -0.05618591
v 0.00837376 -0.01061847 -0.06113324
v 0.01123690 -0.01063540 -0.05866430
v -0.00169332 -0.01059472 -0.06314462
v 0.00137638 -0.01051963 -0.06507852
v 0.00783066 -0.01057540 -0.06295239
v 0.00821548 -0.01050050 -0.06475002
v -0.00347750 -0.01052696 -0.06509873
v -0.00775876 -0.01050313 -0.06493593
v -0.00841220 -0.01057604 -0.06295079
v 0.01182446 -0.01052736 -0.06283464
v 0.01535030 -0.01044848 -0.06228343
v 0.01555590 -0.01050008 -0.06040144
v 0.00778944 -0.01068394 -0.05384269
v 0.00677341 -0.01069856 -0.05083463
v -0.00046997 -0.01070556 -0.05043451
v 0.00552633 -0.01070945 -0.04746009
v 0.01210229 -0.01069229 -0.04324037
v 0.01196563 -0.01068234 -0.04928429
v 0.01600810 -0.01066707 -0.03993498
v 0.01187907 -0.01065643 -0.01864625
v 0.00952791 -0.01063973 -0.00921104
v 0.01449956 -0.01062877 -0.01135607
v 0.01559737 -0.01059056 0.00394174
v 0.00668193 -0.01060262 0.01402721
v 0.01010318 -0.01058764 0.01129192
v 0.01580672 -0.01055386 0.01210669
v 0.01290319 -0.01056546 0.01657789
v 0.01428552 -0.01055452 0.02195065
v 0.01566590 -0.01043728 0.05608656
v 0.01489683 -0.01041027 0.05929213
v 0.01267826 -0.01041346 0.06232461
v 0.01637292 -0.01045704 0.05176321
v 0.01649169 -0.01050489 0.04453216
v 0.01639211 -0.01053165 0.03744170
v 0.01635272 -0.01053887 0.03090469
v 0.01653582 -0.01052467 0.02337464
v 0.01865932 -0.01052849 0.00695981
v 0.01865109 -0.01047794 0.01241802
v 0.01884315 -0.01042689 0.02529384
v 0.01870665 -0.01056017 0.00101658
v 0.01859294 -0.01058084 -0.00599109
v 0.01909859 -0.01060152 -0.01251239
v 0.01892645 -0.01060392 -0.02361769
v 0.01895226 -0.01064630 -0.02784635
v 0.01881564 -0.01067402 -0.03187786
v 0.01896718 -0.01066866 -0.03236088
v 0.01581674 -0.01064439 -0.04822292
v 0.01435406 -0.01059179 -0.05784067
v 0.01626498 -0.01055095 -0.05672154
v -0.01465944 -0.01050397 0.05654830
v -0.01658379 -0.01046427 0.05122329
v -0.01586147 -0.01054544 0.04259965
v -0.01375299 -0.01062488 0.01241519
v -0.01686762 -0.01058532 0.01216103
v -0.01680629 -0.01053885 0.02308359
v -0.01317030 -0.01068906 -0.01705045
v -0.01567338 -0.01067972 -0.03925248
v -0.01349645 -0.01066512 -0.05019096
v -0.01094610 -0.01064496 -0.05894516
v -0.01366518 -0.01060452 -0.05756822
v -0.01544396 -0.01065420 -0.04579945
v -0.01718320 -0.01057818 -0.04862432
v -0.01721163 -0.01062122 -0.04288543
v -0.01805966 -0.01061086 -0.04002916
v -0.01830433 -0.01067028 -0.03245183
v -0.01691947 -0.01052222 -0.05377964
v -0.01503901 -0.01050787 -0.05979666
v -0.01644661 -0.01045087 -0.05871761
v -0.01831780 -0.01066522 -0.02696745
v -0.01839969 -0.01060121 0.00454452
v -0.01778537 -0.01054774 0.01230754
v -0.01844160 -0.01053553 0.01165910
v -0.01846408 -0.01046210 0.01861160
v -0.01860769 -0.01040871 0.02372312
v -0.01244196 -0.01051994 -0.06255796
v -0.01475952 -0.01043774 -0.06234041
v -0.01139399 -0.01044819 -0.06448610
v 0.01713075 -0.01062769 -0.04255949
v 0.01763958 -0.01056210 -0.04706900
v 0.01878645 -0.01056735 -0.04158303
v -0.01440655 -0.01043024 0.06040471
v -0.01253147 -0.01043426 0.06241979
v 0.00232056 -0.01046005 0.06502034
v 0.00643970 -0.01043189 0.06498102
v 0.00949877 -0.01039710 0.06423360
v 0.01097204 -0.01044061 -0.06457477
v -0.01647985 -0.01041920 0.05619212
v -0.01631065 -0.01033809 0.05950423
v -0.01396143 -0.01036348 0.06228996
v 0.01879649 -0.01039127 0.03588164
v -0.00737893 -0.01040535 0.06505034
v 0.00020968 -0.01046104 -0.06606551
v -0.00368325 -0.01046795 -0.06592025
v 0.00361928 -0.01044828 -0.06592799
v 0.01991879 -0.01048583 -0.00756310
v 0.02007692 -0.01045092 -0.00020922
v 0.01456680 -0.01029828 0.06218391
v 0.01879472 -0.01032056 0.04433110
v 0.01732261 -0.01029254 0.05656626
v 0.01698446 -0.01022886 0.05955124
v 0.01896515 -0.01018430 0.05247318
v -0.00980833 -0.01030995 0.06511240
v -0.01857676 -0.01036282 0.04047806
v -0.01843251 -0.01027979 0.05156598
v -0.01826285 -0.01023126 0.05630687
v -0.01797140 -0.01015962 0.05919737
v -0.01940526 -0.01057981 -0.01438082
v -0.02086276 -0.01042261 -0.01265768
v -0.02092350 -0.01036266 -0.00575483
v -0.01956093 -0.01048987 0.00273069
v -0.02083451 -0.01033013 0.00375984
v -0.02022089 -0.01026822 0.01310704
v 0.01901100 -0.01046298 -0.04581845
v 0.01858193 -0.01040407 -0.05187804
v 0.01772324 -0.01037072 -0.05839862
v -0.01394742 -0.01030226 -0.06419183
v 0.01209418 -0.01027214 0.06419458
v 0.00807149 -0.01031741 0.06555975
v 0.01049930 -0.01025525 0.06510381
v 0.01997503 -0.01040313 0.00617454
v 0.01993896 -0.01030719 0.01352215
v 0.01504267 -0.01018845 -0.06448794
v 0.00150437 -0.01028188 0.06668131
v -0.00427310 -0.01032942 0.06618158
v 0.00505473 -0.01021609 0.06679571
v 0.01911987 -0.01061119 -0.01454431
v -0.01611347 -0.01017620 0.06211715
v -0.02086648 -0.01039381 -0.02059927
v -0.02083891 -0.01036979 -0.02424195
v -0.02039231 -0.01043062 -0.02924510
v -0.01656095 -0.01030061 -0.06095417
v -0.01665300 -0.01023162 -0.06233549
v -0.01287341 -0.01024735 0.06407323
v -0.02028854 -0.01017578 0.01776829
v 0.02093724 -0.01036639 -0.00865109
v 0.02020215 -0.01044019 -0.02333690
v 0.02096409 -0.01037407 -0.01441461
v 0.02164524 -0.01023598 0.00055050
v 0.02176650 -0.01024450 -0.00661817
v 0.01877096 -0.01012706 0.05631011
v -0.01871787 -0.01043087 -0.04639835
v -0.01818217 -0.01035781 -0.05398605
v -0.01830311 -0.01021717 -0.05864418
v 0.01960106 -0.01018549 -0.05645120
v 0.01952551 -0.01014682 -0.05832844
v 0.01897528 -0.00996427 0.05968150
v 0.01734019 -0.00999597 0.06228128
v 0.01701074 -0.01022201 -0.06236651
v 0.01506114 -0.00999878 0.06444887
v -0.02037667 -0.01038128 -0.03478490
v -0.02038407 -0.01027969 -0.04121183
v 0.01936583 -0.01030811 0.03689422
v 0.01939614 -0.01024003 0.04365383
v 0.01955241 -0.01032238 0.02775848
v 0.01981520 -0.01029060 0.02104506
v -0.00231513 -0.01023467 0.06690838
v -0.00760585 -0.01034270 -0.06610316
v 0.02170448 -0.01016728 0.00491330
v 0.02159144 -0.01012278 0.00820204
v 0.01930267 -0.01008698 -0.05943486
v -0.00672166 -0.01016541 0.06679657
v 0.00740790 -0.01032229 -0.06609305
v -0.01853600 -0.01010002 -0.05970840
v -0.01853472 -0.00998112 -0.06162496
v 0.02112141 -0.01028836 -0.02454467
v 0.02163274 -0.01025098 -0.01696213
v 0.02010158 -0.01042376 -0.03533164
v 0.02099017 -0.01029493 -0.03101000
v -0.01641728 -0.00995560 0.06362017
v -0.01423846 -0.00995829 0.06518364
v -0.01865779 -0.00999925 0.06001266
v -0.01800633 -0.00993040 0.06205730
v 0.01173242 -0.00998756 0.06632998
v -0.01930289 -0.00996144 0.05868745
v -0.01253839 -0.00997289 0.06605792
v 0.02022746 -0.01019557 -0.04966470
v 0.01994514 -0.01028646 -0.04453233
v 0.01970204 -0.00993009 0.05746976
v 0.02024770 -0.01003754 0.04582398
v 0.02006232 -0.00994177 0.05403116
v -0.01930072 -0.01018305 -0.05364539
v -0.01933667 -0.01002139 -0.05861307
v -0.01947369 -0.01026305 -0.04913161
v -0.02071678 -0.01016890 -0.04344472
v 0.00844003 -0.00999884 0.06733277
v 0.02146375 -0.01002524 0.01452096
v 0.02137073 -0.01000101 0.01883042
v 0.02016687 -0.01019246 0.03038081
v 0.02106759 -0.00997552 0.03463824
v 0.02114424 -0.00999543 0.02760793
v 0.01097928 -0.01004341 -0.06664270
v -0.00981733 -0.00998979 0.06700139
v 0.01907918 -0.00989415 -0.06238535
v -0.01612520 -0.00999673 -0.06439757
v -0.01868315 -0.00988391 -0.06254011
v -0.02079683 -0.01035529 -0.02927751
v 0.02167917 -0.01016672 -0.02700696
v -0.00353083 -0.00994081 0.06825351
v -0.00669267 -0.00998152 0.06770110
v -0.02064054 -0.01004740 0.02223557
v -0.02058910 -0.00999081 0.03381439
v -0.02062450 -0.01000958 0.02741568
v -0.02001068 -0.00993858 0.05342175
v -0.02002547 -0.00998328 0.04785936
v -0.02048805 -0.00996192 0.03999814
v -0.02084087 -0.01024185 0.00833354
v -0.02101922 -0.01002993 -0.04664288
v -0.02086993 -0.00990237 -0.05280421
v -0.02022205 -0.00982265 -0.05853811
v -0.01048964 -0.01010694 -0.06654718
v 0.00089285 -0.00994662 0.06835206
v 0.00478626 -0.00994149 0.06810249
v 0.01660725 -0.00993869 -0.06452836
v 0.01483110 -0.00983014 -0.06618609
v -0.01233362 -0.00998479 -0.06652227
v -0.01399653 -0.00987677 -0.06628269
v -0.02089952 -0.01007889 0.01528163
v -0.02077536 -0.01026827 -0.03594504
v 0.00027100 -0.01012373 -0.06763730
v 0.00765318 -0.01001021 -0.06740502
v 0.00398740 -0.01006291 -0.06764398
v -0.00351396 -0.01009056 -0.06767799
v 0.01724473 -0.00979725 0.06361959
v 0.02219132 -0.01012056 -0.01781075
v 0.02260793 -0.01003583 -0.00932380
v 0.02241846 -0.01008398 -0.00574497
v 0.02156217 -0.01010557 -0.03462794
v 0.02081253 -0.01018703 -0.03887822
v 0.02126857 -0.00991861 -0.04692558
v 0.01880835 -0.00972698 0.06208482
v 0.02104336 -0.00987563 0.04380821
v -0.01862154 -0.00957766 -0.06434694
v -0.00756900 -0.01000704 -0.06753106
v 0.02031952 -0.01008775 -0.05323737
v 0.02287844 -0.00986730 -0.02741500
v 0.02287416 -0.00975418 -0.03528761
v 0.02233162 -0.00977046 -0.03948183
v 0.01905287 -0.00950152 -0.06444670
v 0.02137719 -0.00961143 0.05229257
v 0.01888771 -0.00949651 0.06333803
v -0.02066555 -0.00954992 -0.05985727
v 0.02074598 -0.00954873 0.05907254
v -0.02253475 -0.00992583 -0.00401421
v -0.02254668 -0.00992810 -0.02081976
v -0.02252249 -0.00986657 -0.02578175
v -0.02259657 -0.00993592 -0.01043727
v 0.01996236 -0.00950998 0.06149478
v 0.01671570 -0.00954555 0.06523737
v 0.01450988 -0.00956144 0.06655431
v 0.02228181 -0.01007817 -0.00185558
v 0.02124168 -0.00952486 0.05665849
v -0.02076934 -0.00966801 -0.05859823
v 0.00028446 -0.00983618 -0.06864969
v 0.00423620 -0.00978105 -0.06859609
v -0.00350792 -0.00981708 -0.06860491
v 0.01749860 -0.00951336 0.06470108
v 0.02324934 -0.00981567 -0.01731940
v 0.02338083 -0.00980244 -0.01171983
v 0.02337305 -0.00974874 -0.02294408
v -0.02252278 -0.00985740 0.00280524
v -0.02197050 -0.00985607 0.00997111
v 0.02158487 -0.00983170 0.03358247
v 0.02157371 -0.00988816 0.02422259
v -0.01825680 -0.00950335 0.06395563
v 0.02271365 -0.00958196 -0.04305269
v -0.01996496 -0.00953644 0.06102792
v -0.01615705 -0.00949516 -0.06644805
v -0.01750161 -0.00970625 -0.06462487
v -0.01704498 -0.00955106 0.06484957
v -0.02018970 -0.00944908 -0.06232093
v -0.02075435 -0.00960497 0.05661942
v -0.02093119 -0.00964096 0.05282268
v 0.01650341 -0.00945956 -0.06639226
v 0.01478952 -0.00956789 -0.06710096
v 0.01728855 -0.00962210 -0.06526971
v 0.01064157 -0.00953853 -0.06838893
v 0.00776154 -0.00949332 -0.06908735
v 0.01281250 -0.00952887 -0.06777231
v -0.01940209 -0.00948958 0.06248911
v 0.02158334 -0.00968139 0.04505773
v 0.02135327 -0.00955235 -0.05863191
v -0.00997697 -0.00956471 -0.06843764
v -0.02059226 -0.00951820 0.05928194
v -0.01581581 -0.00949563 0.06588500
v 0.01221881 -0.00956015 0.06758129
v -0.02295434 -0.00959633 -0.03424491
v 0.02254510 -0.00954560 -0.04585816
v 0.02205877 -0.00960762 -0.04855522
v -0.01206590 -0.00948471 -0.06813455
v -0.00778665 -0.00952305 -0.06900041
v -0.01418913 -0.00960797 -0.06708008
v 0.02152510 -0.00938189 -0.05945964
v 0.02043386 -0.00944131 -0.06236275
v -0.01398748 -0.00949176 0.06691347
v -0.01218053 -0.00953659 0.06756741
v -0.02327437 -0.00965393 -0.02286568
v -0.02286676 -0.00955666 -0.03623514
v -0.02266759 -0.00954556 -0.03857775
v 0.01010315 -0.00951557 0.06832862
v 0.02284667 -0.00960175 -0.03905202
v 0.00044391 -0.00957924 -0.06938717
v 0.00438976 -0.00949077 -0.06941385
v -0.00348303 -0.00952958 -0.06939590
v 0.00725240 -0.00955029 0.06881746
v -0.00020225 -0.00954439 0.06944555
v 0.02316628 -0.00963117 -0.03522353
v 0.00366008 -0.00950277 0.06939555
v 0.02246659 -0.00965713 0.01469774
v 0.02359855 -0.00944802 0.00578648
v 0.02315410 -0.00952131 0.01025680
v -0.02284288 -0.00960867 0.00755405
v -0.02271557 -0.00958341 0.01038378
v -0.02234476 -0.00954218 0.01533553
v -0.02319423 -0.00971653 -0.01121613
v -0.00975073 -0.00950604 0.06836380
v -0.00700302 -0.00953653 0.06886731
v -0.01848162 -0.00896150 -0.06641203
v -0.02213663 -0.00948523 0.02071519
v -0.02170707 -0.00951793 0.03720893
v -0.02173710 -0.00956255 0.02797451
v -0.02098795 -0.00916158 -0.06232809
v -0.02318543 -0.00958086 -0.02733241
v 0.02338458 -0.00968459 -0.00708474
v 0.02352456 -0.00954141 0.00134894
v 0.02344954 -0.00960966 -0.00276865
v 0.02146825 -0.00901711 0.06113852
v -0.02252691 -0.00950364 -0.04252683
v -0.02209578 -0.00959723 -0.04523394
v 0.02173181 -0.00897617 -0.06228811
v -0.02303944 -0.00972182 -0.00646535
v -0.02303997 -0.00968256 -0.00054744
v 0.01275419 -0.00899269 -0.06923951
v 0.01076042 -0.00906354 -0.06960954
v 0.02330348 -0.00968267 -0.02822567
v -0.00399246 -0.00947232 0.06941356
v 0.02083731 -0.00900700 0.06253495
v 0.02242738 -0.00958494 0.01875586
v 0.01463179 -0.00886478 -0.06890415
v -0.02127154 -0.00982059 -0.05026520
v 0.02327061 -0.00896628 -0.05321099
v 0.02262551 -0.00903326 -0.05871484
v -0.02073439 -0.00890046 -0.06390359
v -0.02085073 -0.00899273 0.06232387
v -0.02127023 -0.00903675 0.06085060
v 0.02234196 -0.00955619 0.02579561
v 0.02227397 -0.00954203 0.03320929
v 0.02227226 -0.00947807 0.03879489
v 0.01871276 -0.00898066 0.06532936
v 0.01916506 -0.00889456 -0.06607041
v -0.01378424 -0.00891408 -0.06902547
v 0.02006723 -0.00899142 0.06378340
v -0.01053708 -0.00902149 -0.06965950
v -0.01214271 -0.00892705 -0.06946676
v 0.02193989 -0.00906747 0.05896080
v 0.02359947 -0.00904274 0.01850420
v 0.02392155 -0.00915366 0.01111734
v 0.02348931 -0.00902029 0.02485184
v 0.02327860 -0.00906475 0.03182365
v 0.02368377 -0.00960952 -0.01975349
v -0.02309061 -0.00958441 0.00348149
v 0.02322610 -0.00911793 -0.04774196
v 0.01694151 -0.00898549 0.06660461
v 0.02253036 -0.00905784 0.05373057
v 0.02240847 -0.00891608 0.05754010
v 0.02306427 -0.00901732 0.04413336
v 0.02322644 -0.00904555 0.03688243
v -0.02159170 -0.00907783 -0.06054136
v 0.02049352 -0.00890422 -0.06451666
v -0.02002545 -0.00892504 0.06380709
v 0.01741514 -0.00902915 -0.06693632
v -0.02289856 -0.00900478 0.03483674
v -0.02293534 -0.00905478 0.02436214
v -0.02308387 -0.00907160 0.01890668
v -0.02323351 -0.00910315 0.01534465
v -0.02384273 -0.00903276 0.01001613
v -0.01976741 -0.00909631 -0.06456349
v -0.01796638 -0.00892233 0.06589428
v -0.01889194 -0.00895736 0.06500020
v -0.01525201 -0.00885340 -0.06840244
v -0.01707977 -0.00904842 -0.06703923
v -0.00768893 -0.00900022 -0.07015726
v -0.02253213 -0.00886121 -0.05884127
v -0.02294416 -0.00893553 -0.05275046
v -0.02266456 -0.00899758 0.04223710
v -0.02241515 -0.00896373 0.05225097
v 0.00791161 -0.00901250 -0.07010389
v 0.01495575 -0.00900846 0.06764601
v 0.01347132 -0.00897656 0.06837341
v -0.02208657 -0.00898253 0.05632681
v -0.02172706 -0.00898039 0.05937848
v -0.02291801 -0.00910027 -0.04734993
v 0.01572017 -0.00893473 -0.06807467
v 0.01183539 -0.00901185 0.06888833
v -0.00347309 -0.00895772 -0.07057895
v 0.00016841 -0.00891844 -0.07072011
v 0.00507988 -0.00894879 -0.07042345
v -0.00821472 -0.00901808 0.06969849
v 0.00970969 -0.00899650 0.06948258
v 0.00801536 -0.00899961 0.06980407
v 0.00593921 -0.00899011 0.07012103
v 0.02367225 -0.00965689 -0.01189442
v -0.01616125 -0.00894968 0.06695272
v -0.02405480 -0.00901441 0.00615016
v 0.02358900 -0.00961619 -0.02419292
v 0.02375587 -0.00853578 -0.05721550
v -0.01165890 -0.00896266 0.06890154
v -0.02347185 -0.00956165 -0.01848935
v -0.02350460 -0.00955905 -0.01239202
v -0.02097722 -0.00858614 -0.06460338
v -0.01392447 -0.00893692 0.06809830
v 0.02375296 -0.00842246 -0.05899834
v 0.02265396 -0.00850197 -0.06231790
v -0.02268727 -0.00831683 -0.06215125
v -0.02315610 -0.00849297 -0.05910255
v 0.02177693 -0.00830061 -0.06461541
v 0.00302389 -0.00894811 0.07045428
v 0.00005810 -0.00894402 0.07055922
v 0.02349588 -0.00901896 -0.04571430
v -0.02427743 -0.00898245 0.00098197
v -0.00397445 -0.00893347 0.07039757
v -0.02000894 -0.00828618 -0.06647874
v 0.02457942 -0.00896369 -0.00092078
v 0.02454965 -0.00890648 0.00578320
v 0.02446882 -0.00908492 -0.00869947
v -0.02430900 -0.00896854 -0.00411372
v -0.02388735 -0.00926503 -0.00921235
v -0.01602892 -0.00842391 -0.06884402
v -0.02172345 -0.00827661 -0.06436689
v -0.02305507 -0.00806433 -0.06222607
v -0.02335353 -0.00863880 -0.05321868
v 0.02017631 -0.00832013 -0.06642454
v -0.02306187 -0.00912000 -0.04442650
v -0.01867302 -0.00853580 -0.06712425
v 0.01931349 -0.00830375 -0.06714792
v 0.01623384 -0.00831369 -0.06896975
v 0.02171247 -0.00846295 0.06276580
v -0.02318007 -0.00918725 -0.03938079
v 0.02377086 -0.00784323 -0.06225844
v 0.02289051 -0.00889332 0.05176053
v 0.00737713 -0.00834291 -0.07121724
v 0.00391254 -0.00844805 -0.07127657
v 0.02378978 -0.00862574 -0.05369746
v 0.02376367 -0.00875423 -0.04788572
v -0.02092326 -0.00780656 -0.06658304
v 0.02287169 -0.00839493 0.05961994
v 0.02493386 -0.00850198 0.01136239
v 0.02523170 -0.00845030 0.00623176
v 0.02450614 -0.00845309 0.01625715
v 0.02399114 -0.00873868 0.01869306
v 0.02350619 -0.00914766 -0.04009504
v 0.02353632 -0.00922811 -0.03704464
v -0.00727239 -0.00838070 -0.07116647
v -0.00907408 -0.00831377 -0.07098367
v 0.02064049 -0.00838380 0.06457109
v 0.02169883 -0.00751000 -0.06659149
v -0.01387822 -0.00838164 -0.06986083
v 0.01442845 -0.00833466 -0.06981464
v 0.02347475 -0.00949335 -0.03086597
v 0.01057636 -0.00821621 -0.07093885
v -0.02273074 -0.00770609 -0.06426819
v 0.02345837 -0.00849052 0.05256171
v 0.02370838 -0.00855114 0.04542071
v 0.02239478 -0.00838899 0.06136062
v -0.02440244 -0.00893641 -0.01150540
v -0.02435163 -0.00894289 -0.01654516
v -0.02182570 -0.00838558 0.06230762
v 0.01886295 -0.00836171 0.06636718
v 0.02310104 -0.00844516 0.05761456
v 0.02383742 -0.00864721 0.03550188
v 0.02390783 -0.00873508 0.02318771
v 0.02385917 -0.00867700 0.03042941
v -0.01197415 -0.00840766 -0.07028848
v -0.02255004 -0.00836119 0.05988770
v -0.00362297 -0.00848672 -0.07126188
v -0.02067877 -0.00838073 0.06427877
v 0.02460302 -0.00901885 -0.01202620
v 0.02464741 -0.00895031 -0.01580007
v -0.02500732 -0.00839680 0.00451139
v -0.02482378 -0.00835803 0.00977306
v -0.02419635 -0.00851920 0.01389898
v -0.02287842 -0.00843448 0.05637755
v -0.02364075 -0.00855399 -0.04849366
v -0.01846333 -0.00788136 -0.06832268
v -0.02333814 -0.00845564 0.04520636
v -0.02359582 -0.00850668 0.03469806
v -0.02363861 -0.00854864 0.02429799
v -0.02299716 -0.00856491 0.05151504
v 0.02371028 -0.00711183 -0.06452858
v 0.02527293 -0.00846366 -0.00116415
v 0.02525519 -0.00848305 -0.00776680
v -0.01959448 -0.00836818 0.06544285
v 0.01684082 -0.00839405 0.06758565
v 0.00018291 -0.00846066 -0.07134130
v -0.02507011 -0.00840150 0.00068013
v -0.02503755 -0.00842246 -0.00780133
v -0.02535728 -0.00792238 0.01036530
v 0.01252905 -0.00761715 -0.07128118
v 0.01446158 -0.00840706 0.06876332
v 0.02396235 -0.00795271 -0.06082643
v 0.01772761 -0.00765351 -0.06910392
v 0.01932710 -0.00703091 -0.06910682
v 0.02158520 -0.00685295 -0.06769131
v 0.00782401 -0.00841314 0.07062351
v 0.02585944 -0.00784194 0.01030211
v 0.02594791 -0.00787108 0.00729537
v 0.02595128 -0.00790353 0.00170489
v -0.02393140 -0.00854711 0.01574835
v -0.02387846 -0.00847994 0.01855934
v -0.00272602 -0.00839571 0.07116704
v 0.01247599 -0.00838845 0.06953722
v 0.01048411 -0.00843722 0.07003801
v -0.00737339 -0.00838852 0.07065268
v -0.00506930 -0.00842726 0.07092158
v -0.00975763 -0.00841075 0.07013388
v -0.01834298 -0.00833549 0.06658227
v -0.01681963 -0.00838371 0.06741481
v 0.00577464 -0.00841446 0.07089875
v 0.00271624 -0.00840142 0.07117728
v 0.00045399 -0.00840331 0.07124018
v -0.02425960 -0.00800108 0.03417436
v 0.02162533 -0.00784029 0.06435361
v -0.02419335 -0.00777005 -0.05756726
v -0.02427166 -0.00788894 -0.05366964
v -0.02413135 -0.00771279 -0.05935037
v -0.02378806 -0.00750966 -0.06208549
v -0.02291764 -0.00729092 -0.06489631
v -0.02287462 -0.00665758 -0.06630526
v -0.02508729 -0.00786917 0.01342128
v -0.01140435 -0.00774375 -0.07126469
v -0.02414588 -0.00792827 0.04022508
v -0.02406229 -0.00789968 0.04448880
v -0.02386581 -0.00782264 0.05133148
v -0.02413378 -0.00894993 -0.02374515
v -0.01397120 -0.00775761 -0.07065458
v -0.01607293 -0.00782944 -0.06963385
v 0.02028778 -0.00784150 0.06589155
v -0.02450363 -0.00786105 0.02421799
v 0.01451038 -0.00778006 -0.07051536
v -0.01190985 -0.00839542 0.06957111
v -0.01420536 -0.00832346 0.06880496
v 0.02453940 -0.00887218 -0.02173551
v 0.01062356 -0.00785611 -0.07138628
v 0.02364917 -0.00805536 0.05684690
v 0.02245648 -0.00785701 0.06290439
v 0.02299485 -0.00779753 0.06177510
v 0.02517008 -0.00793517 0.01562890
v 0.02305660 -0.00651788 -0.06673819
v 0.02521567 -0.00849577 -0.01402136
v 0.02476409 -0.00860268 -0.02415363
v 0.02471635 -0.00793473 0.03344653
v 0.02485086 -0.00799852 0.01872015
v 0.02481241 -0.00796945 0.02293848
v -0.02077625 -0.00660390 -0.06846231
v 0.02348047 -0.00783313 0.05985305
v 0.02468343 -0.00761413 -0.05912658
v 0.02389809 -0.00663343 -0.06524331
v 0.02429419 -0.00802973 0.04526740
v 0.02412171 -0.00790254 0.05209094
v 0.02552771 -0.00674096 -0.05971881
v -0.01849331 -0.00663292 -0.06991050
v -0.01884331 -0.00677149 -0.06954899
v 0.01898607 -0.00782715 0.06700435
v -0.02198981 -0.00693898 -0.06684663
v -0.02074319 -0.00782415 0.06510913
v -0.02174822 -0.00774983 0.06383050
v -0.01406185 -0.00717970 -0.07128392
v -0.01638368 -0.00685091 -0.07066954
v 0.01463389 -0.00703013 -0.07132936
v 0.01734245 -0.00673021 -0.07040577
v 0.01923929 -0.00666799 -0.06956921
v -0.01611073 -0.00783988 0.06843546
v 0.02147260 -0.00596704 -0.06895867
v 0.01733594 -0.00783687 0.06798993
v 0.02378873 -0.00592132 -0.06679050
v -0.00819076 -0.00779349 -0.07167355
v -0.01981077 -0.00775791 0.06612293
v -0.01845817 -0.00775349 0.06720325
v -0.02308237 -0.00582265 -0.06723624
v 0.02348610 -0.00559560 -0.06750779
v -0.02090067 -0.00585840 -0.06919525
v -0.02299574 -0.00506186 -0.06816015
v 0.02149432 -0.00723012 0.06533968
v 0.01921908 -0.00605749 -0.07016865
v 0.02188729 -0.00522051 -0.06939277
v 0.02445357 -0.00489784 -0.06715881
v -0.00398342 -0.00039611 -0.07337124
v 0.00009345 0.00060314 -0.07343434
v -0.00001000 -0.00038688 -0.07340815
v -0.00457952 0.00114125 -0.07338118
v 0.00003865 0.00239233 -0.07341898
v -0.00404500 0.00267457 -0.07333873
v 0.00390685 0.00118881 -0.07340474
v 0.00373128 -0.00038880 -0.07336618
v 0.00402291 0.00338398 -0.07333839
v 0.00069776 0.00354128 -0.07336757
v 0.00671954 0.00259621 -0.07326800
v 0.00647984 0.00107342 -0.07331971
v 0.00676728 -0.00071377 -0.07325805
v -0.00776310 -0.00074398 -0.07323364
v -0.00762185 0.00140199 -0.07326713
v -0.00956303 -0.00050262 -0.07314109
v -0.00979404 0.00100028 -0.07312280
v -0.01214518 -0.00036738 -0.07295045
v 0.01069433 -0.00033909 -0.07306722
v 0.01057136 0.00171681 -0.07304139
v -0.01206158 0.00120088 -0.07292939
v -0.00942327 0.00246730 -0.07309021
v -0.00449665 0.00383073 -0.07321902
v -0.00802048 0.00350533 -0.07311165
v -0.01182966 0.00344376 -0.07281853
v 0.00755891 0.00386452 -0.07312564
v 0.01071119 0.00396274 -0.07288408
v 0.01317286 -0.00011189 -0.07280193
v -0.01464754 0.00139941 -0.07261597
v -0.01469751 -0.00027075 -0.07266954
v 0.01290821 0.00204187 -0.07276535
v 0.01514342 0.00175212 -0.07249945
v 0.01531953 -0.00026456 -0.07253621
v 0.00831592 -0.00102374 -0.07313535
v 0.01076341 -0.00095102 -0.07302588
v 0.01367502 -0.00094807 -0.07269126
v 0.01538167 -0.00092925 -0.07248084
v 0.00421017 -0.00093830 -0.07328171
v -0.01237277 -0.00090208 -0.07287837
v -0.00876788 -0.00098897 -0.07312878
v -0.00419737 -0.00097424 -0.07328572
v -0.00116583 -0.00101353 -0.07328770
v 0.00235348 -0.00124131 -0.07322585
v 0.01356039 0.00418306 -0.07251242
v 0.01524878 0.00402747 -0.07231638
v -0.00415444 -0.00128033 -0.07333415
v -0.00121898 -0.00127138 -0.07333037
v -0.01452990 0.00389286 -0.07243238
v -0.00806331 0.00403748 -0.07302343
v 0.00406805 0.00423086 -0.07319026
v 0.00066059 0.00398473 -0.07329078
v -0.01425662 -0.00104109 -0.07264069
v -0.01489865 -0.00070877 -0.07262652
v -0.00345091 0.00405563 -0.07319253
v -0.01215449 0.00407987 -0.07267067
v 0.01085941 -0.00124469 -0.07308263
v 0.00461328 -0.00125381 -0.07320407
v 0.01404279 -0.00120519 -0.07260669
v 0.01673021 -0.00122918 -0.07237632
v 0.01756559 -0.00111819 -0.07203498
v 0.01871364 -0.00028429 -0.07181594
v 0.01863217 0.00115264 -0.07179191
v 0.01734536 0.00409986 -0.07186995
v 0.01865267 0.00398643 -0.07160073
v -0.00993502 -0.00122741 -0.07310482
v -0.00454259 -0.00125633 -0.07320251
v -0.01385977 -0.00120276 -0.07281533
v -0.01663685 -0.00028969 -0.07227310
v 0.01917799 -0.00088849 -0.07166844
v -0.01659538 0.00196816 -0.07216823
v -0.01685175 0.00386094 -0.07194798
v 0.01379154 -0.00125273 -0.07276893
v -0.01845499 0.00218201 -0.07171746
v -0.01852641 -0.00018931 -0.07183454
v -0.01792111 -0.00066352 -0.07197966
v -0.01699446 -0.00086856 -0.07213526
v -0.01533066 -0.00090558 -0.07247588
v -0.01672777 -0.00113252 -0.07232367
v -0.01856481 0.00387817 -0.07152014
v 0.00021144 0.00445142 -0.07315476
v -0.01736807 -0.00099826 -0.07203260
v -0.01912781 -0.00084311 -0.07161661
v -0.00394359 0.00448097 -0.07304411
v -0.00792907 0.00450368 -0.07287818
v -0.01049273 0.00485970 -0.07254484
v 0.02059803 0.00183911 -0.07112286
v 0.00728602 0.00452338 -0.07293293
v -0.02022330 0.00173401 -0.07115629
v 0.01073747 0.00477334 -0.07261566
v -0.02013145 -0.00033849 -0.07128274
v -0.01960602 -0.00100379 -0.07144639
v 0.01978583 -0.00115819 -0.07147032
v 0.02017800 -0.00091770 -0.07133512
v 0.02127699 -0.00118492 -0.07103858
v 0.02141730 -0.00093514 -0.07088660
v 0.02182266 0.00199176 -0.07067693
v 0.02100846 0.00422524 -0.07076347
v 0.02212099 0.00403036 -0.07036635
v 0.01503014 0.00458656 -0.07215534
v -0.02136136 0.00350333 -0.07054276
v -0.01629267 0.00447272 -0.07187229
v 0.01305042 0.00459194 -0.07241663
v -0.02104432 -0.00090866 -0.07089144
v -0.02146456 0.00185293 -0.07066097
v -0.01453659 0.00484885 -0.07206580
v -0.02161080 -0.00038568 -0.07067774
v -0.01844690 0.00451955 -0.07132962
v 0.02260696 -0.00112200 -0.07037834
v -0.00095098 -0.00125804 -0.07318520
v 0.01857745 0.00455035 -0.07141159
v 0.00357601 0.00506736 -0.07283146
v -0.00467095 0.00508215 -0.07274959
v -0.00012202 0.00503767 -0.07288688
v -0.02125337 0.00406677 -0.07045430
v 0.00740708 0.00502889 -0.07269811
v 0.02222358 0.00218297 -0.07048224
v -0.00840454 0.00515100 -0.07254799
v 0.00426794 -0.00127840 -0.07334815
v 0.00259194 -0.00126580 -0.07332286
v -0.02057650 0.00453242 -0.07056723
v 0.01895792 -0.00122649 -0.07187125
v 0.00370001 -0.00157850 -0.07349904
v 0.00826007 -0.00127434 -0.07328583
v 0.00714610 -0.00161702 -0.07344907
v 0.00396236 -0.00366144 -0.07342260
v -0.00061118 -0.00215535 -0.07349379
v 0.00749618 -0.00353266 -0.07336058
v -0.00043921 -0.00157575 -0.07350000
v -0.00407494 -0.00157120 -0.07347505
v -0.00677095 -0.00239723 -0.07342630
v -0.00438105 -0.00393718 -0.07339352
v 0.00010799 -0.00408499 -0.07338726
v -0.00716697 -0.00158637 -0.07341456
v -0.01031536 -0.00228196 -0.07321638
v -0.01198807 -0.00125673 -0.07311099
v 0.01058550 -0.00234230 -0.07321719
v 0.01194986 -0.00130424 -0.07311719
v -0.01020865 -0.00405796 -0.07312573
v -0.00729109 -0.00468155 -0.07324614
v -0.00504410 -0.00473369 -0.07330948
v 0.00504195 -0.00475547 -0.07332357
v 0.00016452 -0.00483102 -0.07331573
v -0.01430537 -0.00292081 -0.07284697
v -0.01437863 -0.00139469 -0.07290694
v 0.01092455 -0.00388678 -0.07308924
v 0.01370354 -0.00146462 -0.07293465
v 0.00757578 -0.00475001 -0.07324408
v 0.01504599 -0.00266434 -0.07271411
v 0.01452030 -0.00160453 -0.07281518
v 0.01662857 -0.00127292 -0.07251534
v -0.01129986 -0.00433756 -0.07300475
v -0.01431355 -0.00403893 -0.07274321
v 0.01495563 -0.00358318 -0.07263952
v -0.01056235 -0.00466797 -0.07299700
v -0.01581464 -0.00273808 -0.07258118
v -0.01704532 -0.00126457 -0.07247398
v 0.01065259 -0.00477378 -0.07298875
v 0.01287374 -0.00463328 -0.07276063
v -0.00835140 -0.00127451 -0.07326276
v 0.01894185 -0.00210797 -0.07197243
v 0.01824893 -0.00130900 -0.07211477
v 0.01925490 -0.00129974 -0.07193573
v -0.01635558 -0.00358049 -0.07237047
v 0.01494247 -0.00459007 -0.07246808
v -0.01849236 -0.00164605 -0.07210119
v -0.01838766 -0.00121652 -0.07209676
v -0.01997018 -0.00124065 -0.07163856
v 0.01620738 -0.00402792 -0.07229700
v 0.01909409 -0.00315149 -0.07174892
v -0.01844270 -0.00305327 -0.07190655
v -0.01633660 -0.00408322 -0.07227702
v -0.01415245 -0.00447316 -0.07264205
v -0.02050039 -0.00176213 -0.07142126
v -0.00467477 -0.00523688 -0.07315732
v -0.01828086 -0.00391029 -0.07177353
v -0.02128836 -0.00125623 -0.07115624
v -0.00753369 -0.00538561 -0.07300556
v 0.01984180 -0.00233418 -0.07162529
v 0.02012390 -0.00149193 -0.07163705
v 0.02133909 -0.00131918 -0.07120728
v -0.01521516 -0.00123360 -0.07271808
v -0.00027644 -0.00650519 -0.07273785
v 0.00383140 -0.00639990 -0.07275850
v 0.00590673 -0.00638694 -0.07271488
v 0.01874696 -0.00408194 -0.07160616
v 0.01697972 -0.00464705 -0.07191519
v 0.02136048 -0.00245575 -0.07105159
v 0.00773369 -0.00628607 -0.07266908
v -0.00507801 -0.00648786 -0.07267699
v -0.02103881 -0.00250134 -0.07108304
v 0.01082354 -0.00633093 -0.07237658
v -0.01005855 -0.00623947 -0.07243285
v -0.01172101 -0.00617250 -0.07225557
v 0.01979417 -0.00395960 -0.07125120
v 0.01917195 -0.00450800 -0.07131755
v -0.00751881 -0.00693094 -0.07236952
v 0.02253788 -0.00131030 -0.07069272
v -0.01421708 -0.00543140 -0.07223208
v 0.01002834 0.00522355 -0.07242626
v -0.00314938 -0.00719953 -0.07238559
v 0.01456438 0.00511621 -0.07194515
v 0.01624372 0.00537423 -0.07143976
v 0.02231210 -0.00224249 -0.07064790
v 0.01462643 -0.00616867 -0.07183576
v 0.00782354 -0.00694619 -0.07236191
v 0.00476118 -0.00721208 -0.07236209
v -0.00004122 -0.00728247 -0.07237580
v -0.01926793 -0.00399046 -0.07132393
v -0.01706021 0.00493013 -0.07146923
v -0.02229699 -0.00081876 -0.07029077
v 0.01271031 -0.00681096 -0.07185008
v -0.00516496 0.00532838 -0.07259208
v 0.02199509 0.00439625 -0.07028683
v 0.02236834 -0.00120016 -0.07059995
v 0.02202129 -0.00319871 -0.07054419
v 0.00535230 0.00536644 -0.07258743
v -0.02095974 -0.00371377 -0.07071302
v -0.01424761 -0.00638077 -0.07174989
v -0.01015532 -0.00721248 -0.07192038
v -0.01185899 -0.00722184 -0.07166908
v -0.01667495 -0.00493471 -0.07179359
v 0.01073858 -0.00703225 -0.07201264
v -0.02230971 -0.00125191 -0.07061583
v 0.00113985 0.00539542 -0.07265552
v -0.01894932 -0.00108710 -0.07179471
v -0.02187880 0.00227366 -0.07036522
v 0.01301676 0.00536991 -0.07197057
v -0.01263017 0.00505240 -0.07216703
v 0.01899432 0.00527946 -0.07087316
v 0.01576280 -0.00655933 -0.07125714
v 0.01463389 -0.00703013 -0.07132936
v -0.01850292 -0.00474939 -0.07125693
v -0.02174016 -0.00257059 -0.07065033
v 0.02080497 0.00519040 -0.07024956
v -0.01913113 0.00490058 -0.07086999
v 0.02031918 -0.00451060 -0.07075247
v -0.01406185 -0.00717970 -0.07128392
v -0.01632903 -0.00630371 -0.07112299
v -0.02091548 -0.00428735 -0.07045241
v -0.02330670 -0.00189634 -0.06984176
v -0.02327312 0.00216672 -0.06941672
v -0.02292927 0.00352401 -0.06947455
v -0.02188838 0.00431319 -0.06995884
v 0.01066272 0.00543939 -0.07214963
v -0.02090044 0.00481453 -0.07024718
v -0.02356898 -0.00123123 -0.06971342
v -0.02347747 -0.00062446 -0.06941936
v -0.02204151 -0.00107182 -0.07055806
v 0.02187219 -0.00447919 -0.06998294
v 0.01043072 -0.00748791 -0.07172519
v -0.02280825 -0.00098785 -0.06989455
v -0.00635850 -0.00774029 -0.07183744
v -0.00355842 -0.00783443 -0.07190076
v 0.02312318 0.00198697 -0.06982121
v -0.01862515 -0.00570522 -0.07060426
v 0.00742995 -0.00771984 -0.07181839
v -0.00819076 -0.00779349 -0.07167355
v 0.02215511 -0.00380532 -0.07016682
v 0.02353802 -0.00193734 -0.06983548
v 0.01252905 -0.00761715 -0.07128118
v -0.01203030 0.00532380 -0.07201256
v 0.02380537 0.00403416 -0.06903986
v 0.01925347 -0.00548386 -0.07061960
v -0.02317838 -0.00311812 -0.06942767
v 0.00166732 -0.00794167 -0.07182431
v -0.02368173 0.00321199 -0.06891584
v -0.02348794 0.00402831 -0.06887386
v -0.00975338 0.00543128 -0.07213802
v 0.02326795 -0.00127993 -0.07009561
v 0.02374134 -0.00132778 -0.06975046
v 0.02360181 -0.00088379 -0.06954701
v 0.02440078 0.00219781 -0.06872631
v 0.02436014 -0.00023020 -0.06887854
v 0.02355848 -0.00301906 -0.06941656
v 0.01062356 -0.00785611 -0.07138628
v 0.02488423 -0.00089960 -0.06841830
v -0.02403382 -0.00028815 -0.06889959
v -0.01638368 -0.00685091 -0.07066954
v -0.02085931 -0.00488654 -0.07004857
v 0.02363577 0.00437183 -0.06901927
v 0.02466629 -0.00201156 -0.06881383
v 0.02484714 -0.00132590 -0.06877165
v 0.01921908 -0.00605749 -0.07016865
v 0.01734245 -0.00673021 -0.07040577
v 0.02434345 0.00414948 -0.06852485
v -0.02293682 0.00468998 -0.06894575
v -0.01486323 0.00531929 -0.07153248
v 0.02482193 0.00179569 -0.06833689
v -0.02334523 -0.00098785 -0.06942507
v -0.02411430 -0.00101525 -0.06874162
v -0.01140435 -0.00774375 -0.07126469
v 0.00018291 -0.00846066 -0.07134130
v 0.00391254 -0.00844805 -0.07127657
v -0.01849331 -0.00663292 -0.06991050
v -0.02407820 -0.00181478 -0.06913925
v 0.02367172 -0.00384488 -0.06891223
v 0.02188729 -0.00522051 -0.06939277
v -0.00727239 -0.00838070 -0.07116647
v -0.00362297 -0.00848672 -0.07126188
v -0.02283692 -0.00436004 -0.06895227
v 0.00737713 -0.00834291 -0.07121724
v 0.02453285 -0.00280666 -0.06861888
v 0.02175689 0.00530151 -0.06965050
v -0.02169054 0.00481865 -0.06972024
v -0.02090510 -0.00107685 -0.07109559
v 0.02464368 -0.00123540 -0.06879494
v 0.02396328 -0.00120405 -0.06938465
v -0.02090067 -0.00585840 -0.06919525
v 0.02147260 -0.00596704 -0.06895867
v 0.01923929 -0.00666799 -0.06956921
v 0.02337963 -0.00438865 -0.06878209
v 0.02338389 0.00524961 -0.06841110
v -0.02299574 -0.00506186 -0.06816015
v 0.02348610 -0.00559560 -0.06750779
v 0.02445357 -0.00489784 -0.06715881
v 0.02518552 -0.00124745 -0.06819235
v -0.00812650 0.00956939 0.02791785
v -0.00991066 0.00953951 0.02901926
v -0.00647472 0.00955258 0.03028269
v -0.00811560 0.00948346 0.03243379
v -0.01088440 0.00944851 0.03143850
v -0.00965292 0.00941215 0.03307498
v -0.01155864 0.00945977 0.02921492
v -0.00578707 0.00955213 0.02750076
v -0.00421079 0.00949107 0.02826997
v -0.00523471 0.00947407 0.03126760
v -0.01054426 0.00947947 0.02694912
v -0.00719470 0.00949256 0.02551528
v -0.00491748 0.00948277 0.02645060
v -0.00740828 0.00942166 0.03306268
v -0.00994731 0.00937924 0.02504580
v -0.01155031 0.00938924 0.02653251
v -0.01125425 0.00935023 0.02580139
v -0.01218364 0.00933675 0.02705911
v -0.01206658 0.00930767 0.03145473
v -0.01239062 0.00933189 0.03014103
v -0.00594148 0.00939502 0.02512431
v -0.01118830 0.00930373 0.03266195
v -0.00893995 0.00934522 0.03355624
v -0.00389255 0.00937395 0.02991238
v -0.00740313 0.00936755 0.02467763
v -0.00610992 0.00935624 0.03273663
v -0.00384789 0.00938262 0.02725404
v -0.01279483 0.00924155 0.02856637
v -0.00448852 0.00937861 0.03109811
v -0.00512210 0.00929680 0.03214960
v -0.00516424 0.00937067 0.02545945
v -0.00367295 0.00936460 0.02871747
v -0.00410061 0.00930198 0.02637950
v -0.00893124 0.00927323 0.02453854
v -0.00739207 0.00929575 0.03349127
v -0.01020133 0.00921722 0.03344251
v -0.01273743 0.00917215 0.03045724
v -0.01299069 0.00901361 0.02756883
v -0.00317725 0.00908060 0.02771323
v -0.00318973 0.00909047 0.02921768
v -0.01249915 0.00896787 0.02631937
v -0.00561688 0.00903998 0.03309295
v -0.00341744 0.00900655 0.03046516
v -0.00423840 0.00900341 0.03184656
v -0.00645169 0.00897674 0.02425362
v -0.01231061 0.00885375 0.03236384
v -0.00727708 0.00904795 0.03387355
v -0.00854005 0.00908053 0.03399084
v -0.00937552 0.00887705 0.03420184
v -0.00353856 0.00898383 0.02644150
v -0.00738318 0.00904651 0.02417376
v -0.00527262 0.00901328 0.02480920
v -0.00444921 0.00900703 0.02541107
v -0.01156233 0.00890520 0.03309138
v -0.01080255 0.00885117 0.03367360
v -0.00281161 0.00881842 0.02868424
v -0.00621806 0.00868830 0.03382129
v -0.00271084 0.00863903 0.02771307
v -0.01434172 0.00794048 0.02922260
v -0.01463340 0.00730212 0.02869011
v -0.01463306 0.00724172 0.02980810
v -0.01428416 0.00779125 0.03032495
v -0.01436484 0.00766585 0.02767680
v -0.01487803 0.00640328 0.02880829
v -0.01484118 0.00643825 0.02987920
v -0.01454526 0.00646222 0.02706881
v -0.01391998 0.00738793 0.02621616
v -0.01484731 0.00639894 0.03129049
v -0.01399307 0.00645044 0.02580587
v -0.01384661 0.00808631 0.02699313
v -0.01378406 0.00781435 0.02635752
v -0.01393777 0.00830145 0.02825805
v -0.01452797 0.00643576 0.03102954
v -0.01431277 0.00717254 0.03100154
v -0.01379846 0.00831891 0.03047656
v -0.01371127 0.00792460 0.03156372
v -0.01330808 0.00891653 0.02871611
v -0.01326177 0.00891190 0.02991239
v -0.01298576 0.00890572 0.03094523
v -0.01309219 0.00790695 0.03264941
v -0.01380676 0.00729528 0.03192451
v -0.01328652 0.00729966 0.03276522
v -0.01397893 0.00644317 0.03205186
v -0.01254752 0.00788155 0.03330293
v -0.01332623 0.00666990 0.03296624
v -0.01350435 0.00640266 0.03299572
v -0.01277369 0.00643848 0.03371635
v -0.01262045 0.00729737 0.03353289
v -0.01174257 0.00799442 0.03390743
v -0.01192794 0.00726623 0.03410303
v -0.01472129 0.00642600 0.02707870
v -0.02554448 0.00542741 -0.06155631
v -0.02574291 0.00574138 -0.04961668
v -0.02495937 0.00585395 -0.05907129
v -0.02534446 0.00593344 -0.04967017
v -0.02509701 0.00563064 -0.06209091
v -0.02595744 0.00531937 -0.05676977
v -0.02620648 0.00543707 -0.04941274
v -0.02601943 0.00587949 -0.04343180
v -0.02530066 0.00530476 -0.06355557
v -0.02489326 0.00598881 -0.05441718
v -0.02674827 0.00601743 0.02471555
v -0.02716042 0.00604291 0.01675510
v -0.02740792 0.00582167 0.01960043
v -0.02761354 0.00545693 0.02463541
v -0.02774245 0.00554307 0.02060456
v -0.02742827 0.00591887 0.01506616
v -0.02670728 0.00592059 0.02978871
v -0.02826264 0.00532431 0.01505975
v -0.02824940 0.00538895 0.01095432
v -0.02749297 0.00590559 0.00914481
v -0.02721107 0.00609186 0.01204195
v -0.02716734 0.00609595 0.00381865
v -0.02819514 0.00533070 0.00655609
v -0.02713459 0.00605046 -0.00167719
v -0.02753684 0.00570244 -0.00380735
v -0.02811527 0.00526169 -0.00135709
v -0.02699335 0.00602689 -0.00808082
v -0.02815282 0.00524076 0.01900472
v -0.02764758 0.00522530 0.02882331
v -0.02722221 0.00552432 0.03041347
v -0.02671293 0.00581313 0.03232273
v -0.02703419 0.00537029 0.03506364
v -0.02676996 0.00554603 0.03552109
v -0.02623536 0.00592813 0.03336038
v -0.02623309 0.00586109 0.03539120
v -0.02615062 0.00569364 0.03878996
v -0.02649490 0.00597661 0.03001933
v -0.02646830 0.00538198 0.03979550
v -0.02613963 0.00543939 0.04164546
v -0.02568056 0.00576575 0.04048094
v -0.02558526 0.00559392 0.04431707
v -0.02513201 0.00576717 0.04340304
v -0.02508969 0.00563367 0.04700294
v -0.02557436 0.00533084 0.04802293
v -0.02501544 0.00538903 0.05134166
v -0.02457464 0.00569490 0.04862668
v -0.02447281 0.00556558 0.05251092
v -0.02467063 0.00525233 0.05522613
v -0.02395548 0.00561562 0.05471800
v -0.02371344 0.00553174 0.05764668
v -0.02413831 0.00522216 0.05900080
v -0.02526216 0.00518110 0.05194452
v -0.02572317 0.00519878 0.04825773
v -0.02477086 0.00503591 0.05639091
v -0.02526677 0.00485392 0.05404426
v -0.02648667 0.00497664 0.04276633
v -0.02705110 0.00505453 0.03717994
v -0.02607676 0.00509020 0.04595306
v -0.02823900 0.00505509 0.02043058
v -0.02796603 0.00512955 0.02407921
v -0.02752703 0.00512417 0.03144871
v -0.02657074 0.00512004 0.04091542
v -0.02483123 0.00463819 0.05814134
v -0.02416133 0.00502448 0.05997197
v -0.02587704 0.00475209 0.05000595
v -0.02465217 0.00444804 0.05975997
v -0.02723498 0.00514443 0.03471869
v -0.02574973 0.00460587 0.05145761
v -0.02405526 0.00467088 0.06139771
v -0.02528669 0.00455159 0.05514310
v -0.02476755 0.00532740 -0.06505010
v -0.02429905 0.00566327 -0.06426278
v -0.02411573 0.00593563 -0.06250982
v -0.02273528 0.00621422 -0.06404737
v -0.02328386 0.00628390 -0.06197819
v -0.02254508 0.00593352 -0.06608427
v -0.02403471 0.00527812 -0.06658715
v -0.02232374 0.00557168 -0.06772967
v -0.02141936 0.00592528 -0.06732385
v -0.02210969 0.00617422 -0.06497184
v -0.02276407 0.00637040 -0.06231309
v -0.02397125 0.00609255 -0.06013316
v -0.02299341 0.00645793 -0.05929045
v -0.02383716 0.00620357 -0.05751730
v -0.02324742 0.00638026 -0.05640979
v -0.02380225 0.00623265 -0.05364781
v -0.02486239 0.00609751 -0.04825620
v -0.02386432 0.00627618 -0.04964786
v -0.02332532 0.00642408 -0.04898009
v -0.02510580 0.00610481 -0.04516945
v -0.02565959 0.00599463 -0.04395482
v -0.02511254 0.00615066 -0.03950435
v -0.02345608 0.00636641 -0.04468165
v -0.02572186 0.00611896 -0.03365227
v -0.02349335 0.00634962 -0.04059754
v -0.02493674 0.00621529 -0.03471074
v -0.02339254 0.00634870 -0.03755150
v -0.02360267 0.00634849 -0.03464964
v -0.02320929 0.00640311 -0.03567988
v -0.02163222 0.00649147 -0.06228257
v -0.02267915 0.00659657 -0.05615099
v -0.02004053 0.00690972 -0.05699385
v -0.02014718 0.00666984 -0.06198741
v -0.02126759 0.00683101 -0.05245843
v -0.02257745 0.00669455 -0.05046148
v -0.02185257 0.00681887 -0.04494044
v -0.02257198 0.00667566 -0.04094365
v -0.02200899 0.00680291 -0.04001426
v -0.02022054 0.00715013 -0.04303268
v -0.02020359 0.00715083 -0.03520634
v -0.02020640 0.00716848 -0.03990157
v -0.02191758 0.00676210 -0.03570359
v -0.02101964 0.00689923 -0.03167362
v -0.02018166 0.00702223 -0.05106111
v -0.02288742 0.00639056 -0.03110102
v -0.02273861 0.00640712 -0.02579517
v -0.02009646 0.00709711 -0.02814478
v -0.02244158 0.00645989 -0.02288431
v -0.02256097 0.00640392 -0.01896013
v -0.02188729 0.00652907 -0.01977820
v -0.02143640 0.00665530 -0.02224173
v -0.02200517 0.00652335 -0.01662009
v -0.01962889 0.00715524 -0.02640856
v -0.01909324 0.00716466 -0.02347069
v -0.02229049 0.00644535 -0.01354909
v -0.02043898 0.00677225 -0.02092643
v -0.01869684 0.00711658 -0.02147960
v -0.02191462 0.00653399 -0.00898318
v -0.02226092 0.00645561 -0.00936628
v -0.02228542 0.00644229 -0.00386086
v -0.02398712 0.00621781 -0.00650836
v -0.02381561 0.00626191 0.00063076
v -0.02200693 0.00652557 0.00127934
v -0.02355300 0.00629905 0.00683396
v -0.02263434 0.00641634 0.00873579
v -0.02197287 0.00651638 0.01001079
v -0.02354313 0.00622259 0.01301594
v -0.02308492 0.00629381 0.01941852
v -0.02199676 0.00651018 0.01881276
v -0.02189343 0.00647884 0.02375975
v -0.02337140 0.00619307 0.02392983
v -0.02193668 0.00641663 0.02538795
v -0.02333393 0.00613800 0.02836348
v -0.02247184 0.00629183 0.02954298
v -0.02198514 0.00639488 0.03234075
v -0.02310630 0.00609292 0.03377622
v -0.02245747 0.00619686 0.03680099
v -0.02322458 0.00600009 0.03721784
v -0.02280579 0.00603037 0.03964626
v -0.02294201 0.00595800 0.04277198
v -0.02248798 0.00602886 0.04490939
v -0.02267797 0.00596941 0.04945179
v -0.02184219 0.00614760 0.04897506
v -0.02316777 0.00580090 0.05476706
v -0.02150630 0.00614566 0.05684363
v -0.02302056 0.00576331 0.05734178
v -0.02399097 0.00572499 0.05161838
v -0.02134525 0.00624636 0.05178531
v -0.02247359 0.00576629 0.06021259
v -0.02072619 0.00623674 0.05942026
v -0.02098496 0.00627146 0.05419943
v -0.02435110 0.00579520 0.04641629
v -0.02484053 0.00583852 0.04093353
v -0.02398698 0.00598849 0.03421957
v -0.02175996 0.00577790 0.06238542
v -0.02385812 0.00617977 0.01717700
v -0.02394282 0.00614319 0.02256715
v -0.02461820 0.00602021 0.02746552
v -0.02512450 0.00606852 0.02008223
v -0.02072695 0.00596366 0.06280862
v -0.01975920 0.00627128 0.06142550
v -0.02417214 0.00625216 -0.01193001
v -0.02361611 0.00633489 -0.02734220
v -0.02490797 0.00620231 -0.02665221
v -0.02377628 0.00631442 -0.02050777
v -0.02502110 0.00620485 -0.02033386
v -0.02625176 0.00609459 -0.02614086
v -0.02568207 0.00612862 -0.02943092
v -0.02627016 0.00601665 -0.03032632
v -0.02654445 0.00604086 -0.02638254
v -0.02663349 0.00606164 -0.01934146
v -0.02623941 0.00615864 -0.01870446
v -0.02670798 0.00614769 -0.01010606
v -0.02617218 0.00618585 -0.01163055
v -0.02583310 0.00612836 -0.00531420
v -0.02669339 0.00614915 -0.00717492
v -0.02570576 0.00584129 0.03813142
v -0.02502470 0.00590853 0.03590778
v -0.02458982 0.00620832 0.00651057
v -0.02592152 0.00605522 0.01662475
v -0.02578682 0.00609280 0.01159853
v -0.02458384 0.00619300 -0.00021153
v -0.02611105 0.00613417 0.00021294
v -0.02613838 0.00613126 0.00769519
v -0.02058351 0.00662109 -0.01901390
v -0.01971369 0.00675522 -0.01945693
v -0.01814223 0.00707877 -0.02000607
v -0.01887957 0.00624459 0.06338755
v -0.02024520 0.00638021 -0.06500666
v -0.02557058 0.00599234 0.02743447
v -0.02637661 0.00601245 0.02735495
v -0.02573671 0.00591097 0.03552345
v -0.02617305 0.00606397 0.01444764
v -0.01795944 0.00679454 -0.06262141
v -0.01828861 0.00650565 -0.06531106
v -0.02658572 0.00609294 0.01215268
v -0.02623601 0.00610723 0.01090688
v -0.02638894 0.00610906 0.02029921
v -0.02674505 0.00614160 0.01788135
v -0.01843843 0.00624293 -0.06712483
v -0.02676396 0.00615994 -0.00006353
v -0.02678190 0.00616604 0.01153115
v -0.02679150 0.00613990 0.01345790
v -0.01476324 0.00641274 -0.06727099
v -0.02606281 0.00600106 -0.03548712
v -0.01817378 0.00590901 -0.06909899
v -0.01429124 0.00588681 -0.07026242
v -0.02155507 0.00634861 0.04261109
v -0.02189732 0.00625348 0.04300682
v -0.02199842 0.00632432 0.03969385
v -0.01717394 0.00583411 -0.06971719
v -0.02059053 0.00570613 -0.06867000
v -0.02297618 0.00652374 -0.05358841
v -0.01877150 0.00680197 -0.01923784
v -0.01976655 0.00647878 -0.01844319
v -0.01769893 0.00718288 -0.01947480
v -0.01720053 0.00721821 -0.01951368
v -0.01735618 0.00724461 -0.01913362
v -0.01596086 0.00726098 -0.01816406
v -0.01478693 0.00733386 -0.01738351
v -0.01392348 0.00742252 -0.01715346
v -0.01927791 0.00560201 -0.06965647
v -0.02261221 0.00521776 -0.06851971
v -0.01486323 0.00531929 -0.07153248
v -0.01336190 0.00563468 -0.07109690
v -0.01800374 0.00525569 -0.07087259
v -0.02119180 0.00521823 -0.06954345
v -0.02009166 0.00521421 -0.07014711
v -0.01203030 0.00532380 -0.07201256
v -0.02417469 0.00484441 -0.06723517
v -0.02090044 0.00481453 -0.07024718
v -0.02169054 0.00481865 -0.06972024
v -0.01706021 0.00493013 -0.07146923
v -0.01913113 0.00490058 -0.07086999
v -0.02401966 0.00458588 -0.06784666
v -0.02293682 0.00468998 -0.06894575
v -0.02694783 0.00600311 -0.01147632
v 0.01062054 0.00930223 0.04450738
v 0.01300173 0.00925147 0.04545936
v 0.01286560 0.00925912 0.04360792
v 0.01084948 0.00925226 0.04607882
v 0.01253421 0.00917720 0.04666229
v 0.01533503 0.00916529 0.04490874
v 0.01509446 0.00906042 0.04656568
v 0.01515334 0.00912767 0.04309217
v 0.01162988 0.00920739 0.04228736
v 0.01419067 0.00910121 0.04224141
v 0.00926279 0.00926374 0.04417898
v 0.00924877 0.00919399 0.04623879
v 0.00988794 0.00914644 0.04235012
v 0.01599844 0.00904595 0.04366168
v 0.01602763 0.00903617 0.04553620
v 0.01051671 0.00914270 0.04698344
v 0.00880516 0.00916820 0.04361199
v 0.01543286 0.00903037 0.04259794
v 0.00826496 0.00906970 0.04536489
v 0.01295890 0.00897891 0.04757939
v 0.01104445 0.00899002 0.04759014
v 0.00814654 0.00902495 0.04399004
v 0.01451320 0.00888303 0.04745043
v 0.00971309 0.00894992 0.04744993
v 0.01406795 0.00898417 0.04174734
v 0.01275368 0.00896225 0.04140832
v 0.01012582 0.00901939 0.04178375
v 0.01174219 0.00898052 0.04142588
v 0.01507920 0.00888945 0.04191179
v 0.00904087 0.00892268 0.04209611
v 0.00839170 0.00892910 0.04279443
v 0.00898254 0.00898759 0.04689274
v 0.00837131 0.00897294 0.04619395
v 0.01659202 0.00885618 0.04420420
v 0.01653490 0.00885145 0.04531505
v 0.01624752 0.00874893 0.04635889
v 0.01670322 0.00875062 0.04361164
v 0.01615659 0.00871866 0.04250779
v 0.01560273 0.00875015 0.04699037
v 0.00786512 0.00886374 0.04477423
v 0.01680151 0.00854982 0.04577359
v 0.01687355 0.00862820 0.04488906
v 0.01672737 0.00854769 0.04306528
v 0.01312260 0.00870777 0.04792412
v 0.00772727 0.00873959 0.04417885
v 0.01076687 0.00871332 0.04791735
v 0.00821758 0.00872957 0.04652089
v 0.00939919 0.00869849 0.04763393
v 0.00874233 0.00870654 0.04716392
v 0.00806605 0.00876665 0.04310518
v 0.01531268 0.00864399 0.04172259
v 0.00759042 0.00853865 0.04527817
v 0.00826470 0.00867077 0.04247287
v 0.00992177 0.00870573 0.04145874
v 0.01405361 0.00871215 0.04142512
v 0.00894447 0.00869013 0.04185569
v -0.00496517 0.00648774 0.03997172
v -0.00338925 0.00666214 0.04014020
v -0.00008756 0.00650323 0.04006711
v -0.00136443 0.00668720 0.04019596
v -0.00552456 0.00665290 0.04016456
v 0.00032200 0.00665525 0.04027101
v -0.00675664 0.00649721 0.03983517
v 0.00118531 0.00650004 0.03992552
v -0.00769963 0.00665835 0.04020371
v -0.00938991 0.00646570 0.03987791
v 0.00127613 0.00672408 0.04049203
v 0.00187954 0.00657407 0.04034510
v 0.00277148 0.00669289 0.04079223
v 0.00359602 0.00657817 0.04064605
v -0.00939483 0.00663005 0.04035589
v 0.00329386 0.00674865 0.04114136
v 0.00404281 0.00670631 0.04150691
v 0.00487814 0.00665430 0.04196077
v 0.00450838 0.00673909 0.04207544
v 0.00485432 0.00680656 0.04290501
v -0.01075174 0.00646306 0.04054113
v -0.00991734 0.00668095 0.04064171
v -0.01082583 0.00671307 0.04101028
v 0.00518357 0.00677659 0.04389293
v -0.01145659 0.00648991 0.04115201
v -0.01175705 0.00673367 0.04162796
v -0.00921198 0.00713987 0.04057200
v -0.00765843 0.00719872 0.04038689
v 0.00268793 0.00704182 0.04093082
v -0.00947408 0.00789675 0.04090188
v -0.00893295 0.00834308 0.04086752
v 0.00016130 0.00712435 0.04040164
v 0.00119785 0.00711155 0.04054573
v -0.00775773 0.00799230 0.04057949
v -0.00518714 0.00801274 0.04043964
v -0.00315477 0.00804004 0.04038765
v -0.00121955 0.00802846 0.04042086
v 0.01251807 0.00798204 0.05455000
v 0.01485267 0.00665463 0.05488169
v 0.01272175 0.00710934 0.05437928
v 0.01469178 0.00787426 0.05514991
v 0.01402062 0.00863517 0.05521164
v 0.01276112 0.00664499 0.05422396
v 0.01628767 0.00800435 0.05579029
v 0.01559020 0.00868563 0.05579529
v 0.01653848 0.00644476 0.05548831
v 0.01069959 0.00722358 0.05394846
v 0.01052492 0.00673906 0.05374756
v 0.00955793 0.00866571 0.05409622
v 0.00900863 0.00867924 0.05395920
v 0.01212286 0.00862623 0.05465311
v 0.01348387 0.00902350 0.05524447
v 0.00935825 0.00718889 0.05370798
v 0.00765763 0.00731203 0.05325951
v 0.00832201 0.00680933 0.05330716
v 0.00710701 0.00706720 0.05301353
v 0.00724554 0.00871852 0.05343316
v 0.00579499 0.00867934 0.05289344
v 0.00586918 0.00725490 0.05266050
v 0.00856844 0.00907319 0.05402260
v 0.00643367 0.00684938 0.05267413
v 0.01169147 0.00906257 0.05477452
v 0.01742252 0.00658331 0.05597672
v 0.01758894 0.00805693 0.05651005
v 0.01682022 0.00868141 0.05637358
v 0.01482252 0.00646131 0.05475862
v 0.00704720 0.00909655 0.05361247
v 0.00930357 0.00921284 0.05438616
v 0.00761314 0.00678308 0.05297789
v 0.01518583 0.00910029 0.05594071
v 0.01741303 0.00643276 0.05586805
v 0.00565297 0.00713003 0.05246182
v 0.00484341 0.00870738 0.05258566
v 0.00480400 0.00783595 0.05234219
v 0.00349153 0.00862977 0.05230211
v 0.00347594 0.00791323 0.05203681
v 0.00295071 0.00829622 0.05201055
v 0.00512739 0.00711252 0.05222964
v 0.00365477 0.00736835 0.05199673
v 0.00279031 0.00792328 0.05190437
v 0.00268821 0.00848405 0.05205343
v 0.00132672 0.00848232 0.05196666
v 0.00530442 0.00902597 0.05291864
v 0.00163037 0.00792714 0.05173407
v 0.00195421 0.00750574 0.05159355
v 0.00319698 0.00733484 0.05173507
v 0.00055163 0.00815346 0.05177925
v -0.00131908 0.00832878 0.05186058
v 0.01781222 0.00886521 0.05713773
v 0.01391366 0.00917620 0.05558143
v 0.01822911 0.00660741 0.05657969
v 0.01658823 0.00901684 0.05652965
v 0.00543920 0.00918155 0.05321604
v 0.01844727 0.00641437 0.05659312
v 0.01873716 0.00803808 0.05750465
v 0.01087950 0.00940444 0.05490490
v 0.00514848 0.00691989 0.05196168
v 0.01845320 0.00879735 0.05769816
v 0.00403976 0.00900130 0.05276614
v 0.01883776 0.00660828 0.05719162
v 0.01902510 0.00640601 0.05716861
v 0.00857804 0.00943643 0.05446834
v 0.01230031 0.00949611 0.05542855
v -0.00165851 0.00846556 0.05201679
v -0.00549091 0.00799425 0.05190131
v -0.00446596 0.00828649 0.05209634
v 0.00168526 0.00870678 0.05227111
v -0.00421619 0.00864555 0.05249981
v -0.00809724 0.00844688 0.05266352
v -0.00786978 0.00819109 0.05237775
v 0.01906783 0.00812782 0.05807737
v 0.01943910 0.00641185 0.05800612
v 0.01941575 0.00659745 0.05807192
v 0.01898290 0.00873170 0.05877212
v 0.01981978 0.00637291 0.05916407
v 0.01963637 0.00661058 0.05882259
v 0.01947658 0.00809655 0.05942359
v -0.00019705 0.00943001 -0.03202633
v -0.00183932 0.00908982 -0.03209210
v -0.00024837 0.00828702 -0.03146764
v -0.00231645 0.00874227 -0.03199656
v -0.00059471 0.00752644 -0.03123642
v -0.00231771 0.00753400 -0.03150736
v 0.00161075 0.00918923 -0.03201195
v 0.00154385 0.00837792 -0.03162255
v 0.00154334 0.00752507 -0.03131575
v -0.00205627 0.01005996 -0.03287352
v 0.00156026 0.01016513 -0.03280405
v -0.00012028 0.01015841 -0.03268671
v 0.00253508 0.00989901 -0.03279604
v 0.00316060 0.00846633 -0.03204061
v 0.00342798 0.00923534 -0.03255845
v 0.00229978 0.00748802 -0.03146771
v 0.00362174 0.00747465 -0.03185887
v 0.00430919 0.00867663 -0.03263514
v 0.00343356 0.01014794 -0.03340528
v 0.00482525 0.00906237 -0.03317516
v 0.00481668 0.00748680 -0.03241739
v 0.00537299 0.00856116 -0.03321778
v 0.00446851 0.01014359 -0.03407992
v 0.00540195 0.00911399 -0.03365700
v 0.00567540 0.00748252 -0.03299014
v 0.00584106 0.00890346 -0.03384966
v -0.00307870 0.00746203 -0.03153177
v 0.00530998 0.01002720 -0.03466641
v 0.00621535 0.00751726 -0.03351155
v 0.00730272 0.00749285 -0.03447834
v 0.00711241 0.00753583 -0.03454938
v 0.00678223 0.00859826 -0.03475689
v 0.01108058 0.00732465 0.04826709
v 0.01076365 0.00663491 0.04833155
v 0.01264835 0.00656524 0.04835921
v 0.01289091 0.00729203 0.04824645
v 0.01268319 0.00813913 0.04825730
v 0.01089535 0.00814565 0.04822951
v 0.01473138 0.00660050 0.04794570
v 0.01421236 0.00816192 0.04798422
v 0.01514218 0.00814510 0.04767112
v 0.01584944 0.00661014 0.04747064
v 0.00998800 0.00721886 0.04804586
v 0.00917658 0.00774066 0.04791925
v 0.00941280 0.00813437 0.04793524
v 0.00997757 0.00664541 0.04818537
v 0.00968445 0.00674521 0.04791793
v 0.01312260 0.00870777 0.04792412
v 0.01502264 0.00857842 0.04755751
v 0.01076687 0.00871332 0.04791735
v 0.00939919 0.00869849 0.04763393
v 0.01583797 0.00814549 0.04722810
v 0.01588189 0.00641892 0.04757753
v 0.00859828 0.00812973 0.04748089
v 0.01451320 0.00888303 0.04745043
v 0.01483805 0.00641432 0.04807354
v 0.00884640 0.00731462 0.04763048
v 0.00877434 0.00666080 0.04766462
v 0.00844157 0.00752760 0.04741374
v 0.01560273 0.00875015 0.04699037
v 0.01207047 0.00644951 0.04858131
v 0.00874233 0.00870654 0.04716392
v 0.00852689 0.00678802 0.04726660
v 0.00818856 0.00668564 0.04708186
v 0.01023068 0.00649255 0.04869814
v 0.00839696 0.00654559 0.04812588
v 0.00737507 0.00663156 0.04678550
v -0.01454335 0.00746999 0.05386668
v -0.01498722 0.00656428 0.05390732
v -0.01505027 0.00663239 0.05494634
v -0.01513185 0.00650656 0.05520860
v -0.01533896 0.00644668 0.05689718
v -0.01502592 0.00659678 0.05295856
v -0.01454125 0.00750471 0.05311306
v -0.01493413 0.00753286 0.05583802
v -0.01515269 0.00737569 0.05797716
v -0.01487265 0.00785159 0.05632004
v -0.01489218 0.00800827 0.05779068
v -0.01535663 0.00649115 0.05781592
v -0.01489590 0.00791415 0.05895612
v -0.01490947 0.00761791 0.05977486
v -0.01528256 0.00648254 0.05917308
v -0.01507479 0.00647354 0.06040165
v -0.01476364 0.00735273 0.06065101
v -0.01446011 0.00803113 0.05529904
v -0.01430643 0.00777984 0.05330687
v -0.01451425 0.00811982 0.06012544
v -0.01429142 0.00781957 0.06140879
v -0.01495651 0.00742167 0.05196714
v -0.01527961 0.00652986 0.05171939
v -0.01513869 0.00744631 0.05061250
v -0.01487203 0.00782588 0.05149537
v -0.01494504 0.00796904 0.04994649
v -0.01518348 0.00745454 0.04939534
v -0.01544548 0.00651831 0.04944730
v -0.01491973 0.00779634 0.04759218
v -0.01490378 0.00800030 0.04858397
v -0.01505814 0.00651976 0.04655736
v -0.01495914 0.00738839 0.04710266
v -0.01475841 0.00745628 0.04638882
v -0.01441740 0.00648953 0.04457053
v -0.01449149 0.00813384 0.04713433
v -0.01431049 0.00798366 0.04593494
v -0.01432406 0.00744179 0.04519202
v -0.01420823 0.00779154 0.04535289
v -0.01456258 0.00645592 0.06178632
v -0.01440770 0.00728988 0.06155767
v -0.01447815 0.00799536 0.05204439
v -0.01425920 0.00833690 0.06036645
v -0.01434919 0.00842967 0.05940937
v -0.01369341 0.00767591 0.04427325
v -0.01394171 0.00645997 0.04367121
v -0.01450459 0.00838242 0.04926188
v -0.01436056 0.00844280 0.05720147
v -0.01423540 0.00837088 0.05610401
v -0.01401329 0.00838460 0.04633632
v -0.01423804 0.00842957 0.04750500
v -0.01443052 0.00836923 0.05033648
v -0.01344815 0.00835769 0.04493459
v -0.01311897 0.00794104 0.04380409
v -0.01260789 0.00833814 0.04366708
v -0.01558323 0.00642369 0.05926287
v -0.01286732 0.00751949 0.04311033
v -0.01303543 0.00649322 0.04259424
v -0.01227316 0.00752398 0.04251355
v -0.01176912 0.00836389 0.04278503
v -0.01137218 0.00803483 0.04210291
v -0.01175705 0.00673367 0.04162796
v -0.01568332 0.00644162 0.04945385
v -0.01524539 0.00645504 0.04656883
v -0.01554860 0.00646844 0.05299850
v -0.01013993 0.00840990 0.04154765
v -0.01145659 0.00648991 0.04115201
v -0.01069802 0.00780855 0.04147932
v -0.00947408 0.00789675 0.04090188
v -0.00918556 0.00851291 0.04120920
v -0.00893295 0.00834308 0.04086752
v -0.01082583 0.00671307 0.04101028
v -0.00991734 0.00668095 0.04064171
v 0.00493178 0.00664720 0.02619655
v 0.00571127 0.00664243 0.02515337
v 0.00516174 0.00647791 0.02559095
v 0.00625377 0.00648287 0.02445304
v 0.00687884 0.00663608 0.02417583
v 0.00750065 0.00649729 0.02370382
v 0.00773349 0.00663488 0.02368765
v 0.00408687 0.00663509 0.03110182
v 0.00392782 0.00651120 0.03009942
v 0.00408974 0.00646773 0.03179856
v 0.00414488 0.00732325 0.02989236
v 0.00443236 0.00812743 0.03056535
v 0.00441856 0.00815296 0.02929850
v 0.00405024 0.00665220 0.02859687
v 0.00465331 0.00824271 0.02793930
v 0.00468512 0.00806407 0.02750272
v 0.00396155 0.00646718 0.02826725
v 0.00436097 0.00664481 0.02740045
v 0.00477491 0.00858901 0.02870102
v 0.00442607 0.00646479 0.02695462
v 0.00493712 0.00726546 0.02642092
v 0.00525731 0.00824423 0.02643586
v 0.00483164 0.00872768 0.03014310
v 0.00435201 0.00663754 0.03205384
v 0.00483067 0.00809369 0.03214805
v 0.00485640 0.00848621 0.03144835
v 0.00579618 0.00736554 0.02524659
v 0.00550627 0.00890379 0.02741529
v 0.00613806 0.00809974 0.02514486
v 0.00588322 0.00851724 0.02594043
v 0.00623897 0.00897086 0.02628013
v 0.00656940 0.00862956 0.02532820
v 0.00542794 0.00906654 0.02878650
v 0.00525517 0.00897300 0.03078815
v 0.00545020 0.00855056 0.03265563
v 0.00464847 0.00648283 0.03303170
v 0.00555033 0.00891209 0.03204248
v 0.00718236 0.00854368 0.02473202
v 0.00682255 0.00735644 0.02435532
v 0.00769165 0.00892719 0.02488080
v 0.00834476 0.00835579 -0.03913490
v 0.00787942 0.00885322 -0.03741131
v 0.00845428 0.00750776 -0.03751618
v 0.00780388 0.00871589 -0.03679443
v 0.00833346 0.00750193 -0.03689070
v 0.00797349 0.00911902 -0.03921738
v 0.00857505 0.00757297 -0.03923776
v 0.00821248 0.00844806 -0.04110215
v 0.00846245 0.00755530 -0.04173535
v 0.00877040 0.00754130 -0.04163134
v 0.00778721 0.00915806 -0.04144741
v 0.00764905 0.00947584 -0.04022871
v 0.00777948 0.00872916 -0.04241985
v 0.00771589 0.00942454 -0.03900024
v 0.00768291 0.00832415 -0.04334986
v 0.00783604 0.00751301 -0.04398582
v 0.00733819 0.00937429 -0.03686505
v 0.00787421 0.00750855 -0.03572423
v 0.00693756 0.00940530 -0.04332450
v 0.00713352 0.00882696 -0.04386401
v 0.00725873 0.00968288 -0.04163456
v 0.00701342 0.01010026 -0.03895579
v 0.00692437 0.01007179 -0.04101786
v 0.00649455 0.01019406 -0.03688645
v 0.00717284 0.00883914 -0.03556649
v 0.00646712 0.00976889 -0.03586951
v 0.00663442 0.00904797 -0.03495057
v 0.00566704 0.01018186 -0.03536347
v 0.00643789 0.01015182 -0.04202295
v 0.00678223 0.00859826 -0.03475689
v 0.00711241 0.00753583 -0.03454938
v 0.00530998 0.01002720 -0.03466641
v 0.00584106 0.00890346 -0.03384966
v 0.00727425 0.00751916 -0.04488152
v 0.00601062 0.01012848 -0.04288203
v 0.00730272 0.00749285 -0.03447834
v 0.02748321 0.00609058 0.00609697
v 0.02773183 0.00597496 0.00802826
v 0.02752309 0.00600634 -0.00170584
v 0.02779755 0.00598251 0.01301852
v 0.02849901 0.00544945 0.01140473
v 0.02839103 0.00532445 0.00157729
v 0.02837506 0.00539898 0.00670221
v 0.02846521 0.00535568 0.01865729
v 0.02808507 0.00565073 0.01998953
v 0.02763897 0.00601742 0.01820622
v 0.02820262 0.00524542 -0.00540929
v 0.02743041 0.00595219 -0.00515140
v 0.02782651 0.00552420 -0.00899965
v 0.02733762 0.00587790 -0.01279722
v 0.02718522 0.00598279 -0.01338906
v 0.02707440 0.00591753 -0.02077118
v 0.02756481 0.00586975 0.02406136
v 0.02799640 0.00558290 0.02330449
v 0.02792922 0.00548442 0.02685864
v 0.02728119 0.00595552 0.02686065
v 0.02745465 0.00605507 0.02058972
v 0.02779182 0.00533102 0.03031501
v 0.02694483 0.00605688 -0.01595267
v 0.02688617 0.00601306 -0.02112579
v 0.02691118 0.00593286 -0.02524621
v 0.02705154 0.00606592 -0.00496244
v 0.02697650 0.00599758 0.02855293
v 0.02754946 0.00557416 0.03027560
v 0.02704238 0.00588766 0.03052195
v 0.02701941 0.00574218 0.03302897
v 0.02728276 0.00541657 0.03453312
v 0.02700864 0.00554422 0.03548553
v 0.02767009 0.00542978 -0.01637005
v 0.02753188 0.00535287 -0.02416745
v 0.02718359 0.00554081 -0.02850816
v 0.02851022 0.00509124 0.02223571
v 0.02717738 0.00508096 0.03740656
v 0.02679126 0.00575713 -0.03394629
v 0.02660276 0.00597650 -0.02942250
v 0.02650553 0.00594136 -0.03479668
v 0.02649591 0.00593835 -0.03724096
v 0.02818612 0.00518817 0.02664244
v 0.02713248 0.00543814 -0.03254900
v 0.02817507 0.00506963 -0.01038791
v 0.02714710 0.00523629 -0.03627345
v 0.02708753 0.00510614 -0.04324266
v 0.02642645 0.00589455 -0.04268451
v 0.02657912 0.00556387 -0.04669234
v 0.02621278 0.00591808 -0.04692876
v 0.02631181 0.00557994 -0.05240990
v 0.02603214 0.00586297 -0.05149597
v 0.02565528 0.00584282 -0.05660286
v 0.02609304 0.00539123 -0.05935925
v 0.02577059 0.00550910 -0.06219840
v 0.02602083 0.00524645 -0.06231006
v 0.02533734 0.00534432 -0.06473824
v 0.02769780 0.00505624 -0.02538648
v 0.02658643 0.00528931 -0.05155783
v 0.02845272 0.00480591 -0.00837578
v 0.02865852 0.00504214 0.00669897
v 0.02858930 0.00506752 0.00177333
v 0.02792057 0.00504038 -0.01761087
v 0.02648820 0.00501029 -0.05653401
v 0.02672836 0.00433397 -0.06068543
v 0.02672929 0.00532883 0.04006185
v 0.02867783 0.00518753 0.01080793
v 0.02641482 0.00443531 -0.06324612
v 0.02605765 0.00434205 -0.06507989
v 0.02545546 0.00427027 -0.06683782
v 0.02459959 0.00527665 -0.06679869
v 0.02863021 0.00515161 0.01728591
v 0.02487695 0.00415854 -0.06783026
v 0.02338389 0.00524961 -0.06841110
v 0.02434345 0.00414948 -0.06852485
v 0.01622928 0.00799542 0.02776362
v 0.01641204 0.00739318 0.02773297
v 0.01563836 0.00733477 0.02612671
v 0.01556536 0.00804997 0.02639879
v 0.01582983 0.00647771 0.02619292
v 0.01661869 0.00646918 0.02781462
v 0.01533823 0.00648639 0.02552507
v 0.01676323 0.00727892 0.02922765
v 0.01693613 0.00644410 0.02925079
v 0.01653263 0.00799563 0.02940917
v 0.01679572 0.00729104 0.03017331
v 0.01696442 0.00643845 0.03036504
v 0.01617347 0.00830971 0.02836179
v 0.01653554 0.00800125 0.03021780
v 0.01453126 0.00808647 0.02515149
v 0.01475387 0.00646474 0.02488062
v 0.01494364 0.00840156 0.02591817
v 0.01544243 0.00873799 0.02729738
v 0.01477521 0.00888299 0.02641343
v 0.01608574 0.00867465 0.02982088
v 0.01549401 0.00904011 0.02849443
v 0.01665521 0.00726401 0.03125198
v 0.01680555 0.00644218 0.03146759
v 0.01628962 0.00776433 0.03210819
v 0.01621896 0.00825084 0.03125182
v 0.01415459 0.00876460 0.02549603
v 0.01573224 0.00899032 0.03001206
v 0.01389136 0.00728421 0.02440280
v 0.01594554 0.00641906 0.02570814
v -0.00902639 0.00846832 0.02061964
v -0.00978713 0.00795142 0.02077996
v -0.00855758 0.00793933 0.02089684
v -0.00752024 0.00846651 0.02063209
v -0.00737043 0.00803579 0.02083416
v -0.00655535 0.00799245 0.02076830
v -0.00850656 0.00667885 0.02123962
v -0.00737923 0.00667936 0.02119852
v -0.00952244 0.00667816 0.02116988
v -0.00630904 0.00668689 0.02102859
v -0.01016098 0.00671275 0.02103281
v -0.01035422 0.00723566 0.02086543
v -0.01145636 0.00668254 0.02074144
v -0.01088872 0.00791449 0.02049887
v -0.00544195 0.00726946 0.02065724
v -0.00583347 0.00801327 0.02057789
v -0.00535799 0.00654171 0.02078912
v -0.00500443 0.00806329 0.02021679
v -0.01178927 0.00792225 0.02012177
v -0.01199108 0.00717155 0.02035888
v -0.01200009 0.00667365 0.02050908
v -0.01019998 0.00893520 0.01997655
v -0.00625356 0.00894048 0.02004616
v -0.00757042 0.00912406 0.02008151
v -0.01090135 0.00867076 0.01993898
v -0.00910316 0.00909128 0.02006376
v -0.00466145 0.00724535 0.02029215
v -0.00461111 0.00652696 0.02042289
v -0.00554489 0.00899938 0.01967914
v -0.01179002 0.00652108 0.02082225
v -0.01282110 0.00729920 0.01977180
v -0.01269010 0.00786050 0.01957383
v -0.01290622 0.00651179 0.02001824
v -0.01150352 0.00895916 0.01929955
v -0.00477253 0.00891137 0.01931924
v -0.00381490 0.00728839 0.01966818
v -0.00379752 0.00807342 0.01934538
v -0.00358865 0.00650693 0.01964568
v -0.01352329 0.00650418 0.01942658
v 0.00788316 0.00807711 -0.05537586
v 0.00828917 0.00781564 -0.05293548
v 0.00826415 0.00743693 -0.05481741
v 0.00777064 0.00835875 -0.05518439
v 0.00770201 0.00885558 -0.05290356
v 0.00739275 0.00890584 -0.05497228
v 0.00777571 0.00832513 -0.05107117
v 0.00824919 0.00748372 -0.05136153
v 0.00749338 0.00889251 -0.05174066
v 0.00842067 0.00742275 -0.05275698
v 0.00826273 0.00734772 -0.05569598
v 0.00817646 0.00745772 -0.05038042
v 0.00784849 0.00749617 -0.05003397
v 0.00784237 0.00738137 -0.05642946
v 0.00709591 0.00809422 -0.05721427
v 0.00690879 0.00882504 -0.05640120
v 0.00639096 0.00886223 -0.05742947
v 0.00739262 0.00731461 -0.05733926
v 0.00624514 0.00932376 -0.05676978
v 0.00643380 0.00938733 -0.05594041
v 0.00675455 0.00940120 -0.05511741
v 0.00693598 0.00939593 -0.05297153
v 0.00693072 0.00895489 -0.05042927
v 0.00653054 0.00728513 -0.05875803
v 0.00697465 0.00870322 -0.05008996
v 0.00653277 0.00935670 -0.05097391
v 0.00724266 0.00750958 -0.04917734
v 0.00712385 0.00745081 -0.04895227
v 0.00849157 0.00790820 -0.00885433
v 0.01069030 0.00806721 -0.00880452
v 0.00911973 0.00681376 -0.00924861
v 0.01041709 0.00681322 -0.00923799
v 0.00894135 0.00819692 -0.00873917
v 0.01211086 0.00773173 -0.00882920
v 0.01238095 0.00678263 -0.00903637
v 0.00701253 0.00678197 -0.00893718
v 0.00707042 0.00742929 -0.00882156
v 0.00662195 0.00802963 -0.00860439
v 0.00604343 0.00671690 -0.00877692
v 0.00516140 0.00741635 -0.00829738
v 0.00506602 0.00663588 -0.00850118
v 0.00527619 0.00792539 -0.00821489
v 0.00820277 0.00862595 -0.00837621
v 0.00622103 0.00854430 -0.00816374
v 0.01281241 0.00726021 -0.00877536
v 0.01253602 0.00801867 -0.00856079
v 0.01340348 0.00816136 -0.00817210
v 0.00680414 0.00892798 -0.00792262
v 0.01048113 0.00861427 -0.00834001
v 0.00917996 0.00898180 -0.00804868
v 0.01228480 0.00855527 -0.00816346
v 0.01408757 0.00726997 -0.00823419
v 0.01414924 0.00670865 -0.00832924
v 0.01449332 0.00809373 -0.00761188
v 0.01115135 0.00899789 -0.00784546
v 0.00485669 0.00858779 -0.00745576
v 0.00524201 0.00896817 -0.00730414
v 0.00507304 0.00651595 -0.00879080
v 0.00457272 0.00798221 -0.00769092
v 0.01251815 0.00893270 -0.00762180
v 0.01501956 0.00729450 -0.00759048
v 0.01496684 0.00651969 -0.00784967
v 0.00437976 0.00647439 -0.00804355
v 0.01362886 0.00884059 -0.00722512
v 0.01509425 0.00809534 -0.00706468
v 0.00414870 0.00812759 -0.00718302
v 0.00426756 0.00868331 -0.00680810
v 0.00436872 0.00901717 -0.00645925
v 0.01404588 0.00660150 -0.00857322
v 0.01583984 0.00650366 -0.00699275
v 0.01590970 0.00730538 -0.00661151
v 0.01237295 0.00673012 -0.00941499
v -0.00728994 0.00653088 0.00897321
v -0.00711503 0.00665862 0.00936343
v -0.00691515 0.00634354 0.00934452
v -0.00726276 0.00631408 0.00903161
v -0.00600965 0.00645772 0.00951387
v -0.00740387 0.00796772 0.00958981
v -0.00596987 0.00721623 0.00967451
v -0.00610777 0.00812502 0.00993902
v -0.00510438 0.00652164 0.00988916
v -0.00513388 0.00807985 0.01035188
v -0.00502374 0.00758548 0.01021193
v -0.00457171 0.00651674 0.01013571
v -0.00782604 0.00667803 0.00929699
v -0.00398739 0.00809943 0.01109849
v -0.00397909 0.00734346 0.01079434
v -0.00384939 0.00653044 0.01065464
v -0.00458173 0.00847077 0.01098825
v -0.00592867 0.00854876 0.01033971
v -0.00920547 0.00789018 0.00958212
v -0.00329368 0.00735356 0.01146243
v -0.00335936 0.00652696 0.01112637
v -0.00325825 0.00823841 0.01200458
v -0.00290248 0.00652209 0.01167165
v -0.00962063 0.00729772 0.00951738
v -0.00940663 0.00669123 0.00937391
v -0.00761775 0.00831282 0.00984772
v -0.00857118 0.00824678 0.00980961
v -0.00421057 0.00876237 0.01161683
v -0.00761837 0.00903738 0.01060014
v -0.00863457 0.00899796 0.01056765
v -0.00953830 0.00889791 0.01055130
v -0.01024532 0.00797208 0.00988019
v -0.01112610 0.00664823 0.00972339
v -0.01089885 0.00807065 0.01017283
v -0.01141083 0.00778450 0.01019123
v -0.01170911 0.00727209 0.01016903
v -0.01172383 0.00656284 0.00991675
v -0.01079215 0.00894032 0.01107246
v -0.01175428 0.00806560 0.01065009
v -0.01236655 0.00798991 0.01100197
v -0.01262057 0.00720854 0.01072466
v -0.01271067 0.00646225 0.01052766
v -0.01151397 0.00653271 0.00964022
v -0.01310781 0.00770476 0.01143673
v -0.01339497 0.00646218 0.01108806
v -0.00953152 0.00655893 0.00901389
v 0.00468982 0.00855813 -0.01834049
v 0.00457720 0.00791149 -0.01908450
v 0.00436615 0.00806926 -0.01795786
v 0.00410551 0.00700407 -0.01834279
v 0.00408415 0.00735187 -0.01743920
v 0.00397816 0.00685520 -0.01793320
v 0.00451500 0.00706061 -0.01964523
v 0.00431343 0.00810538 -0.01667021
v 0.00464083 0.00867609 -0.01697815
v 0.00397682 0.00688306 -0.01641738
v 0.00384676 0.00656205 -0.01668994
v 0.00436935 0.00794796 -0.01551838
v 0.00392329 0.00650183 -0.01583852
v 0.00410342 0.00646109 -0.01484745
v 0.00481830 0.00884854 -0.01602557
v 0.00478549 0.00857068 -0.01512767
v 0.00466319 0.00808504 -0.01462515
v 0.00455083 0.00745352 -0.01426909
v 0.00443993 0.00649435 -0.01379778
v 0.00502113 0.00810020 -0.01378322
v 0.00513664 0.00765333 -0.01307033
v 0.00492715 0.00666063 -0.01281125
v 0.00536237 0.00864030 -0.01398417
v 0.00497190 0.00901009 -0.01751743
v 0.00538602 0.00802161 -0.01310169
v 0.00409547 0.00704000 -0.01900009
v 0.00528569 0.00870754 -0.01961685
v 0.00550037 0.00712584 -0.01228029
v 0.00541368 0.00671561 -0.01195141
v 0.00570636 0.00769909 -0.01243556
v 0.00551089 0.00895638 -0.01445874
v 0.00575177 0.00687130 -0.01182433
v 0.00486107 0.00651643 -0.01243697
v 0.00589960 0.00836212 -0.01290898
v 0.00516069 0.00905201 -0.01581863
v 0.00542020 0.00902144 -0.01918555
v 0.00513178 0.00794585 -0.02014002
v 0.00494761 0.00699176 -0.02041630
v 0.00579741 0.00877504 -0.02031406
v 0.00565399 0.00791844 -0.02085297
v 0.00580068 0.00851886 -0.02069946
v 0.00552280 0.00697007 -0.02115442
v -0.00960172 0.00668578 0.00435803
v -0.00978366 0.00653698 0.00454737
v -0.00864845 0.00653095 0.00456616
v -0.01104432 0.00664683 0.00394450
v -0.01124108 0.00653449 0.00406647
v -0.01219994 0.00664313 0.00332490
v -0.01273222 0.00652363 0.00302270
v -0.01335036 0.00666621 0.00222813
v -0.01409543 0.00647467 0.00146382
v -0.01401176 0.00668242 0.00126130
v -0.01447511 0.00649958 0.00020689
v -0.01440493 0.00653669 -0.00418227
v -0.01400018 0.00657873 -0.00523468
v -0.01427206 0.00647118 -0.00488425
v -0.01345699 0.00648582 -0.00630074
v -0.01474643 0.00645987 -0.00290054
v -0.01464086 0.00668634 -0.00221369
v -0.01473639 0.00645990 -0.00079333
v -0.01453683 0.00668501 -0.00061102
v -0.00194148 0.00694359 0.00175778
v -0.00263807 0.00769975 0.00234833
v -0.00236250 0.00646477 0.00259678
v -0.00191947 0.00644707 0.00191454
v -0.00277893 0.00647303 0.00302085
v -0.00321922 0.00780382 0.00286845
v -0.00270992 0.00799590 0.00216992
v -0.00197497 0.00772655 0.00124144
v -0.00268020 0.00844260 0.00153773
v -0.00135202 0.00645713 0.00054751
v -0.00141808 0.00720907 -0.00002663
v -0.00205017 0.00821297 0.00058192
v -0.00172815 0.00807875 -0.00074690
v -0.00118920 0.00645838 -0.00055750
v -0.00225007 0.00876299 -0.00064821
v -0.00283997 0.00903373 0.00057295
v -0.00332857 0.00848405 0.00232214
v -0.00355491 0.00896112 0.00188714
v -0.00388047 0.00843284 0.00286232
v -0.00257656 0.00910144 -0.00105343
v -0.00454626 0.00895930 0.00271115
v -0.00439200 0.00800065 0.00349831
v -0.00370091 0.00928009 0.00122686
v -0.00397643 0.00733581 0.00353765
v -0.00508788 0.00846813 0.00347168
v -0.00380508 0.00647853 0.00368923
v -0.00589897 0.00891649 0.00335811
v -0.00581581 0.00805498 0.00394733
v -0.00489054 0.00725547 0.00392869
v -0.00472882 0.00649040 0.00406604
v -0.00617807 0.00777386 0.00414578
v -0.00748526 0.00822554 0.00409929
v -0.00737008 0.00903519 0.00343558
v -0.00897760 0.00899989 0.00339521
v -0.00908859 0.00852188 0.00377010
v -0.00920636 0.00790458 0.00414221
v -0.01012904 0.00896529 0.00310113
v -0.01094340 0.00810680 0.00348723
v -0.01016788 0.00798045 0.00384414
v -0.01109724 0.00894151 0.00263970
v -0.01193204 0.00809832 0.00289518
v -0.01179299 0.00889245 0.00214550
v -0.01251645 0.00800409 0.00239398
v -0.01268360 0.00820015 0.00205666
v -0.00770630 0.00724883 0.00440714
v -0.01143986 0.00723445 0.00359993
v -0.01043921 0.00717556 0.00402249
v -0.00952293 0.00727191 0.00424686
v -0.01222349 0.00721898 0.00309371
v -0.01280826 0.00725780 0.00252806
v -0.00654874 0.00651079 0.00448612
v -0.00757453 0.00650635 0.00457427
v -0.00556579 0.00650984 0.00427880
v -0.00968040 0.00945436 -0.00258844
v -0.00677904 0.00953016 -0.00070565
v -0.00754853 0.00947733 -0.00439503
v -0.00944785 0.00942803 -0.00445025
v -0.00534748 0.00946153 -0.00446469
v -0.00457080 0.00950927 -0.00084392
v -0.00431916 0.00946967 -0.00276767
v -0.00832132 0.00948429 0.00163620
v -0.00523619 0.00948869 0.00097932
v -0.01114896 0.00937158 -0.00094893
v -0.01125733 0.00933006 0.00118591
v -0.01110353 0.00934516 -0.00415117
v -0.00721848 0.00936195 -0.00653488
v -0.00937213 0.00933614 -0.00617448
v -0.00793319 0.00942756 0.00267196
v -0.01013661 0.00932633 0.00246675
v -0.01277033 0.00920481 -0.00223122
v -0.01205860 0.00924010 0.00073641
v -0.01209104 0.00923651 -0.00405888
v -0.01180679 0.00917754 -0.00552556
v -0.00786216 0.00926437 -0.00734206
v -0.00522770 0.00940736 0.00204522
v -0.00530966 0.00929364 -0.00644430
v -0.00588829 0.00922761 -0.00709977
v -0.00355743 0.00941188 -0.00241326
v -0.00375462 0.00934114 -0.00448795
v -0.00365038 0.00939271 0.00034296
v -0.00983322 0.00919484 -0.00712212
v -0.01136046 0.00912384 -0.00632241
v -0.01273487 0.00915961 -0.00049790
v -0.01271294 0.00911888 -0.00408465
v -0.00562882 0.00934277 0.00258852
v -0.01137844 0.00923976 0.00177967
v -0.00389385 0.00927516 -0.00517055
v -0.00301584 0.00932052 -0.00238524
v -0.00434348 0.00931207 0.00183416
v -0.00305451 0.00929271 -0.00040005
v -0.00815537 0.00911324 -0.00780583
v -0.01323735 0.00901772 -0.00288771
v -0.00890049 0.00923685 0.00307699
v -0.00707144 0.00925786 0.00310955
v -0.00706387 0.00903271 -0.00791244
v -0.00453106 0.00916896 -0.00621384
v -0.01334972 0.00897613 -0.00160488
v -0.01284518 0.00892865 -0.00493855
v -0.01056844 0.00896831 -0.00733582
v -0.00283332 0.00913799 -0.00349616
v -0.01228435 0.00891269 -0.00588839
v -0.00957889 0.00892247 -0.00782951
v -0.01259963 0.00895967 0.00102695
v -0.01320156 0.00894423 -0.00049137
v -0.01160912 0.00885909 -0.00675960
v -0.00630818 0.00893746 -0.00784329
v -0.00504469 0.00890273 -0.00716932
v -0.00827243 0.00894796 -0.00807182
v -0.00285842 0.00889916 -0.00446828
v -0.00368090 0.00893676 -0.00576213
v -0.01360415 0.00876045 -0.00284597
v -0.01358354 0.00851146 -0.00422896
v -0.01377369 0.00860533 -0.00186957
v -0.01370944 0.00849165 -0.00047566
v -0.01371620 0.00807428 0.00056063
v -0.01307744 0.00836583 0.00132192
v -0.01322305 0.00783640 0.00172716
v -0.00788300 0.00674603 -0.00947703
v -0.00863119 0.00727576 -0.00922076
v -0.00736695 0.00720519 -0.00929502
v -0.00795276 0.00796311 -0.00897180
v -0.00906852 0.00812838 -0.00874623
v -0.00918037 0.00657895 -0.00935118
v -0.00748900 0.00647934 -0.00964567
v -0.00966630 0.00728864 -0.00897344
v -0.00964022 0.00785522 -0.00875517
v -0.01052790 0.00713681 -0.00872077
v -0.01071532 0.00654924 -0.00885019
v -0.01078430 0.00793319 -0.00822308
v -0.01129052 0.00717883 -0.00828792
v -0.01137339 0.00653282 -0.00845866
v -0.01041645 0.00842940 -0.00801512
v -0.01185473 0.00785475 -0.00751514
v -0.00776937 0.00843993 -0.00861454
v -0.01122668 0.00856923 -0.00738085
v -0.00685748 0.00814782 -0.00874993
v -0.01251034 0.00780574 -0.00692888
v -0.01212614 0.00673411 -0.00777721
v -0.01222550 0.00648795 -0.00794565
v -0.01251517 0.00852061 -0.00619428
v -0.01314237 0.00822772 -0.00572147
v -0.01279932 0.00649631 -0.00714748
v -0.01327486 0.00726041 -0.00621100
v -0.01356080 0.00802639 -0.00514645
v -0.01381622 0.00727050 -0.00526146
v -0.01395961 0.00804706 -0.00401286
v -0.00651987 0.00652331 -0.00939611
v -0.00614303 0.00771632 -0.00882109
v -0.00560645 0.00823968 -0.00823594
v -0.01434252 0.00783321 -0.00245461
v -0.01436215 0.00782063 -0.00184432
v -0.01402390 0.00807632 -0.00054391
v -0.01428579 0.00717726 -0.00404355
v -0.01435741 0.00704989 -0.00006761
v 0.00543961 0.00805110 0.03324634
v 0.00473510 0.00660353 0.03296401
v 0.00543566 0.00661527 0.03384495
v 0.00581607 0.00726054 0.03399022
v 0.00592805 0.00810237 0.03376967
v 0.00483067 0.00809369 0.03214805
v 0.00552046 0.00649373 0.03405081
v 0.00435201 0.00663754 0.03205384
v 0.00545020 0.00855056 0.03265563
v 0.00689572 0.00816507 0.03453353
v 0.00681121 0.00661404 0.03491425
v 0.00746662 0.00670941 0.03525943
v 0.00804202 0.00814382 0.03515491
v 0.00784530 0.00658953 0.03555045
v 0.00662025 0.00879408 0.03370315
v 0.00707876 0.00851113 0.03438025
v 0.00777052 0.00648917 0.03563162
v 0.00908195 0.00743991 0.03577853
v 0.00920705 0.00805794 0.03562912
v 0.00612403 0.00882280 0.03314778
v 0.00826028 0.00847780 0.03500933
v 0.00781903 0.00880731 0.03429325
v 0.00867921 0.00668700 0.03577750
v 0.00907190 0.00660529 0.03601631
v 0.01019614 0.00660306 0.03625357
v 0.01067629 0.00807824 0.03584611
v 0.00976903 0.00825339 0.03563192
v 0.01104277 0.00729624 0.03611337
v 0.01092198 0.00648249 0.03633705
v 0.00914710 0.00647897 0.03619667
v 0.00941383 0.00853453 0.03523175
v 0.01136635 0.00819340 0.03577779
v 0.00464847 0.00648283 0.03303170
v 0.00660430 0.00649478 0.03496068
v 0.01194783 0.00730870 0.03600025
v 0.01214105 0.00661937 0.03610716
v 0.01235843 0.00645523 0.03618133
v 0.01694104 0.00790368 -0.00255207
v 0.01693271 0.00784136 -0.00182762
v 0.01708950 0.00727514 -0.00234983
v 0.01700043 0.00730335 -0.00135751
v 0.01696831 0.00767129 -0.00337778
v 0.01721811 0.00648422 -0.00248244
v 0.01704229 0.00648811 -0.00443863
v 0.01689420 0.00728209 -0.00434587
v 0.01703521 0.00647731 -0.00061537
v 0.01683218 0.00727351 -0.00042513
v 0.01661418 0.00799108 -0.00069654
v 0.01660539 0.00648203 0.00067109
v 0.01641994 0.00733660 0.00069656
v 0.01631053 0.00786583 0.00050737
v 0.01664994 0.00805853 -0.00412260
v 0.01632847 0.00801594 -0.00525121
v 0.01650898 0.00737535 -0.00545840
v 0.01647390 0.00648670 -0.00593055
v 0.01590970 0.00730538 -0.00661151
v 0.01581031 0.00804871 -0.00623269
v 0.01583984 0.00650366 -0.00699275
v 0.01632698 0.00846872 -0.00361670
v 0.01633383 0.00846830 -0.00147131
v 0.01617641 0.00828660 -0.00495914
v 0.01620806 0.00827784 -0.00014514
v 0.01605949 0.00648880 0.00159549
v 0.01571958 0.00727961 0.00184198
v 0.01552727 0.00805806 0.00159233
v 0.01564740 0.00834245 0.00095855
v 0.01565741 0.00888954 -0.00077966
v 0.01531920 0.00889533 0.00024215
v 0.01472147 0.00895137 0.00124791
v 0.01509682 0.00882764 -0.00568108
v 0.01442389 0.00854990 0.00220997
v 0.01499377 0.00799521 0.00222122
v 0.01440344 0.00880786 -0.00665491
v 0.01509425 0.00809534 -0.00706468
v 0.01369870 0.00895168 0.00227528
v 0.01362886 0.00884059 -0.00722512
v 0.01449332 0.00809373 -0.00761188
v 0.01400108 0.00815913 0.00293513
v 0.01271306 0.00902275 0.00272665
v 0.01247466 0.00837846 0.00344517
v 0.01130619 0.00908101 0.00303968
v 0.01329332 0.00802285 0.00335847
v 0.01064424 0.00864367 0.00353574
v 0.01288460 0.00793775 0.00356878
v 0.01136215 0.00801809 0.00386551
v 0.01447921 0.00725666 0.00298048
v 0.01529078 0.00650238 0.00245670
v 0.01317290 0.00724841 0.00365625
v 0.01454322 0.00650682 0.00307433
v 0.01126388 0.00723592 0.00406574
v 0.00874018 0.00804869 0.00396572
v 0.00846837 0.00956272 -0.00168601
v 0.01077019 0.00948675 -0.00155639
v 0.00857526 0.00951776 -0.00484578
v 0.00947150 0.00953770 0.00064239
v 0.01112956 0.00941611 -0.00496288
v 0.00996050 0.00938921 -0.00649277
v 0.00614382 0.00955604 -0.00439334
v 0.00629669 0.00960114 -0.00028794
v 0.00734436 0.00943193 -0.00650927
v 0.00437802 0.00954867 -0.00259928
v 0.00652672 0.00954301 0.00184416
v 0.00959022 0.00948429 0.00198846
v 0.00457370 0.00954280 -0.00070255
v 0.00438503 0.00949809 -0.00416208
v 0.01311390 0.00934540 0.00002224
v 0.01195042 0.00933821 0.00208207
v 0.01336183 0.00927496 -0.00452019
v 0.01481470 0.00917033 -0.00207115
v 0.01267623 0.00921513 -0.00650852
v 0.01053977 0.00928368 -0.00723065
v 0.00778945 0.00935043 -0.00721422
v 0.00528589 0.00936830 -0.00641913
v 0.00469087 0.00938443 -0.00578366
v 0.00606394 0.00929773 -0.00706764
v 0.01329090 0.00922196 0.00186966
v 0.01441905 0.00916983 0.00050088
v 0.01473441 0.00906041 -0.00509528
v 0.01390705 0.00906817 -0.00628661
v 0.00935908 0.00941515 0.00260583
v 0.01531908 0.00901371 -0.00375990
v 0.01253324 0.00912598 -0.00712790
v 0.01531071 0.00905123 -0.00125168
v 0.00515036 0.00942107 0.00166755
v 0.00387237 0.00946626 -0.00228503
v 0.01159916 0.00927225 0.00255778
v 0.00697265 0.00941419 0.00252810
v 0.00593362 0.00941356 0.00218700
v 0.00406377 0.00941242 -0.00039323
v 0.00391722 0.00937419 -0.00442272
v 0.01588020 0.00885180 -0.00219690
v 0.00457621 0.00934557 0.00116028
v 0.00841880 0.00917925 -0.00769847
v 0.01576209 0.00882328 -0.00402252
v 0.01251815 0.00893270 -0.00762180
v 0.01115135 0.00899789 -0.00784546
v 0.00917996 0.00898180 -0.00804868
v 0.00680414 0.00892798 -0.00792262
v 0.00524201 0.00896817 -0.00730414
v 0.00344167 0.00917924 -0.00382832
v 0.00436872 0.00901717 -0.00645925
v 0.00930504 0.00907551 0.00325427
v 0.00366550 0.00902833 -0.00534159
v 0.00352448 0.00916441 -0.00086820
v 0.00702897 0.00914215 0.00298855
v 0.00342121 0.00920358 -0.00234120
v 0.00373858 0.00903855 0.00043359
v 0.00585294 0.00902723 0.00278861
v 0.00479766 0.00897221 0.00220317
v 0.00425724 0.00895125 0.00161183
v 0.00777354 0.00889471 0.00336750
v 0.00658599 0.00856519 0.00342478
v 0.00875479 0.00867212 0.00358202
v 0.00528063 0.00857944 0.00288091
v 0.00686789 0.00804392 0.00376694
v 0.00577098 0.00801453 0.00345182
v -0.01468506 0.00727624 0.01610731
v -0.01473603 0.00724772 0.01489941
v -0.01494264 0.00648280 0.01613362
v -0.01496066 0.00647293 0.01452241
v -0.01443842 0.00787919 0.01521965
v -0.01438499 0.00780653 0.01661754
v -0.01437170 0.00771121 0.01372869
v -0.01455949 0.00648438 0.01292445
v -0.01436095 0.00715881 0.01303043
v -0.01458483 0.00669209 0.01732882
v -0.01433821 0.00730058 0.01745926
v -0.01469977 0.00645193 0.01750044
v -0.01383951 0.00798361 0.01783872
v -0.01411542 0.00664539 0.01853402
v -0.01379427 0.00750119 0.01851010
v -0.01417625 0.00645678 0.01872680
v -0.01407494 0.00824838 0.01549614
v -0.01377972 0.00837353 0.01677665
v -0.01329310 0.00808187 0.01864585
v -0.01328482 0.00775431 0.01905971
v -0.01386214 0.00833953 0.01416598
v -0.01276023 0.00888613 0.01787854
v -0.01298094 0.00897003 0.01683288
v -0.01324789 0.00888686 0.01548639
v -0.01378739 0.00810707 0.01307842
v -0.01376325 0.00783877 0.01251704
v -0.01291271 0.00903729 0.01425514
v -0.01227219 0.00891346 0.01863528
v -0.01280262 0.00889706 0.01318381
v -0.01216965 0.00922702 0.01778973
v -0.01512224 0.00644912 0.01561427
v -0.01281337 0.00809649 0.01919947
v -0.01352329 0.00650418 0.01942658
v -0.01296067 0.00837242 0.01219234
v -0.01234793 0.00890413 0.01239063
v -0.01384440 0.00725866 0.01209466
v -0.01150352 0.00895916 0.01929955
v -0.01310781 0.00770476 0.01143673
v -0.01405235 0.00646568 0.01189446
v -0.01236655 0.00798991 0.01100197
v -0.01170312 0.00890402 0.01169095
v -0.01269010 0.00786050 0.01957383
v -0.01282110 0.00729920 0.01977180
v -0.01336079 0.00646243 0.02047222
v -0.01339497 0.00646218 0.01108806
v -0.01175428 0.00806560 0.01065009
v -0.01079215 0.00894032 0.01107246
v -0.01290622 0.00651179 0.02001824
v -0.01179002 0.00652108 0.02082225
v -0.01078875 0.00654653 0.02109541
v -0.01016098 0.00671275 0.02103281
v -0.00988878 0.00656569 0.02150039
v -0.00952244 0.00667816 0.02116988
v -0.00850656 0.00667885 0.02123962
v -0.00658485 0.00656934 0.02148432
v -0.00737923 0.00667936 0.02119852
v -0.00630904 0.00668689 0.02102859
v -0.00535799 0.00654171 0.02078912
v -0.00929051 0.00950490 0.01665898
v -0.00742054 0.00952984 0.01638810
v -0.00969548 0.00945162 0.01341750
v -0.00747762 0.00948325 0.01364644
v -0.01098082 0.00941532 0.01409218
v -0.01134576 0.00943060 0.01705400
v -0.00584294 0.00948808 0.01477638
v -0.00796821 0.00948874 0.01905440
v -0.00583470 0.00948490 0.01816301
v -0.00421469 0.00942348 0.01551284
v -0.01070094 0.00936926 0.01895570
v -0.00487378 0.00943325 0.01789495
v -0.00521569 0.00940088 0.01335934
v -0.00745842 0.00937418 0.01197147
v -0.00958718 0.00925764 0.01128204
v -0.01138821 0.00926130 0.01224655
v -0.00523133 0.00927904 0.01199385
v -0.01217583 0.00930363 0.01456445
v -0.01149885 0.00933830 0.01834968
v -0.00381699 0.00927621 0.01365665
v -0.00643834 0.00923541 0.01122673
v -0.01213198 0.00922150 0.01318308
v -0.00560575 0.00936859 0.01903667
v -0.00434071 0.00936357 0.01773278
v -0.00370148 0.00930868 0.01662547
v -0.01256013 0.00923475 0.01601580
v -0.00495513 0.00935420 0.01853463
v -0.00364729 0.00930757 0.01493794
v -0.00431164 0.00921515 0.01252644
v -0.00718165 0.00935007 0.01966441
v -0.01032612 0.00916796 0.01128020
v -0.00960622 0.00926414 0.01967564
v -0.00761837 0.00903738 0.01060014
v -0.00514201 0.00913609 0.01156226
v -0.00863457 0.00899796 0.01056765
v -0.00315257 0.00903010 0.01425289
v -0.00315968 0.00907347 0.01603167
v -0.00578059 0.00895694 0.01088350
v -0.00953830 0.00889791 0.01055130
v -0.00408844 0.00895950 0.01857329
v -0.00357566 0.00893259 0.01278515
v -0.00757042 0.00912406 0.02008151
v -0.00910316 0.00909128 0.02006376
v -0.00356697 0.00895781 0.01778971
v -0.00421057 0.00876237 0.01161683
v -0.00554489 0.00899938 0.01967914
v -0.00625356 0.00894048 0.02004616
v -0.00307334 0.00891495 0.01677141
v -0.00477253 0.00891137 0.01931924
v -0.01019998 0.00893520 0.01997655
v -0.01090135 0.00867076 0.01993898
v -0.00592867 0.00854876 0.01033971
v -0.00458173 0.00847077 0.01098825
v 0.00262396 0.00749774 -0.00350302
v 0.00265760 0.00698752 -0.00442519
v 0.00250233 0.00686009 -0.00317773
v 0.00264352 0.00627464 -0.00462787
v 0.00281337 0.00635291 -0.00557763
v 0.00303772 0.00801656 -0.00525474
v 0.00296214 0.00829155 -0.00459864
v 0.00274839 0.00815098 -0.00327727
v 0.00258398 0.00752139 -0.00181902
v 0.00249838 0.00682330 -0.00168656
v 0.00275309 0.00812871 -0.00182808
v 0.00248411 0.00629016 -0.00231353
v 0.00264125 0.00680208 -0.00032122
v 0.00263514 0.00628697 -0.00022080
v 0.00291402 0.00796376 -0.00018516
v 0.00295201 0.00624633 0.00126692
v 0.00283292 0.00586958 -0.00539226
v 0.00278119 0.00627341 -0.00606243
v 0.00266771 0.00573752 -0.00314863
v 0.00269118 0.00579752 -0.00107229
v 0.00317009 0.00797281 0.00069797
v 0.00306884 0.00855254 -0.00068465
v 0.00308565 0.00888877 -0.00212090
v 0.00309165 0.00887103 -0.00345275
v 0.00278847 0.00592790 0.00015809
v 0.00315277 0.00867163 -0.00452500
v 0.00330826 0.00663772 -0.00653805
v 0.00351623 0.00802032 -0.00638514
v 0.00329676 0.00644185 0.00190155
v 0.00341318 0.00735357 0.00166744
v 0.00352694 0.00828191 0.00123546
v 0.00264637 0.00605383 -0.00612172
v 0.00358147 0.00868259 -0.00577711
v 0.00323614 0.00643384 -0.00665406
v 0.00373858 0.00903855 0.00043359
v 0.00366550 0.00902833 -0.00534159
v 0.00352448 0.00916441 -0.00086820
v 0.00388777 0.00666639 -0.00744486
v 0.00344167 0.00917924 -0.00382832
v 0.00406804 0.00791461 0.00231706
v 0.00425724 0.00895125 0.00161183
v 0.00342121 0.00920358 -0.00234120
v 0.00230876 0.00627478 -0.00670361
v 0.00223284 0.00573537 -0.00674607
v 0.00368205 0.00645108 -0.00737812
v 0.00414870 0.00812759 -0.00718302
v 0.00426756 0.00868331 -0.00680810
v 0.00397530 0.00671112 0.00263299
v 0.00388281 0.00648304 0.00274029
v 0.00436872 0.00901717 -0.00645925
v 0.00457272 0.00798221 -0.00769092
v 0.00437976 0.00647439 -0.00804355
v 0.00479766 0.00897221 0.00220317
v 0.00463486 0.00722168 0.00308290
v 0.00482876 0.00803557 0.00294798
v 0.00474571 0.00654347 0.00328960
v 0.00528063 0.00857944 0.00288091
v 0.00577098 0.00801453 0.00345182
v 0.00574399 0.00722245 0.00363656
v 0.00573286 0.00666045 0.00371268
v 0.00686789 0.00804392 0.00376694
v 0.00683066 0.00725488 0.00393288
v 0.00674548 0.00667150 0.00398537
v -0.00393542 0.00857899 0.03205331
v -0.00414630 0.00808541 0.03271051
v -0.00317582 0.00798116 0.03157398
v -0.00459733 0.00868486 0.03266548
v -0.00495051 0.00817120 0.03338690
v -0.00328790 0.00873697 0.03080560
v -0.00423840 0.00900341 0.03184656
v -0.00260772 0.00797818 0.03041470
v -0.00274447 0.00858979 0.02958997
v -0.00341744 0.00900655 0.03046516
v -0.00237776 0.00808347 0.02923369
v -0.00377075 0.00731320 0.03261683
v -0.00249022 0.00735360 0.03053500
v -0.00292707 0.00652719 0.03181294
v -0.00247066 0.00650592 0.03094213
v -0.00376653 0.00663538 0.03280325
v -0.00376222 0.00648518 0.03294763
v -0.00469396 0.00726206 0.03350038
v -0.00473116 0.00648979 0.03374293
v -0.00213290 0.00651229 0.02985450
v -0.00218316 0.00725950 0.02926831
v -0.00563298 0.00735477 0.03406916
v -0.00612043 0.00813787 0.03413388
v -0.00546825 0.00649183 0.03415216
v -0.00621806 0.00868830 0.03382129
v -0.00561688 0.00903998 0.03309295
v -0.00281161 0.00881842 0.02868424
v -0.00318973 0.00909047 0.02921768
v -0.00271084 0.00863903 0.02771307
v -0.00235321 0.00807259 0.02798256
v -0.00205605 0.00664630 0.02859508
v -0.00198977 0.00650292 0.02767555
v -0.00212590 0.00665292 0.02774657
v -0.00317725 0.00908060 0.02771323
v -0.00270711 0.00810366 0.02676385
v -0.00251700 0.00732267 0.02679123
v -0.00242634 0.00667916 0.02680058
v -0.00262694 0.00651136 0.02605568
v -0.00324884 0.00868019 0.02642468
v -0.00353856 0.00898383 0.02644150
v -0.02765284 -0.00125251 -0.05810367
v -0.02758262 -0.00114534 -0.05250457
v -0.02751440 -0.00115028 -0.05639991
v -0.02739572 -0.00115150 -0.05874702
v -0.02784250 -0.00112461 -0.04577548
v -0.02750918 -0.00131619 -0.05967379
v -0.02734251 -0.00123484 -0.06005647
v -0.02712107 -0.00109319 -0.05918723
v -0.02699730 -0.00117322 -0.06190124
v -0.02707714 -0.00125596 -0.06290449
v -0.02678012 -0.00115122 -0.06340942
v -0.02676601 -0.00125500 -0.06421160
v -0.02653677 -0.00105807 -0.06379515
v -0.02629615 -0.00108044 -0.06511570
v -0.02763182 -0.00099215 -0.04730322
v -0.02631169 -0.00122111 -0.06561446
v -0.02597307 -0.00100441 -0.06563770
v -0.02557934 -0.00107874 -0.06687676
v -0.02561446 -0.00123938 -0.06717947
v -0.02539319 -0.00097348 -0.06705927
v -0.02493949 -0.00100656 -0.06774050
v -0.02486804 -0.00124033 -0.06838251
v -0.02448404 -0.00100849 -0.06831186
v -0.02411430 -0.00101525 -0.06874162
v -0.02356898 -0.00123123 -0.06971342
v -0.02334523 -0.00098785 -0.06942507
v -0.02280825 -0.00098785 -0.06989455
v -0.00265280 0.00576222 -0.00131503
v -0.00152683 0.00484364 -0.00164770
v -0.00161310 0.00481026 -0.00078504
v -0.00304715 0.00561926 -0.00043387
v -0.00197498 0.00477785 0.00044701
v -0.00320198 0.00524974 0.00044703
v -0.00261738 0.00472881 0.00124783
v -0.00209571 0.00580693 -0.00201923
v -0.00235492 0.00473318 0.00111014
v -0.00104559 0.00589470 -0.00223535
v -0.00149253 0.00583008 -0.00229557
v -0.00920242 0.00804831 0.03478356
v -0.01012142 0.00662288 0.03496484
v -0.00936788 0.00663879 0.03503568
v -0.01031398 0.00811233 0.03452921
v -0.01103221 0.00725842 0.03455370
v -0.01109246 0.00667584 0.03464642
v -0.01093758 0.00798284 0.03435129
v -0.00946488 0.00647807 0.03519910
v -0.01157639 0.00645848 0.03460959
v -0.01205639 0.00649807 0.03421768
v -0.01192794 0.00726623 0.03410303
v -0.01174257 0.00799442 0.03390743
v -0.00821419 0.00660546 0.03500474
v -0.00793218 0.00812445 0.03467303
v -0.00937552 0.00887705 0.03420184
v -0.00851190 0.00876616 0.03434770
v -0.00718910 0.00647953 0.03497121
v -0.00717256 0.00661304 0.03482241
v -0.00755629 0.00853375 0.03439771
v -0.00720976 0.00810781 0.03452974
v -0.00701889 0.00672244 0.03473082
v -0.00632701 0.00661169 0.03453536
v -0.00582158 0.00648232 0.03443111
v -0.00612043 0.00813787 0.03413388
v -0.00563298 0.00735477 0.03406916
v -0.00546825 0.00649183 0.03415216
v -0.00621806 0.00868830 0.03382129
v -0.00727708 0.00904795 0.03387355
v -0.01080255 0.00885117 0.03367360
v -0.00854005 0.00908053 0.03399084
v -0.01277369 0.00643848 0.03371635
v -0.01262045 0.00729737 0.03353289
v 0.00469756 0.00863664 0.04473854
v 0.00483101 0.00792522 0.04614762
v 0.00507483 0.00715945 0.04501533
v 0.00467350 0.00862395 0.04598947
v 0.00514044 0.00700062 0.04620522
v 0.00483415 0.00787352 0.04408242
v 0.00499873 0.00718317 0.04418187
v 0.00447405 0.00873931 0.04360958
v 0.00465774 0.00790772 0.04323298
v 0.00485432 0.00680656 0.04290501
v 0.00518357 0.00677659 0.04389293
v 0.00528671 0.00682809 0.04656344
v 0.00457271 0.00884589 0.04527376
v 0.00442585 0.00873118 0.04721514
v 0.00468366 0.00784409 0.04786055
v 0.00492146 0.00730415 0.04638448
v 0.00481625 0.00705646 0.04840257
v 0.00420907 0.00851796 0.04899945
v 0.00422700 0.00873912 0.04801490
v 0.00434161 0.00783684 0.04915732
v 0.00460047 0.00709305 0.04928087
v 0.00493266 0.00684713 0.04859616
v 0.00409771 0.00872250 0.04260689
v 0.00431914 0.00789413 0.04236723
v 0.00447672 0.00701777 0.04225078
v 0.00450838 0.00673909 0.04207544
v 0.00424172 0.00913978 0.04465285
v 0.00402623 0.00908457 0.04316721
v 0.00405239 0.00910678 0.04690201
v 0.00383939 0.00793803 0.04186378
v 0.00365500 0.00873055 0.04207704
v 0.00337220 0.00904187 0.04212039
v 0.00388998 0.00707928 0.04167262
v 0.00404281 0.00670631 0.04150691
v 0.00290488 0.00870772 0.04142047
v 0.00306472 0.00802708 0.04125554
v 0.00329386 0.00674865 0.04114136
v 0.00431273 0.00724508 0.04946717
v 0.00405219 0.00724278 0.04997517
v 0.00370836 0.00853070 0.04963571
v 0.00381082 0.00865018 0.04918174
v 0.00368585 0.00790675 0.05006808
v 0.00352934 0.00732478 0.05056318
v 0.00323118 0.00850318 0.05015038
v 0.00323510 0.00872321 0.04966013
v 0.00276511 0.00832550 0.05052591
v 0.00244825 0.00789732 0.05095763
v 0.00268793 0.00704182 0.04093082
v 0.00206816 0.00867000 0.04110029
v 0.00216952 0.00790140 0.04089639
v 0.00131963 0.00789958 0.04067960
v 0.00132703 0.00855990 0.04085044
v 0.00759042 0.00853865 0.04527817
v 0.00750374 0.00812962 0.04440508
v 0.00751217 0.00719380 0.04542058
v 0.00761599 0.00810475 0.04564704
v 0.00743234 0.00672424 0.04548369
v 0.00740028 0.00672423 0.04410753
v 0.00752589 0.00721871 0.04356402
v 0.00759552 0.00816669 0.04352570
v 0.00766727 0.00665401 0.04261902
v 0.00768011 0.00853893 0.04364705
v 0.00772727 0.00873959 0.04417885
v 0.00783266 0.00734789 0.04259975
v 0.00793639 0.00799006 0.04223944
v 0.00765940 0.00669242 0.04642341
v 0.00786399 0.00719265 0.04651229
v 0.00790733 0.00789752 0.04672313
v 0.00800470 0.00681476 0.04238571
v 0.00821758 0.00872957 0.04652089
v 0.00800117 0.00808664 0.04679040
v 0.00806605 0.00876665 0.04310518
v 0.00811681 0.00819395 0.04216786
v 0.00826470 0.00867077 0.04247287
v 0.00786512 0.00886374 0.04477423
v 0.00826645 0.00720325 0.04706622
v 0.00818856 0.00668564 0.04708186
v 0.00798148 0.00672859 0.04663828
v 0.00844157 0.00752760 0.04741374
v 0.00852689 0.00678802 0.04726660
v 0.00859828 0.00812973 0.04748089
v 0.00874233 0.00870654 0.04716392
v 0.00822258 0.00663297 0.04193358
v 0.00698350 0.00667241 0.04474160
v 0.00745941 0.00654579 0.04213233
v -0.02606281 0.00600106 -0.03548712
v -0.02601943 0.00587949 -0.04343180
v -0.02625462 0.00582563 -0.03920845
v -0.02653989 0.00548487 -0.04242093
v -0.02680817 0.00536845 -0.03628767
v -0.02663442 0.00575406 -0.03056331
v -0.02705599 0.00551576 -0.02770108
v -0.02654445 0.00604086 -0.02638254
v -0.02639585 0.00521337 -0.05043685
v -0.02743525 0.00530052 -0.02190684
v -0.02678155 0.00595523 -0.01949933
v -0.02753773 0.00541055 -0.01256208
v -0.02694783 0.00600311 -0.01147632
v -0.02762262 0.00550647 -0.00844344
v -0.02620648 0.00543707 -0.04941274
v -0.02595744 0.00531937 -0.05676977
v -0.02699335 0.00602689 -0.00808082
v -0.02753684 0.00570244 -0.00380735
v -0.02808393 0.00505998 -0.00758896
v -0.02811527 0.00526169 -0.00135709
v -0.02736503 0.00519847 -0.02742604
v -0.02692537 0.00520953 -0.03732703
v -0.02756786 0.00485941 -0.02886737
v -0.02663349 0.00606164 -0.01934146
v -0.02785667 0.00505300 -0.01217126
v -0.02765055 0.00502027 -0.02148703
v -0.02708055 0.00503572 -0.03584535
v -0.02693212 0.00495682 -0.04294902
v -0.02627016 0.00601665 -0.03032632
v -0.02639444 0.00452201 -0.05898322
v -0.02581186 0.00517014 -0.06166961
v -0.02554448 0.00542741 -0.06155631
v -0.02530066 0.00530476 -0.06355557
v -0.02826024 0.00480735 -0.00760326
v -0.02829039 0.00503516 -0.00086098
v -0.02836531 0.00505679 0.00233185
v -0.02819514 0.00533070 0.00655609
v -0.02840507 0.00518507 0.01095181
v -0.02824940 0.00538895 0.01095432
v -0.02826264 0.00532431 0.01505975
v -0.02586719 0.00451212 -0.06368636
v -0.02736592 0.00453328 -0.03650523
v -0.02604126 0.00470385 -0.06219388
v -0.02687788 0.00444026 -0.05003149
v -0.02716323 0.00451670 -0.04356134
v -0.02642801 0.00415627 -0.06159243
v -0.02530948 0.00476350 -0.06505094
v -0.02814373 0.00451795 -0.01227573
v -0.02795856 0.00460247 -0.01792185
v -0.02789499 0.00459224 -0.02225664
v -0.02771438 0.00462703 -0.02793688
v -0.02855403 0.00461758 0.00046087
v -0.02840498 0.00461420 -0.00575320
v -0.02757881 0.00435304 -0.03406793
v -0.02664523 0.00400658 -0.05918817
v -0.02863402 0.00467638 0.00858810
v -0.02624413 0.00392846 -0.06330416
v -0.02581955 0.00405384 -0.06481613
v -0.02476755 0.00532740 -0.06505010
v -0.02531413 0.00413586 -0.06607242
v -0.02473314 0.00478238 -0.06636340
v -0.02465017 0.00420064 -0.06726735
v -0.02401966 0.00458588 -0.06784666
v -0.02417469 0.00484441 -0.06723517
v -0.02564185 0.00330331 -0.06588286
v -0.02403471 0.00527812 -0.06658715
v -0.02519603 0.00363152 -0.06668909
v -0.02450011 0.00375427 -0.06780024
v -0.02503204 0.00244048 -0.06736289
v -0.02556952 0.00140045 -0.06655208
v -0.02526519 -0.00069838 -0.06742332
v -0.02568842 -0.00026561 -0.06658268
v -0.02596092 -0.00072598 -0.06610951
v -0.02539319 -0.00097348 -0.06705927
v -0.02573997 -0.00084476 -0.06642106
v -0.02446239 0.00232728 -0.06819624
v -0.02463523 -0.00038758 -0.06825366
v -0.02497275 -0.00080567 -0.06779167
v -0.02493949 -0.00100656 -0.06774050
v -0.02368173 0.00321199 -0.06891584
v -0.02557934 -0.00107874 -0.06687676
v -0.02348794 0.00402831 -0.06887386
v -0.02448404 -0.00100849 -0.06831186
v -0.02411430 -0.00101525 -0.06874162
v -0.02403382 -0.00028815 -0.06889959
v -0.02347747 -0.00062446 -0.06941936
v -0.02293682 0.00468998 -0.06894575
v -0.02923198 -0.00028143 0.00128981
v -0.02922176 -0.00110096 0.00042892
v -0.02923132 -0.00052107 0.00676684
v -0.02916161 -0.00152230 -0.00621834
v -0.02911259 0.00021817 -0.00574280
v -0.02915418 0.00073798 -0.00120469
v -0.02915988 0.00113396 0.00590394
v -0.02917301 0.00060705 0.00799868
v -0.02897616 0.00170585 -0.00564055
v -0.02902661 0.00202867 -0.00080642
v -0.02900390 0.00260877 0.00643312
v -0.02903414 -0.00132244 -0.00976443
v -0.02900271 -0.00103115 -0.01041494
v -0.02911957 -0.00154528 -0.00769993
v -0.02868929 0.00140921 -0.01235773
v -0.02885300 -0.00032786 -0.01232809
v -0.02879096 -0.00040556 -0.01558801
v -0.02862855 0.00049816 -0.01870708
v -0.02888982 -0.00090916 -0.01428403
v -0.02869454 -0.00065958 -0.01982896
v -0.02860952 -0.00006075 -0.02197992
v -0.02840634 0.00124782 -0.02383310
v -0.02853321 0.00018947 -0.02396388
v -0.02850611 0.00228123 -0.01505059
v -0.02903444 0.00198955 0.00959874
v -0.02895863 0.00184607 0.01375173
v -0.02882780 0.00330751 -0.00123947
v -0.02881533 0.00388174 0.00687999
v -0.02877845 0.00303027 -0.00584256
v -0.02840889 0.00330974 -0.01223620
v -0.02840851 0.00018370 -0.02649426
v -0.02836855 0.00251818 -0.01845826
v -0.02822129 0.00026515 -0.03060595
v -0.02785316 0.00338567 -0.03075875
v -0.02764730 0.00308120 -0.03760530
v -0.02814905 -0.00017087 -0.03466553
v -0.02807279 -0.00032619 -0.03678593
v -0.02820209 0.00287701 -0.02336941
v -0.02797613 0.00407768 -0.02472702
v -0.02783994 0.00390810 -0.02937220
v -0.02751677 0.00408351 -0.03665782
v -0.02811210 0.00404362 -0.01800610
v -0.02872876 0.00406476 0.01331556
v -0.02734338 0.00404516 -0.04370608
v -0.02754657 0.00262621 -0.04329656
v -0.02695276 0.00356954 -0.05470678
v -0.02737042 -0.00043009 -0.05683509
v -0.02758826 -0.00031006 -0.05195948
v -0.02697523 0.00195355 -0.05926967
v -0.02708178 0.00362857 -0.05153468
v -0.02751568 0.00153213 -0.04728135
v -0.02767235 -0.00073377 -0.05100350
v -0.02780861 -0.00040884 -0.04542323
v -0.02798527 -0.00037927 -0.04022516
v -0.02672667 0.00355438 -0.05946535
v -0.02711034 -0.00036207 -0.06078126
v -0.02665501 0.00299239 -0.06165938
v -0.02859501 0.00348462 0.01937466
v -0.02850350 0.00416107 0.01947348
v -0.02868669 0.00410461 -0.00005080
v -0.02704750 0.00402125 -0.05053489
v -0.02856546 0.00405867 -0.00595203
v -0.02701441 -0.00038115 -0.06175539
v -0.02824192 -0.00028362 -0.03101996
v -0.02832342 -0.00041822 -0.02845703
v -0.02881671 0.00163894 0.01787058
v -0.02837953 0.00474053 0.01955047
v -0.02855823 0.00471113 0.01449179
v -0.02819492 0.00465055 0.02356928
v -0.02831522 0.00354312 0.02381595
v -0.02808086 0.00393147 0.02749045
v -0.02872052 0.00124169 0.01991187
v -0.02836811 0.00207031 0.02419125
v -0.02793603 0.00469127 0.02815240
v -0.02767990 0.00490620 0.03106448
v -0.02770780 0.00432849 0.03203671
v -0.02751822 0.00467521 0.03390717
v -0.02757487 0.00401865 0.03421855
v -0.02823900 0.00505509 0.02043058
v -0.02711074 0.00474815 0.03757747
v -0.02719454 0.00373968 0.03803025
v -0.02679589 0.00410549 0.04185262
v -0.02666051 0.00467326 0.04213366
v -0.02643029 0.00464246 0.04503951
v -0.02649849 0.00410582 0.04547073
v -0.02617319 0.00413176 0.04892345
v -0.02587704 0.00475209 0.05000595
v -0.02584529 0.00428330 0.05149606
v -0.02705110 0.00505453 0.03717994
v -0.02574973 0.00460587 0.05145761
v -0.02528669 0.00455159 0.05514310
v -0.02535279 0.00408694 0.05587086
v -0.02559717 0.00333409 0.05477010
v -0.02534400 0.00335776 0.05683682
v -0.02586615 0.00348744 0.05218815
v -0.02503237 0.00408473 0.05830493
v -0.02504025 0.00329726 0.05912722
v -0.02678952 0.00326070 0.04283311
v -0.02657074 0.00512004 0.04091542
v -0.02648667 0.00497664 0.04276633
v -0.02796603 0.00512955 0.02407921
v -0.02641304 0.00345091 0.04702558
v -0.02483123 0.00463819 0.05814134
v -0.02906093 -0.00013703 0.01379761
v -0.02892286 -0.00017831 0.01716363
v -0.02467284 0.00404684 0.06027334
v -0.02465217 0.00444804 0.05975997
v -0.02764758 0.00522530 0.02882331
v -0.02723498 0.00514443 0.03471869
v -0.02752703 0.00512417 0.03144871
v -0.02641896 0.00221258 -0.06370291
v -0.02478101 0.00329386 0.06040605
v -0.02779896 0.00317958 0.03147807
v -0.02810993 0.00170997 0.02785061
v -0.02870711 -0.00050532 0.02048164
v -0.02841694 0.00081201 0.02383504
v -0.02608032 0.00334129 -0.06452013
v -0.02815880 -0.00057458 -0.03464651
v -0.02729226 0.00311551 0.03729380
v -0.02689658 0.00172558 0.04197464
v -0.02522864 0.00183740 0.05826184
v -0.02667913 -0.00038047 -0.06358549
v -0.02554790 0.00191021 0.05540052
v -0.02587552 0.00155925 0.05233330
v -0.02637671 0.00165247 0.04744981
v -0.02754519 0.00247722 0.03483633
v -0.02738473 -0.00086882 -0.05653630
v -0.02906648 -0.00079066 0.01338249
v -0.02727944 0.00014983 0.03741607
v -0.02755920 0.00079451 0.03453375
v -0.02772177 0.00029671 0.03212871
v -0.02788494 0.00020815 0.03027412
v -0.02815743 0.00027659 0.02696028
v -0.02893439 -0.00111301 0.01649845
v -0.02709015 0.00019228 0.03954823
v -0.02689431 0.00019862 0.04182668
v -0.02651014 0.00012280 0.04564122
v -0.02626699 0.00020415 0.04823891
v -0.02583672 -0.00017308 0.05226364
v -0.02551244 -0.00028153 0.05523769
v -0.02532240 -0.00029899 0.05700725
v -0.02508852 -0.00027707 0.05901591
v -0.02720195 -0.00089306 -0.05892916
v -0.02710636 -0.00084235 -0.06047260
v -0.02916175 -0.00210742 -0.00208661
v -0.02884617 -0.00124806 -0.01284650
v -0.02919180 -0.00137645 0.00656021
v -0.02490467 0.00115702 0.06026157
v -0.02832143 -0.00031927 0.02446477
v -0.02817459 -0.00048068 0.02576185
v -0.02756983 -0.00088555 -0.05165828
v -0.02758262 -0.00114534 -0.05250457
v -0.02763182 -0.00099215 -0.04730322
v -0.02839085 -0.00038741 -0.02593497
v -0.02858556 -0.00040742 -0.02210306
v -0.02878804 -0.00190869 0.01809303
v -0.02874083 -0.00071890 -0.01717900
v -0.02875564 -0.00087377 -0.01576076
v -0.02823799 -0.00066932 -0.02970551
v -0.02841937 -0.00095492 0.02314231
v -0.02711108 -0.00013340 0.03910685
v -0.02896870 -0.00211447 0.01344222
v -0.02859436 -0.00192431 0.02056328
v -0.02849903 -0.00142836 0.02196391
v -0.02757245 0.00023540 0.03384939
v -0.02763232 -0.00006640 0.03269476
v -0.02483304 -0.00060391 0.06041444
v -0.02637245 -0.00030513 -0.06486354
v -0.02595026 0.00264696 -0.06527528
v -0.02652417 -0.00070262 -0.06443825
v -0.02670526 -0.00086299 -0.06332897
v -0.02699730 -0.00117322 -0.06190124
v -0.02678012 -0.00115122 -0.06340942
v -0.02779066 -0.00076091 -0.04439477
v -0.02912606 -0.00198475 0.00612279
v -0.02912463 -0.00194651 -0.00548816
v -0.02798294 -0.00072265 -0.03652032
v -0.02785056 -0.00103787 -0.04429612
v -0.02804027 -0.00091897 -0.03461899
v -0.02804134 -0.00071674 -0.03456048
v -0.02810952 -0.00072379 -0.02996409
v -0.02810172 -0.00086222 -0.02950910
v -0.02584683 -0.00055264 0.05169642
v -0.02620175 -0.00038238 0.04816431
v -0.02534399 -0.00064748 0.05639944
v -0.02884645 -0.00284837 0.01368599
v -0.02712107 -0.00109319 -0.05918723
v -0.02430072 0.00192724 0.06229137
v -0.02901215 -0.00264529 0.00517809
v -0.02442367 0.00027366 0.06200549
v -0.02822008 -0.00076784 -0.02627236
v -0.02864903 -0.00321435 0.01649720
v -0.02855181 -0.00253354 0.01954893
v -0.02823616 -0.00112527 -0.02916110
v -0.02827161 -0.00101438 -0.02614216
v -0.02836588 -0.00072215 -0.02341103
v -0.02825884 -0.00168042 -0.02621637
v -0.02841699 -0.00099669 -0.02147478
v -0.02838910 -0.00162115 -0.02159966
v -0.02814775 -0.00164353 -0.03061848
v -0.02814814 -0.00118599 -0.03583778
v -0.02808701 -0.00124632 -0.04031138
v -0.02807583 -0.00164920 -0.03616407
v -0.02751440 -0.00115028 -0.05639991
v -0.02739572 -0.00115150 -0.05874702
v -0.02421651 0.00335503 0.06219012
v -0.02904908 -0.00260904 -0.00019075
v -0.02395083 0.00409898 0.06242542
v -0.02769680 -0.00086257 -0.04472679
v -0.02777163 -0.00274505 -0.04243958
v -0.02796765 -0.00128874 -0.04536241
v -0.02791003 -0.00159551 -0.04573380
v -0.02770398 -0.00223185 -0.05188192
v -0.02767775 -0.00154587 -0.05663334
v -0.02765284 -0.00125251 -0.05810367
v -0.02784250 -0.00112461 -0.04577548
v -0.02758529 -0.00224666 -0.05671414
v -0.02738371 -0.00291352 -0.05833987
v -0.02723910 -0.00219556 -0.06141112
v -0.02750918 -0.00131619 -0.05967379
v -0.02728166 -0.00160339 -0.06159946
v -0.02756831 -0.00291275 -0.05216544
v -0.02740547 -0.00328503 -0.05570455
v -0.02792608 -0.00275374 -0.03058864
v -0.02804684 -0.00284329 -0.02531889
v -0.02779760 -0.00301464 -0.03521668
v -0.02707714 -0.00125596 -0.06290449
v -0.02734251 -0.00123484 -0.06005647
v -0.02550434 -0.00076370 0.05439730
v -0.02579180 -0.00075385 0.05154771
v -0.02558268 -0.00128106 0.05398394
v -0.02577841 -0.00169031 0.05147573
v -0.02603084 -0.00072855 0.04866674
v -0.02604594 -0.00168345 0.04813791
v -0.02626806 -0.00070045 0.04598540
v -0.02611179 -0.00129027 0.04784144
v -0.02633272 -0.00102816 0.04553783
v -0.02672926 -0.00101903 0.04211381
v -0.02663962 -0.00062309 0.04256832
v -0.02671720 -0.00061219 0.04133728
v -0.02538311 -0.00175372 0.05550929
v -0.02682201 -0.00104179 0.04103576
v -0.02533070 -0.00074707 0.05551513
v -0.02511637 -0.00116266 0.05791040
v -0.02630996 -0.00177972 0.04507336
v -0.02543893 -0.00286264 0.05407258
v -0.02502296 -0.00456275 0.05635984
v -0.02490648 -0.00322203 0.05857674
v -0.02550094 -0.00395999 0.05180985
v -0.02476200 -0.00128631 0.06035211
v -0.02464186 -0.00322593 0.06031071
v -0.02482817 -0.00079150 0.05965127
v -0.02502897 -0.00078793 0.05835161
v -0.02515708 -0.00079284 0.05704460
v -0.02576700 -0.00326337 0.04918985
v -0.02608955 -0.00281003 0.04578971
v -0.02538890 -0.00489803 0.05169146
v -0.02516204 -0.00517522 0.05396846
v -0.02574723 -0.00480270 0.04546145
v -0.02601129 -0.00386126 0.04422501
v -0.02470324 -0.00533427 0.05803981
v -0.02443610 -0.00504734 0.06044445
v -0.02654481 -0.00264499 0.04078944
v -0.02684925 -0.00238059 0.03684909
v -0.02690952 -0.00068952 0.04077938
v -0.02731303 -0.00112511 0.03371929
v -0.02743413 -0.00176994 0.03027431
v -0.02703560 -0.00244611 0.03384538
v -0.02717600 -0.00110885 0.03601876
v -0.02717089 -0.00057380 0.03640294
v -0.02758566 -0.00114546 0.02943279
v -0.02778228 -0.00121530 0.02609406
v -0.02757640 -0.00058069 0.03011712
v -0.02777967 -0.00067606 0.02724507
v -0.02770369 -0.00191472 0.02617796
v -0.02793883 -0.00132258 0.02455082
v -0.02720914 -0.00048351 0.03486399
v -0.02732125 -0.00047296 0.03349768
v -0.02740179 -0.00072192 0.03334676
v -0.02806323 -0.00337873 -0.01899299
v -0.02575608 -0.00512078 0.04377495
v -0.02853308 -0.00070420 -0.02050707
v -0.02817819 -0.00106785 0.02428878
v -0.02719793 -0.00299316 -0.06016049
v -0.02786496 -0.00162388 0.02460389
v -0.02787009 -0.00206298 0.02318447
v -0.02639160 -0.00039953 0.04559936
v -0.02527646 -0.00538693 0.05158095
v -0.02801146 -0.00024575 0.02723847
v -0.02850299 -0.00318805 0.01829906
v -0.02628620 -0.00474236 0.03606619
v -0.02850903 -0.00195765 0.02110854
v -0.02667959 -0.00028072 0.04286092
v -0.02650807 -0.00022879 0.04536139
v -0.02877632 -0.00346226 0.00689980
v -0.02844356 -0.00405927 0.01600998
v -0.02741136 -0.00354862 -0.05161237
v -0.02752611 -0.00364931 -0.04270930
v -0.02820972 -0.00282907 -0.01885623
v -0.02855200 -0.00284323 -0.00995796
v -0.02842268 -0.00191202 -0.01851353
v -0.02847092 -0.00128052 -0.02134829
v -0.02857595 -0.00124100 -0.01659875
v -0.02857368 -0.00159901 -0.01512691
v -0.02861225 -0.00231926 -0.01095464
v -0.02869897 -0.00162103 -0.01176269
v -0.02870336 -0.00224343 -0.00913139
v -0.02875890 -0.00229639 -0.00736227
v -0.02886387 -0.00167110 -0.00980536
v -0.02763950 -0.00257596 0.02434137
v -0.02755120 -0.00239601 0.02637536
v -0.02464377 -0.00078296 0.06058916
v -0.02852830 -0.00327345 -0.00609816
v -0.02865010 -0.00282130 -0.00550100
v -0.02872336 -0.00264937 -0.00388882
v -0.02851589 -0.00102524 -0.01717639
v -0.02856572 -0.00080633 -0.01735519
v -0.02408640 -0.00338966 0.06236829
v -0.02392792 -0.00479188 0.06247836
v -0.02454032 -0.00172609 0.06109232
v -0.02427607 -0.00079067 0.06197147
v -0.02752286 -0.00404551 -0.03422979
v -0.02756226 -0.00401400 -0.03081820
v -0.02748348 -0.00396511 -0.03766675
v -0.02774810 -0.00406372 -0.02357684
v -0.02802952 -0.00412039 -0.01347538
v -0.02782192 -0.00423949 -0.01838715
v -0.02863527 -0.00303135 -0.00183162
v -0.02681375 -0.00353198 0.03178613
v -0.02741316 -0.00226241 0.02865991
v -0.02469045 -0.00577648 0.05697904
v -0.02887636 -0.00311169 0.00266505
v -0.02875322 -0.00353917 0.00607562
v -0.02429253 -0.00050530 0.06230672
v -0.02675359 -0.00241146 -0.06348592
v -0.02730719 -0.00017175 0.03488559
v -0.02743854 -0.00016004 0.03324792
v -0.02410097 -0.00117236 0.06255993
v -0.02633250 -0.00495909 0.03292405
v -0.02643408 -0.00494182 0.02960868
v -0.02653229 -0.00172895 -0.06483888
v -0.02840447 -0.00427178 0.01140170
v -0.02859488 -0.00377494 0.01032150
v -0.02384738 -0.00535901 0.06240332
v -0.02676601 -0.00125500 -0.06421160
v -0.02690779 -0.00320967 -0.06175576
v -0.02749763 -0.00039263 0.03034745
v -0.02800730 -0.00082893 0.02540088
v -0.02718177 -0.00329305 0.02580551
v -0.02685267 -0.00431593 -0.05911697
v -0.02701162 -0.00432208 -0.05623904
v -0.02732048 -0.00420134 -0.04297888
v -0.02720386 -0.00411165 -0.05156027
v -0.02403668 -0.00635438 0.06030883
v -0.02775008 -0.00021375 0.03009754
v -0.02652652 -0.00049322 0.04187598
v -0.02812153 -0.00001082 0.02752999
v -0.02805162 0.00021869 0.02851441
v -0.02807782 -0.00002529 0.02829418
v -0.02673025 -0.00028274 0.04155763
v -0.02755225 -0.00444936 -0.02552491
v -0.02804180 -0.00435975 -0.00952273
v -0.02817370 -0.00425639 -0.00379706
v -0.02838961 -0.00379809 0.00125781
v -0.02684337 -0.00434889 0.02419353
v -0.02514490 -0.00599475 0.04952041
v -0.02460988 -0.00654449 0.05436953
v -0.02466038 -0.00678676 0.05210650
v -0.02745690 -0.00326347 0.02151681
v -0.02592783 -0.00538407 0.03829292
v -0.02762387 -0.00467783 -0.01879307
v -0.02809676 -0.00499920 0.01373040
v -0.02822395 -0.00461429 0.01566656
v -0.02631169 -0.00122111 -0.06561446
v -0.02544022 -0.00602139 0.04242304
v -0.02404032 -0.00072537 0.06263192
v -0.02415645 -0.00667129 0.05836595
v -0.02895195 -0.00236874 -0.00398726
v -0.02819779 -0.00447804 0.01655367
v -0.02653677 -0.00105807 -0.06379515
v -0.02636888 -0.00443644 -0.06204457
v -0.02706667 -0.00486986 -0.03845559
v -0.02717821 -0.00481271 -0.03431809
v -0.02719582 -0.00485025 -0.03054124
v -0.02691989 -0.00022004 0.03939061
v -0.02684454 -0.00048213 0.03957707
v -0.02707895 -0.00026536 0.03520923
v -0.02581362 -0.00590001 0.03539487
v -0.02516267 -0.00655054 0.04284605
v -0.02835896 -0.00420902 0.00889689
v -0.02820443 -0.00144485 0.02319358
v -0.02823306 -0.00191811 0.02221890
v -0.02621343 -0.00388059 -0.06362225
v -0.02797624 -0.00471512 0.00171183
v -0.02625766 -0.00301354 -0.06456727
v -0.02689980 -0.00476059 -0.05202863
v -0.02693197 -0.00478153 -0.04868227
v -0.02699056 -0.00489790 -0.04317734
v -0.02637470 -0.00533370 0.02487036
v -0.02668700 -0.00488944 0.02118320
v -0.02604036 -0.00175126 -0.06616362
v -0.02886039 -0.00234810 -0.00560117
v -0.02865052 -0.00318031 0.00050062
v -0.02855340 -0.00351747 0.00220126
v -0.02343472 -0.00671855 0.06197971
v -0.02339976 -0.00636709 0.06259903
v -0.02331579 -0.00508671 0.06382414
v -0.02740647 -0.00347986 0.02065872
v -0.02828872 -0.00403312 0.00290299
v -0.02815007 -0.00422562 0.00520578
v -0.02627353 -0.00081713 -0.06500601
v -0.02629615 -0.00108044 -0.06511570
v -0.02680049 -0.00491499 0.01806242
v -0.02340755 -0.00343186 0.06390687
v -0.02344862 0.00026791 0.06422191
v -0.02587802 -0.00609236 0.02834875
v -0.02561280 -0.00637589 0.03331242
v -0.02756785 -0.00545128 0.00309976
v -0.02747818 -0.00548548 0.00762879
v -0.02360735 -0.00035059 0.06382022
v -0.02783842 -0.00242389 0.02222433
v -0.02354358 -0.00069374 0.06376166
v -0.02525346 -0.00680212 0.03693259
v -0.02823826 -0.00403696 0.01749384
v -0.02350422 0.00189982 0.06401831
v -0.02359275 0.00337001 0.06352879
v -0.02818337 -0.00461876 0.01020340
v -0.02818434 -0.00476250 0.01278713
v -0.02874925 -0.00339480 0.00342946
v -0.02561446 -0.00123938 -0.06717947
v -0.02753840 -0.00547772 -0.00177292
v -0.02714129 -0.00563201 -0.01763006
v -0.02689031 -0.00572615 -0.02442394
v -0.02671215 -0.00635502 -0.01829060
v -0.02675802 -0.00647605 -0.01267666
v -0.02748330 -0.00541215 -0.00786646
v -0.02642824 -0.00502082 -0.05957708
v -0.02823038 -0.00250519 0.02086949
v -0.02770832 -0.00339844 0.02000112
v -0.02807231 -0.00439960 0.00686686
v -0.02371219 -0.00699568 0.06016432
v -0.02886806 -0.00297265 0.00039503
v -0.02801339 -0.00456920 0.00827550
v -0.02620368 -0.00576016 0.02027712
v -0.02630405 -0.00552110 -0.05664649
v -0.02559795 -0.00405124 -0.06521324
v -0.02549594 -0.00184208 -0.06726579
v -0.02405968 -0.00708781 0.05683840
v -0.02567070 -0.00472420 -0.06403564
v -0.02723275 -0.00402759 0.01908629
v -0.02301418 0.00225572 0.06491257
v -0.02519067 -0.00344623 -0.06672112
v -0.02629302 -0.00632401 -0.03080278
v -0.02631112 -0.00668587 -0.02420211
v -0.02629813 -0.00624113 -0.03417048
v -0.02816096 -0.00301279 0.01995253
v -0.02747181 -0.00538224 0.00946613
v -0.02293645 -0.00325678 0.06478179
v -0.02628228 -0.00572174 -0.05155609
v -0.02818411 -0.00354187 0.01874758
v -0.02298583 -0.00012619 0.06498443
v -0.02285208 -0.00516944 0.06464616
v -0.02475310 -0.00707805 0.04492045
v -0.02582884 -0.00655764 0.01613784
v -0.02684641 -0.00655903 -0.00100070
v -0.02684190 -0.00656514 0.00300399
v -0.02532764 -0.00686251 0.03199934
v -0.02567688 -0.00659052 0.01967813
v -0.02597307 -0.00100441 -0.06563770
v -0.02810844 -0.00385388 0.01829352
v -0.02295606 -0.00064509 0.06480732
v -0.02574221 -0.00547032 -0.06199073
v -0.02804246 -0.00499846 0.01458829
v -0.02278993 -0.00661649 0.06364952
v -0.02581383 -0.00595993 -0.05963602
v -0.02631158 -0.00598742 -0.03905974
v -0.02618852 -0.00609526 -0.04265046
v -0.02681787 -0.00644193 0.00823735
v -0.02481487 -0.00713180 0.04141462
v -0.02683798 -0.00619306 0.01100299
v -0.02757060 -0.00508146 0.01055845
v -0.02681738 -0.00596735 0.01270227
v -0.02666820 -0.00531373 0.01641553
v -0.02405526 0.00467088 0.06139771
v -0.02292455 0.00388959 0.06458847
v -0.02303356 -0.00708410 0.06246991
v -0.02788991 -0.00481307 0.00989506
v -0.02575503 -0.00627824 -0.05685953
v -0.02570786 -0.00651772 -0.05270767
v -0.02571715 -0.00656565 -0.04929409
v -0.02616318 -0.00622654 0.01542028
v -0.02511659 -0.00445851 -0.06583499
v -0.02638168 -0.00678587 -0.01902555
v -0.02639887 -0.00694127 -0.01340514
v -0.02746792 -0.00512004 0.01217321
v -0.02576183 -0.00672766 -0.03918292
v -0.02568753 -0.00674935 -0.04320879
v -0.02540078 -0.00687429 0.02518508
v -0.02543821 -0.00694877 0.01807427
v -0.02514090 -0.00546800 -0.06416334
v -0.02636163 -0.00696255 0.00926957
v -0.02424266 -0.00735258 0.05186397
v -0.02523922 -0.00616388 -0.06199705
v -0.02306437 -0.00784638 0.06023030
v -0.02337042 -0.00784192 0.05773918
v -0.02352981 -0.00788627 0.05537740
v -0.02611040 -0.00696906 0.01221343
v -0.02525651 -0.00670537 -0.05938962
v -0.02645579 -0.00697933 -0.00626230
v -0.02582938 -0.00690307 0.01459862
v -0.02682819 -0.00574117 0.01363782
v -0.02660879 -0.00574956 0.01509681
v -0.02521683 -0.00735805 0.01562773
v -0.02486804 -0.00124033 -0.06838251
v -0.02645218 -0.00705080 0.00211500
v -0.02741037 -0.00522957 0.01271784
v -0.02499589 -0.00188801 -0.06803245
v -0.02533909 -0.00691752 -0.05320050
v -0.02456668 -0.00768210 0.03521509
v -0.02455466 -0.00775939 0.03229718
v -0.02583821 -0.00687503 -0.03003034
v -0.02406229 -0.00789968 0.04448880
v -0.02386581 -0.00782264 0.05133148
v -0.02414588 -0.00792827 0.04022508
v -0.02188165 -0.00644033 0.06520179
v -0.02713170 -0.00436094 0.01849498
v -0.02717638 -0.00458084 0.01770611
v -0.02239601 -0.00789031 0.06235147
v -0.02457220 -0.00788834 0.01857951
v -0.02450363 -0.00786105 0.02421799
v -0.02458651 -0.00463192 -0.06658561
v -0.02693803 -0.00492372 0.01743214
v -0.02558073 -0.00781385 -0.01423145
v -0.02554387 -0.00752933 -0.02374236
v -0.02508004 -0.00801413 -0.02418184
v -0.02487254 -0.00840304 -0.01883541
v -0.02573737 -0.00774252 -0.00685969
v -0.02526013 -0.00744747 -0.03114512
v -0.02552690 -0.00707614 -0.03482023
v -0.02447251 -0.00787992 -0.04570069
v -0.02453018 -0.00794493 -0.03990465
v -0.02236825 -0.00689685 0.06406272
v -0.02174822 -0.00774983 0.06383050
v -0.02461399 -0.00807923 -0.03399152
v -0.02436411 -0.00840384 -0.03089413
v -0.02463633 -0.00800842 0.01508489
v -0.02563557 -0.00776178 0.00780452
v -0.02565352 -0.00787020 0.00224577
v -0.02508729 -0.00786917 0.01342128
v -0.02535728 -0.00792238 0.01036530
v -0.02457528 -0.00344084 -0.06764830
v -0.02184816 -0.00489079 0.06605064
v -0.02448240 -0.00859503 -0.02468098
v -0.02445373 -0.00568739 -0.06524845
v -0.02190183 -0.00525219 0.06586993
v -0.02476271 -0.00667638 -0.06191909
v -0.02496973 -0.00844102 -0.01325244
v -0.02503755 -0.00842246 -0.00780133
v -0.02507011 -0.00840150 0.00068013
v -0.02287842 -0.00843448 0.05637755
v -0.02406836 -0.00660450 -0.06416666
v -0.02425960 -0.00800108 0.03417436
v -0.02219241 0.00175712 0.06602086
v -0.02196141 0.00019276 0.06633109
v -0.02193206 -0.00308117 0.06609625
v -0.02191518 -0.00072334 0.06616139
v -0.02394782 -0.00865238 -0.03575409
v -0.02367478 -0.00905146 -0.03085652
v -0.02396025 -0.00842237 -0.04250017
v -0.02413378 -0.00894993 -0.02374515
v -0.02435163 -0.00894289 -0.01654516
v -0.02427166 -0.00788894 -0.05366964
v -0.02419335 -0.00777005 -0.05756726
v -0.02789274 -0.00499672 0.01531190
v -0.02384524 -0.00543948 -0.06672413
v -0.02255004 -0.00836119 0.05988770
v -0.02259301 -0.00025336 0.06544180
v -0.02207179 -0.00022579 0.06608329
v -0.02295434 -0.00959633 -0.03424491
v -0.02318543 -0.00958086 -0.02733241
v -0.02364075 -0.00855399 -0.04849366
v -0.02500732 -0.00839680 0.00451139
v -0.02217000 -0.00052076 0.06575662
v -0.02413135 -0.00771279 -0.05935037
v -0.02378806 -0.00750966 -0.06208549
v -0.02436770 -0.00248302 -0.06849175
v -0.02163548 -0.00699225 0.06497533
v -0.02716885 -0.00545588 0.01354027
v -0.02286676 -0.00955666 -0.03623514
v -0.02440244 -0.00893641 -0.01150540
v -0.02387846 -0.00847994 0.01855934
v -0.02393140 -0.00854711 0.01574835
v -0.02419635 -0.00851920 0.01389898
v -0.02318007 -0.00918725 -0.03938079
v -0.02306187 -0.00912000 -0.04442650
v -0.02336667 -0.00426790 -0.06851135
v -0.02182570 -0.00838558 0.06230762
v -0.02197141 0.00344718 0.06606121
v -0.02287462 -0.00665758 -0.06630526
v -0.02407820 -0.00181478 -0.06913925
v -0.02073638 -0.00667817 0.06634748
v -0.02794822 -0.00436590 0.01726864
v -0.02526677 0.00485392 0.05404426
v -0.02069252 -0.00530658 0.06715985
v -0.02074319 -0.00782415 0.06510913
v -0.02784024 -0.00480324 0.01605266
v -0.02291764 -0.00729092 -0.06489631
v -0.02078378 -0.00484027 0.06720376
v -0.02094583 -0.00296830 0.06715684
v -0.02112751 -0.00066462 0.06699401
v -0.02776300 -0.00501113 0.01240340
v -0.02273074 -0.00770609 -0.06426819
v -0.02305507 -0.00806433 -0.06222607
v -0.02317838 -0.00311812 -0.06942767
v -0.02117426 0.00129404 0.06721906
v -0.02607676 0.00509020 0.04595306
v -0.02113024 0.00266233 0.06719673
v -0.02299574 -0.00506186 -0.06816015
v -0.02361249 0.00464665 0.06257059
v -0.02299995 0.00466862 0.06375278
v -0.02189343 0.00407149 0.06592458
v -0.02114695 -0.00012891 0.06719717
v -0.02161012 -0.00025212 0.06651536
v -0.02308237 -0.00582265 -0.06723624
v -0.02094070 0.00380563 0.06716667
v -0.02356898 -0.00123123 -0.06971342
v -0.02163080 -0.00040848 0.06636196
v -0.02760007 -0.00394385 0.01875758
v -0.02283692 -0.00436004 -0.06895227
v -0.02212364 0.00457036 0.06522652
v -0.02107872 -0.00037306 0.06689686
v -0.02711623 -0.00511558 0.01614786
v -0.01998672 -0.00687893 0.06682534
v -0.01981077 -0.00775791 0.06612293
v -0.02054176 0.00018800 0.06770713
v -0.01976965 0.00023094 0.06833699
v -0.01974566 0.00223122 0.06838813
v -0.02010879 -0.00013540 0.06798371
v -0.02035665 -0.00031961 0.06756204
v -0.01951812 -0.00009551 0.06845861
v -0.02075160 0.00456034 0.06689053
v -0.01848078 0.00194020 0.06934641
v -0.01946583 0.00399572 0.06835592
v -0.01838111 0.00327385 0.06932637
v -0.01846600 0.00061351 0.06929626
v -0.01833057 0.00406900 0.06917105
v -0.01831875 0.00014330 0.06921397
v -0.01776997 0.00036823 0.06964103
v -0.02077903 -0.00030993 0.06715681
v -0.01717331 0.00067992 0.07002492
v -0.01707904 0.00195981 0.07014508
v -0.01677951 0.00041312 0.07017104
v -0.01659007 0.00325373 0.07035506
v -0.01604132 0.00081724 0.07059204
v -0.01618092 0.00184685 0.07059479
v -0.01607617 0.00401273 0.07044733
v -0.01556388 0.00046962 0.07074552
v -0.01440753 0.00101471 0.07129587
v -0.01410492 0.00265710 0.07146554
v -0.01408283 0.00349656 0.07139300
v -0.01196679 0.00145246 0.07205674
v -0.01196747 0.00223300 0.07208486
v -0.01200493 0.00323895 0.07203955
v -0.00130552 0.00511538 -0.00347834
v -0.00152683 0.00484364 -0.00164770
v -0.00104559 0.00589470 -0.00223535
v -0.00508196 0.00807283 -0.05924122
v -0.00382062 0.00800166 -0.06021266
v -0.00534024 0.00741210 -0.05944774
v -0.00387888 0.00724648 -0.06059106
v -0.00566186 0.00806908 -0.05867664
v -0.00388590 0.00855205 -0.05971732
v -0.00453762 0.00886461 -0.05890384
v -0.00243036 0.00878070 -0.06028877
v -0.00245710 0.00771439 -0.06108733
v -0.00182749 0.00805096 -0.06111379
v -0.00296107 0.00722859 -0.06105962
v -0.00548714 0.00888584 -0.05791438
v -0.00371728 0.00928237 -0.05888282
v -0.00128330 0.00886166 -0.06055150
v -0.00267342 0.00935673 -0.05934712
v -0.00633651 0.00803832 -0.05785676
v -0.00646965 0.00738580 -0.05820533
v -0.00459902 0.00941128 -0.05793179
v 0.00022828 0.00846319 -0.06122272
v 0.00013493 0.00786977 -0.06163495
v 0.00026309 0.00886114 -0.06085946
v -0.00142485 0.00715778 -0.06164581
v -0.00138096 0.00934061 -0.05984334
v -0.00550093 0.00728626 -0.05959018
v 0.00021305 0.00933148 -0.06013370
v 0.00008848 0.00716065 -0.06186204
v 0.00033072 0.00710983 -0.06224029
v 0.01924606 0.00726965 0.06063222
v 0.01876053 0.00725700 0.06148027
v 0.01895794 0.00638238 0.06140058
v 0.01934552 0.00656646 0.06064139
v 0.01917795 0.00821746 0.06026522
v 0.01860935 0.00805859 0.06136059
v 0.01947658 0.00809655 0.05942359
v 0.01958834 0.00736262 0.05955699
v 0.01965213 0.00657824 0.05962689
v 0.01814707 0.00730496 0.06213802
v 0.01817130 0.00639664 0.06226287
v 0.01792950 0.00818511 0.06201971
v 0.01740125 0.00800392 0.06253244
v 0.01750141 0.00731981 0.06268355
v 0.01737930 0.00642598 0.06296561
v 0.01678855 0.00732673 0.06319489
v 0.01680272 0.00642930 0.06338483
v 0.01647916 0.00797504 0.06313143
v 0.01845853 0.00836304 0.06124043
v 0.01958697 0.00634515 0.06057960
v 0.01556030 0.00723377 0.06383838
v 0.01675463 0.00823598 0.06276828
v 0.01516868 0.00797900 0.06371347
v 0.01910028 0.00868896 0.05953234
v 0.01845874 0.00866411 0.06070353
v 0.01981978 0.00637291 0.05916407
v 0.01759299 0.00867402 0.06149276
v 0.01462264 0.00826931 0.06361364
v 0.01338117 0.00785231 0.06435105
v 0.01290503 0.00820801 0.06411372
v 0.01243736 0.00795310 0.06444429
v 0.01084349 0.00789803 0.06477603
v 0.01963637 0.00661058 0.05882259
v 0.02011314 0.00633365 0.05854087
v 0.01943910 0.00641185 0.05800612
v 0.01988368 0.00626490 0.06294569
v 0.01902510 0.00640601 0.05716861
v 0.01898290 0.00873170 0.05877212
v 0.01906783 0.00812782 0.05807737
v -0.01294157 0.00725710 0.06343637
v -0.01329637 0.00647568 0.06338981
v -0.01232312 0.00649621 0.06407486
v -0.01198932 0.00730868 0.06402995
v -0.01196784 0.00788992 0.06378279
v -0.01104443 0.00726272 0.06444706
v -0.01151439 0.00651690 0.06445588
v -0.01297543 0.00792976 0.06300536
v -0.01383223 0.00731005 0.06250904
v -0.01406371 0.00646969 0.06254866
v -0.01381753 0.00798457 0.06197514
v -0.01440770 0.00728988 0.06155767
v -0.01429142 0.00781957 0.06140879
v -0.01456258 0.00645592 0.06178632
v -0.01237326 0.00828018 0.06304555
v -0.01295868 0.00830276 0.06247820
v -0.01352320 0.00825592 0.06189577
v -0.01425920 0.00833690 0.06036645
v -0.01136521 0.00799596 0.06397116
v -0.01081234 0.00779183 0.06437581
v -0.00963300 0.00725614 0.06488431
v -0.00937055 0.00795579 0.06462516
v -0.00849723 0.00729013 0.06506052
v -0.00803303 0.00779666 0.06498196
v -0.01015003 0.00651700 0.06486609
v -0.00899887 0.00650811 0.06513665
v -0.01007290 0.00822850 0.06421501
v -0.01127026 0.00833171 0.06365975
v -0.00863745 0.00834784 0.06433982
v -0.00686247 0.00793119 0.06503582
v -0.00521866 0.00824006 0.06481313
v -0.00370101 0.00798419 0.06511092
v -0.00080832 0.00823036 0.06493239
v 0.00087824 0.00799452 0.06518601
v 0.00568744 0.00819444 0.06489623
v 0.00592979 0.00797288 0.06510501
v 0.00937783 0.00789566 0.06500163
v 0.00237672 0.00735000 0.06545288
v 0.00532852 0.00734834 0.06540944
v 0.00872040 0.00733542 0.06525448
v -0.00357011 0.00732520 0.06539899
v -0.00675618 0.00730371 0.06526699
v 0.01077776 0.00719974 0.06506324
v 0.01058055 0.00771416 0.06499133
v -0.00127286 0.00649077 0.06551230
v 0.00426655 0.00650243 0.06551822
v 0.00856301 0.00649106 0.06535662
v 0.01073509 0.00647426 0.06518760
v 0.01176464 0.00646125 0.06504818
v 0.01186923 0.00726561 0.06489002
v -0.00722503 0.00650288 0.06530461
v 0.01346797 0.00665856 0.06461579
v 0.01348911 0.00733605 0.06449322
v 0.01379962 0.00644345 0.06460995
v 0.01456468 0.00725880 0.06421272
v 0.01514607 0.00665664 0.06410979
v 0.01548648 0.00642765 0.06404589
v -0.00694490 0.00921277 0.05716594
v -0.00145540 0.00921693 0.05889792
v -0.00099674 0.00928850 0.05690937
v 0.00299142 0.00931224 0.05675417
v 0.00342075 0.00932026 0.05461919
v -0.00168892 0.00926492 0.05528325
v 0.00483352 0.00933873 0.05691939
v -0.00756525 0.00916381 0.05942697
v -0.00975821 0.00914794 0.05737878
v -0.00970028 0.00913391 0.05918081
v -0.00574719 0.00915702 0.05486639
v -0.00956190 0.00907806 0.05563959
v -0.00081388 0.00924669 0.05466118
v 0.00681830 0.00945492 0.05475527
v 0.00666368 0.00939503 0.05685753
v 0.00888470 0.00956144 0.05501123
v 0.00955717 0.00955408 0.05618334
v 0.01120037 0.00959635 0.05591485
v -0.01158638 0.00903172 0.05756317
v -0.01157564 0.00900826 0.05958747
v 0.00395100 0.00915609 0.05982348
v -0.00177727 0.00906703 0.06106968
v -0.00919166 0.00901707 0.06130360
v -0.01154931 0.00889133 0.06132673
v 0.00662710 0.00920899 0.05952927
v 0.01051238 0.00945655 0.05779434
v 0.01281096 0.00951163 0.05729126
v 0.01328308 0.00952610 0.05672044
v 0.00958959 0.00905712 0.06141297
v 0.00554016 0.00892807 0.06224905
v 0.01342865 0.00927724 0.05955231
v -0.00028299 0.00892956 0.06235546
v -0.00626057 0.00888447 0.06254433
v 0.01587359 0.00932984 0.05821438
v 0.01565847 0.00910282 0.06040737
v -0.00983617 0.00888733 0.06219100
v 0.01610442 0.00934327 0.05737948
v 0.01297476 0.00904446 0.06130366
v 0.01014405 0.00892008 0.06231749
v 0.01748053 0.00901710 0.06009161
v 0.00006953 0.00867293 0.06394387
v -0.00569073 0.00864574 0.06397753
v -0.00951411 0.00864272 0.06354157
v 0.00642803 0.00865720 0.06385551
v 0.01817920 0.00902945 0.05915702
v 0.01787246 0.00910357 0.05808358
v 0.01323018 0.00885155 0.06235244
v 0.00974740 0.00862974 0.06377842
v 0.01596984 0.00887443 0.06156851
v -0.01158339 0.00866607 0.06271098
v 0.01546394 0.00937547 0.05669912
v 0.01364944 0.00947677 0.05595855
v -0.01147432 0.00896467 0.05586706
v -0.01332067 0.00874172 0.05986155
v -0.01336666 0.00877175 0.05821477
v 0.01088723 0.00955868 0.05525868
v 0.01230031 0.00949611 0.05542855
v 0.00628103 0.00937505 0.05387062
v -0.01303652 0.00867232 0.06113944
v 0.00315014 0.00922039 0.05356713
v 0.01337693 0.00862765 0.06327769
v 0.01593699 0.00867399 0.06240527
v 0.01692103 0.00922572 0.05730898
v -0.01315007 0.00874497 0.05625958
v -0.00932427 0.00896594 0.05453509
v 0.01805022 0.00888514 0.06035847
v -0.00582799 0.00901377 0.05379475
v -0.01269201 0.00874178 0.05540778
v -0.01176624 0.00872225 0.05431089
v -0.00882372 0.00880949 0.05356914
v 0.00857804 0.00943643 0.05446834
v -0.01436056 0.00844280 0.05720147
v -0.00378786 0.00885135 0.05283394
v 0.00142294 0.00907831 0.05310676
v 0.00543920 0.00918155 0.05321604
v -0.01434919 0.00842967 0.05940937
v -0.01238514 0.00850154 0.05379760
v -0.01366979 0.00840341 0.05489420
v -0.01423540 0.00837088 0.05610401
v -0.00107316 0.00840134 0.06462425
v 0.00619079 0.00832938 0.06464190
v -0.00632282 0.00875252 0.05294380
v -0.01330719 0.00823773 0.05368019
v 0.00178551 0.00895973 0.05268851
v 0.00403976 0.00900130 0.05276614
v -0.01018080 0.00851234 0.05313177
v 0.01074965 0.00828948 0.06436031
v 0.01845320 0.00879735 0.05769816
v 0.01781222 0.00886521 0.05713773
v -0.01401348 0.00800221 0.05385683
v -0.01407832 0.00794338 0.05307423
v -0.01333726 0.00815032 0.05313579
v -0.01199514 0.00831861 0.05326434
v -0.01327509 0.00825825 0.05276544
v -0.01147708 0.00834760 0.05279231
v -0.01090727 0.00829118 0.05303156
v -0.01007423 0.00819032 0.05264474
v -0.00912667 0.00810669 0.05248550
v -0.00809724 0.00844688 0.05266352
v -0.00901725 0.00818168 0.05221471
v -0.01380495 0.00837761 0.05199068
v -0.01265706 0.00865612 0.05202004
v -0.01336536 0.00860176 0.05146944
v -0.01417944 0.00835108 0.05141512
v -0.01378996 0.00860462 0.05029292
v -0.01443052 0.00836923 0.05033648
v -0.01385973 0.00863849 0.04886519
v -0.01450459 0.00838242 0.04926188
v -0.01423804 0.00842957 0.04750500
v -0.01376971 0.00862509 0.04782009
v -0.01351412 0.00869252 0.04719406
v -0.01143668 0.00860341 0.05234155
v -0.01306918 0.00876527 0.04646815
v -0.01401329 0.00838460 0.04633632
v -0.01283946 0.00870589 0.04542942
v -0.01249786 0.00879674 0.04580504
v -0.01178525 0.00883316 0.04517754
v -0.01059119 0.00872138 0.04261966
v -0.01091633 0.00886343 0.04449233
v -0.00973069 0.00889204 0.04361793
v -0.00970714 0.00881664 0.04226732
v -0.00834165 0.00902779 0.04245257
v -0.00743873 0.00898856 0.04146627
v -0.01240851 0.00862210 0.04429611
v -0.00929974 0.00876467 0.04169718
v -0.00814815 0.00935790 0.04383661
v -0.00739280 0.00929284 0.04248792
v -0.00695257 0.00949268 0.04345241
v -0.00916890 0.00933076 0.04493096
v -0.00828249 0.00947742 0.04554421
v -0.00766749 0.00952817 0.04590887
v -0.00513217 0.00960796 0.04403198
v -0.00599132 0.00955084 0.04613909
v -0.00701440 0.00951400 0.04713468
v -0.00181787 0.00960760 0.04392992
v -0.00374151 0.00952555 0.04677086
v -0.00013832 0.00953601 0.04544542
v 0.00061221 0.00944742 0.04675810
v 0.00194867 0.00947879 0.04428401
v 0.00334684 0.00934270 0.04542187
v 0.00120092 0.00948150 0.04283374
v -0.00567327 0.00938380 0.04832827
v -0.00083797 0.00934040 0.04812954
v -0.00682329 0.00945515 0.04814464
v -0.00118618 0.00953567 0.04244590
v -0.00516425 0.00951906 0.04245640
v -0.00750751 0.00959201 0.04679880
v 0.00314047 0.00920392 0.04766168
v 0.00098226 0.00924308 0.04836708
v 0.00328749 0.00934946 0.04363163
v 0.00295715 0.00929247 0.04244755
v -0.00105289 0.00915435 0.04923595
v -0.00528460 0.00918280 0.04927597
v 0.00381304 0.00928447 0.04458399
v 0.00193631 0.00906284 0.04905644
v -0.00675791 0.00913727 0.04976515
v -0.00642278 0.00935237 0.04202644
v -0.00108638 0.00943727 0.04175098
v 0.00174250 0.00933582 0.04192276
v 0.00405239 0.00910678 0.04690201
v -0.00181768 0.00876019 0.05086755
v 0.00132967 0.00885200 0.05005017
v -0.00044836 0.00877328 0.05066920
v -0.00535918 0.00938461 0.04179248
v -0.00477588 0.00878209 0.05067564
v -0.00614795 0.00887174 0.05039688
v 0.00323510 0.00872321 0.04966013
v 0.00390466 0.00892067 0.04822420
v -0.00175920 0.00857239 0.05139517
v -0.00751554 0.00883420 0.05077000
v -0.00940992 0.00930214 0.04480249
v 0.00402623 0.00908457 0.04316721
v 0.00041518 0.00847943 0.05126265
v 0.00424172 0.00913978 0.04465285
v -0.00905535 0.00994661 0.04687735
v -0.00830921 0.00994045 0.04805887
v -0.00963489 0.01007479 0.04824944
v -0.01019920 0.01001484 0.04741379
v -0.01100432 0.01001572 0.04827922
v -0.01008583 0.01002435 0.04947459
v -0.00914679 0.01002461 0.04892587
v -0.01149686 0.00990079 0.04943774
v -0.01139139 0.00974941 0.05061651
v -0.01015687 0.00986255 0.05039296
v -0.00925938 0.00987803 0.05001124
v -0.01200376 0.00982645 0.04826817
v -0.01204244 0.00965946 0.05054680
v -0.01113820 0.00984290 0.04690284
v -0.01000212 0.00978939 0.04604129
v -0.01272008 0.00961973 0.04953325
v -0.00793324 0.00976839 0.04894233
v -0.00925321 0.00976200 0.04599939
v -0.01277278 0.00959573 0.04825709
v -0.01313629 0.00936374 0.05043636
v -0.01193473 0.00965702 0.04701848
v -0.00783535 0.00953004 0.04988448
v -0.01089444 0.00967766 0.04615508
v -0.01226524 0.00929990 0.05140495
v -0.01301508 0.00924627 0.05096586
v -0.01161613 0.00937548 0.05146888
v 0.00202829 0.00850635 0.05067789
v 0.00280628 0.00857408 0.05022321
v -0.00543585 0.00847673 0.05132583
v -0.00691494 0.00852345 0.05108584
v -0.01018958 0.00953344 0.05111441
v 0.00078111 0.00915277 0.04125945
v -0.01330339 0.00936350 0.04938861
v -0.00702473 0.00938725 0.04896089
v -0.00744774 0.00925031 0.05007770
v -0.01325532 0.00937193 0.04835304
v -0.01344815 0.00835769 0.04493459
v -0.00512474 0.00917143 0.04127165
v -0.00160639 0.00920690 0.04123489
v 0.00225127 0.00905624 0.04143538
v -0.01430643 0.00777984 0.05330687
v -0.01308229 0.00929857 0.04749635
v -0.01006667 0.00923228 0.04482248
v 0.00323118 0.00850318 0.05015038
v -0.01446011 0.00803113 0.05529904
v 0.01087950 0.00940444 0.05490490
v -0.01176912 0.00836389 0.04278503
v -0.00892857 0.00949179 0.05066724
v 0.00381082 0.00865018 0.04918174
v -0.01179217 0.00933926 0.04601240
v 0.01658823 0.00901684 0.05652965
v 0.01518583 0.00910029 0.05594071
v -0.00820408 0.00798359 0.05203008
v 0.00337220 0.00904187 0.04212039
v -0.01260789 0.00833814 0.04366708
v -0.01250297 0.00933497 0.04675080
v -0.00997560 0.00878778 0.05187441
v 0.00370836 0.00853070 0.04963571
v -0.00786978 0.00819109 0.05237775
v -0.01447815 0.00799536 0.05204439
v -0.00797271 0.00874190 0.04117252
v 0.00420907 0.00851796 0.04899945
v -0.01013993 0.00840990 0.04154765
v -0.00421619 0.00864555 0.05249981
v 0.00530442 0.00902597 0.05291864
v -0.00165851 0.00846556 0.05201679
v 0.00704720 0.00909655 0.05361247
v -0.00918556 0.00851291 0.04120920
v -0.00719697 0.00793216 0.05193596
v -0.00701136 0.00817437 0.05149199
v -0.00549091 0.00799425 0.05190131
v -0.00195042 0.00833881 0.05162995
v -0.00131908 0.00832878 0.05186058
v 0.00041345 0.00821330 0.05146895
v 0.00055163 0.00815346 0.05177925
v 0.00158789 0.00775888 0.05143525
v 0.00168526 0.00870678 0.05227111
v -0.01164964 0.00892138 0.05191586
v 0.00163037 0.00792714 0.05173407
v -0.00523328 0.00894666 0.04096608
v -0.00166609 0.00900811 0.04092174
v 0.00268821 0.00848405 0.05205343
v 0.01391366 0.00917620 0.05558143
v -0.00893295 0.00834308 0.04086752
v 0.00422700 0.00873912 0.04801490
v -0.00787125 0.00850339 0.04081542
v -0.00662912 0.00852495 0.04076612
v 0.00062273 0.00893751 0.04096468
v 0.00276511 0.00832550 0.05052591
v -0.01367396 0.00899269 0.04912849
v 0.00152642 0.00825369 0.05110197
v 0.00290488 0.00870772 0.04142047
v 0.00132703 0.00855990 0.04085044
v -0.00405270 0.00869063 0.04070814
v 0.00244825 0.00789732 0.05095763
v -0.00010285 0.00867598 0.04073102
v 0.00206816 0.00867000 0.04110029
v -0.00315477 0.00804004 0.04038765
v -0.00518714 0.00801274 0.04043964
v -0.00775773 0.00799230 0.04057949
v -0.00121955 0.00802846 0.04042086
v -0.00220562 0.00808608 0.01488997
v -0.00222840 0.00808056 0.01607518
v -0.00197508 0.00730533 0.01503016
v -0.00207948 0.00730651 0.01661552
v -0.00182443 0.00651389 0.01523634
v -0.00198740 0.00650352 0.01671300
v -0.00196467 0.00651443 0.01381653
v -0.00212026 0.00733592 0.01376195
v -0.00231649 0.00807939 0.01384460
v -0.00249758 0.00807280 0.01728378
v -0.00249392 0.00733841 0.01788720
v -0.00260216 0.00788833 0.01781989
v -0.00251367 0.00666659 0.01819014
v -0.00254328 0.00651618 0.01839156
v -0.00305213 0.00730383 0.01886078
v -0.00311818 0.00806732 0.01854053
v -0.00307334 0.00891495 0.01677141
v -0.00277177 0.00877299 0.01602733
v -0.00274956 0.00876223 0.01456737
v -0.00356697 0.00895781 0.01778971
v -0.00276684 0.00845737 0.01332736
v -0.00259000 0.00733937 0.01249649
v -0.00278692 0.00808518 0.01263021
v -0.00250604 0.00652403 0.01229714
v -0.00379752 0.00807342 0.01934538
v -0.00408844 0.00895950 0.01857329
v -0.00315968 0.00907347 0.01603167
v -0.00315257 0.00903010 0.01425289
v -0.00358865 0.00650693 0.01964568
v -0.00381490 0.00728839 0.01966818
v -0.00325825 0.00823841 0.01200458
v -0.00477253 0.00891137 0.01931924
v -0.00357566 0.00893259 0.01278515
v -0.00329368 0.00735356 0.01146243
v -0.00290248 0.00652209 0.01167165
v -0.00421057 0.00876237 0.01161683
v -0.00364381 0.00648370 0.02110671
v -0.00208023 0.00805931 -0.00416448
v -0.00178421 0.00811761 -0.00258201
v -0.00157642 0.00729020 -0.00340293
v -0.00141949 0.00739642 -0.00219717
v -0.00202157 0.00753089 -0.00466761
v -0.00135148 0.00650643 -0.00343203
v -0.00186517 0.00649574 -0.00505699
v -0.00116845 0.00648304 -0.00181022
v -0.00140384 0.00747283 -0.00114756
v -0.00118920 0.00645838 -0.00055750
v -0.00141808 0.00720907 -0.00002663
v -0.00172815 0.00807875 -0.00074690
v -0.00225462 0.00858291 -0.00333881
v -0.00262585 0.00823770 -0.00526088
v -0.00268849 0.00787147 -0.00579949
v -0.00222860 0.00877263 -0.00214660
v -0.00243828 0.00651438 -0.00614482
v -0.00285842 0.00889916 -0.00446828
v -0.00225007 0.00876299 -0.00064821
v -0.00283332 0.00913799 -0.00349616
v -0.00333068 0.00819273 -0.00637889
v -0.00257656 0.00910144 -0.00105343
v -0.00368090 0.00893676 -0.00576213
v -0.00308511 0.00650758 -0.00703155
v -0.00358876 0.00732084 -0.00725194
v -0.00399748 0.00803020 -0.00722680
v -0.00366318 0.00650336 -0.00769654
v -0.00400741 0.00844091 -0.00683651
v -0.00496971 0.00770308 -0.00821855
v -0.00447778 0.00650713 -0.00839245
v -0.00478731 0.00826461 -0.00768748
v -0.00504469 0.00890273 -0.00716932
v -0.00560645 0.00823968 -0.00823594
v -0.00547482 0.00674314 -0.00889462
v -0.00577517 0.00645812 -0.00922969
v -0.00614303 0.00771632 -0.00882109
v -0.00630818 0.00893746 -0.00784329
v -0.00651987 0.00652331 -0.00939611
v -0.00748900 0.00647934 -0.00964567
v 0.01074301 0.00867455 -0.02208204
v 0.01268080 0.00853311 -0.02180174
v 0.01231553 0.00795328 -0.02214525
v 0.01072249 0.00787111 -0.02242855
v 0.01226910 0.00696631 -0.02248405
v 0.01062549 0.00719696 -0.02258920
v 0.00910720 0.00866227 -0.02207400
v 0.00879793 0.00783360 -0.02237987
v 0.00859819 0.00714739 -0.02251151
v 0.00807322 0.00871263 -0.02182285
v 0.00740560 0.00792178 -0.02196015
v 0.00754082 0.00860604 -0.02175575
v 0.00751882 0.00717550 -0.02218277
v 0.00811671 0.00694634 -0.02251102
v 0.00963037 0.00697115 -0.02271224
v 0.01139896 0.00697585 -0.02264860
v 0.00699701 0.00695669 -0.02207158
v 0.00622382 0.00719027 -0.02161436
v 0.00627947 0.00791386 -0.02142698
v 0.00644211 0.00857982 -0.02121177
v 0.00598520 0.00696449 -0.02170205
v 0.00814270 0.00899046 -0.02160432
v 0.01303507 0.00793529 -0.02188555
v 0.01262610 0.00720309 -0.02226320
v 0.00904550 0.00906740 -0.02167837
v 0.01060857 0.00906247 -0.02170098
v 0.01392572 0.00688658 -0.02174850
v 0.01416405 0.00797039 -0.02126638
v 0.01384077 0.00866069 -0.02108450
v 0.01245314 0.00893748 -0.02144401
v 0.01483443 0.00682223 -0.02113132
v 0.00692102 0.00900414 -0.02100504
v 0.00552280 0.00697007 -0.02115442
v 0.00565399 0.00791844 -0.02085297
v 0.00623346 0.00869515 -0.02087020
v 0.00580068 0.00851886 -0.02069946
v 0.00579741 0.00877504 -0.02031406
v 0.01069378 0.00802630 0.02350282
v 0.01230935 0.00712451 0.02353529
v 0.01092170 0.00729431 0.02334226
v 0.01189486 0.00803763 0.02369658
v 0.01243158 0.00661240 0.02344763
v 0.01088045 0.00672329 0.02327205
v 0.00985874 0.00730335 0.02335902
v 0.00891384 0.00804242 0.02362503
v 0.00859906 0.00663811 0.02338248
v 0.01263600 0.00817917 0.02398487
v 0.01309169 0.00727745 0.02390845
v 0.01364116 0.00648985 0.02399897
v 0.00773349 0.00663488 0.02368765
v 0.00746515 0.00806444 0.02415162
v 0.01258293 0.00648040 0.02337298
v 0.01058451 0.00650132 0.02309438
v 0.00926378 0.00859771 0.02402587
v 0.01168071 0.00868253 0.02417053
v 0.01071969 0.00858995 0.02396272
v 0.00836552 0.00849935 0.02412243
v 0.00878212 0.00651304 0.02321230
v 0.00750065 0.00649729 0.02370382
v 0.00682255 0.00735644 0.02435532
v 0.00687884 0.00663608 0.02417583
v 0.01061645 0.00898925 0.02437605
v 0.01389136 0.00728421 0.02440280
v 0.01373221 0.00805356 0.02453808
v 0.01403615 0.00663638 0.02436187
v 0.01329300 0.00872071 0.02482419
v 0.01453126 0.00808647 0.02515149
v 0.00918351 0.00893967 0.02441688
v 0.01227874 0.00915015 0.02493189
v 0.00718236 0.00854368 0.02473202
v 0.00769165 0.00892719 0.02488080
v 0.01415459 0.00876460 0.02549603
v 0.01475387 0.00646474 0.02488062
v 0.01328517 0.00913210 0.02542909
v 0.00613806 0.00809974 0.02514486
v 0.01505716 0.00638326 0.02314145
v 0.01628962 0.00776433 0.03210819
v 0.01580015 0.00742531 0.03334574
v 0.01594701 0.00645794 0.03353995
v 0.01648071 0.00644661 0.03250821
v 0.01570149 0.00797836 0.03309194
v 0.01680555 0.00644218 0.03146759
v 0.01665521 0.00726401 0.03125198
v 0.01539940 0.00645679 0.03426645
v 0.01498351 0.00732700 0.03441649
v 0.01504375 0.00813482 0.03391448
v 0.01460468 0.00800922 0.03444176
v 0.01565215 0.00841010 0.03255531
v 0.01483408 0.00663193 0.03474060
v 0.01457590 0.00644455 0.03513064
v 0.01401302 0.00734552 0.03518856
v 0.01429458 0.00821369 0.03456168
v 0.01391905 0.00800685 0.03500726
v 0.01405316 0.00662298 0.03534926
v 0.01333569 0.00646116 0.03579830
v 0.01287361 0.00740148 0.03573916
v 0.01276828 0.00794202 0.03561845
v 0.01483641 0.00886819 0.03303408
v 0.01318827 0.00842212 0.03504016
v 0.01412257 0.00882825 0.03385424
v 0.01548101 0.00888638 0.03184578
v 0.01621896 0.00825084 0.03125182
v 0.01608574 0.00867465 0.02982088
v 0.01573224 0.00899032 0.03001206
v 0.01269330 0.00881189 0.03476603
v 0.01210957 0.00830868 0.03552258
v 0.01136635 0.00819340 0.03577779
v 0.01194783 0.00730870 0.03600025
v 0.01214105 0.00661937 0.03610716
v 0.01235843 0.00645523 0.03618133
v 0.01121749 0.00879730 0.03509665
v 0.00976903 0.00825339 0.03563192
v 0.00839162 0.00937500 0.02812580
v 0.00808802 0.00933256 0.03073843
v 0.01127281 0.00940096 0.02982035
v 0.01059389 0.00939302 0.02734428
v 0.01159970 0.00931049 0.03217457
v 0.00880884 0.00926996 0.03215877
v 0.01329238 0.00932529 0.03135840
v 0.00643730 0.00927271 0.02958513
v 0.01340368 0.00936639 0.02908530
v 0.01493627 0.00928413 0.03061512
v 0.01205513 0.00934962 0.02629685
v 0.01472904 0.00928934 0.02804510
v 0.01001640 0.00931548 0.02561809
v 0.00686077 0.00926983 0.02692755
v 0.01301871 0.00926749 0.02564168
v 0.00727372 0.00921960 0.02587953
v 0.01408098 0.00922616 0.03242966
v 0.00690011 0.00918893 0.03209918
v 0.01117959 0.00914798 0.03391558
v 0.01291906 0.00913212 0.03380845
v 0.00808692 0.00912145 0.03334213
v 0.00576591 0.00913394 0.03102196
v 0.00585434 0.00919533 0.02885042
v 0.00673533 0.00906230 0.03293997
v 0.00954010 0.00907513 0.03398087
v 0.01036884 0.00922655 0.02487849
v 0.01227874 0.00915015 0.02493189
v 0.01452616 0.00914243 0.03261611
v 0.01428054 0.00918548 0.02645710
v 0.01474798 0.00922608 0.02743695
v 0.01542056 0.00918268 0.02965234
v 0.00815023 0.00913342 0.02508616
v 0.00635802 0.00917012 0.02691255
v 0.01118135 0.00897244 0.03469644
v 0.00555033 0.00891209 0.03204248
v 0.00542794 0.00906654 0.02878650
v 0.00781903 0.00880731 0.03429325
v 0.01533699 0.00912941 0.03095924
v 0.00525517 0.00897300 0.03078815
v 0.00976316 0.00879255 0.03490037
v 0.00662025 0.00879408 0.03370315
v 0.00612403 0.00882280 0.03314778
v 0.01549401 0.00904011 0.02849443
v 0.00550627 0.00890379 0.02741529
v 0.00623897 0.00897086 0.02628013
v 0.01328517 0.00913210 0.02542909
v 0.00918351 0.00893967 0.02441688
v 0.01061645 0.00898925 0.02437605
v 0.00769165 0.00892719 0.02488080
v 0.00826028 0.00847780 0.03500933
v 0.00483164 0.00872768 0.03014310
v 0.00941383 0.00853453 0.03523175
v 0.01477521 0.00888299 0.02641343
v 0.01415459 0.00876460 0.02549603
v 0.00656940 0.00862956 0.02532820
v 0.01544243 0.00873799 0.02729738
v 0.00545020 0.00855056 0.03265563
v 0.01621452 0.00802466 -0.01375900
v 0.01632558 0.00722146 -0.01319029
v 0.01684261 0.00719306 -0.01449030
v 0.01654076 0.00801316 -0.01472933
v 0.01649573 0.00646450 -0.01315118
v 0.01681353 0.00644993 -0.01388084
v 0.01559636 0.00792535 -0.01261818
v 0.01581988 0.00729073 -0.01244850
v 0.01593665 0.00648882 -0.01229235
v 0.01710934 0.00646385 -0.01512180
v 0.01667506 0.00804127 -0.01562987
v 0.01695562 0.00744262 -0.01627762
v 0.01708645 0.00665831 -0.01565569
v 0.01664553 0.00802587 -0.01695374
v 0.01624890 0.00839092 -0.01485602
v 0.01596508 0.00835423 -0.01395002
v 0.01633037 0.00846354 -0.01657717
v 0.01540343 0.00834785 -0.01298418
v 0.01700647 0.00650404 -0.01734757
v 0.01674500 0.00728341 -0.01770859
v 0.01622312 0.00809266 -0.01839011
v 0.01609360 0.00838811 -0.01819490
v 0.01639209 0.00727748 -0.01867020
v 0.01567340 0.00809426 -0.01955554
v 0.01630718 0.00659402 -0.01909029
v 0.01562260 0.00723800 -0.02016370
v 0.01580465 0.00674231 -0.02003190
v 0.01544921 0.00873158 -0.01880210
v 0.01549887 0.00843429 -0.01943368
v 0.01508162 0.00798523 -0.02041975
v 0.01455679 0.00859522 -0.02052642
v 0.01571107 0.00878999 -0.01744121
v 0.01445979 0.00882040 -0.02032617
v 0.01483443 0.00682223 -0.02113132
v 0.01656122 0.00658441 -0.01930018
v 0.01416405 0.00797039 -0.02126638
v 0.01384077 0.00866069 -0.02108450
v 0.01845939 0.00663080 -0.02150419
v 0.01542285 0.00686642 -0.02219849
v 0.02032799 0.00651327 -0.02130683
v 0.01458781 0.00664600 -0.01113281
v 0.01361616 0.00712406 -0.01087319
v 0.01373877 0.00673749 -0.01078753
v 0.01404337 0.00794675 -0.01141036
v 0.01461923 0.00723022 -0.01140302
v 0.01507151 0.00792651 -0.01206946
v 0.01527107 0.00727854 -0.01188631
v 0.01538744 0.00651543 -0.01172097
v 0.01479095 0.00673070 -0.01137653
v 0.01295668 0.00806800 -0.01116340
v 0.01208449 0.00731383 -0.01059914
v 0.01258967 0.00695965 -0.01056417
v 0.01183872 0.00676262 -0.01020873
v 0.01345070 0.00839463 -0.01157597
v 0.01439566 0.00841667 -0.01214449
v 0.01159681 0.00792965 -0.01094298
v 0.01093559 0.00768105 -0.01077394
v 0.01091718 0.00721128 -0.01050069
v 0.01034976 0.00678777 -0.01017060
v 0.01203028 0.00848809 -0.01143533
v 0.00977042 0.00695587 -0.01041159
v 0.00981795 0.00849442 -0.01144799
v 0.00906495 0.00805550 -0.01118524
v 0.00873392 0.00842317 -0.01146697
v 0.00896632 0.00720276 -0.01076301
v 0.01273859 0.00676717 -0.01037602
v 0.00796528 0.00682392 -0.01059963
v 0.00818797 0.00810116 -0.01145706
v 0.00797588 0.00709843 -0.01094060
v 0.00909654 0.00680700 -0.01019906
v 0.00770657 0.00849561 -0.01199116
v 0.00692013 0.00819644 -0.01209408
v 0.00760544 0.00724177 -0.01125003
v 0.00672766 0.00684890 -0.01127627
v 0.00575177 0.00687130 -0.01182433
v 0.00570636 0.00769909 -0.01243556
v 0.00656053 0.00848499 -0.01256914
v 0.01419358 0.00662901 -0.01059117
v 0.00613076 0.00678116 -0.01140849
v 0.00589960 0.00836212 -0.01290898
v 0.00649668 0.00886547 -0.01324286
v 0.01552809 0.00651442 -0.00977134
v 0.00536237 0.00864030 -0.01398417
v 0.00551089 0.00895638 -0.01445874
v 0.00541368 0.00671561 -0.01195141
v 0.00501345 0.00654846 -0.01077863
v 0.00486107 0.00651643 -0.01243697
v 0.00725530 0.00924116 -0.01484425
v 0.01109342 0.00908435 -0.01323962
v 0.01071220 0.00925236 -0.01553741
v 0.00832844 0.00907949 -0.01326154
v 0.00883876 0.00929863 -0.01620963
v 0.01254793 0.00908462 -0.01384265
v 0.01307973 0.00917209 -0.01602303
v 0.00682819 0.00930776 -0.01737169
v 0.01076317 0.00928986 -0.01861622
v 0.00887411 0.00931545 -0.01887718
v 0.01318386 0.00917178 -0.01745965
v 0.01282092 0.00917132 -0.01925937
v 0.00572688 0.00919870 -0.01556260
v 0.00563032 0.00923665 -0.01687055
v 0.01088372 0.00921871 -0.02089481
v 0.00907414 0.00924730 -0.02080075
v 0.00665725 0.00924699 -0.01959385
v 0.01268242 0.00911359 -0.02079996
v 0.01461314 0.00898163 -0.01508474
v 0.01489629 0.00896425 -0.01823668
v 0.01425889 0.00894668 -0.01995096
v 0.00728369 0.00919877 -0.02055417
v 0.01307636 0.00896534 -0.01313143
v 0.00658555 0.00914276 -0.01417769
v 0.00558006 0.00919450 -0.01812858
v 0.01466016 0.00878315 -0.01331909
v 0.01577286 0.00879202 -0.01612937
v 0.01288922 0.00882227 -0.01225707
v 0.01397872 0.00878456 -0.01272246
v 0.01087691 0.00887501 -0.01214911
v 0.01558817 0.00877097 -0.01494636
v 0.00932101 0.00885322 -0.01221957
v 0.01060857 0.00906247 -0.02170098
v 0.00904550 0.00906740 -0.02167837
v 0.00792078 0.00889353 -0.01263722
v 0.01520174 0.00867424 -0.01363939
v 0.00590653 0.00903801 -0.01987050
v 0.00542020 0.00902144 -0.01918555
v 0.00516069 0.00905201 -0.01581863
v 0.00814270 0.00899046 -0.02160432
v 0.01245314 0.00893748 -0.02144401
v 0.00497190 0.00901009 -0.01751743
v 0.00692102 0.00900414 -0.02100504
v 0.00579741 0.00877504 -0.02031406
v 0.00623346 0.00869515 -0.02087020
v 0.00528569 0.00870754 -0.01961685
v 0.00461328 -0.00125381 -0.07320407
v 0.01085941 -0.00124469 -0.07308263
v 0.00826007 -0.00127434 -0.07328583
v 0.00426794 -0.00127840 -0.07334815
v 0.01194986 -0.00130424 -0.07311719
v 0.01379154 -0.00125273 -0.07276893
v 0.01742231 0.00740344 0.04397816
v 0.01733251 0.00739956 0.04525319
v 0.01752960 0.00647414 0.04440612
v 0.01721533 0.00815020 0.04517397
v 0.01740494 0.00664762 0.04522405
v 0.01724907 0.00813796 0.04370175
v 0.01747766 0.00642388 0.04529479
v 0.01746818 0.00648218 0.04376855
v 0.01726504 0.00735511 0.04335550
v 0.01683485 0.00809801 0.04617872
v 0.01703753 0.00660825 0.04618236
v 0.01696622 0.00641756 0.04652705
v 0.01680151 0.00854982 0.04577359
v 0.01654202 0.00651101 0.04691326
v 0.01631558 0.00813007 0.04682417
v 0.01624752 0.00874893 0.04635889
v 0.01687355 0.00862820 0.04488906
v 0.01588189 0.00641892 0.04757753
v 0.01584944 0.00661014 0.04747064
v 0.01583797 0.00814549 0.04722810
v 0.01560273 0.00875015 0.04699037
v 0.01670322 0.00875062 0.04361164
v 0.01672737 0.00854769 0.04306528
v 0.01699742 0.00647715 0.04257741
v 0.01692295 0.00736416 0.04262323
v 0.01680152 0.00815555 0.04269619
v 0.01615659 0.00871866 0.04250779
v 0.01770354 0.00642620 0.04406347
v 0.01727542 0.00642284 0.04248091
v 0.01658191 0.00646565 0.04208630
v 0.00326692 0.00784933 -0.06097965
v 0.00446361 0.00720532 -0.06055777
v 0.00318685 0.00716603 -0.06136103
v 0.00419297 0.00783814 -0.06039778
v 0.00551451 0.00725589 -0.05981234
v 0.00474324 0.00827275 -0.05973377
v 0.00541729 0.00833116 -0.05918671
v 0.00327209 0.00870843 -0.06034216
v 0.00610720 0.00806162 -0.05872039
v 0.00456223 0.00913673 -0.05902619
v 0.00563860 0.00883465 -0.05849723
v 0.00653054 0.00728513 -0.05875803
v 0.00239392 0.00820787 -0.06103168
v 0.00339508 0.00930624 -0.05953322
v 0.00639096 0.00886223 -0.05742947
v 0.00527413 0.00930313 -0.05814199
v 0.00709591 0.00809422 -0.05721427
v 0.00624514 0.00932376 -0.05676978
v 0.00140137 0.00882398 -0.06073142
v 0.00194459 0.00932453 -0.05991010
v 0.00022828 0.00846319 -0.06122272
v 0.00026309 0.00886114 -0.06085946
v 0.00021305 0.00933148 -0.06013370
v 0.00114729 0.00778188 -0.06151203
v 0.00013493 0.00786977 -0.06163495
v 0.00197241 0.00716978 -0.06166621
v 0.00033072 0.00710983 -0.06224029
v 0.00008848 0.00716065 -0.06186204
v -0.01471893 0.00660526 -0.01602568
v -0.01335088 0.00699457 -0.01570330
v -0.01435689 0.00698167 -0.01652085
v -0.01388469 0.00658428 -0.01512361
v -0.01297903 0.00688560 -0.01517091
v -0.01228291 0.00730863 -0.01545521
v -0.01256034 0.00683101 -0.01464858
v -0.01140500 0.00711412 -0.01420432
v -0.01151939 0.00680203 -0.01363890
v -0.01594073 0.00672575 -0.01706133
v -0.01478693 0.00733386 -0.01738351
v -0.01596086 0.00726098 -0.01816406
v -0.01689501 0.00654478 -0.01721896
v -0.01764968 0.00658165 -0.01801459
v -0.01735618 0.00724461 -0.01913362
v -0.01822944 0.00648438 -0.01834699
v -0.01353140 0.00729460 -0.01631311
v -0.01341623 0.00657640 -0.01455420
v -0.01557882 0.00648063 -0.01605134
v -0.01050134 0.00718849 -0.01381230
v -0.01256743 0.00657927 -0.01369750
v -0.01769893 0.00718288 -0.01947480
v -0.01877150 0.00680197 -0.01923784
v -0.01754472 0.00649054 -0.01740285
v -0.01392348 0.00742252 -0.01715346
v -0.01237726 0.00742163 -0.01608322
v -0.01079033 0.00735409 -0.01476569
v -0.01976655 0.00647878 -0.01844319
v -0.00851478 0.00738846 -0.01452055
v -0.00855124 0.00690201 -0.01295919
v -0.00976681 0.00690240 -0.01298867
v -0.01077118 0.00686042 -0.01324147
v -0.01045105 0.00665547 -0.01190360
v -0.00846877 0.00670770 -0.01224209
v -0.01212244 0.00664003 -0.01287487
v -0.01157534 0.00673684 -0.01318037
v -0.01089751 0.00712677 -0.01350173
v -0.01099730 0.00670317 -0.01220622
v -0.01182609 0.00653050 -0.01148950
v -0.01304522 0.00647101 -0.01261589
v -0.01382386 0.00645541 -0.01316428
v -0.01216804 0.00660313 -0.01218132
v -0.01148998 0.00667028 -0.01199258
v -0.01121491 0.00710104 -0.01354497
v 0.00570100 0.00820462 -0.04858626
v 0.00394187 0.00817094 -0.04803814
v 0.00513919 0.00755500 -0.04803577
v 0.00535150 0.00879334 -0.04889369
v 0.00387780 0.00908646 -0.04873194
v 0.00353928 0.00860592 -0.04819987
v 0.00336627 0.00761517 -0.04759469
v 0.00419511 0.00757010 -0.04782931
v 0.00656559 0.00751530 -0.04862618
v 0.00188880 0.00874667 -0.04823091
v 0.00189445 0.00763091 -0.04755215
v -0.00002799 0.00764364 -0.04760340
v 0.00023773 0.00867830 -0.04818774
v -0.00060077 0.00874574 -0.04819105
v -0.00065055 0.00766821 -0.04754610
v -0.00241617 0.00815679 -0.04809288
v -0.00250040 0.00761367 -0.04779014
v -0.00240668 0.00900658 -0.04874925
v -0.00060985 0.00909947 -0.04855714
v 0.00187329 0.00916076 -0.04867434
v -0.00036127 0.00947705 -0.04905049
v 0.00190435 0.00947000 -0.04912337
v 0.00569307 0.00905063 -0.04936467
v -0.00256967 0.00951348 -0.04952556
v 0.00636555 0.00869832 -0.04944062
v 0.00388765 0.00943255 -0.04934275
v 0.00541245 0.00938004 -0.04990538
v 0.00724266 0.00750958 -0.04917734
v 0.00617158 0.00748727 -0.04814278
v 0.00693072 0.00895489 -0.05042927
v 0.00712385 0.00745081 -0.04895227
v 0.00697465 0.00870322 -0.05008996
v -0.00352047 -0.00003389 0.07291798
v -0.00299485 -0.00011439 0.07318104
v 0.00066512 0.00003302 0.07297337
v -0.00418498 -0.00001716 0.07283605
v 0.00046264 -0.00009050 0.07324076
v 0.00426205 -0.00002365 0.07293664
v 0.00375342 -0.00014853 0.07316808
v -0.00438492 -0.00041145 0.07307365
v -0.00770759 -0.00007325 0.07258403
v -0.00798907 0.00001697 0.07240784
v -0.00443604 0.00007200 0.07261064
v -0.00885853 -0.00000141 0.07221562
v -0.00545491 0.00818438 -0.03357864
v -0.00677026 0.00750289 -0.03463064
v -0.00565275 0.00750679 -0.03342125
v -0.00614105 0.00887479 -0.03489141
v -0.00492410 0.00925825 -0.03386413
v -0.00678601 0.00837460 -0.03545779
v -0.00700421 0.00883115 -0.03626921
v -0.00753816 0.00763011 -0.03606968
v -0.00674923 0.00939014 -0.03653281
v -0.00548459 0.00978067 -0.03514115
v -0.00448517 0.01006666 -0.03438631
v -0.00602849 0.01016820 -0.03665584
v -0.00542949 0.01014961 -0.03568614
v -0.00397311 0.00852064 -0.03264140
v -0.00374779 0.00972464 -0.03345134
v -0.00331230 0.00925043 -0.03274629
v -0.00443649 0.00746748 -0.03245227
v -0.00315501 0.01008661 -0.03345694
v -0.00205627 0.01005996 -0.03287352
v -0.00350184 0.00746617 -0.03192924
v -0.00231645 0.00874227 -0.03199656
v -0.00231771 0.00753400 -0.03150736
v -0.00378343 0.01041717 -0.03452903
v -0.00434579 0.01050060 -0.03527302
v -0.00770394 0.00757588 -0.03605939
v -0.00831949 0.00761190 -0.03840042
v -0.00639860 0.00749704 -0.03418329
v -0.00307870 0.00746203 -0.03153177
v -0.00790987 0.00833672 -0.03852538
v -0.00796400 0.00843883 -0.03959681
v -0.00824311 0.00764752 -0.03882124
v -0.00760409 0.00912566 -0.03936438
v -0.00794677 0.00763824 -0.03725979
v -0.00745282 0.00883688 -0.03762221
v -0.00737764 0.00943132 -0.03922558
v -0.00711374 0.00950672 -0.03815337
v -0.00658196 0.01002923 -0.03799610
v -0.00669564 0.01012801 -0.03942372
v -0.00745297 0.00927161 -0.04109616
v -0.00788997 0.00840795 -0.04139109
v -0.00820615 0.00766443 -0.04141793
v -0.00748550 0.00881226 -0.04253279
v -0.00807707 0.00761954 -0.04245237
v -0.00696855 0.00956046 -0.04232004
v -0.00672667 0.00996900 -0.04130121
v -0.00641286 0.01025434 -0.03860645
v -0.00755122 0.00763501 -0.04410660
v -0.00660285 0.00956971 -0.04328633
v -0.00695353 0.00859312 -0.04417997
v -0.00620336 0.01017074 -0.04218580
v -0.00710165 0.00761044 -0.04492096
v -0.00684196 0.00803354 -0.04494434
v -0.00616580 0.00948883 -0.04409991
v -0.00627334 0.00873542 -0.04493294
v -0.00618775 0.01031564 -0.04094205
v -0.00633492 0.00760310 -0.04567515
v -0.01806864 0.00625207 0.00900564
v -0.01741897 0.00622865 0.00927876
v -0.01738553 0.00588575 0.00924474
v -0.01800326 0.00584665 0.00892302
v -0.01399052 0.00620782 0.00931853
v -0.00244474 0.00549628 0.00172034
v -0.00320198 0.00524974 0.00044703
v -0.00261738 0.00472881 0.00124783
v -0.01116052 0.00806454 -0.01262180
v -0.01099730 0.00670317 -0.01220622
v -0.01096409 0.00708500 -0.01298020
v -0.01106391 0.00741706 -0.01321075
v -0.01089751 0.00712677 -0.01350173
v -0.01077118 0.00686042 -0.01324147
v -0.01137644 0.00758368 -0.01216037
v -0.01137966 0.00711204 -0.01203921
v -0.01163428 0.00734790 -0.01186680
v -0.00244474 0.00549628 0.00172034
v -0.00261738 0.00472881 0.00124783
v -0.00290661 0.00503960 0.00231578
v -0.00835140 -0.00127451 -0.07326276
v -0.00993502 -0.00122741 -0.07310482
v -0.00415444 -0.00128033 -0.07333415
v -0.01198807 -0.00125673 -0.07311099
v -0.01385977 -0.00120276 -0.07281533
v -0.00454259 -0.00125633 -0.07320251
v 0.00156866 0.00625859 -0.00700296
v 0.00098846 0.00626040 -0.00700211
v 0.00089200 0.00554150 -0.00692673
v 0.00168707 0.00561368 -0.00695084
v 0.00230876 0.00627478 -0.00670361
v 0.00223284 0.00573537 -0.00674607
v 0.00031660 0.00582368 -0.00662951
v 0.00029497 0.00628999 -0.00673923
v -0.01830530 0.00613597 0.00786950
v -0.01831028 0.00618005 0.00832446
v -0.01830511 0.00570193 0.00833646
v -0.01838147 0.00586950 0.00769706
v -0.01800326 0.00584665 0.00892302
v -0.01806864 0.00625207 0.00900564
v -0.01856675 0.00621252 0.00770116
v -0.00121898 -0.00127138 -0.07333037
v -0.00095098 -0.00125804 -0.07318520
v 0.00235348 -0.00124131 -0.07322585
v 0.00259194 -0.00126580 -0.07332286
v -0.00243385 0.00553201 0.00247699
v -0.00353706 0.00520305 0.00184040
v -0.00290661 0.00503960 0.00231578
v -0.01174039 0.00763935 -0.01275833
v -0.01137112 0.00758467 -0.01308623
v -0.01179002 0.00706415 -0.01280735
v -0.01148395 0.00706999 -0.01322004
v -0.01121491 0.00710104 -0.01354497
v -0.01212244 0.00664003 -0.01287487
v -0.01163300 0.00797564 -0.01254674
v -0.01157534 0.00673684 -0.01318037
v -0.01151939 0.00680203 -0.01363890
v -0.01177425 0.00711270 -0.01222238
v -0.01216804 0.00660313 -0.01218132
v -0.01172966 0.00758468 -0.01228015
v -0.01163428 0.00734790 -0.01186680
v -0.01106391 0.00741706 -0.01321075
v -0.01089751 0.00712677 -0.01350173
v -0.01116052 0.00806454 -0.01262180
v -0.01806461 0.00622541 0.00474474
v -0.01832737 0.00613244 0.00566057
v -0.01829910 0.00575801 0.00536965
v -0.01839103 0.00588028 0.00596432
v -0.01799454 0.00584050 0.00482151
v -0.01857327 0.00620484 0.00590782
v -0.01867817 0.00621641 0.00680253
v -0.01846988 0.00585368 0.00680277
v -0.01838147 0.00586950 0.00769706
v -0.01856675 0.00621252 0.00770116
v -0.01740806 0.00617110 0.00451765
v -0.01387036 0.00627044 0.00443508
v -0.01453380 0.00634497 0.00602771
v -0.01307887 0.00640849 0.00538985
v -0.01329287 0.00634214 0.00463834
v -0.01617236 0.00615563 0.00583826
v -0.01311448 0.00645532 0.00817562
v -0.01428677 0.00636009 0.00411613
v -0.01726735 0.00630086 0.00421086
v -0.01314634 0.00647136 0.00421056
v -0.01830846 0.00632858 0.00446100
v -0.01958217 0.00640687 0.00445896
v -0.01806376 0.00640414 0.00320833
v -0.01933929 0.00635866 0.00553420
v -0.01940608 0.00636945 0.00814951
v -0.01862472 0.00634325 0.00891890
v -0.01831028 0.00618005 0.00832446
v -0.01830530 0.00613597 0.00786950
v -0.01806864 0.00625207 0.00900564
v 0.02686196 -0.00122305 -0.06422245
v 0.02725078 -0.00125142 -0.06269335
v 0.02737830 -0.00128750 -0.06272749
v 0.02749920 -0.00129456 -0.05994931
v -0.00473373 0.00539130 0.00346008
v -0.00504526 0.00574688 0.00332653
v -0.00414067 0.00577045 0.00379865
v 0.00029497 0.00628999 -0.00673923
v 0.00000954 0.00622681 -0.00603489
v 0.00031660 0.00582368 -0.00662951
v -0.00012247 0.00554424 -0.00612179
v -0.00002210 0.00601374 -0.00550287
v -0.00005095 0.00617175 -0.00460563
v -0.00575703 0.00772733 -0.04955169
v -0.00624806 0.00752714 -0.04979611
v -0.00507037 0.00753684 -0.04894204
v -0.00435965 0.00875596 -0.04937859
v -0.00572665 0.00818616 -0.04987149
v -0.00395670 0.00827475 -0.04881054
v -0.00476173 0.00903678 -0.04996107
v -0.00349982 0.00758311 -0.04818877
v -0.00241617 0.00815679 -0.04809288
v -0.00250040 0.00761367 -0.04779014
v -0.00321938 0.00891257 -0.04899528
v -0.00240668 0.00900658 -0.04874925
v -0.00547664 0.00896192 -0.05051194
v -0.00633202 0.00827868 -0.05059342
v -0.00616491 0.00898285 -0.05125558
v -0.00390312 0.00948780 -0.05012679
v -0.00458983 0.00947494 -0.05048722
v -0.00256967 0.00951348 -0.04952556
v -0.00717555 0.00757350 -0.05106123
v -0.00683226 0.00839960 -0.05149378
v -0.00549299 0.00949333 -0.05155238
v -0.00675568 0.00892894 -0.05228836
v -0.00779708 0.00751487 -0.05167539
v -0.00766352 0.00757855 -0.05211634
v -0.00609119 0.00951271 -0.05274521
v -0.00683170 0.00907206 -0.05313150
v -0.00811094 0.00753228 -0.05361771
v -0.00749574 0.00830650 -0.05328230
v -0.00748388 0.00829712 -0.05448614
v -0.00789289 0.00757450 -0.05407306
v -0.00687355 0.00906500 -0.05434331
v -0.00677726 0.00884961 -0.05572400
v -0.00759889 0.00749885 -0.05575073
v -0.00681846 0.00841450 -0.05645900
v -0.00701155 0.00748579 -0.05723611
v -0.00620587 0.00897957 -0.05673096
v -0.00633651 0.00803832 -0.05785676
v -0.00548714 0.00888584 -0.05791438
v -0.00609187 0.00948406 -0.05529674
v -0.00646965 0.00738580 -0.05820533
v -0.00549375 0.00944013 -0.05668451
v -0.00459902 0.00941128 -0.05793179
v -0.00721144 0.00737675 -0.05720857
v -0.00550093 0.00728626 -0.05959018
v -0.00623990 0.00950991 -0.05402635
v -0.00794612 0.00743522 -0.05547393
v 0.00011886 0.00999078 -0.05476714
v -0.00046175 0.01001564 -0.05363345
v 0.00260731 0.00994524 -0.05460234
v 0.00218750 0.00994668 -0.05235416
v 0.00000343 0.00997126 -0.05190790
v 0.00431252 0.00983407 -0.05185598
v 0.00485033 0.00981349 -0.05459848
v 0.00194143 0.00982916 -0.05054622
v -0.00180706 0.00997029 -0.05245495
v 0.00002451 0.00984862 -0.05048011
v 0.00552561 0.00972947 -0.05315024
v -0.00270281 0.00985640 -0.05103695
v -0.00364351 0.00991111 -0.05279706
v -0.00421018 0.00986893 -0.05477902
v -0.00191650 0.00993288 -0.05545630
v 0.00001900 0.00987963 -0.05653562
v 0.00223663 0.00979989 -0.05693491
v 0.00448551 0.00975532 -0.05594717
v -0.00223238 0.00976878 -0.05740749
v 0.00004410 0.00971989 -0.05814038
v -0.00379408 0.00972891 -0.05666046
v 0.00187770 0.00963121 -0.05839226
v 0.00433123 0.00963055 -0.05718407
v -0.00463937 0.00980517 -0.05272462
v 0.00358215 0.00974513 -0.05061239
v 0.00490811 0.00973205 -0.05154606
v 0.00339508 0.00930624 -0.05953322
v 0.00021305 0.00933148 -0.06013370
v 0.00194459 0.00932453 -0.05991010
v -0.00138096 0.00934061 -0.05984334
v -0.00267342 0.00935673 -0.05934712
v 0.00675455 0.00940120 -0.05511741
v 0.00643380 0.00938733 -0.05594041
v 0.00624514 0.00932376 -0.05676978
v 0.00527413 0.00930313 -0.05814199
v -0.00430227 0.00967434 -0.05109122
v 0.00693598 0.00939593 -0.05297153
v 0.00653277 0.00935670 -0.05097391
v -0.00269741 0.00976462 -0.05056737
v 0.00541245 0.00938004 -0.04990538
v 0.00388765 0.00943255 -0.04934275
v -0.00036127 0.00947705 -0.04905049
v 0.00190435 0.00947000 -0.04912337
v -0.00371728 0.00928237 -0.05888282
v 0.00569307 0.00905063 -0.04936467
v 0.00693072 0.00895489 -0.05042927
v -0.01163300 0.00797564 -0.01254674
v -0.01172966 0.00758468 -0.01228015
v -0.01137644 0.00758368 -0.01216037
v -0.01116052 0.00806454 -0.01262180
v -0.01163428 0.00734790 -0.01186680
v 0.01919677 -0.00021893 0.06848981
v 0.01969946 -0.00017347 0.06833915
v 0.01993670 -0.00009050 0.06847377
v 0.02038820 -0.00013261 0.06808720
v 0.01988986 -0.00023558 0.06801163
v 0.01898795 -0.00014375 0.06884391
v 0.02070263 -0.00018784 0.06767823
v 0.02097474 -0.00006493 0.06766820
v 0.02129786 -0.00021187 0.06711551
v 0.02153670 -0.00008011 0.06714960
v 0.02090534 -0.00030770 0.06726289
v 0.02189302 -0.00022131 0.06654336
v 0.02146779 -0.00032668 0.06673943
v 0.02211106 -0.00007877 0.06654066
v 0.02207264 -0.00032452 0.06613469
v 0.02242927 -0.00021302 0.06593448
v 0.01931999 0.00006621 0.06892661
v 0.01872716 -0.00009743 0.06917756
v 0.01804861 -0.00018702 0.06911360
v 0.01788522 -0.00012989 0.06934775
v 0.01777768 -0.00000789 0.06967014
v 0.01687150 -0.00013237 0.06975563
v 0.01692705 0.00004998 0.06999828
v 0.01535223 -0.00004666 0.07034791
v 0.01600722 0.00022950 0.07055121
v 0.01495579 0.00002132 0.07061089
v 0.01401996 -0.00003548 0.07084196
v 0.01476647 0.00033033 0.07111184
v 0.01369004 0.00009459 0.07115563
v 0.01431622 0.00046783 0.07140037
v 0.01258007 0.00032681 0.07171896
v 0.01172713 -0.00002761 0.07150320
v 0.01044688 0.00031779 0.07225741
v 0.00991825 0.00001321 0.07198585
v 0.00966943 0.00022029 0.07228942
v 0.00953364 0.00050948 0.07261288
v 0.01392039 -0.00010558 0.07095078
v -0.00508650 0.00616255 0.00626735
v -0.00604436 0.00626413 0.00648969
v -0.00600158 0.00599310 0.00650954
v -0.00615696 0.00615283 0.00676794
v -0.01951812 -0.00009551 0.06845861
v -0.02010879 -0.00013540 0.06798371
v -0.01956717 -0.00021727 0.06805044
v -0.01891958 -0.00020545 0.06857975
v -0.02035665 -0.00031961 0.06756204
v -0.01831875 0.00014330 0.06921397
v -0.01805545 -0.00008762 0.06910552
v -0.01734992 -0.00003162 0.06946387
v -0.01776997 0.00036823 0.06964103
v -0.01668579 0.00002983 0.06969567
v -0.01677951 0.00041312 0.07017104
v -0.01641263 0.00016651 0.07000155
v -0.01556388 0.00046962 0.07074552
v -0.01505835 0.00005508 0.07032007
v -0.01447184 0.00038042 0.07105916
v -0.01475032 0.00016466 0.07060021
v -0.01324548 0.00010832 0.07085690
v -0.01299168 0.00023577 0.07116896
v -0.01220201 0.00042140 0.07169438
v -0.01388970 0.00050497 0.07138618
v -0.01096673 0.00016906 0.07145373
v -0.01071668 0.00026493 0.07174176
v -0.01155387 0.00050131 0.07198635
v -0.00978788 0.00039423 0.07225117
v -0.00913232 0.00013916 0.07197579
v -0.00892583 0.00030802 0.07231371
v -0.00893099 0.00049465 0.07258833
v -0.00731666 0.00016681 0.07247558
v -0.00707760 0.00035345 0.07277803
v -0.00443604 0.00007200 0.07261064
v -0.00534222 0.00030617 0.07288570
v -0.00424750 0.00026770 0.07291285
v -0.00448661 0.00046066 0.07318556
v 0.00035747 0.00019698 0.07296929
v -0.00007409 0.00039404 0.07327981
v 0.00296333 0.00039341 0.07326267
v 0.00425018 0.00023200 0.07294956
v 0.00571436 0.00049672 0.07315877
v 0.00558594 0.00024891 0.07287430
v 0.00651656 0.00030382 0.07286719
v 0.00584798 0.00006250 0.07259364
v 0.00827391 0.00011553 0.07244950
v 0.00800531 0.00033610 0.07275573
v 0.00953364 0.00050948 0.07261288
v 0.00966943 0.00022029 0.07228942
v -0.00550805 0.00078561 0.07314868
v -0.00985143 0.00077646 0.07246334
v -0.01221336 0.00084924 0.07191663
v -0.00763303 0.00077596 0.07290146
v -0.01440753 0.00101471 0.07129587
v -0.01196679 0.00145246 0.07205674
v -0.00954459 0.00179973 0.07263437
v -0.00768876 0.00140357 0.07295731
v -0.01196747 0.00223300 0.07208486
v -0.01524539 0.00645504 0.04656883
v -0.01441740 0.00648953 0.04457053
v -0.01394171 0.00645997 0.04367121
v -0.00720587 0.00645524 0.00788515
v -0.00725557 0.00645973 0.00837227
v -0.00695902 0.00639129 0.00871513
v -0.00619239 0.00637903 0.00786506
v -0.00705666 0.00633505 0.00699085
v -0.00588189 0.00627059 0.00709124
v -0.00516177 0.00640196 0.00786282
v -0.00481481 0.00627226 0.00683549
v -0.00411933 0.00639838 0.00737914
v -0.00385544 0.00634005 0.00622360
v -0.00332426 0.00634920 0.00670844
v -0.00542723 0.00607477 0.00642005
v -0.00455787 0.00613400 0.00617865
v -0.00500335 0.00578971 0.00547686
v -0.00677358 0.00579022 0.00646709
v -0.00590077 0.00554004 0.00556085
v -0.00525385 0.00548904 0.00464612
v -0.00726276 0.00631408 0.00903161
v -0.00691515 0.00634354 0.00934452
v -0.00706049 0.00603915 0.00677379
v -0.00473373 0.00539130 0.00346008
v -0.00478630 0.00537117 0.00386955
v -0.00504526 0.00574688 0.00332653
v -0.00407130 0.00525162 0.00259423
v -0.00657948 0.00625283 0.00674908
v -0.00705666 0.00633505 0.00699085
v -0.00706049 0.00603915 0.00677379
v -0.00615696 0.00615283 0.00676794
v -0.00261738 0.00472881 0.00124783
v -0.00235492 0.00473318 0.00111014
v -0.00242667 0.00506337 0.00208725
v -0.00290661 0.00503960 0.00231578
v -0.00253545 0.00601172 0.00348084
v -0.00304413 0.00547751 0.00304987
v -0.00211954 0.00589133 0.00289451
v -0.00224175 0.00620910 0.00344274
v -0.00197760 0.00523398 0.00166545
v -0.00197498 0.00477785 0.00044701
v -0.00150643 0.00572993 0.00161778
v -0.00154992 0.00600826 0.00234798
v -0.00167832 0.00619110 0.00278547
v -0.00119639 0.00619163 0.00217047
v -0.00076121 0.00614392 0.00101706
v -0.00117940 0.00565071 0.00031612
v -0.00161310 0.00481026 -0.00078504
v -0.00053341 0.00606811 -0.00039736
v -0.00101996 0.00558946 -0.00086402
v -0.00049058 0.00602629 -0.00253698
v -0.00085934 0.00568220 -0.00284101
v -0.00033422 0.00595628 -0.00429205
v -0.00077927 0.00540736 -0.00481412
v -0.00130552 0.00511538 -0.00347834
v -0.00005095 0.00617175 -0.00460563
v -0.00002210 0.00601374 -0.00550287
v -0.00152683 0.00484364 -0.00164770
v -0.00012247 0.00554424 -0.00612179
v -0.00368166 0.00545580 0.00328220
v -0.00360656 0.00521894 0.00268845
v -0.00429804 0.00539436 0.00329932
v -0.00430889 0.00556674 0.00382369
v -0.00478630 0.00537117 0.00386955
v -0.00407130 0.00525162 0.00259423
v -0.00432963 0.00603431 0.00465123
v -0.00525385 0.00548904 0.00464612
v -0.00480090 0.00596429 0.00532867
v -0.00590077 0.00554004 0.00556085
v -0.00508650 0.00616255 0.00626735
v -0.00600158 0.00599310 0.00650954
v -0.00677358 0.00579022 0.00646709
v -0.00378159 0.00610848 0.00427751
v -0.00272610 0.00618917 0.00383604
v -0.00455911 0.00616124 0.00515948
v -0.00208559 0.00629972 0.00296576
v -0.01616776 0.00606257 0.00878113
v -0.01662982 0.00600364 0.00777162
v -0.01647428 0.00600130 0.00847837
v -0.01764607 0.00585074 0.00834371
v -0.01780161 0.00585309 0.00763696
v -0.01718969 0.00595842 0.00689889
v -0.01738553 0.00588575 0.00924474
v -0.01662782 0.00602233 0.00678268
v -0.01505138 0.00618548 0.00770595
v -0.01600196 0.00603240 0.00877830
v -0.01399052 0.00620782 0.00931853
v -0.01846988 0.00585368 0.00680277
v -0.01617236 0.00615563 0.00583826
v -0.01453380 0.00634497 0.00602771
v -0.01311448 0.00645532 0.00817562
v -0.01329916 0.00634100 0.00913795
v -0.01646938 0.00601794 0.00612226
v -0.01774611 0.00587654 0.00609823
v -0.01800326 0.00584665 0.00892302
v -0.01830511 0.00570193 0.00833646
v -0.01839103 0.00588028 0.00596432
v -0.01740806 0.00617110 0.00451765
v -0.01838147 0.00586950 0.00769706
v -0.01829910 0.00575801 0.00536965
v -0.01300599 0.00647817 0.00958229
v -0.01382351 0.00641241 0.00976744
v -0.01490292 0.00630159 0.00958645
v -0.01769968 0.00635404 0.00952927
v -0.01741897 0.00622865 0.00927876
v -0.01806864 0.00625207 0.00900564
v -0.01862472 0.00634325 0.00891890
v -0.01989614 0.00643027 0.00947337
v -0.01799454 0.00584050 0.00482151
v -0.00377385 0.00772163 -0.04620846
v -0.00290574 0.00765729 -0.04623447
v -0.00489474 0.00761493 -0.04618507
v -0.00467564 0.00836346 -0.04586090
v -0.00302745 0.00837029 -0.04586061
v -0.00464840 0.00895747 -0.04549767
v -0.00303696 0.00894908 -0.04546950
v -0.00139829 0.00824062 -0.04556595
v -0.00182687 0.00886047 -0.04526900
v -0.00045895 0.00880366 -0.04491835
v -0.00125996 0.00767773 -0.04579574
v 0.00053550 0.00768291 -0.04550432
v 0.00057224 0.00870956 -0.04480877
v 0.00052760 0.00904883 -0.04446230
v 0.00178136 0.00768343 -0.04570901
v -0.00300725 0.00960628 -0.04470011
v -0.00477534 0.00961003 -0.04476427
v -0.00046857 0.00954220 -0.04402465
v 0.00272299 0.00847442 -0.04542265
v 0.00242015 0.00900977 -0.04497607
v 0.00393917 0.00876253 -0.04544120
v 0.00421202 0.00910925 -0.04513634
v 0.00486403 0.00869506 -0.04541209
v 0.00567600 0.00905481 -0.04496645
v 0.00373782 0.00766010 -0.04604933
v 0.00579320 0.00819737 -0.04553871
v 0.00559609 0.00952560 -0.04449452
v 0.00545409 0.00758602 -0.04588541
v 0.00427427 0.00958768 -0.04456883
v -0.00567652 0.00853625 -0.04544964
v 0.00272081 0.00957552 -0.04429867
v -0.00560718 0.00941750 -0.04465006
v 0.00102723 0.00955314 -0.04387825
v 0.00039679 0.00960608 -0.04366856
v -0.00633492 0.00760310 -0.04567515
v -0.00627334 0.00873542 -0.04493294
v -0.00192896 0.01005497 -0.04345914
v -0.00486753 0.01008001 -0.04370453
v -0.00575310 0.00980946 -0.04381408
v -0.00616580 0.00948883 -0.04409991
v 0.00616774 0.00951108 -0.04405990
v 0.00577132 0.00994490 -0.04363599
v 0.00628996 0.00869236 -0.04487034
v 0.00693756 0.00940530 -0.04332450
v 0.00601062 0.01012848 -0.04288203
v 0.00638055 0.00753879 -0.04559165
v 0.00713352 0.00882696 -0.04386401
v -0.00684196 0.00803354 -0.04494434
v 0.00727425 0.00751916 -0.04488152
v 0.00714463 0.00748687 -0.04523178
v 0.00783604 0.00751301 -0.04398582
v 0.00046716 0.01027290 -0.04137357
v 0.00054591 0.01051954 -0.03936337
v 0.00299765 0.01044606 -0.04101554
v 0.00436436 0.01036266 -0.04215501
v 0.00041949 0.01007890 -0.04241547
v 0.00346244 0.01010962 -0.04318774
v 0.00503996 0.01045943 -0.04152738
v 0.00360834 0.01058896 -0.03967492
v 0.00076918 0.01067462 -0.03703221
v 0.00524959 0.01058933 -0.03952169
v 0.00491274 0.01063613 -0.03844465
v 0.00257172 0.01071095 -0.03584414
v -0.00223541 0.01072588 -0.03576251
v -0.00319541 0.01068543 -0.03779339
v -0.00316681 0.01062972 -0.03937618
v -0.00120280 0.01040847 -0.04115069
v -0.00498847 0.01059766 -0.03995826
v -0.00488709 0.01050363 -0.04142935
v -0.00319455 0.01044116 -0.04198101
v -0.00477400 0.01037652 -0.04244481
v -0.00493533 0.01063656 -0.03826207
v -0.00389788 0.01067461 -0.03613690
v -0.00031308 0.01070031 -0.03432592
v 0.00456086 0.01062511 -0.03636969
v 0.00174858 0.01066860 -0.03437492
v 0.00328671 0.01065242 -0.03510695
v -0.00255576 0.01065278 -0.03463076
v 0.00581328 0.01036947 -0.04136293
v 0.00489240 0.01012974 -0.04330023
v -0.00316787 0.01009132 -0.04367538
v 0.00571241 0.01049904 -0.03787838
v -0.00618775 0.01031564 -0.04094205
v -0.00620336 0.01017074 -0.04218580
v -0.00575412 0.01014315 -0.04290838
v -0.00584275 0.01046738 -0.03839109
v -0.00487145 0.01052807 -0.03616062
v 0.00648342 0.01032238 -0.03989030
v 0.00643789 0.01015182 -0.04202295
v 0.00405422 0.00993760 -0.04381806
v -0.00434579 0.01050060 -0.03527302
v 0.00540341 0.01044099 -0.03627681
v -0.00045223 0.01056966 -0.03367097
v 0.00666271 0.01026168 -0.03876889
v 0.00443397 0.01044064 -0.03498367
v 0.00187101 0.01050293 -0.03369187
v 0.00337405 0.01046178 -0.03421544
v -0.00244269 0.01049431 -0.03390816
v -0.00378343 0.01041717 -0.03452903
v 0.00649455 0.01019406 -0.03688645
v 0.00692437 0.01007179 -0.04101786
v 0.00566704 0.01018186 -0.03536347
v -0.00641286 0.01025434 -0.03860645
v -0.00669564 0.01012801 -0.03942372
v -0.00040779 0.01034688 -0.03303581
v -0.00602849 0.01016820 -0.03665584
v 0.00701342 0.01010026 -0.03895579
v 0.00446851 0.01014359 -0.03407992
v 0.00156026 0.01016513 -0.03280405
v 0.00343356 0.01014794 -0.03340528
v -0.00205627 0.01005996 -0.03287352
v -0.00542949 0.01014961 -0.03568614
v -0.00012028 0.01015841 -0.03268671
v -0.00315501 0.01008661 -0.03345694
v -0.00660285 0.00956971 -0.04328633
v 0.00530998 0.01002720 -0.03466641
v -0.01163428 0.00734790 -0.01186680
v -0.01177425 0.00711270 -0.01222238
v -0.01137966 0.00711204 -0.01203921
v -0.01216804 0.00660313 -0.01218132
v -0.01148998 0.00667028 -0.01199258
v -0.01099730 0.00670317 -0.01220622
v -0.00728994 0.00653088 0.00897321
v -0.00726276 0.00631408 0.00903161
v -0.00725557 0.00645973 0.00837227
v -0.00720587 0.00645524 0.00788515
v 0.02279764 -0.00031317 0.06514508
v 0.02302492 -0.00032827 0.06491568
v 0.02280120 -0.00013596 0.06565682
v 0.02242927 -0.00021302 0.06593448
v 0.02322898 -0.00009698 0.06504319
v 0.02347463 -0.00029112 0.06429835
v 0.02381656 0.00000417 0.06398471
v 0.02405328 -0.00033459 0.06315339
v 0.02253667 0.00020352 0.06603929
v 0.02211106 -0.00007877 0.06654066
v 0.02240513 -0.00052831 0.06591462
v 0.02242168 0.00197143 0.06619944
v 0.02323247 0.00248148 0.06499803
v 0.02194809 0.00333163 0.06660148
v 0.02244805 0.00388510 0.06579957
v 0.02323941 0.00388531 0.06455292
v 0.02359208 -0.00048373 0.06418838
v 0.02146189 0.00280503 0.06720124
v 0.02123182 0.00183354 0.06749582
v 0.02153670 -0.00008011 0.06714960
v 0.02097474 -0.00006493 0.06766820
v 0.02038776 0.00271024 0.06819352
v 0.02059686 0.00354544 0.06789119
v 0.02119983 0.00400921 0.06718031
v 0.02017427 0.00112450 0.06838714
v 0.01993670 -0.00009050 0.06847377
v 0.01913969 0.00193192 0.06913672
v 0.01917247 0.00328043 0.06903153
v 0.01931999 0.00006621 0.06892661
v 0.01920778 0.00394294 0.06886033
v 0.01833429 0.00264150 0.06961637
v 0.01809194 0.00032986 0.06970076
v 0.01764447 0.00173635 0.07003335
v 0.02207264 -0.00032452 0.06613469
v 0.02037751 0.00406606 0.06789881
v 0.01799423 0.00384790 0.06965427
v 0.01711301 0.00041298 0.07023677
v 0.01647789 0.00085955 0.07059482
v 0.01675561 0.00277594 0.07046160
v 0.01663970 0.00386069 0.07037789
v 0.01474727 0.00271000 0.07131035
v 0.01501003 0.00084847 0.07120285
v 0.01574627 0.00040665 0.07084458
v 0.01872716 -0.00009743 0.06917756
v 0.01469825 0.00393164 0.07117344
v 0.01353046 0.00184786 0.07169910
v 0.01431622 0.00046783 0.07140037
v 0.01269062 0.00082199 0.07189727
v 0.01476647 0.00033033 0.07111184
v 0.01600722 0.00022950 0.07055121
v 0.01150881 0.00174324 0.07225628
v 0.01777768 -0.00000789 0.06967014
v 0.01231748 0.00292017 0.07200391
v 0.01219269 0.00052688 0.07199527
v 0.01258007 0.00032681 0.07171896
v 0.01692705 0.00004998 0.06999828
v 0.00978772 0.00144106 0.07262450
v 0.01020445 0.00078025 0.07248800
v 0.00953364 0.00050948 0.07261288
v 0.01044688 0.00031779 0.07225741
v 0.02038820 -0.00013261 0.06808720
v 0.01256285 0.00382351 0.07183732
v 0.00926643 0.00247404 0.07272599
v 0.01065576 0.00326472 0.07237856
v 0.00767723 0.00176377 0.07302342
v 0.00684446 0.00079922 0.07307772
v 0.00765502 0.00322255 0.07296142
v 0.01072016 0.00389222 0.07226188
v 0.00563675 0.00179509 0.07326547
v 0.00599598 0.00319741 0.07317219
v 0.00571436 0.00049672 0.07315877
v 0.00378548 0.00140283 0.07339662
v 0.00800531 0.00033610 0.07275573
v 0.00313789 0.00077243 0.07337132
v 0.00373717 0.00258744 0.07340243
v 0.00923835 0.00406195 0.07250630
v 0.00296333 0.00039341 0.07326267
v 0.00038060 0.00147560 0.07349859
v 0.00651656 0.00030382 0.07286719
v 0.00012517 0.00078852 0.07342631
v 0.00376873 0.00340254 0.07333464
v 0.00200273 0.00317596 0.07343576
v 0.00024225 0.00264056 0.07350000
v 0.00686832 0.00389893 0.07296225
v -0.00289847 0.00139194 0.07339720
v -0.00136505 0.00266211 0.07345520
v -0.00337775 0.00074638 0.07330191
v -0.00007409 0.00039404 0.07327981
v -0.00448661 0.00046066 0.07318556
v -0.00550805 0.00078561 0.07314868
v -0.00545647 0.00178496 0.07321305
v -0.00336872 0.00264788 0.07336432
v 0.00022297 0.00338686 0.07344106
v -0.00768876 0.00140357 0.07295731
v 0.00280469 0.00740980 0.05115272
v 0.00195421 0.00750574 0.05159355
v 0.00387021 0.00717123 0.05065960
v 0.00158789 0.00775888 0.05143525
v 0.00352934 0.00732478 0.05056318
v 0.00405219 0.00724278 0.04997517
v 0.00482652 0.00689603 0.04968533
v 0.00376941 0.00715092 0.05136924
v 0.00514848 0.00691989 0.05196168
v 0.00645003 0.00667954 0.05067853
v 0.00726412 0.00668632 0.05219317
v 0.00643367 0.00684938 0.05267413
v 0.00817605 0.00658469 0.05132140
v 0.00319698 0.00733484 0.05173507
v 0.01050594 0.00659684 0.05331374
v 0.00761314 0.00678308 0.05297789
v 0.00832201 0.00680933 0.05330716
v 0.01052492 0.00673906 0.05374756
v 0.01207260 0.00653138 0.05382201
v 0.01276112 0.00664499 0.05422396
v 0.00460047 0.00709305 0.04928087
v 0.00365477 0.00736835 0.05199673
v 0.00493266 0.00684713 0.04859616
v 0.01482252 0.00646131 0.05475862
v 0.00431273 0.00724508 0.04946717
v 0.00163037 0.00792714 0.05173407
v 0.00244825 0.00789732 0.05095763
v 0.00152642 0.00825369 0.05110197
v -0.00224175 0.00620910 0.00344274
v -0.00259985 0.00628031 0.00355277
v -0.00253545 0.00601172 0.00348084
v -0.00272610 0.00618917 0.00383604
v -0.01473639 0.00645990 -0.00079333
v -0.01409543 0.00647467 0.00146382
v -0.01447511 0.00649958 0.00020689
v -0.01342393 0.00646377 0.02503439
v -0.01291633 0.00649283 0.02456978
v -0.01206848 0.00648420 0.02381306
v -0.01240530 0.00798911 0.02474678
v -0.01177707 0.00810184 0.02437048
v -0.01231408 0.00723814 0.02430961
v -0.01141113 0.00797323 0.02397029
v -0.01297261 0.00790690 0.02528912
v -0.01323954 0.00723030 0.02513883
v -0.01210903 0.00663579 0.02399500
v -0.01118323 0.00664139 0.02345164
v -0.01391998 0.00738793 0.02621616
v -0.01378406 0.00781435 0.02635752
v -0.01399307 0.00645044 0.02580587
v -0.01046314 0.00798529 0.02360354
v -0.01303879 0.00834730 0.02600163
v -0.01179683 0.00896302 0.02547607
v -0.01107245 0.00897006 0.02488356
v -0.01249915 0.00896787 0.02631937
v -0.01102264 0.00653186 0.02322461
v -0.01005242 0.00891321 0.02429471
v -0.00964530 0.00797638 0.02336359
v -0.00916863 0.00826483 0.02347343
v -0.01384661 0.00808631 0.02699313
v -0.00880768 0.00902105 0.02414420
v -0.01125425 0.00935023 0.02580139
v -0.00994731 0.00937924 0.02504580
v -0.01009273 0.00669539 0.02315461
v -0.00893124 0.00927323 0.02453854
v -0.00772939 0.00832575 0.02348100
v -0.00740313 0.00936755 0.02467763
v -0.00738318 0.00904651 0.02417376
v -0.00840929 0.00799205 0.02326685
v -0.00683538 0.00785800 0.02331804
v -0.00775150 0.00718460 0.02306762
v -0.00927512 0.00722930 0.02310990
v -0.00902054 0.00668585 0.02299196
v -0.00718868 0.00668107 0.02303699
v -0.00687048 0.00715456 0.02321513
v -0.00625932 0.00669366 0.02324929
v -0.01039804 0.00730538 0.02337081
v -0.00566423 0.00668084 0.02341887
v -0.00601545 0.00809129 0.02364242
v -0.00506776 0.00739848 0.02391586
v -0.00506738 0.00807763 0.02411588
v -0.00508062 0.00661264 0.02361487
v -0.00645169 0.00897674 0.02425362
v -0.00575263 0.00844707 0.02401205
v -0.00457150 0.00846592 0.02470653
v -0.00408983 0.00667076 0.02437533
v -0.00477981 0.00668776 0.02389419
v -0.00402223 0.00810006 0.02491504
v -0.00527262 0.00901328 0.02480920
v -0.00365121 0.00651501 0.02448942
v -0.00358243 0.00665196 0.02485471
v -0.00400973 0.00858658 0.02531705
v -0.00444921 0.00900703 0.02541107
v -0.00310596 0.00805710 0.02595870
v -0.00324884 0.00868019 0.02642468
v -0.00296192 0.00660820 0.02567893
v -0.00353856 0.00898383 0.02644150
v -0.00262694 0.00651136 0.02605568
v -0.00270711 0.00810366 0.02676385
v -0.00251700 0.00732267 0.02679123
v -0.00242634 0.00667916 0.02680058
v 0.00777052 0.00648917 0.03563162
v 0.01041938 0.00648589 0.03672265
v 0.00914710 0.00647897 0.03619667
v -0.01200493 0.00323895 0.07203955
v -0.01196747 0.00223300 0.07208486
v -0.00954459 0.00179973 0.07263437
v -0.00971141 0.00326998 0.07254961
v -0.00770101 0.00264199 0.07295728
v -0.00768876 0.00140357 0.07295731
v -0.01410492 0.00265710 0.07146554
v -0.00545647 0.00178496 0.07321305
v -0.00549115 0.00296789 0.07317802
v -0.00336872 0.00264788 0.07336432
v 0.00874018 0.00804869 0.00396572
v 0.00686789 0.00804392 0.00376694
v 0.00683066 0.00725488 0.00393288
v 0.00862303 0.00725547 0.00412326
v 0.00674548 0.00667150 0.00398537
v 0.00884907 0.00668542 0.00417141
v 0.01126388 0.00723592 0.00406574
v 0.01114705 0.00668867 0.00407594
v 0.01313307 0.00666441 0.00373118
v 0.01317290 0.00724841 0.00365625
v 0.01454322 0.00650682 0.00307433
v 0.01072703 0.00724652 0.02050668
v 0.00885180 0.00735196 0.02045680
v 0.00870568 0.00664878 0.02059091
v 0.01069193 0.00664891 0.02062917
v 0.00779388 0.00722624 0.02033218
v 0.00762324 0.00665871 0.02040546
v 0.00676723 0.00650159 0.02023164
v 0.00686046 0.00728551 0.02010271
v 0.01231115 0.00665792 0.02038991
v 0.01218783 0.00743701 0.02026000
v 0.00022297 0.00338686 0.07344106
v -0.00255084 0.00341319 0.07333962
v 0.00024225 0.00264056 0.07350000
v -0.00136505 0.00266211 0.07345520
v -0.00336872 0.00264788 0.07336432
v -0.00121955 0.00802846 0.04042086
v 0.00016130 0.00712435 0.04040164
v -0.00136443 0.00668720 0.04019596
v 0.00027988 0.00798319 0.04053124
v 0.00131963 0.00789958 0.04067960
v 0.00119785 0.00711155 0.04054573
v 0.00216952 0.00790140 0.04089639
v 0.00268793 0.00704182 0.04093082
v -0.00010285 0.00867598 0.04073102
v 0.00132703 0.00855990 0.04085044
v 0.02741386 -0.00571007 0.01679700
v 0.02735498 -0.00578818 0.01463528
v 0.02790371 -0.00556918 0.01678537
v 0.02779594 -0.00565658 0.01486101
v 0.02773922 -0.00554196 0.01739117
v 0.02715855 -0.00573196 0.01755517
v 0.02736433 -0.00553546 0.01818572
v 0.02659380 -0.00613365 0.01635343
v 0.02658687 -0.00610222 0.01729561
v 0.02670000 -0.00584701 0.01817458
v 0.02681008 -0.00611451 0.01454716
v 0.02715145 -0.00588646 0.01386509
v 0.02790612 -0.00551398 0.01457385
v 0.02662427 -0.00559143 0.01933860
v 0.02629231 -0.00609292 0.01874534
v 0.02802263 -0.00512569 0.01798744
v 0.02795912 -0.00500012 0.01883609
v 0.02692904 -0.00523521 0.01961071
v 0.02790549 -0.00054783 -0.03325456
v 0.02812338 -0.00069039 -0.03323225
v 0.02795802 -0.00060965 -0.03631128
v 0.02812234 -0.00070649 -0.02908571
v 0.02795026 -0.00060488 -0.02937179
v 0.02836967 -0.00091252 -0.02927264
v 0.02826488 -0.00066088 -0.02676361
v 0.02844429 -0.00074959 -0.02618720
v 0.02832037 -0.00090860 -0.03401350
v 0.02834480 -0.00065084 -0.02088293
v 0.02847139 -0.00069174 -0.02043509
v -0.00039106 0.00626704 -0.00423314
v -0.00055045 0.00624569 -0.00018951
v -0.00049058 0.00602629 -0.00253698
v -0.00053341 0.00606811 -0.00039736
v -0.00076121 0.00614392 0.00101706
v -0.00033422 0.00595628 -0.00429205
v -0.00005095 0.00617175 -0.00460563
v 0.00698350 0.00667241 0.04474160
v 0.00737507 0.00663156 0.04678550
v 0.00765940 0.00669242 0.04642341
v 0.00818856 0.00668564 0.04708186
v 0.00698350 0.00667241 0.04474160
v 0.00743234 0.00672424 0.04548369
v 0.00740028 0.00672423 0.04410753
v 0.00745941 0.00654579 0.04213233
v 0.00766727 0.00665401 0.04261902
v 0.00822258 0.00663297 0.04193358
v 0.00887805 0.00661811 0.04143407
v 0.02302492 -0.00032827 0.06491568
v 0.02322665 -0.00068206 0.06497978
v 0.02359208 -0.00048373 0.06418838
v 0.02283626 -0.00066805 0.06551515
v 0.02279764 -0.00031317 0.06514508
v 0.02240513 -0.00052831 0.06591462
v -0.00485526 0.00627308 0.00530726
v -0.00508650 0.00616255 0.00626735
v -0.00480090 0.00596429 0.00532867
v -0.00455911 0.00616124 0.00515948
v -0.00208559 0.00629972 0.00296576
v -0.00224175 0.00620910 0.00344274
v -0.00211954 0.00589133 0.00289451
v 0.02647936 -0.00127963 -0.06570929
v 0.02686196 -0.00122305 -0.06422245
v 0.02675837 -0.00129748 -0.06509627
v -0.00155330 0.00627736 0.00234388
v -0.00167832 0.00619110 0.00278547
v -0.00154992 0.00600826 0.00234798
v -0.00119639 0.00619163 0.00217047
v 0.02877506 -0.00296001 0.02005548
v 0.02810799 -0.00457745 0.01908966
v 0.02795912 -0.00500012 0.01883609
v -0.01071532 0.00654924 -0.00885019
v -0.01222550 0.00648795 -0.00794565
v -0.01137339 0.00653282 -0.00845866
v 0.02918930 0.00133931 0.00209207
v 0.02919636 0.00016922 0.01007442
v 0.02923198 0.00003338 0.00227617
v 0.02916136 0.00076389 -0.00577211
v 0.02916683 -0.00103362 0.01290427
v 0.02909665 0.00193614 -0.00577048
v 0.02908410 0.00274612 0.00128470
v 0.02918268 -0.00044879 -0.00501611
v 0.02914628 0.00072116 0.01471684
v 0.02908743 -0.00092782 0.01767550
v 0.02904516 0.00117331 0.01848279
v 0.02893918 -0.00036639 0.02132269
v 0.02901871 0.00308314 0.01410535
v 0.02908216 -0.00230653 0.01373310
v 0.02901072 -0.00205138 0.01809421
v 0.02886551 -0.00316947 0.01825456
v 0.02885951 -0.00238951 0.02084262
v 0.02892837 0.00333539 -0.00591807
v 0.02884300 0.00325414 -0.00813350
v 0.02893449 0.00204036 -0.00907513
v 0.02891694 0.00417295 0.00101471
v 0.02878642 0.00408243 -0.00640352
v 0.02900452 0.00354126 0.01016788
v 0.02915189 -0.00239270 0.00265313
v 0.02883358 0.00153240 0.02289537
v 0.02887302 0.00467894 0.00899948
v 0.02911003 -0.00125928 -0.00795362
v 0.02914180 -0.00182233 -0.00565707
v 0.02910891 -0.00177369 -0.00673917
v 0.02889801 -0.00328030 0.01427851
v 0.02907015 -0.00279320 0.00783720
v 0.02901804 -0.00317439 0.00411427
v 0.02902177 -0.00321752 0.00716805
v 0.02889668 -0.00359504 0.00869533
v 0.02867752 0.00255381 -0.01253289
v 0.02922078 -0.00120759 0.00227815
v 0.02889169 0.00389711 0.01804045
v 0.02916070 0.00146515 0.00934731
v 0.02898851 -0.00125624 0.01991610
v 0.02893127 -0.00167759 -0.00781308
v 0.02905204 -0.00293923 -0.00066256
v 0.02888835 -0.00309376 -0.00142138
v 0.02909767 -0.00246349 -0.00220411
v 0.02880532 0.00020844 0.02362549
v 0.02864911 0.00154210 0.02555601
v 0.02849617 0.00392809 0.02659175
v 0.02867530 -0.00115155 0.02426295
v 0.02834308 0.00320239 0.02907412
v 0.02835522 0.00154574 0.02902271
v 0.02802218 0.00237009 0.03213433
v 0.02815791 0.00412487 0.03058060
v 0.02826698 0.00467329 0.02846467
v 0.02795171 0.00486953 0.03131849
v 0.02785080 0.00340266 0.03399374
v 0.02847960 0.00474138 0.02480477
v 0.02812538 0.00081946 0.03078749
v 0.02890673 0.00086112 -0.01131838
v 0.02885649 0.00467044 0.01507832
v 0.02885057 0.00461318 0.00224626
v 0.02784089 0.00042535 0.03343857
v 0.02805610 0.00020402 0.03079058
v 0.02785579 -0.00011696 0.03149110
v 0.02842306 0.00019204 0.02805164
v 0.02774641 0.00073879 0.03457672
v 0.02748964 0.00016870 0.03654356
v 0.02877506 -0.00296001 0.02005548
v 0.02836450 -0.00341081 0.02087919
v 0.02840393 -0.00258723 0.02257686
v 0.02750849 -0.00401642 0.02221978
v 0.02877844 -0.00341213 0.00068843
v 0.02839055 -0.00439983 0.00080932
v 0.02844963 -0.00406275 -0.00510155
v 0.02875546 -0.00335762 -0.00288784
v 0.02867285 -0.00349094 -0.00492395
v 0.02887991 -0.00253003 -0.00486166
v 0.02878372 -0.00283022 -0.00666626
v 0.02885773 -0.00223099 -0.00681235
v 0.02885654 -0.00217933 -0.00820827
v 0.02800885 -0.00501653 -0.00516289
v 0.02807394 -0.00514220 0.00646970
v 0.02764171 -0.00568462 -0.00527666
v 0.02767964 -0.00577331 0.00508180
v 0.02773322 -0.00561052 0.00852555
v 0.02703474 -0.00667540 0.00742816
v 0.02706866 -0.00663377 0.00047030
v 0.02701129 -0.00651640 0.01052574
v 0.02642115 -0.00725898 0.01024940
v 0.02765231 -0.00559289 0.01021165
v 0.02652044 -0.00729219 0.00697587
v 0.02585944 -0.00784194 0.01030211
v 0.02660443 -0.00668809 0.01323495
v 0.02703028 -0.00615206 0.01316256
v 0.02818612 0.00518817 0.02664244
v 0.02894477 -0.00350130 0.00708465
v 0.02862947 -0.00245004 -0.01212428
v 0.02838207 -0.00460696 0.00682734
v 0.02878609 -0.00149184 -0.01061203
v 0.02874520 -0.00158358 -0.01162325
v 0.02851557 -0.00029704 0.02663832
v 0.02853499 -0.00352998 -0.00809340
v 0.02876857 -0.00152773 0.02309647
v 0.02823877 -0.00237382 0.02351297
v 0.02830617 -0.00131763 0.02534622
v 0.02594791 -0.00787108 0.00729537
v 0.02731085 -0.00414730 0.02258292
v 0.02781618 -0.00316109 0.02350988
v 0.02855238 -0.00254044 -0.01503830
v 0.02860469 -0.00162228 -0.01901675
v 0.02842247 -0.00257556 -0.01993688
v 0.02832004 -0.00272374 -0.02465938
v 0.02848518 -0.00163013 -0.02557357
v 0.02850505 -0.00098817 -0.02570825
v 0.02827698 -0.00202854 -0.03548723
v 0.02837468 -0.00156727 -0.03455484
v 0.02833183 -0.00129996 -0.03915297
v 0.02837866 -0.00122900 -0.03658048
v 0.02825392 -0.00265919 -0.03055681
v 0.02804647 -0.00353043 -0.02890249
v 0.02787270 -0.00387888 -0.03361819
v 0.02810078 -0.00285645 -0.03723495
v 0.02824382 -0.00346098 -0.01940474
v 0.02856918 -0.00099189 -0.01924467
v 0.02797477 -0.00255065 0.02450502
v 0.02812548 -0.00155245 0.02680370
v 0.02818332 -0.00109788 0.02649904
v 0.02833872 -0.00083099 0.02591966
v 0.02847609 -0.00114118 -0.02862419
v 0.02823283 -0.00064944 0.02709330
v 0.02878313 0.00393642 0.02133329
v 0.02686872 -0.00466009 0.02398438
v 0.02711055 -0.00396915 0.02575736
v 0.02648602 -0.00532646 0.02723264
v 0.02684739 -0.00422770 0.02885611
v 0.02722879 -0.00351937 0.02816755
v 0.02657507 -0.00475669 0.03187256
v 0.02599072 -0.00625021 0.03074508
v 0.02715541 -0.00346206 0.03029718
v 0.02633807 -0.00576275 0.02533994
v 0.02790908 0.00423435 0.03314229
v 0.02768405 -0.00255368 0.02733232
v 0.02769017 -0.00440137 0.02075584
v 0.02793521 -0.00452185 0.01983736
v 0.02882227 -0.00347902 0.01754324
v 0.02858930 0.00506752 0.00177333
v 0.02865852 0.00504214 0.00669897
v 0.02902694 -0.00279797 0.01258975
v 0.02591457 -0.00752415 0.01291315
v 0.02744946 -0.00013907 0.03554210
v 0.02756403 -0.00561723 -0.01097064
v 0.02683763 -0.00396912 0.03141358
v 0.02747059 0.00069659 0.03773622
v 0.02821618 -0.00500250 0.00842804
v 0.02856090 -0.00440358 0.00948739
v 0.02829251 -0.00519825 0.01083188
v 0.02751149 0.00176862 0.03754848
v 0.02863318 -0.00069973 0.02505559
v 0.02875299 -0.00401477 0.01311530
v 0.02892716 -0.00361749 0.01035904
v 0.02829073 -0.00517796 0.01346555
v 0.02866273 -0.00114949 -0.01301034
v 0.02808078 -0.00115626 0.02775307
v 0.02819063 -0.00105792 -0.03941562
v 0.02806098 -0.00071032 -0.03750018
v 0.02798444 -0.00078718 -0.04219180
v 0.02795802 -0.00060965 -0.03631128
v 0.02811597 -0.00039857 -0.03646484
v 0.02823106 -0.00028031 -0.03366891
v 0.02790549 -0.00054783 -0.03325456
v 0.02847139 -0.00069174 -0.02043509
v 0.02590768 -0.00634481 0.03271375
v 0.02595128 -0.00790353 0.00170489
v 0.02697452 -0.00464196 0.02174416
v 0.02810799 -0.00457745 0.01908966
v 0.02613920 -0.00538617 0.03933649
v 0.02581340 -0.00602434 0.04099113
v 0.02594828 -0.00519448 0.04577910
v 0.02553138 -0.00609069 0.04739729
v 0.02530452 -0.00663817 0.04686238
v 0.02552369 -0.00546287 0.05112402
v 0.02515979 -0.00651266 0.05081236
v 0.02474566 -0.00725295 0.05048813
v 0.02535950 -0.00682731 0.04243521
v 0.02618440 -0.00489202 0.04253703
v 0.02645165 -0.00471653 0.03695444
v 0.02648009 -0.00381883 0.04127886
v 0.02696552 -0.00240825 0.03828572
v 0.02674419 -0.00247404 0.04197559
v 0.02702636 -0.00098875 0.04220333
v 0.02700296 -0.00285458 0.03561606
v 0.02737389 -0.00105326 0.03671484
v 0.02750074 -0.00111871 0.03497953
v 0.02742701 -0.00049629 0.03666196
v 0.02724313 -0.00065841 0.03999822
v 0.02713485 -0.00139326 0.03885529
v 0.02637047 -0.00309249 0.04526350
v 0.02722196 -0.00032469 0.03858975
v 0.02696565 -0.00049394 0.04216390
v 0.02696007 -0.00019985 0.04221559
v 0.02679143 -0.00028260 0.04246306
v 0.02656021 -0.00043131 0.04604286
v 0.02717347 -0.00014887 0.03906232
v 0.02813306 -0.00026782 -0.03902724
v 0.02800936 -0.00036369 -0.04522081
v 0.02808208 0.00016079 -0.04261261
v 0.02793506 0.00038390 -0.04630874
v 0.02797848 0.00124565 -0.04278842
v 0.02780355 0.00194069 -0.04544945
v 0.02764946 0.00145436 -0.05171946
v 0.02740955 0.00399196 -0.04845493
v 0.02730712 0.00410276 -0.05101925
v 0.02725498 0.00444063 -0.04775710
v 0.02718926 0.00397122 -0.05415883
v 0.02754114 0.00125960 -0.05494861
v 0.02713960 0.00323940 -0.05828979
v 0.02728417 0.00166642 -0.05980148
v 0.02763902 -0.00045000 -0.05704291
v 0.02737916 -0.00064617 -0.06093676
v 0.02764737 -0.00093396 -0.05712090
v 0.02775998 -0.00091939 -0.05327773
v 0.02702922 0.00436621 -0.05380568
v 0.02709150 0.00127102 -0.06247687
v 0.02691206 0.00298068 -0.06236926
v 0.02645102 0.00326576 -0.06457858
v 0.02647680 0.00185557 -0.06508270
v 0.02661076 -0.00033850 -0.06511260
v 0.02680691 -0.00094392 -0.06442017
v 0.02608901 0.00210190 -0.06607553
v 0.02658643 0.00528931 -0.05155783
v 0.02742124 -0.00119719 -0.06022838
v 0.02749920 -0.00129456 -0.05994931
v 0.02768377 -0.00127718 -0.05771893
v 0.02693364 0.00396567 -0.06028697
v 0.02792286 -0.00072978 -0.04987127
v 0.02829996 0.00021545 -0.03605088
v 0.02792580 -0.00539118 0.00923164
v 0.02517838 -0.00600170 0.05377769
v 0.02628875 0.00296386 -0.06530278
v 0.02655632 -0.00466556 0.03435546
v 0.02810990 -0.00104304 -0.04210677
v 0.02789600 -0.00086247 -0.04451982
v 0.02856484 -0.00066660 -0.01822076
v 0.02896664 -0.00192172 -0.00668787
v 0.02720550 -0.00035139 -0.06249273
v 0.02628164 -0.00118939 -0.06609496
v 0.02660977 -0.00023569 0.04616634
v 0.02809636 -0.00120314 -0.04628414
v 0.02824370 -0.00160925 -0.04190077
v 0.02818561 -0.00159790 -0.04664764
v 0.02787736 -0.00114592 -0.04865871
v 0.02783493 -0.00090432 -0.05057189
v 0.02811460 -0.00218934 -0.04670757
v 0.02798432 -0.00223531 -0.05251383
v 0.02796611 -0.00284770 -0.04772674
v 0.02763421 -0.00327164 -0.05669692
v 0.02800610 -0.00160041 -0.05315485
v 0.02771346 -0.00346247 -0.05166582
v 0.02784913 -0.00216253 -0.05724241
v 0.02779796 -0.00357959 -0.04549843
v 0.02741167 -0.00415116 -0.05462777
v 0.02790612 -0.00551398 0.01457385
v 0.02820499 -0.00517363 0.01516413
v 0.02853988 -0.00439456 0.01579050
v 0.02809352 -0.00521110 0.01680903
v 0.02790371 -0.00556918 0.01678537
v 0.02779594 -0.00565658 0.01486101
v 0.02773922 -0.00554196 0.01739117
v 0.02802263 -0.00512569 0.01798744
v 0.02829182 -0.00157617 -0.03937229
v 0.02711833 0.00018789 0.04259943
v 0.02680599 -0.00056647 0.04469903
v 0.02759218 0.00404773 -0.04417828
v 0.02792404 -0.00138285 -0.05458023
v 0.02864531 -0.00036373 -0.02043185
v 0.02886346 -0.00032822 -0.01624854
v 0.02867337 -0.00074237 -0.01603999
v 0.02883912 0.00016064 -0.01754546
v 0.02877438 0.00023411 -0.02091503
v 0.02861977 -0.00013773 -0.02500711
v 0.02833822 -0.00055194 -0.02168592
v 0.02860549 0.00023603 -0.02683733
v 0.02855524 -0.00012238 -0.02923616
v 0.02822469 -0.00042330 -0.02902712
v 0.02850528 0.00020736 -0.03017539
v 0.02843580 0.00049023 -0.03051618
v 0.02860276 0.00081027 -0.02349969
v 0.02846553 -0.00008278 -0.03336147
v 0.02834480 -0.00065084 -0.02088293
v 0.02779903 -0.00136515 -0.05843059
v 0.02765174 -0.00161782 -0.06001124
v 0.02775381 -0.00176153 -0.05958923
v 0.02737830 -0.00128750 -0.06272749
v 0.02745733 -0.00152066 -0.06233316
v 0.02709253 -0.00163414 -0.06380185
v 0.02685793 -0.00219067 -0.06435759
v 0.02675837 -0.00129748 -0.06509627
v 0.02637702 -0.00191282 -0.06597820
v 0.02650156 -0.00323836 -0.06467773
v 0.02581565 -0.00237454 -0.06711128
v 0.02709867 -0.00326614 -0.06248917
v 0.02665625 -0.00434937 -0.06260474
v 0.02603753 -0.00396362 -0.06522272
v 0.02686196 -0.00122305 -0.06422245
v 0.02722601 -0.00378881 -0.06032024
v 0.02666539 -0.00475551 -0.06108012
v 0.02598150 -0.00557745 -0.06251674
v 0.02653811 -0.00552134 -0.05915717
v 0.02598853 -0.00627358 -0.05967317
v 0.02513122 -0.00662027 -0.06236236
v 0.02537915 -0.00576747 -0.06383290
v 0.02552771 -0.00674096 -0.05971881
v 0.02567374 -0.00670403 -0.05905695
v 0.02464242 -0.00631483 -0.06439959
v 0.02516294 -0.00525644 -0.06535277
v 0.02396235 -0.00795271 -0.06082643
v 0.02377086 -0.00784323 -0.06225844
v 0.02389809 -0.00663343 -0.06524331
v 0.02378873 -0.00592132 -0.06679050
v 0.02445357 -0.00489784 -0.06715881
v 0.02489216 -0.00436544 -0.06709638
v 0.02367172 -0.00384488 -0.06891223
v 0.02591718 -0.00657856 -0.05706361
v 0.02593601 -0.00163548 -0.06714160
v 0.02523826 -0.00174392 -0.06817655
v 0.02566658 -0.00132164 -0.06764456
v 0.02518552 -0.00124745 -0.06819235
v 0.02484714 -0.00132590 -0.06877165
v 0.02466629 -0.00201156 -0.06881383
v 0.02453285 -0.00280666 -0.06861888
v 0.02337963 -0.00438865 -0.06878209
v 0.02739717 -0.00219339 -0.06230222
v 0.02832037 -0.00090860 -0.03401350
v 0.02565818 -0.00120503 -0.06733224
v 0.02488423 -0.00089960 -0.06841830
v 0.02482193 0.00179569 -0.06833689
v 0.02571312 0.00179462 -0.06698557
v 0.02555801 0.00285630 -0.06705432
v 0.02487695 0.00415854 -0.06783026
v 0.02434345 0.00414948 -0.06852485
v 0.02678318 -0.00014728 0.04590782
v 0.02656513 -0.00068959 0.04699028
v 0.02464368 -0.00123540 -0.06879494
v 0.02759153 -0.00415388 -0.04536372
v 0.02717202 -0.00479368 -0.05243077
v 0.02733763 -0.00471780 -0.04539957
v 0.02742831 -0.00469337 -0.03724562
v 0.02710284 -0.00472329 -0.05643172
v 0.02714661 -0.00510040 -0.04384032
v 0.02643505 -0.00039498 0.04728358
v 0.02725078 -0.00125142 -0.06269335
v 0.02661675 -0.00578123 -0.04958163
v 0.02653691 -0.00605056 -0.04442884
v 0.02655397 -0.00609375 -0.03930783
v 0.02607942 -0.00677038 -0.03806782
v 0.02656356 -0.00634689 -0.03372920
v 0.02653635 -0.00647107 -0.03052982
v 0.02591897 -0.00713952 -0.03008083
v 0.02659542 -0.00667086 -0.02459370
v 0.02551463 -0.00786945 -0.02401306
v 0.02543831 -0.00803725 -0.02088402
v 0.02658427 -0.00681723 -0.01980371
v 0.02706120 -0.00620802 -0.01921325
v 0.02581929 -0.00786230 -0.01560390
v 0.02662059 -0.00697334 -0.01488487
v 0.02588614 -0.00791136 -0.00895823
v 0.02657157 -0.00716526 -0.00831068
v 0.02656388 -0.00721919 -0.00262619
v 0.02521567 -0.00849577 -0.01402136
v 0.02700420 -0.00647669 -0.01539696
v 0.02476409 -0.00860268 -0.02415363
v 0.02457586 -0.00848440 -0.03046927
v 0.02713636 -0.00577492 -0.02601586
v 0.02728406 -0.00515634 -0.03387061
v 0.02571530 -0.00723238 -0.03373374
v 0.02549334 -0.00724942 -0.03849715
v 0.02471429 -0.00800044 -0.03954055
v 0.02533663 -0.00730664 -0.04787515
v 0.02376367 -0.00875423 -0.04788572
v 0.02378978 -0.00862574 -0.05369746
v 0.02510068 -0.00739094 -0.05503412
v 0.02594772 -0.00667293 -0.05337216
v 0.02375587 -0.00853578 -0.05721550
v 0.02349588 -0.00901896 -0.04571430
v 0.02350619 -0.00914766 -0.04009504
v 0.02353632 -0.00922811 -0.03704464
v 0.02776358 -0.00430665 -0.02983367
v 0.02600952 -0.00676022 -0.04574692
v 0.02797920 -0.00074643 -0.04602441
v 0.02594451 -0.00649880 0.02632115
v 0.02712007 -0.00528863 -0.03672535
v 0.02797722 -0.00430089 -0.01984219
v 0.02550339 -0.00697490 0.03331806
v 0.02547047 -0.00717555 0.02664051
v 0.02550427 -0.00715584 0.02089587
v 0.02481241 -0.00796945 0.02293848
v 0.02471635 -0.00793473 0.03344653
v 0.02485086 -0.00799852 0.01872015
v 0.02552818 -0.00720851 0.01869400
v 0.02655299 -0.00728575 0.00204307
v 0.02857386 0.00216135 -0.01814926
v 0.02836967 -0.00091252 -0.02927264
v 0.02752282 -0.00553040 -0.01591764
v 0.02867633 0.00458135 -0.00548257
v 0.02665626 -0.00099074 0.04590860
v 0.02841821 0.00180270 -0.02639408
v 0.02762164 -0.00037988 0.03384192
v 0.02791999 -0.00037003 0.03059923
v 0.02762278 -0.00093205 0.03355470
v 0.02762348 -0.00144461 0.03196215
v 0.02347475 -0.00949335 -0.03086597
v 0.02777660 -0.00389372 -0.03751927
v 0.02453940 -0.00887218 -0.02173551
v 0.02819225 -0.00397501 -0.01623163
v 0.02478183 -0.00748258 0.04587897
v 0.02412171 -0.00790254 0.05209094
v 0.02455718 -0.00778371 0.04466789
v 0.02429419 -0.00802973 0.04526740
v 0.02511973 -0.00745241 0.03421338
v 0.02734962 -0.00555321 -0.02207209
v 0.02822409 0.00334492 -0.02549375
v 0.02794585 0.00406540 -0.03175495
v 0.02805847 0.00414014 -0.02668774
v 0.02830600 0.00374801 -0.01877448
v 0.02525519 -0.00848305 -0.00776680
v 0.02796252 0.00455793 -0.02609982
v 0.02778934 0.00441056 -0.03241861
v 0.02769240 0.00440026 -0.03534104
v 0.02713248 0.00543814 -0.03254900
v 0.02714710 0.00523629 -0.03627345
v 0.02769780 0.00505624 -0.02538648
v 0.02782156 0.00404377 -0.03538145
v 0.02810059 0.00462274 -0.01856813
v 0.02795912 -0.00500012 0.01883609
v 0.02859067 -0.00107618 -0.01676416
v 0.02714031 -0.00436206 -0.05916930
v 0.02889241 -0.00081069 -0.01184554
v 0.02895761 -0.00044888 -0.01166842
v 0.02476187 -0.00683014 0.05476849
v 0.02782635 -0.00033111 -0.05168845
v 0.02882049 -0.00356609 0.00530239
v 0.02783879 -0.00127322 -0.05317324
v 0.02717796 -0.00545012 -0.03063805
v 0.02791614 -0.00465142 -0.01692575
v 0.02846800 -0.00009228 0.02766741
v 0.02672836 0.00433397 -0.06068543
v 0.02886290 -0.00360721 0.01509518
v 0.02824462 -0.00406419 -0.01224508
v 0.02519180 -0.00546177 0.05578479
v 0.02554232 -0.00488306 0.05258189
v 0.02540954 -0.00335321 0.05631035
v 0.02516276 -0.00489179 0.05718201
v 0.02488570 -0.00563919 0.05864018
v 0.02492066 -0.00447703 0.05976603
v 0.02522133 -0.00351745 0.05816490
v 0.02570803 -0.00271962 0.05399384
v 0.02578161 -0.00104081 0.05480899
v 0.02553382 -0.00069487 0.05744925
v 0.02570705 -0.00046705 0.05539786
v 0.02557698 -0.00041297 0.05579160
v 0.02563147 -0.00008824 0.05665087
v 0.02605492 -0.00047856 0.05218533
v 0.02590939 0.00030147 0.05407875
v 0.02542775 -0.00054403 0.05757731
v 0.02617773 -0.00100038 0.05065490
v 0.02622371 -0.00042355 0.04996142
v 0.02612316 -0.00304577 0.04845373
v 0.02471767 -0.00546162 0.06003473
v 0.02437004 -0.00467676 0.06192401
v 0.02416946 -0.00568986 0.06196613
v 0.02473294 -0.00344627 0.06096654
v 0.02501380 -0.00097244 0.06059209
v 0.02404323 -0.00466324 0.06284854
v 0.02353429 -0.00516492 0.06385936
v 0.02359069 -0.00358364 0.06402980
v 0.02413726 -0.00105273 0.06321017
v 0.02363578 -0.00104423 0.06422232
v 0.02383427 -0.00065113 0.06395046
v 0.02405328 -0.00033459 0.06315339
v 0.02312750 -0.00357827 0.06484366
v 0.02336638 -0.00591756 0.06376229
v 0.02379689 -0.00663239 0.06195477
v 0.02305660 -0.00681746 0.06347787
v 0.02299485 -0.00779753 0.06177510
v 0.02245648 -0.00785701 0.06290439
v 0.02361952 -0.00722709 0.06123036
v 0.02430003 -0.00679251 0.05964810
v 0.02348047 -0.00783313 0.05985305
v 0.02251780 -0.00713176 0.06403064
v 0.02162533 -0.00784029 0.06435361
v 0.02149432 -0.00723012 0.06533968
v 0.02359208 -0.00048373 0.06418838
v 0.02461438 -0.00603293 0.05975746
v 0.02246211 -0.00636129 0.06493943
v 0.02550612 -0.00021190 0.05689353
v 0.02862876 -0.00399042 0.00641175
v 0.02779182 0.00533102 0.03031501
v 0.02751713 0.00517897 0.03382541
v 0.02728276 0.00541657 0.03453312
v 0.02737119 0.00475590 0.03709818
v 0.02717738 0.00508096 0.03740656
v 0.02712724 0.00463206 0.03976658
v 0.02680166 0.00497558 0.04147045
v 0.02676858 0.00463976 0.04322541
v 0.02624488 0.00527150 0.04557345
v 0.02621608 0.00509476 0.04703650
v 0.02647018 0.00458513 0.04703010
v 0.02653846 0.00410910 0.04757016
v 0.02614998 0.00457193 0.04971558
v 0.02678357 0.00381651 0.04523153
v 0.02599573 0.00499734 0.04921476
v 0.02653006 0.00336960 0.04842079
v 0.02676896 0.00274645 0.04623687
v 0.02731583 0.00313942 0.03968942
v 0.02708783 0.00352765 0.04206939
v 0.02664694 0.00171150 0.04761691
v 0.02705184 0.00410744 0.04166991
v 0.02609577 0.00414917 0.05124132
v 0.02672929 0.00532883 0.04006185
v 0.02848652 0.00381163 -0.01217515
v 0.02703964 -0.00316767 0.03327724
v 0.02825873 -0.00022690 0.02806881
v 0.02448209 -0.00070402 0.06242136
v 0.02832888 0.00127176 -0.03157062
v 0.02905400 -0.00095913 -0.00918001
v 0.02757777 0.00329381 0.03671242
v 0.02746471 0.00446472 -0.04318584
v 0.02594028 -0.00653159 0.02050790
v 0.02641115 -0.00570648 0.02000866
v 0.02629231 -0.00609292 0.01874534
v 0.02517008 -0.00793517 0.01562890
v 0.02741600 -0.00570412 0.01319952
v 0.02715145 -0.00588646 0.01386509
v 0.02867783 0.00518753 0.01080793
v 0.02774974 0.00463668 0.03402252
v 0.02283626 -0.00066805 0.06551515
v 0.02229979 -0.00473311 0.06590390
v 0.02248344 -0.00100874 0.06594368
v 0.02184830 -0.00346556 0.06653372
v 0.02113847 -0.00516298 0.06707587
v 0.02129002 -0.00339323 0.06712324
v 0.02145503 -0.00070055 0.06708115
v 0.02211869 -0.00552539 0.06589575
v 0.02208109 -0.00068089 0.06642527
v 0.02117562 -0.00647617 0.06639921
v 0.02752874 -0.00489174 0.01964817
v 0.02686506 -0.00363539 0.03340808
v 0.02818397 -0.00438469 -0.01052649
v 0.02863021 0.00515161 0.01728591
v 0.02849901 0.00544945 0.01140473
v 0.02657912 0.00556387 -0.04669234
v 0.02698957 0.00503312 -0.04600738
v 0.02620131 0.00348938 0.05114970
v 0.02578881 0.00345708 0.05472113
v 0.02592665 0.00253769 0.05405272
v 0.02554217 0.00411923 0.05570708
v 0.02550659 0.00333022 0.05733097
v 0.02528220 0.00408378 0.05793958
v 0.02533375 0.00354850 0.05838821
v 0.02498834 0.00393814 0.05993694
v 0.02528595 0.00255656 0.05925932
v 0.02509395 0.00455073 0.05788614
v 0.02596438 -0.00085587 -0.06674446
v 0.02529933 -0.00109190 0.05901305
v 0.02456125 -0.00840662 -0.03391992
v 0.02316628 -0.00963117 -0.03522353
v 0.02647936 -0.00127963 -0.06570929
v 0.02792057 0.00504038 -0.01761087
v 0.02753188 0.00535287 -0.02416745
v 0.02662427 -0.00559143 0.01933860
v 0.02670000 -0.00584701 0.01817458
v 0.02692904 -0.00523521 0.01961071
v 0.02658687 -0.00610222 0.01729561
v 0.02675658 -0.00511909 0.02032779
v 0.02415572 -0.00764629 0.05519623
v 0.02364917 -0.00805536 0.05684690
v 0.02885568 -0.00186095 0.02181645
v 0.02554356 0.00196753 0.05756437
v 0.02590660 -0.00498141 -0.06407916
v 0.02851022 0.00509124 0.02223571
v 0.02873722 0.00471535 0.01985535
v 0.02469275 0.00457125 0.06012743
v 0.02449312 0.00506715 0.05946759
v 0.02447476 0.00425306 0.06146140
v 0.02482014 0.00336702 0.06097155
v 0.02444638 0.00323177 0.06222405
v 0.02484250 0.00157608 0.06136731
v 0.02391316 0.00384178 0.06322050
v 0.02438008 0.00199970 0.06268566
v 0.02471761 0.00032083 0.06175372
v 0.02509566 -0.00004739 0.06018382
v 0.02494208 -0.00028484 0.06061432
v 0.02397446 0.00462457 0.06224877
v 0.02443346 0.00007788 0.06255893
v 0.02377334 0.00143010 0.06411399
v 0.02381656 0.00000417 0.06398471
v 0.02322898 -0.00009698 0.06504319
v 0.02323247 0.00248148 0.06499803
v 0.02338501 0.00449259 0.06369978
v 0.02384840 0.00263864 0.06383782
v 0.02387409 0.00525756 0.06113104
v 0.02488223 0.00518486 0.05639008
v 0.02555367 0.00449757 0.05448520
v 0.02707265 -0.00656581 -0.00726656
v 0.02648820 0.00501029 -0.05653401
v 0.02545546 0.00427027 -0.06683782
v 0.02880225 0.00115268 -0.01376798
v 0.02468343 -0.00761413 -0.05912658
v 0.02712036 -0.00070205 0.04187585
v 0.02717324 -0.00095095 -0.06262757
v 0.02791607 -0.00162647 -0.05717170
v 0.02822051 0.00019330 -0.03769866
v 0.02673353 0.00022337 0.04661401
v 0.02632098 -0.00022040 0.04975844
v 0.02638979 0.00018200 0.04990921
v 0.02508673 0.00270263 0.06022531
v 0.02735027 0.00026420 0.03899179
v 0.02883472 -0.00362989 0.00781975
v 0.02651960 -0.00573683 -0.05643277
v 0.02818473 -0.00224942 -0.04044540
v 0.02240513 -0.00052831 0.06591462
v 0.02371028 -0.00711183 -0.06452858
v 0.02424571 -0.00726579 0.05752656
v 0.02839245 0.00019332 -0.03363695
v 0.02829310 0.00467989 -0.01182059
v 0.02817507 0.00506963 -0.01038791
v 0.02800735 -0.00046307 0.02915899
v 0.02708753 0.00510614 -0.04324266
v 0.02664192 -0.00521199 0.02072511
v 0.02681008 -0.00611451 0.01454716
v 0.02659380 -0.00613365 0.01635343
v 0.02741894 0.00410264 0.03774487
v 0.02760645 -0.00240293 -0.06021765
v 0.02519692 0.00504696 0.05458172
v 0.02845272 0.00480591 -0.00837578
v 0.02671179 0.00416418 -0.06248178
v 0.02602083 0.00524645 -0.06231006
v 0.02641482 0.00443531 -0.06324612
v 0.02886238 -0.00294884 -0.00286802
v 0.02896363 -0.00253545 -0.00353220
v 0.02847542 -0.00075183 0.02586988
v 0.02552966 0.00508035 0.05239456
v 0.02910543 -0.00233104 -0.00405404
v 0.02830132 -0.00039232 -0.02649766
v 0.02826488 -0.00066088 -0.02676361
v 0.02812234 -0.00070649 -0.02908571
v 0.02795026 -0.00060488 -0.02937179
v 0.02302310 -0.00518595 0.06475883
v 0.02323941 0.00388531 0.06455292
v 0.02707504 -0.00469721 0.02100158
v 0.02185237 -0.00663911 0.06549493
v 0.02711553 0.00097743 0.04291720
v 0.02769502 -0.00195784 0.02954355
v 0.02456587 -0.00044811 0.06195879
v 0.02522719 0.00112091 0.05974862
v 0.02596432 0.00138678 0.05386628
v 0.02322665 -0.00068206 0.06497978
v 0.02269207 0.00426633 0.06519102
v 0.02244805 0.00388510 0.06579957
v 0.02811600 0.00112607 -0.03815763
v 0.02772984 0.00405058 -0.03808166
v 0.02583996 -0.00711704 0.01647816
v 0.02493827 -0.00064605 0.06078540
v 0.02752672 -0.00327018 -0.05907521
v 0.02479952 -0.00636219 0.05723349
v 0.02578486 -0.00471155 0.04961225
v 0.02517597 -0.00037337 0.05908396
v 0.02628213 0.00405144 -0.06481107
v 0.02605765 0.00434205 -0.06507989
v 0.02729099 0.00102386 0.04044259
v 0.02545167 -0.00328061 -0.06715604
v 0.02553775 0.00019694 0.05735264
v 0.02900452 0.00354126 0.01016788
v 0.02901871 0.00308314 0.01410535
v 0.02916070 0.00146515 0.00934731
v 0.02885649 0.00467044 0.01507832
v 0.02890673 0.00086112 -0.01131838
v 0.02905400 -0.00095913 -0.00918001
v 0.02895761 -0.00044888 -0.01166842
v 0.02880225 0.00115268 -0.01376798
v 0.02886346 -0.00032822 -0.01624854
v 0.02866273 -0.00114949 -0.01301034
v 0.02867337 -0.00074237 -0.01603999
v 0.02859067 -0.00107618 -0.01676416
v 0.02857386 0.00216135 -0.01814926
v 0.02867752 0.00255381 -0.01253289
v 0.02880225 0.00115268 -0.01376798
v 0.02830600 0.00374801 -0.01877448
v 0.02848652 0.00381163 -0.01217515
v 0.02829310 0.00467989 -0.01182059
v 0.02832888 0.00127176 -0.03157062
v 0.02843580 0.00049023 -0.03051618
v 0.02829996 0.00021545 -0.03605088
v 0.02811600 0.00112607 -0.03815763
v 0.02772984 0.00405058 -0.03808166
v 0.02839245 0.00019332 -0.03363695
v 0.02775998 -0.00091939 -0.05327773
v 0.02783493 -0.00090432 -0.05057189
v 0.02783879 -0.00127322 -0.05317324
v 0.02782635 -0.00033111 -0.05168845
v 0.02792286 -0.00072978 -0.04987127
v 0.02789600 -0.00086247 -0.04451982
v 0.02797920 -0.00074643 -0.04602441
v 0.02741894 0.00410264 0.03774487
v 0.02731583 0.00313942 0.03968942
v 0.02757777 0.00329381 0.03671242
v 0.02751149 0.00176862 0.03754848
v 0.02729099 0.00102386 0.04044259
v 0.02664694 0.00171150 0.04761691
v 0.02673353 0.00022337 0.04661401
v 0.02711553 0.00097743 0.04291720
v 0.02638979 0.00018200 0.04990921
v 0.02678318 -0.00014728 0.04590782
v 0.02660977 -0.00023569 0.04616634
v 0.02596432 0.00138678 0.05386628
v 0.02613986 -0.00011252 0.05219451
v 0.02590939 0.00030147 0.05407875
v 0.02605492 -0.00047856 0.05218533
v 0.02622371 -0.00042355 0.04996142
v 0.02632098 -0.00022040 0.04975844
v 0.02643505 -0.00039498 0.04728358
v 0.02645564 -0.00104132 0.04757208
v 0.02656513 -0.00068959 0.04699028
v 0.02665626 -0.00099074 0.04590860
v 0.02612316 -0.00304577 0.04845373
v 0.02578486 -0.00471155 0.04961225
v 0.02617773 -0.00100038 0.05065490
v 0.02914180 -0.00182233 -0.00565707
v 0.02922078 -0.00120759 0.00227815
v 0.02915189 -0.00239270 0.00265313
v 0.02910543 -0.00233104 -0.00405404
v 0.02554356 0.00196753 0.05756437
v 0.02563147 -0.00008824 0.05665087
v 0.02596432 0.00138678 0.05386628
v 0.02553775 0.00019694 0.05735264
v 0.02680599 -0.00056647 0.04469903
v 0.02665626 -0.00099074 0.04590860
v 0.02702636 -0.00098875 0.04220333
v 0.02696565 -0.00049394 0.04216390
v 0.02712036 -0.00070205 0.04187585
v 0.02889668 -0.00359504 0.00869533
v 0.02889801 -0.00328030 0.01427851
v 0.02886290 -0.00360721 0.01509518
v 0.02902694 -0.00279797 0.01258975
v 0.02892716 -0.00361749 0.01035904
v 0.02856090 -0.00440358 0.00948739
v 0.02838207 -0.00460696 0.00682734
v 0.02883472 -0.00362989 0.00781975
v 0.02744946 -0.00013907 0.03554210
v 0.02742701 -0.00049629 0.03666196
v 0.02750074 -0.00111871 0.03497953
v 0.02762164 -0.00037988 0.03384192
v 0.02762278 -0.00093205 0.03355470
v 0.02762348 -0.00144461 0.03196215
v 0.02703964 -0.00316767 0.03327724
v 0.02715541 -0.00346206 0.03029718
v 0.02769502 -0.00195784 0.02954355
v 0.02808078 -0.00115626 0.02775307
v 0.02791999 -0.00037003 0.03059923
v 0.02800735 -0.00046307 0.02915899
v 0.02737567 -0.00015781 0.03588216
v 0.02722196 -0.00032469 0.03858975
v 0.02717347 -0.00014887 0.03906232
v 0.02735027 0.00026420 0.03899179
v 0.02825873 -0.00022690 0.02806881
v 0.02800735 -0.00046307 0.02915899
v 0.02823283 -0.00064944 0.02709330
v 0.02846800 -0.00009228 0.02766741
v 0.02851557 -0.00029704 0.02663832
v 0.02847542 -0.00075183 0.02586988
v 0.02493827 -0.00064605 0.06078540
v 0.02501380 -0.00097244 0.06059209
v 0.02529933 -0.00109190 0.05901305
v 0.02517597 -0.00037337 0.05908396
v 0.02494208 -0.00028484 0.06061432
v 0.02680691 -0.00094392 -0.06442017
v 0.02717324 -0.00095095 -0.06262757
v 0.02686196 -0.00122305 -0.06422245
v 0.02725078 -0.00125142 -0.06269335
v 0.02647936 -0.00127963 -0.06570929
v 0.02905400 -0.00095913 -0.00918001
v 0.02893127 -0.00167759 -0.00781308
v 0.02878609 -0.00149184 -0.01061203
v 0.02885654 -0.00217933 -0.00820827
v 0.02885773 -0.00223099 -0.00681235
v 0.02896664 -0.00192172 -0.00668787
v 0.02775381 -0.00176153 -0.05958923
v 0.02791607 -0.00162647 -0.05717170
v 0.02784913 -0.00216253 -0.05724241
v 0.02752672 -0.00327018 -0.05907521
v 0.02818473 -0.00224942 -0.04044540
v 0.02810078 -0.00285645 -0.03723495
v 0.02796611 -0.00284770 -0.04772674
v 0.02779796 -0.00357959 -0.04549843
v 0.02777660 -0.00389372 -0.03751927
v 0.02844429 -0.00074959 -0.02618720
v 0.02850505 -0.00098817 -0.02570825
v 0.02847609 -0.00114118 -0.02862419
v 0.02836967 -0.00091252 -0.02927264
v 0.02847139 -0.00069174 -0.02043509
v 0.02839245 0.00019332 -0.03363695
v 0.02846553 -0.00008278 -0.03336147
v 0.02823106 -0.00028031 -0.03366891
v 0.02855524 -0.00012238 -0.02923616
v 0.02822469 -0.00042330 -0.02902712
v 0.02795026 -0.00060488 -0.02937179
v 0.02790549 -0.00054783 -0.03325456
v 0.02886290 -0.00360721 0.01509518
v 0.02882227 -0.00347902 0.01754324
v 0.02853988 -0.00439456 0.01579050
v 0.02809352 -0.00521110 0.01680903
v 0.02802263 -0.00512569 0.01798744
v 0.02795912 -0.00500012 0.01883609
v 0.02779903 -0.00136515 -0.05843059
v 0.02792404 -0.00138285 -0.05458023
v 0.02791607 -0.00162647 -0.05717170
v 0.02768377 -0.00127718 -0.05771893
v 0.02783879 -0.00127322 -0.05317324
v 0.02797477 -0.00255065 0.02450502
v 0.02768405 -0.00255368 0.02733232
v 0.02781618 -0.00316109 0.02350988
v 0.02823877 -0.00237382 0.02351297
v 0.02840393 -0.00258723 0.02257686
v 0.02876857 -0.00152773 0.02309647
v 0.02885568 -0.00186095 0.02181645
v 0.02787270 -0.00387888 -0.03361819
v 0.02776358 -0.00430665 -0.02983367
v 0.02728406 -0.00515634 -0.03387061
v 0.02717796 -0.00545012 -0.03063805
v 0.02777660 -0.00389372 -0.03751927
v 0.02742831 -0.00469337 -0.03724562
v 0.02712007 -0.00528863 -0.03672535
v 0.02713636 -0.00577492 -0.02601586
v 0.02734962 -0.00555321 -0.02207209
v 0.02863021 0.00515161 0.01728591
v 0.02851022 0.00509124 0.02223571
v 0.02873722 0.00471535 0.01985535
v 0.02846521 0.00535568 0.01865729
v 0.02791614 -0.00465142 -0.01692575
v 0.02818397 -0.00438469 -0.01052649
v 0.02752282 -0.00553040 -0.01591764
v 0.02797722 -0.00430089 -0.01984219
v 0.02756403 -0.00561723 -0.01097064
v 0.02700420 -0.00647669 -0.01539696
v 0.02707265 -0.00656581 -0.00726656
v 0.02706120 -0.00620802 -0.01921325
v 0.02734962 -0.00555321 -0.02207209
v 0.02714031 -0.00436206 -0.05916930
v 0.02710284 -0.00472329 -0.05643172
v 0.02653811 -0.00552134 -0.05915717
v 0.02651960 -0.00573683 -0.05643277
v 0.02443346 0.00007788 0.06255893
v 0.02381656 0.00000417 0.06398471
v 0.02405328 -0.00033459 0.06315339
v 0.02456587 -0.00044811 0.06195879
v 0.02571312 0.00179462 -0.06698557
v 0.02608901 0.00210190 -0.06607553
v 0.02596438 -0.00085587 -0.06674446
v 0.02555801 0.00285630 -0.06705432
v 0.02545546 0.00427027 -0.06683782
v 0.02628164 -0.00118939 -0.06609496
v 0.02647936 -0.00127963 -0.06570929
v 0.02566658 -0.00132164 -0.06764456
v 0.02565818 -0.00120503 -0.06733224
v 0.02596438 -0.00085587 -0.06674446
v 0.02651960 -0.00573683 -0.05643277
v 0.02661675 -0.00578123 -0.04958163
v 0.02594772 -0.00667293 -0.05337216
v 0.02591718 -0.00657856 -0.05706361
v 0.02600952 -0.00676022 -0.04574692
v 0.02510068 -0.00739094 -0.05503412
v 0.02468343 -0.00761413 -0.05912658
v 0.02583996 -0.00711704 0.01647816
v 0.02659380 -0.00613365 0.01635343
v 0.02629231 -0.00609292 0.01874534
v 0.02545167 -0.00328061 -0.06715604
v 0.02603753 -0.00396362 -0.06522272
v 0.02489216 -0.00436544 -0.06709638
v 0.02516294 -0.00525644 -0.06535277
v 0.02590660 -0.00498141 -0.06407916
v 0.02706866 -0.00663377 0.00047030
v 0.02655299 -0.00728575 0.00204307
v 0.02656388 -0.00721919 -0.00262619
v 0.02707265 -0.00656581 -0.00726656
v 0.02595128 -0.00790353 0.00170489
v 0.02588614 -0.00791136 -0.00895823
v 0.02525519 -0.00848305 -0.00776680
v 0.02302310 -0.00518595 0.06475883
v 0.02211869 -0.00552539 0.06589575
v 0.02246211 -0.00636129 0.06493943
v 0.02185237 -0.00663911 0.06549493
v 0.02424571 -0.00726579 0.05752656
v 0.02348047 -0.00783313 0.05985305
v 0.02364917 -0.00805536 0.05684690
v 0.02455718 -0.00778371 0.04466789
v 0.02471635 -0.00793473 0.03344653
v 0.02511973 -0.00745241 0.03421338
v 0.02429419 -0.00802973 0.04526740
v 0.02765231 -0.00559289 0.01021165
v 0.02792580 -0.00539118 0.00923164
v 0.02829251 -0.00519825 0.01083188
v 0.02790612 -0.00551398 0.01457385
v 0.02741600 -0.00570412 0.01319952
v 0.02715145 -0.00588646 0.01386509
v 0.02149432 -0.00723012 0.06533968
v 0.02185237 -0.00663911 0.06549493
v 0.02117562 -0.00647617 0.06639921
v 0.02675658 -0.00511909 0.02032779
v 0.02752874 -0.00489174 0.01964817
v 0.02707504 -0.00469721 0.02100158
v 0.02692904 -0.00523521 0.01961071
v 0.02795912 -0.00500012 0.01883609
v 0.02810799 -0.00457745 0.01908966
v 0.00425018 0.00023200 0.07294956
v 0.00066512 0.00003302 0.07297337
v 0.00426205 -0.00002365 0.07293664
v 0.00035747 0.00019698 0.07296929
v 0.00558594 0.00024891 0.07287430
v -0.00352047 -0.00003389 0.07291798
v -0.00424750 0.00026770 0.07291285
v -0.00418498 -0.00001716 0.07283605
v 0.00566665 -0.00001594 0.07277031
v 0.00532497 -0.00045157 0.07300622
v 0.00375342 -0.00014853 0.07316808
v 0.00571996 -0.00099313 0.07298234
v 0.00364513 -0.00321487 0.07316359
v 0.00150017 -0.00286346 0.07327336
v 0.00130847 -0.00481420 0.07321267
v 0.00399082 -0.00516299 0.07302116
v 0.00053433 -0.00351127 0.07325279
v 0.00055921 -0.00105682 0.07328110
v 0.00159836 -0.00054447 0.07328351
v 0.00569366 -0.00312428 0.07295836
v -0.00004486 -0.00483441 0.07327100
v 0.00006257 -0.00331725 0.07329419
v 0.00584798 0.00006250 0.07259364
v 0.00059606 -0.00541208 0.07312096
v 0.00805489 -0.00014019 0.07256641
v -0.00443604 0.00007200 0.07261064
v -0.00010242 -0.00047611 0.07334413
v 0.00386797 -0.00589121 0.07280676
v 0.00582817 -0.00630594 0.07246777
v 0.00547553 -0.00670068 0.07231754
v 0.00388930 -0.00666727 0.07247892
v 0.00761951 -0.00702859 0.07183574
v 0.00773950 -0.00636388 0.07217953
v 0.00903360 -0.00669423 0.07178670
v 0.00833258 -0.00777546 0.07117631
v 0.01077725 -0.00693800 0.07125146
v 0.01036093 -0.00786656 0.07067331
v 0.01238386 -0.00707623 0.07072652
v 0.01255216 -0.00785437 0.07008572
v 0.01048411 -0.00843722 0.07003801
v 0.01247599 -0.00838845 0.06953722
v 0.00782401 -0.00841314 0.07062351
v 0.01221756 -0.00639032 0.07115015
v 0.01448721 -0.00784651 0.06937814
v 0.01466251 -0.00620460 0.07039603
v 0.01023509 -0.00638312 0.07166291
v 0.01343819 -0.00512759 0.07116933
v 0.01468432 -0.00535244 0.07068753
v 0.01682703 -0.00530736 0.06980477
v 0.01656959 -0.00647331 0.06945148
v 0.01760283 -0.00649670 0.06892245
v 0.01720540 -0.00717802 0.06864004
v 0.01895213 -0.00666580 0.06806516
v 0.01897324 -0.00722292 0.06759247
v 0.01733594 -0.00783687 0.06798993
v 0.01898917 -0.00598013 0.06840805
v 0.01898607 -0.00782715 0.06700435
v 0.02024814 -0.00698401 0.06683481
v 0.01494073 -0.00478811 0.07068814
v 0.00771892 -0.00537940 0.07248713
v 0.00036271 -0.00630032 0.07280852
v -0.00161731 -0.00341853 0.07325386
v -0.00281556 -0.00121610 0.07322532
v -0.00299485 -0.00011439 0.07318104
v -0.00311699 -0.00348913 0.07315893
v -0.00438492 -0.00041145 0.07307365
v -0.00508391 -0.00300264 0.07298594
v -0.00317796 -0.00513468 0.07305558
v -0.00572999 -0.00054415 0.07292077
v -0.00697451 -0.00104045 0.07274704
v -0.00729220 -0.00353962 0.07266050
v -0.00745732 -0.00507931 0.07255954
v -0.00945670 -0.00513903 0.07217915
v -0.00789538 -0.00591159 0.07225671
v -0.00528865 -0.00542368 0.07279321
v -0.00728715 -0.00643979 0.07217407
v -0.00516284 -0.00661228 0.07236644
v -0.00712321 -0.00702265 0.07185795
v -0.00928617 -0.00682231 0.07159347
v -0.00910403 -0.00779838 0.07092204
v -0.00739167 -0.00783784 0.07120258
v -0.00737339 -0.00838852 0.07065268
v -0.00975763 -0.00841075 0.07013388
v -0.01162016 -0.00776156 0.07031823
v -0.00510521 -0.00777187 0.07157030
v -0.00283917 -0.00635572 0.07268121
v -0.00985005 -0.00631057 0.07172117
v -0.00934529 -0.00314179 0.07228412
v -0.00770759 -0.00007325 0.07258403
v 0.00051668 -0.00691000 0.07245971
v 0.00375331 -0.00779569 0.07170345
v 0.00091826 -0.00786062 0.07176872
v 0.00271624 -0.00840142 0.07117728
v 0.00577464 -0.00841446 0.07089875
v -0.00251006 -0.00780031 0.07176552
v 0.00045399 -0.00840331 0.07124018
v 0.00574840 -0.00513346 0.07285135
v -0.00534830 -0.00490355 0.07287443
v 0.01022403 -0.00518798 0.07204204
v 0.00781053 -0.00327509 0.07263497
v 0.00046264 -0.00009050 0.07324076
v -0.01174778 -0.00351068 0.07170876
v -0.00974387 -0.00054762 0.07220340
v -0.01177021 -0.00052949 0.07169839
v -0.01323851 -0.00325235 0.07125282
v -0.01342502 -0.00051561 0.07122142
v -0.01272396 -0.00014416 0.07141157
v -0.01477521 -0.00356041 0.07071734
v -0.01479541 -0.00059955 0.07078407
v -0.01631861 -0.00337395 0.07009394
v -0.01639918 -0.00060490 0.07012061
v -0.01791765 -0.00063651 0.06934931
v -0.01700242 -0.00018297 0.06975945
v -0.01805545 -0.00008762 0.06910552
v -0.01734992 -0.00003162 0.06946387
v -0.01846877 -0.00059936 0.06903332
v -0.01891958 -0.00020545 0.06857975
v -0.01966161 -0.00063521 0.06821125
v -0.01956717 -0.00021727 0.06805044
v -0.02035665 -0.00031961 0.06756204
v -0.02058632 -0.00064738 0.06746602
v -0.02077903 -0.00030993 0.06715681
v -0.02107872 -0.00037306 0.06689686
v -0.02161012 -0.00025212 0.06651536
v -0.02112751 -0.00066462 0.06699401
v -0.02094583 -0.00296830 0.06715684
v -0.01837138 -0.00360999 0.06904530
v -0.01571236 -0.00010742 0.07032006
v -0.01074781 -0.00013088 0.07195002
v -0.00885853 -0.00000141 0.07221562
v -0.01153685 -0.00006082 0.07162408
v -0.01422932 -0.00492224 0.07085014
v -0.01668579 0.00002983 0.06969567
v -0.00913232 0.00013916 0.07197579
v -0.00892583 0.00030802 0.07231371
v -0.00798907 0.00001697 0.07240784
v -0.00731666 0.00016681 0.07247558
v 0.01886763 -0.00510590 0.06879737
v 0.01993670 -0.00518778 0.06805306
v 0.01902060 -0.00351901 0.06885545
v 0.01806223 -0.00340980 0.06937732
v 0.01893673 -0.00081420 0.06900220
v 0.02027467 -0.00325693 0.06800076
v 0.01694293 -0.00093341 0.07000366
v 0.01772366 -0.00066099 0.06963562
v 0.01653328 -0.00063397 0.07018845
v 0.01670380 -0.00341675 0.07004859
v 0.01867824 -0.00061455 0.06913177
v 0.01898573 -0.00045832 0.06880151
v 0.01687150 -0.00013237 0.06975563
v 0.01567539 -0.00032989 0.07043625
v 0.01535223 -0.00004666 0.07034791
v 0.01392039 -0.00010558 0.07095078
v 0.01401996 -0.00003548 0.07084196
v 0.01369004 0.00009459 0.07115563
v 0.01525505 -0.00072144 0.07071746
v 0.01804861 -0.00018702 0.06911360
v 0.01898795 -0.00014375 0.06884391
v 0.01919677 -0.00021893 0.06848981
v 0.01786761 -0.00043343 0.06938953
v -0.00272602 -0.00839571 0.07116704
v 0.01706752 -0.00488562 0.06977342
v -0.01299603 -0.00002065 0.07115535
v 0.01479202 -0.00672947 0.07009435
v 0.00757700 -0.00101929 0.07270134
v 0.02028778 -0.00784150 0.06589155
v 0.02149432 -0.00723012 0.06533968
v 0.02117562 -0.00647617 0.06639921
v 0.01446158 -0.00840706 0.06876332
v -0.00506930 -0.00842726 0.07092158
v 0.01985820 -0.00066611 0.06840094
v -0.01190985 -0.00839542 0.06957111
v -0.01420536 -0.00832346 0.06880496
v -0.01402714 -0.00775611 0.06946690
v -0.01408769 -0.00696582 0.07006087
v -0.01601840 -0.00715742 0.06906660
v -0.01629563 -0.00635082 0.06948949
v -0.01434507 -0.00624310 0.07038992
v -0.01194738 -0.00638854 0.07116105
v -0.01386656 -0.00544697 0.07087655
v -0.01729818 -0.00651871 0.06886674
v -0.01548215 -0.00532015 0.07027502
v -0.01824224 -0.00687410 0.06810434
v -0.01849037 -0.00595713 0.06849307
v -0.01611073 -0.00783988 0.06843546
v -0.01070537 0.00003955 0.07173094
v 0.02113847 -0.00516298 0.06707587
v 0.02129002 -0.00339323 0.06712324
v -0.01624925 -0.00006273 0.07001339
v -0.02001657 -0.00634194 0.06718979
v -0.01998672 -0.00687893 0.06682534
v -0.02073638 -0.00667817 0.06634748
v -0.02069252 -0.00530658 0.06715985
v -0.01870512 -0.00516143 0.06871310
v -0.01845817 -0.00775349 0.06720325
v 0.01459861 -0.00282786 0.07091767
v 0.00908880 -0.00057342 0.07239904
v 0.01028895 -0.00301746 0.07213947
v 0.01116822 -0.00060024 0.07193622
v 0.00980698 -0.00005311 0.07209629
v 0.01187302 -0.00039778 0.07166267
v 0.01210513 -0.00104641 0.07168959
v 0.01209730 -0.00336018 0.07167236
v 0.01136125 -0.00010277 0.07163443
v 0.01273609 -0.00022563 0.07139583
v 0.01172713 -0.00002761 0.07150320
v 0.00991825 0.00001321 0.07198585
v 0.00823222 -0.00003816 0.07242840
v 0.00966943 0.00022029 0.07228942
v 0.00776349 -0.00490022 0.07256477
v -0.00140298 -0.00554560 0.07305201
v 0.02030952 -0.00626492 0.06731176
v -0.00262039 -0.00685104 0.07243182
v 0.00575663 -0.00779187 0.07152648
v -0.02078378 -0.00484027 0.06720376
v -0.01955563 -0.00331441 0.06824479
v -0.01182530 -0.00514075 0.07161402
v -0.01071668 0.00026493 0.07174176
v -0.01981077 -0.00775791 0.06612293
v -0.01505835 0.00005508 0.07032007
v -0.01453734 -0.00004734 0.07065586
v -0.01475032 0.00016466 0.07060021
v -0.01324548 0.00010832 0.07085690
v 0.01345961 -0.00062065 0.07129181
v -0.01096673 0.00016906 0.07145373
v -0.01299168 0.00023577 0.07116896
v -0.01641263 0.00016651 0.07000155
v -0.01714159 -0.00486371 0.06960356
v -0.01157320 -0.00672415 0.07108849
v -0.01696026 -0.00532040 0.06959996
v 0.02073862 -0.00100611 0.06770904
v 0.02040967 -0.00064852 0.06799990
v 0.02078009 -0.00054550 0.06761017
v 0.01988986 -0.00023558 0.06801163
v 0.02070263 -0.00018784 0.06767823
v 0.02090534 -0.00030770 0.06726289
v 0.02127721 -0.00050204 0.06707921
v 0.02129786 -0.00021187 0.06711551
v 0.02146779 -0.00032668 0.06673943
v 0.02145503 -0.00070055 0.06708115
v -0.01447110 -0.00015691 0.07083544
v 0.01216267 -0.00520227 0.07155320
v 0.00827391 0.00011553 0.07244950
v 0.01393180 -0.00110470 0.07115729
v 0.01788522 -0.00012989 0.06934775
v 0.01968132 -0.00041864 0.06831343
v 0.01969946 -0.00017347 0.06833915
v 0.02186013 -0.00050977 0.06652144
v 0.02208109 -0.00068089 0.06642527
v 0.02189302 -0.00022131 0.06654336
v 0.02207264 -0.00032452 0.06613469
v -0.00770759 -0.00007325 0.07258403
v -0.00876008 -0.00033546 0.07240455
v -0.00697451 -0.00104045 0.07274704
v -0.00934529 -0.00314179 0.07228412
v -0.00974387 -0.00054762 0.07220340
v -0.00885853 -0.00000141 0.07221562
v -0.00317796 -0.00513468 0.07305558
v -0.00534830 -0.00490355 0.07287443
v -0.00528865 -0.00542368 0.07279321
v -0.00283917 -0.00635572 0.07268121
v -0.00140298 -0.00554560 0.07305201
v 0.00036271 -0.00630032 0.07280852
v -0.00262039 -0.00685104 0.07243182
v 0.01028895 -0.00301746 0.07213947
v 0.00776349 -0.00490022 0.07256477
v 0.01022403 -0.00518798 0.07204204
v 0.01209730 -0.00336018 0.07167236
v 0.01216267 -0.00520227 0.07155320
v 0.01459861 -0.00282786 0.07091767
v 0.01345961 -0.00062065 0.07129181
v 0.01393180 -0.00110470 0.07115729
v 0.01525505 -0.00072144 0.07071746
v -0.01182530 -0.00514075 0.07161402
v -0.01422932 -0.00492224 0.07085014
v -0.01386656 -0.00544697 0.07087655
v -0.01548215 -0.00532015 0.07027502
v -0.01714159 -0.00486371 0.06960356
v -0.01696026 -0.00532040 0.06959996
v -0.01870512 -0.00516143 0.06871310
v -0.01837138 -0.00360999 0.06904530
v -0.01955563 -0.00331441 0.06824479
v 0.01459861 -0.00282786 0.07091767
v 0.01494073 -0.00478811 0.07068814
v 0.01670380 -0.00341675 0.07004859
v 0.01706752 -0.00488562 0.06977342
v -0.01182530 -0.00514075 0.07161402
v -0.01194738 -0.00638854 0.07116105
v -0.00985005 -0.00631057 0.07172117
v -0.01157320 -0.00672415 0.07108849
v 0.01392039 -0.00010558 0.07095078
v 0.01273609 -0.00022563 0.07139583
v 0.01345961 -0.00062065 0.07129181
v 0.01172713 -0.00002761 0.07150320
v 0.00827391 0.00011553 0.07244950
v 0.00584798 0.00006250 0.07259364
v 0.00823222 -0.00003816 0.07242840
v 0.00566665 -0.00001594 0.07277031
v 0.00805489 -0.00014019 0.07256641
v -0.00262039 -0.00685104 0.07243182
v -0.00510521 -0.00777187 0.07157030
v -0.00251006 -0.00780031 0.07176552
v -0.00272602 -0.00839571 0.07116704
v -0.00506930 -0.00842726 0.07092158
v 0.01479202 -0.00672947 0.07009435
v 0.01448721 -0.00784651 0.06937814
v 0.01720540 -0.00717802 0.06864004
v 0.01733594 -0.00783687 0.06798993
v 0.01446158 -0.00840706 0.06876332
v 0.00575663 -0.00779187 0.07152648
v 0.00577464 -0.00841446 0.07089875
v 0.00782401 -0.00841314 0.07062351
v -0.01955563 -0.00331441 0.06824479
v -0.02094583 -0.00296830 0.06715684
v -0.02078378 -0.00484027 0.06720376
v 0.02113847 -0.00516298 0.06707587
v 0.02030952 -0.00626492 0.06731176
v 0.02117562 -0.00647617 0.06639921
v -0.01447110 -0.00015691 0.07083544
v -0.01299603 -0.00002065 0.07115535
v -0.01324548 0.00010832 0.07085690
v -0.01299168 0.00023577 0.07116896
v -0.00443604 0.00007200 0.07261064
v -0.00731666 0.00016681 0.07247558
v -0.00798907 0.00001697 0.07240784
v 0.02207264 -0.00032452 0.06613469
v 0.02208109 -0.00068089 0.06642527
v 0.02240513 -0.00052831 0.06591462
v -0.00667562 0.00657409 0.02277177
v -0.00718868 0.00668107 0.02303699
v -0.00625932 0.00669366 0.02324929
v -0.00902054 0.00668585 0.02299196
v -0.00518407 0.00653594 0.02327754
v -0.00376576 0.00649538 0.02304538
v -0.00365121 0.00651501 0.02448942
v -0.00210194 0.00641461 0.02388739
v -0.00098600 0.00645307 0.02622151
v -0.00082404 0.00627051 0.02390470
v -0.00050749 0.00635312 0.02494985
v 0.00055875 0.00638344 0.02573287
v 0.00213367 0.00643565 0.02714641
v 0.00029472 0.00625603 0.02512410
v 0.00098226 0.00624004 0.02537929
v -0.00262694 0.00651136 0.02605568
v -0.00198977 0.00650292 0.02767555
v -0.00213290 0.00651229 0.02985450
v -0.00139106 0.00624258 0.02331598
v 0.00104492 0.00622662 0.02442609
v 0.00126035 0.00624818 0.02499199
v 0.00157863 0.00624549 0.02467522
v 0.00286099 0.00640586 0.02561310
v -0.00054292 0.00644698 0.03251399
v 0.00442607 0.00646479 0.02695462
v -0.00010903 0.00621710 0.02450684
v -0.00149226 0.00616410 0.02308652
v -0.00535799 0.00654171 0.02078912
v -0.00658485 0.00656934 0.02148432
v -0.00988878 0.00656569 0.02150039
v -0.00508062 0.00661264 0.02361487
v -0.00461111 0.00652696 0.02042289
v -0.00364381 0.00648370 0.02110671
v -0.00358865 0.00650693 0.01964568
v 0.00516174 0.00647791 0.02559095
v 0.00363670 0.00640221 0.02435065
v 0.00287205 0.00634993 0.02431010
v 0.00291439 0.00635073 0.02173668
v 0.00229196 0.00628267 0.02509657
v 0.00255295 0.00623673 0.02442225
v 0.00387583 0.00641661 0.02086345
v 0.00668159 0.00647867 0.02232238
v 0.00676723 0.00650159 0.02023164
v 0.00788473 0.00651630 0.02061664
v 0.01058451 0.00650132 0.02309438
v 0.01025924 0.00651802 0.02074397
v 0.01231781 0.00650714 0.02050156
v 0.00878212 0.00651304 0.02321230
v 0.00750065 0.00649729 0.02370382
v 0.01258293 0.00648040 0.02337298
v 0.01577643 0.00638615 0.02083266
v 0.01377415 0.00649089 0.01993697
v 0.01660945 0.00639090 0.02016250
v 0.01635154 0.00627806 0.02077595
v 0.01613894 0.00622557 0.02148459
v 0.01704691 0.00618757 0.02055077
v 0.01498016 0.00648565 0.01920695
v 0.01366497 0.00730021 0.01980211
v 0.01218783 0.00743701 0.02026000
v 0.01277286 0.00804659 0.01987620
v 0.01338608 0.00814914 0.01957759
v 0.01186469 0.00799338 0.02013493
v 0.01487955 0.00733445 0.01903611
v 0.01454373 0.00805215 0.01895775
v 0.01047728 0.00804083 0.02029308
v 0.01083916 0.00836328 0.02006608
v 0.01505716 0.00638326 0.02314145
v 0.01592598 0.00649886 0.01841419
v 0.00762324 0.00665871 0.02040546
v 0.00625377 0.00648287 0.02445304
v 0.01231115 0.00665792 0.02038991
v 0.01231547 0.00871108 0.01944923
v 0.00271405 0.00638923 0.02038960
v 0.01069193 0.00664891 0.02062917
v 0.01581001 0.00628990 0.02357426
v 0.00562012 0.00648514 0.01970661
v 0.00592940 0.00663820 0.01978647
v 0.00510261 0.00663575 0.01913993
v 0.00596294 0.00727086 0.01965555
v 0.00524329 0.00733180 0.01907148
v 0.00591470 0.00803179 0.01929583
v 0.00517966 0.00811609 0.01857143
v 0.00601166 0.00858219 0.01877942
v 0.00706723 0.00868288 0.01937575
v 0.00574759 0.00891134 0.01787884
v 0.00463928 0.00810443 0.01786961
v 0.00459241 0.00734107 0.01827753
v 0.00463891 0.00844117 0.01708566
v 0.00526714 0.00885896 0.01680585
v 0.00412628 0.00831737 0.01592909
v 0.00698618 0.00800827 0.01990276
v 0.00407040 0.00804260 0.01672416
v 0.00559817 0.00906767 0.01627128
v 0.00685660 0.00894067 0.01892643
v 0.00105039 0.00631253 0.02141419
v 0.00147378 0.00627111 0.02251938
v 0.00396155 0.00646718 0.02826725
v -0.00992724 0.00655654 0.02277933
v 0.00856131 0.00821438 0.02015845
v 0.00034860 0.00629527 0.02270111
v -0.00030149 0.00626829 0.02203142
v 0.00255152 0.00619807 0.02335950
v 0.00197886 0.00639820 0.01969177
v 0.00159812 0.00624476 0.02537255
v -0.00566423 0.00668084 0.02341887
v -0.00253789 0.00640864 0.02285372
v -0.00007875 0.00630376 0.02230415
v 0.00021414 0.00637019 0.02047282
v 0.01759372 0.00623217 0.02119742
v 0.01745910 0.00623358 0.02221703
v 0.01860974 0.00623408 0.02149630
v 0.01762863 0.00624108 0.02367020
v 0.01827515 0.00627536 0.02082447
v 0.01892862 0.00637168 0.02119504
v 0.01862667 0.00640106 0.02037338
v 0.01986486 0.00642481 0.02111084
v 0.01995221 0.00642065 0.02451167
v 0.01662130 0.00622670 0.02320575
v 0.01717552 0.00623552 0.02377867
v 0.01668928 0.00621958 0.02347367
v 0.01721838 0.00625151 0.02485464
v 0.01860334 0.00620471 0.02436052
v 0.02271290 0.00648932 0.01964948
v 0.02256946 0.00643466 0.02463653
v 0.02105293 0.00646423 0.01804249
v 0.02244429 0.00652016 0.01658028
v 0.02279215 0.00649274 0.01104842
v 0.02300495 0.00640088 0.00912751
v 0.02297114 0.00641752 0.01779102
v 0.02114243 0.00645997 0.00893503
v 0.01891683 0.00645511 0.01294635
v 0.01789326 0.00643901 0.00939547
v 0.01895780 0.00642086 0.00725045
v 0.01985465 0.00643699 0.00502453
v 0.02137714 0.00646206 0.00017980
v 0.01893338 0.00646440 -0.00121715
v 0.02123063 0.00645773 -0.00904592
v 0.02121302 0.00644925 -0.01370370
v 0.02187547 0.00650905 -0.00923037
v 0.02190055 0.00651364 -0.02068479
v 0.01722234 0.00644964 -0.01211852
v 0.01647390 0.00648670 -0.00593055
v 0.01704229 0.00648811 -0.00443863
v 0.01583984 0.00650366 -0.00699275
v 0.01552809 0.00651442 -0.00977134
v 0.01496684 0.00651969 -0.00784967
v 0.01404588 0.00660150 -0.00857322
v 0.01419358 0.00662901 -0.01059117
v 0.01237295 0.00673012 -0.00941499
v 0.01273859 0.00676717 -0.01037602
v 0.01183872 0.00676262 -0.01020873
v 0.01041709 0.00681322 -0.00923799
v 0.00911973 0.00681376 -0.00924861
v 0.01034976 0.00678777 -0.01017060
v 0.00909654 0.00680700 -0.01019906
v 0.00796528 0.00682392 -0.01059963
v 0.00697208 0.00674254 -0.00929626
v 0.00701253 0.00678197 -0.00893718
v 0.00613076 0.00678116 -0.01140849
v 0.00507304 0.00651595 -0.00879080
v 0.01649573 0.00646450 -0.01315118
v 0.01681353 0.00644993 -0.01388084
v 0.01593665 0.00648882 -0.01229235
v 0.01710934 0.00646385 -0.01512180
v 0.01721811 0.00648422 -0.00248244
v 0.01920835 0.00646761 -0.01813123
v 0.01700647 0.00650404 -0.01734757
v 0.01656122 0.00658441 -0.01930018
v 0.02032799 0.00651327 -0.02130683
v 0.01630718 0.00659402 -0.01909029
v 0.02234279 0.00652289 -0.00093935
v 0.02238687 0.00651550 -0.00758005
v 0.02299094 0.00639063 -0.00135585
v 0.02300792 0.00636942 -0.00922610
v 0.02609745 0.00617889 -0.00409492
v 0.02643752 0.00613715 -0.01049601
v 0.02340045 0.00631979 -0.01267910
v 0.02345785 0.00632948 -0.01771536
v 0.02265090 0.00641141 -0.02035577
v 0.02265030 0.00638928 -0.01396618
v 0.02594591 0.00623022 0.00089557
v 0.02329775 0.00636673 0.00663597
v 0.02632310 0.00621660 0.00567751
v 0.02706999 0.00616453 0.00335367
v 0.02711172 0.00611864 0.01390708
v 0.02748321 0.00609058 0.00609697
v 0.02752309 0.00600634 -0.00170584
v 0.02600065 0.00620472 0.01330737
v 0.02763897 0.00601742 0.01820622
v 0.02709399 0.00613039 0.02027140
v 0.02745465 0.00605507 0.02058972
v 0.02697650 0.00599758 0.02855293
v 0.02649459 0.00609380 0.02671367
v 0.02660491 0.00601711 0.03016870
v 0.02556919 0.00615159 0.02763271
v 0.02482987 0.00613437 0.03357278
v 0.02650456 0.00591675 0.03378891
v 0.02603828 0.00596181 0.03551202
v 0.02321213 0.00629795 0.03044478
v 0.02330859 0.00624957 0.03490565
v 0.02246108 0.00640372 0.03550756
v 0.02544463 0.00602476 0.03780057
v 0.02336804 0.00630262 0.02493783
v 0.02453854 0.00611156 0.03998578
v 0.02540725 0.00593894 0.04244095
v 0.02418428 0.00605606 0.04776634
v 0.02497247 0.00593765 0.04787071
v 0.02382041 0.00605377 0.05135691
v 0.02253854 0.00623625 0.04901472
v 0.02220843 0.00620726 0.05357831
v 0.02181394 0.00634154 0.05002077
v 0.02145991 0.00631695 0.05455980
v 0.01885547 0.00638125 0.05506739
v 0.02095695 0.00630522 0.05713226
v 0.01844727 0.00641437 0.05659312
v 0.02308049 0.00604674 0.05525406
v 0.02374914 0.00590530 0.05579209
v 0.02207834 0.00635729 0.04498304
v 0.01899628 0.00639308 0.04664443
v 0.01878364 0.00640199 0.04227656
v 0.01483805 0.00641432 0.04807354
v 0.01747766 0.00642388 0.04529479
v 0.01696622 0.00641756 0.04652705
v 0.01421614 0.00640990 0.05229573
v 0.01207047 0.00644951 0.04858131
v 0.01182960 0.00646264 0.05113810
v 0.01023068 0.00649255 0.04869814
v 0.00845759 0.00652737 0.04946910
v 0.00839696 0.00654559 0.04812588
v 0.00604026 0.00670313 0.04861852
v 0.00737507 0.00663156 0.04678550
v 0.00591061 0.00674463 0.04618223
v 0.00528671 0.00682809 0.04656344
v 0.00518357 0.00677659 0.04389293
v 0.00639037 0.00667915 0.04406482
v 0.00487814 0.00665430 0.04196077
v 0.00745941 0.00654579 0.04213233
v 0.00662986 0.00652395 0.04047983
v 0.00359602 0.00657817 0.04064605
v 0.00510219 0.00652037 0.03972884
v 0.00881123 0.00647077 0.03795500
v 0.00434811 0.00646977 0.03652174
v 0.00777052 0.00648917 0.03563162
v 0.01041938 0.00648589 0.03672265
v 0.01235843 0.00645523 0.03618133
v 0.01092198 0.00648249 0.03633705
v 0.00914710 0.00647897 0.03619667
v 0.01520305 0.00641955 0.03965441
v 0.01720858 0.00642781 0.03444855
v 0.01333569 0.00646116 0.03579830
v 0.01457590 0.00644455 0.03513064
v 0.01539940 0.00645679 0.03426645
v 0.01594701 0.00645794 0.03353995
v 0.01648071 0.00644661 0.03250821
v 0.01680555 0.00644218 0.03146759
v 0.01696442 0.00643845 0.03036504
v 0.01750790 0.00644427 0.02792225
v 0.02000090 0.00642688 0.03297793
v 0.01693613 0.00644410 0.02925079
v 0.01661869 0.00646918 0.02781462
v 0.01594554 0.00641906 0.02570814
v 0.01747652 0.00639896 0.02568289
v 0.01755506 0.00626129 0.02537749
v 0.01692458 0.00625770 0.02540776
v 0.01628283 0.00628325 0.02517051
v 0.00660430 0.00649478 0.03496068
v 0.00552046 0.00649373 0.03405081
v 0.00464847 0.00648283 0.03303170
v 0.00408974 0.00646773 0.03179856
v 0.00118531 0.00650004 0.03992552
v 0.00897237 0.00648118 0.04108441
v 0.00698350 0.00667241 0.04474160
v 0.00493266 0.00684713 0.04859616
v 0.00482652 0.00689603 0.04968533
v 0.00645003 0.00667954 0.05067853
v 0.01207260 0.00653138 0.05382201
v 0.01050594 0.00659684 0.05331374
v 0.01482252 0.00646131 0.05475862
v 0.01588189 0.00641892 0.04757753
v 0.01770354 0.00642620 0.04406347
v 0.01727542 0.00642284 0.04248091
v 0.01741303 0.00643276 0.05586805
v 0.02449026 0.00591782 0.05182752
v 0.02405135 0.00580236 0.05580868
v 0.02339241 0.00586674 0.05838866
v 0.02459423 0.00569891 0.05381440
v 0.02458696 0.00541088 0.05674908
v 0.02488223 0.00518486 0.05639008
v 0.02520585 0.00582893 0.04832224
v 0.02438360 0.00535043 0.05865126
v 0.02510727 0.00547135 0.05267853
v 0.02258027 0.00605401 0.05756587
v 0.02535534 0.00587810 0.04491205
v 0.01902510 0.00640601 0.05716861
v 0.02011314 0.00633365 0.05854087
v 0.02097719 0.00625518 0.06026945
v 0.01958697 0.00634515 0.06057960
v 0.01988368 0.00626490 0.06294569
v 0.02070405 0.00616219 0.06288024
v 0.02171191 0.00610113 0.06135692
v 0.02215171 0.00587665 0.06264240
v 0.02271865 0.00585974 0.06138974
v 0.02323079 0.00526459 0.06268233
v 0.02387409 0.00525756 0.06113104
v 0.02397446 0.00462457 0.06224877
v 0.02338501 0.00449259 0.06369978
v 0.02256801 0.00522379 0.06404917
v 0.02097734 0.00590180 0.06430737
v 0.01902874 0.00621816 0.06426850
v 0.01653848 0.00644476 0.05548831
v 0.02281789 0.00623001 0.04435017
v 0.02586611 0.00564025 0.04460113
v 0.02649040 0.00576627 0.03680763
v 0.02700864 0.00554422 0.03548553
v 0.02672929 0.00532883 0.04006185
v 0.02701941 0.00574218 0.03302897
v 0.02647194 0.00561658 0.03908703
v 0.02640205 0.00548360 0.04146033
v 0.02680166 0.00497558 0.04147045
v 0.02624488 0.00527150 0.04557345
v 0.02704238 0.00588766 0.03052195
v 0.02572090 0.00618243 -0.01914083
v 0.02705154 0.00606592 -0.00496244
v 0.01703521 0.00647731 -0.00061537
v 0.01650361 0.00644985 0.00271903
v 0.01660539 0.00648203 0.00067109
v 0.01605949 0.00648880 0.00159549
v 0.01529078 0.00650238 0.00245670
v 0.01581068 0.00640756 0.00351126
v 0.01454322 0.00650682 0.00307433
v 0.01409008 0.00644506 0.00401863
v 0.01470152 0.00629405 0.00417184
v 0.01458119 0.00616493 0.00442094
v 0.01516489 0.00621258 0.00456664
v 0.01481704 0.00618934 0.00527235
v 0.01531093 0.00619628 0.00517557
v 0.01346008 0.00655120 0.00364030
v 0.01335088 0.00655125 0.00416722
v 0.01358614 0.00637979 0.00460788
v 0.01341428 0.00649688 0.00578994
v 0.01332250 0.00651032 0.00736680
v 0.01375914 0.00633367 0.00528346
v 0.01394270 0.00629603 0.00610659
v 0.01221869 0.00657289 0.00784956
v 0.01197166 0.00660982 0.00415861
v 0.00991419 0.00661162 0.00765854
v 0.00832150 0.00659865 0.00429267
v 0.01347655 0.00651555 0.00842599
v 0.01275028 0.00655769 0.00818302
v 0.00884907 0.00668542 0.00417141
v 0.00585593 0.00658475 0.00754269
v 0.01407134 0.00641244 0.00737978
v 0.01531206 0.00639195 0.00802850
v 0.01535341 0.00629097 0.00733335
v 0.01413681 0.00626686 0.00707731
v 0.01574905 0.00614739 0.00700234
v 0.01466891 0.00622331 0.00615781
v 0.01766793 0.00620542 0.00696752
v 0.01662335 0.00620123 0.00606091
v 0.01763112 0.00621594 0.00533840
v 0.01857541 0.00623285 0.00606349
v 0.01832819 0.00626792 0.00669380
v 0.01858582 0.00622563 0.00547355
v 0.01833110 0.00627398 0.00476164
v 0.01757822 0.00632825 0.00724689
v 0.00611586 0.00659316 0.00402804
v 0.00580165 0.00657477 0.00574739
v 0.00526863 0.00654409 0.00716340
v 0.00547051 0.00637883 0.00742977
v 0.00514606 0.00644608 0.00842938
v 0.00408075 0.00652797 0.00800753
v 0.00453517 0.00648657 0.00849430
v 0.00491780 0.00655993 0.00861624
v 0.00523056 0.00672609 0.00900194
v 0.00482474 0.00655954 0.00898213
v 0.00354765 0.00651127 0.00841121
v 0.00289209 0.00649965 0.00820778
v 0.00295034 0.00651287 0.00736206
v 0.00367012 0.00650620 0.00901832
v 0.00217758 0.00650246 0.00742828
v 0.00205581 0.00647989 0.00824296
v 0.00063641 0.00648917 0.00784006
v 0.00397135 0.00652926 0.00618791
v 0.00152658 0.00651463 0.00667980
v 0.00026622 0.00648461 0.00682587
v -0.00075767 0.00649367 0.00752867
v -0.00041280 0.00650300 0.00845132
v -0.00172041 0.00650390 0.00828079
v -0.00140085 0.00651800 0.00911192
v -0.00262198 0.00651528 0.00908224
v -0.00188374 0.00652530 0.00980454
v -0.00116777 0.00653571 0.00980220
v -0.00186149 0.00652491 0.01052916
v -0.00105733 0.00651206 0.01065892
v -0.00091583 0.00648085 0.01141425
v -0.00013397 0.00649400 0.01084300
v -0.00063139 0.00647987 0.01180451
v -0.00127668 0.00649287 0.01219758
v -0.00040818 0.00647375 0.01288135
v -0.00087653 0.00646631 0.01380196
v 0.00026225 0.00643568 0.01371707
v -0.00025674 0.00641075 0.01470799
v 0.00137589 0.00636296 0.01440877
v 0.00145166 0.00642257 0.01356187
v 0.00191137 0.00629683 0.01515445
v 0.00307349 0.00637052 0.01433868
v 0.00259044 0.00639195 0.01347697
v -0.00182443 0.00651389 0.01523634
v 0.00203866 0.00641292 0.01272766
v -0.00026432 0.00640711 0.01567348
v -0.00198740 0.00650352 0.01671300
v -0.00063142 0.00639942 0.01748386
v 0.00010536 0.00637389 0.01663315
v -0.00254328 0.00651618 0.01839156
v -0.00103496 0.00644410 0.01969527
v 0.00080848 0.00632778 0.01796615
v 0.00121184 0.00631516 0.01674210
v 0.00155225 0.00627382 0.01735175
v 0.00178151 0.00629535 0.01799640
v 0.00263642 0.00617854 0.01734701
v 0.00233229 0.00628859 0.01815986
v 0.00189962 0.00637974 0.01867606
v 0.00284362 0.00641360 0.01852139
v 0.00321555 0.00637523 0.01726794
v 0.00056287 0.00639484 0.01840916
v 0.00227826 0.00625237 0.01675180
v 0.00324616 0.00638277 0.01253037
v 0.00319869 0.00685052 0.01322239
v 0.00321328 0.00704244 0.01393956
v 0.00362160 0.00790867 0.01286552
v 0.00360098 0.00798637 0.01387032
v 0.00357347 0.00782188 0.01488792
v 0.00423325 0.00831960 0.01184737
v 0.00376240 0.00742324 0.01148909
v 0.00419875 0.00792323 0.01088411
v 0.00399985 0.00680172 0.01035757
v 0.00425070 0.00745575 0.01041480
v 0.00480570 0.00759134 0.00972207
v 0.00471416 0.00802128 0.01017912
v 0.00540078 0.00805947 0.00950672
v 0.00577893 0.00830574 0.00951701
v 0.00531721 0.00733369 0.00915147
v 0.00576779 0.00796697 0.00909713
v 0.00217034 0.00643121 0.01121780
v 0.00351437 0.00639350 0.01144474
v 0.00304321 0.00644633 0.01058614
v 0.00157850 0.00646670 0.01011791
v 0.00255702 0.00647512 0.00951888
v 0.00187217 0.00649374 0.00959141
v 0.00156291 0.00647776 0.00901324
v 0.00076176 0.00649400 0.00965581
v 0.00067502 0.00648480 0.01047370
v 0.00183072 0.00650758 0.00906044
v 0.00342130 0.00648671 0.00957765
v 0.00139725 0.00646641 0.01092229
v 0.00339624 0.00685120 0.01201291
v 0.00403675 0.00647879 0.01019575
v 0.00473193 0.00826174 0.01055835
v 0.00301886 0.00620393 0.01507110
v 0.00082055 0.00644325 0.01284465
v -0.00196467 0.00651443 0.01381653
v -0.00250604 0.00652403 0.01229714
v -0.00017998 0.00650790 0.01010034
v -0.00230757 0.00652102 0.01136081
v -0.00212644 0.00649341 0.00730881
v -0.00041952 0.00646924 0.00632003
v -0.00123286 0.00646403 0.00660515
v -0.00114053 0.00632762 0.00514682
v -0.00029189 0.00645908 0.00552907
v -0.00183838 0.00641407 0.00568077
v -0.00264677 0.00624962 0.00506746
v -0.00297761 0.00636960 0.00592339
v -0.00377018 0.00634554 0.00538098
v -0.00383648 0.00638710 0.00584145
v -0.00374196 0.00630132 0.00654768
v -0.00385544 0.00634005 0.00622360
v -0.00332426 0.00634920 0.00670844
v -0.00455787 0.00613400 0.00617865
v -0.00242970 0.00641889 0.00656601
v 0.00088736 0.00649326 0.00614385
v -0.00334080 0.00645311 0.00805098
v -0.00332945 0.00650143 0.00944937
v -0.00433345 0.00646252 0.00891111
v -0.00397937 0.00650191 0.00980053
v -0.00499315 0.00647514 0.00921047
v -0.00457171 0.00651674 0.01013571
v -0.00384939 0.00653044 0.01065464
v -0.00554162 0.00644123 0.00883116
v -0.00516177 0.00640196 0.00786282
v -0.00619239 0.00637903 0.00786506
v -0.00635873 0.00640007 0.00874151
v -0.00695902 0.00639129 0.00871513
v -0.00510438 0.00652164 0.00988916
v -0.00691515 0.00634354 0.00934452
v -0.00600965 0.00645772 0.00951387
v -0.00411933 0.00639838 0.00737914
v -0.00250547 0.00652222 0.00998872
v 0.00080160 0.00649230 0.00878336
v 0.01466149 0.00648371 0.00903023
v 0.01577731 0.00649451 0.00995773
v 0.01768418 0.00622097 0.00448074
v 0.01357040 0.00636554 0.00684870
v 0.00674548 0.00667150 0.00398537
v 0.01417715 0.00741186 0.00896990
v 0.00738509 0.00658354 0.00787683
v 0.00577433 0.00658797 0.00867830
v 0.00713367 0.00666190 0.00814115
v 0.00669327 0.00737527 0.00843902
v 0.00771748 0.00728597 0.00813258
v 0.00706016 0.00796962 0.00846384
v 0.00872149 0.00809308 0.00821166
v 0.00738727 0.00831346 0.00876005
v 0.00914617 0.00832614 0.00844508
v 0.00922268 0.00734752 0.00793060
v 0.00739583 0.00883455 0.00987967
v 0.00942983 0.00886352 0.00975765
v 0.00872862 0.00909091 0.01086024
v 0.01152756 0.00908910 0.01089117
v 0.00913025 0.00924582 0.01189094
v 0.00745012 0.00921211 0.01228282
v 0.00821305 0.00938800 0.01411113
v 0.00576243 0.00909377 0.01342943
v 0.00620510 0.00920076 0.01496090
v 0.01053075 0.00941088 0.01370665
v 0.01250914 0.00880581 0.00980464
v 0.01395190 0.00894895 0.01088927
v 0.01314559 0.00918850 0.01192486
v 0.01482033 0.00908212 0.01226343
v 0.01453468 0.00877182 0.01073852
v 0.01529645 0.00888044 0.01210227
v 0.01561475 0.00801030 0.01052502
v 0.01631772 0.00801514 0.01168660
v 0.01646873 0.00734247 0.01136974
v 0.01690873 0.00740762 0.01254627
v 0.01690035 0.00788041 0.01316904
v 0.01639472 0.00833118 0.01305948
v 0.01577225 0.00735169 0.01030457
v 0.01485354 0.00802996 0.00973041
v 0.01509618 0.00735441 0.00960975
v 0.01292259 0.00935507 0.01373614
v 0.01063038 0.00945647 0.01567881
v 0.00793647 0.00939210 0.01601828
v 0.00937972 0.00935443 0.01850528
v 0.00697190 0.00926715 0.01791620
v 0.01093666 0.00926080 0.01197257
v 0.01533688 0.00916007 0.01443522
v 0.01114705 0.00668867 0.00407594
v 0.00652590 0.00901270 0.01110894
v 0.01877245 0.00640488 0.00435377
v 0.01104093 0.00834656 0.00853226
v 0.01337312 0.00870679 0.00989090
v 0.01491300 0.00924866 0.01442368
v 0.01128947 0.00672786 0.00787641
v 0.01283616 0.00732911 0.00834202
v 0.01645308 0.00625087 0.00421286
v 0.01313307 0.00666441 0.00373118
v 0.01560256 0.00627651 0.00410342
v 0.01412087 0.00625568 0.00439377
v 0.01538744 0.00651543 -0.01172097
v 0.02129979 0.00645372 -0.01897972
v -0.00290248 0.00652209 0.01167165
v -0.00335936 0.00652696 0.01112637
v 0.01853492 0.00646193 0.01664220
v 0.01726990 0.00649681 0.01520690
v 0.01695892 0.00648500 0.01664079
v 0.01685031 0.00722167 0.01628079
v 0.01654641 0.00668156 0.01742146
v 0.01633489 0.00758650 0.01723489
v 0.01636125 0.00800402 0.01667147
v 0.01582435 0.00811118 0.01749751
v 0.01649660 0.00812629 0.01594714
v 0.01535259 0.00888226 0.01667585
v 0.01612827 0.00729727 0.01774935
v 0.01692602 0.00783319 0.01510428
v 0.01893676 0.00637554 0.00570964
v 0.02242534 0.00651601 0.00849361
v 0.01896295 0.00641606 0.02566846
v 0.01734571 0.00648970 0.01384132
v 0.02649424 0.00611263 -0.01822115
v 0.02688617 0.00601306 -0.02112579
v 0.02642466 0.00605045 -0.02415132
v 0.02691118 0.00593286 -0.02524621
v 0.02667410 0.00600583 -0.02611658
v 0.02660276 0.00597650 -0.02942250
v 0.01642081 0.00649283 0.01788659
v 0.02280660 0.00639210 0.02434765
v 0.02230185 0.00647814 -0.01340436
v 0.02436329 0.00628980 -0.02377979
v 0.02460502 0.00629752 -0.02733649
v 0.02288814 0.00645150 -0.02803543
v 0.02442158 0.00635625 -0.03379211
v 0.02510517 0.00624213 -0.03020577
v 0.02315420 0.00649412 -0.03412998
v 0.02223009 0.00664502 -0.03494869
v 0.02169246 0.00658587 -0.02615608
v 0.02054186 0.00677425 -0.02926096
v 0.02110430 0.00662699 -0.02606153
v 0.02006914 0.00684781 -0.02946955
v 0.01978980 0.00701366 -0.03885788
v 0.02108886 0.00685406 -0.04058707
v 0.01975259 0.00703677 -0.04280028
v 0.01710083 0.00712287 -0.03218510
v 0.01616592 0.00712164 -0.02920092
v 0.01327358 0.00732575 -0.03187104
v 0.01258707 0.00727015 -0.02871330
v 0.01131355 0.00737750 -0.03123057
v 0.01325911 0.00742259 -0.03908494
v 0.00980366 0.00753523 -0.03996620
v 0.00946975 0.00749566 -0.03659298
v 0.00730272 0.00749285 -0.03447834
v 0.00787421 0.00750855 -0.03572423
v 0.00833346 0.00750193 -0.03689070
v 0.00845428 0.00750776 -0.03751618
v 0.00877040 0.00754130 -0.04163134
v 0.01118027 0.00749432 -0.04281389
v 0.01242818 0.00743822 -0.04580717
v 0.00966353 0.00744275 -0.04847905
v 0.00713508 0.00749137 -0.04581225
v 0.00617158 0.00748727 -0.04814278
v 0.00712385 0.00745081 -0.04895227
v 0.00373782 0.00766010 -0.04604933
v 0.00545409 0.00758602 -0.04588541
v 0.00419511 0.00757010 -0.04782931
v 0.00817646 0.00745772 -0.05038042
v 0.01215304 0.00734923 -0.05245111
v 0.01525114 0.00725501 -0.05238930
v 0.01538558 0.00707224 -0.05925424
v 0.01856518 0.00698972 -0.05716281
v 0.01975023 0.00681085 -0.06063466
v 0.01985253 0.00691856 -0.05694919
v 0.02288625 0.00648306 -0.06012713
v 0.02244276 0.00643326 -0.06283392
v 0.02411075 0.00612417 -0.06254090
v 0.02427252 0.00616789 -0.06086852
v 0.02238130 0.00616201 -0.06524274
v 0.02464134 0.00573366 -0.06433856
v 0.02189590 0.00619715 -0.06554130
v 0.02217641 0.00565120 -0.06832033
v 0.01938146 0.00603713 -0.06829433
v 0.01932247 0.00640328 -0.06587222
v 0.02382225 0.00635367 -0.05658511
v 0.02472716 0.00618417 -0.05505534
v 0.02565528 0.00584282 -0.05660286
v 0.02086339 0.00572128 -0.06886484
v 0.02195615 0.00549187 -0.06906627
v 0.02327899 0.00572557 -0.06661388
v 0.02564351 0.00596182 -0.05359855
v 0.02603214 0.00586297 -0.05149597
v 0.02536374 0.00613578 -0.04982252
v 0.02535695 0.00583210 -0.06064844
v 0.01429046 0.00693915 -0.06262306
v 0.01970914 0.00700517 -0.05146361
v 0.02280058 0.00658519 -0.05679161
v 0.01802604 0.00585974 -0.06938883
v 0.01784050 0.00613742 -0.06831794
v 0.01888323 0.00550561 -0.07033842
v 0.01764119 0.00540881 -0.07102246
v 0.01493023 0.00559735 -0.07104978
v 0.01899432 0.00527946 -0.07087316
v 0.02477336 0.00627081 -0.04941828
v 0.02175689 0.00530151 -0.06965050
v 0.01966795 0.00673222 -0.06226069
v 0.01411786 0.00605736 -0.06954078
v 0.01539939 0.00731856 -0.04692325
v 0.01113740 0.00713990 -0.06003419
v 0.01969808 0.00532946 -0.07050171
v 0.00842067 0.00742275 -0.05275698
v 0.01737001 0.00716563 -0.05145755
v 0.01624372 0.00537423 -0.07143976
v 0.00336627 0.00761517 -0.04759469
v 0.00178136 0.00768343 -0.04570901
v 0.00189445 0.00763091 -0.04755215
v -0.00002799 0.00764364 -0.04760340
v 0.00053550 0.00768291 -0.04550432
v -0.00065055 0.00766821 -0.04754610
v -0.00125996 0.00767773 -0.04579574
v -0.00250040 0.00761367 -0.04779014
v -0.00290574 0.00765729 -0.04623447
v -0.00489474 0.00761493 -0.04618507
v -0.00349982 0.00758311 -0.04818877
v -0.00507037 0.00753684 -0.04894204
v -0.00633492 0.00760310 -0.04567515
v -0.00792634 0.00759901 -0.04498088
v -0.00849026 0.00753153 -0.05034846
v -0.00624806 0.00752714 -0.04979611
v -0.00779708 0.00751487 -0.05167539
v -0.00997867 0.00746335 -0.05385213
v -0.00811094 0.00753228 -0.05361771
v -0.00794612 0.00743522 -0.05547393
v -0.01369663 0.00724794 -0.05762263
v -0.01352159 0.00738935 -0.05371969
v -0.01215771 0.00752096 -0.04897198
v -0.01435461 0.00747607 -0.04730053
v -0.01644713 0.00730696 -0.05173847
v -0.01676276 0.00740848 -0.04397475
v -0.01802007 0.00720291 -0.05115072
v -0.02022054 0.00715013 -0.04303268
v -0.02020640 0.00716848 -0.03990157
v -0.02018166 0.00702223 -0.05106111
v -0.02004053 0.00690972 -0.05699385
v -0.01192657 0.00758963 -0.04180385
v -0.01404195 0.00753764 -0.03980554
v -0.01655983 0.00743743 -0.04144429
v -0.01012812 0.00762956 -0.04072709
v -0.01182701 0.00756983 -0.03558646
v -0.00944860 0.00762477 -0.03826335
v -0.00903293 0.00752014 -0.03190839
v -0.00770394 0.00757588 -0.03605939
v -0.00831949 0.00761190 -0.03840042
v -0.00764120 0.00753513 -0.03416215
v -0.00677026 0.00750289 -0.03463064
v -0.00824523 0.00722999 -0.05997526
v -0.01198378 0.00744992 -0.02619806
v -0.01383911 0.00712800 -0.05982318
v -0.01324317 0.00692726 -0.06291828
v -0.00989943 0.00691600 -0.06385952
v -0.01054100 0.00664323 -0.06646253
v -0.00306817 0.00678812 -0.06608146
v -0.00198953 0.00652154 -0.06796319
v -0.01551934 0.00665543 -0.06494305
v -0.01062086 0.00636014 -0.06830185
v -0.00765739 0.00618520 -0.06972027
v -0.01074687 0.00591730 -0.07078520
v -0.01429124 0.00588681 -0.07026242
v -0.01336190 0.00563468 -0.07109690
v -0.00034617 0.00624583 -0.06976745
v -0.00423986 0.00688852 -0.06477681
v -0.00343449 0.00713019 -0.06198044
v -0.01476324 0.00641274 -0.06727099
v 0.00600774 0.00623967 -0.06960764
v -0.01609850 0.00685385 -0.06264666
v -0.01009456 0.00743341 -0.02610718
v -0.01236319 0.00736880 -0.02316279
v -0.00803748 0.00732105 -0.02368220
v -0.01438690 0.00734798 -0.02300579
v -0.01548814 0.00737827 -0.02533482
v -0.01684534 0.00725526 -0.02216104
v -0.01800440 0.00727343 -0.02586203
v -0.01909324 0.00716466 -0.02347069
v -0.01869684 0.00711658 -0.02147960
v -0.01729454 0.00718245 -0.02075984
v -0.01500297 0.00724174 -0.02156211
v -0.01475420 0.00728144 -0.01968140
v -0.01814223 0.00707877 -0.02000607
v -0.01227069 0.00724379 -0.01983559
v -0.01366275 0.00736236 -0.01815956
v -0.01011221 0.00740066 -0.01759769
v -0.01025847 0.00728780 -0.01935422
v -0.00699256 0.00736961 -0.02071273
v -0.00614806 0.00758348 -0.01874849
v -0.00802138 0.00726889 -0.02163026
v -0.00636736 0.00723284 -0.02290272
v -0.00398837 0.00757227 -0.01967383
v -0.00647285 0.00764115 -0.01723860
v -0.00765356 0.00756299 -0.01608768
v -0.01017711 0.00743595 -0.01605142
v -0.00439181 0.00740569 -0.02113137
v -0.00585189 0.00763775 -0.01742408
v -0.00475790 0.00766442 -0.01816037
v -0.00467742 0.00745558 -0.01777990
v -0.00565387 0.00735480 -0.01707960
v -0.00437614 0.00688419 -0.01728738
v -0.00501117 0.00698947 -0.01711248
v -0.00416001 0.00649473 -0.01653295
v -0.00330637 0.00656353 -0.01710770
v -0.00351030 0.00642106 -0.01628670
v -0.00157971 0.00650983 -0.01710366
v 0.00061720 0.00647299 -0.01700190
v -0.00075547 0.00684779 -0.01767036
v -0.00200068 0.00692358 -0.01773210
v -0.00175189 0.00640107 -0.01559905
v 0.00181285 0.00642088 -0.01527422
v 0.00165104 0.00642854 -0.01088845
v 0.00410342 0.00646109 -0.01484745
v 0.00458360 0.00649508 -0.01092003
v 0.00177681 0.00646660 -0.01724639
v -0.00400002 0.00642340 -0.01049364
v -0.00148344 0.00643817 -0.00650674
v -0.00026962 0.00641879 -0.00753080
v -0.00038345 0.00633354 -0.00568701
v -0.00098695 0.00640689 -0.00439736
v -0.00039106 0.00626704 -0.00423314
v -0.00218808 0.00646394 -0.00619902
v -0.00186517 0.00649574 -0.00505699
v -0.00135148 0.00650643 -0.00343203
v -0.00116845 0.00648304 -0.00181022
v 0.00029497 0.00628999 -0.00673923
v -0.00005095 0.00617175 -0.00460563
v 0.00112272 0.00640076 -0.00737691
v -0.00243828 0.00651438 -0.00614482
v -0.00308511 0.00650758 -0.00703155
v -0.00396340 0.00645233 -0.00834153
v -0.00486663 0.00640991 -0.01499174
v 0.00392329 0.00650183 -0.01583852
v 0.00044246 0.00697385 -0.01771837
v -0.00081092 0.00722525 -0.01803681
v 0.00083153 0.00736175 -0.01800055
v 0.00123026 0.00679775 -0.01754597
v 0.00255350 0.00727214 -0.01777333
v 0.00155174 0.00747241 -0.01824714
v 0.00286849 0.00725070 -0.01801914
v 0.00191236 0.00745927 -0.01874554
v 0.00336916 0.00718421 -0.01862031
v -0.00480485 0.00656950 -0.01652395
v 0.00280714 0.00690715 -0.01745703
v 0.00014448 0.00755884 -0.01879570
v 0.00099278 0.00744763 -0.01979171
v 0.00397816 0.00685520 -0.01793320
v 0.00000954 0.00622681 -0.00603489
v 0.00378438 0.00709999 -0.01958046
v -0.00791062 0.00750147 -0.01542390
v -0.01079033 0.00735409 -0.01476569
v -0.00851478 0.00738846 -0.01452055
v -0.00774636 0.00728918 -0.01480913
v -0.00819163 0.00697295 -0.01335960
v -0.01237726 0.00742163 -0.01608322
v -0.00855124 0.00690201 -0.01295919
v -0.00740070 0.00652917 -0.01397392
v -0.00725599 0.00674663 -0.01461497
v -0.00295242 0.00764361 -0.01879769
v -0.00589857 0.00692011 -0.01640649
v -0.01962889 0.00715524 -0.02640856
v -0.01100453 0.00721264 -0.02097317
v 0.00011021 0.00744974 -0.01830602
v -0.01720053 0.00721821 -0.01951368
v 0.00443993 0.00649435 -0.01379778
v 0.00486107 0.00651643 -0.01243697
v -0.00524502 0.00737169 -0.02766238
v -0.01313372 0.00750820 -0.03113210
v -0.00520915 0.00748029 -0.03266227
v 0.00502938 0.00675970 -0.06617535
v 0.01016428 0.00657841 -0.06691876
v 0.00009010 0.00680375 -0.06599908
v 0.00361407 0.00669764 -0.01731166
v -0.01664478 0.00718029 -0.05615932
v -0.00725381 0.00742583 -0.01590008
v -0.00307870 0.00746203 -0.03153177
v -0.00606961 0.00592752 -0.07104699
v 0.00969323 0.00616984 -0.06975354
v -0.00639860 0.00749704 -0.03418329
v -0.01203030 0.00532380 -0.07201256
v -0.00975338 0.00543128 -0.07213802
v -0.00556017 0.00711373 -0.06216874
v -0.00748315 0.00655649 -0.01291941
v 0.00596773 0.00687694 -0.06475904
v 0.00437093 0.00710953 -0.06211137
v -0.00639060 0.00649148 -0.01490461
v -0.01024610 0.00754102 -0.04955248
v -0.00850731 0.00762641 -0.04164855
v -0.00721144 0.00737675 -0.05720857
v -0.00710165 0.00761044 -0.04492096
v -0.00755122 0.00763501 -0.04410660
v -0.00807707 0.00761954 -0.04245237
v -0.00443649 0.00746748 -0.03245227
v -0.00350184 0.00746617 -0.03192924
v 0.02338389 0.00524961 -0.06841110
v 0.02621278 0.00591808 -0.04692876
v 0.02358664 0.00646732 -0.04897075
v 0.00638055 0.00753879 -0.04559165
v 0.00714463 0.00748687 -0.04523178
v 0.00597427 0.00745558 -0.03149185
v 0.00567540 0.00748252 -0.03299014
v 0.01360174 0.00742232 -0.04229747
v 0.00957567 0.00731344 -0.02828466
v 0.01645432 0.00692063 -0.02487086
v 0.00481668 0.00748680 -0.03241739
v 0.02133313 0.00680568 -0.05038468
v 0.02232891 0.00669327 -0.04581500
v 0.00362174 0.00747465 -0.03185887
v 0.01827494 0.00714578 -0.03922099
v 0.01998470 0.00678264 -0.02708476
v 0.02216488 0.00649263 -0.02480745
v 0.02203175 0.00674090 -0.04059917
v -0.00820615 0.00766443 -0.04141793
v -0.00423515 0.00728125 -0.02561069
v 0.00023266 0.00731573 -0.02739185
v 0.00231912 0.00712742 -0.02455345
v 0.00563350 0.00726985 -0.02719311
v -0.00317443 0.00718647 -0.02389278
v 0.00562248 0.00710410 -0.02490850
v 0.00955449 0.00711942 -0.02521009
v 0.00811671 0.00694634 -0.02251102
v 0.00403766 0.00703526 -0.02331148
v 0.00963037 0.00697115 -0.02271224
v 0.01139896 0.00697585 -0.02264860
v -0.00183871 0.00746293 -0.03084872
v -0.00665434 0.00568868 -0.07175880
v 0.00141891 0.00609814 -0.07055553
v 0.00594705 0.00586677 -0.07132232
v 0.02334878 0.00649392 -0.03901280
v 0.00598520 0.00696449 -0.02170205
v 0.00552280 0.00697007 -0.02115442
v 0.00494761 0.00699176 -0.02041630
v 0.00783604 0.00751301 -0.04398582
v 0.00846245 0.00755530 -0.04173535
v 0.00857505 0.00757297 -0.03923776
v 0.00699701 0.00695669 -0.02207158
v 0.00229978 0.00748802 -0.03146771
v 0.01473841 0.00634688 -0.06780643
v 0.00101475 0.00748174 -0.03090397
v -0.00565275 0.00750679 -0.03342125
v 0.00829563 0.00720783 -0.05972395
v 0.00826273 0.00734772 -0.05569598
v 0.00739262 0.00731461 -0.05733926
v 0.00653054 0.00728513 -0.05875803
v 0.00551451 0.00725589 -0.05981234
v 0.00033552 0.00713157 -0.02349090
v 0.01234636 0.00710955 -0.02558200
v 0.02243936 0.00642223 -0.02362067
v -0.00550093 0.00728626 -0.05959018
v 0.02456684 0.00633683 -0.03908958
v -0.01822167 0.00730761 -0.03537319
v 0.00033072 0.00710983 -0.06224029
v 0.01391322 0.00646013 0.04128413
v 0.01587836 0.00642631 0.04122323
v 0.01507762 0.00646317 0.04142149
v 0.01590314 0.00646726 0.04164526
v 0.01020234 0.00648233 0.04125715
v 0.02694483 0.00605688 -0.01595267
v 0.00232727 0.00651186 0.00649464
v 0.00250490 0.00650808 0.00544206
v 0.00406172 0.00651406 0.00491925
v 0.00309496 0.00648383 0.00384932
v 0.00486526 0.00655234 0.00384326
v 0.00173556 0.00644281 0.00399536
v 0.00388281 0.00648304 0.00274029
v 0.00474571 0.00654347 0.00328960
v 0.00511884 0.00652907 0.00472052
v 0.02571836 0.00615877 -0.03319261
v 0.00454813 0.00639086 0.00950333
v 0.00250232 0.00646513 0.03799057
v -0.00404429 0.00643821 0.03779332
v -0.00008756 0.00650323 0.04006711
v -0.00496517 0.00648774 0.03997172
v -0.00835584 0.00644150 0.03815326
v -0.00675664 0.00649721 0.03983517
v -0.00938991 0.00646570 0.03987791
v -0.01016574 0.00644187 0.03663762
v -0.00534588 0.00644721 0.03636214
v -0.01248957 0.00640822 0.03873413
v -0.01408089 0.00641101 0.03524668
v -0.01157639 0.00645848 0.03460959
v -0.01277369 0.00643848 0.03371635
v -0.01350435 0.00640266 0.03299572
v -0.01484731 0.00639894 0.03129049
v -0.02042545 0.00640691 0.03505070
v -0.00946488 0.00647807 0.03519910
v -0.01283219 0.00644480 0.04139925
v 0.02449312 0.00506715 0.05946759
v 0.01699427 0.00724973 -0.04294293
v 0.00728886 0.00706833 -0.06249095
v -0.00718910 0.00647953 0.03497121
v -0.00582158 0.00648232 0.03443111
v -0.00473116 0.00648979 0.03374293
v -0.00546825 0.00649183 0.03415216
v -0.00376222 0.00648518 0.03294763
v -0.01962692 0.00638827 0.04600833
v -0.02109408 0.00635053 0.04626957
v -0.02155507 0.00634861 0.04261109
v -0.02162121 0.00641292 0.03373492
v -0.02198514 0.00639488 0.03234075
v -0.02152327 0.00641806 0.02774025
v -0.02141835 0.00643805 0.02524650
v -0.02193668 0.00641663 0.02538795
v -0.02189343 0.00647884 0.02375975
v -0.02129792 0.00646201 0.01742063
v -0.02153840 0.00649796 0.01612105
v -0.01833046 0.00643981 0.01762679
v -0.01654059 0.00642074 0.02543104
v -0.02121540 0.00646415 0.01201248
v -0.01425120 0.00643733 0.02216101
v -0.01417625 0.00645678 0.01872680
v -0.01336079 0.00646243 0.02047222
v -0.01102264 0.00653186 0.02322461
v -0.01206848 0.00648420 0.02381306
v -0.01469977 0.00645193 0.01750044
v -0.01512224 0.00644912 0.01561427
v -0.01342393 0.00646377 0.02503439
v -0.01399307 0.00645044 0.02580587
v -0.01472129 0.00642600 0.02707870
v -0.02199676 0.00651018 0.01881276
v -0.02197287 0.00651638 0.01001079
v -0.01965770 0.00634101 0.05392390
v -0.02098496 0.00627146 0.05419943
v -0.02072619 0.00623674 0.05942026
v 0.02519692 0.00504696 0.05458172
v -0.01739137 0.00640006 0.05242954
v -0.01868498 0.00636758 0.05857661
v 0.02552966 0.00508035 0.05239456
v -0.02134525 0.00624636 0.05178531
v 0.02533482 0.00622423 -0.03898745
v -0.02199842 0.00632432 0.03969385
v 0.02118655 0.00649517 -0.02119708
v -0.02171034 0.00651190 0.00714326
v -0.02134914 0.00645863 0.00708804
v -0.01989614 0.00643027 0.00947337
v -0.01940608 0.00636945 0.00814951
v -0.01958217 0.00640687 0.00445896
v -0.02127210 0.00646837 0.00130593
v -0.01827186 0.00641481 0.00038394
v -0.02016330 0.00642297 -0.01084730
v -0.01881712 0.00640626 -0.01000192
v -0.01696172 0.00641420 -0.00580515
v -0.01728276 0.00639025 -0.01567162
v -0.01374532 0.00643747 -0.01061149
v -0.01382386 0.00645541 -0.01316428
v -0.01557882 0.00648063 -0.01605134
v -0.01341623 0.00657640 -0.01455420
v -0.01754472 0.00649054 -0.01740285
v -0.01470523 0.00645209 -0.00584985
v -0.01474643 0.00645987 -0.00290054
v -0.01427206 0.00647118 -0.00488425
v -0.01345699 0.00648582 -0.00630074
v -0.01279932 0.00649631 -0.00714748
v -0.01473639 0.00645990 -0.00079333
v -0.01869367 0.00639135 -0.01693883
v -0.01806376 0.00640414 0.00320833
v -0.01630141 0.00640697 0.00323748
v -0.01726735 0.00630086 0.00421086
v -0.01830846 0.00632858 0.00446100
v -0.01428677 0.00636009 0.00411613
v -0.01369286 0.00647831 0.00332707
v -0.01314634 0.00647136 0.00421056
v -0.01273222 0.00652363 0.00302270
v -0.01124108 0.00653449 0.00406647
v -0.01090905 0.00652706 0.00615611
v -0.00978366 0.00653698 0.00454737
v -0.00853485 0.00651828 0.00716968
v -0.00864845 0.00653095 0.00456616
v -0.00757453 0.00650635 0.00457427
v -0.00718349 0.00645125 0.00651374
v -0.00686155 0.00644760 0.00581446
v -0.00604436 0.00626413 0.00648969
v -0.00566015 0.00636142 0.00577366
v -0.00508650 0.00616255 0.00626735
v -0.00654874 0.00651079 0.00448612
v -0.00615696 0.00615283 0.00676794
v -0.00657948 0.00625283 0.00674908
v -0.00705666 0.00633505 0.00699085
v -0.00720587 0.00645524 0.00788515
v -0.01311448 0.00645532 0.00817562
v -0.00953152 0.00655893 0.00901389
v -0.01151397 0.00653271 0.00964022
v -0.01300599 0.00647817 0.00958229
v -0.01822944 0.00648438 -0.01834699
v -0.01304522 0.00647101 -0.01261589
v -0.01182609 0.00653050 -0.01148950
v -0.01071532 0.00654924 -0.00885019
v -0.00945706 0.00661596 -0.01102882
v -0.01881135 0.00637143 -0.01508211
v -0.02059723 0.00647694 -0.01780370
v -0.01045105 0.00665547 -0.01190360
v -0.00841638 0.00663367 -0.01155734
v -0.00785901 0.00656017 -0.01016214
v -0.00750992 0.00651323 -0.01154138
v -0.01222550 0.00648795 -0.00794565
v -0.02088617 0.00646595 -0.01045204
v -0.02156827 0.00656412 -0.01717110
v -0.02139337 0.00656361 -0.01859024
v -0.02058351 0.00662109 -0.01901390
v -0.02188729 0.00652907 -0.01977820
v -0.02200517 0.00652335 -0.01662009
v -0.02137120 0.00650079 -0.00773510
v -0.00918037 0.00657895 -0.00935118
v -0.01976655 0.00647878 -0.01844319
v -0.01862472 0.00634325 0.00891890
v -0.02160632 0.00653717 -0.00080356
v -0.02200693 0.00652557 0.00127934
v -0.01409543 0.00647467 0.00146382
v 0.02573353 0.00551341 0.04793967
v -0.00412424 0.00732082 -0.02213127
v -0.00109896 0.00732077 -0.02167818
v -0.01558323 0.00642369 0.05926287
v -0.01775589 0.00636565 0.06173386
v -0.01456258 0.00645592 0.06178632
v -0.00387888 0.00724648 -0.06059106
v -0.00296107 0.00722859 -0.06105962
v -0.01554860 0.00646844 0.05299850
v -0.01533896 0.00644668 0.05689718
v -0.01406371 0.00646969 0.06254866
v -0.01745104 0.00633770 0.06350174
v -0.01887957 0.00624459 0.06338755
v -0.01634602 0.00621996 0.06581918
v -0.01877553 0.00609001 0.06483257
v -0.01599936 0.00605093 0.06719532
v -0.01494666 0.00625611 0.06643959
v -0.01393086 0.00612331 0.06790161
v -0.01566058 0.00583522 0.06838728
v -0.01312735 0.00584167 0.06952310
v -0.01502916 0.00555768 0.06943602
v -0.01687730 0.00550175 0.06859677
v -0.01476491 0.00523722 0.07022447
v -0.01391428 0.00551817 0.07000193
v -0.01671936 0.00520221 0.06933540
v -0.01542157 0.00458059 0.07044408
v -0.01373405 0.00511965 0.07076513
v -0.01384938 0.00415434 0.07131693
v -0.01607617 0.00401273 0.07044733
v -0.01202183 0.00490157 0.07142440
v -0.01195495 0.00409387 0.07189381
v -0.01009743 0.00457230 0.07208660
v -0.00977360 0.00395984 0.07241669
v -0.00780000 0.00449147 0.07253121
v -0.01200493 0.00323895 0.07203955
v -0.00971141 0.00326998 0.07254961
v -0.00767710 0.00384565 0.07281531
v -0.01112699 0.00524116 0.07136864
v -0.00938092 0.00496259 0.07196458
v -0.01408283 0.00349656 0.07139300
v -0.01692730 0.00457367 0.06971224
v -0.01226624 0.00612015 0.06862628
v -0.01071202 0.00601070 0.06959263
v -0.01000455 0.00581450 0.07044495
v -0.00801030 0.00609579 0.06977584
v -0.00617815 0.00587848 0.07090001
v -0.00296978 0.00611642 0.07021237
v -0.00174812 0.00590874 0.07113269
v 0.00156162 0.00614349 0.07022602
v 0.00198216 0.00591070 0.07115239
v 0.00199951 0.00567441 0.07173045
v 0.00515048 0.00588970 0.07104002
v 0.00564136 0.00610150 0.07017986
v 0.00208604 0.00628898 0.06932078
v 0.00646102 0.00624359 0.06929734
v 0.00870135 0.00610674 0.06970335
v 0.01041747 0.00631088 0.06812116
v 0.01090559 0.00601616 0.06962375
v 0.01013260 0.00582457 0.07044375
v 0.01223459 0.00616652 0.06849375
v 0.01326703 0.00627687 0.06730908
v 0.01396901 0.00603789 0.06851996
v 0.01528258 0.00611065 0.06754197
v 0.01588378 0.00583982 0.06848923
v 0.01610241 0.00623737 0.06626464
v 0.01712453 0.00585132 0.06775314
v 0.01485314 0.00637989 0.06542749
v 0.01275744 0.00586406 0.06965554
v 0.00639036 0.00635793 0.06836113
v 0.00738107 0.00584723 0.07090350
v -0.00056661 0.00635676 0.06855604
v -0.00127286 0.00649077 0.06551230
v 0.00658899 0.00648123 0.06568697
v 0.00426655 0.00650243 0.06551822
v 0.00856301 0.00649106 0.06535662
v -0.00679851 0.00636733 0.06812364
v -0.00722503 0.00650288 0.06530461
v 0.01073509 0.00647426 0.06518760
v -0.00879198 0.00560975 0.07113771
v -0.00567061 0.00626968 0.06912005
v -0.00242053 0.00564668 0.07174214
v -0.00583901 0.00534810 0.07203023
v -0.00269538 0.00533441 0.07228931
v -0.00293985 0.00513508 0.07254436
v -0.00529326 0.00487391 0.07255795
v -0.00321223 0.00420479 0.07312740
v -0.00142709 0.00439466 0.07311512
v 0.00014476 0.00389763 0.07335184
v 0.00045991 0.00445028 0.07314014
v 0.00010535 0.00518136 0.07260315
v 0.00356313 0.00442353 0.07305925
v -0.00255084 0.00341319 0.07333962
v 0.00022297 0.00338686 0.07344106
v 0.00200273 0.00317596 0.07343576
v -0.00527685 0.00381767 0.07308255
v -0.00336872 0.00264788 0.07336432
v -0.00549115 0.00296789 0.07317802
v 0.00393644 0.00402186 0.07319806
v -0.01805203 0.00581185 0.06696252
v -0.01098103 0.00635427 0.06739848
v -0.01257380 0.00530947 0.07091258
v -0.01329637 0.00647568 0.06338981
v -0.02072695 0.00596366 0.06280862
v -0.02065303 0.00573305 0.06459609
v -0.02175996 0.00577790 0.06238542
v -0.02199233 0.00545204 0.06367283
v -0.02254408 0.00549370 0.06231731
v -0.02331524 0.00546724 0.06030871
v -0.02365620 0.00518611 0.06110556
v -0.02247359 0.00576629 0.06021259
v -0.02413831 0.00522216 0.05900080
v -0.02416133 0.00502448 0.05997197
v -0.02371344 0.00553174 0.05764668
v -0.02405526 0.00467088 0.06139771
v -0.02300281 0.00515579 0.06283621
v -0.02153760 0.00517238 0.06526801
v -0.02006499 0.00543367 0.06629770
v -0.02039804 0.00516308 0.06659166
v -0.02075160 0.00456034 0.06689053
v -0.02212364 0.00457036 0.06522652
v -0.02189343 0.00407149 0.06592458
v -0.01568332 0.00644162 0.04945385
v -0.01934292 0.00512171 0.06761369
v -0.00366318 0.00650336 -0.00769654
v -0.01075174 0.00646306 0.04054113
v -0.01145659 0.00648991 0.04115201
v -0.01303543 0.00649322 0.04259424
v -0.01394171 0.00645997 0.04367121
v -0.01840554 0.00640875 0.02851782
v 0.02577059 0.00550910 -0.06219840
v -0.01640552 0.00643359 0.01140946
v 0.00303975 0.00649366 0.00891499
v 0.00817605 0.00658469 0.05132140
v 0.00153190 0.00636415 0.02563079
v -0.00060676 0.00627903 0.02154294
v -0.00095616 0.00636365 0.02084827
v -0.01475957 0.00635591 0.06539261
v -0.01151439 0.00651690 0.06445588
v -0.01015003 0.00651700 0.06486609
v 0.02519000 0.00621477 -0.04601233
v 0.01680272 0.00642930 0.06338483
v 0.01548648 0.00642765 0.06404589
v 0.01379962 0.00644345 0.06460995
v 0.02608765 0.00607248 -0.03581753
v 0.02594679 0.00610329 -0.03957781
v 0.02649591 0.00593835 -0.03724096
v 0.02642645 0.00589455 -0.04268451
v 0.02650553 0.00594136 -0.03479668
v -0.02361249 0.00464665 0.06257059
v 0.02546609 0.00533864 0.05140997
v 0.02527156 0.00574749 -0.06259632
v -0.01773729 0.00687234 -0.06137221
v 0.01226910 0.00696631 -0.02248405
v -0.01975920 0.00627128 0.06142550
v 0.00948411 0.00553100 0.07115488
v 0.01103585 0.00519040 0.07137077
v 0.00828162 0.00519172 0.07192516
v -0.02302056 0.00576331 0.05734178
v -0.02395548 0.00561562 0.05471800
v -0.00059471 0.00752644 -0.03123642
v -0.01615781 0.00641136 0.04378253
v -0.02020359 0.00715083 -0.03520634
v -0.02191462 0.00653399 -0.00898318
v 0.02625708 0.00620139 0.01975640
v 0.00154334 0.00752507 -0.03131575
v -0.01484648 0.00645121 0.01279961
v -0.01496066 0.00647293 0.01452241
v -0.01455949 0.00648438 0.01292445
v -0.01405235 0.00646568 0.01189446
v -0.01629671 0.00744432 -0.03738704
v -0.01641610 0.00637542 0.01012830
v -0.01769968 0.00635404 0.00952927
v -0.01490292 0.00630159 0.00958645
v 0.01500320 0.00559235 0.06942498
v 0.01617779 0.00520136 0.06961238
v -0.00944216 0.00724325 -0.02219976
v 0.01420289 0.00544006 0.07004345
v 0.00133932 0.00632362 0.01598346
v 0.02597847 0.00587362 0.03902409
v 0.01941572 0.00670609 -0.06289215
v 0.02234775 0.00648526 -0.02031995
v 0.01719285 0.00605349 0.06678131
v 0.01831873 0.00611055 0.06562736
v 0.01883232 0.00587895 0.06646562
v 0.01731117 0.00519803 0.06903754
v -0.00116741 0.00753446 -0.01992911
v 0.01181579 0.00555163 0.07059369
v -0.01392348 0.00742252 -0.01715346
v 0.00437976 0.00647439 -0.00804355
v 0.00368205 0.00645108 -0.00737812
v 0.00273140 0.00641575 -0.00718414
v 0.00323614 0.00643384 -0.00665406
v 0.00230876 0.00627478 -0.00670361
v 0.00278119 0.00627341 -0.00606243
v 0.00156866 0.00625859 -0.00700296
v 0.00318685 0.00716603 -0.06136103
v 0.00446361 0.00720532 -0.06055777
v 0.02336856 0.00636805 0.01653109
v 0.01756647 0.00624759 0.02054306
v 0.02229409 0.00638646 0.04027415
v -0.02229230 0.00515436 0.06421621
v 0.02129912 0.00676717 -0.05544232
v 0.00922165 0.00493310 0.07197213
v 0.01088559 0.00446491 0.07195975
v 0.01193596 0.00488574 0.07141128
v 0.00923835 0.00406195 0.07250630
v 0.01273636 0.00440658 0.07153429
v 0.01456917 0.00453964 0.07088819
v 0.01469825 0.00393164 0.07117344
v 0.01256285 0.00382351 0.07183732
v 0.01072016 0.00389222 0.07226188
v 0.01058687 0.00586086 -0.07089482
v 0.00274397 0.00644230 0.03109430
v -0.01271067 0.00646225 0.01052766
v -0.00303294 0.00652647 0.01035476
v 0.00201496 0.00644722 0.00866495
v 0.00072801 0.00645991 0.01160585
v 0.01478536 0.00516524 0.07027009
v -0.00055045 0.00624569 -0.00018951
v -0.00118920 0.00645838 -0.00055750
v -0.00096343 0.00626073 0.00119391
v -0.00076121 0.00614392 0.00101706
v -0.00135202 0.00645713 0.00054751
v 0.02207601 0.00612376 0.05910164
v 0.01817130 0.00639664 0.06226287
v 0.01895794 0.00638238 0.06140058
v 0.01737930 0.00642598 0.06296561
v 0.01542285 0.00686642 -0.02219849
v -0.01828861 0.00650565 -0.06531106
v 0.00141817 0.00643344 0.01209075
v 0.00631131 0.00914175 0.01783332
v 0.00626311 0.00922005 0.01649445
v -0.00142485 0.00715778 -0.06164581
v 0.01869614 0.00560113 0.06731990
v 0.01619888 0.00729357 -0.03983580
v 0.01948296 0.00518395 0.06760102
v 0.02030198 0.00555005 0.06609202
v 0.02063928 0.00518740 0.06657077
v 0.02155978 0.00527130 0.06542935
v 0.02148000 0.00448232 0.06651736
v 0.02199576 0.00522920 0.06490200
v 0.02055371 0.00458065 0.06734216
v 0.00384889 0.00646257 0.01772289
v 0.00342535 0.00650434 0.01644999
v 0.00385059 0.00658383 0.01742994
v -0.01232312 0.00649621 0.06407486
v -0.00685177 0.00546254 -0.07228266
v -0.00840454 0.00515100 -0.07254799
v -0.00516496 0.00532838 -0.07259208
v 0.00113985 0.00539542 -0.07265552
v -0.02014718 0.00666984 -0.06198741
v -0.01382351 0.00641241 0.00976744
v 0.02599573 0.00499734 0.04921476
v -0.00577517 0.00645812 -0.00922969
v 0.00405798 0.00839499 0.01381963
v -0.00247066 0.00650592 0.03094213
v -0.00292707 0.00652719 0.03181294
v 0.00050660 0.00537240 0.07230975
v -0.00203802 0.00627951 0.02279715
v -0.00230689 0.00627479 0.02185053
v -0.00254045 0.00641794 0.02100249
v -0.01487803 0.00640328 0.02880829
v -0.01524539 0.00645504 0.04656883
v 0.00086928 0.00648054 0.00492585
v 0.00038146 0.00640328 0.00435254
v -0.00748900 0.00647934 -0.00964567
v 0.00163359 0.00650109 0.00568258
v -0.00770101 0.00264199 0.07295728
v 0.01176464 0.00646125 0.06504818
v -0.00807840 0.00521321 0.07195885
v 0.00623092 0.00553342 0.07169540
v 0.01803479 0.00642622 0.00349883
v -0.01795944 0.00679454 -0.06262141
v 0.02362108 0.00563215 0.05983193
v 0.02261798 0.00666469 -0.05040494
v 0.02080497 0.00519040 -0.07024956
v 0.01392572 0.00688658 -0.02174850
v 0.01483443 0.00682223 -0.02113132
v 0.01897167 0.00634599 0.02418298
v -0.01946477 0.00582093 0.06563243
v 0.00266179 0.00713464 -0.02147489
v 0.01982820 0.00589670 0.06554721
v -0.00210418 0.00726971 -0.01806891
v 0.01845939 0.00663080 -0.02150419
v 0.01609637 0.00621347 0.02446245
v 0.00501345 0.00654846 -0.01077863
v 0.01070399 0.00808803 0.00814352
v -0.01833057 0.00406900 0.06917105
v 0.01322233 0.00518850 0.07079845
v -0.01838261 0.00515201 0.06833812
v 0.00287825 0.00626562 0.01697259
v -0.01865201 0.00551270 0.06735463
v 0.00376873 0.00340254 0.07333464
v 0.00599598 0.00319741 0.07317219
v 0.00686832 0.00389893 0.07296225
v -0.00027294 0.00651090 0.00930311
v -0.00651908 0.00663439 -0.01541483
v 0.00641793 0.00525425 0.07212614
v 0.00557239 0.00491414 0.07256899
v -0.01946583 0.00399572 0.06835592
v -0.02094070 0.00380563 0.06716667
v 0.00890137 0.00670566 0.00789459
v -0.02152561 0.00654638 -0.00899753
v 0.02401482 0.00547085 -0.06690775
v -0.00447778 0.00650713 -0.00839245
v 0.00299895 0.00657331 -0.01705936
v 0.00437868 0.00648566 0.00904596
v 0.01715702 0.00727434 0.01408432
v -0.00272067 0.00640856 0.00688999
v 0.01811350 0.00524517 0.06848943
v 0.01678279 0.00450561 0.06995386
v 0.00593344 0.00743678 0.00879974
v 0.02179702 0.00563347 0.06408060
v 0.01600042 0.00870828 0.01503550
v -0.00537879 0.00650281 -0.01588614
v 0.02119983 0.00400921 0.06718031
v 0.02244805 0.00388510 0.06579957
v 0.02037751 0.00406606 0.06789881
v -0.00899887 0.00650811 0.06513665
v 0.00166515 0.00621730 0.02409620
v -0.00846877 0.00670770 -0.01224209
v 0.01925199 0.00455015 0.06843064
v 0.01544434 0.00900546 0.01587861
v -0.01820729 0.00461721 0.06893735
v 0.00013586 0.00586468 -0.07146565
v 0.00384676 0.00656205 -0.01668994
v 0.00409547 0.00704000 -0.01900009
v 0.01573894 0.00793154 0.01785582
v 0.02269207 0.00426633 0.06519102
v 0.02621608 0.00509476 0.04703650
v -0.00146863 0.00623931 0.02215999
v -0.00961945 0.00628124 0.06843628
v -0.01009273 0.00669539 0.02315461
v 0.02459959 0.00527665 -0.06679869
v 0.01464024 0.00678925 -0.06393508
v 0.00392782 0.00651120 0.03009942
v -0.01339497 0.00646218 0.01108806
v -0.00550972 0.00442029 0.07282546
v 0.02592961 0.00605591 -0.04487732
v 0.02533734 0.00534432 -0.06473824
v 0.00613718 0.00880305 0.01053338
v -0.00685721 0.00647663 -0.01083746
v 0.01337464 0.00889122 0.01876379
v 0.00686046 0.00728551 0.02010271
v 0.00098846 0.00626040 -0.00700211
v 0.01423235 0.00625956 0.00498319
v 0.01759945 0.00637291 -0.06658839
v -0.00667497 0.00740926 -0.01643185
v 0.00684245 0.00572356 -0.07170349
v 0.00535230 0.00536644 -0.07258743
v 0.01066272 0.00543939 -0.07214963
v 0.01002834 0.00522355 -0.07242626
v -0.02299995 0.00466862 0.06375278
v 0.01593490 0.00622493 0.00510621
v 0.01920778 0.00394294 0.06886033
v 0.01514530 0.00807771 0.01840834
v 0.01301676 0.00536991 -0.07197057
v 0.00360229 0.00731037 0.01612840
v 0.01563333 0.00730028 0.01838172
v -0.00339690 0.00691285 -0.01759312
v 0.00444428 0.00647785 0.01847006
v -0.00728994 0.00653088 0.00897321
v -0.00239814 0.00748966 -0.01834590
v 0.01586643 0.00881643 0.01366561
v 0.00693736 0.00447935 0.07270422
v 0.01755827 0.00643364 0.01940297
v 0.01070486 0.00733891 0.00790951
v -0.01078875 0.00654653 0.02109541
v 0.01475387 0.00646474 0.02488062
v 0.01364116 0.00648985 0.02399897
v 0.00336795 0.00517701 0.07254625
v 0.01828392 0.00627438 0.02508236
v 0.00798622 0.00802658 0.02013410
v 0.01186664 0.00734886 0.00805061
v -0.00601428 0.00667479 -0.01588998
v 0.01255809 0.00920498 0.01860409
v 0.01394011 0.00916812 0.01777297
v 0.01361391 0.00925544 0.01774197
v 0.00063490 0.00624322 0.02376804
v 0.01663970 0.00386069 0.07037789
v 0.01799423 0.00384790 0.06965427
v 0.00779388 0.00722624 0.02033218
v 0.00098034 0.00723336 -0.02174750
v 0.01836712 0.00452324 0.06905496
v 0.00298652 0.00626339 0.01616630
v 0.00324662 0.00648192 0.01589084
v 0.00402812 0.00724261 0.01739884
v 0.00528690 0.00894667 0.01382465
v 0.00667414 0.00812037 0.00879874
v 0.01452148 0.00883860 0.01798078
v 0.00558470 0.00888998 0.01168700
v -0.01102264 0.00653186 0.02322461
v -0.01009273 0.00669539 0.02315461
v -0.00992724 0.00655654 0.02277933
v -0.01336079 0.00646243 0.02047222
v -0.01078875 0.00654653 0.02109541
v 0.02362108 0.00563215 0.05983193
v 0.02387409 0.00525756 0.06113104
v 0.02438360 0.00535043 0.05865126
v 0.02449312 0.00506715 0.05946759
v 0.02469275 0.00457125 0.06012743
v 0.02339241 0.00586674 0.05838866
v 0.02271865 0.00585974 0.06138974
v 0.02362108 0.00563215 0.05983193
v 0.02207601 0.00612376 0.05910164
v 0.02597847 0.00587362 0.03902409
v 0.02586611 0.00564025 0.04460113
v 0.02640205 0.00548360 0.04146033
v 0.02624488 0.00527150 0.04557345
v 0.02573353 0.00551341 0.04793967
v 0.02621608 0.00509476 0.04703650
v 0.01902874 0.00621816 0.06426850
v 0.01831873 0.00611055 0.06562736
v 0.01982820 0.00589670 0.06554721
v 0.01610241 0.00623737 0.06626464
v 0.01680272 0.00642930 0.06338483
v 0.01737930 0.00642598 0.06296561
v 0.02097734 0.00590180 0.06430737
v 0.02199576 0.00522920 0.06490200
v 0.02179702 0.00563347 0.06408060
v 0.02256801 0.00522379 0.06404917
v 0.02155978 0.00527130 0.06542935
v 0.02030198 0.00555005 0.06609202
v 0.01982820 0.00589670 0.06554721
v 0.02269207 0.00426633 0.06519102
v -0.01946477 0.00582093 0.06563243
v -0.02006499 0.00543367 0.06629770
v -0.01805203 0.00581185 0.06696252
v -0.01865201 0.00551270 0.06735463
v -0.01934292 0.00512171 0.06761369
v -0.01838261 0.00515201 0.06833812
v -0.01865201 0.00551270 0.06735463
v -0.01946583 0.00399572 0.06835592
v -0.01820729 0.00461721 0.06893735
v -0.01833057 0.00406900 0.06917105
v -0.01112699 0.00524116 0.07136864
v -0.00807840 0.00521321 0.07195885
v -0.00879198 0.00560975 0.07113771
v -0.01000455 0.00581450 0.07044495
v -0.01257380 0.00530947 0.07091258
v 0.01322233 0.00518850 0.07079845
v 0.01456917 0.00453964 0.07088819
v 0.01478536 0.00516524 0.07027009
v 0.01678279 0.00450561 0.06995386
v 0.00336795 0.00517701 0.07254625
v 0.00356313 0.00442353 0.07305925
v 0.00557239 0.00491414 0.07256899
v 0.00693736 0.00447935 0.07270422
v -0.00529326 0.00487391 0.07255795
v -0.00780000 0.00449147 0.07253121
v -0.00550972 0.00442029 0.07282546
v -0.00807840 0.00521321 0.07195885
v 0.01836712 0.00452324 0.06905496
v 0.01799423 0.00384790 0.06965427
v 0.01920778 0.00394294 0.06886033
v 0.00923835 0.00406195 0.07250630
v 0.00693736 0.00447935 0.07270422
v 0.00686832 0.00389893 0.07296225
v -0.00550972 0.00442029 0.07282546
v -0.00767710 0.00384565 0.07281531
v -0.00527685 0.00381767 0.07308255
v -0.00770101 0.00264199 0.07295728
v 0.00573286 0.00666045 0.00371268
v 0.00611586 0.00659316 0.00402804
v 0.00674548 0.00667150 0.00398537
v 0.00474571 0.00654347 0.00328960
v 0.00486526 0.00655234 0.00384326
v 0.00511884 0.00652907 0.00472052
v 0.01645308 0.00625087 0.00421286
v 0.01560256 0.00627651 0.00410342
v 0.01593490 0.00622493 0.00510621
v 0.01581068 0.00640756 0.00351126
v 0.01803479 0.00642622 0.00349883
v 0.01413681 0.00626686 0.00707731
v 0.01466891 0.00622331 0.00615781
v 0.01394270 0.00629603 0.00610659
v 0.01481704 0.00618934 0.00527235
v 0.01375914 0.00633367 0.00528346
v 0.01357040 0.00636554 0.00684870
v 0.01423235 0.00625956 0.00498319
v 0.01593490 0.00622493 0.00510621
v 0.01877245 0.00640488 0.00435377
v 0.01893676 0.00637554 0.00570964
v 0.01985465 0.00643699 0.00502453
v 0.01803479 0.00642622 0.00349883
v 0.01832819 0.00626792 0.00669380
v 0.01895780 0.00642086 0.00725045
v 0.01893676 0.00637554 0.00570964
v 0.01757822 0.00632825 0.00724689
v 0.01736838 0.00639989 0.00802666
v 0.01789326 0.00643901 0.00939547
v 0.01577731 0.00649451 0.00995773
v 0.01647460 0.00649282 0.01093890
v 0.01891683 0.00645511 0.01294635
v 0.01706373 0.00648904 0.01215481
v 0.01734571 0.00648970 0.01384132
v 0.01690035 0.00788041 0.01316904
v 0.01715702 0.00727434 0.01408432
v 0.01689328 0.00799071 0.01394347
v 0.01692602 0.00783319 0.01510428
v 0.01600042 0.00870828 0.01503550
v 0.01586643 0.00881643 0.01366561
v 0.01533688 0.00916007 0.01443522
v 0.01544434 0.00900546 0.01587861
v 0.01690873 0.00740762 0.01254627
v 0.01639472 0.00833118 0.01305948
v 0.01470725 0.00920639 0.01665101
v 0.01535259 0.00888226 0.01667585
v 0.01531206 0.00639195 0.00802850
v 0.01491300 0.00924866 0.01442368
v 0.01367934 0.00931756 0.01686539
v 0.01321334 0.00937629 0.01538043
v 0.01292259 0.00935507 0.01373614
v 0.01361391 0.00925544 0.01774197
v 0.01394011 0.00916812 0.01777297
v 0.01063038 0.00945647 0.01567881
v 0.01053075 0.00941088 0.01370665
v 0.01093666 0.00926080 0.01197257
v 0.01117633 0.00938909 0.01775003
v 0.01646873 0.00734247 0.01136974
v 0.01452148 0.00883860 0.01798078
v 0.01255809 0.00920498 0.01860409
v 0.01049662 0.00933110 0.01864701
v 0.01068045 0.00920017 0.01909417
v 0.01081716 0.00898511 0.01944162
v 0.01231547 0.00871108 0.01944923
v 0.01083916 0.00836328 0.02006608
v 0.00877403 0.00899345 0.01948479
v 0.00937972 0.00935443 0.01850528
v 0.00850629 0.00917559 0.01909483
v 0.00856131 0.00821438 0.02015845
v 0.00706723 0.00868288 0.01937575
v 0.00798622 0.00802658 0.02013410
v 0.00779388 0.00722624 0.02033218
v 0.00885180 0.00735196 0.02045680
v 0.01047728 0.00804083 0.02029308
v 0.01072703 0.00724652 0.02050668
v 0.01218783 0.00743701 0.02026000
v 0.00708018 0.00919782 0.01847635
v 0.00697190 0.00926715 0.01791620
v 0.00631131 0.00914175 0.01783332
v 0.00574759 0.00891134 0.01787884
v 0.00626311 0.00922005 0.01649445
v 0.00793647 0.00939210 0.01601828
v 0.00821305 0.00938800 0.01411113
v 0.00620510 0.00920076 0.01496090
v 0.00559817 0.00906767 0.01627128
v 0.00576243 0.00909377 0.01342943
v 0.00528690 0.00894667 0.01382465
v 0.00558470 0.00888998 0.01168700
v 0.01577225 0.00735169 0.01030457
v 0.01531455 0.00661204 0.00957655
v 0.01509618 0.00735441 0.00960975
v 0.01417715 0.00741186 0.00896990
v 0.01485354 0.00802996 0.00973041
v 0.01382972 0.00807329 0.00904210
v 0.01453468 0.00877182 0.01073852
v 0.01561475 0.00801030 0.01052502
v 0.01337312 0.00870679 0.00989090
v 0.01226894 0.00814785 0.00843790
v 0.01271465 0.00803886 0.00852610
v 0.01283616 0.00732911 0.00834202
v 0.01186664 0.00734886 0.00805061
v 0.01070399 0.00808803 0.00814352
v 0.01070486 0.00733891 0.00790951
v 0.01128947 0.00672786 0.00787641
v 0.01104093 0.00834656 0.00853226
v 0.01250914 0.00880581 0.00980464
v 0.01466149 0.00648371 0.00903023
v 0.00685660 0.00894067 0.01892643
v 0.00870568 0.00664878 0.02059091
v 0.00788473 0.00651630 0.02061664
v 0.01025924 0.00651802 0.02074397
v 0.00762324 0.00665871 0.02040546
v 0.01069193 0.00664891 0.02062917
v 0.01231115 0.00665792 0.02038991
v 0.01069193 0.00664891 0.02062917
v 0.01231781 0.00650714 0.02050156
v 0.02358664 0.00646732 -0.04897075
v 0.02456684 0.00633683 -0.03908958
v 0.02519000 0.00621477 -0.04601233
v 0.02334878 0.00649392 -0.03901280
v 0.02232891 0.00669327 -0.04581500
v 0.02261798 0.00666469 -0.05040494
v 0.02299094 0.00639063 -0.00135585
v 0.02300495 0.00640088 0.00912751
v 0.02329775 0.00636673 0.00663597
v 0.02234279 0.00652289 -0.00093935
v 0.02242534 0.00651601 0.00849361
v 0.02336856 0.00636805 0.01653109
v 0.02256946 0.00643466 0.02463653
v 0.02246108 0.00640372 0.03550756
v 0.02280660 0.00639210 0.02434765
v 0.01750790 0.00644427 0.02792225
v 0.01896295 0.00641606 0.02566846
v 0.02000090 0.00642688 0.03297793
v 0.01878364 0.00640199 0.04227656
v 0.02229409 0.00638646 0.04027415
v 0.01720858 0.00642781 0.03444855
v 0.01520305 0.00641955 0.03965441
v 0.01727542 0.00642284 0.04248091
v 0.01587836 0.00642631 0.04122323
v 0.01590314 0.00646726 0.04164526
v 0.00969323 0.00616984 -0.06975354
v 0.01473841 0.00634688 -0.06780643
v 0.01411786 0.00605736 -0.06954078
v 0.01058687 0.00586086 -0.07089482
v 0.02592961 0.00605591 -0.04487732
v 0.02642645 0.00589455 -0.04268451
v 0.02621278 0.00591808 -0.04692876
v -0.00434428 0.00626393 0.00464083
v -0.00455911 0.00616124 0.00515948
v -0.00432963 0.00603431 0.00465123
v -0.00485526 0.00627308 0.00530726
v -0.00472882 0.00649040 0.00406604
v -0.00380508 0.00647853 0.00368923
v -0.00372232 0.00627962 0.00415176
v -0.00556579 0.00650984 0.00427880
v -0.00272610 0.00618917 0.00383604
v -0.00259985 0.00628031 0.00355277
v -0.00277893 0.00647303 0.00302085
v -0.00224175 0.00620910 0.00344274
v -0.00508650 0.00616255 0.00626735
v -0.00566015 0.00636142 0.00577366
v -0.00686155 0.00644760 0.00581446
v -0.00654874 0.00651079 0.00448612
v -0.00236250 0.00646477 0.00259678
v -0.00378159 0.00610848 0.00427751
v -0.00208559 0.00629972 0.00296576
v -0.00191947 0.00644707 0.00191454
v -0.00167832 0.00619110 0.00278547
v -0.00155330 0.00627736 0.00234388
v -0.00119639 0.00619163 0.00217047
v -0.00096343 0.00626073 0.00119391
v -0.00135202 0.00645713 0.00054751
v -0.00076121 0.00614392 0.00101706
v 0.00771748 0.00728597 0.00813258
v 0.00922268 0.00734752 0.00793060
v 0.00890137 0.00670566 0.00789459
v 0.00713367 0.00666190 0.00814115
v 0.01070486 0.00733891 0.00790951
v 0.00738509 0.00658354 0.00787683
v 0.00991419 0.00661162 0.00765854
v 0.00576779 0.00796697 0.00909713
v 0.00667414 0.00812037 0.00879874
v 0.00593344 0.00743678 0.00879974
v 0.00593344 0.00743678 0.00879974
v 0.00577433 0.00658797 0.00867830
v 0.00523056 0.00672609 0.00900194
v 0.00514606 0.00644608 0.00842938
v 0.00531721 0.00733369 0.00915147
v 0.00547051 0.00637883 0.00742977
v 0.00466652 0.00675000 0.00950102
v 0.00482474 0.00655954 0.00898213
v 0.00454813 0.00639086 0.00950333
v 0.00437868 0.00648566 0.00904596
v 0.00403675 0.00647879 0.01019575
v 0.00399985 0.00680172 0.01035757
v 0.00367012 0.00650620 0.00901832
v 0.00342130 0.00648671 0.00957765
v 0.00303975 0.00649366 0.00891499
v 0.00480570 0.00759134 0.00972207
v 0.00351437 0.00639350 0.01144474
v 0.00339624 0.00685120 0.01201291
v 0.00585593 0.00658475 0.00754269
v 0.00613718 0.00880305 0.01053338
v 0.00558470 0.00888998 0.01168700
v 0.00652590 0.00901270 0.01110894
v 0.00577893 0.00830574 0.00951701
v 0.00613718 0.00880305 0.01053338
v 0.00739583 0.00883455 0.00987967
v 0.00738727 0.00831346 0.00876005
v 0.00667414 0.00812037 0.00879874
v 0.01612827 0.00729727 0.01774935
v 0.01592598 0.00649886 0.01841419
v 0.01654641 0.00668156 0.01742146
v 0.01563333 0.00730028 0.01838172
v 0.01642081 0.00649283 0.01788659
v 0.01755827 0.00643364 0.01940297
v 0.01573894 0.00793154 0.01785582
v 0.01514530 0.00807771 0.01840834
v 0.01563333 0.00730028 0.01838172
v 0.01487955 0.00733445 0.01903611
v 0.01452148 0.00883860 0.01798078
v 0.01514530 0.00807771 0.01840834
v 0.01582435 0.00811118 0.01749751
v 0.00303975 0.00649366 0.00891499
v 0.00205581 0.00647989 0.00824296
v 0.00183072 0.00650758 0.00906044
v 0.00163359 0.00650109 0.00568258
v 0.00173556 0.00644281 0.00399536
v 0.00086928 0.00648054 0.00492585
v 0.00038146 0.00640328 0.00435254
v 0.00124244 0.00636405 0.00321090
v -0.00013397 0.00649400 0.01084300
v 0.00067502 0.00648480 0.01047370
v -0.00017998 0.00650790 0.01010034
v 0.00072801 0.00645991 0.01160585
v -0.00384939 0.00653044 0.01065464
v -0.00335936 0.00652696 0.01112637
v -0.00303294 0.00652647 0.01035476
v 0.00205581 0.00647989 0.00824296
v 0.00080160 0.00649230 0.00878336
v 0.00156291 0.00647776 0.00901324
v 0.00201496 0.00644722 0.00866495
v 0.00191137 0.00629683 0.01515445
v 0.00133932 0.00632362 0.01598346
v 0.00227826 0.00625237 0.01675180
v 0.00298652 0.00626339 0.01616630
v -0.00254045 0.00641794 0.02100249
v -0.00103496 0.00644410 0.01969527
v -0.00254328 0.00651618 0.01839156
v -0.00364381 0.00648370 0.02110671
v -0.00253789 0.00640864 0.02285372
v -0.00095616 0.00636365 0.02084827
v -0.00146863 0.00623931 0.02215999
v 0.00021414 0.00637019 0.02047282
v 0.00044507 0.00643137 0.01891980
v 0.00197886 0.00639820 0.01969177
v 0.00189962 0.00637974 0.01867606
v 0.00284362 0.00641360 0.01852139
v -0.00063142 0.00639942 0.01748386
v 0.00080848 0.00632778 0.01796615
v 0.00384889 0.00646257 0.01772289
v 0.00444428 0.00647785 0.01847006
v 0.00166515 0.00621730 0.02409620
v 0.00157863 0.00624549 0.02467522
v 0.00255295 0.00623673 0.02442225
v 0.00229196 0.00628267 0.02509657
v 0.00159812 0.00624476 0.02537255
v 0.00153190 0.00636415 0.02563079
v 0.01755827 0.00643364 0.01940297
v 0.01660945 0.00639090 0.02016250
v 0.01862667 0.00640106 0.02037338
v 0.01756647 0.00624759 0.02054306
v 0.02110430 0.00662699 -0.02606153
v 0.02032799 0.00651327 -0.02130683
v 0.02118655 0.00649517 -0.02119708
v 0.01998470 0.00678264 -0.02708476
v 0.01645432 0.00692063 -0.02487086
v 0.01845939 0.00663080 -0.02150419
v -0.00534588 0.00644721 0.03636214
v -0.00404429 0.00643821 0.03779332
v -0.00054292 0.00644698 0.03251399
v 0.00274397 0.00644230 0.03109430
v -0.00376222 0.00648518 0.03294763
v -0.00292707 0.00652719 0.03181294
v 0.02169246 0.00658587 -0.02615608
v 0.02118655 0.00649517 -0.02119708
v 0.02190055 0.00651364 -0.02068479
v 0.02216488 0.00649263 -0.02480745
v 0.02234775 0.00648526 -0.02031995
v -0.00060676 0.00627903 0.02154294
v -0.00146863 0.00623931 0.02215999
v -0.00007875 0.00630376 0.02230415
v -0.00411933 0.00639838 0.00737914
v -0.00334080 0.00645311 0.00805098
v -0.00332426 0.00634920 0.00670844
v -0.00272067 0.00640856 0.00688999
v -0.02200517 0.00652335 -0.01662009
v -0.02191462 0.00653399 -0.00898318
v -0.02152561 0.00654638 -0.00899753
v 0.01699427 0.00724973 -0.04294293
v 0.01975259 0.00703677 -0.04280028
v 0.01970914 0.00700517 -0.05146361
v 0.02133313 0.00680568 -0.05038468
v 0.02129912 0.00676717 -0.05544232
v 0.02261798 0.00666469 -0.05040494
v 0.00101475 0.00748174 -0.03090397
v 0.00023266 0.00731573 -0.02739185
v 0.00957567 0.00731344 -0.02828466
v 0.00563350 0.00726985 -0.02719311
v 0.00955449 0.00711942 -0.02521009
v 0.01234636 0.00710955 -0.02558200
v -0.01024610 0.00754102 -0.04955248
v -0.01012812 0.00762956 -0.04072709
v -0.00792634 0.00759901 -0.04498088
v -0.00850731 0.00762641 -0.04164855
v -0.00807707 0.00761954 -0.04245237
v -0.00820615 0.00766443 -0.04141793
v -0.00803748 0.00732105 -0.02368220
v -0.00636736 0.00723284 -0.02290272
v -0.00423515 0.00728125 -0.02561069
v -0.00317443 0.00718647 -0.02389278
v 0.00033552 0.00713157 -0.02349090
v -0.00412424 0.00732082 -0.02213127
v -0.00109896 0.00732077 -0.02167818
v 0.00098034 0.00723336 -0.02174750
v -0.00944216 0.00724325 -0.02219976
v 0.00437093 0.00710953 -0.06211137
v 0.00551451 0.00725589 -0.05981234
v 0.00728886 0.00706833 -0.06249095
v 0.00446361 0.00720532 -0.06055777
v 0.00266179 0.00713464 -0.02147489
v 0.00378438 0.00709999 -0.01958046
v 0.00494761 0.00699176 -0.02041630
v 0.00409547 0.00704000 -0.01900009
v -0.00295242 0.00764361 -0.01879769
v 0.00014448 0.00755884 -0.01879570
v -0.00116741 0.00753446 -0.01992911
v 0.00011021 0.00744974 -0.01830602
v -0.00239814 0.00748966 -0.01834590
v 0.00728886 0.00706833 -0.06249095
v 0.01429046 0.00693915 -0.06262306
v 0.00596773 0.00687694 -0.06475904
v 0.01016428 0.00657841 -0.06691876
v 0.01464024 0.00678925 -0.06393508
v -0.00748900 0.00647934 -0.00964567
v -0.00577517 0.00645812 -0.00922969
v -0.00685721 0.00647663 -0.01083746
v -0.00748315 0.00655649 -0.01291941
v -0.00750992 0.00651323 -0.01154138
v -0.00685721 0.00647663 -0.01083746
v -0.00846877 0.00670770 -0.01224209
v 0.00142838 0.00646556 -0.01728535
v 0.00061720 0.00647299 -0.01700190
v 0.00177681 0.00646660 -0.01724639
v 0.00044246 0.00697385 -0.01771837
v 0.00280714 0.00690715 -0.01745703
v 0.00299895 0.00657331 -0.01705936
v 0.00384676 0.00656205 -0.01668994
v 0.00123026 0.00679775 -0.01754597
v 0.00255350 0.00727214 -0.01777333
v -0.00639060 0.00649148 -0.01490461
v -0.00685721 0.00647663 -0.01083746
v -0.00486663 0.00640991 -0.01499174
v -0.00537879 0.00650281 -0.01588614
v -0.00601428 0.00667479 -0.01588998
v 0.00437976 0.00647439 -0.00804355
v 0.00507304 0.00651595 -0.00879080
v 0.00458360 0.00649508 -0.01092003
v 0.00501345 0.00654846 -0.01077863
v 0.01475387 0.00646474 0.02488062
v 0.01594554 0.00641906 0.02570814
v 0.01581001 0.00628990 0.02357426
v 0.01609637 0.00621347 0.02446245
v 0.01721838 0.00625151 0.02485464
v 0.01755506 0.00626129 0.02537749
v 0.01828392 0.00627438 0.02508236
v 0.01692458 0.00625770 0.02540776
v 0.01628283 0.00628325 0.02517051
v 0.01609637 0.00621347 0.02446245
v 0.00360229 0.00731037 0.01612840
v 0.00301886 0.00620393 0.01507110
v 0.00324662 0.00648192 0.01589084
v 0.00342535 0.00650434 0.01644999
v 0.00412628 0.00831737 0.01592909
v 0.00357347 0.00782188 0.01488792
v 0.00360229 0.00731037 0.01612840
v 0.00360098 0.00798637 0.01387032
v 0.00405798 0.00839499 0.01381963
v 0.00407040 0.00804260 0.01672416
v 0.00360229 0.00731037 0.01612840
v 0.00402812 0.00724261 0.01739884
v 0.00402812 0.00724261 0.01739884
v 0.00385059 0.00658383 0.01742994
v 0.00444428 0.00647785 0.01847006
v 0.00459241 0.00734107 0.01827753
v 0.00044507 0.00643137 0.01891980
v 0.00189962 0.00637974 0.01867606
v 0.00056287 0.00639484 0.01840916
v -0.00589857 0.00692011 -0.01640649
v -0.00651908 0.00663439 -0.01541483
v -0.00601428 0.00667479 -0.01588998
v -0.00667497 0.00740926 -0.01643185
v 0.01144543 0.00847428 0.04133809
v 0.01348602 0.00729336 0.04133553
v 0.00979266 0.00730619 0.04140758
v 0.01404741 0.00846026 0.04135411
v 0.01391322 0.00646013 0.04128413
v 0.01507762 0.00646317 0.04142149
v 0.01490759 0.00813454 0.04143709
v 0.01405361 0.00871215 0.04142512
v 0.00977927 0.00843167 0.04138416
v 0.00992177 0.00870573 0.04145874
v 0.00879576 0.00814494 0.04158929
v 0.01590314 0.00646726 0.04164526
v 0.00894447 0.00869013 0.04185569
v 0.00961246 0.00663055 0.04133447
v 0.00892846 0.00736925 0.04156399
v 0.00826470 0.00867077 0.04247287
v 0.00811681 0.00819395 0.04216786
v 0.01554525 0.00815769 0.04163261
v 0.01601649 0.00727964 0.04178658
v 0.01658191 0.00646565 0.04208630
v 0.01174219 0.00898052 0.04142588
v 0.01531268 0.00864399 0.04172259
v 0.01275368 0.00896225 0.04140832
v 0.01727542 0.00642284 0.04248091
v 0.01020234 0.00648233 0.04125715
v 0.00897237 0.00648118 0.04108441
v 0.01631111 0.00811546 0.04214342
v 0.01692295 0.00736416 0.04262323
v 0.01680152 0.00815555 0.04269619
v 0.01699742 0.00647715 0.04257741
v 0.01615659 0.00871866 0.04250779
v 0.00887805 0.00661811 0.04143407
v 0.00865989 0.00680155 0.04176596
v 0.00822258 0.00663297 0.04193358
v 0.00828289 0.00740252 0.04199118
v 0.00800470 0.00681476 0.04238571
v 0.00793639 0.00799006 0.04223944
v 0.00860747 0.00777188 0.04165029
v 0.00811681 0.00819395 0.04216786
v 0.00860747 0.00777188 0.04165029
v 0.00828289 0.00740252 0.04199118
v 0.00793639 0.00799006 0.04223944
v 0.00745941 0.00654579 0.04213233
v 0.00887805 0.00661811 0.04143407
v 0.00897237 0.00648118 0.04108441
v -0.00341420 0.00603509 0.00444009
v -0.00414067 0.00577045 0.00379865
v -0.00438823 0.00586834 0.00460859
v -0.00335965 0.00565955 0.00354259
v -0.00478630 0.00537117 0.00386955
v -0.00233176 0.00598926 0.00414066
v -0.00264677 0.00624962 0.00506746
v -0.00114053 0.00632762 0.00514682
v -0.00239619 0.00569633 0.00328376
v -0.00243385 0.00553201 0.00247699
v -0.00360656 0.00521894 0.00268845
v -0.00290661 0.00503960 0.00231578
v -0.00125025 0.00588079 0.00302218
v -0.00140688 0.00579908 0.00225602
v -0.00244474 0.00549628 0.00172034
v -0.00043872 0.00616976 0.00280529
v -0.00052567 0.00602016 0.00202555
v 0.00048428 0.00621936 0.00256045
v 0.00064912 0.00612427 0.00166517
v 0.00039506 0.00631236 0.00345624
v 0.00124244 0.00636405 0.00321090
v 0.00038146 0.00640328 0.00435254
v 0.00193668 0.00628598 0.00199125
v -0.00056593 0.00595669 0.00092330
v 0.00049546 0.00594661 0.00016706
v -0.00051867 0.00598072 -0.00051667
v -0.00141544 0.00575021 0.00065196
v -0.00212449 0.00566422 -0.00046156
v -0.00127837 0.00590764 -0.00118250
v -0.00320198 0.00524974 0.00044703
v -0.00304715 0.00561926 -0.00043387
v -0.00265280 0.00576222 -0.00131503
v -0.00525385 0.00548904 0.00464612
v -0.00500335 0.00578971 0.00547686
v -0.00146195 0.00575555 0.00146595
v -0.00066364 0.00598000 -0.00171582
v -0.00044952 0.00622758 0.00379615
v 0.00035989 0.00588297 -0.00079478
v -0.00504526 0.00574688 0.00332653
v -0.00149253 0.00583008 -0.00229557
v -0.00104559 0.00589470 -0.00223535
v -0.00017131 0.00581237 -0.00245404
v -0.00130552 0.00511538 -0.00347834
v 0.00028096 0.00567986 -0.00339936
v -0.00077927 0.00540736 -0.00481412
v 0.00064373 0.00560706 -0.00544272
v 0.00157380 0.00567148 -0.00445166
v 0.00146584 0.00567583 -0.00615496
v 0.00283292 0.00586958 -0.00539226
v 0.00266771 0.00573752 -0.00314863
v 0.00031660 0.00582368 -0.00662951
v 0.00089200 0.00554150 -0.00692673
v 0.00168707 0.00561368 -0.00695084
v 0.00223284 0.00573537 -0.00674607
v -0.00012247 0.00554424 -0.00612179
v 0.00264637 0.00605383 -0.00612172
v -0.00377018 0.00634554 0.00538098
v 0.00143777 0.00580991 -0.00215209
v -0.00429804 0.00539436 0.00329932
v 0.00209136 0.00637795 0.00301716
v 0.00173556 0.00644281 0.00399536
v 0.00329676 0.00644185 0.00190155
v 0.00309496 0.00648383 0.00384932
v 0.00388281 0.00648304 0.00274029
v 0.00295201 0.00624633 0.00126692
v 0.00169243 0.00600018 0.00037264
v 0.00278847 0.00592790 0.00015809
v -0.00129130 0.00610971 0.00423064
v -0.00209571 0.00580693 -0.00201923
v -0.00029189 0.00645908 0.00552907
v -0.00455787 0.00613400 0.00617865
v -0.00383648 0.00638710 0.00584145
v 0.00269118 0.00579752 -0.00107229
v 0.00025070 0.00586252 -0.00172741
v -0.00429804 0.00539436 0.00329932
v -0.00473373 0.00539130 0.00346008
v -0.00414067 0.00577045 0.00379865
v -0.00407130 0.00525162 0.00259423
v 0.00143777 0.00580991 -0.00215209
v 0.00035989 0.00588297 -0.00079478
v 0.00269118 0.00579752 -0.00107229
v 0.00025070 0.00586252 -0.00172741
v -0.00146195 0.00575555 0.00146595
v -0.00141544 0.00575021 0.00065196
v -0.00244474 0.00549628 0.00172034
v -0.00320198 0.00524974 0.00044703
v -0.00243385 0.00553201 0.00247699
v -0.00244474 0.00549628 0.00172034
v -0.00353706 0.00520305 0.00184040
vt 0.90245050 0.63415754
vt 0.90810555 0.63415754
vt 0.90532988 0.63324177
vt 0.10037700 0.70283884
vt 0.09336486 0.70192307
vt 0.07681432 0.70283884
vt 0.44250706 0.68910259
vt 0.43685204 0.68910259
vt 0.43899912 0.69001830
vt 0.00329877 0.77976191
vt 0.00329877 0.77335167
vt 0.00424128 0.77660209
vt 0.90622056 0.77609891
vt 0.90622056 0.77243590
vt 0.90716302 0.77332854
vt 0.89114046 0.02710432
vt 0.89302546 0.02518314
vt 0.89302546 0.02976191
vt 0.25023562 0.08470696
vt 0.25589067 0.08470696
vt 0.25540620 0.08012819
vt 0.49182072 0.53087956
vt 0.51028949 0.51871657
vt 0.43848658 0.52537400
vt 0.55132771 0.52970260
vt 0.55683494 0.54219651
vt 0.55690169 0.53674561
vt 0.50221556 0.54174078
vt 0.60932493 0.54276180
vt 0.61360830 0.52696902
vt 0.65503347 0.52706242
vt 0.65240937 0.50159049
vt 0.54442501 0.48984569
vt 0.48408082 0.48872960
vt 0.36894184 0.47382665
vt 0.41252875 0.49663520
vt 0.38885468 0.44538879
vt 0.28243411 0.50802118
vt 0.33764717 0.51651597
vt 0.34999487 0.49624121
vt 0.29931164 0.51787049
vt 0.25424710 0.51768565
vt 0.23042516 0.52848238
vt 0.29613394 0.52953482
vt 0.12648772 0.50416934
vt 0.13262644 0.48087752
vt 0.11247724 0.48910975
vt 0.11270741 0.47715700
vt 0.11502188 0.45875728
vt 0.13021344 0.43995821
vt 0.12010529 0.39850688
vt 0.11003875 0.40501630
vt 0.10446827 0.44828635
vt 0.09859295 0.46004224
vt 0.11391437 0.38052416
vt 0.13122244 0.37241101
vt 0.17179710 0.37248552
vt 0.14964393 0.36133146
vt 0.19917290 0.35011584
vt 0.19791931 0.37346399
vt 0.15316905 0.39988387
vt 0.21030439 0.39816570
vt 0.25598058 0.36730868
vt 0.24765708 0.40837955
vt 0.28168127 0.39925879
vt 0.31539425 0.37752008
vt 0.27775821 0.35185117
vt 0.25124812 0.43773675
vt 0.15789795 0.42739308
vt 0.16388990 0.46253049
vt 0.18794230 0.44887143
vt 0.14500754 0.50562662
vt 0.19047596 0.51477665
vt 0.17520550 0.49095041
vt 0.22001293 0.50045550
vt 0.27977026 0.49046487
vt 0.23701605 0.47833443
vt 0.20911086 0.44172180
vt 0.31813854 0.47728485
vt 0.29582039 0.44339114
vt 0.34284782 0.41053724
vt 0.33062962 0.44382989
vt 0.43349376 0.44265932
vt 0.44588199 0.49327660
vt 0.47135645 0.43713558
vt 0.50716418 0.47522622
vt 0.50655466 0.40297127
vt 0.45783502 0.39738238
vt 0.49010891 0.36019027
vt 0.43556389 0.37712735
vt 0.52899426 0.46581048
vt 0.56615543 0.42027020
vt 0.59475392 0.47324586
vt 0.62522209 0.43085998
vt 0.62209916 0.39885473
vt 0.65032774 0.39257848
vt 0.63201141 0.36919987
vt 0.61554223 0.35135353
vt 0.65644747 0.35205162
vt 0.67360055 0.39454389
vt 0.63452357 0.47808278
vt 0.66689074 0.46480960
vt 0.67960334 0.43672681
vt 0.69256318 0.50703031
vt 0.71954072 0.46939504
vt 0.72564828 0.43572199
vt 0.70775485 0.39612597
vt 0.74212933 0.50454980
vt 0.75067919 0.46746194
vt 0.77449065 0.50021011
vt 0.78902483 0.46793604
vt 0.81456119 0.47352409
vt 0.81918877 0.43304384
vt 0.79943550 0.42141593
vt 0.82824987 0.39419591
vt 0.81421715 0.37802917
vt 0.83926803 0.45087844
vt 0.85065663 0.43371987
vt 0.83870423 0.39732289
vt 0.84909141 0.39522827
vt 0.85044235 0.46106035
vt 0.84914857 0.48512566
vt 0.83763945 0.48861754
vt 0.83819169 0.37496704
vt 0.83519423 0.35529411
vt 0.82446164 0.35401112
vt 0.78620976 0.39703083
vt 0.76879734 0.40252745
vt 0.76600027 0.44318891
vt 0.74924356 0.40929902
vt 0.72536409 0.37203074
vt 0.76024234 0.37325072
vt 0.70656854 0.34981072
vt 0.58319342 0.37158197
vt 0.52846974 0.38419259
vt 0.54121536 0.35633737
vt 0.45281675 0.34912670
vt 0.39385462 0.39867640
vt 0.40991306 0.37958074
vt 0.40559149 0.34738451
vt 0.37951571 0.36345243
vt 0.34851518 0.35531110
vt 0.15126315 0.34548652
vt 0.13274841 0.34960532
vt 0.11512154 0.36183548
vt 0.17625213 0.34175092
vt 0.21804172 0.34149349
vt 0.25903171 0.34248066
vt 0.29684252 0.34310037
vt 0.34042209 0.34253585
vt 0.43557584 0.33167076
vt 0.40398741 0.33132160
vt 0.32946345 0.32939720
vt 0.46995047 0.33181512
vt 0.51047021 0.33292258
vt 0.54821879 0.33051574
vt 0.61243391 0.33222353
vt 0.63689399 0.33238119
vt 0.66019368 0.33343840
vt 0.66299516 0.33262074
vt 0.75442749 0.35153371
vt 0.80970168 0.36053127
vt 0.80343670 0.34975451
vt 0.14653301 0.51590788
vt 0.17711192 0.52714747
vt 0.22701713 0.52371597
vt 0.40180877 0.51391500
vt 0.40307549 0.53148443
vt 0.33985221 0.53043908
vt 0.57227635 0.51252627
vt 0.70049512 0.52801108
vt 0.76379961 0.51636225
vt 0.81439680 0.50253183
vt 0.80632108 0.51768249
vt 0.73834836 0.52708697
vt 0.75457758 0.53702033
vt 0.72140801 0.53688073
vt 0.70484471 0.54150462
vt 0.66100264 0.54241329
vt 0.78435260 0.53577679
vt 0.81906193 0.52548283
vt 0.81280768 0.53331214
vt 0.62928760 0.54214823
vt 0.44703600 0.54058605
vt 0.40216911 0.53665197
vt 0.40587959 0.54039085
vt 0.36563075 0.54009372
vt 0.33601949 0.54058158
vt 0.83505952 0.51114893
vt 0.83364940 0.52406138
vt 0.84621674 0.50546199
vt 0.72182333 0.34368384
vt 0.74793160 0.34117079
vt 0.71630943 0.33427477
vt 0.12433618 0.51421469
vt 0.11285721 0.50357741
vt 0.09874637 0.41988456
vt 0.09928215 0.39668912
vt 0.10384017 0.37953174
vt 0.84816211 0.37977779
vt 0.14843538 0.52616477
vt 0.12936710 0.52496529
vt 0.11350947 0.51160860
vt 0.26820275 0.32900810
vt 0.09795374 0.47449553
vt 0.85631257 0.44035429
vt 0.85519409 0.46228456
vt 0.85571241 0.42112732
vt 0.51965052 0.32553685
vt 0.47713229 0.32415724
vt 0.11606634 0.35123390
vt 0.21933532 0.32849628
vt 0.14857866 0.33612943
vt 0.13137053 0.33784986
vt 0.17227529 0.32705837
vt 0.09744261 0.48816347
vt 0.23907308 0.53920877
vt 0.17496909 0.53757519
vt 0.14760384 0.53622055
vt 0.13096665 0.53435421
vt 0.55642688 0.54747635
vt 0.54636514 0.55561614
vt 0.50643408 0.55554837
vt 0.45744792 0.54727018
vt 0.45140800 0.55442524
vt 0.39737594 0.55043137
vt 0.74083096 0.33330786
vt 0.77576691 0.33628362
vt 0.81322432 0.34171617
vt 0.84433615 0.51970887
vt 0.10425477 0.36493123
vt 0.09603597 0.38744617
vt 0.09885573 0.37381041
vt 0.44021055 0.32428235
vt 0.39768389 0.32391983
vt 0.84784597 0.35703778
vt 0.08901746 0.42436522
vt 0.09155932 0.45695353
vt 0.08858743 0.40433598
vt 0.55995923 0.33053315
vt 0.11432490 0.52371889
vt 0.59228504 0.55616939
vt 0.61335593 0.55627406
vt 0.64232516 0.55404878
vt 0.82565475 0.53408051
vt 0.83355886 0.53465348
vt 0.10326051 0.50544411
vt 0.37038079 0.55056816
vt 0.52600813 0.31982994
vt 0.61089754 0.32495493
vt 0.55933559 0.32005620
vt 0.47284240 0.31519747
vt 0.51430613 0.31497759
vt 0.15011267 0.32795906
vt 0.74164766 0.54561174
vt 0.78551340 0.54293364
vt 0.81236058 0.54377770
vt 0.80225682 0.33095205
vt 0.81303716 0.33157921
vt 0.13069306 0.32659715
vt 0.11565075 0.33560205
vt 0.83585459 0.34601152
vt 0.10297988 0.34818393
vt 0.67437297 0.55433375
vt 0.71156389 0.55479383
vt 0.26237893 0.32570970
vt 0.22328389 0.32511264
vt 0.31524515 0.32521200
vt 0.35412014 0.32412148
vt 0.08742773 0.44588161
vt 0.85596555 0.48439813
vt 0.44761980 0.31453896
vt 0.42859194 0.31491101
vt 0.81936520 0.33289784
vt 0.08778669 0.47072995
vt 0.85689139 0.39978641
vt 0.81849146 0.54515976
vt 0.82950461 0.54522055
vt 0.61794877 0.31978178
vt 0.57411689 0.31639898
vt 0.68026239 0.32631826
vt 0.65533388 0.32094800
vt 0.10559008 0.52540994
vt 0.09667704 0.51312983
vt 0.12617937 0.53819865
vt 0.11446700 0.53440171
vt 0.09176676 0.36670303
vt 0.13373598 0.54195964
vt 0.09170619 0.50353622
vt 0.76317006 0.32672179
vt 0.73348725 0.32782030
vt 0.14344656 0.32259166
vt 0.21077588 0.32008207
vt 0.16330615 0.32068825
vt 0.78352749 0.54929066
vt 0.81219780 0.54966384
vt 0.75742877 0.55005914
vt 0.72447419 0.55685478
vt 0.08565363 0.38517231
vt 0.39200354 0.31510812
vt 0.36703837 0.31533146
vt 0.30010712 0.32152164
vt 0.27552548 0.31606436
vt 0.31621388 0.31606162
vt 0.86026299 0.37969184
vt 0.08637260 0.48818088
vt 0.83624506 0.33440590
vt 0.84546077 0.53194785
vt 0.83474517 0.54609728
vt 0.64248735 0.55636531
vt 0.63223100 0.31672812
vt 0.07938866 0.45267260
vt 0.08244570 0.47054124
vt 0.34448051 0.55233252
vt 0.27746654 0.55124110
vt 0.31449106 0.55190146
vt 0.16407904 0.54649740
vt 0.19625917 0.54700971
vt 0.24169140 0.55024481
vt 0.42495191 0.55422592
vt 0.74297810 0.55879384
vt 0.77864850 0.55825138
vt 0.81179523 0.55474305
vt 0.85835075 0.50068188
vt 0.07909731 0.42769349
vt 0.08082305 0.40572500
vt 0.84827018 0.34825349
vt 0.85776561 0.35812449
vt 0.85805231 0.51103556
vt 0.85653782 0.52032828
vt 0.38473454 0.55423754
vt 0.68106312 0.55672675
vt 0.86563748 0.44010448
vt 0.86468828 0.39839810
vt 0.86592180 0.41910410
vt 0.86562735 0.46148950
vt 0.10785986 0.33592701
vt 0.57906538 0.31322610
vt 0.53001153 0.31027341
vt 0.50929952 0.31113994
vt 0.67631167 0.31784081
vt 0.70085186 0.32241666
vt 0.74747264 0.32031876
vt 0.11678629 0.32724667
vt 0.22247675 0.31560016
vt 0.84520179 0.54599833
vt 0.86445332 0.48437959
vt 0.78380978 0.32650781
vt 0.63468039 0.30979025
vt 0.68024230 0.31024075
vt 0.70449573 0.31358987
vt 0.84816062 0.33449227
vt 0.17338894 0.31309003
vt 0.10947365 0.32656169
vt 0.81946951 0.55748552
vt 0.13417828 0.31638896
vt 0.49624097 0.56483144
vt 0.59345025 0.56600004
vt 0.62215716 0.56627071
vt 0.53340036 0.56560922
vt 0.12016600 0.32065344
vt 0.09833393 0.33859795
vt 0.09045165 0.35086834
vt 0.48679477 0.31164265
vt 0.14812729 0.31364977
vt 0.81217378 0.55791563
vt 0.87175232 0.44008952
vt 0.87170064 0.41771317
vt 0.87124544 0.46154928
vt 0.10148757 0.33423662
vt 0.57630128 0.30699122
vt 0.54392529 0.30589944
vt 0.60884970 0.30661488
vt 0.45679012 0.56436783
vt 0.41537794 0.56080955
vt 0.28166273 0.31309497
vt 0.33583239 0.31375349
vt 0.10329697 0.53595275
vt 0.72521245 0.31159365
vt 0.12004792 0.54576975
vt 0.85750586 0.53255850
vt 0.84681648 0.53975099
vt 0.09822488 0.52909207
vt 0.83367747 0.55486244
vt 0.14547014 0.55065513
vt 0.16743477 0.55201280
vt 0.85926503 0.34863710
vt 0.86320919 0.35825062
vt 0.85274374 0.34433413
vt 0.87078226 0.38147020
vt 0.87489879 0.39773703
vt 0.86719424 0.36926651
vt 0.11165545 0.54249793
vt 0.21527030 0.31231904
vt 0.81517297 0.32086939
vt 0.86981040 0.49815643
vt 0.13005756 0.54951215
vt 0.09222570 0.52219599
vt 0.08421323 0.36368591
vt 0.67111290 0.56949776
vt 0.74143779 0.31271195
vt 0.75700164 0.31571865
vt 0.86783671 0.50990951
vt 0.87339598 0.48584598
vt 0.86130977 0.52161294
vt 0.82002640 0.31984591
vt 0.83652282 0.32646954
vt 0.08629600 0.51187164
vt 0.08258438 0.50163037
vt 0.60523760 0.57049608
vt 0.68264711 0.56918937
vt 0.69622755 0.56823897
vt 0.07958217 0.37555438
vt 0.70206434 0.31048071
vt 0.87630594 0.43923008
vt 0.87675411 0.41684890
vt 0.87614751 0.46149600
vt 0.07647938 0.39165550
vt 0.07225796 0.43380427
vt 0.67990398 0.30844808
vt 0.07276958 0.41194725
vt 0.39103445 0.30907148
vt 0.44266272 0.30309325
vt 0.41678217 0.30538815
vt 0.42928055 0.56612015
vt 0.41292039 0.56523967
vt 0.38428351 0.56292528
vt 0.53786302 0.56924510
vt 0.07799029 0.48787951
vt 0.07521292 0.47231251
vt 0.85751224 0.54582810
vt 0.35314432 0.56147468
vt 0.25771561 0.55780029
vt 0.31115469 0.55861747
vt 0.83385336 0.55960971
vt 0.63109434 0.57041883
vt 0.51711327 0.30532324
vt 0.46832389 0.30387592
vt 0.49213859 0.30460036
vt 0.12207814 0.31171089
vt 0.71910208 0.56770217
vt 0.73480159 0.56531537
vt 0.83652937 0.31874597
vt 0.51038206 0.56809080
vt 0.47613564 0.56770998
vt 0.87621766 0.36938047
vt 0.87836808 0.38065243
vt 0.63941050 0.30724484
vt 0.07211559 0.45525658
vt 0.11395080 0.31519306
vt 0.36752921 0.30892932
vt 0.87434590 0.35877842
vt 0.76396155 0.56055230
vt 0.78415328 0.30871737
vt 0.81597561 0.31316203
vt 0.84313607 0.55845851
vt 0.11218359 0.55115992
vt 0.12070260 0.55369401
vt 0.32676911 0.30895567
vt 0.28385741 0.30890274
vt 0.25153735 0.30854148
vt 0.09755465 0.32692194
vt 0.85798794 0.33343351
vt 0.87331080 0.51993227
vt 0.10665005 0.31943697
vt 0.87743294 0.50164962
vt 0.87617260 0.51075071
vt 0.13472649 0.30912793
vt 0.36904663 0.30165768
vt 0.41183570 0.30056363
vt 0.33229479 0.30186349
vt 0.29192731 0.30269730
vt 0.59041697 0.30445278
vt 0.45281854 0.56784850
vt 0.75247329 0.30847418
vt 0.08988636 0.33674669
vt 0.16505949 0.30587131
vt 0.14293423 0.30627322
vt 0.22066668 0.30319273
vt 0.26264924 0.30271494
vt 0.82358611 0.56324494
vt 0.84921861 0.32589138
vt 0.10357931 0.54645765
vt 0.86282122 0.34328127
vt 0.27132848 0.56531066
vt 0.33194977 0.56625950
vt 0.36351424 0.56747031
vt 0.38412297 0.56851387
vt 0.41490906 0.57234240
vt 0.84678417 0.55284506
vt 0.09155091 0.53472847
vt 0.09674340 0.53995860
vt 0.86961645 0.52816540
vt 0.86123192 0.53806174
vt 0.88081765 0.48553896
vt 0.81378639 0.56881094
vt 0.77844131 0.57116598
vt 0.22851075 0.56345195
vt 0.17055053 0.56127739
vt 0.88144714 0.39680159
vt 0.08352979 0.34786916
vt 0.07902776 0.35619074
vt 0.14691421 0.55902135
vt 0.12918545 0.55657923
vt 0.74707955 0.57073015
vt 0.86954427 0.35266721
vt 0.07585835 0.36546147
vt 0.88381928 0.46159387
vt 0.88497388 0.44087458
vt 0.88343179 0.41290605
vt 0.06961284 0.47925913
vt 0.07211623 0.37749290
vt 0.07005356 0.38710344
vt 0.06800388 0.39886642
vt 0.54495585 0.30408233
vt 0.08539397 0.52452183
vt 0.43725619 0.57387400
vt 0.61609644 0.30529690
vt 0.80754995 0.30583268
vt 0.07403768 0.49889827
vt 0.57991117 0.57146972
vt 0.54463965 0.57127887
vt 0.84743297 0.56019121
vt 0.07866741 0.51182818
vt 0.81802338 0.30600595
vt 0.83716631 0.31292892
vt 0.83332044 0.57041276
vt 0.81542730 0.57287592
vt 0.85047674 0.31803024
vt 0.06573156 0.41541070
vt 0.06490548 0.43225348
vt 0.74076843 0.30655861
vt 0.46715230 0.57558531
vt 0.06558187 0.45516860
vt 0.85858685 0.55510348
vt 0.48150277 0.29718888
vt 0.44271493 0.29692900
vt 0.52651954 0.29841113
vt 0.49664456 0.57621825
vt 0.52620351 0.57374334
vt 0.87264663 0.53292221
vt 0.84635836 0.56487924
vt 0.83397633 0.57294685
vt 0.78119892 0.57399082
vt 0.86074430 0.32720047
vt 0.73011607 0.57139927
vt 0.86210448 0.54739368
vt 0.86493832 0.33202243
vt 0.87560028 0.34929299
vt 0.11223461 0.30943501
vt 0.70088494 0.57175803
vt 0.83750451 0.30551702
vt 0.17646559 0.30362654
vt 0.88912350 0.39971232
vt 0.88924509 0.41954386
vt 0.78708833 0.30529636
vt 0.75340921 0.30483705
vt 0.85974640 0.56082368
vt 0.13065428 0.30275655
vt 0.41044021 0.29377735
vt 0.44013962 0.29229510
vt 0.38206455 0.29557264
vt 0.36795947 0.29885393
vt 0.70822221 0.30611235
vt 0.69056165 0.30575043
vt 0.88785923 0.48343170
vt 0.88666779 0.49377131
vt 0.10147905 0.31529438
vt 0.86281580 0.31765115
vt 0.87899131 0.52094746
vt 0.88051832 0.35953188
vt 0.65471959 0.30611479
vt 0.88763440 0.38134825
vt 0.84636933 0.57153511
vt 0.17180432 0.29969043
vt 0.21321823 0.29869264
vt 0.12043754 0.30543327
vt 0.53943080 0.57737523
vt 0.56860024 0.57742232
vt 0.11166032 0.55770975
vt 0.09067958 0.32519490
vt 0.14240481 0.30153334
vt 0.27066308 0.29864717
vt 0.34194541 0.29907155
vt 0.30002341 0.29881418
vt 0.88191193 0.51019973
vt 0.12584503 0.56227899
vt 0.88865668 0.46256292
vt 0.10017978 0.55088419
vt 0.54578596 0.29774141
vt 0.56763136 0.29757470
vt 0.44660744 0.58046460
vt 0.41614911 0.57908231
vt 0.39232844 0.57505804
vt 0.14641726 0.56448364
vt 0.75375152 0.57581508
vt 0.87007165 0.54709947
vt 0.21122156 0.56799001
vt 0.27204347 0.57015210
vt 0.33223256 0.57115036
vt 0.17471927 0.56535560
vt 0.85159945 0.30513871
vt 0.48294261 0.29238093
vt 0.52116507 0.29278171
vt 0.09332753 0.54470187
vt 0.08316652 0.33654952
vt 0.88949144 0.44083047
vt 0.46880078 0.58115602
vt 0.51791513 0.58166641
vt 0.41261497 0.58287543
vt 0.89068431 0.36985153
vt 0.07582981 0.35000771
vt 0.82905310 0.30428106
vt 0.87750840 0.34016728
vt 0.87846637 0.33038545
vt 0.87030762 0.31733811
vt 0.06410284 0.38790584
vt 0.41657779 0.28737128
vt 0.43399689 0.28708792
vt 0.46636599 0.28732705
vt 0.38164946 0.57347870
vt 0.36539930 0.57309186
vt 0.06008346 0.44808018
vt 0.07094684 0.36132908
vt 0.06785666 0.37273097
vt 0.06281838 0.47462797
vt 0.06143704 0.46146929
vt 0.06579445 0.48828852
vt 0.08661496 0.53753680
vt 0.08172430 0.52882904
vt 0.06230729 0.39959657
vt 0.06038347 0.41702706
vt 0.05984920 0.42994237
vt 0.27498811 0.57490748
vt 0.10217208 0.30873823
vt 0.80667561 0.58028120
vt 0.78393042 0.58066559
vt 0.81717050 0.57993126
vt 0.83341849 0.57827705
vt 0.85069954 0.57324052
vt 0.85983598 0.57383358
vt 0.39491355 0.58135164
vt 0.88911355 0.50746089
vt 0.23995037 0.57397705
vt 0.21527094 0.57322133
vt 0.17561299 0.57183951
vt 0.61029327 0.57678109
vt 0.88482016 0.52208835
vt 0.87833136 0.53386950
vt 0.09286720 0.31631219
vt 0.33257985 0.57738417
vt 0.88566774 0.35862792
vt 0.06899380 0.50065994
vt 0.07334771 0.51393670
vt 0.60199195 0.29826033
vt 0.89099753 0.38091648
vt 0.14680026 0.29761147
vt 0.11087331 0.30401820
vt 0.11759176 0.30079556
vt 0.38568559 0.29081917
vt 0.86528081 0.30834264
vt 0.55739039 0.29332709
vt 0.61604047 0.29654801
vt 0.28259450 0.29231906
vt 0.36781025 0.29246294
vt 0.34342566 0.29240251
vt 0.87272078 0.56189120
vt 0.12903614 0.29808795
vt 0.81930506 0.29902941
vt 0.85649616 0.30334944
vt 0.21410428 0.29426444
vt 0.17449002 0.29465139
vt 0.82350242 0.29242337
vt 0.88173217 0.54903233
vt 0.87920707 0.55082661
vt 0.08598384 0.32363635
vt 0.86260134 0.56825107
vt 0.09441412 0.55222052
vt 0.10187258 0.55829108
vt 0.88977188 0.52320606
vt 0.88634431 0.53685373
vt 0.89208293 0.35725117
vt 0.88712054 0.34132332
vt 0.88201112 0.33039623
vt 0.07455088 0.52538532
vt 0.87941206 0.31659722
vt 0.07977001 0.33296967
vt 0.86665225 0.30305123
vt 0.89208293 0.48901665
vt 0.08822992 0.54688859
vt 0.08176254 0.53901500
vt 0.86689562 0.57651877
vt 0.87157446 0.30424476
vt 0.87856722 0.56394494
vt 0.87394822 0.57748789
vt 0.09525301 0.30817288
vt 0.88696194 0.32940501
vt 0.88355559 0.31279653
vt 0.87111300 0.29698420
vt 0.66001725 0.94591874
vt 0.63636655 0.95174599
vt 0.63694084 0.94611692
vt 0.66352248 0.95467627
vt 0.63671625 0.96193171
vt 0.66046935 0.96345657
vt 0.61429393 0.95510006
vt 0.61530793 0.94613773
vt 0.61360568 0.96759224
vt 0.63290060 0.96849298
vt 0.59797251 0.96308225
vt 0.59939706 0.95443088
vt 0.59774345 0.94428396
vt 0.68195158 0.94382834
vt 0.68121827 0.95605063
vt 0.69239825 0.94511276
vt 0.69382578 0.95364904
vt 0.70739400 0.94572097
vt 0.57506579 0.94634438
vt 0.57569116 0.95797962
vt 0.70702565 0.95463783
vt 0.69178349 0.96203804
vt 0.66315025 0.97008246
vt 0.68368679 0.96807170
vt 0.70592523 0.96744156
vt 0.59303987 0.97030407
vt 0.57469338 0.97075623
vt 0.56073743 0.94754452
vt 0.72209191 0.95557851
vt 0.72220242 0.94613791
vt 0.56211472 0.95970470
vt 0.54921627 0.95792317
vt 0.54839188 0.94660497
vt 0.58879739 0.94247311
vt 0.57466489 0.94288498
vt 0.55782998 0.94280493
vt 0.54801804 0.94288158
vt 0.61253238 0.94294858
vt 0.70871121 0.94264084
vt 0.68778396 0.94236445
vt 0.66126150 0.94256997
vt 0.64359981 0.94242978
vt 0.62328297 0.94128484
vt 0.55804455 0.97180879
vt 0.54826105 0.97075486
vt 0.66096854 0.94079959
vt 0.64396751 0.94095027
vt 0.72178775 0.96979910
vt 0.68399817 0.97116166
vt 0.61331278 0.97248834
vt 0.63312018 0.97105539
vt 0.71967578 0.94180197
vt 0.72334749 0.94366568
vt 0.65707159 0.97142863
vt 0.70794201 0.97109759
vt 0.57414746 0.94119108
vt 0.61014020 0.94116074
vt 0.55565763 0.94150943
vt 0.54044044 0.94089752
vt 0.53539473 0.94173658
vt 0.52868867 0.94624221
vt 0.52895528 0.95425642
vt 0.53592396 0.97095668
vt 0.52825564 0.97017282
vt 0.69452810 0.94094986
vt 0.66329980 0.94093364
vt 0.71726215 0.94071293
vt 0.73353887 0.94587511
vt 0.52600396 0.94281846
vt 0.73367190 0.95865542
vt 0.73558450 0.96946913
vt 0.55723500 0.94093251
vt 0.74478525 0.95965332
vt 0.74468619 0.94617313
vt 0.74103457 0.94364208
vt 0.73565257 0.94259053
vt 0.72592199 0.94246453
vt 0.73391330 0.94098091
vt 0.74590796 0.96938103
vt 0.63573915 0.97382241
vt 0.73784286 0.94187081
vt 0.74822116 0.94230390
vt 0.65997595 0.97398448
vt 0.68329382 0.97398168
vt 0.69842684 0.97598869
vt 0.51706266 0.95787883
vt 0.59454381 0.97425008
vt 0.75550497 0.95686358
vt 0.57435024 0.97563255
vt 0.75444525 0.94506454
vt 0.75115597 0.94141161
vt 0.52238989 0.94138008
vt 0.52005017 0.94257891
vt 0.51372874 0.94079971
vt 0.51260889 0.94225335
vt 0.50962138 0.95857704
vt 0.51389062 0.97124326
vt 0.50723797 0.96994722
vt 0.54930437 0.97412813
vt 0.76318926 0.96691221
vt 0.73254466 0.97321898
vt 0.56086600 0.97432709
vt 0.76007366 0.94162971
vt 0.76331645 0.95737892
vt 0.72223723 0.97563845
vt 0.76375091 0.94447577
vt 0.74563295 0.97328681
vt 0.50524223 0.94095665
vt 0.64228934 0.94098216
vt 0.52832115 0.97358173
vt 0.61611682 0.97772443
vt 0.66429543 0.97775829
vt 0.63769728 0.97749907
vt 0.76289243 0.97022700
vt 0.59375048 0.97741473
vt 0.50706112 0.95960557
vt 0.68623132 0.97806400
vt 0.61223221 0.94094032
vt 0.62188256 0.94096559
vt 0.75902122 0.97316009
vt 0.52751625 0.94075787
vt 0.61549485 0.93901312
vt 0.58919430 0.94082594
vt 0.59563583 0.93879133
vt 0.61395085 0.92721158
vt 0.64041966 0.93567300
vt 0.59360945 0.92797583
vt 0.63943517 0.93896651
vt 0.66049027 0.93894595
vt 0.67608464 0.93414122
vt 0.66221589 0.92545408
vt 0.63621795 0.92470086
vt 0.67841697 0.93871927
vt 0.69660586 0.93459064
vt 0.70634151 0.94028640
vt 0.57585305 0.93465829
vt 0.56798822 0.94046783
vt 0.69592768 0.92452943
vt 0.67903620 0.92112464
vt 0.66604251 0.92089438
vt 0.60769439 0.92102814
vt 0.63587308 0.92043591
vt 0.71958411 0.93071175
vt 0.72012353 0.93926519
vt 0.57387727 0.92594683
vt 0.55791229 0.93948936
vt 0.59311926 0.92108488
vt 0.55023468 0.93271327
vt 0.55320174 0.93867463
vt 0.54114783 0.94026154
vt 0.70223343 0.92288232
vt 0.71961480 0.92442846
vt 0.55072367 0.92758840
vt 0.69798815 0.92099619
vt 0.72831535 0.93155110
vt 0.73547292 0.93959498
vt 0.57538289 0.92090023
vt 0.56261116 0.92169088
vt 0.68531883 0.94051534
vt 0.52787173 0.93551701
vt 0.53174734 0.94001561
vt 0.52603322 0.93987745
vt 0.73146522 0.92675960
vt 0.55067229 0.92190909
vt 0.74384290 0.93729746
vt 0.74334365 0.93971133
vt 0.75268817 0.93925637
vt 0.54342949 0.92499620
vt 0.52681333 0.92968607
vt 0.74363613 0.92941326
vt 0.73141253 0.92390537
vt 0.71876186 0.92191738
vt 0.75580561 0.93624979
vt 0.66391128 0.91790551
vt 0.74281752 0.92459303
vt 0.76062530 0.93888110
vt 0.68047905 0.91691393
vt 0.52252942 0.93413216
vt 0.52096552 0.93874037
vt 0.51377732 0.93956381
vt 0.72500998 0.94009745
vt 0.63838583 0.91034245
vt 0.61458701 0.91112012
vt 0.60259086 0.91123360
vt 0.52854526 0.92443496
vt 0.53872776 0.92132401
vt 0.51347363 0.93330014
vt 0.59201974 0.91182458
vt 0.66627574 0.91028357
vt 0.75914896 0.93195170
vt 0.57405704 0.91146213
vt 0.69527733 0.91144925
vt 0.70500618 0.91168410
vt 0.52228004 0.92493629
vt 0.52578986 0.92189556
vt 0.68052304 0.90738595
vt 0.50654805 0.93945235
vt 0.71942681 0.91607815
vt 0.57836020 0.97861993
vt 0.65507293 0.90586019
vt 0.55172282 0.97755080
vt 0.54151076 0.97927088
vt 0.50767612 0.93433368
vt 0.55184519 0.91225123
vt 0.59139848 0.90769863
vt 0.60913694 0.90605491
vt 0.63699740 0.90546161
vt 0.74892068 0.92377514
vt 0.73752201 0.97612810
vt 0.76834929 0.94174337
vt 0.56282663 0.90829468
vt 0.66722554 0.97938138
vt 0.50764203 0.97203684
vt 0.50707883 0.94048560
vt 0.50904822 0.92895842
vt 0.60569817 0.97973788
vt 0.75918740 0.92488748
vt 0.72000116 0.91004062
vt 0.69604743 0.90518200
vt 0.70614672 0.90482098
vt 0.73383772 0.91860819
vt 0.57433599 0.90693980
vt 0.76724392 0.93861866
vt 0.63033384 0.97998148
vt 0.74691910 0.94073361
vt 0.76630521 0.95978534
vt 0.56065071 0.97949255
vt 0.71112108 0.97718590
vt 0.52503294 0.97830153
vt 0.54471773 0.90942144
vt 0.55124009 0.90657234
vt 0.74477780 0.91929406
vt 0.76378983 0.93121499
vt 0.51369840 0.97762793
vt 0.75036943 0.97580010
vt 0.51857841 0.92142111
vt 0.71934879 0.90463960
vt 0.73270458 0.90978855
vt 0.75937837 0.92137545
vt 0.77426332 0.93431479
vt 0.77627033 0.95910966
vt 0.77440119 0.96707469
vt 0.76762718 0.97177815
vt 0.57444799 0.98031133
vt 0.76160145 0.97504246
vt 0.77634454 0.93800664
vt 0.77713668 0.94278002
vt 0.76616389 0.94018877
vt 0.50864810 0.92112285
vt 0.57595134 0.90374982
vt 0.77223003 0.94064444
vt 0.67386013 0.90172738
vt 0.65748250 0.90129787
vt 0.50064939 0.95848155
vt 0.74647719 0.91293830
vt 0.59350193 0.90221608
vt 0.68465692 0.90113783
vt 0.50752139 0.92522776
vt 0.49928206 0.93569452
vt 0.56339681 0.90256238
vt 0.70775896 0.97927207
vt 0.49491066 0.97022557
vt 0.52415466 0.91533697
vt 0.77431190 0.92683017
vt 0.62702882 0.90061736
vt 0.78002584 0.96529281
vt 0.77920645 0.97019964
vt 0.69438243 0.98031133
vt 0.50125504 0.93952858
vt 0.49788138 0.93912369
vt 0.49768171 0.94208211
vt 0.49088436 0.95973557
vt 0.49168828 0.94575661
vt 0.49809048 0.92918646
vt 0.57462096 0.90094554
vt 0.48760250 0.94181806
vt 0.78169107 0.94474226
vt 0.73366570 0.90577543
vt 0.75986874 0.91734731
vt 0.49567479 0.97227472
vt 0.49039745 0.93468982
vt 0.48918959 0.93870717
vt 0.52350342 0.91120547
vt 0.53456295 0.90723741
vt 0.49055576 0.97106880
vt 0.77623820 0.97439051
vt 0.72470784 0.97944504
vt 0.48748779 0.95744997
vt 0.77649766 0.94057947
vt 0.78275210 0.94036639
vt 0.70373559 0.90083945
vt 0.63564950 0.89649642
vt 0.61387324 0.89659297
vt 0.74695790 0.90626031
vt 0.78042728 0.93401873
vt 0.49614459 0.92387879
vt 0.50715894 0.91590339
vt 0.67935091 0.89651251
vt 0.65791082 0.89606225
vt 0.77331543 0.91897124
vt 0.59361148 0.89724052
vt 0.49058816 0.92983180
vt 0.50693917 0.97844619
vt 0.76738667 0.97526062
vt 0.75881624 0.94044167
vt 0.49015948 0.93972462
vt 0.49546787 0.94007385
vt 0.76188195 0.91021121
vt 0.50849843 0.91054386
vt 0.52242863 0.90639251
vt 0.49738589 0.92037451
vt 0.49481690 0.97856748
vt 0.77606922 0.91339964
vt 0.49317107 0.91098875
vt 0.48687571 0.91478014
vt 0.48491988 0.93967110
vt 0.66047269 0.15626693
vt 0.66580534 0.16675657
vt 0.67505795 0.14839220
vt 0.68642402 0.15881133
vt 0.67894530 0.17347348
vt 0.68910760 0.16783077
vt 0.66607791 0.17590541
vt 0.65940249 0.14295495
vt 0.66477418 0.13454103
vt 0.68149763 0.14202875
vt 0.65361375 0.16930592
vt 0.64708668 0.14974803
vt 0.65382576 0.13749003
vt 0.69053942 0.15524518
vt 0.64281839 0.16501963
vt 0.65078110 0.17478871
vt 0.64654773 0.17285401
vt 0.65364051 0.17855078
vt 0.67827964 0.17986506
vt 0.67087322 0.18083513
vt 0.64553392 0.14246219
vt 0.68559980 0.17601764
vt 0.69243258 0.16416311
vt 0.67450327 0.13366246
vt 0.64202601 0.15044910
vt 0.68949914 0.14775932
vt 0.65906870 0.13187730
vt 0.66196603 0.18241590
vt 0.68100458 0.13771856
vt 0.68674850 0.14184415
vt 0.64790684 0.13828588
vt 0.66770566 0.13167870
vt 0.65380776 0.13274366
vt 0.64031821 0.15901625
vt 0.69315147 0.15540582
vt 0.69100177 0.17131865
vt 0.67245013 0.18297625
vt 0.65623331 0.18354893
vt 0.66210008 0.12785566
vt 0.67102736 0.12885380
vt 0.64889467 0.18072617
vt 0.69231766 0.14497036
vt 0.67830318 0.13081694
vt 0.68592060 0.13632631
vt 0.63950348 0.14456910
vt 0.68341148 0.18246400
vt 0.69588363 0.15492201
vt 0.69573104 0.16225493
vt 0.69672495 0.16738582
vt 0.65422404 0.12903363
vt 0.63854855 0.14985466
vt 0.64349735 0.13814384
vt 0.64755338 0.13371462
vt 0.68814284 0.17895889
vt 0.69250655 0.17541564
vt 0.66814810 0.12585115
vt 0.69698399 0.14858186
vt 0.66208035 0.12408423
vt 0.66506463 0.19356334
vt 0.66183960 0.19731188
vt 0.66837656 0.19783938
vt 0.67133039 0.19416475
vt 0.65612686 0.19437099
vt 0.66218078 0.20274860
vt 0.66894287 0.20276189
vt 0.65155989 0.20087928
vt 0.64688325 0.19397503
vt 0.67777252 0.20375454
vt 0.64343309 0.19898105
vt 0.65216893 0.19039816
vt 0.64802319 0.19140255
vt 0.65973073 0.19037241
vt 0.67643672 0.20161420
vt 0.67568803 0.19711918
vt 0.67224878 0.19027627
vt 0.67866552 0.19153500
vt 0.66260499 0.18572724
vt 0.66924781 0.18589115
vt 0.67505825 0.18499184
vt 0.68538028 0.18913704
vt 0.68142426 0.19463414
vt 0.68687201 0.19252646
vt 0.68332797 0.19943535
vt 0.68982840 0.18693066
vt 0.68925697 0.19569522
vt 0.68959075 0.19761562
vt 0.69510382 0.19440186
vt 0.69237870 0.18971658
vt 0.69426048 0.18286514
vt 0.69698399 0.18670338
vt 0.65171045 0.20192629
vt 0.75199562 0.85150194
vt 0.68314379 0.84958088
vt 0.73777372 0.84706366
vt 0.68353498 0.84709918
vt 0.75514489 0.84878266
vt 0.72433048 0.85302198
vt 0.68188149 0.85266966
vt 0.64740735 0.84953362
vt 0.76368052 0.85071141
vt 0.71098125 0.84554744
vt 0.25315243 0.83713311
vt 0.29918399 0.84151232
vt 0.28259614 0.84248704
vt 0.25328076 0.84299129
vt 0.27663469 0.84461868
vt 0.30887997 0.84365731
vt 0.22373563 0.83562368
vt 0.30861562 0.84945041
vt 0.33243129 0.85026979
vt 0.34315509 0.84555900
vt 0.32646856 0.84291434
vt 0.37408626 0.84472871
vt 0.35792434 0.85132200
vt 0.40590471 0.84598023
vt 0.41811967 0.84944254
vt 0.40376589 0.85302198
vt 0.44299775 0.84681267
vt 0.28573903 0.84801465
vt 0.22892295 0.84256667
vt 0.21988010 0.83907211
vt 0.20903270 0.83507502
vt 0.19291741 0.83696336
vt 0.19039492 0.83498377
vt 0.20315659 0.83201188
vt 0.19137602 0.83150792
vt 0.17164697 0.83029217
vt 0.22246328 0.83431888
vt 0.16561781 0.83235717
vt 0.15498619 0.82988673
vt 0.16196387 0.82713681
vt 0.13967769 0.82572949
vt 0.14513789 0.82326770
vt 0.12422514 0.82216144
vt 0.11809366 0.82502133
vt 0.09899071 0.82089019
vt 0.11493795 0.81878877
vt 0.09238566 0.81729233
vt 0.07647317 0.81813592
vt 0.07970472 0.81376368
vt 0.06272700 0.81173861
vt 0.05466445 0.81420749
vt 0.09535719 0.82246584
vt 0.11664391 0.82604200
vt 0.06959294 0.81881964
vt 0.08300029 0.82271916
vt 0.14819427 0.83258575
vt 0.18047926 0.83727109
vt 0.12987350 0.82898986
vt 0.27739397 0.84861732
vt 0.25632921 0.84590906
vt 0.21365902 0.84146798
vt 0.15897180 0.83326519
vt 0.05918935 0.81975573
vt 0.04890920 0.81458980
vt 0.10623765 0.82760400
vt 0.04968128 0.81898928
vt 0.19476256 0.83884037
vt 0.09773877 0.82699805
vt 0.04034606 0.81491786
vt 0.07641742 0.82350278
vt 0.77244228 0.84801227
vt 0.76786977 0.84479475
vt 0.75774270 0.84307528
vt 0.76683670 0.83546937
vt 0.75482571 0.83793867
vt 0.77866709 0.83517426
vt 0.78154939 0.84432274
vt 0.78839523 0.83473432
vt 0.78611612 0.82929754
vt 0.77234107 0.83227730
vt 0.75686848 0.83506441
vt 0.74409288 0.84158170
vt 0.73945433 0.83556372
vt 0.72906995 0.84014863
vt 0.72282529 0.83646131
vt 0.70679373 0.83910310
vt 0.67549139 0.84393901
vt 0.68373954 0.83853495
vt 0.68001598 0.83524430
vt 0.65763408 0.84460163
vt 0.65050393 0.84751511
vt 0.62495905 0.84334970
vt 0.65519899 0.83509517
vt 0.59105831 0.84546244
vt 0.63163835 0.83441329
vt 0.59734720 0.84124655
vt 0.61409241 0.83317041
vt 0.59730458 0.83368504
vt 0.60334057 0.83167320
vt 0.75699818 0.82868034
vt 0.72146285 0.83298743
vt 0.72694492 0.81826198
vt 0.75570315 0.82021153
vt 0.70053250 0.82412767
vt 0.68872786 0.83108753
vt 0.65706944 0.82574093
vt 0.63386303 0.82899320
vt 0.62863505 0.82554173
vt 0.64644480 0.81595957
vt 0.60133535 0.81412822
vt 0.62840271 0.81517196
vt 0.60379380 0.82413107
vt 0.58075505 0.81810659
vt 0.69272989 0.81762177
vt 0.57698864 0.82886600
vt 0.54640293 0.82680476
vt 0.56061965 0.81197774
vt 0.52966762 0.82441890
vt 0.50697666 0.82422310
vt 0.51186663 0.82055825
vt 0.52620000 0.81849778
vt 0.49359804 0.82045984
vt 0.55071127 0.80893320
vt 0.53387481 0.80528343
vt 0.47578070 0.82138622
vt 0.51882952 0.81254452
vt 0.52245623 0.80267471
vt 0.44949266 0.81810004
vt 0.45161694 0.82019645
vt 0.41978028 0.81898242
vt 0.43465430 0.82931995
vt 0.39340883 0.82655376
vt 0.39013004 0.81607234
vt 0.35756919 0.82347661
vt 0.34680349 0.81775177
vt 0.33959973 0.81363982
vt 0.32177505 0.82188189
vt 0.28481641 0.81762403
vt 0.28861961 0.81151068
vt 0.25998205 0.80968422
vt 0.25859192 0.81814981
vt 0.25053144 0.80956048
vt 0.23289762 0.81682795
vt 0.22629815 0.81155884
vt 0.21021457 0.80798644
vt 0.20156457 0.81416166
vt 0.18419966 0.80962706
vt 0.18155856 0.81399620
vt 0.16758053 0.81098914
vt 0.14939693 0.81098336
vt 0.13711347 0.80780607
vt 0.11067822 0.80769962
vt 0.11368540 0.80298561
vt 0.07965007 0.80916148
vt 0.06806193 0.79897153
vt 0.06471902 0.80768675
vt 0.09772059 0.81468052
vt 0.09750385 0.79934525
vt 0.04816716 0.80386156
vt 0.05330307 0.79382473
vt 0.08357636 0.79665458
vt 0.12784804 0.81804436
vt 0.15956241 0.82223767
vt 0.19875856 0.81906635
vt 0.03570040 0.79929698
vt 0.29759702 0.82261616
vt 0.26633894 0.82174110
vt 0.23776263 0.82435566
vt 0.28043094 0.82906747
vt 0.03352204 0.79322946
vt 0.04186771 0.78787100
vt 0.46595585 0.83166218
vt 0.55512667 0.83212382
vt 0.55083966 0.83928233
vt 0.51562083 0.83145338
vt 0.51431543 0.83845830
vt 0.54757071 0.84676158
vt 0.56670153 0.84428984
vt 0.57173538 0.84786123
vt 0.54889888 0.84849232
vt 0.50819284 0.84738243
vt 0.50460577 0.84494871
vt 0.45478669 0.84554291
vt 0.46373317 0.84287792
vt 0.42728353 0.83945394
vt 0.43783432 0.84476531
vt 0.17560989 0.82783663
vt 0.18869317 0.82452470
vt 0.35916924 0.82944137
vt 0.30026302 0.83443737
vt 0.32939786 0.83493054
vt 0.39808321 0.83111984
vt 0.39523169 0.83964169
vt 0.35190746 0.83790338
vt 0.50772977 0.81304890
vt 0.51047111 0.80818224
vt 0.51405483 0.79928410
vt 0.03063148 0.78247863
vt 0.77309501 0.82179797
vt 0.23769481 0.82975477
vt 0.23794766 0.83434176
vt 0.19074211 0.82865030
vt 0.31280625 0.83640498
vt 0.76004529 0.80810696
vt 0.77548891 0.81090701
vt 0.32598573 0.83929175
vt 0.33328420 0.83764225
vt 0.27884835 0.83620250
vt 0.29277283 0.83880764
vt 0.78594488 0.81249070
vt 0.39666331 0.84339952
vt 0.32953626 0.84058964
vt 0.31837925 0.84017533
vt 0.78822494 0.79193991
vt 0.60156626 0.84788579
vt 0.79752576 0.81186795
vt 0.80586940 0.79062730
vt 0.15073830 0.80286014
vt 0.14834152 0.80476487
vt 0.16755636 0.80611390
vt 0.80153245 0.80655056
vt 0.79427391 0.82528102
vt 0.70664340 0.83416700
vt 0.50935477 0.80283266
vt 0.50439775 0.80841547
vt 0.51116639 0.79653722
vt 0.51160336 0.79375118
vt 0.50934237 0.79445148
vt 0.50442392 0.78618830
vt 0.50049073 0.77923924
vt 0.49958548 0.77426738
vt 0.80052215 0.81837922
vt 0.79312915 0.83690155
vt 0.81354469 0.79457515
vt 0.81135666 0.78585625
vt 0.80844247 0.81191808
vt 0.79956025 0.82932550
vt 0.80347168 0.82337219
vt 0.81762487 0.77889764
vt 0.78581291 0.84602439
vt 0.80449319 0.82841849
vt 0.80113399 0.83276731
vt 0.81300998 0.80712974
vt 0.80872869 0.81857663
vt 0.78978091 0.84580112
vt 0.79634160 0.83975571
vt 0.46264759 0.84742153
vt 0.26452607 0.19999695
vt 0.25882509 0.21330285
vt 0.26970211 0.21262550
vt 0.25529954 0.20120275
vt 0.25176072 0.21063066
vt 0.26194805 0.22642344
vt 0.25219840 0.22504532
vt 0.27261561 0.22550434
vt 0.27753118 0.20574540
vt 0.27769676 0.22016764
vt 0.26650545 0.19241107
vt 0.25444442 0.19223303
vt 0.27723053 0.19595754
vt 0.26923886 0.23025256
vt 0.25822285 0.23032975
vt 0.24997415 0.19927680
vt 0.26986036 0.18983418
vt 0.27552631 0.22713298
vt 0.25957826 0.18668902
vt 0.24622080 0.21300256
vt 0.24624680 0.20219690
vt 0.26769704 0.18600708
vt 0.24682471 0.22181892
vt 0.24713877 0.19468397
vt 0.28071555 0.21955156
vt 0.28284895 0.21214968
vt 0.28064749 0.19726354
vt 0.28279817 0.20639670
vt 0.27971259 0.22528708
vt 0.27891657 0.19108403
vt 0.27481270 0.18737984
vt 0.25048292 0.19058836
vt 0.25463396 0.18715477
vt 0.26603603 0.23376709
vt 0.25944459 0.23338974
vt 0.25314301 0.23186064
vt 0.26961377 0.23458642
vt 0.27628806 0.23156869
vt 0.24934964 0.22816551
vt 0.26304469 0.18406391
vt 0.25649121 0.23543584
vt 0.26189399 0.23580587
vt 0.27306995 0.23508614
vt 0.24363808 0.21397316
vt 0.26669499 0.18306506
vt 0.24373966 0.20055175
vt 0.25242630 0.18582070
vt 0.24553847 0.19266808
vt 0.24842767 0.18882990
vt 0.27316242 0.18513656
vt 0.28128085 0.22690773
vt 0.25982580 0.18177652
vt 0.27710629 0.18623662
vt 0.28322336 0.19590247
vt 0.28322336 0.21967685
vt 0.28080383 0.19024354
vt 0.15412191 0.97579163
vt 0.14492896 0.97639853
vt 0.12600711 0.97375566
vt 0.13324343 0.97565949
vt 0.15722671 0.97745937
vt 0.12347176 0.97491699
vt 0.16447453 0.97594255
vt 0.11882757 0.97206962
vt 0.16978534 0.97853935
vt 0.17962492 0.97674716
vt 0.11776340 0.97541279
vt 0.11443111 0.97377276
vt 0.10883629 0.97553396
vt 0.10430051 0.97364140
vt 0.17968190 0.97960287
vt 0.10541445 0.97686446
vt 0.10073174 0.97790211
vt 0.09543552 0.97928238
vt 0.09738379 0.98045141
vt 0.09432935 0.98458749
vt 0.18761845 0.97981548
vt 0.18282290 0.98096931
vt 0.18809362 0.98277646
vt 0.09095193 0.98946887
vt 0.19199306 0.98277682
vt 0.19368520 0.98578060
vt 0.17831543 0.98268086
vt 0.16925374 0.98176974
vt 0.10932632 0.97767848
vt 0.17934056 0.98746789
vt 0.17589903 0.98946887
vt 0.12423944 0.97773749
vt 0.11820590 0.97763395
vt 0.16935559 0.98643166
vt 0.15458526 0.98510617
vt 0.14289273 0.98419327
vt 0.13176726 0.98326170
vt 0.01788637 0.41114438
vt 0.02551919 0.42450410
vt 0.02324266 0.41215289
vt 0.01802580 0.42376179
vt 0.01338606 0.42008400
vt 0.02618760 0.41222847
vt 0.01658783 0.43328047
vt 0.01249091 0.42942250
vt 0.02608499 0.43458533
vt 0.02276544 0.40053701
vt 0.02585278 0.39939141
vt 0.01389288 0.39431453
vt 0.01392485 0.39111793
vt 0.01392332 0.40904069
vt 0.01096726 0.41715443
vt 0.02303287 0.39290667
vt 0.02265299 0.38303965
vt 0.02563576 0.38680029
vt 0.02433427 0.37974536
vt 0.01413044 0.38078475
vt 0.01486266 0.37210929
vt 0.02353671 0.37249464
vt 0.01141889 0.38874298
vt 0.02599366 0.37562549
vt 0.01105758 0.40680122
vt 0.02466200 0.44013959
vt 0.01537742 0.44146240
vt 0.01181989 0.43699968
vt 0.02686145 0.42418504
vt 0.01151146 0.37993926
vt 0.01001665 0.39323372
vt 0.02627362 0.38245696
vt 0.00960166 0.42743158
vt 0.02574133 0.43989718
vt 0.02455910 0.37097073
vt 0.01497573 0.36647749
vt 0.02040510 0.36601925
vt 0.01543048 0.35870761
vt 0.02002715 0.35832620
vt 0.01769461 0.35537434
vt 0.02489749 0.36770856
vt 0.02333672 0.35929221
vt 0.01999603 0.35434449
vt 0.01642787 0.35398102
vt 0.01598361 0.34624749
vt 0.01265220 0.36941290
vt 0.01978925 0.34766990
vt 0.02262716 0.34930730
vt 0.02390595 0.35636246
vt 0.01783321 0.34165215
vt 0.01556255 0.33114618
vt 0.00964906 0.44381362
vt 0.00939164 0.41997147
vt 0.02366968 0.44571340
vt 0.00940201 0.43604004
vt 0.01097221 0.37066793
vt 0.02488276 0.44687510
vt 0.01399814 0.44980299
vt 0.00837031 0.40249032
vt 0.02686145 0.36739898
vt 0.00917873 0.44861615
vt 0.01232936 0.36223710
vt 0.02273647 0.45048952
vt 0.02413969 0.45131052
vt 0.00805255 0.38936281
vt 0.00706880 0.41093183
vt 0.01409804 0.32932436
vt 0.01437698 0.30709839
vt 0.01287175 0.31317246
vt 0.01391156 0.34849060
vt 0.00969922 0.31488514
vt 0.00757117 0.29258239
vt 0.01005331 0.29368079
vt 0.01248127 0.45324826
vt 0.02252588 0.45627272
vt 0.02133120 0.45627660
vt 0.00727810 0.45515811
vt 0.02069600 0.46291208
vt 0.01990739 0.46046448
vt 0.01024239 0.46086651
vt 0.04602654 0.31487834
vt 0.03634863 0.31453097
vt 0.04484695 0.30764389
vt 0.03329163 0.31284654
vt 0.04226818 0.30331236
vt 0.03227320 0.30529070
vt 0.05618349 0.31239170
vt 0.05523827 0.30728257
vt 0.05471310 0.30203587
vt 0.03584436 0.32188642
vt 0.05691857 0.31963837
vt 0.04711745 0.32047820
vt 0.06241268 0.31753552
vt 0.06484703 0.30780691
vt 0.06702733 0.31289387
vt 0.05925662 0.30173993
vt 0.06731188 0.30186939
vt 0.07212125 0.30973029
vt 0.06842171 0.31996787
vt 0.07585563 0.31279892
vt 0.07498463 0.30268157
vt 0.07913218 0.31003857
vt 0.07551915 0.32124257
vt 0.08002849 0.31404269
vt 0.08095840 0.30363071
vt 0.08300050 0.31323612
vt 0.02780396 0.30545568
vt 0.08153638 0.32188642
vt 0.08526302 0.30478776
vt 0.09377945 0.30614769
vt 0.09305302 0.30710840
vt 0.09091964 0.31344759
vt 0.63382375 0.98867428
vt 0.63182813 0.98463112
vt 0.64314312 0.98408157
vt 0.64458674 0.98837775
vt 0.64332354 0.99323684
vt 0.63292325 0.99344689
vt 0.65580481 0.98477286
vt 0.65235198 0.99362260
vt 0.65803498 0.99387628
vt 0.66300827 0.98535234
vt 0.62709683 0.98851418
vt 0.62274283 0.99204195
vt 0.62428606 0.99406785
vt 0.62691522 0.98496735
vt 0.62473190 0.98607081
vt 0.64603561 0.99695897
vt 0.65743715 0.99642932
vt 0.63216007 0.99714601
vt 0.62404180 0.99764019
vt 0.66286421 0.99442881
vt 0.66305375 0.98407543
vt 0.61906219 0.99483305
vt 0.65468949 0.99862635
vt 0.65626872 0.98340237
vt 0.61994553 0.98997200
vt 0.61901003 0.98617500
vt 0.61762416 0.99167597
vt 0.66188467 0.99842191
vt 0.63961405 0.98285383
vt 0.61948431 0.99862635
vt 0.61663651 0.98771203
vt 0.61444044 0.98786777
vt 0.62888455 0.98214287
vt 0.61771864 0.98287773
vt 0.60933083 0.98780560
vt 0.98750359 0.42996955
vt 0.98174477 0.43077469
vt 0.98241127 0.43651319
vt 0.98167092 0.43804824
vt 0.98148030 0.44754577
vt 0.98111731 0.42555070
vt 0.98716730 0.42568219
vt 0.98784381 0.44127935
vt 0.98728698 0.45326877
vt 0.98981166 0.44386876
vt 0.99113166 0.45195735
vt 0.98193765 0.45274758
vt 0.99117297 0.45843983
vt 0.99001414 0.46314716
vt 0.98274136 0.46045160
vt 0.98373622 0.46754050
vt 0.98941219 0.46827900
vt 0.99145716 0.43781447
vt 0.98941118 0.42656183
vt 0.99379545 0.46491253
vt 0.99344051 0.47240531
vt 0.98469323 0.41922039
vt 0.97899044 0.41873288
vt 0.98323900 0.41172701
vt 0.98653156 0.41623628
vt 0.98587584 0.40762341
vt 0.98219037 0.40502864
vt 0.97664052 0.40606058
vt 0.98317546 0.39477181
vt 0.98504251 0.40008402
vt 0.97517681 0.38972932
vt 0.98057163 0.39229977
vt 0.98077142 0.38814765
vt 0.97477573 0.37786216
vt 0.98566943 0.39162111
vt 0.98417801 0.38487053
vt 0.98063016 0.38099474
vt 0.98288137 0.38160920
vt 0.98582119 0.47573256
vt 0.99045837 0.47368133
vt 0.98908246 0.41924274
vt 0.99575871 0.46624941
vt 0.99563748 0.46077067
vt 0.98252290 0.37482762
vt 0.97493106 0.37204015
vt 0.98884153 0.40335375
vt 0.99481285 0.44836032
vt 0.99438500 0.44209933
vt 0.98758656 0.38642502
vt 0.98835778 0.39325356
vt 0.98988533 0.40940034
vt 0.98747289 0.37772655
vt 0.98491955 0.37100077
vt 0.98824835 0.36898339
vt 0.98101169 0.46095634
vt 0.98265529 0.36667567
vt 0.97632742 0.36409366
vt 0.98361379 0.36195523
vt 0.98965681 0.36209524
vt 0.98821014 0.35738099
vt 0.97991365 0.35544312
vt 0.97522408 0.40632105
vt 0.97408104 0.39008439
vt 0.97809362 0.42600375
vt 0.99291450 0.35071874
vt 0.97891164 0.35205102
vt 0.98818082 0.35195893
vt 0.99136353 0.34477794
vt 0.99575871 0.34551829
vt 0.99511003 0.34294868
vt 0.98163587 0.34921592
vt 0.98354733 0.34385866
vt 0.86065000 0.25754815
vt 0.86152422 0.25001723
vt 0.85966873 0.25380963
vt 0.86107361 0.24480861
vt 0.86322242 0.24130899
vt 0.86355895 0.23670435
vt 0.86492395 0.23580587
vt 0.86260962 0.28661025
vt 0.86077052 0.28097141
vt 0.86214805 0.29071736
vt 0.86557460 0.27915365
vt 0.87115985 0.28222644
vt 0.87021434 0.27518505
vt 0.86062211 0.27229393
vt 0.87013721 0.26747900
vt 0.86897123 0.26517129
vt 0.85909522 0.27062112
vt 0.86034364 0.26521790
vt 0.87290704 0.27136600
vt 0.85912931 0.26269251
vt 0.86432558 0.25889385
vt 0.87038690 0.25851393
vt 0.87514251 0.27934277
vt 0.86405993 0.29214537
vt 0.87324655 0.29131269
vt 0.87483990 0.28696620
vt 0.86592984 0.25070626
vt 0.87561059 0.26315880
vt 0.87073243 0.24965560
vt 0.87304413 0.25455129
vt 0.87696290 0.25551701
vt 0.87505198 0.24957651
vt 0.87773532 0.27090162
vt 0.87833446 0.28292489
vt 0.87805283 0.29406166
vt 0.86494315 0.29807693
vt 0.87983036 0.29025483
vt 0.87589890 0.24463654
vt 0.86737293 0.24299252
vt 0.87983036 0.24394095
vt 0.97082508 0.03262353
vt 0.97440988 0.02288139
vt 0.96591532 0.02348965
vt 0.97387904 0.01941031
vt 0.96617121 0.01982886
vt 0.97573411 0.03296226
vt 0.96609128 0.03330165
vt 0.97202152 0.04359388
vt 0.96683586 0.04745764
vt 0.96559846 0.04694110
vt 0.97685635 0.04535353
vt 0.97866058 0.03852004
vt 0.97494876 0.05100828
vt 0.97798640 0.03167844
vt 0.97339350 0.05656308
vt 0.96892065 0.06062424
vt 0.97852278 0.01959777
vt 0.96744269 0.01280296
vt 0.98112524 0.05630344
vt 0.97770381 0.05959588
vt 0.98116046 0.04641980
vt 0.98365283 0.03116339
vt 0.98420596 0.04293591
vt 0.98535812 0.01916802
vt 0.97623807 0.01200801
vt 0.98313600 0.01327437
vt 0.97887379 0.00801617
vt 0.98784477 0.00955319
vt 0.98655790 0.04895812
vt 0.97614819 0.00674063
vt 0.96967006 0.00514877
vt 0.98821867 0.00499886
vt 0.98078674 0.00045788
vt 0.97081357 0.06639194
vt 0.98821867 0.05419725
vt 0.96845227 0.00508177
vt 0.94083017 0.20795268
vt 0.93943477 0.19706839
vt 0.93943799 0.25179553
vt 0.93974489 0.16902500
vt 0.93429130 0.17798555
vt 0.93322670 0.23322934
vt 0.93414557 0.20443314
vt 0.93510860 0.13722086
vt 0.93817121 0.12980092
vt 0.94136238 0.13989741
vt 0.93300068 0.27251685
vt 0.93926615 0.27117085
vt 0.93540454 0.29274184
vt 0.93858230 0.31414443
vt 0.93961680 0.31749046
vt 0.93909365 0.35898125
vt 0.94200391 0.10697919
vt 0.93881327 0.11116588
vt 0.93929172 0.09117866
vt 0.94406229 0.09128141
vt 0.94271171 0.12651765
vt 0.93997842 0.07172006
vt 0.94077039 0.33192587
vt 0.94030577 0.36099923
vt 0.93942046 0.38414669
vt 0.94165224 0.27016735
vt 0.94600463 0.08179086
vt 0.94201672 0.07200956
vt 0.94560361 0.07070255
vt 0.94559443 0.05657804
vt 0.94341958 0.04804033
vt 0.94533831 0.04272014
vt 0.93494856 0.33417666
vt 0.93446475 0.37800634
vt 0.93631387 0.40244436
vt 0.93439537 0.11705995
vt 0.94313234 0.03176218
vt 0.93837112 0.43305504
vt 0.94059390 0.40766156
vt 0.94029516 0.43787247
vt 0.94005221 0.45160902
vt 0.93690920 0.09231395
vt 0.93572021 0.42516023
vt 0.93187702 0.30049878
vt 0.93443513 0.44608974
vt 0.93346614 0.48525715
vt 0.93964517 0.48220515
vt 0.93720472 0.50470680
vt 0.94021660 0.50608474
vt 0.93782181 0.53687316
vt 0.94029117 0.53177762
vt 0.94132149 0.56054473
vt 0.93724215 0.57596260
vt 0.93880165 0.59196931
vt 0.93662685 0.59256291
vt 0.93967688 0.60647112
vt 0.93237650 0.38484120
vt 0.93551385 0.53205150
vt 0.92978323 0.28915709
vt 0.93142945 0.20441294
vt 0.93131065 0.23210067
vt 0.93210101 0.34111881
vt 0.93419439 0.56004375
vt 0.92983675 0.58336771
vt 0.94674838 0.01694137
vt 0.93235904 0.18131858
vt 0.93139845 0.59796232
vt 0.93233156 0.60844922
vt 0.93429190 0.61874682
vt 0.94217294 0.61856294
vt 0.93332958 0.14488786
vt 0.93600899 0.62503505
vt 0.94674838 0.62907368
vt 0.93803102 0.62957877
vt 0.43925807 0.13331747
vt 0.43568340 0.13331801
vt 0.43629023 0.14331698
vt 0.44037873 0.14168286
vt 0.43113655 0.14305049
vt 0.43022048 0.13274759
vt 0.43196800 0.14783502
vt 0.43497539 0.12472051
vt 0.43002799 0.12433082
vt 0.43936098 0.12401730
vt 0.43539658 0.11940354
vt 0.43041459 0.11792046
vt 0.44130826 0.13015592
vt 0.43978104 0.11950094
vt 0.44235465 0.15061927
vt 0.43293026 0.15273970
vt 0.44344622 0.14546025
vt 0.44489720 0.13700926
vt 0.44684193 0.14314044
vt 0.44430581 0.12214708
vt 0.44713864 0.13026357
vt 0.43601212 0.11320651
vt 0.43120661 0.11153805
vt 0.43999287 0.10851645
vt 0.44240427 0.11369699
vt 0.44721961 0.14953715
vt 0.44721961 0.12146401
vt 0.43896326 0.15705127
vt 0.42931196 0.14529920
vt 0.96266043 0.65160728
vt 0.96587336 0.65586859
vt 0.96621287 0.64897788
vt 0.96266466 0.64320964
vt 0.96549910 0.64237082
vt 0.96555144 0.63784325
vt 0.97408104 0.64868659
vt 0.97394693 0.64227837
vt 0.97392964 0.65448493
vt 0.97346449 0.63613755
vt 0.97343099 0.65820408
vt 0.97005272 0.65922982
vt 0.97282064 0.66582936
vt 0.96536100 0.66222501
vt 0.96924877 0.63127667
vt 0.96498001 0.63377076
vt 0.97367227 0.63047367
vt 0.96382409 0.62890553
vt 0.96434772 0.66764849
vt 0.96906388 0.66897798
vt 0.97224885 0.66924292
vt 0.95831776 0.65849179
vt 0.95847631 0.63590688
vt 0.95749754 0.64342558
vt 0.95966762 0.66259909
vt 0.95763868 0.65216202
vt 0.96844697 0.62649333
vt 0.97282445 0.62574798
vt 0.95714736 0.63151073
vt 0.97408104 0.66766202
vt 0.96672451 0.67441899
vt 0.96309948 0.67353147
vt 0.97175169 0.67523676
vt 0.95617342 0.66676027
vt 0.95669031 0.62664771
vt 0.96659815 0.62077630
vt 0.96143407 0.62086707
vt 0.97100663 0.61858976
vt 0.97021878 0.67994505
vt 0.89916247 0.29615057
vt 0.89674789 0.28239208
vt 0.89465588 0.29305804
vt 0.90092832 0.29504114
vt 0.90376979 0.28236318
vt 0.90488511 0.29391605
vt 0.90125662 0.27208436
vt 0.89540428 0.27339470
vt 0.90480745 0.27594554
vt 0.89433247 0.28132641
vt 0.89396793 0.29804170
vt 0.89549619 0.26781940
vt 0.89718860 0.26563478
vt 0.89577574 0.30255216
vt 0.90191561 0.30713904
vt 0.90614659 0.30231142
vt 0.90811950 0.30854845
vt 0.89699799 0.30823606
vt 0.91093308 0.30474603
vt 0.91068506 0.29991567
vt 0.90963399 0.29498434
vt 0.90929592 0.28282952
vt 0.90745991 0.26835001
vt 0.89966643 0.31730771
vt 0.90613836 0.26624990
vt 0.91093308 0.27139711
vt 0.89967173 0.26015222
vt 0.89993411 0.25869966
vt 0.97929740 0.18658900
vt 0.98096496 0.17433351
vt 0.97248459 0.18275064
vt 0.97291291 0.17541021
vt 0.98127526 0.18415487
vt 0.97961032 0.16628420
vt 0.97393173 0.16421115
vt 0.97233516 0.19480807
vt 0.97629398 0.19451559
vt 0.98003191 0.19708705
vt 0.97209054 0.20045829
vt 0.97702676 0.20570058
vt 0.97211331 0.20637512
vt 0.98007041 0.20489126
vt 0.98435903 0.18848741
vt 0.98382044 0.19964641
vt 0.97748923 0.16201079
vt 0.98199248 0.16401130
vt 0.98417240 0.15912908
vt 0.98688567 0.19663531
vt 0.98521233 0.17566597
vt 0.98765767 0.18315268
vt 0.98593247 0.16549635
vt 0.97966582 0.15446919
vt 0.97635549 0.15346462
vt 0.98602784 0.15246731
vt 0.98909569 0.17195928
vt 0.98562127 0.20811492
vt 0.98831117 0.20612705
vt 0.97031105 0.20582747
vt 0.98160535 0.20962071
vt 0.98987633 0.16406453
vt 0.98208648 0.14849281
vt 0.97716445 0.14796919
vt 0.97225565 0.21121442
vt 0.99104619 0.15743864
vt 0.98789304 0.14816797
vt 0.98384815 0.21291208
vt 0.98801583 0.21262389
vt 0.99104619 0.21263957
vt 0.97485614 0.15428734
vt 0.97991049 0.14148355
vt 0.98532695 0.14162445
vt 0.97162044 0.16443932
vt 0.86272353 0.19467825
vt 0.86497384 0.19340461
vt 0.86338264 0.19195521
vt 0.86192274 0.19384193
vt 0.86444736 0.18694240
vt 0.87285262 0.19527698
vt 0.86909354 0.18698192
vt 0.87467432 0.18796062
vt 0.86569810 0.18141568
vt 0.87547314 0.18204200
vt 0.87241781 0.18129224
vt 0.86627257 0.17806345
vt 0.86495852 0.19760221
vt 0.87739265 0.17448515
vt 0.87249291 0.17433667
vt 0.86759442 0.17307603
vt 0.87931627 0.17812407
vt 0.87810999 0.18673229
vt 0.87246805 0.20527411
vt 0.87420601 0.16906172
vt 0.86871713 0.16925406
vt 0.88051546 0.16845161
vt 0.86999917 0.16529304
vt 0.86908698 0.20775926
vt 0.86528420 0.20670199
vt 0.87538719 0.19643694
vt 0.87497282 0.20176256
vt 0.88265789 0.17481232
vt 0.88163257 0.19632292
vt 0.88135308 0.20217639
vt 0.88071698 0.20737380
vt 0.87376648 0.21116793
vt 0.86623317 0.21681738
vt 0.87513208 0.21499860
vt 0.87378085 0.21800286
vt 0.87102824 0.22011417
vt 0.86643481 0.22056139
vt 0.88265789 0.21490729
vt 0.87671512 0.22035462
vt 0.87741435 0.22443742
vt 0.87241751 0.22615093
vt 0.86779511 0.22723484
vt 0.86516565 0.21896613
vt 0.87722707 0.22970927
vt 0.86950672 0.23214287
vt 0.86293095 0.20729423
vt 0.27098185 0.08990020
vt 0.26721790 0.08560228
vt 0.26752156 0.09206116
vt 0.26093286 0.08973175
vt 0.26288465 0.09492069
vt 0.25986293 0.09213006
vt 0.26230970 0.08198702
vt 0.26761022 0.09917897
vt 0.27153718 0.09747398
vt 0.26002109 0.10066354
vt 0.25790855 0.09913856
vt 0.26690498 0.10557175
vt 0.25777569 0.10399348
vt 0.25801039 0.10966730
vt 0.27292898 0.10281444
vt 0.27130249 0.10779768
vt 0.26837695 0.11063725
vt 0.26464498 0.11279571
vt 0.25902808 0.11582553
vt 0.26937246 0.11565071
vt 0.26720956 0.11995542
vt 0.26116291 0.12183261
vt 0.27335218 0.11476302
vt 0.27436516 0.09441328
vt 0.26989299 0.11998588
vt 0.26047367 0.08602899
vt 0.27351344 0.08232224
vt 0.26523101 0.12540895
vt 0.26266760 0.12729502
vt 0.26898262 0.12447804
vt 0.27568331 0.11216038
vt 0.26455536 0.12866300
vt 0.25991911 0.12383687
vt 0.27329841 0.12183726
vt 0.27527201 0.10413575
vt 0.27568331 0.08472008
vt 0.26899940 0.07912666
vt 0.26332718 0.07700282
vt 0.27535015 0.07772177
vt 0.27033195 0.07430696
vt 0.27401951 0.07541615
vt 0.26480308 0.07188642
vt 0.46743289 0.92431325
vt 0.46800235 0.92235601
vt 0.47267926 0.92856663
vt 0.45932999 0.91796577
vt 0.45930931 0.91621625
vt 0.45113918 0.91426688
vt 0.44743344 0.91218758
vt 0.44064158 0.91243786
vt 0.43378767 0.91071427
vt 0.43303081 0.91251892
vt 0.42543665 0.91256493
vt 0.40099901 0.92660105
vt 0.39625555 0.93213904
vt 0.39721939 0.92932487
vt 0.39136744 0.93829268
vt 0.40705445 0.92075783
vt 0.41161895 0.91987878
vt 0.41876185 0.91426468
vt 0.42071107 0.91543412
vt 0.47950974 0.97469366
vt 0.47634298 0.96840560
vt 0.48413110 0.96995449
vt 0.48278925 0.97502881
vt 0.48472074 0.96611512
vt 0.47634256 0.96396255
vt 0.47434375 0.96846259
vt 0.47382498 0.97533977
vt 0.47042304 0.97046858
vt 0.47875452 0.98343152
vt 0.47276020 0.98409051
vt 0.46923882 0.97693086
vt 0.46540222 0.98416609
vt 0.47523665 0.98943084
vt 0.46169820 0.98023957
vt 0.46432009 0.97264731
vt 0.47153467 0.96503019
vt 0.46779630 0.96527773
vt 0.47229874 0.96093798
vt 0.45772508 0.97969419
vt 0.46832266 0.95852035
vt 0.47500700 0.95662326
vt 0.46395200 0.96666396
vt 0.47929767 0.95824468
vt 0.47133613 0.95371109
vt 0.48491988 0.95845348
vt 0.46725455 0.95071042
vt 0.47268027 0.94853348
vt 0.47892404 0.95230067
vt 0.48401591 0.95198369
vt 0.47353151 0.94586295
vt 0.46770900 0.94045931
vt 0.46307161 0.94399345
vt 0.45816019 0.93684691
vt 0.46048525 0.93437248
vt 0.46334302 0.93134499
vt 0.45339307 0.93260044
vt 0.45391494 0.92581201
vt 0.45850486 0.92790490
vt 0.44842428 0.92962933
vt 0.44786960 0.92305601
vt 0.44417855 0.92783678
vt 0.44368780 0.92149341
vt 0.44144440 0.92241460
vt 0.47229367 0.93616670
vt 0.45444983 0.91988224
vt 0.46061620 0.92310220
vt 0.46494102 0.92733514
vt 0.44900534 0.91763359
vt 0.44390818 0.91673326
vt 0.47997406 0.94046515
vt 0.47700062 0.93434513
vt 0.48230958 0.94652861
vt 0.42808408 0.95087081
vt 0.44542810 0.95885170
vt 0.42550191 0.96587878
vt 0.41983733 0.95699948
vt 0.43169287 0.97663182
vt 0.45158079 0.96936178
vt 0.44322377 0.97646177
vt 0.45167857 0.94520640
vt 0.45790046 0.96078992
vt 0.43164939 0.93970656
vt 0.44120377 0.93338794
vt 0.41675633 0.94848275
vt 0.41568246 0.97344434
vt 0.41155151 0.96190399
vt 0.45750225 0.94395095
vt 0.45021072 0.93482280
vt 0.42121413 0.93575913
vt 0.43691722 0.93102777
vt 0.41450748 0.94366133
vt 0.40825197 0.94871491
vt 0.40966347 0.97237021
vt 0.46270719 0.95761007
vt 0.42175773 0.98274887
vt 0.41650835 0.98185331
vt 0.44743064 0.97900975
vt 0.43649134 0.98447204
vt 0.46011597 0.96975082
vt 0.40559688 0.96206164
vt 0.40555200 0.95279723
vt 0.42933154 0.93126655
vt 0.41267931 0.94084007
vt 0.46393386 0.95427775
vt 0.44357693 0.93119633
vt 0.43261483 0.98589325
vt 0.44939491 0.98156381
vt 0.46455404 0.96202987
vt 0.45884752 0.97495848
vt 0.40634936 0.97209841
vt 0.41681790 0.93523496
vt 0.45663819 0.93840736
vt 0.46212846 0.94643271
vt 0.40856892 0.97816002
vt 0.42532969 0.98604262
vt 0.42244297 0.93130517
vt 0.40811768 0.94230056
vt 0.40242803 0.95901603
vt 0.44448563 0.98618066
vt 0.40500867 0.94727457
vt 0.40233228 0.96505255
vt 0.43672836 0.92751569
vt 0.42799115 0.92890888
vt 0.40245637 0.95261759
vt 0.41083875 0.98233980
vt 0.41858900 0.98688841
vt 0.40440300 0.97223574
vt 0.43950358 0.98946887
vt 0.43024245 0.98934799
vt 0.41578346 0.93312055
vt 0.40882626 0.93646556
vt 0.41968641 0.92942679
vt 0.42636308 0.92565411
vt 0.43105593 0.92171031
vt 0.43671599 0.92320603
vt 0.43827659 0.91972411
vt 0.38982958 0.98056078
vt 0.39187628 0.97466505
vt 0.39429566 0.98241562
vt 0.39772880 0.97703356
vt 0.39682597 0.97025037
vt 0.38632298 0.97246563
vt 0.38871270 0.98381817
vt 0.39062706 0.96813697
vt 0.39433682 0.96741730
vt 0.38914743 0.96262735
vt 0.38501415 0.96192336
vt 0.39451352 0.95998764
vt 0.38971108 0.95717835
vt 0.38533744 0.95679820
vt 0.39807087 0.96140218
vt 0.39514834 0.95259053
vt 0.40155521 0.97666347
vt 0.39961863 0.95582807
vt 0.40217990 0.98253947
vt 0.39632958 0.94771087
vt 0.38804850 0.95063472
vt 0.38599133 0.95036447
vt 0.40207133 0.94656157
vt 0.40210521 0.94197243
vt 0.38854265 0.94460297
vt 0.39576122 0.94079566
vt 0.40325025 0.93807024
vt 0.39943272 0.93527955
vt 0.40787500 0.93315953
vt 0.39263713 0.98943084
vt 0.40191752 0.98792523
vt 0.40831900 0.98881143
vt 0.41420272 0.92656034
vt 0.41710100 0.92476833
vt 0.42476073 0.92328274
vt 0.40429834 0.92908621
vt 0.42494485 0.91641480
vt 0.91118127 0.18101424
vt 0.90295494 0.17622358
vt 0.90216279 0.18257374
vt 0.90589881 0.18499178
vt 0.91102910 0.18498266
vt 0.91279030 0.17410284
vt 0.90116936 0.18365109
vt 0.90438348 0.17078757
vt 0.91515213 0.17887938
vt 0.91106272 0.19183433
vt 0.90170783 0.19246054
vt 0.90230942 0.19667327
vt 0.91109174 0.19913816
vt 0.90154463 0.19938225
vt 0.91590261 0.18793839
vt 0.91342711 0.19222403
vt 0.90067410 0.19922084
vt 0.90713525 0.20610464
vt 0.91095710 0.20625049
vt 0.91658813 0.18372124
vt 0.91350454 0.19986224
vt 0.91658813 0.19559574
vt 0.90250927 0.20421737
vt 0.90202898 0.20682323
vt 0.90273660 0.21336836
vt 0.91219443 0.21458715
vt 0.91265792 0.20920730
vt 0.90775383 0.21744525
vt 0.90268874 0.21760458
vt 0.90092093 0.20760143
vt 0.91482574 0.20643771
vt 0.91371107 0.21830928
vt 0.90199333 0.17613673
vt 0.90056551 0.19162059
vt 0.90897560 0.22251290
vt 0.90510523 0.22435057
vt 0.90422994 0.22573256
vt 0.04786487 0.59525490
vt 0.04374274 0.59564489
vt 0.04685914 0.59901029
vt 0.04078101 0.59858650
vt 0.05264316 0.59611094
vt 0.04781573 0.60393775
vt 0.06019201 0.60220957
vt 0.05867288 0.59743458
vt 0.03552853 0.60316247
vt 0.03511617 0.59793705
vt 0.03723387 0.59385449
vt 0.02690190 0.60077035
vt 0.02827257 0.59557921
vt 0.03013895 0.59286433
vt 0.05665443 0.59303498
vt 0.06316023 0.59139317
vt 0.06524850 0.59481442
vt 0.06987613 0.59893125
vt 0.07274999 0.59195608
vt 0.06896032 0.58852190
vt 0.07702236 0.59562677
vt 0.05361309 0.59040672
vt 0.04167117 0.59091568
vt 0.06127733 0.58990926
vt 0.03414798 0.59104925
vt 0.02052449 0.59771508
vt 0.02095522 0.59228015
vt 0.02391080 0.58847159
vt 0.02784735 0.58824319
vt 0.03777853 0.58669001
vt 0.03209820 0.58518326
vt 0.02650318 0.58229321
vt 0.06503273 0.58293813
vt 0.02062430 0.58188415
vt 0.01992897 0.58614588
vt 0.07079496 0.57910341
vt 0.07425507 0.58453625
vt 0.02045257 0.57746607
vt 0.07425600 0.57452112
vt 0.07775683 0.58098638
vt 0.01556555 0.58075565
vt 0.01746460 0.57249057
vt 0.01190926 0.57254583
vt 0.01473268 0.56515133
vt 0.01208717 0.57750869
vt 0.01035379 0.56222177
vt 0.01025251 0.57565033
vt 0.00724949 0.56713903
vt 0.01299117 0.58607560
vt 0.01435559 0.59347475
vt 0.00714737 0.57906651
vt 0.00958976 0.58932328
vt 0.00235627 0.56791079
vt 0.00402185 0.55198658
vt 0.04018743 0.54683334
vt 0.04047811 0.55968714
vt 0.05841743 0.54613960
vt 0.02742773 0.55354053
vt 0.06002824 0.56048059
vt 0.06850255 0.55338377
vt 0.05478762 0.53255457
vt 0.03105840 0.53529149
vt 0.06759588 0.53852654
vt 0.04355071 0.52327007
vt 0.01890242 0.53776926
vt 0.01986305 0.55493116
vt 0.03253168 0.52528846
vt 0.05271174 0.52263951
vt 0.03259386 0.57310086
vt 0.02069832 0.56784564
vt 0.05810110 0.57310492
vt 0.04469509 0.58165473
vt 0.06945275 0.56884688
vt 0.07303467 0.55644536
vt 0.07190241 0.54078352
vt 0.06626140 0.52686441
vt 0.06232905 0.52372330
vt 0.07038754 0.53101325
vt 0.02261388 0.57488239
vt 0.03047543 0.58027071
vt 0.06159176 0.58071047
vt 0.06840964 0.57599682
vt 0.01619409 0.55404258
vt 0.05415094 0.58412588
vt 0.07314648 0.56792390
vt 0.04029445 0.58456779
vt 0.01902203 0.52987099
vt 0.04146930 0.52043509
vt 0.01783140 0.56628865
vt 0.01517497 0.54067314
vt 0.01649220 0.53462595
vt 0.03039421 0.52245069
vt 0.05408422 0.51978159
vt 0.04561003 0.58759218
vt 0.02154206 0.52623010
vt 0.07512723 0.54418188
vt 0.05568477 0.58668017
vt 0.07631207 0.56780189
vt 0.07717267 0.55980504
vt 0.07775683 0.54841125
vt 0.07625463 0.53474849
vt 0.07192217 0.52595329
vt 0.05045334 0.51694137
vt 0.06652833 0.52120388
vt 0.01196863 0.55425769
vt 0.05961184 0.51751035
vt 0.03277140 0.51869291
vt 0.01211246 0.54125142
vt 0.04154786 0.51735789
vt 0.02502429 0.52047199
vt 0.01226833 0.53435296
vt 0.01487339 0.52767932
vt 0.01812269 0.52404201
vt 0.00985636 0.54571646
vt 0.00773219 0.53882617
vt 0.00849326 0.55152488
vt 0.00997351 0.53062892
vt 0.00389559 0.54055887
vt 0.00492360 0.53359222
vt 0.01960468 0.86697471
vt 0.01976443 0.87386870
vt 0.01454533 0.86688221
vt 0.01520759 0.87660480
vt 0.02358339 0.87176269
vt 0.02311334 0.86408865
vt 0.02388818 0.87994611
vt 0.01773856 0.88594645
vt 0.02178548 0.88446397
vt 0.01673162 0.85951692
vt 0.02078527 0.85905713
vt 0.01511170 0.85843390
vt 0.02581077 0.85710025
vt 0.01844419 0.85184079
vt 0.02389464 0.85281551
vt 0.01729591 0.85058534
vt 0.02637728 0.87008440
vt 0.02771931 0.86304492
vt 0.02842475 0.85221249
vt 0.02711452 0.84949851
vt 0.02811319 0.87717736
vt 0.03378046 0.85668820
vt 0.03323690 0.86248761
vt 0.03214435 0.86980391
vt 0.02806466 0.88324225
vt 0.02744044 0.88662195
vt 0.03455216 0.87627554
vt 0.03607056 0.85221130
vt 0.03507127 0.88209617
vt 0.03762171 0.85700178
vt 0.01366635 0.87011582
vt 0.03057482 0.84849274
vt 0.02018137 0.84551746
vt 0.03311998 0.88803875
vt 0.03761580 0.88641942
vt 0.02490745 0.88991457
vt 0.04013095 0.84784222
vt 0.03050991 0.89336747
vt 0.02044214 0.89244753
vt 0.03557699 0.89566880
vt 0.04124375 0.89038378
vt 0.03020354 0.84576935
vt 0.02686962 0.84379405
vt 0.01954659 0.83914322
vt 0.02371398 0.89789379
vt 0.03930985 0.89786541
vt 0.04658139 0.89402527
vt 0.02298836 0.84112948
vt 0.02846963 0.83474946
vt 0.03407495 0.83164805
vt 0.03811086 0.83130616
vt 0.03893603 0.82801187
vt 0.04170341 0.82946187
vt 0.04767969 0.82745045
vt 0.05874273 0.82280219
vt 0.05449269 0.82586443
vt 0.06117534 0.82509810
vt 0.06730857 0.82457936
vt 0.05440181 0.86215591
vt 0.06517617 0.86312252
vt 0.05294688 0.88020563
vt 0.06556509 0.87844652
vt 0.04554820 0.87673986
vt 0.04263020 0.86064488
vt 0.07468782 0.87173510
vt 0.06117772 0.84835017
vt 0.07377573 0.85269767
vt 0.08392407 0.86717618
vt 0.04547773 0.84985667
vt 0.07942443 0.85390812
vt 0.07865226 0.87956184
vt 0.06604204 0.88784355
vt 0.05387770 0.89217955
vt 0.04344726 0.88694841
vt 0.07887402 0.88726407
vt 0.03876405 0.87441945
vt 0.04119173 0.85362220
vt 0.08672778 0.87761062
vt 0.07211088 0.89184761
vt 0.03919392 0.88188171
vt 0.07484555 0.84768003
vt 0.08257993 0.85466379
vt 0.08666856 0.86072880
vt 0.03619353 0.86672992
vt 0.07876867 0.85029739
vt 0.08743670 0.87030387
vt 0.08411923 0.88412255
vt 0.06553420 0.84458518
vt 0.04951944 0.89242005
vt 0.05145229 0.84524673
vt 0.06546826 0.89589036
vt 0.07954659 0.88977396
vt 0.05956107 0.89635855
vt 0.09086307 0.87416291
vt 0.09036434 0.86391073
vt 0.07612967 0.89395678
vt 0.05422563 0.89684653
vt 0.08429765 0.84938681
vt 0.08879416 0.88278037
vt 0.06314892 0.84198278
vt 0.05417603 0.84257782
vt 0.08764531 0.85377276
vt 0.08542687 0.88983047
vt 0.07527073 0.84346324
vt 0.07101069 0.84146571
vt 0.09095193 0.85950714
vt 0.08007140 0.84519243
vt 0.04757815 0.84322995
vt 0.04308864 0.84330529
vt 0.07574671 0.89789379
vt 0.08372673 0.89406586
vt 0.98271239 0.24527317
vt 0.97980285 0.24005234
vt 0.97888589 0.24705863
vt 0.97560984 0.23881352
vt 0.97623342 0.23326176
vt 0.98629475 0.23536193
vt 0.98775131 0.23911798
vt 0.98661900 0.24656242
vt 0.98272943 0.25464725
vt 0.97859699 0.25536692
vt 0.98643881 0.25464368
vt 0.97545880 0.25184977
vt 0.97854447 0.26305020
vt 0.97548687 0.26367790
vt 0.98559135 0.26385069
vt 0.97564864 0.27235723
vt 0.97327226 0.23434752
vt 0.97541314 0.23054349
vt 0.97208810 0.24706984
vt 0.97237599 0.25891602
vt 0.98594928 0.26895350
vt 0.98927438 0.26116294
vt 0.99139833 0.25308633
vt 0.99134231 0.24553883
vt 0.97333378 0.26601279
vt 0.99028742 0.23942804
vt 0.97873539 0.22726679
vt 0.98708665 0.22850478
vt 0.97732240 0.27635169
vt 0.98277795 0.27480376
vt 0.98825872 0.27227080
vt 0.97394055 0.23013365
vt 0.99108803 0.23193425
vt 0.97740734 0.22670168
vt 0.99328673 0.26807761
vt 0.99343354 0.23430592
vt 0.99392259 0.26047170
vt 0.97988117 0.22116542
vt 0.99407506 0.24324876
vt 0.98713118 0.27924770
vt 0.99359632 0.27548778
vt 0.99422920 0.25191170
vt 0.97441930 0.22626776
vt 0.97125351 0.22645426
vt 0.97821605 0.22192496
vt 0.98884696 0.22291601
vt 0.99244326 0.22493380
vt 0.98009843 0.28170413
vt 0.97851354 0.28211004
vt 0.99481618 0.22672558
vt 0.98873281 0.21902734
vt 0.97962499 0.21657509
vt 0.99481618 0.27996254
vt 0.98436397 0.28535932
vt 0.98936093 0.28442991
vt 0.98073465 0.28763855
vt 0.99357581 0.28517145
vt 0.99139005 0.29024231
vt 0.98680973 0.29209560
vt 0.98358077 0.29331207
vt 0.99409366 0.29636741
vt 0.98949629 0.29812270
vt 0.98597264 0.29899263
vt 0.91279536 0.70090145
vt 0.90868616 0.69817638
vt 0.91712540 0.69640887
vt 0.90774208 0.70243299
vt 0.90282553 0.69986939
vt 0.92107189 0.70129985
vt 0.91306847 0.70421088
vt 0.92451364 0.69598699
vt 0.92879963 0.70014280
vt 0.92267537 0.70346951
vt 0.93136835 0.69687706
vt 0.90980762 0.69327176
vt 0.92404824 0.69228017
vt 0.91596001 0.68778700
vt 0.92176479 0.68727106
vt 0.90841103 0.68937522
vt 0.90764987 0.68839931
vt 0.90238273 0.69433254
vt 0.90037131 0.68997812
vt 0.92851669 0.68731523
vt 0.93164414 0.69195998
vt 0.89622533 0.69647813
vt 0.89491045 0.70181304
vt 0.89550185 0.69127119
vt 0.89640135 0.70533091
vt 0.90224868 0.70650184
vt 0.93391311 0.70226943
vt 0.93022227 0.70444340
vt 0.93981194 0.70167053
vt 0.93857473 0.69760281
vt 0.93596089 0.68866438
vt 0.94147032 0.68817264
vt 0.94101351 0.68936414
vt 0.93943524 0.70548928
vt 0.94587225 0.69921786
vt 0.94629455 0.69443029
vt 0.94679314 0.69061059
vt 0.95146090 0.69056201
vt 0.94786614 0.70398235
vt 0.94779897 0.70650184
vt 0.95350420 0.15186501
vt 0.95995933 0.18275827
vt 0.95626819 0.16113257
vt 0.95445299 0.14803171
vt 0.96559846 0.22023809
vt 0.95244163 0.14305049
vt 0.95314342 0.14075321
vt 0.95559984 0.14530277
vt 0.95316184 0.13019621
vt 0.95146090 0.12475038
vt 0.95276058 0.12163723
vt 0.95170259 0.11719990
vt 0.95387638 0.11924112
vt 0.95368159 0.11169583
vt 0.96552014 0.21153748
vt 0.95263284 0.10895407
vt 0.95497030 0.10843742
vt 0.95537359 0.10112619
vt 0.95433402 0.09945589
vt 0.95646042 0.09992296
vt 0.95772171 0.09547383
vt 0.95654565 0.09177440
vt 0.95924830 0.09162647
vt 0.96051383 0.08867079
vt 0.96131259 0.08233398
vt 0.96353483 0.08363432
vt 0.96559846 0.08012819
vt 0.65857220 0.80433518
vt 0.66701335 0.80781841
vt 0.66776627 0.80286670
vt 0.65834117 0.79871398
vt 0.66776627 0.79546255
vt 0.65994924 0.79334027
vt 0.66577524 0.78983516
vt 0.65990376 0.80936706
vt 0.66700071 0.79110754
vt 0.66354436 0.81456041
vt 0.66130227 0.81296569
vt 0.95894063 0.58297676
vt 0.96692020 0.58863670
vt 0.96712905 0.58423769
vt 0.95788157 0.58926457
vt 0.96236426 0.59377575
vt 0.96577662 0.59448236
vt 0.95803505 0.59294593
vt 0.96842599 0.58481121
vt 0.96686524 0.59737778
vt 0.96554500 0.60074890
vt 0.96107626 0.59942126
vt 0.95670515 0.59803629
vt 0.96751076 0.57761371
vt 0.95853138 0.57585770
vt 0.95309144 0.58390933
vt 0.95425147 0.57896662
vt 0.96842599 0.57179326
vt 0.96730047 0.57153815
vt 0.95583493 0.57360929
vt 0.95845157 0.57174224
vt 0.96655262 0.57054752
vt 0.96693897 0.56635517
vt 0.96770841 0.56338441
vt 0.95768529 0.56518120
vt 0.96204692 0.56206602
vt 0.96705884 0.56089741
vt 0.95390838 0.56546855
vt 0.95175099 0.57158995
vt 0.95157701 0.59251243
vt 0.95146090 0.57897836
vt 0.96457773 0.60576922
vt 0.95950222 0.60438377
vt 0.07266591 0.74733561
vt 0.06879384 0.73923308
vt 0.06355187 0.74537897
vt 0.07303207 0.74040937
vt 0.06289162 0.73858237
vt 0.06788418 0.75082034
vt 0.06360742 0.75015843
vt 0.07334887 0.75369543
vt 0.06822810 0.75564808
vt 0.06149086 0.75747734
vt 0.06079170 0.75163722
vt 0.06158521 0.73651218
vt 0.07425275 0.74446338
vt 0.07467553 0.73355955
vt 0.06938513 0.72954082
vt 0.06516236 0.73758966
vt 0.06482579 0.72609687
vt 0.07469549 0.72329950
vt 0.07554317 0.72897053
vt 0.07057645 0.72194463
vt 0.06578141 0.72105610
vt 0.06340125 0.72496563
vt 0.07374056 0.75957334
vt 0.06863374 0.76077235
vt 0.06329601 0.76158988
vt 0.06156819 0.76254791
vt 0.07672003 0.74809474
vt 0.07631306 0.75665307
vt 0.07788559 0.73535818
vt 0.06976865 0.76448184
vt 0.07466703 0.76329398
vt 0.07721997 0.76368070
vt 0.06471153 0.76613110
vt 0.06210488 0.76665837
vt 0.07608537 0.76878428
vt 0.07182143 0.76967603
vt 0.06403029 0.77101314
vt 0.06735244 0.71958297
vt 0.06800251 0.71643305
vt 0.07604067 0.71870518
vt 0.07651411 0.72137427
vt 0.07263908 0.71572763
vt 0.06967419 0.71221751
vt 0.07710670 0.71454585
vt 0.07869934 0.71720123
vt 0.07726049 0.71099854
vt 0.07559920 0.70741761
vt 0.06695458 0.77397221
vt 0.07768086 0.77369380
vt 0.07298549 0.77507228
vt 0.07490072 0.77976191
vt 0.07869934 0.77810925
vt 0.92386580 0.84499675
vt 0.92625457 0.85010612
vt 0.93190360 0.84423721
vt 0.92646998 0.84289902
vt 0.93477613 0.84392554
vt 0.93460476 0.85207689
vt 0.93149984 0.85516143
vt 0.92587280 0.85516560
vt 0.93461442 0.86077476
vt 0.92367250 0.85444868
vt 0.92238390 0.85141236
vt 0.93036175 0.86100513
vt 0.92634732 0.86287636
vt 0.93482918 0.83848614
vt 0.93175024 0.83765215
vt 0.92764282 0.83662045
vt 0.93333799 0.86295551
vt 0.92242002 0.83708239
vt 0.92654181 0.83614594
vt 0.92158723 0.85793924
vt 0.92479688 0.86348528
vt 0.92177564 0.86181372
vt 0.92130065 0.84792632
vt 0.93152827 0.83371907
vt 0.93457937 0.83384889
vt 0.93425381 0.83648711
vt 0.92942947 0.83163011
vt 0.93385327 0.83171546
vt 0.92578608 0.83104396
vt 0.92203236 0.83231872
vt 0.93445140 0.86584246
vt 0.93638074 0.84827280
vt 0.93638074 0.86329961
vt 0.28412682 0.68452257
vt 0.23801492 0.68332750
vt 0.26256689 0.68259740
vt 0.24396782 0.67976868
vt 0.27961937 0.67886406
vt 0.31281307 0.68193901
vt 0.32951421 0.67969543
vt 0.33707675 0.68401241
vt 0.19748448 0.67820960
vt 0.36320901 0.67796499
vt 0.37709010 0.68346977
vt 0.41750506 0.67899710
vt 0.42369246 0.68388581
vt 0.44141477 0.67968041
vt 0.20337717 0.68000352
vt 0.16075435 0.67947757
vt 0.44339603 0.68435031
vt 0.46827042 0.68130726
vt 0.44645286 0.67617393
vt 0.48254487 0.67745477
vt 0.33116761 0.67721748
vt 0.27360392 0.67765105
vt 0.32284185 0.67484933
vt 0.37798351 0.68452257
vt 0.41983309 0.67631727
vt 0.36568090 0.67600346
vt 0.28223547 0.67646289
vt 0.24096756 0.67600071
vt 0.31410876 0.68452382
vt 0.14804627 0.67410123
vt 0.13234161 0.67854804
vt 0.13285218 0.68069762
vt 0.12095117 0.68006653
vt 0.44640100 0.67444485
vt 0.48541990 0.67584479
vt 0.50384545 0.67571312
vt 0.52820313 0.67748111
vt 0.55353409 0.67602438
vt 0.55356514 0.67746699
vt 0.57724088 0.67669684
vt 0.12074313 0.67448580
vt 0.27845311 0.67312199
vt 0.12942636 0.67545414
vt 0.19991119 0.67308927
vt 0.23744833 0.67315370
vt 0.13304852 0.67186630
vt 0.11239358 0.67654550
vt 0.41928110 0.67285627
vt 0.38643709 0.67334658
vt 0.36125422 0.67315537
vt 0.32826605 0.67337394
vt 0.49305925 0.67307216
vt 0.45713452 0.67322612
vt 0.29264688 0.67187130
vt 0.14691778 0.67085379
vt 0.53988981 0.67300463
vt 0.12320118 0.67077005
vt 0.11432069 0.67185926
vt 0.11160299 0.68093556
vt 0.10669822 0.67282462
vt 0.10415860 0.67729890
vt 0.09897525 0.67395049
vt 0.09446733 0.67698044
vt 0.09820864 0.67845368
vt 0.10804247 0.66795355
vt 0.10159276 0.68158776
vt 0.10301396 0.67020065
vt 0.09566107 0.67164463
vt 0.09858902 0.66387630
vt 0.10358933 0.65759480
vt 0.09731296 0.64627928
vt 0.10297179 0.64824122
vt 0.10593990 0.64546227
vt 0.09936440 0.64448667
vt 0.10369343 0.64484906
vt 0.09277435 0.66383713
vt 0.09149716 0.64859605
vt 0.09454616 0.64590859
vt 0.09455350 0.64471388
vt 0.08733718 0.66954762
vt 0.10077017 0.64367270
vt 0.08741936 0.67435479
vt 0.09029739 0.64515483
vt 0.08700812 0.64547276
vt 0.08647057 0.64968747
vt 0.08186629 0.64822918
vt 0.08561722 0.67898625
vt 0.49773613 0.64517516
vt 0.49276453 0.64059240
vt 0.52923799 0.64369124
vt 0.45448920 0.63832659
vt 0.45724025 0.64811105
vt 0.48339394 0.65096718
vt 0.52431947 0.65300363
vt 0.53633469 0.64999008
vt 0.45783147 0.65651524
vt 0.48570973 0.65825444
vt 0.52740866 0.66130346
vt 0.43398044 0.63942230
vt 0.43019569 0.64105809
vt 0.44593590 0.63819188
vt 0.41888458 0.65494317
vt 0.41908979 0.64505911
vt 0.40013459 0.64454573
vt 0.38201457 0.64973015
vt 0.40775719 0.64171010
vt 0.37553439 0.64320040
vt 0.36303279 0.64645040
vt 0.35220271 0.65390509
vt 0.35146967 0.64784932
vt 0.40321723 0.65992761
vt 0.54556984 0.65771049
vt 0.56938982 0.65674734
vt 0.48323265 0.66554475
vt 0.53002608 0.66850787
vt 0.45665473 0.66405487
vt 0.41955033 0.66583896
vt 0.33671921 0.64786416
vt 0.38340428 0.66125852
vt 0.31279820 0.64845276
vt 0.31189343 0.66625935
vt 0.27208936 0.66465527
vt 0.28920540 0.64601493
vt 0.27684978 0.64514661
vt 0.35485685 0.66322905
vt 0.34693372 0.67011237
vt 0.31994951 0.66920865
vt 0.27758774 0.67040944
vt 0.38597471 0.67005050
vt 0.56704885 0.66928202
vt 0.23662832 0.67029834
vt 0.23899560 0.66218919
vt 0.17285617 0.66809720
vt 0.16042024 0.64545441
vt 0.18868338 0.64584303
vt 0.14642453 0.65915245
vt 0.19122668 0.66827977
vt 0.21584664 0.65613019
vt 0.19421649 0.64343071
vt 0.22657920 0.64496928
vt 0.25682646 0.64495027
vt 0.14532615 0.66826737
vt 0.13755858 0.64619929
vt 0.13269098 0.66523880
vt 0.60188305 0.66556448
vt 0.60253352 0.66939878
vt 0.49010062 0.67009020
vt 0.19701985 0.67050153
vt 0.45600545 0.66996920
vt 0.13191180 0.64624465
vt 0.31038684 0.64535791
vt 0.32527417 0.64453077
vt 0.59300989 0.65527886
vt 0.60305732 0.67272949
vt 0.57388204 0.67293960
vt 0.62636107 0.67186296
vt 0.62767506 0.66552466
vt 0.64910358 0.66755432
vt 0.60473853 0.65283597
vt 0.62973362 0.65712380
vt 0.65301949 0.67187905
vt 0.66999942 0.67307943
vt 0.67561036 0.66974860
vt 0.68650973 0.67172468
vt 0.68828273 0.66798788
vt 0.60820621 0.67452013
vt 0.70789790 0.67221224
vt 0.71046758 0.66647029
vt 0.73271632 0.66855216
vt 0.73441499 0.67181736
vt 0.75128734 0.67154658
vt 0.75372285 0.66844928
vt 0.77378035 0.66850418
vt 0.78020245 0.67213154
vt 0.78878862 0.66934258
vt 0.70563900 0.67403042
vt 0.78864104 0.67125082
vt 0.81015491 0.67086619
vt 0.81426603 0.66805363
vt 0.80773288 0.66381580
vt 0.81976032 0.66381311
vt 0.79273093 0.66479021
vt 0.82849610 0.66782367
vt 0.83307314 0.66320848
vt 0.73835748 0.66374618
vt 0.72744542 0.67460680
vt 0.73816007 0.67364484
vt 0.62942213 0.67477137
vt 0.76270384 0.66469657
vt 0.82779419 0.67122871
vt 0.56952918 0.64565998
vt 0.58875626 0.64517403
vt 0.84011263 0.66732532
vt 0.83729941 0.66981828
vt 0.65702850 0.67519277
vt 0.69134301 0.67462730
vt 0.67229325 0.67449701
vt 0.12081383 0.66119075
vt 0.84057468 0.66299397
vt 0.67232960 0.66323501
vt 0.65112263 0.65491736
vt 0.60780841 0.64291602
vt 0.62754965 0.64998090
vt 0.11613572 0.66772157
vt 0.28931710 0.64373314
vt 0.70617437 0.66293043
vt 0.73333699 0.65510088
vt 0.82781839 0.65514088
vt 0.12119579 0.64658356
vt 0.81129837 0.65576845
vt 0.79349995 0.65391046
vt 0.76511925 0.65453529
vt 0.69188291 0.65927625
vt 0.16212100 0.64296377
vt 0.56712991 0.64205432
vt 0.70691472 0.64621097
vt 0.69015831 0.64974117
vt 0.67614663 0.64689714
vt 0.66530615 0.64635944
vt 0.64588362 0.64676291
vt 0.58485776 0.64004022
vt 0.71924955 0.64644486
vt 0.73247939 0.64650816
vt 0.75458163 0.64593917
vt 0.76969695 0.64633679
vt 0.79307991 0.64415228
vt 0.81028610 0.64348692
vt 0.82045805 0.64332443
vt 0.83197933 0.64330047
vt 0.14822946 0.64298457
vt 0.13926296 0.64345288
vt 0.47826582 0.63498753
vt 0.41607308 0.63973510
vt 0.52804095 0.63888860
vt 0.83927977 0.65111643
vt 0.63115656 0.64344662
vt 0.63881737 0.64245766
vt 0.19039054 0.64254433
vt 0.18547274 0.64111763
vt 0.21564043 0.64164680
vt 0.33994994 0.64457238
vt 0.36232275 0.64444733
vt 0.59387612 0.63543755
vt 0.39088145 0.64284807
vt 0.39910921 0.64182603
vt 0.31800428 0.64316440
vt 0.62331772 0.63994390
vt 0.71666497 0.64475793
vt 0.56743973 0.63468373
vt 0.60807949 0.63488358
vt 0.61632681 0.63742650
vt 0.68622166 0.64652163
vt 0.67947429 0.64484859
vt 0.83997399 0.64139074
vt 0.11363846 0.64734578
vt 0.11162627 0.66405523
vt 0.11612877 0.64502895
vt 0.12256639 0.64377290
vt 0.13094755 0.64173770
vt 0.12219124 0.64206403
vt 0.23252428 0.64290708
vt 0.52552623 0.63545132
vt 0.45868805 0.63593638
vt 0.27836788 0.64278603
vt 0.23310590 0.64122111
vt 0.28943548 0.64155370
vt 0.28978956 0.64268756
vt 0.31648111 0.64244044
vt 0.31912023 0.64166796
vt 0.78980666 0.64201605
vt 0.76929724 0.64299440
vt 0.81697434 0.64144665
vt 0.56883174 0.63056552
vt 0.14663337 0.64190203
vt 0.85144252 0.65504694
vt 0.52010226 0.63168108
vt 0.84937936 0.64594465
vt 0.33793458 0.64222378
vt 0.58470333 0.62837338
vt 0.60212749 0.63159442
vt 0.32115918 0.64003748
vt 0.33870935 0.64078236
vt 0.35464540 0.64245313
vt 0.33829185 0.63698113
vt 0.36591634 0.64084893
vt 0.36518264 0.63729966
vt 0.31267792 0.63710159
vt 0.28234881 0.63989806
vt 0.25631091 0.63966930
vt 0.28043059 0.63724291
vt 0.16292599 0.64122605
vt 0.14942171 0.64125210
vt 0.85132217 0.66302699
vt 0.48917186 0.63206065
vt 0.85327899 0.66725492
vt 0.23054218 0.64234132
vt 0.24387497 0.63107628
vt 0.22696243 0.63950199
vt 0.22476642 0.63780588
vt 0.18895783 0.63427579
vt 0.16131902 0.63823104
vt 0.15271762 0.63985401
vt 0.22452392 0.64052463
vt 0.16087018 0.63423419
vt 0.15145423 0.63026834
vt 0.13345963 0.63378656
vt 0.14350794 0.63922703
vt 0.13218634 0.63709414
vt 0.18728164 0.63035393
vt 0.16672345 0.62825298
vt 0.31281903 0.63067931
vt 0.34349191 0.63023782
vt 0.28587988 0.62928593
vt 0.12424632 0.63849384
vt 0.14108524 0.63988012
vt 0.80548382 0.64073235
vt 0.78899068 0.64081699
vt 0.80305642 0.63783658
vt 0.78858888 0.63554418
vt 0.77228439 0.64091212
vt 0.76924402 0.63550031
vt 0.75664955 0.64104307
vt 0.76748371 0.63772798
vt 0.75406337 0.63914102
vt 0.73423243 0.63902390
vt 0.73690283 0.64112657
vt 0.72980672 0.64153343
vt 0.81185007 0.63513869
vt 0.72800153 0.63894296
vt 0.81196821 0.64074880
vt 0.82564706 0.63831645
vt 0.75144988 0.63484186
vt 0.80362517 0.62895751
vt 0.81684136 0.61945689
vt 0.82941759 0.62686551
vt 0.79069179 0.62273145
vt 0.83961987 0.63740546
vt 0.83929694 0.62673384
vt 0.83571219 0.64023709
vt 0.82822728 0.64038885
vt 0.82073343 0.64042658
vt 0.77548116 0.62656420
vt 0.75573307 0.62897593
vt 0.79011369 0.61742359
vt 0.80320174 0.61595780
vt 0.75409913 0.61753529
vt 0.74681389 0.62286186
vt 0.82652259 0.61514950
vt 0.84009814 0.61673945
vt 0.72675461 0.62973577
vt 0.70391852 0.63108784
vt 0.72641021 0.64087176
vt 0.68563050 0.63836187
vt 0.66553789 0.63457936
vt 0.68647754 0.63068587
vt 0.69900197 0.63837487
vt 0.70122987 0.64134204
vt 0.66057062 0.63817239
vt 0.64100975 0.63773614
vt 0.66455942 0.64140904
vt 0.64772797 0.64084172
vt 0.64152867 0.63371700
vt 0.63190246 0.63718945
vt 0.69233817 0.64205110
vt 0.68431747 0.64209747
vt 0.68339604 0.64065027
vt 0.38027567 0.62708998
vt 0.74439836 0.61554736
vt 0.37155810 0.64253217
vt 0.63017505 0.63906014
vt 0.14087096 0.62947524
vt 0.63224202 0.63540810
vt 0.62389320 0.63279891
vt 0.75437343 0.64285952
vt 0.78955334 0.61458236
vt 0.64756227 0.64364660
vt 0.59488028 0.62813663
vt 0.69968331 0.61729354
vt 0.61126131 0.63457775
vt 0.73855424 0.64382923
vt 0.75294071 0.64397043
vt 0.53001219 0.62691957
vt 0.58194298 0.62369508
vt 0.19046122 0.62661350
vt 0.24225357 0.62577105
vt 0.38108727 0.63031191
vt 0.43272617 0.63034552
vt 0.38310277 0.63563758
vt 0.36667782 0.63924408
vt 0.39420745 0.63949353
vt 0.40277031 0.63749367
vt 0.42696878 0.63336390
vt 0.42230314 0.63735032
vt 0.43754846 0.63380390
vt 0.44778660 0.63346457
vt 0.43368611 0.63722175
vt 0.63080758 0.62976277
vt 0.64274871 0.63085592
vt 0.84114116 0.64013875
vt 0.45503783 0.62773705
vt 0.45851484 0.63033533
vt 0.46781880 0.63125080
vt 0.39082673 0.64062560
vt 0.38979641 0.64184749
vt 0.85120273 0.62552553
vt 0.85176605 0.61785060
vt 0.84390503 0.63489747
vt 0.84924072 0.63992006
vt 0.29157206 0.62318397
vt 0.31143236 0.62323958
vt 0.27157256 0.62371743
vt 0.35358727 0.62304765
vt 0.41225305 0.62275589
vt 0.38375503 0.62199557
vt 0.47965112 0.62895590
vt 0.67462379 0.62415302
vt 0.65613228 0.63164276
vt 0.82057410 0.61256748
vt 0.50560606 0.62898159
vt 0.52525842 0.62648308
vt 0.85106450 0.64157242
vt 0.12120222 0.63145262
vt 0.69239855 0.64403635
vt 0.68279886 0.64396816
vt 0.85266274 0.63769704
vt 0.68146533 0.61576265
vt 0.66213179 0.61552101
vt 0.11276772 0.63445300
vt 0.55599123 0.62216073
vt 0.54970491 0.62503487
vt 0.85139537 0.61475402
vt 0.11632559 0.63767076
vt 0.13159969 0.62769610
vt 0.66601557 0.64232230
vt 0.63684213 0.64012599
vt 0.63958770 0.62520862
vt 0.14695278 0.62182766
vt 0.16357931 0.62201422
vt 0.24064659 0.62244463
vt 0.19072534 0.62320858
vt 0.83972156 0.60926300
vt 0.66435093 0.64378625
vt 0.73303109 0.64225322
vt 0.64924175 0.64515460
vt 0.65498310 0.64644808
vt 0.65368026 0.64511222
vt 0.73104084 0.64355505
vt 0.34223464 0.62069649
vt 0.43513957 0.62126726
vt 0.46824729 0.62170774
vt 0.49742699 0.62428570
vt 0.63033426 0.61858046
vt 0.77777785 0.61075974
vt 0.80583721 0.60780197
vt 0.79290003 0.60610843
vt 0.61435741 0.62513369
vt 0.71271181 0.61356479
vt 0.38137028 0.61929256
vt 0.56926352 0.61813658
vt 0.58004695 0.62045366
vt 0.10759110 0.63665438
vt 0.73676717 0.60991836
vt 0.85326350 0.64015430
vt 0.82878375 0.60726625
vt 0.46729296 0.63328165
vt 0.58495301 0.62111217
vt 0.11964558 0.64275211
vt 0.12997787 0.62015742
vt 0.26691848 0.61810261
vt 0.29100791 0.61841691
vt 0.31299442 0.61803222
vt 0.71841478 0.64383578
vt 0.71952593 0.64232314
vt 0.69445151 0.64312267
vt 0.69601899 0.61013162
vt 0.73933679 0.60662657
vt 0.54153717 0.62212819
vt 0.62372565 0.63686728
vt 0.61792487 0.63428968
vt 0.12065981 0.62259513
vt 0.50001001 0.61860883
vt 0.11487141 0.62709701
vt 0.18795483 0.61918044
vt 0.20741232 0.61891085
vt 0.23943780 0.61808527
vt 0.63450819 0.61247212
vt 0.61281413 0.61476940
vt 0.10458051 0.63299298
vt 0.45797506 0.63325542
vt 0.49308503 0.62807173
vt 0.50288296 0.62609130
vt 0.84957415 0.60690677
vt 0.85299641 0.60889149
vt 0.85986072 0.61581850
vt 0.60937524 0.62366706
vt 0.50692314 0.62280220
vt 0.52020478 0.62138128
vt 0.11252870 0.64447129
vt 0.11191276 0.64296305
vt 0.59464926 0.61423439
vt 0.86062020 0.62483925
vt 0.86312395 0.64540869
vt 0.65502000 0.60801059
vt 0.68401545 0.60682887
vt 0.50798923 0.61380613
vt 0.53417140 0.61328769
vt 0.86054277 0.64204150
vt 0.61826319 0.63061875
vt 0.86033046 0.64007163
vt 0.70514476 0.60444272
vt 0.59026986 0.62332147
vt 0.86226076 0.65454191
vt 0.85979176 0.66286862
vt 0.54913771 0.61972213
vt 0.56394476 0.61929166
vt 0.51000446 0.62721747
vt 0.09756370 0.63465625
vt 0.47985104 0.61383426
vt 0.38803938 0.61314702
vt 0.34854835 0.61246872
vt 0.38413665 0.60843515
vt 0.41667649 0.60752851
vt 0.44462708 0.61442000
vt 0.14423242 0.61725330
vt 0.60998780 0.63104939
vt 0.60528177 0.62487274
vt 0.52978444 0.62029254
vt 0.83926082 0.60526818
vt 0.49252465 0.62976414
vt 0.53793824 0.61929035
vt 0.60776067 0.60887736
vt 0.16109967 0.61419785
vt 0.11112432 0.62017149
vt 0.09760324 0.63106513
vt 0.82023436 0.60441697
vt 0.11820658 0.61700922
vt 0.60039777 0.62000179
vt 0.86813897 0.65633821
vt 0.10166297 0.62212050
vt 0.31135225 0.60822546
vt 0.34975916 0.60609716
vt 0.29174846 0.60888153
vt 0.60461473 0.62820452
vt 0.54483736 0.61372328
vt 0.86627954 0.62545031
vt 0.19059472 0.61266065
vt 0.59752953 0.62558341
vt 0.86815685 0.64300638
vt 0.86504191 0.61499190
vt 0.75147218 0.60334879
vt 0.58381319 0.60307699
vt 0.48423684 0.60655189
vt 0.50738591 0.60631037
vt 0.67650467 0.60337317
vt 0.60448271 0.60314715
vt 0.10841552 0.64354867
vt 0.59490734 0.62387216
vt 0.86727351 0.64003241
vt 0.13013653 0.61338109
vt 0.57407314 0.61810023
vt 0.85965645 0.60693282
vt 0.14374612 0.61096305
vt 0.26329681 0.61048275
vt 0.24238326 0.60986316
vt 0.53767699 0.60670125
vt 0.73121417 0.60248893
vt 0.55371916 0.60786021
vt 0.55119359 0.61538762
vt 0.56357360 0.60883194
vt 0.58523077 0.61156380
vt 0.84754890 0.67095459
vt 0.86707288 0.66562092
vt 0.85282034 0.60443783
vt 0.54734558 0.61772871
vt 0.15975653 0.60894972
vt 0.18380794 0.60720330
vt 0.20366280 0.60670489
vt 0.57954913 0.60564482
vt 0.10729855 0.61689502
vt 0.37981921 0.60542434
vt 0.41240641 0.60426664
vt 0.56047070 0.61479884
vt 0.26250204 0.60525054
vt 0.23906125 0.60523427
vt 0.63672596 0.60209674
vt 0.59521586 0.60034150
vt 0.11728521 0.61193240
vt 0.54365462 0.60276830
vt 0.79171741 0.60208440
vt 0.12992075 0.60857469
vt 0.84031761 0.59939718
vt 0.82588947 0.59915352
vt 0.81224549 0.59850097
vt 0.56078398 0.60188633
vt 0.14499585 0.60568225
vt 0.45374829 0.60371262
vt 0.57476360 0.60135823
vt 0.56902641 0.60993689
vt 0.57754922 0.60931200
vt 0.58097303 0.59726006
vt 0.08933759 0.63260251
vt 0.50221968 0.60281932
vt 0.56360334 0.61415595
vt 0.09244253 0.62950259
vt 0.18087760 0.60416532
vt 0.69544941 0.59774017
vt 0.67850393 0.59671468
vt 0.31578180 0.60408890
vt 0.74925399 0.59718806
vt 0.78883332 0.59853172
vt 0.72459060 0.59632862
vt 0.86989468 0.60696507
vt 0.59700948 0.61799860
vt 0.59242576 0.61692989
vt 0.85317177 0.59867185
vt 0.59845048 0.59315675
vt 0.63139015 0.59428239
vt 0.10244788 0.61461049
vt 0.59090638 0.61455107
vt 0.40750188 0.59758508
vt 0.35231480 0.59958780
vt 0.34969062 0.59583133
vt 0.38068712 0.59287483
vt 0.45020810 0.59783435
vt 0.30921194 0.59957451
vt 0.28786027 0.60249251
vt 0.22438808 0.59605783
vt 0.25813389 0.59547895
vt 0.86268562 0.60485703
vt 0.86271739 0.59871632
vt 0.29255643 0.59471571
vt 0.31054205 0.59210467
vt 0.57794315 0.59216768
vt 0.53516597 0.59665895
vt 0.50292820 0.59635299
vt 0.56801075 0.59427273
vt 0.55006546 0.59491116
vt 0.09541929 0.62051231
vt 0.87489033 0.61558038
vt 0.34669867 0.59116089
vt 0.11043663 0.60895091
vt 0.87366694 0.61363977
vt 0.13012272 0.60460496
vt 0.41308808 0.59254092
vt 0.44467258 0.59239554
vt 0.49381363 0.59197855
vt 0.81840324 0.59414667
vt 0.11655538 0.60314411
vt 0.68952554 0.59498107
vt 0.87598401 0.65335935
vt 0.87797970 0.64447212
vt 0.87577397 0.62569183
vt 0.87713766 0.63895583
vt 0.28220758 0.58990973
vt 0.31065807 0.58672762
vt 0.24294874 0.59151274
vt 0.35207990 0.58823955
vt 0.39389914 0.58838564
vt 0.17794557 0.59603572
vt 0.15526675 0.59678996
vt 0.57814771 0.61766237
vt 0.10105256 0.60848862
vt 0.83894414 0.59503144
vt 0.87159103 0.64215040
vt 0.87636143 0.64210784
vt 0.29084459 0.58198088
vt 0.33107477 0.58225214
vt 0.20800206 0.59027755
vt 0.51605034 0.59160298
vt 0.87445903 0.64032948
vt 0.14478473 0.59710819
vt 0.12856759 0.59740299
vt 0.08925001 0.62479728
vt 0.86924714 0.60339689
vt 0.56838816 0.61240292
vt 0.27925524 0.58195972
vt 0.42313838 0.58811265
vt 0.59855247 0.58794492
vt 0.58205891 0.58724993
vt 0.57111049 0.58807665
vt 0.26099542 0.58499837
vt 0.23160587 0.58525813
vt 0.08906448 0.61302227
vt 0.85388511 0.59439236
vt 0.87715811 0.66292775
vt 0.10272758 0.59938681
vt 0.08415156 0.62744731
vt 0.87901181 0.60420138
vt 0.58917826 0.62082273
vt 0.80386502 0.67282426
vt 0.88380867 0.61205167
vt 0.87225199 0.59700489
vt 0.58237970 0.61829692
vt 0.11122572 0.59614742
vt 0.88397044 0.61486757
vt 0.88420331 0.62560380
vt 0.88384223 0.63879508
vt 0.56179738 0.61652499
vt 0.11485342 0.59337115
vt 0.12713729 0.59223425
vt 0.08217457 0.61831450
vt 0.88500869 0.65053964
vt 0.75675744 0.67446125
vt 0.88525146 0.65829057
vt 0.09100220 0.60790688
vt 0.85492909 0.67063814
vt 0.86275953 0.67055762
vt 0.87687373 0.66659164
vt 0.88482744 0.64252126
vt 0.88005298 0.64170206
vt 0.09710142 0.60427415
vt 0.88601822 0.66484189
vt 0.07869934 0.62933528
vt 0.87925792 0.64068067
vt 0.59812063 0.62166691
vt 0.08548834 0.61103648
vt 0.87279904 0.66977715
vt 0.88377953 0.64057541
vt 0.58343637 0.61406356
vt 0.88375157 0.60166854
vt 0.88035953 0.59597105
vt 0.88950294 0.64413452
vt 0.89536577 0.64430642
vt 0.89583814 0.65569419
vt 0.89249343 0.64221269
vt 0.88972163 0.64091343
vt 0.89694721 0.64238894
vt 0.88559562 0.66955167
vt 0.90506649 0.65392309
vt 0.89712894 0.66580868
vt 0.90556735 0.66152960
vt 0.90488100 0.64635181
vt 0.90535873 0.66616845
vt 0.90531707 0.64352280
vt 0.90941352 0.64485139
vt 0.88622314 0.64063448
vt 0.91360408 0.64661938
vt 0.91449654 0.65394974
vt 0.91604745 0.64503127
vt 0.91764957 0.66132754
vt 0.92106616 0.64734334
vt 0.92037624 0.65326011
vt 0.92061335 0.66574675
vt 0.92400169 0.64530462
vt 0.93156618 0.64841604
vt 0.93364006 0.65785682
vt 0.93360221 0.66270465
vt 0.94666398 0.65081751
vt 0.94674838 0.65531194
vt 0.94644058 0.66131777
vt 0.67719132 0.58562273
vt 0.66965127 0.57734704
vt 0.67719132 0.57646519
vt 0.49186420 0.89665413
vt 0.50101310 0.89819652
vt 0.49080619 0.90091628
vt 0.50155848 0.90317982
vt 0.48724705 0.89570838
vt 0.49944401 0.89413136
vt 0.49393073 0.89103574
vt 0.50847322 0.89268374
vt 0.51034313 0.90025640
vt 0.51368457 0.89778233
vt 0.50764853 0.90338826
vt 0.48614874 0.88910359
vt 0.49814081 0.88764262
vt 0.51516914 0.89133555
vt 0.50484699 0.88712907
vt 0.48119986 0.89420813
vt 0.48114985 0.89868605
vt 0.49084955 0.88521522
vt 0.52498621 0.89299113
vt 0.52557594 0.89728451
vt 0.52427763 0.88984978
vt 0.51738167 0.90320700
vt 0.51297313 0.88674510
vt 0.49040246 0.90234298
vt 0.52235979 0.88507324
vt 0.52623260 0.90166777
vt 0.52827519 0.90338826
vt 0.87526828 0.78120112
vt 0.87053871 0.78472888
vt 0.86771172 0.78001040
vt 0.87280267 0.77751189
vt 0.88008326 0.78494060
vt 0.87371695 0.78823209
vt 0.88463801 0.78185529
vt 0.88167191 0.77808338
vt 0.87875623 0.77391022
vt 0.86689609 0.78862602
vt 0.86239111 0.78518736
vt 0.87047315 0.79238814
vt 0.86703217 0.79484737
vt 0.86370087 0.79247254
vt 0.85818118 0.79044378
vt 0.86066699 0.79667950
vt 0.85556138 0.79421210
vt 0.86337608 0.79987514
vt 0.87505579 0.78969038
vt 0.87248087 0.77543497
vt 0.85611922 0.80360907
vt 0.86616755 0.79878467
vt 0.85963136 0.80718797
vt 0.88502741 0.78608125
vt 0.87851882 0.79001719
vt 0.88071293 0.77103245
vt 0.87414426 0.79479253
vt 0.86072242 0.81060225
vt 0.85493350 0.81716782
vt 0.85705829 0.82024306
vt 0.85429144 0.82268929
vt 0.85172760 0.83188635
vt 0.88357508 0.77168947
vt 0.88389945 0.76785713
vt 0.88877380 0.77075601
vt 0.85703373 0.77539390
vt 0.89492333 0.77134389
vt 0.88971174 0.78622800
vt 0.89385498 0.78193551
vt 0.85072851 0.97083884
vt 0.84763235 0.97512919
vt 0.84371823 0.96866304
vt 0.84765553 0.96490926
vt 0.85124874 0.96385354
vt 0.84506887 0.95931816
vt 0.84143955 0.96340585
vt 0.85538226 0.96986049
vt 0.85586268 0.97666579
vt 0.85224766 0.98071980
vt 0.86096835 0.97537076
vt 0.86084306 0.98148197
vt 0.86369902 0.97909480
vt 0.85633194 0.98489010
vt 0.85614556 0.96600598
vt 0.85915011 0.96957630
vt 0.86210692 0.97323841
vt 0.87104142 0.97836941
vt 0.85056216 0.96030289
vt 0.84784430 0.95724833
vt 0.84275603 0.95077401
vt 0.84707314 0.94878936
vt 0.84196216 0.94395733
vt 0.84485954 0.94101655
vt 0.83882523 0.95478469
vt 0.83736616 0.94746625
vt 0.85006469 0.95276034
vt 0.85314286 0.95957273
vt 0.84985143 0.94451916
vt 0.84531653 0.93421423
vt 0.84779918 0.92480606
vt 0.84583086 0.91599947
vt 0.84835452 0.89938056
vt 0.84678298 0.88953453
vt 0.85030258 0.86184704
vt 0.84856844 0.86033624
vt 0.85012215 0.84035295
vt 0.84306163 0.88065052
vt 0.84418184 0.86354983
vt 0.84606808 0.84381998
vt 0.84159058 0.91512907
vt 0.84131330 0.93361306
vt 0.84710705 0.83166009
vt 0.84998447 0.83331174
vt 0.83694810 0.90162170
vt 0.83859080 0.86938292
vt 0.84083104 0.84418291
vt 0.84258837 0.83123815
vt 0.84377074 0.82496935
vt 0.84888220 0.82531142
vt 0.83647501 0.93650579
vt 0.84780329 0.81494272
vt 0.85193646 0.81585467
vt 0.84705454 0.81258994
vt 0.85372132 0.80945247
vt 0.85158378 0.80479246
vt 0.85108995 0.80222088
vt 0.89308274 0.93696702
vt 0.88465250 0.90487444
vt 0.89658791 0.90284806
vt 0.89879221 0.87984526
vt 0.91165590 0.87803555
vt 0.90600115 0.90736371
vt 0.89839047 0.86912417
vt 0.87955546 0.93977046
vt 0.89082760 0.95300651
vt 0.88026160 0.95204628
vt 0.90708530 0.93089134
vt 0.90114683 0.95251781
vt 0.90998906 0.90250981
vt 0.91193533 0.85825747
vt 0.89933109 0.85852712
vt 0.91104561 0.84615248
vt 0.90423101 0.84191126
vt 0.90629220 0.83241892
vt 0.88906878 0.96341872
vt 0.87715572 0.96261275
vt 0.88080424 0.87337673
vt 0.87166739 0.90607506
vt 0.86799365 0.94845659
vt 0.86696237 0.96180028
vt 0.88336849 0.85797799
vt 0.89485365 0.83594638
vt 0.89843678 0.82272351
vt 0.90194625 0.82009530
vt 0.87297130 0.84033710
vt 0.86677927 0.86350346
vt 0.88507646 0.81869012
vt 0.86446005 0.89711124
vt 0.86154443 0.93135792
vt 0.89339864 0.80483562
vt 0.88040382 0.80579913
vt 0.86257589 0.95183200
vt 0.89840120 0.80355722
vt 0.87454551 0.82087535
vt 0.86769843 0.83687949
vt 0.88233244 0.79553038
vt 0.85502923 0.89462686
vt 0.85316068 0.92772263
vt 0.85468614 0.94964546
vt 0.85733742 0.85790944
vt 0.88770968 0.79146153
vt 0.89416033 0.79313934
vt 0.86834967 0.81911671
vt 0.85873789 0.83872902
vt 0.87362605 0.80381459
vt 0.85885453 0.96148455
vt 0.90241420 0.80736041
vt 0.90659153 0.81808937
vt 0.89911389 0.96340787
vt 0.87475139 0.97262406
vt 0.88454229 0.97353411
vt 0.91014993 0.83441287
vt 0.90950549 0.82608896
vt 0.91706097 0.86167115
vt 0.86726701 0.97042108
vt 0.91786748 0.87996376
vt 0.86280298 0.81796640
vt 0.86868906 0.80375957
vt 0.89885420 0.79873943
vt 0.89622378 0.97298068
vt 0.90777898 0.95158726
vt 0.88071358 0.79236931
vt 0.91344857 0.93176407
vt 0.90143073 0.97064590
vt 0.90827876 0.96574295
vt 0.91375172 0.94912428
vt 0.91428834 0.84810460
vt 0.89026159 0.97995418
vt 0.92001677 0.92037606
vt 0.92008317 0.89013153
vt 0.92081869 0.86681271
vt 0.87691897 0.97914565
vt 0.91124302 0.96961701
vt 0.90426409 0.97671187
vt 0.89690155 0.97962832
vt 0.85036421 0.90100694
vt 0.85218531 0.85902572
vt 0.91845977 0.93499762
vt 0.91176474 0.97525370
vt 0.92280978 0.88819516
vt 0.92316312 0.87510335
vt 0.91609526 0.95714295
vt 0.85509485 0.83269691
vt 0.89655203 0.78923863
vt 0.90012258 0.79307783
vt 0.91050309 0.97954237
vt 0.91510612 0.98023522
vt 0.91511142 0.97573406
vt 0.91486835 0.96770310
vt 0.91749984 0.97548389
vt 0.91818649 0.96489638
vt 0.91692638 0.96147889
vt 0.91964507 0.95685238
vt 0.92114627 0.95156938
vt 0.91983229 0.94547951
vt 0.92283905 0.95120823
vt 0.92192084 0.97881556
vt 0.92271090 0.97212696
vt 0.92539161 0.97655767
vt 0.92490613 0.98127842
vt 0.93157905 0.97992259
vt 0.93068683 0.98353785
vt 0.93931723 0.98152131
vt 0.93655008 0.98489010
vt 0.94649619 0.98479640
vt 0.94511205 0.98183453
vt 0.94876492 0.98085606
vt 0.92128849 0.96495843
vt 0.95309263 0.97895271
vt 0.95315695 0.98451084
vt 0.95897585 0.97859401
vt 0.95719594 0.97644925
vt 0.96117371 0.97316879
vt 0.97604537 0.96893007
vt 0.96557420 0.96912283
vt 0.97128093 0.96355319
vt 0.97865003 0.96449172
vt 0.97868466 0.95705050
vt 0.98479909 0.95310187
vt 0.96551257 0.97727013
vt 0.98212022 0.96283293
vt 0.97118932 0.95467782
vt 0.97912216 0.95183063
vt 0.97423166 0.94865817
vt 0.96438491 0.95917946
vt 0.96176445 0.95391375
vt 0.96030593 0.95034468
vt 0.97270101 0.93862891
vt 0.96054244 0.94129002
vt 0.95419359 0.94583833
vt 0.97635561 0.92142040
vt 0.95922202 0.92887729
vt 0.96983391 0.91122103
vt 0.96349651 0.90603775
vt 0.97811937 0.90141279
vt 0.97336173 0.89296848
vt 0.98516792 0.90670872
vt 0.94887197 0.93762821
vt 0.95465791 0.91230446
vt 0.94884068 0.94396925
vt 0.98491001 0.91950387
vt 0.98112077 0.94018400
vt 0.95558298 0.94877338
vt 0.96106267 0.89189476
vt 0.95514596 0.90252686
vt 0.98296964 0.89499813
vt 0.98904073 0.89787573
vt 0.94839042 0.91233116
vt 0.94393909 0.93462294
vt 0.97835273 0.89128506
vt 0.95230293 0.89682430
vt 0.93976283 0.94204074
vt 0.98237437 0.94712520
vt 0.98875517 0.91963303
vt 0.99063188 0.90473986
vt 0.96600705 0.88773352
vt 0.93852866 0.91467553
vt 0.94621301 0.89897561
vt 0.94101095 0.90766901
vt 0.98453575 0.94180351
vt 0.93651623 0.93044901
vt 0.93664664 0.93804461
vt 0.95009363 0.88926649
vt 0.95862180 0.88718331
vt 0.93555903 0.91379565
vt 0.93314070 0.94498801
vt 0.96485364 0.96059161
vt 0.98635930 0.89137465
vt 0.93838853 0.90242827
vt 0.97842854 0.88882971
vt 0.95362884 0.95690292
vt 0.94807577 0.95218664
vt 0.94606978 0.95873511
vt 0.94989341 0.96217161
vt 0.94486791 0.96545768
vt 0.93953097 0.96007341
vt 0.94298685 0.95580822
vt 0.93863827 0.96705163
vt 0.93269295 0.96575850
vt 0.93476474 0.95979148
vt 0.93732268 0.95560151
vt 0.94412643 0.97045135
vt 0.93253917 0.96904266
vt 0.95176291 0.96729332
vt 0.95719504 0.96235830
vt 0.93715644 0.97312331
vt 0.94370532 0.94949698
vt 0.95813435 0.95861137
vt 0.94354916 0.97439641
vt 0.93215966 0.97468919
vt 0.95056039 0.97128540
vt 0.93866956 0.94816995
vt 0.95590091 0.96680975
vt 0.92759573 0.96981120
vt 0.92943925 0.97388536
vt 0.92772102 0.96642208
vt 0.94319010 0.89452547
vt 0.94647181 0.89089864
vt 0.93190736 0.93317950
vt 0.93154484 0.94125813
vt 0.93067980 0.95939440
vt 0.99349231 0.91037619
vt 0.93735111 0.97638363
vt 0.94413418 0.94431370
vt 0.93759704 0.94562751
vt 0.94266152 0.97693455
vt 0.96133232 0.98259592
vt 0.98774761 0.94112891
vt 0.99127823 0.92285377
vt 0.99405086 0.90247405
vt 0.91364008 0.98167706
vt 0.94721884 0.97695273
vt 0.96417397 0.96408296
vt 0.94719177 0.88865823
vt 0.90182853 0.98169953
vt 0.91246963 0.83451885
vt 0.97443658 0.97538429
vt 0.93376714 0.95324302
vt 0.95315742 0.88653910
vt 0.95611590 0.97178286
vt 0.90384829 0.80046797
vt 0.90734315 0.80883193
vt 0.92414749 0.94672334
vt 0.99151039 0.89583850
vt 0.96896213 0.97915280
vt 0.95161432 0.97472340
vt 0.92523980 0.95727587
vt 0.95050365 0.88654876
vt 0.92218661 0.94458503
vt 0.92087340 0.98300439
vt 0.98622894 0.95632094
vt 0.95441061 0.88439447
vt 0.98257822 0.96777523
vt 0.92215282 0.92303020
vt 0.92276824 0.86771649
vt 0.92627716 0.90844065
vt 0.91941416 0.85724771
vt 0.98522687 0.96289968
vt 0.92566323 0.94158924
vt 0.92855924 0.94116354
vt 0.92770582 0.93271512
vt 0.93355125 0.91445059
vt 0.93294126 0.91088247
vt 0.93658298 0.90195411
vt 0.93492413 0.90102845
vt 0.93687481 0.89515191
vt 0.92567146 0.88897330
vt 0.92424113 0.96638709
vt 0.93498433 0.89516127
vt 0.98963279 0.94208264
vt 0.99320263 0.92350197
vt 0.92788732 0.88326645
vt 0.90940171 0.81637806
vt 0.98762053 0.96199703
vt 0.95993322 0.88529670
vt 0.98864412 0.95629567
vt 0.99031216 0.94986910
vt 0.99533051 0.91150439
vt 0.94432068 0.89053547
vt 0.93822771 0.97926730
vt 0.93987381 0.89646542
vt 0.99561006 0.89878386
vt 0.99777579 0.90783876
vt 0.99283987 0.93633091
vt 0.94058120 0.89114118
vt 0.99672157 0.91563076
vt 0.99682814 0.90359396
vt 0.99767804 0.93236756
vt 0.99539483 0.94308436
vt 0.99181288 0.95649225
vt 0.99952877 0.92218053
vt 0.39245391 0.79596174
vt 0.39919814 0.79611522
vt 0.39309138 0.80064863
vt 0.40228674 0.80063397
vt 0.39413851 0.80540293
vt 0.40299976 0.80535078
vt 0.38565728 0.80478358
vt 0.38575506 0.79988569
vt 0.38651776 0.79555553
vt 0.40624362 0.79573500
vt 0.40999171 0.79971212
vt 0.40941262 0.79652953
vt 0.41225520 0.80343491
vt 0.41353971 0.80424494
vt 0.41645730 0.79864377
vt 0.41414976 0.79444247
vt 0.40380207 0.78960776
vt 0.39918733 0.79106873
vt 0.39067689 0.79096580
vt 0.41036695 0.78826588
vt 0.38343877 0.79236734
vt 0.37804040 0.79849392
vt 0.37920895 0.79410809
vt 0.37619993 0.80312192
vt 0.42006612 0.79271054
vt 0.41579264 0.78695798
vt 0.39940330 0.78817713
vt 0.38875082 0.78815073
vt 0.42309314 0.80187356
vt 0.42283845 0.79698211
vt 0.37504590 0.79188585
vt 0.42155707 0.78525639
vt 0.37964642 0.78726238
vt 0.37087652 0.79649538
vt 0.37185153 0.80204475
vt 0.37175068 0.78583795
vt 0.43119699 0.80540293
vt 0.49005690 0.86354518
vt 0.48092598 0.86499047
vt 0.48465019 0.85935134
vt 0.47777730 0.86096698
vt 0.49246672 0.86015767
vt 0.48400342 0.85469162
vt 0.49397427 0.85393775
vt 0.47448680 0.85604578
vt 0.47188598 0.86257952
vt 0.46723136 0.85742837
vt 0.46512723 0.86253601
vt 0.47041649 0.86693877
vt 0.48608536 0.86760616
vt 0.49708959 0.86440444
vt 0.49998021 0.86208940
vt 0.47950146 0.86992842
vt 0.50118279 0.85406888
vt 0.49358779 0.86937004
vt 0.47098914 0.87193310
vt 0.48820335 0.87182617
vt 0.50467217 0.86446762
vt 0.47395080 0.87408423
vt 0.50259125 0.86999017
vt 0.50761598 0.85445303
vt 0.50998765 0.85958517
vt 0.51092523 0.86416501
vt 0.51279414 0.85497928
vt 0.50898457 0.86676073
vt 0.51918864 0.86360067
vt 0.51901484 0.85605907
vt 0.51577413 0.86668080
vt 0.51408178 0.87138784
vt 0.52145219 0.86788648
vt 0.52507502 0.85898447
vt 0.52796978 0.85774136
vt 0.52664292 0.86572832
vt 0.52214968 0.87408423
vt 0.53205013 0.85969776
vt 0.53770030 0.86153650
vt 0.05701668 0.97207183
vt 0.04572195 0.97254491
vt 0.04764309 0.96857637
vt 0.05688947 0.96700525
vt 0.04747530 0.96249044
vt 0.05722109 0.96293700
vt 0.06645709 0.97158647
vt 0.06802034 0.96640587
vt 0.06910352 0.96231055
vt 0.07259575 0.97215915
vt 0.07637166 0.96744043
vt 0.07566953 0.97154635
vt 0.07570408 0.96291256
vt 0.07190909 0.96108061
vt 0.06296750 0.96113187
vt 0.05262470 0.96181703
vt 0.07890414 0.96185583
vt 0.08394766 0.96392095
vt 0.08350550 0.96829247
vt 0.08265838 0.97233754
vt 0.08513033 0.96230364
vt 0.07243364 0.97429043
vt 0.04329074 0.96933597
vt 0.04535978 0.96439022
vt 0.06706437 0.97485888
vt 0.05786912 0.97522509
vt 0.03694736 0.96433622
vt 0.03605837 0.97139049
vt 0.03830540 0.97542125
vt 0.04691122 0.97573262
vt 0.03063148 0.96571487
vt 0.08033167 0.97547585
vt 0.08906692 0.96367192
vt 0.08831009 0.96951348
vt 0.08457068 0.97381413
vt 0.08741885 0.97315216
vt 0.08828511 0.97573262
vt 0.73159707 0.15632057
vt 0.73489147 0.16619420
vt 0.73570317 0.15823138
vt 0.73005420 0.16286969
vt 0.73780686 0.16753149
vt 0.73914725 0.15854108
vt 0.73652047 0.15231091
vt 0.73269385 0.14653993
vt 0.74120808 0.14559919
vt 0.72795469 0.16680789
vt 0.73234963 0.17058319
vt 0.73578042 0.17507732
vt 0.74128580 0.14034396
vt 0.73264611 0.13799268
vt 0.73864347 0.16848296
vt 0.74108922 0.15709311
vt 0.72840554 0.14775586
vt 0.72557253 0.16119009
vt 0.72736633 0.15592933
vt 0.72957689 0.14276755
vt 0.74222434 0.14686573
vt 0.74217826 0.13906127
vt 0.73670673 0.13406897
vt 0.74109918 0.13472831
vt 0.72402292 0.15494251
vt 0.73013043 0.17554724
vt 0.72593814 0.17339867
vt 0.73359817 0.17755955
vt 0.72206998 0.17036355
vt 0.72308356 0.17845213
vt 0.72542858 0.14670551
vt 0.72012722 0.16436183
vt 0.72887295 0.13518113
vt 0.72577703 0.13761991
vt 0.71881276 0.17575622
vt 0.73239708 0.18269229
vt 0.71771914 0.17039037
vt 0.73144805 0.12866300
vt 0.74217826 0.18255764
vt 0.11986740 0.86516112
vt 0.11894564 0.87334621
vt 0.11317543 0.87522870
vt 0.11176104 0.86829191
vt 0.12216344 0.87169647
vt 0.11074458 0.86169571
vt 0.11587791 0.85998338
vt 0.11480676 0.88054222
vt 0.12069629 0.88094902
vt 0.12457428 0.87712389
vt 0.12521850 0.88087636
vt 0.12476701 0.86874592
vt 0.11756178 0.88436574
vt 0.11744365 0.88746095
vt 0.12401100 0.88725525
vt 0.12713768 0.88186491
vt 0.12738504 0.88518673
vt 0.12034290 0.88975048
vt 0.12240406 0.89460230
vt 0.12858336 0.89303553
vt 0.13132034 0.89128244
vt 0.12914239 0.87266326
vt 0.13185310 0.88659441
vt 0.13083009 0.87826741
vt 0.12833470 0.86528122
vt 0.12366675 0.86043757
vt 0.12863111 0.85297728
vt 0.13111688 0.85490400
vt 0.13561776 0.88608104
vt 0.13567233 0.89205438
vt 0.13855402 0.89578182
vt 0.13208689 0.89762872
vt 0.12805972 0.89972526
vt 0.12630752 0.89968491
vt 0.14203046 0.89160800
vt 0.14758055 0.89940554
vt 0.17505027 0.86324799
vt 0.16994826 0.87736738
vt 0.15564400 0.86475492
vt 0.16546252 0.85378128
vt 0.14799228 0.87586856
vt 0.16249478 0.88281482
vt 0.14130677 0.86766636
vt 0.18162158 0.87561744
vt 0.14630711 0.85582280
vt 0.13447356 0.86003935
vt 0.16040997 0.84479886
vt 0.14186759 0.84724748
vt 0.17289498 0.84635150
vt 0.18618889 0.86090320
vt 0.15696673 0.83902794
vt 0.18667309 0.85450518
vt 0.13470034 0.87120104
vt 0.17266487 0.88737535
vt 0.14562020 0.88563287
vt 0.13717723 0.88072377
vt 0.16315490 0.89074081
vt 0.18147555 0.88474977
vt 0.18663463 0.87331444
vt 0.17134213 0.89217108
vt 0.15386191 0.89028060
vt 0.17294624 0.84165263
vt 0.16271554 0.83711535
vt 0.13200124 0.87115902
vt 0.14821286 0.84012902
vt 0.14330103 0.84405470
vt 0.13406634 0.85386592
vt 0.18416089 0.84821230
vt 0.18895334 0.86206073
vt 0.14344010 0.88956356
vt 0.18004675 0.89073539
vt 0.18917853 0.87409681
vt 0.16202433 0.89661944
vt 0.13141400 0.86092699
vt 0.18493238 0.88496262
vt 0.15011095 0.89463496
vt 0.16997570 0.89668870
vt 0.17411123 0.89507902
vt 0.13641658 0.84748209
vt 0.19251589 0.86682099
vt 0.19147469 0.85904938
vt 0.15606210 0.83710659
vt 0.18060175 0.84196395
vt 0.17305994 0.83817232
vt 0.18737629 0.84811348
vt 0.15764713 0.89968491
vt 0.18925752 0.88288903
vt 0.15087456 0.89774615
vt 0.14541198 0.83818859
vt 0.15101446 0.83470696
vt 0.19274269 0.85303587
vt 0.13936990 0.84091288
vt 0.17932457 0.89483869
vt 0.12234327 0.14401376
vt 0.12677194 0.14069891
vt 0.11911756 0.13773698
vt 0.11704275 0.14230627
vt 0.12858658 0.13642997
vt 0.12391573 0.13446009
vt 0.12891632 0.14675272
vt 0.13113619 0.14364058
vt 0.13428710 0.13976812
vt 0.11600377 0.13263381
vt 0.11211769 0.14175415
vt 0.10865870 0.13804561
vt 0.11254337 0.13363874
vt 0.10487292 0.14163828
vt 0.11617006 0.14473516
vt 0.12106841 0.14602232
vt 0.10693686 0.14444423
vt 0.12639824 0.14868867
vt 0.10195361 0.13285500
vt 0.10015472 0.13790405
vt 0.09674939 0.14362061
vt 0.09804079 0.14523935
vt 0.09417936 0.13933438
vt 0.08989136 0.14622945
vt 0.09039528 0.13613367
vt 0.08447593 0.14294934
vt 0.08409645 0.13950914
vt 0.09472170 0.14920604
vt 0.09095830 0.14820462
vt 0.08425701 0.14869875
vt 0.08456288 0.15334737
vt 0.10223147 0.14807618
vt 0.08596633 0.15436745
vt 0.07633964 0.14530152
vt 0.08903806 0.13448167
vt 0.07815137 0.15332866
vt 0.08096156 0.15739715
vt 0.07459062 0.12165982
vt 0.06927427 0.14128840
vt 0.07630752 0.10943222
vt 0.14216444 0.14841366
vt 0.14259070 0.15524083
vt 0.14461914 0.15372413
vt 0.13627234 0.15458405
vt 0.13829830 0.14978969
vt 0.13211799 0.14935076
vt 0.13477658 0.14645803
vt 0.13822280 0.14309013
vt 0.14026074 0.14725119
vt 0.13810840 0.16048038
vt 0.14454937 0.16430318
vt 0.14591019 0.16086328
vt 0.14891683 0.16521019
vt 0.13473636 0.15838432
vt 0.13118583 0.15370405
vt 0.14083569 0.16774267
vt 0.14299160 0.17133248
vt 0.14627546 0.17111558
vt 0.14990224 0.17420733
vt 0.13626407 0.16591829
vt 0.14837623 0.17783773
vt 0.13732179 0.17808193
vt 0.14041609 0.18219501
vt 0.13778724 0.18403757
vt 0.14608997 0.18276477
vt 0.14746788 0.15974337
vt 0.14870042 0.18873829
vt 0.13923289 0.18722987
vt 0.14595693 0.18879873
vt 0.15034509 0.18173116
vt 0.13536714 0.19000077
vt 0.13606744 0.19478476
vt 0.14403081 0.19122154
vt 0.14558397 0.19677931
vt 0.14298600 0.20311302
vt 0.13648482 0.20283848
vt 0.13273798 0.19685656
vt 0.14582239 0.15084052
vt 0.14536694 0.20046145
vt 0.13142397 0.20112598
vt 0.12817447 0.19727659
vt 0.15127239 0.14222097
vt 0.12474689 0.20448244
vt 0.12133738 0.20339996
vt 0.14313595 0.20570266
vt 0.15127239 0.20632857
vt 0.14116578 0.21016484
vt 0.11830374 0.19350779
vt 0.12607682 0.17193538
vt 0.11328295 0.17472100
vt 0.12702645 0.18700618
vt 0.10997705 0.18513668
vt 0.12222073 0.16437769
vt 0.11009173 0.16205353
vt 0.10381982 0.19658804
vt 0.09587912 0.17502320
vt 0.09469918 0.18552130
vt 0.10212693 0.16164690
vt 0.09201173 0.16370213
vt 0.11461480 0.20232099
vt 0.10701989 0.20318699
vt 0.08274306 0.17459476
vt 0.08355124 0.18473214
vt 0.09101500 0.19802409
vt 0.08313840 0.16446054
vt 0.11499598 0.15381044
vt 0.09781719 0.15243483
vt 0.08812507 0.15567070
vt 0.08531576 0.19472271
vt 0.12593064 0.16132492
vt 0.12243661 0.19704938
vt 0.09973177 0.20376784
vt 0.12448171 0.15308785
vt 0.10930025 0.14778644
vt 0.13082901 0.16191107
vt 0.12788399 0.15640318
vt 0.13235211 0.17262447
vt 0.11562005 0.14864421
vt 0.13266629 0.18112278
vt 0.07795934 0.17621303
vt 0.07833852 0.18505836
vt 0.13092588 0.18899989
vt 0.12269323 0.15029860
vt 0.08948239 0.20241570
vt 0.09355752 0.20504266
vt 0.11332355 0.20573449
vt 0.07886324 0.19016331
vt 0.07913660 0.16562217
vt 0.10340352 0.20725441
vt 0.08261418 0.19695914
vt 0.08661497 0.20349157
vt 0.08313148 0.20127213
vt 0.09068130 0.20646709
vt 0.56052065 0.28800368
vt 0.59753722 0.28681517
vt 0.58208978 0.28624201
vt 0.55843544 0.28710788
vt 0.60398364 0.28617215
vt 0.61498588 0.28800368
vt 0.96559238 0.45246971
vt 0.96558791 0.44533592
vt 0.96003640 0.45014274
vt 0.96996748 0.44580096
vt 0.96116829 0.44540036
vt 0.96993345 0.45385158
vt 0.95977926 0.44505399
vt 0.96017307 0.45391756
vt 0.96562976 0.45606494
vt 0.97019690 0.43986541
vt 0.96138215 0.43951231
vt 0.96026653 0.43751097
vt 0.97295046 0.44208556
vt 0.96144849 0.43440795
vt 0.97106379 0.43530035
vt 0.97495258 0.43766332
vt 0.97348922 0.44723082
vt 0.96176016 0.42902935
vt 0.96295565 0.42950362
vt 0.97186679 0.43183762
vt 0.97596610 0.43256372
vt 0.97465515 0.45450783
vt 0.97342640 0.45769751
vt 0.96101207 0.46129179
vt 0.96631849 0.46061230
vt 0.97103459 0.45987642
vt 0.97596610 0.46177822
vt 0.95900095 0.45206356
vt 0.95923430 0.46139687
vt 0.96257406 0.46474361
vt 0.98227459 0.61394054
vt 0.97832638 0.60677785
vt 0.97785109 0.61542290
vt 0.98242730 0.60776341
vt 0.97920424 0.59942394
vt 0.98568338 0.60326135
vt 0.98655915 0.59843224
vt 0.98829347 0.61219835
vt 0.98557270 0.59359539
vt 0.99229646 0.60226327
vt 0.99072057 0.59545356
vt 0.98093104 0.59120244
vt 0.98526758 0.61843252
vt 0.99357098 0.60946584
vt 0.99295044 0.58833510
vt 0.99477655 0.59616530
vt 0.98870087 0.58379120
vt 0.99764371 0.58690196
vt 0.99084932 0.62270075
vt 0.99508232 0.61789328
vt 0.98965615 0.63013458
vt 0.99267268 0.62898219
vt 0.99764371 0.62755018
vt 0.98383266 0.62629390
vt 0.98571199 0.63187677
vt 0.97885400 0.62259269
vt 0.97888023 0.63264376
vt 0.98148465 0.63324177
vt 0.32926685 0.19069386
vt 0.33204576 0.19841850
vt 0.33341071 0.19126278
vt 0.32701048 0.19722486
vt 0.33016235 0.20164728
vt 0.33427098 0.20447493
vt 0.32858306 0.20510280
vt 0.32998714 0.21214193
vt 0.32626286 0.21286285
vt 0.33147493 0.18192291
vt 0.33738282 0.18694240
vt 0.33800164 0.17900276
vt 0.32945606 0.17670661
vt 0.33147371 0.17080671
vt 0.33918926 0.16947204
vt 0.33138484 0.16698992
vt 0.33530393 0.19600844
vt 0.32542360 0.20107085
vt 0.32694700 0.18635774
vt 0.33056551 0.21769255
vt 0.32346183 0.20755053
vt 0.33977380 0.16677743
vt 0.33511063 0.16198152
vt 0.32856569 0.17297846
vt 0.33866397 0.19185132
vt 0.33735192 0.20236427
vt 0.33481926 0.21373045
vt 0.32809573 0.15888280
vt 0.33977380 0.22570902
vt 0.33117694 0.22978616
vt 0.32801288 0.22364491
vt 0.32646284 0.21803671
vt 0.32037744 0.22317731
vt 0.32756096 0.23214287
vt 0.32063434 0.21201563
vt 0.32376710 0.21383667
vt 0.32793266 0.21650374
vt 0.32047215 0.21963429
vt 0.31432611 0.21736276
vt 0.31657359 0.20818603
vt 0.31714752 0.20286888
vt 0.31698304 0.21375465
vt 0.31799605 0.21768147
vt 0.32731235 0.21494526
vt 0.61500150 0.85813719
vt 0.60454798 0.85615003
vt 0.61179936 0.85314780
vt 0.61290050 0.86189657
vt 0.60425830 0.86271948
vt 0.60218495 0.85873210
vt 0.60114300 0.85210621
vt 0.60616046 0.85256010
vt 0.62067693 0.85511070
vt 0.59272927 0.85968065
vt 0.59262431 0.85218275
vt 0.58149695 0.85262418
vt 0.58319074 0.85942245
vt 0.57837754 0.85985655
vt 0.57785577 0.85267580
vt 0.56772375 0.85707080
vt 0.56709564 0.85351861
vt 0.56791812 0.86324459
vt 0.57836795 0.86275226
vt 0.59273332 0.86316538
vt 0.57984227 0.86631113
vt 0.59302115 0.86630225
vt 0.61516613 0.86479032
vt 0.56691802 0.86858976
vt 0.61937845 0.86339974
vt 0.60459942 0.86673063
vt 0.61388111 0.86858976
vt 0.62535346 0.85712355
vt 0.61787623 0.85280657
vt 0.62402672 0.86829823
vt 0.62435383 0.85602009
vt 0.62392741 0.86582518
vt 0.94986713 0.25694954
vt 0.94825000 0.25382936
vt 0.95110971 0.23275858
vt 0.95018125 0.26081359
vt 0.94911349 0.23384196
vt 0.95240337 0.21199632
vt 0.95051843 0.21485943
vt 0.94769084 0.26189077
vt 0.95038033 0.28123844
vt 0.95157790 0.28292084
vt 0.95168442 0.26233602
vt 0.95240337 0.28800368
vt 0.31782070 0.78186870
vt 0.30914450 0.77606082
vt 0.31857312 0.77784234
vt 0.30888283 0.78471124
vt 0.31728670 0.78875309
vt 0.30449325 0.78114766
vt 0.29963475 0.78366482
vt 0.29956868 0.77613038
vt 0.29878581 0.78731436
vt 0.30910206 0.79115593
vt 0.31569174 0.79445374
vt 0.29974237 0.79327339
vt 0.30637842 0.79380763
vt 0.32685387 0.78663421
vt 0.32280788 0.79390794
vt 0.32798326 0.79208589
vt 0.32736632 0.78005999
vt 0.32460696 0.79746556
vt 0.33146095 0.79990840
vt 0.33324921 0.78217173
vt 0.33580047 0.79178339
vt 0.33977380 0.78545254
vt 0.31715262 0.79874974
vt 0.31163427 0.79848820
vt 0.29924470 0.77518314
vt 0.28516638 0.77633262
vt 0.31250477 0.77651292
vt 0.33662689 0.78236610
vt 0.28548914 0.78136891
vt 0.27949390 0.78300792
vt 0.28290591 0.77740866
vt 0.28174004 0.78698677
vt 0.29220232 0.77637482
vt 0.29143751 0.78398955
vt 0.28298998 0.78889883
vt 0.28934044 0.78874826
vt 0.29128718 0.79261696
vt 0.28313738 0.79452896
vt 0.27229598 0.79019958
vt 0.26938251 0.78527254
vt 0.26811680 0.78083783
vt 0.26366544 0.78979886
vt 0.26220000 0.78236026
vt 0.26596397 0.79454374
vt 0.27229309 0.79598451
vt 0.28824791 0.79503798
vt 0.25284502 0.78620327
vt 0.26051530 0.79704690
vt 0.25395802 0.79257274
vt 0.26768598 0.79990840
vt 0.24796295 0.78859937
vt 0.24851122 0.79142332
vt 0.25555077 0.79921913
vt 0.24954286 0.79650539
vt 0.27501929 0.79920280
vt 0.24269557 0.79210645
vt 0.18049011 0.97481686
vt 0.18449251 0.97456509
vt 0.18470034 0.97221661
vt 0.18087173 0.97206962
vt 0.20499529 0.97481686
vt 0.95428842 0.83653843
vt 0.96371347 0.83653843
vt 0.95813942 0.83195972
vt 0.02150015 0.65613556
vt 0.02874647 0.65079498
vt 0.02320772 0.65012777
vt 0.02080825 0.65116435
vt 0.02026390 0.64859396
vt 0.02254854 0.64789379
vt 0.02591594 0.65578300
vt 0.02835194 0.65398955
vt 0.02854893 0.65613556
vt 0.43308198 0.09020150
vt 0.43308198 0.09569597
vt 0.42742696 0.09117293
vt 0.28690499 0.57829684
vt 0.29615122 0.57910478
vt 0.26248822 0.57915914
vt 0.30808419 0.57829672
vt 0.31903863 0.58012819
vt 0.26477745 0.58012819
vt 0.09272214 0.58678114
vt 0.09270483 0.58334988
vt 0.08812441 0.58280373
vt 0.08862454 0.58750516
vt 0.09283695 0.59111720
vt 0.08940814 0.59069961
vt 0.08986503 0.57934803
vt 0.09283695 0.57921243
vt 0.13520429 0.57486671
vt 0.13230723 0.57510197
vt 0.13229190 0.57188642
vt 0.13637464 0.57305467
vt 0.12807943 0.57276064
vt 0.12770970 0.57554942
vt 0.13713478 0.57554942
vt 0.96842599 0.23946887
vt 0.96748352 0.23792166
vt 0.96777618 0.21886462
vt 0.96842599 0.21749085
vt 0.45664468 0.77884614
vt 0.45664468 0.78708792
vt 0.45381716 0.78259033
vt 0.64180022 0.29472625
vt 0.63950080 0.29311192
vt 0.64366770 0.29177475
vt 0.64090395 0.29006207
vt 0.63852316 0.28913772
vt 0.64589286 0.28924984
vt 0.64120847 0.29702818
vt 0.64231342 0.28847724
vt 0.64004791 0.28708792
vt 0.64599830 0.29456025
vt 0.64891613 0.29208189
vt 0.64392602 0.29642332
vt 0.64661837 0.29716116
vt 0.63769054 0.29192460
vt 0.63666350 0.28945684
vt 0.63840622 0.29716116
vt 0.20735438 0.89035034
vt 0.21172245 0.89320844
vt 0.21180525 0.89083719
vt 0.21378043 0.89318544
vt 0.20914041 0.88911062
vt 0.21270053 0.89481962
vt 0.21719821 0.89672738
vt 0.21787336 0.89468801
vt 0.22250116 0.89570057
vt 0.22199826 0.89760685
vt 0.20611995 0.88676065
vt 0.20564753 0.86525619
vt 0.21581335 0.86922693
vt 0.21171013 0.86034799
vt 0.20691209 0.86172903
vt 0.21455319 0.87927061
vt 0.22950047 0.86049575
vt 0.20346329 0.86773247
vt 0.20413491 0.88594079
vt 0.20411365 0.86069429
vt 0.20550588 0.89147079
vt 0.20358132 0.89780772
vt 0.19934024 0.88847905
vt 0.20953844 0.89816517
vt 0.22295442 0.90247256
vt 0.22815520 0.89983201
vt 0.22560158 0.89725214
vt 0.22327504 0.89650607
vt 0.22950047 0.89720309
vt 0.04759659 0.73763734
vt 0.04657933 0.72865373
vt 0.04571159 0.72873592
vt 0.04759661 0.71291208
vt 0.07988779 0.66254580
vt 0.07775683 0.66529304
vt 0.08435439 0.66529304
vt 0.07964185 0.22023809
vt 0.07928306 0.21578574
vt 0.07689709 0.21950936
vt 0.07492931 0.21594834
vt 0.07823632 0.21260983
vt 0.07964185 0.20741761
vt 0.87085271 0.05607367
vt 0.87224990 0.05278748
vt 0.86615610 0.05930513
vt 0.87149197 0.06615835
vt 0.87386918 0.05752772
vt 0.86662197 0.06720400
vt 0.87559301 0.06463683
vt 0.86039603 0.06804901
vt 0.86063445 0.07535732
vt 0.85721016 0.07365429
vt 0.86880368 0.07259667
vt 0.86693436 0.07726705
vt 0.87888873 0.06078774
vt 0.87860841 0.05464172
vt 0.88342601 0.05743068
vt 0.87679714 0.06996691
vt 0.87913364 0.06637669
vt 0.87269193 0.07730329
vt 0.88053566 0.04788828
vt 0.88421589 0.05242181
vt 0.88532710 0.06186783
vt 0.88923937 0.05439317
vt 0.88453919 0.04437256
vt 0.88724250 0.04529840
vt 0.89197683 0.05894953
vt 0.89399034 0.05435330
vt 0.89642096 0.04258239
vt 0.89464140 0.04877722
vt 0.90157241 0.04870254
vt 0.89922649 0.04384959
vt 0.90067500 0.05407166
vt 0.90851194 0.05392367
vt 0.90955758 0.04501748
vt 0.91306764 0.05231076
vt 0.91878015 0.04793799
vt 0.91422635 0.05707824
vt 0.92203915 0.05342746
vt 0.92160165 0.06043833
vt 0.90591985 0.05884314
vt 0.92517531 0.05018800
vt 0.91382843 0.06174582
vt 0.92132378 0.06644928
vt 0.91858459 0.04660106
vt 0.93449575 0.05443311
vt 0.89894402 0.05817944
vt 0.90778160 0.04300958
vt 0.90300572 0.09318709
vt 0.89649493 0.08987522
vt 0.90196377 0.10719192
vt 0.88889849 0.10471326
vt 0.88647199 0.09236133
vt 0.88585651 0.11673540
vt 0.90186870 0.11989856
vt 0.87833202 0.10320318
vt 0.88981497 0.08229488
vt 0.87813628 0.09231639
vt 0.89336747 0.12371886
vt 0.88181734 0.07707691
vt 0.89197731 0.07223988
vt 0.90314341 0.06922317
vt 0.90701056 0.08185428
vt 0.91325551 0.09265929
vt 0.91558814 0.10516959
vt 0.90978587 0.11788720
vt 0.91826528 0.08000052
vt 0.92261970 0.09278387
vt 0.91389531 0.07130075
vt 0.92416263 0.10315573
vt 0.91707218 0.11707234
vt 0.89172053 0.06683129
vt 0.87857038 0.11254442
vt 0.88398802 0.12013710
vt 0.93103129 0.11184883
vt 0.93449575 0.09368241
vt 0.93323851 0.10356194
vt 0.93275553 0.08463651
vt 0.92978716 0.07728553
vt 0.90493506 0.13100374
vt 0.90982848 0.12919426
vt 0.91476440 0.12814939
vt 0.92287076 0.12259346
vt 0.88251644 0.06825042
vt 0.89223206 0.13199562
vt 0.88040900 0.12959653
vt 0.87904662 0.07695454
vt 0.87412542 0.12311757
vt 0.87085968 0.11431801
vt 0.86949110 0.08990842
vt 0.86968505 0.10291660
vt 0.92707604 0.07133013
vt 0.87055188 0.12507212
vt 0.87670618 0.13232601
vt 0.35965502 0.28342491
vt 0.36273861 0.28398311
vt 0.36228138 0.28617215
vt 0.35768142 0.28571749
vt 0.36522150 0.28571749
vt 0.72703832 0.01510298
vt 0.72400618 0.01462108
vt 0.72307146 0.01323241
vt 0.71974337 0.01423311
vt 0.72220510 0.01596260
vt 0.72899973 0.01364386
vt 0.71708572 0.01568997
vt 0.71556622 0.01483095
vt 0.71255797 0.01722360
vt 0.71131933 0.01619679
vt 0.71503729 0.01759350
vt 0.70799071 0.01875234
vt 0.71077746 0.01899230
vt 0.70673698 0.01788700
vt 0.70604855 0.02060437
vt 0.70358151 0.02047855
vt 0.72742563 0.01189423
vt 0.73123932 0.01256144
vt 0.73458707 0.01478523
vt 0.73606044 0.01393455
vt 0.73749119 0.01237476
vt 0.74239993 0.01453376
vt 0.74280071 0.01276153
vt 0.75188762 0.01525915
vt 0.74908990 0.01194698
vt 0.75465542 0.01483214
vt 0.76011288 0.01621372
vt 0.75704318 0.01210499
vt 0.76268715 0.01521099
vt 0.76019400 0.01144689
vt 0.77003801 0.01457214
vt 0.77381599 0.01865077
vt 0.78258961 0.01720864
vt 0.78455490 0.02060437
vt 0.78672254 0.01917893
vt 0.78840715 0.01711178
vt 0.76083601 0.01629990
vt 0.63383603 0.13692731
vt 0.63966262 0.13598901
vt 0.63950640 0.13782048
vt 0.64137608 0.13692737
vt 0.03232889 0.81213051
vt 0.03399000 0.81617785
vt 0.03470136 0.81309104
vt 0.03289831 0.80862284
vt 0.03628652 0.81822342
vt 0.02940294 0.80439824
vt 0.03109416 0.80306029
vt 0.03007631 0.79864085
vt 0.02722575 0.80078202
vt 0.02945628 0.79466164
vt 0.02576351 0.79453117
vt 0.02786029 0.79272395
vt 0.02430480 0.78701591
vt 0.02833711 0.78481275
vt 0.02443302 0.78056741
vt 0.02700987 0.78271163
vt 0.02768241 0.77414912
vt 0.02604763 0.77236640
vt 0.02380015 0.76739603
vt 0.02323986 0.77696478
vt 0.02715303 0.76093614
vt 0.02570740 0.75920153
vt 0.02291439 0.76349229
vt 0.02370426 0.75350040
vt 0.02654034 0.75019652
vt 0.02457719 0.74865955
vt 0.02264557 0.74840540
vt 0.02549775 0.73954129
vt 0.02356847 0.73798168
vt 0.02680165 0.72330761
vt 0.02414621 0.72820103
vt 0.02480408 0.72204083
vt 0.02269131 0.72319657
vt 0.02748754 0.69602168
vt 0.02504558 0.69825435
vt 0.02693255 0.68104863
vt 0.02979111 0.67394692
vt 0.02874356 0.66543508
vt 0.03091409 0.66639072
vt 0.03131861 0.66107148
vt 0.03308647 0.66509187
vt 0.03506535 0.65130371
vt 0.03264238 0.65261549
vt 0.03359919 0.64381063
vt 0.03628650 0.64331502
vt 0.02085397 0.72896618
vt 0.02108242 0.75363296
vt 0.02094324 0.76722324
vt 0.02082836 0.74097109
vt 0.02041648 0.78003538
vt 0.01732303 0.76577997
vt 0.01498493 0.75186312
vt 0.01711621 0.74125397
vt 0.01272385 0.76583511
vt 0.55655044 0.59111720
vt 0.54372346 0.59020144
vt 0.53770030 0.59111720
vt 0.97090930 0.80327457
vt 0.96893406 0.80536711
vt 0.96911854 0.80806464
vt 0.97571951 0.80681133
vt 0.97485077 0.79962432
vt 0.98007238 0.80433881
vt 0.98035634 0.81068432
vt 0.98589355 0.80737245
vt 0.98683494 0.81256229
vt 0.99250126 0.80852199
vt 0.99293119 0.81272894
vt 0.98487031 0.80293572
vt 0.98960835 0.80536371
vt 0.99056011 0.80017728
vt 0.97898364 0.79732108
vt 0.98646998 0.79652131
vt 0.99293119 0.79532969
vt 0.96654099 0.80854601
vt 0.96715641 0.81124705
vt 0.97619063 0.79793674
vt 0.37991393 0.87229371
vt 0.37747407 0.87316847
vt 0.37949947 0.86950547
vt 0.38689914 0.87316847
vt 0.63207394 0.88566667
vt 0.63477850 0.88726223
vt 0.63306904 0.88852692
vt 0.62996238 0.88429183
vt 0.59050596 0.88704097
vt 0.58901203 0.88613969
vt 0.59422791 0.88328201
vt 0.59684873 0.88485718
vt 0.60199428 0.87747556
vt 0.60117704 0.88231254
vt 0.59776014 0.87743598
vt 0.60104942 0.87566340
vt 0.59091383 0.88173181
vt 0.58456326 0.88575417
vt 0.58948177 0.87807035
vt 0.59342384 0.87581319
vt 0.59608418 0.87479103
vt 0.59160346 0.87408423
vt 0.58445686 0.87470269
vt 0.58175659 0.87949890
vt 0.57711071 0.88648963
vt 0.57634979 0.87666446
vt 0.57499397 0.88123178
vt 0.56445789 0.88040191
vt 0.56366813 0.88369220
vt 0.55454558 0.88313419
vt 0.55285406 0.88790470
vt 0.56136310 0.88873625
vt 0.55215770 0.88175225
vt 0.54727215 0.88383150
vt 0.57217026 0.88752234
vt 0.54429781 0.88725501
vt 0.60448366 0.88446718
vt 0.60130101 0.88642204
vt 0.60668010 0.88728547
vt 0.60928559 0.88541740
vt 0.61098522 0.88788438
vt 0.60252500 0.88860768
vt 0.61363238 0.88200557
vt 0.61629313 0.88757014
vt 0.61841798 0.88256001
vt 0.62281096 0.88792109
vt 0.62398809 0.88087618
vt 0.62801963 0.88470250
vt 0.63023365 0.88873625
vt 0.61010319 0.88040382
vt 0.60447651 0.87684619
vt 0.61686343 0.88122189
vt 0.59870875 0.87524486
vt 0.45300460 0.89280647
vt 0.45602006 0.88710618
vt 0.45491534 0.89113694
vt 0.46190387 0.89066362
vt 0.46300861 0.88663292
vt 0.45956668 0.88222378
vt 0.46011263 0.89579099
vt 0.45626855 0.88140726
vt 0.44668284 0.88631600
vt 0.45204502 0.89273924
vt 0.44000241 0.89532048
vt 0.46716085 0.88201016
vt 0.45378914 0.87585640
vt 0.44402602 0.87652141
vt 0.43505445 0.88852596
vt 0.43592972 0.89410746
vt 0.45551917 0.87755495
vt 0.46309012 0.87775022
vt 0.46384665 0.89410233
vt 0.46584490 0.89078242
vt 0.46691340 0.87715858
vt 0.46140015 0.86858976
vt 0.46639130 0.88714361
vt 0.46659032 0.87368548
vt 0.43402451 0.89660877
vt 0.43880656 0.89789379
vt 0.44524702 0.89713389
vt 0.46166855 0.89759195
vt 0.46014437 0.89604998
vt 0.46402445 0.89466012
vt 0.46727347 0.89432925
vt 0.47455230 0.89789379
vt 0.46491277 0.87045336
vt 0.36937964 0.93075264
vt 0.36993399 0.93570077
vt 0.36956725 0.92431867
vt 0.36493418 0.92591232
vt 0.36525974 0.93503797
vt 0.36105302 0.92631394
vt 0.36130589 0.93504936
vt 0.36490676 0.94434768
vt 0.36100811 0.94185698
vt 0.35995597 0.94980192
vt 0.36839509 0.94525492
vt 0.36736232 0.95551586
vt 0.36002785 0.95586342
vt 0.35703871 0.95566612
vt 0.36832666 0.96255809
vt 0.35564646 0.93535918
vt 0.35561222 0.92580992
vt 0.35304123 0.94987291
vt 0.36381665 0.96815944
vt 0.35974070 0.96658134
vt 0.36273932 0.97496331
vt 0.36022288 0.97647142
vt 0.36296284 0.97996116
vt 0.35982221 0.98431283
vt 0.36993402 0.97372282
vt 0.36554739 0.98519486
vt 0.35619476 0.98392850
vt 0.36974084 0.98354375
vt 0.35614103 0.97688937
vt 0.36233023 0.92033911
vt 0.35470870 0.96835750
vt 0.35554019 0.92112625
vt 0.35246599 0.95868689
vt 0.35109231 0.95501888
vt 0.36732435 0.91579682
vt 0.35925612 0.91677362
vt 0.34845239 0.94169521
vt 0.34914798 0.92541617
vt 0.35021991 0.92034096
vt 0.35252920 0.91770971
vt 0.35439789 0.98735464
vt 0.35098872 0.98518413
vt 0.36090094 0.98802215
vt 0.35144570 0.99265665
vt 0.34664068 0.98699057
vt 0.36872634 0.98914760
vt 0.35619918 0.99387157
vt 0.36248174 0.91254580
vt 0.36592266 0.99513352
vt 0.36778381 0.99394363
vt 0.36157820 0.99954212
vt 0.33683860 0.95580381
vt 0.32493266 0.95661283
vt 0.33499271 0.97027755
vt 0.34180164 0.97784257
vt 0.34311733 0.95536196
vt 0.34776837 0.97262073
vt 0.33826637 0.98176366
vt 0.32722563 0.97395307
vt 0.31129792 0.95829266
vt 0.32660654 0.98326451
vt 0.32026151 0.98154616
vt 0.30466959 0.96871400
vt 0.30329895 0.94149905
vt 0.31497976 0.93568558
vt 0.32422790 0.93556970
vt 0.33504352 0.94633871
vt 0.32729682 0.92517704
vt 0.33587119 0.92553055
vt 0.33936301 0.93491530
vt 0.34179142 0.92605233
vt 0.31741434 0.92574584
vt 0.30516285 0.93198693
vt 0.29527321 0.95264870
vt 0.30807739 0.97991192
vt 0.29593843 0.96431309
vt 0.30048275 0.97289795
vt 0.29661387 0.93989122
vt 0.33753115 0.98620135
vt 0.34861347 0.98053205
vt 0.34924874 0.93473417
vt 0.31709620 0.98625034
vt 0.33296111 0.91809738
vt 0.34035984 0.91785049
vt 0.34459123 0.92048770
vt 0.31802037 0.92048347
vt 0.30510429 0.92638594
vt 0.32905102 0.99034727
vt 0.34166715 0.98972952
vt 0.35151339 0.97584283
vt 0.29992956 0.92949682
vt 0.30763111 0.98482484
vt 0.29134712 0.95197654
vt 0.32250896 0.99167907
vt 0.29986179 0.97953397
vt 0.29186305 0.96516526
vt 0.29517606 0.97362667
vt 0.29230767 0.94063115
vt 0.29558098 0.93280780
vt 0.31135145 0.99115384
vt 0.33587387 0.99286026
vt 0.30216116 0.98672563
vt 0.31917647 0.91697931
vt 0.32396451 0.91513777
vt 0.28740498 0.95233768
vt 0.30767673 0.91934359
vt 0.32368767 0.99386764
vt 0.29427886 0.98013431
vt 0.28619012 0.96365947
vt 0.29008925 0.97430009
vt 0.28571576 0.94285971
vt 0.30195045 0.92280364
vt 0.28510839 0.95403749
vt 0.28892422 0.93641359
vt 0.34770215 0.91497892
vt 0.29777923 0.98499930
vt 0.98444861 0.84386444
vt 0.98169702 0.84437805
vt 0.98376203 0.84602445
vt 0.97785109 0.84551603
vt 0.98157150 0.84773731
vt 0.98444861 0.84935898
vt 0.82893497 0.95139724
vt 0.83081996 0.95192307
vt 0.83021843 0.94766730
vt 0.83081996 0.94459707
vt 0.41531220 0.87844568
vt 0.41718927 0.87878811
vt 0.41288051 0.88034487
vt 0.41030604 0.87955004
vt 0.41718352 0.88070357
vt 0.42170966 0.87916249
vt 0.42435139 0.88102996
vt 0.42931196 0.87874866
vt 0.41008446 0.88207245
vt 0.40631825 0.88033158
vt 0.41015068 0.87774724
vt 0.40853092 0.89198810
vt 0.41675594 0.89523745
vt 0.40467551 0.89951807
vt 0.40995601 0.90293092
vt 0.41850170 0.90338826
vt 0.42262268 0.87801731
vt 0.40035227 0.89637887
vt 0.39841646 0.89083922
vt 0.40146300 0.88014483
vt 0.39702040 0.88007772
vt 0.39194596 0.89557064
vt 0.39383891 0.90037256
vt 0.39912069 0.90324265
vt 0.39057410 0.88659370
vt 0.38940337 0.87967873
vt 0.38306046 0.89092439
vt 0.38332877 0.89854640
vt 0.38492554 0.88043350
vt 0.38394538 0.90237832
vt 0.37753442 0.89476937
vt 0.37646356 0.88167936
vt 0.37302870 0.88953727
vt 0.40788287 0.87902915
vt 0.39273965 0.90338826
vt 0.37552166 0.90158087
vt 0.36998925 0.88198203
vt 0.36567959 0.88437688
vt 0.36716396 0.89524621
vt 0.36659491 0.90140855
vt 0.35456675 0.89455414
vt 0.35647944 0.88407874
vt 0.36128092 0.88174397
vt 0.38125542 0.87928963
vt 0.35439792 0.90150970
vt 0.34728709 0.88951653
vt 0.35234883 0.88180262
vt 0.34241143 0.88359207
vt 0.35545266 0.88094240
vt 0.36339781 0.88046926
vt 0.33514762 0.88868141
vt 0.37501457 0.87946534
vt 0.33990633 0.89543837
vt 0.33949611 0.88190985
vt 0.34211820 0.88053393
vt 0.36967194 0.87932414
vt 0.32499588 0.88674146
vt 0.32760808 0.88303912
vt 0.32366788 0.88142467
vt 0.32935265 0.88028097
vt 0.39285791 0.87951505
vt 0.34142140 0.90061688
vt 0.32178897 0.89252681
vt 0.32998571 0.89718801
vt 0.31249613 0.88832778
vt 0.30777305 0.88276070
vt 0.31226146 0.89658666
vt 0.33041984 0.90079707
vt 0.30056864 0.88828844
vt 0.30255169 0.89628237
vt 0.30121580 0.88091218
vt 0.28982750 0.88587058
vt 0.31478384 0.88015163
vt 0.28614458 0.88221025
vt 0.28941670 0.89258277
vt 0.32167372 0.90161425
vt 0.28519946 0.87994111
vt 0.27001289 0.88591129
vt 0.30612043 0.87956762
vt 0.26861107 0.88195926
vt 0.28953630 0.89722568
vt 0.27926263 0.89574176
vt 0.26906589 0.89250815
vt 0.30767074 0.90039200
vt 0.25093588 0.88500839
vt 0.25969365 0.89242762
vt 0.24821439 0.88125658
vt 0.26749504 0.87954861
vt 0.24177404 0.87944078
vt 0.23577012 0.88115257
vt 0.23594254 0.88685572
vt 0.24800865 0.89207441
vt 0.26887807 0.89675826
vt 0.22290292 0.88432026
vt 0.92165333 0.25557864
vt 0.92547649 0.25955677
vt 0.91752762 0.25010890
vt 0.92495632 0.26215297
vt 0.91740197 0.25227249
vt 0.91337466 0.25017738
vt 0.91069418 0.24585336
vt 0.92170280 0.24970078
vt 0.92324752 0.24127132
vt 0.91422248 0.23561448
vt 0.92182469 0.22929120
vt 0.92567819 0.23332000
vt 0.91568941 0.22531950
vt 0.92462331 0.25249469
vt 0.92413962 0.21009254
vt 0.92591876 0.22644645
vt 0.92695570 0.22215492
vt 0.92673546 0.20949113
vt 0.92500418 0.20083332
vt 0.92666906 0.19658381
vt 0.90869850 0.24792647
vt 0.92572874 0.24971879
vt 0.90433556 0.24635255
vt 0.92673540 0.18452382
vt 0.91011852 0.24952757
vt 0.92695570 0.26228148
vt 0.92028421 0.25889599
vt 0.92218721 0.26419413
vt 0.96625739 0.67902929
vt 0.96654099 0.68158191
vt 0.96465600 0.68093711
vt 0.96625739 0.68360806
vt 0.03534402 0.68177658
vt 0.04948162 0.68177658
vt 0.04157265 0.68086082
vt 0.81000108 0.93690062
vt 0.80858660 0.93314850
vt 0.80603176 0.92707491
vt 0.81640166 0.92852986
vt 0.81579381 0.92455590
vt 0.81145114 0.92826056
vt 0.81400949 0.92214864
vt 0.81780207 0.93263799
vt 0.81411296 0.93474376
vt 0.80738437 0.92747486
vt 0.80577552 0.92157161
vt 0.81854498 0.94067013
vt 0.82110506 0.93953705
vt 0.81257308 0.94184983
vt 0.81302702 0.91672134
vt 0.82242769 0.93406099
vt 0.82363981 0.92583644
vt 0.82169664 0.92100030
vt 0.82670593 0.93127263
vt 0.80442977 0.92046285
vt 0.81965202 0.91482675
vt 0.81238878 0.91215914
vt 0.81413949 0.90959126
vt 0.82488167 0.94112140
vt 0.81997681 0.90785992
vt 0.82704997 0.92324609
vt 0.82477987 0.91492850
vt 0.80508322 0.91506374
vt 0.82265842 0.90874577
vt 0.81467628 0.90169191
vt 0.82396239 0.90005320
vt 0.82046390 0.89982349
vt 0.81232888 0.90538043
vt 0.81199437 0.89666581
vt 0.80766475 0.90159714
vt 0.80786562 0.91018820
vt 0.80458277 0.90879446
vt 0.80484170 0.89824045
vt 0.80791813 0.89653623
vt 0.80564636 0.89272797
vt 0.80895305 0.91659343
vt 0.80618382 0.88920599
vt 0.81414795 0.89208001
vt 0.81135446 0.88591516
vt 0.81541705 0.88637245
vt 0.80644333 0.88564736
vt 0.82041949 0.89444017
vt 0.81696439 0.89049780
vt 0.81908238 0.88306838
vt 0.80892682 0.87883717
vt 0.80760801 0.88352340
vt 0.81784433 0.87937307
vt 0.82232398 0.88711685
vt 0.80825716 0.87618589
vt 0.81021392 0.87496656
vt 0.82148427 0.87894410
vt 0.82410252 0.88142347
vt 0.82064092 0.87200624
vt 0.82530153 0.87213695
vt 0.81235260 0.86936587
vt 0.82704997 0.87392229
vt 0.81283301 0.86645031
vt 0.82326400 0.86753708
vt 0.81926239 0.86495537
vt 0.81594843 0.86309522
vt 0.13430725 0.13141024
vt 0.15127239 0.13141024
vt 0.14311948 0.13049448
vt 0.99463707 0.71023381
vt 0.98860210 0.71087694
vt 0.98698586 0.72500998
vt 0.99575871 0.72343081
vt 0.99282014 0.73521465
vt 0.98539114 0.73576379
vt 0.99031949 0.69826007
vt 0.98866302 0.74823499
vt 0.99575871 0.74754864
vt 0.99478835 0.75961536
vt 0.89302546 0.47508973
vt 0.89318311 0.46445137
vt 0.89797664 0.46426964
vt 0.89784962 0.47445428
vt 0.90150803 0.46382785
vt 0.90126961 0.47579122
vt 0.89769721 0.48956841
vt 0.90100324 0.48895514
vt 0.90086746 0.50041705
vt 0.89733088 0.50060672
vt 0.90150803 0.50869966
vt 0.69335043 0.78324771
vt 0.68222004 0.78414237
vt 0.68125701 0.78006363
vt 0.69306278 0.77976191
vt 0.67589152 0.78368098
vt 0.67479467 0.78042626
vt 0.66965127 0.77980179
vt 0.67031485 0.78434068
vt 0.70263904 0.77979898
vt 0.70201522 0.78434068
vt 0.08233137 0.98134863
vt 0.06567983 0.98122710
vt 0.08246937 0.98580587
vt 0.07282347 0.98570502
vt 0.06079170 0.98580587
vt 0.96232927 0.41632247
vt 0.96860260 0.40898240
vt 0.97031105 0.41804028
vt 0.96352404 0.40774906
vt 0.96458703 0.40176660
vt 0.96925277 0.40298516
vt 0.96494973 0.39675438
vt 0.97031105 0.39423078
vt 0.95900095 0.40937984
vt 0.96055335 0.40122914
vt 0.91158611 0.46842629
vt 0.91354388 0.45616281
vt 0.90853399 0.46800399
vt 0.91062802 0.45712698
vt 0.90895349 0.47158229
vt 0.91253811 0.47293341
vt 0.91045076 0.47639418
vt 0.91753066 0.46646678
vt 0.91686177 0.47183663
vt 0.91494870 0.47679269
vt 0.91748536 0.45602810
vt 0.91543251 0.45192307
vt 0.90981400 0.45543289
vt 0.91387367 0.48351705
vt 0.91748536 0.48031306
vt 0.90584475 0.47482622
vt 0.90527803 0.47972459
vt 0.91103137 0.48489010
vt 0.24188879 0.77701467
vt 0.24174340 0.77871865
vt 0.25966069 0.77771294
vt 0.21763270 0.77854663
vt 0.21930903 0.77726191
vt 0.21870388 0.78067768
vt 0.20411378 0.77895093
vt 0.20074797 0.78020287
vt 0.24627608 0.78067768
vt 0.16991003 0.77898413
vt 0.16729501 0.77977455
vt 0.09189444 0.75332379
vt 0.09274395 0.77644420
vt 0.09365976 0.76298946
vt 0.09377945 0.77522546
vt 0.09358474 0.78342491
vt 0.09377945 0.75290936
vt 0.09255891 0.75045788
vt 0.16729501 0.95283884
vt 0.16352497 0.96464443
vt 0.16622701 0.96351260
vt 0.16729501 0.96840662
vt 0.05506030 0.70833331
vt 0.05042413 0.71108061
vt 0.05890669 0.71108061
vt 0.45287466 0.22732592
vt 0.45664465 0.22847986
vt 0.45589972 0.22326881
vt 0.45664468 0.21840656
vt 0.46062696 0.08494079
vt 0.46324223 0.08536446
vt 0.46147209 0.09020150
vt 0.46324223 0.08159441
vt 0.46041471 0.08312267
vt 0.46215707 0.07829672
vt 0.76494277 0.79716116
vt 0.77049953 0.79899269
vt 0.76460969 0.79899269
vt 0.76295948 0.79770529
vt 0.13430725 0.12225276
vt 0.13053723 0.12212062
vt 0.13430725 0.11950552
vt 0.00047125 0.77060437
vt 0.00989632 0.77060437
vt 0.00453312 0.76968867
vt 0.90056551 0.73058552
vt 0.90026379 0.72756410
vt 0.89868051 0.73056358
vt 0.90026379 0.73305863
vt 0.97973609 0.06730771
vt 0.98067862 0.07895970
vt 0.97973609 0.08195972
vt 0.05890669 0.41895604
vt 0.05890669 0.42902935
vt 0.05796418 0.42333573
vt 0.48261029 0.74901164
vt 0.43652526 0.74207997
vt 0.48160395 0.74164402
vt 0.52808988 0.74611562
vt 0.42022079 0.73518479
vt 0.52802962 0.75272834
vt 0.48721674 0.75699121
vt 0.52377462 0.73925108
vt 0.40966734 0.74499178
vt 0.39263549 0.73557782
vt 0.38787338 0.74737889
vt 0.37151402 0.73858756
vt 0.41308069 0.75834548
vt 0.41547820 0.72796875
vt 0.39025730 0.72921932
vt 0.38936335 0.72286403
vt 0.37436992 0.72714454
vt 0.52882618 0.76067233
vt 0.54164541 0.76036078
vt 0.54714441 0.75354737
vt 0.48871931 0.76509351
vt 0.53160918 0.76496965
vt 0.43584123 0.76114261
vt 0.47952321 0.72791541
vt 0.36232498 0.74921894
vt 0.44254822 0.76763934
vt 0.54079545 0.73481828
vt 0.52754694 0.73154193
vt 0.53380221 0.73186123
vt 0.41234893 0.72237420
vt 0.44957384 0.72544205
vt 0.47110510 0.72339982
vt 0.45345601 0.72305882
vt 0.44463301 0.72080159
vt 0.56713992 0.75672346
vt 0.48164806 0.73463941
vt 0.39029005 0.76276720
vt 0.44066888 0.74942875
vt 0.37968671 0.73361737
vt 0.54010731 0.73222160
vt 0.49870640 0.72489631
vt 0.50311166 0.72369361
vt 0.50763994 0.72751045
vt 0.35815787 0.74173158
vt 0.34690964 0.74916768
vt 0.34077927 0.76257324
vt 0.35448876 0.73402917
vt 0.32643425 0.75838560
vt 0.32680067 0.74905628
vt 0.30868170 0.75358254
vt 0.31763420 0.76353806
vt 0.32985428 0.76672423
vt 0.31325567 0.76778191
vt 0.29785001 0.75932974
vt 0.35103953 0.76729888
vt 0.31654394 0.74489504
vt 0.56018370 0.74702555
vt 0.40739155 0.76732188
vt 0.48158351 0.76755363
vt 0.30114794 0.74257779
vt 0.31650993 0.74140656
vt 0.31237808 0.73943216
vt 0.33247852 0.74147737
vt 0.29453617 0.74430490
vt 0.28309795 0.74100506
vt 0.37892514 0.72390354
vt 0.37395626 0.72076118
vt 0.36410967 0.72533631
vt 0.36558104 0.71573240
vt 0.49092820 0.72172952
vt 0.49026498 0.71574861
vt 0.52442014 0.71782905
vt 0.51159900 0.72208476
vt 0.52337366 0.72128087
vt 0.52299970 0.72681683
vt 0.53343618 0.72507465
vt 0.53427935 0.72847593
vt 0.54234767 0.72876668
vt 0.52481431 0.71191311
vt 0.45757997 0.71099001
vt 0.52550399 0.70762390
vt 0.46563503 0.70685899
vt 0.44572198 0.70764363
vt 0.45212010 0.70051700
vt 0.49233547 0.70111454
vt 0.43420050 0.70105273
vt 0.43582270 0.69571710
vt 0.43596786 0.70739782
vt 0.45475101 0.69600272
vt 0.43552640 0.69115669
vt 0.41850600 0.69878703
vt 0.41890463 0.70267272
vt 0.34029678 0.76995069
vt 0.45394561 0.72140461
vt 0.56500661 0.72706151
vt 0.45548579 0.71445328
vt 0.55627495 0.73254406
vt 0.56212091 0.73199117
vt 0.34068456 0.73876363
vt 0.54170924 0.72092509
vt 0.36126995 0.73196369
vt 0.35845599 0.72652286
vt 0.34795719 0.73264569
vt 0.45291162 0.69141388
vt 0.36334288 0.71463251
vt 0.35834745 0.72115350
vt 0.58185256 0.72646821
vt 0.60486150 0.73159063
vt 0.61017466 0.72611904
vt 0.63747305 0.72516924
vt 0.64276552 0.73139220
vt 0.64355719 0.73500729
vt 0.70006889 0.72891885
vt 0.69468182 0.73157883
vt 0.72126544 0.73299170
vt 0.70639580 0.73345000
vt 0.67156315 0.72542602
vt 0.66200036 0.72038281
vt 0.68926084 0.71823519
vt 0.71016693 0.72413802
vt 0.60709614 0.72103548
vt 0.60619640 0.73514092
vt 0.35256755 0.72529817
vt 0.33946127 0.73136812
vt 0.34126383 0.73392177
vt 0.34471059 0.73546880
vt 0.66040748 0.73409355
vt 0.33791173 0.73656583
vt 0.37122694 0.76286632
vt 0.35500535 0.71133977
vt 0.34497923 0.71595180
vt 0.33602494 0.70796853
vt 0.32697347 0.71491569
vt 0.33119678 0.71923286
vt 0.30938846 0.71241760
vt 0.31544039 0.70308203
vt 0.31889921 0.71997368
vt 0.34681949 0.70484936
vt 0.30275285 0.76406813
vt 0.33626196 0.72510010
vt 0.37420765 0.71398020
vt 0.37974465 0.71385974
vt 0.39347807 0.72111106
vt 0.48430321 0.77051800
vt 0.45583364 0.77007526
vt 0.42210290 0.72523189
vt 0.42039084 0.69266224
vt 0.28884920 0.73915619
vt 0.55841833 0.70798099
vt 0.31226501 0.71696174
vt 0.27620617 0.74398446
vt 0.44624832 0.71198517
vt 0.44009638 0.71583414
vt 0.43233076 0.71110106
vt 0.27727425 0.75001013
vt 0.34986898 0.73652798
vt 0.41912222 0.71823567
vt 0.43504837 0.72070920
vt 0.41710803 0.71118259
vt 0.57016206 0.73440599
vt 0.33398759 0.73368758
vt 0.72281015 0.73454529
vt 0.71177053 0.73678774
vt 0.73888820 0.73618978
vt 0.70491093 0.73769134
vt 0.70596659 0.73906785
vt 0.69001955 0.74178237
vt 0.68735713 0.73969710
vt 0.61308980 0.73687118
vt 0.30403900 0.70296115
vt 0.48522466 0.69134557
vt 0.36787549 0.71089137
vt 0.38419560 0.71388322
vt 0.26607555 0.71029139
vt 0.25631374 0.70673412
vt 0.22888497 0.71267319
vt 0.21925846 0.70756751
vt 0.22217496 0.70408285
vt 0.19786617 0.71187431
vt 0.19936472 0.70551652
vt 0.20096633 0.70064533
vt 0.24769692 0.70195693
vt 0.24771588 0.71385342
vt 0.28003585 0.71379358
vt 0.25526416 0.71980572
vt 0.27294156 0.72742659
vt 0.25157410 0.72768360
vt 0.25061902 0.73624510
vt 0.28827196 0.72437900
vt 0.28237954 0.73499227
vt 0.29242361 0.73437649
vt 0.28278866 0.73813272
vt 0.26345760 0.73773116
vt 0.26989338 0.73333365
vt 0.23237099 0.72462583
vt 0.27162665 0.73949516
vt 0.25089401 0.73921609
vt 0.25065055 0.74088138
vt 0.24891333 0.74043834
vt 0.22846402 0.73699653
vt 0.26891786 0.74057782
vt 0.72060591 0.73928255
vt 0.75640696 0.73849982
vt 0.74134773 0.74155873
vt 0.76273650 0.74267262
vt 0.74242860 0.74768674
vt 0.75786340 0.75152230
vt 0.79409194 0.74851048
vt 0.77538764 0.76307076
vt 0.79022509 0.76359725
vt 0.77140361 0.76581323
vt 0.80837941 0.76274544
vt 0.81275898 0.74729252
vt 0.83222121 0.75842565
vt 0.84086001 0.74943715
vt 0.82476926 0.73753512
vt 0.84732139 0.73635244
vt 0.82520586 0.73480648
vt 0.80298352 0.73498583
vt 0.80639911 0.76519400
vt 0.85635722 0.74716729
vt 0.85584807 0.75685650
vt 0.86887515 0.75859487
vt 0.87178826 0.75065011
vt 0.87194461 0.73826826
vt 0.86783504 0.73480088
vt 0.87791729 0.75216556
vt 0.79355353 0.77133220
vt 0.84320903 0.73326230
vt 0.84155899 0.73264670
vt 0.82862395 0.73279887
vt 0.84383947 0.76250225
vt 0.78327262 0.73622954
vt 0.70397556 0.74290240
vt 0.44164342 0.70922339
vt 0.18235132 0.70905286
vt 0.87320757 0.75695223
vt 0.29507208 0.71355909
vt 0.73837203 0.73459208
vt 0.75235569 0.73582733
vt 0.60027921 0.73697662
vt 0.53357881 0.73056316
vt 0.85639536 0.73800582
vt 0.87801522 0.73357487
vt 0.22762205 0.73804653
vt 0.76250380 0.73339564
vt 0.73713356 0.73133177
vt 0.76457143 0.73108703
vt 0.77627075 0.73412323
vt 0.78733689 0.73544312
vt 0.76488298 0.72772849
vt 0.79844540 0.72705472
vt 0.77074134 0.72387969
vt 0.82258219 0.72074091
vt 0.80219376 0.73059005
vt 0.79348761 0.72001326
vt 0.82579088 0.72709459
vt 0.75783151 0.71973819
vt 0.81058776 0.71570259
vt 0.41069949 0.70831150
vt 0.40728348 0.71085745
vt 0.40358719 0.71557850
vt 0.39777130 0.71026188
vt 0.39793694 0.70798081
vt 0.40905389 0.70730114
vt 0.39432293 0.70763224
vt 0.39093581 0.71053588
vt 0.72257131 0.73155236
vt 0.24857841 0.74336368
vt 0.23639822 0.73690820
vt 0.75064856 0.76349366
vt 0.81045586 0.73189276
vt 0.61302531 0.73896158
vt 0.58881354 0.73921776
vt 0.58765614 0.73663002
vt 0.59631371 0.74196446
vt 0.61579227 0.74242634
vt 0.63946390 0.74036086
vt 0.62033284 0.73714530
vt 0.65003681 0.74249476
vt 0.66391027 0.74051011
vt 0.66274124 0.73797470
vt 0.66933984 0.74238634
vt 0.67131639 0.74401927
vt 0.63074356 0.74575394
vt 0.68775892 0.74077606
vt 0.61573523 0.73673552
vt 0.83265841 0.73166877
vt 0.84188825 0.73062861
vt 0.83943641 0.72966558
vt 0.85763168 0.73275745
vt 0.85534537 0.73138189
vt 0.86410642 0.73096544
vt 0.86763120 0.72787124
vt 0.87179077 0.73301965
vt 0.87737322 0.72959781
vt 0.87012267 0.72185361
vt 0.88465881 0.72693574
vt 0.85701919 0.72136372
vt 0.85851520 0.71490335
vt 0.87401551 0.71754652
vt 0.86673158 0.73343831
vt 0.84476191 0.71739537
vt 0.84999204 0.71174192
vt 0.85913813 0.70701832
vt 0.83947319 0.70614189
vt 0.84323245 0.70139188
vt 0.85954159 0.69939971
vt 0.86739451 0.70532173
vt 0.84416282 0.69779849
vt 0.84023982 0.69784707
vt 0.87168050 0.70090932
vt 0.87627286 0.70818496
vt 0.85262436 0.68803835
vt 0.86100805 0.68917912
vt 0.87759054 0.69771355
vt 0.88649863 0.70184308
vt 0.88765204 0.70893532
vt 0.88670480 0.71272588
vt 0.89970362 0.71270108
vt 0.82859004 0.69744956
vt 0.88456553 0.73115593
vt 0.89175487 0.73030901
vt 0.88790888 0.73284084
vt 0.89213622 0.73309809
vt 0.89598536 0.73246229
vt 0.89659911 0.72850597
vt 0.89648032 0.72195494
vt 0.89927799 0.70917213
vt 0.85535377 0.72754329
vt 0.69156998 0.73536766
vt 0.88657045 0.73419261
vt 0.89444399 0.73490930
vt 0.89632094 0.74999154
vt 0.88704693 0.75119781
vt 0.88868374 0.75703996
vt 0.89554977 0.76358616
vt 0.90056551 0.76291656
vt 0.22965664 0.74313337
vt 0.22323005 0.73485637
vt 0.89680797 0.73276287
vt 0.75703454 0.71630466
vt 0.79787123 0.71189564
vt 0.75722802 0.71282041
vt 0.71009773 0.71333194
vt 0.82100362 0.71201080
vt 0.74820805 0.71043837
vt 0.22128931 0.73630202
vt 0.85748750 0.73284817
vt 0.78138882 0.70554841
vt 0.75159931 0.70407379
vt 0.72199810 0.70396692
vt 0.71482480 0.69932026
vt 0.68973881 0.70288843
vt 0.67124325 0.70224410
vt 0.66865599 0.69711477
vt 0.63691705 0.70160019
vt 0.63357079 0.69250578
vt 0.61548287 0.69149816
vt 0.60922629 0.70091879
vt 0.60581493 0.70527798
vt 0.58494616 0.69363886
vt 0.58078521 0.70037740
vt 0.54653066 0.69365793
vt 0.54278296 0.69936192
vt 0.50992590 0.69908237
vt 0.57580823 0.68869364
vt 0.58374667 0.70389903
vt 0.63439679 0.68659723
vt 0.67092621 0.68640000
vt 0.64515650 0.70746982
vt 0.69057095 0.71072561
vt 0.68977743 0.69597679
vt 0.71732485 0.69506675
vt 0.72336620 0.68898118
vt 0.77153361 0.69429696
vt 0.77161837 0.68225586
vt 0.80521256 0.68291682
vt 0.81291962 0.69307470
vt 0.80329835 0.69930774
vt 0.82555336 0.68315673
vt 0.75907135 0.68011230
vt 0.72658694 0.67960185
vt 0.70894974 0.67938292
vt 0.66738909 0.71573651
vt 0.75921607 0.69914210
vt 0.76103669 0.73647797
vt 0.34090844 0.70044327
vt 0.70707935 0.70955646
vt 0.60962909 0.71607429
vt 0.30032104 0.69893092
vt 0.33881024 0.69589168
vt 0.37197906 0.69436473
vt 0.35985848 0.68897414
vt 0.29919368 0.69194257
vt 0.38420841 0.68771303
vt 0.38468373 0.69355822
vt 0.48326832 0.69627130
vt 0.59980738 0.75333226
vt 0.66416866 0.73548019
vt 0.58678496 0.70996308
vt 0.52626753 0.76791739
vt 0.22937569 0.73525399
vt 0.64748269 0.75141656
vt 0.29873464 0.73786342
vt 0.31755424 0.73803526
vt 0.30040848 0.73476052
vt 0.30960333 0.73184574
vt 0.67325062 0.67799515
vt 0.71173882 0.71817452
vt 0.62042481 0.68460083
vt 0.58875215 0.71814919
vt 0.22752523 0.69819826
vt 0.19139439 0.69614464
vt 0.23438008 0.69566894
vt 0.23078796 0.69386148
vt 0.29494908 0.69567078
vt 0.62245440 0.70873123
vt 0.64228356 0.76017654
vt 0.67849636 0.76438612
vt 0.64919525 0.76473916
vt 0.60343409 0.76239473
vt 0.53965098 0.68885058
vt 0.64580500 0.76716530
vt 0.68235028 0.76649135
vt 0.69925386 0.76651782
vt 0.68319714 0.77335167
vt 0.70471954 0.77207136
vt 0.64171898 0.77037656
vt 0.69947356 0.76438034
vt 0.60225666 0.76746982
vt 0.38578123 0.71142250
vt 0.59185588 0.73470932
vt 0.83768517 0.71368432
vt 0.56335920 0.73650181
vt 0.56234419 0.73857617
vt 0.17634995 0.70407480
vt 0.79380548 0.73839039
vt 0.46426058 0.72086364
vt 0.80235237 0.73309278
vt 0.67188871 0.70903528
vt 0.59277910 0.71404982
vt 0.33472347 0.73988640
vt 0.84620261 0.76477987
vt 0.40762612 0.72052372
vt 0.56572711 0.71771550
vt 0.17085762 0.71247202
vt 0.18954520 0.71539605
vt 0.16818447 0.72449845
vt 0.16286208 0.71587849
vt 0.15423892 0.71174884
vt 0.14789799 0.71845490
vt 0.15738349 0.72376746
vt 0.18174823 0.72784662
vt 0.17727995 0.73742688
vt 0.16198681 0.73964894
vt 0.17391142 0.74072230
vt 0.17156479 0.74128973
vt 0.16742538 0.74454689
vt 0.19258942 0.74031627
vt 0.18208988 0.74400628
vt 0.16119730 0.74065298
vt 0.20140675 0.73721224
vt 0.20548730 0.74038744
vt 0.21382265 0.72536725
vt 0.14613146 0.71285027
vt 0.13502648 0.71727633
vt 0.13453469 0.71147215
vt 0.14087583 0.72426623
vt 0.14330916 0.73825264
vt 0.12935656 0.71723592
vt 0.12292397 0.71417755
vt 0.12184242 0.72308218
vt 0.12694940 0.73755264
vt 0.12042117 0.73736656
vt 0.12225357 0.73967183
vt 0.12695625 0.74163908
vt 0.11643147 0.72289640
vt 0.12321134 0.70980728
vt 0.13395801 0.70578909
vt 0.12422797 0.70429885
vt 0.13341030 0.69777298
vt 0.12620647 0.69705564
vt 0.13757454 0.70173150
vt 0.14753731 0.70416331
vt 0.14486590 0.69704044
vt 0.12015881 0.70178348
vt 0.11659845 0.69608283
vt 0.11082726 0.69948882
vt 0.12032799 0.74067342
vt 0.14756247 0.70926404
vt 0.11491773 0.70620459
vt 0.16547319 0.74329621
vt 0.45787165 0.71819216
vt 0.31894073 0.77075642
vt 0.29858574 0.76982546
vt 0.29438090 0.77145213
vt 0.27966538 0.76728851
vt 0.27778432 0.76933938
vt 0.26417074 0.76663828
vt 0.25418651 0.76878518
vt 0.24406567 0.76675689
vt 0.23026623 0.77070177
vt 0.22182812 0.76953840
vt 0.22200239 0.76633406
vt 0.21893661 0.76356369
vt 0.20636559 0.76632679
vt 0.23253697 0.76195443
vt 0.20915580 0.76904047
vt 0.21405026 0.75936133
vt 0.22676364 0.75588894
vt 0.26474154 0.75825393
vt 0.25091010 0.76039219
vt 0.21877347 0.75003165
vt 0.25317571 0.76367301
vt 0.19755758 0.76382667
vt 0.26225302 0.77109283
vt 0.56504190 0.76389307
vt 0.30171758 0.72210479
vt 0.33216426 0.73895842
vt 0.13201839 0.73965830
vt 0.67742938 0.74848485
vt 0.54790288 0.73626971
vt 0.28206697 0.75862616
vt 0.74479473 0.76649684
vt 0.37444532 0.69854593
vt 0.37761694 0.70374089
vt 0.38479942 0.70116001
vt 0.40339497 0.68814176
vt 0.41868094 0.70600379
vt 0.41480899 0.70423937
vt 0.43206856 0.77063155
vt 0.29757941 0.76642251
vt 0.11154566 0.73912764
vt 0.10896378 0.71604812
vt 0.10843137 0.73706192
vt 0.10414620 0.72298270
vt 0.09956566 0.71313548
vt 0.09943449 0.72315037
vt 0.09945169 0.73835880
vt 0.10852521 0.71148676
vt 0.10469847 0.73873675
vt 0.10298128 0.70549959
vt 0.38045254 0.71065658
vt 0.30082887 0.71934342
vt 0.55580056 0.71581095
vt 0.39458925 0.77019763
vt 0.42859492 0.77238137
vt 0.76543289 0.77335167
vt 0.76136065 0.76968014
vt 0.19814767 0.76006740
vt 0.17734520 0.75992191
vt 0.18126918 0.75471979
vt 0.17151992 0.76373708
vt 0.16215542 0.75922394
vt 0.15851636 0.76356542
vt 0.15596667 0.76049685
vt 0.14682886 0.76285511
vt 0.15088776 0.75493169
vt 0.15868820 0.76641494
vt 0.88260043 0.73610395
vt 0.15274177 0.73755586
vt 0.69087493 0.68670654
vt 0.69844592 0.67628205
vt 0.87568146 0.73318017
vt 0.59678364 0.77008832
vt 0.63469720 0.77235961
vt 0.38159809 0.70474333
vt 0.38836697 0.70348108
vt 0.38023171 0.70748585
vt 0.39332548 0.70159614
vt 0.37592575 0.70763868
vt 0.17351754 0.69849801
vt 0.16371970 0.69548976
vt 0.36869162 0.73008859
vt 0.16080701 0.75153446
vt 0.86799109 0.71092844
vt 0.36588442 0.76949078
vt 0.37973034 0.76740533
vt 0.14550683 0.76673365
vt 0.14912198 0.76998216
vt 0.13763255 0.76514596
vt 0.14063457 0.75986570
vt 0.13303371 0.75951767
vt 0.13789822 0.74986392
vt 0.12681095 0.76348603
vt 0.12996545 0.75271142
vt 0.13512631 0.74292630
vt 0.14433409 0.74031204
vt 0.14161974 0.73910731
vt 0.13251053 0.76782787
vt 0.13010800 0.74183953
vt 0.12080130 0.75001597
vt 0.12110259 0.74193788
vt 0.11407024 0.74175984
vt 0.11515819 0.75627387
vt 0.12340926 0.76780999
vt 0.12284227 0.75678927
vt 0.13877314 0.77191734
vt 0.16708145 0.77072847
vt 0.17855029 0.76605123
vt 0.53688973 0.70299476
vt 0.82234037 0.76941794
vt 0.88606471 0.76488203
vt 0.57444227 0.74798954
vt 0.84019101 0.69047683
vt 0.25259203 0.73778802
vt 0.85720330 0.73462093
vt 0.82543540 0.73021233
vt 0.71305662 0.74191689
vt 0.22479410 0.74046636
vt 0.20698830 0.73574269
vt 0.20587794 0.73793405
vt 0.14506641 0.75586832
vt 0.26907185 0.74193102
vt 0.44972053 0.72044015
vt 0.82200754 0.70449704
vt 0.72873169 0.72771704
vt 0.10813349 0.73980010
vt 0.87386638 0.69428223
vt 0.15984356 0.70072454
vt 0.68977171 0.74348342
vt 0.56319100 0.76811779
vt 0.55494732 0.77058011
vt 0.32583368 0.73758793
vt 0.74531311 0.77041155
vt 0.37358272 0.70695758
vt 0.41079569 0.70200938
vt 0.40028983 0.70107514
vt 0.27592880 0.76349247
vt 0.84326613 0.72588503
vt 0.17775905 0.76973158
vt 0.54314882 0.76922941
vt 0.85657400 0.76362145
vt 0.85587782 0.77089381
vt 0.86112100 0.76564074
vt 0.51150221 0.72447431
vt 0.51534289 0.72687387
vt 0.34513003 0.73619288
vt 0.19053096 0.76964390
vt 0.51825738 0.72841561
vt 0.64801902 0.73788947
vt 0.64956754 0.73637295
vt 0.66313827 0.73627460
vt 0.66514367 0.73661292
vt 0.11687739 0.71370250
vt 0.11807189 0.76441151
vt 0.37215090 0.71058649
vt 0.11005557 0.70413256
vt 0.24646005 0.74661118
vt 0.32342839 0.72875744
vt 0.13409179 0.73996150
vt 0.14764838 0.74675435
vt 0.18278356 0.74847829
vt 0.11525778 0.73925614
vt 0.11340979 0.76737463
vt 0.10924280 0.76553762
vt 0.71593118 0.74693257
vt 0.71496618 0.76438713
vt 0.39870226 0.69435316
vt 0.14101696 0.73871320
vt 0.83670932 0.72052139
vt 0.16229297 0.70694029
vt 0.20730875 0.71614945
vt 0.15155196 0.74051148
vt 0.87042588 0.76368767
vt 0.87248522 0.76575202
vt 0.26010421 0.74715829
vt 0.88521558 0.72071648
vt 0.16162901 0.74408960
vt 0.62249506 0.78708792
vt 0.64336598 0.79716116
vt 0.61404335 0.79716116
vt 0.65174365 0.79009932
vt 0.04345035 0.39106166
vt 0.05423450 0.40338826
vt 0.05141249 0.38921690
vt 0.04194156 0.37713027
vt 0.05118884 0.36322761
vt 0.05607917 0.38164526
vt 0.05393568 0.36442554
vt 0.05607917 0.36034799
vt 0.98580784 0.32944870
vt 0.95259696 0.32726455
vt 0.96094090 0.32005495
vt 0.98821867 0.33928573
vt 0.94950926 0.33438349
vt 0.94674838 0.33928573
vt 0.92601317 0.30901611
vt 0.92424119 0.30173993
vt 0.90999055 0.32999945
vt 0.91004580 0.34307396
vt 0.92601317 0.34935898
vt 0.91542643 0.31734163
vt 0.80442977 0.28759444
vt 0.82016474 0.28810310
vt 0.80497366 0.28983516
vt 0.81379747 0.28434062
vt 0.82429767 0.28715312
vt 0.85532516 0.28983516
vt 0.84664005 0.28841293
vt 0.47078228 0.80947942
vt 0.47078228 0.79716039
vt 0.46358937 0.81272894
vt 0.45758718 0.80462408
vt 0.46135151 0.78800368
vt 0.03219901 0.46198726
vt 0.04253404 0.46314621
vt 0.05325164 0.44459707
vt 0.03020978 0.47737765
vt 0.04683539 0.46149468
vt 0.04631467 0.46323675
vt 0.00989632 0.48989153
vt 0.02282591 0.48822397
vt 0.01384393 0.49478143
vt 0.02446423 0.48961079
vt 0.03280584 0.48006344
vt 0.03261045 0.47831911
vt 0.04300407 0.46805352
vt 0.04487080 0.47173131
vt 0.04559639 0.46780896
vt 0.05122722 0.46423113
vt 0.05036753 0.48339194
vt 0.05325165 0.49496341
vt 0.03262582 0.48516333
vt 0.50565505 0.11826605
vt 0.55239421 0.11401099
vt 0.55466539 0.12133700
vt 0.51512915 0.12133700
vt 0.78557962 0.96565932
vt 0.79292685 0.95467031
vt 0.80819982 0.96565932
vt 0.78846192 0.95567280
vt 0.28401533 0.99862635
vt 0.27662581 0.99576420
vt 0.29897675 0.99496335
vt 0.29927489 0.99862635
vt 0.30113101 0.99690509
vt 0.19305626 0.17599857
vt 0.19651343 0.20768976
vt 0.19934024 0.21199632
vt 0.19180019 0.19862020
vt 0.19496056 0.18531656
vt 0.19934024 0.17955357
vt 0.19797027 0.16437727
vt 0.19243000 0.17102826
vt 0.75412250 0.88126975
vt 0.74788731 0.87858516
vt 0.75795597 0.87604815
vt 0.76410598 0.88090187
vt 0.76608115 0.87793666
vt 0.77553880 0.87588364
vt 0.76880366 0.86494803
vt 0.78615224 0.86492676
vt 0.78977180 0.87433994
vt 0.79971725 0.88016492
vt 0.78282499 0.88289738
vt 0.79118800 0.88324177
vt 0.75211418 0.88108230
vt 0.73662192 0.87840563
vt 0.73374176 0.88069052
vt 0.73415953 0.88324177
vt 0.37100410 0.77197725
vt 0.37747407 0.77407205
vt 0.36510140 0.77426738
vt 0.36854014 0.77060437
vt 0.36237609 0.77153420
vt 0.35768142 0.77407205
vt 0.75525063 0.16529304
vt 0.75730443 0.16393268
vt 0.75730443 0.15430403
vt 0.75259191 0.15517044
vt 0.75279683 0.16444755
vt 0.66911030 0.87957877
vt 0.68001884 0.87970108
vt 0.67032409 0.88192660
vt 0.67972833 0.88232601
vt 0.66116869 0.88232601
vt 0.20368473 0.57738096
vt 0.21245821 0.57939416
vt 0.19651273 0.58287543
vt 0.21104094 0.58287543
vt 0.21892968 0.58096302
vt 0.21913290 0.57892108
vt 0.94674838 0.61767399
vt 0.95038766 0.60393775
vt 0.95325619 0.60533267
vt 0.95617342 0.61767399
vt 0.58195949 0.98122710
vt 0.60084826 0.98403114
vt 0.53958529 0.98654151
vt 0.55276811 0.99038464
vt 0.59943163 0.99038464
vt 0.43946207 0.86034799
vt 0.43672150 0.85858399
vt 0.45384631 0.85851645
vt 0.45758718 0.86034799
vt 0.40574929 0.85895813
vt 0.92130065 0.80082417
vt 0.92016768 0.79883009
vt 0.91819000 0.80050796
vt 0.92130065 0.77553457
vt 0.91855627 0.77426738
vt 0.91643602 0.77615637
vt 0.91564560 0.79808950
vt 0.30867106 0.87133700
vt 0.29424360 0.87133700
vt 0.30479634 0.86610413
vt 0.29901066 0.86034799
vt 0.29204556 0.86035651
vt 0.28699341 0.86067766
vt 0.64137608 0.58091801
vt 0.61857820 0.58087111
vt 0.63390368 0.57921243
vt 0.63718951 0.58195972
vt 0.61027330 0.58195972
vt 0.83926857 0.01965499
vt 0.84401506 0.00412089
vt 0.83364749 0.02396536
vt 0.83894384 0.02555645
vt 0.83637667 0.03056622
vt 0.84401506 0.02960801
vt 0.83997929 0.03617215
vt 0.70652628 0.29166663
vt 0.72869921 0.29331064
vt 0.70538652 0.29995209
vt 0.72430772 0.30101144
vt 0.68378890 0.29290342
vt 0.68559176 0.29793882
vt 0.68877846 0.30173993
vt 0.75133711 0.30173993
vt 0.77426958 0.29910165
vt 0.87229031 0.67780870
vt 0.84307259 0.67994505
vt 0.85693246 0.67628205
vt 0.86430138 0.67994505
vt 0.11789143 0.21699172
vt 0.15493459 0.21474361
vt 0.12376583 0.22239643
vt 0.10098417 0.21516287
vt 0.15241267 0.22255796
vt 0.12681504 0.22847986
vt 0.17389256 0.22847986
vt 0.10470270 0.22709990
vt 0.08812441 0.22315955
vt 0.56409049 0.77609891
vt 0.58056110 0.77686137
vt 0.56473583 0.78342491
vt 0.58105558 0.78342491
vt 0.22196041 0.79270959
vt 0.22314137 0.80173993
vt 0.22478794 0.79656118
vt 0.22478794 0.78891939
vt 0.08376386 0.83379120
vt 0.08265985 0.82738096
vt 0.09943449 0.83377320
vt 0.07746140 0.83377320
vt 0.06927427 0.83171475
vt 0.03848800 0.50260997
vt 0.04099906 0.50320512
vt 0.02874647 0.50320512
vt 0.03041157 0.50221914
vt 0.03439563 0.50045788
vt 0.54927510 0.78800368
vt 0.58884233 0.79217839
vt 0.56627214 0.79633385
vt 0.54499412 0.79367149
vt 0.61027330 0.80131596
vt 0.55596310 0.80173993
vt 0.53204525 0.80173993
vt 0.23868732 0.79990840
vt 0.23986804 0.80723441
vt 0.22573045 0.80723441
vt 0.00424128 0.66126698
vt 0.01649601 0.65888280
vt 0.00697052 0.66804028
vt 0.01853286 0.66804028
vt 0.02497644 0.66193306
vt 0.14829098 0.98750156
vt 0.15692742 0.99302900
vt 0.12996916 0.99020600
vt 0.10359956 0.98305863
vt 0.15449750 0.99771065
vt 0.09283695 0.99226707
vt 0.09925289 0.99771065
vt 0.79594719 0.89697802
vt 0.79594719 0.88847399
vt 0.78918439 0.89273077
vt 0.78840715 0.88782054
vt 0.05270021 0.77701467
vt 0.06644675 0.78250915
vt 0.04853911 0.78250915
vt 0.03431058 0.74883926
vt 0.03628652 0.68543959
vt 0.03251649 0.68966693
vt 0.03628652 0.75228935
vt 0.49590069 0.81060553
vt 0.49716559 0.81639194
vt 0.50094253 0.80766612
vt 0.50094253 0.78617215
vt 0.49668047 0.79354435
vt 0.49528748 0.78954244
vt 0.34542885 0.18635529
vt 0.34071630 0.18635529
vt 0.34076911 0.17902929
vt 0.92674983 0.42136002
vt 0.92918003 0.42722434
vt 0.93166822 0.41895604
vt 0.92507070 0.42553091
vt 0.92844820 0.43269229
vt 0.93166822 0.43183625
vt 0.12456017 0.90257865
vt 0.14513236 0.90377045
vt 0.12448564 0.90401059
vt 0.14690168 0.90285927
vt 0.11688156 0.90247256
vt 0.16915612 0.90422851
vt 0.17333503 0.90255558
vt 0.17300007 0.90421104
vt 0.11636762 0.90404969
vt 0.11850143 0.90669751
vt 0.12758385 0.90507919
vt 0.11620556 0.90970975
vt 0.12804942 0.92223996
vt 0.14039361 0.92037892
vt 0.14137785 0.93130898
vt 0.12592839 0.93314427
vt 0.14589827 0.92406100
vt 0.14590324 0.91032678
vt 0.13996032 0.90739936
vt 0.11623709 0.92165095
vt 0.14915104 0.93149471
vt 0.14862654 0.92299998
vt 0.11486376 0.90382683
vt 0.14540395 0.93476409
vt 0.10263924 0.90488875
vt 0.17500193 0.90414625
vt 0.14974891 0.90711308
vt 0.12653148 0.93740678
vt 0.11515608 0.93991959
vt 0.11710038 0.94234556
vt 0.12625107 0.94211417
vt 0.10458355 0.94472605
vt 0.10407294 0.94051450
vt 0.09645747 0.94287401
vt 0.10010838 0.95001423
vt 0.08614772 0.94511193
vt 0.08818083 0.95135355
vt 0.07658502 0.94688308
vt 0.07520694 0.95244145
vt 0.08697834 0.95603681
vt 0.07520864 0.95674622
vt 0.10259756 0.95501596
vt 0.07772716 0.94241387
vt 0.06350400 0.95410091
vt 0.06301628 0.94303495
vt 0.08945386 0.94138253
vt 0.07025747 0.93581420
vt 0.06281070 0.93799812
vt 0.04960587 0.93958056
vt 0.05119007 0.94637460
vt 0.04464285 0.94758648
vt 0.04670246 0.95182246
vt 0.03585390 0.95032465
vt 0.03519641 0.95436394
vt 0.04517215 0.95683551
vt 0.03580183 0.94599551
vt 0.03436809 0.95901287
vt 0.02660034 0.95501733
vt 0.06101694 0.93500298
vt 0.10429721 0.93474638
vt 0.14659728 0.94010854
vt 0.15826337 0.92367047
vt 0.16528451 0.91142601
vt 0.16639666 0.90527147
vt 0.16688162 0.92416412
vt 0.17437953 0.90701503
vt 0.17825752 0.92156446
vt 0.16715328 0.93339282
vt 0.18214466 0.90784287
vt 0.18932806 0.91070122
vt 0.19104002 0.92471397
vt 0.19195820 0.93335503
vt 0.20364039 0.93384552
vt 0.19468193 0.93820763
vt 0.17943372 0.93529397
vt 0.19128372 0.94130242
vt 0.17904498 0.94238871
vt 0.19058976 0.94506592
vt 0.20311145 0.94403112
vt 0.20260853 0.95072317
vt 0.19264126 0.95077068
vt 0.19299801 0.95511466
vt 0.20699036 0.95585763
vt 0.21745200 0.95143032
vt 0.17933427 0.95032591
vt 0.16556938 0.94103801
vt 0.20624444 0.94085145
vt 0.20305528 0.92263669
vt 0.19368806 0.90530401
vt 0.14557269 0.94400829
vt 0.12673379 0.94980270
vt 0.14300822 0.95049602
vt 0.13249002 0.95453519
vt 0.11485786 0.95493305
vt 0.16269365 0.95097321
vt 0.14549771 0.95483792
vt 0.11577676 0.93298995
vt 0.17970443 0.93226898
vt 0.08961701 0.93428254
vt 0.10392364 0.92240059
vt 0.14651082 0.90487754
vt 0.21722023 0.92491633
vt 0.20562047 0.90813816
vt 0.21762371 0.90821689
vt 0.22620203 0.92360306
vt 0.22752234 0.90828651
vt 0.22338094 0.90614241
vt 0.23552634 0.92547292
vt 0.23578200 0.90888053
vt 0.24511063 0.92458838
vt 0.24575567 0.90907890
vt 0.25553948 0.90943676
vt 0.24983275 0.90677446
vt 0.25695997 0.90627402
vt 0.25242245 0.90583652
vt 0.25919336 0.90927529
vt 0.26277468 0.90692574
vt 0.26752189 0.90936112
vt 0.26758063 0.90679747
vt 0.27291432 0.90738857
vt 0.27434680 0.90922385
vt 0.27627149 0.90716916
vt 0.27856535 0.90742606
vt 0.28228086 0.90654618
vt 0.27847496 0.90916729
vt 0.27752948 0.92212856
vt 0.25857225 0.92614776
vt 0.24174176 0.90616065
vt 0.21160795 0.90589273
vt 0.20066677 0.90487337
vt 0.21648881 0.90546834
vt 0.23218855 0.93306166
vt 0.24843742 0.90508729
vt 0.20249069 0.90360141
vt 0.20006813 0.90310991
vt 0.19602405 0.90697587
vt 0.19217657 0.90796393
vt 0.03651878 0.94063562
vt 0.02929059 0.94259465
vt 0.03410337 0.93201250
vt 0.04012718 0.93020153
vt 0.03183174 0.91698968
vt 0.02525643 0.93230963
vt 0.04453963 0.91517872
vt 0.03936765 0.91463023
vt 0.04673477 0.91303945
vt 0.04867368 0.92856663
vt 0.03323330 0.91557211
vt 0.03053956 0.91505849
vt 0.04334090 0.91050434
vt 0.05132729 0.91022974
vt 0.05236507 0.90798944
vt 0.06114142 0.90634847
vt 0.06027352 0.90599984
vt 0.06284429 0.90512973
vt 0.05462871 0.91190761
vt 0.03545262 0.91189587
vt 0.03003128 0.91335034
vt 0.02801465 0.91462260
vt 0.03764305 0.91326582
vt 0.16375814 0.95574450
vt 0.04785933 0.93728197
vt 0.22534381 0.90506601
vt 0.06214449 0.94646680
vt 0.10542772 0.90979630
vt 0.02500690 0.96199632
vt 0.01676552 0.96040696
vt 0.02016946 0.95367455
vt 0.06312536 0.95875329
vt 0.17965309 0.95549339
vt 0.02579458 0.91791964
vt 0.21976852 0.95670092
vt 0.23364007 0.95802903
vt 0.23202625 0.95328933
vt 0.23196353 0.94773108
vt 0.24401648 0.95114404
vt 0.24544416 0.94598579
vt 0.23338144 0.94325477
vt 0.21889828 0.94219178
vt 0.23056407 0.93804997
vt 0.25184226 0.94840640
vt 0.24051082 0.93882030
vt 0.25802314 0.95215493
vt 0.25949746 0.94656038
vt 0.24506246 0.95632273
vt 0.21171467 0.90432882
vt 0.02054170 0.94430685
vt 0.01787436 0.93467396
vt 0.24532431 0.90576893
vt 0.26994669 0.95189857
vt 0.27001420 0.95555413
vt 0.27526748 0.95584285
vt 0.27488995 0.94687581
vt 0.26115796 0.94196439
vt 0.26018122 0.95903021
vt 0.06140342 0.92329711
vt 0.09663077 0.90724528
vt 0.08946212 0.92082435
vt 0.08442803 0.90727943
vt 0.09226764 0.90419781
vt 0.08015148 0.90596902
vt 0.07879473 0.90958416
vt 0.07855298 0.92256707
vt 0.08297624 0.90414679
vt 0.07499310 0.90492922
vt 0.08076691 0.90364879
vt 0.09149230 0.90362906
vt 0.10146895 0.90416092
vt 0.09360892 0.90273148
vt 0.10402384 0.93173409
vt 0.15691906 0.93579173
vt 0.02655289 0.94994169
vt 0.16401759 0.94437861
vt 0.11511924 0.94990289
vt 0.27593869 0.94438446
vt 0.26795906 0.92747194
vt 0.21786809 0.93429047
vt 0.21179380 0.90305340
vt 0.26976243 0.96199632
vt 0.23828816 0.90435535
vt 0.23471253 0.90508628
vt 0.23585933 0.90376276
vt 0.22705767 0.90493411
vt 0.06933812 0.90741342
vt 0.21374369 0.90336144
vt 0.22539212 0.90364105
vt 0.24622186 0.90444791
vt 0.25048441 0.93312418
vt 0.21670850 0.94408417
vt 0.24978922 0.94041401
vt 0.01971581 0.92072052
vt 0.02190313 0.91837269
vt 0.01876071 0.91824079
vt 0.02367232 0.91507810
vt 0.01874009 0.91615617
vt 0.01635969 0.91748530
vt 0.01479477 0.91954786
vt 0.01397421 0.91811383
vt 0.01237260 0.91993546
vt 0.01444428 0.92049766
vt 0.23408200 0.90630519
vt 0.07804871 0.93526381
vt 0.10126209 0.90333146
vt 0.06343018 0.91240245
vt 0.03718369 0.91151518
vt 0.02594692 0.91613257
vt 0.02579257 0.91485661
vt 0.01173230 0.92184132
vt 0.01163267 0.92306036
vt 0.01074011 0.92112327
vt 0.00989632 0.92265189
vt 0.94486332 0.36154246
vt 0.95078099 0.35864538
vt 0.94527966 0.36858976
vt 0.96465600 0.36858976
vt 0.95620877 0.35576922
vt 0.94994795 0.35650384
vt 0.74282426 0.78434068
vt 0.72997171 0.78250724
vt 0.73102814 0.77949893
vt 0.74641645 0.77726126
vt 0.75362074 0.78434068
vt 0.76484448 0.78193456
vt 0.74837184 0.77426738
vt 0.18143260 0.07345879
vt 0.18134904 0.05540293
vt 0.17139380 0.06598121
vt 0.17342003 0.08086449
vt 0.16446748 0.07509327
vt 0.16690986 0.09460503
vt 0.18134904 0.09656471
vt 0.17739758 0.09718126
vt 0.17439811 0.10485351
vt 0.94998443 0.54899269
vt 0.94880384 0.53460896
vt 0.94608432 0.53709573
vt 0.94505990 0.52729511
vt 0.94580221 0.51679128
vt 0.94331932 0.51819146
vt 0.94203579 0.50707006
vt 0.95146090 0.50786108
vt 0.95146090 0.49954212
vt 0.44816211 0.19826007
vt 0.45947221 0.19539285
vt 0.45101303 0.18473965
vt 0.45947221 0.18177652
vt 0.05890669 0.29441392
vt 0.06203856 0.28695941
vt 0.07304430 0.29441392
vt 0.06505841 0.28617215
vt 0.94957590 0.99679488
vt 0.94227463 0.99543041
vt 0.94662690 0.99313188
vt 0.93638074 0.99679488
vt 0.01649387 0.82005495
vt 0.00169613 0.82005495
vt 0.01622778 0.81914037
vt 0.00047125 0.81903434
vt 0.01505864 0.81822342
vt 0.01005604 0.00686812
vt 0.02567243 0.01325220
vt 0.00989632 0.01384228
vt 0.01162581 0.01877290
vt 0.02591894 0.01877290
vt 0.96560150 0.30357146
vt 0.96748352 0.31144243
vt 0.95053810 0.31091738
vt 0.94957590 0.31639194
vt 0.96732461 0.31639194
vt 0.23421301 0.86675823
vt 0.23677137 0.86217946
vt 0.24835061 0.86675823
vt 0.29264843 0.90979856
vt 0.29884821 0.90155679
vt 0.30584353 0.90979856
vt 0.94297832 0.86635268
vt 0.95051837 0.86950547
vt 0.95051837 0.86217946
vt 0.88831294 0.14148355
vt 0.87872612 0.14148355
vt 0.88058722 0.13965201
vt 0.87794536 0.14003766
vt 0.11168709 0.83379120
vt 0.12847583 0.83287543
vt 0.13242224 0.83379120
vt 0.59519321 0.78342491
vt 0.59519321 0.78067768
vt 0.59236568 0.78327566
vt 0.30400211 0.19459897
vt 0.30229640 0.19745237
vt 0.30121228 0.19219935
vt 0.30233479 0.20775008
vt 0.30146986 0.18609518
vt 0.30317652 0.17818773
vt 0.29487306 0.17718422
vt 0.29875350 0.16862196
vt 0.28556493 0.16178358
vt 0.29901430 0.16139877
vt 0.29303733 0.15938449
vt 0.28876531 0.15321857
vt 0.28097293 0.14405143
vt 0.29231697 0.15479219
vt 0.29100659 0.15087193
vt 0.28609794 0.17104352
vt 0.27691546 0.16706014
vt 0.26430607 0.16731727
vt 0.30229452 0.16470593
vt 0.29652271 0.15073723
vt 0.29330584 0.14939654
vt 0.29520908 0.14768213
vt 0.28999397 0.14031762
vt 0.24936543 0.15777367
vt 0.28261366 0.13122141
vt 0.29577622 0.15720528
vt 0.30371198 0.16523385
vt 0.31578279 0.18769848
vt 0.31145406 0.19441307
vt 0.31050789 0.21295786
vt 0.29948139 0.18548369
vt 0.31808928 0.18359679
vt 0.31439421 0.17798877
vt 0.32283947 0.17805207
vt 0.29065377 0.12739682
vt 0.29746050 0.13624853
vt 0.29752263 0.14056128
vt 0.31238422 0.14088547
vt 0.29286352 0.14368439
vt 0.29685351 0.14245701
vt 0.31764007 0.13566428
vt 0.30984876 0.11958653
vt 0.32193506 0.11955833
vt 0.31996274 0.11319864
vt 0.30626297 0.09750158
vt 0.31975603 0.09983671
vt 0.32161242 0.08832878
vt 0.30517775 0.10759741
vt 0.30205721 0.11468828
vt 0.30509862 0.08621842
vt 0.32046610 0.06882334
vt 0.32519752 0.08027345
vt 0.32452223 0.06429297
vt 0.32084033 0.06553948
vt 0.31669763 0.06660032
vt 0.32222158 0.06162477
vt 0.32968178 0.07366067
vt 0.32910123 0.08295852
vt 0.32519284 0.09081095
vt 0.33035108 0.08939457
vt 0.33299100 0.08649182
vt 0.32735157 0.09383678
vt 0.33388174 0.07636148
vt 0.33678669 0.07998788
vt 0.32388437 0.10092717
vt 0.32680908 0.09995300
vt 0.30698124 0.07236296
vt 0.33418256 0.06829453
vt 0.32151449 0.11458760
vt 0.29746267 0.12152505
vt 0.32207382 0.08835667
vt 0.33368930 0.09342736
vt 0.32011935 0.14229172
vt 0.32099411 0.09750891
vt 0.30463365 0.06823850
vt 0.32470909 0.12611473
vt 0.32486334 0.12412989
vt 0.32787669 0.12924784
vt 0.32824615 0.12258583
vt 0.33123288 0.12692195
vt 0.33300894 0.12160081
vt 0.33657596 0.12627137
vt 0.33733293 0.12083572
vt 0.33497092 0.11439687
vt 0.34262592 0.12300700
vt 0.33974168 0.13018215
vt 0.33470047 0.13172859
vt 0.34461769 0.13087553
vt 0.34765667 0.12745404
vt 0.34993035 0.13580590
vt 0.32987419 0.11539185
vt 0.34503794 0.13525516
vt 0.35132879 0.12640786
vt 0.33800638 0.11565357
vt 0.31383803 0.15142399
vt 0.30754465 0.14881748
vt 0.27493012 0.13353193
vt 0.30339789 0.21286124
vt 0.32060704 0.11128527
vt 0.30626160 0.15510142
vt 0.30998930 0.15889317
vt 0.30294231 0.14265049
vt 0.32398981 0.14656603
vt 0.29118818 0.14741373
vt 0.30039600 0.18883055
vt 0.30460131 0.17133749
vt 0.30835894 0.15745258
vt 0.31910720 0.15631235
vt 0.31855500 0.05846339
vt 0.31264806 0.05908418
vt 0.31696782 0.05271423
vt 0.30427864 0.05793810
vt 0.32081097 0.05468106
vt 0.31883946 0.05088055
vt 0.32353094 0.05272448
vt 0.31951189 0.04562891
vt 0.29989448 0.04448271
vt 0.30682343 0.06366080
vt 0.30359036 0.06047004
vt 0.30528444 0.06324488
vt 0.29738167 0.06008500
vt 0.30043420 0.05215245
vt 0.32851395 0.02990741
vt 0.29969099 0.02975553
vt 0.33746290 0.03954351
vt 0.34618214 0.03200430
vt 0.37818876 0.03108639
vt 0.38932341 0.03013635
vt 0.33929518 0.02874476
vt 0.39006236 0.04080617
vt 0.36645976 0.05253130
vt 0.38675678 0.05897003
vt 0.39935395 0.05340642
vt 0.41238356 0.04879791
vt 0.44065717 0.04118091
vt 0.44823724 0.05517900
vt 0.49389258 0.04378617
vt 0.52078068 0.04478490
vt 0.49508542 0.04018766
vt 0.56122261 0.04224867
vt 0.51083642 0.06689692
vt 0.47496122 0.06990731
vt 0.46646026 0.06642663
vt 0.48096761 0.07367617
vt 0.49694756 0.07596684
vt 0.48574114 0.07874727
vt 0.48973832 0.08407861
vt 0.50141960 0.08364701
vt 0.49426961 0.09366488
vt 0.49990231 0.09181845
vt 0.49873707 0.09683675
vt 0.49282709 0.10462397
vt 0.49261585 0.11191380
vt 0.49820024 0.10519379
vt 0.49809808 0.11224002
vt 0.50016993 0.11867797
vt 0.49242485 0.12399369
vt 0.49034932 0.12368333
vt 0.50444221 0.12915570
vt 0.48912635 0.13463938
vt 0.51665407 0.07117927
vt 0.52093005 0.06953359
vt 0.51158416 0.07415640
vt 0.52815360 0.06811041
vt 0.45520121 0.06506026
vt 0.54594475 0.05690026
vt 0.54098523 0.06912053
vt 0.55217749 0.07200688
vt 0.56450361 0.05122697
vt 0.55091673 0.07339573
vt 0.44731000 0.03596538
vt 0.48565859 0.03699690
vt 0.44984597 0.03232968
vt 0.49528873 0.03373098
vt 0.46627164 0.01536149
vt 0.50329584 0.01466322
vt 0.51530266 0.03217232
vt 0.54439074 0.03281564
vt 0.55947655 0.03787488
vt 0.52258551 0.03665060
vt 0.43742773 0.01527560
vt 0.40376532 0.02907640
vt 0.40989310 0.01224291
vt 0.42345676 0.00848079
vt 0.36253497 0.00621194
vt 0.40769961 0.00560391
vt 0.45276266 0.00676227
vt 0.36577863 0.01258981
vt 0.33781770 0.00238407
vt 0.32578611 0.00512052
vt 0.32401979 0.00299060
vt 0.27794683 0.00405627
vt 0.28846836 0.00717086
vt 0.26854232 0.00582379
vt 0.28297025 0.01219356
vt 0.24852294 0.01513261
vt 0.24761425 0.00560373
vt 0.23757182 0.00789726
vt 0.26624677 0.02489251
vt 0.24051328 0.02343494
vt 0.23686443 0.02815574
vt 0.22423925 0.01080281
vt 0.29807115 0.02513003
vt 0.21143956 0.01547641
vt 0.19744641 0.01002353
vt 0.16645892 0.01586318
vt 0.16601805 0.01136655
vt 0.14565988 0.01717407
vt 0.15891364 0.02491105
vt 0.13250497 0.02582175
vt 0.15295938 0.02882582
vt 0.12668765 0.02987790
vt 0.12320843 0.04440367
vt 0.11173434 0.03217149
vt 0.11431614 0.04638880
vt 0.12300982 0.02051663
vt 0.12003529 0.01657778
vt 0.18209001 0.02836877
vt 0.17185241 0.04533821
vt 0.19701752 0.04742724
vt 0.16272888 0.06839788
vt 0.17932257 0.05414462
vt 0.17210242 0.05676365
vt 0.13822904 0.07102561
vt 0.15921600 0.08383757
vt 0.14440826 0.08466828
vt 0.15815461 0.09414852
vt 0.15333183 0.10395008
vt 0.16107227 0.10456771
vt 0.15773921 0.11773312
vt 0.16859663 0.11059654
vt 0.17177477 0.11896688
vt 0.16944683 0.12242687
vt 0.18484588 0.12349236
vt 0.18409337 0.11665934
vt 0.19597307 0.12551564
vt 0.19545740 0.11097366
vt 0.20485030 0.11591899
vt 0.20335856 0.13293463
vt 0.20892106 0.12462676
vt 0.21980664 0.10409123
vt 0.22730732 0.12940270
vt 0.23303948 0.11032856
vt 0.22719994 0.09526575
vt 0.23065424 0.08446169
vt 0.22951163 0.09250635
vt 0.23002036 0.10249949
vt 0.21109171 0.06790262
vt 0.24148916 0.05750614
vt 0.23304377 0.07904047
vt 0.23710784 0.07218313
vt 0.24223691 0.06769991
vt 0.24652341 0.06474286
vt 0.25256917 0.06191230
vt 0.25863129 0.06025702
vt 0.26502305 0.05954391
vt 0.27921677 0.05688959
vt 0.25044754 0.04206067
vt 0.27145109 0.05988473
vt 0.27968988 0.06190401
vt 0.29174581 0.06601691
vt 0.29214281 0.05742007
vt 0.29408816 0.05702490
vt 0.29385680 0.06056499
vt 0.29502079 0.06424224
vt 0.23671091 0.11699247
vt 0.24177553 0.12323409
vt 0.24750720 0.12830478
vt 0.25452879 0.13165313
vt 0.20711900 0.14659637
vt 0.20177300 0.10265809
vt 0.18030246 0.11320919
vt 0.15764119 0.12401026
vt 0.15132870 0.12442142
vt 0.14593269 0.11501908
vt 0.12896216 0.08276588
vt 0.13156123 0.09167701
vt 0.12413654 0.06712288
vt 0.16581208 0.06263793
vt 0.18647696 0.05312890
vt 0.19552113 0.05585623
vt 0.11828419 0.05234540
vt 0.14307694 0.01324606
vt 0.11998819 0.01478177
vt 0.10496872 0.01802021
vt 0.13158944 0.01198381
vt 0.11458764 0.01101130
vt 0.11665767 0.00891834
vt 0.16344991 0.00985402
vt 0.10355457 0.01170129
vt 0.13820435 0.00891942
vt 0.10956009 0.02285105
vt 0.18316826 0.00972068
vt 0.11111479 0.04302728
vt 0.10342545 0.03662151
vt 0.09363113 0.03139645
vt 0.09154751 0.03915608
vt 0.07795100 0.03697795
vt 0.07849289 0.03234738
vt 0.08749346 0.02698344
vt 0.08011415 0.02409816
vt 0.08746037 0.02116299
vt 0.07977142 0.01713121
vt 0.08885477 0.01382262
vt 0.08182644 0.01144475
vt 0.07311378 0.01392233
vt 0.07162371 0.02030307
vt 0.07022851 0.03030992
vt 0.07007033 0.04142606
vt 0.12028993 0.05733454
vt 0.18589343 0.02428406
vt 0.18505555 0.00660467
vt 0.23016749 0.00493127
vt 0.23787400 0.00192440
vt 0.21136041 0.00218183
vt 0.25209060 0.00266904
vt 0.21698363 0.00437158
vt 0.20324919 0.00409013
vt 0.20314978 0.00045788
vt 0.17943990 0.00395381
vt 0.26658335 0.00321317
vt 0.55306631 0.02034819
vt 0.47147152 0.01010829
vt 0.44438526 0.06572598
vt 0.42502767 0.06806552
vt 0.43687317 0.06789398
vt 0.43142790 0.07078254
vt 0.42630327 0.07493550
vt 0.42030171 0.07179534
vt 0.42258972 0.07901633
vt 0.41702995 0.08136505
vt 0.41611266 0.07783276
vt 0.41444311 0.07838553
vt 0.41406509 0.07501328
vt 0.40975401 0.07642013
vt 0.41069067 0.07374173
vt 0.41912514 0.08500683
vt 0.41606537 0.08554083
vt 0.41345075 0.08401090
vt 0.40667909 0.08545965
vt 0.39759687 0.08631921
vt 0.40950269 0.08318901
vt 0.40469930 0.08236873
vt 0.39503458 0.09262526
vt 0.41639432 0.09329385
vt 0.39660090 0.10553527
vt 0.41635308 0.11382508
vt 0.39145023 0.08566618
vt 0.39299855 0.08970565
vt 0.41712579 0.11083663
vt 0.39808446 0.12831056
vt 0.39737457 0.08207911
vt 0.39335299 0.07525015
vt 0.39739552 0.07483572
vt 0.39928243 0.08157980
vt 0.39932460 0.07248300
vt 0.40446070 0.07836556
vt 0.39863700 0.06171125
vt 0.40434298 0.06715363
vt 0.40803498 0.06118011
vt 0.40342131 0.05621624
vt 0.39989150 0.05786747
vt 0.40681371 0.05589193
vt 0.41104189 0.05699235
vt 0.39701739 0.06228888
vt 0.41832373 0.12616366
vt 0.40846047 0.12826777
vt 0.40039244 0.13154352
vt 0.39836624 0.13083261
vt 0.39379510 0.13473856
vt 0.39830130 0.13947845
vt 0.39472559 0.13807869
vt 0.39312616 0.13639247
vt 0.39019999 0.13564616
vt 0.39145783 0.13775897
vt 0.39722836 0.14309043
vt 0.39968309 0.14612114
vt 0.40412340 0.14411008
vt 0.39370152 0.14367664
vt 0.40536699 0.14829880
vt 0.40122497 0.15058172
vt 0.40634081 0.15721554
vt 0.40834069 0.13638532
vt 0.41075289 0.15020424
vt 0.41257685 0.15711379
vt 0.41090780 0.16390294
vt 0.40521762 0.16395336
vt 0.40884605 0.17047065
vt 0.40370148 0.17046964
vt 0.40639165 0.17681700
vt 0.40096676 0.17439973
vt 0.39949498 0.17063826
vt 0.39701343 0.17574471
vt 0.39464480 0.17178786
vt 0.39027509 0.17256987
vt 0.39173526 0.16731524
vt 0.38758120 0.17186451
vt 0.38679913 0.17604351
vt 0.38131180 0.17286420
vt 0.37731704 0.17717707
vt 0.37541276 0.17102921
vt 0.37113971 0.17574793
vt 0.36936456 0.16657555
vt 0.37378970 0.16447413
vt 0.36422098 0.16526520
vt 0.36624476 0.15751994
vt 0.37189266 0.15832418
vt 0.37155908 0.18505585
vt 0.37707618 0.15971494
vt 0.36595133 0.17773986
vt 0.36393651 0.18889308
vt 0.35695332 0.18332165
vt 0.36000726 0.17773533
vt 0.35604399 0.19520289
vt 0.34587717 0.18992239
vt 0.35135797 0.17673570
vt 0.35711727 0.17214447
vt 0.35311824 0.17158180
vt 0.34916538 0.17169344
vt 0.35089219 0.16586047
vt 0.34712920 0.16914296
vt 0.34523484 0.17248929
vt 0.34399801 0.16724539
vt 0.34981593 0.16257143
vt 0.34947571 0.17894077
vt 0.35485446 0.16656327
vt 0.37564355 0.15297830
vt 0.37085760 0.15232390
vt 0.36663780 0.15307385
vt 0.36997715 0.14566696
vt 0.36454141 0.14769888
vt 0.35958755 0.15091771
vt 0.37375790 0.13963580
vt 0.37823185 0.14381838
vt 0.37974158 0.13898939
vt 0.38575864 0.14292288
vt 0.38352412 0.13962454
vt 0.38680625 0.13571614
vt 0.38316563 0.13532054
vt 0.38687074 0.13129199
vt 0.38637167 0.12880170
vt 0.39093012 0.13358313
vt 0.38945028 0.12941438
vt 0.38495052 0.15598935
vt 0.38094687 0.14938861
vt 0.38656020 0.15013850
vt 0.39210925 0.15688896
vt 0.39332402 0.15054905
vt 0.39435017 0.15429050
vt 0.39810729 0.15476644
vt 0.39628178 0.16025978
vt 0.39204225 0.16234744
vt 0.39730167 0.15344214
vt 0.39122644 0.14612770
vt 0.38814071 0.15945202
vt 0.37714842 0.14891672
vt 0.38662443 0.14413583
vt 0.38049951 0.13503778
vt 0.36261776 0.15984857
vt 0.37896335 0.16634375
vt 0.37949988 0.18291968
vt 0.38881236 0.18269396
vt 0.39582828 0.16607046
vt 0.39345059 0.17976528
vt 0.41492903 0.17064178
vt 0.41672638 0.15969193
vt 0.41687495 0.16453385
vt 0.42458811 0.16111195
vt 0.42071569 0.15740889
vt 0.42311662 0.16586322
vt 0.42820847 0.16883504
vt 0.42424214 0.17232209
vt 0.42881140 0.17538601
vt 0.42645663 0.17666715
vt 0.42242175 0.17759234
vt 0.42441690 0.17753619
vt 0.42069924 0.17569733
vt 0.42603561 0.18134534
vt 0.41960254 0.17073822
vt 0.41495499 0.15248227
vt 0.41344804 0.17851168
vt 0.40588069 0.18126869
vt 0.41086572 0.18545115
vt 0.40533316 0.18538517
vt 0.41061452 0.18951511
vt 0.40474918 0.18916786
vt 0.40045658 0.18642288
vt 0.41380152 0.19162714
vt 0.41824055 0.18768322
vt 0.42036712 0.19309354
vt 0.41598648 0.19573414
vt 0.41737428 0.19882900
vt 0.40717754 0.19146907
vt 0.41388288 0.19987744
vt 0.41109145 0.19544983
vt 0.41869003 0.18124199
vt 0.40126288 0.17803377
vt 0.40091163 0.15827024
vt 0.38770193 0.07913721
vt 0.38209274 0.07307631
vt 0.41295069 0.06050736
vt 0.40053013 0.08470708
vt 0.41846740 0.12262189
vt 0.38435721 0.08405185
vt 0.39584717 0.11978602
vt 0.39154458 0.12899172
vt 0.39425489 0.12119973
vt 0.38927078 0.12242079
vt 0.39191782 0.11696833
vt 0.38668287 0.11940539
vt 0.38913167 0.11023939
vt 0.38449588 0.11709023
vt 0.38771814 0.10754794
vt 0.39435253 0.10875988
vt 0.37746081 0.11593699
vt 0.37988150 0.10472709
vt 0.37284103 0.10766822
vt 0.37511081 0.09209031
vt 0.36723959 0.10455143
vt 0.36358190 0.11357409
vt 0.35374463 0.10779804
vt 0.35563791 0.12207276
vt 0.34724027 0.11834580
vt 0.35802457 0.09524566
vt 0.38237602 0.08758438
vt 0.37741277 0.07862550
vt 0.37063685 0.08219898
vt 0.37032858 0.07258105
vt 0.37898126 0.07544577
vt 0.37191150 0.06995517
vt 0.38239929 0.06869614
vt 0.37661466 0.06354213
vt 0.38030702 0.06124407
vt 0.37441891 0.05710149
vt 0.36990976 0.05736393
vt 0.36876515 0.06143910
vt 0.38561264 0.06619644
vt 0.38663179 0.07331216
vt 0.38938740 0.07022178
vt 0.36005884 0.08179057
vt 0.34683776 0.09305835
vt 0.34261206 0.10776067
vt 0.32961848 0.09768927
vt 0.33093175 0.11157256
vt 0.36831665 0.09442908
vt 0.35860619 0.06733221
vt 0.41718957 0.09790879
vt 0.36958092 0.11973310
vt 0.41322985 0.05426854
vt 0.38888773 0.09691048
vt 0.38282862 0.08264500
vt 0.35810605 0.06991261
vt 0.39483243 0.09791648
vt 0.38880754 0.09090132
vt 0.41520151 0.06724238
vt 0.41865492 0.08682352
vt 0.41687301 0.07280833
vt 0.41463158 0.08096480
vt 0.50817567 0.07713449
vt 0.55125844 0.04531419
vt 0.39300668 0.18351346
vt 0.39689377 0.18481171
vt 0.34504572 0.05396020
vt 0.35308012 0.06134772
vt 0.34473908 0.06281483
vt 0.34741905 0.06666368
vt 0.34008709 0.06513083
vt 0.34187588 0.07016653
vt 0.34548107 0.07197046
vt 0.34025460 0.07424372
vt 0.34979600 0.07195294
vt 0.34505218 0.07947367
vt 0.33834028 0.06944937
vt 0.35470200 0.06901097
vt 0.40588030 0.05382526
vt 0.39287308 0.03364396
vt 0.29274291 0.04944468
vt 0.36097953 0.06118584
vt 0.54790902 0.01581025
vt 0.56476116 0.01411855
vt 0.58213741 0.01730281
vt 0.58856171 0.01471066
vt 0.59353596 0.01627707
vt 0.61261058 0.01729113
vt 0.33728722 0.06513393
vt 0.30138397 0.02842265
vt 0.51926994 0.03857034
vt 0.57958180 0.02888691
vt 0.60016114 0.02822900
vt 0.60385168 0.03804642
vt 0.63738883 0.03053796
vt 0.61682361 0.02595544
vt 0.63908595 0.03776371
vt 0.64362955 0.04317826
vt 0.59276533 0.04444295
vt 0.61045974 0.05158377
vt 0.59209877 0.04773551
vt 0.61157143 0.05431002
vt 0.66571277 0.05776489
vt 0.67594916 0.05074096
vt 0.68846291 0.05873495
vt 0.62665540 0.07157731
vt 0.60923898 0.07623428
vt 0.62406915 0.09304148
vt 0.60569650 0.09625548
vt 0.61997008 0.10392576
vt 0.66570896 0.09457803
vt 0.67008722 0.11417121
vt 0.65054631 0.11536622
vt 0.63789171 0.12711084
vt 0.64520228 0.12415302
vt 0.65203017 0.12180787
vt 0.65566534 0.12125534
vt 0.67948407 0.12031019
vt 0.68681002 0.10701233
vt 0.70434749 0.10060441
vt 0.71919709 0.11666918
vt 0.70328039 0.13033396
vt 0.71653265 0.13621426
vt 0.72140485 0.13102746
vt 0.70393288 0.14948511
vt 0.70334029 0.13980448
vt 0.71431136 0.14726043
vt 0.72986513 0.12540269
vt 0.74264300 0.10347986
vt 0.74293166 0.08606005
vt 0.78259778 0.08666521
vt 0.77119046 0.06837744
vt 0.79149306 0.06239462
vt 0.77023190 0.06109250
vt 0.78926289 0.04457855
vt 0.80479831 0.04760909
vt 0.80351669 0.03801531
vt 0.79389322 0.03677529
vt 0.81878901 0.04822463
vt 0.81415695 0.03508627
vt 0.82042259 0.05101186
vt 0.83679318 0.04956889
vt 0.83609384 0.06541103
vt 0.82191491 0.06556660
vt 0.76905292 0.03843641
vt 0.76045173 0.03290123
vt 0.76964080 0.02774608
vt 0.83974367 0.05703384
vt 0.84119582 0.05081612
vt 0.82706982 0.04313350
vt 0.75228256 0.02725112
vt 0.74025899 0.02445370
vt 0.73040801 0.02809548
vt 0.79292649 0.03034520
vt 0.80184168 0.09346569
vt 0.73853588 0.06078762
vt 0.76998377 0.04438293
vt 0.84247160 0.07304901
vt 0.83608180 0.07409018
vt 0.84829563 0.06819803
vt 0.85226506 0.07518935
vt 0.85215569 0.09046155
vt 0.85163975 0.06752849
vt 0.72792590 0.03139651
vt 0.84475952 0.05189061
vt 0.80087459 0.06315863
vt 0.84304619 0.09504962
vt 0.71141011 0.08413100
vt 0.78623009 0.11068225
vt 0.84948909 0.06355399
vt 0.74363434 0.12450707
vt 0.73799914 0.07395750
vt 0.85468584 0.08304209
vt 0.71278220 0.15187401
vt 0.70157248 0.16040689
vt 0.71223837 0.16013229
vt 0.71214575 0.17093956
vt 0.70014071 0.16736412
vt 0.71168637 0.17442727
vt 0.70145977 0.17750531
vt 0.71272391 0.18486881
vt 0.70365810 0.18683583
vt 0.70297408 0.19799966
vt 0.71482480 0.19056213
vt 0.71885806 0.19953364
vt 0.69974005 0.20598823
vt 0.69541019 0.21478927
vt 0.72627985 0.21901923
vt 0.72354859 0.20631695
vt 0.73408079 0.21538889
vt 0.74620396 0.22807306
vt 0.74522990 0.21752989
vt 0.75599325 0.21698976
vt 0.76721317 0.24973273
vt 0.74470824 0.24794859
vt 0.71758002 0.23932123
vt 0.70748067 0.25132751
vt 0.73267287 0.26399064
vt 0.68779182 0.26419652
vt 0.72896242 0.27272892
vt 0.68165731 0.28348660
vt 0.66358674 0.28278744
vt 0.72801065 0.28489411
vt 0.76228935 0.28531373
vt 0.67625183 0.23658001
vt 0.66428280 0.24806458
vt 0.67322618 0.26254857
vt 0.67040622 0.22626173
vt 0.64038485 0.23478085
vt 0.65632451 0.22195446
vt 0.61972296 0.21835822
vt 0.64395612 0.21171796
vt 0.65734482 0.21563953
vt 0.63301533 0.21098810
vt 0.63589346 0.20618403
vt 0.78193766 0.21959811
vt 0.58615780 0.23379719
vt 0.77990288 0.25098896
vt 0.79793209 0.24828851
vt 0.80407339 0.22970402
vt 0.81903905 0.23386300
vt 0.81839722 0.19180942
vt 0.82960474 0.18616164
vt 0.80921978 0.26151013
vt 0.82976186 0.23471344
vt 0.83866447 0.21837854
vt 0.84429181 0.23597252
vt 0.84055483 0.25577629
vt 0.84582895 0.25078213
vt 0.84050393 0.17732769
vt 0.81059086 0.19811326
vt 0.79456609 0.19299752
vt 0.82290965 0.25776255
vt 0.84100908 0.14161205
vt 0.79578793 0.26427710
vt 0.58601749 0.22316837
vt 0.56855428 0.23532361
vt 0.57242823 0.21112978
vt 0.56723106 0.24665838
vt 0.58044934 0.25330848
vt 0.56184042 0.26030296
vt 0.58296186 0.26756024
vt 0.56892502 0.27320623
vt 0.55750906 0.27058768
vt 0.55365241 0.26255524
vt 0.55874884 0.24983943
vt 0.54794246 0.24806452
vt 0.54911113 0.26718700
vt 0.54934961 0.23414648
vt 0.53936833 0.24163240
vt 0.53683931 0.22158015
vt 0.54696929 0.22274947
vt 0.55543059 0.20465040
vt 0.54420823 0.19949466
vt 0.56054366 0.21061581
vt 0.56822366 0.20157510
vt 0.54999274 0.18755013
vt 0.53542250 0.20103019
vt 0.52856547 0.20747530
vt 0.52789873 0.22166175
vt 0.55836594 0.19012332
vt 0.53661501 0.19757795
vt 0.54107195 0.19156671
vt 0.53862077 0.19088453
vt 0.53421897 0.19613594
vt 0.53467953 0.18840820
vt 0.53363460 0.19201630
vt 0.52993309 0.18670160
vt 0.53360546 0.18213785
vt 0.52872264 0.18295580
vt 0.53422153 0.17244822
vt 0.53448302 0.16008967
vt 0.53835148 0.16808265
vt 0.53837252 0.17512441
vt 0.52545357 0.17283261
vt 0.52499634 0.15272117
vt 0.49966106 0.15193486
vt 0.52344579 0.13971233
vt 0.50100601 0.13550144
vt 0.53634900 0.15368176
vt 0.49514353 0.18346518
vt 0.47316954 0.16781634
vt 0.47955108 0.16140479
vt 0.46887070 0.16131365
vt 0.46120435 0.16423893
vt 0.46048489 0.16074705
vt 0.47112519 0.17165512
vt 0.46465653 0.16944146
vt 0.45548528 0.16596341
vt 0.44621921 0.16433477
vt 0.47519073 0.15788639
vt 0.46275657 0.15889329
vt 0.47924286 0.15353978
vt 0.47070536 0.17306340
vt 0.47559625 0.17698777
vt 0.48277622 0.18241721
vt 0.52072144 0.19006181
vt 0.52909172 0.14110011
vt 0.53945440 0.16139364
vt 0.54136729 0.16855943
vt 0.54233247 0.15934289
vt 0.53826976 0.15690029
vt 0.54162318 0.14959335
vt 0.54418117 0.15541184
vt 0.54310900 0.14787102
vt 0.54713511 0.15348911
vt 0.54667097 0.14514011
vt 0.52964860 0.19033957
vt 0.53930497 0.14751709
vt 0.54704666 0.16344357
vt 0.55298889 0.15885895
vt 0.54270834 0.14124447
vt 0.47099364 0.15912485
vt 0.55238271 0.14296830
vt 0.52467620 0.20881742
vt 0.52035940 0.22489941
vt 0.51932693 0.21207511
vt 0.52097183 0.20771295
vt 0.51231217 0.20990002
vt 0.52771318 0.23402637
vt 0.50988251 0.21182811
vt 0.51508218 0.20436543
vt 0.51905066 0.20389366
vt 0.54512727 0.18155283
vt 0.52938098 0.19687688
vt 0.58576816 0.27682114
vt 0.55616826 0.22726041
vt 0.54392904 0.16352606
vt 0.54648310 0.26176214
vt 0.51753145 0.13741183
vt 0.50985688 0.13452446
vt 0.59597468 0.19623530
vt 0.61440420 0.24123788
vt 0.62484998 0.19703013
vt 0.82075644 0.14635563
vt 0.82629550 0.11768198
vt 0.81860977 0.17405504
vt 0.53881806 0.14281237
vt 0.75815940 0.26601148
vt 0.52739561 0.20507348
vt 0.61875659 0.18484133
vt 0.84682322 0.20975971
vt 0.84272045 0.12094736
vt 0.63338715 0.20401001
vt 0.85177612 0.24356782
vt 0.85285884 0.23078167
vt 0.79519361 0.20497513
vt 0.50922537 0.20560884
vt 0.81276888 0.14077079
vt 0.79706556 0.14914733
vt 0.52055472 0.19877350
vt 0.72132635 0.22870922
vt 0.67605603 0.21733958
vt 0.76616603 0.21321994
vt 0.69523084 0.21014535
vt 0.69043624 0.21250826
vt 0.68078452 0.21514815
vt 0.62379509 0.19264847
vt 0.62096536 0.18729609
vt 0.83797562 0.04245174
vt 0.71393853 0.02242672
vt 0.72505111 0.03804457
vt 0.70184416 0.13453341
vt 0.69993216 0.13015717
vt 0.62037641 0.13396841
vt 0.62896395 0.13594985
vt 0.68433094 0.09330058
vt 0.60259867 0.11308599
vt 0.58428174 0.07370907
vt 0.62548047 0.14065754
vt 0.73255461 0.05119801
vt 0.70637059 0.04470599
vt 0.62200683 0.14725542
vt 0.66750920 0.06637526
vt 0.59777975 0.05429071
vt 0.58507317 0.04148477
vt 0.67620534 0.04541856
vt 0.67478883 0.21558750
vt 0.58432853 0.19015127
vt 0.59553081 0.16541415
vt 0.57954413 0.15312093
vt 0.59549046 0.13503933
vt 0.57461637 0.18384767
vt 0.58226621 0.13463718
vt 0.58482754 0.11261445
vt 0.56891662 0.12014186
vt 0.57271123 0.14321643
vt 0.57039982 0.11168122
vt 0.57040304 0.10173512
vt 0.61507136 0.17774129
vt 0.85108155 0.21323615
vt 0.84552616 0.16758841
vt 0.85112286 0.14232576
vt 0.66730791 0.03760636
vt 0.56381327 0.13195455
vt 0.56055838 0.13444412
vt 0.55618143 0.13753265
vt 0.69288796 0.12601763
vt 0.68002057 0.12206244
vt 0.66562730 0.12093145
vt 0.56615204 0.12634432
vt 0.61947495 0.15460235
vt 0.83273888 0.09185708
vt 0.61596847 0.16171730
vt 0.62914449 0.19966936
vt 0.78384686 0.12658840
vt 0.76057327 0.12598240
vt 0.76988506 0.13119406
vt 0.77790260 0.13631606
vt 0.78378677 0.14222956
vt 0.57300824 0.16405302
vt 0.58754778 0.09697145
vt 0.57827848 0.03968424
vt 0.78028774 0.20410031
vt 0.66799146 0.03072411
vt 0.63782746 0.27073455
vt 0.79689139 0.17188156
vt 0.20146300 0.07487673
vt 0.20215219 0.06384909
vt 0.20086138 0.06831527
vt 0.19970882 0.06364238
vt 0.20098481 0.09572196
vt 0.53490287 0.01282883
vt 0.41009161 0.14563078
vt 0.41540030 0.14257795
vt 0.41499606 0.13335538
vt 0.42276976 0.13627309
vt 0.41913176 0.12696540
vt 0.42480254 0.14370275
vt 0.42712137 0.12990594
vt 0.42236549 0.12647676
vt 0.41413653 0.12920898
vt 0.63418806 0.02307117
vt 0.38931319 0.14003855
vt 0.21851560 0.13952506
vt 0.21852791 0.17632264
vt 0.20608200 0.15372074
vt 0.20579311 0.18112832
vt 0.21570680 0.20047480
vt 0.20626989 0.19121188
vt 0.20557447 0.20599377
vt 0.22414228 0.21089309
vt 0.22656371 0.18387222
vt 0.21164042 0.22359192
vt 0.23149374 0.23311412
vt 0.23560487 0.21915448
vt 0.24055268 0.22602969
vt 0.24458580 0.23025870
vt 0.25419313 0.23808980
vt 0.23152365 0.26877654
vt 0.23256783 0.20719790
vt 0.19620235 0.22506952
vt 0.09877055 0.01018298
vt 0.68876010 0.07433277
vt 0.79971719 0.13279849
vt 0.23427543 0.19445646
vt 0.23762806 0.18686759
vt 0.24178796 0.18085963
vt 0.23930149 0.18493152
vt 0.24654354 0.17555076
vt 0.16842280 0.26244545
vt 0.16666029 0.27064282
vt 0.18769425 0.27384901
vt 0.23891079 0.27571255
vt 0.24689284 0.27799678
vt 0.27352443 0.27618575
vt 0.28793520 0.27602196
vt 0.28702757 0.27891076
vt 0.29643866 0.27893460
vt 0.33312261 0.27659452
vt 0.34058428 0.27816296
vt 0.33241904 0.25989658
vt 0.28766972 0.24859989
vt 0.36434960 0.27698761
vt 0.30691844 0.23626482
vt 0.32675177 0.23639160
vt 0.31681204 0.23153305
vt 0.30131161 0.21795589
vt 0.29774210 0.22374034
vt 0.33374396 0.23952746
vt 0.34456074 0.24220109
vt 0.29047018 0.23115844
vt 0.28592393 0.23423237
vt 0.27845752 0.23812038
vt 0.32497388 0.28030932
vt 0.37577900 0.28157759
vt 0.12273380 0.26128757
vt 0.12091123 0.26870400
vt 0.09082454 0.26637423
vt 0.12710418 0.00697994
vt 0.13175176 0.24880922
vt 0.09605148 0.25503492
vt 0.13981634 0.00567013
vt 0.13477895 0.27115375
vt 0.66755241 0.02634674
vt 0.20445178 0.27684283
vt 0.56403768 0.04633039
vt 0.39237198 0.28055406
vt 0.39275059 0.27851248
vt 0.37921813 0.26997578
vt 0.38694212 0.26742017
vt 0.40821439 0.26900434
vt 0.42613557 0.27900374
vt 0.43194997 0.26229942
vt 0.49646214 0.27471596
vt 0.49180397 0.26702040
vt 0.46788621 0.25593030
vt 0.52477950 0.25930929
vt 0.49615443 0.23863411
vt 0.51087570 0.23948061
vt 0.52725726 0.24978882
vt 0.51898682 0.23738331
vt 0.53474921 0.26103604
vt 0.46851400 0.24326348
vt 0.45148486 0.24302387
vt 0.46301180 0.24067497
vt 0.47132090 0.23632288
vt 0.47631603 0.23276430
vt 0.43932450 0.24263132
vt 0.53186607 0.26743162
vt 0.41568279 0.26067770
vt 0.41580513 0.25077593
vt 0.40999603 0.25604486
vt 0.40840074 0.26185882
vt 0.41106129 0.23931992
vt 0.41575992 0.23610669
vt 0.41077054 0.23286676
vt 0.41771284 0.23076761
vt 0.41198793 0.22219187
vt 0.39999649 0.21991825
vt 0.40950638 0.21391463
vt 0.39462546 0.20638931
vt 0.40962631 0.20753694
vt 0.40979505 0.20150405
vt 0.39867982 0.19891942
vt 0.40277979 0.19724864
vt 0.39901567 0.19244063
vt 0.40329790 0.19049656
vt 0.40046775 0.18706942
vt 0.41051862 0.19576269
vt 0.39723092 0.19290900
vt 0.39731601 0.19534934
vt 0.39588946 0.19805467
vt 0.39076614 0.19904941
vt 0.38789645 0.23190999
vt 0.38378111 0.21162575
vt 0.37977022 0.22263587
vt 0.37980393 0.23102468
vt 0.54008311 0.26503605
vt 0.50783861 0.23501945
vt 0.50153852 0.22798425
vt 0.48648748 0.22132480
vt 0.49926925 0.21459776
vt 0.52112782 0.26779968
vt 0.53655547 0.27826893
vt 0.50417924 0.22030425
vt 0.50247276 0.20882767
vt 0.49448946 0.20549929
vt 0.50249559 0.20368958
vt 0.48101825 0.22967052
vt 0.49406394 0.27872980
vt 0.53274643 0.28364694
vt 0.54096830 0.28289032
vt 0.54359335 0.27842236
vt 0.54771501 0.28592688
vt 0.52947849 0.28596753
vt 0.47830078 0.28103042
vt 0.48962539 0.21279633
vt 0.54038864 0.27369785
vt 0.38262850 0.26290798
vt 0.43825531 0.28125787
vt 0.42616776 0.28315675
vt 0.42642039 0.23869264
vt 0.16573831 0.00644618
vt 0.56421173 0.18882418
vt 0.56223547 0.17174697
vt 0.09263065 0.23749876
vt 0.07799210 0.24928468
vt 0.07824540 0.23133725
vt 0.78641909 0.19519705
vt 0.78932393 0.19013917
vt 0.12878984 0.23835790
vt 0.10632612 0.23652452
vt 0.07393273 0.22840577
vt 0.06784012 0.24727887
vt 0.06824277 0.25533724
vt 0.05461605 0.24072874
vt 0.05986822 0.25456423
vt 0.04665348 0.23862225
vt 0.05125992 0.23277080
vt 0.04291214 0.22688788
vt 0.03968977 0.23661715
vt 0.03347882 0.22223914
vt 0.03343651 0.23305273
vt 0.03792107 0.24359256
vt 0.02850235 0.23163295
vt 0.03024703 0.22673309
vt 0.03328642 0.24277127
vt 0.02538104 0.23605466
vt 0.02512300 0.22593701
vt 0.01894428 0.22776598
vt 0.02337634 0.24051863
vt 0.02020498 0.21671844
vt 0.01483565 0.21737075
vt 0.01451294 0.20653826
vt 0.01019131 0.20557463
vt 0.01018842 0.19406664
vt 0.01007795 0.21892512
vt 0.00618014 0.20627230
vt 0.00599644 0.19427574
vt 0.02104313 0.21139097
vt 0.01596533 0.20212132
vt 0.01560188 0.23011988
vt 0.02928510 0.24466527
vt 0.03894372 0.21744752
vt 0.03347042 0.20863128
vt 0.02845954 0.20461053
vt 0.03271146 0.19342875
vt 0.02620910 0.18307054
vt 0.03056876 0.16508174
vt 0.02518962 0.15816772
vt 0.03077916 0.13962466
vt 0.02528762 0.13721102
vt 0.02168302 0.13708109
vt 0.02603709 0.11941481
vt 0.03117707 0.11669821
vt 0.03609691 0.13671571
vt 0.03637481 0.11212927
vt 0.03402511 0.09951657
vt 0.04330399 0.08993155
vt 0.03448337 0.08711874
vt 0.02956983 0.09140909
vt 0.04111974 0.07969409
vt 0.04801968 0.07392365
vt 0.04092516 0.06992102
vt 0.04662367 0.06256402
vt 0.04098670 0.05910176
vt 0.05405926 0.05799049
vt 0.04525020 0.05212867
vt 0.05892855 0.06503922
vt 0.03421448 0.07667118
vt 0.04181939 0.11256087
vt 0.02685475 0.10687119
vt 0.04042922 0.15165281
vt 0.05800013 0.15573502
vt 0.05728950 0.11154377
vt 0.05818431 0.12460244
vt 0.05927011 0.10046124
vt 0.04268958 0.18669313
vt 0.05897500 0.18919480
vt 0.06030125 0.08823454
vt 0.02432300 0.19777852
vt 0.03686488 0.18031788
vt 0.02132984 0.16191685
vt 0.01900633 0.18113637
vt 0.01768883 0.16345626
vt 0.01582515 0.16483760
vt 0.01487497 0.17811251
vt 0.00952832 0.16653281
vt 0.01021535 0.15646601
vt 0.00672881 0.14774281
vt 0.01008134 0.14585662
vt 0.01547789 0.14771581
vt 0.00947433 0.12842059
vt 0.00464765 0.16300070
vt 0.00371751 0.14742756
vt 0.00208765 0.13748121
vt 0.00788895 0.17823231
vt 0.00047125 0.16781002
vt 0.00301394 0.17966235
vt 0.00680406 0.12640595
vt 0.04749819 0.25029075
vt 0.04643684 0.21031070
vt 0.02464503 0.21924514
vt 0.06921089 0.22395545
vt 0.07112901 0.26596224
vt 0.06073352 0.26534975
vt 0.07328892 0.27196252
vt 0.06562847 0.27330709
vt 0.07334601 0.27666330
vt 0.08470394 0.28156137
vt 0.07987471 0.28359222
vt 0.08560690 0.27659166
vt 0.09186542 0.28691947
vt 0.08614422 0.28708792
vt 0.09993074 0.28460705
vt 0.07764187 0.28696537
vt 0.07002600 0.27954561
vt 0.05625916 0.27081883
vt 0.05071970 0.26215816
vt 0.04870162 0.26432210
vt 0.04580047 0.26752561
vt 0.05523131 0.27543747
vt 0.05010393 0.27531040
vt 0.14922285 0.23972094
vt 0.04263917 0.25854760
vt 0.47919703 0.18047863
vt 0.20151119 0.21352941
vt 0.19785529 0.21737993
vt 0.18926486 0.22600889
vt 0.18290843 0.23093957
vt 0.26956907 0.25855410
vt 0.80203509 0.02787840
vt 0.36861247 0.25007409
vt 0.39557472 0.14678442
vt 0.14257823 0.10516614
vt 0.28952232 0.14775765
vt 0.31274346 0.16070771
vt 0.31670862 0.16280997
vt 0.05736951 0.23186439
vt 0.06335915 0.21378124
vt 0.06122129 0.20605159
vt 0.70829678 0.02827293
vt 0.07074562 0.05408847
vt 0.06692046 0.06148630
vt 0.06365734 0.07096964
vt 0.64940780 0.02143729
vt 0.67108005 0.02295524
vt 0.65770578 0.01929379
vt 0.68911177 0.02061772
vt 0.64360309 0.01878351
vt 0.07088335 0.28429496
vt 0.14558472 0.00685382
vt 0.80419427 0.03115147
vt 0.78807729 0.27324605
vt 0.56962180 0.09681392
vt 0.07942047 0.26059967
vt 0.02504314 0.09495991
vt 0.02326594 0.08611250
vt 0.01999345 0.10159093
vt 0.10197804 0.28062642
vt 0.11675730 0.28688556
vt 0.61758155 0.17082751
vt 0.18187976 0.24334943
vt 0.63645494 0.28187144
vt 0.48539752 0.28436726
vt 0.32858747 0.00993603
vt 0.61847091 0.15883178
vt 0.36084607 0.24110001
vt 0.35088530 0.24144125
vt 0.36017445 0.23945767
vt 0.36620700 0.23679483
vt 0.64985406 0.26027882
vt 0.37601060 0.25033176
vt 0.37927032 0.25762856
vt 0.37939179 0.24191552
vt 0.03527659 0.06392640
vt 0.03361865 0.05707288
vt 0.56354964 0.21872008
vt 0.03147618 0.06833190
vt 0.36094433 0.16994613
vt 0.21728446 0.00749463
vt 0.80451012 0.06469810
vt 0.55920988 0.03964806
vt 0.05099166 0.05180919
vt 0.05768083 0.04548889
vt 0.05269128 0.04251462
vt 0.03694109 0.05064768
vt 0.55238414 0.17158198
vt 0.02836296 0.08185512
vt 0.53354704 0.24289572
vt 0.48436368 0.13554382
vt 0.48025730 0.13919950
vt 0.47876200 0.14445359
vt 0.47591114 0.14141899
vt 0.47577336 0.14670819
vt 0.47226259 0.14382166
vt 0.47716442 0.15093583
vt 0.79245073 0.15563571
vt 0.78809625 0.14828235
vt 0.34663981 0.02674192
vt 0.32242304 0.05870527
vt 0.20930834 0.02813101
vt 0.06214309 0.27531707
vt 0.76185119 0.05259824
vt 0.01909246 0.09617114
vt 0.01781132 0.08652848
vt 0.02217207 0.08086956
vt 0.01322467 0.09550154
vt 0.01993803 0.07604402
vt 0.02369908 0.06571674
vt 0.01994524 0.06451017
vt 0.01603921 0.07651579
vt 0.01394494 0.08699471
vt 0.85032934 0.11554885
vt 0.25835487 0.13947475
vt 0.37440917 0.22918689
vt 0.40038270 0.18154001
vt 0.39911839 0.15170592
vt 0.38583168 0.16433090
vt 0.02974973 0.06487787
vt 0.43714762 0.16001147
vt 0.43900117 0.16392308
vt 0.42900297 0.16171467
vt 0.43006980 0.16043901
vt 0.43257332 0.16437459
vt 0.10058968 0.02540076
vt 0.08145467 0.04680067
vt 0.08664209 0.04259980
vt 0.07719192 0.05107921
vt 0.56859261 0.07899302
vt 0.81081468 0.27716553
vt 0.38179365 0.16168761
vt 0.34402400 0.11985213
vt 0.35133934 0.12236989
vt 0.79306734 0.18163127
vt 0.04747203 0.04310352
vt 0.67064369 0.07819319
vt 0.04530355 0.03829086
vt 0.05442175 0.03394753
vt 0.05117116 0.03170711
vt 0.05773248 0.02645898
vt 0.04999316 0.02563298
vt 0.06052698 0.02372301
vt 0.04550166 0.03116643
vt 0.34594554 0.16028833
vt 0.35365108 0.15956140
vt 0.34747753 0.15931654
vt 0.06541734 0.21837687
vt 0.85432595 0.21449322
vt 0.85615140 0.22335392
vt 0.85674328 0.20510232
vt 0.85866052 0.16966540
vt 0.79116195 0.28696525
vt 0.37849134 0.23577237
vt 0.15825199 0.00322348
vt 0.48715484 0.19291955
vt 0.36239231 0.14220524
vt 0.25795761 0.16895449
vt 0.25283003 0.17131174
vt 0.01767702 0.14544380
vt 0.30514511 0.16847205
vt 0.31049401 0.17031455
vt 0.31523502 0.17224294
vt 0.26849028 0.23870897
vt 0.16596797 0.23775178
vt 0.42154208 0.15011179
vt 0.42566055 0.15151191
vt 0.49154457 0.20333207
vt 0.41590178 0.14763886
vt 0.00059655 0.19423240
vt 0.06111608 0.08242381
vt 0.01770440 0.19411880
vt 0.02180827 0.11326605
vt 0.42026266 0.05897653
vt 0.79526675 0.27474999
vt 0.09655271 0.01605797
vt 0.73300642 0.04397041
vt 0.84836793 0.05720729
vt 0.56568927 0.08733565
vt 0.56229097 0.08209193
vt 0.30148366 0.05006289
vt 0.05497123 0.25846863
vt 0.56226027 0.15029174
vt 0.05956933 0.03673553
vt 0.54112816 0.17607486
vt 0.56514657 0.06170171
vt 0.29943410 0.06629282
vt 0.50045449 0.13420635
vt 0.39175767 0.09936374
vt 0.03012518 0.25357580
vt 0.02653085 0.07372892
vt 0.03862148 0.25240541
vt 0.35234424 0.16374898
vt 0.04468340 0.25396144
vt 0.00315903 0.12746954
vt 0.00176059 0.11488515
vt 0.00582479 0.10981679
vt 0.40033120 0.16494936
vt 0.52356416 0.19957697
vt 0.01886494 0.11212182
vt 0.01540193 0.11674434
vt 0.03555427 0.26186383
vt 0.04212219 0.27051568
vt 0.39540502 0.11125523
vt 0.48563090 0.28198677
vt 0.82910818 0.03879720
vt 0.48281708 0.18532908
vt 0.53659040 0.14590824
vt 0.39216381 0.14010322
vt 0.35987195 0.06531757
vt 0.41845819 0.17292279
vt 0.04023254 0.04609746
vt 0.02918055 0.05283767
vt 0.39007923 0.12837809
vt 0.07150988 0.02535778
vt 0.35515463 0.07622039
vt 0.52575243 0.19335085
vt 0.04501236 0.02621543
vt 0.05225554 0.01833522
vt 0.04097159 0.03100562
vt 0.05982766 0.19940174
vt 0.29856548 0.14741302
vt 0.50617117 0.20993811
vt 0.03901109 0.03846949
vt 0.34998900 0.07973588
vt 0.03355660 0.25210607
vt 0.85076588 0.17490649
vt 0.53494930 0.14126319
vt 0.54903477 0.14103669
vt 0.33792454 0.07370502
vt 0.05906430 0.01735741
vt 0.17105831 0.00286829
vt 0.30908996 0.16542000
vt 0.04052416 0.20256257
vt 0.30106163 0.21363610
vt 0.82872277 0.03526789
vt 0.80972880 0.09161186
vt 0.26443297 0.13304681
vt 0.37091801 0.23305452
vt 0.00991201 0.18011308
vt 0.70174867 0.02386719
vt 0.81688416 0.03064138
vt 0.37626615 0.12445515
vt 0.49741426 0.20083576
vt 0.33921307 0.08815384
vt 0.32586661 0.11750311
vt 0.47690809 0.15410185
vt 0.41114733 0.08029085
vt 0.82589221 0.07533866
vt 0.53052682 0.20190251
vt 0.85415590 0.13714969
vt 0.85935169 0.14580429
vt 0.85810572 0.11553609
vt 0.86003768 0.11920345
vt 0.06393915 0.28058070
vt 0.41076553 0.07057208
vt 0.03474915 0.03733981
vt 0.33693412 0.07639039
vt 0.85774493 0.10163474
vt 0.35170376 0.15066272
vt 0.33555773 0.07148683
vt 0.53686845 0.18304056
vt 0.33277705 0.13873076
vt 0.38455474 0.19922924
vt 0.54287523 0.17800301
vt 0.36385909 0.06455886
vt 0.01178848 0.10884207
vt 0.32896915 0.05887073
vt 0.39388868 0.10081917
vt 0.31253529 0.21791714
vt 0.29730871 0.07392406
vt 0.30213958 0.07997817
vt 0.01583406 0.12914914
vt 0.29595926 0.05344093
vt 0.32803264 0.10966927
vt 0.39072806 0.09584850
vt 0.52610129 0.19702184
vt 0.33981293 0.09337515
vt 0.34597903 0.08596957
vt 0.34595954 0.08797312
vt 0.30021110 0.15325087
vt 0.02439316 0.05282831
vt 0.02823599 0.04451734
vt 0.32348388 0.11219203
vt 0.56370568 0.15988415
vt 0.03490409 0.04334402
vt 0.35669118 0.16155499
vt 0.35746971 0.15912294
vt 0.34073219 0.14314955
vt 0.36333519 0.13435787
vt 0.38594088 0.12295038
vt 0.34178168 0.08081710
vt 0.37022206 0.12985593
vt 0.86155772 0.99587911
vt 0.85815269 0.99149233
vt 0.85939491 0.98927444
vt 0.88265789 0.99587911
vt 0.87014931 0.98672163
vt 0.40629762 0.77716601
vt 0.41423187 0.77609891
vt 0.40197927 0.78434068
vt 0.40699264 0.78358865
vt 0.41187769 0.78434068
vt 0.17012252 0.15064102
vt 0.15409991 0.15979850
vt 0.16135348 0.15152812
vt 0.16833608 0.15979850
vt 0.54241282 0.99679488
vt 0.50999087 0.99657142
vt 0.52825797 0.99357295
vt 0.50432247 0.99362695
vt 0.49057493 0.99679488
vt 0.49577776 0.99313188
vt 0.82704395 0.82517838
vt 0.83424789 0.83060235
vt 0.83553255 0.82188642
vt 0.83553255 0.84386444
vt 0.81944817 0.83691031
vt 0.81762487 0.83320135
vt 0.91947258 0.47789365
vt 0.92509401 0.47210109
vt 0.91941565 0.47271228
vt 0.92075288 0.46779859
vt 0.92763555 0.47526407
vt 0.92978323 0.48342955
vt 0.92558277 0.48580587
vt 0.92978323 0.46657509
vt 0.45570216 0.90979856
vt 0.45582363 0.90430403
vt 0.46701226 0.90979856
vt 0.46604085 0.90552753
vt 0.50866038 0.98946887
vt 0.50699341 0.98226905
vt 0.51225257 0.98598015
vt 0.50073105 0.98946887
vt 0.50255430 0.98031133
vt 0.49905750 0.98103201
vt 0.21962328 0.05723441
vt 0.20122527 0.05723441
vt 0.20632158 0.05273718
vt 0.21416917 0.04990840
vt 0.22855796 0.05620164
vt 0.76484448 0.01144689
vt 0.77229154 0.00595236
vt 0.77462649 0.01144689
vt 0.78652215 0.00669008
vt 0.19274269 0.28617215
vt 0.19446456 0.28067768
vt 0.20600438 0.28617215
vt 0.21442036 0.28436142
vt 0.17672008 0.20558608
vt 0.16256453 0.20009160
vt 0.17612739 0.20190597
vt 0.15975495 0.20558608
vt 0.95994347 0.34823322
vt 0.96465600 0.35210621
vt 0.96465600 0.34386444
vt 0.54524034 0.10485351
vt 0.55846971 0.10119045
vt 0.55937797 0.10485351
vt 0.02170397 0.25869966
vt 0.01932140 0.27120996
vt 0.02591894 0.25898409
vt 0.02591894 0.27426744
vt 0.08516786 0.71634322
vt 0.08402546 0.71894228
vt 0.08058435 0.72023809
vt 0.08956537 0.71199632
vt 0.09023035 0.71512860
vt 0.09095193 0.72023809
vt 0.43956199 0.23435634
vt 0.44320041 0.23063165
vt 0.44533458 0.23672163
vt 0.43997091 0.22847986
vt 0.42931196 0.23672163
vt 0.04913155 0.34478021
vt 0.04303207 0.34338224
vt 0.04570815 0.33987570
vt 0.03859996 0.34039569
vt 0.04288771 0.33562267
vt 0.05042413 0.34123814
vt 0.03968598 0.33654010
vt 0.03345900 0.34478021
vt 0.76205379 0.88860047
vt 0.76799232 0.88324177
vt 0.76955700 0.88965201
vt 0.75541943 0.88965201
vt 0.95665985 0.81556863
vt 0.95170224 0.81610602
vt 0.95841688 0.82188642
vt 0.95711571 0.81033128
vt 0.95450687 0.80652362
vt 0.94649911 0.80359513
vt 0.95227343 0.79259622
vt 0.94528610 0.79185021
vt 0.92704201 0.79459363
vt 0.93769562 0.78977120
vt 0.92924744 0.78463936
vt 0.93733484 0.78004318
vt 0.93075109 0.78012264
vt 0.93397933 0.77705503
vt 0.92788887 0.77404553
vt 0.93234086 0.76828861
vt 0.93957251 0.77172637
vt 0.93784833 0.76637602
vt 0.93024069 0.76271957
vt 0.93885189 0.78419429
vt 0.94022691 0.77716988
vt 0.92882067 0.75676006
vt 0.92637432 0.76007402
vt 0.96248484 0.79787254
vt 0.93924940 0.76434594
vt 0.93095082 0.75118291
vt 0.93976307 0.75335592
vt 0.94881022 0.75686657
vt 0.92677051 0.74828988
vt 0.92554456 0.74978888
vt 0.94626695 0.74012411
vt 0.95634854 0.74552739
vt 0.96370608 0.75266284
vt 0.93426400 0.73657542
vt 0.94448185 0.78705668
vt 0.92215347 0.75227922
vt 0.92569745 0.74067074
vt 0.93186677 0.73065788
vt 0.92897594 0.73019791
vt 0.92650127 0.72973752
vt 0.92139947 0.73677677
vt 0.92186725 0.72755790
vt 0.93204534 0.71953291
vt 0.93599606 0.72569644
vt 0.93529189 0.71951419
vt 0.92729646 0.71571380
vt 0.93603015 0.71046031
vt 0.92829263 0.71241909
vt 0.92484730 0.70895493
vt 0.92185646 0.71430755
vt 0.92018157 0.72422594
vt 0.91531897 0.72289270
vt 0.91187561 0.73068100
vt 0.94267642 0.71392971
vt 0.94598389 0.71494174
vt 0.94826609 0.71167016
vt 0.94953406 0.70833331
vt 0.95557994 0.71503216
vt 0.95351368 0.72500837
vt 0.96301210 0.73148590
vt 0.96398818 0.71878678
vt 0.95865762 0.71209180
vt 0.97347176 0.72049272
vt 0.97272044 0.71686596
vt 0.98350614 0.72392273
vt 0.95133090 0.78785211
vt 0.95555377 0.79215848
vt 0.95657080 0.78823316
vt 0.96264821 0.78815174
vt 0.95740974 0.78451788
vt 0.96410084 0.78448927
vt 0.95590705 0.77792811
vt 0.95153660 0.78351015
vt 0.96368849 0.77847761
vt 0.97301108 0.78280032
vt 0.97074765 0.78418452
vt 0.97125608 0.78815579
vt 0.97696406 0.78672743
vt 0.98203552 0.78071237
vt 0.98350614 0.78488302
vt 0.98133487 0.78914744
vt 0.97915369 0.77906024
vt 0.96801263 0.77602243
vt 0.96012443 0.79306889
vt 0.94047749 0.71097863
vt 0.88867909 0.17606026
vt 0.88737041 0.17145294
vt 0.88768548 0.18487883
vt 0.88925540 0.16987181
vt 0.88925540 0.18727106
vt 0.81291234 0.82829672
vt 0.81291234 0.81822342
vt 0.81102735 0.82823175
vt 0.06388074 0.68318224
vt 0.05441169 0.62770319
vt 0.05325165 0.66704535
vt 0.06159585 0.62683153
vt 0.07021676 0.66489589
vt 0.07021677 0.69093406
vt 0.94446409 0.48489010
vt 0.94496387 0.42586207
vt 0.94297832 0.43987620
vt 0.94863337 0.48257744
vt 0.94863337 0.42946035
vt 0.94308555 0.38415754
vt 0.92631066 0.51037741
vt 0.92789823 0.57178020
vt 0.92765749 0.50869966
vt 0.89747059 0.52993011
vt 0.90549332 0.51691562
vt 0.91303772 0.55798334
vt 0.90783954 0.61072713
vt 0.92789823 0.59872687
vt 0.89705777 0.56683916
vt 0.88642788 0.59662956
vt 0.89908707 0.61217946
vt 0.89068508 0.60535437
vt 0.89090455 0.60774457
vt 0.19368520 0.78983516
vt 0.16163996 0.78983516
vt 0.16881932 0.78163344
vt 0.19124663 0.78159338
vt 0.09754948 0.75130188
vt 0.10037700 0.76419413
vt 0.10037700 0.73946887
vt 0.70811135 0.80077761
vt 0.71112269 0.80222231
vt 0.70778430 0.80209613
vt 0.71298152 0.80137169
vt 0.70732307 0.79655731
vt 0.70191640 0.79875457
vt 0.70351726 0.80129462
vt 0.71167624 0.79397976
vt 0.69808763 0.80416310
vt 0.69637322 0.80336380
vt 0.69490576 0.80019081
vt 0.69444317 0.80448717
vt 0.71789920 0.80448717
vt 0.71824682 0.79988211
vt 0.72337419 0.79500848
vt 0.71659768 0.79075092
vt 0.69143367 0.80018997
vt 0.70431834 0.80174685
vt 0.69182307 0.80305481
vt 0.68676251 0.79930449
vt 0.68938488 0.80417359
vt 0.68703681 0.80277115
vt 0.68483484 0.80366021
vt 0.67980117 0.80059314
vt 0.67870861 0.79612780
vt 0.67813385 0.80098194
vt 0.45193213 0.13318104
vt 0.45217526 0.14202666
vt 0.45636818 0.13996339
vt 0.45588508 0.12957877
vt 0.45275986 0.15064102
vt 0.45758718 0.13117087
vt 0.45758718 0.14594936
vt 0.99198872 0.83928573
vt 0.99348485 0.83379120
vt 0.99575871 0.83928573
vt 0.07396034 0.61244428
vt 0.06874163 0.61272371
vt 0.06943958 0.61633855
vt 0.06571644 0.61539727
vt 0.07322393 0.61645204
vt 0.06107501 0.61134815
vt 0.06967897 0.62060767
vt 0.06753263 0.61805570
vt 0.06763572 0.62153620
vt 0.06539753 0.61967647
vt 0.06943357 0.62614089
vt 0.07157538 0.62650573
vt 0.06158456 0.62145752
vt 0.06186120 0.62492263
vt 0.05796418 0.62263894
vt 0.07492930 0.62030154
vt 0.07125916 0.63364065
vt 0.07492931 0.63598901
vt 0.06286981 0.60943222
vt 0.14938737 0.96749085
vt 0.14938737 0.96016484
vt 0.14561734 0.96540737
vt 0.03357848 0.29168665
vt 0.03440151 0.29899263
vt 0.02602896 0.29899263
vt 0.02309142 0.29198682
vt 0.02694721 0.28983516
vt 0.11852196 0.77680027
vt 0.11427816 0.78141862
vt 0.11448082 0.77426738
vt 0.11922714 0.78159338
vt 0.11334612 0.77715987
vt 0.10320453 0.78159338
vt 0.96706164 0.28617215
vt 0.97125351 0.28384960
vt 0.96654099 0.28133899
vt 0.97125351 0.27793038
vt 0.76201695 0.79441392
vt 0.75730443 0.79873043
vt 0.76201695 0.80357140
vt 0.97219604 0.70650184
vt 0.96465600 0.70650184
vt 0.96639913 0.70192307
vt 0.39066917 0.87661111
vt 0.39752883 0.86961114
vt 0.39702326 0.87683153
vt 0.40149003 0.87661111
vt 0.40292177 0.86858976
vt 0.92043388 0.62665761
vt 0.92601317 0.62469953
vt 0.92035818 0.62225276
vt 0.92601317 0.63141024
vt 0.84401506 0.58562273
vt 0.84594840 0.58195972
vt 0.84967011 0.58562273
vt 0.84967011 0.77518314
vt 0.84118754 0.77518314
vt 0.84496582 0.77152014
vt 0.84840888 0.77251261
vt 0.17106503 0.19184983
vt 0.17202361 0.18543959
vt 0.17976120 0.18598294
vt 0.18049011 0.19184983
vt 0.99375898 0.87138587
vt 0.98228866 0.86959314
vt 0.98569751 0.85851645
vt 0.99952877 0.86847782
vt 0.99948651 0.88049453
vt 0.98546684 0.87552786
vt 0.99205655 0.88044894
vt 0.97853059 0.87728453
vt 0.97258872 0.87034494
vt 0.96740639 0.87887591
vt 0.96465349 0.87363333
vt 0.95951724 0.87579131
vt 0.97345448 0.85995585
vt 0.96781635 0.86676246
vt 0.95208097 0.87497950
vt 0.95146090 0.88049453
vt 0.09000943 0.59844321
vt 0.08642533 0.59913409
vt 0.09000943 0.60393775
vt 0.08548546 0.60387099
vt 0.08237698 0.60063064
vt 0.08058435 0.60094500
vt 0.81129444 0.85760075
vt 0.81008482 0.85027474
vt 0.82045239 0.85760075
vt 0.81633556 0.85230011
vt 0.22762111 0.97206962
vt 0.20621529 0.98995537
vt 0.20311028 0.98603201
vt 0.23609802 0.97460711
vt 0.23560260 0.99862635
vt 0.21278502 0.99862635
vt 0.43002632 0.22528589
vt 0.44156456 0.22573256
vt 0.43381485 0.19060624
vt 0.44156456 0.17170328
vt 0.42215660 0.20531267
vt 0.42082942 0.19742745
vt 0.02813855 0.60760075
vt 0.02403393 0.63537687
vt 0.02809662 0.63841373
vt 0.03063148 0.61529469
vt 0.03063148 0.64056778
vt 0.64231855 0.80265570
vt 0.63572103 0.80274296
vt 0.64231855 0.80815017
vt 0.74033928 0.18910253
vt 0.73374176 0.18910253
vt 0.73930848 0.18323565
vt 0.73559856 0.18177652
vt 0.43685204 0.10534185
vt 0.48114985 0.10668498
vt 0.48114985 0.10393775
vt 0.91753066 0.37042123
vt 0.90130728 0.37443560
vt 0.91753066 0.42121500
vt 0.90609974 0.41821283
vt 0.91560608 0.44551283
vt 0.89868051 0.42055881
vt 0.70169652 0.85576922
vt 0.70144868 0.87683153
vt 0.64946073 0.85926521
vt 0.67043883 0.87075448
vt 0.64546233 0.87683153
vt 0.63006598 0.87098819
vt 0.29453346 0.98672163
vt 0.24269557 0.98672163
vt 0.26750320 0.97390109
vt 0.24797943 0.97745174
vt 0.25266615 0.97494864
vt 0.24659468 0.97575116
vt 0.11544498 0.07767731
vt 0.10551128 0.08147615
vt 0.09420193 0.06547618
vt 0.08744223 0.07477087
vt 0.06703486 0.07578290
vt 0.09228577 0.08506119
vt 0.07465996 0.08653843
vt 0.06267672 0.08537793
vt 0.12299717 0.08653843
vt 0.27848679 0.85668498
vt 0.28605089 0.86950547
vt 0.26720077 0.86950547
vt 0.28579351 0.86207724
vt 0.88719589 0.20650184
vt 0.89375246 0.21782380
vt 0.88548541 0.22115386
vt 0.89585298 0.22115386
vt 0.89502823 0.16071427
vt 0.89481789 0.14239925
vt 0.88831294 0.15023071
vt 0.89773798 0.14254773
vt 0.89773798 0.15738118
vt 0.99481618 0.13054001
vt 0.99481618 0.09052509
vt 0.98148155 0.13782048
vt 0.96936852 0.11358911
vt 0.98721278 0.08836997
vt 0.48114985 0.79075092
vt 0.47078228 0.79075092
vt 0.47919318 0.78250915
vt 0.77045125 0.17719781
vt 0.76503992 0.18386602
vt 0.75918943 0.18452382
vt 0.77238452 0.18452382
vt 0.93106484 0.02684695
vt 0.93572026 0.02884614
vt 0.92901695 0.02697641
vt 0.93732327 0.02362448
vt 0.92297375 0.02400196
vt 0.92175722 0.02715951
vt 0.91658813 0.02884614
vt 0.93255597 0.02444249
vt 0.92488241 0.02060437
vt 0.16831449 0.58470696
vt 0.14467484 0.57947159
vt 0.17176999 0.57646519
vt 0.17577757 0.58103037
vt 0.17465067 0.58470696
vt 0.51602262 0.08745420
vt 0.51225257 0.09199655
vt 0.51602262 0.10393775
vt 0.51341677 0.10330927
vt 0.24175306 0.85668498
vt 0.23327050 0.85668498
vt 0.24100623 0.84661174
vt 0.23654854 0.84985965
vt 0.61150467 0.78202099
vt 0.61421525 0.77927947
vt 0.61781341 0.78250915
vt 0.61074573 0.77793038
vt 0.60678482 0.77827746
vt 0.60461831 0.78250915
vt 0.94957590 0.48087698
vt 0.95523089 0.48946887
vt 0.95466751 0.48392594
vt 0.95523089 0.48031139
vt 0.02254384 0.81272894
vt 0.01632452 0.80847943
vt 0.02403393 0.80631870
vt 0.01020095 0.80923694
vt 0.00989632 0.81272894
vt 0.19557022 0.10760075
vt 0.18897267 0.10760075
vt 0.19436018 0.10119045
vt 0.46888039 0.17659926
vt 0.46889725 0.18086082
vt 0.46135721 0.18086082
vt 0.46242014 0.17536628
vt 0.31432611 0.72756410
vt 0.30490103 0.72756410
vt 0.31303766 0.72481686
vt 0.75397205 0.17719781
vt 0.74882185 0.18269229
vt 0.75079811 0.17863703
vt 0.75636190 0.18269229
vt 0.92325723 0.67957127
vt 0.91120231 0.67302448
vt 0.93278694 0.67268544
vt 0.90805280 0.67977792
vt 0.90860784 0.66828728
vt 0.90175837 0.66846085
vt 0.90296066 0.67802352
vt 0.90799117 0.68127799
vt 0.93299085 0.67913872
vt 0.93220508 0.68079001
vt 0.93894559 0.67781574
vt 0.89676267 0.66861856
vt 0.93834358 0.68134964
vt 0.93375540 0.66877419
vt 0.93816727 0.67313111
vt 0.94353288 0.68269229
vt 0.94392377 0.67935926
vt 0.89906853 0.67826635
vt 0.89599568 0.67333221
vt 0.89203775 0.66884071
vt 0.92159671 0.68255842
vt 0.90036219 0.68120247
vt 0.91564322 0.68262398
vt 0.88737041 0.66870129
vt 0.93028903 0.66788560
vt 0.93750530 0.66712457
vt 0.89364392 0.67847604
vt 0.88874191 0.67439222
vt 0.88928246 0.67905438
vt 0.88823038 0.66921449
vt 0.89328903 0.68269229
vt 0.93817616 0.66883451
vt 0.94033253 0.67008966
vt 0.94289964 0.66886890
vt 0.94317138 0.67321414
vt 0.94580585 0.66980612
vt 0.94567150 0.67647696
vt 0.94032079 0.67567313
vt 0.76483601 0.97847986
vt 0.76672947 0.98305863
vt 0.76295948 0.98305863
vt 0.76308680 0.97875684
vt 0.18991518 0.20558608
vt 0.18803015 0.21489674
vt 0.18991518 0.21657509
vt 0.98339164 0.49941677
vt 0.98909891 0.50086713
vt 0.98817837 0.49609053
vt 0.98588264 0.50441712
vt 0.99310583 0.49892783
vt 0.97865647 0.50388056
vt 0.97756815 0.49820447
vt 0.96952605 0.50183558
vt 0.98153597 0.50823557
vt 0.98399073 0.51228440
vt 0.99001920 0.50840086
vt 0.98809338 0.51264119
vt 0.97607064 0.51246095
vt 0.97890472 0.51599914
vt 0.98598886 0.51614249
vt 0.97202390 0.51565629
vt 0.97467160 0.51941413
vt 0.96785963 0.51931274
vt 0.96945852 0.52429366
vt 0.96586359 0.51453191
vt 0.96209067 0.51799047
vt 0.96347624 0.50994873
vt 0.96180183 0.52599365
vt 0.97785330 0.52490222
vt 0.97435832 0.53151113
vt 0.98149592 0.53231561
vt 0.98314232 0.52396870
vt 0.98987412 0.52773261
vt 0.98726892 0.53370559
vt 0.99333918 0.52006382
vt 0.99474466 0.52540833
vt 0.99481618 0.53089952
vt 0.99316603 0.49371797
vt 0.98926759 0.49010140
vt 0.98121947 0.51984060
vt 0.98546571 0.53802127
vt 0.96943504 0.51058948
vt 0.97763538 0.53603858
vt 0.99481618 0.50261414
vt 0.99142045 0.53877509
vt 0.98889953 0.53964520
vt 0.98499882 0.54314846
vt 0.99430490 0.54632342
vt 0.98484856 0.54916739
vt 0.99370307 0.55465388
vt 0.98702729 0.56081325
vt 0.97987646 0.55735224
vt 0.98392951 0.56624955
vt 0.97477102 0.56490016
vt 0.97119820 0.55253196
vt 0.99127263 0.56662554
vt 0.98847181 0.56959605
vt 0.98400027 0.57097071
vt 0.98051625 0.57067728
vt 0.99267370 0.56284618
vt 0.97695529 0.56822181
vt 0.98231649 0.49356550
vt 0.97583443 0.54495192
vt 0.99169141 0.50340903
vt 0.95819432 0.52120245
vt 0.95738012 0.51531321
vt 0.95488656 0.52999967
vt 0.95069045 0.51962328
vt 0.94957590 0.52728939
vt 0.95854330 0.53236109
vt 0.96758658 0.53358740
vt 0.96258706 0.53766918
vt 0.97285783 0.50614345
vt 0.99377453 0.53583026
vt 0.96391398 0.50207728
vt 0.98474729 0.48763740
vt 0.98149067 0.49107921
vt 0.96660048 0.54293871
vt 0.98089135 0.54047275
vt 0.56816113 0.18045777
vt 0.56974554 0.18269229
vt 0.56503296 0.18269229
vt 0.56959635 0.17628205
vt 0.38218662 0.92823255
vt 0.38972667 0.93543959
vt 0.38972667 0.92170328
vt 0.38392535 0.93542463
vt 0.02165436 0.51877290
vt 0.02686145 0.51850682
vt 0.01932140 0.51313025
vt 0.02686145 0.50778389
vt 0.21253534 0.04441392
vt 0.21253534 0.03983516
vt 0.20593779 0.04038143
f 6622/6622 6621/6621 6675/6675
f 6679/6679 7834/7834 6675/6675
f 6686/6686 6685/6685 6684/6684
f 8472/8472 8473/8473 8474/8474
f 6621/6621 7920/7920 6684/6684
f 6621/6621 6676/6676 6675/6675
f 6622/6622 6675/6675 7834/7834
f 6675/6675 6677/6677 6679/6679
f 6687/6687 6678/6678 6685/6685
f 8472/8472 8475/8475 8473/8473
f 6676/6676 6684/6684 6678/6678
f 7920/7920 6685/6685 6686/6686
f 8007/8007 6688/6688 6687/6687
f 8477/8477 8476/8476 8472/8472
f 6620/6620 6621/6621 6622/6622
f 6678/6678 6688/6688 6677/6677
f 8475/8475 8472/8472 8476/8476
f 6684/6684 6685/6685 6678/6678
f 6684/6684 7920/7920 6686/6686
f 6677/6677 6676/6676 6678/6678
f 6687/6687 6688/6688 6678/6678
f 6684/6684 6676/6676 6621/6621
f 6675/6675 6676/6676 6677/6677
f 6687/6687 6685/6685 7920/7920
f 8340/8340 8337/8337 8339/8339
f 1/1 2/2 3/3
f 7899/7899 7900/7900 7035/7035
f 7031/7031 7045/7045 7944/7944
f 7014/7014 7015/7015 7013/7013
f 8291/8291 8290/8290 8289/8289
f 6944/6944 6949/6949 7486/7486
f 6934/6934 6949/6949 6937/6937
f 4784/4784 4780/4780 4783/4783
f 4793/4793 4791/4791 4792/4792
f 8565/8565 8582/8582 8567/8567
f 8328/8328 8327/8327 8326/8326
f 8586/8586 8581/8581 8587/8587
f 8589/8589 8588/8588 8587/8587
f 8551/8551 8554/8554 8549/8549
f 8561/8561 8563/8563 8562/8562
f 7054/7054 7055/7055 7056/7056
f 7056/7056 7058/7058 7057/7057
f 6938/6938 6937/6937 6942/6942
f 6937/6937 6943/6943 6942/6942
f 7035/7035 7034/7034 7032/7032
f 8549/8549 8554/8554 8555/8555
f 4793/4793 4796/4796 4795/4795
f 4789/4789 4787/4787 4788/4788
f 4797/4797 4798/4798 4782/4782
f 4788/4788 4790/4790 4789/4789
f 7902/7902 7487/7487 7491/7491
f 8331/8331 8330/8330 8333/8333
f 8605/8605 8566/8566 8606/8606
f 7050/7050 7049/7049 7051/7051
f 8547/8547 8550/8550 8548/8548
f 6946/6946 6944/6944 7486/7486
f 7036/7036 7038/7038 7045/7045
f 8394/8394 8393/8393 8392/8392
f 8291/8291 8294/8294 8290/8290
f 8294/8294 8295/8295 8290/8290
f 6966/6966 6965/6965 6964/6964
f 6957/6957 6956/6956 7063/7063
f 6948/6948 6946/6946 6950/6950
f 6951/6951 7046/7046 7032/7032
f 7850/7850 6959/6959 7063/7063
f 7037/7037 7038/7038 7036/7036
f 8337/8337 8338/8338 8339/8339
f 7031/7031 6954/6954 6952/6952
f 8610/8610 8612/8612 8611/8611
f 8587/8587 8581/8581 8619/8619
f 4785/4785 4791/4791 4794/4794
f 6962/6962 6960/6960 6961/6961
f 7018/7018 7852/7852 7021/7021
f 6960/6960 6959/6959 6961/6961
f 6955/6955 6956/6956 6957/6957
f 8566/8566 8565/8565 8567/8567
f 8570/8570 8583/8583 8571/8571
f 8628/8628 8629/8629 8630/8630
f 8568/8568 8610/8610 8611/8611
f 8601/8601 8593/8593 8594/8594
f 4787/4787 4786/4786 4788/4788
f 4784/4784 4794/4794 4799/4799
f 7050/7050 7052/7052 7053/7053
f 4780/4780 4782/4782 4783/4783
f 7032/7032 7033/7033 6952/6952
f 6951/6951 7032/7032 6952/6952
f 7047/7047 6954/6954 7031/7031
f 7041/7041 7040/7040 7042/7042
f 7052/7052 7051/7051 7059/7059
f 4785/4785 4784/4784 4783/4783
f 7048/7048 7049/7049 7050/7050
f 6959/6959 6957/6957 7063/7063
f 7041/7041 7043/7043 7038/7038
f 7767/7767 6942/6942 6943/6943
f 8627/8627 8625/8625 8624/8624
f 8568/8568 8611/8611 8564/8564
f 8547/8547 8549/8549 8604/8604
f 8555/8555 8557/8557 8556/8556
f 4794/4794 4791/4791 4795/4795
f 8579/8579 8616/8616 8602/8602
f 8632/8632 8633/8633 8634/8634
f 8577/8577 8573/8573 8574/8574
f 6934/6934 7494/7494 6949/6949
f 8582/8582 8558/8558 8613/8613
f 6936/6936 6935/6935 6934/6934
f 7046/7046 7899/7899 7035/7035
f 8546/8546 8602/8602 8552/8552
f 8580/8580 8562/8562 8569/8569
f 4792/4792 4791/4791 4787/4787
f 4785/4785 4787/4787 4791/4791
f 8391/8391 8392/8392 8393/8393
f 6956/6956 7048/7048 7063/7063
f 8558/8558 8555/8555 8554/8554
f 6953/6953 6954/6954 6955/6955
f 8582/8582 8613/8613 8567/8567
f 6951/6951 6948/6948 6950/6950
f 7902/7902 6950/6950 7486/7486
f 6947/6947 7767/7767 6943/6943
f 8605/8605 8607/8607 8568/8568
f 6946/6946 6947/6947 6943/6943
f 6967/6967 6965/6965 6966/6966
f 7013/7013 7017/7017 7018/7018
f 8330/8330 8331/8331 8332/8332
f 6956/6956 7047/7047 7048/7048
f 6950/6950 7046/7046 6951/6951
f 7014/7014 7020/7020 7767/7767
f 8556/8556 8604/8604 8549/8549
f 8559/8559 8558/8558 8561/8561
f 7486/7486 7487/7487 7902/7902
f 6970/6970 6972/6972 6973/6973
f 7041/7041 7038/7038 7040/7040
f 8551/8551 8553/8553 8613/8613
f 7037/7037 7036/7036 7034/7034
f 6948/6948 6953/6953 7064/7064
f 8608/8608 8605/8605 8606/8606
f 6943/6943 6944/6944 6946/6946
f 4785/4785 4786/4786 4787/4787
f 8578/8578 8548/8548 8550/8550
f 2622/2622 2620/2620 2618/2618
f 4496/4496 4497/4497 4498/4498
f 8561/8561 8558/8558 8582/8582
f 2618/2618 2619/2619 2617/2617
f 7062/7062 7049/7049 7047/7047
f 8571/8571 8583/8583 8581/8581
f 3492/3492 3493/3493 3494/3494
f 8598/8598 8597/8597 8593/8593
f 8592/8592 8589/8589 8603/8603
f 7494/7494 7488/7488 6949/6949
f 8600/8600 8591/8591 8596/8596
f 8591/8591 8589/8589 8592/8592
f 8581/8581 8583/8583 8619/8619
f 8572/8572 8571/8571 8573/8573
f 8571/8571 8572/8572 8569/8569
f 8563/8563 8568/8568 8564/8564
f 7040/7040 7038/7038 7039/7039
f 8547/8547 8584/8584 8550/8550
f 7028/7028 7027/7027 6964/6964
f 7057/7057 7060/7060 7061/7061
f 7013/7013 7012/7012 7014/7014
f 7061/7061 7051/7051 7054/7054
f 6943/6943 6937/6937 6944/6944
f 7487/7487 7486/7486 6949/6949
f 8615/8615 8567/8567 8613/8613
f 8568/8568 8566/8566 8605/8605
f 8563/8563 8561/8561 8565/8565
f 8546/8546 8547/8547 8548/8548
f 8555/8555 8558/8558 8559/8559
f 7050/7050 7850/7850 7048/7048
f 7019/7019 7014/7014 7767/7767
f 6948/6948 6951/6951 6952/6952
f 7850/7850 7128/7128 7030/7030
f 6973/6973 6993/6993 6975/6975
f 6973/6973 6975/6975 6970/6970
f 6963/6963 6962/6962 6961/6961
f 7030/7030 6959/6959 7850/7850
f 7021/7021 7852/7852 7865/7865
f 6967/6967 6969/6969 6970/6970
f 6986/6986 6985/6985 6987/6987
f 6978/6978 6976/6976 6977/6977
f 8341/8341 8343/8343 8344/8344
f 6982/6982 6984/6984 6983/6983
f 6971/6971 7025/7025 6972/6972
f 6586/6586 6592/6592 6580/6580
f 7813/7813 6983/6983 6992/6992
f 8362/8362 8365/8365 8364/8364
f 6666/6666 6661/6661 6667/6667
f 6662/6662 6666/6666 8014/8014
f 6604/6604 6639/6639 6661/6661
f 6585/6585 6576/6576 6593/6593
f 6985/6985 6984/6984 6982/6982
f 6982/6982 6979/6979 6978/6978
f 8353/8353 8357/8357 8346/8346
f 8341/8341 8342/8342 8343/8343
f 8350/8350 8346/8346 8345/8345
f 6968/6968 6969/6969 6967/6967
f 6981/6981 6978/6978 6980/6980
f 6962/6962 6963/6963 7852/7852
f 6979/6979 6983/6983 7813/7813
f 6963/6963 6965/6965 7852/7852
f 8334/8334 8335/8335 8336/8336
f 7011/7011 7010/7010 6993/6993
f 6993/6993 7010/7010 6975/6975
f 6961/6961 7030/7030 6964/6964
f 7051/7051 7052/7052 7050/7050
f 7064/7064 6953/6953 7931/7931
f 7014/7014 7019/7019 7015/7015
f 6966/6966 7027/7027 6974/6974
f 7047/7047 7049/7049 7048/7048
f 7051/7051 7049/7049 7054/7054
f 7013/7013 7018/7018 7021/7021
f 7016/7016 7017/7017 7013/7013
f 6959/6959 7030/7030 6961/6961
f 7011/7011 7012/7012 7010/7010
f 6939/6939 6936/6936 6938/6938
f 7020/7020 7023/7023 7496/7496
f 6962/6962 7029/7029 6960/6960
f 8611/8611 8618/8618 8583/8583
f 8562/8562 8563/8563 8564/8564
f 7931/7931 7029/7029 7017/7017
f 7013/7013 7015/7015 7016/7016
f 6950/6950 7902/7902 7046/7046
f 6944/6944 6937/6937 6949/6949
f 7010/7010 7013/7013 7021/7021
f 7488/7488 7494/7494 7490/7490
f 8563/8563 8566/8566 8568/8568
f 6975/6975 7010/7010 7865/7865
f 7899/7899 7046/7046 7902/7902
f 8551/8551 8546/8546 8552/8552
f 8551/8551 8549/8549 8546/8546
f 6941/6941 6938/6938 7942/7942
f 6956/6956 6954/6954 7047/7047
f 7057/7057 7061/7061 7054/7054
f 8573/8573 8576/8576 8575/8575
f 8631/8631 8630/8630 8629/8629
f 6950/6950 6946/6946 7486/7486
f 8329/8329 8328/8328 8326/8326
f 4780/4780 4781/4781 4782/4782
f 7037/7037 7039/7039 7038/7038
f 7030/7030 7128/7128 7127/7127
f 4784/4784 4785/4785 4794/4794
f 8594/8594 8592/8592 8595/8595
f 8591/8591 8600/8600 8590/8590
f 8614/8614 8577/8577 8574/8574
f 8613/8613 8558/8558 8554/8554
f 2621/2621 2615/2615 2614/2614
f 2614/2614 2615/2615 2616/2616
f 8589/8589 8590/8590 8588/8588
f 8603/8603 8595/8595 8592/8592
f 2614/2614 2616/2616 2617/2617
f 4576/4576 4577/4577 4578/4578
f 4797/4797 4782/4782 4781/4781
f 8585/8585 8574/8574 8581/8581
f 4524/4524 4525/4525 4526/4526
f 8614/8614 8574/8574 8585/8585
f 8623/8623 8621/8621 8620/8620
f 8551/8551 8613/8613 8554/8554
f 4484/4484 4485/4485 4486/4486
f 16/16 17/17 18/18
f 4800/4800 4801/4801 4802/4802
f 8602/8602 8548/8548 8579/8579
f 8572/8572 8573/8573 8575/8575
f 8587/8587 8619/8619 8603/8603
f 8599/8599 8598/8598 8593/8593
f 8576/8576 8573/8573 8577/8577
f 8607/8607 8610/8610 8568/8568
f 8588/8588 8586/8586 8587/8587
f 8325/8325 8326/8326 8327/8327
f 8589/8589 8591/8591 8590/8590
f 8559/8559 8561/8561 8562/8562
f 8624/8624 8625/8625 8626/8626
f 19/19 20/20 21/21
f 8594/8594 8593/8593 8592/8592
f 8560/8560 8559/8559 8580/8580
f 8555/8555 8556/8556 8549/8549
f 8611/8611 8612/8612 8618/8618
f 8596/8596 8591/8591 8593/8593
f 8564/8564 8570/8570 8569/8569
f 8589/8589 8587/8587 8603/8603
f 6956/6956 6955/6955 6954/6954
f 6960/6960 7029/7029 6958/6958
f 8562/8562 8580/8580 8559/8559
f 7850/7850 7063/7063 7048/7048
f 7033/7033 7036/7036 7045/7045
f 7057/7057 7058/7058 7060/7060
f 7053/7053 7850/7850 7050/7050
f 7040/7040 7044/7044 7042/7042
f 7062/7062 7055/7055 7049/7049
f 7033/7033 7031/7031 6952/6952
f 8601/8601 8599/8599 8593/8593
f 6958/6958 7931/7931 6955/6955
f 6949/6949 7488/7488 7487/7487
f 7043/7043 7944/7944 7045/7045
f 7045/7045 7038/7038 7043/7043
f 8569/8569 8570/8570 8571/8571
f 7033/7033 7032/7032 7034/7034
f 7017/7017 7064/7064 7931/7931
f 7489/7489 7487/7487 7488/7488
f 7029/7029 7931/7931 6958/6958
f 6966/6966 6974/6974 6968/6968
f 6942/6942 6945/6945 6938/6938
f 6939/6939 6938/6938 6941/6941
f 8548/8548 8602/8602 8546/8546
f 8605/8605 8608/8608 8609/8609
f 7942/7942 6938/6938 6945/6945
f 6979/6979 6982/6982 6983/6983
f 8295/8295 8294/8294 8296/8296
f 7023/7023 7012/7012 7011/7011
f 7488/7488 7490/7490 7489/7489
f 7489/7489 7490/7490 7492/7492
f 6947/6947 6948/6948 7064/7064
f 6964/6964 7027/7027 6966/6966
f 6938/6938 6936/6936 6937/6937
f 6958/6958 6959/6959 6960/6960
f 7012/7012 7023/7023 7020/7020
f 8615/8615 8613/8613 8553/8553
f 7017/7017 7016/7016 7064/7064
f 7045/7045 7031/7031 7033/7033
f 6948/6948 6947/6947 6946/6946
f 6957/6957 6959/6959 6958/6958
f 7026/7026 6965/6965 6967/6967
f 8322/8322 8323/8323 8324/8324
f 7019/7019 7851/7851 7016/7016
f 7020/7020 7014/7014 7012/7012
f 6976/6976 6968/6968 6974/6974
f 6942/6942 7767/7767 6945/6945
f 6984/6984 6992/6992 6983/6983
f 6971/6971 8020/8020 7025/7025
f 7813/7813 6969/6969 6968/6968
f 7026/7026 6975/6975 7865/7865
f 6986/6986 6984/6984 6985/6985
f 7026/7026 6970/6970 6975/6975
f 8355/8355 8353/8353 8354/8354
f 10/10 11/11 12/12
f 6968/6968 6967/6967 6966/6966
f 6982/6982 6991/6991 6985/6985
f 6661/6661 6639/6639 6669/6669
f 6965/6965 7026/7026 7852/7852
f 8494/8494 8495/8495 8496/8496
f 6988/6988 6985/6985 6991/6991
f 6992/6992 7926/7926 8020/8020
f 6992/6992 6986/6986 7926/7926
f 8352/8352 8353/8353 8346/8346
f 6667/6667 6674/6674 7770/7770
f 6976/6976 6979/6979 7813/7813
f 8364/8364 8363/8363 8362/8362
f 8014/8014 6673/6673 6576/6576
f 6581/6581 6586/6586 6580/6580
f 7966/7966 6593/6593 6673/6673
f 6674/6674 6667/6667 6661/6661
f 8388/8388 8389/8389 8390/8390
f 6587/6587 6588/6588 6586/6586
f 6667/6667 6673/6673 6666/6666
f 7896/7896 7895/7895 7966/7966
f 8354/8354 8353/8353 8352/8352
f 6593/6593 7966/7966 7894/7894
f 7/7 8/8 9/9
f 6604/6604 6661/6661 6662/6662
f 8014/8014 6576/6576 6592/6592
f 6662/6662 8014/8014 7955/7955
f 6668/6668 6662/6662 7955/7955
f 7771/7771 7966/7966 7770/7770
f 6586/6586 8014/8014 6592/6592
f 6588/6588 6587/6587 6670/6670
f 6666/6666 6673/6673 8014/8014
f 4783/4783 4786/4786 4785/4785
f 8566/8566 8563/8563 8565/8565
f 2621/2621 2624/2624 2623/2623
f 7033/7033 7034/7034 7036/7036
f 8574/8574 8571/8571 8581/8581
f 8591/8591 8592/8592 8593/8593
f 8570/8570 8611/8611 8583/8583
f 8565/8565 8561/8561 8582/8582
f 2618/2618 2617/2617 2616/2616
f 8580/8580 8569/8569 8572/8572
f 8603/8603 8618/8618 8595/8595
f 7057/7057 7054/7054 7056/7056
f 7931/7931 6953/6953 6955/6955
f 8553/8553 8551/8551 8552/8552
f 8585/8585 8581/8581 8586/8586
f 8559/8559 8560/8560 8555/8555
f 2618/2618 2620/2620 2619/2619
f 8578/8578 8579/8579 8548/8548
f 8571/8571 8574/8574 8573/8573
f 4792/4792 4787/4787 4789/4789
f 8569/8569 8562/8562 8564/8564
f 7061/7061 7059/7059 7051/7051
f 8617/8617 8602/8602 8616/8616
f 4791/4791 4793/4793 4795/4795
f 7054/7054 7049/7049 7055/7055
f 7018/7018 7017/7017 7029/7029
f 6973/6973 6972/6972 6993/6993
f 6953/6953 6952/6952 6954/6954
f 6934/6934 6937/6937 6936/6936
f 8546/8546 8549/8549 8547/8547
f 7944/7944 7047/7047 7031/7031
f 7032/7032 7046/7046 7035/7035
f 7127/7127 7028/7028 7030/7030
f 6970/6970 6971/6971 6972/6972
f 8611/8611 8570/8570 8564/8564
f 7016/7016 7015/7015 7019/7019
f 7010/7010 7021/7021 7865/7865
f 6948/6948 6952/6952 6953/6953
f 7010/7010 7012/7012 7013/7013
f 7026/7026 7865/7865 7852/7852
f 4838/4838 4840/4840 4841/4841
f 2615/2615 2621/2621 2623/2623
f 6961/6961 6964/6964 6963/6963
f 6985/6985 6988/6988 6987/6987
f 6964/6964 6965/6965 6963/6963
f 7028/7028 6964/6964 7030/7030
f 4800/4800 4803/4803 4801/4801
f 6976/6976 6974/6974 6977/6977
f 8609/8609 8607/8607 8605/8605
f 6958/6958 6955/6955 6957/6957
f 6970/6970 7026/7026 6967/6967
f 8345/8345 8346/8346 8347/8347
f 6971/6971 6970/6970 6969/6969
f 6968/6968 6976/6976 7813/7813
f 6662/6662 6661/6661 6666/6666
f 6976/6976 6978/6978 6979/6979
f 6586/6586 6581/6581 6587/6587
f 6586/6586 7955/7955 8014/8014
f 6971/6971 6969/6969 7813/7813
f 7895/7895 7894/7894 7966/7966
f 8352/8352 8346/8346 8350/8350
f 7955/7955 6586/6586 6588/6588
f 8353/8353 8358/8358 8357/8357
f 8361/8361 8362/8362 8363/8363
f 6668/6668 6604/6604 6662/6662
f 6587/6587 6581/6581 6670/6670
f 7955/7955 6606/6606 6668/6668
f 8350/8350 8345/8345 8351/8351
f 7770/7770 6674/6674 7771/7771
f 6593/6593 6576/6576 6673/6673
f 8620/8620 8621/8621 8622/8622
f 7489/7489 7491/7491 7487/7487
f 8596/8596 8593/8593 8597/8597
f 6674/6674 6661/6661 6669/6669
f 6978/6978 6977/6977 6980/6980
f 6992/6992 6984/6984 6986/6986
f 4861/4861 4867/4867 4866/4866
f 4860/4860 4869/4869 4858/4858
f 4857/4857 4856/4856 4854/4854
f 4853/4853 4854/4854 4855/4855
f 4861/4861 4860/4860 4854/4854
f 4556/4556 4555/4555 4559/4559
f 4855/4855 4856/4856 4859/4859
f 4857/4857 4875/4875 4872/4872
f 4557/4557 4554/4554 4556/4556
f 4854/4854 4856/4856 4855/4855
f 4861/4861 4862/4862 4863/4863
f 4861/4861 4865/4865 4860/4860
f 4869/4869 4860/4860 4865/4865
f 4876/4876 4874/4874 4885/4885
f 4862/4862 4859/4859 4863/4863
f 4554/4554 4555/4555 4556/4556
f 4874/4874 4870/4870 4865/4865
f 4874/4874 4876/4876 4870/4870
f 4865/4865 4861/4861 4866/4866
f 13/13 14/14 15/15
f 4868/4868 4867/4867 4863/4863
f 4858/4858 4870/4870 4864/4864
f 4856/4856 4857/4857 4872/4872
f 4858/4858 4854/4854 4860/4860
f 4558/4558 4554/4554 4553/4553
f 4867/4867 4861/4861 4863/4863
f 4865/4865 4870/4870 4869/4869
f 4858/4858 4864/4864 4857/4857
f 4858/4858 4869/4869 4870/4870
f 4864/4864 4870/4870 4873/4873
f 4856/4856 4871/4871 4859/4859
f 4857/4857 4854/4854 4858/4858
f 4856/4856 4872/4872 4871/4871
f 4862/4862 4855/4855 4859/4859
f 4853/4853 4862/4862 4854/4854
f 4864/4864 4875/4875 4857/4857
f 4876/4876 4873/4873 4870/4870
f 4558/4558 4555/4555 4554/4554
f 4861/4861 4854/4854 4862/4862
f 7989/7989 6922/6922 6925/6925
f 6925/6925 6922/6922 6924/6924
f 6902/6902 7989/7989 6900/6900
f 6899/6899 6901/6901 6900/6900
f 6898/6898 6899/6899 6900/6900
f 8111/8111 8112/8112 8113/8113
f 7989/7989 6923/6923 6922/6922
f 6926/6926 6925/6925 6924/6924
f 7981/7981 6905/6905 6908/6908
f 6902/6902 6901/6901 7989/7989
f 8109/8109 8110/8110 8111/8111
f 8116/8116 8112/8112 8110/8110
f 6898/6898 6900/6900 7123/7123
f 6905/6905 7981/7981 7124/7124
f 6926/6926 7989/7989 6925/6925
f 8113/8113 8112/8112 8115/8115
f 6908/6908 6906/6906 6909/6909
f 6899/6899 7124/7124 7981/7981
f 8114/8114 8109/8109 8111/8111
f 7068/7068 6909/6909 6906/6906
f 6930/6930 6926/6926 6929/6929
f 6924/6924 6928/6928 6927/6927
f 6929/6929 6926/6926 6927/6927
f 7989/7989 7123/7123 6900/6900
f 6930/6930 7067/7067 6926/6926
f 7121/7121 7989/7989 6926/6926
f 6901/6901 6902/6902 6900/6900
f 8104/8104 8105/8105 8106/8106
f 7981/7981 6901/6901 6899/6899
f 8110/8110 8112/8112 8111/8111
f 6908/6908 6905/6905 6906/6906
f 7067/7067 7121/7121 6926/6926
f 6921/6921 6922/6922 6923/6923
f 6926/6926 6924/6924 6927/6927
f 834/834 842/842 843/843
f 834/834 833/833 842/842
f 842/842 833/833 837/837
f 4502/4502 4503/4503 4500/4500
f 850/850 837/837 853/853
f 834/834 832/832 833/833
f 834/834 858/858 832/832
f 4502/4502 4500/4500 4499/4499
f 721/721 723/723 714/714
f 721/721 714/714 716/716
f 716/716 714/714 715/715
f 832/832 829/829 833/833
f 833/833 829/829 837/837
f 829/829 838/838 837/837
f 837/837 838/838 853/853
f 853/853 838/838 876/876
f 714/714 713/713 715/715
f 703/703 700/700 713/713
f 714/714 703/703 713/713
f 700/700 740/740 713/713
f 723/723 722/722 705/705
f 723/723 705/705 714/714
f 705/705 703/703 714/714
f 858/858 745/745 832/832
f 4499/4499 4500/4500 4501/4501
f 829/829 830/830 838/838
f 838/838 830/830 839/839
f 838/838 839/839 876/876
f 839/839 873/873 876/876
f 745/745 828/828 832/832
f 4501/4501 4500/4500 4504/4504
f 832/832 828/828 829/829
f 828/828 825/825 829/829
f 829/829 825/825 830/830
f 745/745 827/827 828/828
f 828/828 827/827 825/825
f 830/830 841/841 839/839
f 839/839 841/841 873/873
f 753/753 709/709 722/722
f 722/722 709/709 704/704
f 722/722 704/704 705/705
f 705/705 704/704 703/703
f 700/700 741/741 740/740
f 741/741 746/746 745/745
f 740/740 741/741 745/745
f 745/745 746/746 827/827
f 825/825 831/831 830/830
f 700/700 702/702 741/741
f 741/741 808/808 746/746
f 830/830 831/831 841/841
f 873/873 841/841 881/881
f 703/703 704/704 701/701
f 703/703 701/701 700/700
f 700/700 701/701 702/702
f 779/779 750/750 753/753
f 753/753 750/750 709/709
f 825/825 824/824 831/831
f 704/704 706/706 701/701
f 4520/4520 4521/4521 4522/4522
f 702/702 742/742 741/741
f 746/746 818/818 827/827
f 4520/4520 4522/4522 4523/4523
f 841/841 882/882 881/881
f 779/779 749/749 750/750
f 750/750 749/749 709/709
f 709/709 708/708 704/704
f 818/818 821/821 827/827
f 827/827 821/821 825/825
f 825/825 821/821 824/824
f 841/841 840/840 882/882
f 749/749 708/708 709/709
f 706/706 707/707 702/702
f 701/701 706/706 702/702
f 707/707 737/737 742/742
f 702/702 707/707 742/742
f 737/737 817/817 818/818
f 742/742 737/737 818/818
f 818/818 817/817 821/821
f 824/824 840/840 831/831
f 831/831 840/840 841/841
f 704/704 708/708 706/706
f 737/737 756/756 817/817
f 708/708 710/710 706/706
f 706/706 711/711 712/712
f 706/706 712/712 707/707
f 707/707 712/712 737/737
f 749/749 725/725 708/708
f 710/710 711/711 706/706
f 817/817 822/822 821/821
f 4274/4274 4271/4271 4273/4273
f 821/821 823/823 824/824
f 822/822 823/823 821/821
f 823/823 826/826 824/824
f 824/824 826/826 840/840
f 708/708 725/725 710/710
f 826/826 846/846 840/840
f 840/840 846/846 883/883
f 4271/4271 4272/4272 4273/4273
f 711/711 718/718 712/712
f 710/710 719/719 711/711
f 718/718 733/733 712/712
f 710/710 725/725 719/719
f 823/823 835/835 826/826
f 826/826 835/835 844/844
f 826/826 844/844 846/846
f 846/846 844/844 856/856
f 711/711 719/719 718/718
f 822/822 836/836 823/823
f 4273/4273 4272/4272 4275/4275
f 823/823 836/836 835/835
f 835/835 836/836 844/844
f 836/836 845/845 844/844
f 855/855 865/865 777/777
f 855/855 862/862 864/864
f 855/855 777/777 880/880
f 855/855 854/854 862/862
f 728/728 770/770 747/747
f 880/880 843/843 855/855
f 855/855 843/843 854/854
f 843/843 842/842 854/854
f 842/842 851/851 862/862
f 854/854 842/842 862/862
f 862/862 851/851 870/870
f 851/851 871/871 870/870
f 729/729 751/751 752/752
f 880/880 766/766 843/843
f 880/880 777/777 751/751
f 880/880 751/751 766/766
f 747/747 754/754 724/724
f 747/747 724/724 728/728
f 728/728 720/720 717/717
f 728/728 717/717 729/729
f 717/717 738/738 751/751
f 729/729 717/717 751/751
f 751/751 738/738 766/766
f 766/766 834/834 843/843
f 842/842 850/850 851/851
f 851/851 850/850 871/871
f 897/897 871/871 892/892
f 754/754 804/804 784/784
f 728/728 724/724 720/720
f 853/853 891/891 892/892
f 871/871 853/853 892/892
f 724/724 716/716 720/720
f 717/717 715/715 738/738
f 738/738 764/764 766/766
f 871/871 850/850 853/853
f 754/754 723/723 724/724
f 720/720 716/716 717/717
f 717/717 716/716 715/715
f 715/715 739/739 738/738
f 738/738 739/739 764/764
f 784/784 783/783 748/748
f 784/784 748/748 754/754
f 754/754 748/748 723/723
f 723/723 721/721 724/724
f 724/724 721/721 716/716
f 853/853 876/876 891/891
f 876/876 895/895 891/891
f 784/784 816/816 783/783
f 816/816 811/811 783/783
f 816/816 911/911 811/811
f 783/783 722/722 748/748
f 748/748 722/722 723/723
f 876/876 888/888 895/895
f 811/811 782/782 783/783
f 783/783 782/782 722/722
f 739/739 765/765 764/764
f 782/782 753/753 722/722
f 876/876 873/873 888/888
f 888/888 899/899 895/895
f 873/873 881/881 888/888
f 888/888 881/881 899/899
f 782/782 779/779 753/753
f 911/911 812/812 811/811
f 811/811 812/812 782/782
f 911/911 923/923 812/812
f 7884/7884 7882/7882 7885/7885
f 881/881 906/906 899/899
f 812/812 779/779 782/782
f 923/923 810/810 812/812
f 812/812 810/810 779/779
f 881/881 882/882 906/906
f 810/810 749/749 779/779
f 882/882 905/905 906/906
f 923/923 915/915 810/810
f 915/915 814/814 810/810
f 810/810 814/814 749/749
f 882/882 883/883 905/905
f 814/814 786/786 749/749
f 786/786 725/725 749/749
f 883/883 887/887 905/905
f 733/733 755/755 756/756
f 846/846 887/887 883/883
f 887/887 904/904 905/905
f 915/915 898/898 814/814
f 786/786 726/726 725/725
f 846/846 856/856 887/887
f 814/814 788/788 786/786
f 814/814 898/898 788/788
f 786/786 788/788 726/726
f 725/725 726/726 719/719
f 856/856 890/890 887/887
f 718/718 734/734 733/733
f 733/733 734/734 755/755
f 719/719 727/727 718/718
f 734/734 771/771 755/755
f 4272/4272 4276/4276 4275/4275
f 844/844 857/857 856/856
f 788/788 743/743 726/726
f 788/788 801/801 743/743
f 726/726 730/730 719/719
f 730/730 727/727 719/719
f 718/718 727/727 735/735
f 718/718 735/735 734/734
f 734/734 735/735 771/771
f 856/856 857/857 890/890
f 726/726 743/743 730/730
f 735/735 757/757 771/771
f 771/771 845/845 836/836
f 847/847 852/852 844/844
f 844/844 852/852 857/857
f 743/743 731/731 730/730
f 730/730 731/731 727/727
f 727/727 731/731 732/732
f 727/727 732/732 735/735
f 732/732 736/736 735/735
f 771/771 848/848 845/845
f 852/852 863/863 857/857
f 757/757 758/758 771/771
f 848/848 847/847 845/845
f 771/771 849/849 848/848
f 771/771 758/758 849/849
f 848/848 849/849 847/847
f 847/847 867/867 852/852
f 849/849 859/859 847/847
f 849/849 860/860 859/859
f 859/859 868/868 847/847
f 866/866 865/865 864/864
f 866/866 864/864 872/872
f 866/866 924/924 865/865
f 872/872 864/864 869/869
f 772/772 778/778 770/770
f 865/865 855/855 864/864
f 864/864 862/862 869/869
f 869/869 862/862 874/874
f 772/772 770/770 769/769
f 772/772 769/769 767/767
f 772/772 767/767 773/773
f 773/773 767/767 774/774
f 767/767 775/775 774/774
f 865/865 924/924 780/780
f 865/865 780/780 777/777
f 862/862 870/870 874/874
f 870/870 920/920 874/874
f 800/800 747/747 770/770
f 767/767 752/752 776/776
f 767/767 776/776 775/775
f 775/775 776/776 777/777
f 870/870 897/897 920/920
f 920/920 897/897 917/917
f 800/800 804/804 747/747
f 776/776 751/751 777/777
f 804/804 986/986 927/927
f 927/927 986/986 960/960
f 804/804 754/754 747/747
f 927/927 784/784 804/804
f 897/897 892/892 917/917
f 917/917 892/892 919/919
f 892/892 918/918 919/919
f 960/960 784/784 927/927
f 960/960 967/967 784/784
f 892/892 891/891 918/918
f 967/967 816/816 784/784
f 891/891 895/895 918/918
f 7408/7408 7882/7882 7883/7883
f 7408/7408 7453/7453 7882/7882
f 895/895 956/956 918/918
f 7882/7882 7884/7884 7883/7883
f 895/895 951/951 956/956
f 899/899 952/952 951/951
f 895/895 899/899 951/951
f 899/899 906/906 952/952
f 7453/7453 7960/7960 7882/7882
f 7882/7882 7960/7960 7885/7885
f 906/906 964/964 952/952
f 906/906 905/905 964/964
f 7960/7960 7984/7984 7885/7885
f 7885/7885 7984/7984 7985/7985
f 905/905 955/955 964/964
f 905/905 904/904 955/955
f 7985/7985 7984/7984 7986/7986
f 7986/7986 7987/7987 7985/7985
f 904/904 949/949 955/955
f 904/904 890/890 921/921
f 904/904 921/921 949/949
f 943/943 788/788 898/898
f 921/921 959/959 949/949
f 890/890 910/910 921/921
f 943/943 926/926 788/788
f 788/788 900/900 801/801
f 788/788 926/926 900/900
f 890/890 863/863 903/903
f 890/890 903/903 910/910
f 900/900 798/798 801/801
f 801/801 798/798 743/743
f 798/798 744/744 743/743
f 743/743 744/744 731/731
f 736/736 758/758 757/757
f 863/863 885/885 903/903
f 798/798 762/762 744/744
f 744/744 762/762 731/731
f 863/863 867/867 885/885
f 732/732 759/759 736/736
f 736/736 759/759 758/758
f 762/762 761/761 731/731
f 731/731 761/761 732/732
f 732/732 761/761 760/760
f 732/732 760/760 759/759
f 758/758 860/860 849/849
f 758/758 759/759 860/860
f 867/867 868/868 884/884
f 867/867 884/884 885/885
f 762/762 763/763 761/761
f 759/759 820/820 860/860
f 860/860 861/861 859/859
f 861/861 820/820 791/791
f 861/861 878/878 877/877
f 861/861 877/877 859/859
f 875/875 872/872 889/889
f 875/875 866/866 872/872
f 875/875 1004/1004 866/866
f 866/866 1004/1004 790/790
f 866/866 790/790 924/924
f 872/872 869/869 889/889
f 889/889 869/869 907/907
f 787/787 772/772 773/773
f 787/787 773/773 789/789
f 773/773 781/781 790/790
f 789/789 773/773 790/790
f 869/869 874/874 907/907
f 874/874 931/931 907/907
f 774/774 780/780 781/781
f 773/773 774/774 781/781
f 781/781 780/780 924/924
f 806/806 800/800 770/770
f 806/806 770/770 778/778
f 806/806 908/908 800/800
f 874/874 920/920 931/931
f 931/931 920/920 937/937
f 908/908 804/804 800/800
f 1349/1349 1342/1342 1340/1340
f 920/920 917/917 937/937
f 908/908 986/986 804/804
f 1340/1340 1341/1341 1345/1345
f 917/917 919/919 936/936
f 7407/7407 7291/7291 7289/7289
f 7407/7407 7289/7289 7408/7408
f 919/919 956/956 990/990
f 7408/7408 7289/7289 7453/7453
f 7453/7453 7289/7289 7404/7404
f 7404/7404 7960/7960 7453/7453
f 952/952 991/991 998/998
f 991/991 964/964 992/992
f 7960/7960 7455/7455 7984/7984
f 992/992 955/955 1000/1000
f 949/949 974/974 955/955
f 7984/7984 7455/7455 7847/7847
f 7984/7984 7847/7847 7986/7986
f 949/949 959/959 974/974
f 7986/7986 7847/7847 7992/7992
f 7847/7847 7224/7224 7992/7992
f 921/921 910/910 959/959
f 910/910 930/930 959/959
f 910/910 903/903 930/930
f 926/926 901/901 900/900
f 7992/7992 7224/7224 7235/7235
f 903/903 929/929 930/930
f 7235/7235 7224/7224 7223/7223
f 885/885 929/929 903/903
f 900/900 901/901 798/798
f 885/885 894/894 929/929
f 798/798 809/809 762/762
f 901/901 928/928 809/809
f 798/798 901/901 809/809
f 809/809 763/763 762/762
f 760/760 768/768 759/759
f 759/759 768/768 820/820
f 884/884 894/894 885/885
f 768/768 791/791 820/820
f 868/868 894/894 884/884
f 763/763 785/785 761/761
f 761/761 785/785 760/760
f 785/785 768/768 760/760
f 785/785 792/792 768/768
f 868/868 877/877 893/893
f 868/868 893/893 894/894
f 791/791 793/793 861/861
f 877/877 886/886 893/893
f 861/861 879/879 878/878
f 861/861 793/793 879/879
f 878/878 879/879 886/886
f 878/878 886/886 877/877
f 922/922 947/947 875/875
f 922/922 875/875 889/889
f 922/922 889/889 932/932
f 805/805 803/803 789/789
f 875/875 947/947 802/802
f 875/875 802/802 1004/1004
f 889/889 916/916 932/932
f 799/799 787/787 803/803
f 803/803 787/787 789/789
f 819/819 806/806 778/778
f 799/799 778/778 787/787
f 789/789 790/790 802/802
f 802/802 790/790 1004/1004
f 938/938 931/931 954/954
f 934/934 908/908 806/806
f 1350/1350 1342/1342 1349/1349
f 931/931 937/937 954/954
f 1342/1342 1327/1327 1340/1340
f 1340/1340 1327/1327 1323/1323
f 937/937 936/936 977/977
f 1340/1340 1323/1323 1341/1341
f 680/680 648/648 681/681
f 7290/7290 7289/7289 7291/7291
f 7404/7404 7454/7454 7960/7960
f 7960/7960 7454/7454 7455/7455
f 7454/7454 7405/7405 7455/7455
f 7455/7455 7405/7405 7847/7847
f 929/929 962/962 930/930
f 7223/7223 7225/7225 7235/7235
f 7223/7223 7222/7222 7225/7225
f 7222/7222 7232/7232 7225/7225
f 928/928 796/796 809/809
f 928/928 933/933 796/796
f 809/809 796/796 763/763
f 894/894 893/893 935/935
f 894/894 935/935 962/962
f 763/763 796/796 785/785
f 792/792 793/793 791/791
f 796/796 795/795 785/785
f 785/785 795/795 794/794
f 785/785 794/794 792/792
f 792/792 794/794 793/793
f 886/886 914/914 893/893
f 793/793 913/913 879/879
f 879/879 913/913 896/896
f 896/896 902/902 886/886
f 879/879 896/896 886/886
f 886/886 902/902 914/914
f 896/896 913/913 968/968
f 945/945 922/922 939/939
f 945/945 950/950 922/922
f 922/922 932/932 939/939
f 922/922 950/950 947/947
f 939/939 932/932 963/963
f 799/799 803/803 925/925
f 925/925 803/803 805/805
f 925/925 805/805 909/909
f 805/805 802/802 909/909
f 909/909 802/802 947/947
f 963/963 916/916 938/938
f 944/944 819/819 942/942
f 1347/1347 1348/1348 1343/1343
f 942/942 819/819 813/813
f 1347/1347 1343/1343 1344/1344
f 944/944 934/934 819/819
f 1347/1347 1344/1344 1350/1350
f 1344/1344 1342/1342 1350/1350
f 1344/1344 1338/1338 1342/1342
f 1342/1342 1338/1338 1327/1327
f 954/954 977/977 993/993
f 7289/7289 7288/7288 7404/7404
f 7404/7404 7288/7288 7292/7292
f 7404/7404 7292/7292 7454/7454
f 7454/7454 7292/7292 7296/7296
f 7454/7454 7296/7296 7405/7405
f 8242/8242 8239/8239 8241/8241
f 7847/7847 7229/7229 7224/7224
f 682/682 683/683 652/652
f 7223/7223 7220/7220 7222/7222
f 684/684 614/614 683/683
f 962/962 982/982 983/983
f 7232/7232 7911/7911 7225/7225
f 962/962 935/935 982/982
f 7232/7232 7227/7227 7911/7911
f 935/935 948/948 982/982
f 933/933 912/912 796/796
f 912/912 797/797 796/796
f 796/796 797/797 795/795
f 794/794 913/913 793/793
f 914/914 948/948 935/935
f 797/797 815/815 795/795
f 815/815 807/807 795/795
f 795/795 807/807 794/794
f 794/794 807/807 913/913
f 914/914 957/957 948/948
f 797/797 953/953 815/815
f 815/815 953/953 807/807
f 913/913 807/807 968/968
f 973/973 995/995 957/957
f 914/914 973/973 957/957
f 968/968 958/958 896/896
f 968/968 969/969 958/958
f 896/896 958/958 902/902
f 902/902 958/958 914/914
f 969/969 980/980 958/958
f 994/994 939/939 963/963
f 941/941 925/925 940/940
f 940/940 909/909 946/946
f 946/946 909/909 950/950
f 2611/2611 2612/2612 2613/2613
f 942/942 813/813 799/799
f 942/942 799/799 941/941
f 941/941 799/799 925/925
f 1343/1343 1338/1338 1344/1344
f 7290/7290 7287/7287 7289/7289
f 7289/7289 7287/7287 7288/7288
f 508/508 415/415 417/417
f 549/549 452/452 571/571
f 7229/7229 7220/7220 7224/7224
f 7220/7220 7223/7223 7224/7224
f 7220/7220 7210/7210 7222/7222
f 7222/7222 7210/7210 7232/7232
f 7232/7232 7210/7210 7227/7227
f 686/686 615/615 697/697
f 7210/7210 7211/7211 7227/7227
f 1002/1002 912/912 933/933
f 957/957 995/995 948/948
f 912/912 1002/1002 979/979
f 979/979 961/961 797/797
f 912/912 979/979 797/797
f 797/797 961/961 953/953
f 953/953 970/970 807/807
f 970/970 968/968 807/807
f 970/970 1006/1006 968/968
f 953/953 971/971 972/972
f 953/953 972/972 970/970
f 968/968 1006/1006 969/969
f 969/969 1006/1006 981/981
f 958/958 980/980 973/973
f 969/969 981/981 980/980
f 3342/3342 3454/3454 3428/3428
f 2826/2826 2817/2817 2821/2821
f 2611/2611 2608/2608 2610/2610
f 966/966 941/941 965/965
f 965/965 941/941 940/940
f 965/965 940/940 976/976
f 2611/2611 2610/2610 2612/2612
f 3414/3414 3442/3442 3424/3424
f 3442/3442 3457/3457 3424/3424
f 985/985 942/942 966/966
f 966/966 942/942 941/941
f 985/985 1003/1003 942/942
f 1352/1352 1339/1339 1348/1348
f 1343/1343 1339/1339 1328/1328
f 1343/1343 1328/1328 1338/1338
f 1328/1328 1322/1322 1338/1338
f 1338/1338 1322/1322 1327/1327
f 1327/1327 1322/1322 1323/1323
f 649/649 541/541 597/597
f 7288/7288 7285/7285 7292/7292
f 7292/7292 7285/7285 7296/7296
f 8239/8239 8240/8240 8241/8241
f 7229/7229 7221/7221 7220/7220
f 7221/7221 7205/7205 7220/7220
f 614/614 684/684 615/615
f 7220/7220 7205/7205 7210/7210
f 7211/7211 7422/7422 7227/7227
f 948/948 1010/1010 996/996
f 1002/1002 1011/1011 979/979
f 995/995 1010/1010 948/948
f 1011/1011 984/984 979/979
f 979/979 984/984 961/961
f 961/961 984/984 971/971
f 961/961 971/971 953/953
f 972/972 975/975 970/970
f 970/970 975/975 1005/1005
f 970/970 1005/1005 1006/1006
f 971/971 987/987 972/972
f 1006/1006 1005/1005 981/981
f 980/980 1001/1001 973/973
f 973/973 1001/1001 995/995
f 2817/2817 2826/2826 2818/2818
f 2608/2608 2609/2609 2610/2610
f 3414/3414 3424/3424 3379/3379
f 1352/1352 1351/1351 1339/1339
f 3457/3457 3446/3446 3424/3424
f 1339/1339 1184/1184 1328/1328
f 1322/1322 1320/1320 1323/1323
f 7287/7287 7290/7290 7295/7295
f 7287/7287 7285/7285 7288/7288
f 7405/7405 7296/7296 7398/7398
f 7398/7398 7465/7465 7405/7405
f 7229/7229 7465/7465 7221/7221
f 7205/7205 7204/7204 7210/7210
f 7210/7210 7204/7204 7211/7211
f 7211/7211 7204/7204 7422/7422
f 698/698 693/693 686/686
f 1010/1010 1013/1013 996/996
f 5647/5647 5645/5645 5656/5656
f 5665/5665 5664/5664 5661/5661
f 984/984 987/987 971/971
f 987/987 975/975 972/972
f 5660/5660 5652/5652 5668/5668
f 1005/1005 1015/1015 981/981
f 5653/5653 5652/5652 5650/5650
f 5653/5653 5650/5650 5654/5654
f 5654/5654 5650/5650 5655/5655
f 2608/2608 2605/2605 2607/2607
f 2818/2818 2824/2824 2819/2819
f 2608/2608 2607/2607 2609/2609
f 1351/1351 1346/1346 1339/1339
f 1339/1339 1183/1183 1184/1184
f 1184/1184 1185/1185 1328/1328
f 1328/1328 1185/1185 1322/1322
f 1185/1185 1316/1316 1322/1322
f 1322/1322 1316/1316 1320/1320
f 7287/7287 7283/7283 7285/7285
f 7397/7397 7398/7398 7296/7296
f 7465/7465 7982/7982 7221/7221
f 7221/7221 7982/7982 7205/7205
f 615/615 616/616 548/548
f 7204/7204 7212/7212 7939/7939
f 7204/7204 7939/7939 7422/7422
f 7939/7939 7969/7969 7422/7422
f 1010/1010 1014/1014 1013/1013
f 1814/1814 1813/1813 1815/1815
f 1814/1814 1811/1811 1813/1813
f 5647/5647 5646/5646 5645/5645
f 5664/5664 5663/5663 5661/5661
f 5661/5661 5662/5662 5659/5659
f 5661/5661 5659/5659 5660/5660
f 5660/5660 5659/5659 5652/5652
f 5655/5655 5646/5646 5647/5647
f 5655/5655 5996/5996 5646/5646
f 5652/5652 5651/5651 5650/5650
f 5652/5652 5659/5659 5651/5651
f 5651/5651 5649/5649 5650/5650
f 5649/5649 5625/5625 5650/5650
f 5650/5650 5996/5996 5655/5655
f 5650/5650 5625/5625 5996/5996
f 2605/2605 2604/2604 2606/2606
f 2605/2605 2606/2606 2607/2607
f 2803/2803 2804/2804 2809/2809
f 1183/1183 1339/1339 1346/1346
f 7295/7295 7283/7283 7287/7287
f 7283/7283 7284/7284 7285/7285
f 7285/7285 7284/7284 7399/7399
f 7285/7285 7399/7399 7397/7397
f 7285/7285 7397/7397 7296/7296
f 7982/7982 7206/7206 7205/7205
f 7205/7205 7206/7206 7203/7203
f 7205/7205 7203/7203 7204/7204
f 693/693 688/688 661/661
f 693/693 699/699 688/688
f 1813/1813 1811/1811 1810/1810
f 5664/5664 5931/5931 5663/5663
f 5661/5661 5663/5663 5662/5662
f 5662/5662 5888/5888 5659/5659
f 2605/2605 2602/2602 2604/2604
f 2803/2803 2802/2802 2804/2804
f 1183/1183 1182/1182 1184/1184
f 1184/1184 1182/1182 1185/1185
f 1182/1182 1186/1186 1185/1185
f 1185/1185 1186/1186 1305/1305
f 1185/1185 1305/1305 1316/1316
f 1316/1316 1311/1311 1320/1320
f 7286/7286 7283/7283 7295/7295
f 7465/7465 7970/7970 7982/7982
f 388/388 484/484 387/387
f 7203/7203 7201/7201 7204/7204
f 7204/7204 7201/7201 7212/7212
f 6185/6185 6182/6182 6184/6184
f 6184/6184 6182/6182 6181/6181
f 6190/6190 6186/6186 6189/6189
f 6189/6189 6186/6186 6188/6188
f 5625/5625 5628/5628 5996/5996
f 5649/5649 5623/5623 5625/5625
f 2813/2813 2816/2816 2814/2814
f 2602/2602 2603/2603 2604/2604
f 2802/2802 2800/2800 2805/2805
f 1305/1305 1311/1311 1316/1316
f 7864/7864 7286/7286 7295/7295
f 7398/7398 7970/7970 7465/7465
f 1811/1811 1797/1797 1810/1810
f 5931/5931 5993/5993 5564/5564
f 5931/5931 5564/5564 5554/5554
f 6201/6201 6202/6202 6203/6203
f 6181/6181 6182/6182 6183/6183
f 5888/5888 5554/5554 5571/5571
f 5892/5892 5649/5649 5651/5651
f 6186/6186 6187/6187 6188/6188
f 5623/5623 5624/5624 5625/5625
f 5625/5625 5624/5624 5628/5628
f 5649/5649 5892/5892 5623/5623
f 3169/3169 3229/3229 3223/3223
f 2602/2602 2600/2600 2603/2603
f 1183/1183 1177/1177 1178/1178
f 1183/1183 1178/1178 1182/1182
f 641/641 542/542 640/640
f 7283/7283 7282/7282 7284/7284
f 7284/7284 7282/7282 7293/7293
f 7284/7284 7294/7294 7399/7399
f 7399/7399 7479/7479 7397/7397
f 7397/7397 7411/7411 7398/7398
f 7212/7212 7202/7202 7939/7939
f 7939/7939 7202/7202 7969/7969
f 5644/5644 5640/5640 5643/5643
f 5640/5640 5639/5639 5643/5643
f 7969/7969 7202/7202 7975/7975
f 1797/1797 1809/1809 1810/1810
f 5931/5931 5994/5994 5993/5993
f 6202/6202 6204/6204 6203/6203
f 5554/5554 5564/5564 5551/5551
f 5551/5551 5552/5552 5554/5554
f 5554/5554 5552/5552 5571/5571
f 5892/5892 5622/5622 5623/5623
f 5623/5623 5622/5622 5621/5621
f 5623/5623 5621/5621 5624/5624
f 2602/2602 2598/2598 2600/2600
f 3239/3239 3297/3297 3240/3240
f 3320/3320 3382/3382 3328/3328
f 1182/1182 1180/1180 1186/1186
f 7283/7283 7286/7286 7281/7281
f 7283/7283 7281/7281 7282/7282
f 7293/7293 7294/7294 7284/7284
f 7294/7294 7479/7479 7399/7399
f 7982/7982 7970/7970 7815/7815
f 7982/7982 7815/7815 7206/7206
f 7206/7206 7198/7198 7203/7203
f 7212/7212 7201/7201 7202/7202
f 5993/5993 5550/5550 5564/5564
f 5564/5564 5550/5550 5551/5551
f 5552/5552 5553/5553 5571/5571
f 6101/6101 6103/6103 6105/6105
f 5571/5571 5553/5553 5892/5892
f 5315/5315 5316/5316 5317/5317
f 2939/2939 2945/2945 2996/2996
f 2996/2996 3239/3239 2998/2998
f 2598/2598 2599/2599 2600/2600
f 2788/2788 2774/2774 2800/2800
f 1186/1186 1180/1180 1305/1305
f 1305/1305 1310/1310 1311/1311
f 118/118 117/117 121/121
f 8440/8440 8439/8439 8441/8441
f 5640/5640 5636/5636 5639/5639
f 5640/5640 5904/5904 5636/5636
f 1797/1797 1808/1808 1809/1809
f 5994/5994 5963/5963 5993/5993
f 5622/5622 5629/5629 5620/5620
f 5622/5622 5620/5620 5621/5621
f 2598/2598 2596/2596 2597/2597
f 2598/2598 2597/2597 2599/2599
f 1180/1180 1206/1206 1305/1305
f 7908/7908 7297/7297 7864/7864
f 7864/7864 7297/7297 7286/7286
f 7286/7286 7297/7297 7281/7281
f 7282/7282 7409/7409 7293/7293
f 7294/7294 7868/7868 7479/7479
f 7479/7479 7412/7412 7397/7397
f 7397/7397 7412/7412 7411/7411
f 118/118 120/120 119/119
f 8438/8438 8439/8439 8440/8440
f 8439/8439 8442/8442 8441/8441
f 7970/7970 7217/7217 7815/7815
f 7206/7206 7815/7815 7198/7198
f 7203/7203 7198/7198 7201/7201
f 7201/7201 7198/7198 7199/7199
f 7201/7201 7199/7199 7202/7202
f 7202/7202 7786/7786 7975/7975
f 5636/5636 5635/5635 5639/5639
f 1797/1797 1796/1796 1808/1808
f 5628/5628 5627/5627 5904/5904
f 5550/5550 5548/5548 5551/5551
f 5551/5551 5548/5548 5552/5552
f 5548/5548 5570/5570 5553/5553
f 5552/5552 5548/5548 5553/5553
f 5570/5570 5935/5935 5553/5553
f 6101/6101 6102/6102 6103/6103
f 5629/5629 5618/5618 5620/5620
f 5621/5621 5626/5626 5624/5624
f 5626/5626 5627/5627 5624/5624
f 2999/2999 3208/3208 3001/3001
f 1115/1115 1111/1111 1177/1177
f 1111/1111 1179/1179 1178/1178
f 1177/1177 1111/1111 1178/1178
f 1179/1179 1181/1181 1180/1180
f 1180/1180 1181/1181 1187/1187
f 1187/1187 1206/1206 1180/1180
f 1305/1305 1209/1209 1310/1310
f 7479/7479 7831/7831 7412/7412
f 7411/7411 7412/7412 7517/7517
f 529/529 552/552 526/526
f 7202/7202 7199/7199 7786/7786
f 5639/5639 5635/5635 5642/5642
f 7786/7786 7765/7765 7975/7975
f 1797/1797 1795/1795 1796/1796
f 5904/5904 5632/5632 5636/5636
f 5636/5636 5632/5632 5635/5635
f 5963/5963 5961/5961 5993/5993
f 5961/5961 5549/5549 5550/5550
f 5993/5993 5961/5961 5550/5550
f 5627/5627 5632/5632 5904/5904
f 5550/5550 5549/5549 5548/5548
f 6102/6102 6104/6104 6103/6103
f 4572/4572 4573/4573 4574/4574
f 5618/5618 5619/5619 5620/5620
f 5619/5619 5657/5657 5621/5621
f 5620/5620 5619/5619 5621/5621
f 5657/5657 5626/5626 5621/5621
f 2596/2596 2595/2595 2597/2597
f 2784/2784 2772/2772 2782/2782
f 1115/1115 1107/1107 1111/1111
f 3384/3384 3389/3389 3413/3413
f 1206/1206 1209/1209 1305/1305
f 7908/7908 7787/7787 7297/7297
f 7293/7293 7409/7409 7294/7294
f 3521/3521 3516/3516 3520/3520
f 7815/7815 7228/7228 7198/7198
f 5963/5963 5962/5962 5961/5961
f 7886/7886 7787/7787 7908/7908
f 7297/7297 7787/7787 7280/7280
f 7297/7297 7280/7280 7281/7281
f 7282/7282 7278/7278 7409/7409
f 4333/4333 4334/4334 4332/4332
f 4333/4333 4332/4332 4309/4309
f 8425/8425 8426/8426 8427/8427
f 5627/5627 5631/5631 5632/5632
f 2596/2596 2593/2593 2595/2595
f 1187/1187 1189/1189 1206/1206
f 7281/7281 7280/7280 7278/7278
f 7281/7281 7278/7278 7282/7282
f 7409/7409 7476/7476 7294/7294
f 7476/7476 7642/7642 7294/7294
f 7294/7294 7642/7642 7643/7643
f 7294/7294 7643/7643 7868/7868
f 4334/4334 4331/4331 4332/4332
f 7831/7831 7832/7832 7412/7412
f 8425/8425 8428/8428 8426/8426
f 7517/7517 7472/7472 7468/7468
f 7468/7468 7231/7231 7517/7517
f 7517/7517 7231/7231 7217/7217
f 7217/7217 7195/7195 7815/7815
f 7195/7195 7228/7228 7815/7815
f 307/307 274/274 262/262
f 7198/7198 7197/7197 7199/7199
f 7199/7199 7216/7216 7786/7786
f 7199/7199 7200/7200 7216/7216
f 7786/7786 7216/7216 7765/7765
f 5632/5632 5634/5634 5635/5635
f 5962/5962 5771/5771 5961/5961
f 5771/5771 5559/5559 5961/5961
f 5961/5961 5559/5559 5549/5549
f 5549/5549 5542/5542 5548/5548
f 5548/5548 5544/5544 5570/5570
f 5570/5570 5544/5544 5935/5935
f 5935/5935 5544/5544 5676/5676
f 5626/5626 5630/5630 5627/5627
f 5627/5627 5630/5630 5631/5631
f 5657/5657 5958/5958 5626/5626
f 5958/5958 5630/5630 5626/5626
f 1111/1111 1109/1109 1179/1179
f 1188/1188 1181/1181 1179/1179
f 1181/1181 1189/1189 1187/1187
f 7278/7278 7476/7476 7409/7409
f 3503/3503 3516/3516 3505/3505
f 3504/3504 3502/3502 3508/3508
f 3504/3504 3516/3516 3503/3503
f 3504/3504 3508/3508 3513/3513
f 3513/3513 3514/3514 3504/3504
f 4328/4328 4325/4325 4327/4327
f 4327/4327 4330/4330 4331/4331
f 4330/4330 4332/4332 4331/4331
f 4327/4327 4319/4319 4330/4330
f 4327/4327 4325/4325 4319/4319
f 4330/4330 4319/4319 4332/4332
f 4319/4319 4307/4307 4309/4309
f 4319/4319 4309/4309 4332/4332
f 4307/4307 4308/4308 4309/4309
f 7231/7231 7193/7193 7217/7217
f 7217/7217 7193/7193 7195/7195
f 7228/7228 7195/7195 7198/7198
f 7198/7198 7195/7195 7197/7197
f 7197/7197 7200/7200 7199/7199
f 5637/5637 5641/5641 5635/5635
f 5632/5632 5633/5633 5634/5634
f 5549/5549 5559/5559 5542/5542
f 5544/5544 5556/5556 5676/5676
f 5631/5631 5633/5633 5632/5632
f 4573/4573 4575/4575 4574/4574
f 5618/5618 5557/5557 5616/5616
f 5618/5618 5616/5616 5619/5619
f 5619/5619 5616/5616 5958/5958
f 5619/5619 5958/5958 5657/5657
f 1107/1107 1109/1109 1111/1111
f 1188/1188 1189/1189 1181/1181
f 3496/3496 3502/3502 3503/3503
f 3496/3496 3500/3500 3502/3502
f 3496/3496 3503/3503 3505/3505
f 3496/3496 3505/3505 3498/3498
f 3502/3502 3517/3517 3508/3508
f 3502/3502 3504/3504 3503/3503
f 3508/3508 3517/3517 3515/3515
f 3515/3515 3517/3517 3519/3519
f 4329/4329 4326/4326 4325/4325
f 4328/4328 4329/4329 4325/4325
f 4325/4325 4314/4314 4319/4319
f 4326/4326 4320/4320 4314/4314
f 4325/4325 4326/4326 4314/4314
f 4319/4319 4314/4314 4307/4307
f 4314/4314 4310/4310 4307/4307
f 4307/4307 4310/4310 4308/4308
f 7472/7472 7471/7471 7468/7468
f 673/673 525/525 613/613
f 1795/1795 1794/1794 1796/1796
f 1796/1796 1794/1794 1805/1805
f 5548/5548 5542/5542 5544/5544
f 5676/5676 5556/5556 5557/5557
f 5958/5958 5989/5989 5630/5630
f 5989/5989 5761/5761 5630/5630
f 2592/2592 2590/2590 2593/2593
f 2593/2593 2590/2590 2594/2594
f 2593/2593 2594/2594 2595/2595
f 3112/3112 3174/3174 3178/3178
f 1206/1206 1208/1208 1209/1209
f 7886/7886 7266/7266 7787/7787
f 3518/3518 3497/3497 3498/3498
f 3502/3502 3507/3507 3509/3509
f 3502/3502 3509/3509 3517/3517
f 4320/4320 4316/4316 4314/4314
f 4314/4314 4316/4316 4312/4312
f 4314/4314 4312/4312 4310/4310
f 4310/4310 4311/4311 4308/4308
f 4310/4310 4312/4312 4311/4311
f 7193/7193 7194/7194 7195/7195
f 7195/7195 7196/7196 7197/7197
f 673/673 669/669 525/525
f 5559/5559 5541/5541 5542/5542
f 5630/5630 5761/5761 5631/5631
f 5631/5631 5761/5761 5633/5633
f 5557/5557 5615/5615 5616/5616
f 5616/5616 5617/5617 5958/5958
f 5616/5616 5615/5615 5617/5617
f 2592/2592 2587/2587 2590/2590
f 7278/7278 7416/7416 7476/7476
f 3501/3501 3500/3500 3495/3495
f 3495/3495 3500/3500 3496/3496
f 3495/3495 3496/3496 3497/3497
f 3501/3501 3507/3507 3500/3500
f 4661/4661 4649/4649 4660/4660
f 4660/4660 4649/4649 4658/4658
f 4658/4658 4649/4649 4650/4650
f 4658/4658 4652/4652 4659/4659
f 4659/4659 4652/4652 4657/4657
f 4316/4316 4313/4313 4312/4312
f 4312/4312 4313/4313 4311/4311
f 7200/7200 7209/7209 7216/7216
f 5637/5637 5638/5638 5933/5933
f 7216/7216 7209/7209 7765/7765
f 5542/5542 5543/5543 5544/5544
f 5544/5544 5543/5543 5545/5545
f 5544/5544 5545/5545 5556/5556
f 5556/5556 5545/5545 5557/5557
f 2971/2971 3015/3015 3033/3033
f 1109/1109 1190/1190 1188/1188
f 1188/1188 1191/1191 1189/1189
f 1189/1189 1207/1207 1206/1206
f 1206/1206 1207/1207 1208/1208
f 7266/7266 7401/7401 7787/7787
f 7401/7401 7256/7256 7787/7787
f 7787/7787 7256/7256 7280/7280
f 7280/7280 7256/7256 7278/7278
f 4627/4627 4624/4624 4628/4628
f 3511/3511 3510/3510 3497/3497
f 3518/3518 3511/3511 3497/3497
f 3499/3499 3495/3495 3497/3497
f 3501/3501 3506/3506 3512/3512
f 3501/3501 3512/3512 3507/3507
f 4626/4626 4649/4649 4661/4661
f 4658/4658 4650/4650 4652/4652
f 4652/4652 4653/4653 4657/4657
f 4320/4320 4322/4322 4316/4316
f 4316/4316 4317/4317 4313/4313
f 4316/4316 4322/4322 4317/4317
f 4313/4313 4317/4317 4315/4315
f 4315/4315 4318/4318 4311/4311
f 4313/4313 4315/4315 4311/4311
f 7471/7471 7470/7470 7468/7468
f 7195/7195 7194/7194 7196/7196
f 7197/7197 7219/7219 7207/7207
f 7197/7197 7207/7207 7200/7200
f 7200/7200 7208/7208 7209/7209
f 5633/5633 5648/5648 5634/5634
f 1794/1794 1804/1804 1805/1805
f 5545/5545 5558/5558 5557/5557
f 5557/5557 5558/5558 5615/5615
f 7256/7256 7255/7255 7278/7278
f 4657/4657 4653/4653 4665/4665
f 4322/4322 4321/4321 4317/4317
f 4317/4317 4321/4321 4315/4315
f 4315/4315 4323/4323 4318/4318
f 7231/7231 7191/7191 7193/7193
f 7196/7196 7219/7219 7197/7197
f 7200/7200 7207/7207 7208/7208
f 1795/1795 1793/1793 1794/1794
f 5771/5771 5539/5539 5559/5559
f 5559/5559 5539/5539 5541/5541
f 6173/6173 6174/6174 6175/6175
f 5541/5541 5540/5540 5542/5542
f 5615/5615 5936/5936 5617/5617
f 6112/6112 6113/6113 6114/6114
f 1109/1109 1116/1116 1190/1190
f 1188/1188 1190/1190 1191/1191
f 4627/4627 4619/4619 4624/4624
f 4621/4621 4618/4618 4620/4620
f 4622/4622 4620/4620 4625/4625
f 4622/4622 4625/4625 4626/4626
f 4626/4626 4651/4651 4649/4649
f 4649/4649 4646/4646 4650/4650
f 4650/4650 4647/4647 4652/4652
f 4652/4652 4647/4647 4653/4653
f 4322/4322 4324/4324 4321/4321
f 4321/4321 4323/4323 4315/4315
f 1898/1898 1901/1901 1907/1907
f 7231/7231 7468/7468 7191/7191
f 5633/5633 5944/5944 5648/5648
f 6174/6174 6176/6176 6175/6175
f 5581/5581 5586/5586 5761/5761
f 5989/5989 5581/5581 5761/5761
f 5761/5761 5586/5586 5673/5673
f 5584/5584 5581/5581 5989/5989
f 2587/2587 2589/2589 2590/2590
f 7278/7278 7255/7255 7416/7416
f 4626/4626 4625/4625 4651/4651
f 4650/4650 4646/4646 4647/4647
f 4647/4647 4648/4648 4653/4653
f 4653/4653 4664/4664 4665/4665
f 1900/1900 1902/1902 1899/1899
f 1900/1900 1899/1899 1898/1898
f 1898/1898 1897/1897 1901/1901
f 259/259 395/395 258/258
f 5933/5933 5706/5706 5708/5708
f 5930/5930 5547/5547 5771/5771
f 5771/5771 5547/5547 5539/5539
f 5542/5542 5540/5540 5543/5543
f 6142/6142 6140/6140 6139/6139
f 6139/6139 6140/6140 6141/6141
f 1189/1189 1329/1329 1207/1207
f 4630/4630 4617/4617 4627/4627
f 4627/4627 4617/4617 4619/4619
f 4620/4620 4623/4623 4625/4625
f 4625/4625 4623/4623 4644/4644
f 4625/4625 4644/4644 4651/4651
f 4651/4651 4644/4644 4649/4649
f 4649/4649 4645/4645 4646/4646
f 4648/4648 4663/4663 4664/4664
f 4653/4653 4648/4648 4664/4664
f 1902/1902 1903/1903 1899/1899
f 1899/1899 1887/1887 1898/1898
f 1898/1898 1887/1887 1884/1884
f 1898/1898 1884/1884 1897/1897
f 1897/1897 1894/1894 1901/1901
f 7470/7470 7469/7469 7468/7468
f 7191/7191 7192/7192 7193/7193
f 7193/7193 7192/7192 7194/7194
f 395/395 348/348 258/258
f 7196/7196 7837/7837 7219/7219
f 6191/6191 6193/6193 6194/6194
f 5541/5541 5539/5539 5540/5540
f 1112/1112 1108/1108 1107/1107
f 1107/1107 1108/1108 1109/1109
f 1207/1207 1210/1210 1208/1208
f 7401/7401 7257/7257 7256/7256
f 7256/7256 7257/7257 7253/7253
f 7256/7256 7253/7253 7255/7255
f 4616/4616 4623/4623 4620/4620
f 4649/4649 4644/4644 4645/4645
f 4645/4645 4631/4631 4646/4646
f 4631/4631 4633/4633 4647/4647
f 4646/4646 4631/4631 4647/4647
f 4647/4647 4633/4633 4648/4648
f 4648/4648 4633/4633 4637/4637
f 1889/1889 1887/1887 1899/1899
f 1903/1903 1889/1889 1899/1899
f 1903/1903 1904/1904 1889/1889
f 1884/1884 1886/1886 1897/1897
f 1897/1897 1886/1886 1894/1894
f 7208/7208 7213/7213 7209/7209
f 1793/1793 1791/1791 1794/1794
f 1794/1794 1791/1791 1804/1804
f 5673/5673 5670/5670 5944/5944
f 5545/5545 5767/5767 5558/5558
f 6142/6142 6143/6143 6140/6140
f 5586/5586 5670/5670 5673/5673
f 2587/2587 2588/2588 2589/2589
f 2771/2771 2750/2750 2757/2757
f 1116/1116 1192/1192 1190/1190
f 1190/1190 1192/1192 1191/1191
f 4616/4616 4615/4615 4623/4623
f 4637/4637 4662/4662 4648/4648
f 4648/4648 4662/4662 4663/4663
f 7209/7209 7213/7213 7214/7214
f 1793/1793 1792/1792 1791/1791
f 1791/1791 1799/1799 1804/1804
f 5543/5543 5546/5546 5545/5545
f 5545/5545 5546/5546 5767/5767
f 5599/5599 5582/5582 5936/5936
f 5582/5582 5579/5579 5584/5584
f 5936/5936 5582/5582 5584/5584
f 5584/5584 5579/5579 5581/5581
f 1108/1108 1110/1110 1109/1109
f 7266/7266 7262/7262 7401/7401
f 7253/7253 7254/7254 7255/7255
f 4611/4611 4614/4614 4617/4617
f 4630/4630 4611/4611 4617/4617
f 4615/4615 4629/4629 4623/4623
f 4623/4623 4629/4629 4644/4644
f 4644/4644 4632/4632 4645/4645
f 4645/4645 4632/4632 4631/4631
f 4637/4637 4641/4641 4662/4662
f 1904/1904 1905/1905 1889/1889
f 1887/1887 1885/1885 1884/1884
f 1884/1884 1885/1885 1886/1886
f 7469/7469 7233/7233 7468/7468
f 7233/7233 7191/7191 7468/7468
f 7192/7192 7234/7234 7194/7194
f 7194/7194 7218/7218 7196/7196
f 7219/7219 7910/7910 7207/7207
f 5581/5581 5583/5583 5586/5586
f 7266/7266 7265/7265 7262/7262
f 7401/7401 7260/7260 7257/7257
f 4629/4629 4654/4654 4644/4644
f 4644/4644 4643/4643 4632/4632
f 4631/4631 4632/4632 4633/4633
f 4641/4641 4667/4667 4662/4662
f 1905/1905 1888/1888 1889/1889
f 1889/1889 1888/1888 1887/1887
f 1887/1887 1888/1888 1885/1885
f 1886/1886 1893/1893 1894/1894
f 6191/6191 6192/6192 6193/6193
f 5930/5930 5555/5555 5547/5547
f 5670/5670 5677/5677 5944/5944
f 5540/5540 5765/5765 5543/5543
f 4611/4611 4608/4608 4614/4614
f 4610/4610 4609/4609 4629/4629
f 4615/4615 4610/4610 4629/4629
f 4629/4629 4609/4609 4654/4654
f 4654/4654 4643/4643 4644/4644
f 4643/4643 4639/4639 4632/4632
f 4633/4633 4632/4632 4634/4634
f 4634/4634 4636/4636 4633/4633
f 4633/4633 4636/4636 4637/4637
f 4637/4637 4636/4636 4641/4641
f 1885/1885 1893/1893 1886/1886
f 7194/7194 7234/7234 7218/7218
f 7837/7837 7910/7910 7219/7219
f 7207/7207 7226/7226 7208/7208
f 5539/5539 5535/5535 5540/5540
f 5543/5543 5765/5765 5546/5546
f 1192/1192 1195/1195 1191/1191
f 7262/7262 7260/7260 7401/7401
f 4610/4610 4606/4606 4609/4609
f 4639/4639 4635/4635 4632/4632
f 4632/4632 4635/4635 4634/4634
f 4636/4636 4656/4656 4641/4641
f 8400/8400 8401/8401 8402/8402
f 7196/7196 7218/7218 7837/7837
f 7208/7208 7215/7215 7213/7213
f 5539/5539 5537/5537 5535/5535
f 5540/5540 5535/5535 5765/5765
f 5579/5579 5580/5580 5581/5581
f 5581/5581 5580/5580 5583/5583
f 2587/2587 2591/2591 2588/2588
f 2878/2878 2874/2874 2876/2876
f 1112/1112 1113/1113 1108/1108
f 1110/1110 1193/1193 1116/1116
f 1116/1116 1193/1193 1192/1192
f 1207/1207 1211/1211 1210/1210
f 7260/7260 7259/7259 7257/7257
f 7258/7258 7253/7253 7257/7257
f 7253/7253 7252/7252 7254/7254
f 4611/4611 4607/4607 4608/4608
f 4609/4609 4605/4605 4654/4654
f 4643/4643 4654/4654 4642/4642
f 4643/4643 4642/4642 4639/4639
f 1905/1905 1892/1892 1888/1888
f 1885/1885 1891/1891 1893/1893
f 8402/8402 8401/8401 8403/8403
f 7208/7208 7226/7226 7215/7215
f 5547/5547 5537/5537 5539/5539
f 6025/6025 6023/6023 6022/6022
f 6022/6022 6023/6023 6024/6024
f 1329/1329 1211/1211 1207/1207
f 7253/7253 7250/7250 7252/7252
f 4608/4608 4607/4607 4603/4603
f 4599/4599 4605/4605 4609/4609
f 4606/4606 4599/4599 4609/4609
f 4654/4654 4605/4605 4666/4666
f 4654/4654 4666/4666 4642/4642
f 4639/4639 4642/4642 4635/4635
f 4635/4635 4638/4638 4634/4634
f 4634/4634 4638/4638 4636/4636
f 4656/4656 4668/4668 4641/4641
f 4641/4641 4668/4668 4667/4667
f 1905/1905 1909/1909 1892/1892
f 1892/1892 1890/1890 1888/1888
f 1890/1890 1891/1891 1885/1885
f 1888/1888 1890/1890 1885/1885
f 1891/1891 1895/1895 1893/1893
f 7207/7207 7424/7424 7226/7226
f 6192/6192 6195/6195 6193/6193
f 5555/5555 5537/5537 5547/5547
f 5577/5577 5576/5576 5767/5767
f 5767/5767 5576/5576 5599/5599
f 1193/1193 1194/1194 1192/1192
f 1192/1192 1194/1194 1195/1195
f 7258/7258 7414/7414 7253/7253
f 7253/7253 7414/7414 7250/7250
f 4599/4599 4601/4601 4605/4605
f 4605/4605 4601/4601 4666/4666
f 4666/4666 4669/4669 4642/4642
f 4635/4635 4642/4642 4640/4640
f 4638/4638 4655/4655 4636/4636
f 4655/4655 4656/4656 4636/4636
f 1909/1909 1906/1906 1892/1892
f 1906/1906 1890/1890 1892/1892
f 1890/1890 1896/1896 1891/1891
f 7233/7233 7190/7190 7191/7191
f 7191/7191 7182/7182 7192/7192
f 228/228 193/193 163/163
f 7910/7910 7424/7424 7207/7207
f 532/532 475/475 454/454
f 6025/6025 6026/6026 6023/6023
f 5535/5535 5560/5560 5765/5765
f 5599/5599 5575/5575 5582/5582
f 5582/5582 5575/5575 5579/5579
f 2591/2591 2601/2601 2588/2588
f 1329/1329 1195/1195 1211/1211
f 7259/7259 7258/7258 7257/7257
f 7252/7252 7250/7250 7251/7251
f 4607/4607 4586/4586 4603/4603
f 4599/4599 4597/4597 4601/4601
f 4601/4601 4600/4600 4666/4666
f 4666/4666 4600/4600 4669/4669
f 4669/4669 4640/4640 4642/4642
f 4656/4656 4655/4655 4670/4670
f 4656/4656 4670/4670 4668/4668
f 1906/1906 1908/1908 1890/1890
f 1890/1890 1908/1908 1896/1896
f 1891/1891 1896/1896 1895/1895
f 5706/5706 5703/5703 5705/5705
f 7215/7215 7423/7423 7213/7213
f 7213/7213 7423/7423 7214/7214
f 1791/1791 1789/1789 1799/1799
f 5555/5555 5876/5876 5538/5538
f 5555/5555 5538/5538 5537/5537
f 1210/1210 1212/1212 1220/1220
f 4586/4586 4585/4585 4589/4589
f 4597/4597 4591/4591 4601/4601
f 4591/4591 4600/4600 4601/4601
f 4600/4600 4602/4602 4669/4669
f 4602/4602 4672/4672 4640/4640
f 4669/4669 4602/4602 4640/4640
f 4672/4672 4673/4673 4638/4638
f 4640/4640 4672/4672 4638/4638
f 4638/4638 4673/4673 4671/4671
f 4638/4638 4671/4671 4655/4655
f 4655/4655 4671/4671 4670/4670
f 4670/4670 4675/4675 4668/4668
f 4668/4668 4675/4675 4676/4676
f 4408/4408 4403/4403 4410/4410
f 1908/1908 1910/1910 1896/1896
f 1910/1910 1911/1911 1896/1896
f 1896/1896 1911/1911 1895/1895
f 7191/7191 7190/7190 7182/7182
f 7192/7192 7230/7230 7234/7234
f 5537/5537 5538/5538 5536/5536
f 5537/5537 5536/5536 5535/5535
f 4588/4588 4595/4595 4600/4600
f 4600/4600 4595/4595 4602/4602
f 4405/4405 4404/4404 4401/4401
f 1790/1790 1789/1789 1791/1791
f 1792/1792 1790/1790 1791/1791
f 5576/5576 5573/5573 5599/5599
f 5599/5599 5573/5573 5575/5575
f 5575/5575 5578/5578 5579/5579
f 5579/5579 5578/5578 5580/5580
f 1211/1211 1212/1212 1210/1210
f 4590/4590 4593/4593 4595/4595
f 4396/4396 4397/4397 4399/4399
f 4402/4402 4396/4396 4399/4399
f 4397/4397 4398/4398 4399/4399
f 4399/4399 4398/4398 4400/4400
f 4400/4400 4398/4398 4383/4383
f 4400/4400 4383/4383 4404/4404
f 4404/4404 4383/4383 4401/4401
f 4383/4383 4380/4380 4382/4382
f 4401/4401 4383/4383 4382/4382
f 4382/4382 4380/4380 4379/4379
f 4387/4387 4409/4409 4406/4406
f 7190/7190 7186/7186 7183/7183
f 7183/7183 7182/7182 7190/7190
f 5713/5713 5703/5703 5707/5707
f 1194/1194 1199/1199 1195/1195
f 7262/7262 7261/7261 7260/7260
f 7260/7260 7261/7261 7259/7259
f 7250/7250 7247/7247 7251/7251
f 4592/4592 4594/4594 4593/4593
f 4380/4380 4386/4386 4381/4381
f 4381/4381 4407/4407 4387/4387
f 4387/4387 4407/4407 4409/4409
f 7182/7182 7230/7230 7192/7192
f 8219/8219 8218/8218 8214/8214
f 5703/5703 5704/5704 5705/5705
f 7226/7226 7775/7775 7215/7215
f 5876/5876 5877/5877 5538/5538
f 5536/5536 5534/5534 5535/5535
f 5535/5535 5532/5532 5560/5560
f 2889/2889 2786/2786 2785/2785
f 4381/4381 4386/4386 4407/4407
f 7185/7185 7183/7183 7186/7186
f 7234/7234 7516/7516 7218/7218
f 8400/8400 8399/8399 8401/8401
f 7433/7433 7434/7434 7910/7910
f 7215/7215 7775/7775 7423/7423
f 5670/5670 5674/5674 5677/5677
f 5577/5577 5567/5567 5576/5576
f 5585/5585 5669/5669 5586/5586
f 5583/5583 5585/5585 5586/5586
f 5586/5586 5669/5669 5670/5670
f 5580/5580 5585/5585 5583/5583
f 2750/2750 2743/2743 2756/2756
f 1113/1113 1114/1114 1108/1108
f 1110/1110 1196/1196 1193/1193
f 1193/1193 1199/1199 1194/1194
f 7250/7250 7249/7249 7247/7247
f 7247/7247 7249/7249 7248/7248
f 7248/7248 7245/7245 7247/7247
f 7247/7247 7245/7245 7246/7246
f 7246/7246 7245/7245 7243/7243
f 7238/7238 7237/7237 7236/7236
f 7236/7236 7187/7187 7189/7189
f 7189/7189 7187/7187 7185/7185
f 7424/7424 7775/7775 7226/7226
f 7775/7775 7974/7974 7423/7423
f 5674/5674 5678/5678 5677/5677
f 5669/5669 5671/5671 5670/5670
f 5535/5535 5534/5534 5532/5532
f 5560/5560 5532/5532 5530/5530
f 5530/5530 5714/5714 5560/5560
f 3044/3044 3037/3037 2981/2981
f 1110/1110 1197/1197 1196/1196
f 1196/1196 1199/1199 1193/1193
f 1195/1195 1213/1213 1211/1211
f 1211/1211 1213/1213 1212/1212
f 1212/1212 1215/1215 1220/1220
f 7263/7263 7262/7262 7265/7265
f 7258/7258 7267/7267 7414/7414
f 7245/7245 7244/7244 7243/7243
f 7244/7244 7242/7242 7243/7243
f 7242/7242 7240/7240 7241/7241
f 7243/7243 7242/7242 7241/7241
f 7241/7241 7240/7240 7239/7239
f 7240/7240 7237/7237 7239/7239
f 7239/7239 7237/7237 7238/7238
f 7237/7237 7187/7187 7236/7236
f 7187/7187 7184/7184 7185/7185
f 7185/7185 7184/7184 7183/7183
f 7230/7230 7516/7516 7234/7234
f 8398/8398 8399/8399 8400/8400
f 7433/7433 7166/7166 7434/7434
f 5538/5538 5598/5598 5536/5536
f 5671/5671 5674/5674 5670/5670
f 2750/2750 2745/2745 2743/2743
f 7414/7414 7249/7249 7250/7250
f 4886/4886 4887/4887 4888/4888
f 7187/7187 7188/7188 7184/7184
f 7184/7184 7188/7188 7425/7425
f 7425/7425 7426/7426 7184/7184
f 7183/7183 7180/7180 7182/7182
f 7182/7182 7429/7429 7230/7230
f 7167/7167 7166/7166 7433/7433
f 5703/5703 5702/5702 5704/5704
f 5677/5677 5678/5678 5713/5713
f 5598/5598 5534/5534 5536/5536
f 5534/5534 5533/5533 5532/5532
f 3039/3039 3044/3044 3040/3040
f 3039/3039 3037/3037 3044/3044
f 1195/1195 1201/1201 1213/1213
f 7259/7259 7267/7267 7258/7258
f 7249/7249 7417/7417 7248/7248
f 4915/4915 4888/4888 4920/4920
f 4891/4891 4889/4889 4915/4915
f 4891/4891 4917/4917 4902/4902
f 4915/4915 4889/4889 4888/4888
f 4889/4889 4886/4886 4888/4888
f 4891/4891 4890/4890 4889/4889
f 4902/4902 4892/4892 4891/4891
f 4889/4889 4890/4890 4886/4886
f 4891/4891 4892/4892 4890/4890
f 4890/4890 4887/4887 4886/4886
f 4892/4892 4894/4894 4890/4890
f 4893/4893 4896/4896 4887/4887
f 4890/4890 4893/4893 4887/4887
f 4890/4890 4894/4894 4893/4893
f 4904/4904 4906/4906 4910/4910
f 4904/4904 4910/4910 4900/4900
f 4906/4906 4908/4908 4910/4910
f 4911/4911 4913/4913 4910/4910
f 4908/4908 4911/4911 4910/4910
f 4911/4911 4931/4931 4913/4913
f 4931/4931 4934/4934 4935/4935
f 7184/7184 7180/7180 7183/7183
f 7181/7181 7429/7429 7182/7182
f 5877/5877 5953/5953 5538/5538
f 5538/5538 5953/5953 5852/5852
f 5538/5538 5852/5852 5598/5598
f 5532/5532 5531/5531 5530/5530
f 5576/5576 5567/5567 5573/5573
f 3039/3039 3006/3006 3037/3037
f 7262/7262 7263/7263 7261/7261
f 4473/4473 4474/4474 4478/4478
f 4921/4921 4917/4917 4915/4915
f 4921/4921 4925/4925 4917/4917
f 4915/4915 4920/4920 4933/4933
f 4921/4921 4915/4915 4933/4933
f 4901/4901 4892/4892 4902/4902
f 4892/4892 4901/4901 4894/4894
f 4901/4901 4903/4903 4894/4894
f 4894/4894 4895/4895 4893/4893
f 4894/4894 4903/4903 4895/4895
f 4893/4893 4895/4895 4896/4896
f 4895/4895 4897/4897 4896/4896
f 4895/4895 4898/4898 4897/4897
f 4898/4898 4904/4904 4900/4900
f 4898/4898 4900/4900 4897/4897
f 4905/4905 4899/4899 4916/4916
f 4905/4905 4907/4907 4906/4906
f 4905/4905 4906/4906 4904/4904
f 4905/4905 4916/4916 4914/4914
f 4905/4905 4914/4914 4907/4907
f 4907/4907 4908/4908 4906/4906
f 4907/4907 4914/4914 4912/4912
f 4909/4909 4911/4911 4908/4908
f 4907/4907 4909/4909 4908/4908
f 4907/4907 4912/4912 4909/4909
f 4909/4909 4928/4928 4911/4911
f 4912/4912 4926/4926 4909/4909
f 4928/4928 4931/4931 4911/4911
f 4909/4909 4926/4926 4928/4928
f 4928/4928 4934/4934 4931/4931
f 7166/7166 7439/7439 7434/7434
f 8218/8218 8217/8217 8214/8214
f 1790/1790 1788/1788 1789/1789
f 5532/5532 5533/5533 5531/5531
f 5530/5530 5491/5491 5714/5714
f 5573/5573 5574/5574 5575/5575
f 5574/5574 5945/5945 5578/5578
f 5575/5575 5574/5574 5578/5578
f 5578/5578 5945/5945 5580/5580
f 3002/3002 3037/3037 3006/3006
f 7249/7249 7418/7418 7417/7417
f 4471/4471 4475/4475 4474/4474
f 4471/4471 4470/4470 4475/4475
f 4925/4925 4924/4924 4917/4917
f 4917/4917 4924/4924 4923/4923
f 4917/4917 4923/4923 4902/4902
f 4902/4902 4923/4923 4966/4966
f 4902/4902 4966/4966 4901/4901
f 4966/4966 4922/4922 4901/4901
f 4901/4901 4922/4922 4903/4903
f 4903/4903 4899/4899 4895/4895
f 4899/4899 4898/4898 4895/4895
f 4903/4903 4919/4919 4899/4899
f 4899/4899 4919/4919 4918/4918
f 4899/4899 4918/4918 4916/4916
f 4916/4916 4918/4918 4975/4975
f 4916/4916 4975/4975 4914/4914
f 4914/4914 4975/4975 4927/4927
f 4914/4914 4927/4927 4912/4912
f 4912/4912 4927/4927 4926/4926
f 4926/4926 4932/4932 4928/4928
f 4928/4928 4932/4932 4934/4934
f 1739/1739 1725/1725 1721/1721
f 4934/4934 4936/4936 4935/4935
f 7426/7426 7460/7460 7184/7184
f 7184/7184 7460/7460 7180/7180
f 7180/7180 7181/7181 7182/7182
f 8243/8243 8244/8244 8245/8245
f 5876/5876 5953/5953 5877/5877
f 6116/6116 6117/6117 6118/6118
f 6118/6118 6117/6117 6119/6119
f 1213/1213 1214/1214 1212/1212
f 7269/7269 7259/7259 7261/7261
f 7267/7267 7270/7270 7414/7414
f 8411/8411 8413/8413 8412/8412
f 8410/8410 8411/8411 8412/8412
f 8412/8412 8413/8413 8414/8414
f 7249/7249 7419/7419 7418/7418
f 4925/4925 5000/5000 4970/4970
f 4925/4925 4970/4970 4924/4924
f 4924/4924 4970/4970 4923/4923
f 4922/4922 4919/4919 4903/4903
f 4918/4918 4919/4919 4942/4942
f 4918/4918 4942/4942 4975/4975
f 4975/4975 4942/4942 4965/4965
f 4975/4975 4965/4965 4927/4927
f 4965/4965 4930/4930 4927/4927
f 4927/4927 4929/4929 4926/4926
f 4926/4926 4929/4929 4932/4932
f 1725/1725 1724/1724 1720/1720
f 1725/1725 1720/1720 1721/1721
f 7230/7230 7429/7429 7516/7516
f 8214/8214 8215/8215 8216/8216
f 1789/1789 1788/1788 1787/1787
f 5598/5598 5533/5533 5534/5534
f 5531/5531 5529/5529 5530/5530
f 5530/5530 5529/5529 5491/5491
f 5567/5567 5566/5566 5573/5573
f 5573/5573 5566/5566 5574/5574
f 1197/1197 1198/1198 1196/1196
f 1198/1198 1201/1201 1196/1196
f 1196/1196 1201/1201 1199/1199
f 7259/7259 7268/7268 7267/7267
f 4464/4464 4471/4471 4469/4469
f 4970/4970 4956/4956 4923/4923
f 4923/4923 4956/4956 4966/4966
f 4966/4966 4956/4956 4955/4955
f 4966/4966 4955/4955 4922/4922
f 4922/4922 4941/4941 4919/4919
f 4919/4919 4941/4941 4942/4942
f 4942/4942 4940/4940 4965/4965
f 4927/4927 4930/4930 4929/4929
f 7460/7460 7461/7461 7180/7180
f 7180/7180 7174/7174 7181/7181
f 7477/7477 7557/7557 7775/7775
f 7775/7775 7557/7557 7974/7974
f 5567/5567 5491/5491 5566/5566
f 3039/3039 3030/3030 3006/3006
f 4464/4464 4466/4466 4470/4470
f 4466/4466 4472/4472 4470/4470
f 5000/5000 4969/4969 4970/4970
f 4969/4969 4956/4956 4970/4970
f 4955/4955 4937/4937 4922/4922
f 4922/4922 4937/4937 4941/4941
f 4942/4942 4941/4941 4940/4940
f 4940/4940 4943/4943 4965/4965
f 4965/4965 4943/4943 4930/4930
f 1740/1740 1734/1734 1724/1724
f 1724/1724 1734/1734 1726/1726
f 1726/1726 1716/1716 1724/1724
f 1724/1724 1716/1716 1718/1718
f 1724/1724 1718/1718 1720/1720
f 1720/1720 1718/1718 1714/1714
f 1720/1720 1714/1714 1721/1721
f 7557/7557 7780/7780 7974/7974
f 7974/7974 7780/7780 7782/7782
f 2745/2745 2744/2744 2743/2743
f 7263/7263 7264/7264 7261/7261
f 7269/7269 7268/7268 7259/7259
f 8413/8413 8415/8415 8414/8414
f 4464/4464 4461/4461 4466/4466
f 4466/4466 4467/4467 4472/4472
f 4969/4969 4968/4968 4954/4954
f 4969/4969 4954/4954 4956/4956
f 4956/4956 4954/4954 4955/4955
f 4955/4955 4952/4952 4937/4937
f 4941/4941 4937/4937 4940/4940
f 4943/4943 4964/4964 4930/4930
f 4930/4930 4964/4964 4974/4974
f 1734/1734 1728/1728 1726/1726
f 1716/1716 1713/1713 1718/1718
f 1718/1718 1713/1713 1714/1714
f 7429/7429 7870/7870 7516/7516
f 7516/7516 7436/7436 7167/7167
f 7434/7434 7439/7439 7456/7456
f 5709/5709 5702/5702 5710/5710
f 5678/5678 5679/5679 5680/5680
f 5678/5678 5680/5680 5713/5713
f 1212/1212 1214/1214 1215/1215
f 4937/4937 4939/4939 4940/4940
f 4940/4940 4939/4939 4943/4943
f 4964/4964 4973/4973 4974/4974
f 4974/4974 4973/4973 4986/4986
f 7436/7436 7165/7165 7167/7167
f 8214/8214 8217/8217 8215/8215
f 1788/1788 1782/1782 1787/1787
f 5674/5674 5679/5679 5678/5678
f 5953/5953 5755/5755 5852/5852
f 5852/5852 5986/5986 5598/5598
f 5598/5598 5986/5986 5533/5533
f 5669/5669 5672/5672 5671/5671
f 5671/5671 5672/5672 5674/5674
f 5491/5491 5489/5489 5566/5566
f 5566/5566 5489/5489 5595/5595
f 5566/5566 5595/5595 5574/5574
f 5574/5574 5595/5595 5945/5945
f 1201/1201 1203/1203 1213/1213
f 1214/1214 1217/1217 1215/1215
f 7261/7261 7264/7264 7269/7269
f 4968/4968 4953/4953 4954/4954
f 4952/4952 4938/4938 4937/4937
f 4937/4937 4938/4938 4939/4939
f 4939/4939 4944/4944 4943/4943
f 4943/4943 4946/4946 4964/4964
f 4946/4946 4973/4973 4964/4964
f 1728/1728 1717/1717 1726/1726
f 1726/1726 1717/1717 1716/1716
f 1717/1717 1711/1711 1716/1716
f 1716/1716 1711/1711 1713/1713
f 7181/7181 7174/7174 7429/7429
f 7429/7429 7174/7174 7173/7173
f 7429/7429 7173/7173 7870/7870
f 7870/7870 7436/7436 7516/7516
f 5585/5585 5737/5737 5669/5669
f 5986/5986 5985/5985 5533/5533
f 5529/5529 5490/5490 5491/5491
f 5491/5491 5490/5490 5489/5489
f 7270/7270 7272/7272 7415/7415
f 7272/7272 7275/7275 7415/7415
f 4448/4448 4453/4453 4463/4463
f 7415/7415 7275/7275 7440/7440
f 4454/4454 4457/4457 4461/4461
f 4954/4954 4951/4951 4955/4955
f 4955/4955 4951/4951 4952/4952
f 4939/4939 4938/4938 4944/4944
f 4944/4944 4946/4946 4943/4943
f 1713/1713 1706/1706 1714/1714
f 1714/1714 1706/1706 1712/1712
f 7461/7461 7462/7462 7180/7180
f 7167/7167 7165/7165 7166/7166
f 3030/3030 3029/3029 3007/3007
f 3030/3030 3007/3007 3006/3006
f 2873/2873 2863/2863 2872/2872
f 2769/2769 2768/2768 2763/2763
f 1114/1114 1321/1321 1200/1200
f 1114/1114 1200/1200 1197/1197
f 1197/1197 1200/1200 1198/1198
f 4968/4968 4988/4988 4971/4971
f 4971/4971 4957/4957 4953/4953
f 4968/4968 4971/4971 4953/4953
f 4954/4954 4953/4953 4951/4951
f 4951/4951 4938/4938 4952/4952
f 4973/4973 4979/4979 4992/4992
f 4973/4973 4992/4992 4986/4986
f 1728/1728 1727/1727 1717/1717
f 1717/1717 1727/1727 1719/1719
f 1717/1717 1719/1719 1711/1711
f 1711/1711 1706/1706 1713/1713
f 5755/5755 5753/5753 5852/5852
f 5852/5852 5753/5753 5986/5986
f 5669/5669 5737/5737 5672/5672
f 5533/5533 5985/5985 5937/5937
f 5533/5533 5937/5937 5531/5531
f 5531/5531 5937/5937 5529/5529
f 6117/6117 6120/6120 6119/6119
f 1198/1198 1203/1203 1201/1201
f 7264/7264 7478/7478 7269/7269
f 7269/7269 7478/7478 7805/7805
f 7268/7268 7270/7270 7267/7267
f 4953/4953 4950/4950 4951/4951
f 4938/4938 4945/4945 4944/4944
f 4944/4944 4947/4947 4946/4946
f 1712/1712 1708/1708 1715/1715
f 7180/7180 7179/7179 7174/7174
f 7439/7439 7160/7160 7456/7456
f 7780/7780 7781/7781 7782/7782
f 5674/5674 5716/5716 5679/5679
f 5672/5672 5716/5716 5674/5674
f 5489/5489 5442/5442 5595/5595
f 2745/2745 2746/2746 2744/2744
f 7269/7269 7805/7805 7268/7268
f 4456/4456 4458/4458 4457/4457
f 4454/4454 4456/4456 4457/4457
f 4458/4458 4459/4459 4460/4460
f 4457/4457 4458/4458 4460/4460
f 4953/4953 4957/4957 4950/4950
f 4950/4950 4945/4945 4951/4951
f 4951/4951 4945/4945 4938/4938
f 4944/4944 4945/4945 4947/4947
f 4947/4947 4967/4967 4946/4946
f 4946/4946 4967/4967 4973/4973
f 4973/4973 4967/4967 4979/4979
f 1706/1706 1708/1708 1712/1712
f 7179/7179 7175/7175 7174/7174
f 5595/5595 5440/5440 5945/5945
f 5945/5945 5440/5440 5447/5447
f 1214/1214 1216/1216 1217/1217
f 7268/7268 7271/7271 7270/7270
f 4448/4448 4455/4455 4453/4453
f 4945/4945 4948/4948 4947/4947
f 4967/4967 4985/4985 4979/4979
f 4979/4979 4985/4985 4992/4992
f 1727/1727 1729/1729 1722/1722
f 1727/1727 1722/1722 1719/1719
f 1722/1722 1707/1707 1719/1719
f 1719/1719 1707/1707 1711/1711
f 1711/1711 1707/1707 1706/1706
f 1706/1706 1707/1707 1708/1708
f 351/351 341/341 342/342
f 5490/5490 5443/5443 5489/5489
f 5489/5489 5443/5443 5442/5442
f 2746/2746 2742/2742 2744/2744
f 1213/1213 1218/1218 1214/1214
f 7270/7270 7271/7271 7272/7272
f 4455/4455 4429/4429 4456/4456
f 4431/4431 4434/4434 4459/4459
f 4458/4458 4431/4431 4459/4459
f 4988/4988 4991/4991 4971/4971
f 4957/4957 4958/4958 4950/4950
f 4958/4958 4949/4949 4950/4950
f 4960/4960 4977/4977 4967/4967
f 4947/4947 4960/4960 4967/4967
f 4967/4967 4977/4977 4985/4985
f 1722/1722 1709/1709 1707/1707
f 1709/1709 1710/1710 1708/1708
f 1707/1707 1709/1709 1708/1708
f 7179/7179 7178/7178 7175/7175
f 7870/7870 7168/7168 7436/7436
f 7166/7166 7162/7162 7439/7439
f 7557/7557 7779/7779 7780/7780
f 7780/7780 7779/7779 7781/7781
f 1782/1782 1786/1786 1787/1787
f 5937/5937 5490/5490 5529/5529
f 1198/1198 1202/1202 1204/1204
f 1198/1198 1204/1204 1203/1203
f 1203/1203 1204/1204 1205/1205
f 1203/1203 1205/1205 1213/1213
f 1213/1213 1205/1205 1218/1218
f 1214/1214 1218/1218 1216/1216
f 7272/7272 7271/7271 7273/7273
f 7272/7272 7274/7274 7275/7275
f 4448/4448 4447/4447 4430/4430
f 4448/4448 4430/4430 4455/4455
f 4991/4991 4972/4972 4971/4971
f 4971/4971 4972/4972 4957/4957
f 4957/4957 4972/4972 4958/4958
f 4950/4950 4949/4949 4945/4945
f 4945/4945 4949/4949 4948/4948
f 4948/4948 4960/4960 4947/4947
f 7165/7165 7162/7162 7166/7166
f 7162/7162 7160/7160 7439/7439
f 5679/5679 5681/5681 5680/5680
f 5753/5753 5757/5757 5986/5986
f 5985/5985 5561/5561 5937/5937
f 5561/5561 5493/5493 5490/5490
f 5937/5937 5561/5561 5490/5490
f 5493/5493 5492/5492 5490/5490
f 5490/5490 5492/5492 5443/5443
f 5443/5443 5441/5441 5442/5442
f 1200/1200 1202/1202 1198/1198
f 7264/7264 7797/7797 7478/7478
f 7805/7805 7395/7395 7268/7268
f 7268/7268 7395/7395 7271/7271
f 4991/4991 4997/4997 4972/4972
f 4948/4948 4962/4962 4960/4960
f 4977/4977 4987/4987 4985/4985
f 1733/1733 1731/1731 1729/1729
f 1729/1729 1731/1731 1722/1722
f 1731/1731 1730/1730 1722/1722
f 1722/1722 1730/1730 1709/1709
f 1709/1709 1730/1730 1723/1723
f 1709/1709 1723/1723 1710/1710
f 7178/7178 7177/7177 7175/7175
f 7174/7174 7175/7175 7172/7172
f 7173/7173 7170/7170 7870/7870
f 7456/7456 7157/7157 7477/7477
f 1782/1782 1781/1781 1779/1779
f 1782/1782 1779/1779 1786/1786
f 5757/5757 5849/5849 5986/5986
f 6020/6020 6016/6016 6019/6019
f 5492/5492 5658/5658 5443/5443
f 5447/5447 5446/5446 5737/5737
f 1218/1218 1219/1219 1216/1216
f 7273/7273 7274/7274 7272/7272
f 4431/4431 4432/4432 4434/4434
f 4997/4997 4976/4976 4972/4972
f 4972/4972 4976/4976 4958/4958
f 4958/4958 4976/4976 4963/4963
f 4958/4958 4963/4963 4949/4949
f 4949/4949 4959/4959 4948/4948
f 4962/4962 4980/4980 4960/4960
f 4960/4960 4980/4980 4977/4977
f 4977/4977 4980/4980 4987/4987
f 1733/1733 1732/1732 1731/1731
f 1731/1731 1732/1732 1730/1730
f 1732/1732 1735/1735 1730/1730
f 7174/7174 7172/7172 7173/7173
f 7170/7170 7168/7168 7870/7870
f 7436/7436 7168/7168 7165/7165
f 281/281 160/160 194/194
f 7160/7160 7159/7159 7456/7456
f 7477/7477 7495/7495 7557/7557
f 5700/5700 5890/5890 5702/5702
f 7557/7557 7495/7495 7779/7779
f 7781/7781 7779/7779 7783/7783
f 6016/6016 6018/6018 6019/6019
f 5561/5561 5494/5494 5493/5493
f 2863/2863 2795/2795 2869/2869
f 4447/4447 4424/4424 4430/4430
f 4428/4428 4424/4424 4426/4426
f 4435/4435 4433/4433 4446/4446
f 4446/4446 4433/4433 4445/4445
f 4949/4949 4963/4963 4959/4959
f 4959/4959 4961/4961 4948/4948
f 4948/4948 4961/4961 4962/4962
f 7456/7456 7159/7159 7157/7157
f 7477/7477 7157/7157 7495/7495
f 5699/5699 5681/5681 5716/5716
f 1779/1779 1784/1784 1786/1786
f 6155/6155 6151/6151 6153/6153
f 6155/6155 6153/6153 6156/6156
f 6156/6156 6153/6153 6157/6157
f 5561/5561 5949/5949 5494/5494
f 2864/2864 2861/2861 2863/2863
f 7274/7274 7276/7276 7277/7277
f 4432/4432 4427/4427 4433/4433
f 4976/4976 4984/4984 4983/4983
f 4976/4976 4983/4983 4963/4963
f 4961/4961 4982/4982 4962/4962
f 4962/4962 4982/4982 4980/4980
f 4980/4980 4982/4982 4993/4993
f 4980/4980 4993/4993 4987/4987
f 4987/4987 4993/4993 5001/5001
f 1737/1737 1738/1738 1732/1732
f 1732/1732 1738/1738 1735/1735
f 1558/1558 1552/1552 1557/1557
f 1736/1736 1741/1741 1723/1723
f 7176/7176 7172/7172 7175/7175
f 7177/7177 7176/7176 7175/7175
f 7172/7172 7170/7170 7173/7173
f 5755/5755 5754/5754 5753/5753
f 5753/5753 5752/5752 5747/5747
f 5753/5753 5747/5747 5757/5757
f 5757/5757 5747/5747 5849/5849
f 5273/5273 5274/5274 5275/5275
f 5275/5275 5274/5274 5281/5281
f 1219/1219 1223/1223 1216/1216
f 7276/7276 7406/7406 7277/7277
f 4427/4427 4437/4437 4433/4433
f 4433/4433 4440/4440 4445/4445
f 4984/4984 4999/4999 4983/4983
f 4963/4963 4983/4983 4978/4978
f 4963/4963 4978/4978 4959/4959
f 4959/4959 4978/4978 4981/4981
f 4959/4959 4981/4981 4961/4961
f 4961/4961 4981/4981 4982/4982
f 4982/4982 4981/4981 4995/4995
f 4982/4982 4995/4995 4993/4993
f 1549/1549 1550/1550 1554/1554
f 1554/1554 1550/1550 1552/1552
f 1550/1550 1548/1548 1552/1552
f 1552/1552 1548/1548 1555/1555
f 1552/1552 1555/1555 1557/1557
f 1555/1555 1556/1556 1557/1557
f 5440/5440 5444/5444 5447/5447
f 2746/2746 2747/2747 2742/2742
f 1202/1202 1200/1200 1204/1204
f 1204/1204 1221/1221 1205/1205
f 1205/1205 1221/1221 1218/1218
f 1218/1218 1221/1221 1219/1219
f 7274/7274 7273/7273 7276/7276
f 7406/7406 7396/7396 7467/7467
f 4999/4999 4996/4996 4983/4983
f 4983/4983 4996/4996 4990/4990
f 4983/4983 4990/4990 4978/4978
f 4990/4990 4994/4994 4981/4981
f 4978/4978 4990/4990 4981/4981
f 4981/4981 4994/4994 4995/4995
f 1545/1545 1541/1541 1546/1546
f 1545/1545 1546/1546 1549/1549
f 1555/1555 1551/1551 1556/1556
f 7170/7170 7169/7169 7168/7168
f 7168/7168 7164/7164 7165/7165
f 5754/5754 5752/5752 5753/5753
f 6018/6018 6017/6017 6021/6021
f 6126/6126 6127/6127 6128/6128
f 5949/5949 5611/5611 5613/5613
f 2747/2747 2770/2770 2742/2742
f 1321/1321 1285/1285 1200/1200
f 7478/7478 7304/7304 7805/7805
f 7276/7276 7396/7396 7406/7406
f 7467/7467 7396/7396 7420/7420
f 4437/4437 4438/4438 4440/4440
f 4440/4440 4438/4438 4441/4441
f 4990/4990 4996/4996 4998/4998
f 4990/4990 4998/4998 4994/4994
f 1539/1539 1541/1541 1545/1545
f 7165/7165 7164/7164 7162/7162
f 7157/7157 7158/7158 7495/7495
f 5681/5681 5682/5682 5680/5680
f 6016/6016 6017/6017 6018/6018
f 5447/5447 5444/5444 5446/5446
f 5611/5611 5610/5610 5613/5613
f 5658/5658 5454/5454 5443/5443
f 5443/5443 5454/5454 5441/5441
f 3029/3029 3022/3022 3007/3007
f 2795/2795 2764/2764 2783/2783
f 7797/7797 7388/7388 7478/7478
f 7273/7273 7396/7396 7276/7276
f 1537/1537 1527/1527 1533/1533
f 1541/1541 1533/1533 1540/1540
f 7432/7432 7435/7435 7427/7427
f 7432/7432 7427/7427 7428/7428
f 7162/7162 7161/7161 7160/7160
f 7160/7160 7161/7161 7156/7156
f 7160/7160 7156/7156 7159/7159
f 420/420 572/572 448/448
f 5890/5890 5736/5736 5891/5891
f 7779/7779 7150/7150 7783/7783
f 5682/5682 5683/5683 5680/5680
f 1781/1781 1780/1780 1779/1779
f 5699/5699 5682/5682 5681/5681
f 6151/6151 6152/6152 6153/6153
f 6153/6153 6152/6152 6154/6154
f 5274/5274 5278/5278 5281/5281
f 5610/5610 5608/5608 5613/5613
f 5658/5658 5727/5727 5454/5454
f 2795/2795 2792/2792 2764/2764
f 1285/1285 1284/1284 1200/1200
f 1200/1200 1279/1279 1204/1204
f 1204/1204 1279/1279 1221/1221
f 1223/1223 1229/1229 1216/1216
f 7396/7396 7403/7403 7420/7420
f 7420/7420 7403/7403 7421/7421
f 4442/4442 4450/4450 4444/4444
f 1553/1553 1531/1531 1532/1532
f 1529/1529 1531/1531 1535/1535
f 7428/7428 7427/7427 7176/7176
f 7176/7176 7427/7427 7172/7172
f 7159/7159 7156/7156 7157/7157
f 5699/5699 5768/5768 5682/5682
f 5747/5747 5731/5731 5849/5849
f 5444/5444 5445/5445 5446/5446
f 5446/5446 5445/5445 5712/5712
f 3022/3022 3010/3010 3007/3007
f 2746/2746 2748/2748 2747/2747
f 7388/7388 7304/7304 7478/7478
f 7304/7304 7302/7302 7805/7805
f 7805/7805 7302/7302 7395/7395
f 7396/7396 7273/7273 7403/7403
f 7403/7403 7452/7452 7795/7795
f 7452/7452 7466/7466 7795/7795
f 7795/7795 7466/7466 7800/7800
f 7800/7800 7466/7466 7464/7464
f 7435/7435 7464/7464 7427/7427
f 1779/1779 1776/1776 1784/1784
f 5273/5273 5277/5277 5276/5276
f 5273/5273 5276/5276 5274/5274
f 5274/5274 5276/5276 5278/5278
f 7395/7395 7279/7279 7271/7271
f 7271/7271 7279/7279 7273/7273
f 7403/7403 7273/7273 7452/7452
f 7464/7464 7430/7430 7427/7427
f 7427/7427 7430/7430 7172/7172
f 7171/7171 7169/7169 7170/7170
f 7495/7495 7150/7150 7779/7779
f 5849/5849 5731/5731 5611/5611
f 5454/5454 5438/5438 5441/5441
f 5441/5441 5438/5438 5440/5440
f 1279/1279 1222/1222 1221/1221
f 1221/1221 1222/1222 1219/1219
f 7279/7279 7298/7298 7273/7273
f 7464/7464 7466/7466 7430/7430
f 7430/7430 7171/7171 7172/7172
f 7172/7172 7171/7171 7170/7170
f 7168/7168 7169/7169 7164/7164
f 349/349 311/311 282/282
f 1776/1776 1798/1798 1784/1784
f 5756/5756 5751/5751 5752/5752
f 5754/5754 5756/5756 5752/5752
f 5752/5752 5751/5751 5747/5747
f 2748/2748 2749/2749 2747/2747
f 1284/1284 1280/1280 1200/1200
f 1200/1200 1280/1280 1279/1279
f 1219/1219 1222/1222 1223/1223
f 7298/7298 7394/7394 7273/7273
f 7273/7273 7394/7394 7452/7452
f 7452/7452 7442/7442 7466/7466
f 8404/8404 8405/8405 8406/8406
f 572/572 518/518 448/448
f 7157/7157 7155/7155 7158/7158
f 7158/7158 7147/7147 7495/7495
f 7495/7495 7147/7147 7150/7150
f 5768/5768 5698/5698 5682/5682
f 5747/5747 5746/5746 5731/5731
f 7169/7169 7437/7437 7164/7164
f 7157/7157 7156/7156 7155/7155
f 5751/5751 5748/5748 5747/5747
f 5747/5747 5748/5748 5746/5746
f 5972/5972 5609/5609 5971/5971
f 5731/5731 5612/5612 5611/5611
f 5611/5611 5612/5612 5607/5607
f 5611/5611 5607/5607 5610/5610
f 5610/5610 5607/5607 5608/5608
f 5438/5438 5437/5437 5440/5440
f 3022/3022 3019/3019 3010/3010
f 1286/1286 1283/1283 1285/1285
f 1285/1285 1283/1283 1284/1284
f 1284/1284 1283/1283 1280/1280
f 7394/7394 7442/7442 7452/7452
f 8405/8405 8407/8407 8406/8406
f 160/160 279/279 158/158
f 7164/7164 7437/7437 7163/7163
f 7164/7164 7163/7163 7162/7162
f 7162/7162 7163/7163 7161/7161
f 7158/7158 7155/7155 7147/7147
f 1780/1780 1766/1766 1779/1779
f 1779/1779 1766/1766 1776/1776
f 6152/6152 6158/6158 6154/6154
f 5609/5609 5970/5970 5971/5971
f 5276/5276 5279/5279 5278/5278
f 3022/3022 3023/3023 3019/3019
f 7388/7388 7305/7305 7304/7304
f 7169/7169 7431/7431 7437/7437
f 7161/7161 7438/7438 7156/7156
f 5697/5697 5696/5696 5736/5736
f 7147/7147 7149/7149 7150/7150
f 5682/5682 5684/5684 5683/5683
f 7150/7150 7149/7149 7148/7148
f 5682/5682 5698/5698 5684/5684
f 5279/5279 5280/5280 5278/5278
f 5444/5444 5437/5437 5445/5445
f 5607/5607 5605/5605 5608/5608
f 6124/6124 6121/6121 6123/6123
f 7430/7430 7474/7474 7171/7171
f 7171/7171 7474/7474 7431/7431
f 7171/7171 7431/7431 7169/7169
f 7438/7438 7475/7475 7156/7156
f 1766/1766 1775/1775 1776/1776
f 1776/1776 1775/1775 1798/1798
f 5609/5609 5969/5969 5970/5970
f 6121/6121 6122/6122 6123/6123
f 5454/5454 5439/5439 5438/5438
f 1222/1222 1224/1224 1223/1223
f 7395/7395 7302/7302 7279/7279
f 7300/7300 7441/7441 7394/7394
f 7298/7298 7300/7300 7394/7394
f 7394/7394 7441/7441 7442/7442
f 7442/7442 7443/7443 7444/7444
f 8407/8407 8408/8408 8406/8406
f 7299/7299 7298/7298 7279/7279
f 7441/7441 7443/7443 7442/7442
f 8406/8406 8408/8408 8409/8409
f 8374/8374 8372/8372 8371/8371
f 7156/7156 7154/7154 7155/7155
f 7155/7155 7154/7154 7147/7147
f 2764/2764 2767/2767 2762/2762
f 1283/1283 1282/1282 1280/1280
f 1224/1224 1229/1229 1223/1223
f 7445/7445 7443/7443 7441/7441
f 7444/7444 7443/7443 7446/7446
f 7446/7446 7447/7447 7444/7444
f 8374/8374 8375/8375 8372/8372
f 7156/7156 7475/7475 7154/7154
f 1279/1279 1281/1281 1222/1222
f 7302/7302 7301/7301 7279/7279
f 7279/7279 7301/7301 7299/7299
f 7299/7299 7300/7300 7298/7298
f 8416/8416 8417/8417 8418/8418
f 8418/8418 8417/8417 8419/8419
f 7446/7446 7448/7448 7447/7447
f 7447/7447 7448/7448 7450/7450
f 7474/7474 7863/7863 7431/7431
f 8383/8383 8385/8385 8386/8386
f 7149/7149 7147/7147 7148/7148
f 5969/5969 5614/5614 5970/5970
f 5612/5612 5604/5604 5607/5607
f 5607/5607 5604/5604 5605/5605
f 5279/5279 5282/5282 5280/5280
f 2748/2748 2751/2751 2749/2749
f 1224/1224 1227/1227 1229/1229
f 1227/1227 1230/1230 1229/1229
f 7445/7445 7473/7473 7443/7443
f 7443/7443 7449/7449 7446/7446
f 7449/7449 7448/7448 7446/7446
f 7447/7447 7450/7450 7451/7451
f 7447/7447 7451/7451 7474/7474
f 7451/7451 7788/7788 7474/7474
f 7474/7474 7788/7788 7863/7863
f 7431/7431 7863/7863 7919/7919
f 8375/8375 8376/8376 8372/8372
f 7163/7163 7559/7559 7161/7161
f 8383/8383 8384/8384 8385/8385
f 663/663 655/655 518/518
f 6152/6152 6159/6159 6158/6158
f 5437/5437 5448/5448 5445/5445
f 5445/5445 5448/5448 5712/5712
f 2751/2751 2752/2752 2749/2749
f 1282/1282 1281/1281 1280/1280
f 1280/1280 1281/1281 1279/1279
f 7305/7305 7303/7303 7304/7304
f 7304/7304 7303/7303 7302/7302
f 7302/7302 7303/7303 7301/7301
f 8416/8416 8424/8424 8417/8417
f 8417/8417 8420/8420 8419/8419
f 7443/7443 7473/7473 7449/7449
f 8371/8371 8372/8372 8373/8373
f 349/349 338/338 311/311
f 1766/1766 1757/1757 1775/1775
f 5969/5969 5606/5606 5614/5614
f 2751/2751 2762/2762 2767/2767
f 7301/7301 7811/7811 7299/7299
f 7299/7299 7811/7811 7300/7300
f 8417/8417 8421/8421 8420/8420
f 8420/8420 8421/8421 8422/8422
f 8420/8420 8422/8422 8423/8423
f 7473/7473 8018/8018 7916/7916
f 7473/7473 7916/7916 7449/7449
f 7449/7449 7457/7457 7448/7448
f 5685/5685 5686/5686 5696/5696
f 5698/5698 5688/5688 5684/5684
f 5894/5894 5893/5893 5756/5756
f 5756/5756 5893/5893 5751/5751
f 5282/5282 5283/5283 5280/5280
f 6121/6121 6125/6125 6122/6122
f 1286/1286 1287/1287 1283/1283
f 1227/1227 1233/1233 1230/1230
f 7305/7305 7306/7306 7303/7303
f 7301/7301 7303/7303 7811/7811
f 7811/7811 7317/7317 7318/7318
f 7449/7449 7458/7458 7457/7457
f 7457/7457 7463/7463 7448/7448
f 3982/3982 3977/3977 3983/3983
f 3977/3977 3974/3974 3983/3983
f 3983/3983 3974/3974 3984/3984
f 3974/3974 3973/3973 3984/3984
f 7788/7788 7912/7912 7863/7863
f 7912/7912 7913/7913 7863/7863
f 5686/5686 5738/5738 5696/5696
f 7154/7154 6888/6888 7147/7147
f 5893/5893 5758/5758 5751/5751
f 5751/5751 5758/5758 5748/5748
f 5448/5448 5717/5717 5712/5712
f 5439/5439 5435/5435 5438/5438
f 5438/5438 5435/5435 5437/5437
f 1227/1227 1232/1232 1233/1233
f 7303/7303 7308/7308 7389/7389
f 7303/7303 7389/7389 7811/7811
f 7317/7317 7315/7315 7318/7318
f 7637/7637 7318/7318 7323/7323
f 7637/7637 7323/7323 7638/7638
f 3978/3978 3976/3976 3979/3979
f 3980/3980 3978/3978 3979/3979
f 3980/3980 3990/3990 3978/3978
f 3979/3979 3976/3976 3981/3981
f 3981/3981 3982/3982 3985/3985
f 3976/3976 3977/3977 3981/3981
f 3981/3981 3977/3977 3982/3982
f 3990/3990 3993/3993 3975/3975
f 3990/3990 3975/3975 3978/3978
f 3978/3978 3975/3975 3976/3976
f 3976/3976 3974/3974 3977/3977
f 3993/3993 3994/3994 3969/3969
f 3993/3993 3969/3969 3975/3975
f 3975/3975 3969/3969 3972/3972
f 3975/3975 3972/3972 3976/3976
f 3976/3976 3972/3972 3974/3974
f 3994/3994 3998/3998 3969/3969
f 3969/3969 3971/3971 3972/3972
f 3972/3972 3971/3971 3973/3973
f 3972/3972 3973/3973 3974/3974
f 3969/3969 3970/3970 3971/3971
f 3969/3969 3998/3998 3970/3970
f 3971/3971 3992/3992 3973/3973
f 3970/3970 3991/3991 3971/3971
f 3971/3971 3991/3991 3992/3992
f 3992/3992 3995/3995 3973/3973
f 3992/3992 3991/3991 3995/3995
f 4176/4176 4171/4171 4175/4175
f 8385/8385 8387/8387 8386/8386
f 7438/7438 7816/7816 7475/7475
f 6888/6888 7146/7146 7147/7147
f 7147/7147 7146/7146 7148/7148
f 1766/1766 1765/1765 1757/1757
f 5731/5731 5746/5746 5726/5726
f 5496/5496 5449/5449 5439/5439
f 5439/5439 5449/5449 5435/5435
f 5435/5435 5436/5436 5437/5437
f 3130/3130 3026/3026 3027/3027
f 1287/1287 1288/1288 1283/1283
f 1283/1283 1288/1288 1282/1282
f 1281/1281 1225/1225 1222/1222
f 7306/7306 7307/7307 7303/7303
f 7303/7303 7307/7307 7308/7308
f 7811/7811 7389/7389 7317/7317
f 7318/7318 7315/7315 7323/7323
f 7449/7449 7916/7916 7459/7459
f 7449/7449 7459/7459 7458/7458
f 3988/3988 4003/4003 4000/4000
f 3986/3986 3985/3985 3989/3989
f 4000/4000 3980/3980 3988/3988
f 3988/3988 3980/3980 3979/3979
f 3988/3988 3979/3979 3987/3987
f 3979/3979 3981/3981 3986/3986
f 3987/3987 3979/3979 3986/3986
f 3986/3986 3981/3981 3985/3985
f 4000/4000 3990/3990 3980/3980
f 4267/4267 4246/4246 4264/4264
f 4246/4246 4240/4240 4258/4258
f 4264/4264 4246/4246 4258/4258
f 4240/4240 4239/4239 4257/4257
f 4258/4258 4240/4240 4257/4257
f 4257/4257 4239/4239 4242/4242
f 4257/4257 4242/4242 4265/4265
f 3998/3998 3997/3997 3970/3970
f 4242/4242 4170/4170 4265/4265
f 4265/4265 4170/4170 4174/4174
f 3997/3997 3996/3996 3991/3991
f 3970/3970 3997/3997 3991/3991
f 3991/3991 3996/3996 3995/3995
f 3996/3996 3999/3999 3995/3995
f 7475/7475 6745/6745 7154/7154
f 7154/7154 6745/6745 6888/6888
f 5758/5758 5749/5749 5748/5748
f 5748/5748 5749/5749 5746/5746
f 5726/5726 5612/5612 5731/5731
f 5604/5604 5600/5600 5605/5605
f 1224/1224 1225/1225 1226/1226
f 1224/1224 1226/1226 1227/1227
f 1227/1227 1226/1226 1232/1232
f 1232/1232 1302/1302 1233/1233
f 1233/1233 1302/1302 1303/1303
f 7306/7306 7310/7310 7307/7307
f 7309/7309 7311/7311 7308/7308
f 7308/7308 7311/7311 7389/7389
f 7389/7389 7314/7314 7317/7317
f 7317/7317 7314/7314 7315/7315
f 7315/7315 7316/7316 7319/7319
f 7315/7315 7319/7319 7323/7323
f 7323/7323 7821/7821 7638/7638
f 7638/7638 7821/7821 8018/8018
f 8018/8018 7821/7821 7373/7373
f 8018/8018 7373/7373 7916/7916
f 7373/7373 7376/7376 7916/7916
f 8429/8429 8430/8430 8431/8431
f 4003/4003 3987/3987 4002/4002
f 4004/4004 4003/4003 4002/4002
f 4004/4004 4005/4005 4003/4003
f 4002/4002 3987/3987 4001/4001
f 4267/4267 4261/4261 4246/4246
f 4242/4242 4245/4245 4170/4170
f 4170/4170 4168/4168 4174/4174
f 4174/4174 4168/4168 4173/4173
f 4168/4168 4167/4167 4173/4173
f 4167/4167 4163/4163 4171/4171
f 4173/4173 4167/4167 4171/4171
f 4171/4171 4164/4164 4172/4172
f 4171/4171 4172/4172 4175/4175
f 6888/6888 7145/7145 7146/7146
f 7307/7307 7310/7310 7391/7391
f 7307/7307 7391/7391 7309/7309
f 7307/7307 7309/7309 7308/7308
f 7311/7311 7314/7314 7389/7389
f 7323/7323 7319/7319 7821/7821
f 7373/7373 7368/7368 7376/7376
f 4261/4261 4241/4241 4246/4246
f 4246/4246 4241/4241 4240/4240
f 4239/4239 4236/4236 4242/4242
f 4170/4170 4166/4166 4168/4168
f 4168/4168 4166/4166 4161/4161
f 4168/4168 4161/4161 4167/4167
f 4167/4167 4161/4161 4163/4163
f 4163/4163 4164/4164 4171/4171
f 4175/4175 4172/4172 4177/4177
f 6735/6735 6734/6734 6732/6732
f 7559/7559 7126/7126 6706/6706
f 7816/7816 6745/6745 7475/7475
f 655/655 591/591 473/473
f 6172/6172 6167/6167 6171/6171
f 5746/5746 5749/5749 5726/5726
f 5614/5614 5600/5600 5496/5496
f 3130/3130 3131/3131 3026/3026
f 7627/7627 7625/7625 7626/7626
f 1226/1226 1301/1301 1232/1232
f 1232/1232 1301/1301 1302/1302
f 1302/1302 1330/1330 1303/1303
f 1330/1330 1332/1332 1303/1303
f 1303/1303 1332/1332 1333/1333
f 7309/7309 7312/7312 7311/7311
f 7319/7319 7386/7386 7821/7821
f 2027/2027 2008/2008 2039/2039
f 8430/8430 8432/8432 8431/8431
f 4241/4241 4234/4234 4240/4240
f 4234/4234 4233/4233 4239/4239
f 4240/4240 4234/4234 4239/4239
f 4239/4239 4233/4233 4236/4236
f 4242/4242 4236/4236 4245/4245
f 4245/4245 4165/4165 4170/4170
f 4170/4170 4165/4165 4166/4166
f 4166/4166 4165/4165 4161/4161
f 4161/4161 4160/4160 4163/4163
f 4163/4163 4160/4160 4162/4162
f 4163/4163 4162/4162 4164/4164
f 6732/6732 7126/7126 6735/6735
f 6735/6735 7126/7126 7559/7559
f 7145/7145 7485/7485 7146/7146
f 5684/5684 5688/5688 5687/5687
f 1765/1765 1764/1764 1757/1757
f 1757/1757 1774/1774 1775/1775
f 1775/1775 1774/1774 1803/1803
f 5612/5612 5603/5603 5604/5604
f 5604/5604 5603/5603 5600/5600
f 5600/5600 5568/5568 5496/5496
f 5496/5496 5568/5568 5449/5449
f 2751/2751 2753/2753 2752/2752
f 1301/1301 1331/1331 1302/1302
f 1302/1302 1331/1331 1330/1330
f 4357/4357 4350/4350 4356/4356
f 4350/4350 4349/4349 4356/4356
f 7391/7391 7312/7312 7309/7309
f 7311/7311 7312/7312 7313/7313
f 7311/7311 7313/7313 7314/7314
f 7314/7314 7313/7313 7315/7315
f 7313/7313 7316/7316 7315/7315
f 7316/7316 7325/7325 7386/7386
f 7316/7316 7386/7386 7319/7319
f 8433/8433 8434/8434 8435/8435
f 7821/7821 7372/7372 7373/7373
f 7372/7372 7368/7368 7373/7373
f 7368/7368 7369/7369 7376/7376
f 7376/7376 7369/7369 7962/7962
f 2027/2027 2005/2005 2008/2008
f 4262/4262 4249/4249 4261/4261
f 4261/4261 4249/4249 4241/4241
f 4241/4241 4232/4232 4234/4234
f 4233/4233 4235/4235 4236/4236
f 4245/4245 4236/4236 4244/4244
f 4245/4245 4244/4244 4165/4165
f 4165/4165 4158/4158 4161/4161
f 4161/4161 4158/4158 4160/4160
f 1757/1757 1755/1755 1774/1774
f 5448/5448 5739/5739 5717/5717
f 3131/3131 3144/3144 3026/3026
f 1282/1282 1225/1225 1281/1281
f 1225/1225 1228/1228 1226/1226
f 7627/7627 7628/7628 7625/7625
f 7625/7625 7617/7617 7626/7626
f 7626/7626 7617/7617 7631/7631
f 7631/7631 7582/7582 7611/7611
f 4350/4350 4348/4348 4349/4349
f 4348/4348 4346/4346 4349/4349
f 1334/1334 1335/1335 1333/1333
f 7391/7391 7823/7823 7312/7312
f 7325/7325 7998/7998 7386/7386
f 8433/8433 8437/8437 8436/8436
f 8433/8433 8436/8436 8434/8434
f 7372/7372 7390/7390 7366/7366
f 7372/7372 7366/7366 7368/7368
f 7366/7366 7367/7367 7368/7368
f 7368/7368 7367/7367 7369/7369
f 7369/7369 7367/7367 7374/7374
f 7369/7369 7374/7374 7962/7962
f 2027/2027 2007/2007 2005/2005
f 2002/2002 2003/2003 2004/2004
f 4262/4262 4266/4266 4249/4249
f 4235/4235 4244/4244 4236/4236
f 4244/4244 4169/4169 4165/4165
f 4165/4165 4159/4159 4158/4158
f 4158/4158 4157/4157 4160/4160
f 4160/4160 4157/4157 4156/4156
f 4160/4160 4156/4156 4162/4162
f 6736/6736 6733/6733 6734/6734
f 6734/6734 6733/6733 6732/6732
f 5739/5739 5769/5769 5717/5717
f 6164/6164 6166/6166 6167/6167
f 5603/5603 5601/5601 5600/5600
f 5600/5600 5601/5601 5568/5568
f 7628/7628 7624/7624 7625/7625
f 7617/7617 7582/7582 7631/7631
f 7611/7611 7582/7582 7575/7575
f 4348/4348 4358/4358 4347/4347
f 4348/4348 4347/4347 4346/4346
f 4347/4347 4344/4344 4346/4346
f 1333/1333 1335/1335 1336/1336
f 1333/1333 1336/1336 1337/1337
f 7313/7313 7320/7320 7316/7316
f 7316/7316 7320/7320 7324/7324
f 7324/7324 7326/7326 7325/7325
f 7316/7316 7324/7324 7325/7325
f 7325/7325 7326/7326 7918/7918
f 7325/7325 7918/7918 7998/7998
f 7918/7918 7336/7336 7335/7335
f 7918/7918 7335/7335 7362/7362
f 7362/7362 7335/7335 7361/7361
f 7390/7390 7363/7363 7366/7366
f 7366/7366 7363/7363 7365/7365
f 7366/7366 7365/7365 7367/7367
f 7365/7365 7371/7371 7367/7367
f 7367/7367 7371/7371 7400/7400
f 7367/7367 7400/7400 7374/7374
f 2002/2002 2010/2010 2025/2025
f 4249/4249 4238/4238 4241/4241
f 4241/4241 4238/4238 4232/4232
f 4232/4232 4229/4229 4234/4234
f 4234/4234 4229/4229 4233/4233
f 4165/4165 4169/4169 4159/4159
f 4169/4169 4154/4154 4159/4159
f 4159/4159 4154/4154 4151/4151
f 4159/4159 4151/4151 4158/4158
f 4158/4158 4151/4151 4157/4157
f 7126/7126 6704/6704 6706/6706
f 6744/6744 6888/6888 6745/6745
f 5686/5686 5694/5694 5738/5738
f 5688/5688 5695/5695 5687/5687
f 1764/1764 1756/1756 1757/1757
f 1757/1757 1756/1756 1755/1755
f 5726/5726 5603/5603 5612/5612
f 5568/5568 5760/5760 5449/5449
f 5449/5449 5760/5760 5435/5435
f 5435/5435 5434/5434 5436/5436
f 5436/5436 5434/5434 5448/5448
f 2753/2753 2754/2754 2752/2752
f 7624/7624 7617/7617 7625/7625
f 4344/4344 4337/4337 4345/4345
f 7312/7312 7823/7823 7313/7313
f 7313/7313 7321/7321 7320/7320
f 7324/7324 7327/7327 7326/7326
f 7327/7327 7329/7329 7328/7328
f 7326/7326 7327/7327 7328/7328
f 7328/7328 7331/7331 7995/7995
f 7995/7995 7331/7331 7336/7336
f 7336/7336 7331/7331 7333/7333
f 7336/7336 7333/7333 7335/7335
f 7335/7335 7333/7333 7334/7334
f 7335/7335 7334/7334 7361/7361
f 8453/8453 8451/8451 8450/8450
f 8453/8453 8450/8450 8457/8457
f 8450/8450 8452/8452 8454/8454
f 8454/8454 8452/8452 8455/8455
f 7371/7371 7941/7941 7400/7400
f 7400/7400 7961/7961 7374/7374
f 2007/2007 2012/2012 2011/2011
f 4266/4266 4238/4238 4249/4249
f 4229/4229 4227/4227 4233/4233
f 4233/4233 4231/4231 4235/4235
f 4244/4244 4251/4251 4169/4169
f 4151/4151 4149/4149 4157/4157
f 4157/4157 4149/4149 4156/4156
f 6706/6706 7153/7153 7816/7816
f 7153/7153 6746/6746 6745/6745
f 7816/7816 7153/7153 6745/6745
f 5728/5728 5695/5695 5688/5688
f 6013/6013 6011/6011 6010/6010
f 5601/5601 5602/5602 5568/5568
f 5568/5568 5602/5602 5760/5760
f 5448/5448 5434/5434 5739/5739
f 7582/7582 7570/7570 7575/7575
f 7575/7575 7570/7570 7573/7573
f 4344/4344 4353/4353 4335/4335
f 4344/4344 4335/4335 4337/4337
f 4345/4345 4351/4351 4359/4359
f 4359/4359 4351/4351 4360/4360
f 7382/7382 7322/7322 7823/7823
f 7823/7823 7322/7322 7313/7313
f 7313/7313 7322/7322 7321/7321
f 7321/7321 7983/7983 7320/7320
f 7983/7983 7327/7327 7324/7324
f 7320/7320 7983/7983 7324/7324
f 7327/7327 7387/7387 7329/7329
f 7329/7329 7387/7387 7370/7370
f 7329/7329 7370/7370 7330/7330
f 7329/7329 7330/7330 7328/7328
f 7330/7330 7332/7332 7331/7331
f 7328/7328 7330/7330 7331/7331
f 7332/7332 7334/7334 7333/7333
f 7331/7331 7332/7332 7333/7333
f 7342/7342 7360/7360 7961/7961
f 2012/2012 2014/2014 2011/2011
f 2010/2010 2016/2016 2025/2025
f 4266/4266 4263/4263 4238/4238
f 4225/4225 4229/4229 4232/4232
f 4233/4233 4227/4227 4231/4231
f 4231/4231 4243/4243 4235/4235
f 4235/4235 4243/4243 4244/4244
f 4244/4244 4243/4243 4251/4251
f 4169/4169 4251/4251 4154/4154
f 4149/4149 4150/4150 4156/4156
f 6745/6745 6743/6743 6744/6744
f 6888/6888 6744/6744 6742/6742
f 5695/5695 5690/5690 5687/5687
f 5893/5893 5950/5950 5758/5758
f 5758/5758 5950/5950 5749/5749
f 4335/4335 4336/4336 4337/4337
f 4360/4360 4351/4351 4340/4340
f 7322/7322 7377/7377 7321/7321
f 7321/7321 7402/7402 7983/7983
f 8500/8500 8498/8498 8497/8497
f 8497/8497 8498/8498 8499/8499
f 7387/7387 8010/8010 7950/7950
f 7387/7387 7950/7950 7370/7370
f 7950/7950 7332/7332 7330/7330
f 7370/7370 7950/7950 7330/7330
f 7332/7332 7337/7337 7334/7334
f 7337/7337 7338/7338 7334/7334
f 7334/7334 7338/7338 7342/7342
f 7342/7342 7338/7338 7360/7360
f 7338/7338 7340/7340 7360/7360
f 4263/4263 4237/4237 4238/4238
f 4237/4237 4225/4225 4232/4232
f 4238/4238 4237/4237 4232/4232
f 4154/4154 4148/4148 4151/4151
f 4151/4151 4148/4148 4149/4149
f 4150/4150 4147/4147 4156/4156
f 6733/6733 6730/6730 6732/6732
f 6745/6745 6746/6746 6743/6743
f 5726/5726 5932/5932 5603/5603
f 1288/1288 1290/1290 1282/1282
f 7617/7617 7616/7616 7582/7582
f 7582/7582 7616/7616 7570/7570
f 4353/4353 4352/4352 4335/4335
f 4335/4335 4352/4352 4338/4338
f 4335/4335 4338/4338 4336/4336
f 4338/4338 4339/4339 4336/4336
f 4336/4336 4339/4339 4340/4340
f 7382/7382 7378/7378 7322/7322
f 7322/7322 7378/7378 7377/7377
f 7377/7377 7380/7380 7402/7402
f 7321/7321 7377/7377 7402/7402
f 7932/7932 7413/7413 8010/8010
f 8459/8459 8461/8461 8462/8462
f 8463/8463 8459/8459 8462/8462
f 7359/7359 7337/7337 7332/7332
f 4231/4231 4230/4230 4243/4243
f 4243/4243 4255/4255 4251/4251
f 4251/4251 4255/4255 4152/4152
f 4251/4251 4152/4152 4154/4154
f 4154/4154 4152/4152 4148/4148
f 4148/4148 4140/4140 4149/4149
f 4149/4149 4140/4140 4150/4150
f 6730/6730 6707/6707 6732/6732
f 6013/6013 6014/6014 6011/6011
f 6008/6008 6007/6007 6009/6009
f 5760/5760 5487/5487 5435/5435
f 2752/2752 2754/2754 2765/2765
f 1282/1282 1278/1278 1225/1225
f 7617/7617 7623/7623 7616/7616
f 4338/4338 4352/4352 4339/4339
f 4352/4352 4341/4341 4339/4339
f 4339/4339 4341/4341 4340/4340
f 4360/4360 4340/4340 4361/4361
f 7378/7378 7379/7379 7377/7377
f 7379/7379 7380/7380 7377/7377
f 7380/7380 7385/7385 7402/7402
f 7385/7385 7413/7413 7932/7932
f 7402/7402 7385/7385 7932/7932
f 4263/4263 4221/4221 4237/4237
f 4237/4237 4221/4221 4248/4248
f 4237/4237 4248/4248 4225/4225
f 4229/4229 4225/4225 4227/4227
f 4231/4231 4227/4227 4230/4230
f 4152/4152 4141/4141 4148/4148
f 4148/4148 4141/4141 4140/4140
f 6707/6707 6704/6704 6732/6732
f 1774/1774 1785/1785 1803/1803
f 5893/5893 5951/5951 5950/5950
f 5739/5739 5873/5873 5769/5769
f 6164/6164 6165/6165 6166/6166
f 5603/5603 5932/5932 5601/5601
f 6006/6006 6007/6007 6008/6008
f 5487/5487 5425/5425 5435/5435
f 5435/5435 5425/5425 5434/5434
f 2858/2858 2789/2789 2870/2870
f 7624/7624 7623/7623 7617/7617
f 7570/7570 7572/7572 7573/7573
f 7573/7573 7572/7572 7574/7574
f 4375/4375 4374/4374 4352/4352
f 4352/4352 4374/4374 4355/4355
f 4352/4352 4355/4355 4341/4341
f 4355/4355 4343/4343 4341/4341
f 4340/4340 4342/4342 4354/4354
f 4340/4340 4354/4354 4361/4361
f 4361/4361 4354/4354 4363/4363
f 7379/7379 7381/7381 7380/7380
f 7380/7380 7381/7381 7384/7384
f 7385/7385 7384/7384 7413/7413
f 7413/7413 7384/7384 7977/7977
f 8459/8459 8460/8460 8461/8461
f 4225/4225 4226/4226 4227/4227
f 4227/4227 4226/4226 4230/4230
f 4243/4243 4250/4250 4255/4255
f 4250/4250 4260/4260 4255/4255
f 4260/4260 4153/4153 4255/4255
f 4255/4255 4153/4153 4152/4152
f 4152/4152 4138/4138 4141/4141
f 4141/4141 4138/4138 4140/4140
f 4140/4140 4143/4143 4147/4147
f 6730/6730 6728/6728 6707/6707
f 6010/6010 6011/6011 6012/6012
f 1353/1353 1289/1289 1287/1287
f 1287/1287 1289/1289 1288/1288
f 1290/1290 1278/1278 1282/1282
f 1278/1278 1231/1231 1225/1225
f 4342/4342 4378/4378 4371/4371
f 4342/4342 4371/4371 4354/4354
f 4354/4354 4364/4364 4363/4363
f 7379/7379 7383/7383 7381/7381
f 7381/7381 7410/7410 7384/7384
f 7384/7384 7410/7410 7977/7977
f 7359/7359 7343/7343 7337/7337
f 7337/7337 7339/7339 7338/7338
f 7340/7340 7341/7341 7392/7392
f 4221/4221 4218/4218 4248/4248
f 4248/4248 4228/4228 4225/4225
f 4225/4225 4228/4228 4226/4226
f 4230/4230 4247/4247 4243/4243
f 4247/4247 4250/4250 4243/4243
f 4138/4138 4139/4139 4140/4140
f 4140/4140 4139/4139 4142/4142
f 4140/4140 4142/4142 4143/4143
f 6704/6704 6705/6705 6706/6706
f 6706/6706 6705/6705 7153/7153
f 371/371 339/339 338/338
f 1755/1755 1754/1754 1774/1774
f 1774/1774 1754/1754 1785/1785
f 6005/6005 6004/6004 6006/6006
f 6006/6006 6004/6004 6007/6007
f 5425/5425 5422/5422 5434/5434
f 5422/5422 5773/5773 5739/5739
f 5434/5434 5422/5422 5739/5739
f 1289/1289 1290/1290 1288/1288
f 7624/7624 7629/7629 7623/7623
f 7623/7623 7567/7567 7616/7616
f 7567/7567 7568/7568 7616/7616
f 7616/7616 7568/7568 7570/7570
f 4374/4374 4369/4369 4355/4355
f 4369/4369 4370/4370 4343/4343
f 4355/4355 4369/4369 4343/4343
f 4540/4540 4541/4541 4531/4531
f 4490/4490 4489/4489 4491/4491
f 4491/4491 4489/4489 4492/4492
f 7383/7383 7410/7410 7381/7381
f 7392/7392 7341/7341 7393/7393
f 2021/2021 2022/2022 2026/2026
f 4220/4220 4217/4217 4218/4218
f 4218/4218 4259/4259 4248/4248
f 4248/4248 4259/4259 4228/4228
f 4230/4230 4226/4226 4247/4247
f 4247/4247 4253/4253 4250/4250
f 4250/4250 4155/4155 4260/4260
f 4260/4260 4155/4155 4153/4153
f 4153/4153 4155/4155 4138/4138
f 5690/5690 5691/5691 5689/5689
f 5695/5695 5929/5929 5690/5690
f 6166/6166 6168/6168 6169/6169
f 6015/6015 6014/6014 6013/6013
f 5739/5739 5773/5773 5873/5873
f 6165/6165 6168/6168 6166/6166
f 7628/7628 7938/7938 7624/7624
f 7624/7624 7938/7938 7629/7629
f 7570/7570 7571/7571 7572/7572
f 4374/4374 4376/4376 4369/4369
f 4533/4533 4542/4542 4528/4528
f 4533/4533 4528/4528 4527/4527
f 4528/4528 4530/4530 4529/4529
f 4527/4527 4528/4528 4529/4529
f 4530/4530 4534/4534 4532/4532
f 4529/4529 4530/4530 4532/4532
f 4542/4542 4540/4540 4528/4528
f 4487/4487 4488/4488 4489/4489
f 4490/4490 4487/4487 4489/4489
f 4489/4489 4488/4488 4492/4492
f 4366/4366 4372/4372 4367/4367
f 4366/4366 4367/4367 4365/4365
f 4365/4365 4367/4367 4368/4368
f 4365/4365 4368/4368 4364/4364
f 7383/7383 7956/7956 7410/7410
f 7343/7343 7339/7339 7337/7337
f 2034/2034 2030/2030 2023/2023
f 2026/2026 2031/2031 2035/2035
f 4214/4214 4208/4208 4218/4218
f 4259/4259 4256/4256 4228/4228
f 4228/4228 4256/4256 4254/4254
f 4228/4228 4254/4254 4226/4226
f 4226/4226 4254/4254 4252/4252
f 4226/4226 4252/4252 4247/4247
f 4247/4247 4252/4252 4253/4253
f 4253/4253 4192/4192 4250/4250
f 4250/4250 4192/4192 4155/4155
f 4155/4155 4144/4144 4138/4138
f 4144/4144 4145/4145 4139/4139
f 4138/4138 4144/4144 4139/4139
f 4139/4139 4145/4145 4146/4146
f 4139/4139 4146/4146 4142/4142
f 6728/6728 6727/6727 6707/6707
f 6704/6704 6703/6703 6705/6705
f 6743/6743 6742/6742 6744/6744
f 6888/6888 6742/6742 7145/7145
f 6742/6742 6889/6889 7485/7485
f 7145/7145 6742/6742 7485/7485
f 1764/1764 1767/1767 1756/1756
f 5362/5362 5384/5384 5932/5932
f 6002/6002 6004/6004 6005/6005
f 5763/5763 5762/5762 5487/5487
f 7572/7572 7571/7571 7612/7612
f 4374/4374 4373/4373 4376/4376
f 4678/4678 4681/4681 4679/4679
f 4493/4493 4495/4495 4494/4494
f 4376/4376 4373/4373 4377/4377
f 4373/4373 4367/4367 4372/4372
f 4377/4377 4373/4373 4372/4372
f 7618/7618 7615/7615 7619/7619
f 7618/7618 7619/7619 7956/7956
f 7956/7956 7619/7619 7621/7621
f 8449/8449 8447/8447 8446/8446
f 8446/8446 8447/8447 8448/8448
f 7977/7977 7889/7889 7359/7359
f 7889/7889 7343/7343 7359/7359
f 7338/7338 7339/7339 7340/7340
f 7340/7340 7339/7339 7341/7341
f 4224/4224 4223/4223 4222/4222
f 4208/4208 4201/4201 4259/4259
f 4259/4259 4201/4201 4256/4256
f 4252/4252 4191/4191 4192/4192
f 4252/4252 4192/4192 4253/4253
f 4144/4144 4183/4183 4184/4184
f 4144/4144 4184/4184 4145/4145
f 4145/4145 4184/4184 4185/4185
f 4145/4145 4185/4185 4146/4146
f 6746/6746 6740/6740 6743/6743
f 5929/5929 5692/5692 5690/5690
f 6168/6168 6170/6170 6169/6169
f 8395/8395 8396/8396 8397/8397
f 7612/7612 7571/7571 7613/7613
f 7341/7341 7921/7921 7393/7393
f 4222/4222 4223/4223 4216/4216
f 4211/4211 4206/4206 4210/4210
f 4201/4201 4199/4199 4256/4256
f 4256/4256 4199/4199 4254/4254
f 4199/4199 4197/4197 4254/4254
f 4254/4254 4197/4197 4252/4252
f 4252/4252 4197/4197 4191/4191
f 4191/4191 4187/4187 4181/4181
f 4181/4181 4178/4178 4182/4182
f 4182/4182 4178/4178 4186/4186
f 4186/4186 4178/4178 4185/4185
f 7125/7125 6711/6711 6729/6729
f 6729/6729 6711/6711 6727/6727
f 6743/6743 6740/6740 6742/6742
f 5690/5690 5692/5692 5691/5691
f 5762/5762 5424/5424 5487/5487
f 5487/5487 5424/5424 5425/5425
f 5422/5422 5427/5427 5773/5773
f 7570/7570 7568/7568 7569/7569
f 7613/7613 7615/7615 7618/7618
f 7615/7615 7620/7620 7619/7619
f 7619/7619 7620/7620 7621/7621
f 7621/7621 7620/7620 7977/7977
f 6725/6725 6723/6723 6722/6722
f 4206/4206 4204/4204 4202/4202
f 4204/4204 4198/4198 4202/4202
f 4202/4202 4198/4198 4194/4194
f 4198/4198 4195/4195 4194/4194
f 4194/4194 4188/4188 4193/4193
f 4188/4188 4189/4189 4179/4179
f 4189/4189 4203/4203 4180/4180
f 4179/4179 4189/4189 4180/4180
f 4180/4180 4203/4203 4215/4215
f 4180/4180 4215/4215 4178/4178
f 4215/4215 4219/4219 4178/4178
f 4178/4178 4219/4219 4185/4185
f 6711/6711 6707/6707 6727/6727
f 6707/6707 6702/6702 6704/6704
f 7153/7153 6740/6740 6746/6746
f 5362/5362 5347/5347 5384/5384
f 5425/5425 5424/5424 5422/5422
f 2753/2753 2755/2755 2754/2754
f 7570/7570 7569/7569 7571/7571
f 7613/7613 7614/7614 7615/7615
f 7615/7615 7614/7614 7630/7630
f 7620/7620 7901/7901 7977/7977
f 8443/8443 8444/8444 8445/8445
f 6723/6723 6719/6719 6722/6722
f 6722/6722 6719/6719 6721/6721
f 6719/6719 6717/6717 6720/6720
f 6721/6721 6719/6719 6720/6720
f 6717/6717 6715/6715 6716/6716
f 6716/6716 6715/6715 6714/6714
f 5763/5763 5850/5850 5762/5762
f 5762/5762 5850/5850 5424/5424
f 5422/5422 5403/5403 5427/5427
f 5427/5427 5873/5873 5773/5773
f 1278/1278 1235/1235 1231/1231
f 7571/7571 7614/7614 7613/7613
f 7889/7889 7358/7358 7343/7343
f 7343/7343 7344/7344 7339/7339
f 7355/7355 7824/7824 7341/7341
f 7339/7339 7355/7355 7341/7341
f 8464/8464 8465/8465 8466/8466
f 8466/8466 8465/8465 8467/8467
f 7921/7921 6726/6726 6725/6725
f 6725/6725 6726/6726 6723/6723
f 6719/6719 6718/6718 6717/6717
f 6717/6717 6718/6718 6715/6715
f 6715/6715 6713/6713 6714/6714
f 6714/6714 6713/6713 6711/6711
f 6702/6702 6703/6703 6704/6704
f 6705/6705 6738/6738 7153/7153
f 7153/7153 6738/6738 6740/6740
f 590/590 538/538 515/515
f 5951/5951 5960/5960 5950/5950
f 5873/5873 5406/5406 5476/5476
f 5950/5950 5349/5349 5845/5845
f 6002/6002 6003/6003 6004/6004
f 5424/5424 5405/5405 5422/5422
f 5422/5422 5405/5405 5403/5403
f 2755/2755 2758/2758 2754/2754
f 1353/1353 1133/1133 1289/1289
f 1289/1289 1292/1292 1290/1290
f 7571/7571 7622/7622 7614/7614
f 2185/2185 2180/2180 2186/2186
f 2180/2180 2181/2181 2182/2182
f 2180/2180 2209/2209 2186/2186
f 3968/3968 3967/3967 3964/3964
f 7358/7358 7344/7344 7343/7343
f 7339/7339 7344/7344 7345/7345
f 7345/7345 7355/7355 7339/7339
f 6726/6726 6724/6724 6723/6723
f 6723/6723 6724/6724 6719/6719
f 1915/1915 1918/1918 1955/1955
f 1955/1955 1918/1918 1952/1952
f 6711/6711 6710/6710 6707/6707
f 538/538 437/437 515/515
f 1767/1767 1753/1753 1756/1756
f 1756/1756 1753/1753 1755/1755
f 5950/5950 5960/5960 5349/5349
f 5349/5349 5346/5346 5845/5845
f 5845/5845 5346/5346 5362/5362
f 5362/5362 5346/5346 5347/5347
f 6106/6106 6107/6107 6108/6108
f 6108/6108 6107/6107 6109/6109
f 1278/1278 1237/1237 1235/1235
f 7569/7569 7576/7576 7571/7571
f 5325/5325 5326/5326 5327/5327
f 2188/2188 2184/2184 2187/2187
f 2187/2187 2185/2185 2190/2190
f 2184/2184 2164/2164 2170/2170
f 2184/2184 2183/2183 2181/2181
f 2184/2184 2181/2181 2187/2187
f 2187/2187 2181/2181 2185/2185
f 2184/2184 2196/2196 2183/2183
f 2184/2184 2170/2170 2196/2196
f 2181/2181 2180/2180 2185/2185
f 2183/2183 2182/2182 2181/2181
f 2196/2196 2198/2198 2183/2183
f 2183/2183 2198/2198 2182/2182
f 2182/2182 2209/2209 2180/2180
f 2198/2198 2210/2210 2182/2182
f 2182/2182 2210/2210 2209/2209
f 2198/2198 2211/2211 2210/2210
f 3965/3965 3962/3962 3963/3963
f 3965/3965 3963/3963 3967/3967
f 3963/3963 3964/3964 3967/3967
f 7889/7889 7940/7940 7358/7358
f 1941/1941 1924/1924 1922/1922
f 1941/1941 1922/1922 1919/1919
f 1912/1912 1914/1914 1919/1919
f 1912/1912 1913/1913 1914/1914
f 1912/1912 1916/1916 1913/1913
f 1913/1913 1915/1915 1914/1914
f 1913/1913 1917/1917 1915/1915
f 1917/1917 1918/1918 1915/1915
f 1913/1913 1929/1929 1917/1917
f 1917/1917 1928/1928 1918/1918
f 1918/1918 1936/1936 1952/1952
f 6713/6713 6712/6712 6711/6711
f 6711/6711 6712/6712 6710/6710
f 6710/6710 6708/6708 6707/6707
f 5476/5476 5408/5408 5929/5929
f 5354/5354 5367/5367 5850/5850
f 5384/5384 5331/5331 5850/5850
f 1290/1290 1237/1237 1278/1278
f 1237/1237 1236/1236 1235/1235
f 7576/7576 7580/7580 7622/7622
f 7571/7571 7576/7576 7622/7622
f 2194/2194 2197/2197 2161/2161
f 2191/2191 2189/2189 2192/2192
f 2189/2189 2190/2190 2193/2193
f 2192/2192 2189/2189 2193/2193
f 2194/2194 2188/2188 2191/2191
f 2194/2194 2161/2161 2164/2164
f 2191/2191 2188/2188 2189/2189
f 2194/2194 2164/2164 2184/2184
f 2194/2194 2184/2184 2188/2188
f 2170/2170 2164/2164 2153/2153
f 2157/2157 2198/2198 2196/2196
f 2170/2170 2157/2157 2196/2196
f 2170/2170 2153/2153 2157/2157
f 2157/2157 2168/2168 2198/2198
f 2168/2168 2211/2211 2198/2198
f 3962/3962 3958/3958 3963/3963
f 3962/3962 3960/3960 3958/3958
f 3958/3958 3959/3959 3963/3963
f 3963/3963 3959/3959 3964/3964
f 7940/7940 7759/7759 7358/7358
f 7355/7355 7825/7825 7824/7824
f 1927/1927 1921/1921 1925/1925
f 1921/1921 1922/1922 1923/1923
f 1925/1925 1921/1921 1923/1923
f 1923/1923 1922/1922 1924/1924
f 1921/1921 1920/1920 1922/1922
f 1922/1922 1920/1920 1919/1919
f 1931/1931 1926/1926 1927/1927
f 1927/1927 1926/1926 1921/1921
f 1931/1931 1933/1933 1926/1926
f 2354/2354 2349/2349 2353/2353
f 1926/1926 1912/1912 1921/1921
f 1921/1921 1912/1912 1920/1920
f 1926/1926 1916/1916 1912/1912
f 1933/1933 1932/1932 1926/1926
f 1926/1926 1932/1932 1916/1916
f 2349/2349 2352/2352 2353/2353
f 1932/1932 1913/1913 1916/1916
f 1933/1933 1938/1938 1932/1932
f 1934/1934 1929/1929 1913/1913
f 1932/1932 1934/1934 1913/1913
f 1932/1932 1938/1938 1934/1934
f 1938/1938 1943/1943 1934/1934
f 1929/1929 1928/1928 1917/1917
f 1934/1934 1930/1930 1929/1929
f 1934/1934 1943/1943 1930/1930
f 1930/1930 1935/1935 1928/1928
f 1929/1929 1930/1930 1928/1928
f 1928/1928 1935/1935 1936/1936
f 1928/1928 1936/1936 1918/1918
f 1952/1952 1936/1936 1945/1945
f 6708/6708 6702/6702 6707/6707
f 6740/6740 6741/6741 6742/6742
f 1754/1754 1752/1752 1785/1785
f 1785/1785 1752/1752 1800/1800
f 5347/5347 5333/5333 5384/5384
f 5331/5331 5354/5354 5850/5850
f 1133/1133 1292/1292 1289/1289
f 7576/7576 7579/7579 7580/7580
f 2200/2200 2193/2193 2201/2201
f 2197/2197 2191/2191 2195/2195
f 2195/2195 2191/2191 2192/2192
f 2195/2195 2192/2192 2200/2200
f 2192/2192 2193/2193 2200/2200
f 2161/2161 2143/2143 2164/2164
f 2143/2143 2136/2136 2153/2153
f 2164/2164 2143/2143 2153/2153
f 2153/2153 2136/2136 2157/2157
f 2157/2157 2136/2136 2139/2139
f 2157/2157 2139/2139 2168/2168
f 3961/3961 3962/3962 3966/3966
f 2168/2168 2139/2139 2169/2169
f 3961/3961 3960/3960 3962/3962
f 3960/3960 3957/3957 3955/3955
f 3955/3955 3954/3954 3958/3958
f 3960/3960 3955/3955 3958/3958
f 3958/3958 3954/3954 3956/3956
f 3958/3958 3956/3956 3959/3959
f 7358/7358 7759/7759 7349/7349
f 7358/7358 7349/7349 7344/7344
f 7355/7355 7826/7826 7825/7825
f 1939/1939 1925/1925 1942/1942
f 1925/1925 1923/1923 1942/1942
f 1942/1942 1923/1923 1946/1946
f 1940/1940 1927/1927 1939/1939
f 1939/1939 1927/1927 1925/1925
f 1940/1940 1931/1931 1927/1927
f 2355/2355 2331/2331 2354/2354
f 2354/2354 2331/2331 2328/2328
f 2354/2354 2328/2328 2349/2349
f 2328/2328 2327/2327 2349/2349
f 2349/2349 2327/2327 2352/2352
f 2327/2327 2338/2338 2351/2351
f 2352/2352 2327/2327 2351/2351
f 2351/2351 2338/2338 2292/2292
f 1947/1947 1930/1930 1943/1943
f 1930/1930 1947/1947 1937/1937
f 1930/1930 1937/1937 1935/1935
f 2292/2292 2290/2290 2293/2293
f 1937/1937 1944/1944 1935/1935
f 1935/1935 1944/1944 1945/1945
f 1935/1935 1945/1945 1936/1936
f 209/209 155/155 156/156
f 1755/1755 1753/1753 1754/1754
f 5960/5960 5729/5729 5349/5349
f 5349/5349 5345/5345 5346/5346
f 5346/5346 5333/5333 5347/5347
f 5356/5356 5569/5569 5367/5367
f 6107/6107 6111/6111 6110/6110
f 6107/6107 6110/6110 6109/6109
f 5405/5405 5404/5404 5403/5403
f 5427/5427 5399/5399 5873/5873
f 5384/5384 5333/5333 5331/5331
f 1292/1292 1291/1291 1290/1290
f 1290/1290 1291/1291 1237/1237
f 2167/2167 2197/2197 2195/2195
f 2167/2167 2195/2195 2199/2199
f 2144/2144 2143/2143 2161/2161
f 2167/2167 2144/2144 2161/2161
f 2143/2143 2129/2129 2136/2136
f 2136/2136 2129/2129 2128/2128
f 2136/2136 2128/2128 2139/2139
f 2139/2139 2128/2128 2138/2138
f 2138/2138 2158/2158 2169/2169
f 2139/2139 2138/2138 2169/2169
f 3961/3961 3957/3957 3960/3960
f 3957/3957 3950/3950 3955/3955
f 3955/3955 3950/3950 3954/3954
f 3954/3954 3953/3953 3956/3956
f 7759/7759 7357/7357 7349/7349
f 7345/7345 7353/7353 7355/7355
f 7353/7353 7980/7980 7355/7355
f 7355/7355 7980/7980 7830/7830
f 7830/7830 7828/7828 7826/7826
f 7355/7355 7830/7830 7826/7826
f 7828/7828 7827/7827 7826/7826
f 7826/7826 7827/7827 7825/7825
f 1940/1940 1939/1939 1950/1950
f 2355/2355 2357/2357 2329/2329
f 2355/2355 2329/2329 2331/2331
f 2329/2329 2316/2316 2331/2331
f 2331/2331 2316/2316 2328/2328
f 2328/2328 2316/2316 2313/2313
f 2328/2328 2313/2313 2327/2327
f 2327/2327 2313/2313 2326/2326
f 2327/2327 2326/2326 2338/2338
f 2338/2338 2326/2326 2335/2335
f 2338/2338 2335/2335 2292/2292
f 2289/2289 2290/2290 2292/2292
f 2292/2292 2335/2335 2289/2289
f 2289/2289 2273/2273 2290/2290
f 1937/1937 1948/1948 1944/1944
f 2290/2290 2273/2273 2272/2272
f 1948/1948 1954/1954 1944/1944
f 1944/1944 1953/1953 1945/1945
f 1944/1944 1954/1954 1953/1953
f 6742/6742 6741/6741 6889/6889
f 5406/5406 5408/5408 5476/5476
f 5346/5346 5345/5345 5333/5333
f 5399/5399 5406/5406 5873/5873
f 2202/2202 2167/2167 2199/2199
f 2202/2202 2163/2163 2167/2167
f 2167/2167 2163/2163 2144/2144
f 2135/2135 2129/2129 2143/2143
f 2144/2144 2135/2135 2143/2143
f 3961/3961 3952/3952 3957/3957
f 2169/2169 2158/2158 2172/2172
f 3952/3952 3950/3950 3957/3957
f 3950/3950 3944/3944 3954/3954
f 3944/3944 3946/3946 3953/3953
f 3954/3954 3944/3944 3953/3953
f 7357/7357 7356/7356 7349/7349
f 7344/7344 7346/7346 7345/7345
f 7346/7346 7375/7375 7353/7353
f 7345/7345 7346/7346 7353/7353
f 4579/4579 4580/4580 4581/4581
f 2526/2526 2515/2515 2501/2501
f 7828/7828 7829/7829 7827/7827
f 2501/2501 2488/2488 2517/2517
f 2357/2357 2359/2359 2330/2330
f 2357/2357 2330/2330 2329/2329
f 2335/2335 2286/2286 2289/2289
f 2289/2289 2286/2286 2273/2273
f 2272/2272 2271/2271 2274/2274
f 5929/5929 5693/5693 5692/5692
f 1753/1753 1752/1752 1754/1754
f 5403/5403 5401/5401 5427/5427
f 5427/5427 5401/5401 5399/5399
f 5354/5354 5355/5355 5356/5356
f 2755/2755 2759/2759 2758/2758
f 7798/7798 7633/7633 7938/7938
f 7938/7938 7633/7633 7629/7629
f 7567/7567 7566/7566 7568/7568
f 7576/7576 7578/7578 7579/7579
f 2203/2203 2160/2160 2202/2202
f 2163/2163 2160/2160 2135/2135
f 2163/2163 2135/2135 2144/2144
f 2128/2128 2120/2120 2138/2138
f 2138/2138 2149/2149 2158/2158
f 2158/2158 2149/2149 2172/2172
f 3952/3952 3943/3943 3950/3950
f 3950/3950 3943/3943 3944/3944
f 3946/3946 3944/3944 3936/3936
f 7356/7356 7350/7350 7349/7349
f 7344/7344 7347/7347 7346/7346
f 2330/2330 2314/2314 2329/2329
f 2329/2329 2314/2314 2316/2316
f 2316/2316 2310/2310 2313/2313
f 2313/2313 2310/2310 2312/2312
f 2312/2312 2324/2324 2326/2326
f 2326/2326 2324/2324 2335/2335
f 2335/2335 2334/2334 2286/2286
f 2286/2286 2277/2277 2273/2273
f 2273/2273 2277/2277 2269/2269
f 2273/2273 2269/2269 2270/2270
f 2273/2273 2270/2270 2272/2272
f 2272/2272 2270/2270 2271/2271
f 6703/6703 6737/6737 6705/6705
f 6705/6705 6737/6737 6738/6738
f 6738/6738 6739/6739 6740/6740
f 5569/5569 5402/5402 5404/5404
f 5404/5404 5402/5402 5403/5403
f 5331/5331 5335/5335 5354/5354
f 5354/5354 5335/5335 5355/5355
f 2775/2775 2761/2761 2760/2760
f 7629/7629 7565/7565 7623/7623
f 7623/7623 7565/7565 7567/7567
f 2056/2056 2058/2058 2057/2057
f 2203/2203 2174/2174 2160/2160
f 2135/2135 2134/2134 2127/2127
f 2135/2135 2127/2127 2129/2129
f 2129/2129 2118/2118 2128/2128
f 2118/2118 2120/2120 2128/2128
f 2138/2138 2120/2120 2141/2141
f 2138/2138 2141/2141 2149/2149
f 2149/2149 2171/2171 2172/2172
f 3952/3952 3947/3947 3943/3943
f 3944/3944 3943/3943 3934/3934
f 3944/3944 3934/3934 3936/3936
f 7349/7349 7350/7350 7347/7347
f 7349/7349 7347/7347 7344/7344
f 4833/4833 4830/4830 4835/4835
f 7346/7346 7354/7354 7375/7375
f 4580/4580 4584/4584 4583/4583
f 2346/2346 2321/2321 2330/2330
f 2359/2359 2346/2346 2330/2330
f 2316/2316 2314/2314 2310/2310
f 2312/2312 2326/2326 2313/2313
f 2324/2324 2334/2334 2335/2335
f 2270/2270 2260/2260 2271/2271
f 6709/6709 6702/6702 6708/6708
f 5569/5569 5968/5968 5402/5402
f 5403/5403 5402/5402 5401/5401
f 2775/2775 2776/2776 2761/2761
f 1133/1133 1130/1130 1292/1292
f 1237/1237 1238/1238 1236/1236
f 7633/7633 7565/7565 7629/7629
f 7569/7569 7577/7577 7576/7576
f 7576/7576 7577/7577 7578/7578
f 2146/2146 2134/2134 2135/2135
f 2160/2160 2146/2146 2135/2135
f 2127/2127 2119/2119 2129/2129
f 2119/2119 2118/2118 2129/2129
f 2149/2149 2141/2141 2162/2162
f 2149/2149 2162/2162 2171/2171
f 3947/3947 3930/3930 3943/3943
f 3943/3943 3930/3930 3934/3934
f 7347/7347 7348/7348 7346/7346
f 7346/7346 7348/7348 7354/7354
f 2359/2359 2356/2356 2346/2346
f 2350/2350 2277/2277 2286/2286
f 2334/2334 2350/2350 2286/2286
f 2334/2334 2337/2337 2350/2350
f 2350/2350 2275/2275 2277/2277
f 2277/2277 2275/2275 2268/2268
f 2277/2277 2268/2268 2269/2269
f 2269/2269 2268/2268 2261/2261
f 2269/2269 2261/2261 2270/2270
f 2270/2270 2261/2261 2260/2260
f 6208/6208 6210/6210 6211/6211
f 5968/5968 5965/5965 5402/5402
f 1292/1292 1299/1299 1291/1291
f 2059/2059 2055/2055 2057/2057
f 2160/2160 2154/2154 2146/2146
f 2120/2120 2122/2122 2141/2141
f 3947/3947 3949/3949 3942/3942
f 3947/3947 3942/3942 3930/3930
f 3930/3930 3931/3931 3932/3932
f 3930/3930 3932/3932 3934/3934
f 3934/3934 3932/3932 3935/3935
f 3934/3934 3935/3935 3936/3936
f 7350/7350 7351/7351 7347/7347
f 4830/4830 4828/4828 4831/4831
f 2490/2490 2507/2507 2509/2509
f 2324/2324 2325/2325 2334/2334
f 2334/2334 2325/2325 2337/2337
f 6740/6740 6739/6739 6741/6741
f 5345/5345 5334/5334 5333/5333
f 5402/5402 5400/5400 5401/5401
f 5401/5401 5400/5400 5399/5399
f 1130/1130 1317/1317 1292/1292
f 1292/1292 1317/1317 1299/1299
f 1291/1291 1298/1298 1237/1237
f 1237/1237 1298/1298 1238/1238
f 7798/7798 7634/7634 7633/7633
f 7581/7581 7577/7577 7569/7569
f 2154/2154 2132/2132 2146/2146
f 2146/2146 2132/2132 2134/2134
f 2127/2127 2116/2116 2119/2119
f 2122/2122 2140/2140 2141/2141
f 2141/2141 2140/2140 2150/2150
f 2141/2141 2150/2150 2162/2162
f 3942/3942 3931/3931 3930/3930
f 7351/7351 7352/7352 7347/7347
f 7347/7347 7352/7352 7348/7348
f 5284/5284 5286/5286 5289/5289
f 2356/2356 2341/2341 2346/2346
f 2341/2341 2317/2317 2321/2321
f 2346/2346 2341/2341 2321/2321
f 2321/2321 2317/2317 2314/2314
f 2268/2268 2258/2258 2261/2261
f 2261/2261 2258/2258 2260/2260
f 2258/2258 2259/2259 2260/2260
f 6709/6709 6731/6731 6702/6702
f 6703/6703 6701/6701 6737/6737
f 6738/6738 6737/6737 6739/6739
f 6209/6209 6206/6206 6208/6208
f 5929/5929 5408/5408 5412/5412
f 1752/1752 1747/1747 1800/1800
f 5965/5965 5964/5964 5402/5402
f 5402/5402 5964/5964 5400/5400
f 5331/5331 5330/5330 5335/5335
f 5335/5335 5363/5363 5355/5355
f 7565/7565 7566/7566 7567/7567
f 7568/7568 7566/7566 7569/7569
f 2215/2215 2055/2055 2060/2060
f 2060/2060 2212/2212 2215/2215
f 2134/2134 2132/2132 2127/2127
f 2119/2119 2116/2116 2118/2118
f 2116/2116 2117/2117 2118/2118
f 2118/2118 2117/2117 2120/2120
f 2120/2120 2121/2121 2122/2122
f 3949/3949 3945/3945 3942/3942
f 3942/3942 3945/3945 3931/3931
f 2356/2356 2362/2362 2341/2341
f 2317/2317 2315/2315 2314/2314
f 2315/2315 2308/2308 2314/2314
f 2314/2314 2308/2308 2310/2310
f 2308/2308 2309/2309 2310/2310
f 2310/2310 2309/2309 2312/2312
f 2312/2312 2309/2309 2324/2324
f 2337/2337 2347/2347 2350/2350
f 2350/2350 2347/2347 2275/2275
f 2275/2275 2254/2254 2268/2268
f 2268/2268 2254/2254 2258/2258
f 2254/2254 2256/2256 2258/2258
f 2258/2258 2256/2256 2259/2259
f 1767/1767 1744/1744 1753/1753
f 1753/1753 1744/1744 1752/1752
f 1747/1747 1802/1802 1800/1800
f 5960/5960 5471/5471 5729/5729
f 5729/5729 5348/5348 5349/5349
f 5349/5349 5348/5348 5345/5345
f 5345/5345 5348/5348 5334/5334
f 1291/1291 1299/1299 1298/1298
f 2175/2175 2159/2159 2173/2173
f 2132/2132 2125/2125 2127/2127
f 2127/2127 2125/2125 2116/2116
f 2120/2120 2117/2117 2121/2121
f 2150/2150 2082/2082 2162/2162
f 3949/3949 3951/3951 3945/3945
f 3931/3931 3933/3933 3932/3932
f 3932/3932 3933/3933 3935/3935
f 3933/3933 3937/3937 3935/3935
f 7352/7352 7854/7854 7348/7348
f 5284/5284 5285/5285 5286/5286
f 2309/2309 2322/2322 2324/2324
f 2324/2324 2322/2322 2325/2325
f 2325/2325 2339/2339 2337/2337
f 2337/2337 2339/2339 2347/2347
f 2347/2347 2276/2276 2275/2275
f 2275/2275 2276/2276 2254/2254
f 2254/2254 2255/2255 2256/2256
f 1752/1752 1744/1744 1747/1747
f 5370/5370 5369/5369 5964/5964
f 5965/5965 5370/5370 5964/5964
f 5964/5964 5369/5369 5400/5400
f 7569/7569 7566/7566 7581/7581
f 2154/2154 2159/2159 2132/2132
f 2122/2122 2121/2121 2140/2140
f 3951/3951 3948/3948 3945/3945
f 3945/3945 3941/3941 3931/3931
f 3931/3931 3941/3941 3938/3938
f 3931/3931 3938/3938 3933/3933
f 3933/3933 3938/3938 3937/3937
f 2362/2362 2360/2360 2341/2341
f 2341/2341 2320/2320 2317/2317
f 2320/2320 2315/2315 2317/2317
f 2347/2347 2283/2283 2276/2276
f 2276/2276 2255/2255 2254/2254
f 2255/2255 2257/2257 2256/2256
f 2256/2256 2257/2257 2262/2262
f 2256/2256 2262/2262 2259/2259
f 5370/5370 5368/5368 5369/5369
f 5400/5400 5369/5369 5399/5399
f 5334/5334 5328/5328 5333/5333
f 5333/5333 5328/5328 5331/5331
f 5331/5331 5328/5328 5330/5330
f 6053/6053 6055/6055 6056/6056
f 5351/5351 5368/5368 5370/5370
f 5968/5968 5351/5351 5370/5370
f 2176/2176 2166/2166 2159/2159
f 2175/2175 2176/2176 2159/2159
f 2159/2159 2145/2145 2132/2132
f 2116/2116 2123/2123 2117/2117
f 2121/2121 2142/2142 2140/2140
f 2142/2142 2152/2152 2150/2150
f 2140/2140 2142/2142 2150/2150
f 2150/2150 2152/2152 2082/2082
f 3945/3945 3948/3948 3941/3941
f 3938/3938 3939/3939 3937/3937
f 7352/7352 7855/7855 7854/7854
f 5285/5285 5287/5287 5286/5286
f 2360/2360 2345/2345 2341/2341
f 2341/2341 2345/2345 2320/2320
f 2339/2339 2283/2283 2347/2347
f 2276/2276 2264/2264 2255/2255
f 2264/2264 2263/2263 2257/2257
f 2255/2255 2264/2264 2257/2257
f 2257/2257 2263/2263 2262/2262
f 6739/6739 6747/6747 6741/6741
f 6208/6208 6207/6207 6210/6210
f 6206/6206 6207/6207 6208/6208
f 5408/5408 5409/5409 5412/5412
f 5369/5369 5398/5398 5399/5399
f 2159/2159 2166/2166 2145/2145
f 2145/2145 2133/2133 2132/2132
f 2133/2133 2126/2126 2125/2125
f 2132/2132 2133/2133 2125/2125
f 3941/3941 3940/3940 3938/3938
f 3938/3938 3940/3940 3939/3939
f 2315/2315 2311/2311 2308/2308
f 2308/2308 2311/2311 2309/2309
f 2311/2311 2322/2322 2309/2309
f 2322/2322 2333/2333 2325/2325
f 2333/2333 2283/2283 2339/2339
f 2325/2325 2333/2333 2339/2339
f 2283/2283 2278/2278 2276/2276
f 2276/2276 2278/2278 2264/2264
f 5398/5398 5407/5407 5406/5406
f 5406/5406 5407/5407 5408/5408
f 5471/5471 5386/5386 5729/5729
f 5729/5729 5386/5386 5348/5348
f 5335/5335 5330/5330 5363/5363
f 6053/6053 6054/6054 6055/6055
f 1130/1130 1128/1128 1317/1317
f 1236/1236 1238/1238 1239/1239
f 2166/2166 2165/2165 2145/2145
f 2145/2145 2165/2165 2133/2133
f 2125/2125 2126/2126 2123/2123
f 2125/2125 2123/2123 2116/2116
f 2121/2121 2117/2117 2124/2124
f 2124/2124 2142/2142 2121/2121
f 2142/2142 2078/2078 2152/2152
f 2152/2152 2078/2078 2082/2082
f 2078/2078 2074/2074 2077/2077
f 2082/2082 2078/2078 2077/2077
f 2077/2077 2074/2074 2075/2075
f 2075/2075 2074/2074 2073/2073
f 2073/2073 2072/2072 2076/2076
f 2360/2360 2363/2363 2345/2345
f 2333/2333 2284/2284 2283/2283
f 2284/2284 2278/2278 2283/2283
f 2278/2278 2267/2267 2264/2264
f 2267/2267 2266/2266 2263/2263
f 2264/2264 2267/2267 2263/2263
f 2263/2263 2266/2266 2265/2265
f 2263/2263 2265/2265 2262/2262
f 6890/6890 6702/6702 6731/6731
f 6747/6747 6750/6750 6889/6889
f 6741/6741 6747/6747 6889/6889
f 6889/6889 6750/6750 6753/6753
f 5407/5407 5409/5409 5408/5408
f 5369/5369 5397/5397 5398/5398
f 7581/7581 7566/7566 7635/7635
f 5138/5138 5139/5139 5140/5140
f 2176/2176 2177/2177 2165/2165
f 2142/2142 2085/2085 2078/2078
f 2074/2074 2070/2070 2073/2073
f 2073/2073 2070/2070 2072/2072
f 5285/5285 5288/5288 5287/5287
f 2363/2363 2348/2348 2345/2345
f 2345/2345 2348/2348 2340/2340
f 2345/2345 2340/2340 2320/2320
f 2320/2320 2340/2340 2318/2318
f 2320/2320 2318/2318 2315/2315
f 2333/2333 2285/2285 2284/2284
f 2284/2284 2285/2285 2282/2282
f 2284/2284 2282/2282 2278/2278
f 2278/2278 2282/2282 2267/2267
f 6739/6739 6748/6748 6747/6747
f 7566/7566 7584/7584 7635/7635
f 2177/2177 2178/2178 2165/2165
f 2133/2133 2165/2165 2148/2148
f 2133/2133 2148/2148 2126/2126
f 2117/2117 2123/2123 2124/2124
f 2137/2137 2151/2151 2142/2142
f 2124/2124 2137/2137 2142/2142
f 2142/2142 2151/2151 2085/2085
f 2085/2085 2080/2080 2078/2078
f 2080/2080 2071/2071 2078/2078
f 2071/2071 2070/2070 2074/2074
f 2078/2078 2071/2071 2074/2074
f 2070/2070 2063/2063 2072/2072
f 2063/2063 2066/2066 2072/2072
f 8270/8270 8265/8265 8269/8269
f 7858/7858 7856/7856 7855/7855
f 7856/7856 7857/7857 7854/7854
f 7855/7855 7856/7856 7854/7854
f 2363/2363 2366/2366 2348/2348
f 2315/2315 2318/2318 2311/2311
f 2318/2318 2319/2319 2311/2311
f 2311/2311 2319/2319 2323/2323
f 2322/2322 2323/2323 2332/2332
f 2322/2322 2332/2332 2333/2333
f 2332/2332 2285/2285 2333/2333
f 2282/2282 2281/2281 2267/2267
f 2281/2281 2280/2280 2266/2266
f 2267/2267 2281/2281 2266/2266
f 2266/2266 2280/2280 2279/2279
f 6890/6890 6892/6892 6891/6891
f 6890/6890 6891/6891 6702/6702
f 6750/6750 6752/6752 6753/6753
f 5398/5398 5423/5423 5407/5407
f 5369/5369 5359/5359 5397/5397
f 7583/7583 7584/7584 7566/7566
f 7584/7584 7588/7588 7635/7635
f 2179/2179 2106/2106 2178/2178
f 2178/2178 2106/2106 2165/2165
f 2165/2165 2104/2104 2148/2148
f 2126/2126 2148/2148 2131/2131
f 2131/2131 2130/2130 2123/2123
f 2126/2126 2131/2131 2123/2123
f 2123/2123 2130/2130 2124/2124
f 2124/2124 2130/2130 2137/2137
f 2151/2151 2080/2080 2085/2085
f 2071/2071 2069/2069 2070/2070
f 2069/2069 2063/2063 2070/2070
f 8265/8265 8268/8268 8269/8269
f 8269/8269 8268/8268 8271/8271
f 2348/2348 2366/2366 2340/2340
f 2340/2340 2344/2344 2318/2318
f 2285/2285 2287/2287 2281/2281
f 2285/2285 2281/2281 2282/2282
f 2281/2281 2288/2288 2280/2280
f 2280/2280 2303/2303 2279/2279
f 6893/6893 6891/6891 6892/6892
f 5351/5351 5359/5359 5368/5368
f 7588/7588 7590/7590 7635/7635
f 2104/2104 2102/2102 2148/2148
f 2148/2148 2102/2102 2131/2131
f 2130/2130 2147/2147 2137/2137
f 2147/2147 2083/2083 2151/2151
f 2137/2137 2147/2147 2151/2151
f 2151/2151 2083/2083 2080/2080
f 2080/2080 2079/2079 2071/2071
f 2071/2071 2079/2079 2069/2069
f 2069/2069 2064/2064 2063/2063
f 2063/2063 2064/2064 2065/2065
f 2063/2063 2065/2065 2066/2066
f 8265/8265 8267/8267 8268/8268
f 2531/2531 2537/2537 2523/2523
f 2366/2366 2365/2365 2340/2340
f 2365/2365 2364/2364 2344/2344
f 2340/2340 2365/2365 2344/2344
f 2344/2344 2343/2343 2318/2318
f 2318/2318 2343/2343 2336/2336
f 2318/2318 2336/2336 2319/2319
f 2319/2319 2336/2336 2323/2323
f 2336/2336 2342/2342 2323/2323
f 2342/2342 2295/2295 2323/2323
f 2323/2323 2295/2295 2332/2332
f 2332/2332 2295/2295 2291/2291
f 2332/2332 2291/2291 2285/2285
f 2285/2285 2291/2291 2287/2287
f 2288/2288 2302/2302 2280/2280
f 2280/2280 2302/2302 2303/2303
f 6894/6894 6891/6891 6893/6893
f 6891/6891 7907/7907 6702/6702
f 6702/6702 6700/6700 6701/6701
f 8223/8223 8221/8221 8220/8220
f 8220/8220 8221/8221 8222/8222
f 1742/1742 1743/1743 1744/1744
f 1744/1744 1743/1743 1747/1747
f 1132/1132 1129/1129 1128/1128
f 1132/1132 1128/1128 1130/1130
f 1298/1298 1295/1295 1238/1238
f 1238/1238 1240/1240 1239/1239
f 7565/7565 7564/7564 7566/7566
f 7566/7566 7564/7564 7583/7583
f 2103/2103 2100/2100 2102/2102
f 2102/2102 2099/2099 2131/2131
f 2131/2131 2099/2099 2155/2155
f 2131/2131 2155/2155 2130/2130
f 2130/2130 2155/2155 2156/2156
f 2130/2130 2156/2156 2147/2147
f 2156/2156 2089/2089 2147/2147
f 2147/2147 2089/2089 2083/2083
f 2083/2083 2087/2087 2081/2081
f 2083/2083 2081/2081 2079/2079
f 2079/2079 2081/2081 2068/2068
f 2068/2068 2067/2067 2064/2064
f 8256/8256 8257/8257 8262/8262
f 8262/8262 8257/8257 8264/8264
f 8262/8262 8264/8264 8265/8265
f 8265/8265 8264/8264 8266/8266
f 8265/8265 8266/8266 8267/8267
f 5318/5318 5319/5319 5320/5320
f 2364/2364 2361/2361 2343/2343
f 2344/2344 2364/2364 2343/2343
f 2343/2343 2361/2361 2358/2358
f 2343/2343 2358/2358 2336/2336
f 2336/2336 2358/2358 2297/2297
f 2336/2336 2297/2297 2342/2342
f 2342/2342 2297/2297 2295/2295
f 2295/2295 2296/2296 2294/2294
f 2295/2295 2294/2294 2291/2291
f 2291/2291 2294/2294 2287/2287
f 6702/6702 7907/7907 6700/6700
f 620/620 561/561 603/603
f 6747/6747 6749/6749 6750/6750
f 5397/5397 5766/5766 5398/5398
f 5398/5398 5766/5766 5423/5423
f 1317/1317 1300/1300 1299/1299
f 1299/1299 1295/1295 1298/1298
f 1295/1295 1240/1240 1238/1238
f 7634/7634 7548/7548 7560/7560
f 7634/7634 7560/7560 7633/7633
f 7633/7633 7560/7560 7561/7561
f 7633/7633 7561/7561 7565/7565
f 7588/7588 7589/7589 7590/7590
f 2048/2048 2047/2047 2049/2049
f 2100/2100 2097/2097 2099/2099
f 2099/2099 2096/2096 2155/2155
f 2155/2155 2096/2096 2095/2095
f 2155/2155 2095/2095 2156/2156
f 2156/2156 2095/2095 2089/2089
f 2086/2086 2092/2092 2088/2088
f 8251/8251 8255/8255 8256/8256
f 8256/8256 8255/8255 8257/8257
f 5312/5312 5313/5313 5314/5314
f 7492/7492 7490/7490 7493/7493
f 2361/2361 2367/2367 2358/2358
f 2358/2358 2299/2299 2297/2297
f 2297/2297 2299/2299 2296/2296
f 2297/2297 2296/2296 2295/2295
f 2296/2296 2300/2300 2298/2298
f 2298/2298 2300/2300 2304/2304
f 6903/6903 6897/6897 6896/6896
f 6896/6896 6897/6897 6895/6895
f 6896/6896 6895/6895 6894/6894
f 6894/6894 6895/6895 6891/6891
f 6891/6891 6895/6895 7907/7907
f 5348/5348 5350/5350 5334/5334
f 5359/5359 5766/5766 5397/5397
f 5334/5334 5365/5365 5328/5328
f 4565/4565 4564/4564 4563/4563
f 7583/7583 7586/7586 7585/7585
f 7583/7583 7585/7585 7584/7584
f 7584/7584 7585/7585 7587/7587
f 7584/7584 7587/7587 7588/7588
f 7588/7588 7587/7587 7589/7589
f 2048/2048 2045/2045 2047/2047
f 2047/2047 2045/2045 2044/2044
f 2098/2098 2094/2094 2097/2097
f 2094/2094 2093/2093 2090/2090
f 8251/8251 8252/8252 8254/8254
f 8251/8251 8254/8254 8255/8255
f 5135/5135 5137/5137 5136/5136
f 8102/8102 8099/8099 8101/8101
f 8098/8098 8099/8099 8100/8100
f 7069/7069 6932/6932 6913/6913
f 7069/7069 6913/6913 6916/6916
f 6913/6913 6911/6911 6916/6916
f 6916/6916 6911/6911 7113/7113
f 7113/7113 6911/6911 7122/7122
f 6911/6911 6904/6904 7122/7122
f 7122/7122 6904/6904 6903/6903
f 6903/6903 6904/6904 6897/6897
f 6897/6897 6898/6898 6895/6895
f 6898/6898 7123/7123 6895/6895
f 8105/8105 8104/8104 8107/8107
f 8107/8107 8104/8104 8108/8108
f 7907/7907 7121/7121 7115/7115
f 6701/6701 7142/7142 6737/6737
f 5412/5412 5411/5411 5725/5725
f 1747/1747 1748/1748 1802/1802
f 5386/5386 5353/5353 5348/5348
f 5348/5348 5353/5353 5350/5350
f 5351/5351 5358/5358 5359/5359
f 1240/1240 1241/1241 1239/1239
f 7565/7565 7561/7561 7564/7564
f 4543/4543 4553/4553 4561/4561
f 4563/4563 4543/4543 4561/4561
f 4561/4561 4553/4553 4560/4560
f 4560/4560 4553/4553 4554/4554
f 4560/4560 4554/4554 4557/4557
f 4560/4560 4557/4557 4562/4562
f 7590/7590 7589/7589 7591/7591
f 2044/2044 2045/2045 2046/2046
f 8250/8250 8246/8246 8251/8251
f 8246/8246 8263/8263 8252/8252
f 8251/8251 8246/8246 8252/8252
f 8102/8102 8103/8103 8099/8099
f 6904/6904 6906/6906 6905/6905
f 6905/6905 7124/7124 6897/6897
f 6904/6904 6905/6905 6897/6897
f 6897/6897 7124/7124 6899/6899
f 6897/6897 6899/6899 6898/6898
f 7067/7067 6930/6930 7115/7115
f 7121/7121 7067/7067 7115/7115
f 8117/8117 8119/8119 8120/8120
f 5498/5498 5416/5416 5431/5431
f 5411/5411 5416/5416 5725/5725
f 5328/5328 5329/5329 5330/5330
f 5330/5330 5332/5332 5363/5363
f 1299/1299 1300/1300 1295/1295
f 4564/4564 4566/4566 4548/4548
f 4564/4564 4548/4548 4563/4563
f 4548/4548 4544/4544 4543/4543
f 4563/4563 4548/4548 4543/4543
f 4543/4543 4544/4544 4545/4545
f 4543/4543 4545/4545 4547/4547
f 7589/7589 7592/7592 7591/7591
f 7593/7593 7594/7594 7595/7595
f 7595/7595 7594/7594 7596/7596
f 7596/7596 7598/7598 7602/7602
f 8261/8261 8260/8260 8253/8253
f 8253/8253 8249/8249 8250/8250
f 8249/8249 8247/8247 8246/8246
f 8250/8250 8249/8249 8246/8246
f 8246/8246 8247/8247 8248/8248
f 7494/7494 6933/6933 6932/6932
f 6913/6913 6912/6912 6911/6911
f 6930/6930 6929/6929 7141/7141
f 6930/6930 7141/7141 7115/7115
f 8117/8117 8118/8118 8119/8119
f 6700/6700 6696/6696 6701/6701
f 6701/6701 6696/6696 7142/7142
f 8223/8223 8224/8224 8221/8221
f 6747/6747 6748/6748 6749/6749
f 5471/5471 5353/5353 5386/5386
f 5766/5766 5821/5821 5423/5423
f 7589/7589 7607/7607 7592/7592
f 7591/7591 7592/7592 7593/7593
f 7593/7593 7592/7592 7594/7594
f 8260/8260 8259/8259 8253/8253
f 8253/8253 8259/8259 8258/8258
f 8253/8253 8258/8258 8249/8249
f 5308/5308 5309/5309 5310/5310
f 6933/6933 6917/6917 6932/6932
f 6932/6932 6917/6917 6913/6913
f 6913/6913 6917/6917 6912/6912
f 6911/6911 6912/6912 6910/6910
f 6911/6911 6910/6910 6904/6904
f 6929/6929 6927/6927 7141/7141
f 1743/1743 1748/1748 1747/1747
f 1748/1748 1801/1801 1802/1802
f 5471/5471 5472/5472 5353/5353
f 1129/1129 1126/1126 1128/1128
f 1126/1126 1127/1127 1128/1128
f 1128/1128 1127/1127 1317/1317
f 7561/7561 7563/7563 7564/7564
f 4564/4564 4567/4567 4566/4566
f 4566/4566 4567/4567 4549/4549
f 4566/4566 4549/4549 4548/4548
f 4549/4549 4550/4550 4546/4546
f 4548/4548 4549/4549 4546/4546
f 7594/7594 7597/7597 7596/7596
f 7596/7596 7597/7597 7598/7598
f 7598/7598 7597/7597 7599/7599
f 7598/7598 7599/7599 7600/7600
f 7600/7600 7599/7599 7601/7601
f 7494/7494 6934/6934 6933/6933
f 6910/6910 6907/6907 6904/6904
f 6904/6904 6907/6907 6906/6906
f 8121/8121 8122/8122 8123/8123
f 6927/6927 6928/6928 7141/7141
f 7141/7141 6699/6699 6700/6700
f 6700/6700 6699/6699 6696/6696
f 5363/5363 5332/5332 5351/5351
f 5358/5358 5360/5360 5359/5359
f 5359/5359 5421/5421 5766/5766
f 5359/5359 5360/5360 5421/5421
f 7594/7594 7606/7606 7597/7597
f 7597/7597 7606/7606 7605/7605
f 7597/7597 7605/7605 7604/7604
f 7597/7597 7604/7604 7603/7603
f 7597/7597 7603/7603 7599/7599
f 4720/4720 4722/4722 4721/4721
f 6934/6934 6917/6917 6933/6933
f 6917/6917 7071/7071 6912/6912
f 6906/6906 6907/6907 7068/7068
f 7068/7068 6907/6907 6918/6918
f 7068/7068 6918/6918 6921/6921
f 6918/6918 6920/6920 6921/6921
f 6921/6921 6920/6920 6922/6922
f 6922/6922 6920/6920 6924/6924
f 6920/6920 6931/6931 6924/6924
f 8124/8124 8122/8122 8121/8121
f 6924/6924 6931/6931 6928/6928
f 5409/5409 5410/5410 5411/5411
f 5766/5766 5421/5421 5821/5821
f 5334/5334 5350/5350 5365/5365
f 4567/4567 4552/4552 4549/4549
f 4549/4549 4552/4552 4551/4551
f 4549/4549 4551/4551 4550/4550
f 7607/7607 7610/7610 7592/7592
f 7592/7592 7609/7609 7608/7608
f 7592/7592 7608/7608 7594/7594
f 6910/6910 6914/6914 6907/6907
f 6907/6907 6914/6914 6918/6918
f 6918/6918 6914/6914 6919/6919
f 6918/6918 6919/6919 6920/6920
f 6920/6920 6919/6919 6931/6931
f 8124/8124 8144/8144 8125/8125
f 8124/8124 8125/8125 8122/8122
f 8122/8122 8125/8125 8126/8126
f 6749/6749 6751/6751 6750/6750
f 6750/6750 6751/6751 6752/6752
f 5407/5407 5410/5410 5409/5409
f 5421/5421 5943/5943 5821/5821
f 5821/5821 5943/5943 5423/5423
f 5332/5332 5341/5341 5351/5351
f 5351/5351 5341/5341 5358/5358
f 1129/1129 1125/1125 1126/1126
f 1127/1127 1318/1318 1317/1317
f 1317/1317 1318/1318 1300/1300
f 7561/7561 7562/7562 7563/7563
f 4567/4567 4568/4568 4552/4552
f 4519/4519 4513/4513 4516/4516
f 4552/4552 4568/4568 4569/4569
f 4552/4552 4569/4569 4570/4570
f 4513/4513 4514/4514 4515/4515
f 7592/7592 7610/7610 7609/7609
f 8287/8287 8285/8285 8283/8283
f 8287/8287 8283/8283 8300/8300
f 6917/6917 7072/7072 7071/7071
f 8275/8275 8274/8274 8277/8277
f 8277/8277 8274/8274 8278/8278
f 6912/6912 7937/7937 7119/7119
f 6912/6912 7119/7119 6910/6910
f 7119/7119 6915/6915 6910/6910
f 6910/6910 6915/6915 6914/6914
f 6914/6914 7065/7065 6919/6919
f 6698/6698 6696/6696 6699/6699
f 537/537 470/470 423/423
f 5479/5479 5562/5562 5407/5407
f 5407/5407 5562/5562 5410/5410
f 1746/1746 1807/1807 1801/1801
f 1748/1748 1746/1746 1801/1801
f 5472/5472 5859/5859 5353/5353
f 5360/5360 5361/5361 5421/5421
f 6066/6066 6071/6071 6072/6072
f 6073/6073 6066/6066 6072/6072
f 5328/5328 5365/5365 5329/5329
f 5421/5421 5361/5361 5943/5943
f 1318/1318 1313/1313 1300/1300
f 1300/1300 1297/1297 1295/1295
f 7560/7560 7536/7536 7561/7561
f 4568/4568 4571/4571 4569/4569
f 4514/4514 4518/4518 4517/4517
f 4514/4514 4517/4517 4515/4515
f 7608/7608 7997/7997 7594/7594
f 7594/7594 7997/7997 7606/7606
f 5008/5008 5009/5009 5010/5010
f 5011/5011 5008/5008 5010/5010
f 6941/6941 6940/6940 6939/6939
f 6939/6939 6940/6940 6936/6936
f 8285/8285 8284/8284 8283/8283
f 7072/7072 7073/7073 7071/7071
f 7076/7076 7075/7075 7074/7074
f 7076/7076 8024/8024 7078/7078
f 7074/7074 7075/7075 7073/7073
f 7076/7076 7077/7077 7075/7075
f 7076/7076 7078/7078 7077/7077
f 8272/8272 8274/8274 8275/8275
f 7077/7077 7080/7080 7075/7075
f 8272/8272 8273/8273 8274/8274
f 7079/7079 7922/7922 7077/7077
f 7077/7077 7922/7922 7080/7080
f 7922/7922 8002/8002 7080/7080
f 8002/8002 7119/7119 7937/7937
f 8273/8273 8276/8276 8274/8274
f 7079/7079 7116/7116 7922/7922
f 8199/8199 8198/8198 8200/8200
f 8200/8200 8198/8198 8201/8201
f 8202/8202 8195/8195 8199/8199
f 8199/8199 8195/8195 8198/8198
f 8195/8195 8197/8197 8198/8198
f 8009/8009 7120/7120 6915/6915
f 8009/8009 6915/6915 7119/7119
f 8195/8195 8196/8196 8197/8197
f 7120/7120 6914/6914 6915/6915
f 7065/7065 7066/7066 6919/6919
f 8144/8144 8127/8127 8125/8125
f 7142/7142 6693/6693 6694/6694
f 6748/6748 6754/6754 6749/6749
f 5414/5414 5417/5417 5416/5416
f 5416/5416 5417/5417 5431/5431
f 5358/5358 5361/5361 5360/5360
f 5330/5330 5329/5329 5332/5332
f 7561/7561 7536/7536 7562/7562
f 7563/7563 7562/7562 7632/7632
f 4883/4883 4884/4884 4880/4880
f 4883/4883 4880/4880 4882/4882
f 4479/4479 4480/4480 4481/4481
f 4479/4479 4481/4481 4482/4482
f 4882/4882 4880/4880 4881/4881
f 4480/4480 4483/4483 4481/4481
f 4880/4880 4879/4879 4863/4863
f 4881/4881 4880/4880 4863/4863
f 4879/4879 4878/4878 4863/4863
f 4878/4878 4877/4877 4868/4868
f 4863/4863 4878/4878 4868/4868
f 1998/1998 1980/1980 2001/2001
f 1980/1980 1968/1968 1956/1956
f 2001/2001 1980/1980 1956/1956
f 1968/1968 1957/1957 1956/1956
f 1956/1956 1957/1957 1958/1958
f 1956/1956 1958/1958 1959/1959
f 8289/8289 8288/8288 8284/8284
f 8279/8279 8280/8280 8281/8281
f 7009/7009 7006/7006 7007/7007
f 7009/7009 7007/7007 8024/8024
f 8282/8282 8283/8283 8284/8284
f 8304/8304 8307/8307 8308/8308
f 8304/8304 8306/8306 8307/8307
f 8024/8024 7074/7074 7947/7947
f 7074/7074 7073/7073 7072/7072
f 7947/7947 7074/7074 7072/7072
f 7078/7078 7081/7081 7079/7079
f 7081/7081 7082/7082 7079/7079
f 7079/7079 7082/7082 7116/7116
f 8202/8202 8203/8203 8195/8195
f 8195/8195 8203/8203 8194/8194
f 8195/8195 8191/8191 8196/8196
f 8195/8195 8194/8194 8191/8191
f 8196/8196 8191/8191 8189/8189
f 8196/8196 8189/8189 8197/8197
f 7120/7120 7070/7070 6914/6914
f 7070/7070 7065/7065 6914/6914
f 5410/5410 5413/5413 5411/5411
f 1743/1743 1746/1746 1748/1748
f 6066/6066 6070/6070 6071/6071
f 1240/1240 1243/1243 1241/1241
f 7548/7548 7533/7533 7560/7560
f 7560/7560 7533/7533 7536/7536
f 7562/7562 7806/7806 7807/7807
f 7807/7807 7806/7806 7808/7808
f 7806/7806 7887/7887 7808/7808
f 7610/7610 7887/7887 7849/7849
f 7610/7610 7849/7849 7609/7609
f 1992/1992 1988/1988 1998/1998
f 1998/1998 1988/1988 1980/1980
f 1974/1974 1968/1968 1979/1979
f 1979/1979 1968/1968 1980/1980
f 1974/1974 1961/1961 1968/1968
f 1974/1974 1982/1982 1961/1961
f 1961/1961 1982/1982 1981/1981
f 1961/1961 1957/1957 1968/1968
f 1961/1961 1962/1962 1960/1960
f 1957/1957 1961/1961 1960/1960
f 1957/1957 1960/1960 1958/1958
f 8288/8288 8286/8286 8284/8284
f 8288/8288 8297/8297 8286/8286
f 7006/7006 7005/7005 7007/7007
f 8304/8304 8305/8305 8306/8306
f 7082/7082 7091/7091 7116/7116
f 8194/8194 8192/8192 8191/8191
f 8191/8191 8192/8192 8190/8190
f 8190/8190 8188/8188 8189/8189
f 8191/8191 8190/8190 8189/8189
f 8189/8189 8188/8188 8187/8187
f 8189/8189 8187/8187 8204/8204
f 8187/8187 8127/8127 8204/8204
f 8125/8125 8127/8127 8126/8126
f 5410/5410 5415/5415 5413/5413
f 1742/1742 1745/1745 1743/1743
f 1743/1743 1745/1745 1746/1746
f 5479/5479 5480/5480 5481/5481
f 5479/5479 5481/5481 5562/5562
f 1313/1313 1297/1297 1300/1300
f 1295/1295 1243/1243 1240/1240
f 7562/7562 7766/7766 7806/7806
f 7806/7806 7766/7766 7887/7887
f 1990/1990 1994/1994 1989/1989
f 1991/1991 1990/1990 1988/1988
f 1991/1991 1988/1988 1992/1992
f 1989/1989 1987/1987 1988/1988
f 1989/1989 1988/1988 1990/1990
f 1989/1989 1986/1986 1987/1987
f 1989/1989 1993/1993 1986/1986
f 1987/1987 1979/1979 1988/1988
f 1979/1979 1980/1980 1988/1988
f 1986/1986 1974/1974 1987/1987
f 1987/1987 1974/1974 1979/1979
f 1986/1986 1985/1985 1982/1982
f 1986/1986 1982/1982 1974/1974
f 1985/1985 1984/1984 1981/1981
f 1985/1985 1981/1981 1982/1982
f 1984/1984 1973/1973 1981/1981
f 2463/2463 2468/2468 2482/2482
f 1973/1973 1963/1963 1961/1961
f 1981/1981 1973/1973 1961/1961
f 1961/1961 1963/1963 1962/1962
f 1973/1973 1965/1965 1963/1963
f 1965/1965 1966/1966 1962/1962
f 1963/1963 1965/1965 1962/1962
f 1962/1962 1966/1966 1964/1964
f 1962/1962 1964/1964 1960/1960
f 1964/1964 1966/1966 1967/1967
f 7007/7007 7024/7024 7976/7976
f 7976/7976 7114/7114 7081/7081
f 7114/7114 7083/7083 7081/7081
f 7081/7081 7083/7083 7082/7082
f 7082/7082 7083/7083 7084/7084
f 7082/7082 7084/7084 7091/7091
f 7091/7091 7084/7084 7092/7092
f 7091/7091 7092/7092 7117/7117
f 7117/7117 7092/7092 7095/7095
f 8192/8192 8193/8193 8190/8190
f 7104/7104 7097/7097 7103/7103
f 7104/7104 7103/7103 7105/7105
f 8186/8186 8127/8127 8187/8187
f 8188/8188 8186/8186 8187/8187
f 8127/8127 8128/8128 8126/8126
f 5358/5358 5473/5473 5361/5361
f 6066/6066 6068/6068 6070/6070
f 1297/1297 1243/1243 1295/1295
f 7766/7766 7804/7804 7887/7887
f 7887/7887 7804/7804 7972/7972
f 7887/7887 7972/7972 7849/7849
f 2418/2418 2412/2412 2413/2413
f 1995/1995 1994/1994 1991/1991
f 1995/1995 1991/1991 1996/1996
f 1991/1991 1992/1992 1997/1997
f 1996/1996 1991/1991 1997/1997
f 2418/2418 2413/2413 2419/2419
f 1994/1994 1993/1993 1989/1989
f 2419/2419 2461/2461 2469/2469
f 2461/2461 2445/2445 2469/2469
f 2469/2469 2445/2445 2465/2465
f 2465/2465 2445/2445 2463/2463
f 2463/2463 2445/2445 2451/2451
f 2463/2463 2451/2451 2468/2468
f 2451/2451 2464/2464 2468/2468
f 2468/2468 2483/2483 2482/2482
f 2464/2464 2475/2475 2468/2468
f 2468/2468 2475/2475 2483/2483
f 1973/1973 1972/1972 1965/1965
f 1972/1972 1969/1969 1965/1965
f 1972/1972 1983/1983 1969/1969
f 1969/1969 1970/1970 1966/1966
f 1965/1965 1969/1969 1966/1966
f 1966/1966 1970/1970 1971/1971
f 1966/1966 1971/1971 1967/1967
f 7001/7001 7024/7024 7003/7003
f 7001/7001 6999/6999 7024/7024
f 7001/7001 7003/7003 7002/7002
f 7024/7024 6999/6999 8026/8026
f 7024/7024 8026/8026 7976/7976
f 7084/7084 7093/7093 7092/7092
f 7095/7095 7096/7096 7097/7097
f 7096/7096 7098/7098 7097/7097
f 7097/7097 7098/7098 7099/7099
f 7097/7097 7099/7099 7103/7103
f 8155/8155 8128/8128 8127/8127
f 8186/8186 8155/8155 8127/8127
f 8128/8128 8129/8129 8126/8126
f 6698/6698 6697/6697 6696/6696
f 8221/8221 8225/8225 8222/8222
f 6748/6748 7833/7833 6754/6754
f 6749/6749 6754/6754 6751/6751
f 5480/5480 5484/5484 5481/5481
f 1318/1318 1312/1312 1313/1313
f 1313/1313 1312/1312 1297/1297
f 1243/1243 1242/1242 1241/1241
f 7562/7562 7536/7536 7766/7766
f 7801/7801 7804/7804 7766/7766
f 1996/1996 1997/1997 2000/2000
f 1999/1999 1996/1996 2000/2000
f 2412/2412 2406/2406 2413/2413
f 1999/1999 1995/1995 1996/1996
f 2419/2419 2413/2413 2446/2446
f 2446/2446 2445/2445 2461/2461
f 2419/2419 2446/2446 2461/2461
f 2445/2445 2444/2444 2451/2451
f 2451/2451 2444/2444 2447/2447
f 2451/2451 2447/2447 2464/2464
f 1983/1983 1977/1977 1969/1969
f 1969/1969 1975/1975 1970/1970
f 1969/1969 1977/1977 1975/1975
f 1970/1970 1975/1975 1976/1976
f 1970/1970 1976/1976 1971/1971
f 8301/8301 8302/8302 8303/8303
f 7114/7114 7086/7086 7083/7083
f 7083/7083 7086/7086 7085/7085
f 7083/7083 7085/7085 7084/7084
f 7085/7085 7111/7111 7084/7084
f 7084/7084 7111/7111 7093/7093
f 7093/7093 7094/7094 7092/7092
f 7092/7092 7094/7094 7095/7095
f 7094/7094 7096/7096 7095/7095
f 8155/8155 8130/8130 8128/8128
f 8128/8128 8130/8130 8129/8129
f 5414/5414 5474/5474 5417/5417
f 6751/6751 6755/6755 6752/6752
f 5857/5857 5419/5419 5415/5415
f 5415/5415 5419/5419 5413/5413
f 1742/1742 1751/1751 1745/1745
f 5998/5998 5999/5999 6000/6000
f 5365/5365 5336/5336 5329/5329
f 1124/1124 1122/1122 1125/1125
f 1126/1126 1122/1122 1127/1127
f 2406/2406 2407/2407 2413/2413
f 2413/2413 2407/2407 2446/2446
f 2445/2445 2433/2433 2444/2444
f 2464/2464 2447/2447 2459/2459
f 2464/2464 2459/2459 2475/2475
f 2459/2459 2471/2471 2475/2475
f 3928/3928 3925/3925 3923/3923
f 3923/3923 3915/3915 3914/3914
f 3923/3923 3914/3914 3926/3926
f 1975/1975 1978/1978 1976/1976
f 3914/3914 3916/3916 3927/3927
f 3926/3926 3914/3914 3927/3927
f 7022/7022 6996/6996 7000/7000
f 7096/7096 7102/7102 7098/7098
f 7098/7098 7100/7100 7099/7099
f 8155/8155 8140/8140 8130/8130
f 6696/6696 6692/6692 7142/7142
f 5414/5414 5418/5418 5474/5474
f 1127/1127 1319/1319 1318/1318
f 1318/1318 1319/1319 1312/1312
f 7536/7536 7534/7534 7766/7766
f 7801/7801 7803/7803 7804/7804
f 2406/2406 2397/2397 2401/2401
f 2406/2406 2401/2401 2407/2407
f 2407/2407 2401/2401 2452/2452
f 2407/2407 2452/2452 2446/2446
f 2446/2446 2433/2433 2445/2445
f 2444/2444 2433/2433 2434/2434
f 2444/2444 2443/2443 2447/2447
f 3925/3925 3913/3913 3923/3923
f 3923/3923 3913/3913 3915/3915
f 6999/6999 7890/7890 8023/8023
f 6999/6999 8023/8023 8026/8026
f 8185/8185 8184/8184 8183/8183
f 8026/8026 7088/7088 7114/7114
f 7114/7114 7088/7088 7086/7086
f 7086/7086 7087/7087 7085/7085
f 7087/7087 7090/7090 7085/7085
f 7085/7085 7090/7090 7111/7111
f 8153/8153 8152/8152 8148/8148
f 7111/7111 7106/7106 7093/7093
f 7096/7096 7999/7999 7102/7102
f 7102/7102 7101/7101 7098/7098
f 7098/7098 7101/7101 7100/7100
f 8130/8130 8131/8131 8129/8129
f 5859/5859 5385/5385 5353/5353
f 5353/5353 5385/5385 5350/5350
f 5998/5998 6001/6001 5999/5999
f 6069/6069 6067/6067 6066/6066
f 6066/6066 6067/6067 6068/6068
f 5484/5484 5486/5486 5481/5481
f 5485/5485 5772/5772 5484/5484
f 3439/3439 3323/3323 3344/3344
f 1319/1319 1309/1309 1312/1312
f 1312/1312 1309/1309 1297/1297
f 7533/7533 7532/7532 7536/7536
f 2397/2397 2393/2393 2401/2401
f 2444/2444 2434/2434 2443/2443
f 2447/2447 2443/2443 2450/2450
f 2447/2447 2450/2450 2459/2459
f 2459/2459 2450/2450 2471/2471
f 2450/2450 2466/2466 2471/2471
f 3925/3925 3920/3920 3913/3913
f 3913/3913 3901/3901 3915/3915
f 3901/3901 3900/3900 3914/3914
f 3915/3915 3901/3901 3914/3914
f 3900/3900 3899/3899 3916/3916
f 3914/3914 3900/3900 3916/3916
f 6996/6996 6997/6997 6999/6999
f 7088/7088 7087/7087 7086/7086
f 7106/7106 7118/7118 7094/7094
f 7093/7093 7106/7106 7094/7094
f 7094/7094 7118/7118 7112/7112
f 7094/7094 7112/7112 7096/7096
f 7096/7096 7112/7112 7999/7999
f 8132/8132 8131/8131 8130/8130
f 8140/8140 8132/8132 8130/8130
f 5857/5857 5858/5858 5419/5419
f 5329/5329 5336/5336 5332/5332
f 1122/1122 1118/1118 1127/1127
f 1127/1127 1118/1118 1319/1319
f 7766/7766 7543/7543 7801/7801
f 7801/7801 7802/7802 7803/7803
f 2379/2379 2397/2397 2381/2381
f 2379/2379 2393/2393 2397/2397
f 2393/2393 2399/2399 2401/2401
f 2401/2401 2399/2399 2452/2452
f 2452/2452 2448/2448 2446/2446
f 2448/2448 2435/2435 2446/2446
f 2446/2446 2435/2435 2433/2433
f 2434/2434 2437/2437 2443/2443
f 3920/3920 3911/3911 3913/3913
f 3913/3913 3911/3911 3901/3901
f 7088/7088 7089/7089 7087/7087
f 8137/8137 8134/8134 8141/8141
f 8141/8141 8134/8134 8132/8132
f 8132/8132 8134/8134 8133/8133
f 8132/8132 8133/8133 8131/8131
f 7142/7142 6692/6692 6693/6693
f 5474/5474 5856/5856 5417/5417
f 5419/5419 5955/5955 5418/5418
f 5473/5473 5341/5341 5357/5357
f 5340/5340 5336/5336 5365/5365
f 1309/1309 1296/1296 1297/1297
f 1297/1297 1296/1296 1272/1272
f 1297/1297 1272/1272 1243/1243
f 7801/7801 7543/7543 7802/7802
f 2379/2379 2377/2377 2393/2393
f 2399/2399 2448/2448 2452/2452
f 2437/2437 2440/2440 2443/2443
f 2443/2443 2440/2440 2450/2450
f 2440/2440 2458/2458 2450/2450
f 2450/2450 2458/2458 2466/2466
f 3911/3911 3893/3893 3901/3901
f 3901/3901 3893/3893 3895/3895
f 3901/3901 3895/3895 3900/3900
f 3900/3900 3895/3895 3899/3899
f 8148/8148 8147/8147 8145/8145
f 8137/8137 8136/8136 8134/8134
f 8134/8134 8135/8135 8133/8133
f 7943/7943 7130/7130 7144/7144
f 6692/6692 6689/6689 6693/6693
f 6693/6693 6689/6689 6694/6694
f 5418/5418 5987/5987 5474/5474
f 5267/5267 5256/5256 5266/5266
f 6228/6228 6227/6227 6229/6229
f 5875/5875 5874/5874 5859/5859
f 5859/5859 5874/5874 5385/5385
f 7548/7548 7547/7547 7533/7533
f 7536/7536 7532/7532 7534/7534
f 7766/7766 7534/7534 7543/7543
f 2377/2377 2389/2389 2393/2393
f 2393/2393 2389/2389 2396/2396
f 2393/2393 2396/2396 2399/2399
f 2399/2399 2396/2396 2456/2456
f 2399/2399 2456/2456 2448/2448
f 2448/2448 2436/2436 2435/2435
f 2435/2435 2436/2436 2431/2431
f 2435/2435 2431/2431 2433/2433
f 2433/2433 2432/2432 2434/2434
f 2434/2434 2432/2432 2437/2437
f 3895/3895 3897/3897 3899/3899
f 7890/7890 6659/6659 8023/8023
f 8184/8184 8182/8182 8183/8183
f 8183/8183 8182/8182 8181/8181
f 8178/8178 8179/8179 8180/8180
f 8181/8181 8178/8178 8180/8180
f 7087/7087 7108/7108 7107/7107
f 7087/7087 7107/7107 7090/7090
f 8152/8152 8151/8151 8148/8148
f 8148/8148 8151/8151 8147/8147
f 8138/8138 8136/8136 8137/8137
f 8136/8136 8135/8135 8134/8134
f 7943/7943 7140/7140 7130/7130
f 7144/7144 7130/7130 6697/6697
f 6696/6696 6691/6691 6692/6692
f 562/562 469/469 470/470
f 5267/5267 5258/5258 5256/5256
f 5587/5587 5588/5588 5592/5592
f 5486/5486 5589/5589 5588/5588
f 2403/2403 2375/2375 2376/2376
f 2448/2448 2456/2456 2436/2436
f 2431/2431 2432/2432 2433/2433
f 2440/2440 2455/2455 2458/2458
f 2458/2458 2455/2455 2467/2467
f 2458/2458 2467/2467 2466/2466
f 3919/3919 3910/3910 3911/3911
f 3920/3920 3919/3919 3911/3911
f 3911/3911 3910/3910 3894/3894
f 3911/3911 3894/3894 3893/3893
f 3894/3894 3896/3896 3895/3895
f 3893/3893 3894/3894 3895/3895
f 3895/3895 3896/3896 3897/3897
f 7025/7025 8020/8020 8021/8021
f 7025/7025 7993/7993 6998/6998
f 7890/7890 6656/6656 6659/6659
f 8147/8147 8146/8146 8145/8145
f 8145/8145 8146/8146 8142/8142
f 8142/8142 8139/8139 8138/8138
f 8145/8145 8142/8142 8138/8138
f 8138/8138 8139/8139 8136/8136
f 7949/7949 7958/7958 7137/7137
f 7949/7949 7137/7137 7140/7140
f 7137/7137 7132/7132 7140/7140
f 7140/7140 7132/7132 7130/7130
f 7130/7130 7129/7129 6697/6697
f 7129/7129 6691/6691 6697/6697
f 5955/5955 5956/5956 5418/5418
f 5588/5588 5591/5591 5592/5592
f 1745/1745 1750/1750 1749/1749
f 1745/1745 1749/1749 1746/1746
f 1746/1746 1749/1749 1812/1812
f 5385/5385 5364/5364 5340/5340
f 5341/5341 5342/5342 5343/5343
f 5341/5341 5343/5343 5357/5357
f 5336/5336 5337/5337 5332/5332
f 5332/5332 5337/5337 5341/5341
f 1118/1118 1315/1315 1319/1319
f 1315/1315 1296/1296 1309/1309
f 1319/1319 1315/1315 1309/1309
f 2377/2377 2378/2378 2389/2389
f 2390/2390 2395/2395 2396/2396
f 2389/2389 2390/2390 2396/2396
f 2396/2396 2395/2395 2456/2456
f 2437/2437 2432/2432 2439/2439
f 2437/2437 2439/2439 2440/2440
f 8020/8020 7879/7879 8021/8021
f 6656/6656 6655/6655 6659/6659
f 8182/8182 8178/8178 8181/8181
f 8178/8178 8175/8175 8179/8179
f 8151/8151 8154/8154 8147/8147
f 8142/8142 8143/8143 8139/8139
f 7138/7138 7137/7137 7958/7958
f 7130/7130 7131/7131 7129/7129
f 6689/6689 6695/6695 6694/6694
f 6694/6694 6695/6695 7833/7833
f 6754/6754 7799/7799 6751/6751
f 1745/1745 1751/1751 1750/1750
f 5364/5364 5338/5338 5340/5340
f 5343/5343 5470/5470 5357/5357
f 5357/5357 5470/5470 5772/5772
f 6133/6133 6134/6134 6135/6135
f 5589/5589 5590/5590 5588/5588
f 5340/5340 5338/5338 5336/5336
f 1243/1243 1244/1244 1242/1242
f 2403/2403 2384/2384 2375/2375
f 2439/2439 2442/2442 2440/2440
f 2442/2442 2454/2454 2440/2440
f 2440/2440 2454/2454 2455/2455
f 2455/2455 2478/2478 2467/2467
f 3919/3919 3909/3909 3910/3910
f 3909/3909 3902/3902 3894/3894
f 3910/3910 3909/3909 3894/3894
f 3894/3894 3902/3902 3896/3896
f 8020/8020 7926/7926 6990/6990
f 8020/8020 6990/6990 7879/7879
f 7879/7879 6990/6990 7878/7878
f 6656/6656 6654/6654 6655/6655
f 7108/7108 7109/7109 7107/7107
f 8151/8151 8164/8164 8154/8154
f 8154/8154 8146/8146 8147/8147
f 8146/8146 8149/8149 8142/8142
f 7138/7138 7135/7135 7137/7137
f 7135/7135 7134/7134 7132/7132
f 7137/7137 7135/7135 7132/7132
f 7132/7132 7134/7134 7133/7133
f 7132/7132 7133/7133 7131/7131
f 1315/1315 1314/1314 1296/1296
f 7534/7534 7542/7542 7543/7543
f 2395/2395 2402/2402 2456/2456
f 2456/2456 2402/2402 2449/2449
f 2456/2456 2449/2449 2436/2436
f 2454/2454 2474/2474 2455/2455
f 2455/2455 2474/2474 2478/2478
f 3902/3902 3903/3903 3896/3896
f 3896/3896 3903/3903 3905/3905
f 3896/3896 3905/3905 3898/3898
f 6986/6986 6990/6990 7926/7926
f 6654/6654 6651/6651 6655/6655
f 6655/6655 6651/6651 6659/6659
f 6659/6659 6651/6651 7866/7866
f 6659/6659 7866/7866 7867/7867
f 8178/8178 8176/8176 8175/8175
f 7110/7110 7109/7109 7108/7108
f 8150/8150 8156/8156 8142/8142
f 8149/8149 8150/8150 8142/8142
f 8142/8142 8156/8156 8143/8143
f 7138/7138 7136/7136 7135/7135
f 7136/7136 7139/7139 7134/7134
f 7135/7135 7136/7136 7134/7134
f 7134/7134 7139/7139 7133/7133
f 7133/7133 7151/7151 7131/7131
f 7131/7131 7151/7151 7129/7129
f 7129/7129 8001/8001 6691/6691
f 5259/5259 5260/5260 5255/5255
f 5257/5257 5259/5259 5255/5255
f 5874/5874 5906/5906 5385/5385
f 5385/5385 5906/5906 5364/5364
f 6134/6134 6136/6136 6135/6135
f 5336/5336 5338/5338 5337/5337
f 1124/1124 1165/1165 1134/1134
f 1296/1296 1275/1275 1272/1272
f 1272/1272 1244/1244 1243/1243
f 2390/2390 2385/2385 2394/2394
f 2395/2395 2394/2394 2402/2402
f 2436/2436 2438/2438 2431/2431
f 2431/2431 2438/2438 2432/2432
f 2432/2432 2438/2438 2439/2439
f 3912/3912 3908/3908 3902/3902
f 3908/3908 3904/3904 3902/3902
f 3902/3902 3904/3904 3903/3903
f 3905/3905 3906/3906 3898/3898
f 6987/6987 6989/6989 6990/6990
f 6986/6986 6987/6987 6990/6990
f 6990/6990 6989/6989 7878/7878
f 8164/8164 8158/8158 8154/8154
f 8154/8154 8149/8149 8146/8146
f 8319/8319 8320/8320 8321/8321
f 7991/7991 7963/7963 7136/7136
f 7136/7136 7963/7963 7139/7139
f 8309/8309 8310/8310 8311/8311
f 8310/8310 8313/8313 8311/8311
f 7833/7833 7799/7799 6754/6754
f 7799/7799 6756/6756 6751/6751
f 6756/6756 6757/6757 6755/6755
f 6751/6751 6756/6756 6755/6755
f 5259/5259 5261/5261 5260/5260
f 6134/6134 6137/6137 6136/6136
f 1272/1272 1273/1273 1244/1244
f 7547/7547 7531/7531 7533/7533
f 7533/7533 7531/7531 7532/7532
f 7534/7534 7538/7538 7542/7542
f 2385/2385 2391/2391 2394/2394
f 2394/2394 2400/2400 2402/2402
f 2402/2402 2400/2400 2449/2449
f 2449/2449 2441/2441 2436/2436
f 2436/2436 2441/2441 2438/2438
f 2439/2439 2457/2457 2442/2442
f 2442/2442 2457/2457 2470/2470
f 2442/2442 2470/2470 2454/2454
f 2454/2454 2470/2470 2474/2474
f 3912/3912 3918/3918 3908/3908
f 3904/3904 3908/3908 3907/3907
f 6987/6987 6988/6988 6989/6989
f 6648/6648 6649/6649 6651/6651
f 6652/6652 6648/6648 6651/6651
f 8176/8176 8177/8177 8174/8174
f 8176/8176 8174/8174 8175/8175
f 8175/8175 8174/8174 8164/8164
f 8154/8154 8158/8158 8157/8157
f 8154/8154 8157/8157 8149/8149
f 8011/8011 7978/7978 8012/8012
f 8013/8013 8011/8011 8012/8012
f 8012/8012 7978/7978 8025/8025
f 8315/8315 8316/8316 8317/8317
f 7151/7151 8001/8001 7129/7129
f 6691/6691 6689/6689 6692/6692
f 5856/5856 5724/5724 5723/5723
f 5337/5337 5366/5366 5342/5342
f 5343/5343 5393/5393 5470/5470
f 5470/5470 5393/5393 5759/5759
f 6134/6134 6138/6138 6137/6137
f 7534/7534 7537/7537 7538/7538
f 2388/2388 2416/2416 2405/2405
f 2392/2392 2404/2404 2391/2391
f 2391/2391 2404/2404 2400/2400
f 2400/2400 2409/2409 2449/2449
f 2409/2409 2441/2441 2449/2449
f 2438/2438 2453/2453 2439/2439
f 2439/2439 2453/2453 2457/2457
f 2453/2453 2479/2479 2457/2457
f 2457/2457 2479/2479 2470/2470
f 3924/3924 3917/3917 3918/3918
f 3918/3918 3917/3917 3908/3908
f 3908/3908 3917/3917 3907/3907
f 8355/8355 8354/8354 8356/8356
f 8356/8356 8354/8354 8359/8359
f 8359/8359 8354/8354 8360/8360
f 8177/8177 8205/8205 8174/8174
f 8174/8174 8205/8205 8165/8165
f 8174/8174 8165/8165 8164/8164
f 8165/8165 8159/8159 8164/8164
f 8164/8164 8159/8159 8158/8158
f 8158/8158 8159/8159 8157/8157
f 7978/7978 6627/6627 6630/6630
f 7978/7978 6630/6630 8025/8025
f 7991/7991 6630/6630 6629/6629
f 8313/8313 8310/8310 8314/8314
f 5896/5896 5895/5895 5855/5855
f 5364/5364 5456/5456 5338/5338
f 5322/5322 5323/5323 5324/5324
f 2405/2405 2416/2416 2420/2420
f 2409/2409 2462/2462 2441/2441
f 2441/2441 2462/2462 2438/2438
f 2438/2438 2462/2462 2460/2460
f 2438/2438 2460/2460 2453/2453
f 2460/2460 2476/2476 2453/2453
f 2453/2453 2476/2476 2479/2479
f 3921/3921 3929/3929 3906/3906
f 8205/8205 8163/8163 8165/8165
f 8165/8165 8163/8163 8159/8159
f 8159/8159 8163/8163 8160/8160
f 8159/8159 8160/8160 8157/8157
f 8157/8157 8160/8160 8161/8161
f 6638/6638 6627/6627 7978/7978
f 6618/6618 6619/6619 6623/6623
f 6623/6623 6619/6619 6634/6634
f 6634/6634 6619/6619 8001/8001
f 6689/6689 6690/6690 7152/7152
f 6689/6689 7152/7152 6695/6695
f 6695/6695 7152/7152 7833/7833
f 5853/5853 5720/5720 5724/5724
f 5855/5855 5854/5854 5853/5853
f 5895/5895 5854/5854 5855/5855
f 5500/5500 5394/5394 5469/5469
f 5906/5906 5456/5456 5364/5364
f 5338/5338 5339/5339 5337/5337
f 5337/5337 5339/5339 5366/5366
f 5366/5366 5344/5344 5342/5342
f 5342/5342 5344/5344 5343/5343
f 5343/5343 5344/5344 5393/5393
f 1314/1314 1307/1307 1296/1296
f 1296/1296 1307/1307 1275/1275
f 7531/7531 7529/7529 7532/7532
f 7538/7538 7537/7537 7539/7539
f 2416/2416 2421/2421 2420/2420
f 2480/2480 2473/2473 2462/2462
f 2462/2462 2473/2473 2472/2472
f 2462/2462 2472/2472 2460/2460
f 2460/2460 2472/2472 2477/2477
f 2460/2460 2477/2477 2476/2476
f 1873/1873 1867/1867 1862/1862
f 1873/1873 1862/1862 1879/1879
f 8348/8348 8345/8345 8347/8347
f 6639/6639 6607/6607 6669/6669
f 6669/6669 6607/6607 7996/7996
f 7996/7996 6607/6607 6642/6642
f 6607/6607 6609/6609 6642/6642
f 8166/8166 8162/8162 8163/8163
f 8163/8163 8162/8162 8160/8160
f 6632/6632 6631/6631 6628/6628
f 6637/6637 6613/6613 6618/6618
f 8367/8367 8368/8368 8369/8369
f 6681/6681 6682/6682 8001/8001
f 8001/8001 6682/6682 6691/6691
f 7152/7152 6769/6769 7833/7833
f 7833/7833 6769/6769 7799/7799
f 5724/5724 5720/5720 5723/5723
f 5899/5899 5954/5954 5854/5854
f 6163/6163 6161/6161 6160/6160
f 6160/6160 6161/6161 6162/6162
f 5393/5393 5394/5394 5500/5500
f 1118/1118 1117/1117 1315/1315
f 7532/7532 7529/7529 7534/7534
f 1865/1865 1874/1874 1857/1857
f 2421/2421 2422/2422 2423/2423
f 1857/1857 1874/1874 1855/1855
f 1848/1848 1849/1849 1850/1850
f 6600/6600 6598/6598 6599/6599
f 6618/6618 6617/6617 6619/6619
f 6617/6617 6620/6620 6619/6619
f 6620/6620 6622/6622 6619/6619
f 6619/6619 6622/6622 7834/7834
f 7834/7834 6679/6679 6681/6681
f 8368/8368 8370/8370 8369/8369
f 6679/6679 6680/6680 6681/6681
f 6681/6681 6680/6680 6682/6682
f 665/665 666/666 584/584
f 665/665 584/584 563/563
f 5720/5720 5721/5721 5723/5723
f 5394/5394 5468/5468 5469/5469
f 5352/5352 5339/5339 5338/5338
f 5366/5366 5902/5902 5344/5344
f 2895/2895 2897/2897 2907/2907
f 1315/1315 1117/1117 1314/1314
f 1307/1307 1306/1306 1275/1275
f 1275/1275 1273/1273 1272/1272
f 1273/1273 1247/1247 1244/1244
f 1244/1244 1247/1247 1246/1246
f 7534/7534 7535/7535 7537/7537
f 2421/2421 2416/2416 2422/2422
f 2422/2422 2424/2424 2423/2423
f 2423/2423 2424/2424 2425/2425
f 2425/2425 2424/2424 2426/2426
f 2424/2424 2427/2427 2426/2426
f 2426/2426 2427/2427 2428/2428
f 2428/2428 2427/2427 2429/2429
f 2429/2429 2427/2427 2430/2430
f 6639/6639 6604/6604 6607/6607
f 6609/6609 6607/6607 6608/6608
f 6609/6609 6608/6608 6610/6610
f 6610/6610 6608/6608 6611/6611
f 6612/6612 6611/6611 6613/6613
f 6618/6618 6613/6613 6617/6617
f 6617/6617 6621/6621 6620/6620
f 6679/6679 6677/6677 6680/6680
f 6682/6682 6689/6689 6691/6691
f 1762/1762 1758/1758 1751/1751
f 5468/5468 5499/5499 5975/5975
f 1751/1751 1758/1758 1750/1750
f 1750/1750 1777/1777 1749/1749
f 5394/5394 5396/5396 5468/5468
f 5456/5456 5352/5352 5338/5338
f 5339/5339 5902/5902 5366/5366
f 5344/5344 5394/5394 5393/5393
f 1121/1121 1120/1120 1119/1119
f 7534/7534 7529/7529 7535/7535
f 8030/8030 8029/8029 8031/8031
f 8003/8003 6664/6664 6596/6596
f 6596/6596 6664/6664 6567/6567
f 6596/6596 6567/6567 6595/6595
f 6567/6567 6572/6572 6594/6594
f 6595/6595 6567/6567 6594/6594
f 6594/6594 6572/6572 6598/6598
f 6598/6598 6572/6572 6599/6599
f 8348/8348 8349/8349 8345/8345
f 7896/7896 6672/6672 7895/7895
f 6610/6610 6611/6611 6612/6612
f 6611/6611 6616/6616 6613/6613
f 6613/6613 6616/6616 6617/6617
f 6616/6616 6633/6633 6617/6617
f 6617/6617 6633/6633 6641/6641
f 6617/6617 6641/6641 6621/6621
f 6680/6680 6683/6683 6682/6682
f 451/451 459/459 377/377
f 5954/5954 5465/5465 5854/5854
f 5854/5854 5465/5465 5853/5853
f 1758/1758 1759/1759 1750/1750
f 1750/1750 1759/1759 1777/1777
f 5394/5394 5395/5395 5396/5396
f 5902/5902 5395/5395 5344/5344
f 5344/5344 5395/5395 5394/5394
f 7537/7537 7540/7540 7539/7539
f 8030/8030 8027/8027 8029/8029
f 6567/6567 6571/6571 6572/6572
f 6599/6599 6572/6572 6672/6672
f 6672/6672 7894/7894 7895/7895
f 6607/6607 6602/6602 6608/6608
f 6615/6615 6614/6614 6608/6608
f 6608/6608 6614/6614 6611/6611
f 6688/6688 7914/7914 6680/6680
f 6677/6677 6688/6688 6680/6680
f 6680/6680 7914/7914 6683/6683
f 6682/6682 6683/6683 6689/6689
f 6769/6769 6761/6761 7799/7799
f 7799/7799 6759/6759 6756/6756
f 5432/5432 5457/5457 5499/5499
f 5396/5396 5432/5432 5499/5499
f 5395/5395 5432/5432 5396/5396
f 5339/5339 5371/5371 5374/5374
f 5339/5339 5374/5374 5428/5428
f 5339/5339 5428/5428 5902/5902
f 6150/6150 6149/6149 6148/6148
f 7537/7537 7541/7541 7540/7540
f 8027/8027 8028/8028 8029/8029
f 7968/7968 6570/6570 6664/6664
f 6664/6664 6570/6570 6567/6567
f 6570/6570 6568/6568 6567/6567
f 6567/6567 6568/6568 6569/6569
f 6567/6567 6569/6569 6571/6571
f 6572/6572 6574/6574 6672/6672
f 6672/6672 6585/6585 6593/6593
f 7894/7894 6672/6672 6593/6593
f 6604/6604 6602/6602 6607/6607
f 6641/6641 7920/7920 6621/6621
f 5720/5720 5719/5719 5721/5721
f 5465/5465 5715/5715 5853/5853
f 6759/6759 6758/6758 6756/6756
f 6756/6756 6758/6758 6757/6757
f 6148/6148 6147/6147 6146/6146
f 5395/5395 5433/5433 5432/5432
f 5905/5905 5382/5382 5906/5906
f 5906/5906 5382/5382 5456/5456
f 5456/5456 5373/5373 5352/5352
f 5352/5352 5371/5371 5339/5339
f 6149/6149 6147/6147 6148/6148
f 7535/7535 7544/7544 7537/7537
f 5160/5160 5151/5151 5168/5168
f 5162/5162 5176/5176 5168/5168
f 5176/5176 5177/5177 5168/5168
f 5163/5163 5173/5173 5162/5162
f 5162/5162 5173/5173 5176/5176
f 5163/5163 5170/5170 5173/5173
f 5173/5173 5175/5175 5176/5176
f 5176/5176 5175/5175 5177/5177
f 5170/5170 5174/5174 5173/5173
f 5173/5173 5174/5174 5175/5175
f 5175/5175 5178/5178 5177/5177
f 5174/5174 5179/5179 5175/5175
f 5175/5175 5179/5179 5178/5178
f 5179/5179 5180/5180 5178/5178
f 5179/5179 5174/5174 5180/5180
f 6569/6569 6671/6671 6571/6571
f 6671/6671 6597/6597 6571/6571
f 6571/6571 6573/6573 6572/6572
f 6574/6574 6576/6576 6585/6585
f 6672/6672 6574/6574 6585/6585
f 6668/6668 6603/6603 6604/6604
f 6604/6604 6603/6603 6602/6602
f 6602/6602 6636/6636 6608/6608
f 6608/6608 6636/6636 6615/6615
f 4026/4026 4011/4011 4021/4021
f 4026/4026 4014/4014 4011/4011
f 4011/4011 4010/4010 4020/4020
f 4021/4021 4011/4011 4020/4020
f 4020/4020 4017/4017 4044/4044
f 6683/6683 6690/6690 6689/6689
f 1759/1759 1783/1783 1777/1777
f 5905/5905 5420/5420 5382/5382
f 5352/5352 5372/5372 5371/5371
f 1306/1306 1274/1274 1275/1275
f 7529/7529 7764/7764 7535/7535
f 7544/7544 7541/7541 7537/7537
f 5147/5147 5151/5151 5150/5150
f 5150/5150 5151/5151 5143/5143
f 5147/5147 5161/5161 5155/5155
f 5155/5155 5181/5181 5151/5151
f 5147/5147 5155/5155 5151/5151
f 5181/5181 5168/5168 5151/5151
f 5161/5161 5162/5162 5155/5155
f 5155/5155 5162/5162 5181/5181
f 5161/5161 5169/5169 5165/5165
f 5161/5161 5165/5165 5163/5163
f 5161/5161 5163/5163 5162/5162
f 5165/5165 5170/5170 5163/5163
f 5165/5165 5172/5172 5170/5170
f 5165/5165 5169/5169 5171/5171
f 5165/5165 5171/5171 5172/5172
f 5172/5172 5187/5187 5170/5170
f 5187/5187 5174/5174 5170/5170
f 1040/1040 1060/1060 1066/1066
f 5187/5187 5183/5183 5174/5174
f 5187/5187 5188/5188 5183/5183
f 5183/5183 5182/5182 5174/5174
f 5174/5174 5182/5182 5180/5180
f 5188/5188 5185/5185 5183/5183
f 5183/5183 5185/5185 5184/5184
f 5183/5183 5184/5184 5182/5182
f 5184/5184 5186/5186 5182/5182
f 5184/5184 5191/5191 5186/5186
f 5186/5186 5191/5191 5194/5194
f 6597/6597 6573/6573 6571/6571
f 6572/6572 6573/6573 6574/6574
f 6668/6668 6606/6606 6603/6603
f 1671/1671 1670/1670 1672/1672
f 4025/4025 4013/4013 4019/4019
f 4013/4013 4014/4014 4018/4018
f 4019/4019 4013/4013 4018/4018
f 4018/4018 4014/4014 4026/4026
f 4018/4018 4026/4026 4027/4027
f 4025/4025 4022/4022 4013/4013
f 4025/4025 4036/4036 4022/4022
f 4022/4022 4006/4006 4013/4013
f 4013/4013 4006/4006 4012/4012
f 4013/4013 4012/4012 4014/4014
f 4030/4030 4024/4024 4022/4022
f 4036/4036 4030/4030 4022/4022
f 4022/4022 4024/4024 4006/4006
f 4012/4012 4011/4011 4014/4014
f 4006/4006 4008/4008 4012/4012
f 4012/4012 4008/4008 4011/4011
f 4030/4030 4037/4037 4023/4023
f 4030/4030 4023/4023 4024/4024
f 4023/4023 4009/4009 4006/4006
f 4024/4024 4023/4023 4006/4006
f 4006/4006 4009/4009 4007/4007
f 4006/4006 4007/4007 4008/4008
f 4008/4008 4007/4007 4010/4010
f 4008/4008 4010/4010 4011/4011
f 4023/4023 4015/4015 4009/4009
f 4009/4009 4015/4015 4007/4007
f 4015/4015 4016/4016 4007/4007
f 4016/4016 4017/4017 4010/4010
f 4007/4007 4016/4016 4010/4010
f 4010/4010 4017/4017 4020/4020
f 8005/8005 8004/8004 6633/6633
f 6633/6633 8004/8004 6641/6641
f 7799/7799 6761/6761 6759/6759
f 5433/5433 5458/5458 5457/5457
f 5433/5433 5457/5457 5432/5432
f 6147/6147 6144/6144 6146/6146
f 5371/5371 5483/5483 5374/5374
f 1117/1117 1307/1307 1314/1314
f 1247/1247 1248/1248 1246/1246
f 5141/5141 5142/5142 5143/5143
f 5145/5145 5144/5144 5158/5158
f 5144/5144 5145/5145 5146/5146
f 5145/5145 5158/5158 5147/5147
f 5158/5158 5161/5161 5147/5147
f 5158/5158 5167/5167 5161/5161
f 5161/5161 5167/5167 5169/5169
f 1049/1049 1030/1030 1040/1040
f 1040/1040 1036/1036 1060/1060
f 5193/5193 5188/5188 5187/5187
f 1036/1036 1046/1046 1067/1067
f 1060/1060 1036/1036 1067/1067
f 5193/5193 5189/5189 5188/5188
f 5188/5188 5189/5189 5185/5185
f 5189/5189 5192/5192 5185/5185
f 5189/5189 5196/5196 5192/5192
f 5185/5185 5192/5192 5190/5190
f 5185/5185 5190/5190 5184/5184
f 5184/5184 5190/5190 5191/5191
f 5191/5191 5190/5190 5194/5194
f 6573/6573 6575/6575 6574/6574
f 6575/6575 6577/6577 6576/6576
f 6574/6574 6575/6575 6576/6576
f 6576/6576 6577/6577 6592/6592
f 6592/6592 6577/6577 6580/6580
f 6606/6606 6605/6605 6603/6603
f 6589/6589 6601/6601 6602/6602
f 6602/6602 6601/6601 6636/6636
f 1670/1670 1671/1671 1669/1669
f 4039/4039 4025/4025 4038/4038
f 4038/4038 4025/4025 4019/4019
f 4019/4019 4018/4018 4028/4028
f 4028/4028 4018/4018 4029/4029
f 4039/4039 4036/4036 4025/4025
f 4129/4129 4112/4112 4127/4127
f 4112/4112 4106/4106 4127/4127
f 4127/4127 4106/4106 4128/4128
f 4128/4128 4106/4106 4107/4107
f 4037/4037 4015/4015 4023/4023
f 4037/4037 4034/4034 4015/4015
f 4037/4037 4042/4042 4034/4034
f 4034/4034 4032/4032 4015/4015
f 4015/4015 4032/4032 4031/4031
f 4015/4015 4031/4031 4016/4016
f 4016/4016 4031/4031 4033/4033
f 4016/4016 4033/4033 4017/4017
f 4033/4033 4041/4041 4017/4017
f 8468/8468 8469/8469 8470/8470
f 6827/6827 6831/6831 7920/7920
f 8470/8470 8469/8469 8471/8471
f 6688/6688 8007/8007 7914/7914
f 5457/5457 5465/5465 5954/5954
f 1768/1768 1761/1761 1762/1762
f 1762/1762 1761/1761 1758/1758
f 5429/5429 5430/5430 5450/5450
f 2898/2898 2899/2899 2897/2897
f 1273/1273 1249/1249 1247/1247
f 7529/7529 7528/7528 7764/7764
f 7535/7535 7545/7545 7544/7544
f 5144/5144 5156/5156 5157/5157
f 5148/5148 5144/5144 5146/5146
f 5148/5148 5146/5146 5149/5149
f 5146/5146 5150/5150 5142/5142
f 5149/5149 5146/5146 5142/5142
f 5157/5157 5158/5158 5144/5144
f 5157/5157 5166/5166 5158/5158
f 5158/5158 5166/5166 5167/5167
f 1030/1030 1027/1027 1040/1040
f 1040/1040 1027/1027 1036/1036
f 5197/5197 5196/5196 5189/5189
f 5193/5193 5197/5197 5189/5189
f 1067/1067 1046/1046 1068/1068
f 5196/5196 5198/5198 5192/5192
f 5192/5192 5195/5195 5190/5190
f 5192/5192 5198/5198 5195/5195
f 5195/5195 5198/5198 5200/5200
f 5190/5190 5195/5195 5194/5194
f 5195/5195 5200/5200 5194/5194
f 6573/6573 6582/6582 6575/6575
f 6577/6577 6575/6575 6578/6578
f 6577/6577 6578/6578 6580/6580
f 6578/6578 7769/7769 6581/6581
f 6580/6580 6578/6578 6581/6581
f 6581/6581 7769/7769 6670/6670
f 7769/7769 6589/6589 6605/6605
f 8365/8365 8366/8366 8364/8364
f 6605/6605 6589/6589 6603/6603
f 6603/6603 6589/6589 6602/6602
f 1697/1697 1703/1703 1694/1694
f 1694/1694 1704/1704 1692/1692
f 1704/1704 1670/1670 1667/1667
f 1692/1692 1704/1704 1667/1667
f 1667/1667 1670/1670 1669/1669
f 4129/4129 4125/4125 4096/4096
f 4129/4129 4096/4096 4112/4112
f 4096/4096 4093/4093 4106/4106
f 4112/4112 4096/4096 4106/4106
f 4093/4093 4095/4095 4107/4107
f 4106/4106 4093/4093 4107/4107
f 4107/4107 4095/4095 4126/4126
f 4034/4034 4042/4042 4040/4040
f 4034/4034 4035/4035 4032/4032
f 4034/4034 4040/4040 4035/4035
f 4032/4032 4035/4035 4031/4031
f 1843/1843 1830/1830 1831/1831
f 4031/4031 4041/4041 4033/4033
f 1818/1818 1822/1822 1831/1831
f 1830/1830 1818/1818 1831/1831
f 1831/1831 1822/1822 1844/1844
f 6831/6831 6827/6827 6830/6830
f 6827/6827 6828/6828 6829/6829
f 6830/6830 6827/6827 6829/6829
f 6829/6829 6828/6828 8007/8007
f 8007/8007 6828/6828 7143/7143
f 8007/8007 7143/7143 7914/7914
f 7914/7914 7143/7143 6683/6683
f 6683/6683 7143/7143 6690/6690
f 5715/5715 5719/5719 5720/5720
f 5853/5853 5715/5715 5720/5720
f 1758/1758 1760/1760 1759/1759
f 1759/1759 1760/1760 1783/1783
f 5382/5382 5373/5373 5456/5456
f 5372/5372 5426/5426 5371/5371
f 5371/5371 5426/5426 5483/5483
f 5483/5483 5426/5426 5966/5966
f 5483/5483 5966/5966 5430/5430
f 5483/5483 5430/5430 5374/5374
f 7535/7535 7546/7546 7545/7545
f 5156/5156 5159/5159 5157/5157
f 5157/5157 5159/5159 5166/5166
f 1032/1032 1031/1031 1026/1026
f 1032/1032 1026/1026 1030/1030
f 1030/1030 1026/1026 1027/1027
f 1036/1036 1027/1027 1028/1028
f 1036/1036 1028/1028 1046/1046
f 1046/1046 1048/1048 1068/1068
f 5197/5197 5201/5201 5196/5196
f 1068/1068 1048/1048 1065/1065
f 5201/5201 5199/5199 5196/5196
f 5196/5196 5199/5199 5198/5198
f 5200/5200 5202/5202 5194/5194
f 6582/6582 6583/6583 6575/6575
f 6578/6578 6579/6579 6589/6589
f 7769/7769 6578/6578 6589/6589
f 6579/6579 6591/6591 6589/6589
f 6589/6589 6591/6591 6601/6601
f 1695/1695 1697/1697 1694/1694
f 1695/1695 1696/1696 1697/1697
f 4093/4093 4091/4091 4095/4095
f 4126/4126 4095/4095 4109/4109
f 4126/4126 4109/4109 4134/4134
f 4134/4134 4109/4109 4133/4133
f 1834/1834 1832/1832 1841/1841
f 1841/1841 1832/1832 1830/1830
f 1832/1832 1819/1819 1830/1830
f 1830/1830 1819/1819 1818/1818
f 1822/1822 1820/1820 1844/1844
f 8230/8230 8229/8229 8226/8226
f 1758/1758 1761/1761 1760/1760
f 5420/5420 5379/5379 5382/5382
f 5382/5382 5379/5379 5373/5373
f 5453/5453 5452/5452 5430/5430
f 5451/5451 5467/5467 5450/5450
f 5430/5430 5451/5451 5450/5450
f 6144/6144 6145/6145 6146/6146
f 5373/5373 5372/5372 5352/5352
f 5430/5430 5452/5452 5451/5451
f 1135/1135 1123/1123 1120/1120
f 1117/1117 1123/1123 1307/1307
f 1247/1247 1249/1249 1248/1248
f 1106/1106 1081/1081 1084/1084
f 5156/5156 5164/5164 5159/5159
f 1033/1033 1031/1031 1032/1032
f 1056/1056 1033/1033 1032/1032
f 1026/1026 1016/1016 1027/1027
f 1027/1027 1016/1016 1023/1023
f 1027/1027 1023/1023 1028/1028
f 1046/1046 1028/1028 1042/1042
f 1046/1046 1042/1042 1048/1048
f 5199/5199 5203/5203 5198/5198
f 5203/5203 5204/5204 5198/5198
f 5204/5204 5205/5205 5200/5200
f 5198/5198 5204/5204 5200/5200
f 5200/5200 5205/5205 5202/5202
f 6575/6575 6579/6579 6578/6578
f 1687/1687 1696/1696 1695/1695
f 4113/4113 4094/4094 4096/4096
f 4125/4125 4113/4113 4096/4096
f 4096/4096 4094/4094 4093/4093
f 4093/4093 4084/4084 4091/4091
f 1834/1834 1833/1833 1832/1832
f 1832/1832 1833/1833 1819/1819
f 1818/1818 1820/1820 1822/1822
f 1820/1820 1821/1821 1844/1844
f 6827/6827 6826/6826 6823/6823
f 6827/6827 6823/6823 6828/6828
f 6828/6828 6823/6823 7143/7143
f 666/666 585/585 584/584
f 5458/5458 5459/5459 5457/5457
f 5457/5457 5459/5459 5465/5465
f 5453/5453 5455/5455 5452/5452
f 1273/1273 1274/1274 1249/1249
f 1249/1249 1250/1250 1248/1248
f 1248/1248 1250/1250 1251/1251
f 7527/7527 7528/7528 7529/7529
f 7530/7530 7527/7527 7529/7529
f 1053/1053 1056/1056 1085/1085
f 1056/1056 1053/1053 1033/1033
f 1026/1026 1017/1017 1016/1016
f 1028/1028 1024/1024 1042/1042
f 1042/1042 1054/1054 1065/1065
f 1048/1048 1042/1042 1065/1065
f 1065/1065 1054/1054 1073/1073
f 2586/2586 2575/2575 2585/2585
f 2585/2585 2575/2575 2581/2581
f 2584/2584 2583/2583 2578/2578
f 6579/6579 6663/6663 6591/6591
f 1687/1687 1693/1693 1696/1696
f 4125/4125 4124/4124 4113/4113
f 4094/4094 4081/4081 4093/4093
f 4093/4093 4081/4081 4084/4084
f 4091/4091 4092/4092 4095/4095
f 4095/4095 4092/4092 4109/4109
f 4109/4109 4092/4092 4110/4110
f 4110/4110 4136/4136 4133/4133
f 4109/4109 4110/4110 4133/4133
f 1833/1833 1816/1816 1819/1819
f 1816/1816 1817/1817 1818/1818
f 1819/1819 1816/1816 1818/1818
f 1817/1817 1821/1821 1820/1820
f 1818/1818 1817/1817 1820/1820
f 7152/7152 6765/6765 6769/6769
f 5719/5719 5722/5722 5721/5721
f 5458/5458 5460/5460 5459/5459
f 5467/5467 5461/5461 5458/5458
f 5455/5455 5488/5488 5452/5452
f 5373/5373 5375/5375 5372/5372
f 5372/5372 5770/5770 5426/5426
f 5452/5452 5488/5488 5451/5451
f 1135/1135 1136/1136 1123/1123
f 7535/7535 7764/7764 7546/7546
f 1106/1106 1079/1079 1081/1081
f 1085/1085 1087/1087 1053/1053
f 1053/1053 1043/1043 1033/1033
f 1031/1031 1022/1022 1026/1026
f 1023/1023 1024/1024 1028/1028
f 2575/2575 2576/2576 2581/2581
f 2576/2576 2579/2579 2582/2582
f 2581/2581 2576/2576 2582/2582
f 2582/2582 2579/2579 2583/2583
f 2583/2583 2579/2579 2578/2578
f 1681/1681 1686/1686 1683/1683
f 4116/4116 4103/4103 4113/4113
f 4124/4124 4116/4116 4113/4113
f 4113/4113 4103/4103 4094/4094
f 4091/4091 4089/4089 4092/4092
f 4110/4110 4123/4123 4136/4136
f 1833/1833 1828/1828 1816/1816
f 8229/8229 8227/8227 8226/8226
f 666/666 664/664 585/585
f 5465/5465 5463/5463 5715/5715
f 5488/5488 5978/5978 5451/5451
f 5451/5451 5978/5978 5467/5467
f 5372/5372 5390/5390 5770/5770
f 3187/3187 3186/3186 3185/3185
f 7764/7764 7897/7897 7546/7546
f 1078/1078 1074/1074 1087/1087
f 1087/1087 1092/1092 1053/1053
f 1053/1053 1092/1092 1043/1043
f 1033/1033 1022/1022 1031/1031
f 1026/1026 1022/1022 1017/1017
f 1024/1024 1047/1047 1042/1042
f 1042/1042 1047/1047 1054/1054
f 2580/2580 2573/2573 2575/2575
f 2579/2579 2576/2576 2577/2577
f 2579/2579 2577/2577 2578/2578
f 6579/6579 7848/7848 6663/6663
f 4103/4103 4088/4088 4094/4094
f 4094/4094 4088/4088 4081/4081
f 4081/4081 4083/4083 4084/4084
f 4084/4084 4089/4089 4091/4091
f 4084/4084 4083/4083 4089/4089
f 4110/4110 4092/4092 4123/4123
f 1833/1833 1836/1836 1828/1828
f 8226/8226 8227/8227 8228/8228
f 5459/5459 5463/5463 5465/5465
f 1768/1768 1769/1769 1761/1761
f 5467/5467 5978/5978 5461/5461
f 1761/1761 1769/1769 1763/1763
f 1761/1761 1763/1763 1760/1760
f 1760/1760 1763/1763 1783/1783
f 6090/6090 6091/6091 6092/6092
f 5455/5455 5952/5952 5488/5488
f 5375/5375 5376/5376 5372/5372
f 5372/5372 5376/5376 5390/5390
f 1123/1123 1143/1143 1307/1307
f 1307/1307 1143/1143 1306/1306
f 1306/1306 1294/1294 1274/1274
f 7528/7528 7526/7526 7764/7764
f 1087/1087 1074/1074 1092/1092
f 1043/1043 1035/1035 1033/1033
f 1033/1033 1035/1035 1022/1022
f 1024/1024 1039/1039 1047/1047
f 1047/1047 1055/1055 1054/1054
f 1054/1054 1055/1055 1071/1071
f 2575/2575 2573/2573 2557/2557
f 2575/2575 2557/2557 2576/2576
f 2576/2576 2557/2557 2567/2567
f 2576/2576 2567/2567 2577/2577
f 6575/6575 6590/6590 6579/6579
f 4092/4092 4111/4111 4123/4123
f 1836/1836 1835/1835 1828/1828
f 1828/1828 1825/1825 1816/1816
f 1816/1816 1825/1825 1823/1823
f 1816/1816 1823/1823 1817/1817
f 1823/1823 1824/1824 1821/1821
f 1817/1817 1823/1823 1821/1821
f 6826/6826 6825/6825 6823/6823
f 6761/6761 6762/6762 6760/6760
f 6761/6761 6760/6760 6759/6759
f 6759/6759 6760/6760 6758/6758
f 5978/5978 5464/5464 5461/5461
f 5379/5379 5378/5378 5373/5373
f 5373/5373 5378/5378 5375/5375
f 5390/5390 5952/5952 5847/5847
f 1074/1074 1093/1093 1092/1092
f 1092/1092 1093/1093 1043/1043
f 1016/1016 1017/1017 1018/1018
f 1016/1016 1018/1018 1023/1023
f 1023/1023 1018/1018 1024/1024
f 1047/1047 1039/1039 1055/1055
f 2574/2574 2555/2555 2573/2573
f 2573/2573 2555/2555 2557/2557
f 2567/2567 2566/2566 2577/2577
f 2577/2577 2566/2566 2578/2578
f 6583/6583 6584/6584 6575/6575
f 4088/4088 4082/4082 4081/4081
f 4089/4089 4090/4090 4092/4092
f 4092/4092 4090/4090 4111/4111
f 4111/4111 4072/4072 4123/4123
f 1836/1836 1842/1842 1835/1835
f 1828/1828 1835/1835 1825/1825
f 8229/8229 8231/8231 8227/8227
f 6769/6769 6765/6765 6761/6761
f 5715/5715 5718/5718 5719/5719
f 5459/5459 5462/5462 5463/5463
f 6760/6760 6887/6887 6758/6758
f 1768/1768 1770/1770 1769/1769
f 5376/5376 5383/5383 5390/5390
f 5390/5390 5383/5383 5388/5388
f 5390/5390 5388/5388 5952/5952
f 6085/6085 6084/6084 6083/6083
f 1249/1249 1252/1252 1250/1250
f 1079/1079 1083/1083 1080/1080
f 1077/1077 1090/1090 1074/1074
f 1074/1074 1090/1090 1093/1093
f 1093/1093 1052/1052 1043/1043
f 1043/1043 1052/1052 1035/1035
f 1018/1018 1025/1025 1024/1024
f 1024/1024 1025/1025 1039/1039
f 1039/1039 1058/1058 1055/1055
f 2556/2556 2552/2552 2555/2555
f 2574/2574 2556/2556 2555/2555
f 2555/2555 2554/2554 2557/2557
f 2557/2557 2554/2554 2559/2559
f 2557/2557 2559/2559 2567/2567
f 2567/2567 2559/2559 2566/2566
f 6575/6575 6584/6584 6590/6590
f 4116/4116 4119/4119 4102/4102
f 4116/4116 4102/4102 4103/4103
f 4103/4103 4102/4102 4088/4088
f 4081/4081 4082/4082 4083/4083
f 1835/1835 1829/1829 1825/1825
f 1825/1825 1829/1829 1826/1826
f 1825/1825 1826/1826 1823/1823
f 1826/1826 1827/1827 1824/1824
f 1823/1823 1826/1826 1824/1824
f 6825/6825 6822/6822 6823/6823
f 7152/7152 6767/6767 6765/6765
f 6765/6765 6762/6762 6761/6761
f 5719/5719 5744/5744 5722/5722
f 5715/5715 5497/5497 5718/5718
f 5822/5822 5380/5380 5420/5420
f 5420/5420 5380/5380 5379/5379
f 6083/6083 6079/6079 6082/6082
f 2903/2903 2938/2938 2936/2936
f 1136/1136 1137/1137 1123/1123
f 1123/1123 1137/1137 1143/1143
f 7527/7527 7526/7526 7528/7528
f 1083/1083 1088/1088 1080/1080
f 1090/1090 1094/1094 1093/1093
f 1093/1093 1094/1094 1052/1052
f 1035/1035 1034/1034 1022/1022
f 1034/1034 1020/1020 1022/1022
f 1025/1025 1044/1044 1039/1039
f 1044/1044 1058/1058 1039/1039
f 2559/2559 2561/2561 2566/2566
f 4083/4083 4087/4087 4089/4089
f 4089/4089 4087/4087 4090/4090
f 4090/4090 4118/4118 4111/4111
f 4111/4111 4118/4118 4072/4072
f 1835/1835 1840/1840 1829/1829
f 6822/6822 6815/6815 6823/6823
f 6082/6082 6079/6079 6081/6081
f 5388/5388 5389/5389 5952/5952
f 5952/5952 5389/5389 5733/5733
f 3101/3101 3106/3106 3175/3175
f 1137/1137 1140/1140 1143/1143
f 1143/1143 1140/1140 1306/1306
f 7526/7526 7512/7512 7764/7764
f 1052/1052 1094/1094 1034/1034
f 1052/1052 1034/1034 1035/1035
f 1022/1022 1020/1020 1017/1017
f 1020/1020 1019/1019 1017/1017
f 1017/1017 1019/1019 1018/1018
f 2552/2552 2549/2549 2554/2554
f 2554/2554 2549/2549 2559/2559
f 2559/2559 2549/2549 2560/2560
f 2559/2559 2560/2560 2561/2561
f 6584/6584 7891/7891 6590/6590
f 7848/7848 6835/6835 7971/7971
f 1688/1688 1691/1691 1699/1699
f 4119/4119 4115/4115 4102/4102
f 4102/4102 4098/4098 4088/4088
f 4088/4088 4098/4098 4082/4082
f 4082/4082 4085/4085 4083/4083
f 4085/4085 4087/4087 4083/4083
f 4118/4118 4069/4069 4072/4072
f 4069/4069 4070/4070 4071/4071
f 4072/4072 4069/4069 4071/4071
f 1829/1829 1837/1837 1826/1826
f 1837/1837 1838/1838 1827/1827
f 1826/1826 1837/1837 1827/1827
f 6822/6822 6821/6821 6815/6815
f 459/459 460/460 376/376
f 5477/5477 5462/5462 5460/5460
f 5379/5379 5380/5380 5378/5378
f 5375/5375 5377/5377 5376/5376
f 5376/5376 5377/5377 5383/5383
f 6084/6084 6079/6079 6083/6083
f 7512/7512 7511/7511 7764/7764
f 7764/7764 7511/7511 7897/7897
f 1088/1088 1083/1083 1098/1098
f 1091/1091 1061/1061 1094/1094
f 1090/1090 1091/1091 1094/1094
f 1094/1094 1061/1061 1034/1034
f 1034/1034 1037/1037 1020/1020
f 1018/1018 1019/1019 1025/1025
f 1044/1044 1045/1045 1059/1059
f 1044/1044 1059/1059 1058/1058
f 2553/2553 2547/2547 2552/2552
f 2556/2556 2553/2553 2552/2552
f 2552/2552 2547/2547 2549/2549
f 4098/4098 4086/4086 4082/4082
f 4082/4082 4086/4086 4085/4085
f 4087/4087 4097/4097 4090/4090
f 4097/4097 4108/4108 4090/4090
f 4108/4108 4069/4069 4118/4118
f 4090/4090 4108/4108 4118/4118
f 4069/4069 4045/4045 4070/4070
f 1840/1840 1839/1839 1829/1829
f 1829/1829 1839/1839 1837/1837
f 4051/4051 4045/4045 4050/4050
f 6762/6762 6763/6763 6760/6760
f 6763/6763 6882/6882 6887/6887
f 6760/6760 6763/6763 6887/6887
f 5464/5464 5846/5846 5477/5477
f 1770/1770 1771/1771 1769/1769
f 6079/6079 6080/6080 6081/6081
f 5383/5383 5387/5387 5388/5388
f 2904/2904 2905/2905 2903/2903
f 1306/1306 1140/1140 1294/1294
f 1083/1083 1101/1101 1098/1098
f 1091/1091 1095/1095 1061/1061
f 1034/1034 1061/1061 1037/1037
f 1037/1037 1021/1021 1020/1020
f 1019/1019 1029/1029 1025/1025
f 1025/1025 1029/1029 1041/1041
f 1041/1041 1045/1045 1044/1044
f 1025/1025 1041/1041 1044/1044
f 2553/2553 2550/2550 2547/2547
f 2547/2547 2548/2548 2549/2549
f 2549/2549 2548/2548 2558/2558
f 2558/2558 2562/2562 2560/2560
f 2562/2562 2563/2563 2560/2560
f 8382/8382 8381/8381 8379/8379
f 7892/7892 6590/6590 7891/7891
f 6579/6579 6590/6590 7848/7848
f 7848/7848 6808/6808 6835/6835
f 2249/2249 2218/2218 2224/2224
f 4102/4102 4115/4115 4104/4104
f 4102/4102 4104/4104 4098/4098
f 4085/4085 4097/4097 4087/4087
f 4069/4069 4056/4056 4045/4045
f 4045/4045 4048/4048 4050/4050
f 6821/6821 6820/6820 6815/6815
f 6815/6815 6824/6824 6823/6823
f 6765/6765 6766/6766 6762/6762
f 6762/6762 6764/6764 6763/6763
f 5846/5846 5872/5872 5477/5477
f 5477/5477 5872/5872 5462/5462
f 1771/1771 1772/1772 1769/1769
f 5824/5824 5823/5823 5822/5822
f 1769/1769 1772/1772 1763/1763
f 5822/5822 5823/5823 5380/5380
f 5380/5380 5466/5466 5378/5378
f 5466/5466 5381/5381 5375/5375
f 5378/5378 5466/5466 5375/5375
f 5375/5375 5381/5381 5377/5377
f 5389/5389 5732/5732 5733/5733
f 1136/1136 1138/1138 1137/1137
f 1140/1140 1308/1308 1294/1294
f 1294/1294 1270/1270 1274/1274
f 1061/1061 1069/1069 1037/1037
f 1021/1021 1029/1029 1019/1019
f 1041/1041 1057/1057 1045/1045
f 1045/1045 1057/1057 1059/1059
f 2553/2553 2572/2572 2550/2550
f 1691/1691 1700/1700 1702/1702
f 4115/4115 4122/4122 4104/4104
f 4104/4104 4101/4101 4098/4098
f 4098/4098 4101/4101 4086/4086
f 4086/4086 4099/4099 4085/4085
f 4085/4085 4100/4100 4097/4097
f 4100/4100 4108/4108 4097/4097
f 4108/4108 4066/4066 4069/4069
f 4066/4066 4056/4056 4069/4069
f 4056/4056 4049/4049 4045/4045
f 4049/4049 4046/4046 4045/4045
f 4045/4045 4046/4046 4047/4047
f 4045/4045 4047/4047 4048/4048
f 5823/5823 5860/5860 5380/5380
f 5380/5380 5860/5860 5466/5466
f 5377/5377 5387/5387 5383/5383
f 5732/5732 5734/5734 5733/5733
f 5733/5733 5734/5734 5735/5735
f 3101/3101 3107/3107 3106/3106
f 1249/1249 1270/1270 1252/1252
f 7510/7510 7507/7507 7509/7509
f 1061/1061 1099/1099 1069/1069
f 1037/1037 1069/1069 1051/1051
f 1037/1037 1051/1051 1021/1021
f 1021/1021 1051/1051 1038/1038
f 1021/1021 1038/1038 1029/1029
f 1038/1038 1050/1050 1029/1029
f 1050/1050 1057/1057 1041/1041
f 1029/1029 1050/1050 1041/1041
f 2572/2572 2571/2571 2550/2550
f 2550/2550 2571/2571 2551/2551
f 2550/2550 2551/2551 2548/2548
f 2548/2548 2551/2551 2564/2564
f 6808/6808 6834/6834 6835/6835
f 2218/2218 2223/2223 2219/2219
f 4101/4101 4099/4099 4086/4086
f 4085/4085 4099/4099 4100/4100
f 4108/4108 4068/4068 4066/4066
f 4066/4066 4054/4054 4056/4056
f 4056/4056 4054/4054 4049/4049
f 4049/4049 4054/4054 4046/4046
f 6820/6820 6819/6819 6815/6815
f 5377/5377 5391/5391 5387/5387
f 1138/1138 1139/1139 1137/1137
f 1137/1137 1139/1139 1140/1140
f 1252/1252 1253/1253 1250/1250
f 1250/1250 1253/1253 1251/1251
f 1069/1069 1104/1104 1070/1070
f 1069/1069 1070/1070 1051/1051
f 1070/1070 1064/1064 1051/1051
f 1051/1051 1064/1064 1038/1038
f 1064/1064 1063/1063 1038/1038
f 1038/1038 1063/1063 1062/1062
f 1038/1038 1062/1062 1050/1050
f 1050/1050 1062/1062 1057/1057
f 1057/1057 1062/1062 1072/1072
f 6808/6808 6833/6833 6834/6834
f 4122/4122 4121/4121 4104/4104
f 4121/4121 4117/4117 4104/4104
f 4104/4104 4117/4117 4101/4101
f 4101/4101 4117/4117 4105/4105
f 4101/4101 4105/4105 4099/4099
f 4100/4100 4068/4068 4108/4108
f 4068/4068 4060/4060 4054/4054
f 4054/4054 4053/4053 4046/4046
f 4046/4046 4053/4053 4052/4052
f 4046/4046 4052/4052 4047/4047
f 5462/5462 5497/5497 5463/5463
f 6763/6763 6880/6880 6882/6882
f 5872/5872 5565/5565 5462/5462
f 1771/1771 1773/1773 1772/1772
f 5377/5377 5482/5482 5391/5391
f 1139/1139 1141/1141 1140/1140
f 1140/1140 1141/1141 1308/1308
f 7512/7512 7507/7507 7511/7511
f 7511/7511 7507/7507 7510/7510
f 7509/7509 7507/7507 7508/7508
f 2643/2643 2638/2638 2644/2644
f 2645/2645 2642/2642 2647/2647
f 2645/2645 2647/2647 2646/2646
f 7521/7521 7519/7519 7520/7520
f 8381/8381 8377/8377 8379/8379
f 4105/4105 4117/4117 4120/4120
f 4105/4105 4120/4120 4114/4114
f 4105/4105 4114/4114 4099/4099
f 4114/4114 4073/4073 4100/4100
f 4099/4099 4114/4114 4100/4100
f 4100/4100 4073/4073 4068/4068
f 4073/4073 4067/4067 4068/4068
f 4068/4068 4067/4067 4060/4060
f 4057/4057 4058/4058 4052/4052
f 6818/6818 6817/6817 6815/6815
f 6818/6818 6815/6815 6819/6819
f 5565/5565 5501/5501 5462/5462
f 5462/5462 5501/5501 5497/5497
f 5860/5860 5957/5957 5466/5466
f 5466/5466 5957/5957 5381/5381
f 5387/5387 5475/5475 5389/5389
f 5389/5389 5475/5475 5732/5732
f 6077/6077 6076/6076 6078/6078
f 6078/6078 6076/6076 6079/6079
f 5518/5518 5516/5516 5846/5846
f 6079/6079 6076/6076 6080/6080
f 5381/5381 5482/5482 5377/5377
f 3105/3105 3098/3098 3215/3215
f 2626/2626 2632/2632 2627/2627
f 2627/2627 2632/2632 2637/2637
f 2637/2637 2632/2632 2641/2641
f 7519/7519 7518/7518 7505/7505
f 7519/7519 7505/7505 7520/7520
f 7520/7520 7505/7505 7522/7522
f 6833/6833 6808/6808 6832/6832
f 2233/2233 2230/2230 2228/2228
f 2227/2227 2233/2233 2228/2228
f 4130/4130 4132/4132 4120/4120
f 4117/4117 4130/4130 4120/4120
f 4120/4120 4079/4079 4114/4114
f 4114/4114 4079/4079 4073/4073
f 4073/4073 4074/4074 4067/4067
f 4060/4060 4061/4061 4059/4059
f 6767/6767 6766/6766 6765/6765
f 5846/5846 5516/5516 5872/5872
f 5516/5516 5511/5511 5565/5565
f 5872/5872 5516/5516 5565/5565
f 5957/5957 5851/5851 5381/5381
f 5381/5381 5851/5851 5482/5482
f 5391/5391 5392/5392 5387/5387
f 5387/5387 5392/5392 5475/5475
f 6077/6077 6074/6074 6076/6076
f 1173/1173 1163/1163 1138/1138
f 1270/1270 1254/1254 1252/1252
f 1252/1252 1254/1254 1253/1253
f 7527/7527 7525/7525 7526/7526
f 7526/7526 7525/7525 7512/7512
f 7507/7507 7504/7504 7508/7508
f 7508/7508 7504/7504 7513/7513
f 7513/7513 7505/7505 7518/7518
f 2233/2233 2240/2240 2239/2239
f 2230/2230 2233/2233 2239/2239
f 4080/4080 4075/4075 4079/4079
f 4132/4132 4080/4080 4079/4079
f 4079/4079 4075/4075 4074/4074
f 4074/4074 4075/4075 4065/4065
f 6762/6762 6768/6768 6764/6764
f 6764/6764 6879/6879 6763/6763
f 6763/6763 6879/6879 6880/6880
f 5824/5824 5825/5825 5823/5823
f 5823/5823 5825/5825 5860/5860
f 6086/6086 6075/6075 6074/6074
f 5519/5519 5517/5517 5518/5518
f 6074/6074 6075/6075 6076/6076
f 5518/5518 5517/5517 5516/5516
f 7513/7513 7504/7504 7505/7505
f 8377/8377 8378/8378 8379/8379
f 7498/7498 7497/7497 7848/7848
f 8379/8379 8378/8378 8380/8380
f 7848/7848 7497/7497 6808/6808
f 6832/6832 6808/6808 6809/6809
f 5206/5206 5207/5207 5208/5208
f 6817/6817 6816/6816 6815/6815
f 8234/8234 8232/8232 8231/8231
f 8231/8231 8232/8232 8227/8227
f 5565/5565 5511/5511 5501/5501
f 1773/1773 1778/1778 1772/1772
f 5824/5824 5826/5826 5825/5825
f 5860/5860 5825/5825 5957/5957
f 5482/5482 5478/5478 5391/5391
f 5391/5391 5478/5478 5392/5392
f 1139/1139 1142/1142 1141/1141
f 1141/1141 1142/1142 1293/1293
f 1141/1141 1293/1293 1308/1308
f 1308/1308 1293/1293 1294/1294
f 1254/1254 1255/1255 1253/1253
f 7504/7504 7507/7507 7506/7506
f 7504/7504 7498/7498 7505/7505
f 6808/6808 6807/6807 6809/6809
f 6809/6809 6807/6807 6810/6810
f 6812/6812 6810/6810 6811/6811
f 6816/6816 6811/6811 6815/6815
f 6811/6811 6814/6814 6815/6815
f 6086/6086 6087/6087 6075/6075
f 3098/3098 3214/3214 3215/3215
f 1294/1294 1269/1269 1270/1270
f 1270/1270 1269/1269 1254/1254
f 1253/1253 1326/1326 1251/1251
f 7527/7527 7558/7558 7525/7525
f 7504/7504 7506/7506 7501/7501
f 7504/7504 7501/7501 7498/7498
f 6810/6810 6807/6807 6811/6811
f 8234/8234 8235/8235 8232/8232
f 8232/8232 8233/8233 8227/8227
f 6767/6767 7835/7835 6766/6766
f 6768/6768 7814/7814 6764/6764
f 6764/6764 7814/7814 6879/6879
f 5501/5501 5502/5502 5497/5497
f 5517/5517 5513/5513 5516/5516
f 5516/5516 5513/5513 5511/5511
f 3098/3098 3093/3093 3214/3214
f 1139/1139 1144/1144 1142/1142
f 1293/1293 1269/1269 1294/1294
f 6808/6808 6806/6806 6807/6807
f 5502/5502 5509/5509 5497/5497
f 5497/5497 5509/5509 5718/5718
f 7814/7814 6883/6883 6879/6879
f 6879/6879 6883/6883 6881/6881
f 6879/6879 6881/6881 6880/6880
f 1773/1773 1806/1806 1778/1778
f 6074/6074 6089/6089 6088/6088
f 6074/6074 6088/6088 6086/6086
f 6086/6086 6088/6088 6087/6087
f 6029/6029 6030/6030 6031/6031
f 5478/5478 5942/5942 5392/5392
f 5523/5523 5520/5520 5519/5519
f 5519/5519 5520/5520 5517/5517
f 5517/5517 5520/5520 5521/5521
f 2909/2909 2910/2910 2908/2908
f 1253/1253 1255/1255 1326/1326
f 7501/7501 7500/7500 7498/7498
f 7498/7498 7500/7500 7499/7499
f 7499/7499 6836/6836 7498/7498
f 7498/7498 6836/6836 7497/7497
f 6766/6766 6770/6770 6762/6762
f 6762/6762 6770/6770 6768/6768
f 5826/5826 5827/5827 5825/5825
f 5825/5825 5827/5827 5957/5957
f 5513/5513 5512/5512 5511/5511
f 6031/6031 6030/6030 6032/6032
f 1142/1142 1146/1146 1293/1293
f 1293/1293 1146/1146 1269/1269
f 7512/7512 7506/7506 7507/7507
f 7506/7506 7514/7514 7501/7501
f 7514/7514 7503/7503 7501/7501
f 7501/7501 7503/7503 7502/7502
f 7502/7502 7500/7500 7501/7501
f 7497/7497 6836/6836 6808/6808
f 6808/6808 6836/6836 6806/6806
f 6806/6806 6804/6804 6807/6807
f 6837/6837 6814/6814 6807/6807
f 6807/6807 6814/6814 6811/6811
f 6030/6030 6033/6033 6032/6032
f 5482/5482 5995/5995 5942/5942
f 5482/5482 5942/5942 5478/5478
f 6220/6220 6223/6223 6221/6221
f 6768/6768 6771/6771 7814/7814
f 5511/5511 5510/5510 5501/5501
f 5844/5844 5828/5828 5826/5826
f 5826/5826 5828/5828 5827/5827
f 5827/5827 5842/5842 5957/5957
f 5957/5957 5842/5842 5840/5840
f 5957/5957 5840/5840 5839/5839
f 1144/1144 1145/1145 1142/1142
f 1142/1142 1145/1145 1146/1146
f 1269/1269 1256/1256 1254/1254
f 7760/7760 7503/7503 7514/7514
f 1430/1430 1424/1424 1419/1419
f 1424/1424 1418/1418 1419/1419
f 1418/1418 1414/1414 1416/1416
f 1419/1419 1418/1418 1416/1416
f 1416/1416 1414/1414 1410/1410
f 1410/1410 1414/1414 1411/1411
f 1410/1410 1411/1411 1412/1412
f 1412/1412 1411/1411 1413/1413
f 1412/1412 1413/1413 1415/1415
f 1415/1415 1420/1420 1417/1417
f 1412/1412 1415/1415 1417/1417
f 1417/1417 1420/1420 1421/1421
f 1417/1417 1421/1421 1423/1423
f 6836/6836 6805/6805 6806/6806
f 6807/6807 6804/6804 6837/6837
f 6837/6837 7484/7484 7480/7480
f 6837/6837 7480/7480 6814/6814
f 6786/6786 6784/6784 7835/7835
f 345/345 293/293 303/303
f 7814/7814 6884/6884 6883/6883
f 6883/6883 6884/6884 6881/6881
f 5511/5511 5512/5512 5510/5510
f 5995/5995 5596/5596 5942/5942
f 5942/5942 5596/5596 5528/5528
f 5521/5521 5515/5515 5513/5513
f 3093/3093 3068/3068 3214/3214
f 1146/1146 1148/1148 1269/1269
f 7514/7514 7761/7761 7760/7760
f 1434/1434 1432/1432 1430/1430
f 1430/1430 1432/1432 1431/1431
f 1430/1430 1431/1431 1424/1424
f 3875/3875 3859/3859 3852/3852
f 3875/3875 3877/3877 3891/3891
f 3875/3875 3852/3852 3877/3877
f 1443/1443 1437/1437 1436/1436
f 1440/1440 1443/1443 1436/1436
f 1437/1437 1418/1418 1424/1424
f 1436/1436 1437/1437 1424/1424
f 3877/3877 3878/3878 3891/3891
f 3877/3877 3852/3852 3878/3878
f 1437/1437 1414/1414 1418/1418
f 3852/3852 3871/3871 3878/3878
f 3878/3878 3890/3890 3891/3891
f 1443/1443 1444/1444 1414/1414
f 1443/1443 1414/1414 1437/1437
f 3878/3878 3885/3885 3890/3890
f 3878/3878 3871/3871 3885/3885
f 3885/3885 3889/3889 3890/3890
f 1444/1444 1445/1445 1414/1414
f 1445/1445 1411/1411 1414/1414
f 3871/3871 3872/3872 3885/3885
f 3887/3887 3892/3892 3889/3889
f 3885/3885 3887/3887 3889/3889
f 3885/3885 3872/3872 3887/3887
f 1445/1445 1446/1446 1413/1413
f 1445/1445 1413/1413 1411/1411
f 5245/5245 5246/5246 5247/5247
f 1441/1441 1415/1415 1413/1413
f 5253/5253 5248/5248 5245/5245
f 3872/3872 3879/3879 3887/3887
f 5245/5245 5248/5248 5246/5246
f 5253/5253 5254/5254 5249/5249
f 5253/5253 5249/5249 5248/5248
f 3887/3887 3879/3879 3884/3884
f 5249/5249 5250/5250 5246/5246
f 5248/5248 5249/5249 5246/5246
f 1442/1442 1420/1420 1415/1415
f 1441/1441 1442/1442 1415/1415
f 1420/1420 1422/1422 1421/1421
f 1421/1421 1422/1422 1423/1423
f 1423/1423 1422/1422 1425/1425
f 6806/6806 6805/6805 6804/6804
f 7480/7480 7481/7481 6814/6814
f 8235/8235 8237/8237 8236/8236
f 8235/8235 8236/8236 8232/8232
f 7835/7835 6877/6877 6766/6766
f 6766/6766 6877/6877 6770/6770
f 6770/6770 6771/6771 6768/6768
f 6771/6771 6878/6878 7814/7814
f 8041/8041 8042/8042 8043/8043
f 5839/5839 5977/5977 5995/5995
f 5596/5596 5525/5525 5528/5528
f 5525/5525 5524/5524 5523/5523
f 5528/5528 5525/5525 5523/5523
f 5515/5515 5514/5514 5513/5513
f 5513/5513 5514/5514 5512/5512
f 5523/5523 5524/5524 5520/5520
f 1168/1168 1162/1162 1144/1144
f 1255/1255 1325/1325 1326/1326
f 1326/1326 1325/1325 1324/1324
f 7796/7796 7514/7514 7506/7506
f 1434/1434 1435/1435 1432/1432
f 1658/1658 1661/1661 1660/1660
f 1661/1661 1665/1665 1660/1660
f 1660/1660 1665/1665 1664/1664
f 1658/1658 1662/1662 1661/1661
f 3854/3854 3742/3742 3859/3859
f 3859/3859 3742/3742 3852/3852
f 3742/3742 3740/3740 3852/3852
f 3740/3740 3871/3871 3852/3852
f 3740/3740 3829/3829 3871/3871
f 3740/3740 3774/3774 3781/3781
f 3740/3740 3781/3781 3829/3829
f 3829/3829 3781/3781 3775/3775
f 3829/3829 3872/3872 3871/3871
f 3829/3829 3830/3830 3872/3872
f 3829/3829 3775/3775 3830/3830
f 3830/3830 3823/3823 3872/3872
f 3830/3830 3775/3775 3823/3823
f 3823/3823 3879/3879 3872/3872
f 3775/3775 3776/3776 3823/3823
f 3823/3823 3831/3831 3884/3884
f 3823/3823 3884/3884 3879/3879
f 3823/3823 3776/3776 3831/3831
f 3831/3831 3888/3888 3884/3884
f 2705/2705 2706/2706 2707/2707
f 2708/2708 2705/2705 2707/2707
f 5251/5251 5252/5252 5250/5250
f 5249/5249 5251/5251 5250/5250
f 1438/1438 1422/1422 1420/1420
f 1442/1442 1438/1438 1420/1420
f 3831/3831 3883/3883 3888/3888
f 2705/2705 2691/2691 2692/2692
f 2705/2705 2692/2692 2706/2706
f 2706/2706 2692/2692 2704/2704
f 2692/2692 2693/2693 2704/2704
f 1438/1438 1425/1425 1422/1422
f 1425/1425 1426/1426 1423/1423
f 1423/1423 1426/1426 1427/1427
f 6805/6805 6802/6802 6804/6804
f 6804/6804 6803/6803 6837/6837
f 8543/8543 8544/8544 8545/8545
f 8532/8532 8514/8514 8526/8526
f 8526/8526 8514/8514 8525/8525
f 8509/8509 8510/8510 8501/8501
f 8510/8510 8521/8521 8501/8501
f 8501/8501 8521/8521 8523/8523
f 8525/8525 8514/8514 8505/8505
f 8523/8523 8504/8504 8501/8501
f 8523/8523 8508/8508 8504/8504
f 7480/7480 7482/7482 7481/7481
f 7481/7481 7482/7482 7483/7483
f 8237/8237 8238/8238 8236/8236
f 6884/6884 6885/6885 6881/6881
f 5828/5828 5829/5829 5827/5827
f 5827/5827 5829/5829 5842/5842
f 5995/5995 5977/5977 5596/5596
f 5524/5524 5934/5934 5520/5520
f 3068/3068 3067/3067 3184/3184
f 1145/1145 1147/1147 1146/1146
f 1146/1146 1147/1147 1148/1148
f 1269/1269 1148/1148 1256/1256
f 7512/7512 7523/7523 7506/7506
f 7506/7506 7523/7523 7796/7796
f 7514/7514 7762/7762 7761/7761
f 1653/1653 1660/1660 1654/1654
f 1654/1654 1660/1660 1664/1664
f 1658/1658 1660/1660 1653/1653
f 3854/3854 3838/3838 3735/3735
f 3735/3735 3738/3738 3742/3742
f 3854/3854 3735/3735 3742/3742
f 3738/3738 3740/3740 3742/3742
f 3738/3738 3739/3739 3740/3740
f 3739/3739 3744/3744 3740/3740
f 3740/3740 3744/3744 3774/3774
f 3774/3774 3763/3763 3781/3781
f 3781/3781 3763/3763 3775/3775
f 3763/3763 3762/3762 3775/3775
f 3775/3775 3762/3762 3776/3776
f 3776/3776 3768/3768 3831/3831
f 3831/3831 3845/3845 3883/3883
f 3831/3831 3768/3768 3845/3845
f 2688/2688 2687/2687 2691/2691
f 2691/2691 2687/2687 2686/2686
f 2691/2691 2686/2686 2692/2692
f 2692/2692 2686/2686 2689/2689
f 2692/2692 2689/2689 2693/2693
f 2686/2686 2681/2681 2689/2689
f 2689/2689 2690/2690 2693/2693
f 2689/2689 2681/2681 2682/2682
f 2689/2689 2682/2682 2690/2690
f 1426/1426 1428/1428 1427/1427
f 8511/8511 8515/8515 8538/8538
f 8534/8534 8533/8533 8532/8532
f 5298/5298 5300/5300 5301/5301
f 1383/1383 1380/1380 1407/1407
f 1383/1383 1407/1407 1409/1409
f 1383/1383 1366/1366 1380/1380
f 8510/8510 8509/8509 8511/8511
f 8513/8513 8510/8510 8511/8511
f 8509/8509 8503/8503 8515/8515
f 8511/8511 8509/8509 8515/8515
f 8503/8503 8514/8514 8532/8532
f 8515/8515 8503/8503 8532/8532
f 1380/1380 1381/1381 1407/1407
f 1380/1380 1366/1366 1362/1362
f 1380/1380 1362/1362 1381/1381
f 8509/8509 8501/8501 8503/8503
f 1381/1381 1362/1362 1379/1379
f 8501/8501 8502/8502 8503/8503
f 8502/8502 8505/8505 8514/8514
f 8503/8503 8502/8502 8514/8514
f 1378/1378 1408/1408 1379/1379
f 1362/1362 1363/1363 1378/1378
f 1379/1379 1362/1362 1378/1378
f 8501/8501 8504/8504 8502/8502
f 8502/8502 8504/8504 8505/8505
f 1382/1382 1404/1404 1408/1408
f 1378/1378 1382/1382 1408/1408
f 1363/1363 1371/1371 1382/1382
f 1378/1378 1363/1363 1382/1382
f 8508/8508 8522/8522 8507/8507
f 8508/8508 8507/8507 8504/8504
f 8504/8504 8507/8507 8506/8506
f 8504/8504 8506/8506 8505/8505
f 8522/8522 8518/8518 8507/8507
f 8507/8507 8518/8518 8512/8512
f 8507/8507 8512/8512 8506/8506
f 1371/1371 1391/1391 1382/1382
f 1382/1382 1391/1391 1404/1404
f 8522/8522 8527/8527 8518/8518
f 8518/8518 8519/8519 8512/8512
f 8518/8518 8527/8527 8519/8519
f 8512/8512 8520/8520 8524/8524
f 1256/1256 1257/1257 1255/1255
f 1255/1255 1257/1257 1325/1325
f 7525/7525 7524/7524 7512/7512
f 7512/7512 7524/7524 7523/7523
f 7796/7796 7763/7763 7514/7514
f 7514/7514 7763/7763 7762/7762
f 1651/1651 1653/1653 1654/1654
f 1651/1651 1652/1652 1653/1653
f 3744/3744 3745/3745 3774/3774
f 3745/3745 3763/3763 3774/3774
f 3762/3762 3758/3758 3776/3776
f 3776/3776 3758/3758 3768/3768
f 3768/3768 3789/3789 3845/3845
f 2688/2688 2684/2684 2679/2679
f 2688/2688 2679/2679 2687/2687
f 2679/2679 2680/2680 2686/2686
f 2687/2687 2679/2679 2686/2686
f 2686/2686 2680/2680 2681/2681
f 2681/2681 2666/2666 2682/2682
f 1428/1428 1429/1429 1427/1427
f 6802/6802 6803/6803 6804/6804
f 1406/1406 1403/1403 1384/1384
f 8539/8539 8541/8541 8542/8542
f 2717/2717 2725/2725 2739/2739
f 5298/5298 5299/5299 5300/5300
f 1383/1383 1384/1384 1370/1370
f 1383/1383 1370/1370 1366/1366
f 8535/8535 8533/8533 8534/8534
f 1362/1362 1356/1356 1363/1363
f 1363/1363 1356/1356 1361/1361
f 1363/1363 1361/1361 1371/1371
f 1371/1371 1390/1390 1391/1391
f 1391/1391 1390/1390 1396/1396
f 8522/8522 8531/8531 8527/8527
f 4303/4303 4299/4299 4302/4302
f 8531/8531 8529/8529 8527/8527
f 8529/8529 8528/8528 8527/8527
f 8519/8519 8527/8527 8520/8520
f 8519/8519 8520/8520 8512/8512
f 8528/8528 8530/8530 8520/8520
f 8527/8527 8528/8528 8520/8520
f 4306/4306 4300/4300 4305/4305
f 5501/5501 5503/5503 5502/5502
f 6884/6884 6886/6886 6885/6885
f 5828/5828 5830/5830 5829/5829
f 5510/5510 5503/5503 5501/5501
f 5514/5514 5522/5522 5512/5512
f 1649/1649 1652/1652 1651/1651
f 1649/1649 1647/1647 1652/1652
f 3838/3838 3846/3846 3741/3741
f 3838/3838 3741/3741 3735/3735
f 3735/3735 3737/3737 3738/3738
f 3737/3737 3743/3743 3739/3739
f 3738/3738 3737/3737 3739/3739
f 3739/3739 3743/3743 3744/3744
f 3744/3744 3743/3743 3745/3745
f 3749/3749 3752/3752 3762/3762
f 3763/3763 3749/3749 3762/3762
f 3756/3756 3767/3767 3768/3768
f 3758/3758 3756/3756 3768/3768
f 3768/3768 3767/3767 3789/3789
f 2684/2684 2664/2664 2679/2679
f 2679/2679 2664/2664 2665/2665
f 2679/2679 2665/2665 2680/2680
f 2665/2665 2666/2666 2681/2681
f 2680/2680 2665/2665 2681/2681
f 1429/1429 1433/1433 1427/1427
f 6802/6802 6800/6800 6801/6801
f 6802/6802 6801/6801 6803/6803
f 1384/1384 1375/1375 1370/1370
f 2720/2720 2725/2725 2717/2717
f 1370/1370 1364/1364 1366/1366
f 1366/1366 1364/1364 1362/1362
f 1371/1371 1361/1361 1367/1367
f 1371/1371 1367/1367 1390/1390
f 4299/4299 4298/4298 4282/4282
f 4299/4299 4282/4282 4302/4302
f 4282/4282 4285/4285 4301/4301
f 4302/4302 4282/4282 4301/4301
f 4285/4285 4284/4284 4300/4300
f 4301/4301 4285/4285 4300/4300
f 4300/4300 4284/4284 4305/4305
f 6847/6847 6846/6846 6786/6786
f 7835/7835 6784/6784 6877/6877
f 6877/6877 6772/6772 6770/6770
f 6770/6770 6772/6772 6771/6771
f 5526/5526 5572/5572 5527/5527
f 5596/5596 5666/5666 5525/5525
f 5526/5526 5527/5527 5524/5524
f 5515/5515 5522/5522 5514/5514
f 2911/2911 2912/2912 2928/2928
f 3067/3067 3063/3063 3184/3184
f 1148/1148 1268/1268 1256/1256
f 1646/1646 1647/1647 1649/1649
f 3745/3745 3749/3749 3763/3763
f 3752/3752 3756/3756 3758/3758
f 3762/3762 3752/3752 3758/3758
f 3767/3767 3771/3771 3789/3789
f 3789/3789 3771/3771 3791/3791
f 2684/2684 2683/2683 2664/2664
f 2664/2664 2662/2662 2665/2665
f 2662/2662 2663/2663 2666/2666
f 2665/2665 2662/2662 2666/2666
f 2666/2666 2663/2663 2667/2667
f 6801/6801 6838/6838 6803/6803
f 2728/2728 2716/2716 2718/2718
f 2718/2718 2719/2719 2728/2728
f 2740/2740 2714/2714 2717/2717
f 2741/2741 2740/2740 2717/2717
f 1364/1364 1354/1354 1362/1362
f 1362/1362 1354/1354 1356/1356
f 1356/1356 1359/1359 1361/1361
f 1361/1361 1359/1359 1367/1367
f 1367/1367 1387/1387 1390/1390
f 4282/4282 4277/4277 4285/4285
f 4285/4285 4277/4277 4284/4284
f 4284/4284 4304/4304 4305/4305
f 6771/6771 6859/6859 6878/6878
f 5829/5829 5835/5835 5842/5842
f 5842/5842 5835/5835 5840/5840
f 5835/5835 5838/5838 5839/5839
f 5840/5840 5835/5835 5839/5839
f 5839/5839 5838/5838 5977/5977
f 5527/5527 5597/5597 5524/5524
f 6064/6064 6061/6061 6063/6063
f 1257/1257 1324/1324 1325/1325
f 7796/7796 7898/7898 7763/7763
f 1637/1637 1645/1645 1646/1646
f 3846/3846 3828/3828 3741/3741
f 3732/3732 3734/3734 3735/3735
f 3741/3741 3732/3732 3735/3735
f 3735/3735 3734/3734 3736/3736
f 3736/3736 3737/3737 3735/3735
f 3736/3736 3788/3788 3737/3737
f 3737/3737 3788/3788 3746/3746
f 3737/3737 3746/3746 3743/3743
f 3743/3743 3746/3746 3745/3745
f 3745/3745 3748/3748 3749/3749
f 3756/3756 3757/3757 3767/3767
f 3767/3767 3757/3757 3771/3771
f 2683/2683 2657/2657 2664/2664
f 2664/2664 2657/2657 2662/2662
f 1359/1359 1368/1368 1367/1367
f 1367/1367 1368/1368 1387/1387
f 1387/1387 1395/1395 1390/1390
f 4293/4293 4280/4280 4282/4282
f 4298/4298 4293/4293 4282/4282
f 4282/4282 4280/4280 4277/4277
f 4277/4277 4279/4279 4284/4284
f 4284/4284 4279/4279 4304/4304
f 5502/5502 5505/5505 5509/5509
f 8042/8042 8044/8044 8043/8043
f 5512/5512 5522/5522 5510/5510
f 6061/6061 6062/6062 6063/6063
f 5515/5515 5730/5730 5522/5522
f 1145/1145 1159/1159 1147/1147
f 1257/1257 1259/1259 1324/1324
f 4777/4777 4778/4778 4779/4779
f 1637/1637 1631/1631 1645/1645
f 3828/3828 3732/3732 3741/3741
f 3736/3736 3734/3734 3834/3834
f 3736/3736 3834/3834 3788/3788
f 3747/3747 3748/3748 3745/3745
f 3746/3746 3747/3747 3745/3745
f 3752/3752 3754/3754 3756/3756
f 2683/2683 2669/2669 2657/2657
f 2657/2657 2659/2659 2662/2662
f 2662/2662 2659/2659 2663/2663
f 2663/2663 2659/2659 2667/2667
f 6800/6800 6798/6798 6801/6801
f 6801/6801 6798/6798 6838/6838
f 5295/5295 5296/5296 5297/5297
f 1375/1375 1372/1372 1370/1370
f 1370/1370 1372/1372 1364/1364
f 1354/1354 1355/1355 1356/1356
f 1356/1356 1355/1355 1359/1359
f 1368/1368 1388/1388 1387/1387
f 1387/1387 1388/1388 1395/1395
f 4280/4280 4278/4278 4277/4277
f 4278/4278 4281/4281 4279/4279
f 4277/4277 4278/4278 4279/4279
f 4279/4279 4281/4281 4283/4283
f 4279/4279 4283/4283 4304/4304
f 6788/6788 6785/6785 6786/6786
f 6846/6846 6788/6788 6786/6786
f 5503/5503 5504/5504 5502/5502
f 5502/5502 5504/5504 5505/5505
f 5838/5838 5841/5841 5977/5977
f 6034/6034 6035/6035 6036/6036
f 6036/6036 6035/6035 6038/6038
f 5977/5977 5666/5666 5596/5596
f 1147/1147 1149/1149 1148/1148
f 1148/1148 1149/1149 1268/1268
f 1656/1656 1624/1624 1627/1627
f 3828/3828 3731/3731 3732/3732
f 3732/3732 3733/3733 3734/3734
f 3834/3834 3806/3806 3788/3788
f 3748/3748 3750/3750 3749/3749
f 3749/3749 3750/3750 3752/3752
f 3750/3750 3753/3753 3752/3752
f 3753/3753 3754/3754 3752/3752
f 2669/2669 2660/2660 2657/2657
f 2657/2657 2660/2660 2658/2658
f 2657/2657 2658/2658 2659/2659
f 2659/2659 2668/2668 2667/2667
f 6799/6799 6798/6798 6800/6800
f 2719/2719 2709/2709 2731/2731
f 1372/1372 1365/1365 1364/1364
f 1365/1365 1357/1357 1354/1354
f 1364/1364 1365/1365 1354/1354
f 1354/1354 1357/1357 1355/1355
f 1388/1388 1394/1394 1395/1395
f 4293/4293 4289/4289 4280/4280
f 6786/6786 6785/6785 6784/6784
f 6772/6772 6773/6773 6771/6771
f 6773/6773 6855/6855 6859/6859
f 6771/6771 6773/6773 6859/6859
f 6859/6859 6855/6855 6878/6878
f 5830/5830 5831/5831 5829/5829
f 5829/5829 5833/5833 5835/5835
f 5510/5510 5522/5522 5503/5503
f 1629/1629 1631/1631 1630/1630
f 3732/3732 3730/3730 3733/3733
f 3733/3733 3841/3841 3734/3734
f 3841/3841 3834/3834 3734/3734
f 3841/3841 3814/3814 3834/3834
f 3834/3834 3814/3814 3806/3806
f 3806/3806 3809/3809 3788/3788
f 3788/3788 3747/3747 3746/3746
f 3788/3788 3809/3809 3747/3747
f 3754/3754 3753/3753 3755/3755
f 3754/3754 3755/3755 3756/3756
f 3756/3756 3755/3755 3757/3757
f 3757/3757 3777/3777 3771/3771
f 3771/3771 3777/3777 3791/3791
f 2685/2685 2660/2660 2669/2669
f 2683/2683 2685/2685 2669/2669
f 2658/2658 2661/2661 2659/2659
f 2659/2659 2661/2661 2668/2668
f 5291/5291 5292/5292 5293/5293
f 2740/2740 2722/2722 2713/2713
f 1372/1372 1386/1386 1365/1365
f 1357/1357 1358/1358 1355/1355
f 1355/1355 1358/1358 1360/1360
f 1355/1355 1360/1360 1359/1359
f 1359/1359 1360/1360 1368/1368
f 1368/1368 1389/1389 1388/1388
f 1389/1389 1394/1394 1388/1388
f 4289/4289 4286/4286 4280/4280
f 4280/4280 4286/4286 4278/4278
f 4278/4278 4286/4286 4287/4287
f 4278/4278 4287/4287 4281/4281
f 4287/4287 4288/4288 4283/4283
f 4281/4281 4287/4287 4283/4283
f 6784/6784 6775/6775 6877/6877
f 6855/6855 7636/7636 6878/6878
f 8042/8042 8045/8045 8044/8044
f 5831/5831 5832/5832 5829/5829
f 5829/5829 5832/5832 5833/5833
f 6038/6038 6035/6035 6039/6039
f 5527/5527 5667/5667 5597/5597
f 5597/5597 5667/5667 5730/5730
f 3065/3065 3064/3064 3063/3063
f 1159/1159 1150/1150 1147/1147
f 1147/1147 1150/1150 1149/1149
f 1256/1256 1258/1258 1257/1257
f 1629/1629 1628/1628 1642/1642
f 3731/3731 3730/3730 3732/3732
f 3730/3730 3847/3847 3733/3733
f 3841/3841 3847/3847 3812/3812
f 3812/3812 3805/3805 3814/3814
f 3841/3841 3812/3812 3814/3814
f 3814/3814 3805/3805 3806/3806
f 3806/3806 3792/3792 3809/3809
f 3809/3809 3792/3792 3747/3747
f 3792/3792 3764/3764 3747/3747
f 3747/3747 3764/3764 3748/3748
f 3748/3748 3764/3764 3751/3751
f 3748/3748 3751/3751 3750/3750
f 3755/3755 3765/3765 3757/3757
f 3757/3757 3765/3765 3777/3777
f 2685/2685 2670/2670 2660/2660
f 2670/2670 2671/2671 2658/2658
f 2660/2660 2670/2670 2658/2658
f 2658/2658 2671/2671 2672/2672
f 6798/6798 6797/6797 6838/6838
f 5293/5293 5292/5292 5294/5294
f 2722/2722 2733/2733 2734/2734
f 1386/1386 1385/1385 1365/1365
f 1365/1365 1369/1369 1357/1357
f 1369/1369 1358/1358 1357/1357
f 1360/1360 1389/1389 1368/1368
f 4292/4292 4291/4291 4286/4286
f 4289/4289 4292/4292 4286/4286
f 4286/4286 4291/4291 4290/4290
f 4286/4286 4290/4290 4287/4287
f 4287/4287 4290/4290 4288/4288
f 6789/6789 6785/6785 6788/6788
f 5505/5505 5508/5508 5509/5509
f 5509/5509 5508/5508 5740/5740
f 5833/5833 5837/5837 5835/5835
f 5835/5835 5837/5837 5838/5838
f 5938/5938 5675/5675 5572/5572
f 5572/5572 5675/5675 5527/5527
f 6048/6048 6047/6047 6049/6049
f 1149/1149 1152/1152 1268/1268
f 1259/1259 1264/1264 1324/1324
f 7525/7525 7556/7556 7524/7524
f 7796/7796 7757/7757 7898/7898
f 3726/3726 3728/3728 3730/3730
f 3731/3731 3726/3726 3730/3730
f 3730/3730 3728/3728 3833/3833
f 3847/3847 3833/3833 3812/3812
f 3805/3805 3795/3795 3806/3806
f 3806/3806 3795/3795 3792/3792
f 3750/3750 3751/3751 3753/3753
f 2671/2671 2673/2673 2672/2672
f 2672/2672 2673/2673 2661/2661
f 6798/6798 6796/6796 6797/6797
f 1590/1590 1593/1593 1584/1584
f 1590/1590 1584/1584 1589/1589
f 1385/1385 1377/1377 1365/1365
f 1365/1365 1377/1377 1369/1369
f 1369/1369 1373/1373 1358/1358
f 1358/1358 1373/1373 1360/1360
f 1360/1360 1373/1373 1376/1376
f 1360/1360 1376/1376 1392/1392
f 1360/1360 1392/1392 1389/1389
f 4297/4297 4296/4296 4291/4291
f 4291/4291 4296/4296 4295/4295
f 4291/4291 4295/4295 4290/4290
f 4295/4295 4294/4294 4290/4290
f 4290/4290 4294/4294 4288/4288
f 8045/8045 8046/8046 8044/8044
f 5837/5837 5841/5841 5838/5838
f 6046/6046 6047/6047 6048/6048
f 5527/5527 5675/5675 5667/5667
f 6049/6049 6047/6047 6050/6050
f 1257/1257 1258/1258 1259/1259
f 7524/7524 7549/7549 7523/7523
f 1656/1656 1655/1655 1624/1624
f 1622/1622 1628/1628 1625/1625
f 1622/1622 1623/1623 1628/1628
f 3726/3726 3727/3727 3728/3728
f 3833/3833 3827/3827 3810/3810
f 3810/3810 3803/3803 3812/3812
f 3833/3833 3810/3810 3812/3812
f 3812/3812 3803/3803 3805/3805
f 3805/3805 3803/3803 3796/3796
f 3805/3805 3796/3796 3795/3795
f 3795/3795 3796/3796 3794/3794
f 3795/3795 3794/3794 3792/3792
f 3794/3794 3793/3793 3792/3792
f 3792/3792 3793/3793 3764/3764
f 3793/3793 3761/3761 3764/3764
f 3764/3764 3761/3761 3751/3751
f 3761/3761 3759/3759 3751/3751
f 3751/3751 3759/3759 3753/3753
f 3759/3759 3760/3760 3753/3753
f 3753/3753 3760/3760 3755/3755
f 3760/3760 3766/3766 3755/3755
f 3755/3755 3766/3766 3765/3765
f 3765/3765 3785/3785 3777/3777
f 2685/2685 2675/2675 2670/2670
f 2670/2670 2675/2675 2671/2671
f 2673/2673 2678/2678 2661/2661
f 2661/2661 2678/2678 2668/2668
f 6799/6799 6839/6839 6796/6796
f 6799/6799 6796/6796 6798/6798
f 6796/6796 6795/6795 6797/6797
f 1593/1593 1592/1592 1584/1584
f 1584/1584 1572/1572 1573/1573
f 1377/1377 1374/1374 1369/1369
f 1369/1369 1374/1374 1373/1373
f 1581/1581 1574/1574 1575/1575
f 1565/1565 1582/1582 1579/1579
f 6877/6877 6775/6775 6772/6772
f 5742/5742 5741/5741 5743/5743
f 5831/5831 5836/5836 5832/5832
f 6049/6049 6050/6050 6051/6051
f 5730/5730 5991/5991 5522/5522
f 5522/5522 5991/5991 5503/5503
f 1152/1152 1263/1263 1268/1268
f 7523/7523 7553/7553 7796/7796
f 7796/7796 7553/7553 7757/7757
f 1655/1655 1621/1621 1624/1624
f 3726/3726 3725/3725 3724/3724
f 3726/3726 3724/3724 3727/3727
f 3793/3793 3808/3808 3761/3761
f 3766/3766 3772/3772 3765/3765
f 3785/3785 3853/3853 3876/3876
f 2675/2675 2674/2674 2671/2671
f 2671/2671 2674/2674 2673/2673
f 1584/1584 1592/1592 1591/1591
f 1584/1584 1591/1591 1572/1572
f 1572/1572 1591/1591 1560/1560
f 1560/1560 1591/1591 1587/1587
f 1560/1560 1587/1587 1561/1561
f 6845/6845 6785/6785 6789/6789
f 7636/7636 7888/7888 7965/7965
f 5991/5991 5506/5506 5503/5503
f 5503/5503 5506/5506 5504/5504
f 5836/5836 5834/5834 5832/5832
f 5832/5832 5834/5834 5833/5833
f 5938/5938 5939/5939 5675/5675
f 1164/1164 1171/1171 1159/1159
f 3824/3824 3807/3807 3810/3810
f 3827/3827 3824/3824 3810/3810
f 3810/3810 3807/3807 3803/3803
f 3803/3803 3807/3807 3799/3799
f 3803/3803 3799/3799 3796/3796
f 3796/3796 3799/3799 3797/3797
f 3796/3796 3797/3797 3794/3794
f 3797/3797 3798/3798 3794/3794
f 3794/3794 3798/3798 3793/3793
f 3798/3798 3808/3808 3793/3793
f 3825/3825 3773/3773 3761/3761
f 3773/3773 3770/3770 3759/3759
f 3761/3761 3773/3773 3759/3759
f 3759/3759 3770/3770 3760/3760
f 3760/3760 3770/3770 3769/3769
f 3760/3760 3769/3769 3766/3766
f 3766/3766 3769/3769 3772/3772
f 3772/3772 3784/3784 3765/3765
f 3765/3765 3784/3784 3785/3785
f 3784/3784 3840/3840 3785/3785
f 3785/3785 3840/3840 3853/3853
f 2676/2676 2677/2677 2673/2673
f 2674/2674 2676/2676 2673/2673
f 5126/5126 5112/5112 5128/5128
f 2673/2673 2677/2677 2678/2678
f 6839/6839 6840/6840 6796/6796
f 6796/6796 6794/6794 6795/6795
f 6795/6795 6794/6794 6793/6793
f 6845/6845 6787/6787 6785/6785
f 5504/5504 5507/5507 5505/5505
f 5837/5837 5981/5981 5841/5841
f 6034/6034 6037/6037 6035/6035
f 5938/5938 5940/5940 5939/5939
f 6045/6045 6044/6044 6046/6046
f 6044/6044 6052/6052 6047/6047
f 6046/6046 6044/6044 6047/6047
f 6047/6047 6052/6052 6050/6050
f 1150/1150 1151/1151 1149/1149
f 1149/1149 1151/1151 1152/1152
f 7556/7556 7550/7550 7524/7524
f 1623/1623 1619/1619 1639/1639
f 3723/3723 3722/3722 3724/3724
f 3725/3725 3723/3723 3724/3724
f 3724/3724 3722/3722 3881/3881
f 3797/3797 3802/3802 3798/3798
f 3802/3802 3813/3813 3808/3808
f 3798/3798 3802/3802 3808/3808
f 3813/3813 3826/3826 3825/3825
f 3808/3808 3813/3813 3825/3825
f 3825/3825 3826/3826 3773/3773
f 3772/3772 3779/3779 3784/3784
f 3784/3784 3849/3849 3840/3840
f 2697/2697 2696/2696 2676/2676
f 2676/2676 2696/2696 2695/2695
f 2676/2676 2695/2695 2694/2694
f 5111/5111 5112/5112 5126/5126
f 5130/5130 5111/5111 5126/5126
f 6840/6840 6841/6841 6796/6796
f 6796/6796 6841/6841 6794/6794
f 6791/6791 6790/6790 6787/6787
f 6787/6787 6779/6779 6785/6785
f 6785/6785 6779/6779 6784/6784
f 6784/6784 6779/6779 6777/6777
f 6784/6784 6777/6777 6775/6775
f 553/553 477/477 479/479
f 6775/6775 6774/6774 6772/6772
f 6773/6773 6849/6849 6855/6855
f 5505/5505 5507/5507 5508/5508
f 5834/5834 5843/5843 5833/5833
f 5833/5833 5843/5843 5837/5837
f 1619/1619 1644/1644 1639/1639
f 3824/3824 3811/3811 3807/3807
f 3811/3811 3804/3804 3807/3807
f 3807/3807 3804/3804 3799/3799
f 3799/3799 3804/3804 3800/3800
f 3800/3800 3801/3801 3797/3797
f 3799/3799 3800/3800 3797/3797
f 3797/3797 3801/3801 3802/3802
f 3773/3773 3783/3783 3770/3770
f 3783/3783 3782/3782 3770/3770
f 3782/3782 3778/3778 3770/3770
f 3770/3770 3778/3778 3769/3769
f 3769/3769 3778/3778 3780/3780
f 3769/3769 3780/3780 3779/3779
f 3769/3769 3779/3779 3772/3772
f 3818/3818 3819/3819 3784/3784
f 3779/3779 3818/3818 3784/3784
f 3784/3784 3819/3819 3835/3835
f 2701/2701 2700/2700 2698/2698
f 2698/2698 2700/2700 2699/2699
f 2698/2698 2699/2699 2695/2695
f 5111/5111 5110/5110 5108/5108
f 5111/5111 5108/5108 5112/5112
f 6794/6794 6792/6792 6793/6793
f 6793/6793 6792/6792 6791/6791
f 672/672 575/575 576/576
f 6774/6774 6849/6849 6773/6773
f 6772/6772 6774/6774 6773/6773
f 6855/6855 7785/7785 7636/7636
f 7636/7636 7785/7785 7888/7888
f 5991/5991 5775/5775 5506/5506
f 5843/5843 5878/5878 5837/5837
f 6034/6034 6040/6040 6037/6037
f 5791/5791 5787/5787 5790/5790
f 1150/1150 1158/1158 1151/1151
f 1151/1151 1153/1153 1152/1152
f 1152/1152 1153/1153 1263/1263
f 1263/1263 1260/1260 1258/1258
f 7524/7524 7550/7550 7549/7549
f 1655/1655 1616/1616 1621/1621
f 1619/1619 1618/1618 1644/1644
f 3723/3723 3721/3721 3722/3722
f 3721/3721 3720/3720 3722/3722
f 3811/3811 3816/3816 3804/3804
f 3801/3801 3822/3822 3802/3802
f 3802/3802 3822/3822 3839/3839
f 3839/3839 3787/3787 3826/3826
f 3787/3787 3821/3821 3783/3783
f 3783/3783 3821/3821 3782/3782
f 3780/3780 3790/3790 3779/3779
f 3779/3779 3790/3790 3818/3818
f 3818/3818 3886/3886 3880/3880
f 5132/5132 5106/5106 5110/5110
f 2702/2702 2703/2703 2699/2699
f 5110/5110 5106/5106 5108/5108
f 5108/5108 5113/5113 5112/5112
f 5112/5112 5113/5113 5114/5114
f 5112/5112 5114/5114 5115/5115
f 6841/6841 7768/7768 6794/6794
f 6794/6794 7768/7768 6792/6792
f 6791/6791 6792/6792 6790/6790
f 6849/6849 6857/6857 6855/6855
f 6855/6855 6857/6857 7785/7785
f 5506/5506 5563/5563 5504/5504
f 6040/6040 6041/6041 6037/6037
f 6037/6037 6041/6041 6045/6045
f 5790/5790 5781/5781 5792/5792
f 2916/2916 2918/2918 2915/2915
f 7757/7757 7553/7553 7644/7644
f 1618/1618 1634/1634 1644/1644
f 3721/3721 3718/3718 3720/3720
f 3816/3816 3815/3815 3804/3804
f 3815/3815 3817/3817 3800/3800
f 3804/3804 3815/3815 3800/3800
f 3800/3800 3817/3817 3822/3822
f 3800/3800 3822/3822 3801/3801
f 3821/3821 3820/3820 3782/3782
f 3820/3820 3786/3786 3782/3782
f 3782/3782 3786/3786 3778/3778
f 3778/3778 3786/3786 3780/3780
f 3780/3780 3786/3786 3790/3790
f 3790/3790 3865/3865 3867/3867
f 3790/3790 3867/3867 3882/3882
f 5133/5133 5109/5109 5106/5106
f 5133/5133 5106/5106 5132/5132
f 5107/5107 5113/5113 5108/5108
f 5106/5106 5107/5107 5108/5108
f 6777/6777 6776/6776 6775/6775
f 6775/6775 6776/6776 6774/6774
f 7785/7785 7555/7555 7888/7888
f 5836/5836 5967/5967 5834/5834
f 5991/5991 5781/5781 5775/5775
f 5837/5837 5878/5878 5981/5981
f 5792/5792 5781/5781 5991/5991
f 1655/1655 1657/1657 1616/1616
f 3851/3851 3718/3718 3721/3721
f 3718/3718 3719/3719 3720/3720
f 3816/3816 3719/3719 3815/3815
f 3719/3719 3869/3869 3817/3817
f 3815/3815 3719/3719 3817/3817
f 3817/3817 3869/3869 3848/3848
f 3844/3844 3860/3860 3861/3861
f 3861/3861 3860/3860 3862/3862
f 3861/3861 3862/3862 3863/3863
f 3862/3862 3864/3864 3863/3863
f 3863/3863 3864/3864 3865/3865
f 3864/3864 3866/3866 3865/3865
f 3866/3866 3870/3870 3867/3867
f 3865/3865 3866/3866 3867/3867
f 5109/5109 5131/5131 5107/5107
f 5107/5107 5119/5119 5113/5113
f 5113/5113 5119/5119 5114/5114
f 5114/5114 5116/5116 5115/5115
f 5115/5115 5116/5116 5118/5118
f 6790/6790 6779/6779 6787/6787
f 5507/5507 5764/5764 5508/5508
f 5967/5967 5928/5928 5834/5834
f 5834/5834 5928/5928 5843/5843
f 5878/5878 5880/5880 5981/5981
f 7523/7523 7549/7549 7553/7553
f 1616/1616 1599/1599 1615/1615
f 3832/3832 3708/3708 3718/3718
f 3851/3851 3832/3832 3718/3718
f 3708/3708 3711/3711 3718/3718
f 3711/3711 3712/3712 3729/3729
f 3719/3719 3711/3711 3729/3729
f 3714/3714 3715/3715 3717/3717
f 3715/3715 3850/3850 3844/3844
f 3717/3717 3715/3715 3844/3844
f 3844/3844 3850/3850 3860/3860
f 3860/3860 3850/3850 3862/3862
f 1514/1514 1515/1515 1513/1513
f 1514/1514 1513/1513 1497/1497
f 1513/1513 1491/1491 1497/1497
f 1491/1491 1496/1496 1497/1497
f 1491/1491 1513/1513 1516/1516
f 1491/1491 1493/1493 1496/1496
f 1491/1491 1490/1490 1489/1489
f 1491/1491 1489/1489 1493/1493
f 1491/1491 1516/1516 1490/1490
f 1489/1489 1495/1495 1494/1494
f 1493/1493 1489/1489 1494/1494
f 1490/1490 1486/1486 1489/1489
f 1489/1489 1488/1488 1495/1495
f 1486/1486 1485/1485 1488/1488
f 1489/1489 1486/1486 1488/1488
f 5119/5119 5127/5127 5114/5114
f 1488/1488 1487/1487 1506/1506
f 5114/5114 5117/5117 5116/5116
f 5116/5116 5120/5120 5118/5118
f 7768/7768 6843/6843 6792/6792
f 6779/6779 6778/6778 6777/6777
f 6857/6857 7555/7555 7785/7785
f 5787/5787 5782/5782 5790/5790
f 3708/3708 3709/3709 3711/3711
f 3711/3711 3709/3709 3712/3712
f 3712/3712 3709/3709 3713/3713
f 3712/3712 3713/3713 3714/3714
f 3713/3713 3715/3715 3714/3714
f 3715/3715 3716/3716 3850/3850
f 1518/1518 1517/1517 1514/1514
f 1518/1518 1514/1514 1519/1519
f 3716/3716 3699/3699 3855/3855
f 1517/1517 1515/1515 1514/1514
f 3855/3855 3699/3699 3690/3690
f 1517/1517 1513/1513 1515/1515
f 3690/3690 3857/3857 3855/3855
f 3690/3690 3701/3701 3857/3857
f 3690/3690 3691/3691 3701/3701
f 3701/3701 3868/3868 3857/3857
f 3701/3701 3702/3702 3873/3873
f 3701/3701 3873/3873 3868/3868
f 3701/3701 3691/3691 3702/3702
f 1508/1508 1484/1484 1490/1490
f 3702/3702 3691/3691 3692/3692
f 1484/1484 1485/1485 1486/1486
f 1490/1490 1484/1484 1486/1486
f 1508/1508 1482/1482 1484/1484
f 1484/1484 1482/1482 1483/1483
f 1484/1484 1483/1483 1485/1485
f 1485/1485 1483/1483 1488/1488
f 1508/1508 1492/1492 1482/1482
f 3702/3702 3692/3692 3856/3856
f 1483/1483 1487/1487 1488/1488
f 1492/1492 1467/1467 1482/1482
f 1492/1492 1502/1502 1467/1467
f 1482/1482 1467/1467 1481/1481
f 1482/1482 1481/1481 1483/1483
f 1483/1483 1481/1481 1487/1487
f 1467/1467 1468/1468 1481/1481
f 1487/1487 1481/1481 1506/1506
f 1481/1481 1470/1470 1506/1506
f 1481/1481 1468/1468 1470/1470
f 1470/1470 1468/1468 1465/1465
f 5117/5117 5121/5121 5116/5116
f 5116/5116 5121/5121 5120/5120
f 6843/6843 6842/6842 6792/6792
f 6792/6792 6842/6842 6790/6790
f 6777/6777 6778/6778 6776/6776
f 6849/6849 6852/6852 6857/6857
f 5843/5843 5879/5879 5878/5878
f 5879/5879 5880/5880 5878/5878
f 6041/6041 6042/6042 6043/6043
f 1161/1161 1154/1154 1158/1158
f 1151/1151 1154/1154 1153/1153
f 1153/1153 1155/1155 1263/1263
f 1263/1263 1155/1155 1260/1260
f 1258/1258 1260/1260 1259/1259
f 7553/7553 7639/7639 7644/7644
f 1657/1657 1597/1597 1616/1616
f 1616/1616 1597/1597 1595/1595
f 1616/1616 1595/1595 1599/1599
f 1600/1600 1594/1594 1612/1612
f 3708/3708 3707/3707 3700/3700
f 3708/3708 3700/3700 3709/3709
f 3709/3709 3700/3700 3710/3710
f 3709/3709 3710/3710 3713/3713
f 3703/3703 3715/3715 3713/3713
f 3703/3703 3694/3694 3687/3687
f 3703/3703 3716/3716 3715/3715
f 3703/3703 3687/3687 3716/3716
f 3687/3687 3699/3699 3716/3716
f 3687/3687 3690/3690 3699/3699
f 3687/3687 3684/3684 3690/3690
f 3684/3684 3677/3677 3690/3690
f 3690/3690 3677/3677 3691/3691
f 3691/3691 3677/3677 3692/3692
f 3677/3677 3675/3675 3692/3692
f 1476/1476 1466/1466 1467/1467
f 1502/1502 1476/1476 1467/1467
f 3692/3692 3675/3675 3858/3858
f 1467/1467 1466/1466 1465/1465
f 1467/1467 1465/1465 1468/1468
f 1466/1466 1463/1463 1465/1465
f 1465/1465 1478/1478 1470/1470
f 1465/1465 1464/1464 1478/1478
f 1465/1465 1463/1463 1464/1464
f 1463/1463 1462/1462 1464/1464
f 5121/5121 5122/5122 5120/5120
f 5122/5122 5123/5123 5120/5120
f 5120/5120 5123/5123 5124/5124
f 6776/6776 6782/6782 6774/6774
f 6774/6774 6782/6782 6783/6783
f 6774/6774 6783/6783 6849/6849
f 6783/6783 6850/6850 6849/6849
f 6849/6849 6850/6850 6852/6852
f 5508/5508 5764/5764 5741/5741
f 6857/6857 7552/7552 7555/7555
f 5563/5563 5764/5764 5507/5507
f 5775/5775 5774/5774 5506/5506
f 5782/5782 5781/5781 5790/5790
f 3059/3059 3057/3057 3058/3058
f 1260/1260 1261/1261 1259/1259
f 1259/1259 1261/1261 1264/1264
f 1264/1264 1261/1261 1267/1267
f 3832/3832 3836/3836 3707/3707
f 3694/3694 3710/3710 3700/3700
f 3687/3687 3682/3682 3684/3684
f 3684/3684 3628/3628 3630/3630
f 3684/3684 3630/3630 3677/3677
f 3630/3630 3622/3622 3677/3677
f 3677/3677 3622/3622 3675/3675
f 3858/3858 3675/3675 3688/3688
f 1469/1469 1459/1459 1466/1466
f 1476/1476 1469/1469 1466/1466
f 1476/1476 1511/1511 1469/1469
f 1466/1466 1459/1459 1463/1463
f 1463/1463 1459/1459 1462/1462
f 1511/1511 1477/1477 1469/1469
f 1469/1469 1477/1477 1458/1458
f 1469/1469 1458/1458 1459/1459
f 1462/1462 1457/1457 1464/1464
f 1462/1462 1456/1456 1457/1457
f 5123/5123 5125/5125 5124/5124
f 6842/6842 6844/6844 6790/6790
f 6790/6790 6844/6844 6779/6779
f 5741/5741 5900/5900 5901/5901
f 5764/5764 5900/5900 5741/5741
f 5928/5928 5881/5881 5843/5843
f 5843/5843 5881/5881 5879/5879
f 5788/5788 5784/5784 5787/5787
f 5787/5787 5784/5784 5782/5782
f 5781/5781 5776/5776 5775/5775
f 5775/5775 5776/5776 5774/5774
f 7639/7639 7645/7645 7644/7644
f 3707/3707 3695/3695 3700/3700
f 3695/3695 3694/3694 3700/3700
f 3695/3695 3685/3685 3694/3694
f 3694/3694 3685/3685 3686/3686
f 3684/3684 3682/3682 3628/3628
f 3675/3675 3622/3622 3631/3631
f 3675/3675 3631/3631 3633/3633
f 3675/3675 3633/3633 3688/3688
f 3633/3633 3673/3673 3688/3688
f 1511/1511 1505/1505 1477/1477
f 1458/1458 1456/1456 1459/1459
f 1459/1459 1456/1456 1462/1462
f 1477/1477 1471/1471 1458/1458
f 1477/1477 1505/1505 1471/1471
f 1471/1471 1460/1460 1458/1458
f 1458/1458 1460/1460 1447/1447
f 1458/1458 1447/1447 1456/1456
f 1456/1456 1452/1452 1457/1457
f 1447/1447 1449/1449 1456/1456
f 1456/1456 1449/1449 1452/1452
f 5125/5125 5129/5129 5124/5124
f 6844/6844 6876/6876 6779/6779
f 6852/6852 6854/6854 6857/6857
f 6857/6857 6854/6854 7552/7552
f 1153/1153 1154/1154 1155/1155
f 7549/7549 7554/7554 7553/7553
f 1657/1657 1598/1598 1597/1597
f 3836/3836 3696/3696 3707/3707
f 3695/3695 3681/3681 3685/3685
f 3686/3686 3685/3685 3670/3670
f 3686/3686 3670/3670 3682/3682
f 3682/3682 3670/3670 3629/3629
f 3682/3682 3629/3629 3628/3628
f 3628/3628 3623/3623 3630/3630
f 3630/3630 3623/3623 3622/3622
f 3673/3673 3837/3837 3688/3688
f 3673/3673 3674/3674 3837/3837
f 1512/1512 1471/1471 1505/1505
f 1471/1471 1461/1461 1460/1460
f 1471/1471 1512/1512 1461/1461
f 1512/1512 1499/1499 1461/1461
f 1460/1460 1461/1461 1447/1447
f 1451/1451 1450/1450 1447/1447
f 1461/1461 1451/1451 1447/1447
f 1447/1447 1450/1450 1448/1448
f 1447/1447 1448/1448 1449/1449
f 1449/1449 1448/1448 1452/1452
f 1452/1452 1448/1448 1475/1475
f 6876/6876 6848/6848 6779/6779
f 6779/6779 6780/6780 6778/6778
f 6778/6778 6858/6858 6776/6776
f 6776/6776 6858/6858 6782/6782
f 6850/6850 6853/6853 6852/6852
f 6852/6852 6853/6853 6854/6854
f 5880/5880 5903/5903 5981/5981
f 6057/6057 6058/6058 6059/6059
f 5981/5981 5786/5786 5788/5788
f 1155/1155 1262/1262 1260/1260
f 1611/1611 1603/1603 1641/1641
f 3695/3695 3689/3689 3681/3681
f 3623/3623 3620/3620 3622/3622
f 3621/3621 3624/3624 3622/3622
f 3622/3622 3624/3624 3631/3631
f 3631/3631 3624/3624 3632/3632
f 3632/3632 3634/3634 3633/3633
f 3631/3631 3632/3632 3633/3633
f 3633/3633 3634/3634 3635/3635
f 3633/3633 3635/3635 3673/3673
f 3673/3673 3635/3635 3674/3674
f 3674/3674 3635/3635 3669/3669
f 3674/3674 3669/3669 3874/3874
f 1499/1499 1451/1451 1461/1461
f 1479/1479 1454/1454 1451/1451
f 1499/1499 1479/1479 1451/1451
f 3874/3874 3669/3669 3843/3843
f 1454/1454 1450/1450 1451/1451
f 1454/1454 1453/1453 1450/1450
f 1450/1450 1453/1453 1448/1448
f 1448/1448 1453/1453 1455/1455
f 1448/1448 1455/1455 1475/1475
f 6848/6848 6781/6781 6779/6779
f 6779/6779 6781/6781 6780/6780
f 294/294 292/292 215/215
f 6778/6778 6780/6780 6858/6858
f 477/477 478/478 468/468
f 5764/5764 5948/5948 5900/5900
f 5927/5927 5887/5887 5928/5928
f 5959/5959 5927/5927 5928/5928
f 5928/5928 5887/5887 5881/5881
f 5774/5774 5990/5990 5563/5563
f 5563/5563 5990/5990 5764/5764
f 5881/5881 5882/5882 5879/5879
f 5879/5879 5882/5882 5880/5880
f 5788/5788 5786/5786 5784/5784
f 3072/3072 3082/3082 3071/3071
f 1154/1154 1156/1156 1155/1155
f 7794/7794 7748/7748 7793/7793
f 1260/1260 1262/1262 1261/1261
f 3628/3628 3629/3629 3618/3618
f 3618/3618 3623/3623 3628/3628
f 3620/3620 3621/3621 3622/3622
f 3635/3635 3645/3645 3669/3669
f 3645/3645 3668/3668 3669/3669
f 3669/3669 3668/3668 3843/3843
f 1501/1501 1474/1474 1454/1454
f 1479/1479 1501/1501 1454/1454
f 3843/3843 3668/3668 3842/3842
f 1454/1454 1474/1474 1453/1453
f 1474/1474 1473/1473 1453/1453
f 1453/1453 1473/1473 1472/1472
f 1453/1453 1472/1472 1455/1455
f 1472/1472 1480/1480 1455/1455
f 657/657 582/582 575/575
f 6783/6783 6851/6851 6850/6850
f 5900/5900 5948/5948 5901/5901
f 5764/5764 5990/5990 5948/5948
f 5776/5776 5780/5780 5777/5777
f 5880/5880 5882/5882 5903/5903
f 5785/5785 5783/5783 5784/5784
f 5784/5784 5783/5783 5782/5782
f 5782/5782 5776/5776 5781/5781
f 7550/7550 7551/7551 7549/7549
f 7553/7553 7554/7554 7639/7639
f 1603/1603 1604/1604 1640/1640
f 3670/3670 3681/3681 3636/3636
f 3636/3636 3626/3626 3670/3670
f 3670/3670 3626/3626 3629/3629
f 3629/3629 3626/3626 3618/3618
f 3623/3623 3618/3618 3620/3620
f 3634/3634 3643/3643 3635/3635
f 3635/3635 3643/3643 3644/3644
f 3635/3635 3644/3644 3645/3645
f 3668/3668 3645/3645 3654/3654
f 3668/3668 3654/3654 3680/3680
f 3668/3668 3680/3680 3842/3842
f 1501/1501 1498/1498 1474/1474
f 3842/3842 3680/3680 3706/3706
f 1474/1474 1498/1498 1473/1473
f 1498/1498 1504/1504 1473/1473
f 1473/1473 1500/1500 1472/1472
f 1473/1473 1504/1504 1500/1500
f 1500/1500 1503/1503 1480/1480
f 1472/1472 1500/1500 1480/1480
f 6781/6781 6860/6860 6780/6780
f 6782/6782 6858/6858 6783/6783
f 5887/5887 5883/5883 5881/5881
f 5881/5881 5883/5883 5882/5882
f 5786/5786 5997/5997 5820/5820
f 5820/5820 5789/5789 5785/5785
f 6057/6057 6060/6060 6058/6058
f 5785/5785 5789/5789 5783/5783
f 5782/5782 5783/5783 5776/5776
f 1154/1154 1157/1157 1156/1156
f 1261/1261 1266/1266 1267/1267
f 7549/7549 7551/7551 7554/7554
f 1648/1648 1605/1605 1598/1598
f 3689/3689 3672/3672 3681/3681
f 3681/3681 3672/3672 3636/3636
f 3645/3645 3644/3644 3651/3651
f 3645/3645 3651/3651 3654/3654
f 3680/3680 3654/3654 3663/3663
f 3680/3680 3663/3663 3706/3706
f 3663/3663 3705/3705 3706/3706
f 1498/1498 1507/1507 1504/1504
f 1507/1507 1520/1520 1504/1504
f 1504/1504 1509/1509 1500/1500
f 1504/1504 1521/1521 1509/1509
f 1509/1509 1510/1510 1503/1503
f 1500/1500 1509/1509 1503/1503
f 1509/1509 1521/1521 1510/1510
f 6860/6860 6861/6861 6780/6780
f 6851/6851 6856/6856 6850/6850
f 6850/6850 6856/6856 6853/6853
f 5883/5883 5884/5884 5882/5882
f 5997/5997 5992/5992 5820/5820
f 5820/5820 5992/5992 5789/5789
f 5783/5783 5889/5889 5776/5776
f 3072/3072 3081/3081 3082/3082
f 1169/1169 1157/1157 1160/1160
f 3626/3626 3627/3627 3618/3618
f 3627/3627 3625/3625 3618/3618
f 3618/3618 3619/3619 3620/3620
f 3620/3620 3619/3619 3621/3621
f 3632/3632 3642/3642 3634/3634
f 3642/3642 3643/3643 3634/3634
f 3651/3651 3662/3662 3663/3663
f 3654/3654 3651/3651 3663/3663
f 3663/3663 3559/3559 3705/3705
f 1507/1507 1523/1523 1520/1520
f 1520/1520 1522/1522 1504/1504
f 1504/1504 1522/1522 1521/1521
f 3558/3558 3556/3556 3555/3555
f 6861/6861 6862/6862 6780/6780
f 6780/6780 6862/6862 7859/7859
f 6780/6780 7859/7859 6858/6858
f 7859/7859 6851/6851 6858/6858
f 6856/6856 7515/7515 6854/6854
f 6853/6853 6856/6856 6854/6854
f 5927/5927 5908/5908 5887/5887
f 5882/5882 5886/5886 5903/5903
f 5903/5903 5980/5980 5997/5997
f 5992/5992 5889/5889 5783/5783
f 5789/5789 5992/5992 5783/5783
f 5777/5777 5778/5778 5774/5774
f 5774/5774 5778/5778 5990/5990
f 7746/7746 7743/7743 7748/7748
f 7748/7748 7743/7743 7745/7745
f 7748/7748 7745/7745 7793/7793
f 1262/1262 1265/1265 1261/1261
f 1261/1261 1265/1265 1266/1266
f 1648/1648 1608/1608 1605/1605
f 1606/1606 1636/1636 1604/1604
f 3689/3689 3693/3693 3672/3672
f 3672/3672 3637/3637 3636/3636
f 3636/3636 3637/3637 3627/3627
f 3636/3636 3627/3627 3626/3626
f 3618/3618 3625/3625 3619/3619
f 3619/3619 3638/3638 3621/3621
f 3621/3621 3638/3638 3624/3624
f 3644/3644 3643/3643 3648/3648
f 3644/3644 3648/3648 3651/3651
f 3663/3663 3662/3662 3559/3559
f 3559/3559 3545/3545 3528/3528
f 3559/3559 3528/3528 3560/3560
f 1526/1526 1525/1525 1522/1522
f 1520/1520 1526/1526 1522/1522
f 1522/1522 1525/1525 1524/1524
f 1522/1522 1524/1524 1521/1521
f 3556/3556 3547/3547 3555/3555
f 6851/6851 7909/7909 6856/6856
f 6217/6217 6218/6218 6219/6219
f 5908/5908 5907/5907 5887/5887
f 5778/5778 5818/5818 5990/5990
f 5887/5887 5885/5885 5883/5883
f 5883/5883 5885/5885 5884/5884
f 5884/5884 5886/5886 5882/5882
f 5886/5886 5980/5980 5903/5903
f 5980/5980 5916/5916 5997/5997
f 5997/5997 5916/5916 5992/5992
f 5780/5780 5889/5889 5779/5779
f 5779/5779 5778/5778 5777/5777
f 5780/5780 5779/5779 5777/5777
f 1606/1606 1613/1613 1636/1636
f 3693/3693 3671/3671 3672/3672
f 3672/3672 3671/3671 3637/3637
f 3638/3638 3642/3642 3632/3632
f 3624/3624 3638/3638 3632/3632
f 3651/3651 3648/3648 3652/3652
f 3652/3652 3657/3657 3651/3651
f 3651/3651 3657/3657 3662/3662
f 3662/3662 3545/3545 3559/3559
f 3528/3528 3529/3529 3554/3554
f 3529/3529 3530/3530 3554/3554
f 3554/3554 3530/3530 3547/3547
f 3547/3547 3541/3541 3555/3555
f 6861/6861 6863/6863 6862/6862
f 5812/5812 5813/5813 5948/5948
f 5779/5779 5793/5793 5778/5778
f 5778/5778 5793/5793 5818/5818
f 5818/5818 5812/5812 5990/5990
f 5990/5990 5812/5812 5948/5948
f 5884/5884 5885/5885 5886/5886
f 2924/2924 2934/2934 2935/2935
f 3078/3078 3140/3140 3080/3080
f 7746/7746 7744/7744 7743/7743
f 7551/7551 7789/7789 7554/7554
f 7554/7554 7789/7789 7640/7640
f 1648/1648 1609/1609 1608/1608
f 3671/3671 3641/3641 3637/3637
f 3627/3627 3640/3640 3625/3625
f 3625/3625 3639/3639 3619/3619
f 3619/3619 3639/3639 3638/3638
f 3643/3643 3646/3646 3648/3648
f 3657/3657 3683/3683 3662/3662
f 3662/3662 3683/3683 3545/3545
f 3545/3545 3526/3526 3528/3528
f 3530/3530 3541/3541 3547/3547
f 8037/8037 8038/8038 8039/8039
f 8032/8032 8033/8033 8034/8034
f 8034/8034 8033/8033 8035/8035
f 6099/6099 6100/6100 6096/6096
f 5885/5885 5941/5941 5886/5886
f 5886/5886 5941/5941 5980/5980
f 6096/6096 6097/6097 6098/6098
f 6099/6099 6096/6096 6098/6098
f 5889/5889 5797/5797 5779/5779
f 1648/1648 1632/1632 1609/1609
f 3693/3693 3578/3578 3676/3676
f 3693/3693 3676/3676 3671/3671
f 3671/3671 3676/3676 3641/3641
f 3637/3637 3641/3641 3640/3640
f 3637/3637 3640/3640 3627/3627
f 3638/3638 3646/3646 3642/3642
f 3642/3642 3646/3646 3643/3643
f 3683/3683 3546/3546 3545/3545
f 3546/3546 3540/3540 3545/3545
f 3545/3545 3540/3540 3526/3526
f 3528/3528 3526/3526 3522/3522
f 3528/3528 3522/3522 3529/3529
f 3529/3529 3522/3522 3525/3525
f 3529/3529 3525/3525 3530/3530
f 3530/3530 3525/3525 3541/3541
f 6862/6862 6866/6866 7859/7859
f 6866/6866 6868/6868 7859/7859
f 8040/8040 8038/8038 8037/8037
f 6868/6868 6870/6870 7909/7909
f 5812/5812 5811/5811 5813/5813
f 8035/8035 8033/8033 8036/8036
f 5907/5907 5909/5909 5885/5885
f 5885/5885 5910/5910 5941/5941
f 5941/5941 5912/5912 5980/5980
f 5980/5980 5912/5912 5916/5916
f 5797/5797 5796/5796 5779/5779
f 7743/7743 7740/7740 7745/7745
f 1265/1265 1271/1271 1266/1266
f 7640/7640 7641/7641 7639/7639
f 7554/7554 7640/7640 7639/7639
f 1613/1613 1614/1614 1635/1635
f 3639/3639 3647/3647 3638/3638
f 3646/3646 3655/3655 3648/3648
f 3652/3652 3666/3666 3657/3657
f 3666/3666 3683/3683 3657/3657
f 3683/3683 3548/3548 3546/3546
f 3540/3540 3527/3527 3526/3526
f 3526/3526 3527/3527 3523/3523
f 3526/3526 3523/3523 3522/3522
f 3522/3522 3523/3523 3524/3524
f 3522/3522 3524/3524 3525/3525
f 6863/6863 6864/6864 6862/6862
f 5813/5813 5811/5811 5809/5809
f 5926/5926 5909/5909 5907/5907
f 5885/5885 5909/5909 5910/5910
f 5910/5910 5912/5912 5941/5941
f 5912/5912 5915/5915 5916/5916
f 5916/5916 5915/5915 5917/5917
f 5917/5917 5979/5979 5988/5988
f 5979/5979 5797/5797 5988/5988
f 5796/5796 5794/5794 5779/5779
f 5779/5779 5794/5794 5793/5793
f 5793/5793 5795/5795 5818/5818
f 5818/5818 5795/5795 5807/5807
f 5818/5818 5807/5807 5812/5812
f 7744/7744 7742/7742 7743/7743
f 7743/7743 7742/7742 7740/7740
f 1271/1271 1276/1276 1266/1266
f 1266/1266 1276/1276 1277/1277
f 3573/3573 3571/3571 3578/3578
f 3578/3578 3577/3577 3676/3676
f 3641/3641 3653/3653 3640/3640
f 3638/3638 3647/3647 3646/3646
f 3646/3646 3656/3656 3655/3655
f 3666/3666 3679/3679 3548/3548
f 3666/3666 3548/3548 3683/3683
f 3548/3548 3540/3540 3546/3546
f 3524/3524 3557/3557 3541/3541
f 6862/6862 6865/6865 6866/6866
f 6866/6866 6867/6867 6868/6868
f 5926/5926 5918/5918 5909/5909
f 5909/5909 5911/5911 5910/5910
f 5910/5910 5911/5911 5912/5912
f 5915/5915 5979/5979 5917/5917
f 5979/5979 5848/5848 5797/5797
f 5797/5797 5848/5848 5794/5794
f 5797/5797 5794/5794 5796/5796
f 5794/5794 5795/5795 5793/5793
f 3149/3149 3166/3166 3204/3204
f 7784/7784 7750/7750 7744/7744
f 7749/7749 7784/7784 7744/7744
f 7744/7744 7750/7750 7742/7742
f 1276/1276 1304/1304 1277/1277
f 7648/7648 7647/7647 7640/7640
f 7789/7789 7648/7648 7640/7640
f 7640/7640 7646/7646 7641/7641
f 3577/3577 3576/3576 3676/3676
f 3676/3676 3576/3576 3667/3667
f 3676/3676 3667/3667 3641/3641
f 3640/3640 3653/3653 3650/3650
f 3640/3640 3650/3650 3649/3649
f 3640/3640 3649/3649 3639/3639
f 3639/3639 3649/3649 3647/3647
f 3647/3647 3656/3656 3646/3646
f 3656/3656 3664/3664 3655/3655
f 3655/3655 3664/3664 3652/3652
f 3652/3652 3664/3664 3666/3666
f 3679/3679 3543/3543 3548/3548
f 3548/3548 3543/3543 3533/3533
f 3548/3548 3533/3533 3540/3540
f 3540/3540 3533/3533 3527/3527
f 3527/3527 3533/3533 3531/3531
f 3527/3527 3531/3531 3523/3523
f 3523/3523 3531/3531 3532/3532
f 7861/7861 7860/7860 6864/6864
f 6864/6864 6865/6865 6862/6862
f 6865/6865 6867/6867 6866/6866
f 577/577 658/658 550/550
f 6867/6867 6869/6869 6868/6868
f 6868/6868 6869/6869 6870/6870
f 6870/6870 6869/6869 6871/6871
f 5811/5811 5807/5807 5809/5809
f 5911/5911 5914/5914 5912/5912
f 5914/5914 5919/5919 5915/5915
f 5912/5912 5914/5914 5915/5915
f 5915/5915 5919/5919 5979/5979
f 5794/5794 5798/5798 5795/5795
f 7750/7750 7741/7741 7742/7742
f 7742/7742 7741/7741 7740/7740
f 7640/7640 7647/7647 7646/7646
f 7647/7647 7737/7737 7646/7646
f 3576/3576 3575/3575 3667/3667
f 3641/3641 3667/3667 3653/3653
f 3653/3653 3667/3667 3660/3660
f 3664/3664 3678/3678 3679/3679
f 3664/3664 3679/3679 3666/3666
f 6869/6869 6872/6872 6871/6871
f 5807/5807 5808/5808 5809/5809
f 5918/5918 5913/5913 5909/5909
f 5909/5909 5913/5913 5911/5911
f 6177/6177 6179/6179 6180/6180
f 5795/5795 5806/5806 5807/5807
f 5979/5979 5804/5804 5848/5848
f 5848/5848 5801/5801 5798/5798
f 5848/5848 5798/5798 5794/5794
f 7750/7750 7836/7836 7741/7741
f 7740/7740 7739/7739 7738/7738
f 7738/7738 7650/7650 7648/7648
f 3667/3667 3575/3575 3588/3588
f 3667/3667 3588/3588 3660/3660
f 3660/3660 3659/3659 3653/3653
f 3653/3653 3659/3659 3650/3650
f 3659/3659 3658/3658 3650/3650
f 3650/3650 3658/3658 3649/3649
f 3649/3649 3658/3658 3647/3647
f 3647/3647 3658/3658 3661/3661
f 3647/3647 3661/3661 3656/3656
f 3661/3661 3665/3665 3656/3656
f 3656/3656 3665/3665 3664/3664
f 3664/3664 3665/3665 3678/3678
f 3678/3678 3549/3549 3679/3679
f 3679/3679 3549/3549 3543/3543
f 7862/7862 6875/6875 7860/7860
f 7860/7860 6875/6875 6864/6864
f 6865/6865 6874/6874 6867/6867
f 6874/6874 7948/7948 6867/6867
f 6867/6867 7948/7948 6873/6873
f 658/658 635/635 550/550
f 6867/6867 6873/6873 6869/6869
f 5808/5808 5814/5814 5810/5810
f 6869/6869 6873/6873 6872/6872
f 5806/5806 5808/5808 5807/5807
f 5913/5913 5925/5925 5911/5911
f 5911/5911 5925/5925 5914/5914
f 5925/5925 5920/5920 5914/5914
f 5914/5914 5920/5920 5919/5919
f 5919/5919 5920/5920 5921/5921
f 6177/6177 6178/6178 6179/6179
f 5804/5804 5817/5817 5803/5803
f 5804/5804 5803/5803 5801/5801
f 5798/5798 5799/5799 5795/5795
f 5795/5795 5799/5799 5806/5806
f 7741/7741 7739/7739 7740/7740
f 7738/7738 7739/7739 7650/7650
f 7647/7647 7772/7772 7737/7737
f 3565/3565 3579/3579 3588/3588
f 3588/3588 3587/3587 3660/3660
f 3660/3660 3587/3587 3589/3589
f 3660/3660 3589/3589 3659/3659
f 3665/3665 3704/3704 3678/3678
f 3704/3704 3551/3551 3678/3678
f 3678/3678 3551/3551 3549/3549
f 3542/3542 3616/3616 3617/3617
f 6864/6864 6875/6875 6865/6865
f 5924/5924 5974/5974 5913/5913
f 5913/5913 5974/5974 5925/5925
f 5018/5018 5017/5017 5019/5019
f 5019/5019 5017/5017 5028/5028
f 5803/5803 5802/5802 5801/5801
f 5801/5801 5802/5802 5800/5800
f 5801/5801 5800/5800 5798/5798
f 5798/5798 5800/5800 5799/5799
f 7836/7836 7751/7751 7741/7741
f 7741/7741 7751/7751 7739/7739
f 7648/7648 7650/7650 7649/7649
f 7648/7648 7649/7649 7647/7647
f 7647/7647 7649/7649 7772/7772
f 7737/7737 7772/7772 7881/7881
f 3579/3579 3580/3580 3587/3587
f 3580/3580 3582/3582 3587/3587
f 3589/3589 3591/3591 3659/3659
f 3591/3591 3697/3697 3659/3659
f 3659/3659 3697/3697 3658/3658
f 3697/3697 3698/3698 3658/3658
f 3658/3658 3698/3698 3661/3661
f 3661/3661 3698/3698 3665/3665
f 3698/3698 3704/3704 3665/3665
f 3551/3551 3552/3552 3550/3550
f 8052/8052 8051/8051 8047/8047
f 6875/6875 6874/6874 6865/6865
f 8053/8053 8057/8057 8054/8054
f 8053/8053 8054/8054 8055/8055
f 8055/8055 8054/8054 8056/8056
f 5814/5814 5816/5816 5815/5815
f 6873/6873 7964/7964 6872/6872
f 5924/5924 5983/5983 5974/5974
f 5806/5806 5819/5819 5808/5808
f 5808/5808 5819/5819 5814/5814
f 5974/5974 5923/5923 5925/5925
f 5925/5925 5923/5923 5920/5920
f 5921/5921 5920/5920 5922/5922
f 5018/5018 5016/5016 5017/5017
f 5302/5302 5303/5303 5304/5304
f 5017/5017 5013/5013 5028/5028
f 5817/5817 5982/5982 5802/5802
f 5802/5802 5805/5805 5800/5800
f 5800/5800 5805/5805 5799/5799
f 5799/5799 5805/5805 5973/5973
f 5799/5799 5973/5973 5806/5806
f 7836/7836 7755/7755 7751/7751
f 7751/7751 7752/7752 7739/7739
f 7739/7739 7915/7915 7650/7650
f 7881/7881 7772/7772 7773/7773
f 3590/3590 3592/3592 3591/3591
f 3591/3591 3592/3592 3593/3593
f 3697/3697 3593/3593 3595/3595
f 3697/3697 3595/3595 3698/3698
f 3595/3595 3596/3596 3597/3597
f 3597/3597 3604/3604 3553/3553
f 3553/3553 3604/3604 3603/3603
f 7778/7778 7702/7702 7777/7777
f 7777/7777 7702/7702 7776/7776
f 8051/8051 8050/8050 8047/8047
f 8047/8047 8048/8048 8049/8049
f 6875/6875 7917/7917 6874/6874
f 8059/8059 8058/8058 8053/8053
f 8053/8053 8058/8058 8057/8057
f 8054/8054 8060/8060 8056/8056
f 5819/5819 5816/5816 5814/5814
f 5983/5983 5984/5984 5974/5974
f 5027/5027 5026/5026 5024/5024
f 5016/5016 5014/5014 5013/5013
f 5306/5306 5305/5305 5302/5302
f 5302/5302 5305/5305 5303/5303
f 5973/5973 5819/5819 5806/5806
f 5923/5923 5922/5922 5920/5920
f 5982/5982 5861/5861 5802/5802
f 5802/5802 5861/5861 5805/5805
f 7751/7751 7753/7753 7752/7752
f 7739/7739 7752/7752 7915/7915
f 7649/7649 7652/7652 7772/7772
f 7772/7772 7735/7735 7773/7773
f 7773/7773 7735/7735 7774/7774
f 7707/7707 7708/7708 7709/7709
f 7709/7709 7708/7708 7710/7710
f 7713/7713 7702/7702 7904/7904
f 7904/7904 7702/7702 7778/7778
f 7702/7702 7700/7700 7776/7776
f 8050/8050 8048/8048 8047/8047
f 7872/7872 7873/7873 7874/7874
f 7874/7874 7875/7875 7876/7876
f 7876/7876 7875/7875 7964/7964
f 5015/5015 5022/5022 5012/5012
f 6215/6215 6214/6214 6216/6216
f 5819/5819 5976/5976 5816/5816
f 5023/5023 5014/5014 5016/5016
f 5024/5024 5023/5023 5016/5016
f 5306/5306 5307/5307 5305/5305
f 5861/5861 5863/5863 5862/5862
f 5861/5861 5862/5862 5805/5805
f 5805/5805 5862/5862 5973/5973
f 5973/5973 5862/5862 5868/5868
f 6213/6213 6214/6214 6215/6215
f 7756/7756 7754/7754 7755/7755
f 3411/3411 3394/3394 3455/3455
f 8061/8061 8062/8062 8063/8063
f 7915/7915 7734/7734 7650/7650
f 7650/7650 7734/7734 7651/7651
f 7650/7650 7651/7651 7649/7649
f 7774/7774 7735/7735 7954/7954
f 7735/7735 7712/7712 7954/7954
f 7710/7710 7708/7708 7713/7713
f 7700/7700 7817/7817 7818/7818
f 7818/7818 7817/7817 7819/7819
f 7818/7818 7819/7819 7917/7917
f 7819/7819 7872/7872 7917/7917
f 7873/7873 7875/7875 7874/7874
f 7964/7964 7875/7875 7952/7952
f 6488/6488 6486/6486 6489/6489
f 5868/5868 5870/5870 5976/5976
f 5020/5020 5021/5021 5015/5015
f 6489/6489 6486/6486 6487/6487
f 6564/6564 6565/6565 6566/6566
f 5946/5946 5869/5869 5863/5863
f 5863/5863 5869/5869 5864/5864
f 5863/5863 5864/5864 5862/5862
f 3455/3455 3438/3438 3459/3459
f 8062/8062 8064/8064 8063/8063
f 7649/7649 7651/7651 7652/7652
f 7652/7652 7735/7735 7772/7772
f 7735/7735 7711/7711 7712/7712
f 7708/7708 7704/7704 7713/7713
f 7713/7713 7692/7692 7702/7702
f 7692/7692 7696/7696 7702/7702
f 7696/7696 7700/7700 7702/7702
f 7819/7819 7869/7869 7871/7871
f 7819/7819 7871/7871 7872/7872
f 7872/7872 7871/7871 7873/7873
f 6477/6477 6476/6476 6475/6475
f 7875/7875 7951/7951 7952/7952
f 5026/5026 5035/5035 5025/5025
f 5025/5025 5029/5029 5023/5023
f 5029/5029 5030/5030 5023/5023
f 4695/4695 4691/4691 4693/4693
f 6477/6477 6475/6475 6478/6478
f 6477/6477 6478/6478 6486/6486
f 6486/6486 6478/6478 6487/6487
f 5864/5864 5865/5865 5862/5862
f 5862/5862 5865/5865 5868/5868
f 5868/5868 5865/5865 5870/5870
f 5023/5023 5021/5021 5020/5020
f 6359/6359 6358/6358 6360/6360
f 6361/6361 6359/6359 6360/6360
f 7753/7753 7758/7758 7752/7752
f 7752/7752 7758/7758 7927/7927
f 7734/7734 7654/7654 7651/7651
f 7651/7651 7653/7653 7652/7652
f 7652/7652 7653/7653 7735/7735
f 7712/7712 7711/7711 7707/7707
f 7707/7707 7711/7711 7706/7706
f 7707/7707 7706/7706 7704/7704
f 7707/7707 7704/7704 7708/7708
f 7704/7704 7692/7692 7713/7713
f 7696/7696 7698/7698 7700/7700
f 7700/7700 7698/7698 7701/7701
f 7700/7700 7701/7701 7817/7817
f 7817/7817 7701/7701 7819/7819
f 7871/7871 7877/7877 7873/7873
f 6473/6473 6471/6471 6474/6474
f 7877/7877 7953/7953 7951/7951
f 7877/7877 7951/7951 7875/7875
f 5035/5035 5034/5034 5025/5025
f 5025/5025 5034/5034 5029/5029
f 4691/4691 4689/4689 4690/4690
f 6474/6474 6471/6471 6475/6475
f 6475/6475 6471/6471 6478/6478
f 6554/6554 6555/6555 6556/6556
f 5030/5030 5031/5031 5021/5021
f 5867/5867 5866/5866 5864/5864
f 6358/6358 6356/6356 6357/6357
f 6356/6356 6355/6355 6357/6357
f 8065/8065 8066/8066 8067/8067
f 7927/7927 7925/7925 7657/7657
f 7927/7927 7657/7657 7734/7734
f 7734/7734 7657/7657 7654/7654
f 7651/7651 7654/7654 7653/7653
f 7653/7653 7677/7677 7735/7735
f 7735/7735 7677/7677 7967/7967
f 7735/7735 7967/7967 7711/7711
f 7692/7692 7695/7695 7696/7696
f 7696/7696 7695/7695 7697/7697
f 7696/7696 7697/7697 7698/7698
f 7698/7698 7697/7697 7699/7699
f 7698/7698 7699/7699 7701/7701
f 7701/7701 7945/7945 7869/7869
f 7869/7869 7945/7945 7871/7871
f 6485/6485 6484/6484 6472/6472
f 7871/7871 7957/7957 7877/7877
f 7877/7877 7957/7957 7953/7953
f 6472/6472 6484/6484 6470/6470
f 5035/5035 5046/5046 5034/5034
f 4689/4689 4685/4685 4688/4688
f 6472/6472 6470/6470 6471/6471
f 6471/6471 6470/6470 6469/6469
f 6381/6381 6377/6377 6425/6425
f 7925/7925 7660/7660 7657/7657
f 7654/7654 7655/7655 7653/7653
f 7655/7655 7677/7677 7653/7653
f 7967/7967 7715/7715 7711/7711
f 7711/7711 7715/7715 7706/7706
f 7701/7701 7699/7699 7820/7820
f 7701/7701 7820/7820 7945/7945
f 7945/7945 8019/8019 7957/7957
f 7945/7945 7957/7957 7871/7871
f 6396/6396 6387/6387 6397/6397
f 7953/7953 7957/7957 7990/7990
f 6397/6397 6387/6387 6409/6409
f 6397/6397 6409/6409 6484/6484
f 5041/5041 5039/5039 5034/5034
f 5034/5034 5039/5039 5033/5033
f 6356/6356 6354/6354 6355/6355
f 6354/6354 6350/6350 6352/6352
f 6355/6355 6354/6354 6352/6352
f 7959/7959 7676/7676 7660/7660
f 7657/7657 7660/7660 7656/7656
f 7657/7657 7656/7656 7654/7654
f 7654/7654 7656/7656 7655/7655
f 7655/7655 7678/7678 7677/7677
f 7677/7677 7678/7678 7967/7967
f 7967/7967 7678/7678 7680/7680
f 7967/7967 7680/7680 7715/7715
f 7715/7715 7689/7689 7706/7706
f 7706/7706 7689/7689 7704/7704
f 7704/7704 7689/7689 7690/7690
f 7704/7704 7690/7690 7692/7692
f 7692/7692 7690/7690 7691/7691
f 7692/7692 7691/7691 7693/7693
f 7692/7692 7693/7693 7695/7695
f 7695/7695 7693/7693 7703/7703
f 7695/7695 7703/7703 7697/7697
f 7703/7703 7809/7809 7699/7699
f 7699/7699 7809/7809 7810/7810
f 7699/7699 7810/7810 7820/7820
f 6483/6483 6398/6398 6395/6395
f 6395/6395 6398/6398 6386/6386
f 6376/6376 6287/6287 6294/6294
f 4698/4698 4699/4699 4687/4687
f 6395/6395 6386/6386 6387/6387
f 6387/6387 6386/6386 6380/6380
f 5038/5038 5040/5040 5036/5036
f 7676/7676 7661/7661 7660/7660
f 6351/6351 6427/6427 6371/6371
f 6353/6353 6351/6351 6371/6371
f 7660/7660 7658/7658 7656/7656
f 7658/7658 7659/7659 7655/7655
f 7656/7656 7658/7658 7655/7655
f 7680/7680 7682/7682 7715/7715
f 7682/7682 7684/7684 7715/7715
f 7715/7715 7684/7684 7689/7689
f 7684/7684 7688/7688 7689/7689
f 7689/7689 7688/7688 7690/7690
f 7690/7690 7688/7688 7691/7691
f 7703/7703 7812/7812 7809/7809
f 7809/7809 7812/7812 7810/7810
f 7810/7810 7946/7946 7820/7820
f 4702/4702 4704/4704 4703/4703
f 6388/6388 6384/6384 6383/6383
f 6388/6388 6383/6383 6398/6398
f 5042/5042 5044/5044 5038/5038
f 5038/5038 5044/5044 5043/5043
f 6349/6349 6347/6347 6366/6366
f 6351/6351 6349/6349 6366/6366
f 7660/7660 7661/7661 7658/7658
f 6427/6427 6366/6366 6458/6458
f 6366/6366 6459/6459 6458/6458
f 7658/7658 7736/7736 7659/7659
f 7659/7659 7736/7736 7655/7655
f 7655/7655 7736/7736 7679/7679
f 7679/7679 7681/7681 7680/7680
f 7678/7678 7679/7679 7680/7680
f 7680/7680 7681/7681 7682/7682
f 7688/7688 7705/7705 7691/7691
f 7691/7691 7705/7705 7694/7694
f 7691/7691 7694/7694 7693/7693
f 7694/7694 7822/7822 7703/7703
f 7703/7703 7822/7822 7924/7924
f 7703/7703 7924/7924 7812/7812
f 7812/7812 7924/7924 7853/7853
f 8078/8078 8077/8077 8079/8079
f 5044/5044 5049/5049 5048/5048
f 6347/6347 6344/6344 6479/6479
f 6557/6557 6558/6558 6559/6559
f 6459/6459 6479/6479 6461/6461
f 8075/8075 8071/8071 8074/8074
f 8071/8071 8073/8073 8074/8074
f 7679/7679 7714/7714 7681/7681
f 7681/7681 7683/7683 7682/7682
f 7682/7682 7683/7683 7684/7684
f 7683/7683 7685/7685 7684/7684
f 7685/7685 7687/7687 7684/7684
f 7684/7684 7687/7687 7688/7688
f 7688/7688 7687/7687 7705/7705
f 7705/7705 7790/7790 7694/7694
f 7694/7694 7790/7790 7791/7791
f 7694/7694 7791/7791 7822/7822
f 7822/7822 7791/7791 7924/7924
f 7924/7924 7840/7840 7843/7843
f 6392/6392 6393/6393 6391/6391
f 8076/8076 8077/8077 8078/8078
f 6391/6391 6462/6462 6394/6394
f 6391/6391 6394/6394 6389/6389
f 7843/7843 7844/7844 7946/7946
f 5050/5050 5052/5052 5049/5049
f 5049/5049 5054/5054 5061/5061
f 6345/6345 6369/6369 6401/6401
f 7665/7665 7667/7667 7673/7673
f 6401/6401 6369/6369 6463/6463
f 6369/6369 6424/6424 6463/6463
f 8071/8071 8072/8072 8073/8073
f 7905/7905 7717/7717 7681/7681
f 7714/7714 7905/7905 7681/7681
f 7717/7717 7716/7716 7681/7681
f 7681/7681 7716/7716 7683/7683
f 7683/7683 7716/7716 7686/7686
f 7683/7683 7686/7686 7685/7685
f 7685/7685 7686/7686 7687/7687
f 7686/7686 7906/7906 7687/7687
f 7687/7687 7906/7906 7705/7705
f 7705/7705 7906/7906 7792/7792
f 7705/7705 7792/7792 7790/7790
f 7790/7790 7792/7792 7791/7791
f 6281/6281 6274/6274 6276/6276
f 6442/6442 6439/6439 6443/6443
f 6444/6444 6442/6442 6443/6443
f 6443/6443 6439/6439 6462/6462
f 7842/7842 7844/7844 7843/7843
f 6367/6367 6368/6368 6372/6372
f 6424/6424 6367/6367 6372/6372
f 7717/7717 7718/7718 7716/7716
f 7718/7718 7893/7893 7716/7716
f 7716/7716 7893/7893 7686/7686
f 7686/7686 7893/7893 8006/8006
f 7686/7686 8006/8006 7906/7906
f 7906/7906 8006/8006 7933/7933
f 7906/7906 7933/7933 7792/7792
f 6445/6445 6447/6447 6438/6438
f 6445/6445 6438/6438 6442/6442
f 7838/7838 7839/7839 7791/7791
f 6438/6438 6435/6435 6437/6437
f 6438/6438 6437/6437 6439/6439
f 6507/6507 6506/6506 6505/6505
f 6439/6439 6437/6437 6440/6440
f 6440/6440 6437/6437 6441/6441
f 5062/5062 5065/5065 5059/5059
f 8087/8087 8085/8085 8084/8084
f 4419/4419 4414/4414 4420/4420
f 4420/4420 4414/4414 4421/4421
f 7718/7718 7719/7719 7725/7725
f 7718/7718 7725/7725 7893/7893
f 8080/8080 8081/8081 8082/8082
f 6243/6243 6247/6247 6261/6261
f 6534/6534 6536/6536 6535/6535
f 7934/7934 8000/8000 7792/7792
f 6535/6535 6536/6536 6537/6537
f 5087/5087 5078/5078 5075/5075
f 4411/4411 4412/4412 4413/4413
f 4412/4412 4415/4415 4413/4413
f 4413/4413 4415/4415 4416/4416
f 4416/4416 4415/4415 4417/4417
f 6258/6258 6251/6251 6254/6254
f 6249/6249 6250/6250 6248/6248
f 5078/5078 5081/5081 5076/5076
f 5076/5076 5080/5080 5077/5077
f 842/842 837/837 850/850
f 715/715 713/713 739/739
f 713/713 740/740 739/739
f 739/739 740/740 765/765
f 765/765 740/740 745/745
f 808/808 741/741 742/742
f 756/756 737/737 712/712
f 882/882 840/840 883/883
f 756/756 712/712 733/733
f 844/844 845/845 847/847
f 770/770 728/728 769/769
f 728/728 729/729 767/767
f 769/769 728/728 767/767
f 767/767 729/729 752/752
f 870/870 871/871 897/897
f 776/776 752/752 751/751
f 904/904 887/887 890/890
f 890/890 857/857 863/863
f 757/757 735/735 736/736
f 863/863 852/852 867/867
f 867/867 847/847 868/868
f 774/774 775/775 780/780
f 780/780 775/775 777/777
f 919/919 918/918 956/956
f 956/956 951/951 997/997
f 951/951 952/952 997/997
f 997/997 952/952 998/998
f 952/952 964/964 991/991
f 992/992 964/964 955/955
f 820/820 861/861 860/860
f 868/868 859/859 877/877
f 889/889 907/907 916/916
f 778/778 772/772 787/787
f 781/781 924/924 790/790
f 938/938 907/907 931/931
f 937/937 917/917 936/936
f 936/936 919/919 990/990
f 648/648 680/680 643/643
f 643/643 689/689 567/567
f 567/567 689/689 566/566
f 588/588 607/607 509/509
f 509/509 607/607 555/555
f 1000/1000 955/955 974/974
f 554/554 656/656 573/573
f 573/573 656/656 611/611
f 929/929 894/894 962/962
f 791/791 768/768 792/792
f 963/963 932/932 916/916
f 805/805 789/789 802/802
f 819/819 778/778 813/813
f 813/813 778/778 799/799
f 916/916 907/907 938/938
f 934/934 806/806 819/819
f 938/938 954/954 978/978
f 954/954 937/937 977/977
f 648/648 643/643 586/586
f 643/643 567/567 586/586
f 567/567 566/566 495/495
f 466/466 567/567 495/495
f 495/495 566/566 508/508
f 566/566 588/588 508/508
f 508/508 588/588 509/509
f 509/509 555/555 510/510
f 510/510 555/555 554/554
f 510/510 554/554 500/500
f 500/500 554/554 573/573
f 573/573 611/611 571/571
f 652/652 611/611 682/682
f 983/983 930/930 962/962
f 935/935 893/893 914/914
f 940/940 925/925 909/909
f 909/909 947/947 950/950
f 1003/1003 944/944 942/942
f 999/999 938/938 978/978
f 978/978 954/954 993/993
f 1007/1007 978/978 993/993
f 674/674 681/681 649/649
f 681/681 648/648 649/649
f 649/649 648/648 570/570
f 570/570 648/648 586/586
f 570/570 586/586 467/467
f 467/467 586/586 466/466
f 586/586 567/567 466/466
f 495/495 508/508 417/417
f 508/508 509/509 415/415
f 415/415 509/509 416/416
f 416/416 509/509 510/510
f 416/416 510/510 500/500
f 500/500 573/573 447/447
f 447/447 573/573 446/446
f 446/446 573/573 571/571
f 571/571 611/611 652/652
f 652/652 683/683 614/614
f 1009/1009 983/983 982/982
f 982/982 948/948 996/996
f 973/973 914/914 958/958
f 945/945 939/939 994/994
f 3428/3428 3442/3442 3414/3414
f 976/976 940/940 946/946
f 946/946 950/950 988/988
f 963/963 938/938 999/999
f 999/999 978/978 1007/1007
f 694/694 674/674 675/675
f 675/675 674/674 597/597
f 597/597 674/674 649/649
f 649/649 570/570 541/541
f 541/541 570/570 464/464
f 570/570 467/467 464/464
f 466/466 495/495 404/404
f 404/404 495/495 417/417
f 391/391 416/416 500/500
f 391/391 500/500 447/447
f 446/446 571/571 452/452
f 549/549 571/571 652/652
f 549/549 652/652 614/614
f 684/684 697/697 615/615
f 1008/1008 982/982 996/996
f 3342/3342 3428/3428 3345/3345
f 2826/2826 2827/2827 2825/2825
f 989/989 946/946 988/988
f 1343/1343 1348/1348 1339/1339
f 1012/1012 999/999 1007/1007
f 694/694 675/675 667/667
f 667/667 675/675 597/597
f 493/493 541/541 464/464
f 464/464 467/467 403/403
f 467/467 466/466 403/403
f 403/403 466/466 396/396
f 396/396 466/466 404/404
f 404/404 417/417 369/369
f 417/417 415/415 367/367
f 369/369 417/417 367/367
f 367/367 415/415 368/368
f 415/415 416/416 368/368
f 368/368 416/416 391/391
f 390/390 391/391 447/447
f 390/390 447/447 446/446
f 3345/3345 3428/3428 3414/3414
f 3345/3345 3414/3414 3379/3379
f 2823/2823 2821/2821 2809/2809
f 2809/2809 2821/2821 2817/2817
f 2818/2818 2826/2826 2825/2825
f 2818/2818 2825/2825 2824/2824
f 2804/2804 2828/2828 2823/2823
f 695/695 694/694 692/692
f 692/692 694/694 667/667
f 396/396 404/404 347/347
f 404/404 369/369 347/347
f 347/347 369/369 336/336
f 336/336 369/369 367/367
f 336/336 367/367 333/333
f 367/367 368/368 335/335
f 333/333 367/367 335/335
f 368/368 391/391 334/334
f 334/334 391/391 390/390
f 390/390 446/446 392/392
f 392/392 446/446 452/452
f 392/392 452/452 388/388
f 388/388 452/452 506/506
f 506/506 452/452 549/549
f 549/549 614/614 548/548
f 548/548 614/614 615/615
f 616/616 615/615 686/686
f 616/616 686/686 693/693
f 3342/3342 3345/3345 3275/3275
f 3258/3258 3342/3342 3275/3275
f 3275/3275 3345/3345 3280/3280
f 2809/2809 2817/2817 2810/2810
f 2817/2817 2818/2818 2812/2812
f 2810/2810 2817/2817 2812/2812
f 2812/2812 2818/2818 2819/2819
f 3280/3280 3345/3345 3379/3379
f 2804/2804 2823/2823 2809/2809
f 2819/2819 2824/2824 2820/2820
f 3403/3403 3424/3424 3446/3446
f 3403/3403 3446/3446 3452/3452
f 558/558 667/667 597/597
f 597/597 541/541 547/547
f 547/547 541/541 494/494
f 494/494 541/541 493/493
f 493/493 464/464 405/405
f 405/405 464/464 403/403
f 324/324 396/396 347/347
f 335/335 368/368 334/334
f 506/506 549/549 484/484
f 484/484 549/549 548/548
f 616/616 693/693 661/661
f 3258/3258 3275/3275 3229/3229
f 2810/2810 2812/2812 2811/2811
f 2811/2811 2812/2812 2813/2813
f 2813/2813 2812/2812 2815/2815
f 2803/2803 2809/2809 2808/2808
f 2808/2808 2809/2809 2810/2810
f 2812/2812 2819/2819 2815/2815
f 2815/2815 2819/2819 2820/2820
f 3280/3280 3379/3379 3359/3359
f 3359/3359 3379/3379 3424/3424
f 3359/3359 3424/3424 3403/3403
f 677/677 692/692 667/667
f 677/677 667/667 558/558
f 558/558 597/597 547/547
f 431/431 547/547 494/494
f 494/494 493/493 381/381
f 381/381 493/493 405/405
f 405/405 403/403 329/329
f 329/329 403/403 324/324
f 403/403 396/396 324/324
f 324/324 347/347 271/271
f 271/271 347/347 336/336
f 336/336 333/333 206/206
f 207/207 336/336 206/206
f 206/206 333/333 208/208
f 208/208 333/333 335/335
f 276/276 335/335 334/334
f 334/334 390/390 305/305
f 305/305 390/390 392/392
f 305/305 392/392 388/388
f 388/388 506/506 484/484
f 545/545 548/548 569/569
f 569/569 548/548 616/616
f 569/569 616/616 661/661
f 3202/3202 3258/3258 3229/3229
f 3229/3229 3275/3275 3280/3280
f 2808/2808 2810/2810 2806/2806
f 2806/2806 2810/2810 2811/2811
f 2813/2813 2815/2815 2816/2816
f 2816/2816 2815/2815 2822/2822
f 2802/2802 2803/2803 2801/2801
f 2801/2801 2803/2803 2808/2808
f 3280/3280 3359/3359 3320/3320
f 2805/2805 2804/2804 2802/2802
f 3403/3403 3452/3452 3427/3427
f 641/641 692/692 677/677
f 641/641 677/677 558/558
f 558/558 547/547 535/535
f 535/535 547/547 431/431
f 431/431 494/494 381/381
f 381/381 405/405 330/330
f 405/405 329/329 330/330
f 271/271 336/336 207/207
f 208/208 335/335 276/276
f 276/276 334/334 305/305
f 305/305 388/388 328/328
f 328/328 388/388 387/387
f 387/387 484/484 463/463
f 463/463 484/484 548/548
f 463/463 548/548 545/545
f 5644/5644 5645/5645 5640/5640
f 5640/5640 5645/5645 5646/5646
f 3202/3202 3229/3229 3169/3169
f 2806/2806 2811/2811 2814/2814
f 2811/2811 2813/2813 2814/2814
f 3229/3229 3280/3280 3223/3223
f 3223/3223 3280/3280 3274/3274
f 2801/2801 2808/2808 2806/2806
f 2816/2816 2822/2822 3297/3297
f 3274/3274 3280/3280 3320/3320
f 2807/2807 2805/2805 2800/2800
f 3382/3382 3359/3359 3403/3403
f 3382/3382 3403/3403 3427/3427
f 641/641 558/558 542/542
f 542/542 558/558 523/523
f 523/523 558/558 535/535
f 490/490 535/535 431/431
f 308/308 381/381 330/330
f 330/330 329/329 191/191
f 191/191 329/329 324/324
f 120/120 276/276 305/305
f 236/236 328/328 387/387
f 236/236 387/387 389/389
f 389/389 387/387 463/463
f 545/545 569/569 529/529
f 569/569 661/661 602/602
f 670/670 661/661 688/688
f 2806/2806 2814/2814 2997/2997
f 2997/2997 2814/2814 2996/2996
f 2996/2996 2814/2814 3239/3239
f 2788/2788 2801/2801 2799/2799
f 2799/2799 2801/2801 2806/2806
f 2814/2814 2816/2816 3297/3297
f 3239/3239 2814/2814 3297/3297
f 2802/2802 2801/2801 2788/2788
f 2800/2800 2802/2802 2788/2788
f 3320/3320 3359/3359 3382/3382
f 3382/3382 3427/3427 3389/3389
f 3389/3389 3427/3427 3435/3435
f 640/640 542/542 574/574
f 523/523 535/535 490/490
f 490/490 431/431 346/346
f 346/346 431/431 382/382
f 431/431 381/381 382/382
f 382/382 381/381 308/308
f 230/230 330/330 191/191
f 191/191 324/324 271/271
f 122/122 271/271 207/207
f 122/122 207/207 121/121
f 121/121 207/207 206/206
f 121/121 206/206 118/118
f 206/206 208/208 118/118
f 208/208 276/276 120/120
f 120/120 305/305 200/200
f 200/200 305/305 328/328
f 200/200 328/328 236/236
f 236/236 389/389 327/327
f 389/389 463/463 352/352
f 463/463 545/545 482/482
f 482/482 545/545 529/529
f 529/529 569/569 602/602
f 602/602 661/661 670/670
f 3173/3173 3202/3202 3169/3169
f 2799/2799 2806/2806 2945/2945
f 2806/2806 2997/2997 2945/2945
f 2945/2945 2997/2997 2996/2996
f 3274/3274 3320/3320 3277/3277
f 3277/3277 3320/3320 3328/3328
f 1180/1180 1182/1182 1178/1178
f 308/308 330/330 230/230
f 191/191 271/271 122/122
f 118/118 208/208 120/120
f 327/327 389/389 352/352
f 352/352 463/463 482/482
f 6205/6205 6204/6204 6202/6202
f 2939/2939 2996/2996 2950/2950
f 2950/2950 2996/2996 2998/2998
f 3163/3163 3169/3169 3223/3223
f 2782/2782 2799/2799 2798/2798
f 2798/2798 2799/2799 2945/2945
f 2998/2998 3239/3239 3208/3208
f 3208/3208 3239/3239 3240/3240
f 3223/3223 3274/3274 3221/3221
f 3221/3221 3274/3274 3277/3277
f 2788/2788 2799/2799 2782/2782
f 2774/2774 2788/2788 2782/2782
f 3328/3328 3382/3382 3389/3389
f 3389/3389 3435/3435 3440/3440
f 542/542 523/523 456/456
f 523/523 490/490 456/456
f 456/456 490/490 346/346
f 346/346 382/382 308/308
f 5947/5947 5643/5643 5639/5639
f 3173/3173 3169/3169 3055/3055
f 3055/3055 3169/3169 3163/3163
f 2950/2950 2998/2998 2999/2999
f 3163/3163 3223/3223 3221/3221
f 2798/2798 2945/2945 2939/2939
f 2999/2999 2998/2998 3208/3208
f 1180/1180 1178/1178 1179/1179
f 3389/3389 3440/3440 3441/3441
f 574/574 542/542 543/543
f 543/543 542/542 456/456
f 456/456 346/346 309/309
f 246/246 346/346 308/308
f 308/308 230/230 190/190
f 246/246 308/308 190/190
f 230/230 191/191 189/189
f 123/123 191/191 122/122
f 123/123 122/122 117/117
f 117/117 122/122 121/121
f 117/117 118/118 119/119
f 119/119 120/120 200/200
f 124/124 200/200 236/236
f 124/124 236/236 125/125
f 125/125 236/236 327/327
f 262/262 327/327 352/352
f 552/552 529/529 602/602
f 5947/5947 5639/5639 5642/5642
f 5627/5627 5628/5628 5624/5624
f 3055/3055 3163/3163 3047/3047
f 3163/3163 3221/3221 3174/3174
f 3174/3174 3221/3221 3209/3209
f 2784/2784 2782/2782 2798/2798
f 3209/3209 3221/3221 3277/3277
f 3209/3209 3277/3277 3300/3300
f 2772/2772 2774/2774 2782/2782
f 3277/3277 3328/3328 3300/3300
f 3300/3300 3328/3328 3331/3331
f 3328/3328 3389/3389 3384/3384
f 456/456 309/309 384/384
f 346/346 246/246 309/309
f 190/190 230/230 189/189
f 189/189 191/191 123/123
f 119/119 200/200 124/124
f 125/125 327/327 262/262
f 262/262 352/352 307/307
f 307/307 352/352 407/407
f 407/407 352/352 482/482
f 407/407 482/482 443/443
f 443/443 482/482 529/529
f 443/443 529/529 526/526
f 3049/3049 3055/3055 3047/3047
f 3047/3047 3163/3163 3174/3174
f 2798/2798 2939/2939 2885/2885
f 2939/2939 2950/2950 2891/2891
f 2891/2891 2950/2950 2999/2999
f 2999/2999 3001/3001 3000/3000
f 2784/2784 2798/2798 2787/2787
f 2773/2773 2774/2774 2772/2772
f 3331/3331 3328/3328 3384/3384
f 3413/3413 3389/3389 3441/3441
f 543/543 456/456 435/435
f 527/527 543/543 435/435
f 435/435 456/456 384/384
f 117/117 119/119 115/115
f 2787/2787 2798/2798 2885/2885
f 2885/2885 2939/2939 2891/2891
f 2891/2891 2999/2999 2972/2972
f 2972/2972 2999/2999 3000/3000
f 278/278 384/384 309/309
f 278/278 309/309 246/246
f 181/181 190/190 189/189
f 115/115 119/119 124/124
f 3056/3056 3055/3055 3049/3049
f 3047/3047 3174/3174 3112/3112
f 2885/2885 2891/2891 2884/2884
f 2884/2884 2891/2891 2972/2972
f 2772/2772 2784/2784 2787/2787
f 3265/3265 3209/3209 3300/3300
f 3303/3303 3300/3300 3331/3331
f 527/527 435/435 481/481
f 278/278 246/246 245/245
f 245/245 246/246 190/190
f 245/245 190/190 181/181
f 173/173 189/189 123/123
f 112/112 123/123 117/117
f 112/112 117/117 113/113
f 3514/3514 3520/3520 3516/3516
f 3504/3504 3514/3514 3516/3516
f 113/113 117/117 115/115
f 124/124 125/125 126/126
f 125/125 262/262 126/126
f 274/274 307/307 407/407
f 525/525 526/526 552/552
f 5641/5641 5642/5642 5635/5635
f 5637/5637 5635/5635 5634/5634
f 2787/2787 2885/2885 2883/2883
f 2796/2796 2787/2787 2883/2883
f 2883/2883 2885/2885 2877/2877
f 2877/2877 2885/2885 2884/2884
f 3265/3265 3300/3300 3303/3303
f 3303/3303 3331/3331 3336/3336
f 3331/3331 3384/3384 3336/3336
f 3336/3336 3384/3384 3413/3413
f 1188/1188 1179/1179 1109/1109
f 639/639 543/543 528/528
f 638/638 639/639 528/528
f 543/543 527/527 528/528
f 528/528 527/527 481/481
f 435/435 384/384 355/355
f 384/384 278/278 355/355
f 355/355 278/278 277/277
f 277/277 278/278 245/245
f 3515/3515 3513/3513 3508/3508
f 274/274 407/407 406/406
f 443/443 526/526 525/525
f 525/525 552/552 613/613
f 3056/3056 3049/3049 3048/3048
f 3048/3048 3049/3049 3047/3047
f 3015/3015 2972/2972 3000/3000
f 3174/3174 3209/3209 3178/3178
f 3178/3178 3209/3209 3265/3265
f 2772/2772 2787/2787 2771/2771
f 3336/3336 3413/3413 3412/3412
f 481/481 435/435 355/355
f 366/366 481/481 355/355
f 173/173 123/123 112/112
f 115/115 124/124 116/116
f 124/124 126/126 116/116
f 229/229 262/262 274/274
f 406/406 407/407 443/443
f 406/406 443/443 455/455
f 455/455 443/443 525/525
f 2771/2771 2787/2787 2796/2796
f 2773/2773 2772/2772 2757/2757
f 528/528 481/481 496/496
f 182/182 245/245 181/181
f 181/181 189/189 174/174
f 174/174 189/189 173/173
f 3496/3496 3498/3498 3497/3497
f 3507/3507 3502/3502 3500/3500
f 116/116 126/126 162/162
f 5638/5638 5637/5637 5634/5634
f 5989/5989 5958/5958 5617/5617
f 3043/3043 3048/3048 3047/3047
f 3043/3043 3047/3047 3046/3046
f 2875/2875 2877/2877 2884/2884
f 2884/2884 2972/2972 2971/2971
f 3046/3046 3047/3047 3112/3112
f 3046/3046 3112/3112 3178/3178
f 2971/2971 2972/2972 3015/3015
f 2757/2757 2772/2772 2771/2771
f 496/496 481/481 366/366
f 366/366 355/355 323/323
f 323/323 355/355 296/296
f 355/355 277/277 296/296
f 296/296 277/277 257/257
f 277/277 245/245 182/182
f 257/257 277/277 182/182
f 4626/4626 4661/4661 4674/4674
f 113/113 115/115 114/114
f 126/126 262/262 229/229
f 259/259 229/229 274/274
f 259/259 274/274 406/406
f 259/259 406/406 395/395
f 395/395 406/406 455/455
f 6115/6115 6112/6112 6114/6114
f 2875/2875 2884/2884 2971/2971
f 3273/3273 3178/3178 3265/3265
f 3316/3316 3303/3303 3336/3336
f 3499/3499 3497/3497 3510/3510
f 3501/3501 3495/3495 3499/3499
f 3506/3506 3501/3501 3499/3499
f 114/114 115/115 116/116
f 162/162 126/126 163/163
f 163/163 126/126 229/229
f 519/519 525/525 669/669
f 5638/5638 5634/5634 5648/5648
f 3043/3043 3046/3046 3045/3045
f 2875/2875 2971/2971 2955/2955
f 2955/2955 2971/2971 3033/3033
f 3046/3046 3178/3178 3179/3179
f 2874/2874 2883/2883 2877/2877
f 3273/3273 3265/3265 3303/3303
f 3273/3273 3303/3303 3316/3316
f 3336/3336 3412/3412 3401/3401
f 638/638 528/528 636/636
f 3506/3506 3499/3499 3510/3510
f 455/455 525/525 519/519
f 5933/5933 5638/5638 5648/5648
f 3042/3042 3043/3043 3045/3045
f 2796/2796 2883/2883 2874/2874
f 3178/3178 3273/3273 3179/3179
f 257/257 182/182 180/180
f 4618/4618 4621/4621 4619/4619
f 4619/4619 4621/4621 4624/4624
f 4622/4622 4621/4621 4620/4620
f 112/112 113/113 111/111
f 111/111 113/113 114/114
f 229/229 259/259 258/258
f 3045/3045 3046/3046 3051/3051
f 2955/2955 3033/3033 3032/3032
f 3051/3051 3046/3046 3179/3179
f 3336/3336 3401/3401 3400/3400
f 636/636 528/528 544/544
f 296/296 257/257 256/256
f 295/295 296/296 256/256
f 256/256 257/257 180/180
f 180/180 182/182 181/181
f 6196/6196 6197/6197 6194/6194
f 2874/2874 2877/2877 2875/2875
f 2785/2785 2771/2771 2796/2796
f 637/637 636/636 544/544
f 1329/1329 1189/1189 1191/1191
f 544/544 528/528 496/496
f 323/323 296/296 295/295
f 180/180 181/181 174/174
f 174/174 173/173 172/172
f 4618/4618 4619/4619 4617/4617
f 4616/4616 4618/4618 4617/4617
f 4620/4620 4618/4618 4616/4616
f 127/127 114/114 116/116
f 163/163 229/229 228/228
f 395/395 455/455 454/454
f 6196/6196 6194/6194 6193/6193
f 3316/3316 3336/3336 3346/3346
f 3346/3346 3336/3336 3400/3400
f 2876/2876 2875/2875 2955/2955
f 2955/2955 3032/3032 2980/2980
f 2750/2750 2771/2771 2785/2785
f 2785/2785 2796/2796 2889/2889
f 2889/2889 2796/2796 2874/2874
f 3317/3317 3316/3316 3346/3346
f 1220/1220 1208/1208 1210/1210
f 172/172 173/173 110/110
f 173/173 112/112 111/111
f 4615/4615 4616/4616 4613/4613
f 4616/4616 4617/4617 4613/4613
f 229/229 258/258 228/228
f 455/455 519/519 454/454
f 454/454 519/519 556/556
f 5705/5705 5708/5708 5706/5706
f 3051/3051 3179/3179 3181/3181
f 3181/3181 3179/3179 3224/3224
f 3287/3287 3273/3273 3316/3316
f 3287/3287 3316/3316 3317/3317
f 1116/1116 1109/1109 1110/1110
f 544/544 496/496 497/497
f 497/497 496/496 366/366
f 110/110 173/173 111/111
f 4613/4613 4617/4617 4614/4614
f 3042/3042 3045/3045 3041/3041
f 3045/3045 3051/3051 3050/3050
f 3041/3041 3045/3045 3050/3050
f 2874/2874 2875/2875 2876/2876
f 3125/3125 3051/3051 3181/3181
f 2889/2889 2874/2874 2878/2878
f 3224/3224 3179/3179 3273/3273
f 497/497 366/366 322/322
f 322/322 366/366 323/323
f 4612/4612 4613/4613 4614/4614
f 4615/4615 4613/4613 4612/4612
f 129/129 111/111 114/114
f 290/290 258/258 348/348
f 348/348 395/395 402/402
f 402/402 395/395 454/454
f 2876/2876 2955/2955 2979/2979
f 2979/2979 2955/2955 2980/2980
f 3224/3224 3273/3273 3287/3287
f 322/322 323/323 295/295
f 4612/4612 4614/4614 4608/4608
f 4610/4610 4615/4615 4612/4612
f 3043/3043 3042/3042 3040/3040
f 3040/3040 3042/3042 3041/3041
f 3050/3050 3051/3051 3125/3125
f 1329/1329 1191/1191 1195/1195
f 453/453 497/497 322/322
f 4606/4606 4610/4610 4612/4612
f 4606/4606 4612/4612 4608/4608
f 129/129 114/114 128/128
f 128/128 114/114 127/127
f 128/128 127/127 132/132
f 127/127 116/116 132/132
f 116/116 162/162 161/161
f 3044/3044 3043/3043 3040/3040
f 2756/2756 2757/2757 2750/2750
f 3346/3346 3400/3400 3368/3368
f 180/180 174/174 176/176
f 109/109 111/111 129/129
f 454/454 556/556 557/557
f 2880/2880 2876/2876 2979/2979
f 596/596 637/637 544/544
f 322/322 295/295 297/297
f 295/295 256/256 255/255
f 4604/4604 4606/4606 4608/4608
f 4604/4604 4608/4608 4603/4603
f 4599/4599 4606/4606 4604/4604
f 162/162 163/163 161/161
f 348/348 402/402 343/343
f 3318/3318 3317/3317 3346/3346
f 3368/3368 3400/3400 3409/3409
f 321/321 322/322 297/297
f 4599/4599 4604/4604 4598/4598
f 4604/4604 4603/4603 4598/4598
f 4638/4638 4635/4635 4640/4640
f 532/532 454/454 557/557
f 2979/2979 2980/2980 2981/2981
f 3181/3181 3224/3224 3225/3225
f 596/596 544/544 497/497
f 453/453 322/322 321/321
f 4586/4586 4598/4598 4603/4603
f 4597/4597 4599/4599 4598/4598
f 129/129 128/128 130/130
f 290/290 348/348 343/343
f 5703/5703 5706/5706 5707/5707
f 2878/2878 2876/2876 2879/2879
f 3225/3225 3224/3224 3287/3287
f 3287/3287 3317/3317 3318/3318
f 596/596 497/497 505/505
f 505/505 497/497 453/453
f 297/297 295/295 255/255
f 256/256 180/180 176/176
f 172/172 110/110 108/108
f 110/110 111/111 109/109
f 4597/4597 4598/4598 4589/4589
f 4591/4591 4597/4597 4589/4589
f 4589/4589 4598/4598 4586/4586
f 228/228 258/258 227/227
f 227/227 258/258 290/290
f 402/402 454/454 475/475
f 2879/2879 2876/2876 2880/2880
f 2880/2880 2979/2979 2981/2981
f 255/255 256/256 176/176
f 176/176 174/174 175/175
f 175/175 174/174 172/172
f 4585/4585 4586/4586 4587/4587
f 4591/4591 4589/4589 4588/4588
f 4588/4588 4589/4589 4585/4585
f 4588/4588 4585/4585 4587/4587
f 4600/4600 4591/4591 4588/4588
f 4408/4408 4401/4401 4403/4403
f 4410/4410 4403/4403 4406/4406
f 132/132 116/116 161/161
f 505/505 453/453 321/321
f 4588/4588 4587/4587 4590/4590
f 4592/4592 4590/4590 4587/4587
f 4595/4595 4588/4588 4590/4590
f 4596/4596 4602/4602 4595/4595
f 4596/4596 4595/4595 4593/4593
f 4401/4401 4382/4382 4403/4403
f 4403/4403 4382/4382 4379/4379
f 4403/4403 4379/4379 4387/4387
f 4403/4403 4387/4387 4406/4406
f 193/193 228/228 227/227
f 2879/2879 2880/2880 2881/2881
f 2889/2889 2878/2878 2872/2872
f 2769/2769 2750/2750 2785/2785
f 108/108 110/110 109/109
f 4593/4593 4590/4590 4592/4592
f 4396/4396 4394/4394 4392/4392
f 4397/4397 4396/4396 4392/4392
f 4397/4397 4392/4392 4391/4391
f 4398/4398 4397/4397 4391/4391
f 4398/4398 4391/4391 4388/4388
f 4383/4383 4398/4398 4388/4388
f 4383/4383 4388/4388 4384/4384
f 4383/4383 4384/4384 4380/4380
f 4379/4379 4380/4380 4381/4381
f 4387/4387 4379/4379 4381/4381
f 131/131 128/128 132/132
f 161/161 163/163 193/193
f 2881/2881 2880/2880 3002/3002
f 2872/2872 2878/2878 2879/2879
f 3002/3002 2880/2880 2981/2981
f 3225/3225 3287/3287 3226/3226
f 4394/4394 4395/4395 4393/4393
f 4392/4392 4394/4394 4393/4393
f 4392/4392 4393/4393 4390/4390
f 4391/4391 4392/4392 4390/4390
f 4388/4388 4391/4391 4390/4390
f 4388/4388 4390/4390 4389/4389
f 4388/4388 4389/4389 4385/4385
f 4384/4384 4388/4388 4385/4385
f 4384/4384 4385/4385 4380/4380
f 4380/4380 4385/4385 4386/4386
f 6027/6027 6023/6023 6026/6026
f 3050/3050 3125/3125 3126/3126
f 2786/2786 2889/2889 2872/2872
f 3002/3002 2981/2981 3037/3037
f 3126/3126 3125/3125 3181/3181
f 2769/2769 2785/2785 2786/2786
f 1110/1110 1108/1108 1114/1114
f 3368/3368 3409/3409 3397/3397
f 442/442 505/505 321/321
f 321/321 297/297 298/298
f 177/177 176/176 175/175
f 171/171 172/172 108/108
f 130/130 128/128 131/131
f 132/132 161/161 133/133
f 227/227 290/290 291/291
f 291/291 290/290 343/343
f 343/343 402/402 401/401
f 6027/6027 6026/6026 6028/6028
f 3040/3040 3041/3041 3038/3038
f 3038/3038 3041/3041 3050/3050
f 3038/3038 3050/3050 3126/3126
f 2872/2872 2879/2879 2873/2873
f 1197/1197 1110/1110 1114/1114
f 3325/3325 3346/3346 3368/3368
f 298/298 297/297 255/255
f 106/106 109/109 129/129
f 106/106 129/129 130/130
f 402/402 475/475 401/401
f 401/401 475/475 532/532
f 2745/2745 2750/2750 2769/2769
f 3287/3287 3318/3318 3305/3305
f 3318/3318 3346/3346 3325/3325
f 596/596 505/505 546/546
f 175/175 172/172 171/171
f 105/105 108/108 109/109
f 131/131 132/132 133/133
f 3039/3039 3040/3040 3038/3038
f 3126/3126 3181/3181 3180/3180
f 3180/3180 3181/3181 3225/3225
f 3305/3305 3318/3318 3325/3325
f 3397/3397 3409/3409 3423/3423
f 1201/1201 1195/1195 1199/1199
f 442/442 321/321 298/298
f 4917/4917 4891/4891 4915/4915
f 105/105 109/109 106/106
f 106/106 130/130 107/107
f 107/107 130/130 131/131
f 161/161 193/193 192/192
f 343/343 401/401 379/379
f 351/351 343/343 379/379
f 379/379 401/401 532/532
f 2873/2873 2879/2879 2881/2881
f 505/505 442/442 441/441
f 4475/4475 4476/4476 4474/4474
f 4905/4905 4904/4904 4898/4898
f 4899/4899 4905/4905 4898/4898
f 194/194 227/227 291/291
f 5702/5702 5703/5703 5701/5701
f 5701/5701 5703/5703 5713/5713
f 5567/5567 5714/5714 5491/5491
f 3180/3180 3225/3225 3226/3226
f 3226/3226 3287/3287 3305/3305
f 265/265 255/255 178/178
f 178/178 255/255 176/176
f 4471/4471 4474/4474 4473/4473
f 4471/4471 4473/4473 4469/4469
f 546/546 505/505 441/441
f 441/441 442/442 298/298
f 298/298 255/255 265/265
f 171/171 177/177 175/175
f 5709/5709 5704/5704 5702/5702
f 3030/3030 3039/3039 3038/3038
f 178/178 176/176 177/177
f 4464/4464 4469/4469 4465/4465
f 4470/4470 4471/4471 4464/4464
f 133/133 161/161 192/192
f 192/192 193/193 194/194
f 193/193 227/227 194/194
f 379/379 532/532 564/564
f 3325/3325 3368/3368 3369/3369
f 3369/3369 3368/3368 3397/3397
f 441/441 298/298 412/412
f 108/108 105/105 104/104
f 2882/2882 2873/2873 2881/2881
f 2881/2881 3002/3002 3005/3005
f 3005/3005 3002/3002 3006/3006
f 3180/3180 3226/3226 3210/3210
f 2745/2745 2769/2769 2763/2763
f 3226/3226 3305/3305 3304/3304
f 3324/3324 3325/3325 3369/3369
f 4461/4461 4464/4464 4462/4462
f 4464/4464 4465/4465 4463/4463
f 4462/4462 4464/4464 4463/4463
f 342/342 291/291 343/343
f 342/342 343/343 351/351
f 2882/2882 2881/2881 3005/3005
f 3304/3304 3305/3305 3324/3324
f 3305/3305 3325/3325 3324/3324
f 104/104 171/171 108/108
f 4467/4467 4466/4466 4461/4461
f 4477/4477 4472/4472 4467/4467
f 5701/5701 5713/5713 5680/5680
f 2769/2769 2786/2786 2783/2783
f 2783/2783 2786/2786 2872/2872
f 3210/3210 3226/3226 3304/3304
f 546/546 441/441 412/412
f 551/551 546/546 412/412
f 412/412 298/298 332/332
f 4461/4461 4462/4462 4452/4452
f 4454/4454 4461/4461 4452/4452
f 4452/4452 4462/4462 4463/4463
f 4460/4460 4467/4467 4461/4461
f 4477/4477 4467/4467 4460/4460
f 351/351 379/379 414/414
f 414/414 379/379 564/564
f 2865/2865 2873/2873 2882/2882
f 3397/3397 3423/3423 3422/3422
f 4452/4452 4463/4463 4453/4453
f 4460/4460 4461/4461 4457/4457
f 131/131 133/133 99/99
f 3029/3029 3030/3030 3031/3031
f 3005/3005 3006/3006 3007/3007
f 3030/3030 3038/3038 3031/3031
f 2768/2768 2769/2769 2783/2783
f 3126/3126 3180/3180 3152/3152
f 3152/3152 3180/3180 3210/3210
f 2742/2742 2743/2743 2744/2744
f 3367/3367 3324/3324 3369/3369
f 3369/3369 3397/3397 3395/3395
f 3395/3395 3397/3397 3422/3422
f 332/332 298/298 265/265
f 4988/4988 4968/4968 4989/4989
f 105/105 106/106 103/103
f 133/133 192/192 194/194
f 5711/5711 5710/5710 5702/5702
f 2863/2863 2873/2873 2865/2865
f 2865/2865 2882/2882 3005/3005
f 3031/3031 3038/3038 3054/3054
f 3054/3054 3038/3038 3126/3126
f 3054/3054 3126/3126 3152/3152
f 2783/2783 2872/2872 2869/2869
f 2869/2869 2872/2872 2863/2863
f 178/178 177/177 171/171
f 4454/4454 4452/4452 4451/4451
f 4451/4451 4452/4452 4453/4453
f 106/106 107/107 100/100
f 99/99 133/133 159/159
f 2746/2746 2745/2745 2763/2763
f 332/332 265/265 264/264
f 4456/4456 4454/4454 4451/4451
f 4468/4468 4460/4460 4459/4459
f 103/103 106/106 100/100
f 351/351 414/414 420/420
f 414/414 564/564 565/565
f 3395/3395 3422/3422 3417/3417
f 411/411 551/551 412/412
f 412/412 332/332 411/411
f 4451/4451 4453/4453 4455/4455
f 4456/4456 4451/4451 4455/4455
f 265/265 178/178 179/179
f 104/104 105/105 102/102
f 4431/4431 4458/4458 4456/4456
f 4434/4434 4468/4468 4459/4459
f 102/102 105/105 103/103
f 99/99 107/107 131/131
f 133/133 194/194 160/160
f 281/281 194/194 291/291
f 291/291 342/342 281/281
f 281/281 342/342 341/341
f 414/414 565/565 420/420
f 5440/5440 5595/5595 5442/5442
f 3210/3210 3304/3304 3283/3283
f 3283/3283 3304/3304 3324/3324
f 264/264 265/265 179/179
f 4431/4431 4456/4456 4429/4429
f 4429/4429 4455/4455 4430/4430
f 350/350 341/341 351/351
f 350/350 351/351 420/420
f 5681/5681 5679/5679 5716/5716
f 5440/5440 5442/5442 5441/5441
f 2863/2863 2865/2865 2864/2864
f 2864/2864 2865/2865 2946/2946
f 2946/2946 2865/2865 3005/3005
f 3150/3150 3152/3152 3210/3210
f 3211/3211 3210/3210 3283/3283
f 31/31 104/104 102/102
f 4428/4428 4429/4429 4430/4430
f 100/100 107/107 99/99
f 5711/5711 5702/5702 5890/5890
f 5700/5700 5702/5702 5701/5701
f 2946/2946 3005/3005 3008/3008
f 3008/3008 3005/3005 3007/3007
f 3054/3054 3152/3152 3150/3150
f 3283/3283 3324/3324 3349/3349
f 3349/3349 3324/3324 3367/3367
f 3367/3367 3369/3369 3372/3372
f 179/179 178/178 171/171
f 4431/4431 4429/4429 4426/4426
f 4426/4426 4429/4429 4428/4428
f 4435/4435 4434/4434 4432/4432
f 5492/5492 5493/5493 5494/5494
f 2795/2795 2863/2863 2862/2862
f 2746/2746 2763/2763 2768/2768
f 2783/2783 2869/2869 2795/2795
f 3150/3150 3210/3210 3211/3211
f 3372/3372 3369/3369 3395/3395
f 3395/3395 3417/3417 3407/3407
f 400/400 411/411 332/332
f 31/31 171/171 104/104
f 4428/4428 4430/4430 4424/4424
f 4432/4432 4431/4431 4426/4426
f 4433/4433 4435/4435 4432/4432
f 1733/1733 1737/1737 1732/1732
f 1730/1730 1735/1735 1736/1736
f 1730/1730 1736/1736 1723/1723
f 5700/5700 5701/5701 5680/5680
f 5495/5495 5492/5492 5494/5494
f 3052/3052 3031/3031 3054/3054
f 179/179 171/171 31/31
f 4426/4426 4424/4424 4423/4423
f 4424/4424 4449/4449 4425/4425
f 4423/4423 4424/4424 4425/4425
f 4427/4427 4432/4432 4426/4426
f 159/159 133/133 160/160
f 281/281 341/341 282/282
f 5891/5891 5711/5711 5890/5890
f 2868/2868 2795/2795 2862/2862
f 2862/2862 2863/2863 2861/2861
f 2892/2892 2864/2864 2946/2946
f 3028/3028 3031/3031 3052/3052
f 3372/3372 3395/3395 3396/3396
f 4427/4427 4426/4426 4423/4423
f 3366/3366 3367/3367 3372/3372
f 3396/3396 3395/3395 3407/3407
f 4423/4423 4425/4425 4439/4439
f 4440/4440 4433/4433 4437/4437
f 1550/1550 1549/1549 1546/1546
f 1550/1550 1546/1546 1548/1548
f 1548/1548 1551/1551 1555/1555
f 160/160 281/281 282/282
f 5683/5683 5890/5890 5700/5700
f 2861/2861 2864/2864 2892/2892
f 2746/2746 2768/2768 2764/2764
f 2764/2764 2768/2768 2783/2783
f 3151/3151 3150/3150 3211/3211
f 3212/3212 3211/3211 3283/3283
f 3212/3212 3283/3283 3281/3281
f 3281/3281 3283/3283 3349/3349
f 400/400 332/332 310/310
f 310/310 332/332 264/264
f 32/32 31/31 102/102
f 4427/4427 4423/4423 4436/4436
f 4436/4436 4423/4423 4439/4439
f 4437/4437 4427/4427 4438/4438
f 4438/4438 4427/4427 4436/4436
f 1545/1545 1537/1537 1539/1539
f 1546/1546 1541/1541 1544/1544
f 1546/1546 1544/1544 1548/1548
f 1548/1548 1544/1544 1547/1547
f 1548/1548 1547/1547 1551/1551
f 341/341 350/350 349/349
f 349/349 350/350 420/420
f 3029/3029 3031/3031 3028/3028
f 3022/3022 3029/3029 3028/3028
f 2892/2892 2946/2946 2987/2987
f 2987/2987 2946/2946 3008/3008
f 2987/2987 3008/3008 3009/3009
f 3009/3009 3008/3008 3007/3007
f 3052/3052 3054/3054 3150/3150
f 3052/3052 3150/3150 3151/3151
f 3151/3151 3211/3211 3212/3212
f 3349/3349 3367/3367 3366/3366
f 3366/3366 3372/3372 3373/3373
f 3373/3373 3372/3372 3396/3396
f 3396/3396 3407/3407 3408/3408
f 264/264 179/179 244/244
f 4436/4436 4439/4439 4442/4442
f 4438/4438 4436/4436 4443/4443
f 4443/4443 4436/4436 4442/4442
f 4441/4441 4438/4438 4443/4443
f 1536/1536 1530/1530 1528/1528
f 1527/1527 1536/1536 1528/1528
f 1538/1538 1536/1536 1527/1527
f 1538/1538 1527/1527 1537/1537
f 1539/1539 1537/1537 1533/1533
f 1539/1539 1533/1533 1541/1541
f 1541/1541 1540/1540 1544/1544
f 1540/1540 1543/1543 1547/1547
f 1544/1544 1540/1540 1547/1547
f 96/96 100/100 99/99
f 349/349 420/420 448/448
f 5736/5736 5890/5890 5697/5697
f 5697/5697 5890/5890 5683/5683
f 5700/5700 5680/5680 5683/5683
f 6128/6128 6127/6127 6129/6129
f 2792/2792 2795/2795 2868/2868
f 359/359 400/400 310/310
f 310/310 264/264 244/244
f 4443/4443 4442/4442 4444/4444
f 1528/1528 1530/1530 1529/1529
f 1530/1530 1532/1532 1531/1531
f 1529/1529 1530/1530 1531/1531
f 1527/1527 1528/1528 1529/1529
f 1533/1533 1527/1527 1529/1529
f 1533/1533 1529/1529 1534/1534
f 1534/1534 1529/1529 1535/1535
f 1534/1534 1535/1535 1542/1542
f 1533/1533 1534/1534 1540/1540
f 1540/1540 1534/1534 1542/1542
f 1540/1540 1542/1542 1543/1543
f 96/96 103/103 100/100
f 282/282 341/341 349/349
f 3009/3009 3007/3007 3010/3010
f 2748/2748 2746/2746 2764/2764
f 102/102 103/103 96/96
f 6131/6131 6132/6132 6128/6128
f 6131/6131 6128/6128 6130/6130
f 6130/6130 6128/6128 6129/6129
f 244/244 179/179 183/183
f 101/101 32/32 102/102
f 101/101 102/102 94/94
f 159/159 160/160 158/158
f 2862/2862 2861/2861 2850/2850
f 2861/2861 2892/2892 2893/2893
f 3022/3022 3028/3028 3025/3025
f 2893/2893 2892/2892 2987/2987
f 2748/2748 2764/2764 2762/2762
f 436/436 400/400 359/359
f 94/94 102/102 96/96
f 97/97 96/96 99/99
f 3025/3025 3028/3028 3053/3053
f 2792/2792 2868/2868 2867/2867
f 3053/3053 3028/3028 3052/3052
f 3189/3189 3151/3151 3212/3212
f 2770/2770 2747/2747 2749/2749
f 3282/3282 3281/3281 3349/3349
f 3366/3366 3373/3373 3363/3363
f 183/183 179/179 31/31
f 30/30 31/31 32/32
f 5437/5437 5444/5444 5440/5440
f 2868/2868 2862/2862 2850/2850
f 3349/3349 3366/3366 3363/3363
f 3373/3373 3396/3396 3381/3381
f 3381/3381 3396/3396 3408/3408
f 94/94 96/96 95/95
f 97/97 99/99 98/98
f 158/158 99/99 159/159
f 160/160 282/282 279/279
f 279/279 282/282 311/311
f 5697/5697 5683/5683 5685/5685
f 2859/2859 2861/2861 2893/2893
f 3009/3009 3010/3010 3019/3019
f 3212/3212 3281/3281 3261/3261
f 3261/3261 3281/3281 3282/3282
f 3381/3381 3363/3363 3373/3373
f 30/30 32/32 101/101
f 2850/2850 2861/2861 2859/2859
f 2893/2893 2987/2987 3019/3019
f 3023/3023 3022/3022 3025/3025
f 3019/3019 2987/2987 3009/3009
f 3189/3189 3212/3212 3261/3261
f 183/183 31/31 30/30
f 95/95 96/96 97/97
f 98/98 99/99 158/158
f 518/518 572/572 663/663
f 5609/5609 5608/5608 5605/5605
f 2859/2859 2893/2893 2982/2982
f 2982/2982 2893/2893 3019/3019
f 3053/3053 3052/3052 3151/3151
f 359/359 310/310 243/243
f 243/243 310/310 244/244
f 5969/5969 5609/5609 5605/5605
f 3282/3282 3349/3349 3362/3362
f 3362/3362 3349/3349 3363/3363
f 29/29 244/244 183/183
f 349/349 448/448 373/373
f 373/373 448/448 518/518
f 2867/2867 2868/2868 2866/2866
f 3053/3053 3151/3151 3153/3153
f 3153/3153 3151/3151 3189/3189
f 3398/3398 3381/3381 3408/3408
f 410/410 436/436 359/359
f 5696/5696 5697/5697 5685/5685
f 2866/2866 2868/2868 2850/2850
f 2850/2850 2859/2859 2851/2851
f 2851/2851 2859/2859 2982/2982
f 2767/2767 2764/2764 2792/2792
f 243/243 244/244 29/29
f 29/29 183/183 30/30
f 98/98 95/95 97/97
f 98/98 158/158 157/157
f 158/158 279/279 250/250
f 5685/5685 5683/5683 5684/5684
f 2982/2982 3019/3019 3024/3024
f 3024/3024 3019/3019 3023/3023
f 647/647 436/436 410/410
f 410/410 359/359 358/358
f 134/134 95/95 98/98
f 2851/2851 2982/2982 2983/2983
f 2983/2983 2982/2982 3024/3024
f 3024/3024 3023/3023 3025/3025
f 2767/2767 2792/2792 2791/2791
f 2791/2791 2792/2792 2867/2867
f 2751/2751 2748/2748 2762/2762
f 93/93 30/30 101/101
f 93/93 101/101 94/94
f 157/157 158/158 250/250
f 3199/3199 3189/3189 3261/3261
f 5745/5745 5712/5712 5717/5717
f 5606/5606 5969/5969 5605/5605
f 2850/2850 2851/2851 2849/2849
f 2849/2849 2851/2851 2983/2983
f 3026/3026 3024/3024 3025/3025
f 3026/3026 3025/3025 3027/3027
f 3027/3027 3025/3025 3053/3053
f 3027/3027 3053/3053 3108/3108
f 3108/3108 3053/3053 3153/3153
f 3153/3153 3189/3189 3199/3199
f 359/359 243/243 242/242
f 358/358 359/359 242/242
f 242/242 243/243 29/29
f 5688/5688 5698/5698 5745/5745
f 2983/2983 3024/3024 3110/3110
f 3110/3110 3024/3024 3026/3026
f 2765/2765 2749/2749 2752/2752
f 3260/3260 3261/3261 3262/3262
f 3262/3262 3261/3261 3282/3282
f 3262/3262 3282/3282 3321/3321
f 3282/3282 3362/3362 3321/3321
f 170/170 30/30 93/93
f 5686/5686 5685/5685 5684/5684
f 5686/5686 5684/5684 5687/5687
f 5448/5448 5437/5437 5436/5436
f 3108/3108 3153/3153 3155/3155
f 3155/3155 3153/3153 3199/3199
f 3199/3199 3261/3261 3260/3260
f 3362/3362 3363/3363 3364/3364
f 3364/3364 3363/3363 3381/3381
f 3364/3364 3381/3381 3398/3398
f 92/92 94/94 95/95
f 518/518 655/655 473/473
f 2867/2867 2866/2866 2860/2860
f 3127/3127 3027/3027 3108/3108
f 2791/2791 2867/2867 2870/2870
f 1224/1224 1222/1222 1225/1225
f 92/92 93/93 94/94
f 4003/4003 3988/3988 3987/3987
f 3987/3987 3986/3986 4001/4001
f 3986/3986 3989/3989 4001/4001
f 92/92 95/95 134/134
f 279/279 311/311 280/280
f 280/280 311/311 338/338
f 338/338 349/349 371/371
f 371/371 349/349 373/373
f 373/373 518/518 473/473
f 5606/5606 5605/5605 5600/5600
f 2846/2846 2849/2849 2848/2848
f 2850/2850 2849/2849 2846/2846
f 2849/2849 2983/2983 2848/2848
f 2848/2848 2983/2983 3110/3110
f 3129/3129 3130/3130 3027/3027
f 2767/2767 2791/2791 2790/2790
f 2790/2790 2791/2791 2870/2870
f 2040/2040 2042/2042 2041/2041
f 2040/2040 2041/2041 2038/2038
f 2038/2038 2041/2041 2043/2043
f 2038/2038 2043/2043 2039/2039
f 4267/4267 4269/4269 4268/4268
f 4261/4261 4267/4267 4268/4268
f 5614/5614 5606/5606 5600/5600
f 3129/3129 3027/3027 3127/3127
f 27/27 29/29 30/30
f 4261/4261 4268/4268 4270/4270
f 2028/2028 2040/2040 2038/2038
f 134/134 98/98 156/156
f 156/156 98/98 157/157
f 250/250 279/279 280/280
f 3131/3131 3130/3130 3129/3129
f 2860/2860 2866/2866 2850/2850
f 3364/3364 3398/3398 3399/3399
f 579/579 647/647 410/410
f 579/579 410/410 521/521
f 1334/1334 1333/1333 1332/1332
f 25/25 30/30 170/170
f 2028/2028 2038/2038 2003/2003
f 2003/2003 2038/2038 2039/2039
f 2003/2003 2039/2039 2008/2008
f 4261/4261 4270/4270 4262/4262
f 4172/4172 4164/4164 4162/4162
f 240/240 157/157 250/250
f 3131/3131 3129/3129 3132/3132
f 2870/2870 2867/2867 2860/2860
f 2985/2985 2848/2848 3110/3110
f 2753/2753 2751/2751 2767/2767
f 521/521 410/410 428/428
f 428/428 410/410 358/358
f 26/26 29/29 27/27
f 2003/2003 2008/2008 2005/2005
f 2037/2037 2028/2028 2002/2002
f 2002/2002 2028/2028 2003/2003
f 371/371 373/373 473/473
f 2846/2846 2848/2848 2845/2845
f 2845/2845 2848/2848 2985/2985
f 2985/2985 3110/3110 3145/3145
f 3145/3145 3110/3110 3026/3026
f 3145/3145 3026/3026 3144/3144
f 3322/3322 3321/3321 3361/3361
f 3321/3321 3362/3362 3361/3361
f 3361/3361 3362/3362 3364/3364
f 221/221 29/29 26/26
f 4357/4357 4362/4362 4350/4350
f 170/170 93/93 33/33
f 2004/2004 2003/2003 2005/2005
f 2037/2037 2002/2002 2025/2025
f 5689/5689 5686/5686 5687/5687
f 5689/5689 5687/5687 5690/5690
f 6171/6171 6167/6167 6166/6166
f 2860/2860 2850/2850 2852/2852
f 2852/2852 2850/2850 2846/2846
f 3263/3263 3262/3262 3321/3321
f 4348/4348 4350/4350 4358/4358
f 7998/7998 7918/7918 7362/7362
f 7390/7390 7998/7998 7362/7362
f 7363/7363 7390/7390 7362/7362
f 7363/7363 7362/7362 7361/7361
f 2010/2010 2002/2002 2004/2004
f 2004/2004 2005/2005 2006/2006
f 2006/2006 2005/2005 2007/2007
f 591/591 655/655 662/662
f 2753/2753 2767/2767 2766/2766
f 2766/2766 2767/2767 2790/2790
f 242/242 29/29 221/221
f 222/222 242/242 221/221
f 27/27 30/30 25/25
f 4346/4346 4344/4344 4345/4345
f 7326/7326 7328/7328 7995/7995
f 7918/7918 7326/7326 7995/7995
f 7918/7918 7995/7995 7336/7336
f 7363/7363 7361/7361 7364/7364
f 7365/7365 7363/7363 7364/7364
f 8458/8458 8457/8457 8450/8450
f 8458/8458 8450/8450 8454/8454
f 2010/2010 2004/2004 2009/2009
f 2009/2009 2004/2004 2006/2006
f 2006/2006 2007/2007 2011/2011
f 156/156 157/157 240/240
f 251/251 250/250 280/280
f 2845/2845 2985/2985 2986/2986
f 2985/2985 3145/3145 2986/2986
f 2986/2986 3145/3145 3144/3144
f 2986/2986 3144/3144 3131/3131
f 3260/3260 3262/3262 3263/3263
f 522/522 521/521 428/428
f 428/428 358/358 360/360
f 358/358 242/242 222/222
f 4347/4347 4358/4358 4353/4353
f 4344/4344 4347/4347 4353/4353
f 4351/4351 4345/4345 4337/4337
f 8450/8450 8451/8451 8452/8452
f 8455/8455 8452/8452 8456/8456
f 7400/7400 7941/7941 7961/7961
f 2009/2009 2006/2006 2011/2011
f 2036/2036 2025/2025 2016/2016
f 240/240 250/250 251/251
f 5694/5694 5686/5686 5689/5689
f 2986/2986 3131/3131 3132/3132
f 2870/2870 2860/2860 2852/2852
f 3154/3154 3155/3155 3199/3199
f 3263/3263 3321/3321 3322/3322
f 3385/3385 3364/3364 3399/3399
f 1228/1228 1225/1225 1231/1231
f 4351/4351 4337/4337 4336/4336
f 7327/7327 7983/7983 7387/7387
f 2016/2016 2010/2010 2009/2009
f 2016/2016 2009/2009 2013/2013
f 2013/2013 2009/2009 2011/2011
f 2013/2013 2011/2011 2014/2014
f 372/372 371/371 473/473
f 2858/2858 2870/2870 2852/2852
f 3108/3108 3155/3155 3154/3154
f 3361/3361 3364/3364 3385/3385
f 4351/4351 4336/4336 4340/4340
f 7983/7983 7402/7402 7932/7932
f 7332/7332 7950/7950 7359/7359
f 2017/2017 2016/2016 2013/2013
f 2013/2013 2014/2014 2015/2015
f 2036/2036 2016/2016 2017/2017
f 2843/2843 2846/2846 2845/2845
f 2845/2845 2986/2986 2847/2847
f 2847/2847 2986/2986 3132/3132
f 3132/3132 3129/3129 3133/3133
f 2852/2852 2846/2846 2843/2843
f 3129/3129 3127/3127 3128/3128
f 3128/3128 3127/3127 3108/3108
f 4342/4342 4340/4340 4341/4341
f 93/93 92/92 33/33
f 2017/2017 2013/2013 2018/2018
f 2018/2018 2013/2013 2019/2019
f 2019/2019 2013/2013 2015/2015
f 2032/2032 2036/2036 2017/2017
f 2032/2032 2017/2017 2024/2024
f 136/136 134/134 156/156
f 4140/4140 4147/4147 4150/4150
f 2843/2843 2845/2845 2844/2844
f 2844/2844 2845/2845 2847/2847
f 2974/2974 2847/2847 3132/3132
f 2790/2790 2870/2870 2789/2789
f 360/360 358/358 222/222
f 4342/4342 4341/4341 4343/4343
f 7380/7380 7384/7384 7385/7385
f 2019/2019 2015/2015 2020/2020
f 2024/2024 2017/2017 2018/2018
f 2024/2024 2018/2018 2021/2021
f 2021/2021 2018/2018 2019/2019
f 135/135 134/134 136/136
f 7126/7126 6732/6732 6704/6704
f 372/372 473/473 515/515
f 515/515 473/473 591/591
f 515/515 591/591 590/590
f 2858/2858 2852/2852 2843/2843
f 3133/3133 3129/3129 3128/3128
f 3128/3128 3108/3108 3154/3154
f 2766/2766 2790/2790 2789/2789
f 4378/4378 4342/4342 4343/4343
f 2021/2021 2019/2019 2022/2022
f 2019/2019 2020/2020 2023/2023
f 2022/2022 2019/2019 2023/2023
f 4152/4152 4153/4153 4138/4138
f 240/240 251/251 249/249
f 339/339 371/371 372/372
f 2974/2974 3132/3132 3134/3134
f 3134/3134 3132/3132 3133/3133
f 3154/3154 3199/3199 3190/3190
f 3190/3190 3199/3199 3260/3260
f 3385/3385 3399/3399 3418/3418
f 578/578 579/579 521/521
f 578/578 521/521 522/522
f 4528/4528 4540/4540 4531/4531
f 4528/4528 4531/4531 4530/4530
f 4530/4530 4531/4531 4535/4535
f 4530/4530 4535/4535 4534/4534
f 4354/4354 4371/4371 4366/4366
f 4354/4354 4366/4366 4365/4365
f 4354/4354 4365/4365 4364/4364
f 2023/2023 2020/2020 2034/2034
f 2024/2024 2021/2021 2026/2026
f 2035/2035 2024/2024 2026/2026
f 4221/4221 4220/4220 4218/4218
f 135/135 92/92 134/134
f 590/590 591/591 662/662
f 5691/5691 5694/5694 5689/5689
f 2844/2844 2847/2847 2841/2841
f 2841/2841 2847/2847 2974/2974
f 3190/3190 3260/3260 3264/3264
f 3264/3264 3260/3260 3263/3263
f 25/25 170/170 33/33
f 4533/4533 4527/4527 4538/4538
f 4538/4538 4527/4527 4529/4529
f 4538/4538 4529/4529 4536/4536
f 4536/4536 4529/4529 4532/4532
f 4536/4536 4532/4532 4537/4537
f 91/91 33/33 92/92
f 2026/2026 2022/2022 2029/2029
f 2031/2031 2026/2026 2029/2029
f 2029/2029 2022/2022 2023/2023
f 2029/2029 2023/2023 2030/2030
f 4214/4214 4218/4218 4217/4217
f 4214/4214 4217/4217 4213/4213
f 87/87 92/92 135/135
f 4259/4259 4218/4218 4208/4208
f 136/136 156/156 155/155
f 251/251 280/280 253/253
f 253/253 280/280 338/338
f 578/578 522/522 540/540
f 222/222 221/221 28/28
f 4538/4538 4536/4536 4539/4539
f 4677/4677 4678/4678 4679/4679
f 5004/5004 5003/5003 5005/5005
f 5004/5004 5005/5005 5006/5006
f 5002/5002 5003/5003 5004/5004
f 4680/4680 4677/4677 4679/4679
f 4493/4493 4494/4494 4488/4488
f 4487/4487 4493/4493 4488/4488
f 5004/5004 5006/5006 5007/5007
f 2033/2033 2029/2029 2030/2030
f 2031/2031 2029/2029 2033/2033
f 4214/4214 4213/4213 4209/4209
f 4209/4209 4213/4213 4212/4212
f 4209/4209 4212/4212 4211/4211
f 4208/4208 4214/4214 4209/4209
f 4208/4208 4209/4209 4205/4205
f 4155/4155 4192/4192 4183/4183
f 4155/4155 4183/4183 4144/4144
f 2843/2843 2844/2844 2841/2841
f 2841/2841 2974/2974 2840/2840
f 2840/2840 2974/2974 3134/3134
f 3386/3386 3385/3385 3418/3418
f 1234/1234 1228/1228 1231/1231
f 4212/4212 4222/4222 4216/4216
f 4211/4211 4212/4212 4216/4216
f 4209/4209 4211/4211 4210/4210
f 4205/4205 4209/4209 4210/4210
f 4201/4201 4208/4208 4205/4205
f 4192/4192 4191/4191 4181/4181
f 4192/4192 4181/4181 4183/4183
f 4183/4183 4181/4181 4182/4182
f 4183/4183 4182/4182 4184/4184
f 4182/4182 4186/4186 4185/4185
f 4184/4184 4182/4182 4185/4185
f 156/156 240/240 209/209
f 209/209 240/240 249/249
f 253/253 338/338 339/339
f 3322/3322 3361/3361 3365/3365
f 3361/3361 3385/3385 3386/3386
f 3365/3365 3361/3361 3386/3386
f 23/23 25/25 33/33
f 4211/4211 4216/4216 4204/4204
f 4206/4206 4211/4211 4204/4204
f 4205/4205 4210/4210 4206/4206
f 4201/4201 4205/4205 4200/4200
f 4205/4205 4206/4206 4202/4202
f 4200/4200 4205/4205 4202/4202
f 4199/4199 4201/4201 4200/4200
f 4199/4199 4200/4200 4194/4194
f 4200/4200 4202/4202 4194/4194
f 4197/4197 4199/4199 4194/4194
f 4197/4197 4194/4194 4193/4193
f 4197/4197 4193/4193 4187/4187
f 4187/4187 4193/4193 4188/4188
f 4191/4191 4197/4197 4187/4187
f 4187/4187 4188/4188 4179/4179
f 4181/4181 4187/4187 4179/4179
f 4181/4181 4179/4179 4178/4178
f 4178/4178 4179/4179 4180/4180
f 249/249 251/251 253/253
f 2837/2837 2843/2843 2841/2841
f 2840/2840 3134/3134 3137/3137
f 3137/3137 3134/3134 3133/3133
f 3137/3137 3133/3133 3135/3135
f 3135/3135 3133/3133 3128/3128
f 2857/2857 2858/2858 2843/2843
f 2753/2753 2766/2766 2760/2760
f 2755/2755 2753/2753 2760/2760
f 2766/2766 2789/2789 2775/2775
f 2760/2760 2766/2766 2775/2775
f 1234/1234 1231/1231 1235/1235
f 28/28 221/221 26/26
f 26/26 27/27 28/28
f 28/28 27/27 25/25
f 4198/4198 4204/4204 4207/4207
f 4198/4198 4207/4207 4196/4196
f 4195/4195 4198/4198 4196/4196
f 4195/4195 4196/4196 4190/4190
f 4194/4194 4195/4195 4188/4188
f 4188/4188 4195/4195 4190/4190
f 4189/4189 4188/4188 4190/4190
f 4189/4189 4190/4190 4203/4203
f 604/604 590/590 662/662
f 5691/5691 5750/5750 5694/5694
f 540/540 522/522 428/428
f 7620/7620 7615/7615 7630/7630
f 7620/7620 7630/7630 7901/7901
f 91/91 92/92 87/87
f 2857/2857 2843/2843 2837/2837
f 2837/2837 2841/2841 2840/2840
f 2842/2842 2840/2840 3137/3137
f 2842/2842 3137/3137 3135/3135
f 2789/2789 2858/2858 2857/2857
f 3293/3293 3263/3263 3322/3322
f 3293/3293 3322/3322 3337/3337
f 3337/3337 3322/3322 3365/3365
f 339/339 372/372 437/437
f 372/372 515/515 437/437
f 538/538 590/590 604/604
f 2842/2842 3135/3135 3136/3136
f 3135/3135 3128/3128 3136/3136
f 2775/2775 2789/2789 2890/2890
f 2890/2890 2789/2789 2857/2857
f 3136/3136 3128/3128 3141/3141
f 3128/3128 3154/3154 3141/3141
f 3141/3141 3154/3154 3190/3190
f 540/540 428/428 444/444
f 444/444 428/428 360/360
f 223/223 222/222 28/28
f 2188/2188 2187/2187 2189/2189
f 2189/2189 2187/2187 2190/2190
f 33/33 91/91 86/86
f 1924/1924 1941/1941 1946/1946
f 1912/1912 1919/1919 1920/1920
f 2794/2794 2775/2775 2890/2890
f 578/578 540/540 539/539
f 360/360 222/222 223/223
f 2197/2197 2194/2194 2191/2191
f 1923/1923 1924/1924 1946/1946
f 340/340 339/339 437/437
f 2837/2837 2840/2840 2833/2833
f 3264/3264 3263/3263 3293/3293
f 2199/2199 2195/2195 2200/2200
f 2204/2204 2200/2200 2201/2201
f 23/23 33/33 86/86
f 2167/2167 2161/2161 2197/2197
f 1939/1939 1942/1942 1949/1949
f 1950/1950 1939/1939 1949/1949
f 2529/2529 2534/2534 2521/2521
f 2521/2521 2534/2534 2535/2535
f 2521/2521 2535/2535 2528/2528
f 253/253 339/339 340/340
f 5356/5356 5367/5367 5354/5354
f 2833/2833 2840/2840 2832/2832
f 2832/2832 2840/2840 2842/2842
f 2832/2832 2842/2842 3004/3004
f 3004/3004 2842/2842 3136/3136
f 3136/3136 3141/3141 3142/3142
f 1234/1234 1235/1235 1236/1236
f 357/357 360/360 223/223
f 25/25 23/23 22/22
f 2199/2199 2200/2200 2204/2204
f 2530/2530 2529/2529 2511/2511
f 2511/2511 2529/2529 2521/2521
f 2511/2511 2521/2521 2510/2510
f 2521/2521 2528/2528 2517/2517
f 2510/2510 2521/2521 2517/2517
f 1951/1951 1940/1940 1950/1950
f 89/89 136/136 155/155
f 209/209 249/249 210/210
f 5691/5691 5692/5692 5693/5693
f 3004/3004 3136/3136 3230/3230
f 3230/3230 3136/3136 3142/3142
f 539/539 540/540 444/444
f 28/28 25/25 22/22
f 2202/2202 2199/2199 2203/2203
f 2203/2203 2199/2199 2205/2205
f 2205/2205 2199/2199 2204/2204
f 2205/2205 2204/2204 2058/2058
f 86/86 91/91 87/87
f 4582/4582 4581/4581 4580/4580
f 4506/4506 4512/4512 4511/4511
f 4506/4506 4511/4511 4507/4507
f 4505/4505 4506/4506 4507/4507
f 4505/4505 4507/4507 4508/4508
f 4509/4509 4505/4505 4508/4508
f 4509/4509 4508/4508 4510/4510
f 2515/2515 2526/2526 2527/2527
f 2510/2510 2517/2517 2488/2488
f 2533/2533 2530/2530 2516/2516
f 2519/2519 2533/2533 2516/2516
f 2516/2516 2530/2530 2511/2511
f 135/135 136/136 89/89
f 2759/2759 2755/2755 2760/2760
f 609/609 578/578 539/539
f 2206/2206 2203/2203 2205/2205
f 2206/2206 2205/2205 2207/2207
f 2207/2207 2205/2205 2058/2058
f 2207/2207 2058/2058 2056/2056
f 2163/2163 2202/2202 2160/2160
f 4582/4582 4580/4580 4583/4583
f 2501/2501 2515/2515 2500/2500
f 2488/2488 2501/2501 2500/2500
f 2516/2516 2511/2511 2489/2489
f 2489/2489 2511/2511 2510/2510
f 2489/2489 2510/2510 2488/2488
f 210/210 249/249 253/253
f 536/536 538/538 604/604
f 5569/5569 5356/5356 5355/5355
f 3004/3004 3230/3230 3206/3206
f 3206/3206 3230/3230 3142/3142
f 3141/3141 3190/3190 3191/3191
f 2759/2759 2760/2760 2761/2761
f 3191/3191 3190/3190 3264/3264
f 3191/3191 3264/3264 3259/3259
f 3259/3259 3264/3264 3293/3293
f 444/444 360/360 357/357
f 2174/2174 2203/2203 2206/2206
f 4830/4830 4833/4833 4832/4832
f 2489/2489 2488/2488 2485/2485
f 2485/2485 2488/2488 2487/2487
f 2487/2487 2488/2488 2500/2500
f 2519/2519 2516/2516 2509/2509
f 2516/2516 2489/2489 2490/2490
f 2509/2509 2516/2516 2490/2490
f 86/86 87/87 85/85
f 87/87 135/135 89/89
f 536/536 604/604 603/603
f 5968/5968 5569/5569 5355/5355
f 2855/2855 2857/2857 2837/2837
f 2837/2837 2833/2833 2834/2834
f 3206/3206 3142/3142 3143/3143
f 2776/2776 2775/2775 2794/2794
f 3143/3143 3142/3142 3141/3141
f 1130/1130 1133/1133 1131/1131
f 3365/3365 3386/3386 3387/3387
f 608/608 609/609 539/539
f 2174/2174 2206/2206 2208/2208
f 2208/2208 2206/2206 2207/2207
f 2208/2208 2207/2207 2215/2215
f 2215/2215 2207/2207 2056/2056
f 2215/2215 2056/2056 2055/2055
f 2055/2055 2056/2056 2057/2057
f 4829/4829 4830/4830 4832/4832
f 2490/2490 2489/2489 2485/2485
f 2491/2491 2490/2490 2485/2485
f 2522/2522 2519/2519 2509/2509
f 2314/2314 2330/2330 2321/2321
f 340/340 437/437 439/439
f 439/439 437/437 538/538
f 6212/6212 6211/6211 6210/6210
f 2855/2855 2837/2837 2838/2838
f 2838/2838 2837/2837 2834/2834
f 2834/2834 2833/2833 2829/2829
f 2829/2829 2833/2833 2832/2832
f 2832/2832 3004/3004 2973/2973
f 2973/2973 3004/3004 3206/3206
f 2776/2776 2794/2794 2793/2793
f 2794/2794 2890/2890 2888/2888
f 2793/2793 2794/2794 2888/2888
f 2890/2890 2857/2857 2855/2855
f 2888/2888 2890/2890 2855/2855
f 539/539 444/444 445/445
f 2154/2154 2160/2160 2174/2174
f 34/34 23/23 86/86
f 4828/4828 4830/4830 4829/4829
f 5284/5284 5289/5289 5290/5290
f 2507/2507 2490/2490 2491/2491
f 2491/2491 2485/2485 2484/2484
f 2484/2484 2485/2485 2486/2486
f 2486/2486 2485/2485 2487/2487
f 2487/2487 2500/2500 2502/2502
f 2522/2522 2509/2509 2507/2507
f 210/210 253/253 252/252
f 603/603 604/604 620/620
f 5398/5398 5406/5406 5399/5399
f 3143/3143 3141/3141 3156/3156
f 3156/3156 3141/3141 3191/3191
f 1239/1239 1234/1234 1236/1236
f 22/22 23/23 24/24
f 2060/2060 2055/2055 2059/2059
f 2174/2174 2208/2208 2212/2212
f 2173/2173 2174/2174 2212/2212
f 2212/2212 2208/2208 2215/2215
f 2154/2154 2174/2174 2173/2173
f 4828/4828 4829/4829 4827/4827
f 2486/2486 2487/2487 2495/2495
f 2495/2495 2487/2487 2502/2502
f 6703/6703 6702/6702 6701/6701
f 252/252 253/253 340/340
f 252/252 340/340 364/364
f 223/223 28/28 224/224
f 34/34 86/86 85/85
f 2506/2506 2507/2507 2491/2491
f 2491/2491 2484/2484 2492/2492
f 2492/2492 2484/2484 2486/2486
f 2525/2525 2522/2522 2507/2507
f 2525/2525 2507/2507 2506/2506
f 439/439 538/538 536/536
f 5965/5965 5968/5968 5370/5370
f 2830/2830 2832/2832 2973/2973
f 3206/3206 3143/3143 3156/3156
f 3222/3222 3191/3191 3259/3259
f 608/608 539/539 533/533
f 445/445 444/444 357/357
f 2213/2213 2212/2212 2060/2060
f 2175/2175 2173/2173 2212/2212
f 2175/2175 2212/2212 2213/2213
f 2154/2154 2173/2173 2159/2159
f 4831/4831 4828/4828 4826/4826
f 2506/2506 2491/2491 2494/2494
f 2494/2494 2491/2491 2492/2492
f 2492/2492 2486/2486 2493/2493
f 2493/2493 2486/2486 2495/2495
f 154/154 155/155 209/209
f 364/364 340/340 439/439
f 2829/2829 2832/2832 2830/2830
f 2973/2973 3206/3206 3035/3035
f 3035/3035 3206/3206 3156/3156
f 3293/3293 3337/3337 3343/3343
f 533/533 539/539 445/445
f 357/357 223/223 225/225
f 2060/2060 2059/2059 2061/2061
f 4834/4834 4831/4831 4826/4826
f 4826/4826 4828/4828 4827/4827
f 2505/2505 2506/2506 2494/2494
f 2495/2495 2502/2502 2503/2503
f 2520/2520 2525/2525 2506/2506
f 154/154 209/209 210/210
f 438/438 439/439 536/536
f 3192/3192 3156/3156 3191/3191
f 1130/1130 1131/1131 1132/1132
f 3343/3343 3337/3337 3365/3365
f 3365/3365 3387/3387 3376/3376
f 28/28 22/22 184/184
f 2213/2213 2060/2060 2062/2062
f 2062/2062 2060/2060 2061/2061
f 2176/2176 2175/2175 2213/2213
f 2176/2176 2213/2213 2214/2214
f 2214/2214 2213/2213 2216/2216
f 23/23 34/34 24/24
f 4824/4824 4834/4834 4826/4826
f 4826/4826 4827/4827 4825/4825
f 2505/2505 2494/2494 2498/2498
f 2498/2498 2494/2494 2492/2492
f 2492/2492 2493/2493 2496/2496
f 2493/2493 2495/2495 2497/2497
f 2496/2496 2493/2493 2497/2497
f 2497/2497 2495/2495 2503/2503
f 2520/2520 2506/2506 2505/2505
f 85/85 87/87 88/88
f 87/87 89/89 88/88
f 364/364 439/439 438/438
f 3035/3035 3156/3156 3270/3270
f 3270/3270 3156/3156 3231/3231
f 3231/3231 3156/3156 3192/3192
f 3192/3192 3191/3191 3222/3222
f 3343/3343 3365/3365 3376/3376
f 445/445 357/357 374/374
f 225/225 223/223 224/224
f 2054/2054 2062/2062 2061/2061
f 2216/2216 2213/2213 2062/2062
f 2498/2498 2492/2492 2496/2496
f 2497/2497 2503/2503 2508/2508
f 137/137 89/89 155/155
f 374/374 357/357 225/225
f 224/224 28/28 184/184
f 2176/2176 2214/2214 2177/2177
f 2177/2177 2214/2214 2216/2216
f 2216/2216 2062/2062 2054/2054
f 4817/4817 4824/4824 4823/4823
f 4824/4824 4826/4826 4823/4823
f 4823/4823 4826/4826 4825/4825
f 2518/2518 2520/2520 2505/2505
f 2505/2505 2498/2498 2504/2504
f 2761/2761 2776/2776 2777/2777
f 2777/2777 2776/2776 2793/2793
f 3246/3246 3259/3259 3293/3293
f 2177/2177 2216/2216 2053/2053
f 2216/2216 2054/2054 2053/2053
f 2053/2053 2054/2054 2052/2052
f 2166/2166 2176/2176 2165/2165
f 4817/4817 4823/4823 4818/4818
f 4823/4823 4825/4825 4822/4822
f 2499/2499 2496/2496 2497/2497
f 2499/2499 2497/2497 2508/2508
f 2518/2518 2505/2505 2514/2514
f 2514/2514 2505/2505 2504/2504
f 2498/2498 2496/2496 2499/2499
f 2504/2504 2498/2498 2499/2499
f 137/137 155/155 154/154
f 3231/3231 3192/3192 3232/3232
f 3232/3232 3192/3192 3222/3222
f 3222/3222 3259/3259 3246/3246
f 3246/3246 3293/3293 3294/3294
f 3294/3294 3293/3293 3343/3343
f 533/533 445/445 474/474
f 2178/2178 2177/2177 2179/2179
f 2179/2179 2177/2177 2053/2053
f 4809/4809 4817/4817 4816/4816
f 4816/4816 4817/4817 4818/4818
f 4818/4818 4823/4823 4822/4822
f 2514/2514 2504/2504 2513/2513
f 2504/2504 2499/2499 2512/2512
f 2513/2513 2504/2504 2512/2512
f 2524/2524 2518/2518 2514/2514
f 2322/2322 2311/2311 2323/2323
f 2266/2266 2279/2279 2265/2265
f 536/536 603/603 561/561
f 5359/5359 5369/5369 5368/5368
f 2975/2975 2830/2830 2973/2973
f 3035/3035 3270/3270 3160/3160
f 3270/3270 3231/3231 3232/3232
f 3160/3160 3270/3270 3232/3232
f 3232/3232 3222/3222 3237/3237
f 2179/2179 2053/2053 2051/2051
f 2051/2051 2053/2053 2052/2052
f 2104/2104 2165/2165 2106/2106
f 84/84 34/34 85/85
f 4808/4808 4809/4809 4810/4810
f 4811/4811 4808/4808 4810/4810
f 4810/4810 4809/4809 4816/4816
f 4818/4818 4822/4822 4821/4821
f 2524/2524 2514/2514 2523/2523
f 2523/2523 2514/2514 2513/2513
f 2523/2523 2513/2513 2512/2512
f 2856/2856 2855/2855 2838/2838
f 2835/2835 2838/2838 2834/2834
f 2835/2835 2834/2834 2829/2829
f 2975/2975 2973/2973 3003/3003
f 3003/3003 2973/2973 3035/3035
f 3003/3003 3035/3035 3017/3017
f 3017/3017 3035/3035 3160/3160
f 2888/2888 2855/2855 2856/2856
f 474/474 445/445 374/374
f 2106/2106 2179/2179 2112/2112
f 2105/2105 2106/2106 2112/2112
f 2112/2112 2179/2179 2051/2051
f 2051/2051 2052/2052 2050/2050
f 84/84 24/24 34/34
f 2104/2104 2106/2106 2105/2105
f 4810/4810 4816/4816 4814/4814
f 4814/4814 4816/4816 4818/4818
f 4814/4814 4818/4818 4819/4819
f 4819/4819 4818/4818 4821/4821
f 2531/2531 2523/2523 2512/2512
f 2531/2531 2512/2512 2532/2532
f 2536/2536 2524/2524 2523/2523
f 2281/2281 2287/2287 2288/2288
f 252/252 364/364 272/272
f 2829/2829 2830/2830 2831/2831
f 2831/2831 2830/2830 2975/2975
f 2778/2778 2761/2761 2777/2777
f 3160/3160 3232/3232 3257/3257
f 3376/3376 3387/3387 3410/3410
f 592/592 608/608 533/533
f 517/517 533/533 474/474
f 2105/2105 2112/2112 2111/2111
f 2103/2103 2105/2105 2111/2111
f 2111/2111 2112/2112 2051/2051
f 2111/2111 2051/2051 2049/2049
f 2049/2049 2051/2051 2050/2050
f 2102/2102 2104/2104 2103/2103
f 2104/2104 2105/2105 2103/2103
f 2080/2080 2083/2083 2079/2079
f 4838/4838 4837/4837 4836/4836
f 2079/2079 2068/2068 2069/2069
f 2069/2069 2068/2068 2064/2064
f 4837/4837 4811/4811 4813/4813
f 4836/4836 4837/4837 4813/4813
f 2064/2064 2067/2067 2065/2065
f 4811/4811 4810/4810 4812/4812
f 4813/4813 4811/4811 4812/4812
f 4810/4810 4814/4814 4812/4812
f 4814/4814 4819/4819 4820/4820
f 5321/5321 5318/5318 5320/5320
f 2539/2539 2531/2531 2532/2532
f 2536/2536 2523/2523 2538/2538
f 2540/2540 2536/2536 2538/2538
f 2538/2538 2523/2523 2537/2537
f 2537/2537 2531/2531 2539/2539
f 2365/2365 2370/2370 2364/2364
f 88/88 89/89 90/90
f 2287/2287 2294/2294 2288/2288
f 2288/2288 2294/2294 2302/2302
f 2302/2302 2305/2305 2303/2303
f 210/210 252/252 234/234
f 438/438 536/536 537/537
f 537/537 536/536 561/561
f 2777/2777 2793/2793 2797/2797
f 2797/2797 2793/2793 2888/2888
f 2797/2797 2888/2888 2856/2856
f 3257/3257 3232/3232 3237/3237
f 592/592 533/533 517/517
f 2103/2103 2111/2111 2108/2108
f 2108/2108 2111/2111 2049/2049
f 2049/2049 2050/2050 2048/2048
f 2100/2100 2103/2103 2108/2108
f 2108/2108 2049/2049 2047/2047
f 2102/2102 2100/2100 2099/2099
f 2096/2096 2099/2099 2097/2097
f 2083/2083 2089/2089 2087/2087
f 2081/2081 2087/2087 2084/2084
f 4840/4840 4838/4838 4839/4839
f 2081/2081 2084/2084 2068/2068
f 2068/2068 2084/2084 2086/2086
f 2068/2068 2086/2086 2088/2088
f 4839/4839 4838/4838 4836/4836
f 2068/2068 2088/2088 2067/2067
f 4836/4836 4813/4813 4812/4812
f 4812/4812 4814/4814 4815/4815
f 4820/4820 4852/4852 4814/4814
f 2540/2540 2538/2538 2541/2541
f 2541/2541 2538/2538 2537/2537
f 2541/2541 2537/2537 2542/2542
f 2542/2542 2537/2537 2539/2539
f 2542/2542 2539/2539 2543/2543
f 8098/8098 8101/8101 8099/8099
f 2364/2364 2370/2370 2368/2368
f 2368/2368 2370/2370 2372/2372
f 2361/2361 2364/2364 2368/2368
f 2361/2361 2368/2368 2367/2367
f 2294/2294 2296/2296 2298/2298
f 2298/2298 2304/2304 2302/2302
f 2294/2294 2298/2298 2302/2302
f 5228/5228 5227/5227 5229/5229
f 2302/2302 2304/2304 2305/2305
f 6896/6896 7122/7122 6903/6903
f 90/90 89/89 137/137
f 234/234 252/252 272/272
f 364/364 438/438 423/423
f 2856/2856 2838/2838 2839/2839
f 2839/2839 2838/2838 2835/2835
f 3257/3257 3237/3237 3238/3238
f 3161/3161 3257/3257 3238/3238
f 3238/3238 3237/3237 3222/3222
f 184/184 22/22 24/24
f 2101/2101 2100/2100 2108/2108
f 2101/2101 2108/2108 2109/2109
f 2109/2109 2108/2108 2047/2047
f 2097/2097 2100/2100 2101/2101
f 2109/2109 2047/2047 2044/2044
f 2097/2097 2101/2101 2098/2098
f 2101/2101 2109/2109 2110/2110
f 2098/2098 2101/2101 2110/2110
f 2110/2110 2109/2109 2044/2044
f 2096/2096 2097/2097 2094/2094
f 2095/2095 2096/2096 2094/2094
f 2089/2089 2095/2095 2094/2094
f 2089/2089 2094/2094 2090/2090
f 2087/2087 2089/2089 2090/2090
f 2090/2090 2093/2093 2091/2091
f 2091/2091 2093/2093 2115/2115
f 2087/2087 2090/2090 2084/2084
f 2084/2084 2090/2090 2091/2091
f 2091/2091 2115/2115 2092/2092
f 2084/2084 2091/2091 2086/2086
f 2086/2086 2091/2091 2092/2092
f 84/84 85/85 83/83
f 4839/4839 4836/4836 4849/4849
f 4849/4849 4836/4836 4850/4850
f 4836/4836 4812/4812 4850/4850
f 5134/5134 5135/5135 5136/5136
f 2368/2368 2372/2372 2371/2371
f 2544/2544 2541/2541 2542/2542
f 2544/2544 2542/2542 2545/2545
f 2542/2542 2543/2543 2546/2546
f 2545/2545 2542/2542 2546/2546
f 2367/2367 2368/2368 2371/2371
f 2367/2367 2371/2371 2307/2307
f 2369/2369 2367/2367 2307/2307
f 5219/5219 5220/5220 5221/5221
f 5219/5219 5221/5221 5222/5222
f 5222/5222 5221/5221 5223/5223
f 5222/5222 5223/5223 5224/5224
f 2358/2358 2367/2367 2369/2369
f 2358/2358 2369/2369 2299/2299
f 2299/2299 2369/2369 2307/2307
f 2299/2299 2307/2307 2301/2301
f 5219/5219 5222/5222 5225/5225
f 2301/2301 2307/2307 2306/2306
f 5225/5225 5222/5222 5224/5224
f 5225/5225 5224/5224 5226/5226
f 2296/2296 2299/2299 2301/2301
f 2296/2296 2301/2301 2300/2300
f 2301/2301 2306/2306 2304/2304
f 2300/2300 2301/2301 2304/2304
f 5225/5225 5226/5226 5227/5227
f 5228/5228 5225/5225 5227/5227
f 272/272 364/364 423/423
f 3238/3238 3222/3222 3246/3246
f 3238/3238 3246/3246 3247/3247
f 3306/3306 3294/3294 3343/3343
f 3343/3343 3376/3376 3375/3375
f 3375/3375 3376/3376 3410/3410
f 186/186 224/224 184/184
f 2110/2110 2044/2044 2046/2046
f 2098/2098 2110/2110 2107/2107
f 2094/2094 2098/2098 2107/2107
f 2107/2107 2110/2110 2046/2046
f 2107/2107 2046/2046 2114/2114
f 2107/2107 2114/2114 2113/2113
f 2094/2094 2107/2107 2093/2093
f 2093/2093 2107/2107 2113/2113
f 2093/2093 2113/2113 2115/2115
f 4840/4840 4839/4839 4842/4842
f 4843/4843 4840/4840 4842/4842
f 4842/4842 4839/4839 4849/4849
f 8252/8252 8263/8263 8254/8254
f 151/151 154/154 210/210
f 151/151 210/210 234/234
f 561/561 620/620 619/619
f 5498/5498 5725/5725 5416/5416
f 5411/5411 5412/5412 5409/5409
f 3017/3017 3160/3160 3123/3123
f 3160/3160 3257/3257 3161/3161
f 3123/3123 3160/3160 3161/3161
f 517/517 474/474 425/425
f 1242/1242 1239/1239 1241/1241
f 225/225 224/224 186/186
f 4553/4553 4543/4543 4547/4547
f 4562/4562 4557/4557 4556/4556
f 4845/4845 4843/4843 4844/4844
f 4844/4844 4843/4843 4842/4842
f 4844/4844 4842/4842 4851/4851
f 8263/8263 8246/8246 8248/8248
f 438/438 537/537 423/423
f 2835/2835 2829/2829 2831/2831
f 2836/2836 2835/2835 2831/2831
f 3246/3246 3294/3294 3247/3247
f 3247/3247 3294/3294 3306/3306
f 3306/3306 3343/3343 3329/3329
f 425/425 474/474 374/374
f 425/425 374/374 375/375
f 375/375 374/374 320/320
f 320/320 374/374 225/225
f 4546/4546 4545/4545 4544/4544
f 4/4 5/5 6/6
f 4845/4845 4844/4844 4846/4846
f 5311/5311 5308/5308 5310/5310
f 83/83 85/85 88/88
f 3161/3161 3238/3238 3218/3218
f 3218/3218 3238/3238 3268/3268
f 3268/3268 3238/3238 3247/3247
f 3329/3329 3343/3343 3375/3375
f 3378/3378 3375/3375 3410/3410
f 4544/4544 4548/4548 4546/4546
f 4848/4848 4845/4845 4847/4847
f 4847/4847 4845/4845 4846/4846
f 137/137 154/154 151/151
f 593/593 592/592 517/517
f 186/186 184/184 185/185
f 24/24 84/84 36/36
f 167/167 24/24 36/36
f 4806/4806 4848/4848 4807/4807
f 36/36 84/84 83/83
f 4848/4848 4847/4847 4807/4807
f 4719/4719 4720/4720 4721/4721
f 234/234 272/272 273/273
f 273/273 272/272 423/423
f 2839/2839 2835/2835 2853/2853
f 2853/2853 2835/2835 2836/2836
f 2778/2778 2777/2777 2779/2779
f 2779/2779 2777/2777 2797/2797
f 3123/3123 3161/3161 3218/3218
f 3218/3218 3268/3268 3271/3271
f 3271/3271 3268/3268 3247/3247
f 610/610 592/592 593/593
f 4804/4804 4805/4805 4806/4806
f 4804/4804 4806/4806 4807/4807
f 36/36 83/83 37/37
f 83/83 88/88 138/138
f 6917/6917 6934/6934 6935/6935
f 138/138 88/88 90/90
f 90/90 137/137 140/140
f 140/140 137/137 151/151
f 151/151 234/234 235/235
f 235/235 234/234 273/273
f 5479/5479 5407/5407 5423/5423
f 2956/2956 2831/2831 2975/2975
f 2975/2975 3003/3003 2990/2990
f 2990/2990 3003/3003 3017/3017
f 2780/2780 2778/2778 2779/2779
f 3271/3271 3247/3247 3285/3285
f 489/489 593/593 517/517
f 4516/4516 4513/4513 4515/4515
f 5479/5479 5423/5423 5480/5480
f 2856/2856 2839/2839 2853/2853
f 3171/3171 3123/3123 3218/3218
f 3315/3315 3271/3271 3285/3285
f 3285/3285 3247/3247 3306/3306
f 489/489 517/517 425/425
f 320/320 225/225 226/226
f 185/185 184/184 24/24
f 8024/8024 7076/7076 7074/7074
f 7079/7079 7077/7077 7078/7078
f 152/152 151/151 235/235
f 424/424 423/423 470/470
f 537/537 561/561 560/560
f 470/470 537/537 560/560
f 561/561 619/619 618/618
f 560/560 561/561 618/618
f 5411/5411 5414/5414 5416/5416
f 2990/2990 3017/3017 3014/3014
f 3014/3014 3017/3017 3123/3123
f 2797/2797 2856/2856 2871/2871
f 3218/3218 3271/3271 3255/3255
f 3255/3255 3271/3271 3315/3315
f 185/185 24/24 168/168
f 168/168 24/24 167/167
f 4877/4877 4867/4867 4868/4868
f 8288/8288 8289/8289 8290/8290
f 7009/7009 7947/7947 7008/7008
f 7006/7006 7009/7009 7008/7008
f 8286/8286 8282/8282 8284/8284
f 273/273 423/423 424/424
f 5414/5414 5411/5411 5413/5413
f 2871/2871 2856/2856 2853/2853
f 3315/3315 3285/3285 3309/3309
f 3285/3285 3306/3306 3308/3308
f 3308/3308 3306/3306 3329/3329
f 3329/3329 3375/3375 3378/3378
f 426/426 489/489 425/425
f 426/426 425/425 375/375
f 226/226 225/225 186/186
f 8297/8297 8288/8288 8293/8293
f 8288/8288 8290/8290 8292/8292
f 8293/8293 8288/8288 8292/8292
f 7006/7006 7008/7008 7004/7004
f 7005/7005 7006/7006 7004/7004
f 139/139 90/90 140/140
f 5415/5415 5410/5410 5562/5562
f 2956/2956 2975/2975 2990/2990
f 3014/3014 3123/3123 3171/3171
f 3171/3171 3218/3218 3170/3170
f 3170/3170 3218/3218 3255/3255
f 3309/3309 3285/3285 3308/3308
f 1994/1994 1990/1990 1991/1991
f 1998/1998 1997/1997 1992/1992
f 7005/7005 7004/7004 7003/7003
f 7024/7024 7005/7005 7003/7003
f 7003/7003 7004/7004 7002/7002
f 7007/7007 7005/7005 7024/7024
f 235/235 273/273 300/300
f 6224/6224 6225/6225 6226/6226
f 2871/2871 2853/2853 2854/2854
f 3170/3170 3255/3255 3256/3256
f 3256/3256 3255/3255 3315/3315
f 3308/3308 3329/3329 3335/3335
f 3335/3335 3329/3329 3378/3378
f 488/488 489/489 426/426
f 7000/7000 7001/7001 7002/7002
f 8293/8293 8292/8292 8298/8298
f 5473/5473 5358/5358 5341/5341
f 5484/5484 5480/5480 5485/5485
f 2836/2836 2831/2831 2932/2932
f 2932/2932 2831/2831 2956/2956
f 3256/3256 3315/3315 3439/3439
f 3439/3439 3315/3315 3309/3309
f 3439/3439 3309/3309 3323/3323
f 3309/3309 3308/3308 3310/3310
f 3323/3323 3309/3309 3310/3310
f 2410/2410 2417/2417 2411/2411
f 2406/2406 2412/2412 2410/2410
f 35/35 36/36 37/37
f 6999/6999 7001/7001 7000/7000
f 7000/7000 7002/7002 7022/7022
f 8299/8299 8293/8293 8298/8298
f 138/138 90/90 139/139
f 273/273 424/424 422/422
f 300/300 273/273 422/422
f 2853/2853 2836/2836 2854/2854
f 2854/2854 2836/2836 2932/2932
f 2781/2781 2780/2780 2779/2779
f 2779/2779 2797/2797 2896/2896
f 2896/2896 2797/2797 2871/2871
f 1126/1126 1125/1125 1122/1122
f 3310/3310 3308/3308 3335/3335
f 3335/3335 3378/3378 3377/3377
f 610/610 593/593 594/594
f 594/594 593/593 489/489
f 226/226 186/186 187/187
f 168/168 167/167 39/39
f 2406/2406 2410/2410 2398/2398
f 2398/2398 2410/2410 2408/2408
f 2408/2408 2410/2410 2411/2411
f 7022/7022 7011/7011 6993/6993
f 6999/6999 7000/7000 6996/6996
f 139/139 140/140 141/141
f 140/140 151/151 152/152
f 5414/5414 5413/5413 5418/5418
f 5418/5418 5413/5413 5419/5419
f 6228/6228 6224/6224 6227/6227
f 6227/6227 6224/6224 6226/6226
f 3014/3014 3171/3171 3170/3170
f 3344/3344 3323/3323 3310/3310
f 642/642 610/610 594/594
f 594/594 489/489 488/488
f 427/427 426/426 375/375
f 2398/2398 2408/2408 2381/2381
f 2397/2397 2398/2398 2381/2381
f 2381/2381 2408/2408 2411/2411
f 2381/2381 2411/2411 2380/2380
f 2406/2406 2398/2398 2397/2397
f 37/37 83/83 138/138
f 6996/6996 7022/7022 6994/6994
f 6994/6994 7022/7022 6993/6993
f 3170/3170 3256/3256 3200/3200
f 3256/3256 3439/3439 3200/3200
f 3200/3200 3439/3439 3344/3344
f 3344/3344 3310/3310 3339/3339
f 3416/3416 3344/3344 3339/3339
f 3310/3310 3335/3335 3338/3338
f 6995/6995 6996/6996 6994/6994
f 6994/6994 6993/6993 6972/6972
f 7890/7890 6999/6999 6997/6997
f 138/138 139/139 141/141
f 6691/6691 6696/6696 6697/6697
f 660/660 560/560 618/618
f 5587/5587 5481/5481 5486/5486
f 2781/2781 2779/2779 2896/2896
f 3014/3014 3170/3170 3124/3124
f 3124/3124 3170/3170 3200/3200
f 3200/3200 3344/3344 3301/3301
f 3301/3301 3344/3344 3416/3416
f 3339/3339 3310/3310 3338/3338
f 3338/3338 3335/3335 3377/3377
f 3338/3338 3377/3377 3374/3374
f 3374/3374 3377/3377 3421/3421
f 594/594 488/488 621/621
f 488/488 426/426 427/427
f 331/331 375/375 320/320
f 2379/2379 2381/2381 2380/2380
f 2379/2379 2380/2380 2376/2376
f 6997/6997 6996/6996 6995/6995
f 6995/6995 6994/6994 6972/6972
f 470/470 560/560 562/562
f 5955/5955 5419/5419 5858/5858
f 2956/2956 2990/2990 2962/2962
f 3124/3124 3200/3200 3201/3201
f 3201/3201 3200/3200 3301/3301
f 3301/3301 3416/3416 3340/3340
f 3416/3416 3339/3339 3340/3340
f 3340/3340 3339/3339 3338/3338
f 427/427 375/375 331/331
f 2377/2377 2379/2379 2374/2374
f 2374/2374 2379/2379 2376/2376
f 6997/6997 6995/6995 6998/6998
f 8486/8486 8485/8485 8482/8482
f 422/422 424/424 469/469
f 469/469 424/424 470/470
f 562/562 560/560 660/660
f 5856/5856 5474/5474 5987/5987
f 5265/5265 5266/5266 5256/5256
f 5587/5587 5486/5486 5588/5588
f 5486/5486 5484/5484 5772/5772
f 3020/3020 3014/3014 3124/3124
f 3201/3201 3301/3301 3402/3402
f 3402/3402 3301/3301 3340/3340
f 3319/3319 3340/3340 3338/3338
f 3319/3319 3338/3338 3341/3341
f 3341/3341 3338/3338 3374/3374
f 3374/3374 3421/3421 3420/3420
f 331/331 320/320 226/226
f 331/331 226/226 248/248
f 167/167 36/36 40/40
f 7025/7025 6998/6998 6995/6995
f 6995/6995 6972/6972 7025/7025
f 8482/8482 8485/8485 8483/8483
f 5589/5589 5486/5486 5772/5772
f 2886/2886 2871/2871 2854/2854
f 2894/2894 2854/2854 2932/2932
f 2894/2894 2932/2932 2933/2933
f 2933/2933 2932/2932 2956/2956
f 3201/3201 3402/3402 3434/3434
f 3402/3402 3340/3340 3460/3460
f 3460/3460 3340/3340 3311/3311
f 3340/3340 3319/3319 3311/3311
f 3311/3311 3319/3319 3292/3292
f 3319/3319 3341/3341 3292/3292
f 187/187 186/186 185/185
f 2377/2377 2374/2374 2373/2373
f 2374/2374 2376/2376 2375/2375
f 2373/2373 2374/2374 2375/2375
f 36/36 35/35 40/40
f 8478/8478 8479/8479 8480/8480
f 8482/8482 8483/8483 8484/8484
f 81/81 37/37 138/138
f 141/141 140/140 142/142
f 5987/5987 5418/5418 5956/5956
f 5262/5262 5265/5265 5256/5256
f 5262/5262 5256/5256 5255/5255
f 5256/5256 5258/5258 5257/5257
f 5255/5255 5256/5256 5257/5257
f 2886/2886 2854/2854 2894/2894
f 2933/2933 2956/2956 2962/2962
f 2962/2962 2990/2990 2984/2984
f 2984/2984 2990/2990 3014/3014
f 2781/2781 2896/2896 2895/2895
f 2895/2895 2896/2896 2871/2871
f 2984/2984 3014/3014 3020/3020
f 3124/3124 3201/3201 3207/3207
f 3207/3207 3201/3201 3434/3434
f 3434/3434 3402/3402 3460/3460
f 187/187 185/185 169/169
f 169/169 185/185 168/168
f 2378/2378 2377/2377 2373/2373
f 2390/2390 2389/2389 2378/2378
f 3896/3896 3898/3898 3897/3897
f 6658/6658 6656/6656 7993/7993
f 8478/8478 8480/8480 8481/8481
f 142/142 140/140 150/150
f 7132/7132 7131/7131 7130/7130
f 150/150 140/140 152/152
f 5591/5591 5588/5588 5590/5590
f 5342/5342 5341/5341 5337/5337
f 1119/1119 1122/1122 1124/1124
f 1119/1119 1124/1124 1134/1134
f 3434/3434 3460/3460 3360/3360
f 3207/3207 3434/3434 3360/3360
f 3360/3360 3460/3460 3311/3311
f 3241/3241 3311/3311 3292/3292
f 3292/3292 3341/3341 3327/3327
f 3357/3357 3341/3341 3374/3374
f 3357/3357 3374/3374 3420/3420
f 622/622 621/621 488/488
f 622/622 488/488 487/487
f 1245/1245 1242/1242 1244/1244
f 487/487 488/488 427/427
f 2378/2378 2373/2373 2382/2382
f 2373/2373 2375/2375 2382/2382
f 2382/2382 2375/2375 2384/2384
f 8487/8487 8488/8488 8489/8489
f 7993/7993 7879/7879 7880/7880
f 8022/8022 7993/7993 7880/7880
f 7880/7880 7879/7879 7878/7878
f 6654/6654 6656/6656 6658/6658
f 269/269 235/235 301/301
f 301/301 235/235 300/300
f 300/300 422/422 301/301
f 5263/5263 5262/5262 5255/5255
f 3020/3020 3124/3124 3118/3118
f 3118/3118 3124/3124 3207/3207
f 3118/3118 3207/3207 3252/3252
f 3252/3252 3207/3207 3430/3430
f 3430/3430 3207/3207 3355/3355
f 3355/3355 3207/3207 3360/3360
f 3241/3241 3360/3360 3311/3311
f 3327/3327 3341/3341 3357/3357
f 3357/3357 3420/3420 3419/3419
f 487/487 427/427 432/432
f 432/432 427/427 331/331
f 169/169 168/168 39/39
f 2390/2390 2378/2378 2385/2385
f 2378/2378 2382/2382 2383/2383
f 2385/2385 2378/2378 2383/2383
f 6654/6654 6658/6658 6652/6652
f 6652/6652 6658/6658 8022/8022
f 563/563 469/469 562/562
f 5856/5856 5987/5987 5724/5724
f 5263/5263 5255/5255 5260/5260
f 5593/5593 5591/5591 5590/5590
f 5593/5593 5590/5590 5594/5594
f 2907/2907 2781/2781 2895/2895
f 2895/2895 2871/2871 2887/2887
f 2887/2887 2871/2871 2886/2886
f 2984/2984 3020/3020 3021/3021
f 3021/3021 3020/3020 3118/3118
f 3118/3118 3252/3252 3298/3298
f 3288/3288 3118/3118 3298/3298
f 3298/3298 3252/3252 3430/3430
f 1118/1118 1122/1122 1119/1119
f 3430/3430 3355/3355 3354/3354
f 3298/3298 3430/3430 3354/3354
f 3355/3355 3360/3360 3241/3241
f 3354/3354 3355/3355 3241/3241
f 3241/3241 3292/3292 3272/3272
f 3292/3292 3327/3327 3296/3296
f 3272/3272 3292/3292 3296/3296
f 226/226 187/187 248/248
f 2385/2385 2383/2383 2387/2387
f 2383/2383 2382/2382 2386/2386
f 2387/2387 2383/2383 2386/2386
f 2386/2386 2382/2382 2384/2384
f 2386/2386 2384/2384 2388/2388
f 2395/2395 2390/2390 2394/2394
f 3909/3909 3912/3912 3902/3902
f 6652/6652 8022/8022 6653/6653
f 8490/8490 8491/8491 8492/8492
f 8493/8493 8490/8490 8492/8492
f 7996/7996 7880/7880 7878/7878
f 6651/6651 6654/6654 6652/6652
f 7138/7138 8025/8025 7136/7136
f 301/301 422/422 451/451
f 451/451 422/422 469/469
f 562/562 660/660 665/665
f 563/563 562/562 665/665
f 6198/6198 6199/6199 6200/6200
f 5724/5724 5987/5987 5855/5855
f 5263/5263 5269/5269 5262/5262
f 5855/5855 5898/5898 5896/5896
f 5264/5264 5263/5263 5260/5260
f 5261/5261 5259/5259 5270/5270
f 2933/2933 2962/2962 2943/2943
f 2943/2943 2962/2962 2984/2984
f 3288/3288 3298/3298 3456/3456
f 3456/3456 3298/3298 3354/3354
f 2391/2391 2385/2385 2387/2387
f 2400/2400 2394/2394 2391/2391
f 3904/3904 3907/3907 3903/3903
f 3903/3903 3907/3907 3905/3905
f 6648/6648 6652/6652 6653/6653
f 6648/6648 6653/6653 6646/6646
f 6653/6653 7996/7996 6644/6644
f 6646/6646 6653/6653 6644/6644
f 7963/7963 7994/7994 7139/7139
f 8309/8309 8312/8312 8310/8310
f 153/153 152/152 235/235
f 153/153 235/235 269/269
f 5261/5261 5264/5264 5260/5260
f 5261/5261 5270/5270 5271/5271
f 2894/2894 2933/2933 2900/2900
f 2900/2900 2933/2933 2943/2943
f 2886/2886 2894/2894 2900/2900
f 3021/3021 3118/3118 3284/3284
f 3284/3284 3118/3118 3288/3288
f 1121/1121 1119/1119 1134/1134
f 3288/3288 3456/3456 3267/3267
f 3278/3278 3456/3456 3354/3354
f 3267/3267 3456/3456 3278/3278
f 3278/3278 3354/3354 3241/3241
f 432/432 331/331 314/314
f 314/314 331/331 248/248
f 2392/2392 2391/2391 2387/2387
f 2387/2387 2386/2386 2405/2405
f 2392/2392 2387/2387 2405/2405
f 2386/2386 2388/2388 2405/2405
f 167/167 40/40 39/39
f 3907/3907 3921/3921 3905/3905
f 3905/3905 3921/3921 3906/3906
f 6649/6649 6648/6648 6647/6647
f 6647/6647 6648/6648 6646/6646
f 6644/6644 7996/7996 6642/6642
f 6660/6660 6651/6651 6649/6649
f 66/66 138/138 141/141
f 7991/7991 8025/8025 6630/6630
f 8316/8316 8318/8318 8317/8317
f 6629/6629 6623/6623 6634/6634
f 7994/7994 6629/6629 6634/6634
f 5724/5724 5855/5855 5853/5853
f 5268/5268 5264/5264 5261/5261
f 5268/5268 5261/5261 5272/5272
f 5272/5272 5261/5261 5271/5271
f 2943/2943 2984/2984 2991/2991
f 2991/2991 2984/2984 3021/3021
f 3267/3267 3284/3284 3288/3288
f 3267/3267 3278/3278 3236/3236
f 3236/3236 3278/3278 3241/3241
f 3228/3228 3241/3241 3272/3272
f 248/248 187/187 188/188
f 2404/2404 2392/2392 2415/2415
f 2414/2414 2404/2404 2415/2415
f 2415/2415 2392/2392 2405/2405
f 1875/1875 1883/1883 1877/1877
f 2409/2409 2404/2404 2414/2414
f 2400/2400 2404/2404 2409/2409
f 3917/3917 3922/3922 3907/3907
f 3907/3907 3922/3922 3921/3921
f 6650/6650 6649/6649 6647/6647
f 6647/6647 6646/6646 6645/6645
f 6645/6645 6646/6646 6644/6644
f 6645/6645 6644/6644 6643/6643
f 6643/6643 6644/6644 6642/6642
f 6660/6660 6649/6649 6650/6650
f 8163/8163 8205/8205 8167/8167
f 7978/7978 8011/8011 6638/6638
f 6630/6630 6627/6627 6624/6624
f 6630/6630 6624/6624 6629/6629
f 6624/6624 6618/6618 6623/6623
f 6629/6629 6624/6624 6623/6623
f 5854/5854 5895/5895 5897/5897
f 6234/6234 6236/6236 6237/6237
f 6238/6238 6234/6234 6237/6237
f 5871/5871 5500/5500 5469/5469
f 2991/2991 3021/3021 3266/3266
f 3266/3266 3021/3021 3284/3284
f 3284/3284 3267/3267 3266/3266
f 3266/3266 3267/3267 3236/3236
f 3236/3236 3241/3241 3228/3228
f 314/314 248/248 188/188
f 1875/1875 1877/1877 1865/1865
f 1878/1878 1876/1876 1863/1863
f 1869/1869 1878/1878 1863/1863
f 1863/1863 1876/1876 1875/1875
f 1863/1863 1875/1875 1864/1864
f 1864/1864 1875/1875 1865/1865
f 2462/2462 2409/2409 2481/2481
f 2480/2480 2462/2462 2481/2481
f 1879/1879 1862/1862 1881/1881
f 1862/1862 1871/1871 1880/1880
f 1881/1881 1862/1862 1880/1880
f 1871/1871 1872/1872 1882/1882
f 1880/1880 1871/1871 1882/1882
f 6650/6650 6647/6647 6657/6657
f 6657/6657 6647/6647 6645/6645
f 6657/6657 6645/6645 7979/7979
f 7979/7979 6645/6645 6643/6643
f 7979/7979 6643/6643 6609/6609
f 6643/6643 6642/6642 6609/6609
f 81/81 138/138 66/66
f 8163/8163 8167/8167 8166/8166
f 6650/6650 6657/6657 8008/8008
f 8166/8166 8167/8167 8168/8168
f 8008/8008 6657/6657 7979/7979
f 8008/8008 7979/7979 8017/8017
f 5234/5234 5237/5237 5236/5236
f 5234/5234 5236/5236 5235/5235
f 8160/8160 8162/8162 8161/8161
f 6638/6638 6632/6632 6628/6628
f 6638/6638 6628/6628 6626/6626
f 6626/6626 6628/6628 6625/6625
f 6627/6627 6638/6638 6626/6626
f 6626/6626 6625/6625 6624/6624
f 6625/6625 6637/6637 6618/6618
f 6624/6624 6625/6625 6618/6618
f 6627/6627 6626/6626 6624/6624
f 304/304 301/301 377/377
f 377/377 301/301 451/451
f 471/471 469/469 563/563
f 5899/5899 5854/5854 5897/5897
f 6234/6234 6233/6233 6236/6236
f 6233/6233 6234/6234 6235/6235
f 5975/5975 5871/5871 5469/5469
f 2895/2895 2887/2887 2897/2897
f 2897/2897 2887/2887 2886/2886
f 2944/2944 2900/2900 2943/2943
f 3120/3120 2991/2991 3266/3266
f 1121/1121 1134/1134 1165/1165
f 1117/1117 1118/1118 1119/1119
f 3326/3326 3327/3327 3357/3357
f 1245/1245 1244/1244 1246/1246
f 1865/1865 1877/1877 1874/1874
f 1869/1869 1863/1863 1858/1858
f 1863/1863 1864/1864 1857/1857
f 1858/1858 1863/1863 1857/1857
f 1864/1864 1865/1865 1857/1857
f 1866/1866 1869/1869 1858/1858
f 1858/1858 1857/1857 1856/1856
f 1856/1856 1857/1857 1855/1855
f 1866/1866 1858/1858 1846/1846
f 1846/1846 1858/1858 1856/1856
f 1846/1846 1856/1856 1855/1855
f 1870/1870 1866/1866 1845/1845
f 1866/1866 1846/1846 1845/1845
f 1868/1868 1870/1870 1845/1845
f 1868/1868 1845/1845 1848/1848
f 1867/1867 1868/1868 1848/1848
f 1867/1867 1848/1848 1850/1850
f 1867/1867 1850/1850 1860/1860
f 1850/1850 1854/1854 1859/1859
f 1860/1860 1850/1850 1859/1859
f 1859/1859 1854/1854 1861/1861
f 1862/1862 1867/1867 1860/1860
f 1862/1862 1860/1860 1859/1859
f 1862/1862 1859/1859 1871/1871
f 1859/1859 1861/1861 1872/1872
f 1871/1871 1859/1859 1872/1872
f 6635/6635 6609/6609 6610/6610
f 8166/8166 8168/8168 8169/8169
f 8166/8166 8169/8169 8170/8170
f 5234/5234 5235/5235 5232/5232
f 5231/5231 5234/5234 5232/5232
f 8206/8206 8209/8209 8207/8207
f 6632/6632 6665/6665 6631/6631
f 8171/8171 8166/8166 8170/8170
f 8206/8206 8207/8207 8208/8208
f 8171/8171 8170/8170 8172/8172
f 5230/5230 5231/5231 5232/5232
f 5230/5230 5232/5232 5233/5233
f 8210/8210 8206/8206 8208/8208
f 6640/6640 6612/6612 6613/6613
f 8171/8171 8172/8172 8173/8173
f 6628/6628 6631/6631 6625/6625
f 5230/5230 5233/5233 5238/5238
f 5239/5239 5230/5230 5238/5238
f 8211/8211 8212/8212 8213/8213
f 471/471 563/563 584/584
f 5954/5954 5899/5899 5975/5975
f 5468/5468 5975/5975 5469/5469
f 2897/2897 2886/2886 2898/2898
f 2898/2898 2886/2886 2900/2900
f 2943/2943 2991/2991 2992/2992
f 2992/2992 2991/2991 3120/3120
f 2992/2992 3120/3120 3220/3220
f 3220/3220 3120/3120 3266/3266
f 3249/3249 3266/3266 3236/3236
f 3249/3249 3236/3236 3197/3197
f 3197/3197 3236/3236 3228/3228
f 3227/3227 3228/3228 3272/3272
f 3296/3296 3327/3327 3326/3326
f 1846/1846 1855/1855 1853/1853
f 1845/1845 1846/1846 1847/1847
f 1847/1847 1846/1846 1853/1853
f 1847/1847 1853/1853 1851/1851
f 1848/1848 1845/1845 1847/1847
f 1848/1848 1847/1847 1849/1849
f 1849/1849 1847/1847 1851/1851
f 1849/1849 1851/1851 1852/1852
f 1849/1849 1852/1852 1854/1854
f 1850/1850 1849/1849 1854/1854
f 35/35 37/37 82/82
f 66/66 141/141 142/142
f 5954/5954 5975/5975 5499/5499
f 5499/5499 5468/5468 5396/5396
f 2988/2988 2943/2943 2992/2992
f 1120/1120 1121/1121 1165/1165
f 3249/3249 3220/3220 3266/3266
f 600/600 622/622 487/487
f 459/459 451/451 469/469
f 5457/5457 5954/5954 5499/5499
f 2901/2901 2900/2900 2944/2944
f 2988/2988 2992/2992 3219/3219
f 3219/3219 2992/2992 3220/3220
f 3220/3220 3249/3249 3219/3219
f 3219/3219 3249/3249 3114/3114
f 3114/3114 3249/3249 3197/3197
f 3197/3197 3228/3228 3193/3193
f 3357/3357 3419/3419 3358/3358
f 600/600 487/487 486/486
f 486/486 487/487 432/432
f 2898/2898 2900/2900 2901/2901
f 2944/2944 2943/2943 2977/2977
f 2977/2977 2943/2943 2988/2988
f 2988/2988 3219/3219 3111/3111
f 1120/1120 1165/1165 1166/1166
f 2929/2929 2907/2907 2897/2897
f 3138/3138 3114/3114 3197/3197
f 1117/1117 1119/1119 1120/1120
f 3193/3193 3228/3228 3227/3227
f 3326/3326 3357/3357 3358/3358
f 651/651 622/622 600/600
f 188/188 187/187 169/169
f 79/79 40/40 35/35
f 150/150 152/152 153/153
f 3111/3111 3219/3219 3104/3104
f 3104/3104 3219/3219 3114/3114
f 3104/3104 3114/3114 3113/3113
f 3113/3113 3114/3114 3138/3138
f 3138/3138 3197/3197 3177/3177
f 5151/5151 5160/5160 5143/5143
f 5162/5162 5168/5168 5181/5181
f 35/35 82/82 79/79
f 82/82 37/37 81/81
f 269/269 301/301 302/302
f 302/302 301/301 304/304
f 2977/2977 2988/2988 3111/3111
f 1273/1273 1275/1275 1274/1274
f 434/434 432/432 316/316
f 432/432 314/314 316/316
f 5145/5145 5147/5147 5146/5146
f 5146/5146 5147/5147 5150/5150
f 142/142 150/150 149/149
f 5429/5429 5428/5428 5374/5374
f 2899/2899 2898/2898 2901/2901
f 2977/2977 3111/3111 2978/2978
f 3176/3176 3111/3111 3104/3104
f 2978/2978 3111/3111 3176/3176
f 3177/3177 3197/3197 3193/3193
f 3227/3227 3272/3272 3244/3244
f 486/486 432/432 434/434
f 169/169 39/39 41/41
f 44/44 169/169 41/41
f 5150/5150 5143/5143 5142/5142
f 4038/4038 4019/4019 4043/4043
f 4043/4043 4019/4019 4028/4028
f 149/149 150/150 153/153
f 459/459 469/469 471/471
f 2942/2942 2901/2901 2944/2944
f 2942/2942 2944/2944 2961/2961
f 2944/2944 2977/2977 2978/2978
f 2961/2961 2944/2944 2978/2978
f 3176/3176 3104/3104 3100/3100
f 3104/3104 3113/3113 3103/3103
f 3100/3100 3104/3104 3103/3103
f 3113/3113 3138/3138 3139/3139
f 3103/3103 3113/3113 3139/3139
f 3244/3244 3272/3272 3296/3296
f 3244/3244 3296/3296 3295/3295
f 3295/3295 3296/3296 3326/3326
f 7531/7531 7530/7530 7529/7529
f 316/316 314/314 188/188
f 5156/5156 5144/5144 5148/5148
f 5149/5149 5142/5142 5141/5141
f 1667/1667 1669/1669 1668/1668
f 1705/1705 1703/1703 1697/1697
f 4125/4125 4129/4129 4135/4135
f 5374/5374 5430/5430 5429/5429
f 3139/3139 3138/3138 3177/3177
f 5156/5156 5148/5148 5153/5153
f 5148/5148 5149/5149 5152/5152
f 5153/5153 5148/5148 5152/5152
f 5152/5152 5149/5149 5141/5141
f 5152/5152 5141/5141 5154/5154
f 38/38 39/39 40/40
f 1695/1695 1694/1694 1687/1687
f 1687/1687 1694/1694 1692/1692
f 1687/1687 1692/1692 1686/1686
f 1686/1686 1692/1692 1667/1667
f 1686/1686 1667/1667 1666/1666
f 1666/1666 1667/1667 1668/1668
f 5458/5458 5433/5433 5467/5467
f 5966/5966 5453/5453 5430/5430
f 1135/1135 1120/1120 1166/1166
f 2929/2929 2897/2897 2902/2902
f 2902/2902 2897/2897 2899/2899
f 2961/2961 2978/2978 3117/3117
f 2978/2978 3176/3176 3102/3102
f 3117/3117 2978/2978 3102/3102
f 3102/3102 3176/3176 3100/3100
f 1123/1123 1117/1117 1120/1120
f 188/188 169/169 44/44
f 1085/1085 1086/1086 1082/1082
f 1082/1082 1084/1084 1081/1081
f 5156/5156 5153/5153 5164/5164
f 40/40 79/79 76/76
f 1666/1666 1668/1668 1685/1685
f 268/268 153/153 269/269
f 268/268 269/269 302/302
f 472/472 471/471 584/584
f 5455/5455 5453/5453 5966/5966
f 2899/2899 2901/2901 2942/2942
f 2936/2936 2929/2929 2902/2902
f 3185/3185 2961/2961 3117/3117
f 3103/3103 3139/3139 3158/3158
f 3158/3158 3139/3139 3177/3177
f 3177/3177 3193/3193 3168/3168
f 3168/3168 3193/3193 3227/3227
f 3326/3326 3358/3358 3348/3348
f 1085/1085 1082/1082 1078/1078
f 1078/1078 1082/1082 1081/1081
f 1693/1693 1687/1687 1681/1681
f 1681/1681 1687/1687 1686/1686
f 1686/1686 1666/1666 1683/1683
f 1683/1683 1666/1666 1685/1685
f 6094/6094 6092/6092 6095/6095
f 6092/6092 6094/6094 6093/6093
f 3187/3187 3185/3185 3117/3117
f 1087/1087 1085/1085 1078/1078
f 38/38 40/40 76/76
f 1683/1683 1685/1685 1682/1682
f 1693/1693 1681/1681 1680/1680
f 1684/1684 1693/1693 1680/1680
f 472/472 584/584 585/585
f 5460/5460 5458/5458 5461/5461
f 6090/6090 6092/6092 6093/6093
f 2942/2942 2961/2961 2960/2960
f 2961/2961 3185/3185 3186/3186
f 2960/2960 2961/2961 3186/3186
f 3187/3187 3117/3117 3102/3102
f 3102/3102 3100/3100 3099/3099
f 3100/3100 3103/3103 3095/3095
f 3099/3099 3100/3100 3095/3095
f 3095/3095 3103/3103 3158/3158
f 316/316 188/188 315/315
f 1074/1074 1078/1078 1075/1075
f 1075/1075 1078/1078 1081/1081
f 1075/1075 1081/1081 1079/1079
f 80/80 79/79 82/82
f 80/80 82/82 81/81
f 1680/1680 1681/1681 1679/1679
f 1679/1679 1681/1681 1683/1683
f 1679/1679 1683/1683 1682/1682
f 1698/1698 1693/1693 1684/1684
f 5390/5390 5847/5847 5770/5770
f 2936/2936 2902/2902 2903/2903
f 2903/2903 2902/2902 2899/2899
f 3186/3186 3187/3187 3183/3183
f 3183/3183 3187/3187 3102/3102
f 3158/3158 3177/3177 3157/3157
f 3157/3157 3177/3177 3168/3168
f 3168/3168 3227/3227 3244/3244
f 3295/3295 3326/3326 3348/3348
f 3348/3348 3358/3358 3390/3390
f 634/634 651/651 600/600
f 1684/1684 1680/1680 1678/1678
f 1678/1678 1680/1680 1679/1679
f 377/377 459/459 376/376
f 2903/2903 2899/2899 2904/2904
f 3183/3183 3102/3102 3101/3101
f 3101/3101 3102/3102 3099/3099
f 599/599 600/600 486/486
f 1074/1074 1075/1075 1076/1076
f 1076/1076 1075/1075 1079/1079
f 1076/1076 1079/1079 1080/1080
f 41/41 39/39 38/38
f 1678/1678 1679/1679 1676/1676
f 1676/1676 1679/1679 1674/1674
f 1674/1674 1679/1679 1682/1682
f 1698/1698 1684/1684 1688/1688
f 66/66 142/142 67/67
f 67/67 142/142 149/149
f 153/153 268/268 266/266
f 266/266 268/268 302/302
f 304/304 377/377 376/376
f 5462/5462 5459/5459 5460/5460
f 5460/5460 5461/5461 5464/5464
f 5477/5477 5460/5460 5464/5464
f 2904/2904 2899/2899 2941/2941
f 2941/2941 2899/2899 2942/2942
f 2960/2960 3186/3186 3183/3183
f 3095/3095 3158/3158 3157/3157
f 634/634 600/600 599/599
f 1077/1077 1074/1074 1076/1076
f 7971/7971 6663/6663 7848/7848
f 1688/1688 1684/1684 1678/1678
f 1688/1688 1678/1678 1677/1677
f 1677/1677 1678/1678 1676/1676
f 4119/4119 4116/4116 4131/4131
f 81/81 66/66 65/65
f 204/204 153/153 266/266
f 459/459 471/471 472/472
f 5744/5744 5719/5719 5718/5718
f 5497/5497 5715/5715 5463/5463
f 2941/2941 2942/2942 2960/2960
f 1136/1136 1135/1135 1167/1167
f 3175/3175 3183/3183 3101/3101
f 3245/3245 3244/3244 3295/3295
f 599/599 486/486 485/485
f 1077/1077 1076/1076 1089/1089
f 1076/1076 1080/1080 1088/1088
f 1089/1089 1076/1076 1088/1088
f 76/76 79/79 77/77
f 77/77 79/79 80/80
f 2555/2555 2552/2552 2554/2554
f 1677/1677 1676/1676 1673/1673
f 1676/1676 1674/1674 1673/1673
f 2941/2941 2960/2960 2959/2959
f 3183/3183 3175/3175 3165/3165
f 3165/3165 3175/3175 3106/3106
f 485/485 486/486 434/434
f 80/80 81/81 65/65
f 1691/1691 1688/1688 1677/1677
f 1673/1673 1674/1674 1675/1675
f 149/149 153/153 148/148
f 148/148 153/153 204/204
f 460/460 459/459 472/472
f 2960/2960 3183/3183 2994/2994
f 2959/2959 2960/2960 2994/2994
f 2994/2994 3183/3183 3165/3165
f 3157/3157 3168/3168 3167/3167
f 315/315 188/188 217/217
f 44/44 41/41 42/42
f 1091/1091 1077/1077 1089/1089
f 1091/1091 1089/1089 1096/1096
f 1089/1089 1088/1088 1098/1098
f 1096/1096 1089/1089 1098/1098
f 1090/1090 1077/1077 1091/1091
f 77/77 80/80 68/68
f 1691/1691 1677/1677 1690/1690
f 1677/1677 1673/1673 1689/1689
f 1690/1690 1677/1677 1689/1689
f 1689/1689 1673/1673 1675/1675
f 1702/1702 1699/1699 1691/1691
f 302/302 304/304 303/303
f 303/303 304/304 376/376
f 5389/5389 5388/5388 5387/5387
f 3101/3101 3099/3099 3094/3094
f 3094/3094 3099/3099 3095/3095
f 2938/2938 2903/2903 2905/2905
f 3095/3095 3157/3157 3096/3096
f 3168/3168 3244/3244 3216/3216
f 3167/3167 3168/3168 3216/3216
f 3216/3216 3244/3244 3245/3245
f 1095/1095 1091/1091 1096/1096
f 1095/1095 1096/1096 1097/1097
f 1096/1096 1098/1098 1100/1100
f 1097/1097 1096/1096 1100/1100
f 1019/1019 1020/1020 1021/1021
f 2549/2549 2558/2558 2560/2560
f 1701/1701 1689/1689 1675/1675
f 2222/2222 2224/2224 2218/2218
f 472/472 585/585 583/583
f 480/480 472/472 583/583
f 583/583 585/585 664/664
f 2906/2906 2904/2904 2941/2941
f 2906/2906 2941/2941 2954/2954
f 2954/2954 2941/2941 2959/2959
f 3101/3101 3094/3094 3107/3107
f 1138/1138 1136/1136 1167/1167
f 2958/2958 2959/2959 2994/2994
f 3094/3094 3095/3095 3096/3096
f 485/485 434/434 433/433
f 434/434 316/316 433/433
f 217/217 188/188 44/44
f 1100/1100 1098/1098 1101/1101
f 2547/2547 2550/2550 2548/2548
f 1700/1700 1691/1691 1690/1690
f 2225/2225 2222/2222 2217/2217
f 2217/2217 2222/2222 2218/2218
f 2954/2954 2959/2959 2958/2958
f 1138/1138 1167/1167 1173/1173
f 2937/2937 2938/2938 2905/2905
f 2905/2905 2904/2904 2906/2906
f 2958/2958 2994/2994 2993/2993
f 2993/2993 2994/2994 3165/3165
f 3157/3157 3167/3167 3119/3119
f 3347/3347 3348/3348 3390/3390
f 1249/1249 1274/1274 1270/1270
f 42/42 41/41 38/38
f 1099/1099 1095/1095 1097/1097
f 1099/1099 1097/1097 1103/1103
f 1097/1097 1100/1100 1102/1102
f 1103/1103 1097/1097 1102/1102
f 1102/1102 1100/1100 1101/1101
f 1061/1061 1095/1095 1099/1099
f 2548/2548 2564/2564 2558/2558
f 2564/2564 2565/2565 2562/2562
f 2558/2558 2564/2564 2562/2562
f 2562/2562 2565/2565 2563/2563
f 2223/2223 2218/2218 2249/2249
f 2236/2236 2225/2225 2217/2217
f 2236/2236 2217/2217 2221/2221
f 2217/2217 2218/2218 2219/2219
f 4115/4115 4137/4137 4122/4122
f 3165/3165 3106/3106 3105/3105
f 3106/3106 3107/3107 3094/3094
f 3105/3105 3106/3106 3094/3094
f 3096/3096 3157/3157 3119/3119
f 3245/3245 3295/3295 3251/3251
f 3251/3251 3295/3295 3348/3348
f 433/433 316/316 315/315
f 2656/2656 2655/2655 2634/2634
f 2634/2634 2655/2655 2633/2633
f 1069/1069 1099/1099 1104/1104
f 1104/1104 1099/1099 1103/1103
f 1104/1104 1103/1103 1105/1105
f 2635/2635 2656/2656 2634/2634
f 2571/2571 2569/2569 2551/2551
f 2551/2551 2569/2569 2568/2568
f 2551/2551 2568/2568 2564/2564
f 2564/2564 2568/2568 2570/2570
f 2564/2564 2570/2570 2565/2565
f 80/80 65/65 68/68
f 2231/2231 2236/2236 2221/2221
f 2221/2221 2217/2217 2220/2220
f 2220/2220 2217/2217 2219/2219
f 4066/4066 4068/4068 4054/4054
f 2993/2993 3165/3165 3164/3164
f 3164/3164 3165/3165 3105/3105
f 3251/3251 3348/3348 3347/3347
f 2653/2653 2636/2636 2631/2631
f 2631/2631 2636/2636 2635/2635
f 2631/2631 2635/2635 2629/2629
f 2629/2629 2635/2635 2634/2634
f 2629/2629 2634/2634 2630/2630
f 2630/2630 2634/2634 2633/2633
f 2628/2628 2653/2653 2631/2631
f 2653/2653 2628/2628 2639/2639
f 2654/2654 2639/2639 2640/2640
f 2652/2652 2654/2654 2640/2640
f 2652/2652 2640/2640 2643/2643
f 2652/2652 2643/2643 2651/2651
f 2651/2651 2643/2643 2644/2644
f 2651/2651 2644/2644 2648/2648
f 2644/2644 2645/2645 2646/2646
f 2648/2648 2644/2644 2646/2646
f 2648/2648 2646/2646 2649/2649
f 2649/2649 2646/2646 2650/2650
f 2650/2650 2646/2646 2647/2647
f 2231/2231 2221/2221 2226/2226
f 2232/2232 2231/2231 2226/2226
f 2226/2226 2221/2221 2220/2220
f 2226/2226 2220/2220 2227/2227
f 2227/2227 2220/2220 2219/2219
f 2227/2227 2219/2219 2223/2223
f 2227/2227 2223/2223 2250/2250
f 2231/2231 2232/2232 2238/2238
f 65/65 66/66 63/63
f 63/63 66/66 67/67
f 4054/4054 4060/4060 4055/4055
f 4054/4054 4055/4055 4053/4053
f 4053/4053 4057/4057 4052/4052
f 376/376 460/460 461/461
f 2947/2947 2906/2906 2954/2954
f 2958/2958 2993/2993 2957/2957
f 2957/2957 2993/2993 3164/3164
f 3098/3098 3105/3105 3094/3094
f 3098/3098 3094/3094 3097/3097
f 3094/3094 3096/3096 3097/3097
f 3164/3164 3105/3105 3215/3215
f 43/43 44/44 42/42
f 2628/2628 2631/2631 2629/2629
f 2628/2628 2629/2629 2626/2626
f 2629/2629 2630/2630 2626/2626
f 2630/2630 2633/2633 2632/2632
f 2626/2626 2630/2630 2632/2632
f 2639/2639 2628/2628 2625/2625
f 2625/2625 2628/2628 2626/2626
f 2625/2625 2626/2626 2627/2627
f 2640/2640 2639/2639 2625/2625
f 2640/2640 2625/2625 2638/2638
f 2638/2638 2625/2625 2637/2637
f 2625/2625 2627/2627 2637/2637
f 2643/2643 2640/2640 2638/2638
f 2638/2638 2637/2637 2642/2642
f 2642/2642 2637/2637 2641/2641
f 2644/2644 2638/2638 2645/2645
f 2645/2645 2638/2638 2642/2642
f 2647/2647 2642/2642 2641/2641
f 2226/2226 2227/2227 2228/2228
f 2233/2233 2227/2227 2250/2250
f 2232/2232 2226/2226 2229/2229
f 2238/2238 2232/2232 2229/2229
f 2237/2237 2238/2238 2229/2229
f 2229/2229 2226/2226 2228/2228
f 2229/2229 2228/2228 2230/2230
f 4060/4060 4067/4067 4061/4061
f 4060/4060 4059/4059 4053/4053
f 4055/4055 4060/4060 4053/4053
f 4059/4059 4062/4062 4057/4057
f 4053/4053 4059/4059 4057/4057
f 4057/4057 4062/4062 4058/4058
f 461/461 460/460 472/472
f 2917/2917 2937/2937 2905/2905
f 2917/2917 2905/2905 2908/2908
f 2908/2908 2905/2905 2906/2906
f 3097/3097 3096/3096 3092/3092
f 3092/3092 3096/3096 3119/3119
f 217/217 44/44 43/43
f 2237/2237 2229/2229 2235/2235
f 2247/2247 2237/2237 2235/2235
f 2229/2229 2230/2230 2234/2234
f 2235/2235 2229/2229 2234/2234
f 2234/2234 2230/2230 2239/2239
f 2234/2234 2239/2239 2240/2240
f 2247/2247 2235/2235 2243/2243
f 4120/4120 4132/4132 4079/4079
f 4073/4073 4079/4079 4074/4074
f 4067/4067 4074/4074 4065/4065
f 4067/4067 4065/4065 4061/4061
f 4065/4065 4064/4064 4059/4059
f 4061/4061 4065/4065 4059/4059
f 4064/4064 4063/4063 4062/4062
f 4059/4059 4064/4064 4062/4062
f 4062/4062 4063/4063 4058/4058
f 266/266 302/302 303/303
f 2908/2908 2906/2906 2909/2909
f 2909/2909 2906/2906 2947/2947
f 3119/3119 3167/3167 3198/3198
f 3198/3198 3167/3167 3216/3216
f 3216/3216 3245/3245 3251/3251
f 2240/2240 2233/2233 2246/2246
f 2243/2243 2235/2235 2234/2234
f 2242/2242 2243/2243 2234/2234
f 2242/2242 2234/2234 2241/2241
f 2241/2241 2234/2234 2240/2240
f 2241/2241 2240/2240 2246/2246
f 2245/2245 2241/2241 2246/2246
f 6812/6812 6813/6813 6810/6810
f 2248/2248 2243/2243 2242/2242
f 2242/2242 2241/2241 2244/2244
f 2244/2244 2241/2241 2245/2245
f 2248/2248 2242/2242 2244/2244
f 2248/2248 2244/2244 2251/2251
f 2251/2251 2244/2244 2245/2245
f 2251/2251 2245/2245 2252/2252
f 2252/2252 2245/2245 2253/2253
f 4075/4075 4076/4076 4064/4064
f 4065/4065 4075/4075 4064/4064
f 4064/4064 4076/4076 4077/4077
f 4064/4064 4077/4077 4063/4063
f 4063/4063 4077/4077 4078/4078
f 67/67 149/149 148/148
f 2954/2954 2958/2958 2957/2957
f 1139/1139 1138/1138 1163/1163
f 461/461 472/472 480/480
f 6220/6220 6221/6221 6222/6222
f 2947/2947 2954/2954 2957/2957
f 2957/2957 3164/3164 2989/2989
f 2989/2989 3164/3164 3215/3215
f 3352/3352 3347/3347 3390/3390
f 599/599 485/485 598/598
f 68/68 65/65 64/64
f 345/345 303/303 376/376
f 5513/5513 5517/5517 5521/5521
f 3093/3093 3098/3098 3097/3097
f 1144/1144 1139/1139 1163/1163
f 2989/2989 3215/3215 3213/3213
f 3213/3213 3215/3215 3214/3214
f 3092/3092 3119/3119 3091/3091
f 3251/3251 3347/3347 3307/3307
f 3307/3307 3347/3347 3352/3352
f 5742/5742 5744/5744 5740/5740
f 5744/5744 5718/5718 5509/5509
f 5475/5475 5392/5392 5942/5942
f 2947/2947 2957/2957 2948/2948
f 3093/3093 3097/3097 3092/3092
f 3093/3093 3092/3092 3070/3070
f 1144/1144 1163/1163 1168/1168
f 2927/2927 2917/2917 2908/2908
f 3216/3216 3251/3251 3217/3217
f 644/644 634/634 599/599
f 433/433 315/315 319/319
f 319/319 315/315 217/217
f 64/64 65/65 63/63
f 63/63 67/67 59/59
f 59/59 67/67 148/148
f 5740/5740 5744/5744 5509/5509
f 2948/2948 2957/2957 2963/2963
f 2963/2963 2957/2957 2989/2989
f 2927/2927 2908/2908 2911/2911
f 2911/2911 2908/2908 2910/2910
f 3070/3070 3092/3092 3091/3091
f 3198/3198 3216/3216 3203/3203
f 3203/3203 3216/3216 3217/3217
f 598/598 485/485 498/498
f 498/498 485/485 433/433
f 43/43 42/42 166/166
f 42/42 38/38 75/75
f 75/75 38/38 76/76
f 345/345 376/376 394/394
f 394/394 376/376 461/461
f 2909/2909 2947/2947 2948/2948
f 2963/2963 2989/2989 3213/3213
f 3119/3119 3198/3198 3109/3109
f 1255/1255 1254/1254 1256/1256
f 583/583 664/664 671/671
f 2910/2910 2909/2909 2926/2926
f 3217/3217 3251/3251 3307/3307
f 644/644 599/599 598/598
f 75/75 76/76 77/77
f 62/62 64/64 63/63
f 266/266 303/303 293/293
f 267/267 266/266 293/293
f 479/479 480/480 583/583
f 2926/2926 2909/2909 2948/2948
f 2948/2948 2963/2963 2964/2964
f 2963/2963 3213/3213 3188/3188
f 2964/2964 2963/2963 3188/3188
f 3188/3188 3213/3213 3214/3214
f 3188/3188 3214/3214 3068/3068
f 3091/3091 3119/3119 3109/3109
f 1662/1662 1663/1663 1661/1661
f 1439/1439 1440/1440 1436/1436
f 1439/1439 1436/1436 1431/1431
f 1436/1436 1424/1424 1431/1431
f 147/147 148/148 204/204
f 204/204 266/266 267/267
f 2928/2928 2927/2927 2911/2911
f 3068/3068 3093/3093 3070/3070
f 3068/3068 3070/3070 3066/3066
f 3066/3066 3070/3070 3091/3091
f 3109/3109 3198/3198 3203/3203
f 59/59 148/148 147/147
f 147/147 204/204 212/212
f 576/576 583/583 671/671
f 5521/5521 5520/5520 5934/5934
f 5515/5515 5521/5521 5934/5934
f 2964/2964 3188/3188 3121/3121
f 3067/3067 3068/3068 3066/3066
f 1145/1145 1144/1144 1162/1162
f 3184/3184 3188/3188 3068/3068
f 3121/3121 3188/3188 3184/3184
f 3088/3088 3091/3091 3109/3109
f 166/166 42/42 73/73
f 1654/1654 1659/1659 1650/1650
f 1652/1652 1658/1658 1653/1653
f 1383/1383 1409/1409 1406/1406
f 8516/8516 8513/8513 8511/8511
f 8516/8516 8511/8511 8517/8517
f 8517/8517 8511/8511 8538/8538
f 8539/8539 8540/8540 8541/8541
f 8538/8538 8515/8515 8533/8533
f 8535/8535 8538/8538 8533/8533
f 8533/8533 8515/8515 8532/8532
f 212/212 204/204 267/267
f 461/461 480/480 479/479
f 479/479 583/583 576/576
f 3291/3291 3307/3307 3352/3352
f 645/645 644/644 598/598
f 73/73 42/42 75/75
f 1651/1651 1654/1654 1650/1650
f 68/68 64/64 62/62
f 2728/2728 2730/2730 2729/2729
f 2728/2728 2729/2729 2721/2721
f 1383/1383 1406/1406 1384/1384
f 8537/8537 8535/8535 8536/8536
f 2720/2720 2721/2721 2725/2725
f 8536/8536 8535/8535 8534/8534
f 5525/5525 5526/5526 5524/5524
f 6065/6065 6064/6064 6063/6063
f 2948/2948 2964/2964 2965/2965
f 2965/2965 2964/2964 3121/3121
f 3066/3066 3091/3091 3084/3084
f 3084/3084 3091/3091 3088/3088
f 3217/3217 3307/3307 3291/3291
f 3291/3291 3352/3352 3350/3350
f 1649/1649 1651/1651 1650/1650
f 77/77 68/68 78/78
f 1375/1375 1384/1384 1403/1403
f 2728/2728 2721/2721 2716/2716
f 2716/2716 2721/2721 2720/2720
f 2716/2716 2720/2720 2715/2715
f 2715/2715 2720/2720 2717/2717
f 60/60 63/63 59/59
f 5526/5526 5525/5525 5666/5666
f 5572/5572 5526/5526 5666/5666
f 2912/2912 2911/2911 2910/2910
f 3063/3063 3067/3067 3066/3066
f 3073/3073 3066/3066 3084/3084
f 1145/1145 1162/1162 1164/1164
f 3121/3121 3184/3184 3115/3115
f 1646/1646 1649/1649 1637/1637
f 1637/1637 1649/1649 1650/1650
f 1637/1637 1650/1650 1638/1638
f 1375/1375 1403/1403 1398/1398
f 2710/2710 2718/2718 2716/2716
f 2715/2715 2717/2717 2714/2714
f 62/62 63/63 60/60
f 2912/2912 2910/2910 2913/2913
f 2913/2913 2910/2910 2926/2926
f 2965/2965 3121/3121 3122/3122
f 3063/3063 3066/3066 3065/3065
f 3065/3065 3066/3066 3073/3073
f 3444/3444 2928/2928 2912/2912
f 3122/3122 3121/3121 3115/3115
f 3115/3115 3184/3184 3063/3063
f 598/598 498/498 499/499
f 318/318 319/319 217/217
f 1637/1637 1638/1638 1627/1627
f 1647/1647 1646/1646 1645/1645
f 78/78 68/68 62/62
f 2719/2719 2718/2718 2710/2710
f 1375/1375 1398/1398 1393/1393
f 2710/2710 2716/2716 2715/2715
f 2710/2710 2715/2715 2714/2714
f 394/394 461/461 479/479
f 2913/2913 2926/2926 2930/2930
f 2953/2953 2948/2948 2965/2965
f 1159/1159 1145/1145 1164/1164
f 3088/3088 3109/3109 3087/3087
f 386/386 433/433 319/319
f 218/218 217/217 43/43
f 1631/1631 1637/1637 1630/1630
f 1630/1630 1637/1637 1627/1627
f 1372/1372 1375/1375 1393/1393
f 2709/2709 2710/2710 2711/2711
f 2710/2710 2714/2714 2713/2713
f 2711/2711 2710/2710 2713/2713
f 2930/2930 2926/2926 2948/2948
f 2930/2930 2948/2948 2953/2953
f 1258/1258 1256/1256 1268/1268
f 1645/1645 1631/1631 1629/1629
f 1642/1642 1645/1645 1629/1629
f 2719/2719 2710/2710 2709/2709
f 1372/1372 1393/1393 1405/1405
f 2712/2712 2709/2709 2711/2711
f 2965/2965 3122/3122 3115/3115
f 3109/3109 3203/3203 3194/3194
f 218/218 43/43 165/165
f 1629/1629 1630/1630 1626/1626
f 1626/1626 1630/1630 1627/1627
f 1626/1626 1627/1627 1624/1624
f 1386/1386 1372/1372 1405/1405
f 1386/1386 1405/1405 1400/1400
f 2726/2726 2709/2709 2712/2712
f 2726/2726 2712/2712 2724/2724
f 2712/2712 2711/2711 2723/2723
f 2724/2724 2712/2712 2723/2723
f 2711/2711 2713/2713 2722/2722
f 2723/2723 2711/2711 2722/2722
f 2953/2953 2965/2965 2966/2966
f 2965/2965 3115/3115 3012/3012
f 2966/2966 2965/2965 3012/3012
f 3012/3012 3115/3115 3063/3063
f 3084/3084 3088/3088 3087/3087
f 43/43 166/166 165/165
f 1628/1628 1629/1629 1626/1626
f 1626/1626 1624/1624 1625/1625
f 3847/3847 3841/3841 3733/3733
f 73/73 75/75 74/74
f 2658/2658 2672/2672 2661/2661
f 2726/2726 2724/2724 2727/2727
f 1385/1385 1386/1386 1400/1400
f 2724/2724 2723/2723 2732/2732
f 2727/2727 2724/2724 2732/2732
f 2723/2723 2722/2722 2734/2734
f 2723/2723 2734/2734 2733/2733
f 2732/2732 2723/2723 2733/2733
f 3064/3064 3065/3065 3073/3073
f 2912/2912 2913/2913 2914/2914
f 2914/2914 2913/2913 2930/2930
f 3012/3012 3063/3063 3061/3061
f 3061/3061 3063/3063 3064/3064
f 3062/3062 3073/3073 3084/3084
f 3064/3064 3073/3073 3062/3062
f 3084/3084 3087/3087 3077/3077
f 3087/3087 3109/3109 3116/3116
f 3085/3085 3087/3087 3116/3116
f 3116/3116 3109/3109 3194/3194
f 3194/3194 3203/3203 3217/3217
f 498/498 433/433 386/386
f 318/318 217/217 218/218
f 165/165 166/166 73/73
f 1643/1643 1642/1642 1628/1628
f 1628/1628 1626/1626 1625/1625
f 3847/3847 3730/3730 3833/3833
f 1385/1385 1400/1400 1402/1402
f 2726/2726 2727/2727 2737/2737
f 2738/2738 2726/2726 2737/2737
f 2727/2727 2732/2732 2735/2735
f 2737/2737 2727/2727 2735/2735
f 2736/2736 2732/2732 2733/2733
f 2735/2735 2732/2732 2736/2736
f 1585/1585 1589/1589 1583/1583
f 1583/1583 1589/1589 1584/1584
f 4292/4292 4297/4297 4291/4291
f 146/146 147/147 212/212
f 215/215 212/212 267/267
f 553/553 479/479 575/575
f 575/575 479/479 576/576
f 3062/3062 3084/3084 3083/3083
f 3194/3194 3217/3217 3196/3196
f 3196/3196 3217/3217 3291/3291
f 645/645 598/598 646/646
f 601/601 598/598 499/499
f 386/386 319/319 317/317
f 317/317 319/319 318/318
f 1622/1622 1625/1625 1624/1624
f 1643/1643 1628/1628 1623/1623
f 3833/3833 3728/3728 3727/3727
f 3827/3827 3833/3833 3727/3727
f 75/75 77/77 71/71
f 74/74 75/75 71/71
f 77/77 78/78 71/71
f 1385/1385 1402/1402 1401/1401
f 1577/1577 1588/1588 1580/1580
f 1577/1577 1580/1580 1571/1571
f 1580/1580 1585/1585 1583/1583
f 1580/1580 1583/1583 1570/1570
f 1571/1571 1580/1580 1570/1570
f 1385/1385 1401/1401 1377/1377
f 1573/1573 1583/1583 1584/1584
f 1570/1570 1583/1583 1573/1573
f 1570/1570 1573/1573 1569/1569
f 1569/1569 1573/1573 1572/1572
f 60/60 59/59 57/57
f 1586/1586 1581/1581 1575/1575
f 1567/1567 1565/1565 1568/1568
f 1568/1568 1565/1565 1579/1579
f 1586/1586 1575/1575 1567/1567
f 1586/1586 1567/1567 1578/1578
f 1578/1578 1567/1567 1568/1568
f 5741/5741 5742/5742 5740/5740
f 3444/3444 2912/2912 2915/2915
f 2915/2915 2912/2912 2914/2914
f 3061/3061 3064/3064 3062/3062
f 3083/3083 3084/3084 3077/3077
f 3077/3077 3087/3087 3085/3085
f 1258/1258 1268/1268 1263/1263
f 1622/1622 1624/1624 1621/1621
f 1639/1639 1643/1643 1623/1623
f 3827/3827 3727/3727 3881/3881
f 3881/3881 3727/3727 3724/3724
f 71/71 78/78 62/62
f 3777/3777 3785/3785 3876/3876
f 1377/1377 1401/1401 1399/1399
f 1576/1576 1577/1577 1571/1571
f 1576/1576 1571/1571 1564/1564
f 1564/1564 1571/1571 1570/1570
f 1564/1564 1570/1570 1569/1569
f 1374/1374 1377/1377 1399/1399
f 1564/1564 1569/1569 1559/1559
f 1559/1559 1569/1569 1572/1572
f 1559/1559 1572/1572 1560/1560
f 1374/1374 1399/1399 1397/1397
f 1373/1373 1374/1374 1397/1397
f 1576/1576 1564/1564 1563/1563
f 1574/1574 1576/1576 1563/1563
f 1563/1563 1564/1564 1559/1559
f 1559/1559 1560/1560 1561/1561
f 1563/1563 1559/1559 1562/1562
f 1562/1562 1559/1559 1561/1561
f 1561/1561 1587/1587 1582/1582
f 1376/1376 1373/1373 1397/1397
f 1574/1574 1563/1563 1566/1566
f 1563/1563 1562/1562 1565/1565
f 1566/1566 1563/1563 1565/1565
f 1562/1562 1561/1561 1565/1565
f 1565/1565 1561/1561 1582/1582
f 1575/1575 1574/1574 1566/1566
f 1575/1575 1566/1566 1567/1567
f 1567/1567 1566/1566 1565/1565
f 646/646 598/598 601/601
f 1623/1623 1622/1622 1620/1620
f 1620/1620 1622/1622 1621/1621
f 3824/3824 3827/3827 3881/3881
f 3761/3761 3808/3808 3825/3825
f 59/59 147/147 146/146
f 576/576 671/671 672/672
f 2914/2914 2930/2930 2923/2923
f 2930/2930 2953/2953 2952/2952
f 2923/2923 2930/2930 2952/2952
f 3196/3196 3291/3291 3330/3330
f 3330/3330 3291/3291 3350/3350
f 499/499 498/498 386/386
f 1619/1619 1623/1623 1620/1620
f 2674/2674 2697/2697 2676/2676
f 2676/2676 2694/2694 2677/2677
f 146/146 212/212 215/215
f 293/293 345/345 353/353
f 345/345 394/394 353/353
f 394/394 479/479 477/477
f 5741/5741 5740/5740 5508/5508
f 2952/2952 2953/2953 2966/2966
f 2966/2966 3012/3012 3011/3011
f 3012/3012 3061/3061 3058/3058
f 3011/3011 3012/3012 3058/3058
f 3058/3058 3061/3061 3062/3062
f 3330/3330 3350/3350 3351/3351
f 1619/1619 1620/1620 1617/1617
f 1617/1617 1620/1620 1621/1621
f 3811/3811 3824/3824 3881/3881
f 3811/3811 3881/3881 3722/3722
f 74/74 71/71 70/70
f 2696/2696 2701/2701 2698/2698
f 2696/2696 2698/2698 2695/2695
f 215/215 267/267 293/293
f 353/353 394/394 477/477
f 2916/2916 2915/2915 2914/2914
f 2916/2916 2914/2914 2923/2923
f 2952/2952 2966/2966 2967/2967
f 2967/2967 2966/2966 3011/3011
f 3058/3058 3062/3062 3060/3060
f 3062/3062 3083/3083 3077/3077
f 3060/3060 3062/3062 3077/3077
f 1158/1158 1150/1150 1159/1159
f 1158/1158 1159/1159 1171/1171
f 317/317 318/318 218/218
f 1618/1618 1619/1619 1617/1617
f 1617/1617 1621/1621 1616/1616
f 3811/3811 3722/3722 3816/3816
f 3816/3816 3722/3722 3720/3720
f 72/72 73/73 74/74
f 3813/3813 3802/3802 3839/3839
f 3813/3813 3839/3839 3826/3826
f 3773/3773 3826/3826 3787/3787
f 3783/3783 3773/3773 3787/3787
f 70/70 71/71 69/69
f 3819/3819 3818/3818 3880/3880
f 3835/3835 3819/3819 3880/3880
f 2700/2700 2702/2702 2699/2699
f 58/58 57/57 59/59
f 294/294 293/293 353/353
f 5507/5507 5504/5504 5563/5563
f 1158/1158 1171/1171 1174/1174
f 3116/3116 3194/3194 3196/3196
f 1618/1618 1617/1617 1615/1615
f 1615/1615 1617/1617 1616/1616
f 3721/3721 3723/3723 3851/3851
f 3787/3787 3839/3839 3717/3717
f 3821/3821 3787/3787 3861/3861
f 3820/3820 3821/3821 3861/3861
f 3818/3818 3790/3790 3882/3882
f 3818/3818 3882/3882 3886/3886
f 215/215 293/293 294/294
f 6044/6044 6045/6045 6041/6041
f 6043/6043 6044/6044 6041/6041
f 1161/1161 1158/1158 1174/1174
f 165/165 73/73 164/164
f 1634/1634 1618/1618 1615/1615
f 3719/3719 3816/3816 3720/3720
f 3822/3822 3817/3817 3848/3848
f 3839/3839 3822/3822 3848/3848
f 3839/3839 3848/3848 3717/3717
f 3787/3787 3717/3717 3844/3844
f 3787/3787 3844/3844 3861/3861
f 3820/3820 3861/3861 3863/3863
f 3786/3786 3820/3820 3863/3863
f 3786/3786 3863/3863 3865/3865
f 3790/3790 3786/3786 3865/3865
f 5106/5106 5109/5109 5107/5107
f 58/58 59/59 146/146
f 2967/2967 3011/3011 3058/3058
f 1612/1612 1634/1634 1615/1615
f 1612/1612 1615/1615 1600/1600
f 1600/1600 1615/1615 1599/1599
f 164/164 73/73 72/72
f 3719/3719 3718/3718 3711/3711
f 3869/3869 3719/3719 3729/3729
f 3848/3848 3869/3869 3729/3729
f 3848/3848 3729/3729 3712/3712
f 3848/3848 3712/3712 3714/3714
f 3848/3848 3714/3714 3717/3717
f 71/71 62/62 69/69
f 69/69 62/62 61/61
f 61/61 62/62 60/60
f 61/61 60/60 57/57
f 3059/3059 3058/3058 3060/3060
f 3060/3060 3077/3077 3074/3074
f 3431/3431 2918/2918 2919/2919
f 2919/2919 2918/2918 2916/2916
f 3074/3074 3077/3077 3085/3085
f 3085/3085 3116/3116 3086/3086
f 3116/3116 3196/3196 3195/3195
f 3334/3334 3351/3351 3388/3388
f 646/646 601/601 595/595
f 595/595 601/601 499/499
f 213/213 146/146 215/215
f 3060/3060 3074/3074 3059/3059
f 2919/2919 2916/2916 2920/2920
f 2916/2916 2923/2923 2921/2921
f 2920/2920 2916/2916 2921/2921
f 2921/2921 2923/2923 2952/2952
f 2921/2921 2952/2952 2951/2951
f 2951/2951 2952/2952 2968/2968
f 2968/2968 2952/2952 2967/2967
f 1154/1154 1151/1151 1158/1158
f 1594/1594 1600/1600 1599/1599
f 1594/1594 1599/1599 1595/1595
f 3707/3707 3708/3708 3832/3832
f 3703/3703 3713/3713 3710/3710
f 3694/3694 3703/3703 3710/3710
f 213/213 215/215 254/254
f 575/575 672/672 657/657
f 5563/5563 5506/5506 5774/5774
f 6040/6040 6042/6042 6041/6041
f 2967/2967 3058/3058 3057/3057
f 2968/2968 2967/2967 3057/3057
f 3085/3085 3086/3086 3075/3075
f 3074/3074 3085/3085 3075/3075
f 3195/3195 3196/3196 3276/3276
f 3276/3276 3196/3196 3330/3330
f 3330/3330 3351/3351 3334/3334
f 503/503 499/499 386/386
f 503/503 386/386 385/385
f 385/385 386/386 317/317
f 317/317 218/218 219/219
f 219/219 218/218 165/165
f 201/201 165/165 164/164
f 1611/1611 1612/1612 1594/1594
f 1594/1594 1595/1595 1596/1596
f 3687/3687 3694/3694 3686/3686
f 3682/3682 3687/3687 3686/3686
f 294/294 353/353 365/365
f 365/365 353/353 477/477
f 477/477 553/553 575/575
f 5967/5967 5959/5959 5928/5928
f 3057/3057 3059/3059 3069/3069
f 3069/3069 3059/3059 3074/3074
f 3086/3086 3116/3116 3159/3159
f 3159/3159 3116/3116 3195/3195
f 3276/3276 3330/3330 3334/3334
f 219/219 165/165 201/201
f 1596/1596 1595/1595 1597/1597
f 58/58 146/146 143/143
f 143/143 146/146 213/213
f 5777/5777 5774/5774 5776/5776
f 2968/2968 3057/3057 3071/3071
f 3071/3071 3057/3057 3069/3069
f 595/595 499/499 503/503
f 1611/1611 1594/1594 1601/1601
f 1601/1601 1594/1594 1596/1596
f 3695/3695 3707/3707 3696/3696
f 72/72 74/74 46/46
f 2920/2920 2921/2921 2922/2922
f 2968/2968 3071/3071 3013/3013
f 3069/3069 3074/3074 3075/3075
f 1160/1160 1154/1154 1161/1161
f 1160/1160 1161/1161 1176/1176
f 288/288 317/317 219/219
f 1601/1601 1596/1596 1598/1598
f 1598/1598 1596/1596 1597/1597
f 1603/1603 1611/1611 1601/1601
f 3689/3689 3695/3695 3696/3696
f 365/365 477/477 468/468
f 478/478 477/477 575/575
f 5785/5785 5784/5784 5786/5786
f 5820/5820 5785/5785 5786/5786
f 2922/2922 2921/2921 2951/2951
f 2969/2969 2968/2968 3013/3013
f 3072/3072 3071/3071 3069/3069
f 1160/1160 1176/1176 1169/1169
f 2931/2931 2919/2919 2920/2920
f 3013/3013 3071/3071 3082/3082
f 3075/3075 3086/3086 3089/3089
f 3089/3089 3086/3086 3159/3159
f 3159/3159 3195/3195 3205/3205
f 3205/3205 3195/3195 3276/3276
f 3276/3276 3334/3334 3333/3333
f 3333/3333 3334/3334 3388/3388
f 1641/1641 1603/1603 1640/1640
f 3670/3670 3685/3685 3681/3681
f 74/74 70/70 46/46
f 56/56 57/57 58/58
f 254/254 215/215 292/292
f 292/292 294/294 365/365
f 478/478 575/575 582/582
f 2922/2922 2951/2951 2949/2949
f 2949/2949 2951/2951 2968/2968
f 2949/2949 2968/2968 2969/2969
f 2931/2931 2920/2920 2924/2924
f 2924/2924 2920/2920 2922/2922
f 2969/2969 3013/3013 3082/3082
f 385/385 317/317 288/288
f 1603/1603 1601/1601 1602/1602
f 1604/1604 1603/1603 1602/1602
f 1602/1602 1601/1601 1598/1598
f 1602/1602 1598/1598 1605/1605
f 2924/2924 2922/2922 2925/2925
f 3069/3069 3075/3075 3076/3076
f 504/504 503/503 385/385
f 220/220 219/219 201/201
f 220/220 201/201 202/202
f 51/51 61/61 57/57
f 144/144 143/143 214/214
f 214/214 143/143 213/213
f 214/214 213/213 254/254
f 2925/2925 2922/2922 2949/2949
f 2970/2970 2949/2949 2969/2969
f 2969/2969 3082/3082 3081/3081
f 2970/2970 2969/2969 3081/3081
f 3072/3072 3069/3069 3076/3076
f 3076/3076 3075/3075 3089/3089
f 1157/1157 1154/1154 1160/1160
f 3205/3205 3276/3276 3269/3269
f 595/595 503/503 504/504
f 504/504 385/385 397/397
f 397/397 385/385 288/288
f 1606/1606 1604/1604 1602/1602
f 202/202 201/201 164/164
f 1636/1636 1640/1640 1604/1604
f 164/164 72/72 45/45
f 70/70 69/69 50/50
f 46/46 70/70 50/50
f 50/50 69/69 61/61
f 51/51 57/57 56/56
f 58/58 143/143 144/144
f 260/260 254/254 292/292
f 6783/6783 6858/6858 6851/6851
f 5889/5889 5780/5780 5776/5776
f 2935/2935 2931/2931 2924/2924
f 3080/3080 3081/3081 3072/3072
f 3080/3080 3072/3072 3078/3078
f 3078/3078 3072/3072 3076/3076
f 3076/3076 3089/3089 3090/3090
f 3159/3159 3205/3205 3182/3182
f 3333/3333 3388/3388 3404/3404
f 587/587 595/595 504/504
f 285/285 288/288 219/219
f 285/285 219/219 220/220
f 1602/1602 1605/1605 1608/1608
f 72/72 46/46 45/45
f 50/50 61/61 51/51
f 56/56 58/58 144/144
f 214/214 254/254 260/260
f 292/292 365/365 356/356
f 356/356 365/365 468/468
f 478/478 582/582 559/559
f 559/559 582/582 657/657
f 2925/2925 2949/2949 2976/2976
f 2976/2976 2949/2949 2970/2970
f 2976/2976 2970/2970 2995/2995
f 2970/2970 3081/3081 3080/3080
f 1170/1170 1157/1157 1169/1169
f 1170/1170 1169/1169 1172/1172
f 3089/3089 3159/3159 3182/3182
f 3182/3182 3205/3205 3269/3269
f 3269/3269 3276/3276 3332/3332
f 3332/3332 3276/3276 3333/3333
f 3332/3332 3333/3333 3404/3404
f 1606/1606 1602/1602 1607/1607
f 1607/1607 1602/1602 1608/1608
f 202/202 164/164 195/195
f 1635/1635 1636/1636 1613/1613
f 195/195 164/164 45/45
f 260/260 292/292 356/356
f 468/468 478/478 559/559
f 559/559 657/657 668/668
f 5887/5887 5907/5907 5885/5885
f 2934/2934 2924/2924 2925/2925
f 2934/2934 2925/2925 2940/2940
f 2940/2940 2925/2925 2976/2976
f 2970/2970 3080/3080 2995/2995
f 3078/3078 3076/3076 3079/3079
f 2995/2995 3080/3080 3140/3140
f 3079/3079 3076/3076 3090/3090
f 3090/3090 3089/3089 3182/3182
f 7744/7744 7746/7746 7747/7747
f 587/587 504/504 458/458
f 504/504 397/397 458/458
f 1607/1607 1608/1608 1609/1609
f 1613/1613 1606/1606 1607/1607
f 211/211 144/144 214/214
f 5917/5917 5992/5992 5916/5916
f 1175/1175 1170/1170 1172/1172
f 7744/7744 7747/7747 7749/7749
f 458/458 397/397 380/380
f 380/380 397/397 288/288
f 380/380 288/288 285/285
f 220/220 202/202 241/241
f 1613/1613 1607/1607 1610/1610
f 1610/1610 1607/1607 1609/1609
f 45/45 46/46 47/47
f 49/49 46/46 50/50
f 51/51 56/56 55/55
f 260/260 356/356 361/361
f 361/361 356/356 440/440
f 356/356 468/468 440/440
f 468/468 559/559 440/440
f 3312/3312 2935/2935 2934/2934
f 3034/3034 2940/2940 3016/3016
f 2940/2940 2976/2976 3016/3016
f 3016/3016 2976/2976 3018/3018
f 3018/3018 2976/2976 2995/2995
f 3018/3018 2995/2995 3162/3162
f 2995/2995 3140/3140 3149/3149
f 3162/3162 2995/2995 3149/3149
f 3140/3140 3078/3078 3148/3148
f 3149/3149 3140/3140 3148/3148
f 3148/3148 3078/3078 3146/3146
f 3146/3146 3078/3078 3079/3079
f 3146/3146 3079/3079 3090/3090
f 3172/3172 3090/3090 3182/3182
f 3172/3172 3182/3182 3233/3233
f 3182/3182 3269/3269 3233/3233
f 3233/3233 3269/3269 3332/3332
f 3425/3425 3332/3332 3404/3404
f 580/580 587/587 458/458
f 458/458 380/380 457/457
f 285/285 220/220 241/241
f 241/241 202/202 195/195
f 1614/1614 1613/1613 1610/1610
f 1614/1614 1610/1610 1633/1633
f 1610/1610 1609/1609 1632/1632
f 1633/1633 1610/1610 1632/1632
f 195/195 45/45 203/203
f 48/48 46/46 49/49
f 3639/3639 3625/3625 3640/3640
f 49/49 50/50 51/51
f 56/56 144/144 145/145
f 3648/3648 3655/3655 3652/3652
f 261/261 214/214 260/260
f 3525/3525 3524/3524 3541/3541
f 440/440 559/559 577/577
f 559/559 668/668 659/659
f 577/577 559/559 659/659
f 5807/5807 5811/5811 5812/5812
f 3312/3312 2934/2934 3036/3036
f 3036/3036 2934/2934 2940/2940
f 3036/3036 2940/2940 3034/3034
f 3146/3146 3090/3090 3147/3147
f 3147/3147 3090/3090 3172/3172
f 3356/3356 3332/3332 3425/3425
f 580/580 458/458 457/457
f 380/380 285/285 286/286
f 286/286 285/285 241/241
f 241/241 195/195 203/203
f 3577/3577 3578/3578 3571/3571
f 203/203 45/45 196/196
f 196/196 45/45 47/47
f 47/47 46/46 48/48
f 56/56 145/145 55/55
f 145/145 144/144 211/211
f 261/261 260/260 344/344
f 344/344 260/260 361/361
f 550/550 440/440 577/577
f 3166/3166 3149/3149 3148/3148
f 3166/3166 3148/3148 3146/3146
f 3447/3447 3312/3312 3036/3036
f 3162/3162 3149/3149 3204/3204
f 3234/3234 3172/3172 3233/3233
f 3233/3233 3332/3332 3314/3314
f 3314/3314 3332/3332 3356/3356
f 457/457 380/380 393/393
f 393/393 380/380 286/286
f 3571/3571 3573/3573 3572/3572
f 3571/3571 3572/3572 3569/3569
f 3572/3572 3574/3574 3570/3570
f 3569/3569 3572/3572 3570/3570
f 211/211 214/214 261/261
f 3523/3523 3532/3532 3524/3524
f 361/361 440/440 450/450
f 450/450 440/440 550/550
f 577/577 659/659 658/658
f 3016/3016 3018/3018 3162/3162
f 3036/3036 3034/3034 3254/3254
f 3254/3254 3034/3034 3016/3016
f 3234/3234 3233/3233 3314/3314
f 580/580 457/457 589/589
f 483/483 457/457 393/393
f 393/393 286/286 378/378
f 283/283 286/286 241/241
f 3576/3576 3577/3577 3571/3571
f 3576/3576 3571/3571 3568/3568
f 3568/3568 3571/3571 3569/3569
f 3568/3568 3569/3569 3561/3561
f 3569/3569 3570/3570 3562/3562
f 3561/3561 3569/3569 3562/3562
f 48/48 49/49 53/53
f 53/53 49/49 52/52
f 49/49 51/51 52/52
f 52/52 51/51 55/55
f 3533/3533 3543/3543 3534/3534
f 3535/3535 3536/3536 3532/3532
f 3534/3534 3535/3535 3531/3531
f 3533/3533 3534/3534 3531/3531
f 3531/3531 3535/3535 3532/3532
f 261/261 344/344 337/337
f 337/337 344/344 354/354
f 344/344 361/361 354/354
f 354/354 361/361 450/450
f 5810/5810 5809/5809 5808/5808
f 3254/3254 3016/3016 3253/3253
f 3253/3253 3016/3016 3243/3243
f 3016/3016 3162/3162 3243/3243
f 3243/3243 3162/3162 3248/3248
f 3162/3162 3204/3204 3250/3250
f 3248/3248 3162/3162 3250/3250
f 3250/3250 3204/3204 3166/3166
f 3166/3166 3146/3146 3242/3242
f 3242/3242 3146/3146 3147/3147
f 3242/3242 3147/3147 3235/3235
f 3235/3235 3147/3147 3172/3172
f 7988/7988 7750/7750 7784/7784
f 3234/3234 3314/3314 3302/3302
f 7836/7836 7750/7750 7988/7988
f 3302/3302 3314/3314 3370/3370
f 3371/3371 3314/3314 3356/3356
f 3370/3370 3314/3314 3371/3371
f 3371/3371 3356/3356 3425/3425
f 679/679 580/580 589/589
f 483/483 393/393 378/378
f 286/286 283/283 378/378
f 241/241 203/203 247/247
f 203/203 196/196 247/247
f 3575/3575 3576/3576 3568/3568
f 216/216 196/196 47/47
f 54/54 48/48 53/53
f 198/198 52/52 55/55
f 198/198 55/55 199/199
f 199/199 55/55 145/145
f 199/199 145/145 231/231
f 231/231 145/145 263/263
f 145/145 211/211 263/263
f 263/263 211/211 261/261
f 3543/3543 3539/3539 3534/3534
f 3539/3539 3537/3537 3535/3535
f 3534/3534 3539/3539 3535/3535
f 3537/3537 3538/3538 3536/3536
f 3535/3535 3537/3537 3536/3536
f 263/263 261/261 337/337
f 354/354 450/450 465/465
f 465/465 450/450 550/550
f 5918/5918 5924/5924 5913/5913
f 5848/5848 5804/5804 5801/5801
f 3250/3250 3166/3166 3242/3242
f 3448/3448 3447/3447 3036/3036
f 3448/3448 3036/3036 3313/3313
f 3313/3313 3036/3036 3254/3254
f 3235/3235 3172/3172 3234/3234
f 3235/3235 3234/3234 3302/3302
f 589/589 457/457 483/483
f 383/383 378/378 283/283
f 283/283 241/241 247/247
f 3575/3575 3568/3568 3565/3565
f 3565/3565 3568/3568 3561/3561
f 3565/3565 3561/3561 3564/3564
f 3561/3561 3562/3562 3563/3563
f 3564/3564 3561/3561 3563/3563
f 3575/3575 3565/3565 3588/3588
f 247/247 196/196 216/216
f 216/216 47/47 205/205
f 205/205 47/47 48/48
f 205/205 48/48 54/54
f 197/197 53/53 52/52
f 197/197 52/52 198/198
f 3543/3543 3549/3549 3544/3544
f 3543/3543 3544/3544 3539/3539
f 3539/3539 3544/3544 3542/3542
f 3539/3539 3542/3542 3537/3537
f 3542/3542 3617/3617 3538/3538
f 3537/3537 3542/3542 3538/3538
f 337/337 354/354 370/370
f 465/465 550/550 568/568
f 568/568 550/550 635/635
f 5815/5815 5810/5810 5814/5814
f 3313/3313 3254/3254 3279/3279
f 3279/3279 3254/3254 3253/3253
f 3279/3279 3253/3253 3243/3243
f 3243/3243 3248/3248 3289/3289
f 3248/3248 3250/3250 3299/3299
f 3289/3289 3248/3248 3299/3299
f 3299/3299 3250/3250 3286/3286
f 3286/3286 3250/3250 3242/3242
f 3242/3242 3235/3235 3290/3290
f 3286/3286 3242/3242 3290/3290
f 7836/7836 7988/7988 7755/7755
f 3458/3458 3448/3448 3313/3313
f 3290/3290 3235/3235 3302/3302
f 3290/3290 3302/3302 3353/3353
f 3353/3353 3302/3302 3370/3370
f 3415/3415 3370/3370 3371/3371
f 3415/3415 3371/3371 3433/3433
f 678/678 679/679 589/589
f 589/589 483/483 492/492
f 483/483 378/378 492/492
f 383/383 283/283 284/284
f 284/284 283/283 247/247
f 3579/3579 3565/3565 3564/3564
f 3579/3579 3564/3564 3566/3566
f 3580/3580 3579/3579 3566/3566
f 3566/3566 3564/3564 3563/3563
f 3566/3566 3563/3563 3567/3567
f 3588/3588 3579/3579 3587/3587
f 3566/3566 3567/3567 3585/3585
f 199/199 231/231 233/233
f 3549/3549 3551/3551 3550/3550
f 3550/3550 3613/3613 3615/3615
f 3613/3613 3612/3612 3614/3614
f 3615/3615 3613/3613 3614/3614
f 3549/3549 3550/3550 3544/3544
f 3544/3544 3550/3550 3615/3615
f 3615/3615 3614/3614 3616/3616
f 3616/3616 3614/3614 3617/3617
f 3544/3544 3615/3615 3542/3542
f 3542/3542 3615/3615 3616/3616
f 362/362 263/263 337/337
f 362/362 337/337 370/370
f 370/370 354/354 462/462
f 354/354 465/465 462/462
f 462/462 465/465 568/568
f 5013/5013 5017/5017 5016/5016
f 5803/5803 5817/5817 5802/5802
f 3289/3289 3279/3279 3243/3243
f 3458/3458 3313/3313 3449/3449
f 3449/3449 3313/3313 3426/3426
f 3426/3426 3313/3313 3279/3279
f 3426/3426 3279/3279 3391/3391
f 3289/3289 3299/3299 3411/3411
f 3405/3405 3289/3289 3411/3411
f 3411/3411 3299/3299 3394/3394
f 3383/3383 3290/3290 3353/3353
f 3353/3353 3370/3370 3415/3415
f 678/678 589/589 605/605
f 605/605 589/589 492/492
f 491/491 492/492 378/378
f 491/491 378/378 383/383
f 383/383 284/284 398/398
f 284/284 247/247 289/289
f 289/289 247/247 216/216
f 3580/3580 3566/3566 3581/3581
f 3582/3582 3580/3580 3581/3581
f 3581/3581 3566/3566 3585/3585
f 3581/3581 3585/3585 3586/3586
f 3589/3589 3587/3587 3582/3582
f 3589/3589 3582/3582 3584/3584
f 3582/3582 3581/3581 3583/3583
f 3584/3584 3582/3582 3583/3583
f 3583/3583 3581/3581 3586/3586
f 3589/3589 3584/3584 3590/3590
f 3591/3591 3589/3589 3590/3590
f 3697/3697 3591/3591 3593/3593
f 54/54 53/53 197/197
f 3698/3698 3595/3595 3597/3597
f 3704/3704 3698/3698 3597/3597
f 232/232 198/198 199/199
f 232/232 199/199 233/233
f 3704/3704 3597/3597 3553/3553
f 3553/3553 3603/3603 3610/3610
f 3603/3603 3608/3608 3609/3609
f 3610/3610 3603/3603 3609/3609
f 3551/3551 3704/3704 3553/3553
f 3551/3551 3553/3553 3552/3552
f 3552/3552 3553/3553 3610/3610
f 3610/3610 3609/3609 3612/3612
f 3612/3612 3609/3609 3614/3614
f 3552/3552 3610/3610 3613/3613
f 3550/3550 3552/3552 3613/3613
f 3613/3613 3610/3610 3612/3612
f 287/287 231/231 263/263
f 650/650 568/568 635/635
f 5012/5012 5013/5013 5014/5014
f 3391/3391 3279/3279 3289/3289
f 3394/3394 3299/3299 3286/3286
f 3394/3394 3286/3286 3393/3393
f 3393/3393 3286/3286 3380/3380
f 3286/3286 3290/3290 3380/3380
f 3380/3380 3290/3290 3383/3383
f 3405/3405 3411/3411 3406/3406
f 3353/3353 3415/3415 3429/3429
f 3415/3415 3433/3433 3429/3429
f 678/678 605/605 690/690
f 605/605 492/492 491/491
f 491/491 383/383 398/398
f 3584/3584 3583/3583 3602/3602
f 3583/3583 3586/3586 3611/3611
f 3602/3602 3583/3583 3611/3611
f 3590/3590 3584/3584 3602/3602
f 205/205 54/54 238/238
f 3590/3590 3602/3602 3601/3601
f 3592/3592 3590/3590 3601/3601
f 3601/3601 3602/3602 3611/3611
f 3601/3601 3611/3611 3605/3605
f 3593/3593 3592/3592 3594/3594
f 3594/3594 3592/3592 3601/3601
f 238/238 54/54 237/237
f 3594/3594 3601/3601 3598/3598
f 3598/3598 3601/3601 3605/3605
f 54/54 197/197 237/237
f 3595/3595 3593/3593 3594/3594
f 3598/3598 3605/3605 3606/3606
f 197/197 198/198 237/237
f 3595/3595 3594/3594 3596/3596
f 3596/3596 3594/3594 3598/3598
f 3596/3596 3598/3598 3599/3599
f 3599/3599 3598/3598 3606/3606
f 3596/3596 3599/3599 3600/3600
f 3599/3599 3606/3606 3607/3607
f 3600/3600 3599/3599 3607/3607
f 3597/3597 3596/3596 3600/3600
f 3597/3597 3600/3600 3603/3603
f 3604/3604 3597/3597 3603/3603
f 3603/3603 3600/3600 3607/3607
f 3603/3603 3607/3607 3608/3608
f 233/233 231/231 287/287
f 287/287 263/263 363/363
f 263/263 362/362 363/363
f 362/362 370/370 462/462
f 462/462 568/568 581/581
f 581/581 568/568 650/650
f 650/650 635/635 696/696
f 5015/5015 5012/5012 5014/5014
f 3391/3391 3289/3289 3392/3392
f 3392/3392 3289/3289 3405/3405
f 3392/3392 3405/3405 3406/3406
f 7754/7754 7751/7751 7755/7755
f 3406/3406 3411/3411 3455/3455
f 3406/3406 3455/3455 3451/3451
f 3383/3383 3353/3353 3429/3429
f 7753/7753 7751/7751 7754/7754
f 3429/3429 3433/3433 3461/3461
f 3461/3461 3433/3433 3462/3462
f 629/629 690/690 605/605
f 629/629 605/605 491/491
f 408/408 398/398 284/284
f 408/408 284/284 289/289
f 306/306 289/289 216/216
f 275/275 216/216 205/205
f 275/275 205/205 238/238
f 237/237 198/198 239/239
f 239/239 198/198 232/232
f 232/232 233/233 287/287
f 363/363 362/362 476/476
f 362/362 462/462 476/476
f 476/476 462/462 581/581
f 6296/6296 6404/6404 6405/6405
f 6230/6230 6231/6231 6232/6232
f 5015/5015 5045/5045 5022/5022
f 4696/4696 4697/4697 4695/4695
f 4693/4693 4696/4696 4695/4695
f 5026/5026 5025/5025 5024/5024
f 5024/5024 5025/5025 5023/5023
f 5023/5023 5020/5020 5014/5014
f 5020/5020 5015/5015 5014/5014
f 5861/5861 5946/5946 5863/5863
f 3469/3469 3449/3449 3453/3453
f 3453/3453 3449/3449 3426/3426
f 3453/3453 3426/3426 3445/3445
f 3426/3426 3391/3391 3445/3445
f 3445/3445 3391/3391 3443/3443
f 3443/3443 3391/3391 3392/3392
f 3392/3392 3406/3406 3451/3451
f 3392/3392 3451/3451 3450/3450
f 3438/3438 3455/3455 3394/3394
f 3394/3394 3393/3393 3437/3437
f 3438/3438 3394/3394 3437/3437
f 3393/3393 3380/3380 3436/3436
f 3437/3437 3393/3393 3436/3436
f 3380/3380 3383/3383 3432/3432
f 3436/3436 3380/3380 3432/3432
f 3459/3459 3451/3451 3455/3455
f 6362/6362 6361/6361 6360/6360
f 3450/3450 3451/3451 3477/3477
f 3432/3432 3383/3383 3429/3429
f 691/691 690/690 629/629
f 629/629 491/491 630/630
f 630/630 491/491 516/516
f 516/516 491/491 398/398
f 516/516 398/398 408/408
f 408/408 289/289 409/409
f 409/409 289/289 306/306
f 306/306 216/216 275/275
f 275/275 238/238 270/270
f 270/270 238/238 237/237
f 239/239 232/232 299/299
f 299/299 232/232 287/287
f 287/287 363/363 399/399
f 501/501 363/363 476/476
f 581/581 650/650 676/676
f 6295/6295 6404/6404 6296/6296
f 6406/6406 6296/6296 6405/6405
f 6488/6488 6477/6477 6486/6486
f 4690/4690 4694/4694 4693/4693
f 4690/4690 4693/4693 4691/4691
f 3443/3443 3392/3392 3450/3450
f 6359/6359 6361/6361 6363/6363
f 3450/3450 3477/3477 3467/3467
f 6431/6431 6430/6430 6428/6428
f 6428/6428 6430/6430 6429/6429
f 7753/7753 7754/7754 7758/7758
f 6429/6429 6457/6457 6433/6433
f 691/691 629/629 630/630
f 313/313 306/306 275/275
f 275/275 270/270 312/312
f 313/313 275/275 312/312
f 326/326 239/239 299/299
f 299/299 287/287 399/399
f 399/399 363/363 501/501
f 501/501 476/476 606/606
f 476/476 581/581 606/606
f 7819/7819 7701/7701 7869/7869
f 606/606 581/581 676/676
f 6295/6295 6296/6296 6292/6292
f 7875/7875 7873/7873 7877/7877
f 6476/6476 6474/6474 6475/6475
f 4688/4688 4692/4692 4690/4690
f 4688/4688 4690/4690 4689/4689
f 6450/6450 6296/6296 6406/6406
f 5864/5864 5866/5866 5865/5865
f 5023/5023 5030/5030 5021/5021
f 5869/5869 5867/5867 5864/5864
f 6359/6359 6363/6363 6364/6364
f 7935/7935 7754/7754 7936/7936
f 3445/3445 3443/3443 3465/3465
f 3443/3443 3450/3450 3463/3463
f 3463/3463 3450/3450 3467/3467
f 3463/3463 3467/3467 3466/3466
f 6356/6356 6358/6358 6359/6359
f 6431/6431 6428/6428 6432/6432
f 7758/7758 7754/7754 7935/7935
f 4724/4724 4727/4727 4725/4725
f 6428/6428 6429/6429 6421/6421
f 6421/6421 6429/6429 6433/6433
f 685/685 691/691 630/630
f 630/630 516/516 524/524
f 630/630 524/524 654/654
f 524/524 516/516 408/408
f 524/524 408/408 409/409
f 409/409 306/306 429/429
f 429/429 306/306 313/313
f 270/270 237/237 325/325
f 312/312 270/270 325/325
f 237/237 239/239 325/325
f 325/325 239/239 326/326
f 299/299 399/399 413/413
f 502/502 399/399 501/501
f 612/612 501/501 606/606
f 687/687 606/606 676/676
f 6290/6290 6293/6293 6292/6292
f 6293/6293 6295/6295 6292/6292
f 4686/4686 4688/4688 4685/4685
f 4683/4683 4686/4686 4685/4685
f 6450/6450 6291/6291 6296/6296
f 6296/6296 6291/6291 6292/6292
f 6473/6473 6472/6472 6471/6471
f 5034/5034 5033/5033 5029/5029
f 5029/5029 5033/5033 5030/5030
f 6471/6471 6469/6469 6478/6478
f 6426/6426 6381/6381 6425/6425
f 6425/6425 6377/6377 6450/6450
f 5030/5030 5032/5032 5031/5031
f 6469/6469 6381/6381 6426/6426
f 6478/6478 6469/6469 6426/6426
f 3453/3453 3445/3445 3465/3465
f 3471/3471 3453/3453 3465/3465
f 3465/3465 3443/3443 3464/3464
f 3464/3464 3443/3443 3463/3463
f 3464/3464 3463/3463 3466/3466
f 6356/6356 6359/6359 6364/6364
f 6356/6356 6364/6364 6454/6454
f 6551/6551 6552/6552 6553/6553
f 6454/6454 6453/6453 6432/6432
f 6432/6432 6453/6453 6431/6431
f 8066/8066 8065/8065 8068/8068
f 8069/8069 8066/8066 8068/8068
f 3468/3468 3464/3464 3466/3466
f 4723/4723 4724/4724 4725/4725
f 6432/6432 6428/6428 6422/6422
f 4723/4723 4725/4725 4726/4726
f 6422/6422 6428/6428 6421/6421
f 6422/6422 6421/6421 6419/6419
f 6421/6421 6433/6433 6423/6423
f 654/654 685/685 630/630
f 524/524 409/409 520/520
f 520/520 409/409 429/429
f 429/429 313/313 430/430
f 430/430 313/313 312/312
f 312/312 325/325 419/419
f 326/326 299/299 418/418
f 418/418 299/299 413/413
f 413/413 399/399 507/507
f 507/507 399/399 502/502
f 502/502 501/501 612/612
f 687/687 612/612 606/606
f 6544/6544 6547/6547 6546/6546
f 6290/6290 6292/6292 6291/6291
f 6485/6485 6397/6397 6484/6484
f 4682/4682 4683/4683 4684/4684
f 4687/4687 4682/4682 4684/4684
f 6291/6291 6450/6450 6294/6294
f 5046/5046 5041/5041 5034/5034
f 4684/4684 4683/4683 4685/4685
f 6470/6470 6484/6484 6409/6409
f 6377/6377 6294/6294 6450/6450
f 5036/5036 5037/5037 5032/5032
f 5032/5032 5037/5037 5072/5072
f 6470/6470 6409/6409 6469/6469
f 6469/6469 6409/6409 6381/6381
f 5030/5030 5033/5033 5036/5036
f 5030/5030 5036/5036 5032/5032
f 3474/3474 3471/3471 3472/3472
f 3471/3471 3465/3465 3472/3472
f 3472/3472 3465/3465 3470/3470
f 3470/3470 3465/3465 3464/3464
f 3470/3470 3464/3464 3473/3473
f 3464/3464 3468/3468 3473/3473
f 6356/6356 6454/6454 6365/6365
f 6354/6354 6356/6356 6365/6365
f 6519/6519 6520/6520 6518/6518
f 8069/8069 8068/8068 8070/8070
f 4728/4728 4723/4723 4726/4726
f 3473/3473 3468/3468 3475/3475
f 4729/4729 4728/4728 4726/4726
f 7925/7925 7959/7959 7660/7660
f 4728/4728 4729/4729 4730/4730
f 6419/6419 6421/6421 6414/6414
f 6414/6414 6421/6421 6423/6423
f 6423/6423 6411/6411 6412/6412
f 654/654 524/524 520/520
f 654/654 520/520 653/653
f 520/520 429/429 511/511
f 511/511 429/429 430/430
f 430/430 312/312 449/449
f 449/449 312/312 419/419
f 419/419 325/325 421/421
f 325/325 326/326 421/421
f 421/421 326/326 418/418
f 418/418 413/413 512/512
f 512/512 413/413 507/507
f 507/507 502/502 624/624
f 624/624 502/502 612/612
f 7699/7699 7697/7697 7703/7703
f 6545/6545 6544/6544 6546/6546
f 7945/7945 7820/7820 8019/8019
f 4701/4701 4700/4700 4699/4699
f 6289/6289 6290/6290 6291/6291
f 6396/6396 6395/6395 6387/6387
f 4700/4700 4687/4687 4699/4699
f 6294/6294 6289/6289 6291/6291
f 7957/7957 8019/8019 7990/7990
f 4698/4698 4687/4687 4684/4684
f 6409/6409 6387/6387 6380/6380
f 6377/6377 6376/6376 6294/6294
f 5033/5033 5039/5039 5038/5038
f 5033/5033 5038/5038 5036/5036
f 5036/5036 5040/5040 5037/5037
f 6380/6380 6378/6378 6381/6381
f 6409/6409 6380/6380 6381/6381
f 6378/6378 6376/6376 6377/6377
f 6381/6381 6378/6378 6377/6377
f 3473/3473 3475/3475 3476/3476
f 6350/6350 6354/6354 6365/6365
f 6519/6519 6518/6518 6516/6516
f 7676/7676 7959/7959 7923/7923
f 4731/4731 4728/4728 4730/4730
f 6352/6352 6350/6350 6351/6351
f 6516/6516 6518/6518 6517/6517
f 6468/6468 6432/6432 6422/6422
f 6468/6468 6422/6422 6415/6415
f 6415/6415 6422/6422 6419/6419
f 4731/4731 4730/4730 4732/4732
f 4731/4731 4732/4732 4733/4733
f 6353/6353 6352/6352 6351/6351
f 4733/4733 4732/4732 4734/4734
f 6465/6465 6371/6371 6427/6427
f 6415/6415 6419/6419 6414/6414
f 6415/6415 6414/6414 6413/6413
f 6412/6412 6414/6414 6423/6423
f 6412/6412 6411/6411 6322/6322
f 6322/6322 6411/6411 6410/6410
f 653/653 520/520 628/628
f 628/628 520/520 511/511
f 511/511 430/430 449/449
f 513/513 421/421 418/418
f 514/514 421/421 513/513
f 513/513 418/418 512/512
f 513/513 512/512 625/625
f 512/512 507/507 624/624
f 625/625 512/512 624/624
f 6282/6282 6279/6279 6407/6407
f 6543/6543 6544/6544 6545/6545
f 6288/6288 6402/6402 6290/6290
f 6288/6288 6290/6290 6289/6289
f 8019/8019 7820/7820 7946/7946
f 4702/4702 4703/4703 4701/4701
f 5067/5067 5063/5063 5043/5043
f 6483/6483 6388/6388 6398/6398
f 6288/6288 6289/6289 6287/6287
f 8019/8019 7946/7946 8016/8016
f 4702/4702 4701/4701 4699/4699
f 5043/5043 5063/5063 5055/5055
f 6386/6386 6398/6398 6383/6383
f 6386/6386 6383/6383 6380/6380
f 6287/6287 6289/6289 6294/6294
f 8088/8088 8089/8089 8090/8090
f 5041/5041 5047/5047 5039/5039
f 5039/5039 5047/5047 5042/5042
f 5038/5038 5043/5043 5040/5040
f 5040/5040 5043/5043 5055/5055
f 6380/6380 6379/6379 6378/6378
f 6379/6379 6400/6400 6376/6376
f 6378/6378 6379/6379 6376/6376
f 6400/6400 6287/6287 6376/6376
f 5039/5039 5042/5042 5038/5038
f 3472/3472 3470/3470 3479/3479
f 3481/3481 3472/3472 3479/3479
f 3470/3470 3473/3473 3478/3478
f 3479/3479 3470/3470 3478/3478
f 3478/3478 3473/3473 3476/3476
f 6348/6348 6350/6350 6365/6365
f 7676/7676 7923/7923 7664/7664
f 3474/3474 3472/3472 3481/3481
f 3484/3484 3474/3474 3481/3481
f 3478/3478 3476/3476 3480/3480
f 6351/6351 6350/6350 6349/6349
f 6349/6349 6350/6350 6348/6348
f 6348/6348 6365/6365 6466/6466
f 6516/6516 6517/6517 6515/6515
f 6420/6420 6468/6468 6415/6415
f 4733/4733 4734/4734 4735/4735
f 6427/6427 6351/6351 6366/6366
f 6420/6420 6415/6415 6416/6416
f 6465/6465 6427/6427 6458/6458
f 4735/4735 4734/4734 4736/4736
f 4735/4735 4736/4736 4737/4737
f 4737/4737 4736/4736 4738/4738
f 6460/6460 6458/6458 6459/6459
f 6413/6413 6414/6414 6412/6412
f 6413/6413 6412/6412 6322/6322
f 6322/6322 6410/6410 6321/6321
f 7678/7678 7655/7655 7679/7679
f 6322/6322 6321/6321 6318/6318
f 628/628 511/511 626/626
f 534/534 511/511 449/449
f 534/534 449/449 419/419
f 534/534 419/419 531/531
f 419/419 421/421 530/530
f 531/531 419/419 530/530
f 530/530 421/421 514/514
f 514/514 513/513 617/617
f 513/513 625/625 617/617
f 7703/7703 7693/7693 7694/7694
f 6275/6275 6278/6278 6277/6277
f 6278/6278 6279/6279 6277/6277
f 6277/6277 6279/6279 6282/6282
f 7810/7810 7812/7812 7853/7853
f 4707/4707 4705/4705 4706/4706
f 7810/7810 7853/7853 7946/7946
f 4704/4704 4705/4705 4703/4703
f 4705/4705 4704/4704 4706/4706
f 6388/6388 6390/6390 6389/6389
f 5061/5061 5067/5067 5048/5048
f 6388/6388 6389/6389 6384/6384
f 6287/6287 6283/6283 6288/6288
f 6283/6283 6402/6402 6288/6288
f 6383/6383 6384/6384 6382/6382
f 7946/7946 8015/8015 8016/8016
f 5047/5047 5051/5051 5050/5050
f 5047/5047 5050/5050 5042/5042
f 5042/5042 5050/5050 5044/5044
f 5048/5048 5067/5067 5043/5043
f 6382/6382 6385/6385 6379/6379
f 6385/6385 6400/6400 6379/6379
f 5044/5044 5048/5048 5043/5043
f 6380/6380 6383/6383 6382/6382
f 6380/6380 6382/6382 6379/6379
f 7661/7661 7676/7676 7664/7664
f 3481/3481 3479/3479 3483/3483
f 3479/3479 3478/3478 3482/3482
f 3483/3483 3479/3479 3482/3482
f 3482/3482 3478/3478 3480/3480
f 3484/3484 3481/3481 3488/3488
f 3482/3482 3480/3480 3485/3485
f 6347/6347 6349/6349 6348/6348
f 6348/6348 6466/6466 6370/6370
f 6513/6513 6516/6516 6515/6515
f 6347/6347 6348/6348 6346/6346
f 6346/6346 6348/6348 6370/6370
f 7662/7662 7661/7661 7663/7663
f 6366/6366 6347/6347 6479/6479
f 6459/6459 6366/6366 6479/6479
f 6420/6420 6416/6416 6418/6418
f 6416/6416 6415/6415 6413/6413
f 7658/7658 7661/7661 7662/7662
f 7736/7736 7658/7658 7662/7662
f 6461/6461 6460/6460 6459/6459
f 4737/4737 4738/4738 4739/4739
f 6416/6416 6413/6413 6417/6417
f 7736/7736 7662/7662 7665/7665
f 4737/4737 4739/4739 4740/4740
f 6560/6560 6559/6559 6558/6558
f 6467/6467 6413/6413 6322/6322
f 6417/6417 6413/6413 6467/6467
f 6318/6318 6321/6321 6320/6320
f 6318/6318 6320/6320 6319/6319
f 626/626 511/511 534/534
f 626/626 534/534 627/627
f 623/623 534/534 531/531
f 623/623 531/531 633/633
f 531/531 530/530 633/633
f 633/633 530/530 632/632
f 530/530 514/514 632/632
f 632/632 514/514 631/631
f 631/631 514/514 617/617
f 6452/6452 6280/6280 6273/6273
f 6273/6273 6280/6280 6275/6275
f 6280/6280 6278/6278 6275/6275
f 6276/6276 6275/6275 6277/6277
f 4708/4708 4707/4707 4709/4709
f 4710/4710 4708/4708 4709/4709
f 6283/6283 6276/6276 6402/6402
f 6276/6276 6277/6277 6282/6282
f 6402/6402 6276/6276 6282/6282
f 4707/4707 4708/4708 4705/4705
f 6390/6390 6392/6392 6391/6391
f 6390/6390 6391/6391 6389/6389
f 4709/4709 4707/4707 4706/4706
f 5060/5060 5061/5061 5054/5054
f 6297/6297 6286/6286 6287/6287
f 6287/6287 6286/6286 6283/6283
f 6384/6384 6389/6389 6394/6394
f 6394/6394 6434/6434 6385/6385
f 6521/6521 6522/6522 6523/6523
f 8015/8015 7946/7946 7844/7844
f 5051/5051 5052/5052 5050/5050
f 5049/5049 5061/5061 5048/5048
f 6384/6384 6394/6394 6382/6382
f 6382/6382 6394/6394 6385/6385
f 6523/6523 6522/6522 6524/6524
f 6400/6400 6297/6297 6287/6287
f 5044/5044 5050/5050 5049/5049
f 3488/3488 3481/3481 3487/3487
f 3487/3487 3481/3481 3483/3483
f 3483/3483 3482/3482 3485/3485
f 3486/3486 3483/3483 3485/3485
f 7661/7661 7664/7664 7663/7663
f 7663/7663 7664/7664 7675/7675
f 3487/3487 3483/3483 3486/3486
f 4772/4772 4735/4735 4737/4737
f 4742/4742 4772/4772 4737/4737
f 6344/6344 6347/6347 6346/6346
f 6344/6344 6346/6346 6343/6343
f 6343/6343 6346/6346 6370/6370
f 6513/6513 6515/6515 6514/6514
f 6401/6401 6479/6479 6344/6344
f 7665/7665 7662/7662 7663/7663
f 4737/4737 4740/4740 4741/4741
f 4742/4742 4737/4737 4741/4741
f 6401/6401 6344/6344 6345/6345
f 6418/6418 6416/6416 6417/6417
f 7736/7736 7665/7665 7673/7673
f 6463/6463 6464/6464 6401/6401
f 4741/4741 4740/4740 4743/4743
f 4741/4741 4743/4743 4744/4744
f 6456/6456 6463/6463 6424/6424
f 6317/6317 6467/6467 6322/6322
f 6317/6317 6322/6322 6318/6318
f 6319/6319 6320/6320 6323/6323
f 6323/6323 6320/6320 6408/6408
f 6539/6539 6542/6542 6541/6541
f 6539/6539 6541/6541 6540/6540
f 623/623 627/627 534/534
f 6333/6333 6399/6399 6334/6334
f 6331/6331 6332/6332 6329/6329
f 6329/6329 6332/6332 6452/6452
f 6548/6548 6549/6549 6550/6550
f 6274/6274 6273/6273 6275/6275
f 6274/6274 6275/6275 6276/6276
f 7924/7924 7791/7791 7840/7840
f 4713/4713 4710/4710 4712/4712
f 4710/4710 4713/4713 4718/4718
f 6529/6529 6532/6532 6530/6530
f 6480/6480 6281/6281 6285/6285
f 7843/7843 7840/7840 7842/7842
f 4712/4712 4710/4710 4711/4711
f 6529/6529 6530/6530 6531/6531
f 6285/6285 6281/6281 6283/6283
f 6283/6283 6281/6281 6276/6276
f 4711/4711 4710/4710 4709/4709
f 6286/6286 6285/6285 6283/6283
f 5053/5053 5058/5058 5060/5060
f 6511/6511 6509/6509 6510/6510
f 6394/6394 6482/6482 6434/6434
f 6434/6434 6285/6285 6297/6297
f 6297/6297 6285/6285 6286/6286
f 5053/5053 5060/5060 5054/5054
f 5051/5051 5056/5056 5052/5052
f 5052/5052 5053/5053 5049/5049
f 5049/5049 5053/5053 5054/5054
f 7666/7666 7663/7663 7675/7675
f 3488/3488 3487/3487 3491/3491
f 5209/5209 5215/5215 5210/5210
f 3487/3487 3486/3486 3489/3489
f 3490/3490 3487/3487 3489/3489
f 4773/4773 4772/4772 4742/4742
f 6340/6340 6343/6343 6370/6370
f 7665/7665 7663/7663 7666/7666
f 7666/7666 7675/7675 7670/7670
f 4773/4773 4742/4742 4770/4770
f 4770/4770 4742/4742 4741/4741
f 6345/6345 6344/6344 6342/6342
f 6342/6342 6344/6344 6343/6343
f 6342/6342 6343/6343 6340/6340
f 6340/6340 6370/6370 6455/6455
f 6512/6512 6513/6513 6514/6514
f 6455/6455 6418/6418 6417/6417
f 4745/4745 4770/4770 4741/4741
f 6369/6369 6345/6345 6342/6342
f 7665/7665 7666/7666 7667/7667
f 4770/4770 4745/4745 4769/4769
f 6369/6369 6342/6342 6367/6367
f 4741/4741 4744/4744 4745/4745
f 6424/6424 6369/6369 6367/6367
f 6525/6525 6526/6526 6527/6527
f 6527/6527 6526/6526 6528/6528
f 7673/7673 7667/7667 7674/7674
f 4745/4745 4744/4744 4746/4746
f 6325/6325 6467/6467 6317/6317
f 7905/7905 7673/7673 7674/7674
f 6456/6456 6424/6424 6372/6372
f 4746/4746 4744/4744 4747/4747
f 4746/4746 4747/4747 4748/4748
f 6373/6373 6372/6372 6368/6368
f 6325/6325 6317/6317 6314/6314
f 6316/6316 6317/6317 6318/6318
f 6316/6316 6318/6318 6319/6319
f 6316/6316 6319/6319 6323/6323
f 6333/6333 6334/6334 6330/6330
f 6330/6330 6334/6334 6331/6331
f 6329/6329 6330/6330 6331/6331
f 6270/6270 6452/6452 6273/6273
f 6272/6272 6270/6270 6273/6273
f 7791/7791 7792/7792 7838/7838
f 4716/4716 4715/4715 4714/4714
f 6284/6284 6272/6272 6274/6274
f 6274/6274 6272/6272 6273/6273
f 6444/6444 6445/6445 6442/6442
f 4715/4715 4713/4713 4714/4714
f 6442/6442 6438/6438 6439/6439
f 7840/7840 7791/7791 7839/7839
f 6480/6480 6284/6284 6281/6281
f 6281/6281 6284/6284 6274/6274
f 7840/7840 7839/7839 7842/7842
f 4714/4714 4713/4713 4712/4712
f 5071/5071 5066/5066 5065/5065
f 5059/5059 5065/5065 5066/5066
f 6462/6462 6439/6439 6440/6440
f 6462/6462 6440/6440 6441/6441
f 6506/6506 6507/6507 6508/6508
f 6434/6434 6480/6480 6285/6285
f 7844/7844 7842/7842 7845/7845
f 5073/5073 5064/5064 5052/5052
f 5052/5052 5064/5064 5057/5057
f 5057/5057 5062/5062 5059/5059
f 5059/5059 5066/5066 5058/5058
f 6510/6510 6509/6509 6508/6508
f 6509/6509 6506/6506 6508/6508
f 5056/5056 5073/5073 5052/5052
f 5057/5057 5059/5059 5058/5058
f 5052/5052 5057/5057 5053/5053
f 5053/5053 5057/5057 5058/5058
f 7668/7668 7666/7666 7670/7670
f 4773/4773 4770/4770 4769/4769
f 6367/6367 6342/6342 6341/6341
f 6341/6341 6342/6342 6340/6340
f 6341/6341 6340/6340 6326/6326
f 7667/7667 7666/7666 7668/7668
f 5209/5209 5210/5210 5211/5211
f 4774/4774 4776/4776 4773/4773
f 6326/6326 6340/6340 6311/6311
f 6311/6311 6340/6340 6455/6455
f 7668/7668 7670/7670 7671/7671
f 5212/5212 5209/5209 5211/5211
f 4774/4774 4773/4773 4769/4769
f 4769/4769 4745/4745 4746/4746
f 6311/6311 6455/6455 6325/6325
f 6368/6368 6367/6367 6341/6341
f 6491/6491 6494/6494 6493/6493
f 6311/6311 6325/6325 6312/6312
f 7669/7669 7667/7667 7668/7668
f 4749/4749 4769/4769 4746/4746
f 4749/4749 4746/4746 4748/4748
f 4769/4769 4749/4749 4771/4771
f 6495/6495 6494/6494 6491/6491
f 6312/6312 6325/6325 6314/6314
f 7674/7674 7667/7667 7669/7669
f 7905/7905 7674/7674 7669/7669
f 6373/6373 6368/6368 6374/6374
f 6375/6375 6373/6373 6374/6374
f 4748/4748 4750/4750 4749/4749
f 6495/6495 6491/6491 6490/6490
f 4420/4420 4422/4422 4419/4419
f 6310/6310 6311/6311 6312/6312
f 4749/4749 4750/4750 4751/4751
f 6314/6314 6317/6317 6316/6316
f 7717/7717 7905/7905 7720/7720
f 6313/6313 6312/6312 6314/6314
f 6313/6313 6314/6314 6315/6315
f 6561/6561 6562/6562 6563/6563
f 4751/4751 4750/4750 4752/4752
f 4751/4751 4752/4752 4753/4753
f 6315/6315 6314/6314 6316/6316
f 7717/7717 7720/7720 7719/7719
f 6315/6315 6316/6316 6323/6323
f 7718/7718 7717/7717 7719/7719
f 4753/4753 4752/4752 4754/4754
f 6245/6245 6264/6264 6246/6246
f 6451/6451 6315/6315 6323/6323
f 6538/6538 6539/6539 6540/6540
f 6328/6328 6451/6451 6333/6333
f 6328/6328 6333/6333 6330/6330
f 8006/8006 7893/7893 7725/7725
f 6328/6328 6330/6330 6329/6329
f 6269/6269 6328/6328 6329/6329
f 6269/6269 6329/6329 6452/6452
f 7933/7933 8006/8006 7934/7934
f 6268/6268 6269/6269 6452/6452
f 4761/4761 4763/4763 4762/4762
f 6533/6533 6534/6534 6535/6535
f 4763/4763 4764/4764 4762/4762
f 6267/6267 6268/6268 6270/6270
f 6270/6270 6268/6268 6452/6452
f 7933/7933 7934/7934 7792/7792
f 4762/4762 4764/4764 4765/4765
f 6271/6271 6267/6267 6270/6270
f 6271/6271 6270/6270 6272/6272
f 7838/7838 7792/7792 8000/8000
f 7838/7838 8000/8000 7841/7841
f 6447/6447 6481/6481 6446/6446
f 4764/4764 4767/4767 4766/4766
f 4765/4765 4764/4764 4766/4766
f 6446/6446 6263/6263 6435/6435
f 6448/6448 6298/6298 6337/6337
f 6337/6337 6298/6298 6271/6271
f 6447/6447 6446/6446 6438/6438
f 6438/6438 6446/6446 6435/6435
f 6503/6503 6504/6504 6505/6505
f 6337/6337 6271/6271 6284/6284
f 6284/6284 6271/6271 6272/6272
f 7839/7839 7838/7838 7841/7841
f 7839/7839 7841/7841 7846/7846
f 5079/5079 5087/5087 5075/5075
f 4717/4717 4716/4716 4714/4714
f 5069/5069 5070/5070 5071/5071
f 6437/6437 6435/6435 6436/6436
f 6480/6480 6337/6337 6284/6284
f 7842/7842 7839/7839 7846/7846
f 5068/5068 5069/5069 5065/5065
f 5062/5062 5068/5068 5065/5065
f 5065/5065 5069/5069 5071/5071
f 6503/6503 6505/6505 6506/6506
f 7842/7842 7846/7846 7845/7845
f 5073/5073 5079/5079 5075/5075
f 5073/5073 5075/5075 5064/5064
f 5064/5064 5075/5075 5062/5062
f 6441/6441 6437/6437 6436/6436
f 5064/5064 5062/5062 5057/5057
f 5213/5213 5212/5212 5211/5211
f 4774/4774 4769/4769 4771/4771
f 4775/4775 4774/4774 4771/4771
f 7669/7669 7668/7668 7672/7672
f 7668/7668 7671/7671 7672/7672
f 7672/7672 7671/7671 7903/7903
f 6490/6490 6491/6491 6492/6492
f 6491/6491 6493/6493 6492/6492
f 6308/6308 6326/6326 6309/6309
f 6309/6309 6326/6326 6311/6311
f 6309/6309 6311/6311 6310/6310
f 5213/5213 5211/5211 5214/5214
f 4771/4771 4749/4749 4751/4751
f 6307/6307 6327/6327 6308/6308
f 6313/6313 6310/6310 6312/6312
f 8084/8084 8085/8085 8086/8086
f 7973/7973 7669/7669 7672/7672
f 8096/8096 8095/8095 8097/8097
f 4775/4775 4771/4771 4768/4768
f 4768/4768 4771/4771 4751/4751
f 8094/8094 8095/8095 8096/8096
f 7730/7730 7903/7903 7732/7732
f 5217/5217 5213/5213 5216/5216
f 5216/5216 5213/5213 5214/5214
f 5102/5102 5105/5105 5101/5101
f 6307/6307 6308/6308 6305/6305
f 6308/6308 6309/6309 6305/6305
f 6305/6305 6309/6309 6310/6310
f 6305/6305 6310/6310 6336/6336
f 6336/6336 6310/6310 6313/6313
f 4768/4768 4751/4751 4753/4753
f 6327/6327 6307/6307 6304/6304
f 4755/4755 4768/4768 4753/4753
f 4414/4414 4419/4419 4418/4418
f 6304/6304 6307/6307 6305/6305
f 7720/7720 7973/7973 7721/7721
f 7721/7721 7973/7973 7730/7730
f 4755/4755 4753/4753 4754/4754
f 5101/5101 5100/5100 5098/5098
f 6303/6303 6305/6305 6336/6336
f 6303/6303 6336/6336 6306/6306
f 6496/6496 6497/6497 6498/6498
f 7719/7719 7720/7720 7721/7721
f 6245/6245 6246/6246 6244/6244
f 4414/4414 4418/4418 4412/4412
f 4411/4411 4414/4414 4412/4412
f 6496/6496 6498/6498 6499/6499
f 6324/6324 6313/6313 6315/6315
f 6324/6324 6315/6315 6451/6451
f 6242/6242 6245/6245 6244/6244
f 4755/4755 4754/4754 4756/4756
f 7719/7719 7721/7721 7722/7722
f 4755/4755 4756/4756 4757/4757
f 6496/6496 6499/6499 6500/6500
f 6242/6242 6244/6244 6240/6240
f 7725/7725 7719/7719 7722/7722
f 6501/6501 6500/6500 6499/6499
f 6501/6501 6499/6499 6502/6502
f 6299/6299 6451/6451 6328/6328
f 7725/7725 7722/7722 7724/7724
f 4757/4757 4756/4756 4758/4758
f 8006/8006 7725/7725 7724/7724
f 6239/6239 6242/6242 6240/6240
f 4756/4756 4759/4759 4758/4758
f 6239/6239 6240/6240 6241/6241
f 6266/6266 6262/6262 6299/6299
f 6269/6269 6299/6299 6328/6328
f 7726/7726 8006/8006 7724/7724
f 6262/6262 6266/6266 6254/6254
f 6266/6266 6299/6299 6269/6269
f 8082/8082 8081/8081 8083/8083
f 8000/8000 7726/7726 7733/7733
f 6243/6243 6239/6239 6241/6241
f 4759/4759 4761/4761 4760/4760
f 4758/4758 4759/4759 4760/4760
f 6241/6241 6249/6249 6248/6248
f 6335/6335 6258/6258 6254/6254
f 6254/6254 6266/6266 6267/6267
f 6335/6335 6254/6254 6267/6267
f 6266/6266 6269/6269 6268/6268
f 6267/6267 6266/6266 6268/6268
f 8000/8000 7733/7733 7930/7930
f 6243/6243 6241/6241 6247/6247
f 6247/6247 6241/6241 6248/6248
f 4760/4760 4761/4761 4762/4762
f 5077/5077 5082/5082 5090/5090
f 6247/6247 6248/6248 6263/6263
f 6263/6263 6248/6248 6250/6250
f 6263/6263 6250/6250 6403/6403
f 6258/6258 6335/6335 6448/6448
f 6448/6448 6335/6335 6298/6298
f 6298/6298 6335/6335 6267/6267
f 5095/5095 5081/5081 5078/5078
f 5077/5077 5090/5090 5084/5084
f 6403/6403 6250/6250 6338/6338
f 6250/6250 6258/6258 6338/6338
f 6338/6338 6258/6258 6448/6448
f 6298/6298 6267/6267 6271/6271
f 8091/8091 8092/8092 8093/8093
f 5087/5087 5095/5095 5078/5078
f 5076/5076 5077/5077 5070/5070
f 5070/5070 5077/5077 5084/5084
f 6435/6435 6263/6263 6403/6403
f 6435/6435 6403/6403 6338/6338
f 5074/5074 5078/5078 5076/5076
f 5074/5074 5076/5076 5068/5068
f 5068/5068 5076/5076 5070/5070
f 6435/6435 6338/6338 6436/6436
f 6436/6436 6338/6338 6448/6448
f 5068/5068 5070/5070 5069/5069
f 5075/5075 5078/5078 5074/5074
f 5075/5075 5074/5074 5062/5062
f 5062/5062 5074/5074 5068/5068
f 5102/5102 5101/5101 5098/5098
f 5096/5096 5102/5102 5098/5098
f 7721/7721 7730/7730 7727/7727
f 7730/7730 7732/7732 7731/7731
f 7727/7727 7730/7730 7731/7731
f 5217/5217 5216/5216 5218/5218
f 5103/5103 5102/5102 5096/5096
f 6302/6302 6304/6304 6301/6301
f 6301/6301 6304/6304 6305/6305
f 6301/6301 6305/6305 6303/6303
f 6300/6300 6303/6303 6306/6306
f 6300/6300 6306/6306 6259/6259
f 7722/7722 7721/7721 7723/7723
f 7723/7723 7721/7721 7727/7727
f 5241/5241 5244/5244 5243/5243
f 5097/5097 5103/5103 5096/5096
f 5096/5096 5098/5098 5091/5091
f 5091/5091 5098/5098 5100/5100
f 5091/5091 5100/5100 5099/5099
f 6265/6265 6302/6302 6301/6301
f 6300/6300 6301/6301 6303/6303
f 6259/6259 6306/6306 6449/6449
f 6265/6265 6301/6301 6300/6300
f 7724/7724 7722/7722 7723/7723
f 5241/5241 5243/5243 5242/5242
f 5097/5097 5096/5096 5089/5089
f 5094/5094 5097/5097 5089/5089
f 5089/5089 5096/5096 5091/5091
f 6339/6339 6302/6302 6265/6265
f 6265/6265 6300/6300 6260/6260
f 7723/7723 7727/7727 7728/7728
f 5240/5240 5241/5241 5242/5242
f 6260/6260 6300/6300 6259/6259
f 6259/6259 6449/6449 6262/6262
f 6262/6262 6449/6449 6299/6299
f 6339/6339 6265/6265 6256/6256
f 6265/6265 6260/6260 6256/6256
f 6256/6256 6260/6260 6255/6255
f 6255/6255 6260/6260 6259/6259
f 6255/6255 6259/6259 6253/6253
f 6253/6253 6259/6259 6262/6262
f 7723/7723 7728/7728 7729/7729
f 5093/5093 5104/5104 5094/5094
f 5093/5093 5094/5094 5089/5089
f 5089/5089 5091/5091 5085/5085
f 5091/5091 5099/5099 5088/5088
f 5085/5085 5091/5091 5088/5088
f 6339/6339 6256/6256 6257/6257
f 6257/6257 6256/6256 6252/6252
f 6256/6256 6255/6255 6252/6252
f 6252/6252 6255/6255 6253/6253
f 7726/7726 7724/7724 7723/7723
f 7726/7726 7723/7723 7733/7733
f 7733/7733 7723/7723 7729/7729
f 5093/5093 5089/5089 5086/5086
f 5086/5086 5089/5089 5083/5083
f 5083/5083 5089/5089 5085/5085
f 6249/6249 6257/6257 6252/6252
f 6249/6249 6252/6252 6251/6251
f 6252/6252 6253/6253 6251/6251
f 7733/7733 7729/7729 7928/7928
f 5092/5092 5093/5093 5086/5086
f 6249/6249 6339/6339 6257/6257
f 6253/6253 6262/6262 6254/6254
f 6251/6251 6253/6253 6254/6254
f 7733/7733 7928/7928 7929/7929
f 5081/5081 5092/5092 5086/5086
f 5080/5080 5086/5086 5083/5083
f 5083/5083 5085/5085 5082/5082
f 5085/5085 5088/5088 5082/5082
f 6250/6250 6249/6249 6251/6251
f 6250/6250 6251/6251 6258/6258
f 7930/7930 7733/7733 7929/7929
f 5081/5081 5086/5086 5080/5080
f 5080/5080 5083/5083 5082/5082
f 5080/5080 5082/5082 5077/5077
f 5081/5081 5080/5080 5076/5076

