# https://github.com/mikedh/trimesh

o geometry_0
v 0.26043158 0.26535933 0.03616602
v 0.26043158 0.26217464 0.03616602
v 0.26039486 0.26530315 -0.02901858
v 0.25756663 0.27356466 -0.02901858
v 0.25756663 0.27356466 0.00354981
v 0.25752991 0.27362087 0.03616602
v 0.25752991 0.27358339 0.05247412
v 0.26039486 0.26532188 0.05247412
v 0.26039486 0.26226830 0.05247412
v 0.25631780 0.17350855 0.13415812
v 0.25631780 0.17350855 0.08518598
v 0.25628108 0.17350855 -0.11065475
v 0.26039486 0.26239944 -0.02901858
v 0.26032138 0.26507835 -0.09429882
v 0.25738299 0.27339607 -0.07799072
v 0.24933910 0.28774598 -0.06163479
v 0.24944930 0.28780219 -0.02901858
v 0.24948600 0.28783964 0.00354981
v 0.24937583 0.28767105 0.06887788
v 0.25745646 0.27343352 0.06887788
v 0.26032138 0.26517201 0.06887788
v 0.26032138 0.26258677 0.06887788
v 0.25602399 0.17350855 0.16677433
v 0.24970640 0.15904621 0.18308243
v 0.24992679 0.15910242 0.15046622
v 0.24996349 0.15908369 0.13415812
v 0.25000024 0.15910242 0.08518598
v 0.26024791 0.26314877 0.08518598
v 0.26017446 0.26384192 0.09637688
v 0.24992679 0.15932723 -0.12696286
v 0.25624436 0.17350855 -0.12696286
v 0.26032138 0.26266170 -0.09429882
v 0.26024791 0.26481609 -0.11065475
v 0.25723606 0.27333986 -0.09429882
v 0.24926563 0.28767105 -0.07799072
v 0.24202981 0.29602625 -0.06163479
v 0.24210327 0.29604498 -0.04532668
v 0.24217673 0.29611991 -0.01271047
v 0.24217673 0.29611991 0.00354981
v 0.24191962 0.29595131 0.06887788
v 0.24922890 0.28757738 0.08518598
v 0.25730951 0.27318999 0.08518598
v 0.26024791 0.26494720 0.08518598
v 0.25569339 0.17350855 0.18308243
v 0.24952275 0.15900876 0.19948618
v 0.24085445 0.14833061 0.19948618
v 0.24085445 0.14833061 0.18308243
v 0.24078099 0.14833061 -0.19224309
v 0.26017446 0.26468494 0.09637688
v 0.25800740 0.25617990 0.16677433
v 0.25528937 0.17350855 0.19948618
v 0.24985332 0.15932723 -0.14327096
v 0.25617088 0.17350855 -0.14327096
v 0.26024791 0.26339231 -0.11065475
v 0.26017446 0.26459128 -0.12151088
v 0.25708914 0.27307760 -0.11065475
v 0.24900851 0.28731512 -0.11065475
v 0.24915546 0.28750245 -0.09429882
v 0.24191962 0.29595131 -0.07799072
v 0.23394919 0.30207720 -0.06163479
v 0.23398592 0.30211465 -0.04532668
v 0.23405939 0.30215211 -0.01271047
v 0.23405939 0.30213338 0.00354981
v 0.23380228 0.30190857 0.06887788
v 0.24177270 0.29585762 0.08518598
v 0.24904526 0.28733385 0.10154191
v 0.24853101 0.28680930 0.13415812
v 0.25631780 0.27272164 0.13415812
v 0.25672182 0.27272164 0.11785001
v 0.25771355 0.27120423 0.10163755
v 0.24915546 0.15927102 0.21579428
v -0.05588786 0.14733772 0.19943835
v -0.03968989 0.14731899 0.03616602
v 0.23666721 0.14833061 0.21603341
v -0.03968989 0.14731899 -0.02901858
v 0.24023004 0.14833061 -0.20429483
v 0.24933910 0.15947710 -0.20859902
v 0.24955947 0.15934595 -0.19224309
v 0.25580359 0.27272164 0.15046622
v 0.25517917 0.27272164 0.16677433
v 0.25738299 0.25617990 0.18308243
v 0.25444456 0.17350855 0.21579428
v 0.24977984 0.15938342 -0.15957906
v 0.25602399 0.17350855 -0.15957906
v 0.26017446 0.26408545 -0.12151088
v 0.25587703 0.27272164 -0.15957906
v 0.25646473 0.27272164 -0.14327096
v 0.25752991 0.27114802 -0.12696286
v 0.25775028 0.25617990 -0.19224309
v 0.25429767 0.27272164 -0.19224309
v 0.25525265 0.27272164 -0.17598281
v 0.24878814 0.28712777 -0.12696286
v 0.24169924 0.29578271 -0.09429882
v 0.23380228 0.30196478 -0.07799072
v 0.21999176 0.31035744 -0.06163479
v 0.21999176 0.31043237 -0.01271047
v 0.21999176 0.31041362 0.00354981
v 0.21988157 0.31022629 0.05247412
v 0.23369208 0.30175870 0.08518598
v 0.23281056 0.30108431 0.13415812
v 0.24147885 0.29561409 0.10154191
v 0.24089118 0.29508957 0.13415812
v 0.24816372 0.28643465 0.15046622
v 0.24720874 0.16136919 0.22827644
v 0.22799892 0.14833061 0.22411573
v 0.22337092 0.14833061 0.22598088
v 0.21958773 0.14833061 0.22655477
v 0.20864217 0.14833061 0.22731995
v 0.20338976 0.14833061 0.22727213
v -0.05588786 0.14816201 0.20838151
v -0.11480291 0.14808707 0.19503851
v -0.11480291 0.14795593 0.18313025
v -0.03968989 0.14735646 -0.04532668
v 0.23416957 0.14833061 -0.22323328
v 0.23596935 0.14833061 -0.21912038
v 0.23953216 0.14833061 -0.20859902
v 0.24783318 0.16073225 -0.22495495
v 0.25484860 0.17350855 -0.20859902
v 0.25543630 0.17350855 -0.19224309
v 0.25576686 0.17350855 -0.17598281
v 0.24775971 0.28589137 0.16677433
v 0.25429767 0.27272164 0.18308243
v 0.25631780 0.25617990 0.19948618
v 0.25499553 0.23967560 0.21579428
v 0.24922890 0.23967560 0.23167197
v 0.24889833 0.17350855 0.23052419
v 0.25830124 0.25617990 -0.17598281
v 0.24849432 0.28684678 -0.14327096
v 0.25653817 0.25617990 -0.20859902
v 0.24764951 0.28585389 -0.17598281
v 0.25231422 0.27272164 -0.20859902
v 0.24702509 0.28493593 -0.19224309
v 0.24809027 0.28643465 -0.15957906
v 0.24096464 0.29512702 -0.14327096
v 0.24122175 0.29540804 -0.12696286
v 0.23336151 0.30159010 -0.11065475
v 0.23310440 0.30140278 -0.12696286
v 0.21958773 0.30987037 -0.09429882
v 0.21811853 0.31099438 -0.07909067
v 0.21176423 0.31423528 -0.07445172
v 0.21187441 0.31427276 -0.06163479
v 0.21191114 0.31429149 -0.01271047
v 0.21176423 0.31423528 0.05247412
v 0.21172749 0.31419783 0.06466933
v 0.21811853 0.31093817 0.06954741
v 0.21958773 0.30983289 0.08518598
v 0.21958773 0.30880254 0.11785001
v 0.21958773 0.30824054 0.13415812
v 0.23233306 0.30074711 0.15046622
v 0.24041368 0.29469616 0.15046622
v 0.23435322 0.17459510 0.23889345
v 0.23435322 0.15631112 0.22975899
v 0.21958773 0.15696680 0.23234151
v 0.20338976 0.15696680 0.23210239
v 0.10616525 0.15889634 0.22822861
v 0.08993055 0.15936468 0.22765472
v 0.07373259 0.16005783 0.22708083
v -0.08071739 0.14866780 0.20761632
v -0.07212255 0.14846175 0.20790327
v -0.11480291 0.14863035 0.19805144
v -0.11480291 0.14909869 -0.09429882
v -0.03968989 0.14750633 -0.07799072
v 0.21958773 0.14833061 -0.22811136
v 0.23578569 0.16086338 -0.23686322
v 0.24559262 0.16301775 -0.23485459
v 0.25183676 0.17350855 -0.22495495
v 0.25385690 0.23967560 -0.22495495
v 0.23982601 0.29415288 0.16677433
v 0.24720874 0.28514202 0.18308243
v 0.25279171 0.27272164 0.19948618
v 0.25506900 0.25617990 0.21579428
v 0.24915546 0.25617990 0.23186326
v 0.24225019 0.25617990 0.24004123
v 0.24158905 0.23967560 0.23989775
v 0.23696106 0.19005031 0.23889345
v 0.25400382 0.25617990 -0.22495495
v 0.23986273 0.29411540 -0.17598281
v 0.24052387 0.29469616 -0.15957906
v 0.24838412 0.27341479 -0.22471583
v 0.24474783 0.28193856 -0.21912038
v 0.24592321 0.28338107 -0.20859902
v 0.23861392 0.29321620 -0.19224309
v 0.23240653 0.30082205 -0.15957906
v 0.23284729 0.30115924 -0.14327096
v 0.21958773 0.30897114 -0.12696286
v 0.21143365 0.31408541 -0.08530784
v 0.20496916 0.31668940 -0.07909067
v 0.18719180 0.32380815 -0.06163479
v 0.18719180 0.32412662 -0.04532668
v 0.18719180 0.32437016 -0.02901858
v 0.18719180 0.32450130 -0.01271047
v 0.20338976 0.31781341 -0.01271047
v 0.18719180 0.32440764 0.00354981
v 0.20338976 0.31758860 0.05247412
v 0.18719180 0.32380815 0.05247412
v 0.20493242 0.31670813 0.06954741
v 0.21139692 0.31406668 0.07557328
v 0.21095615 0.31389808 0.08518598
v 0.21011137 0.31359834 0.10154191
v 0.20915639 0.31329860 0.11785001
v 0.20794430 0.31296140 0.13415812
v 0.21958773 0.30739752 0.15046622
v 0.23170865 0.30029750 0.16677433
v 0.22792546 0.18083339 0.24028035
v 0.22068963 0.17459510 0.23970646
v 0.20338976 0.17350855 0.23874997
v 0.18719180 0.17350855 0.23784131
v 0.04133666 0.16187498 0.22583740
v -0.11480291 0.15829688 0.21158574
v -0.11480291 0.15001663 0.20321648
v -0.11480291 0.14924856 -0.10462888
v -0.03968989 0.14795593 -0.12696286
v -0.03968989 0.14774986 -0.11065475
v -0.03968989 0.14760001 -0.09429882
v 0.20338976 0.14833061 -0.22820701
v 0.21958773 0.16003910 -0.23753276
v 0.21958773 0.17350855 -0.24226736
v 0.23578569 0.17350855 -0.24097610
v 0.24662105 0.17350855 -0.23590673
v 0.24798008 0.23967560 -0.23906314
v 0.24812700 0.25617990 -0.23963703
v 0.23872410 0.29342228 0.18308243
v 0.24636395 0.28390559 0.19948618
v 0.24518860 0.28240691 0.21211181
v 0.24915546 0.27416412 0.21684642
v 0.24739238 0.26961188 0.22923293
v 0.23189231 0.26517201 0.24061512
v 0.23413285 0.25617990 0.24090207
v 0.23347169 0.23967560 0.24094989
v 0.23758547 0.27289024 0.23320235
v 0.23034964 0.20659207 0.24061512
v 0.24665780 0.26837546 -0.23753276
v 0.23174539 0.30031622 -0.17598281
v 0.23894449 0.27940953 -0.22997651
v 0.22902736 0.29836792 -0.20257316
v 0.23049656 0.29937954 -0.19224309
v 0.21958773 0.30833420 -0.14327096
v 0.21018483 0.31365455 -0.11065475
v 0.18719180 0.32322742 -0.07799072
v 0.17275688 0.32894115 -0.04532668
v 0.17378531 0.32912850 -0.02901858
v 0.17418936 0.32920341 -0.01271047
v 0.18719180 0.32403296 0.03616602
v 0.17378531 0.32914723 0.00354981
v 0.17323437 0.32903484 0.01985791
v 0.17246304 0.32888497 0.03616602
v 0.18719180 0.32333981 0.06887788
v 0.20283881 0.31695166 0.08518598
v 0.19982695 0.31554664 0.13415812
v 0.20574048 0.31247434 0.15046622
v 0.21958773 0.30623603 0.16677433
v 0.18719180 0.32253427 0.08518598
v 0.18719180 0.32161632 0.10154191
v 0.23064348 0.29949196 0.18308243
v 0.21958773 0.23967560 0.24123684
v 0.22686029 0.18083339 0.24028035
v 0.20338976 0.19005031 0.23946734
v 0.18719180 0.19005031 0.23855868
v 0.13856119 0.17350855 0.23492403
v -0.00145388 0.16489110 0.22411573
v -0.11480291 0.16404809 0.21335524
v -0.11480291 0.14934222 -0.11065475
v -0.11480291 0.14952955 -0.12098481
v -0.11480291 0.14964197 -0.12696286
v -0.11480291 0.14999789 -0.14331878
v -0.11480291 0.15027891 -0.15360101
v -0.03968989 0.14836807 -0.14083192
v 0.18799986 0.14833061 -0.22352022
v 0.19273804 0.14833061 -0.22505060
v -0.07212255 0.15610505 -0.20859902
v -0.08832051 0.15719160 -0.20859902
v -0.11480291 0.15897128 -0.20859902
v -0.05588786 0.16193119 -0.21888126
v 0.13856119 0.16335494 -0.23423287
v 0.15475915 0.16254941 -0.23480676
v -0.11480291 0.15159025 -0.19229092
v 0.23578569 0.25617990 -0.24733675
v 0.12236321 0.16429163 -0.23365898
v 0.11200533 0.16492856 -0.23322857
v -0.05588786 0.17350855 -0.22127247
v 0.22917428 0.29848034 0.19456027
v 0.23505109 0.29287901 0.19972530
v 0.24327863 0.28064596 0.22301576
v 0.22267306 0.26517201 0.24061512
v 0.21822871 0.25749123 0.24090207
v 0.23247999 0.28308133 0.22631564
v 0.21958773 0.28452380 0.22760690
v 0.21822871 0.27150398 0.23664570
v 0.23446342 0.27341479 -0.23901531
v 0.21958773 0.30593629 -0.17598281
v 0.21958773 0.30741625 -0.15957906
v 0.22814584 0.28111430 -0.23318074
v 0.23446342 0.28414912 -0.22471583
v 0.21958773 0.29952941 -0.20496437
v 0.20338976 0.30661071 -0.19224309
v 0.21958773 0.30327614 -0.19224309
v 0.21958773 0.29591383 -0.21314233
v 0.20926657 0.31337353 -0.12696286
v 0.17099384 0.32802319 -0.07799072
v 0.16989193 0.32907229 -0.06283039
v 0.18719180 0.32236565 -0.09429882
v 0.16467626 0.33113298 -0.04532668
v 0.16566798 0.33145145 -0.02901858
v 0.16607200 0.33156384 -0.01271047
v 0.16570471 0.33143272 0.00354981
v 0.16511701 0.33126413 0.01985791
v 0.16438243 0.33103932 0.03616602
v 0.16978175 0.32905357 0.05338278
v 0.17099384 0.32806068 0.06887788
v 0.18719180 0.32054849 0.11785001
v 0.18719180 0.31919968 0.13415812
v 0.19765988 0.31479728 0.15046622
v 0.20214095 0.31183740 0.16581784
v 0.21958773 0.30413789 0.18308243
v 0.17099384 0.32704906 0.08518598
v 0.21958773 0.22315256 0.24094989
v 0.20801776 0.25284530 0.24047165
v 0.20662201 0.23967560 0.24056731
v 0.20827487 0.22315256 0.24047165
v 0.21587799 0.19005031 0.24008906
v 0.21874294 0.20653586 0.24061512
v 0.20423456 0.20653586 0.23994558
v 0.15475915 0.20659207 0.23698047
v 0.13856119 0.19005031 0.23554575
v 0.18719180 0.20659207 0.23898909
v 0.12236321 0.19005031 0.23454143
v 0.08993055 0.19005031 0.23243715
v 0.10616525 0.17350855 0.23281975
v 0.07373259 0.17350855 0.23057201
v 0.04133666 0.17350855 0.22813296
v -0.01228926 0.16918109 0.22368530
v -0.08832051 0.17350855 0.21818549
v -0.10451848 0.17350855 0.21689425
v -0.11480291 0.17350855 0.21603341
v -0.11480291 0.15076597 -0.16995695
v -0.11480291 0.15097204 -0.17593498
v -0.11480291 0.15599265 -0.20204708
v -0.11480291 0.17185999 -0.21610745
v -0.10999127 0.16938717 -0.21649003
v -0.09919262 0.16474124 -0.21701611
v -0.08832051 0.16391695 -0.21749435
v -0.07212255 0.16284915 -0.21821172
v 0.21958773 0.25617990 -0.24604549
v 0.09668889 0.26461000 -0.23318074
v 0.12236321 0.26682056 -0.23432852
v 0.22024887 0.27418288 -0.23844142
v -0.07212255 0.17350855 -0.22002904
v 0.21958773 0.29999775 0.19972530
v 0.22498706 0.29692545 0.20546423
v 0.21187441 0.26387940 0.24018471
v 0.20338976 0.27272164 0.23554575
v 0.18719180 0.27272164 0.23468490
v 0.12236321 0.27272164 0.23085896
v 0.04133666 0.27008023 0.22712866
v 0.00894073 0.26800078 0.22593305
v 0.00622270 0.26781346 0.22583740
v -0.00729397 0.26689550 0.22526351
v -0.02349193 0.26547175 0.22454614
v 0.18719180 0.25617990 0.23922822
v 0.21958773 0.29338480 0.21478998
v 0.20338976 0.29332859 0.21799420
v 0.18719180 0.29327241 0.21875940
v 0.20338976 0.28504835 0.22760690
v 0.20338976 0.31054476 -0.17598281
v 0.20309592 0.31269914 -0.16072685
v 0.20772391 0.31299889 -0.14327096
v 0.22608895 0.28111430 -0.23318074
v 0.18719180 0.29653204 -0.21529444
v 0.20338976 0.29640090 -0.21486401
v 0.20338976 0.30080329 -0.20668605
v 0.18719180 0.30835293 -0.19224309
v 0.18829371 0.31294268 -0.17579152
v 0.16265611 0.33060846 -0.06899974
v 0.18719180 0.32129785 -0.11065475
v 0.17099384 0.32682425 -0.09429882
v 0.16375802 0.33087072 -0.05814361
v 0.15475915 0.33409290 -0.02901858
v 0.15475915 0.33431768 -0.01271047
v 0.15475915 0.33401796 0.00354981
v 0.15475915 0.33364329 0.01985791
v 0.15475915 0.33315622 0.03616602
v 0.16357437 0.33083324 0.04845687
v 0.16254591 0.33058971 0.05936083
v 0.17099384 0.32581263 0.10154191
v 0.17099384 0.32435143 0.11785001
v 0.18719180 0.31734507 0.15046622
v 0.19589684 0.31427276 0.15974414
v 0.19053424 0.31344847 0.17060027
v 0.20338976 0.30840914 0.18308243
v 0.16103999 0.33028996 0.06887788
v 0.19850466 0.23967560 0.24008906
v 0.20015752 0.22315256 0.24004123
v 0.18719180 0.22315256 0.23927605
v 0.12236321 0.22315256 0.23525879
v 0.10616525 0.20659207 0.23396754
v 0.08993055 0.20659207 0.23291540
v 0.07373259 0.20659207 0.23176762
v -0.03058084 0.20063478 0.22387660
v 0.05757136 0.19005031 0.23004594
v -0.01959854 0.19005031 0.22425919
v -0.01662341 0.18019644 0.22402007
v -0.11480291 0.19005031 0.21689425
v -0.08832051 0.19005031 0.21899852
v -0.11480291 0.17909116 -0.21658569
v -0.11344390 0.18040252 -0.21682482
v -0.10455522 0.17433284 -0.21730305
v -0.08832051 0.17350855 -0.21868997
v -0.08832051 0.22315256 -0.21959863
v -0.07212255 0.23969433 -0.22074641
v -0.02349193 0.25619862 -0.22466800
v -0.09864167 0.26487227 -0.21696828
v -0.07212255 0.26740132 -0.21840301
v -0.08832051 0.19005031 -0.21926386
v -0.08832051 0.20659207 -0.21950298
v -0.02349193 0.27139156 -0.22069858
v 0.04133666 0.27272164 -0.22538537
v 0.02513869 0.28310005 -0.21821172
v 0.04133666 0.28407422 -0.21883343
v 0.05757136 0.28491721 -0.21935950
v 0.07373259 0.28566657 -0.21993339
v 0.07373259 0.29392808 -0.21352493
v 0.20338976 0.30333232 0.19948618
v 0.21418841 0.29814315 0.20866845
v 0.05757136 0.25617990 0.23105025
v 0.12236321 0.25617990 0.23525879
v 0.18719180 0.28499214 0.22712866
v 0.15475915 0.28418661 0.22626781
v 0.13856119 0.28358712 0.22578957
v 0.12236321 0.28285652 0.22521568
v 0.08320895 0.28085204 0.22387660
v 0.05757136 0.27931587 0.22287228
v 0.02513869 0.27731136 0.22148538
v 0.00625943 0.27472615 0.22153321
v -0.00729397 0.27517574 0.21995500
v -0.11480291 0.27037994 0.21153792
v -0.03212350 0.26457252 0.22397225
v 0.00622270 0.25619862 0.22736778
v 0.04133666 0.25617990 0.22995030
v 0.20338976 0.29889247 0.20981623
v 0.18719180 0.29954814 0.21058143
v 0.17099384 0.29289773 0.21899852
v 0.17099384 0.29984788 0.21082055
v 0.15475915 0.29997903 0.21082055
v 0.15475915 0.29246684 0.21899852
v 0.19439090 0.31399175 -0.16694402
v 0.19751296 0.31470362 -0.15608789
v 0.19960657 0.31535932 -0.14327096
v 0.08993055 0.29452753 -0.21395535
v 0.10616525 0.29507081 -0.21429011
v 0.12236321 0.29555791 -0.21467271
v 0.13856119 0.29597004 -0.21495967
v 0.15475915 0.29626978 -0.21515096
v 0.17099384 0.29643838 -0.21529444
v 0.13856119 0.30177746 -0.20682952
v 0.15475915 0.30173997 -0.20702082
v 0.17099384 0.30162758 -0.20711647
v 0.18719180 0.30144026 -0.20711647
v 0.17099384 0.30906483 -0.19224309
v 0.15475915 0.31354213 -0.18186521
v 0.17099384 0.31326115 -0.18052613
v 0.18359225 0.31462869 -0.17029172
v 0.16100327 0.33028996 -0.07799072
v 0.15292263 0.33184486 -0.07799072
v 0.15626507 0.33225699 -0.06283039
v 0.15475915 0.33341848 -0.04532668
v 0.18719180 0.32002397 -0.12696286
v 0.17099384 0.32526936 -0.11065475
v 0.13856119 0.33675307 -0.02901858
v 0.13856119 0.33701533 -0.01271047
v 0.13856119 0.33679053 0.00354981
v 0.13856119 0.33641585 0.01985791
v 0.13856119 0.33591005 0.03616602
v 0.15619161 0.33212587 0.05338278
v 0.15292263 0.33184486 0.06887788
v 0.15780775 0.32970923 0.08518598
v 0.14969039 0.33122664 0.08518598
v 0.17099384 0.32244061 0.13415812
v 0.14744985 0.33077703 0.09436825
v 0.17099384 0.31987410 0.15046622
v 0.18597971 0.31498464 0.16581784
v 0.17973560 0.31419783 0.17528706
v 0.18597971 0.31148144 0.18169553
v 0.10616525 0.23967560 0.23430230
v 0.10616525 0.22315256 0.23425449
v 0.08993055 0.22315256 0.23320235
v 0.07373259 0.22315256 0.23210239
v -0.00729397 0.22315256 0.22617217
v -0.03289483 0.21166887 0.22402007
v -0.03888183 0.20632980 0.22339836
v -0.10451848 0.20659207 0.21823332
v -0.07212255 0.19005031 0.22024195
v -0.11480291 0.20659207 0.21742031
v -0.11480291 0.18184499 -0.21672916
v -0.11480291 0.19005031 -0.21692046
v -0.11480291 0.20659207 -0.21715959
v -0.10451848 0.22315256 -0.21811606
v -0.11480291 0.23819564 -0.21696828
v -0.11480291 0.24012520 -0.21692046
v -0.05588786 0.25619862 -0.22175071
v -0.10944032 0.25953319 -0.21634657
v -0.11480291 0.26577149 -0.21252061
v -0.11480291 0.27223458 -0.20955551
v -0.10422465 0.27133538 -0.21175543
v -0.08832051 0.27414539 -0.21194672
v -0.07212255 0.27568156 -0.21299886
v -0.07212255 0.25619862 -0.22026816
v -0.02349193 0.27965307 -0.21582050
v -0.01232598 0.28057102 -0.21644222
v -0.00707358 0.27414539 -0.22065076
v 0.00894073 0.27272164 -0.22275503
v 0.00894073 0.28203226 -0.21749435
v 0.02513869 0.29136156 -0.21161195
v 0.04133666 0.29235446 -0.21237715
v 0.05757136 0.29319748 -0.21299886
v 0.04133666 0.30055976 -0.20419918
v 0.05757136 0.30100937 -0.20482090
v 0.18719180 0.30503709 0.19948618
v 0.08993055 0.23967560 0.23325017
v 0.13856119 0.29186739 0.21880722
v 0.07373259 0.29863021 0.20885976
v 0.08915922 0.28785840 0.21880722
v 0.07373259 0.28928215 0.21651165
v 0.04247529 0.29063096 0.21278135
v 0.00894073 0.28710904 0.21259006
v 0.00622270 0.27607497 0.22062455
v 0.00625943 0.28514202 0.21383349
v -0.00729397 0.28613491 0.21177703
v -0.02349193 0.28502963 0.21086837
v -0.10451848 0.27944702 0.20622941
v -0.11480291 0.27343352 0.20943365
v -0.11480291 0.25619862 0.21627253
v -0.00729397 0.25619862 0.22636346
v -0.11480291 0.23969433 0.21727683
v -0.02349193 0.22315256 0.22497656
v 0.17099384 0.30593629 0.19948618
v 0.15475915 0.30642338 0.19948618
v 0.13856119 0.29996030 0.21062925
v 0.13856119 0.30657326 0.19948618
v 0.12236321 0.29977295 0.21029448
v 0.08993055 0.29911728 0.20938582
v 0.17099384 0.32099811 -0.14327096
v 0.17099384 0.32337729 -0.12696286
v 0.18719180 0.31835669 -0.14327096
v 0.07373259 0.30134657 -0.20534696
v 0.08993055 0.30155265 -0.20577738
v 0.10616525 0.30170252 -0.20615998
v 0.12236321 0.30177746 -0.20649475
v 0.08993055 0.30981416 -0.19224309
v 0.10616525 0.30992655 -0.19224309
v 0.12236321 0.30987037 -0.19224309
v 0.13856119 0.30968302 -0.19224309
v 0.15475915 0.30943948 -0.19224309
v 0.12236321 0.31391681 -0.18344341
v 0.13856119 0.31372949 -0.18267823
v 0.10616525 0.32081078 -0.15957906
v 0.12236321 0.32030496 -0.15957906
v 0.13856119 0.31972423 -0.15957906
v 0.17099384 0.31513448 -0.17239599
v 0.12236321 0.32438888 -0.14327096
v 0.13856119 0.32363955 -0.14327096
v 0.17099384 0.31788835 -0.15957906
v 0.14980059 0.33120792 -0.09056852
v 0.13856119 0.33383061 -0.07799072
v 0.13856119 0.33517945 -0.06163479
v 0.13856119 0.33607865 -0.04532668
v 0.12236321 0.33793329 -0.02901858
v 0.12236321 0.33825176 -0.01271047
v 0.12236321 0.33731508 -0.04532668
v 0.12236321 0.33817682 0.00354981
v 0.12236321 0.33791453 0.01985791
v 0.12236321 0.33744622 0.03616602
v 0.13856119 0.33512324 0.05247412
v 0.13856119 0.33409290 0.06887788
v 0.15475915 0.32673059 0.11785001
v 0.15475915 0.32425777 0.13415812
v 0.13856119 0.33272533 0.08518598
v 0.13856119 0.33128285 0.09800291
v 0.13856119 0.33019630 0.10618087
v 0.13856119 0.32558785 0.13415812
v 0.15475915 0.32118543 0.15046622
v 0.13856119 0.32217832 0.15046622
v 0.15475915 0.31758860 0.16677433
v 0.17099384 0.31444136 0.17610008
v 0.17099384 0.31191233 0.18423021
v -0.04226100 0.22315256 0.22349400
v -0.11480291 0.21268049 0.21751596
v -0.11480291 0.22315256 -0.21715959
v -0.11480291 0.25022261 -0.21649003
v -0.11307659 0.24848039 -0.21677699
v -0.11480291 0.25704164 -0.21591614
v -0.10422465 0.25488726 -0.21720740
v -0.11480291 0.28240691 -0.20176014
v -0.10451848 0.28334359 -0.20262097
v -0.07212255 0.28587262 -0.20482090
v -0.05588786 0.28720270 -0.20572956
v -0.03968989 0.28845786 -0.20668605
v -0.02452037 0.29083704 -0.20654258
v -0.00707358 0.28782092 -0.21108589
v 0.00625943 0.28990036 -0.21084677
v -0.00149061 0.28132038 -0.21701611
v 0.00625943 0.28300639 -0.21644222
v -0.01978220 0.29804945 -0.20099494
v -0.00729397 0.29866767 -0.20171231
v 0.00622270 0.29926715 -0.20247751
v 0.02513869 0.30003524 -0.20338617
v 0.02513869 0.30717271 -0.19224309
v 0.04133666 0.30816560 -0.19224309
v 0.05757136 0.30897114 -0.19224309
v 0.07373259 0.30471862 0.19948618
v 0.05757136 0.30372573 0.19948618
v 0.05757136 0.29799327 0.20814239
v 0.04860921 0.29761860 0.20766415
v 0.00622270 0.28695917 0.21244658
v 0.03781057 0.29703784 0.20704242
v 0.00625943 0.29522068 0.20517728
v -0.00729397 0.29439642 0.20431645
v -0.02349193 0.29330986 0.20331213
v -0.10451848 0.28727764 0.19809927
v -0.11480291 0.28152643 0.20249911
v -0.11480291 0.27866021 0.20546423
v -0.11480291 0.22315256 0.21761160
v 0.15475915 0.31224953 0.18552147
v 0.13856119 0.31243685 0.18643013
v 0.12236321 0.30640466 0.19948618
v 0.12236321 0.31245561 0.18671708
v 0.10616525 0.31234319 0.18671708
v 0.10616525 0.30599250 0.19948618
v 0.08993055 0.30544922 0.19948618
v 0.15475915 0.32255300 -0.14327096
v 0.15475915 0.32553165 -0.12696286
v 0.15475915 0.32796701 -0.11065475
v 0.07373259 0.30953314 -0.19224309
v 0.07373259 0.31401047 -0.18382601
v 0.08993055 0.31408541 -0.18406513
v 0.10616525 0.31404796 -0.18392166
v 0.08993055 0.32111052 -0.15957906
v 0.08993055 0.32528811 -0.14327096
v 0.10616525 0.32495092 -0.14327096
v 0.10616525 0.32854774 -0.12696286
v 0.12236321 0.32794829 -0.12696286
v 0.13856119 0.32701160 -0.12696286
v 0.14520932 0.33051477 -0.10152030
v 0.13929577 0.33178868 -0.09535096
v 0.12236321 0.33495465 -0.07799072
v 0.12236321 0.33637840 -0.06163479
v 0.10616525 0.33834542 -0.02901858
v 0.10616525 0.33780215 -0.04532668
v 0.10616525 0.33864517 -0.01271047
v 0.10616525 0.33866389 0.00354981
v 0.10616525 0.33688419 -0.06163479
v 0.10616525 0.33843908 0.01985791
v 0.10616525 0.33797074 0.03616602
v 0.10616525 0.33720266 0.05247412
v 0.12236321 0.33665941 0.05247412
v 0.12236321 0.33561031 0.06887788
v 0.13856119 0.32849156 0.11785001
v 0.12236321 0.33416784 0.08518598
v 0.12981941 0.33060846 0.10938510
v 0.12361204 0.32972796 0.11737176
v 0.12236321 0.32659944 0.13415812
v 0.12236321 0.32292768 0.15046622
v 0.13856119 0.31831921 0.16677433
v 0.15475915 0.31485349 0.17739133
v -0.11480291 0.30048482 -0.17813492
v -0.08832051 0.29284152 -0.19406042
v -0.07212255 0.29415288 -0.19597339
v -0.05588786 0.29546422 -0.19774289
v -0.03968989 0.29673812 -0.19936892
v -0.03058084 0.29741252 -0.20022976
v -0.02452037 0.30200226 -0.19377347
v -0.00729397 0.30458750 -0.19229092
v 0.00622270 0.30573024 -0.19229092
v 0.00894073 0.30597377 -0.19224309
v 0.00622270 0.30692918 -0.19004317
v 0.00625943 0.31228698 -0.17985659
v 0.02513869 0.31296140 -0.18114785
v 0.04133666 0.31341102 -0.18229563
v 0.05757136 0.31378570 -0.18315646
v 0.05757136 0.31153765 0.18561712
v 0.04133666 0.31106931 0.18485193
v 0.02513869 0.31058224 0.18399109
v -0.00729397 0.30889620 0.18313025
v 0.00622270 0.30164631 0.19699931
v 0.02513869 0.30230198 0.19809927
v 0.04247529 0.30179618 0.20077744
v -0.00729397 0.30114052 0.19613848
v -0.02349193 0.30048482 0.19513416
v 0.00894073 0.29538931 0.20532075
v -0.03968989 0.29969801 0.19398638
v -0.05588786 0.29881754 0.19283859
v -0.06855974 0.29808694 0.19192993
v -0.07935839 0.29743124 0.19106909
v -0.11480291 0.28645338 0.19733408
v 0.13856119 0.31517196 0.17829999
v 0.12236321 0.31534056 0.17863476
v 0.08993055 0.31215587 0.18647796
v 0.07373259 0.31191233 0.18623884
v 0.10616525 0.31539677 0.17853912
v 0.08993055 0.31537804 0.17839564
v 0.07373259 0.31532183 0.17806087
v 0.13929577 0.32972796 -0.11036780
v 0.05757136 0.31638966 -0.17497851
v 0.07373259 0.31648332 -0.17564804
v 0.07373259 0.32116670 -0.15957906
v 0.08993055 0.31646457 -0.17588717
v 0.07373259 0.32540050 -0.14327096
v 0.07373259 0.32897863 -0.12705850
v 0.08860827 0.32922216 -0.12533682
v 0.09312607 0.33057098 -0.11830664
v 0.10616525 0.33043983 -0.11735015
v 0.12236321 0.33012136 -0.11538936
v 0.13437395 0.33098311 -0.10472453
v 0.12236321 0.33308128 -0.09429882
v 0.10616525 0.33546044 -0.07799072
v 0.10616525 0.33360583 -0.09429882
v 0.08993055 0.33834542 -0.02901858
v 0.08993055 0.33785835 -0.04532668
v 0.08993055 0.33697785 -0.06163479
v 0.08993055 0.33858896 -0.01271047
v 0.08993055 0.33862644 0.00354981
v 0.08993055 0.33559159 -0.07799072
v 0.08993055 0.33840160 0.01985791
v 0.08993055 0.33795202 0.03616602
v 0.08993055 0.33722139 0.05247412
v 0.08993055 0.33626601 0.06887788
v 0.10616525 0.33617231 0.06887788
v 0.10616525 0.33476729 0.08518598
v 0.10616525 0.33281902 0.10154191
v 0.12361204 0.33186358 0.10297663
v 0.11902078 0.33094566 0.11158502
v 0.10616525 0.32989656 0.12134119
v 0.10616525 0.32725514 0.13415812
v 0.10616525 0.32339602 0.15046622
v 0.12236321 0.31882500 0.16677433
v -0.11480291 0.30307006 -0.17416549
v -0.05588786 0.30093444 -0.18961275
v -0.03968989 0.30192733 -0.19119095
v -0.02349193 0.31103186 -0.17741755
v -0.00729397 0.31174370 -0.17880445
v 0.00622270 0.31230574 -0.17980876
v 0.00622270 0.31288647 -0.17846968
v -0.00729397 0.31524690 -0.17062649
v 0.00622270 0.31558409 -0.17167862
v 0.02513869 0.31595877 -0.17296988
v 0.04133666 0.31622103 -0.17411766
v 0.05757136 0.31513448 0.17748698
v 0.04133666 0.31481604 0.17667397
v 0.01445024 0.31423528 0.17528706
v 0.00622270 0.31402923 0.17471317
v 0.00901419 0.31075084 0.18169553
v 0.00361487 0.31395426 0.17452186
v -0.02349193 0.30758487 0.18313025
v -0.03968989 0.30599250 0.18313025
v -0.11480291 0.30614237 0.16710910
v -0.11480291 0.30005396 0.17806087
v -0.08832051 0.29677558 0.18982566
v -0.11480291 0.28946947 0.19336465
v 0.10616525 0.31906856 0.16677433
v 0.08993055 0.31910602 0.16677433
v 0.07373259 0.31903108 0.16677433
v 0.05757136 0.31869388 0.16677433
v 0.04133666 0.32069836 -0.15957906
v 0.05757136 0.32103559 -0.15957906
v 0.05757136 0.32526936 -0.14327096
v 0.05845287 0.32922216 -0.12543248
v 0.06440315 0.33066464 -0.11892836
v 0.07373259 0.33066464 -0.11892836
v 0.08232742 0.33064591 -0.11883271
v 0.08860827 0.33150766 -0.11199383
v 0.10616525 0.33160132 -0.10926784
v 0.12236321 0.33133906 -0.10721139
v 0.08993055 0.33381188 -0.09429882
v 0.07373259 0.33802695 -0.02901858
v 0.07373259 0.33761479 -0.04532668
v 0.07373259 0.33682798 -0.06163479
v 0.07373259 0.33559159 -0.07799072
v 0.07373259 0.33823303 -0.01271047
v 0.07373259 0.33825176 0.00354981
v 0.07373259 0.33804568 0.01985791
v 0.07373259 0.33388682 -0.09429882
v 0.07373259 0.33767100 0.03616602
v 0.07373259 0.33703406 0.05247412
v 0.07373259 0.33620980 0.06887788
v 0.07373259 0.33495465 0.08518598
v 0.08993055 0.33493592 0.08518598
v 0.08993055 0.33304380 0.10154191
v 0.08993055 0.33132031 0.11416753
v 0.10616525 0.33118919 0.11311540
v 0.08993055 0.33006518 0.12224985
v 0.08993055 0.32755488 0.13415812
v 0.08993055 0.32356462 0.15046622
v -0.11480291 0.30666692 -0.16407455
v -0.03384982 0.31432897 -0.16833092
v -0.03943279 0.31075084 -0.17464372
v -0.02349193 0.31472238 -0.16928740
v -0.00729397 0.31869388 -0.15962688
v 0.00622270 0.31938703 -0.15962688
v 0.00894073 0.31953690 -0.15957906
v 0.02513869 0.32015509 -0.15957906
v 0.04133666 0.31811315 0.16677433
v 0.02513869 0.31745746 0.16677433
v 0.00901419 0.31629600 0.16816123
v 0.00622270 0.31629600 0.16768299
v -0.00729397 0.31627724 0.16533959
v -0.00729397 0.31357962 0.17346973
v -0.02349193 0.31292392 0.17165241
v -0.03968989 0.31496591 0.16127452
v -0.05019470 0.31442263 0.15960067
v -0.11480291 0.30777220 0.16074845
v -0.11480291 0.29471489 0.18619101
v 0.07373259 0.32356462 0.15046622
v 0.05757136 0.32328360 0.15046622
v 0.04133666 0.32274033 0.15046622
v 0.04133666 0.32493216 -0.14327096
v 0.04133666 0.32851029 -0.12696286
v 0.05360451 0.33057098 -0.11830664
v 0.05845287 0.33150766 -0.11199383
v 0.07373259 0.33178868 -0.11065475
v 0.05757136 0.33731508 -0.02901858
v 0.05757136 0.33695913 -0.04532668
v 0.05757136 0.33632219 -0.06163479
v 0.05757136 0.33531057 -0.07799072
v 0.05757136 0.33373695 -0.09429882
v 0.05757136 0.33752113 -0.01271047
v 0.05757136 0.33753988 0.00354981
v 0.05757136 0.33735253 0.01985791
v 0.05757136 0.33701533 0.03616602
v 0.05757136 0.33650954 0.05247412
v 0.05757136 0.33581639 0.06887788
v 0.05757136 0.33469239 0.08518598
v 0.07373259 0.33308128 0.10154191
v 0.07373259 0.33133906 0.11435883
v 0.07373259 0.33012136 0.12248898
v 0.07373259 0.32762979 0.13415812
v -0.11480291 0.30805318 -0.15962688
v -0.04464846 0.31374821 -0.16646577
v -0.03943279 0.31584638 -0.16048772
v -0.02349193 0.31753239 -0.15962688
v -0.00729397 0.32270287 -0.14331878
v 0.00622270 0.32350841 -0.14331878
v 0.00894073 0.32365828 -0.14327096
v 0.02513869 0.32437016 -0.14327096
v 0.02513869 0.32206593 0.15046622
v 0.00894073 0.32131658 0.15046622
v 0.00622270 0.32049231 0.15290526
v 0.00625943 0.32118543 0.15046622
v -0.00729397 0.32036117 0.15046622
v -0.02349193 0.31569651 0.16342661
v -0.02349193 0.31918095 0.15046622
v -0.03968989 0.31779465 0.15046622
v -0.11480291 0.32187858 0.10216362
v 0.05757136 0.32734880 0.13415812
v 0.04133666 0.32678680 0.13415812
v 0.02513869 0.32787335 -0.12696286
v 0.04133666 0.33042111 -0.11706321
v 0.04133666 0.33147018 -0.10893307
v 0.04133666 0.33665941 -0.01271047
v -0.11480291 0.32759233 -0.06168261
v -0.11480291 0.32789208 -0.04537451
v 0.04133666 0.33467363 -0.07799072
v -0.11480291 0.32684298 -0.07799072
v 0.04133666 0.33321243 -0.09429882
v 0.04133666 0.33671559 0.00354981
v 0.04133666 0.33650954 0.01985791
v -0.11480291 0.32774221 0.05252194
v 0.04133666 0.33568525 0.05247412
v 0.04133666 0.33510452 0.06887788
v 0.04133666 0.33407414 0.08518598
v 0.04133666 0.33225699 0.10154191
v 0.05757136 0.33281902 0.10154191
v 0.05757136 0.33118919 0.11345017
v 0.05757136 0.32999022 0.12153249
v -0.11480291 0.32094190 -0.11079822
v -0.11480291 0.32480104 -0.09559008
v -0.02349193 0.32135406 -0.14331878
v 0.00894073 0.32697412 -0.12696286
v 0.02513869 0.32603744 0.13415812
v 0.00894073 0.32513824 0.13415812
v 0.00622270 0.32435143 0.13683628
v 0.00622270 0.32496964 0.13415812
v -0.00729397 0.32405169 0.13415812
v -0.02349193 0.32274033 0.13415812
v -0.11480291 0.32588760 0.08513815
v 0.04133666 0.32970923 0.11971517
v 0.02513869 0.33006518 -0.11395463
v 0.02513869 0.33103932 -0.10577666
v -0.11480291 0.32807940 -0.01275830
v 0.02513869 0.33583512 0.00354981
v -0.11480291 0.32504458 -0.09429882
v -0.11480291 0.32802319 0.03616602
v -0.11480291 0.32718020 0.06839963
v -0.11480291 0.32599999 0.08418167
v 0.02605695 0.33141400 0.10192450
v 0.03208068 0.33072085 0.11015029
v 0.04133666 0.33092690 0.11148937
v 0.02605695 0.32940949 0.11651093
v 0.00894073 0.32813561 0.11785001
v -0.11480291 0.32811688 0.00345416
v -0.11480291 0.32811688 0.01985791
f 1 2 13
f 1 13 3
f 1 3 4
f 1 4 5
f 1 5 6
f 1 6 7
f 1 7 8
f 1 8 9
f 1 9 2
f 2 9 10
f 2 10 11
f 2 11 12
f 2 12 13
f 3 13 32
f 3 32 14
f 3 14 4
f 4 14 15
f 4 15 16
f 4 16 17
f 4 17 18
f 4 18 5
f 5 18 6
f 6 18 7
f 7 18 19
f 7 19 20
f 7 20 21
f 7 21 8
f 8 21 22
f 8 22 9
f 9 22 10
f 10 23 24
f 10 24 25
f 10 25 26
f 10 26 27
f 10 27 11
f 10 22 28
f 10 28 29
f 10 29 23
f 11 27 12
f 12 30 31
f 12 31 32
f 12 32 13
f 12 27 30
f 14 32 54
f 14 54 33
f 14 33 34
f 14 34 15
f 15 35 16
f 15 34 35
f 16 35 36
f 16 36 37
f 16 37 17
f 17 37 38
f 17 38 18
f 18 38 39
f 18 39 19
f 19 40 65
f 19 65 41
f 19 41 20
f 19 39 40
f 20 41 42
f 20 42 43
f 20 43 21
f 21 43 28
f 21 28 22
f 23 29 44
f 23 44 45
f 23 45 24
f 24 45 46
f 24 46 25
f 25 46 26
f 26 46 27
f 27 46 47
f 27 47 48
f 27 48 30
f 28 43 49
f 28 49 29
f 29 49 50
f 29 50 51
f 29 51 44
f 30 48 52
f 30 52 53
f 30 53 31
f 31 53 32
f 32 53 54
f 33 54 85
f 33 85 55
f 33 55 34
f 34 55 56
f 34 56 57
f 34 57 58
f 34 58 35
f 35 59 36
f 35 58 59
f 36 59 60
f 36 60 37
f 37 60 61
f 37 61 38
f 38 61 62
f 38 62 39
f 39 62 63
f 39 63 40
f 40 64 65
f 40 63 64
f 41 65 66
f 41 66 42
f 42 66 67
f 42 67 68
f 42 68 69
f 42 69 70
f 42 70 49
f 42 49 43
f 44 51 45
f 45 51 71
f 45 71 46
f 46 72 73
f 46 73 75
f 46 75 47
f 46 71 74
f 46 74 72
f 47 75 48
f 48 75 76
f 48 76 77
f 48 77 78
f 48 78 52
f 49 70 68
f 49 68 79
f 49 79 80
f 49 80 81
f 49 81 50
f 50 81 51
f 51 81 82
f 51 82 71
f 52 83 53
f 52 78 83
f 53 83 78
f 53 78 84
f 53 84 54
f 54 84 85
f 55 86 87
f 55 87 88
f 55 88 56
f 55 85 89
f 55 89 90
f 55 90 91
f 55 91 86
f 56 88 87
f 56 87 92
f 56 92 57
f 57 93 59
f 57 59 58
f 57 92 93
f 59 94 60
f 59 93 94
f 60 94 95
f 60 95 61
f 61 95 62
f 62 95 96
f 62 96 97
f 62 97 63
f 63 97 98
f 63 98 64
f 64 99 65
f 64 98 99
f 65 99 100
f 65 100 101
f 65 101 67
f 65 67 66
f 67 101 102
f 67 102 103
f 67 103 79
f 67 79 68
f 68 70 69
f 71 82 104
f 71 104 74
f 72 74 105
f 72 105 106
f 72 106 107
f 72 107 108
f 72 108 109
f 72 109 110
f 72 110 111
f 72 111 112
f 72 112 75
f 72 75 73
f 74 104 105
f 75 113 114
f 75 114 115
f 75 115 116
f 75 116 76
f 75 112 113
f 76 116 117
f 76 117 77
f 77 118 119
f 77 119 120
f 77 120 78
f 77 117 118
f 78 120 84
f 79 103 80
f 80 103 121
f 80 121 122
f 80 122 81
f 81 122 123
f 81 123 82
f 82 123 124
f 82 124 125
f 82 125 126
f 82 126 104
f 84 120 85
f 85 120 119
f 85 119 127
f 85 127 89
f 86 128 87
f 86 91 128
f 87 128 92
f 89 127 119
f 89 119 118
f 89 118 129
f 89 129 90
f 90 130 91
f 90 129 131
f 90 131 132
f 90 132 130
f 91 130 133
f 91 133 128
f 92 128 134
f 92 134 135
f 92 135 93
f 93 135 136
f 93 136 94
f 94 136 95
f 95 136 137
f 95 137 138
f 95 138 139
f 95 139 140
f 95 140 141
f 95 141 96
f 96 141 142
f 96 142 97
f 97 143 144
f 97 144 98
f 97 142 143
f 98 144 145
f 98 145 146
f 98 146 99
f 99 146 100
f 100 147 148
f 100 148 149
f 100 149 102
f 100 102 101
f 100 146 147
f 102 149 150
f 102 150 103
f 103 150 121
f 104 126 151
f 104 151 152
f 104 152 105
f 105 152 106
f 106 152 107
f 107 152 153
f 107 153 108
f 108 153 109
f 109 153 154
f 109 154 155
f 109 155 156
f 109 156 157
f 109 157 158
f 109 158 159
f 109 159 110
f 110 159 111
f 111 159 158
f 111 158 160
f 111 160 210
f 111 210 209
f 111 209 261
f 111 261 334
f 111 334 402
f 111 402 492
f 111 492 586
f 111 586 621
f 111 621 533
f 111 533 531
f 111 531 435
f 111 435 530
f 111 530 620
f 111 620 619
f 111 619 693
f 111 693 757
f 111 757 810
f 111 810 755
f 111 755 754
f 111 754 809
f 111 809 851
f 111 851 883
f 111 883 892
f 111 892 891
f 111 891 865
f 111 865 890
f 111 890 899
f 111 899 898
f 111 898 887
f 111 887 859
f 111 859 858
f 111 858 861
f 111 861 889
f 111 889 874
f 111 874 873
f 111 873 835
f 111 835 792
f 111 792 735
f 111 735 664
f 111 664 592
f 111 592 502
f 111 502 501
f 111 501 590
f 111 590 588
f 111 588 498
f 111 498 497
f 111 497 587
f 111 587 495
f 111 495 494
f 111 494 493
f 111 493 404
f 111 404 338
f 111 338 272
f 111 272 337
f 111 337 276
f 111 276 336
f 111 336 335
f 111 335 266
f 111 266 265
f 111 265 264
f 111 264 263
f 111 263 262
f 111 262 211
f 111 211 161
f 111 161 112
f 112 161 113
f 113 161 162
f 113 162 163
f 113 163 114
f 114 163 164
f 114 164 165
f 114 165 117
f 114 117 115
f 115 117 116
f 117 166 118
f 117 165 166
f 118 166 167
f 118 167 129
f 121 150 168
f 121 168 169
f 121 169 122
f 122 169 170
f 122 170 171
f 122 171 123
f 123 171 124
f 124 171 125
f 125 172 173
f 125 173 126
f 125 171 172
f 126 173 174
f 126 174 175
f 126 175 151
f 128 133 134
f 129 167 176
f 129 176 131
f 130 132 177
f 130 177 178
f 130 178 133
f 131 176 179
f 131 179 180
f 131 180 181
f 131 181 132
f 132 181 182
f 132 182 177
f 133 178 134
f 134 178 183
f 134 183 184
f 134 184 135
f 135 184 137
f 135 137 136
f 137 184 138
f 138 184 185
f 138 185 140
f 138 140 139
f 140 185 186
f 140 186 187
f 140 187 188
f 140 188 189
f 140 189 190
f 140 190 191
f 140 191 141
f 141 191 192
f 141 192 142
f 142 192 143
f 143 192 191
f 143 191 144
f 144 191 193
f 144 193 194
f 144 194 195
f 144 195 196
f 144 196 197
f 144 197 146
f 144 146 145
f 146 197 147
f 147 197 148
f 148 197 198
f 148 198 199
f 148 199 200
f 148 200 201
f 148 201 202
f 148 202 203
f 148 203 149
f 149 203 150
f 150 203 168
f 151 175 174
f 151 174 204
f 151 204 205
f 151 205 153
f 151 153 152
f 153 205 154
f 154 205 206
f 154 206 156
f 154 156 155
f 156 206 157
f 157 206 207
f 157 207 208
f 157 208 209
f 157 209 158
f 158 209 210
f 158 210 160
f 161 211 212
f 161 212 213
f 161 213 214
f 161 214 162
f 162 214 215
f 162 215 163
f 163 215 216
f 163 216 164
f 164 216 217
f 164 217 218
f 164 218 165
f 165 218 219
f 165 219 166
f 166 219 220
f 166 220 167
f 167 220 221
f 167 221 176
f 168 203 222
f 168 222 169
f 169 222 223
f 169 223 170
f 170 223 224
f 170 224 225
f 170 225 171
f 171 225 226
f 171 226 172
f 172 226 173
f 173 227 228
f 173 228 229
f 173 229 174
f 173 226 230
f 173 230 227
f 174 229 231
f 174 231 204
f 176 221 232
f 176 232 179
f 177 182 233
f 177 233 178
f 178 233 183
f 179 232 180
f 180 232 234
f 180 234 235
f 180 235 182
f 180 182 181
f 182 236 233
f 182 235 236
f 183 237 185
f 183 185 184
f 183 233 237
f 185 237 238
f 185 238 186
f 186 238 187
f 187 238 239
f 187 239 188
f 188 239 240
f 188 240 241
f 188 241 189
f 189 241 190
f 190 241 242
f 190 242 191
f 191 242 193
f 193 243 194
f 193 242 243
f 194 243 195
f 195 243 244
f 195 244 245
f 195 245 246
f 195 246 247
f 195 247 196
f 196 247 248
f 196 248 198
f 196 198 197
f 198 248 199
f 199 248 200
f 200 248 247
f 200 247 201
f 201 249 250
f 201 250 251
f 201 251 202
f 201 247 252
f 201 252 253
f 201 253 249
f 202 251 203
f 203 251 254
f 203 254 222
f 204 231 255
f 204 255 256
f 204 256 205
f 205 257 206
f 205 256 257
f 206 257 258
f 206 258 207
f 207 258 259
f 207 259 260
f 207 260 208
f 208 260 209
f 209 260 261
f 211 262 212
f 212 262 263
f 212 263 264
f 212 264 265
f 212 265 266
f 212 266 267
f 212 267 268
f 212 268 269
f 212 269 215
f 212 215 213
f 213 215 214
f 215 270 271
f 215 271 272
f 215 272 273
f 215 273 274
f 215 274 275
f 215 275 216
f 215 269 276
f 215 276 270
f 216 275 274
f 216 274 217
f 217 277 218
f 217 274 278
f 217 278 279
f 217 279 280
f 217 280 277
f 218 277 219
f 219 277 220
f 220 277 221
f 221 277 232
f 222 254 281
f 222 281 282
f 222 282 224
f 222 224 223
f 224 282 281
f 224 281 283
f 224 283 225
f 225 283 226
f 226 283 230
f 227 284 285
f 227 285 228
f 227 230 286
f 227 286 287
f 227 287 288
f 227 288 284
f 228 285 255
f 228 255 229
f 229 255 231
f 230 283 286
f 232 277 289
f 232 289 234
f 233 236 290
f 233 290 291
f 233 291 237
f 234 289 292
f 234 292 293
f 234 293 235
f 235 294 295
f 235 295 296
f 235 296 290
f 235 290 236
f 235 293 297
f 235 297 294
f 237 291 298
f 237 298 238
f 238 298 239
f 239 299 300
f 239 300 240
f 239 298 301
f 239 301 299
f 240 302 303
f 240 303 241
f 240 300 302
f 241 303 304
f 241 304 242
f 242 304 244
f 242 244 243
f 244 305 245
f 244 304 305
f 245 305 306
f 245 306 246
f 246 307 308
f 246 308 247
f 246 306 307
f 247 309 252
f 247 308 309
f 249 253 310
f 249 310 311
f 249 311 250
f 250 312 313
f 250 313 251
f 250 311 312
f 251 313 314
f 251 314 254
f 252 309 253
f 253 309 315
f 253 315 310
f 254 314 281
f 255 316 256
f 255 285 317
f 255 317 318
f 255 318 319
f 255 319 316
f 256 320 257
f 256 316 321
f 256 321 320
f 257 320 322
f 257 322 258
f 258 323 324
f 258 324 259
f 258 322 325
f 258 325 323
f 259 324 326
f 259 326 327
f 259 327 328
f 259 328 260
f 260 328 329
f 260 329 330
f 260 330 331
f 260 331 332
f 260 332 333
f 260 333 334
f 260 334 261
f 266 335 267
f 267 335 336
f 267 336 276
f 267 276 268
f 268 276 269
f 270 276 337
f 270 337 271
f 271 337 272
f 272 338 339
f 272 339 340
f 272 340 341
f 272 341 342
f 272 342 273
f 273 342 278
f 273 278 274
f 277 343 344
f 277 344 345
f 277 345 346
f 277 346 289
f 277 280 347
f 277 347 343
f 278 342 279
f 279 347 280
f 279 342 341
f 279 341 340
f 279 340 347
f 281 348 349
f 281 349 283
f 281 314 348
f 283 349 286
f 284 350 285
f 284 288 351
f 284 351 352
f 284 352 353
f 284 353 354
f 284 354 355
f 284 355 356
f 284 356 357
f 284 357 358
f 284 358 350
f 285 350 359
f 285 359 317
f 286 349 360
f 286 360 287
f 287 360 361
f 287 361 362
f 287 362 363
f 287 363 288
f 288 363 351
f 289 346 292
f 290 364 365
f 290 365 366
f 290 366 291
f 290 296 364
f 291 366 298
f 292 367 368
f 292 368 369
f 292 369 297
f 292 297 293
f 292 346 367
f 294 370 295
f 294 297 370
f 295 371 372
f 295 372 364
f 295 364 296
f 295 370 371
f 297 369 370
f 298 366 301
f 299 373 300
f 299 301 374
f 299 374 375
f 299 375 373
f 300 373 376
f 300 376 302
f 301 366 374
f 302 377 303
f 302 376 377
f 303 377 378
f 303 378 304
f 304 378 305
f 305 378 379
f 305 379 306
f 306 379 380
f 306 380 307
f 307 380 381
f 307 381 382
f 307 382 308
f 308 382 309
f 309 382 383
f 309 383 315
f 310 315 384
f 310 384 311
f 311 384 385
f 311 385 386
f 311 386 387
f 311 387 312
f 312 387 313
f 313 387 388
f 313 388 389
f 313 389 314
f 314 389 348
f 315 383 390
f 315 390 384
f 316 319 321
f 317 359 318
f 318 359 391
f 318 391 392
f 318 392 319
f 319 392 322
f 319 322 321
f 320 321 322
f 322 392 325
f 323 325 393
f 323 393 394
f 323 394 484
f 323 484 395
f 323 395 326
f 323 326 324
f 325 392 393
f 326 395 396
f 326 396 327
f 327 396 397
f 327 397 398
f 327 398 399
f 327 399 329
f 327 329 328
f 329 399 398
f 329 398 400
f 329 400 330
f 330 400 401
f 330 401 332
f 330 332 331
f 332 402 333
f 332 401 403
f 332 403 402
f 333 402 334
f 338 404 339
f 339 404 405
f 339 405 406
f 339 406 407
f 339 407 340
f 340 407 347
f 343 408 409
f 343 409 410
f 343 410 411
f 343 411 412
f 343 412 344
f 343 347 413
f 343 413 414
f 343 414 408
f 344 415 416
f 344 416 345
f 344 412 415
f 345 416 346
f 346 416 417
f 346 417 418
f 346 418 419
f 346 419 420
f 346 420 421
f 346 421 367
f 347 407 413
f 348 389 422
f 348 422 423
f 348 423 349
f 349 423 360
f 350 424 425
f 350 425 359
f 350 358 424
f 351 363 426
f 351 426 427
f 351 427 428
f 351 428 352
f 352 428 353
f 353 428 429
f 353 429 430
f 353 430 354
f 354 430 431
f 354 431 355
f 355 431 356
f 356 431 432
f 356 432 433
f 356 433 357
f 357 433 434
f 357 434 358
f 358 434 435
f 358 435 436
f 358 436 437
f 358 437 438
f 358 438 424
f 359 425 391
f 360 423 439
f 360 439 361
f 361 439 440
f 361 440 362
f 362 441 363
f 362 440 442
f 362 442 443
f 362 443 441
f 363 441 444
f 363 444 426
f 364 372 445
f 364 445 365
f 365 445 446
f 365 446 447
f 365 447 366
f 366 447 374
f 367 421 448
f 367 448 449
f 367 449 450
f 367 450 451
f 367 451 452
f 367 452 453
f 367 453 368
f 368 453 454
f 368 454 455
f 368 455 456
f 368 456 457
f 368 457 369
f 369 457 370
f 370 457 371
f 371 458 459
f 371 459 460
f 371 460 372
f 371 457 458
f 372 460 461
f 372 461 445
f 373 375 462
f 373 462 463
f 373 463 464
f 373 464 465
f 373 465 376
f 374 447 466
f 374 466 375
f 375 466 467
f 375 467 463
f 375 463 462
f 376 465 377
f 377 465 565
f 377 565 468
f 377 468 469
f 377 469 378
f 378 469 470
f 378 470 379
f 379 470 471
f 379 471 380
f 380 471 381
f 381 471 472
f 381 472 473
f 381 473 383
f 381 383 382
f 383 473 474
f 383 474 390
f 384 390 475
f 384 475 476
f 384 476 385
f 385 477 386
f 385 476 478
f 385 478 477
f 386 479 480
f 386 480 388
f 386 388 387
f 386 477 479
f 388 480 481
f 388 481 389
f 389 481 482
f 389 482 422
f 390 474 475
f 391 393 392
f 391 425 483
f 391 483 484
f 391 484 394
f 391 394 393
f 395 484 485
f 395 485 396
f 396 485 486
f 396 486 397
f 397 486 487
f 397 487 488
f 397 488 398
f 398 488 489
f 398 489 490
f 398 490 403
f 398 403 491
f 398 491 400
f 400 491 401
f 401 491 403
f 402 403 492
f 403 490 492
f 404 493 405
f 405 493 494
f 405 494 413
f 405 413 407
f 405 407 406
f 408 414 495
f 408 495 496
f 408 496 497
f 408 497 409
f 409 497 498
f 409 498 410
f 410 498 499
f 410 499 411
f 411 500 501
f 411 501 502
f 411 502 503
f 411 503 504
f 411 504 505
f 411 505 412
f 411 499 506
f 411 506 500
f 412 505 507
f 412 507 508
f 412 508 415
f 413 494 495
f 413 495 414
f 415 509 510
f 415 510 416
f 415 508 509
f 416 510 417
f 417 511 512
f 417 512 513
f 417 513 418
f 417 510 509
f 417 509 511
f 418 513 514
f 418 514 419
f 419 514 420
f 420 514 421
f 421 514 515
f 421 515 516
f 421 516 448
f 422 517 439
f 422 439 423
f 422 482 517
f 424 438 518
f 424 518 425
f 425 518 483
f 426 444 519
f 426 519 427
f 427 519 428
f 428 519 520
f 428 520 521
f 428 521 429
f 429 521 430
f 430 521 522
f 430 522 431
f 431 522 523
f 431 523 524
f 431 524 432
f 432 525 433
f 432 524 526
f 432 526 525
f 433 525 434
f 434 525 527
f 434 527 528
f 434 528 529
f 434 529 530
f 434 530 435
f 435 531 436
f 436 532 437
f 436 531 533
f 436 533 532
f 437 532 534
f 437 534 487
f 437 487 438
f 438 486 518
f 438 487 486
f 439 517 440
f 440 517 535
f 440 535 536
f 440 536 442
f 441 443 537
f 441 537 444
f 442 536 538
f 442 538 443
f 443 538 537
f 444 537 539
f 444 539 540
f 444 540 519
f 445 461 541
f 445 541 542
f 445 542 543
f 445 543 446
f 446 543 466
f 446 466 447
f 448 516 449
f 449 516 450
f 450 516 544
f 450 544 451
f 451 544 545
f 451 545 452
f 452 545 546
f 452 546 547
f 452 547 453
f 453 547 454
f 454 547 548
f 454 548 549
f 454 549 455
f 455 549 550
f 455 550 456
f 456 550 551
f 456 551 457
f 457 551 552
f 457 552 458
f 458 552 553
f 458 553 554
f 458 554 459
f 459 554 555
f 459 555 556
f 459 556 557
f 459 557 460
f 460 558 461
f 460 557 559
f 460 559 560
f 460 560 558
f 461 558 561
f 461 561 541
f 463 467 562
f 463 562 563
f 463 563 564
f 463 564 464
f 464 564 565
f 464 565 465
f 466 543 467
f 467 543 542
f 467 542 562
f 468 566 567
f 468 567 469
f 468 565 568
f 468 568 566
f 469 567 569
f 469 569 470
f 470 569 570
f 470 570 471
f 471 570 571
f 471 571 472
f 472 571 654
f 472 654 572
f 472 572 473
f 473 572 474
f 474 573 476
f 474 476 475
f 474 572 573
f 476 573 478
f 477 478 574
f 477 574 575
f 477 575 479
f 478 573 576
f 478 576 577
f 478 577 578
f 478 578 574
f 479 575 579
f 479 579 580
f 479 580 481
f 479 481 480
f 481 580 581
f 481 581 582
f 481 582 583
f 481 583 584
f 481 584 482
f 482 584 517
f 483 518 485
f 483 485 484
f 485 518 486
f 487 534 488
f 488 534 585
f 488 585 492
f 488 492 490
f 488 490 489
f 492 585 586
f 495 587 496
f 496 587 497
f 498 588 589
f 498 589 506
f 498 506 499
f 500 588 590
f 500 590 501
f 500 506 591
f 500 591 588
f 502 592 593
f 502 593 504
f 502 504 503
f 504 593 505
f 505 593 594
f 505 594 507
f 506 589 588
f 506 588 591
f 507 594 595
f 507 595 508
f 508 595 596
f 508 596 597
f 508 597 598
f 508 598 599
f 508 599 600
f 508 600 509
f 509 600 511
f 511 600 601
f 511 601 512
f 512 601 600
f 512 600 599
f 512 599 602
f 512 602 513
f 513 602 603
f 513 603 604
f 513 604 514
f 514 604 605
f 514 605 515
f 515 605 606
f 515 606 607
f 515 607 516
f 516 607 608
f 516 608 544
f 517 584 535
f 519 540 520
f 520 540 609
f 520 609 610
f 520 610 611
f 520 611 522
f 520 522 521
f 522 611 523
f 523 611 612
f 523 612 524
f 524 612 613
f 524 613 526
f 525 526 527
f 526 613 527
f 527 613 612
f 527 612 614
f 527 614 615
f 527 615 528
f 528 615 616
f 528 616 529
f 529 616 617
f 529 617 618
f 529 618 619
f 529 619 620
f 529 620 530
f 532 533 621
f 532 621 585
f 532 585 534
f 535 584 622
f 535 622 623
f 535 623 536
f 536 623 538
f 537 538 624
f 537 624 539
f 538 623 625
f 538 625 626
f 538 626 624
f 539 624 627
f 539 627 628
f 539 628 540
f 540 628 609
f 541 561 629
f 541 629 630
f 541 630 631
f 541 631 542
f 542 631 562
f 544 608 632
f 544 632 545
f 545 632 546
f 546 632 548
f 546 548 547
f 548 632 633
f 548 633 634
f 548 634 549
f 549 634 550
f 550 634 635
f 550 635 551
f 551 635 552
f 552 635 553
f 553 635 636
f 553 636 555
f 553 555 554
f 555 636 637
f 555 637 638
f 555 638 556
f 556 638 559
f 556 559 557
f 558 560 629
f 558 629 561
f 559 638 639
f 559 639 640
f 559 640 560
f 560 640 641
f 560 641 629
f 562 631 642
f 562 642 563
f 563 642 643
f 563 643 644
f 563 644 645
f 563 645 564
f 564 645 568
f 564 568 565
f 566 646 567
f 566 568 647
f 566 647 646
f 567 646 648
f 567 648 649
f 567 649 569
f 568 645 650
f 568 650 647
f 569 649 651
f 569 651 570
f 570 651 652
f 570 652 571
f 571 652 653
f 571 653 654
f 572 654 573
f 573 655 576
f 573 654 655
f 574 578 656
f 574 656 575
f 575 656 579
f 576 655 657
f 576 657 577
f 577 657 658
f 577 658 578
f 578 658 656
f 579 656 659
f 579 659 660
f 579 660 580
f 580 660 581
f 581 660 661
f 581 661 582
f 582 662 663
f 582 663 583
f 582 661 662
f 583 663 584
f 584 663 622
f 585 621 586
f 592 664 665
f 592 665 666
f 592 666 667
f 592 667 668
f 592 668 593
f 593 668 669
f 593 669 594
f 594 669 595
f 595 669 596
f 596 669 597
f 597 669 602
f 597 602 598
f 598 602 599
f 602 669 670
f 602 670 671
f 602 671 603
f 603 671 672
f 603 672 604
f 604 672 673
f 604 673 606
f 604 606 605
f 606 673 674
f 606 674 675
f 606 675 676
f 606 676 677
f 606 677 607
f 607 677 678
f 607 678 608
f 608 678 633
f 608 633 632
f 609 628 679
f 609 679 680
f 609 680 681
f 609 681 610
f 610 681 682
f 610 682 683
f 610 683 684
f 610 684 685
f 610 685 611
f 611 685 683
f 611 683 612
f 612 683 686
f 612 686 687
f 612 687 614
f 614 688 615
f 614 687 688
f 615 688 687
f 615 687 689
f 615 689 690
f 615 690 616
f 616 690 691
f 616 691 617
f 617 691 618
f 618 691 692
f 618 692 693
f 618 693 619
f 622 663 694
f 622 694 623
f 623 694 695
f 623 695 625
f 624 626 696
f 624 696 697
f 624 697 627
f 625 695 698
f 625 698 699
f 625 699 626
f 626 699 700
f 626 700 696
f 627 697 628
f 628 697 679
f 629 641 630
f 630 641 701
f 630 701 642
f 630 642 631
f 633 678 702
f 633 702 703
f 633 703 634
f 634 703 704
f 634 704 705
f 634 705 635
f 635 705 636
f 636 704 706
f 636 706 637
f 636 705 704
f 637 706 707
f 637 707 708
f 637 708 639
f 637 639 638
f 639 708 709
f 639 709 710
f 639 710 640
f 640 710 711
f 640 711 641
f 641 711 701
f 642 701 712
f 642 712 643
f 643 712 713
f 643 713 644
f 644 714 650
f 644 650 645
f 644 713 715
f 644 715 714
f 646 716 648
f 646 647 717
f 646 717 716
f 647 650 718
f 647 718 717
f 648 716 719
f 648 719 720
f 648 720 649
f 649 720 722
f 649 722 651
f 650 714 721
f 650 721 718
f 651 722 723
f 651 723 652
f 652 723 724
f 652 724 653
f 653 724 725
f 653 725 726
f 653 726 654
f 654 726 655
f 655 726 727
f 655 727 657
f 656 658 659
f 657 727 728
f 657 728 729
f 657 729 658
f 658 729 730
f 658 730 659
f 659 730 731
f 659 731 660
f 660 731 732
f 660 732 661
f 661 732 733
f 661 733 734
f 661 734 662
f 662 734 694
f 662 694 663
f 664 735 736
f 664 736 669
f 664 669 668
f 664 668 667
f 664 667 666
f 664 666 665
f 669 736 737
f 669 737 670
f 670 737 671
f 671 737 738
f 671 738 739
f 671 739 674
f 671 674 672
f 672 674 673
f 674 739 675
f 675 739 740
f 675 740 676
f 676 740 741
f 676 741 742
f 676 742 677
f 677 742 743
f 677 743 744
f 677 744 678
f 678 744 745
f 678 745 702
f 679 697 746
f 679 746 747
f 679 747 748
f 679 748 680
f 680 748 681
f 681 748 749
f 681 749 750
f 681 750 682
f 682 750 751
f 682 751 752
f 682 752 687
f 682 687 686
f 682 686 683
f 683 685 684
f 687 752 689
f 689 752 690
f 690 752 753
f 690 753 691
f 691 753 692
f 692 753 754
f 692 754 755
f 692 755 756
f 692 756 757
f 692 757 693
f 694 734 695
f 695 734 758
f 695 758 759
f 695 759 698
f 696 700 697
f 697 700 746
f 698 759 699
f 699 759 760
f 699 760 700
f 700 760 761
f 700 761 746
f 701 711 712
f 702 745 762
f 702 762 763
f 702 763 703
f 703 763 704
f 704 763 764
f 704 764 706
f 706 764 765
f 706 765 707
f 707 765 766
f 707 766 767
f 707 767 768
f 707 768 708
f 708 768 709
f 709 768 769
f 709 769 770
f 709 770 710
f 710 770 771
f 710 771 711
f 711 771 712
f 712 771 713
f 713 771 770
f 713 770 715
f 714 715 772
f 714 772 721
f 715 770 769
f 715 769 772
f 716 773 719
f 716 717 774
f 716 774 773
f 717 718 775
f 717 775 774
f 718 721 776
f 718 776 775
f 719 773 777
f 719 777 720
f 720 778 779
f 720 779 722
f 720 777 778
f 721 772 780
f 721 780 776
f 722 779 781
f 722 781 723
f 723 782 724
f 723 781 782
f 724 782 783
f 724 783 725
f 725 783 784
f 725 784 785
f 725 785 726
f 726 785 727
f 727 785 786
f 727 786 728
f 728 786 787
f 728 787 788
f 728 788 730
f 728 730 729
f 730 788 731
f 731 789 732
f 731 788 789
f 732 789 790
f 732 790 733
f 733 790 791
f 733 791 758
f 733 758 734
f 735 792 793
f 735 793 794
f 735 794 738
f 735 738 737
f 735 737 736
f 738 794 793
f 738 793 739
f 739 793 795
f 739 795 740
f 740 795 741
f 741 795 742
f 742 795 796
f 742 796 797
f 742 797 798
f 742 798 743
f 743 798 744
f 744 798 745
f 745 798 799
f 745 799 762
f 746 761 800
f 746 800 747
f 747 800 748
f 748 800 801
f 748 801 802
f 748 802 749
f 749 802 751
f 749 751 750
f 751 802 803
f 751 803 804
f 751 804 805
f 751 805 752
f 752 805 806
f 752 806 754
f 752 754 753
f 754 806 807
f 754 807 808
f 754 808 809
f 755 810 756
f 756 810 757
f 758 791 759
f 759 791 811
f 759 811 760
f 760 811 812
f 760 812 761
f 761 812 813
f 761 813 800
f 762 799 814
f 762 814 764
f 762 764 763
f 764 814 765
f 765 814 815
f 765 815 816
f 765 816 766
f 766 816 817
f 766 817 780
f 766 780 818
f 766 818 767
f 767 818 768
f 768 818 769
f 769 818 772
f 772 818 780
f 773 819 824
f 773 824 777
f 773 774 820
f 773 820 819
f 774 775 821
f 774 821 820
f 775 776 822
f 775 822 821
f 776 780 823
f 776 823 822
f 777 824 825
f 777 825 778
f 778 825 826
f 778 826 779
f 779 826 827
f 779 827 781
f 780 817 823
f 781 827 828
f 781 828 782
f 782 828 829
f 782 829 783
f 783 829 830
f 783 830 784
f 784 830 870
f 784 870 831
f 784 831 785
f 785 831 786
f 786 831 832
f 786 832 787
f 787 832 833
f 787 833 789
f 787 789 788
f 789 833 790
f 790 833 834
f 790 834 791
f 791 834 811
f 792 835 836
f 792 836 793
f 793 836 837
f 793 837 838
f 793 838 796
f 793 796 795
f 796 838 839
f 796 839 840
f 796 840 797
f 797 840 841
f 797 841 798
f 798 841 842
f 798 842 799
f 799 842 814
f 800 813 801
f 801 813 843
f 801 843 844
f 801 844 802
f 802 844 845
f 802 845 803
f 803 845 804
f 804 845 846
f 804 846 847
f 804 847 848
f 804 848 805
f 805 848 806
f 806 848 807
f 807 848 849
f 807 849 850
f 807 850 808
f 808 850 809
f 809 850 851
f 811 834 852
f 811 852 812
f 812 852 813
f 813 852 853
f 813 853 843
f 814 842 815
f 815 854 855
f 815 855 816
f 815 842 854
f 816 855 856
f 816 856 817
f 817 856 823
f 819 857 824
f 819 820 858
f 819 858 859
f 819 859 857
f 820 821 858
f 821 822 860
f 821 860 861
f 821 861 858
f 822 823 862
f 822 862 860
f 823 856 862
f 824 857 863
f 824 863 825
f 825 863 826
f 826 864 865
f 826 865 827
f 826 863 864
f 827 865 866
f 827 866 828
f 828 866 867
f 828 867 829
f 829 867 868
f 829 868 830
f 830 868 869
f 830 869 870
f 831 870 832
f 832 871 872
f 832 872 833
f 832 870 871
f 833 872 852
f 833 852 834
f 835 873 836
f 836 873 837
f 837 873 874
f 837 874 838
f 838 874 875
f 838 875 839
f 839 875 874
f 839 874 876
f 839 876 840
f 840 876 854
f 840 854 841
f 841 854 842
f 843 853 877
f 843 877 844
f 844 877 846
f 844 846 845
f 846 877 878
f 846 878 879
f 846 879 847
f 847 879 880
f 847 880 881
f 847 881 849
f 847 849 848
f 849 881 882
f 849 882 883
f 849 883 850
f 850 883 851
f 852 872 853
f 853 872 884
f 853 884 877
f 854 876 885
f 854 885 855
f 855 885 856
f 856 885 886
f 856 886 862
f 857 887 888
f 857 888 863
f 857 859 887
f 860 862 861
f 861 862 889
f 862 886 889
f 863 888 890
f 863 890 864
f 864 890 865
f 865 891 866
f 866 891 867
f 867 891 868
f 868 891 892
f 868 892 893
f 868 893 869
f 869 893 894
f 869 894 895
f 869 895 870
f 870 895 871
f 871 895 884
f 871 884 872
f 874 889 876
f 876 889 885
f 877 884 878
f 878 880 879
f 878 884 896
f 878 896 897
f 878 897 880
f 880 897 883
f 880 883 881
f 881 883 882
f 883 897 896
f 883 896 894
f 883 894 893
f 883 893 892
f 884 895 894
f 884 894 896
f 885 889 886
f 887 898 888
f 888 898 899
f 888 899 890

o geometry_1
v -0.21177310 -0.04158037 -0.17598538
v -0.21090771 -0.04158037 -0.18652560
v -0.21090771 -0.05812310 -0.18638782
v -0.21176100 -0.05812310 -0.17598538
v -0.21076853 -0.05812310 -0.16610536
v -0.21082299 0.13645097 -0.16566331
v -0.21174890 0.13645097 -0.17598538
v -0.21154314 0.13645097 -0.17869507
v -0.21084115 0.13645097 -0.18758193
v -0.20762772 0.13645097 -0.19574543
v -0.21079273 -0.12429403 -0.18584818
v -0.21159156 -0.12429403 -0.17598538
v -0.21069591 -0.14105407 -0.16638091
v -0.21071406 -0.12429403 -0.16620870
v -0.20389990 0.13645097 -0.15818296
v -0.20569119 0.13645097 -0.19768583
v -0.20730697 0.09076150 -0.19544690
v -0.21073827 -0.14105407 -0.18572762
v -0.21151288 -0.14083678 -0.17598538
v -0.21150682 -0.14105407 -0.17598538
v -0.21068380 -0.14105407 -0.16626610
v -0.20229621 0.13645097 -0.15685682
v -0.20848101 -0.14105407 -0.16429123
v -0.20038994 -0.14105407 -0.15705776
v -0.19951849 0.13645097 -0.20374819
v -0.19920380 0.09076150 -0.20355300
v -0.20710727 0.07421877 -0.19535505
v -0.20561856 -0.04158037 -0.19468910
v -0.20429326 -0.14083678 -0.19389112
v -0.20428720 -0.14105407 -0.19389112
v -0.21150078 -0.14105407 -0.17610019
v -0.18552706 0.13645097 -0.14852682
v -0.18801428 -0.14105407 -0.15180486
v -0.18559968 0.13645097 -0.20716974
v -0.19899806 0.07421877 -0.20344392
v -0.19618403 -0.14105407 -0.20198575
v -0.20419038 -0.14105407 -0.19398873
v -0.17932411 0.13645097 -0.14892295
v -0.18559968 -0.14105407 -0.15170727
v -0.16939939 0.13645097 -0.20661862
v -0.18559968 0.07421877 -0.20651528
v -0.18559968 -0.12429403 -0.20439118
v -0.18559968 -0.14083678 -0.20419597
v -0.18559968 -0.14105407 -0.20419024
v -0.16939939 0.13645097 -0.14981278
v -0.17060972 -0.14105407 -0.15450881
v -0.15770758 0.13645097 -0.20319707
v -0.16003142 -0.02503763 -0.20165278
v -0.16939939 0.00802067 -0.20478729
v -0.17038580 -0.14105407 -0.20267465
v -0.18542418 -0.14105407 -0.20417301
v -0.16591969 0.13645097 -0.15135134
v -0.15803437 -0.14105407 -0.16315455
v -0.15218847 0.13645097 -0.19230665
v -0.16023718 -0.04158037 -0.20144610
v -0.16939939 -0.02503763 -0.20427635
v -0.16939939 -0.00849490 -0.20454043
v -0.17028898 -0.14105407 -0.20264021
v -0.15348353 0.13645097 -0.16002005
v -0.15464543 -0.14105407 -0.17598538
v -0.14994935 0.13645097 -0.17694410
v -0.15782862 -0.14105407 -0.19139386
v -0.15788308 -0.14105407 -0.19160627
v -0.16217371 -0.14105407 -0.19967217
v -0.16228263 -0.14105407 -0.19976977
f 900 901 902
f 900 902 903
f 900 903 904
f 900 904 905
f 900 905 906
f 900 906 907
f 900 907 908
f 900 908 901
f 901 908 909
f 901 909 902
f 902 910 903
f 902 909 910
f 903 910 911
f 903 911 912
f 903 912 913
f 903 913 904
f 904 913 905
f 905 914 921
f 905 921 931
f 905 931 937
f 905 937 944
f 905 944 951
f 905 951 958
f 905 958 960
f 905 960 953
f 905 953 946
f 905 946 939
f 905 939 933
f 905 933 924
f 905 924 915
f 905 915 909
f 905 909 908
f 905 908 907
f 905 907 906
f 905 913 914
f 909 915 916
f 909 916 917
f 909 917 910
f 910 917 911
f 911 917 918
f 911 918 912
f 912 918 919
f 912 919 930
f 912 930 917
f 912 917 929
f 912 929 936
f 912 936 935
f 912 935 943
f 912 943 950
f 912 950 949
f 912 949 957
f 912 957 964
f 912 964 963
f 912 963 962
f 912 962 961
f 912 961 959
f 912 959 952
f 912 952 945
f 912 945 938
f 912 938 932
f 912 932 923
f 912 923 922
f 912 922 920
f 912 920 913
f 913 920 914
f 914 920 922
f 914 922 923
f 914 923 921
f 915 924 925
f 915 925 916
f 916 925 926
f 916 926 917
f 917 927 928
f 917 928 929
f 917 930 918
f 917 926 927
f 918 930 919
f 921 923 931
f 923 932 931
f 924 933 925
f 925 933 934
f 925 934 927
f 925 927 926
f 927 935 928
f 927 934 935
f 928 935 936
f 928 936 929
f 931 932 938
f 931 938 937
f 933 939 940
f 933 940 935
f 933 935 934
f 935 941 942
f 935 942 943
f 935 940 941
f 937 938 944
f 938 945 944
f 939 946 947
f 939 947 948
f 939 948 942
f 939 942 941
f 939 941 940
f 942 949 950
f 942 950 943
f 942 948 949
f 944 945 951
f 945 952 951
f 946 953 954
f 946 954 947
f 947 954 955
f 947 955 956
f 947 956 948
f 948 956 949
f 949 956 955
f 949 955 954
f 949 954 957
f 951 952 958
f 952 959 958
f 953 960 959
f 953 959 961
f 953 961 962
f 953 962 954
f 954 962 963
f 954 963 964
f 954 964 957
f 958 959 960

o geometry_2
v -0.18560933 0.13645097 -0.20716005
v -0.18560933 0.17349788 -0.21380130
v -0.16939555 0.17349788 -0.21465273
v -0.11482881 0.17184335 -0.21614276
v -0.16939555 0.13645097 -0.20660664
v -0.19951491 0.13645097 -0.20371171
v -0.20180905 0.17349788 -0.20907580
v -0.20180905 0.19004309 -0.21056583
v -0.18560933 0.19004309 -0.21435475
v -0.18560933 0.20658832 -0.21465273
v -0.11482881 0.19058261 -0.21695162
v -0.11482881 0.18184242 -0.21673879
v -0.11482881 0.17907290 -0.21661108
v -0.11482881 0.15896685 -0.20860751
v -0.15771372 0.13645097 -0.20315830
v -0.20569361 0.13645097 -0.19766649
v -0.21073227 0.16263558 -0.20137026
v -0.21215379 0.17349788 -0.20273257
v -0.21357530 0.19004309 -0.20383946
v -0.21800875 0.42164022 -0.21231128
v -0.20180905 0.20658832 -0.21111927
v -0.20180905 0.38854977 -0.21520617
v -0.20180905 0.22313353 -0.21150241
v -0.21800875 0.43818543 -0.21277957
v -0.18560933 0.22313353 -0.21490819
v -0.11482881 0.20658832 -0.21716449
v -0.11482881 0.15601750 -0.20209398
v -0.11482881 0.15159345 -0.19230240
v -0.15219653 0.13645097 -0.19230240
v -0.20762180 0.13645097 -0.19570818
v -0.21702355 0.17349788 -0.19230240
v -0.22027475 0.19004309 -0.19230240
v -0.22304743 0.22313353 -0.19400529
v -0.22356818 0.23967877 -0.19583589
v -0.22407486 0.25622398 -0.19719820
v -0.24057013 0.45473064 -0.19783677
v -0.23170322 0.43818543 -0.20520174
v -0.23246324 0.45473064 -0.20532945
v -0.20180905 0.40509498 -0.21533389
v -0.18560933 0.25622398 -0.21524877
v -0.21800875 0.45473064 -0.21286472
v -0.11482881 0.22313353 -0.21724964
v -0.11482881 0.15098199 -0.17595473
v -0.14995869 0.13645097 -0.17693390
v -0.21084486 0.13645097 -0.18757691
v -0.22365263 0.19004309 -0.17595473
v -0.22627048 0.21360204 -0.18455430
v -0.22287854 0.20748751 -0.19089753
v -0.22676308 0.22313353 -0.18583146
v -0.22759348 0.23967877 -0.18766206
v -0.22833943 0.25622398 -0.18906693
v -0.24504581 0.45473064 -0.18970552
v -0.23975381 0.47127585 -0.19604876
v -0.23166100 0.47127585 -0.20481860
v -0.21800875 0.47127585 -0.21209841
v -0.20180905 0.42164022 -0.21541904
v -0.18560933 0.27276919 -0.21533389
v -0.20180905 0.47127585 -0.21478047
v -0.20180905 0.45473064 -0.21524877
v -0.20180905 0.43818543 -0.21541904
v -0.11482881 0.23967877 -0.21695162
v -0.11482881 0.15076618 -0.16995207
v -0.11482881 0.15029859 -0.15364696
v -0.11482881 0.15001086 -0.14330198
v -0.11482881 0.14961521 -0.12699686
v -0.11482881 0.14932746 -0.11064919
v -0.11482881 0.14911166 -0.09434409
v -0.11482881 0.14907569 -0.08834142
v -0.11482881 0.14796069 0.18314065
v -0.14735492 0.13645097 0.18314065
v -0.21153450 0.13645097 -0.17867935
v -0.22565120 0.20216427 -0.17595473
v -0.21174563 0.13645097 -0.17595473
v -0.22456747 0.19169762 -0.15811703
v -0.22597491 0.19921491 -0.16254454
v -0.22679123 0.21043687 -0.17595473
v -0.22845202 0.22313353 -0.17595473
v -0.23035208 0.23967877 -0.17595473
v -0.23205508 0.25622398 -0.17595473
v -0.24990151 0.45473064 -0.17595473
v -0.24417320 0.47127585 -0.18791748
v -0.22904315 0.48271366 -0.20298800
v -0.24269540 0.48005203 -0.18498003
v -0.20180905 0.48782109 -0.20996983
v -0.21764282 0.48807288 -0.20571262
v -0.11482881 0.25705123 -0.21597248
v -0.11482881 0.25025331 -0.21648333
v -0.18560933 0.47127585 -0.21018269
v -0.11482881 0.14806860 0.19506081
v -0.14746752 0.13645097 0.18356635
v -0.22988761 0.22313353 -0.15964965
v -0.22496156 0.18720164 0.00357166
v -0.22493340 0.18741744 -0.01269086
v -0.22489118 0.18763325 -0.02903854
v -0.22462376 0.18874825 -0.11064919
v -0.22456747 0.18903600 -0.12699686
v -0.22444080 0.18961148 -0.14330198
v -0.21084486 0.13645097 0.18314065
v -0.22503192 0.18705776 0.08518232
v -0.22504600 0.18705776 0.06887721
v -0.22501784 0.18702180 0.03622444
v -0.22500377 0.18705776 0.01987677
v -0.22612973 0.19831571 -0.15164609
v -0.22715717 0.20547330 -0.15811703
v -0.23212545 0.23967877 -0.15964965
v -0.23405366 0.25622398 -0.15964965
v -0.23574259 0.27276919 -0.15964965
v -0.23733301 0.28931443 -0.15964965
v -0.25153415 0.43818543 -0.15964965
v -0.25304013 0.45473064 -0.15964965
v -0.24769181 0.47127585 -0.17595473
v -0.21199896 0.49720871 -0.20196626
v -0.23436329 0.48479979 -0.19115296
v -0.22314595 0.49400757 -0.19230240
v -0.25008449 0.47127585 -0.15964965
v -0.24355392 0.48105912 -0.17595473
v -0.23280102 0.49044674 -0.17548644
v -0.22546823 0.49569804 -0.18059511
v -0.20180905 0.49789210 -0.20298800
v -0.19097171 0.49738858 -0.20230684
v -0.18559526 0.48771320 -0.20515918
v -0.17612314 0.48213816 -0.20188114
v -0.11482881 0.26582741 -0.21256670
v -0.11482881 0.14864408 0.19808342
v -0.15343510 0.13645097 0.19940317
v -0.23045059 0.22313353 -0.14330198
v -0.23280102 0.23967877 -0.14330198
v -0.22670679 0.19547425 0.00357166
v -0.22638307 0.19702086 -0.11064919
v -0.22634084 0.19730860 -0.12699686
v -0.22621418 0.19788408 -0.14330198
v -0.21023966 0.13645097 0.19195305
v -0.21951473 0.17349788 0.18314065
v -0.22475043 0.19137390 0.16692069
v -0.22468006 0.18860439 0.15048787
v -0.22484895 0.18770519 0.13418276
v -0.22491933 0.18730953 0.11783509
v -0.22497563 0.18712969 0.10152999
v -0.22670679 0.19558215 0.11783509
v -0.22672086 0.19540231 0.10152999
v -0.22672086 0.19533037 0.08518232
v -0.22673493 0.19529441 0.03622444
v -0.22673493 0.19533037 0.01987677
v -0.22776238 0.20658832 -0.14330198
v -0.23482775 0.25622398 -0.14330198
v -0.25429276 0.42164022 -0.11064919
v -0.25606612 0.43818543 -0.11064919
v -0.25502462 0.43818543 -0.12699686
v -0.25350458 0.43818543 -0.14330198
v -0.25481349 0.45473064 -0.14330198
v -0.21503905 0.49882724 -0.19230240
v -0.20180905 0.50163279 -0.19230240
v -0.24448285 0.48203027 -0.15964965
v -0.25136526 0.47127585 -0.14330198
v -0.23491220 0.49030288 -0.15964965
v -0.22645345 0.49634545 -0.16969665
v -0.21924732 0.49936679 -0.17548644
v -0.18559526 0.49846756 -0.19115296
v -0.17719280 0.49634545 -0.18498003
v -0.18017658 0.49318028 -0.19587845
v -0.17392751 0.48771320 -0.19115296
v -0.16244274 0.47591571 -0.17897737
v -0.16072567 0.46490954 -0.18527801
v -0.16617249 0.47077234 -0.19132326
v -0.11482881 0.27226564 -0.20954410
v -0.11482881 0.15001086 0.20323465
v -0.15661592 0.13645097 0.20127634
v -0.22798756 0.20658832 -0.12699686
v -0.23066170 0.22313353 -0.12699686
v -0.23306845 0.23967877 -0.12699686
v -0.23515147 0.25622398 -0.12699686
v -0.22867722 0.20658832 0.01987677
v -0.22862091 0.20658832 0.00357166
v -0.22569343 0.21935692 0.18935617
v -0.22313186 0.19004309 0.18314065
v -0.20380762 0.13645097 0.19799830
v -0.20721364 0.17349788 0.20561870
v -0.21433532 0.17349788 0.19744486
v -0.22601713 0.19903507 0.17241247
v -0.22624233 0.19774022 0.16155660
v -0.22642529 0.19687699 0.15048787
v -0.22660827 0.19597779 0.13418276
v -0.22852240 0.20658832 0.13418276
v -0.22867722 0.20658832 0.11783509
v -0.22869129 0.20658832 0.10152999
v -0.25522165 0.42164022 -0.07799642
v -0.25298381 0.40509498 -0.09434409
v -0.25488387 0.42164022 -0.09434409
v -0.25668540 0.43818543 -0.09434409
v -0.25691061 0.45473064 -0.11064919
v -0.25608021 0.45473064 -0.12699686
v -0.20180905 0.50364697 -0.17595473
v -0.25223787 0.47127585 -0.12699686
v -0.24496138 0.48238995 -0.14330198
v -0.22680531 0.49663325 -0.15964965
v -0.23517961 0.49066256 -0.14330198
v -0.21800875 0.50058966 -0.15964965
v -0.18560933 0.50033791 -0.17595473
v -0.17668612 0.49670513 -0.17595473
v -0.16083826 0.48019590 -0.15964965
v -0.16123235 0.47965638 -0.16807891
v -0.15961378 0.47077234 -0.17450730
v -0.15539144 0.45473064 -0.17595473
v -0.11482881 0.28244457 -0.20179599
v -0.16939555 0.13645097 0.20698101
v -0.11482881 0.15828347 0.21157879
v -0.23114024 0.22313353 0.00357166
v -0.23312475 0.23967877 -0.11064919
v -0.23526406 0.25622398 -0.11064919
v -0.25399720 0.40509498 -0.01269086
v -0.25582688 0.42164022 -0.02903854
v -0.25565796 0.42164022 -0.04534364
v -0.25546092 0.42164022 -0.06169131
v -0.23118247 0.22313353 0.01987677
v -0.22621418 0.23039904 0.19148476
v -0.22911352 0.23967877 0.18314065
v -0.22742459 0.22417661 0.18360894
v -0.22681938 0.21007719 0.17850028
v -0.22522897 0.20536541 0.18360894
v -0.20180905 0.13645097 0.19987146
v -0.19665778 0.16015380 0.20919475
v -0.19910675 0.17349788 0.21025904
v -0.20880405 0.19004309 0.20698101
v -0.21595389 0.19004309 0.19880717
v -0.22984540 0.22313353 0.16683554
v -0.22725570 0.20536541 0.16692069
v -0.22814238 0.20658832 0.15048787
v -0.23068986 0.22313353 0.15048787
v -0.23105581 0.22313353 0.13418276
v -0.23118247 0.22313353 0.11783509
v -0.23119654 0.22313353 0.10152999
v -0.25705136 0.43818543 -0.07799642
v -0.25730469 0.43818543 -0.06169131
v -0.25745949 0.45473064 -0.09434409
v -0.18560933 0.50037388 -0.15964965
v -0.21800875 0.50073356 -0.14330198
v -0.21800875 0.50098532 0.13418276
v -0.20180905 0.50389873 0.16683554
v -0.18560933 0.50080551 0.16683554
v -0.25274455 0.47127585 -0.11064919
v -0.24529917 0.48260573 -0.12699686
v -0.22707272 0.49681306 -0.14330198
v -0.24546806 0.48264171 -0.11064919
v -0.23510924 0.49087837 -0.12699686
v -0.17640462 0.49684903 -0.15964965
v -0.16034565 0.48084331 -0.14330198
v -0.15553219 0.47127585 -0.14330198
v -0.15696778 0.47127585 -0.15964965
v -0.15150688 0.45473064 -0.15964965
v -0.11482881 0.30053639 -0.17812591
v -0.17326601 0.13645097 0.20710872
v -0.11482881 0.16403833 0.21336680
v -0.23339216 0.23967877 0.00357166
v -0.23342031 0.23967877 0.01987677
v -0.25199860 0.38854977 0.00357166
v -0.25595354 0.42164022 -0.01269086
v -0.25403940 0.40509498 0.00357166
v -0.25782542 0.43980399 -0.02810195
v -0.25750172 0.43818543 -0.04534364
v -0.24777627 0.45473064 0.18314065
v -0.23060541 0.25622398 0.18314065
v -0.22660827 0.23967877 0.19216592
v -0.24369467 0.45473064 0.19374109
v -0.24304724 0.44106287 0.19263421
v -0.25184379 0.45473064 0.16683554
v -0.23509517 0.27276919 0.16683554
v -0.23354697 0.25622398 0.16683554
v -0.23182990 0.23967877 0.16683554
v -0.18946573 0.13645097 0.20549098
v -0.18560933 0.17349788 0.21357967
v -0.18560933 0.13645097 0.20723643
v -0.18560933 0.19004309 0.21455884
v -0.20069716 0.19004309 0.21072733
v -0.20959223 0.20108523 0.20744930
v -0.21570055 0.20662429 0.20102091
v -0.23281511 0.23967877 0.15048787
v -0.23318104 0.23967877 0.13418276
v -0.23330770 0.23967877 0.11783509
v -0.23337808 0.23967877 0.08518232
v -0.25854326 0.44638612 -0.02205672
v -0.25776914 0.45473064 -0.07799642
v -0.22735422 0.49706481 0.13418276
v -0.21800875 0.50094934 0.15048787
v -0.21800875 0.50066161 0.16683554
v -0.20180905 0.50343113 0.18314065
v -0.18410337 0.49925887 0.18437522
v -0.17665796 0.49674111 0.17973488
v -0.17616537 0.49706481 0.16683554
v -0.25304013 0.47127585 -0.09434409
v -0.25319494 0.47127585 -0.07799642
v -0.24553843 0.48264171 -0.09434409
v -0.23546111 0.49080642 0.13418276
v -0.16020490 0.48098721 -0.12699686
v -0.15972638 0.48152670 0.11783509
v -0.15491290 0.47127585 -0.12699686
v -0.14931127 0.45473064 -0.14330198
v -0.14772085 0.45530613 -0.11064919
v -0.14752381 0.45318403 -0.12597514
v -0.11482881 0.30312606 -0.17420928
v -0.11482881 0.17349788 0.21604886
v -0.25771285 0.43786173 -0.01269086
v -0.25598169 0.42164022 0.00357166
v -0.25774099 0.43764591 0.00357166
v -0.25568613 0.42164022 0.05252954
v -0.25589725 0.42164022 0.01987677
v -0.25857137 0.44613433 -0.01269086
v -0.24536954 0.47188732 0.18360894
v -0.24344134 0.46674391 0.19323021
v -0.22726976 0.25622398 0.19323021
v -0.23674188 0.45473064 0.20191493
v -0.24925408 0.47127585 0.16683554
v -0.25405349 0.45473064 0.15048787
v -0.25266011 0.43818543 0.15048787
v -0.25446165 0.43818543 0.13418276
v -0.25577056 0.43818543 0.11783509
v -0.23463070 0.25622398 0.15048787
v -0.16939555 0.17349788 0.21460140
v -0.16939555 0.19004309 0.21532512
v -0.18560933 0.20658832 0.21502713
v -0.20180905 0.22313353 0.21153620
v -0.20323057 0.20662429 0.21042934
v -0.21012705 0.21212738 0.20778987
v -0.22812831 0.43818543 0.20889673
v -0.25485572 0.42164022 0.10152999
v -0.25532017 0.42164022 0.08518232
v -0.25555947 0.42164022 0.06887721
v -0.25854326 0.44660190 -0.02205672
v -0.25792397 0.45473064 -0.06169131
v -0.22721347 0.49695689 0.15048787
v -0.22676308 0.49659727 0.16683554
v -0.22635492 0.49627351 0.17603111
v -0.21899397 0.49929484 0.18211892
v -0.21425088 0.49850353 0.19629541
v -0.20180905 0.49951068 0.19829629
v -0.18849460 0.49821580 0.19569941
v -0.17769948 0.49594983 0.19063333
v -0.16075381 0.48037574 0.16283376
v -0.16019083 0.48113107 0.15048787
v -0.15981083 0.48152670 0.13418276
v -0.24556658 0.48260573 -0.07799642
v -0.25816321 0.45580968 0.00357166
v -0.25311051 0.47127585 0.01987677
v -0.24538360 0.48253382 0.10152999
v -0.24531322 0.48256976 0.11783509
v -0.24514433 0.48253382 0.13418276
v -0.23532036 0.49059064 0.15048787
v -0.15477217 0.47127585 -0.11064919
v -0.15402622 0.47127585 0.11783509
v -0.14766456 0.45570179 -0.09434409
v -0.14601785 0.44163833 -0.14330198
v -0.14501856 0.44667385 -0.11984475
v -0.14538449 0.44501935 -0.13074319
v -0.14489188 0.44703353 -0.11064919
v -0.14475115 0.44742918 -0.09434409
v -0.11482881 0.30672286 -0.16411969
v -0.11482881 0.19004309 0.21690029
v -0.25769876 0.43789770 0.01987677
v -0.25859954 0.44591852 0.00357166
v -0.25857137 0.44617027 0.01987677
v -0.25751581 0.43818543 0.05252954
v -0.25857137 0.44706950 -0.01269086
v -0.24169610 0.47778606 0.18935617
v -0.24334282 0.48077139 0.17850028
v -0.22753718 0.47127585 0.20851359
v -0.22625640 0.47972833 0.20774728
v -0.22864906 0.45473064 0.20919475
v -0.24421543 0.48177848 0.16683554
v -0.25083043 0.47127585 0.15048787
v -0.25557353 0.45473064 0.13418276
v -0.25661503 0.45473064 0.11783509
v -0.25660097 0.43818543 0.10152999
v -0.11482881 0.20658832 0.21745373
v -0.18560933 0.22313353 0.21528256
v -0.20180905 0.40509498 0.21596371
v -0.20180905 0.38854977 0.21566569
v -0.21800875 0.45473064 0.21362223
v -0.21800875 0.43818543 0.21315394
v -0.25710765 0.43818543 0.08518232
v -0.25737506 0.43818543 0.06887721
v -0.25802249 0.45473064 -0.04534364
v -0.25813509 0.45534211 -0.01269086
v -0.23486997 0.49005109 0.16683554
v -0.22504600 0.49530239 0.18688698
v -0.21899397 0.49217319 0.20080805
v -0.20180905 0.49501466 0.20647012
v -0.18363891 0.49001511 0.20114862
v -0.16147162 0.47900897 0.17368963
v -0.17395567 0.48490771 0.19569941
v -0.15560256 0.47127585 0.15048787
v -0.15442031 0.47127585 0.13418276
v -0.25859954 0.44753708 0.00357166
v -0.25814915 0.45530613 0.01987677
v -0.25786765 0.45473064 0.06887721
v -0.25274455 0.47127585 0.10152999
v -0.25288530 0.47127585 0.08518232
v -0.25294158 0.47127585 0.06887721
v -0.24480654 0.48231800 0.15048787
v -0.25242085 0.47127585 0.11783509
v -0.14766456 0.45584565 -0.07799642
v -0.14749567 0.45541403 0.11783509
v -0.14745344 0.45588163 0.10152999
v -0.14750974 0.45598952 0.08518232
v -0.14470892 0.44757305 -0.07799642
v -0.11482881 0.32682889 -0.07799642
v -0.11482881 0.32503053 -0.09434409
v -0.11482881 0.32481471 -0.09562125
v -0.11482881 0.32093018 -0.11077690
v -0.11482881 0.30808963 -0.15964965
v -0.14235847 0.43818543 -0.09434409
v -0.14217552 0.43818543 -0.07799642
v -0.25854326 0.44642209 0.02834861
v -0.25857137 0.44703353 0.01987677
v -0.22980317 0.48325318 0.19948833
v -0.21800875 0.47127585 0.21268565
v -0.21800875 0.48346899 0.20966304
v -0.25181565 0.47127585 0.13418276
v -0.25724840 0.45473064 0.10152999
v -0.11482881 0.22313353 0.21766660
v -0.18560933 0.25622398 0.21575085
v -0.20180905 0.42164022 0.21621914
v -0.20180905 0.43818543 0.21643200
v -0.20180905 0.45473064 0.21647456
v -0.20180905 0.47127585 0.21583600
v -0.25764247 0.45473064 0.08518232
v -0.20180905 0.48674205 0.21140849
v -0.18956426 0.48408043 0.21008877
v -0.16271017 0.47260668 0.18424751
v -0.15974046 0.46800279 0.17952201
v -0.15299878 0.45473064 0.16683554
v -0.15841746 0.47260668 0.16768697
v -0.17876914 0.47408134 0.20659784
v -0.17232303 0.46965732 0.20046747
v -0.16162644 0.46138469 0.19042047
v -0.15001499 0.45473064 0.15048787
v -0.14756604 0.45318403 0.13286304
v -0.25854326 0.44649401 0.02834861
v -0.14487781 0.44714142 0.11783509
v -0.14472299 0.44760899 0.10152999
v -0.14503263 0.44663788 0.12656236
v -0.14468077 0.44771692 0.08518232
v -0.14466669 0.44771692 0.06887721
v -0.14213329 0.43818543 -0.06169131
v -0.13807984 0.42164022 -0.07799642
v -0.11482881 0.32758423 -0.06169131
v -0.13796725 0.42164022 -0.06169131
v -0.18560933 0.27276919 0.21596371
v -0.11482881 0.23967877 0.21732602
v -0.11482881 0.24575732 0.21694285
v -0.11482881 0.25622398 0.21626170
v -0.18475078 0.46965732 0.21085504
v -0.11482881 0.27870390 0.20553354
v -0.11482881 0.28158131 0.20255350
v -0.11482881 0.28647296 0.19735971
v -0.11482881 0.28949427 0.19335793
v -0.11482881 0.29474557 0.18620582
v -0.11482881 0.27043130 0.21157879
v -0.11482881 0.27345257 0.20945017
v -0.11482881 0.30006881 0.17807458
v -0.11482881 0.30618334 0.16713356
v -0.14559561 0.44376044 0.13746082
v -0.11482881 0.32589375 0.08518232
v -0.11482881 0.32600164 0.08420316
v -0.11482881 0.32718857 0.06840892
v -0.14227404 0.43818543 0.08518232
v -0.14216144 0.43818543 0.06887721
v -0.11482881 0.32772809 0.05252954
v -0.11482881 0.32186533 0.10221114
v -0.11482881 0.30780190 0.16074773
v -0.14213329 0.43818543 0.05252954
v -0.13793910 0.42164022 -0.04534364
v -0.11482881 0.32787196 -0.04538621
v -0.11482881 0.32801586 -0.02742080
v -0.13799540 0.42164022 0.05252954
v -0.13793910 0.42164022 0.03622444
v -0.11482881 0.32801586 0.03622444
v -0.11482881 0.32812375 0.00348652
v -0.11482881 0.32808777 -0.01277601
v -0.11482881 0.32812375 0.01987677
f 965 966 967
f 965 967 968
f 965 968 969
f 965 969 979
f 965 979 993
f 965 993 1008
f 965 1008 1034
f 965 1034 1054
f 965 1054 1089
f 965 1089 1131
f 965 1131 1169
f 965 1169 1215
f 965 1215 1235
f 965 1235 1233
f 965 1233 1184
f 965 1184 1140
f 965 1140 1096
f 965 1096 1062
f 965 1062 1037
f 965 1037 1035
f 965 1035 1009
f 965 1009 994
f 965 994 980
f 965 980 970
f 965 970 966
f 966 970 971
f 966 971 972
f 966 972 985
f 966 985 973
f 966 973 967
f 967 973 974
f 967 974 975
f 967 975 976
f 967 976 977
f 967 977 968
f 968 977 976
f 968 976 975
f 968 975 990
f 968 990 1006
f 968 1006 1025
f 968 1025 1051
f 968 1051 1050
f 968 1050 1087
f 968 1087 1129
f 968 1129 1168
f 968 1168 1214
f 968 1214 1263
f 968 1263 1319
f 968 1319 1372
f 968 1372 1371
f 968 1371 1370
f 968 1370 1369
f 968 1369 1368
f 968 1368 1408
f 968 1408 1435
f 968 1435 1436
f 968 1436 1441
f 968 1441 1440
f 968 1440 1442
f 968 1442 1439
f 968 1439 1430
f 968 1430 1427
f 968 1427 1426
f 968 1426 1425
f 968 1425 1431
f 968 1431 1432
f 968 1432 1423
f 968 1423 1422
f 968 1422 1419
f 968 1419 1418
f 968 1418 1417
f 968 1417 1416
f 968 1416 1415
f 968 1415 1421
f 968 1421 1420
f 968 1420 1413
f 968 1413 1412
f 968 1412 1411
f 968 1411 1382
f 968 1382 1336
f 968 1336 1320
f 968 1320 1264
f 968 1264 1216
f 968 1216 1170
f 968 1170 1130
f 968 1130 1088
f 968 1088 1053
f 968 1053 1033
f 968 1033 1032
f 968 1032 1031
f 968 1031 1030
f 968 1030 1029
f 968 1029 1028
f 968 1028 1027
f 968 1027 1026
f 968 1026 1007
f 968 1007 992
f 968 992 991
f 968 991 978
f 968 978 969
f 969 978 979
f 970 980 981
f 970 981 982
f 970 982 971
f 971 982 983
f 971 983 972
f 972 984 985
f 972 983 984
f 973 986 974
f 973 985 987
f 973 987 988
f 973 988 986
f 974 989 975
f 974 986 989
f 975 989 990
f 978 991 979
f 979 991 992
f 979 992 993
f 980 994 981
f 981 994 995
f 981 995 996
f 981 996 982
f 982 996 983
f 983 996 997
f 983 997 998
f 983 998 999
f 983 999 1000
f 983 1000 1001
f 983 1001 984
f 984 988 985
f 984 1001 1002
f 984 1002 988
f 985 988 987
f 986 1003 1004
f 986 1004 989
f 986 988 1003
f 988 1002 1005
f 988 1005 1020
f 988 1020 1003
f 989 1004 990
f 990 1004 1021
f 990 1021 1006
f 992 1007 1008
f 992 1008 993
f 994 1009 995
f 995 1009 996
f 996 1009 1010
f 996 1010 1011
f 996 1011 1012
f 996 1012 997
f 997 1012 1013
f 997 1013 1014
f 997 1014 1015
f 997 1015 998
f 998 1015 1016
f 998 1016 1000
f 998 1000 999
f 1000 1016 1017
f 1000 1017 1018
f 1000 1018 1002
f 1000 1002 1001
f 1002 1018 1019
f 1002 1019 1005
f 1003 1020 1021
f 1003 1021 1004
f 1005 1019 1022
f 1005 1022 1023
f 1005 1023 1024
f 1005 1024 1020
f 1006 1021 1020
f 1006 1020 1024
f 1006 1024 1023
f 1006 1023 1025
f 1007 1026 1008
f 1008 1026 1027
f 1008 1027 1028
f 1008 1028 1029
f 1008 1029 1030
f 1008 1030 1031
f 1008 1031 1032
f 1008 1032 1033
f 1008 1033 1034
f 1009 1035 1010
f 1010 1036 1011
f 1010 1035 1037
f 1010 1037 1038
f 1010 1038 1039
f 1010 1039 1036
f 1011 1036 1040
f 1011 1040 1041
f 1011 1041 1042
f 1011 1042 1043
f 1011 1043 1044
f 1011 1044 1013
f 1011 1013 1012
f 1013 1044 1014
f 1014 1044 1016
f 1014 1016 1015
f 1016 1044 1045
f 1016 1045 1017
f 1017 1046 1018
f 1017 1045 1047
f 1017 1047 1046
f 1018 1046 1019
f 1019 1048 1022
f 1019 1046 1049
f 1019 1049 1048
f 1022 1050 1051
f 1022 1051 1025
f 1022 1025 1023
f 1022 1048 1052
f 1022 1052 1050
f 1033 1053 1034
f 1034 1053 1054
f 1036 1039 1055
f 1036 1055 1040
f 1037 1056 1057
f 1037 1057 1058
f 1037 1058 1059
f 1037 1059 1060
f 1037 1060 1061
f 1037 1061 1038
f 1037 1062 1063
f 1037 1063 1064
f 1037 1064 1065
f 1037 1065 1066
f 1037 1066 1056
f 1038 1061 1067
f 1038 1067 1039
f 1039 1067 1068
f 1039 1068 1055
f 1040 1055 1069
f 1040 1069 1041
f 1041 1069 1070
f 1041 1070 1042
f 1042 1070 1043
f 1043 1070 1071
f 1043 1071 1072
f 1043 1072 1073
f 1043 1073 1074
f 1043 1074 1044
f 1044 1074 1075
f 1044 1075 1045
f 1045 1075 1047
f 1046 1076 1049
f 1046 1047 1077
f 1046 1077 1078
f 1046 1078 1076
f 1047 1075 1079
f 1047 1079 1080
f 1047 1080 1081
f 1047 1081 1082
f 1047 1082 1078
f 1047 1078 1077
f 1048 1049 1076
f 1048 1076 1083
f 1048 1083 1084
f 1048 1084 1085
f 1048 1085 1052
f 1050 1052 1086
f 1050 1086 1087
f 1052 1085 1086
f 1053 1088 1089
f 1053 1089 1054
f 1055 1068 1090
f 1055 1090 1091
f 1055 1091 1069
f 1056 1092 1057
f 1056 1066 1092
f 1057 1092 1058
f 1058 1092 1093
f 1058 1093 1059
f 1059 1093 1094
f 1059 1094 1060
f 1060 1094 1095
f 1060 1095 1061
f 1061 1095 1067
f 1062 1096 1097
f 1062 1097 1098
f 1062 1098 1099
f 1062 1099 1100
f 1062 1100 1101
f 1062 1101 1102
f 1062 1102 1063
f 1063 1102 1103
f 1063 1103 1104
f 1063 1104 1105
f 1063 1105 1064
f 1064 1105 1106
f 1064 1106 1107
f 1064 1107 1065
f 1065 1107 1066
f 1066 1107 1092
f 1067 1095 1108
f 1067 1108 1068
f 1068 1108 1090
f 1069 1091 1109
f 1069 1109 1070
f 1070 1109 1110
f 1070 1110 1111
f 1070 1111 1112
f 1070 1112 1071
f 1071 1112 1113
f 1071 1113 1072
f 1072 1113 1073
f 1073 1113 1074
f 1074 1079 1075
f 1074 1113 1114
f 1074 1114 1079
f 1076 1078 1115
f 1076 1115 1116
f 1076 1116 1083
f 1078 1082 1115
f 1079 1117 1080
f 1079 1114 1118
f 1079 1118 1117
f 1080 1117 1081
f 1081 1117 1119
f 1081 1119 1120
f 1081 1120 1082
f 1082 1120 1121
f 1082 1121 1115
f 1083 1116 1084
f 1084 1086 1085
f 1084 1116 1122
f 1084 1122 1123
f 1084 1123 1124
f 1084 1124 1086
f 1086 1124 1125
f 1086 1125 1126
f 1086 1126 1127
f 1086 1127 1128
f 1086 1128 1129
f 1086 1129 1087
f 1088 1130 1089
f 1089 1130 1131
f 1090 1108 1132
f 1090 1132 1133
f 1090 1133 1134
f 1090 1134 1091
f 1091 1134 1135
f 1091 1135 1109
f 1092 1107 1136
f 1092 1136 1137
f 1092 1137 1132
f 1092 1132 1093
f 1093 1132 1094
f 1094 1132 1108
f 1094 1108 1095
f 1096 1138 1139
f 1096 1139 1097
f 1096 1140 1141
f 1096 1141 1142
f 1096 1142 1138
f 1097 1139 1143
f 1097 1143 1098
f 1098 1143 1144
f 1098 1144 1145
f 1098 1145 1099
f 1099 1145 1146
f 1099 1146 1100
f 1100 1146 1103
f 1100 1103 1101
f 1101 1103 1102
f 1103 1146 1147
f 1103 1147 1148
f 1103 1148 1104
f 1104 1149 1105
f 1104 1148 1149
f 1105 1149 1106
f 1106 1136 1107
f 1106 1149 1136
f 1109 1135 1150
f 1109 1150 1151
f 1109 1151 1152
f 1109 1152 1110
f 1110 1152 1153
f 1110 1153 1111
f 1111 1154 1155
f 1111 1155 1112
f 1111 1153 1154
f 1112 1155 1114
f 1112 1114 1113
f 1114 1155 1118
f 1115 1121 1156
f 1115 1156 1116
f 1116 1156 1122
f 1117 1118 1157
f 1117 1157 1158
f 1117 1158 1119
f 1118 1155 1157
f 1119 1159 1120
f 1119 1158 1160
f 1119 1160 1159
f 1120 1159 1121
f 1121 1159 1161
f 1121 1161 1156
f 1122 1156 1162
f 1122 1162 1123
f 1123 1162 1163
f 1123 1163 1164
f 1123 1164 1165
f 1123 1165 1126
f 1123 1126 1125
f 1123 1125 1124
f 1126 1165 1166
f 1126 1166 1127
f 1127 1166 1167
f 1127 1167 1168
f 1127 1168 1129
f 1127 1129 1128
f 1130 1169 1131
f 1130 1170 1169
f 1132 1137 1133
f 1133 1137 1171
f 1133 1171 1134
f 1134 1171 1172
f 1134 1172 1173
f 1134 1173 1135
f 1135 1173 1174
f 1135 1174 1175
f 1135 1175 1176
f 1135 1176 1177
f 1135 1177 1150
f 1136 1149 1195
f 1136 1195 1178
f 1136 1178 1171
f 1136 1171 1137
f 1138 1142 1179
f 1138 1179 1180
f 1138 1180 1181
f 1138 1181 1182
f 1138 1182 1183
f 1138 1183 1139
f 1139 1183 1182
f 1139 1182 1143
f 1140 1184 1141
f 1141 1184 1185
f 1141 1185 1186
f 1141 1186 1187
f 1141 1187 1188
f 1141 1188 1142
f 1142 1188 1179
f 1143 1182 1189
f 1143 1189 1190
f 1143 1190 1191
f 1143 1191 1144
f 1144 1191 1145
f 1145 1191 1147
f 1145 1147 1146
f 1147 1191 1192
f 1147 1192 1193
f 1147 1193 1148
f 1148 1193 1194
f 1148 1194 1195
f 1148 1195 1149
f 1150 1196 1152
f 1150 1152 1151
f 1150 1177 1197
f 1150 1197 1196
f 1152 1196 1153
f 1153 1198 1154
f 1153 1196 1198
f 1154 1157 1155
f 1154 1198 1157
f 1156 1199 1162
f 1156 1161 1200
f 1156 1200 1201
f 1156 1201 1202
f 1156 1202 1203
f 1156 1203 1199
f 1157 1198 1204
f 1157 1204 1158
f 1158 1204 1205
f 1158 1205 1160
f 1159 1160 1206
f 1159 1206 1161
f 1160 1205 1207
f 1160 1207 1208
f 1160 1208 1206
f 1161 1206 1200
f 1162 1199 1209
f 1162 1209 1163
f 1163 1209 1210
f 1163 1210 1164
f 1164 1210 1211
f 1164 1211 1165
f 1165 1211 1212
f 1165 1212 1213
f 1165 1213 1166
f 1166 1213 1167
f 1167 1213 1168
f 1168 1213 1214
f 1169 1170 1216
f 1169 1216 1215
f 1171 1178 1172
f 1172 1178 1217
f 1172 1217 1173
f 1173 1217 1218
f 1173 1218 1219
f 1173 1219 1174
f 1174 1220 1175
f 1174 1219 1221
f 1174 1221 1220
f 1175 1220 1222
f 1175 1222 1223
f 1175 1223 1176
f 1176 1223 1197
f 1176 1197 1177
f 1178 1195 1218
f 1178 1218 1217
f 1179 1224 1225
f 1179 1225 1180
f 1179 1188 1226
f 1179 1226 1227
f 1179 1227 1228
f 1179 1228 1224
f 1180 1225 1229
f 1180 1229 1230
f 1180 1230 1231
f 1180 1231 1182
f 1180 1182 1181
f 1182 1231 1232
f 1182 1232 1189
f 1184 1233 1185
f 1185 1234 1186
f 1185 1233 1235
f 1185 1235 1234
f 1186 1234 1236
f 1186 1236 1237
f 1186 1237 1238
f 1186 1238 1187
f 1187 1238 1188
f 1188 1239 1226
f 1188 1238 1239
f 1189 1232 1240
f 1189 1240 1192
f 1189 1192 1190
f 1190 1192 1191
f 1192 1240 1241
f 1192 1241 1193
f 1193 1241 1242
f 1193 1242 1194
f 1194 1242 1243
f 1194 1243 1195
f 1195 1243 1218
f 1196 1197 1244
f 1196 1244 1198
f 1197 1223 1244
f 1198 1244 1245
f 1198 1245 1204
f 1199 1203 1209
f 1200 1206 1246
f 1200 1246 1201
f 1201 1246 1247
f 1201 1247 1202
f 1202 1247 1248
f 1202 1248 1249
f 1202 1249 1203
f 1203 1249 1250
f 1203 1250 1251
f 1203 1251 1252
f 1203 1252 1209
f 1204 1245 1253
f 1204 1253 1205
f 1205 1253 1207
f 1206 1208 1246
f 1207 1253 1254
f 1207 1254 1255
f 1207 1255 1208
f 1208 1255 1256
f 1208 1256 1246
f 1209 1257 1210
f 1209 1252 1258
f 1209 1258 1257
f 1210 1257 1259
f 1210 1259 1211
f 1211 1260 1212
f 1211 1259 1261
f 1211 1261 1262
f 1211 1262 1260
f 1212 1260 1213
f 1213 1260 1263
f 1213 1263 1214
f 1215 1216 1264
f 1215 1264 1235
f 1218 1243 1219
f 1219 1243 1242
f 1219 1242 1221
f 1220 1265 1222
f 1220 1221 1266
f 1220 1266 1267
f 1220 1267 1265
f 1221 1268 1269
f 1221 1269 1266
f 1221 1242 1268
f 1222 1265 1270
f 1222 1270 1244
f 1222 1244 1223
f 1224 1271 1229
f 1224 1229 1225
f 1224 1228 1227
f 1224 1227 1272
f 1224 1272 1271
f 1226 1239 1238
f 1226 1238 1273
f 1226 1273 1227
f 1227 1273 1274
f 1227 1274 1272
f 1229 1271 1275
f 1229 1275 1276
f 1229 1276 1277
f 1229 1277 1230
f 1230 1277 1231
f 1231 1277 1278
f 1231 1278 1279
f 1231 1279 1232
f 1232 1279 1280
f 1232 1280 1240
f 1234 1281 1236
f 1234 1235 1281
f 1235 1264 1281
f 1236 1281 1282
f 1236 1282 1283
f 1236 1283 1284
f 1236 1284 1237
f 1237 1284 1285
f 1237 1285 1286
f 1237 1286 1238
f 1238 1286 1287
f 1238 1287 1274
f 1238 1274 1273
f 1240 1280 1288
f 1240 1288 1289
f 1240 1289 1241
f 1241 1289 1290
f 1241 1290 1268
f 1241 1268 1242
f 1244 1270 1325
f 1244 1325 1291
f 1244 1291 1245
f 1245 1291 1292
f 1245 1292 1253
f 1246 1256 1293
f 1246 1293 1247
f 1247 1293 1248
f 1248 1293 1294
f 1248 1294 1295
f 1248 1295 1296
f 1248 1296 1249
f 1249 1296 1297
f 1249 1297 1298
f 1249 1298 1299
f 1249 1299 1250
f 1250 1299 1300
f 1250 1300 1251
f 1251 1300 1301
f 1251 1301 1302
f 1251 1302 1252
f 1252 1302 1303
f 1252 1303 1258
f 1253 1292 1254
f 1254 1304 1255
f 1254 1292 1305
f 1254 1305 1306
f 1254 1306 1304
f 1255 1304 1256
f 1256 1307 1308
f 1256 1308 1309
f 1256 1309 1310
f 1256 1310 1293
f 1256 1304 1307
f 1257 1311 1259
f 1257 1258 1312
f 1257 1312 1311
f 1258 1303 1312
f 1259 1311 1313
f 1259 1313 1261
f 1260 1314 1263
f 1260 1262 1315
f 1260 1315 1316
f 1260 1316 1314
f 1261 1317 1315
f 1261 1315 1262
f 1261 1313 1318
f 1261 1318 1317
f 1263 1314 1316
f 1263 1316 1319
f 1264 1320 1281
f 1265 1267 1322
f 1265 1322 1270
f 1266 1269 1321
f 1266 1321 1267
f 1267 1321 1323
f 1267 1323 1322
f 1268 1324 1321
f 1268 1321 1269
f 1268 1290 1324
f 1270 1322 1355
f 1270 1355 1325
f 1271 1272 1326
f 1271 1326 1327
f 1271 1327 1275
f 1272 1274 1328
f 1272 1328 1329
f 1272 1329 1326
f 1274 1287 1330
f 1274 1330 1328
f 1275 1331 1332
f 1275 1332 1276
f 1275 1327 1331
f 1276 1332 1333
f 1276 1333 1278
f 1276 1278 1277
f 1278 1333 1279
f 1279 1334 1335
f 1279 1335 1288
f 1279 1288 1280
f 1279 1333 1334
f 1281 1320 1282
f 1282 1320 1336
f 1282 1336 1283
f 1283 1336 1337
f 1283 1337 1384
f 1283 1384 1338
f 1283 1338 1339
f 1283 1339 1340
f 1283 1340 1284
f 1284 1340 1341
f 1284 1341 1285
f 1285 1341 1286
f 1286 1341 1287
f 1287 1341 1330
f 1288 1335 1342
f 1288 1342 1289
f 1289 1342 1343
f 1289 1343 1290
f 1290 1343 1324
f 1291 1325 1344
f 1291 1344 1292
f 1292 1344 1345
f 1292 1345 1305
f 1293 1310 1294
f 1294 1310 1346
f 1294 1346 1295
f 1295 1346 1331
f 1295 1331 1327
f 1295 1327 1347
f 1295 1347 1296
f 1296 1347 1297
f 1297 1348 1349
f 1297 1349 1298
f 1297 1347 1348
f 1298 1349 1299
f 1299 1349 1350
f 1299 1350 1300
f 1300 1351 1301
f 1300 1350 1352
f 1300 1352 1351
f 1301 1353 1302
f 1301 1351 1353
f 1302 1353 1354
f 1302 1354 1303
f 1303 1354 1312
f 1304 1306 1307
f 1305 1355 1356
f 1305 1356 1357
f 1305 1357 1358
f 1305 1358 1359
f 1305 1359 1360
f 1305 1360 1306
f 1305 1345 1325
f 1305 1325 1355
f 1306 1360 1308
f 1306 1308 1307
f 1308 1360 1359
f 1308 1359 1358
f 1308 1358 1309
f 1309 1361 1310
f 1309 1358 1362
f 1309 1362 1361
f 1310 1361 1346
f 1311 1363 1313
f 1311 1312 1363
f 1312 1354 1364
f 1312 1364 1365
f 1312 1365 1366
f 1312 1366 1363
f 1313 1363 1367
f 1313 1367 1318
f 1315 1317 1368
f 1315 1368 1369
f 1315 1369 1370
f 1315 1370 1371
f 1315 1371 1372
f 1315 1372 1316
f 1316 1372 1319
f 1317 1318 1373
f 1317 1373 1368
f 1318 1367 1374
f 1318 1374 1373
f 1321 1375 1323
f 1321 1324 1375
f 1322 1323 1376
f 1322 1376 1355
f 1323 1375 1400
f 1323 1400 1376
f 1324 1343 1375
f 1325 1345 1344
f 1326 1347 1327
f 1326 1329 1377
f 1326 1377 1347
f 1328 1330 1378
f 1328 1378 1329
f 1329 1348 1377
f 1329 1378 1379
f 1329 1379 1348
f 1330 1341 1340
f 1330 1340 1378
f 1331 1346 1361
f 1331 1361 1380
f 1331 1380 1332
f 1332 1380 1334
f 1332 1334 1333
f 1334 1381 1335
f 1334 1380 1381
f 1335 1381 1342
f 1336 1382 1410
f 1336 1410 1383
f 1336 1383 1337
f 1337 1383 1384
f 1338 1384 1340
f 1338 1340 1339
f 1340 1384 1385
f 1340 1385 1386
f 1340 1386 1387
f 1340 1387 1378
f 1342 1388 1375
f 1342 1375 1343
f 1342 1381 1388
f 1347 1377 1348
f 1348 1379 1349
f 1349 1379 1389
f 1349 1389 1390
f 1349 1390 1350
f 1350 1390 1352
f 1351 1352 1391
f 1351 1391 1392
f 1351 1392 1393
f 1351 1393 1394
f 1351 1394 1353
f 1352 1390 1395
f 1352 1395 1396
f 1352 1396 1397
f 1352 1397 1391
f 1353 1398 1399
f 1353 1399 1354
f 1353 1394 1398
f 1354 1399 1364
f 1355 1376 1356
f 1356 1376 1357
f 1357 1388 1358
f 1357 1376 1400
f 1357 1400 1388
f 1358 1388 1362
f 1361 1362 1380
f 1362 1388 1381
f 1362 1381 1380
f 1363 1366 1367
f 1364 1401 1402
f 1364 1402 1365
f 1364 1399 1403
f 1364 1403 1401
f 1365 1402 1404
f 1365 1404 1405
f 1365 1405 1367
f 1365 1367 1366
f 1367 1406 1374
f 1367 1405 1406
f 1368 1373 1407
f 1368 1407 1408
f 1373 1374 1407
f 1374 1406 1409
f 1374 1409 1407
f 1375 1388 1400
f 1378 1387 1379
f 1379 1387 1389
f 1382 1386 1385
f 1382 1385 1410
f 1382 1411 1386
f 1383 1410 1385
f 1383 1385 1384
f 1386 1411 1387
f 1387 1411 1412
f 1387 1412 1413
f 1387 1413 1414
f 1387 1414 1390
f 1387 1390 1389
f 1390 1414 1395
f 1391 1397 1392
f 1392 1397 1415
f 1392 1415 1416
f 1392 1416 1417
f 1392 1417 1393
f 1393 1417 1418
f 1393 1418 1419
f 1393 1419 1398
f 1393 1398 1394
f 1395 1414 1413
f 1395 1413 1420
f 1395 1420 1396
f 1396 1420 1397
f 1397 1420 1421
f 1397 1421 1415
f 1398 1419 1422
f 1398 1422 1423
f 1398 1423 1424
f 1398 1424 1403
f 1398 1403 1399
f 1401 1403 1425
f 1401 1425 1426
f 1401 1426 1427
f 1401 1427 1402
f 1402 1428 1429
f 1402 1429 1404
f 1402 1427 1430
f 1402 1430 1428
f 1403 1431 1425
f 1403 1424 1423
f 1403 1423 1432
f 1403 1432 1431
f 1404 1429 1433
f 1404 1433 1405
f 1405 1433 1406
f 1406 1434 1409
f 1406 1433 1438
f 1406 1438 1434
f 1407 1409 1408
f 1408 1409 1435
f 1409 1434 1436
f 1409 1436 1435
f 1428 1430 1429
f 1429 1430 1437
f 1429 1437 1438
f 1429 1438 1433
f 1430 1439 1437
f 1434 1440 1441
f 1434 1441 1436
f 1434 1438 1442
f 1434 1442 1440
f 1437 1439 1438
f 1438 1439 1442

o geometry_3
v -0.14725762 -0.19048464 0.15339218
v -0.14725762 -0.20338534 0.15654840
v -0.14725762 -0.17441081 0.15492097
v -0.05971217 -0.18126574 0.15827445
v 0.18119052 -0.17704064 0.17011025
v 0.18119052 -0.18799929 0.16940751
v 0.18119052 -0.18913793 0.16940751
v -0.14725762 -0.20889934 0.16684925
v 0.18119052 -0.19761123 0.17463498
v 0.18119052 -0.20854099 0.18208784
v -0.14725762 -0.16037726 0.16499990
v 0.18119052 -0.17475760 0.17053560
v -0.14725762 -0.20940219 0.16987600
v 0.18119052 -0.21295103 0.19948402
v -0.14725762 -0.15893807 0.16707733
v 0.18119052 -0.15722722 0.18360430
v -0.14725762 -0.21037321 0.18316663
v 0.18119052 -0.20529848 0.21214587
v -0.14725762 -0.20503838 0.19479901
v -0.14725762 -0.20944843 0.18547215
v -0.14725762 -0.15682263 0.18039262
v 0.18119052 -0.15390379 0.19952716
v 0.18119052 -0.19049043 0.21636238
v 0.01217605 -0.19908511 0.20788621
v -0.14725762 -0.20036246 0.19670383
v 0.00134137 -0.19851290 0.20760264
v -0.14725762 -0.15664346 0.18316663
v 0.18119052 -0.16142342 0.21048763
v -0.14725762 -0.16112864 0.19331954
v -0.03161275 -0.18222520 0.20765196
v 0.07374400 -0.19049043 0.21184381
v 0.18119052 -0.18009242 0.21565962
v -0.14725762 -0.19048464 0.19927442
v -0.00730707 -0.18825361 0.20827457
v -0.02351086 -0.18430595 0.20785538
v 0.05754021 -0.19049043 0.21115338
v 0.04130428 -0.19049043 0.21038899
v 0.00622823 -0.19343817 0.20838553
v 0.18119052 -0.16319205 0.21213353
v -0.14725762 -0.17395419 0.19741275
v -0.02351086 -0.18164143 0.20785538
v 0.18119052 -0.17339932 0.21435275
v 0.00622823 -0.19164061 0.20857663
v -0.00730707 -0.18054326 0.20827457
f 1443 1444 1450
f 1443 1450 1455
f 1443 1455 1459
f 1443 1459 1462
f 1443 1462 1461
f 1443 1461 1467
f 1443 1467 1475
f 1443 1475 1482
f 1443 1482 1471
f 1443 1471 1469
f 1443 1469 1463
f 1443 1463 1457
f 1443 1457 1453
f 1443 1453 1445
f 1443 1445 1446
f 1443 1446 1447
f 1443 1447 1448
f 1443 1448 1449
f 1443 1449 1444
f 1444 1449 1451
f 1444 1451 1452
f 1444 1452 1450
f 1445 1453 1454
f 1445 1454 1447
f 1445 1447 1446
f 1447 1454 1458
f 1447 1458 1464
f 1447 1464 1470
f 1447 1470 1481
f 1447 1481 1484
f 1447 1484 1474
f 1447 1474 1465
f 1447 1465 1460
f 1447 1460 1456
f 1447 1456 1452
f 1447 1452 1451
f 1447 1451 1449
f 1447 1449 1448
f 1450 1452 1456
f 1450 1456 1455
f 1453 1457 1458
f 1453 1458 1454
f 1455 1456 1459
f 1456 1460 1461
f 1456 1461 1462
f 1456 1462 1459
f 1457 1463 1464
f 1457 1464 1458
f 1460 1465 1466
f 1460 1466 1461
f 1461 1466 1468
f 1461 1468 1467
f 1463 1469 1464
f 1464 1469 1471
f 1464 1471 1470
f 1465 1472 1473
f 1465 1473 1468
f 1465 1468 1466
f 1465 1474 1472
f 1467 1468 1475
f 1468 1476 1477
f 1468 1477 1472
f 1468 1472 1475
f 1468 1473 1478
f 1468 1478 1479
f 1468 1479 1480
f 1468 1480 1476
f 1470 1471 1481
f 1471 1482 1472
f 1471 1472 1481
f 1472 1483 1481
f 1472 1482 1475
f 1472 1477 1479
f 1472 1479 1478
f 1472 1478 1473
f 1472 1474 1484
f 1472 1484 1483
f 1476 1480 1485
f 1476 1485 1479
f 1476 1479 1477
f 1479 1485 1480
f 1481 1483 1486
f 1481 1486 1484
f 1483 1484 1486

o geometry_4
v 0.20194568 0.14832570 0.15428824
v 0.20342110 0.09834496 0.16677097
v 0.19070369 0.09834496 0.17098433
v 0.18500352 0.14832570 0.16145598
v 0.21962915 0.14832570 0.16027566
v 0.23242573 0.09834496 0.17107734
v 0.22656004 0.09834496 0.16913875
v 0.21962915 0.09834496 0.16685681
v 0.21220885 0.09834496 0.16680674
v 0.18481640 0.09834496 0.18317377
v 0.17299144 0.14832570 0.16878824
v 0.17438768 0.14832570 0.16637753
v 0.23544135 0.14832570 0.16687828
v 0.23544854 0.09834496 0.17762987
v 0.18413267 0.09834496 0.19949073
v 0.16765832 0.14832570 0.18317377
v 0.23688079 0.14832570 0.17014738
v 0.23800355 0.09834496 0.18317377
v 0.18682441 0.09834496 0.20656548
v 0.17135048 0.14832570 0.21101491
v 0.16737764 0.14832570 0.19949073
v 0.24087522 0.14832570 0.18317377
v 0.24089680 0.14832570 0.19949073
v 0.23741338 0.09834496 0.19201541
v 0.19002716 0.09834496 0.21491352
v 0.17276833 0.14832570 0.21394782
v 0.23670085 0.14832570 0.21604377
v 0.23690957 0.09834496 0.19949073
v 0.19616635 0.09834496 0.21841155
v 0.18354969 0.14832570 0.22144460
v 0.22803545 0.14832570 0.22415575
v 0.23132456 0.09834496 0.21366883
v 0.23388675 0.09834496 0.20717352
v 0.20342110 0.09834496 0.22253192
v 0.18761611 0.14832570 0.22347617
v 0.22339327 0.14832570 0.22601564
v 0.21962915 0.09834496 0.22128723
v 0.19254616 0.14832570 0.22549344
v 0.21962915 0.14832570 0.22655931
v 0.20866785 0.14832570 0.22735333
v 0.20342110 0.14832570 0.22728180
f 1487 1488 1489
f 1487 1489 1490
f 1487 1490 1498
f 1487 1498 1497
f 1487 1497 1502
f 1487 1502 1507
f 1487 1507 1506
f 1487 1506 1512
f 1487 1512 1516
f 1487 1516 1521
f 1487 1521 1524
f 1487 1524 1527
f 1487 1527 1526
f 1487 1526 1525
f 1487 1525 1522
f 1487 1522 1517
f 1487 1517 1513
f 1487 1513 1509
f 1487 1509 1508
f 1487 1508 1503
f 1487 1503 1499
f 1487 1499 1491
f 1487 1491 1492
f 1487 1492 1493
f 1487 1493 1494
f 1487 1494 1495
f 1487 1495 1488
f 1488 1495 1494
f 1488 1494 1493
f 1488 1493 1492
f 1488 1492 1500
f 1488 1500 1504
f 1488 1504 1510
f 1488 1510 1514
f 1488 1514 1519
f 1488 1519 1518
f 1488 1518 1523
f 1488 1523 1520
f 1488 1520 1515
f 1488 1515 1511
f 1488 1511 1505
f 1488 1505 1501
f 1488 1501 1496
f 1488 1496 1489
f 1489 1496 1497
f 1489 1497 1498
f 1489 1498 1490
f 1491 1499 1492
f 1492 1499 1500
f 1496 1501 1502
f 1496 1502 1497
f 1499 1503 1504
f 1499 1504 1500
f 1501 1505 1506
f 1501 1506 1507
f 1501 1507 1502
f 1503 1508 1504
f 1504 1508 1509
f 1504 1509 1510
f 1505 1511 1506
f 1506 1511 1512
f 1509 1513 1514
f 1509 1514 1510
f 1511 1515 1516
f 1511 1516 1512
f 1513 1517 1518
f 1513 1518 1519
f 1513 1519 1514
f 1515 1520 1516
f 1516 1520 1521
f 1517 1522 1523
f 1517 1523 1518
f 1520 1524 1521
f 1520 1523 1525
f 1520 1525 1526
f 1520 1526 1527
f 1520 1527 1524
f 1522 1525 1523

o geometry_5
v 0.18119052 -0.19100354 -0.21980037
v 0.18119052 -0.18537804 -0.21980037
v 0.18119052 -0.19893522 -0.21798155
v -0.09980367 -0.19914793 -0.20074328
v -0.05591843 -0.19048856 -0.20513722
v 0.12762801 -0.18391708 -0.21703151
v 0.12762801 -0.18139260 -0.21703151
v 0.18119052 -0.17427815 -0.21921911
v 0.18119052 -0.20101190 -0.21746277
v -0.07212221 -0.19048856 -0.20411842
v -0.08832600 -0.19981963 -0.20126829
v -0.14725762 -0.20584255 -0.19108034
v -0.14725762 -0.19048856 -0.19819942
v -0.11761498 -0.18125266 -0.20079954
v 0.18119052 -0.16717491 -0.21638147
v -0.08832600 -0.17822441 -0.20201834
v -0.07212221 -0.17678585 -0.20266836
v -0.14725762 -0.17395350 -0.19654933
v -0.14725762 -0.16391715 -0.19303044
v 0.18119052 -0.20564665 -0.21320007
v -0.07212221 -0.20060328 -0.20191833
v -0.11761498 -0.18593779 -0.20079954
v -0.14725762 -0.21073479 -0.17599218
v 0.18119052 -0.20836704 -0.21013120
v -0.14725762 -0.17999881 -0.19762439
v 0.18080472 -0.16678308 -0.21616271
v 0.18119052 -0.16567477 -0.21545643
v -0.14725762 -0.15981418 -0.19009905
v -0.14725762 -0.20548991 -0.16140403
v 0.18119052 -0.21185429 -0.19231166
v 0.18119052 -0.15802297 -0.20912491
v -0.14725762 -0.15705460 -0.17831727
v -0.14725762 -0.20147090 -0.15956645
v 0.18119052 -0.20714678 -0.18078613
v 0.18119052 -0.20572502 -0.17798601
v 0.18119052 -0.15467006 -0.19227415
v -0.14725762 -0.15698184 -0.17599218
v -0.14725762 -0.19048856 -0.15595379
v 0.18119052 -0.19048297 -0.17373582
v 0.18119052 -0.16409068 -0.17813602
v -0.14725762 -0.16213714 -0.16351662
v -0.14725762 -0.17395350 -0.15802263
v 0.18119052 -0.17800050 -0.17484837
v 0.18119052 -0.17360645 -0.17567341
f 1528 1529 1535
f 1528 1535 1542
f 1528 1542 1554
f 1528 1554 1558
f 1528 1558 1563
f 1528 1563 1567
f 1528 1567 1571
f 1528 1571 1570
f 1528 1570 1566
f 1528 1566 1562
f 1528 1562 1561
f 1528 1561 1557
f 1528 1557 1551
f 1528 1551 1547
f 1528 1547 1536
f 1528 1536 1530
f 1528 1530 1531
f 1528 1531 1532
f 1528 1532 1533
f 1528 1533 1534
f 1528 1534 1529
f 1529 1534 1535
f 1530 1536 1531
f 1531 1537 1532
f 1531 1536 1538
f 1531 1538 1539
f 1531 1539 1540
f 1531 1540 1537
f 1532 1537 1533
f 1533 1537 1534
f 1534 1537 1541
f 1534 1541 1535
f 1535 1541 1543
f 1535 1543 1544
f 1535 1544 1545
f 1535 1545 1546
f 1535 1546 1542
f 1536 1547 1548
f 1536 1548 1538
f 1537 1540 1549
f 1537 1549 1541
f 1538 1548 1539
f 1539 1550 1556
f 1539 1556 1560
f 1539 1560 1565
f 1539 1565 1569
f 1539 1569 1568
f 1539 1568 1564
f 1539 1564 1559
f 1539 1559 1555
f 1539 1555 1546
f 1539 1546 1545
f 1539 1545 1552
f 1539 1552 1540
f 1539 1548 1547
f 1539 1547 1551
f 1539 1551 1550
f 1540 1552 1541
f 1540 1541 1549
f 1541 1552 1545
f 1541 1545 1543
f 1542 1553 1554
f 1542 1546 1553
f 1543 1545 1544
f 1546 1555 1554
f 1546 1554 1553
f 1550 1551 1557
f 1550 1557 1556
f 1554 1555 1558
f 1555 1559 1558
f 1556 1557 1561
f 1556 1561 1562
f 1556 1562 1560
f 1558 1559 1563
f 1559 1564 1563
f 1560 1562 1565
f 1562 1566 1565
f 1563 1564 1568
f 1563 1568 1567
f 1565 1566 1570
f 1565 1570 1569
f 1567 1568 1569
f 1567 1569 1571
f 1569 1570 1571

o geometry_6
v 0.20342336 0.14832570 -0.22821467
v 0.20342336 0.09834496 -0.22299921
v 0.19116212 0.09834496 -0.21977026
v 0.19276016 0.14832570 -0.22507697
v 0.21962596 0.14832570 -0.22815149
v 0.21220185 0.09834496 -0.22242361
v 0.18803769 0.14832570 -0.22351866
v 0.18426830 0.09834496 -0.20863037
v 0.17323247 0.14832570 -0.20910068
v 0.23420903 0.14832570 -0.22326595
v 0.22969437 0.09834496 -0.21864714
v 0.22507939 0.09834496 -0.22014229
v 0.21962596 0.09834496 -0.22187609
v 0.18247677 0.09834496 -0.19231014
v 0.16759989 0.14832570 -0.19231014
v 0.23601489 0.14832570 -0.21914553
v 0.23414453 0.09834496 -0.20863037
v 0.23210935 0.09834496 -0.21322111
v 0.18546505 0.09834496 -0.18484142
v 0.17216473 0.14832570 -0.17712703
v 0.23956212 0.14832570 -0.20863037
v 0.23811457 0.09834496 -0.19231014
v 0.18910543 0.09834496 -0.17598989
v 0.19184290 0.09834496 -0.17212217
v 0.19506049 0.09834496 -0.16764375
v 0.18817384 0.14832570 -0.16078574
v 0.24025724 0.14832570 -0.20429937
v 0.24080186 0.14832570 -0.19231014
v 0.23898883 0.14832570 -0.17570911
v 0.23366440 0.09834496 -0.17710599
v 0.20342336 0.09834496 -0.16736999
v 0.20342336 0.14832570 -0.15650387
v 0.20075756 0.14832570 -0.15714966
v 0.23296212 0.14832570 -0.16247041
v 0.23099144 0.14832570 -0.16096122
v 0.22707873 0.09834496 -0.17267670
v 0.21332693 0.09834496 -0.16755952
v 0.21564877 0.14832570 -0.15696013
v 0.21937515 0.14832570 -0.15729004
v 0.22143183 0.09834496 -0.16894235
v 0.21703898 0.09834496 -0.16818425
f 1572 1573 1574
f 1572 1574 1575
f 1572 1575 1578
f 1572 1578 1580
f 1572 1580 1586
f 1572 1586 1591
f 1572 1591 1597
f 1572 1597 1604
f 1572 1604 1603
f 1572 1603 1609
f 1572 1609 1610
f 1572 1610 1606
f 1572 1606 1605
f 1572 1605 1600
f 1572 1600 1599
f 1572 1599 1598
f 1572 1598 1592
f 1572 1592 1587
f 1572 1587 1581
f 1572 1581 1576
f 1572 1576 1573
f 1573 1576 1577
f 1573 1577 1584
f 1573 1584 1583
f 1573 1583 1582
f 1573 1582 1589
f 1573 1589 1588
f 1573 1588 1593
f 1573 1593 1601
f 1573 1601 1607
f 1573 1607 1611
f 1573 1611 1612
f 1573 1612 1608
f 1573 1608 1602
f 1573 1602 1596
f 1573 1596 1595
f 1573 1595 1594
f 1573 1594 1590
f 1573 1590 1585
f 1573 1585 1579
f 1573 1579 1574
f 1574 1578 1575
f 1574 1579 1580
f 1574 1580 1578
f 1576 1581 1582
f 1576 1582 1583
f 1576 1583 1584
f 1576 1584 1577
f 1579 1585 1586
f 1579 1586 1580
f 1581 1587 1588
f 1581 1588 1589
f 1581 1589 1582
f 1585 1590 1591
f 1585 1591 1586
f 1587 1592 1588
f 1588 1592 1593
f 1590 1594 1591
f 1591 1594 1595
f 1591 1595 1596
f 1591 1596 1597
f 1592 1598 1593
f 1593 1598 1599
f 1593 1599 1600
f 1593 1600 1601
f 1596 1602 1603
f 1596 1603 1604
f 1596 1604 1597
f 1600 1605 1601
f 1601 1605 1606
f 1601 1606 1607
f 1602 1608 1603
f 1603 1608 1609
f 1606 1610 1611
f 1606 1611 1607
f 1608 1612 1610
f 1608 1610 1609
f 1610 1612 1611

o geometry_7
v -0.18559867 -0.28976935 -0.14471210
v -0.19738967 -0.28976935 -0.14885861
v -0.18559867 -0.30632139 -0.14477383
v -0.16939485 -0.30632139 -0.14705188
v -0.16939485 -0.28976935 -0.14701260
v -0.16939485 -0.25669073 -0.14701260
v -0.18559867 -0.23962939 -0.14472893
v -0.19717825 -0.23962939 -0.14870151
v -0.19731378 -0.30632139 -0.14890912
v -0.19755774 -0.23962939 -0.14883617
v -0.20540756 -0.23962939 -0.15901448
v -0.18559867 -0.45518793 -0.14563791
v -0.17063629 -0.45518793 -0.14760176
v -0.16099207 -0.30632139 -0.15119279
v -0.16095953 -0.28976935 -0.15115911
v -0.17040318 -0.43863586 -0.14757931
v -0.16094327 -0.25669073 -0.15114789
v -0.16098121 -0.24013867 -0.15118156
v -0.16939485 -0.23962939 -0.14707993
v -0.20553225 -0.27321731 -0.15954752
v -0.20532624 -0.30632139 -0.15965975
v -0.19621329 -0.45518793 -0.14953754
v -0.19633255 -0.43863586 -0.14946460
v -0.20566236 -0.23962939 -0.15935675
v -0.19597475 -0.47173995 -0.14968904
v -0.18559867 -0.47173995 -0.14589602
v -0.17082603 -0.47173995 -0.14770275
v -0.16110590 -0.32284797 -0.15130500
v -0.15741410 -0.30632139 -0.15965975
v -0.15730026 -0.28976935 -0.15965975
v -0.15724062 -0.27321731 -0.15965975
v -0.15721352 -0.25669073 -0.15965975
v -0.16086195 -0.23962939 -0.15145088
v -0.16098665 -0.23962939 -0.15118717
v -0.20636711 -0.28915818 -0.16128131
v -0.20992338 -0.28325038 -0.16780127
v -0.20310899 -0.43863586 -0.15965975
v -0.20279457 -0.45518793 -0.15965975
v -0.20989086 -0.23962939 -0.16726261
v -0.20999386 -0.25669073 -0.16760488
v -0.20995592 -0.27321731 -0.16771149
v -0.20227414 -0.47173995 -0.15965975
v -0.19510195 -0.48337732 -0.15036236
v -0.18499150 -0.48864850 -0.14911671
v -0.17375345 -0.48826655 -0.14936920
v -0.16272140 -0.47173995 -0.15370650
v -0.16204919 -0.42210929 -0.15251135
v -0.16189740 -0.40555724 -0.15228131
v -0.16131191 -0.34698849 -0.15152383
v -0.16121432 -0.33596228 -0.15141722
v -0.15493663 -0.27321731 -0.17598208
v -0.15476315 -0.25669073 -0.17598208
v -0.15464390 -0.23962939 -0.17598208
v -0.15841702 -0.40555724 -0.16044528
v -0.15856338 -0.42210929 -0.16067534
v -0.15718641 -0.23962939 -0.16017596
v -0.15728398 -0.23962939 -0.15965975
v -0.20992338 -0.28325038 -0.16790227
v -0.20573826 -0.42210929 -0.17598208
v -0.20522324 -0.43863586 -0.17598208
v -0.20468655 -0.45518793 -0.17598208
v -0.21002096 -0.23962939 -0.16751511
v -0.21002096 -0.24013867 -0.16752633
v -0.20999386 -0.25669073 -0.16888419
v -0.20995592 -0.27321731 -0.16827260
v -0.20393843 -0.47173995 -0.17598208
v -0.19811611 -0.48864850 -0.15902571
v -0.18998438 -0.49440353 -0.15315662
v -0.17918544 -0.49695001 -0.15114228
v -0.17687062 -0.49695001 -0.15114228
v -0.16507961 -0.48931059 -0.15902571
v -0.16002710 -0.48449778 -0.16404192
v -0.15920850 -0.47173995 -0.16187047
v -0.15893744 -0.45518793 -0.16146647
v -0.15514263 -0.28976935 -0.17598208
v -0.15834653 -0.23962939 -0.18878633
v -0.15874771 -0.43863586 -0.16107932
v -0.20952222 -0.23962939 -0.17801886
v -0.20905058 -0.28915818 -0.17439417
v -0.20790671 -0.33940001 -0.17598208
v -0.20751097 -0.35595205 -0.17598208
v -0.19996472 -0.35595205 -0.19046401
v -0.19910818 -0.40555724 -0.18930814
v -0.19878834 -0.42210929 -0.18896588
v -0.19811069 -0.45518793 -0.18828695
v -0.19763362 -0.47173995 -0.18782684
v -0.21002096 -0.23962939 -0.16986050
v -0.21002096 -0.24013867 -0.16978195
v -0.20953848 -0.23962939 -0.17776075
v -0.19612112 -0.48482882 -0.18639605
v -0.19872870 -0.48951430 -0.17706500
v -0.19557901 -0.49824868 -0.16404192
v -0.18499150 -0.49952191 -0.15902571
v -0.17335229 -0.49898715 -0.15965975
v -0.16002710 -0.48449778 -0.17195901
v -0.17290775 -0.49926731 -0.17598208
v -0.15920850 -0.47173995 -0.17483182
v -0.15712135 -0.38900520 -0.17598208
v -0.15672561 -0.37247863 -0.17598208
v -0.15638407 -0.35595205 -0.17598208
v -0.15572270 -0.32284797 -0.17598208
v -0.15539744 -0.30632139 -0.17598208
v -0.15880191 -0.28976935 -0.18787734
v -0.15849290 -0.25669073 -0.18850578
v -0.15859591 -0.23962939 -0.18904444
v -0.20853557 -0.30632139 -0.17598208
v -0.20211151 -0.23962939 -0.19192847
v -0.20188382 -0.23962939 -0.19230440
v -0.20018699 -0.33940001 -0.19080628
v -0.19416952 -0.23962939 -0.20074893
v -0.19386051 -0.25096118 -0.20056377
v -0.18559867 -0.45518793 -0.19360616
v -0.18559867 -0.47173995 -0.19276450
v -0.18612452 -0.48951430 -0.18783246
v -0.19187636 -0.49585500 -0.18322585
v -0.19557901 -0.49824868 -0.17234616
v -0.18612452 -0.49975113 -0.17706500
v -0.16183234 -0.47173995 -0.18299018
v -0.16447245 -0.48931059 -0.17682934
v -0.17627429 -0.49730650 -0.18487548
v -0.16139865 -0.46180873 -0.18391599
v -0.15931150 -0.45584999 -0.17748021
v -0.15838991 -0.43863586 -0.17598208
v -0.15796706 -0.42210929 -0.17598208
v -0.16112758 -0.45075705 -0.18435927
v -0.15983735 -0.37247863 -0.18620528
v -0.15958798 -0.35595205 -0.18654193
v -0.15937113 -0.33940001 -0.18686176
v -0.15897539 -0.30632139 -0.18755752
v -0.16636985 -0.23962939 -0.19695029
v -0.18559867 -0.23962939 -0.20203384
v -0.18167375 -0.28976935 -0.20103508
v -0.17976551 -0.30632139 -0.20076576
v -0.19289555 -0.26198736 -0.20033933
v -0.17726636 -0.31714388 -0.20056377
v -0.18559867 -0.37247863 -0.19725329
v -0.17826927 -0.31714388 -0.20056377
v -0.16993696 -0.47173995 -0.18907809
v -0.17298907 -0.48826655 -0.18706376
v -0.18107200 -0.49730650 -0.18487548
v -0.16783897 -0.45584999 -0.18852823
v -0.16939485 -0.38900520 -0.19265229
v -0.16939485 -0.37247863 -0.19339294
v -0.16805582 -0.28976935 -0.19604131
v -0.16690112 -0.25669073 -0.19666975
v -0.17500574 -0.25669073 -0.20151201
v -0.16662464 -0.23962939 -0.19710180
v -0.17484311 -0.23962939 -0.20177013
v -0.17616044 -0.28976935 -0.20103508
v -0.17679472 -0.30632139 -0.20076576
v -0.18786471 -0.30632139 -0.19959306
v -0.18559867 -0.35595205 -0.19797149
v -0.16939485 -0.43863586 -0.19032373
v -0.18444397 -0.32274611 -0.19945280
v -0.18559867 -0.33940001 -0.19863360
v -0.17449073 -0.24013867 -0.20174768
v -0.17447447 -0.23962939 -0.20175330
f 1613 1614 1615
f 1613 1615 1616
f 1613 1616 1617
f 1613 1617 1618
f 1613 1618 1619
f 1613 1619 1620
f 1613 1620 1614
f 1614 1621 1615
f 1614 1620 1622
f 1614 1622 1623
f 1614 1623 1621
f 1615 1621 1624
f 1615 1624 1625
f 1615 1625 1616
f 1616 1626 1627
f 1616 1627 1617
f 1616 1625 1628
f 1616 1628 1626
f 1617 1627 1629
f 1617 1629 1618
f 1618 1629 1630
f 1618 1630 1631
f 1618 1631 1619
f 1619 1631 1646
f 1619 1646 1645
f 1619 1645 1669
f 1619 1669 1668
f 1619 1668 1665
f 1619 1665 1688
f 1619 1688 1717
f 1619 1717 1742
f 1619 1742 1759
f 1619 1759 1769
f 1619 1769 1760
f 1619 1760 1743
f 1619 1743 1722
f 1619 1722 1720
f 1619 1720 1719
f 1619 1719 1690
f 1619 1690 1701
f 1619 1701 1699
f 1619 1699 1674
f 1619 1674 1651
f 1619 1651 1636
f 1619 1636 1623
f 1619 1623 1622
f 1619 1622 1620
f 1621 1623 1632
f 1621 1632 1633
f 1621 1633 1634
f 1621 1634 1635
f 1621 1635 1624
f 1623 1636 1632
f 1624 1635 1634
f 1624 1634 1637
f 1624 1637 1638
f 1624 1638 1639
f 1624 1639 1625
f 1625 1639 1640
f 1625 1640 1626
f 1625 1626 1628
f 1626 1640 1641
f 1626 1641 1642
f 1626 1642 1643
f 1626 1643 1627
f 1627 1643 1644
f 1627 1644 1629
f 1629 1644 1645
f 1629 1645 1630
f 1630 1645 1646
f 1630 1646 1631
f 1632 1647 1633
f 1632 1636 1647
f 1633 1647 1648
f 1633 1648 1649
f 1633 1649 1634
f 1634 1649 1650
f 1634 1650 1637
f 1636 1651 1652
f 1636 1652 1653
f 1636 1653 1647
f 1637 1650 1654
f 1637 1654 1655
f 1637 1655 1638
f 1638 1655 1656
f 1638 1656 1657
f 1638 1657 1639
f 1639 1657 1658
f 1639 1658 1659
f 1639 1659 1660
f 1639 1660 1661
f 1639 1661 1662
f 1639 1662 1640
f 1640 1662 1641
f 1641 1663 1664
f 1641 1664 1665
f 1641 1665 1642
f 1641 1662 1661
f 1641 1661 1666
f 1641 1666 1667
f 1641 1667 1663
f 1642 1665 1643
f 1643 1665 1644
f 1644 1665 1668
f 1644 1668 1669
f 1644 1669 1645
f 1647 1653 1648
f 1648 1653 1677
f 1648 1677 1670
f 1648 1670 1671
f 1648 1671 1672
f 1648 1672 1673
f 1648 1673 1654
f 1648 1654 1650
f 1648 1650 1649
f 1651 1674 1652
f 1652 1674 1675
f 1652 1675 1700
f 1652 1700 1676
f 1652 1676 1677
f 1652 1677 1653
f 1654 1673 1678
f 1654 1678 1679
f 1654 1679 1655
f 1655 1679 1680
f 1655 1680 1656
f 1656 1680 1681
f 1656 1681 1682
f 1656 1682 1657
f 1657 1682 1683
f 1657 1683 1658
f 1658 1683 1684
f 1658 1684 1685
f 1658 1685 1686
f 1658 1686 1659
f 1659 1667 1661
f 1659 1661 1660
f 1659 1686 1667
f 1661 1667 1666
f 1663 1667 1687
f 1663 1687 1688
f 1663 1688 1664
f 1664 1688 1665
f 1667 1686 1689
f 1667 1689 1687
f 1670 1677 1690
f 1670 1690 1691
f 1670 1691 1692
f 1670 1692 1693
f 1670 1693 1671
f 1671 1693 1694
f 1671 1694 1695
f 1671 1695 1696
f 1671 1696 1672
f 1672 1696 1697
f 1672 1697 1673
f 1673 1697 1698
f 1673 1698 1678
f 1674 1699 1700
f 1674 1700 1675
f 1676 1700 1699
f 1676 1699 1677
f 1677 1699 1701
f 1677 1701 1690
f 1678 1698 1702
f 1678 1702 1703
f 1678 1703 1704
f 1678 1704 1679
f 1679 1704 1680
f 1680 1704 1705
f 1680 1705 1681
f 1681 1705 1682
f 1682 1705 1706
f 1682 1706 1683
f 1683 1706 1684
f 1684 1707 1709
f 1684 1709 1685
f 1684 1706 1708
f 1684 1708 1707
f 1685 1709 1710
f 1685 1710 1711
f 1685 1711 1712
f 1685 1712 1713
f 1685 1713 1714
f 1685 1714 1686
f 1686 1714 1687
f 1686 1687 1689
f 1687 1714 1715
f 1687 1715 1716
f 1687 1716 1688
f 1688 1716 1717
f 1690 1718 1691
f 1690 1719 1694
f 1690 1694 1693
f 1690 1693 1692
f 1690 1692 1718
f 1691 1718 1692
f 1694 1696 1695
f 1694 1719 1720
f 1694 1720 1721
f 1694 1721 1722
f 1694 1722 1696
f 1696 1722 1697
f 1697 1722 1723
f 1697 1723 1698
f 1698 1724 1725
f 1698 1725 1702
f 1698 1723 1724
f 1702 1725 1726
f 1702 1726 1727
f 1702 1727 1703
f 1703 1727 1728
f 1703 1728 1704
f 1704 1728 1729
f 1704 1729 1705
f 1705 1729 1708
f 1705 1708 1706
f 1707 1730 1709
f 1707 1708 1731
f 1707 1731 1730
f 1708 1729 1732
f 1708 1732 1731
f 1709 1730 1733
f 1709 1733 1734
f 1709 1734 1735
f 1709 1735 1736
f 1709 1736 1710
f 1710 1736 1737
f 1710 1737 1711
f 1711 1737 1738
f 1711 1738 1739
f 1711 1739 1712
f 1712 1739 1713
f 1713 1739 1714
f 1714 1739 1740
f 1714 1740 1741
f 1714 1741 1715
f 1715 1741 1742
f 1715 1742 1716
f 1716 1742 1717
f 1720 1722 1721
f 1722 1743 1723
f 1723 1743 1744
f 1723 1744 1745
f 1723 1745 1746
f 1723 1746 1724
f 1724 1747 1725
f 1724 1746 1748
f 1724 1748 1749
f 1724 1749 1747
f 1725 1750 1751
f 1725 1751 1732
f 1725 1732 1726
f 1725 1747 1750
f 1726 1732 1752
f 1726 1752 1727
f 1727 1752 1729
f 1727 1729 1728
f 1729 1752 1732
f 1730 1731 1751
f 1730 1751 1750
f 1730 1750 1733
f 1731 1732 1751
f 1733 1737 1734
f 1733 1750 1737
f 1734 1737 1735
f 1735 1737 1736
f 1737 1750 1753
f 1737 1753 1754
f 1737 1754 1755
f 1737 1755 1756
f 1737 1756 1757
f 1737 1757 1742
f 1737 1742 1738
f 1738 1742 1739
f 1739 1742 1741
f 1739 1741 1740
f 1742 1757 1758
f 1742 1758 1759
f 1743 1760 1761
f 1743 1761 1762
f 1743 1762 1747
f 1743 1747 1749
f 1743 1749 1745
f 1743 1745 1744
f 1745 1749 1763
f 1745 1763 1746
f 1746 1763 1764
f 1746 1764 1748
f 1747 1762 1755
f 1747 1755 1754
f 1747 1754 1765
f 1747 1765 1750
f 1748 1764 1749
f 1749 1766 1763
f 1749 1764 1767
f 1749 1767 1766
f 1750 1765 1753
f 1753 1765 1754
f 1755 1762 1756
f 1756 1762 1757
f 1757 1762 1761
f 1757 1761 1758
f 1758 1760 1768
f 1758 1768 1759
f 1758 1761 1760
f 1759 1768 1769
f 1760 1769 1768
f 1763 1766 1767
f 1763 1767 1764

o geometry_8
v 0.21968825 -0.14932742 -0.16243744
v 0.20380074 -0.14997178 -0.16243744
v 0.22214150 -0.15108475 -0.16243744
v 0.20342633 0.09834006 -0.16736996
v 0.19521154 -0.15928566 -0.16243744
v 0.22984216 -0.16075012 -0.16243744
v 0.21332877 0.09834006 -0.16755375
v 0.19506066 0.09834006 -0.16764267
v 0.19341770 -0.16221456 -0.16243744
v 0.23379307 -0.17070836 -0.16243744
v 0.21703939 0.09834006 -0.16818218
v 0.23445249 -0.17398873 -0.16243744
v 0.18912030 -0.17398873 -0.16243744
v 0.19184181 0.09834006 -0.17212464
v 0.18738794 -0.19050770 -0.16243744
v 0.22143178 0.09834006 -0.16894102
v 0.23366454 0.09834006 -0.17710459
v 0.22707595 0.09834006 -0.17267599
v 0.23538015 -0.18769596 -0.16243744
v 0.18910354 0.09834006 -0.17599004
v 0.18119053 -0.19050770 -0.17373127
v 0.19155680 -0.47174033 -0.17723501
v 0.19698303 -0.47174033 -0.16907145
v 0.20509164 -0.47174033 -0.16522385
v 0.20342633 -0.35593176 -0.16298286
v 0.20342633 -0.33935421 -0.16268050
v 0.20342633 -0.32283524 -0.16256194
v 0.18782382 -0.19320228 -0.16243744
v 0.23811282 0.09834006 -0.19231125
v 0.23548632 -0.19050770 -0.16243744
v 0.18546557 0.09834006 -0.18483538
v 0.18119053 -0.20567938 -0.17798201
v 0.18901413 -0.47174033 -0.19231125
v 0.18247584 0.09834006 -0.19231125
v 0.18119053 -0.17803061 -0.17485176
v 0.19318858 -0.48825930 -0.18019928
v 0.20252660 -0.48948945 -0.17147250
v 0.20733253 -0.48474463 -0.16611312
v 0.21962677 -0.47174033 -0.16505785
v 0.21962677 -0.38896970 -0.16335044
v 0.21962677 -0.37245076 -0.16303029
v 0.21962677 -0.35593176 -0.16273979
v 0.21962677 -0.33935421 -0.16250265
v 0.21962677 -0.32283524 -0.16245522
v 0.19229446 -0.20837396 -0.16243744
v 0.23414514 0.09834006 -0.20863244
v 0.23690576 -0.19050770 -0.17599004
v 0.23827488 -0.32283524 -0.19231125
v 0.22985333 -0.21142001 -0.16243744
v 0.22779126 -0.48011698 -0.16777310
v 0.23314484 -0.47174033 -0.17599004
v 0.23718517 -0.45516279 -0.19231125
v 0.23737518 -0.43864379 -0.19231125
v 0.23803459 -0.37245076 -0.19231125
v 0.23817429 -0.35593176 -0.19231125
v 0.23825252 -0.33935421 -0.19231125
v 0.18119053 -0.20714384 -0.18078027
v 0.18849442 -0.45516279 -0.19231125
v 0.19278063 -0.47174033 -0.20363471
v 0.19375299 -0.48398311 -0.20239566
v 0.19267446 -0.48902082 -0.19193774
v 0.18119053 -0.20837396 -0.21013236
v 0.18119053 -0.20562081 -0.21320927
v 0.18119053 -0.20099315 -0.21746595
v 0.18119053 -0.19900151 -0.21798765
v 0.18119053 -0.19103490 -0.21980178
v 0.18426968 0.09834006 -0.20863244
v 0.18119053 -0.17428161 -0.21922079
v 0.18119053 -0.16719369 -0.21638102
v 0.18119053 -0.16572923 -0.21546210
v 0.18119053 -0.15805552 -0.20912453
v 0.18119053 -0.15471659 -0.19228160
v 0.18119053 -0.16408905 -0.17813023
v 0.18119053 -0.17363726 -0.17567582
v 0.19491536 -0.49698741 -0.18340068
v 0.20342633 -0.49909620 -0.17985542
v 0.21962677 -0.48369023 -0.16649848
v 0.21962677 -0.49194970 -0.17087965
v 0.21962677 -0.22290129 -0.16243744
v 0.20435398 -0.22284272 -0.16243744
v 0.20342633 -0.22278414 -0.16243744
v 0.19819569 -0.21803933 -0.16243744
v 0.19319417 -0.21130286 -0.16243744
v 0.23413396 0.09072492 -0.20863244
v 0.23211100 0.09834006 -0.21322112
v 0.22879156 -0.49757323 -0.18231576
v 0.23045129 -0.48667769 -0.17651767
v 0.23677163 -0.47174033 -0.19231125
v 0.23182599 -0.45516279 -0.20515242
v 0.23193776 -0.43864379 -0.20535399
v 0.23202158 -0.42206624 -0.20551998
v 0.23228424 -0.37245076 -0.20598833
v 0.23235689 -0.35593176 -0.20612469
v 0.23365337 -0.00850609 -0.20863244
v 0.23375955 0.00801290 -0.20863244
v 0.23407249 0.07420596 -0.20863244
v 0.18119053 -0.21183007 -0.19231125
v 0.20342633 -0.47174033 -0.21057701
v 0.20262162 -0.48902082 -0.20556740
v 0.19668685 -0.49499577 -0.19711927
v 0.19491536 -0.49698741 -0.18624044
v 0.18119053 -0.18541142 -0.21980178
v 0.20342633 0.09834006 -0.22300318
v 0.18721470 -0.19050770 -0.22053692
v 0.21141198 -0.38235041 -0.21683159
v 0.19116003 0.09834006 -0.21977214
v 0.20262162 -0.49968196 -0.19193774
v 0.21962677 -0.49956481 -0.17904322
v 0.22968009 0.09072492 -0.21863386
v 0.22969686 0.09834006 -0.21864571
v 0.22105178 -0.50009205 -0.19357402
v 0.22879156 -0.49757323 -0.18898534
v 0.23185953 -0.48978233 -0.19357402
v 0.23013834 -0.48527184 -0.20313671
v 0.23154658 -0.47174033 -0.20476113
v 0.21962677 -0.45516279 -0.21248006
v 0.22772978 -0.18224822 -0.21679602
v 0.22784714 -0.17117699 -0.21688495
v 0.22889215 -0.04160262 -0.21779201
v 0.22913804 -0.00850609 -0.21802916
v 0.22925538 0.00801290 -0.21814772
v 0.22960744 0.07420596 -0.21853900
v 0.21962677 -0.47174033 -0.21170342
v 0.22105178 -0.48978233 -0.20601798
v 0.20748901 -0.49839329 -0.20256165
v 0.21220552 0.09834006 -0.22242218
v 0.20342633 -0.19050770 -0.22120091
v 0.21166346 -0.38235041 -0.21683159
v 0.21962677 0.09072492 -0.22182340
v 0.21962677 0.09834006 -0.22187676
v 0.22507535 0.09834006 -0.22014563
v 0.21659791 -0.49839329 -0.20256165
v 0.22740566 -0.49628450 -0.19986418
v 0.21962677 -0.43864379 -0.21296619
v 0.21209935 -0.37245076 -0.21693830
v 0.21273642 -0.35593176 -0.21711024
v 0.21894499 -0.19050770 -0.21877614
v 0.22124737 -0.17562890 -0.21849751
v 0.21962677 0.00801290 -0.22096377
v 0.21962677 0.02453187 -0.22113569
f 1770 1771 1774
f 1770 1774 1778
f 1770 1778 1782
f 1770 1782 1784
f 1770 1784 1797
f 1770 1797 1814
f 1770 1814 1852
f 1770 1852 1851
f 1770 1851 1850
f 1770 1850 1849
f 1770 1849 1848
f 1770 1848 1818
f 1770 1818 1799
f 1770 1799 1788
f 1770 1788 1781
f 1770 1781 1779
f 1770 1779 1775
f 1770 1775 1772
f 1770 1772 1773
f 1770 1773 1771
f 1771 1773 1774
f 1772 1775 1776
f 1772 1776 1773
f 1773 1776 1780
f 1773 1780 1785
f 1773 1785 1787
f 1773 1787 1786
f 1773 1786 1798
f 1773 1798 1815
f 1773 1815 1854
f 1773 1854 1879
f 1773 1879 1900
f 1773 1900 1899
f 1773 1899 1895
f 1773 1895 1872
f 1773 1872 1875
f 1773 1875 1836
f 1773 1836 1803
f 1773 1803 1800
f 1773 1800 1789
f 1773 1789 1783
f 1773 1783 1777
f 1773 1777 1774
f 1774 1777 1778
f 1775 1779 1776
f 1776 1779 1781
f 1776 1781 1780
f 1777 1782 1778
f 1777 1783 1784
f 1777 1784 1782
f 1780 1781 1785
f 1781 1786 1787
f 1781 1787 1785
f 1781 1788 1786
f 1783 1789 1784
f 1784 1790 1791
f 1784 1791 1792
f 1784 1792 1793
f 1784 1793 1794
f 1784 1794 1795
f 1784 1795 1796
f 1784 1796 1797
f 1784 1789 1790
f 1786 1788 1799
f 1786 1799 1798
f 1789 1800 1790
f 1790 1801 1802
f 1790 1802 1791
f 1790 1800 1803
f 1790 1803 1804
f 1790 1804 1843
f 1790 1843 1842
f 1790 1842 1841
f 1790 1841 1840
f 1790 1840 1839
f 1790 1839 1838
f 1790 1838 1837
f 1790 1837 1871
f 1790 1871 1835
f 1790 1835 1834
f 1790 1834 1833
f 1790 1833 1832
f 1790 1832 1831
f 1790 1831 1866
f 1790 1866 1826
f 1790 1826 1801
f 1791 1802 1805
f 1791 1805 1792
f 1792 1805 1806
f 1792 1806 1807
f 1792 1807 1793
f 1793 1807 1808
f 1793 1808 1809
f 1793 1809 1794
f 1794 1809 1810
f 1794 1810 1795
f 1795 1810 1811
f 1795 1811 1812
f 1795 1812 1796
f 1796 1813 1797
f 1796 1812 1813
f 1797 1813 1814
f 1798 1799 1816
f 1798 1816 1817
f 1798 1817 1815
f 1799 1818 1813
f 1799 1813 1812
f 1799 1812 1811
f 1799 1811 1810
f 1799 1810 1809
f 1799 1809 1808
f 1799 1808 1819
f 1799 1819 1820
f 1799 1820 1821
f 1799 1821 1822
f 1799 1822 1823
f 1799 1823 1824
f 1799 1824 1825
f 1799 1825 1816
f 1801 1826 1827
f 1801 1827 1802
f 1802 1828 1829
f 1802 1829 1830
f 1802 1830 1805
f 1802 1827 1831
f 1802 1831 1832
f 1802 1832 1833
f 1802 1833 1834
f 1802 1834 1835
f 1802 1835 1828
f 1803 1836 1837
f 1803 1837 1838
f 1803 1838 1839
f 1803 1839 1840
f 1803 1840 1841
f 1803 1841 1842
f 1803 1842 1843
f 1803 1843 1804
f 1805 1830 1844
f 1805 1844 1806
f 1806 1844 1845
f 1806 1845 1807
f 1807 1846 1808
f 1807 1845 1847
f 1807 1847 1846
f 1808 1846 1819
f 1813 1818 1848
f 1813 1848 1849
f 1813 1849 1850
f 1813 1850 1851
f 1813 1851 1852
f 1813 1852 1814
f 1815 1853 1854
f 1815 1817 1825
f 1815 1825 1853
f 1816 1825 1817
f 1819 1846 1847
f 1819 1847 1855
f 1819 1855 1856
f 1819 1856 1820
f 1820 1856 1857
f 1820 1857 1821
f 1821 1857 1858
f 1821 1858 1859
f 1821 1859 1822
f 1822 1859 1823
f 1823 1859 1860
f 1823 1860 1861
f 1823 1861 1824
f 1824 1861 1862
f 1824 1862 1863
f 1824 1863 1864
f 1824 1864 1865
f 1824 1865 1825
f 1825 1865 1853
f 1826 1866 1827
f 1827 1866 1831
f 1828 1867 1829
f 1828 1835 1867
f 1829 1867 1868
f 1829 1868 1869
f 1829 1869 1830
f 1830 1869 1870
f 1830 1870 1844
f 1835 1871 1872
f 1835 1872 1873
f 1835 1873 1874
f 1835 1874 1867
f 1836 1875 1837
f 1837 1875 1871
f 1844 1870 1876
f 1844 1876 1845
f 1845 1876 1877
f 1845 1877 1847
f 1847 1877 1855
f 1853 1865 1878
f 1853 1878 1879
f 1853 1879 1854
f 1855 1877 1880
f 1855 1880 1881
f 1855 1881 1882
f 1855 1882 1857
f 1855 1857 1856
f 1857 1882 1883
f 1857 1883 1884
f 1857 1884 1858
f 1858 1884 1885
f 1858 1885 1886
f 1858 1886 1887
f 1858 1887 1859
f 1859 1887 1888
f 1859 1888 1889
f 1859 1889 1890
f 1859 1890 1860
f 1860 1890 1861
f 1861 1890 1862
f 1862 1890 1891
f 1862 1891 1863
f 1863 1891 1878
f 1863 1878 1864
f 1864 1878 1865
f 1867 1874 1892
f 1867 1892 1868
f 1868 1893 1894
f 1868 1894 1869
f 1868 1892 1893
f 1869 1894 1876
f 1869 1876 1870
f 1871 1875 1872
f 1872 1895 1896
f 1872 1896 1873
f 1873 1896 1874
f 1874 1897 1892
f 1874 1896 1897
f 1876 1880 1877
f 1876 1894 1880
f 1878 1898 1899
f 1878 1899 1900
f 1878 1900 1879
f 1878 1891 1898
f 1880 1894 1901
f 1880 1901 1902
f 1880 1902 1881
f 1881 1902 1882
f 1882 1902 1883
f 1883 1892 1884
f 1883 1902 1893
f 1883 1893 1892
f 1884 1892 1885
f 1885 1903 1886
f 1885 1892 1897
f 1885 1897 1903
f 1886 1903 1897
f 1886 1897 1904
f 1886 1904 1905
f 1886 1905 1906
f 1886 1906 1907
f 1886 1907 1908
f 1886 1908 1887
f 1887 1908 1909
f 1887 1909 1898
f 1887 1898 1888
f 1888 1898 1889
f 1889 1898 1890
f 1890 1898 1891
f 1893 1902 1901
f 1893 1901 1894
f 1895 1899 1896
f 1896 1899 1898
f 1896 1898 1909
f 1896 1909 1908
f 1896 1908 1906
f 1896 1906 1905
f 1896 1905 1904
f 1896 1904 1897
f 1906 1908 1907

o geometry_9
v -0.18559855 -0.16050166 -0.10817186
v -0.19800149 -0.16285544 -0.10817186
v -0.17478057 -0.16332811 -0.10817186
v -0.17061062 -0.14105407 -0.15451478
v -0.18559855 -0.14105407 -0.15170412
v -0.18802002 -0.14105407 -0.15180753
v -0.20482562 -0.17394905 -0.10817186
v -0.20039150 -0.14105407 -0.15705283
v -0.20847983 -0.14105407 -0.16428157
v -0.21068746 -0.14105407 -0.16625561
v -0.16988733 -0.17394905 -0.10817186
v -0.14725763 -0.16214158 -0.16351076
v -0.15803787 -0.14105407 -0.16315355
v -0.15818254 -0.14105407 -0.16304076
v -0.17054144 -0.14105407 -0.15456178
v -0.20607725 -0.18793663 -0.10817186
v -0.21151139 -0.14105407 -0.17597541
v -0.20630366 -0.19048334 -0.10817186
v -0.16859169 -0.19048334 -0.10817186
v -0.14725763 -0.17394905 -0.15801165
v -0.14725763 -0.15698064 -0.17597541
v -0.15464782 -0.14105407 -0.17597541
v -0.21073777 -0.14105407 -0.18572340
v -0.21063085 -0.15740509 -0.18551660
v -0.21136043 -0.15740509 -0.17597541
v -0.21053022 -0.17394905 -0.16563520
v -0.21002077 -0.23960393 -0.16750584
v -0.19947953 -0.20345805 -0.10817186
v -0.17348493 -0.20297572 -0.10817186
v -0.16098766 -0.23960393 -0.15118711
v -0.16086187 -0.23960393 -0.15145031
v -0.14725763 -0.20549349 -0.16139571
v -0.14725763 -0.20147085 -0.15955329
v -0.14725763 -0.19048334 -0.15596241
v -0.14725763 -0.15705781 -0.17830665
v -0.14725763 -0.15981675 -0.19010389
v -0.15782403 -0.14105407 -0.19139171
v -0.21066230 -0.14105407 -0.18582680
v -0.20412119 -0.15740509 -0.19368535
v -0.21043587 -0.17394905 -0.18514999
v -0.20429101 -0.14105407 -0.19389216
v -0.21000190 -0.20225222 -0.18431338
v -0.21105226 -0.17394905 -0.17597541
v -0.21002077 -0.23960393 -0.16985589
v -0.20988869 -0.23960393 -0.16725203
v -0.20566213 -0.23960393 -0.15934648
v -0.20540427 -0.23960393 -0.15900808
v -0.19755493 -0.23960393 -0.14883707
v -0.19717757 -0.23960393 -0.14870546
v -0.18559855 -0.20767363 -0.10817186
v -0.18372428 -0.20695012 -0.10817186
v -0.16939675 -0.23960393 -0.14707923
v -0.15728313 -0.23960393 -0.15965668
v -0.15718250 -0.23960393 -0.16016430
v -0.15464782 -0.23960393 -0.17597541
v -0.14725763 -0.21073160 -0.17597541
v -0.14725763 -0.16391656 -0.19302735
v -0.16217638 -0.14105407 -0.19967328
v -0.15788063 -0.14105407 -0.19159852
v -0.19602030 -0.15740509 -0.20187292
v -0.19574355 -0.17394905 -0.20170371
v -0.19537248 -0.19048334 -0.20146872
v -0.19498252 -0.20702729 -0.20123372
v -0.20385075 -0.17394905 -0.19330935
v -0.19618381 -0.14105407 -0.20198573
v -0.20188841 -0.23960393 -0.19230354
v -0.20211484 -0.23960393 -0.19192753
v -0.20985724 -0.21327831 -0.18280934
v -0.20952390 -0.23960393 -0.17801524
v -0.18559855 -0.23960393 -0.14472918
v -0.15834607 -0.23960393 -0.18878786
v -0.14725763 -0.20584076 -0.19108151
v -0.14725763 -0.17394905 -0.19655241
v -0.16228330 -0.14105407 -0.19976728
v -0.18559855 -0.14105407 -0.20419477
v -0.18559855 -0.15740509 -0.20396917
v -0.18559855 -0.17394905 -0.20369656
v -0.19458000 -0.22357125 -0.20098931
v -0.19417117 -0.23960393 -0.20074490
v -0.19442276 -0.23960393 -0.20047230
v -0.16637148 -0.23960393 -0.19694723
v -0.14725763 -0.19048334 -0.19819745
v -0.14725763 -0.17999747 -0.19762404
v -0.17028986 -0.14105407 -0.20264374
v -0.17038421 -0.14105407 -0.20267194
v -0.17066094 -0.15740509 -0.20256854
v -0.17121441 -0.17394905 -0.20245573
v -0.17228364 -0.19048334 -0.20234294
v -0.17333398 -0.20702729 -0.20219253
v -0.17400068 -0.22357125 -0.20197633
v -0.17447868 -0.23960393 -0.20175071
v -0.17484347 -0.23960393 -0.20176951
v -0.18559855 -0.19048334 -0.20334875
v -0.18559855 -0.20702729 -0.20295394
v -0.18559855 -0.22357125 -0.20249333
v -0.18559855 -0.23960393 -0.20203273
f 1910 1911 1916
f 1910 1916 1925
f 1910 1925 1927
f 1910 1927 1937
f 1910 1937 1959
f 1910 1959 1960
f 1910 1960 1938
f 1910 1938 1928
f 1910 1928 1920
f 1910 1920 1912
f 1910 1912 1913
f 1910 1913 1914
f 1910 1914 1915
f 1910 1915 1911
f 1911 1915 1917
f 1911 1917 1918
f 1911 1918 1919
f 1911 1919 1916
f 1912 1920 1921
f 1912 1921 1922
f 1912 1922 1923
f 1912 1923 1924
f 1912 1924 1913
f 1913 1924 1923
f 1913 1923 1922
f 1913 1922 1931
f 1913 1931 1946
f 1913 1946 1968
f 1913 1968 1967
f 1913 1967 1983
f 1913 1983 1993
f 1913 1993 1994
f 1913 1994 1984
f 1913 1984 1974
f 1913 1974 1950
f 1913 1950 1947
f 1913 1947 1932
f 1913 1932 1926
f 1913 1926 1919
f 1913 1919 1918
f 1913 1918 1917
f 1913 1917 1915
f 1913 1915 1914
f 1916 1919 1925
f 1919 1926 1927
f 1919 1927 1925
f 1920 1928 1929
f 1920 1929 1921
f 1921 1929 1943
f 1921 1943 1942
f 1921 1942 1941
f 1921 1941 1965
f 1921 1965 1981
f 1921 1981 1991
f 1921 1991 1992
f 1921 1992 1982
f 1921 1982 1966
f 1921 1966 1945
f 1921 1945 1944
f 1921 1944 1930
f 1921 1930 1931
f 1921 1931 1922
f 1926 1932 1933
f 1926 1933 1934
f 1926 1934 1935
f 1926 1935 1927
f 1927 1935 1936
f 1927 1936 1937
f 1928 1938 1939
f 1928 1939 1940
f 1928 1940 1941
f 1928 1941 1942
f 1928 1942 1943
f 1928 1943 1929
f 1930 1944 1931
f 1931 1944 1945
f 1931 1945 1946
f 1932 1947 1933
f 1933 1948 1949
f 1933 1949 1934
f 1933 1947 1950
f 1933 1950 1948
f 1934 1949 1951
f 1934 1951 1952
f 1934 1952 1953
f 1934 1953 1936
f 1934 1936 1935
f 1936 1953 1978
f 1936 1978 1976
f 1936 1976 1975
f 1936 1975 1989
f 1936 1989 1988
f 1936 1988 2005
f 1936 2005 2001
f 1936 2001 2000
f 1936 2000 1990
f 1936 1990 1980
f 1936 1980 1964
f 1936 1964 1963
f 1936 1963 1962
f 1936 1962 1940
f 1936 1940 1939
f 1936 1939 1961
f 1936 1961 1979
f 1936 1979 1958
f 1936 1958 1957
f 1936 1957 1956
f 1936 1956 1955
f 1936 1955 1954
f 1936 1954 1937
f 1937 1954 1955
f 1937 1955 1956
f 1937 1956 1957
f 1937 1957 1958
f 1937 1958 1959
f 1938 1960 1961
f 1938 1961 1939
f 1940 1962 1941
f 1941 1962 1963
f 1941 1963 1964
f 1941 1964 1965
f 1945 1966 1967
f 1945 1967 1968
f 1945 1968 1946
f 1948 1969 1970
f 1948 1970 1971
f 1948 1971 1972
f 1948 1972 1973
f 1948 1973 1949
f 1948 1950 1969
f 1949 1973 1951
f 1950 1974 1969
f 1951 1975 1976
f 1951 1976 1977
f 1951 1977 1952
f 1951 1973 1975
f 1952 1977 1953
f 1953 1977 1978
f 1958 1979 1959
f 1959 1979 1961
f 1959 1961 1960
f 1964 1980 1981
f 1964 1981 1965
f 1966 1982 1967
f 1967 1982 1983
f 1969 1974 1984
f 1969 1984 1970
f 1970 1984 1985
f 1970 1985 1986
f 1970 1986 1971
f 1971 1986 1972
f 1972 1987 1973
f 1972 1986 1987
f 1973 1987 1988
f 1973 1988 1989
f 1973 1989 1975
f 1976 1978 1977
f 1980 1990 1991
f 1980 1991 1981
f 1982 1992 1983
f 1983 1992 1993
f 1984 1994 1995
f 1984 1995 1996
f 1984 1996 1997
f 1984 1997 1985
f 1985 1997 1998
f 1985 1998 1999
f 1985 1999 2000
f 1985 2000 1986
f 1986 2000 2001
f 1986 2001 2002
f 1986 2002 1988
f 1986 1988 1987
f 1988 2002 2003
f 1988 2003 2004
f 1988 2004 2005
f 1990 2000 1991
f 1991 2000 1997
f 1991 1997 1996
f 1991 1996 1995
f 1991 1995 1994
f 1991 1994 1993
f 1991 1993 1992
f 1997 2000 1998
f 1998 2000 1999
f 2001 2005 2004
f 2001 2004 2003
f 2001 2003 2002

o geometry_10
v 0.21962732 -0.22291290 -0.16243744
v 0.20435837 -0.22284807 -0.16243744
v 0.22985375 -0.21146606 -0.16243744
v 0.23127288 -0.20490340 0.16059862
v 0.21962732 -0.21239535 0.16059862
v 0.20342205 -0.21267630 0.16059862
v 0.20342205 -0.22284087 -0.16243744
v 0.23548147 -0.19048859 -0.16243744
v 0.23313578 -0.20053069 0.16059862
v 0.20334890 -0.21263308 0.16059862
v 0.19819422 -0.21807194 -0.16243744
v 0.19107425 -0.20502586 0.16059862
v 0.23537907 -0.18767190 -0.16243744
v 0.23545709 -0.19048859 0.05255102
v 0.23542782 -0.19048859 0.16059862
v 0.19319560 -0.21134360 -0.16243744
v 0.18743623 -0.19531514 0.16059862
v 0.23445249 -0.17394866 -0.16243744
v 0.23457440 -0.17394866 0.16059862
v 0.19229342 -0.20841165 -0.16243744
v 0.18566600 -0.19053902 0.16059862
v 0.23379413 -0.17068535 -0.16243744
v 0.23049260 -0.16068647 0.16059862
v 0.18782149 -0.19319723 -0.16243744
v 0.18658281 -0.18131094 0.16059862
v 0.18738746 -0.19048859 -0.16243744
v 0.22984400 -0.16071528 -0.16243744
v 0.22107082 -0.15585271 0.16059862
v 0.22213882 -0.15107659 -0.16243744
v 0.21969072 -0.14931887 -0.16243744
v 0.18734358 -0.17441692 0.16059862
v 0.18912356 -0.17394866 -0.16243744
v 0.21962732 -0.15527641 0.16059862
v 0.20379755 -0.14995280 -0.16243744
v 0.20596281 -0.15557898 0.16059862
v 0.19124981 -0.16461254 0.16059862
v 0.19341995 -0.16220647 -0.16243744
v 0.19521457 -0.15928173 -0.16243744
v 0.19289814 -0.16116191 0.16059862
v 0.20342205 -0.15570144 0.16059862
f 2006 2007 2012
f 2006 2012 2016
f 2006 2016 2021
f 2006 2021 2025
f 2006 2025 2029
f 2006 2029 2031
f 2006 2031 2037
f 2006 2037 2042
f 2006 2042 2043
f 2006 2043 2039
f 2006 2039 2035
f 2006 2035 2034
f 2006 2034 2032
f 2006 2032 2027
f 2006 2027 2023
f 2006 2023 2018
f 2006 2018 2013
f 2006 2013 2008
f 2006 2008 2009
f 2006 2009 2010
f 2006 2010 2011
f 2006 2011 2007
f 2007 2011 2012
f 2008 2013 2014
f 2008 2014 2009
f 2009 2014 2020
f 2009 2020 2024
f 2009 2024 2028
f 2009 2028 2033
f 2009 2033 2038
f 2009 2038 2040
f 2009 2040 2045
f 2009 2045 2044
f 2009 2044 2041
f 2009 2041 2036
f 2009 2036 2030
f 2009 2030 2026
f 2009 2026 2022
f 2009 2022 2017
f 2009 2017 2015
f 2009 2015 2011
f 2009 2011 2010
f 2011 2015 2012
f 2012 2015 2017
f 2012 2017 2016
f 2013 2018 2019
f 2013 2019 2014
f 2014 2019 2020
f 2016 2017 2021
f 2017 2022 2021
f 2018 2023 2024
f 2018 2024 2020
f 2018 2020 2019
f 2021 2022 2026
f 2021 2026 2025
f 2023 2027 2024
f 2024 2027 2028
f 2025 2026 2029
f 2026 2030 2031
f 2026 2031 2029
f 2027 2032 2028
f 2028 2032 2034
f 2028 2034 2035
f 2028 2035 2033
f 2030 2036 2037
f 2030 2037 2031
f 2033 2035 2038
f 2035 2039 2040
f 2035 2040 2038
f 2036 2041 2042
f 2036 2042 2037
f 2039 2043 2044
f 2039 2044 2045
f 2039 2045 2040
f 2041 2044 2042
f 2042 2044 2043

o geometry_11
v -0.18559883 0.13645094 0.20724188
v -0.17326752 0.13645094 0.20711295
v -0.18946601 0.13645094 0.20549416
v -0.20180978 0.09070646 0.19962071
v -0.20180978 0.07416853 0.19949178
v -0.18559883 0.09070646 0.20686225
v -0.16939411 0.13645094 0.20698401
v -0.18559883 0.07416853 0.20666169
v -0.18559883 -0.09127303 0.20449854
v -0.20180978 0.13645094 0.19989289
v -0.21019907 0.07416853 0.19185628
v -0.21005561 0.02455479 0.19156262
v -0.20999946 0.00801688 0.19146234
v -0.20994957 -0.00483901 0.19138356
v -0.20988719 -0.02505896 0.19116151
v -0.20151663 -0.05819720 0.19774407
v -0.20089912 -0.12434887 0.19723551
v -0.20064339 -0.15742469 0.19690603
v -0.15661370 0.13645094 0.20128247
v -0.18559883 -0.10781095 0.20426216
v -0.18559883 -0.12434887 0.20401148
v -0.14725763 -0.19043812 0.19927691
v -0.20045004 -0.17396261 0.19675562
v -0.21024896 0.13645094 0.19198522
v -0.21090388 0.02455479 0.18316071
v -0.21097874 -0.15742469 0.17943609
v -0.21097249 -0.17396261 0.17910660
v -0.20980611 -0.04159688 0.19066728
v -0.19965789 -0.22357636 0.19609663
v -0.19994481 -0.20697604 0.19634733
v -0.20020054 -0.19043812 0.19657654
v -0.21089142 -0.20697604 0.17831154
v -0.21082905 -0.22357636 0.17791042
v -0.15343888 0.13645094 0.19941300
v -0.18559883 -0.14088678 0.20371780
v -0.18559883 -0.20697604 0.20221362
v -0.18559883 -0.22357636 0.20181968
v -0.18559883 -0.24011428 0.20127531
v -0.18559883 -0.30626595 0.19897607
v -0.17667313 -0.47170749 0.19170587
v -0.17732805 -0.48025730 0.19140504
v -0.16857078 -0.47170749 0.18530954
v -0.16006921 -0.47170749 0.17715116
v -0.14725763 -0.20036087 0.19671263
v -0.14725763 -0.17396261 0.19741459
v -0.14735743 0.13645094 0.18316071
v -0.14745723 0.13645094 0.18357616
v -0.21084151 0.13645094 0.18316071
v -0.21089765 0.05763061 0.18316071
v -0.21090388 0.04109270 0.18316071
v -0.21097874 -0.15742469 0.17089092
v -0.21097249 -0.17396261 0.17049698
v -0.20875198 -0.15742469 0.18759445
v -0.20855863 -0.17396261 0.18727213
v -0.21072301 -0.24011428 0.17741619
v -0.21001817 -0.32280386 0.17528169
v -0.19930860 -0.24011428 0.19583162
v -0.21089142 -0.20697604 0.17060442
v -0.21082905 -0.22357636 0.17089808
v -0.19800497 -0.30626595 0.19464260
v -0.19765568 -0.32280386 0.19432028
v -0.19726274 -0.33934176 0.19400512
v -0.19678245 -0.35587969 0.19363265
v -0.19460561 -0.42209375 0.19196374
v -0.19410662 -0.43551131 0.19160560
v -0.18559883 -0.32280386 0.19833859
v -0.17810149 -0.48025730 0.19140504
v -0.18433887 -0.48674766 0.18701427
v -0.18559883 -0.49897946 0.17840465
v -0.17375404 -0.49879226 0.17808233
v -0.17013635 -0.48674766 0.18258053
v -0.16059315 -0.48225432 0.17619852
v -0.18559883 -0.33934176 0.19765812
v -0.15938934 -0.47170749 0.16684398
v -0.14725763 -0.20497900 0.19480018
v -0.14725763 -0.16116913 0.19331750
v -0.14725763 -0.15667581 0.18316071
v -0.14725763 -0.15686303 0.18038874
v -0.14725763 -0.15898487 0.16707318
v -0.14725763 -0.16042025 0.16500314
v -0.14725763 -0.17446187 0.15491799
v -0.14725763 -0.19043812 0.15338516
v -0.14929101 0.13645094 0.16751011
v -0.21077290 0.13645094 0.18063227
v -0.21076667 0.02455479 0.17168599
v -0.21079161 0.00801688 0.17163586
v -0.20635683 -0.19043812 0.13406723
v -0.21092884 -0.19043812 0.17038954
v -0.20993086 -0.33185292 0.17504531
v -0.20805340 -0.20697604 0.18647707
v -0.21072301 -0.24011428 0.17126339
v -0.21058578 -0.25665219 0.17689331
v -0.21016165 -0.30626595 0.17566848
v -0.21001817 -0.32280386 0.17436486
v -0.20776025 -0.22357636 0.18607595
v -0.20575805 -0.32280386 0.18344722
v -0.20459789 -0.35587969 0.18316071
v -0.20222144 -0.40555585 0.18316071
v -0.20141059 -0.42209375 0.18316071
v -0.19952066 -0.47170749 0.18224389
v -0.19353902 -0.44649500 0.19129760
v -0.18037813 -0.47170749 0.19170587
v -0.18848050 -0.47170749 0.19040942
v -0.18559883 -0.35587969 0.19691319
v -0.19733757 -0.48824543 0.17954352
v -0.19483640 -0.49754412 0.17646354
v -0.18559883 -0.50110127 0.16684398
v -0.17221340 -0.49972835 0.16684398
v -0.16411104 -0.49099133 0.16684398
v -0.16046217 -0.48275358 0.16684398
v -0.16088632 -0.48138062 0.15799081
v -0.14725763 -0.20335642 0.15655110
v -0.14725763 -0.20884825 0.16684398
v -0.14725763 -0.20934751 0.16987381
v -0.14725763 -0.21034603 0.18316071
v -0.14725763 -0.20940991 0.18547428
v -0.16061188 -0.47170749 0.15753240
v -0.16811544 -0.19043812 0.13406723
v -0.15501070 0.13645094 0.15222479
v -0.15338275 0.13645094 0.15536208
v -0.14940329 0.13645094 0.16684398
v -0.21051094 0.13645094 0.17213008
v -0.21016165 -0.30626595 0.17352681
v -0.21058578 -0.25665219 0.17172180
v -0.20783510 0.13645094 0.16397170
v -0.19947077 0.13645094 0.15248982
v -0.20476630 -0.17408743 0.13406723
v -0.20630070 -0.19056294 0.13406723
v -0.18559883 -0.47170749 0.14548466
v -0.19871604 -0.47170749 0.15294107
v -0.20452928 -0.47170749 0.16684398
v -0.20518420 -0.45516959 0.16684398
v -0.20627575 -0.42209375 0.16684398
v -0.20673731 -0.40555585 0.16684398
v -0.20993086 -0.33185292 0.17489490
v -0.20621337 -0.33815604 0.18155625
v -0.19196095 -0.45516959 0.19102540
v -0.18385236 -0.45516959 0.19213565
v -0.18559883 -0.42209375 0.19361116
v -0.20038142 -0.48824543 0.16684398
v -0.19517944 -0.49785616 0.16684398
v -0.19453700 -0.49729443 0.15771146
v -0.18559883 -0.49860499 0.15601390
v -0.17419690 -0.49854263 0.15609986
v -0.16903857 -0.48743412 0.15380776
v -0.16939411 -0.47170749 0.15007598
v -0.17326752 -0.20585270 0.13406723
v -0.16959370 -0.17396261 0.13406723
v -0.16939411 0.13645094 0.14925943
v -0.18559883 0.13645094 0.14880101
v -0.20475382 -0.17396261 0.13406723
v -0.19945206 -0.20447974 0.13406723
v -0.18538675 -0.21134455 0.13406723
v -0.17363552 -0.20678882 0.13406723
v -0.18559883 -0.48824543 0.14959607
v -0.19674503 -0.48824543 0.15516869
v -0.18637227 -0.21103251 0.13406723
v -0.17479567 -0.16310376 0.13406723
v -0.18551774 -0.16004580 0.13406723
v -0.18559883 -0.16004580 0.13406723
v -0.19784905 -0.16260449 0.13406723
f 2046 2047 2052
f 2046 2052 2064
f 2046 2064 2079
f 2046 2079 2092
f 2046 2092 2091
f 2046 2091 2128
f 2046 2128 2166
f 2046 2166 2165
f 2046 2165 2164
f 2046 2164 2194
f 2046 2194 2195
f 2046 2195 2171
f 2046 2171 2170
f 2046 2170 2167
f 2046 2167 2129
f 2046 2129 2093
f 2046 2093 2069
f 2046 2069 2055
f 2046 2055 2048
f 2046 2048 2049
f 2046 2049 2050
f 2046 2050 2051
f 2046 2051 2047
f 2047 2051 2053
f 2047 2053 2054
f 2047 2054 2052
f 2048 2055 2049
f 2049 2055 2056
f 2049 2056 2050
f 2050 2053 2051
f 2050 2056 2057
f 2050 2057 2058
f 2050 2058 2059
f 2050 2059 2060
f 2050 2060 2061
f 2050 2061 2062
f 2050 2062 2063
f 2050 2063 2054
f 2050 2054 2053
f 2052 2054 2065
f 2052 2065 2066
f 2052 2066 2067
f 2052 2067 2064
f 2054 2063 2068
f 2054 2068 2065
f 2055 2069 2056
f 2056 2069 2070
f 2056 2070 2071
f 2056 2071 2072
f 2056 2072 2057
f 2057 2072 2058
f 2058 2060 2059
f 2058 2072 2060
f 2060 2073 2074
f 2060 2074 2075
f 2060 2075 2076
f 2060 2076 2068
f 2060 2068 2063
f 2060 2063 2062
f 2060 2062 2061
f 2060 2072 2077
f 2060 2077 2078
f 2060 2078 2073
f 2064 2067 2079
f 2065 2068 2066
f 2066 2080 2067
f 2066 2068 2076
f 2066 2076 2080
f 2067 2081 2082
f 2067 2082 2083
f 2067 2083 2084
f 2067 2084 2085
f 2067 2085 2086
f 2067 2086 2087
f 2067 2087 2088
f 2067 2088 2089
f 2067 2089 2120
f 2067 2120 2161
f 2067 2161 2160
f 2067 2160 2159
f 2067 2159 2158
f 2067 2158 2157
f 2067 2157 2127
f 2067 2127 2126
f 2067 2126 2125
f 2067 2125 2124
f 2067 2124 2123
f 2067 2123 2122
f 2067 2122 2121
f 2067 2121 2090
f 2067 2090 2091
f 2067 2091 2092
f 2067 2092 2079
f 2067 2080 2081
f 2069 2093 2094
f 2069 2094 2095
f 2069 2095 2070
f 2070 2095 2071
f 2071 2095 2096
f 2071 2096 2097
f 2071 2097 2072
f 2072 2097 2103
f 2072 2103 2077
f 2073 2098 2099
f 2073 2099 2074
f 2073 2078 2100
f 2073 2100 2101
f 2073 2101 2098
f 2074 2082 2081
f 2074 2081 2080
f 2074 2080 2075
f 2074 2099 2102
f 2074 2102 2082
f 2075 2080 2076
f 2077 2103 2104
f 2077 2104 2078
f 2078 2104 2136
f 2078 2136 2100
f 2082 2102 2105
f 2082 2105 2106
f 2082 2106 2107
f 2082 2107 2108
f 2082 2108 2083
f 2083 2108 2084
f 2084 2108 2109
f 2084 2109 2110
f 2084 2110 2111
f 2084 2111 2085
f 2085 2111 2086
f 2086 2112 2113
f 2086 2113 2114
f 2086 2114 2115
f 2086 2115 2116
f 2086 2116 2117
f 2086 2117 2087
f 2086 2111 2118
f 2086 2118 2112
f 2087 2117 2088
f 2088 2117 2119
f 2088 2119 2120
f 2088 2120 2089
f 2090 2121 2091
f 2091 2121 2122
f 2091 2122 2123
f 2091 2123 2124
f 2091 2124 2125
f 2091 2125 2126
f 2091 2126 2127
f 2091 2127 2128
f 2093 2129 2130
f 2093 2130 2131
f 2093 2131 2096
f 2093 2096 2094
f 2094 2096 2095
f 2096 2131 2097
f 2097 2132 2133
f 2097 2133 2103
f 2097 2131 2132
f 2098 2101 2099
f 2099 2101 2134
f 2099 2134 2135
f 2099 2135 2105
f 2099 2105 2102
f 2100 2136 2169
f 2100 2169 2137
f 2100 2137 2138
f 2100 2138 2101
f 2101 2139 2180
f 2101 2180 2134
f 2101 2138 2168
f 2101 2168 2139
f 2103 2133 2132
f 2103 2132 2104
f 2104 2132 2136
f 2105 2135 2106
f 2106 2135 2140
f 2106 2140 2107
f 2107 2140 2141
f 2107 2141 2142
f 2107 2142 2108
f 2108 2142 2143
f 2108 2143 2144
f 2108 2144 2109
f 2109 2144 2145
f 2109 2145 2110
f 2110 2145 2146
f 2110 2146 2111
f 2111 2146 2118
f 2112 2147 2148
f 2112 2148 2113
f 2112 2118 2149
f 2112 2149 2147
f 2113 2150 2151
f 2113 2151 2114
f 2113 2148 2150
f 2114 2152 2115
f 2114 2151 2152
f 2115 2152 2153
f 2115 2153 2154
f 2115 2154 2117
f 2115 2117 2116
f 2117 2154 2155
f 2117 2155 2119
f 2118 2146 2149
f 2119 2155 2156
f 2119 2156 2157
f 2119 2157 2158
f 2119 2158 2159
f 2119 2159 2160
f 2119 2160 2161
f 2119 2161 2120
f 2127 2157 2156
f 2127 2156 2162
f 2127 2162 2163
f 2127 2163 2164
f 2127 2164 2165
f 2127 2165 2166
f 2127 2166 2128
f 2129 2167 2130
f 2130 2167 2132
f 2130 2132 2131
f 2132 2168 2169
f 2132 2169 2136
f 2132 2167 2170
f 2132 2170 2171
f 2132 2171 2172
f 2132 2172 2196
f 2132 2196 2206
f 2132 2206 2205
f 2132 2205 2204
f 2132 2204 2203
f 2132 2203 2193
f 2132 2193 2163
f 2132 2163 2192
f 2132 2192 2199
f 2132 2199 2198
f 2132 2198 2202
f 2132 2202 2197
f 2132 2197 2173
f 2132 2173 2174
f 2132 2174 2175
f 2132 2175 2176
f 2132 2176 2177
f 2132 2177 2178
f 2132 2178 2179
f 2132 2179 2180
f 2132 2180 2139
f 2132 2139 2168
f 2134 2143 2142
f 2134 2142 2181
f 2134 2181 2141
f 2134 2141 2140
f 2134 2140 2135
f 2134 2180 2177
f 2134 2177 2176
f 2134 2176 2145
f 2134 2145 2143
f 2137 2169 2168
f 2137 2168 2138
f 2141 2181 2142
f 2143 2145 2144
f 2145 2176 2150
f 2145 2150 2148
f 2145 2148 2182
f 2145 2182 2146
f 2146 2182 2147
f 2146 2147 2183
f 2146 2183 2184
f 2146 2184 2149
f 2147 2149 2184
f 2147 2184 2183
f 2147 2182 2148
f 2150 2185 2151
f 2150 2176 2185
f 2151 2186 2152
f 2151 2185 2186
f 2152 2186 2187
f 2152 2187 2188
f 2152 2188 2189
f 2152 2189 2153
f 2153 2189 2154
f 2154 2189 2156
f 2154 2156 2155
f 2156 2189 2190
f 2156 2190 2191
f 2156 2191 2162
f 2162 2191 2163
f 2163 2193 2164
f 2163 2191 2174
f 2163 2174 2192
f 2164 2193 2194
f 2171 2195 2196
f 2171 2196 2172
f 2173 2197 2174
f 2174 2198 2199
f 2174 2199 2192
f 2174 2191 2190
f 2174 2190 2200
f 2174 2200 2201
f 2174 2201 2175
f 2174 2197 2202
f 2174 2202 2198
f 2175 2201 2176
f 2176 2201 2185
f 2177 2180 2178
f 2178 2180 2179
f 2185 2201 2187
f 2185 2187 2186
f 2187 2201 2200
f 2187 2200 2188
f 2188 2200 2189
f 2189 2200 2190
f 2193 2203 2194
f 2194 2203 2195
f 2195 2203 2204
f 2195 2204 2205
f 2195 2205 2206
f 2195 2206 2196

o geometry_12
v -0.18538946 -0.21138389 0.13406723
v -0.17363184 -0.20679275 0.13406723
v -0.18637396 -0.21108217 0.13406723
v -0.19948200 -0.20345876 -0.10816247
v -0.19733944 -0.20411249 -0.10816247
v -0.18560447 -0.20767778 -0.10816247
v -0.18373350 -0.20695366 -0.10816247
v -0.17348473 -0.20298104 -0.10816247
v -0.17326594 -0.20590268 0.13406723
v -0.19945559 -0.20447958 0.13406723
v -0.19961401 -0.20355933 -0.02903947
v -0.20663011 -0.19048992 -0.02903947
v -0.20630570 -0.19048992 -0.10816247
v -0.16859233 -0.19048992 -0.10816247
v -0.16829810 -0.19048992 -0.06168926
v -0.16820003 -0.19048992 -0.04537622
v -0.16811327 -0.19048992 0.13406723
v -0.16815476 -0.19048992 -0.02903947
v -0.20635851 -0.19048992 0.13406723
v -0.20650562 -0.19048992 0.10153600
v -0.20663011 -0.19048992 0.00361032
v -0.20664897 -0.19048992 -0.01272643
v -0.20482704 -0.17395075 -0.10816247
v -0.20607938 -0.18793035 -0.10816247
v -0.16988615 -0.17395075 -0.10816247
v -0.16973904 -0.17395075 -0.07802602
v -0.16958061 -0.17395075 -0.04537622
v -0.16951648 -0.17395075 -0.02903947
v -0.16950895 -0.17395075 0.05254945
v -0.16812459 -0.19035918 0.13406723
v -0.16950895 -0.17395075 -0.01272643
v -0.20475538 -0.17395075 0.13406723
v -0.20480442 -0.17395075 0.11784904
v -0.20484968 -0.17395075 0.10153600
v -0.20485723 -0.17395075 0.08519925
v -0.19799955 -0.16284752 -0.10816247
v -0.17402413 -0.16496960 -0.10816247
v -0.17478233 -0.16332524 -0.10816247
v -0.17474839 -0.16330512 -0.09433906
v -0.17471443 -0.16330512 -0.07802602
v -0.17463521 -0.16332524 0.03623641
v -0.16951648 -0.17395075 0.06888620
v -0.16959193 -0.17395075 0.13406723
v -0.19790525 -0.16267654 0.13406723
v -0.18560447 -0.16049915 -0.10816247
v -0.19785244 -0.16259106 0.13406723
v -0.19775814 -0.16257094 0.13406723
v -0.18560447 -0.16001137 0.13406723
v -0.17479741 -0.16309895 0.13406723
v -0.17465030 -0.16331015 0.05254945
v -0.16962965 -0.17386525 0.13406723
f 2207 2208 2215
f 2207 2215 2223
f 2207 2223 2236
f 2207 2236 2249
f 2207 2249 2257
f 2207 2257 2255
f 2207 2255 2254
f 2207 2254 2253
f 2207 2253 2252
f 2207 2252 2250
f 2207 2250 2238
f 2207 2238 2225
f 2207 2225 2216
f 2207 2216 2209
f 2207 2209 2210
f 2207 2210 2211
f 2207 2211 2212
f 2207 2212 2213
f 2207 2213 2214
f 2207 2214 2208
f 2208 2214 2215
f 2209 2216 2210
f 2210 2217 2218
f 2210 2218 2219
f 2210 2219 2230
f 2210 2230 2229
f 2210 2229 2242
f 2210 2242 2251
f 2210 2251 2244
f 2210 2244 2243
f 2210 2243 2231
f 2210 2231 2220
f 2210 2220 2214
f 2210 2214 2213
f 2210 2213 2212
f 2210 2212 2211
f 2210 2216 2217
f 2214 2220 2221
f 2214 2221 2222
f 2214 2222 2215
f 2215 2222 2224
f 2215 2224 2223
f 2216 2225 2226
f 2216 2226 2227
f 2216 2227 2228
f 2216 2228 2218
f 2216 2218 2217
f 2218 2228 2229
f 2218 2229 2230
f 2218 2230 2219
f 2220 2231 2221
f 2221 2231 2222
f 2222 2231 2232
f 2222 2232 2233
f 2222 2233 2234
f 2222 2234 2224
f 2223 2235 2236
f 2223 2224 2237
f 2223 2237 2235
f 2224 2234 2237
f 2225 2238 2226
f 2226 2238 2239
f 2226 2239 2240
f 2226 2240 2227
f 2227 2240 2228
f 2228 2240 2241
f 2228 2241 2229
f 2229 2241 2242
f 2231 2243 2232
f 2232 2243 2233
f 2233 2243 2244
f 2233 2244 2234
f 2234 2244 2245
f 2234 2245 2246
f 2234 2246 2247
f 2234 2247 2237
f 2235 2247 2248
f 2235 2248 2236
f 2235 2237 2247
f 2236 2248 2249
f 2238 2250 2239
f 2239 2250 2240
f 2240 2250 2241
f 2241 2250 2242
f 2242 2250 2252
f 2242 2252 2253
f 2242 2253 2254
f 2242 2254 2251
f 2244 2251 2245
f 2245 2251 2254
f 2245 2254 2255
f 2245 2255 2246
f 2246 2255 2247
f 2247 2255 2256
f 2247 2256 2248
f 2248 2256 2255
f 2248 2255 2257
f 2248 2257 2249

o geometry_13
v 0.20342285 0.09834006 0.22253375
v 0.20342285 0.07421122 0.22240643
v 0.21962974 0.07421122 0.22117573
v 0.21962974 0.09072661 0.22126060
v 0.21962974 0.09834006 0.22128486
v 0.19616229 0.09834006 0.21841120
v 0.18119052 -0.19050315 0.21636206
v 0.20342285 0.02454800 0.22213968
v 0.23131340 0.07421122 0.21362178
v 0.21962974 -0.04163059 0.22027847
v 0.23105190 -0.04163059 0.21308221
v 0.23133010 0.09072661 0.21366422
v 0.23133010 0.09834006 0.21367028
v 0.19002559 0.09834006 0.21491311
v 0.18119052 -0.20526157 0.21214858
v 0.19173919 -0.47173291 0.19872606
v 0.19548908 -0.46160114 0.20749253
v 0.20424071 -0.47173291 0.21096031
v 0.20342285 -0.43864361 0.21186970
v 0.20342285 -0.19050315 0.21918722
v 0.20342285 -0.17398779 0.21958127
v 0.20342285 -0.10780919 0.22070891
v 0.20342285 -0.04163059 0.22157586
v 0.20342285 0.00803263 0.22200024
v 0.18119052 -0.18013712 0.21566486
v 0.23650428 -0.17398779 0.19948995
v 0.23676021 -0.09123526 0.19948995
v 0.23099627 -0.05814596 0.21292458
v 0.21962974 -0.05814596 0.22005416
v 0.22968882 -0.37246502 0.20967505
v 0.23526916 -0.37246502 0.19948995
v 0.23539156 -0.35589108 0.19948995
v 0.23690486 0.09072661 0.19948995
v 0.23691042 0.09834006 0.19948995
v 0.18682649 0.09834006 0.20656495
v 0.18119052 -0.21293359 0.19948389
v 0.18908533 -0.45515897 0.18316952
v 0.18971959 -0.47173291 0.18316952
v 0.19351955 -0.48824827 0.19499153
v 0.19613447 -0.47173291 0.20688628
v 0.20704478 -0.48526146 0.20971749
v 0.21962974 -0.47173291 0.21176664
v 0.21962974 -0.45515897 0.21243352
v 0.21962974 -0.43864361 0.21282152
v 0.21962974 -0.10780919 0.21930241
v 0.21962974 -0.09123526 0.21956309
v 0.18413368 0.09834006 0.19948995
v 0.18119052 -0.17340213 0.21434929
v 0.23712742 -0.35589108 0.18316952
v 0.23722199 -0.33937572 0.18316952
v 0.23802872 -0.19050315 0.18316952
v 0.23087943 -0.09123526 0.21255477
v 0.22977783 -0.35589108 0.20982055
v 0.22929380 -0.42206967 0.20921430
v 0.22943845 -0.40555431 0.20936587
v 0.22957198 -0.38898038 0.20951743
v 0.23491308 -0.40555431 0.19948995
v 0.23510224 -0.38898038 0.19948995
v 0.23652097 -0.42206967 0.18316952
v 0.23668231 -0.40555431 0.18316952
v 0.23698832 -0.37246502 0.18316952
v 0.23081823 -0.10780919 0.21237289
v 0.23741672 0.09834006 0.19201481
v 0.18119052 -0.21182086 0.19507035
v 0.18119052 -0.20854121 0.18207827
v 0.18119052 -0.19764809 0.17463345
v 0.18119052 -0.18915615 0.16940751
v 0.19329701 -0.47173291 0.17266311
v 0.19412043 -0.48309453 0.17361493
v 0.19316349 -0.48848254 0.18436385
v 0.19517196 -0.49668169 0.19163287
v 0.20235462 -0.48977097 0.20395806
v 0.20342285 -0.49884852 0.19552503
v 0.21962974 -0.49293348 0.20463707
v 0.21962974 -0.48467579 0.20949317
v 0.22813656 -0.48092764 0.20803816
v 0.22857052 -0.47173291 0.20846254
v 0.22892660 -0.45515897 0.20880810
v 0.22913244 -0.43864361 0.20903243
v 0.18481246 0.09834006 0.18316952
v 0.18119052 -0.17480770 0.17053515
v 0.18119052 -0.15723815 0.18359997
v 0.18119052 -0.15395851 0.19953239
v 0.18119052 -0.15419277 0.19987794
v 0.18119052 -0.16145485 0.21049349
v 0.18119052 -0.16321180 0.21213645
v 0.23542493 -0.19050315 0.16059861
v 0.23800646 0.09834006 0.18316952
v 0.23467384 -0.42206967 0.19948995
v 0.23617046 -0.45515897 0.18316952
v 0.18119052 -0.18804342 0.16940751
v 0.18566926 -0.19056172 0.16059861
v 0.20342285 -0.47173291 0.16598823
v 0.20286648 -0.48848254 0.17030477
v 0.20789602 -0.49843861 0.17295412
v 0.19708585 -0.49410479 0.17971387
v 0.19517196 -0.49668169 0.19060223
v 0.20286648 -0.49955132 0.18436385
v 0.21962974 -0.49931707 0.19647685
v 0.22854271 -0.49732591 0.19290601
v 0.23036201 -0.48719411 0.19880488
v 0.23349435 -0.47173291 0.19948995
v 0.23408966 -0.45515897 0.19948995
v 0.23440678 -0.43864361 0.19948995
v 0.19070435 0.09834006 0.17098378
v 0.18119052 -0.17709173 0.17010470
v 0.23457370 -0.17398779 0.16059861
v 0.23242613 0.09834006 0.17107472
v 0.23545275 0.09834006 0.17762834
v 0.23577544 -0.47173291 0.18316952
v 0.23085162 -0.47173291 0.17153547
v 0.21962974 -0.47173291 0.16486059
v 0.21962974 -0.45515897 0.16449683
v 0.23313271 -0.20057636 0.16059861
v 0.18743849 -0.19536406 0.16059861
v 0.20342285 -0.37246502 0.16340558
v 0.20342285 -0.45515897 0.16543654
v 0.18658169 -0.18136699 0.16059861
v 0.22072578 -0.48941958 0.16981976
v 0.21605232 -0.49843861 0.17295412
v 0.22072578 -0.49996129 0.18261177
v 0.22854271 -0.49732591 0.18768007
v 0.23131340 -0.48941958 0.18261177
v 0.19758101 0.09834006 0.16870425
v 0.18734391 -0.17445631 0.16059861
v 0.23048998 -0.16069350 0.16059861
v 0.21962974 0.09834006 0.16686123
v 0.22656205 0.09834006 0.16914075
v 0.22972219 -0.48467579 0.17280254
v 0.20342285 -0.21264077 0.16059861
v 0.21962974 -0.21234794 0.16059861
v 0.23127445 -0.20485161 0.16059861
v 0.19107156 -0.20502731 0.16059861
v 0.22686248 -0.49568605 0.17679777
v 0.20342285 0.09834006 0.16677030
v 0.19124958 -0.16461736 0.16059861
v 0.22107072 -0.15589116 0.16059861
v 0.21220784 0.09834006 0.16680667
v 0.21962974 -0.15530550 0.16059861
v 0.20595987 -0.15559834 0.16059861
v 0.20342285 -0.15571546 0.16059861
v 0.19289643 -0.16116203 0.16059861
f 2258 2259 2260
f 2258 2260 2261
f 2258 2261 2262
f 2258 2262 2270
f 2258 2270 2291
f 2258 2291 2320
f 2258 2320 2345
f 2258 2345 2366
f 2258 2366 2365
f 2258 2365 2385
f 2258 2385 2384
f 2258 2384 2395
f 2258 2395 2392
f 2258 2392 2381
f 2258 2381 2362
f 2258 2362 2337
f 2258 2337 2304
f 2258 2304 2292
f 2258 2292 2271
f 2258 2271 2263
f 2258 2263 2264
f 2258 2264 2259
f 2259 2265 2260
f 2259 2264 2265
f 2260 2266 2261
f 2260 2265 2267
f 2260 2267 2268
f 2260 2268 2266
f 2261 2269 2262
f 2261 2266 2269
f 2262 2269 2270
f 2263 2271 2264
f 2264 2272 2273
f 2264 2273 2274
f 2264 2274 2275
f 2264 2275 2276
f 2264 2276 2277
f 2264 2277 2278
f 2264 2278 2279
f 2264 2279 2280
f 2264 2280 2281
f 2264 2281 2265
f 2264 2271 2282
f 2264 2282 2305
f 2264 2305 2343
f 2264 2343 2342
f 2264 2342 2341
f 2264 2341 2340
f 2264 2340 2339
f 2264 2339 2338
f 2264 2338 2363
f 2264 2363 2348
f 2264 2348 2324
f 2264 2324 2323
f 2264 2323 2322
f 2264 2322 2321
f 2264 2321 2293
f 2264 2293 2272
f 2265 2281 2267
f 2266 2268 2283
f 2266 2283 2284
f 2266 2284 2269
f 2267 2285 2268
f 2267 2281 2280
f 2267 2280 2279
f 2267 2279 2286
f 2267 2286 2287
f 2267 2287 2285
f 2268 2285 2288
f 2268 2288 2289
f 2268 2289 2283
f 2269 2284 2290
f 2269 2290 2291
f 2269 2291 2270
f 2271 2292 2282
f 2272 2293 2294
f 2272 2294 2295
f 2272 2295 2273
f 2273 2295 2296
f 2273 2296 2297
f 2273 2297 2274
f 2274 2297 2275
f 2275 2297 2298
f 2275 2298 2299
f 2275 2299 2300
f 2275 2300 2277
f 2275 2277 2276
f 2277 2300 2278
f 2278 2300 2301
f 2278 2301 2302
f 2278 2302 2279
f 2279 2302 2303
f 2279 2303 2286
f 2282 2292 2304
f 2282 2304 2305
f 2283 2289 2306
f 2283 2306 2307
f 2283 2307 2308
f 2283 2308 2284
f 2284 2308 2290
f 2285 2309 2288
f 2285 2287 2310
f 2285 2310 2309
f 2286 2303 2311
f 2286 2311 2312
f 2286 2312 2313
f 2286 2313 2287
f 2287 2313 2314
f 2287 2314 2315
f 2287 2315 2310
f 2288 2310 2315
f 2288 2315 2316
f 2288 2316 2317
f 2288 2317 2318
f 2288 2318 2306
f 2288 2306 2289
f 2288 2309 2319
f 2288 2319 2310
f 2290 2308 2291
f 2291 2308 2320
f 2293 2321 2294
f 2294 2321 2322
f 2294 2322 2323
f 2294 2323 2324
f 2294 2324 2295
f 2295 2325 2326
f 2295 2326 2327
f 2295 2327 2296
f 2295 2324 2325
f 2296 2327 2328
f 2296 2328 2329
f 2296 2329 2297
f 2297 2329 2298
f 2298 2329 2330
f 2298 2330 2331
f 2298 2331 2332
f 2298 2332 2299
f 2299 2332 2333
f 2299 2333 2334
f 2299 2334 2300
f 2300 2334 2335
f 2300 2335 2301
f 2301 2335 2302
f 2302 2335 2336
f 2302 2336 2311
f 2302 2311 2303
f 2304 2337 2338
f 2304 2338 2339
f 2304 2339 2340
f 2304 2340 2341
f 2304 2341 2342
f 2304 2342 2343
f 2304 2343 2305
f 2306 2318 2344
f 2306 2344 2307
f 2307 2344 2308
f 2308 2344 2345
f 2308 2345 2320
f 2309 2310 2319
f 2311 2336 2346
f 2311 2346 2314
f 2311 2314 2312
f 2312 2314 2313
f 2314 2346 2347
f 2314 2347 2315
f 2315 2347 2316
f 2316 2347 2344
f 2316 2344 2317
f 2317 2344 2318
f 2324 2348 2349
f 2324 2349 2325
f 2325 2349 2350
f 2325 2350 2326
f 2326 2351 2352
f 2326 2352 2353
f 2326 2353 2327
f 2326 2350 2351
f 2327 2353 2354
f 2327 2354 2328
f 2328 2354 2355
f 2328 2355 2330
f 2328 2330 2329
f 2330 2355 2356
f 2330 2356 2331
f 2331 2356 2357
f 2331 2357 2333
f 2331 2333 2332
f 2333 2357 2358
f 2333 2358 2359
f 2333 2359 2334
f 2334 2359 2360
f 2334 2360 2335
f 2335 2360 2336
f 2336 2360 2361
f 2336 2361 2346
f 2337 2362 2363
f 2337 2363 2338
f 2344 2364 2365
f 2344 2365 2366
f 2344 2366 2345
f 2344 2347 2367
f 2344 2367 2368
f 2344 2368 2369
f 2344 2369 2370
f 2344 2370 2371
f 2344 2371 2389
f 2344 2389 2388
f 2344 2388 2387
f 2344 2387 2390
f 2344 2390 2372
f 2344 2372 2349
f 2344 2349 2375
f 2344 2375 2382
f 2344 2382 2393
f 2344 2393 2399
f 2344 2399 2398
f 2344 2398 2397
f 2344 2397 2396
f 2344 2396 2394
f 2344 2394 2383
f 2344 2383 2364
f 2346 2361 2347
f 2347 2361 2360
f 2347 2360 2367
f 2348 2363 2349
f 2349 2372 2373
f 2349 2373 2374
f 2349 2374 2350
f 2349 2363 2362
f 2349 2362 2375
f 2350 2374 2369
f 2350 2369 2351
f 2351 2369 2376
f 2351 2376 2352
f 2352 2377 2378
f 2352 2378 2355
f 2352 2355 2353
f 2352 2376 2377
f 2353 2355 2354
f 2355 2378 2356
f 2356 2378 2357
f 2357 2378 2379
f 2357 2379 2380
f 2357 2380 2367
f 2357 2367 2358
f 2358 2367 2359
f 2359 2367 2360
f 2362 2381 2382
f 2362 2382 2375
f 2364 2383 2384
f 2364 2384 2385
f 2364 2385 2365
f 2367 2380 2386
f 2367 2386 2368
f 2368 2386 2369
f 2369 2386 2376
f 2369 2374 2373
f 2369 2373 2370
f 2370 2387 2388
f 2370 2388 2389
f 2370 2389 2371
f 2370 2373 2390
f 2370 2390 2387
f 2372 2390 2373
f 2376 2386 2391
f 2376 2391 2377
f 2377 2391 2378
f 2378 2391 2379
f 2379 2391 2380
f 2380 2391 2386
f 2381 2392 2382
f 2382 2392 2393
f 2383 2394 2384
f 2384 2394 2396
f 2384 2396 2395
f 2392 2395 2396
f 2392 2396 2397
f 2392 2397 2398
f 2392 2398 2399
f 2392 2399 2393

