mtllib material.mtl
usemtl material_0
v 0.00330880 -0.00101327 -0.09474217
v 0.00315882 -0.00037893 -0.09470562
v 0.00313768 -0.00106739 -0.09472600
v 0.00974204 0.00379521 0.00908085
v 0.01000868 0.00247762 0.02467940
v 0.01000423 0.00247968 0.01338594
v 0.00973597 0.00379558 0.02911473
v 0.00999142 0.00241455 0.03240022
v 0.00972561 0.00375555 0.04761265
v 0.00979080 0.00354754 -0.04245777
v 0.01002617 0.00241668 -0.04105131
v 0.01000573 0.00237322 -0.05394740
v 0.00976396 0.00364414 -0.03385959
v 0.01003004 0.00234543 -0.02889817
v 0.00989122 0.00307579 -0.01730388
v 0.01005479 0.00225077 -0.01136914
v 0.00972720 0.00386016 -0.00892946
v 0.01002673 0.00244032 0.00326735
v 0.00970715 0.00384885 -0.01990424
v 0.01000992 0.00208329 0.04720073
v 0.00976620 0.00374008 0.05215604
v 0.01021240 0.00124990 -0.00350354
v 0.01016785 0.00144187 -0.02740458
v 0.01014273 0.00157748 -0.04313701
v 0.01012278 0.00157175 -0.05808816
v 0.01000247 0.00229335 -0.07191243
v 0.01011732 0.00153460 -0.07747708
v 0.01030193 0.00007498 0.05349664
v 0.01029887 -0.00002864 0.04749345
v 0.01019890 0.00092267 0.03636626
v 0.01023276 0.00087069 0.02566524
v 0.01017277 0.00131514 0.01517373
v 0.01036770 -0.00007461 -0.01004030
v 0.01034323 0.00005598 -0.01779879
v 0.01032127 0.00004475 -0.03049105
v 0.01030163 0.00010102 -0.04216408
v 0.01029327 -0.00001787 -0.05556465
v 0.01028290 0.00000590 -0.06082269
v 0.01028013 0.00003810 -0.07183680
v 0.01028398 0.00006767 -0.07884938
v 0.01032864 0.00003885 -0.08346269
v 0.01033364 -0.00005304 0.01442633
v 0.01036651 -0.00007001 0.00304690
v 0.01030605 -0.00014111 0.03613834
v 0.01032887 -0.00010854 0.02553123
v 0.01005713 0.00212978 -0.08382679
v 0.01005728 0.00184076 -0.08769718
v 0.01015909 0.00105497 -0.08796077
v 0.00978627 0.00413269 0.05443140
v 0.01027858 -0.00000371 -0.08719833
v 0.00974851 0.00349556 -0.06148109
v 0.00974245 0.00355657 -0.05069285
v 0.01010809 0.00206429 0.05455119
v 0.01032899 -0.00002980 0.05465476
v 0.00967907 0.00459387 0.05483013
v 0.00976833 0.00301739 -0.08748600
v 0.00968984 0.00358207 -0.06926970
v 0.00967432 0.00349720 -0.07743424
v 0.00971825 0.00335394 -0.08337471
v 0.01020761 -0.00057869 -0.08803774
v 0.01020757 -0.00231719 -0.07051133
v 0.01020377 -0.00234642 -0.07910398
v 0.01024923 -0.00231441 -0.08340333
v 0.01026084 -0.00141170 -0.01191237
v 0.01017988 -0.00229475 0.00086415
v 0.01018811 -0.00254363 -0.01285857
v 0.01009287 -0.00303796 0.00784231
v 0.01011129 -0.00309126 -0.00615779
v 0.00997969 -0.00309076 0.05377659
v 0.01008488 -0.00192875 0.04781783
v 0.00995735 -0.00309895 0.03878987
v 0.01001012 -0.00313727 0.03304920
v 0.01010450 -0.00251806 0.02521321
v 0.01004288 -0.00309406 0.01603784
v 0.01017284 -0.00253506 -0.02400365
v 0.01017961 -0.00248040 -0.03392545
v 0.01020005 -0.00250843 -0.04331578
v 0.01017827 -0.00242749 -0.05590289
v 0.01024397 -0.00137480 -0.08733511
v 0.00991363 -0.00321542 0.04767340
v 0.01010625 -0.00297347 -0.08790888
v 0.01001867 -0.00317889 0.02550600
v 0.01004653 -0.00282166 0.05442985
v 0.00993377 0.00163533 0.05581322
v 0.00942339 -0.00013005 0.05923472
v 0.01009049 -0.00305715 -0.02339864
v 0.01009444 -0.00302191 -0.03698947
v 0.01008272 -0.00318991 -0.08448014
v 0.01006051 -0.00306818 -0.05567704
v 0.00993633 -0.00374146 -0.06616493
v 0.00996684 -0.00353159 -0.07145662
v 0.00998745 -0.00339979 -0.07947892
v 0.00979822 -0.00393954 0.03621184
v 0.00942260 0.00433932 0.05619141
v 0.00903891 0.00160210 0.05972991
v 0.00876958 -0.00012682 0.06221362
v 0.00865228 -0.00080329 0.06246573
v 0.00974367 -0.00414999 0.05356869
v 0.00969260 -0.00417891 0.04849735
v 0.00899167 -0.00283253 0.05958128
v 0.00974652 -0.00450211 -0.06100464
v 0.00960269 -0.00513446 -0.06623095
v 0.00987681 -0.00385512 -0.04486309
v 0.00985289 -0.00395918 0.00380644
v 0.00952931 -0.00483468 0.01734239
v 0.00952000 -0.00514591 0.00116978
v 0.00983339 -0.00385290 0.01792333
v 0.00952330 -0.00507808 -0.01069963
v 0.00985529 -0.00387375 -0.01436329
v 0.00951968 -0.00508126 -0.02236450
v 0.00953929 -0.00509082 -0.03143028
v 0.00953995 -0.00523587 -0.04144822
v 0.00952756 -0.00525664 -0.04735815
v 0.00954129 -0.00521334 -0.05623616
v 0.00983624 -0.00390776 0.02676789
v 0.00960184 -0.00453805 0.03648554
v 0.00954698 -0.00481942 0.02608613
v 0.00960710 -0.00488971 -0.07625951
v 0.00955694 -0.00524798 -0.06790612
v 0.00835259 -0.00030795 0.06389818
v 0.00821298 -0.00237417 0.06337892
v 0.00972857 -0.00442400 -0.08746960
v 0.00954173 -0.00510979 -0.08154432
v 0.00942999 -0.00330409 0.05701487
v 0.00957056 -0.00521890 0.05443150
v 0.00961206 -0.00456474 0.05367521
v 0.00829588 -0.00311449 0.06230915
v 0.00907425 0.00380029 0.05795641
v 0.00813274 0.00163362 0.06322662
v 0.00893702 -0.00463187 0.05760199
v 0.00935158 -0.00553375 -0.02870838
v 0.00931369 -0.00542629 0.02503332
v 0.00931552 -0.00545178 0.01348047
v 0.00782948 -0.00292715 0.06425375
v 0.00939952 -0.00543414 0.00121406
v 0.00934557 -0.00550759 -0.01080830
v 0.00824458 -0.00463389 0.06039366
v 0.00926814 -0.00558314 -0.08797602
v 0.00935646 -0.00551133 -0.07518750
v 0.00924486 -0.00542244 0.03476900
v 0.00907797 -0.00564219 0.04181045
v 0.00815331 -0.00039832 0.06434041
v 0.00973938 -0.00368930 -0.08817612
v 0.00889957 -0.00537797 0.05679037
v 0.00775514 0.00203474 0.06419865
v 0.00946954 0.00433445 -0.04798119
v 0.00780578 -0.00455344 0.06223366
v 0.00926947 -0.00534556 0.05340763
v 0.00891466 -0.00578609 0.04877066
v 0.00899938 -0.00604661 0.02431800
v 0.00893770 -0.00602557 0.03543648
v 0.00889117 -0.00600287 0.04243266
v 0.00899487 0.00468001 0.05740592
v 0.00729058 -0.00441304 0.06418493
v 0.00837147 -0.00543351 0.05852103
v 0.00907363 -0.00594294 0.05522523
v 0.00913969 -0.00632879 0.05432129
v 0.00913692 -0.00606979 -0.04227240
v 0.00908149 -0.00610164 -0.05562333
v 0.00907148 -0.00607811 -0.02582596
v 0.00906034 -0.00605566 -0.01340413
v 0.00907860 -0.00605416 -0.00257424
v 0.00909581 -0.00618283 -0.06582487
v 0.00899030 -0.00622479 -0.08151137
v 0.00900924 -0.00619707 -0.07542493
v 0.00901103 -0.00609629 0.00969267
v 0.00902574 -0.00605594 -0.08755806
v 0.00743357 0.00364480 0.06363185
v 0.00817477 0.00382936 0.06098555
v 0.00941130 0.00429369 -0.07065966
v 0.00934481 0.00430571 -0.08392151
v 0.00946274 0.00423016 -0.06221082
v 0.00951504 0.00437036 0.00856141
v 0.00952826 0.00435323 -0.01073590
v 0.00953399 0.00424124 0.04639166
v 0.00952241 0.00432968 0.03231802
v 0.00946929 0.00441336 -0.01475213
v 0.00953394 0.00431478 0.05213704
v 0.00945623 0.00439471 -0.03670716
v 0.00905194 0.00490410 -0.08362627
v 0.00905001 0.00510811 -0.07006205
v 0.00904437 0.00525838 -0.05633422
v 0.00908905 0.00525760 -0.04531651
v 0.00949255 0.00439128 -0.02227513
v 0.00934170 0.00404070 -0.08799679
v 0.00957838 0.00283586 -0.08825858
v 0.00788601 0.00431053 0.06129109
v 0.00911822 0.00514745 -0.03760587
v 0.00912076 0.00515883 -0.02450365
v 0.00910531 0.00521987 0.03567412
v 0.00911238 0.00524401 0.02360898
v 0.00913252 0.00519169 0.01128881
v 0.00933987 0.00473723 -0.00243855
v 0.00913050 0.00521137 0.00254246
v 0.00911236 0.00518945 -0.01249625
v 0.00903525 0.00472392 -0.08748098
v 0.00914389 0.00578105 0.05502137
v 0.00904949 0.00522960 0.04817078
v 0.00907715 0.00523184 0.05260982
v 0.00992339 0.00132932 -0.08828215
v 0.00989215 0.00165551 -0.08869328
v 0.00997246 -0.00027353 -0.08863966
v 0.00992963 -0.00217904 -0.08832878
v 0.00988123 -0.00287793 -0.08867852
v 0.00941447 -0.00423999 -0.08854305
v 0.00905800 -0.00600203 0.05378443
v 0.00894813 -0.00589077 0.05294711
v 0.00934098 0.00502154 0.05432772
v 0.00878217 0.00586951 -0.00259610
v 0.00866592 0.00583813 -0.06988352
v 0.00871961 0.00587905 -0.05568979
v 0.00867283 0.00604372 -0.04546177
v 0.00873740 0.00587627 -0.03798762
v 0.00871753 0.00591924 -0.02640678
v 0.00869018 0.00599146 -0.02348204
v 0.00870589 0.00595439 -0.01383588
v 0.00871765 0.00596729 0.01087094
v 0.00881296 0.00578466 0.02670047
v 0.00864055 0.00565510 -0.08211748
v 0.00937413 0.00307227 -0.08853695
v 0.00858951 0.00607101 0.04166181
v 0.00746598 -0.00515373 0.06230414
v 0.00855554 0.00551249 -0.08794843
v 0.00892195 0.00441513 -0.08824749
v 0.00891194 0.00438327 -0.08865426
v 0.00855759 0.00603173 0.04929434
v 0.00852772 0.00622691 0.05397014
v 0.00699419 0.00406575 0.06428458
v 0.00741969 0.00273671 0.06434602
v 0.00832739 0.00604564 0.05717981
v 0.00840850 0.00496849 0.05869051
v 0.00827951 -0.00727501 0.02036574
v 0.00862019 -0.00690404 -0.03681646
v 0.00837165 -0.00732815 -0.04465292
v 0.00865535 -0.00680899 -0.05013610
v 0.00823189 -0.00731928 0.01202333
v 0.00825989 -0.00736405 -0.00082929
v 0.00825971 -0.00734560 -0.01086959
v 0.00827895 -0.00736684 -0.01692015
v 0.00831160 -0.00735234 -0.02598422
v 0.00830984 -0.00733276 -0.05843056
v 0.00876705 -0.00669481 -0.06760184
v 0.00665002 -0.00560090 0.06418607
v 0.00858262 -0.00670414 -0.08794455
v 0.00811001 -0.00705954 0.04876182
v 0.00819591 -0.00722162 0.03256915
v 0.00820995 -0.00724765 0.02467482
v 0.00831473 -0.00736369 -0.03565779
v 0.00816759 -0.00711400 0.03875302
v 0.00818490 -0.00705731 0.04305274
v 0.00831924 -0.00684702 0.05302815
v 0.00831222 -0.00731214 -0.05013229
v 0.00825783 -0.00731457 -0.08054663
v 0.00827966 -0.00731293 -0.07359651
v 0.00819329 -0.00728226 -0.08536527
v 0.00830888 -0.00733337 -0.06802648
v 0.00841709 -0.00688152 0.05369914
v 0.00773036 -0.00763655 0.05561366
v 0.00656436 -0.00633641 0.06237153
v 0.00678274 -0.00709529 0.05961283
v 0.00671489 -0.00794890 0.05790258
v 0.00770329 -0.00797280 0.05498380
v 0.00818610 -0.00760066 0.05429043
v 0.00731083 -0.00865346 0.05443001
v 0.00818911 -0.00718994 -0.08754879
v 0.00771797 -0.00754782 0.05310655
v 0.00610046 -0.00630227 0.06409074
v 0.00759672 -0.00777316 0.05363165
v 0.00714189 -0.00874343 0.05420674
v 0.00589182 -0.00787922 0.06020501
v 0.00550298 -0.00698425 0.06402016
v 0.00715965 -0.00813268 0.04412652
v 0.00733712 -0.00804861 0.03248223
v 0.00712946 -0.00810636 0.04720232
v 0.00730795 -0.00811624 0.02770265
v 0.00707132 -0.00821531 0.05305501
v 0.00714910 -0.00837668 0.05379394
v 0.00669322 -0.00866411 0.05589483
v 0.00787442 -0.00741833 -0.08803497
v 0.00739725 -0.00795943 -0.08751546
v 0.00843995 0.00472139 -0.08857350
v 0.00817408 0.00526730 -0.08853833
v 0.00732470 -0.00780246 -0.08813656
v 0.00697003 -0.00830340 -0.08798289
v -0.01023885 -0.00151695 0.01156814
v -0.01017880 -0.00224410 0.00611058
v -0.01014072 -0.00236854 0.01321955
v -0.01024121 -0.00147529 0.01918717
v -0.01013674 -0.00235856 0.02425477
v -0.01023592 -0.00174166 0.00689315
v -0.01026994 -0.00177361 0.00038370
v -0.01032689 -0.00018435 0.02544345
v -0.01031229 -0.00023527 0.03351633
v -0.01013416 -0.00237954 0.03197584
v -0.01029774 -0.00017013 0.01537040
v -0.01003728 -0.00233927 0.03999516
v -0.01024351 -0.00011560 0.04107891
v -0.01021838 -0.00089768 0.04607335
v -0.00998524 -0.00292993 0.04563634
v -0.00998364 -0.00290274 0.04940951
v -0.01027529 -0.00015426 0.04833958
v -0.00993929 -0.00309214 0.03838405
v -0.01006745 -0.00249555 0.05250327
v -0.01029223 -0.00034476 0.05261362
v -0.01020850 -0.00225015 -0.00064793
v -0.01026692 -0.00177906 -0.01039616
v -0.01021960 -0.00217241 -0.01486345
v -0.01029734 -0.00023735 -0.00037495
v -0.01023911 -0.00020704 0.00850994
v -0.01037332 -0.00038249 0.05371146
v -0.01006890 -0.00304927 0.05367742
v -0.01026326 -0.00000665 -0.00905515
v -0.01020608 -0.00040114 -0.01463832
v -0.01025570 -0.00176706 -0.02161521
v -0.01017748 -0.00225226 -0.02919012
v -0.01022402 -0.00178187 -0.02892353
v -0.01023298 -0.00185453 -0.05325812
v -0.01019172 -0.00229886 -0.04750445
v -0.01015430 -0.00233253 -0.05851119
v -0.01020879 -0.00107984 -0.05938350
v -0.01017358 -0.00135676 -0.06555753
v -0.01008719 -0.00248286 -0.06440307
v -0.01011250 -0.00243229 -0.07023425
v -0.01021909 -0.00035573 -0.07321057
v -0.01020317 -0.00039136 -0.08012188
v -0.01011442 -0.00242308 -0.08160690
v -0.01020917 0.00013240 -0.06171519
v -0.01002604 -0.00238525 -0.08739063
v -0.01011886 -0.00039374 -0.08752344
v -0.01023433 -0.00127643 -0.04997864
v -0.01020086 -0.00014938 -0.05770725
v -0.01021230 -0.00029231 -0.02079578
v -0.01018207 -0.00011052 -0.03138302
v -0.01019538 -0.00024511 -0.04553201
v -0.01020580 -0.00002316 -0.04980114
v -0.01012616 0.00072965 -0.08193068
v -0.01016046 0.00067628 -0.06876632
v -0.01009858 0.00158858 -0.02113776
v -0.01007434 0.00171584 -0.01434519
v -0.01007063 0.00155326 -0.04577287
v -0.01008025 0.00160135 -0.03262579
v -0.01007516 0.00162829 -0.05791329
v -0.01027418 0.00044040 0.02835583
v -0.01023815 0.00048569 -0.00074918
v -0.01022922 0.00056406 0.01728815
v -0.01011738 0.00133719 0.01079795
v -0.01010885 0.00130630 0.00772026
v -0.01010114 0.00144447 -0.00905066
v -0.01000063 0.00101280 -0.08748759
v -0.01008644 0.00138984 -0.06746314
v -0.01007105 0.00137270 -0.07736284
v -0.01002927 0.00160613 -0.08101198
v -0.01016948 0.00063936 0.04091301
v -0.01011171 0.00150431 0.00187360
v -0.01011753 0.00119357 0.05241373
v -0.01005743 0.00136853 0.04791113
v -0.01016872 0.00147522 0.05369290
v -0.01002665 0.00199900 -0.03252500
v -0.01003118 0.00203945 -0.01788482
v -0.01010274 0.00147860 0.03140414
v -0.01009892 0.00153449 0.02228697
v -0.01006762 0.00155965 0.01335084
v -0.00999142 0.00203597 -0.04609257
v -0.00997229 0.00210361 0.00861388
v -0.00982289 0.00284739 0.05078395
v -0.00999842 0.00209674 0.00269184
v -0.00995957 0.00214963 -0.00830137
v -0.00966316 0.00367326 0.05246282
v -0.00970994 0.00394805 0.05365288
v -0.00999621 0.00206303 -0.05839709
v -0.00995373 0.00192936 -0.07189151
v -0.00965304 0.00347435 0.04780045
v -0.00966600 0.00350652 0.03609301
v -0.00986501 0.00201288 -0.08488270
v -0.00981189 0.00205497 -0.08787980
v -0.00969225 0.00348308 0.02554247
v -0.00982673 0.00268948 0.01913175
v -0.00967439 0.00342038 0.01984821
v -0.00971161 0.00308415 0.01071250
v -0.00997545 0.00004867 -0.08804209
v -0.01008317 -0.00029584 0.05504085
v -0.00961061 0.00322405 -0.06886144
v -0.00956744 0.00322526 -0.07436384
v -0.00958155 0.00318198 -0.07831068
v -0.00959786 0.00358953 0.01522162
v -0.00956858 0.00291436 -0.08745080
v -0.00953318 0.00313950 -0.08451723
v -0.00953618 0.00356562 0.00799649
v -0.00951380 0.00360135 -0.00965845
v -0.00953017 0.00361065 -0.00024524
v -0.00965216 0.00318771 -0.04940830
v -0.00964726 0.00316922 -0.06022208
v -0.00949768 0.00351455 -0.04545931
v -0.00948625 0.00359414 -0.02074777
v -0.00947889 0.00355073 -0.02904949
v -0.00950829 0.00352622 -0.03598111
v -0.00993629 -0.00193272 -0.08799562
v -0.00960530 0.00164830 0.05592387
v -0.00804826 0.00085004 0.06258154
v -0.00891583 0.00036478 0.05948709
v -0.00895812 -0.00013651 0.05961245
v -0.00939991 0.00385852 0.05502785
v -0.00865758 0.00178468 0.05943864
v -0.00888105 0.00366677 0.05707279
v -0.00800515 -0.00033123 0.06354209
v -0.00998828 -0.00290143 -0.08406566
v -0.00981400 -0.00343943 -0.08789467
v -0.00991998 -0.00324875 0.05249729
v -0.01000727 -0.00293537 -0.07392958
v -0.00743512 0.00173193 0.06417838
v -0.00787451 0.00255694 0.06168507
v -0.01002852 -0.00287045 0.02859099
v -0.00960084 -0.00229623 0.05597515
v -0.00836213 -0.00243339 0.06092447
v -0.00997527 -0.00296152 -0.06264331
v -0.00915511 0.00435110 -0.03458203
v -0.00915822 0.00426670 -0.04728517
v -0.00913833 0.00426930 -0.06160940
v -0.00912447 0.00420700 -0.07351375
v -0.00923516 0.00425723 -0.00635873
v -0.00914086 0.00439550 -0.01931880
v -0.00913062 0.00438693 -0.02639953
v -0.00906760 0.00422578 -0.08258175
v -0.00792989 0.00375507 0.06028600
v -0.00919496 0.00430871 0.00581705
v -0.00922412 0.00422250 0.01214334
v -0.00771658 -0.00037665 0.06439955
v -0.00732053 0.00400430 0.06196024
v -0.00678085 0.00362080 0.06430486
v -0.00887136 0.00440949 -0.08719259
v -0.00849141 0.00421319 0.05774089
v -0.00869093 0.00512767 -0.06509373
v -0.00872917 0.00517001 -0.01696554
v -0.00873572 0.00512489 -0.02642495
v -0.00872269 0.00516814 -0.03533793
v -0.00871083 0.00514727 -0.04527333
v -0.00867172 0.00517300 -0.05298468
v -0.00864474 0.00508873 -0.07911327
v -0.00865894 0.00509357 -0.07321293
v -0.00869543 0.00485342 -0.08453641
v -0.00889664 0.00509589 0.05237158
v -0.00874420 0.00512201 0.04676197
v -0.00909594 0.00501614 0.05314929
v -0.00882960 0.00493377 0.04054471
v -0.00897377 0.00473021 0.02735465
v -0.00896485 0.00467912 0.01912945
v -0.00872190 0.00520261 0.03309785
v -0.00868980 0.00523773 0.02281693
v -0.00869893 0.00516778 0.01496043
v -0.00897347 0.00465514 0.00912342
v -0.00872051 0.00516699 0.00608356
v -0.00875241 0.00511169 -0.00363193
v -0.00884013 0.00585573 0.05363605
v -0.00899573 0.00388358 -0.08786847
v -0.00813640 0.00611683 0.04145815
v -0.00823302 0.00599364 0.04740469
v -0.00823271 0.00582480 -0.07019309
v -0.00829326 0.00588011 0.00712731
v -0.00816496 0.00607312 0.01443890
v -0.00818272 0.00605460 0.02213097
v -0.00823334 0.00596815 -0.00942027
v -0.00818542 0.00604706 0.03405318
v -0.00822991 0.00593639 -0.04453851
v -0.00826871 0.00580589 -0.06016059
v -0.00824187 0.00587034 -0.05128634
v -0.00828512 0.00586695 -0.02161267
v -0.00829705 0.00584971 -0.01449333
v -0.00828991 0.00584900 -0.03205920
v -0.00822150 0.00576911 -0.07966766
v -0.00825250 0.00611712 0.05253300
v -0.00846200 0.00593207 0.05300125
v -0.00814392 0.00553134 -0.08757967
v -0.00818390 0.00564708 -0.08429673
v -0.00844229 0.00482902 -0.08789466
v -0.00801498 0.00548338 0.05693002
v -0.00775792 -0.00286658 0.06300374
v -0.00810543 0.00675813 0.05425015
v -0.00812243 0.00684423 0.05380656
v -0.00722518 0.00580609 0.05866519
v -0.00932140 -0.00314936 0.05647951
v -0.00844253 -0.00315259 0.05999193
v -0.00742185 -0.00280488 0.06419401
v -0.00989573 -0.00322224 0.02168033
v -0.00952356 -0.00456614 -0.08117723
v -0.00947671 -0.00465695 -0.05945988
v -0.00951180 -0.00457044 -0.05072334
v -0.01003227 -0.00277503 -0.04644209
v -0.00960796 -0.00423874 -0.03881744
v -0.01000191 -0.00277953 -0.03145336
v -0.00947754 -0.00466657 -0.06837795
v -0.00999059 -0.00288249 -0.01668492
v -0.00963172 -0.00419388 -0.01004951
v -0.00950332 -0.00468443 -0.00244330
v -0.00945352 -0.00461493 0.00761171
v -0.00949540 -0.00452156 0.01259896
v -0.00946426 -0.00465230 0.01887092
v -0.00942204 -0.00468607 0.02532473
v -0.00944284 -0.00465759 0.03410102
v -0.00945768 -0.00467088 -0.02651133
v -0.00943476 -0.00473212 -0.03349067
v -0.00960279 -0.00413406 -0.08759090
v -0.00943491 -0.00458274 -0.08582329
v -0.00942174 -0.00477465 -0.01272389
v -0.00945403 -0.00462601 -0.02215770
v -0.00968914 -0.00405430 0.05282475
v -0.00943587 -0.00546046 0.05377812
v -0.00914075 -0.00529297 0.04827338
v -0.00960548 -0.00407421 0.04498696
v -0.00912439 -0.00540720 0.03781489
v -0.00911182 -0.00538627 0.04319784
v -0.00919289 -0.00544722 0.05269747
v -0.00857930 -0.00448456 0.05783297
v -0.00927787 -0.00521618 -0.08122829
v -0.00915382 -0.00538800 0.01486149
v -0.00788069 -0.00460371 0.06028523
v -0.00911332 -0.00541400 0.02508024
v -0.00908961 -0.00540692 -0.08658722
v -0.00917955 -0.00538101 -0.04478637
v -0.00917174 -0.00537917 -0.06189749
v -0.00918669 -0.00537982 -0.07142084
v -0.00914620 -0.00531930 0.00732298
v -0.00920487 -0.00531235 -0.00025942
v -0.00917318 -0.00533319 -0.03376848
v -0.00914820 -0.00532662 -0.02232936
v -0.00914884 -0.00537873 -0.01179871
v -0.00718902 -0.00493080 0.06230994
v -0.00876159 -0.00558065 0.05589111
v -0.00788612 -0.00520714 0.05932308
v -0.00932324 -0.00579366 0.05373848
v -0.00881538 -0.00590133 -0.08737054
v -0.00666993 -0.00471615 0.06418982
v -0.00889628 -0.00549698 -0.08794093
v -0.00676396 -0.00390578 0.06475939
v -0.00898136 -0.00582007 0.05226061
v -0.00894229 -0.00607494 0.05321502
v -0.00888098 -0.00588765 -0.08212519
v -0.00892145 -0.00568097 0.04823717
v -0.00892685 -0.00572704 0.04430226
v -0.00892149 -0.00573638 0.03737015
v -0.00887905 -0.00591922 -0.07164250
v -0.00888439 -0.00587314 -0.06167622
v -0.00890424 -0.00581595 -0.05288262
v -0.00891071 -0.00584076 -0.04339816
v -0.00808681 0.00615724 -0.00018398
v -0.00631783 0.00426097 0.06439033
v -0.00776061 0.00688982 0.05324005
v -0.00562887 0.00685030 0.06089133
v -0.00576838 0.00753941 0.05899502
v -0.00752152 0.00630207 -0.08733738
v -0.00766435 0.00731335 0.05421716
v -0.00745262 0.00703898 0.05231434
v -0.00725970 0.00689378 -0.07944652
v -0.00721815 0.00705715 -0.03123574
v -0.00729351 0.00699724 -0.01762950
v -0.00734062 0.00694397 -0.01198001
v -0.00726915 0.00704965 0.00105559
v -0.00729998 0.00699681 0.01186629
v -0.00731062 0.00697916 -0.04333048
v -0.00729508 0.00692749 -0.05315359
v -0.00725396 0.00696523 -0.06299694
v -0.00706954 0.00684520 -0.08651689
v -0.00737556 0.00693711 0.04810131
v -0.00733752 0.00697519 0.02272185
v -0.00730630 0.00698066 0.03765033
v -0.00589673 0.00459738 0.06478449
v -0.00752728 0.00614203 -0.08788557
v -0.00670909 0.00706233 -0.08788301
v -0.00754866 0.00743835 0.05381567
v -0.00660972 0.00840569 0.05405278
v -0.00652511 0.00777203 0.00113990
v -0.00650591 0.00776686 0.03692485
v -0.00654799 0.00773761 0.02228132
v -0.00648238 0.00779485 0.01208299
v -0.00649899 0.00777989 0.04811470
v -0.00650766 0.00779227 -0.04409290
v -0.00650593 0.00774568 -0.02654321
v -0.00645803 0.00778362 -0.05320962
v -0.00645662 0.00774786 -0.06098359
v -0.00642968 0.00771716 -0.07515897
v -0.00656570 0.00772229 -0.02186894
v -0.00650509 0.00776181 -0.01420587
v -0.00487977 0.00579762 0.06471395
v -0.00618970 0.00834866 0.05568047
v -0.00643810 0.00764482 -0.08069812
v -0.00666169 0.00783539 0.05303097
v -0.00797760 -0.00711091 -0.02217900
v -0.00796878 -0.00715523 -0.03303358
v -0.00801018 -0.00716024 -0.05819960
v -0.00800218 -0.00712411 -0.05003247
v -0.00799956 -0.00715861 -0.04193420
v -0.00798927 -0.00710476 0.00028359
v -0.00792643 -0.00709285 0.00997133
v -0.00794609 -0.00711457 -0.00824363
v -0.00793228 -0.00709784 0.01224002
v -0.00795101 -0.00705717 0.02522216
v -0.00793888 -0.00708476 0.03347946
v -0.00797766 -0.00716283 -0.06299890
v -0.00792430 -0.00723141 -0.08157665
v -0.00798921 -0.00718761 -0.07411992
v -0.00816958 -0.00658247 -0.08798089
v -0.00690836 0.00789542 0.05375113
v -0.00795130 -0.00694487 0.03939582
v -0.00787319 -0.00701114 0.04814489
v -0.00795530 -0.00704889 0.05234199
v -0.00780863 -0.00714193 -0.08745484
v -0.00763806 -0.00765028 0.05359352
v -0.00750182 -0.00734911 -0.08800488
v 0.00052275 -0.00147685 -0.09474043
v 0.00192546 -0.00171315 -0.09473655
v 0.00100584 -0.00254616 -0.09474054
v 0.00028194 -0.00281671 -0.09473675
v 0.00031782 -0.00358778 -0.09473246
v 0.00156991 -0.00360911 -0.09474780
v 0.00111547 -0.00467703 -0.09473620
v 0.00043157 -0.00436759 -0.09472700
v -0.00013858 -0.00483799 -0.09471234
v -0.00027378 -0.00409018 -0.09472181
v -0.00086605 -0.00465334 -0.09470832
v -0.00100059 -0.00384475 -0.09472065
v -0.00038687 -0.00324958 -0.09473012
v -0.00173020 -0.00307183 -0.09473322
v -0.00047784 -0.00231621 -0.09473725
v -0.00149481 -0.00195558 -0.09475056
v -0.00067880 -0.00124956 -0.09474970
v -0.00167917 -0.00103129 -0.09476438
v -0.00123354 -0.00014124 -0.09476744
v 0.00012061 -0.00040119 -0.09474749
v 0.00167594 -0.00067015 -0.09473292
v 0.00128827 0.00045325 -0.09473882
v 0.00198199 -0.00003767 -0.09472883
v 0.00220911 0.00064109 -0.09472749
v 0.00146935 0.00115881 -0.09474065
v 0.00235730 0.00136615 -0.09472891
v 0.00301921 0.00092058 -0.09472138
v 0.00298175 0.00010389 -0.09471475
v 0.00313451 0.00166512 -0.09472238
v 0.00251032 0.00210711 -0.09472994
v 0.00332768 0.00233750 -0.09471775
v 0.00387403 0.00196766 -0.09471580
v 0.00346890 0.00292893 -0.09472019
v 0.00371857 0.00129170 -0.09472045
v 0.00285521 0.00335935 -0.09473417
v 0.00184596 0.00261768 -0.09474316
v 0.00204963 0.00327850 -0.09474494
v 0.00237485 0.00400817 -0.09473611
v 0.00379021 0.00388209 -0.09472722
v 0.00144773 0.00385849 -0.09475750
v 0.00075065 0.00309994 -0.09475231
v 0.00111969 0.00245822 -0.09474990
v -0.00002070 0.00268639 -0.09475790
v 0.00004176 0.00378428 -0.09474522
v 0.00076247 0.00165704 -0.09475423
v 0.00165525 0.00188029 -0.09474211
v -0.00074864 0.00176122 -0.09477298
v -0.00086631 0.00261786 -0.09477426
v -0.00210324 0.00219425 -0.09479725
v -0.00214207 0.00100875 -0.09479044
v -0.00041967 0.00075487 -0.09476405
v -0.00200548 -0.00010632 -0.09477311
v -0.00333811 0.00049622 -0.09478272
v -0.00316293 -0.00085764 -0.09477074
v -0.00455879 -0.00031846 -0.09477749
v -0.00410284 -0.00222560 -0.09476256
v -0.00319773 -0.00186748 -0.09476112
v -0.00238984 -0.00146939 -0.09476173
v -0.00232742 -0.00251923 -0.09475006
v -0.00293853 -0.00304162 -0.09474165
v -0.00238535 -0.00438006 -0.09471236
v -0.00161497 -0.00450070 -0.09470833
v -0.00145897 -0.00527728 -0.09469197
v -0.00377114 -0.00360528 -0.09474116
v -0.00580412 -0.00143530 -0.09477475
v -0.00586678 0.00058623 -0.09478460
v -0.00456549 0.00123873 -0.09479007
v -0.00568762 0.00212120 -0.09479517
v -0.00331097 0.00177473 -0.09479429
v 0.00422381 0.00308991 -0.09470867
v 0.00265550 -0.00052651 -0.09472996
v 0.00002228 -0.00601281 -0.09468155
v 0.00098287 -0.00565066 -0.09472198
v 0.00191510 -0.00558398 -0.09474850
v 0.00225594 -0.00274981 -0.09474733
v 0.00302608 -0.00383963 -0.09474630
v 0.00330880 -0.00101327 -0.09474217
v 0.00336724 -0.00195429 -0.09475095
v 0.00327247 -0.00292715 -0.09475764
v 0.00386847 -0.00297586 -0.09475807
v 0.00457583 0.00227378 -0.09470921
v 0.00461706 -0.00399372 -0.09473603
v -0.00244504 -0.00575168 -0.09472263
v -0.00370363 -0.00468579 -0.09475094
v 0.00265872 -0.00458038 -0.09472141
v -0.00401667 0.00296881 -0.09478554
v 0.00282161 0.00480669 -0.09471666
v 0.00138144 0.00484770 -0.09474023
v 0.00484626 0.00143371 -0.09472883
v 0.00389304 0.00056017 -0.09473577
v 0.00315882 -0.00037893 -0.09470562
v -0.00293777 0.00301386 -0.09477674
v -0.00365640 0.00381278 -0.09476572
v -0.00269341 0.00387851 -0.09474739
v -0.00190458 0.00298633 -0.09477484
v -0.00101344 0.00411488 -0.09471962
v 0.00555355 0.00305013 -0.09468104
v 0.00211449 0.00617662 -0.09475990
v -0.00342427 0.00532212 -0.09477886
v -0.00425914 0.00459099 -0.09476421
v -0.00545699 -0.00275900 -0.09473261
v -0.00482522 -0.00421020 -0.09474856
v -0.00495209 0.00386552 -0.09480442
v 0.00020378 0.00639961 -0.09473521
v -0.00031066 0.00525264 -0.09470641
v 0.00127206 -0.00605522 -0.09473515
v 0.00220735 -0.00611590 -0.09475018
v 0.00230017 -0.00510324 -0.09472584
v -0.00177886 0.00619740 -0.09476561
v -0.00171785 0.00485029 -0.09468071
v 0.00521209 -0.00313365 -0.09477695
v 0.00058209 0.00450802 -0.09470329
v -0.00096667 -0.00667045 -0.09462721
v 0.00117209 -0.00653000 -0.09470512
v -0.00185298 -0.00661377 -0.09465125
v -0.00390033 -0.00546712 -0.09479191
v 0.00413646 -0.00470222 -0.09479023
v -0.00527080 0.00296246 -0.09471738
v 0.00346182 -0.00543597 -0.09480403
v 0.00524469 0.00387533 -0.09481198
v 0.00436932 0.00473766 -0.09474315
v 0.00377865 0.00539715 -0.09481091
v -0.00309677 -0.00626119 -0.09480431
v -0.00253050 0.00576449 -0.09467540
v 0.00264777 0.00582393 -0.09464936
v -0.00365603 -0.00645036 -0.09494655
v -0.00538317 0.00403523 -0.09495658
v -0.00323443 0.00602711 -0.09496892
v 0.00354325 0.00605498 -0.09497750
v 0.00555447 0.00406477 -0.09497619
v -0.00607605 0.00217400 -0.09497817
v -0.00600985 -0.00212633 -0.09494690
v -0.00457674 -0.00496994 -0.09493000
v -0.00533582 -0.00372388 -0.09493156
v -0.00250636 -0.00673668 -0.09496077
v 0.00098711 -0.00671618 -0.09490204
v -0.00105370 -0.00674151 -0.09484650
v -0.00024660 -0.01036011 -0.09166115
v 0.00195302 -0.01023400 -0.09175901
v -0.00041957 -0.01030658 -0.08931508
v 0.00198176 -0.01014466 -0.08891890
v 0.00178113 -0.01025593 -0.09414910
v -0.00017554 -0.01037613 -0.09413161
v 0.00013717 -0.01028979 -0.09477648
v 0.00395143 -0.00984093 -0.09296404
v 0.00377350 -0.00983593 -0.09462567
v 0.00406296 -0.00977042 -0.09008183
v 0.00269761 -0.00999751 -0.08922673
v 0.00423666 -0.00965475 -0.08913013
v 0.00208448 -0.01013727 -0.09473169
v 0.00519823 -0.00935599 -0.09397713
v 0.00433637 -0.00953277 -0.08872904
v 0.00533874 -0.00921445 -0.09475500
v 0.00571534 -0.00909011 -0.09132920
v 0.00635895 -0.00876182 -0.08915666
v 0.00613217 -0.00880905 -0.08876644
v 0.00605302 -0.00894550 -0.09423576
v 0.00674406 -0.00853041 -0.09461547
v -0.00043831 -0.01017568 -0.08874813
v -0.00243031 -0.01010898 -0.09412601
v -0.00297078 -0.00997929 -0.08931782
v -0.00291341 -0.00996721 -0.09468191
v -0.00324959 -0.00995747 -0.09304391
v -0.00186021 -0.01004556 -0.08890487
v 0.00243822 -0.00981853 -0.08866353
v -0.00344506 -0.00965464 -0.08864034
v -0.00438125 -0.00943608 -0.08870375
v -0.00474951 -0.00934616 -0.08911697
v -0.00443022 -0.00942556 -0.09464957
v -0.00508661 -0.00922698 -0.09355764
v -0.00598110 -0.00877344 -0.08871661
v -0.00608360 -0.00860375 -0.09467349
v -0.00624652 -0.00861877 -0.09281778
v 0.00730716 -0.00804131 -0.08911711
v 0.00690093 -0.00824685 -0.08871348
v 0.00742383 -0.00798354 -0.09464183
v 0.00819800 -0.00723197 -0.08920072
v 0.00826627 -0.00720946 -0.09206869
v 0.00329436 -0.00975234 -0.09486901
v 0.00820806 -0.00722129 -0.09467524
v 0.00754191 -0.00766591 -0.08870520
v -0.00710169 -0.00795891 -0.09185076
v -0.00707577 -0.00793022 -0.08909571
v -0.00707638 -0.00785799 -0.09458701
v -0.00655860 -0.00827980 -0.08868409
v -0.00778090 -0.00726050 -0.09391850
v -0.00735044 -0.00756071 -0.08866417
v -0.00793764 -0.00712002 -0.08918103
v -0.00783139 -0.00708457 -0.09466897
v -0.00301226 -0.00974367 -0.09487823
v -0.00814181 -0.00669546 -0.08867835
v -0.00626948 -0.00827714 -0.09488525
v -0.01025151 -0.00029672 -0.09163137
v -0.01009408 -0.00232225 -0.09211165
v -0.01016624 -0.00240289 -0.08981745
v -0.01027948 -0.00002487 -0.09000492
v -0.01024289 -0.00049226 -0.09417701
v -0.01012651 -0.00195127 -0.09413003
v -0.01024390 -0.00032576 -0.08917747
v -0.00995052 -0.00308344 -0.09279043
v -0.01004978 -0.00304387 -0.08924681
v -0.01012064 -0.00091125 -0.09472345
v -0.00988585 -0.00289211 -0.09469003
v -0.01015748 0.00075130 -0.09215042
v -0.01018336 0.00070967 -0.09415951
v -0.01003676 0.00167587 -0.08918387
v -0.01006446 0.00086315 -0.09472683
v -0.00996889 0.00185021 -0.09222345
v -0.00987720 0.00213440 -0.09470892
v -0.00979321 0.00257417 -0.09411124
v -0.00983083 0.00244594 -0.08880162
v -0.00957531 -0.00414882 -0.09402229
v -0.00963473 -0.00426281 -0.08912662
v -0.00989548 -0.00330857 -0.08885565
v -0.00923910 -0.00522944 -0.09017284
v -0.00913805 -0.00533289 -0.09293522
v -0.00903900 -0.00528382 -0.09468498
v -0.00889654 -0.00586589 -0.08892664
v -0.00874371 -0.00606112 -0.09259503
v -0.00867484 -0.00593283 -0.09465201
v -0.00986956 -0.00204906 -0.09491808
v -0.00932991 0.00377352 -0.09391155
v -0.00958767 0.00315289 -0.08913303
v -0.00916761 0.00386006 -0.09477067
v -0.01001397 0.00016452 -0.08881104
v -0.00896506 0.00441089 -0.08875356
v -0.00910807 0.00396421 -0.08863398
v -0.00867704 0.00497451 -0.09330973
v -0.00949240 0.00274800 -0.08867205
v -0.00833749 0.00543010 -0.09466480
v -0.00830985 0.00544619 -0.08869633
v -0.00916567 -0.00452906 -0.09492216
v -0.00795151 0.00598715 -0.09323297
v -0.00989404 0.00093320 -0.09493992
v -0.00933664 -0.00453544 -0.08880152
v -0.00778090 -0.00726050 -0.09391850
v -0.00783139 -0.00708457 -0.09466897
v -0.00793764 -0.00712002 -0.08918103
v -0.00814181 -0.00669546 -0.08867835
v -0.00747988 0.00647601 -0.08912334
v -0.00717482 0.00688240 -0.09267370
v -0.00804535 0.00560099 -0.09495709
v -0.00699755 0.00689804 -0.09463606
v -0.00758336 0.00620269 -0.08859680
v -0.00682202 0.00708219 -0.08863787
v -0.00641009 0.00755469 -0.09288108
v -0.00628101 0.00757504 -0.08910727
v -0.00830608 0.00528320 -0.08858641
v -0.00892905 0.00391632 -0.09500000
v -0.00530546 0.00826886 -0.09486044
v -0.00591090 0.00781566 -0.08866099
v -0.00510301 0.00847666 -0.09250939
v -0.00475083 0.00857721 -0.08885962
v -0.00444935 0.00882059 -0.09467085
v -0.00812363 -0.00651399 -0.09485457
v 0.00036358 0.00069818 0.09499475
v -0.00070381 -0.00079216 0.09492253
v 0.00120301 -0.00173794 0.09499588
v -0.00048747 0.00065985 0.09494657
v 0.00119529 -0.00006405 0.09496883
v -0.00021002 -0.00182931 0.09500000
v -0.00112404 -0.00172260 0.09489831
v -0.00114641 -0.00017074 0.09481139
v -0.00000718 -0.00239153 0.09485260
v 0.00145960 0.00051159 0.09469082
v -0.00085842 -0.00249429 0.09456074
v 0.00074402 -0.00253289 0.09463448
v -0.00089409 0.00078879 0.09466489
v 0.00160425 -0.00008450 0.09470101
v 0.00162515 -0.00159676 0.09471383
v -0.00001686 0.00099496 0.09473235
v -0.00136244 0.00018028 0.09453914
v 0.00145845 -0.00217290 0.09458509
v -0.00825249 -0.00508580 -0.08850727
v -0.00869403 -0.00478617 -0.08858604
v -0.00814181 -0.00669546 -0.08867835
v -0.00786916 -0.00625510 -0.08855446
v -0.00738928 -0.00647069 -0.08846866
v -0.00709385 -0.00697339 -0.08845917
v -0.00735044 -0.00756071 -0.08866417
v -0.00933664 -0.00453544 -0.08880152
v -0.00989548 -0.00330857 -0.08885565
v -0.00904458 -0.00272520 -0.08850962
v -0.00943657 -0.00246620 -0.08864032
v -0.00946814 0.00054208 -0.08860671
v -0.01001397 0.00016452 -0.08881104
v -0.00983083 0.00244594 -0.08880162
v -0.00949240 0.00274800 -0.08867205
v -0.00904047 0.00094915 -0.08848165
v -0.00873916 0.00299264 -0.08841495
v -0.00910807 0.00396421 -0.08863398
v -0.00833052 0.00341037 -0.08829418
v -0.00786279 0.00458297 -0.08823566
v -0.00663069 -0.00725814 -0.08846005
v -0.00639226 -0.00773882 -0.08852281
v -0.00518521 -0.00807512 -0.08835783
v -0.00655860 -0.00827980 -0.08868409
v -0.00477756 -0.00857981 -0.08840199
v -0.00598110 -0.00877344 -0.08871661
v -0.00830608 0.00528320 -0.08858641
v -0.00737542 0.00513693 -0.08822803
v -0.00758336 0.00620269 -0.08859680
v -0.00660524 0.00609912 -0.08820714
v -0.00438125 -0.00943608 -0.08870375
v -0.00344506 -0.00965464 -0.08864034
v -0.00682202 0.00708219 -0.08863787
v -0.00558968 0.00698280 -0.08821208
v -0.00591090 0.00781566 -0.08866099
v -0.00498711 0.00766802 -0.08834290
v -0.00480358 0.00837245 -0.08865126
v -0.00380613 0.00801560 -0.08833459
v -0.00349480 0.00841952 -0.08848529
v -0.00426563 0.00880640 -0.08882116
v -0.00227820 0.00919356 -0.08883238
v -0.00142519 0.00888204 -0.08849363
v -0.00889654 -0.00586589 -0.08892664
v -0.00120401 0.00905346 -0.08864795
v -0.00475083 0.00857721 -0.08885962
v 0.00752815 -0.00700684 -0.08853650
v 0.00787442 -0.00741833 -0.08803497
v 0.00732470 -0.00780246 -0.08813656
v 0.00837381 -0.00616225 -0.08852265
v 0.00673419 -0.00768482 -0.08853191
v 0.00697003 -0.00830340 -0.08798289
v 0.00858262 -0.00670414 -0.08794455
v 0.00895841 -0.00566132 -0.08825760
v 0.00926814 -0.00558314 -0.08797602
v 0.00941447 -0.00423999 -0.08854305
v 0.00612878 -0.00799299 -0.08850506
v 0.00587819 -0.00852001 -0.08822695
v 0.00629878 -0.00875905 -0.08786123
v 0.00475982 -0.00926953 -0.08803832
v 0.00413258 -0.00890209 -0.08838964
v 0.00372489 -0.00921321 -0.08826990
v 0.00437143 -0.00959578 -0.08787536
v 0.00237267 -0.00987803 -0.08805580
v 0.00894961 -0.00561849 -0.08862597
v 0.00586912 -0.00852086 -0.08861268
v 0.00374443 -0.00921194 -0.08849155
v 0.00203451 -0.00945443 -0.08845947
v -0.00555139 0.00415064 0.06483975
v -0.00637571 0.00383771 0.06466266
v -0.00634392 0.00305716 0.06480940
v -0.00563298 0.00449205 0.06485234
v -0.00678085 0.00362080 0.06430486
v -0.00680000 0.00215137 0.06493224
v -0.00631783 0.00426097 0.06439033
v -0.00714104 0.00198050 0.06453848
v -0.00699574 0.00142960 0.06490355
v -0.00749433 -0.00031366 0.06476455
v -0.00730143 -0.00039490 0.06490930
v -0.00743512 0.00173193 0.06417838
v -0.00771658 -0.00037665 0.06439955
v -0.00742185 -0.00280488 0.06419401
v -0.00692259 -0.00262378 0.06493556
v -0.00676396 -0.00390578 0.06475939
v -0.00589673 0.00459738 0.06478449
v -0.00540240 0.00496329 0.06489373
v -0.00487977 0.00579762 0.06471395
v -0.00467073 0.00576255 0.06489164
v -0.00437414 0.00622871 0.06478974
v -0.00370884 0.00650131 0.06491885
v 0.00610046 -0.00630227 0.06409074
v 0.00561019 -0.00587017 0.06460991
v 0.00550298 -0.00698425 0.06402016
v 0.00496430 -0.00746806 0.06405007
v 0.00595592 -0.00553078 0.06458923
v 0.00665002 -0.00560090 0.06418607
v 0.00644818 -0.00479185 0.06466743
v 0.00729058 -0.00441304 0.06418493
v 0.00705517 -0.00377003 0.06469467
v 0.00725701 -0.00322500 0.06476004
v 0.00782948 -0.00292715 0.06425375
v 0.00742470 -0.00246643 0.06477625
v 0.00815331 -0.00039832 0.06434041
v 0.00779394 -0.00039045 0.06476154
v 0.00775514 0.00203474 0.06419865
v 0.00721764 0.00200108 0.06477024
v 0.00741969 0.00273671 0.06434602
v 0.00659581 0.00362379 0.06484284
v 0.00699419 0.00406575 0.06428458
v 0.00635938 0.00463724 0.06453399
v 0.00593118 0.00440548 0.06481304
v 0.00546642 0.00504796 0.06479451
v 0.00456249 0.00633918 0.06470481
v 0.00446267 0.00619204 0.06487955
v 0.00299678 0.00724046 0.06483628
v 0.00852887 0.00544540 -0.08874051
v 0.00817408 0.00526730 -0.08853833
v 0.00843995 0.00472139 -0.08857350
v 0.00747497 0.00645490 -0.08861238
v 0.00891194 0.00438327 -0.08865426
v 0.00782632 0.00568915 -0.08856915
v 0.00904157 0.00468634 -0.08925537
v 0.00931626 0.00403700 -0.08871934
v 0.00937413 0.00307227 -0.08853695
v 0.00734695 0.00659627 -0.08823340
v 0.00999968 0.00244243 -0.09277053
v 0.01023846 0.00114202 -0.08993069
v 0.01030639 0.00080310 -0.09274936
v 0.01010382 0.00191392 -0.09425666
v 0.01007003 0.00194570 -0.08879813
v 0.01020956 0.00099825 -0.09475529
v 0.00973567 0.00319877 -0.08920418
v 0.00995782 0.00242487 -0.09476778
v 0.01023460 0.00055526 -0.08877586
v 0.01035550 -0.00010945 -0.08989562
v 0.01037332 -0.00024383 -0.09241975
v 0.01029104 -0.00062025 -0.09460215
v 0.00956607 0.00371368 -0.09288680
v 0.00948381 0.00381284 -0.09462828
v 0.01026926 -0.00205078 -0.08937756
v 0.01026352 -0.00224696 -0.09270008
v 0.01019317 -0.00206086 -0.09478628
v 0.01007165 -0.00305701 -0.09475041
v 0.01010892 -0.00319943 -0.09223468
v 0.01010223 -0.00295082 -0.08880260
v 0.01019055 0.00020234 -0.09488666
v 0.00984203 -0.00409411 -0.09420575
v 0.00983948 -0.00407119 -0.08905960
v 0.00988949 -0.00408155 -0.09217594
v 0.00950124 -0.00513649 -0.09017432
v 0.00940997 -0.00526719 -0.09467488
v 0.00906265 -0.00603637 -0.08916360
v 0.00919061 -0.00561725 -0.08874235
v 0.00895796 -0.00627137 -0.09210175
v 0.00883746 -0.00640450 -0.09463994
v 0.00889027 0.00504700 -0.09272270
v 0.00885586 0.00496531 -0.09478007
v 0.00952701 0.00320071 -0.09497735
v 0.00826627 -0.00720946 -0.09206869
v 0.00819800 -0.00723197 -0.08920072
v 0.00841183 -0.00674592 -0.08868447
v 0.00820806 -0.00722129 -0.09467524
v 0.00941447 -0.00423999 -0.08854305
v 0.00952245 -0.00431308 -0.09495649
v 0.00754191 -0.00766591 -0.08870520
v 0.01007003 0.00194570 -0.08879813
v 0.00989215 0.00165551 -0.08869328
v 0.00997246 -0.00027353 -0.08863966
v 0.00937413 0.00307227 -0.08853695
v 0.01023460 0.00055526 -0.08877586
v 0.01010223 -0.00295082 -0.08880260
v 0.00988123 -0.00287793 -0.08867852
v 0.00941447 -0.00423999 -0.08854305
v -0.00473858 -0.00858987 -0.08821972
v -0.00477756 -0.00857981 -0.08840199
v -0.00211490 -0.00885305 -0.08828969
v -0.00518521 -0.00807512 -0.08835783
v -0.00680060 -0.00839782 0.05361665
v -0.00593851 -0.00897643 0.05367430
v -0.00708345 -0.00856527 0.05376811
v -0.00631689 -0.00921558 0.05382206
v -0.00494688 -0.00985356 0.05396051
v -0.00466513 -0.00940489 0.05367947
v -0.00317304 -0.00991343 0.05367685
v -0.00322121 -0.01016728 0.05381595
v -0.00757125 -0.00808811 0.05381642
v -0.00763806 -0.00765028 0.05359352
v -0.00797264 -0.00769898 0.05383145
v -0.00856921 -0.00694148 0.05382066
v -0.00894229 -0.00607494 0.05321502
v -0.00285532 -0.00996807 0.05316459
v -0.00658667 -0.00377269 0.06489516
v -0.00676396 -0.00390578 0.06475939
v -0.00570934 -0.00530300 0.06489104
v -0.00692259 -0.00262378 0.06493556
v -0.00573727 -0.00600864 0.06417228
v -0.00666993 -0.00471615 0.06418982
v -0.00516461 -0.00591317 0.06488854
v -0.00426623 -0.00720154 0.06472236
v -0.00485622 -0.00711073 0.06408246
v -0.00611749 -0.00445194 0.06530617
v -0.00405814 -0.00783270 0.06410583
v -0.00282105 -0.00822772 0.06478378
v -0.00426375 -0.00693875 0.06484683
v -0.00412062 -0.00684894 0.06524369
v -0.00333361 -0.00769244 0.06485186
v -0.00244208 -0.00807803 0.06536207
v -0.00554641 -0.00730587 0.06184513
v -0.00618886 -0.00619963 0.06252952
v -0.00718902 -0.00493080 0.06230994
v -0.00488110 -0.00783652 0.06219055
v -0.00573894 -0.00786620 0.05992972
v -0.00715443 -0.00696141 0.05771864
v -0.00688111 -0.00813295 0.05570064
v -0.00755332 -0.00737406 0.05564746
v -0.00797264 -0.00769898 0.05383145
v -0.00856921 -0.00694148 0.05382066
v -0.00876159 -0.00558065 0.05589111
v -0.00788612 -0.00520714 0.05932308
v -0.00932324 -0.00579366 0.05373848
v -0.00757125 -0.00808811 0.05381642
v -0.00700315 -0.00857353 0.05423282
v -0.00600847 -0.00848679 0.05719040
v -0.00406719 -0.00645821 0.06672647
v -0.00420317 -0.00499403 0.07107070
v -0.00497908 -0.00460727 0.06946020
v -0.00559932 -0.00499407 0.06609677
v -0.00488177 -0.00407909 0.07116254
v -0.00418433 -0.00415637 0.07373186
v -0.00328231 -0.00484639 0.07485164
v -0.00344816 -0.00420091 0.07646089
v -0.00235600 -0.00520058 0.07676810
v -0.00595999 -0.00439186 0.06629527
v -0.00342989 -0.00579235 0.07078131
v -0.00223386 -0.00578984 0.07457342
v -0.00496957 -0.00293241 0.07353625
v -0.00433304 -0.00290619 0.07620408
v -0.00525130 -0.00302786 0.07203423
v -0.00392308 -0.00307364 0.07692256
v -0.00708345 -0.00856527 0.05376811
v -0.00586561 -0.00301901 0.06945600
v -0.00278602 -0.00463141 0.07687031
v -0.00205793 -0.00510887 0.07816714
v -0.00278727 -0.00439273 0.07799673
v -0.00233642 -0.00435001 0.07952822
v -0.00375355 -0.00320416 0.07771476
v -0.00308395 -0.00285781 0.08059903
v -0.00348657 -0.00369635 0.07695459
v -0.00222718 -0.00361012 0.08195842
v -0.00198139 -0.00420659 0.08110004
v -0.00246083 -0.00224994 0.08512749
v -0.00210896 -0.00323546 0.08376712
v -0.00215904 -0.00264896 0.08541433
v -0.00202055 -0.00190685 0.08826085
v -0.00185244 -0.00263823 0.08672193
v -0.00133408 -0.00266072 0.08852393
v -0.00147385 -0.00218489 0.09005099
v -0.00353849 -0.00223422 0.08026590
v -0.00417153 -0.00236839 0.07787571
v -0.00422801 -0.00249322 0.07686155
v -0.00282385 -0.00192783 0.08408246
v -0.00162472 -0.00417618 0.08181873
v -0.00676914 -0.00298252 0.06554165
v -0.00645930 -0.00327237 0.06638692
v -0.00197916 -0.00162964 0.08895616
v -0.00173848 -0.00152679 0.09039229
v -0.00123267 -0.00208771 0.09212352
v -0.00444344 -0.00248316 0.07641890
v -0.00631689 -0.00921558 0.05382206
v -0.00172957 -0.00487740 0.07935129
v -0.00287434 -0.00144010 0.08461921
v -0.00138777 -0.00160136 0.09236789
v -0.00091903 -0.00242511 0.09158489
v -0.00078140 -0.00262062 0.09289459
v -0.00125183 -0.00208383 0.09457369
v -0.00085842 -0.00249429 0.09456074
v -0.00241129 -0.00149676 0.08697768
v -0.00599532 -0.00256646 0.06956772
v -0.00521313 -0.00250945 0.07307513
v -0.00660070 -0.00228822 0.06712119
v -0.00356815 -0.00144778 0.08126899
v -0.00434385 -0.00155748 0.07790781
v -0.00193569 -0.00109815 0.09001470
v -0.00137752 -0.00171513 0.09408073
v -0.00364738 -0.00073865 0.08158071
v -0.00458747 -0.00088129 0.07744474
v -0.00436829 -0.00160336 0.07730797
v -0.00708691 -0.00089279 0.06598620
v -0.00515673 -0.00038127 0.07498855
v -0.00639171 -0.00080960 0.06915067
v -0.00230200 -0.00089357 0.08762643
v -0.00471598 -0.00044384 0.07671239
v -0.00144825 -0.00099331 0.09459249
v -0.00730143 -0.00039490 0.06490930
v -0.00449991 -0.00043644 0.07714671
v -0.00286362 -0.00067740 0.08497179
v -0.00572334 -0.00018063 0.07244458
v -0.00647573 -0.00017009 0.06896295
v -0.00144435 -0.00091745 0.09229026
v -0.00143841 -0.00091165 0.09331389
v -0.00112404 -0.00172260 0.09489831
v -0.00708602 -0.00020107 0.06607450
v -0.00174295 -0.00086922 0.09033252
v -0.00894229 -0.00607494 0.05321502
v -0.00374881 -0.00030419 0.08095317
v -0.00307786 -0.00010319 0.08378902
v -0.00436599 -0.00025105 0.07823430
v -0.00461229 -0.00036091 0.07748281
v -0.00135872 0.00021773 0.09367822
v -0.00136244 0.00018028 0.09453914
v -0.00245815 -0.00008539 0.08626279
v -0.00699574 0.00142960 0.06490355
v -0.00626004 0.00112722 0.06873041
v -0.00447247 0.00094774 0.07656775
v -0.00502987 0.00101290 0.07424567
v -0.00573957 0.00194906 0.07005455
v -0.00409138 0.00112610 0.07799660
v -0.00362136 0.00138377 0.07946417
v -0.00362542 0.00061667 0.08049314
v -0.00296808 0.00063371 0.08335652
v -0.00654422 0.00201939 0.06632650
v -0.00680000 0.00215137 0.06493224
v -0.00125835 -0.00051684 0.09260883
v -0.00422015 0.00124713 0.07684463
v -0.00435482 0.00045780 0.07728655
v -0.00502962 0.00224840 0.07263802
v -0.00432055 0.00202014 0.07581822
v -0.00303642 0.00156409 0.08154280
v -0.00219372 0.00062684 0.08633006
v -0.00151148 0.00115551 0.08785808
v -0.00149988 0.00064454 0.08847467
v -0.00162457 0.00011150 0.08848276
v -0.00146514 -0.00029037 0.08976252
v -0.00112883 0.00054927 0.09024098
v -0.00097178 0.00054386 0.09155714
v -0.00125632 -0.00033132 0.09156343
v -0.00084866 0.00082998 0.09205524
v -0.00381588 0.00185125 0.07800562
v -0.00391162 0.00205008 0.07685514
v -0.00590057 0.00369981 0.06617142
v -0.00605156 0.00369005 0.06539561
v -0.00082871 0.00098563 0.09064035
v -0.00222602 0.00143635 0.08466395
v -0.00507798 0.00340777 0.06993924
v -0.00434633 0.00284325 0.07414842
v -0.00358057 0.00290337 0.07661648
v -0.00114641 -0.00017074 0.09481139
v -0.00093045 0.00130767 0.08882925
v -0.00162355 0.00138286 0.08680122
v -0.00296869 0.00207449 0.08028294
v -0.00509800 0.00390464 0.06874947
v -0.00122149 0.00138566 0.08795572
v -0.00563298 0.00449205 0.06485234
v -0.00429607 0.00390076 0.07166521
v -0.00440035 0.00436298 0.06977921
v -0.00333783 0.00336750 0.07618418
v -0.00529591 0.00474248 0.06536273
v -0.00540240 0.00496329 0.06489373
v -0.00085788 0.00088190 0.09318144
v -0.00277391 0.00332990 0.07728608
v -0.00283921 0.00369333 0.07664049
v -0.00089409 0.00078879 0.09466489
v -0.00211835 0.00232877 0.08245699
v -0.00170398 0.00338320 0.08043223
v -0.00140638 0.00193044 0.08583892
v -0.00449201 0.00557093 0.06539314
v -0.00467073 0.00576255 0.06489164
v -0.00873916 0.00299264 -0.08841495
v -0.00878258 0.00290615 -0.08823786
v -0.00833052 0.00341037 -0.08829418
v -0.00904047 0.00094915 -0.08848165
v -0.00563298 0.00449205 0.06485234
v -0.00555139 0.00415064 0.06483975
v -0.00605156 0.00369005 0.06539561
v -0.00627311 0.00306573 0.06493196
v -0.00680000 0.00215137 0.06493224
v -0.00634392 0.00305716 0.06480940
v -0.00663069 -0.00725814 -0.08846005
v -0.00639226 -0.00773882 -0.08852281
v -0.00636436 -0.00774523 -0.08829314
v -0.00518521 -0.00807512 -0.08835783
v -0.00785546 -0.00626197 -0.08831081
v -0.00786916 -0.00625510 -0.08855446
v -0.00738928 -0.00647069 -0.08846866
v -0.00825249 -0.00508580 -0.08850727
v -0.00518521 -0.00807512 -0.08835783
v -0.00473858 -0.00858987 -0.08821972
v -0.00591012 -0.00847012 -0.08802278
v -0.00636436 -0.00774523 -0.08829314
v -0.00521879 -0.00891439 -0.08796253
v -0.00388460 -0.00928120 -0.08806865
v -0.00670085 -0.00814168 -0.08795593
v -0.00663069 -0.00725814 -0.08846005
v -0.00709385 -0.00697339 -0.08845917
v -0.00176380 -0.00925173 -0.08822915
v -0.00157801 -0.00984954 -0.08802245
v -0.00361589 -0.00959422 -0.08794017
v -0.00023553 -0.01019469 -0.08789719
v 0.00170583 -0.00946934 -0.08835993
v -0.00211490 -0.00885305 -0.08828969
v 0.00237267 -0.00987803 -0.08805580
v 0.00372489 -0.00921321 -0.08826990
v -0.00750182 -0.00734911 -0.08800488
v -0.00816958 -0.00658247 -0.08798089
v -0.00889628 -0.00549698 -0.08794093
v -0.00869627 -0.00476775 -0.08831535
v -0.00981400 -0.00343943 -0.08789467
v 0.00561019 -0.00587017 0.06460991
v 0.00595592 -0.00553078 0.06458923
v 0.00543914 -0.00624749 0.06471452
v 0.00410007 -0.00074887 -0.09475887
v 0.00330880 -0.00101327 -0.09474217
v 0.00313768 -0.00106739 -0.09472600
v 0.00688318 -0.00060438 0.06988949
v 0.00666223 -0.00231963 0.06971685
v 0.00709426 -0.00240559 0.06745332
v 0.00634047 -0.00019281 0.07301154
v 0.00581579 -0.00236204 0.07409035
v 0.00554400 -0.00155160 0.07593729
v 0.00586264 -0.00019197 0.07522161
v 0.00780111 -0.00041675 0.06499605
v 0.00741993 -0.00282873 0.06526472
v 0.00603120 -0.00275383 0.07255282
v 0.00529646 -0.00067447 0.07738086
v 0.00504839 -0.00243666 0.07717248
v 0.00452240 -0.00227015 0.07914232
v 0.00464412 -0.00047482 0.07997885
v 0.00389099 -0.00068160 0.08267940
v 0.00447012 -0.00136197 0.08001208
v 0.00374797 -0.00129865 0.08292078
v 0.00323265 -0.00066858 0.08526757
v 0.00299969 -0.00139544 0.08602125
v 0.00277423 -0.00070971 0.08693708
v 0.00378751 -0.00244976 0.08135431
v 0.00543180 -0.00011687 0.07685966
v 0.00774914 -0.00015814 0.06528131
v 0.00667283 -0.00008349 0.07105284
v 0.00248984 -0.00090233 0.08841456
v 0.00234398 -0.00147912 0.08894862
v 0.00223026 -0.00102150 0.08991958
v 0.00213044 -0.00191414 0.08941483
v 0.00206542 -0.00148374 0.09026334
v 0.00393294 -0.00014026 0.08227677
v 0.00335519 -0.00016025 0.08447651
v 0.00742470 -0.00246643 0.06477625
v 0.00779394 -0.00039045 0.06476154
v 0.00725701 -0.00322500 0.06476004
v 0.00195136 -0.00078995 0.09028530
v 0.00173953 0.00068878 0.08898541
v 0.00127316 0.00057948 0.09160958
v 0.00153025 -0.00042134 0.09031038
v 0.00137548 -0.00044384 0.09162634
v 0.00137024 -0.00045922 0.09261359
v 0.00141162 0.00059982 0.09338866
v 0.00151959 -0.00060382 0.09313860
v 0.00172623 -0.00018606 0.09412236
v 0.00169597 -0.00173482 0.09408604
v 0.00157122 -0.00165535 0.09271880
v 0.00154967 -0.00088163 0.09243153
v 0.00162515 -0.00159676 0.09471383
v 0.00206542 -0.00148374 0.09026334
v 0.00160425 -0.00008450 0.09470101
v 0.00141560 -0.00224348 0.09244790
v -0.00945271 -0.00241964 -0.08830802
v -0.00946814 0.00054208 -0.08860671
v -0.00943657 -0.00246620 -0.08864032
v -0.00944245 0.00056120 -0.08834737
v -0.00904047 0.00094915 -0.08848165
v -0.00904458 -0.00272520 -0.08850962
v -0.00869403 -0.00478617 -0.08858604
v -0.00869627 -0.00476775 -0.08831535
v -0.00825249 -0.00508580 -0.08850727
v -0.00844229 0.00482902 -0.08789466
v -0.00786279 0.00458297 -0.08823566
v -0.00833052 0.00341037 -0.08829418
v -0.00878258 0.00290615 -0.08823786
v -0.00899573 0.00388358 -0.08786847
v -0.00981189 0.00205497 -0.08787980
v -0.00737542 0.00513693 -0.08822803
v -0.00752728 0.00614203 -0.08788557
v -0.00660524 0.00609912 -0.08820714
v -0.00670909 0.00706233 -0.08788301
v -0.00558968 0.00698280 -0.08821208
v -0.00572480 0.00786390 -0.08786665
v -0.00500207 0.00765131 -0.08815442
v -0.00452859 0.00863329 -0.08784527
v -0.00380613 0.00801560 -0.08833459
v -0.00344906 0.00843679 -0.08824556
v -0.00261103 0.00916651 -0.08800316
v -0.00142519 0.00888204 -0.08849363
v -0.00997545 0.00004867 -0.08804209
v -0.00993629 -0.00193272 -0.08799562
v -0.00196312 0.00956977 -0.08784050
v -0.00981400 -0.00343943 -0.08789467
v -0.00034859 0.00970357 -0.08804439
v -0.00020292 0.00930294 -0.08839448
v 0.00203429 0.00959948 -0.08800145
v 0.00204295 0.00921294 -0.08834970
v 0.00324062 0.00914396 -0.08809820
v -0.00349480 0.00841952 -0.08848529
v -0.00344906 0.00843679 -0.08824556
v -0.00142519 0.00888204 -0.08849363
v -0.00380613 0.00801560 -0.08833459
v -0.00500207 0.00765131 -0.08815442
v -0.00380613 0.00801560 -0.08833459
v -0.00498711 0.00766802 -0.08834290
v -0.00558968 0.00698280 -0.08821208
v -0.00211490 -0.00885305 -0.08828969
v -0.00177224 -0.00925283 -0.08839682
v -0.00176380 -0.00925173 -0.08822915
v -0.00242298 -0.00984760 -0.01086214
v -0.00196299 -0.00989451 -0.01624905
v -0.00181628 -0.00984859 -0.00870854
v -0.00232328 -0.00989227 -0.02244104
v -0.00028994 -0.00988683 -0.01601315
v -0.00461923 -0.00922756 -0.01699030
v -0.00475284 -0.00923365 -0.02849946
v -0.00232524 -0.00992234 -0.02769751
v -0.00525003 -0.00900177 -0.02473959
v -0.00586096 -0.00874315 -0.01365511
v -0.00243751 -0.00983935 -0.00076573
v -0.00015969 -0.00987594 -0.01989970
v 0.00279423 -0.00991863 -0.01617692
v -0.00242468 -0.00989218 -0.03380895
v -0.00437300 -0.00924915 -0.00942962
v -0.00596309 -0.00870005 -0.02758879
v 0.00001128 -0.00982733 0.00138167
v -0.00247785 -0.00983595 0.00465082
v -0.00073028 -0.00982513 0.00737821
v -0.00252267 -0.00980022 0.01244182
v -0.00403018 -0.00931246 0.01357274
v -0.00255948 -0.00978449 0.02183470
v -0.00440825 -0.00917914 0.02330505
v -0.00590621 -0.00868117 0.01321464
v -0.00261224 -0.00980954 0.02721919
v -0.00053919 -0.00979777 0.02800898
v -0.00427769 -0.00926334 0.02742671
v -0.00613135 -0.00860790 0.02721630
v -0.00484003 -0.00912256 0.00469580
v -0.00443501 -0.00919644 0.03464870
v -0.00598077 -0.00865272 0.02124445
v 0.00291858 -0.00984685 0.00746835
v -0.00019488 -0.00975625 0.01717961
v 0.00298593 -0.00984353 -0.00063539
v 0.00480397 -0.00931288 0.00030090
v 0.00511083 -0.00925021 -0.00352461
v 0.00621639 -0.00882204 0.00098259
v 0.00656823 -0.00869385 -0.00862002
v 0.00316643 -0.00980633 -0.01113495
v 0.00511263 -0.00922081 -0.01059998
v 0.00281430 -0.00986466 -0.00610732
v -0.00449744 -0.00927808 -0.03458136
v -0.00465240 -0.00927639 -0.04445251
v -0.00243164 -0.00990612 -0.03965782
v -0.00236443 -0.00992839 -0.04646250
v -0.00599198 -0.00870969 -0.03969741
v -0.00444544 -0.00932586 -0.04768802
v -0.00604960 -0.00867397 -0.04847222
v -0.00714655 -0.00791042 -0.04368565
v -0.00711215 -0.00790107 -0.04937064
v -0.00800218 -0.00712411 -0.05003247
v -0.00801018 -0.00716024 -0.05819960
v -0.00714758 -0.00787857 -0.05713058
v 0.00475213 -0.00930414 0.00654991
v -0.00246754 -0.00994260 -0.05057394
v 0.00663775 -0.00864232 0.00048239
v 0.00707750 -0.00831722 0.00218480
v 0.00709595 -0.00827949 -0.01348641
v 0.00656753 -0.00859802 0.01097493
v 0.00737456 -0.00806162 -0.00265356
v 0.00825989 -0.00736405 -0.00082929
v 0.00825971 -0.00734560 -0.01086959
v 0.00723766 -0.00814824 -0.01512471
v 0.00656059 -0.00870138 -0.01931116
v 0.00670691 -0.00870579 -0.02523107
v 0.00827895 -0.00736684 -0.01692015
v -0.00799956 -0.00715861 -0.04193420
v -0.00189748 -0.00992573 -0.03635155
v -0.00603771 -0.00869215 -0.05681761
v 0.00756302 -0.00796949 -0.02800894
v 0.00605842 -0.00893131 -0.02195521
v 0.00516117 -0.00937845 -0.02683964
v 0.00487881 -0.00937958 -0.02303775
v 0.00326651 -0.00989955 -0.02823965
v 0.00512349 -0.00939601 -0.03181524
v 0.00348660 -0.00981796 -0.03696030
v 0.00511288 -0.00935142 -0.03757029
v 0.00280185 -0.00996794 -0.03673362
v 0.00281818 -0.00996247 -0.02834219
v 0.00672053 -0.00869269 -0.03381545
v 0.00676929 -0.00868069 -0.04342022
v 0.00745331 -0.00803904 -0.03475412
v 0.00743714 -0.00807034 -0.04577222
v 0.00837165 -0.00732815 -0.04465292
v 0.00831473 -0.00736369 -0.03565779
v 0.00680802 -0.00864840 -0.04738400
v 0.00506083 -0.00938618 -0.04726153
v 0.00585655 -0.00905837 -0.05344448
v 0.00676293 -0.00869530 -0.05353233
v 0.00488606 -0.00946041 -0.05670783
v 0.00393998 -0.00976409 -0.05677087
v 0.00374213 -0.00981676 -0.04967380
v 0.00246012 -0.01006817 -0.04913832
v 0.00270250 -0.01001717 -0.04666085
v 0.00260500 -0.00995236 -0.06000207
v 0.00127728 -0.01003052 -0.04862281
v 0.00208322 -0.01006475 -0.05565877
v 0.00512383 -0.00936605 -0.04209491
v 0.00276028 -0.00999395 -0.04003123
v 0.00755745 -0.00795346 -0.05698836
v 0.00210848 -0.00999570 -0.06401770
v 0.00136579 -0.01004075 -0.05638720
v -0.00436578 -0.00933721 -0.05699160
v -0.00445476 -0.00932215 -0.06782059
v -0.00244666 -0.00991154 -0.06256771
v -0.00241083 -0.00990389 -0.07011113
v 0.00017056 -0.01000600 -0.07104934
v -0.00012786 -0.00999402 -0.06349534
v 0.00210290 -0.00999544 -0.07104847
v 0.00209378 -0.00999223 -0.07866465
v -0.00462545 -0.00931856 -0.07482679
v 0.00431942 -0.00963418 -0.07925774
v 0.00428536 -0.00964263 -0.07347235
v 0.00422419 -0.00963771 -0.06883230
v 0.00658310 -0.00868358 -0.07558601
v -0.00002534 -0.01002072 -0.07942451
v -0.00589192 -0.00872221 -0.06940040
v -0.00598534 -0.00872603 -0.07575743
v -0.00709634 -0.00792076 -0.07430839
v -0.00715405 -0.00784581 -0.06420327
v -0.00798921 -0.00718761 -0.07411992
v -0.00711508 -0.00790885 -0.08141372
v -0.00496971 -0.00915761 -0.08245756
v -0.00588679 -0.00873505 -0.08731527
v -0.00443636 -0.00936026 -0.08257247
v -0.00409945 -0.00947443 -0.08747523
v 0.00205981 -0.01005672 -0.08369388
v -0.00792430 -0.00723141 -0.08157665
v -0.00247678 -0.00991279 -0.07335543
v -0.00014342 -0.00996304 -0.03921298
v -0.00719575 -0.00781178 -0.01741073
v -0.00717303 -0.00778474 -0.00894876
v -0.00241762 -0.00997070 -0.05402724
v -0.00794609 -0.00711457 -0.00824363
v -0.00797760 -0.00711091 -0.02217900
v 0.00421895 -0.00965338 -0.06214550
v -0.00719778 -0.00780099 -0.00439752
v -0.00798927 -0.00710476 0.00028359
v -0.00715270 -0.00785334 0.00386223
v -0.00792643 -0.00709285 0.00997133
v -0.00793228 -0.00709784 0.01224002
v -0.00796878 -0.00715523 -0.03303358
v -0.00710261 -0.00789028 -0.03459863
v -0.00627381 -0.00849831 -0.08359610
v -0.00588106 -0.00871629 -0.00387057
v -0.00718929 -0.00781755 -0.02449800
v -0.00797766 -0.00716283 -0.06299890
v -0.00316763 -0.00977856 -0.08751230
v -0.00247337 -0.00993556 -0.08439706
v -0.00189529 -0.01003130 -0.08737439
v -0.00157801 -0.00984954 -0.08802245
v -0.00023553 -0.01019469 -0.08789719
v -0.00708619 -0.00784312 0.01193369
v -0.00361589 -0.00959422 -0.08794017
v 0.00020004 -0.00996473 -0.04398930
v -0.00582337 -0.00872868 0.00825876
v 0.00831160 -0.00735234 -0.02598422
v -0.00258183 -0.00981461 0.03261143
v 0.00182486 -0.00993310 -0.02822412
v -0.00604975 -0.00863413 0.03369071
v -0.00619480 -0.00851743 0.04058934
v 0.00604244 -0.00879398 0.01410396
v -0.00707741 -0.00787318 0.03490054
v -0.00707104 -0.00781924 0.04235832
v -0.00795130 -0.00694487 0.03939582
v -0.00793888 -0.00708476 0.03347946
v -0.00623211 -0.00851250 0.04933417
v -0.00709882 -0.00789144 0.02822665
v -0.00795101 -0.00705717 0.02522216
v -0.00787319 -0.00701114 0.04814489
v -0.00608295 -0.00857997 0.04476352
v -0.00422993 -0.00926658 0.04822766
v -0.00418865 -0.00943325 0.05312977
v -0.00699195 -0.00788997 0.04844838
v -0.00285532 -0.00996807 0.05316459
v -0.00271039 -0.00984125 0.04887475
v -0.00269233 -0.00982173 0.04259683
v 0.00032228 -0.00987858 0.05011835
v 0.00285042 -0.00988212 0.04758780
v 0.00296333 -0.00986085 0.03844336
v 0.00367148 -0.00959549 0.04752324
v 0.00465862 -0.00923519 0.03392963
v 0.00656410 -0.00853445 0.03839133
v 0.00282719 -0.00985866 0.03550445
v 0.00653348 -0.00854161 0.04357371
v 0.00709185 -0.00821537 0.03816069
v 0.00733712 -0.00804861 0.03248223
v 0.00715965 -0.00813268 0.04412652
v 0.00627545 -0.00861486 0.03196540
v 0.00275818 -0.00983472 0.02739889
v 0.00453925 -0.00932561 0.05062569
v 0.00282664 -0.00994708 0.05089965
v 0.00590921 -0.00885822 0.05296694
v -0.00317304 -0.00991343 0.05367685
v -0.00466513 -0.00940489 0.05367947
v 0.00711216 -0.00823831 0.01011872
v 0.00831222 -0.00731214 -0.05013229
v 0.00281474 -0.00991560 -0.01957962
v -0.00582014 -0.00873593 -0.00930028
v 0.00823189 -0.00731928 0.01202333
v -0.00590302 -0.00873487 -0.03362486
v 0.00665101 -0.00867717 -0.06953226
v 0.00718450 -0.00824697 -0.07007707
v 0.00730380 -0.00814815 -0.06241771
v 0.00830888 -0.00733337 -0.06802648
v 0.00827966 -0.00731293 -0.07359651
v 0.00825783 -0.00731457 -0.08054663
v 0.00703001 -0.00832411 -0.08202233
v 0.00819329 -0.00728226 -0.08536527
v 0.00739725 -0.00795943 -0.08751546
v 0.00697003 -0.00830340 -0.08798289
v 0.00655568 -0.00851935 0.02198818
v 0.00597584 -0.00877080 0.02424719
v 0.00473661 -0.00922118 0.02280375
v 0.00643245 -0.00859622 0.02714688
v 0.00730184 -0.00808558 0.02270800
v -0.00461059 -0.00910744 0.04276207
v 0.00830984 -0.00733276 -0.05843056
v -0.00559112 -0.00883519 -0.08768846
v -0.00591012 -0.00847012 -0.08802278
v -0.00521879 -0.00891439 -0.08796253
v -0.00715880 -0.00786848 -0.02903954
v 0.00676745 -0.00872115 -0.02827161
v 0.00379128 -0.00974754 -0.04693261
v -0.00522076 -0.00898155 -0.00181242
v 0.00458810 -0.00930703 0.01287461
v 0.00292848 -0.00979974 0.01488763
v -0.00243649 -0.00990112 -0.08005963
v -0.00000385 -0.01003204 -0.05833782
v 0.00666921 -0.00869371 -0.05923779
v 0.00654035 -0.00869756 -0.08115290
v 0.00629878 -0.00875905 -0.08786123
v 0.00514186 -0.00927932 -0.08746231
v 0.00475982 -0.00926953 -0.08803832
v 0.00437143 -0.00959578 -0.08787536
v -0.00670085 -0.00814168 -0.08795593
v 0.00414586 -0.00970751 -0.08416061
v 0.00657673 -0.00866399 -0.01175363
v -0.00587136 -0.00872493 -0.06187875
v 0.00003045 -0.01011887 -0.08434417
v 0.00284190 -0.00979278 0.02152372
v -0.00615648 -0.00862345 0.05294018
v 0.00646540 -0.00852093 0.04732452
v 0.00640193 -0.00864983 0.05342742
v 0.00707132 -0.00821531 0.05305501
v 0.00714910 -0.00837668 0.05379394
v 0.00714189 -0.00874343 0.05420674
v 0.00589806 -0.00954109 0.05427768
v 0.00660118 -0.00925326 0.05450195
v 0.00559624 -0.00969174 0.05491930
v 0.00669322 -0.00866411 0.05589483
v 0.00515607 -0.00999754 0.05456623
v 0.00442407 -0.01000328 0.05594934
v 0.00351805 -0.01042140 0.05532729
v 0.00339288 -0.01042975 0.05590894
v 0.00245640 -0.01052484 0.05629456
v 0.00146935 -0.01029980 0.05501178
v 0.00297460 -0.01012735 0.05362551
v 0.00141940 -0.01059496 0.05657854
v -0.00243374 -0.01036235 0.05608393
v 0.00378740 -0.00996690 0.05752477
v 0.00049415 -0.01066842 0.05681176
v -0.00144366 -0.01046658 0.05664780
v -0.00312915 -0.01028073 0.05658974
v -0.00296869 -0.00994337 0.05856153
v -0.00465923 -0.00910122 0.05769119
v -0.00393055 -0.00991327 0.05603097
v -0.00576200 -0.00906905 0.05540124
v -0.00488446 -0.00985143 0.05419376
v -0.00631689 -0.00921558 0.05382206
v -0.00494688 -0.00985356 0.05396051
v -0.00322121 -0.01016728 0.05381595
v -0.00332593 -0.01038116 0.05424015
v -0.00700315 -0.00857353 0.05423282
v -0.00600847 -0.00848679 0.05719040
v -0.00280534 -0.00935169 0.06127989
v -0.00244996 -0.00974063 0.06017105
v -0.00245404 -0.00899810 0.06343872
v 0.00060130 -0.01006699 0.06108510
v 0.00035045 -0.00931819 0.06388159
v -0.00255040 -0.00858118 0.06451444
v -0.00277348 -0.00868334 0.06421634
v 0.00237384 -0.00919775 0.06276555
v 0.00320088 -0.00860637 0.06401058
v 0.00017740 -0.00871495 0.06503095
v 0.00349033 -0.00932007 0.06098083
v 0.00042218 -0.00868218 0.06519087
v 0.00391003 -0.00871323 0.06253159
v 0.00463085 -0.00854031 0.06110193
v 0.00440929 -0.00793969 0.06399575
v -0.00319032 -0.01035864 0.05517044
v 0.00058931 -0.01034849 0.05949077
v 0.00359889 -0.01013450 0.05420790
v 0.00731083 -0.00865346 0.05443001
v 0.00574879 -0.00912013 0.05370023
v -0.00356015 -0.00826730 0.06368483
v -0.00405814 -0.00783270 0.06410583
v -0.00488110 -0.00783652 0.06219055
v 0.00712946 -0.00810636 0.04720232
v 0.00473646 -0.00923110 0.02705152
v -0.00690910 -0.00807441 0.05235412
v -0.00634215 -0.00861559 0.05339971
v -0.00680060 -0.00839782 0.05361665
v -0.00273024 -0.00983423 0.03741334
v -0.00795530 -0.00704889 0.05234199
v -0.00701925 -0.00790792 -0.08749765
v -0.00780863 -0.00714193 -0.08745484
v 0.00589182 -0.00787922 0.06020501
v 0.00550298 -0.00698425 0.06402016
v 0.00496430 -0.00746806 0.06405007
v 0.00450563 -0.00724877 0.06465625
v 0.00543914 -0.00624749 0.06471452
v 0.00561019 -0.00587017 0.06460991
v 0.00563647 -0.00593735 0.06534670
v 0.00366042 -0.00779127 0.06491586
v 0.00433298 -0.00661388 0.06671664
v 0.00530418 -0.00581755 0.06655705
v 0.00442576 -0.00577088 0.06938084
v 0.00273750 -0.00704483 0.06910521
v 0.00258389 -0.00652023 0.07165432
v 0.00333558 -0.00732059 0.06691886
v 0.00294707 -0.00798851 0.06541742
v 0.00269873 -0.00593533 0.07400567
v 0.00450276 -0.00495739 0.07229508
v 0.00365983 -0.00460262 0.07665565
v 0.00263896 -0.00531542 0.07681061
v 0.00373946 -0.00435187 0.07756678
v 0.00467338 -0.00330519 0.07720584
v 0.00459505 -0.00335752 0.07751396
v 0.00380800 -0.00389196 0.07836769
v 0.00442086 -0.00307815 0.07828485
v 0.00373270 -0.00314604 0.08007395
v 0.00265048 -0.00449487 0.07967081
v 0.00263357 -0.00366286 0.08215747
v 0.00378751 -0.00244976 0.08135431
v 0.00331149 -0.00282538 0.08215734
v 0.00229909 -0.00321495 0.08464245
v 0.00202335 -0.00353750 0.08403099
v 0.00203255 -0.00434857 0.08153242
v 0.00109692 -0.00381497 0.08430417
v 0.00132787 -0.00326180 0.08666311
v 0.00010707 -0.00394761 0.08482352
v 0.00051285 -0.00334821 0.08697411
v 0.00107592 -0.00277746 0.08978782
v -0.00032131 -0.00341962 0.08672772
v -0.00014455 -0.00407277 0.08399334
v -0.00110471 -0.00323841 0.08637790
v -0.00173290 -0.00353894 0.08362610
v -0.00118615 -0.00388917 0.08334996
v -0.00210896 -0.00323546 0.08376712
v -0.00215904 -0.00264896 0.08541433
v -0.00185244 -0.00263823 0.08672193
v -0.00133408 -0.00266072 0.08852393
v -0.00104451 -0.00289088 0.08810655
v 0.00041457 -0.00272936 0.09073359
v 0.00105318 -0.00259148 0.09092243
v 0.00107185 -0.00249236 0.09225616
v 0.00077083 -0.00268078 0.09274944
v 0.00111024 -0.00248615 0.09379450
v -0.00029547 -0.00265726 0.09192364
v 0.00012324 -0.00268227 0.09370811
v -0.00078140 -0.00262062 0.09289459
v -0.00091903 -0.00242511 0.09158489
v -0.00085842 -0.00249429 0.09456074
v -0.00090201 -0.00260449 0.09028717
v -0.00147385 -0.00218489 0.09005099
v 0.00074402 -0.00253289 0.09463448
v 0.00141560 -0.00224348 0.09244790
v -0.00162472 -0.00417618 0.08181873
v 0.00034935 -0.00411083 0.08390705
v 0.00145540 -0.00275259 0.08928096
v 0.00180298 -0.00235454 0.08939924
v 0.00198916 -0.00290616 0.08683523
v 0.00286221 -0.00221149 0.08529971
v 0.00224447 -0.00433769 0.08125173
v 0.00368541 -0.00202763 0.08237597
v 0.00447012 -0.00136197 0.08001208
v 0.00374797 -0.00129865 0.08292078
v 0.00299969 -0.00139544 0.08602125
v 0.00238536 -0.00226176 0.08742139
v 0.00234398 -0.00147912 0.08894862
v 0.00213044 -0.00191414 0.08941483
v -0.00023547 -0.00302315 0.08887071
v -0.00006007 -0.00483842 0.08143863
v -0.00015995 -0.00507331 0.08038450
v -0.00172957 -0.00487740 0.07935129
v -0.00198139 -0.00420659 0.08110004
v 0.00007960 -0.00572168 0.07836250
v -0.00014220 -0.00587780 0.07745308
v -0.00205793 -0.00510887 0.07816714
v -0.00177594 -0.00546949 0.07682733
v -0.00235600 -0.00520058 0.07676810
v -0.00201147 -0.00560259 0.07666091
v -0.00223386 -0.00578984 0.07457342
v -0.00174538 -0.00589758 0.07536591
v -0.00173302 -0.00643149 0.07281157
v -0.00210415 -0.00637724 0.07239215
v -0.00342989 -0.00579235 0.07078131
v -0.00222645 -0.00696190 0.06969726
v -0.00002080 -0.00642426 0.07510529
v -0.00084156 -0.00584602 0.07674302
v 0.00040534 -0.00587628 0.07753235
v 0.00452240 -0.00227015 0.07914232
v 0.00271998 -0.00514486 0.07757480
v 0.00443531 -0.00415039 0.07567660
v 0.00520988 -0.00411042 0.07269114
v 0.00201698 -0.00631513 0.07343915
v 0.00533774 -0.00471174 0.07004879
v 0.00589506 -0.00410286 0.06962104
v 0.00618834 -0.00306707 0.07093914
v 0.00603120 -0.00275383 0.07255282
v 0.00666223 -0.00231963 0.06971685
v 0.00669985 -0.00297304 0.06861231
v 0.00044343 -0.00712316 0.07102012
v 0.00029867 -0.00636731 0.07539530
v 0.00611789 -0.00496662 0.06625525
v 0.00635446 -0.00522785 0.06484953
v 0.00504839 -0.00243666 0.07717248
v -0.00183434 -0.00708085 0.06974420
v -0.00228128 -0.00779110 0.06658509
v 0.00678136 -0.00428017 0.06533626
v 0.00709426 -0.00240559 0.06745332
v 0.00167921 -0.00227976 0.09031450
v 0.00726582 -0.00813867 0.01433056
v -0.00406719 -0.00645821 0.06672647
v -0.00593851 -0.00897643 0.05367430
v -0.00456913 -0.00921765 -0.00487098
v 0.00827951 -0.00727501 0.02036574
v -0.00573894 -0.00786620 0.05992972
v 0.00514843 -0.00927684 -0.01649637
v 0.00730795 -0.00811624 0.02770265
v -0.00591645 -0.00872109 0.00226569
v -0.00009577 -0.00709497 0.07108491
v 0.00203701 -0.01014616 -0.08768900
v 0.00237267 -0.00987803 -0.08805580
v 0.00413966 -0.00957348 0.05300692
v 0.00741993 -0.00282873 0.06526472
v 0.00820995 -0.00724765 0.02467482
v 0.00363139 -0.00825187 0.06425780
v 0.00317535 -0.00993158 -0.08745307
v -0.00712463 -0.00782185 0.02412109
v 0.00240043 -0.00275898 0.08594702
v -0.00244208 -0.00807803 0.06536207
v -0.00388460 -0.00928120 -0.08806865
v 0.00521912 -0.00305780 0.07567912
v 0.00581579 -0.00236204 0.07409035
v -0.00282105 -0.00822772 0.06478378
v -0.00763806 -0.00765028 0.05359352
v 0.00370893 -0.00987735 0.05375662
v 0.00705517 -0.00377003 0.06469467
v 0.00725701 -0.00322500 0.06476004
v 0.00206542 -0.00148374 0.09026334
v 0.00157122 -0.00165535 0.09271880
v 0.00272128 -0.00981891 0.05968901
v -0.00750182 -0.00734911 -0.08800488
v 0.00592536 -0.00852343 0.05809785
v 0.00199157 -0.00503360 0.07937862
v 0.00481334 -0.00945069 0.05365185
v 0.00644818 -0.00479185 0.06466743
v -0.00000718 -0.00239153 0.09485260
v -0.00007714 -0.01004089 -0.05051966
v 0.00201684 -0.00573825 0.07644075
v -0.00054953 -0.00279342 0.09016487
v 0.00286128 -0.00992987 -0.02543965
v 0.00145845 -0.00217290 0.09458509
v 0.00169597 -0.00173482 0.09408604
v 0.00162515 -0.00159676 0.09471383
v 0.00284435 -0.00830487 0.06470082
v 0.00190047 -0.00550380 0.07771951
v -0.00012212 -0.00622526 0.07615019
v 0.00595592 -0.00553078 0.06458923
v -0.00236432 -0.01018754 0.05429770
v 0.00021457 -0.00490051 0.08115174
v 0.00029362 -0.00782620 0.06833882
v 0.00671489 -0.00794890 0.05790258
v -0.00053919 -0.00979777 0.02800898
v 0.00284190 -0.00979278 0.02152372
v 0.00275818 -0.00983472 0.02739889
v 0.00282719 -0.00985866 0.03550445
v -0.00273024 -0.00983423 0.03741334
v 0.00473661 -0.00922118 0.02280375
v 0.00473646 -0.00923110 0.02705152
v -0.00189748 -0.00992573 -0.03635155
v 0.00020004 -0.00996473 -0.04398930
v -0.00014342 -0.00996304 -0.03921298
v 0.00280185 -0.00996794 -0.03673362
v 0.00182486 -0.00993310 -0.02822412
v 0.00020004 -0.00996473 -0.04398930
v 0.00270250 -0.01001717 -0.04666085
v 0.00276028 -0.00999395 -0.04003123
v 0.00348660 -0.00981796 -0.03696030
v 0.00379128 -0.00974754 -0.04693261
v -0.00272362 -0.00999678 0.05346470
v -0.00271039 -0.00984125 0.04887475
v 0.00032228 -0.00987858 0.05011835
v 0.00282664 -0.00994708 0.05089965
v 0.00297460 -0.01012735 0.05362551
v 0.00413966 -0.00957348 0.05300692
v -0.00285532 -0.00996807 0.05316459
v 0.00146935 -0.01029980 0.05501178
v -0.00236432 -0.01018754 0.05429770
v -0.00332593 -0.01038116 0.05424015
v 0.00370893 -0.00987735 0.05375662
v 0.00481334 -0.00945069 0.05365185
v -0.00322121 -0.01016728 0.05381595
v -0.00012786 -0.00999402 -0.06349534
v 0.00210290 -0.00999544 -0.07104847
v 0.00210848 -0.00999570 -0.06401770
v -0.00000385 -0.01003204 -0.05833782
v 0.00422419 -0.00963771 -0.06883230
v 0.00421895 -0.00965338 -0.06214550
v 0.00666921 -0.00869371 -0.05923779
v 0.00281430 -0.00986466 -0.00610732
v 0.00279423 -0.00991863 -0.01617692
v 0.00316643 -0.00980633 -0.01113495
v 0.00514843 -0.00927684 -0.01649637
v 0.00286128 -0.00992987 -0.02543965
v 0.00487881 -0.00937958 -0.02303775
v 0.00281474 -0.00991560 -0.01957962
v 0.00514843 -0.00927684 -0.01649637
v 0.00473646 -0.00923110 0.02705152
v 0.00643245 -0.00859622 0.02714688
v 0.00627545 -0.00861486 0.03196540
v 0.00730795 -0.00811624 0.02770265
v 0.00272128 -0.00981891 0.05968901
v 0.00378740 -0.00996690 0.05752477
v 0.00349033 -0.00932007 0.06098083
v 0.00463085 -0.00854031 0.06110193
v 0.00592536 -0.00852343 0.05809785
v 0.00317535 -0.00993158 -0.08745307
v 0.00237267 -0.00987803 -0.08805580
v 0.00437143 -0.00959578 -0.08787536
v -0.00228128 -0.00779110 0.06658509
v 0.00017740 -0.00871495 0.06503095
v 0.00029362 -0.00782620 0.06833882
v -0.00244208 -0.00807803 0.06536207
v -0.00282105 -0.00822772 0.06478378
v -0.00009577 -0.00709497 0.07108491
v 0.00029362 -0.00782620 0.06833882
v 0.00044343 -0.00712316 0.07102012
v -0.00002080 -0.00642426 0.07510529
v -0.00009577 -0.00709497 0.07108491
v 0.00029867 -0.00636731 0.07539530
v -0.00012212 -0.00622526 0.07615019
v 0.00040534 -0.00587628 0.07753235
v 0.00201684 -0.00573825 0.07644075
v 0.00190047 -0.00550380 0.07771951
v 0.00029362 -0.00782620 0.06833882
v 0.00042218 -0.00868218 0.06519087
v 0.00273750 -0.00704483 0.06910521
v 0.00294707 -0.00798851 0.06541742
v 0.00284435 -0.00830487 0.06470082
v -0.00090201 -0.00260449 0.09028717
v -0.00133408 -0.00266072 0.08852393
v -0.00054953 -0.00279342 0.09016487
v -0.00147385 -0.00218489 0.09005099
v -0.00714758 -0.00787857 -0.05713058
v -0.00715405 -0.00784581 -0.06420327
v -0.00587136 -0.00872493 -0.06187875
v -0.00797766 -0.00716283 -0.06299890
v -0.00710261 -0.00789028 -0.03459863
v -0.00590302 -0.00873487 -0.03362486
v -0.00596309 -0.00870005 -0.02758879
v -0.00715880 -0.00786848 -0.02903954
v -0.00797760 -0.00711091 -0.02217900
v -0.00796878 -0.00715523 -0.03303358
v -0.00715880 -0.00786848 -0.02903954
v -0.00795101 -0.00705717 0.02522216
v -0.00793228 -0.00709784 0.01224002
v -0.00712463 -0.00782185 0.02412109
v 0.00666921 -0.00869371 -0.05923779
v 0.00730380 -0.00814815 -0.06241771
v 0.00755745 -0.00795346 -0.05698836
v 0.00830984 -0.00733276 -0.05843056
v 0.00756302 -0.00796949 -0.02800894
v 0.00831473 -0.00736369 -0.03565779
v 0.00831160 -0.00735234 -0.02598422
v 0.00745331 -0.00803904 -0.03475412
v 0.00676745 -0.00872115 -0.02827161
v 0.00563647 -0.00593735 0.06534670
v 0.00595592 -0.00553078 0.06458923
v 0.00635446 -0.00522785 0.06484953
v 0.00543914 -0.00624749 0.06471452
v 0.00213044 -0.00191414 0.08941483
v 0.00167921 -0.00227976 0.09031450
v 0.00180298 -0.00235454 0.08939924
v 0.00206542 -0.00148374 0.09026334
v 0.00238536 -0.00226176 0.08742139
v 0.00240043 -0.00275898 0.08594702
v 0.00410007 -0.00074887 -0.09475887
v 0.00313768 -0.00106739 -0.09472600
v 0.00315882 -0.00037893 -0.09470562
v 0.00389304 0.00056017 -0.09473577
v 0.00497882 0.00028493 -0.09477212
v 0.00484626 0.00143371 -0.09472883
v 0.00600348 0.00114710 -0.09479070
v 0.00595123 -0.00039621 -0.09481092
v 0.00577589 0.00242687 -0.09478457
v 0.00624324 0.00222688 -0.09497712
v 0.00575361 0.00307510 -0.09494613
v 0.00457583 0.00227378 -0.09470921
v 0.00555355 0.00305013 -0.09468104
v 0.00555447 0.00406477 -0.09497619
v 0.00726440 0.00102007 -0.09496809
v 0.00952701 0.00320071 -0.09497735
v 0.00792430 0.00604031 -0.09498388
v 0.00668287 0.00723482 -0.09498197
v 0.00299858 0.00680705 -0.09497991
v 0.00421188 0.00887047 -0.09496883
v 0.00049797 0.00749279 -0.09494914
v 0.00977237 0.00137107 -0.09498313
v 0.01020956 0.00099825 -0.09475529
v 0.00995782 0.00242487 -0.09476778
v 0.01019055 0.00020234 -0.09488666
v 0.00963548 -0.00290230 -0.09499933
v 0.00265152 0.00916575 -0.09497385
v 0.00382858 0.00922226 -0.09475880
v -0.00144059 0.00921929 -0.09499280
v -0.00027012 0.00968707 -0.09497124
v -0.00261914 0.00952195 -0.09478841
v -0.00362622 0.00902226 -0.09497248
v 0.00026819 0.00691137 -0.09491195
v -0.00207707 0.00675305 -0.09496439
v -0.00177886 0.00619740 -0.09476561
v 0.00020378 0.00639961 -0.09473521
v -0.00323443 0.00602711 -0.09496892
v 0.00354325 0.00605498 -0.09497750
v 0.00377865 0.00539715 -0.09481091
v 0.00196292 0.00959627 -0.09489975
v 0.00211449 0.00617662 -0.09475990
v 0.00866394 0.00482778 -0.09497618
v 0.00885586 0.00496531 -0.09478007
v 0.00571916 -0.00177148 -0.09481074
v 0.00476617 -0.00228647 -0.09477955
v 0.00521209 -0.00313365 -0.09477695
v 0.00336724 -0.00195429 -0.09475095
v 0.00330880 -0.00101327 -0.09474217
v 0.00386847 -0.00297586 -0.09475807
v 0.00549641 -0.00307482 -0.09497456
v 0.00482457 -0.00411922 -0.09494993
v 0.00461706 -0.00399372 -0.09473603
v 0.00413646 -0.00470222 -0.09479023
v 0.00436435 -0.00533225 -0.09494887
v 0.00346182 -0.00543597 -0.09480403
v 0.00405459 -0.00631907 -0.09494848
v 0.00271109 -0.00612868 -0.09492463
v 0.00220735 -0.00611590 -0.09475018
v 0.00131730 -0.00701749 -0.09494383
v 0.00648865 -0.00834083 -0.09494906
v 0.01019317 -0.00206086 -0.09478628
v 0.00952245 -0.00431308 -0.09495649
v 0.00869624 -0.00611999 -0.09493077
v 0.00940997 -0.00526719 -0.09467488
v 0.00883746 -0.00640450 -0.09463994
v 0.00820806 -0.00722129 -0.09467524
v 0.00789144 -0.00720227 -0.09491047
v 0.00742383 -0.00798354 -0.09464183
v 0.01007165 -0.00305701 -0.09475041
v 0.00617051 -0.00155723 -0.09498844
v -0.00504801 0.00817117 -0.09498373
v 0.00506044 -0.00904859 -0.09496643
v 0.00533874 -0.00921445 -0.09475500
v 0.00377350 -0.00983593 -0.09462567
v 0.00674406 -0.00853041 -0.09461547
v 0.00396870 -0.00926104 -0.09497812
v 0.00009021 -0.00839587 -0.09497078
v 0.00127703 -0.00987681 -0.09499882
v -0.00309749 -0.00928524 -0.09497035
v -0.00250636 -0.00673668 -0.09496077
v -0.00554528 -0.00847059 -0.09496886
v -0.00455725 -0.00909389 -0.09493870
v -0.00365603 -0.00645036 -0.09494655
v -0.00309677 -0.00626119 -0.09480431
v -0.00458572 -0.00620516 -0.09494890
v -0.00846249 -0.00561345 -0.09496251
v -0.00812363 -0.00651399 -0.09485457
v -0.00626948 -0.00827714 -0.09488525
v -0.00783139 -0.00708457 -0.09466897
v -0.00457674 -0.00496994 -0.09493000
v -0.00533582 -0.00372388 -0.09493156
v -0.00600985 -0.00212633 -0.09494690
v -0.00817004 0.00192550 -0.09496375
v -0.00934346 -0.00321928 -0.09499012
v -0.00938225 0.00244588 -0.09499408
v -0.00892905 0.00391632 -0.09500000
v -0.00986956 -0.00204906 -0.09491808
v -0.00988585 -0.00289211 -0.09469003
v -0.00989404 0.00093320 -0.09493992
v -0.01012064 -0.00091125 -0.09472345
v -0.00916567 -0.00452906 -0.09492216
v -0.00689743 0.00455750 -0.09497730
v -0.00987720 0.00213440 -0.09470892
v -0.00390033 -0.00546712 -0.09479191
v -0.00867484 -0.00593283 -0.09465201
v -0.00056121 -0.00994686 -0.09498663
v 0.00013717 -0.01028979 -0.09477648
v -0.00291341 -0.00996721 -0.09468191
v 0.00208448 -0.01013727 -0.09473169
v -0.00119262 -0.00738537 -0.09498464
v -0.00301226 -0.00974367 -0.09487823
v -0.00608360 -0.00860375 -0.09467349
v -0.00607605 0.00217400 -0.09497817
v -0.00105370 -0.00674151 -0.09484650
v -0.00903900 -0.00528382 -0.09468498
v 0.00098711 -0.00671618 -0.09490204
v -0.00443022 -0.00942556 -0.09464957
v -0.00538317 0.00403523 -0.09495658
v -0.00444935 0.00882059 -0.09467085
v -0.00530546 0.00826886 -0.09486044
v -0.00804535 0.00560099 -0.09495709
v 0.00329436 -0.00975234 -0.09486901
v 0.00524469 0.00387533 -0.09481198
v -0.00495209 0.00386552 -0.09480442
v 0.00617051 -0.00155723 -0.09498844
v 0.00963548 -0.00290230 -0.09499933
v 0.00549641 -0.00307482 -0.09497456
v 0.00648865 -0.00834083 -0.09494906
v 0.00869624 -0.00611999 -0.09493077
v 0.00789144 -0.00720227 -0.09491047
v 0.00742383 -0.00798354 -0.09464183
v 0.00674406 -0.00853041 -0.09461547
v -0.00689743 0.00455750 -0.09497730
v -0.00504801 0.00817117 -0.09498373
v -0.00538317 0.00403523 -0.09495658
v -0.00892905 0.00391632 -0.09500000
v -0.00804535 0.00560099 -0.09495709
v 0.00543846 0.00785774 -0.08854074
v 0.00618579 0.00737118 -0.08851608
v 0.00621905 0.00753284 -0.08863760
v 0.00592906 0.00790711 -0.08874117
v 0.00473510 0.00843916 -0.08871231
v 0.00483235 0.00841026 -0.08834333
v 0.00434098 0.00887721 -0.08924266
v 0.00522954 0.00844452 -0.09017301
v 0.00652763 0.00756587 -0.08925237
v 0.00251492 0.00881496 -0.08856346
v 0.00397246 0.00920437 -0.09213093
v 0.00291014 0.00937290 -0.08941569
v 0.00206661 0.00961910 -0.08932244
v 0.00198526 0.00972313 -0.09227020
v 0.00220019 0.00903724 -0.08870295
v -0.00027111 0.00981620 -0.08984942
v -0.00042368 0.00969844 -0.08924667
v -0.00187564 0.00959032 -0.08934689
v -0.00223470 0.00964501 -0.09301157
v -0.00269217 0.00943301 -0.08926951
v -0.00313530 0.00929526 -0.08930826
v -0.00298971 0.00948184 -0.09356031
v -0.00222757 0.00964087 -0.09461604
v -0.00015420 0.00990239 -0.09399851
v -0.00227820 0.00919356 -0.08883238
v -0.00384647 0.00913835 -0.09272630
v -0.00444935 0.00882059 -0.09467085
v -0.00475083 0.00857721 -0.08885962
v -0.00510301 0.00847666 -0.09250939
v 0.00337431 0.00940891 -0.09384538
v 0.00382858 0.00922226 -0.09475880
v 0.00619513 0.00783219 -0.08791083
v 0.00553322 0.00825916 -0.09475340
v -0.00261914 0.00952195 -0.09478841
v 0.00324062 0.00914396 -0.08809820
v 0.00450518 0.00883066 -0.08798359
v 0.00312150 0.00934911 -0.08771522
v 0.00397622 0.00917024 -0.08575493
v 0.00519416 0.00863975 -0.08501535
v 0.00483882 0.00893766 -0.07992678
v 0.00397454 0.00929836 -0.07976511
v 0.00229459 0.00969464 -0.08389468
v 0.00532006 0.00866685 -0.08118916
v 0.00671768 0.00768937 -0.08432370
v 0.00681233 0.00772824 -0.08093376
v 0.00750268 0.00691984 -0.08487035
v 0.00763677 0.00691738 -0.08114704
v 0.00837895 0.00600292 -0.08290864
v 0.00767572 0.00705019 -0.07059848
v 0.00844956 0.00616519 -0.06917547
v 0.00866592 0.00583813 -0.06988352
v 0.00864055 0.00565510 -0.08211748
v 0.00738480 0.00686576 -0.08746865
v 0.00687253 0.00774884 -0.07538424
v 0.00245789 0.00970438 -0.08198299
v 0.00246120 0.00975520 -0.07544034
v 0.00046556 0.00993682 -0.07582852
v 0.00040268 0.00994758 -0.06683552
v 0.00271991 0.00968886 -0.06610120
v 0.00273616 0.00971414 -0.06162115
v 0.00047692 0.00998620 -0.05994051
v 0.00271819 0.00975443 -0.05727626
v 0.00260702 0.00978430 -0.05305701
v 0.00040695 0.01000028 -0.04899245
v 0.00455436 0.00922354 -0.05864698
v 0.00230978 0.00984826 -0.04764984
v 0.00270376 0.00978913 -0.04806354
v -0.00200625 0.00984571 -0.05891900
v -0.00193073 0.00980541 -0.06758576
v -0.00236091 0.00972550 -0.06738665
v -0.00242847 0.00979284 -0.05706348
v -0.00238819 0.00979075 -0.05270526
v -0.00205917 0.00979559 -0.07596372
v -0.00364737 0.00929531 -0.07662880
v -0.00383875 0.00924832 -0.06767489
v -0.00461907 0.00891531 -0.07571861
v -0.00465453 0.00879942 -0.08241185
v -0.00500579 0.00867196 -0.07795554
v -0.00535387 0.00832130 -0.08187914
v -0.00484930 0.00848890 -0.08740231
v -0.00596215 0.00774811 -0.08749301
v -0.00385928 0.00895165 -0.08738557
v -0.00550042 0.00832789 -0.07549814
v -0.00357641 0.00924285 -0.08215385
v -0.00572480 0.00786390 -0.08786665
v -0.00461065 0.00891737 -0.06774330
v -0.00420329 0.00916475 -0.05697082
v -0.00463983 0.00895241 -0.06043238
v 0.00841282 0.00628913 -0.06063245
v -0.00643810 0.00764482 -0.08069812
v -0.00002126 0.00999453 -0.05427942
v 0.00486737 0.00902645 -0.06958115
v 0.00270809 0.00969763 -0.07111462
v -0.00321403 0.00949749 -0.05944233
v 0.00004707 0.00994464 -0.07507911
v -0.00402732 0.00923151 -0.04788845
v -0.00467464 0.00896357 -0.04866790
v -0.00529461 0.00855330 -0.05607147
v -0.00513747 0.00865557 -0.05211704
v -0.00645803 0.00778362 -0.05320962
v -0.00645662 0.00774786 -0.06098359
v -0.00650766 0.00779227 -0.04409290
v -0.00400870 0.00922921 -0.04103737
v -0.00464801 0.00898631 -0.03490075
v -0.00245356 0.00974570 -0.04141208
v -0.00237836 0.00981411 -0.04852517
v -0.00177611 0.00983109 -0.04289953
v -0.00235434 0.00981161 -0.02514236
v -0.00415458 0.00917900 -0.02476249
v -0.00192320 0.00986565 -0.02488749
v -0.00225149 0.00983523 -0.01646038
v -0.00041289 0.00995041 -0.01642821
v -0.00007655 0.00997296 -0.02595637
v -0.00012264 0.00998020 -0.03700433
v 0.00272442 0.00985286 -0.03250544
v 0.00198175 0.00989960 -0.02527849
v 0.00278202 0.00984049 -0.02596462
v 0.00275331 0.00985610 -0.01583299
v 0.00489012 0.00912396 -0.02510180
v 0.00273007 0.00981852 -0.03699155
v -0.00003378 0.00999612 -0.04200849
v 0.00204355 0.00989739 -0.01606056
v -0.00189862 0.00991043 -0.00953691
v -0.00235899 0.00985953 -0.00873585
v -0.00475661 0.00893367 -0.02176832
v -0.00526768 0.00867990 -0.02287685
v -0.00530948 0.00865023 -0.01568053
v -0.00656570 0.00772229 -0.02186894
v -0.00650509 0.00776181 -0.01420587
v -0.00531771 0.00868136 -0.00795688
v -0.00652511 0.00777203 0.00113990
v -0.00537178 0.00869139 0.00267529
v -0.00480274 0.00896382 0.00479259
v -0.00650593 0.00774568 -0.02654321
v -0.00526370 0.00867212 -0.03305055
v -0.00459154 0.00900407 -0.01502517
v -0.00193469 0.00993115 0.00131346
v -0.00242411 0.00988639 0.00175767
v -0.00237623 0.00989344 0.00723413
v -0.00232293 0.00994445 0.01181784
v -0.00032696 0.01004806 0.00697748
v -0.00012516 0.01005898 0.00293789
v 0.00036616 0.01004176 0.00707645
v 0.00286202 0.00991913 0.00691955
v 0.00277476 0.00991920 -0.00420501
v 0.00268016 0.01001178 0.01472680
v 0.00498511 0.00914760 0.01051452
v 0.00269341 0.01001350 0.01987739
v 0.00492825 0.00915017 0.02067884
v 0.00557858 0.00874892 0.01976250
v 0.00554206 0.00883367 0.02897206
v 0.00613661 0.00838389 0.02717515
v 0.00555673 0.00879935 0.03888760
v 0.00701212 0.00777263 0.03695377
v 0.00553087 0.00881270 0.04725242
v 0.00700298 0.00777235 0.04439072
v 0.00696537 0.00781103 0.05151811
v 0.00764087 0.00712362 0.04872336
v 0.00777748 0.00713602 0.05368162
v 0.00852772 0.00622691 0.05397014
v 0.00833109 0.00693888 0.05523266
v 0.00573793 0.00871723 0.05233316
v 0.00479561 0.00925475 0.05001102
v 0.00476688 0.00929273 0.05308871
v 0.00771571 0.00709715 0.03908112
v 0.00271855 0.01022612 0.05249474
v 0.00503774 0.00913866 0.02751786
v 0.00562803 0.00877124 0.00793691
v 0.00702241 0.00777882 0.02270037
v 0.00270551 0.01013222 0.04856397
v 0.00494701 0.00918620 0.03536839
v 0.00554906 0.00880677 -0.00315430
v 0.00492104 0.00917534 -0.00171949
v 0.00554410 0.00877576 -0.01275905
v 0.00227735 0.01005426 0.02142359
v 0.00225077 0.01022303 0.04842717
v -0.00399213 0.00932221 0.01435359
v -0.00230926 0.00997392 0.01827240
v -0.00232952 0.00997713 0.02286471
v -0.00196388 0.00999583 0.02082798
v -0.00367632 0.00946442 0.02367246
v -0.00472316 0.00903220 0.02892656
v 0.00004046 0.01015603 0.01631130
v 0.00914389 0.00578105 0.05502137
v 0.00832739 0.00604564 0.05717981
v 0.00762362 0.00771074 0.05548103
v 0.00748239 0.00721027 0.05716452
v 0.00751988 0.00516680 0.06065643
v 0.00660888 0.00695957 0.05958227
v 0.00661171 0.00581677 0.06169192
v 0.00788601 0.00431053 0.06129109
v 0.00699419 0.00406575 0.06428458
v 0.00536718 0.00607769 0.06405436
v 0.00569952 0.00684694 0.06168939
v -0.00350379 0.00954353 0.03225787
v -0.00471498 0.00906577 0.03562127
v -0.00535353 0.00873683 0.03747208
v 0.00600753 0.00845553 -0.00768781
v 0.00703592 0.00783851 0.00629087
v 0.00703631 0.00780801 -0.01061549
v 0.00771681 0.00719071 0.00543098
v 0.00777374 0.00708085 -0.01058907
v 0.00854201 0.00621204 -0.00077198
v 0.00871765 0.00596729 0.01087094
v 0.00777549 0.00710948 0.01327384
v 0.00847715 0.00630120 0.01459935
v 0.00848289 0.00625438 0.02382662
v 0.00878217 0.00586951 -0.00259610
v 0.00704740 0.00780594 -0.02138418
v 0.00855314 0.00616445 -0.01108386
v 0.00348065 0.01001326 0.05471650
v 0.00266469 0.01037203 0.05533336
v 0.00526936 0.00914595 0.05483517
v 0.00635938 0.00463724 0.06453399
v 0.00456249 0.00633918 0.06470481
v -0.00532287 0.00872534 0.03123873
v -0.00650591 0.00776686 0.03692485
v -0.00654799 0.00773761 0.02228132
v -0.00004090 0.01001173 -0.00372607
v -0.00533760 0.00871435 0.02425557
v -0.00396797 0.00930720 0.00249543
v 0.00840850 0.00496849 0.05869051
v 0.00713437 0.00777800 0.05412324
v 0.00418955 0.00715357 0.06366445
v -0.00530177 0.00877995 0.04785720
v -0.00172294 0.00984358 -0.03696896
v -0.00234264 0.00998474 0.03181574
v -0.00013522 0.01021989 0.03114430
v -0.00095576 0.01022676 0.04064071
v -0.00011692 0.01034857 0.03913877
v 0.00038796 0.01021552 0.03185148
v -0.00010158 0.01040600 0.04815289
v -0.00093491 0.01029514 0.04986733
v -0.00230499 0.01010426 0.04944622
v -0.00166431 0.01037105 0.05476164
v 0.00007560 0.01054634 0.05274912
v -0.00244220 0.01003367 0.04343881
v -0.00355248 0.00959309 0.04517117
v -0.00354852 0.00958915 0.04942507
v 0.00036071 0.01035985 0.03987104
v 0.00217779 0.00966482 -0.08730608
v 0.00226779 0.01037476 0.05470743
v -0.00519646 0.00854990 -0.06324744
v -0.00245314 0.01001257 0.03734630
v -0.00235653 0.01019364 0.05356399
v 0.00871961 0.00587905 -0.05568979
v 0.00847847 0.00624570 -0.05206072
v 0.00765966 0.00717282 -0.05229367
v 0.00769274 0.00719636 -0.04742874
v 0.00701502 0.00781276 -0.05320880
v 0.00702975 0.00784225 -0.04806172
v 0.00557440 0.00869994 -0.05200527
v 0.00588336 0.00849323 -0.06058896
v 0.00546460 0.00876575 -0.06219051
v 0.00698820 0.00782901 -0.06163764
v 0.00492777 0.00908936 -0.05800845
v 0.00775629 0.00706530 -0.03745860
v 0.00700380 0.00780888 -0.02903997
v 0.00592810 0.00847767 -0.03898371
v 0.00773360 0.00710253 -0.02703993
v 0.00853664 0.00615190 -0.03687450
v 0.00871753 0.00591924 -0.02640678
v 0.00869018 0.00599146 -0.02348204
v 0.00873740 0.00587627 -0.03798762
v 0.00570814 0.00865262 -0.04907206
v 0.00867283 0.00604372 -0.04546177
v 0.00299678 0.00724046 0.06483628
v 0.00263116 0.00980714 -0.04335973
v 0.00881296 0.00578466 0.02670047
v 0.00839600 0.00633003 0.03378732
v 0.00858951 0.00607101 0.04166181
v -0.00452859 0.00863329 -0.08784527
v 0.00292478 0.00989949 0.00100290
v 0.00368713 0.00843689 0.06122277
v -0.00020694 0.01014562 0.02104966
v 0.00270462 0.00755412 0.06433347
v 0.00258018 0.00850868 0.06191325
v 0.00262268 0.00933897 0.05945855
v 0.00414605 0.00928267 0.05840515
v 0.00350702 0.00973472 0.05737701
v 0.00412189 0.00991755 0.05599214
v 0.00478991 0.00934995 0.05667995
v 0.00590233 0.00834788 0.05760801
v 0.00250299 0.01009053 0.05681971
v 0.00043797 0.01010208 0.05834787
v 0.00562523 0.00912162 0.05578315
v 0.00041794 0.00950833 0.06049412
v 0.00047168 0.00797134 0.06468418
v 0.00855759 0.00603173 0.04929434
v 0.00232218 0.01018955 0.03958677
v 0.00270005 0.01012169 0.03888031
v 0.00204332 0.00715052 0.06526070
v 0.00034629 0.00751012 0.06541234
v 0.00019489 0.00716349 0.06684585
v -0.00010043 0.00746486 0.06546550
v -0.00246312 0.00704398 0.06520616
v 0.00270414 0.00633550 0.06838334
v 0.00042573 0.00646449 0.06996269
v 0.00223596 0.00578480 0.07178390
v 0.00032542 0.00581735 0.07343462
v 0.00206388 0.00518320 0.07499054
v -0.00012117 0.00548392 0.07530606
v 0.00258967 0.00547993 0.07257773
v -0.00006767 0.00533717 0.07609064
v -0.00168738 0.00471674 0.07668327
v -0.00167125 0.00547302 0.07355815
v -0.00109515 0.00470835 0.07695812
v -0.00019906 0.00485349 0.07708172
v -0.00029628 0.00405854 0.07999655
v -0.00106097 0.00383647 0.07999123
v -0.00163856 0.00409171 0.07844744
v -0.00170398 0.00338320 0.08043223
v -0.00277391 0.00332990 0.07728608
v -0.00107189 0.00302229 0.08286949
v -0.00018399 0.00610401 0.07204270
v -0.00205545 0.00460136 0.07600579
v -0.00212690 0.00569462 0.07167587
v -0.00342209 0.00459507 0.07214110
v -0.00344232 0.00535585 0.06927191
v -0.00429607 0.00390076 0.07166521
v -0.00333783 0.00336750 0.07618418
v -0.00283921 0.00369333 0.07664049
v -0.00440035 0.00436298 0.06977921
v -0.00231099 0.00640520 0.06815119
v 0.00430723 0.00466124 0.07078754
v 0.00376904 0.00470306 0.07236594
v 0.00473499 0.00384606 0.07223264
v 0.00545272 0.00369194 0.07003292
v 0.00536508 0.00288191 0.07282252
v 0.00616933 0.00302323 0.06883592
v 0.00553109 0.00243682 0.07297798
v 0.00537917 0.00464889 0.06695865
v 0.00621303 0.00411665 0.06543141
v 0.00368501 0.00365793 0.07631464
v 0.00631675 0.00203256 0.06993330
v 0.00556904 0.00086083 0.07525923
v 0.00690789 0.00163829 0.06744059
v 0.00667283 -0.00008349 0.07105284
v 0.00686287 0.00301884 0.06527147
v 0.00723804 0.00205072 0.06516737
v 0.00659581 0.00362379 0.06484284
v 0.00721764 0.00200108 0.06477024
v 0.00476041 0.00220023 0.07667992
v 0.00543180 -0.00011687 0.07685966
v 0.00586264 -0.00019197 0.07522161
v 0.00449280 0.00533079 0.06732512
v 0.00448578 0.00148256 0.07835150
v 0.00464412 -0.00047482 0.07997885
v 0.00041507 0.00489547 0.07682771
v 0.00130365 0.00463699 0.07736623
v 0.00203839 0.00470395 0.07678541
v 0.00395745 0.00150039 0.08017630
v 0.00039806 0.00444803 0.07851250
v 0.00393294 -0.00014026 0.08227677
v 0.00320448 0.00160526 0.08247853
v 0.00315486 0.00089503 0.08386547
v 0.00342777 0.00210008 0.08050489
v 0.00255955 0.00208252 0.08311922
v 0.00195798 0.00350391 0.08037983
v 0.00159357 0.00329617 0.08188747
v 0.00192669 0.00275114 0.08276939
v 0.00115729 0.00312033 0.08288638
v 0.00160623 0.00237513 0.08477893
v 0.00029320 0.00305579 0.08394529
v 0.00335519 -0.00016025 0.08447651
v 0.00219199 0.00075103 0.08719812
v 0.00246143 0.00125193 0.08555351
v 0.00277423 -0.00070971 0.08693708
v 0.00194084 -0.00013169 0.08882836
v 0.00173953 0.00068878 0.08898541
v 0.00177607 -0.00041794 0.08948465
v 0.00153025 -0.00042134 0.09031038
v 0.00195136 -0.00078995 0.09028530
v 0.00223026 -0.00102150 0.08991958
v 0.00248984 -0.00090233 0.08841456
v 0.00137548 -0.00044384 0.09162634
v 0.00154967 -0.00088163 0.09243153
v 0.00206542 -0.00148374 0.09026334
v 0.00171674 0.00114274 0.08847518
v 0.00120048 0.00136518 0.08890706
v 0.00124475 0.00198384 0.08649582
v 0.00101697 0.00112919 0.09062181
v 0.00034066 0.00151554 0.09032460
v 0.00127316 0.00057948 0.09160958
v 0.00086510 0.00104393 0.09256500
v 0.00141162 0.00059982 0.09338866
v 0.00149672 0.00059628 0.09421826
v 0.00172623 -0.00018606 0.09412236
v 0.00086180 0.00090473 0.09462551
v 0.00024831 0.00120751 0.09380386
v -0.00001686 0.00099496 0.09473235
v 0.00145960 0.00051159 0.09469082
v -0.00042167 0.00113040 0.09371215
v -0.00089409 0.00078879 0.09466489
v -0.00085788 0.00088190 0.09318144
v -0.00034316 0.00118541 0.09164089
v -0.00084866 0.00082998 0.09205524
v -0.00082871 0.00098563 0.09064035
v 0.00003977 0.00162860 0.09002636
v 0.00176728 0.00179389 0.08622855
v -0.00026224 0.00172405 0.08883127
v -0.00093045 0.00130767 0.08882925
v -0.00122149 0.00138566 0.08795572
v -0.00140638 0.00193044 0.08583892
v -0.00017902 0.00235685 0.08646104
v -0.00131779 0.00238973 0.08465991
v -0.00211835 0.00232877 0.08245699
v -0.00162355 0.00138286 0.08680122
v 0.00239123 0.00169809 0.08479176
v 0.00459942 0.00277072 0.07612687
v 0.00196753 0.00449067 0.07723093
v 0.00177835 0.00398627 0.07921278
v 0.00304457 0.00320517 0.07859874
v 0.00285171 0.00698266 0.06515944
v 0.00305133 0.00370546 0.07720466
v 0.00412707 0.00868248 0.06010562
v -0.00475368 0.00907495 0.04510077
v 0.00403824 0.00211872 0.07877911
v 0.00137024 -0.00045922 0.09261359
v -0.00015698 0.00793072 0.06472642
v -0.00670909 0.00706233 -0.08788301
v 0.00323265 -0.00066858 0.08526757
v 0.00389099 -0.00068160 0.08267940
v 0.00777480 0.00709742 -0.02139027
v 0.00591815 0.00850236 -0.02547070
v 0.00421188 0.00887047 -0.09496883
v 0.00668287 0.00723482 -0.09498197
v 0.00660653 0.00756218 -0.09468270
v 0.00672530 0.00752250 -0.09302134
v 0.00735616 0.00683886 -0.09470924
v 0.00151959 -0.00060382 0.09313860
v 0.00278636 0.01002924 0.02730049
v 0.00770680 0.00709838 -0.06139369
v 0.00206841 0.00483041 0.07666917
v -0.00174276 0.00456684 0.07678414
v 0.00492470 0.00911494 -0.01527523
v -0.00602628 0.00811632 -0.03779760
v -0.00649899 0.00777989 0.04811470
v -0.00566759 0.00858987 0.05295188
v -0.00666169 0.00783539 0.05303097
v -0.00569232 0.00869267 0.05377073
v -0.00464611 0.00911744 0.05122519
v -0.00690836 0.00789542 0.05375113
v -0.00660972 0.00840569 0.05405278
v -0.00578292 0.00887369 0.05441182
v -0.00401465 0.00973984 0.05465214
v -0.00490419 0.00891173 0.05650957
v -0.00307573 0.00999069 0.05609844
v -0.00287239 0.00987711 0.05713941
v -0.00289749 0.00952357 0.05848365
v -0.00436888 0.00832127 0.05933423
v -0.00575563 0.00826368 0.05700965
v -0.00576838 0.00753941 0.05899502
v -0.00502372 0.00685159 0.06211570
v -0.00562887 0.00685030 0.06089133
v -0.00487977 0.00579762 0.06471395
v -0.00395325 0.00670452 0.06437171
v -0.00288626 0.00867224 0.06091608
v -0.00250253 0.00882649 0.06099306
v -0.00388499 0.00962770 0.05410391
v -0.00618970 0.00834866 0.05568047
v -0.00706954 0.00684520 -0.08651689
v 0.00706859 0.00776969 0.01331167
v 0.00044635 0.01038881 0.04597581
v 0.00475644 0.00915232 -0.05246800
v 0.00855554 0.00551249 -0.08794843
v 0.00491048 0.00920271 0.04338073
v -0.00519161 0.00870084 -0.04547121
v -0.00013105 0.00998572 -0.01203037
v 0.00054522 0.01014675 0.02088066
v 0.00641310 0.00394602 0.06518522
v -0.00249482 0.00762277 0.06440025
v -0.00403722 0.00923796 -0.00899941
v -0.00177767 0.00821040 0.06325352
v 0.00273730 0.01004422 0.03261288
v 0.00774914 -0.00015814 0.06528131
v 0.00446544 0.00918881 -0.06843330
v -0.00231024 0.00959609 -0.08363849
v -0.00180201 0.00970306 -0.08396556
v -0.00196312 0.00956977 -0.08784050
v -0.00027643 0.00983699 -0.08752442
v -0.00034859 0.00970357 -0.08804439
v -0.00008105 0.01062508 0.05514166
v -0.00024934 0.01065371 0.05568093
v 0.00634047 -0.00019281 0.07301154
v 0.00497629 0.00906278 -0.03937396
v 0.00526720 0.00719855 0.06162041
v -0.00132416 0.00994370 0.05791524
v 0.00694153 0.00780794 -0.06918083
v 0.00553517 0.00875298 -0.04177226
v -0.00535232 0.00869313 0.01004273
v -0.00648238 0.00779485 0.01208299
v 0.00549927 0.00869799 -0.07039550
v 0.00476970 0.00920056 -0.01066752
v -0.00005670 0.01001316 -0.04829102
v 0.00357658 0.00619896 0.06645460
v 0.00066403 0.00981887 -0.08749463
v -0.00010188 0.00648114 0.06990372
v 0.00272293 0.00992871 -0.00929393
v 0.00553745 0.00877501 -0.02580489
v -0.00268489 0.00937473 -0.08745312
v 0.00322553 0.01027449 0.05579112
v -0.00642968 0.00771716 -0.07515897
v 0.00557116 0.00504331 0.06494772
v -0.00437414 0.00622871 0.06478974
v -0.00370884 0.00650131 0.06491885
v 0.00800351 0.00604064 -0.08810600
v 0.00817408 0.00526730 -0.08853833
v 0.00782632 0.00568915 -0.08856915
v 0.00734695 0.00659627 -0.08823340
v 0.00460892 0.00578578 0.06532541
v 0.00040611 0.00233163 0.08644783
v 0.00195308 0.00146435 0.08661212
v 0.00779394 -0.00039045 0.06476154
v 0.00780111 -0.00041675 0.06499605
v -0.00362622 0.00902226 -0.09497248
v 0.00042798 0.00179294 0.08860781
v -0.00449201 0.00557093 0.06539314
v -0.00529591 0.00474248 0.06536273
v 0.00622756 0.00851199 0.05442923
v 0.00395608 0.00299115 0.07703984
v -0.00180275 0.00599422 0.07092784
v 0.00446267 0.00619204 0.06487955
v 0.00049537 0.00986952 -0.08311161
v 0.00774042 0.00712007 0.02625208
v -0.00330718 0.00645196 0.06536407
v 0.00526167 0.00845894 -0.08747808
v -0.00385614 0.00953764 0.05312769
v -0.00029735 0.00919788 -0.08869674
v 0.00047928 0.00395050 0.08037320
v -0.00261103 0.00916651 -0.08800316
v -0.00009169 0.00984037 -0.09476010
v -0.00027012 0.00968707 -0.09497124
v 0.00732535 0.00695459 -0.09231869
v 0.00838549 0.00579375 -0.09243179
v 0.00840133 0.00568056 -0.09470864
v 0.00845169 0.00564942 -0.08917323
v 0.00725421 0.00690748 -0.08919010
v 0.00889027 0.00504700 -0.09272270
v 0.00885586 0.00496531 -0.09478007
v 0.00747497 0.00645490 -0.08861238
v 0.00852887 0.00544540 -0.08874051
v 0.00904157 0.00468634 -0.08925537
v 0.00004452 0.00986502 -0.08330663
v 0.00546642 0.00504796 0.06479451
v 0.00665894 0.00845987 0.05559124
v 0.00390947 0.00327430 0.07678878
v 0.00792430 0.00604031 -0.09498388
v -0.00267394 0.00730929 0.06484249
v 0.00214627 0.00968546 -0.09452727
v 0.00203429 0.00959948 -0.08800145
v -0.00426563 0.00880640 -0.08882116
v -0.00467073 0.00576255 0.06489164
v 0.00160425 -0.00008450 0.09470101
v 0.00698671 0.00710944 -0.08804701
v 0.00549621 0.00834182 -0.09263231
v 0.00204295 0.00921294 -0.08834970
v 0.00036358 0.00069818 0.09499475
v 0.00702483 0.00705808 -0.08871054
v 0.00036099 0.00129700 0.09180345
v -0.00120401 0.00905346 -0.08864795
v 0.00870589 0.00595439 -0.01383588
v 0.00035571 0.00870082 0.06293102
v 0.00196292 0.00959627 -0.09489975
v -0.00268250 0.01027842 0.05533512
v 0.00656501 0.00763864 0.05826890
v 0.00124395 0.00392104 0.07996255
v 0.00486944 0.00913565 -0.04810151
v 0.00025013 0.01066842 0.05578903
v -0.00125954 0.01037060 0.05595459
v -0.00006266 0.00314413 0.08375401
v 0.00702483 0.00705808 -0.08871054
v 0.00618579 0.00737118 -0.08851608
v 0.00747497 0.00645490 -0.08861238
v 0.00734695 0.00659627 -0.08823340
v 0.00698671 0.00710944 -0.08804701
v 0.00437772 0.00876280 -0.08884191
v 0.00473510 0.00843916 -0.08871231
v 0.00434098 0.00887721 -0.08924266
v 0.00251492 0.00881496 -0.08856346
v 0.00220019 0.00903724 -0.08870295
v 0.00204295 0.00921294 -0.08834970
v 0.00324062 0.00914396 -0.08809820
v 0.00291014 0.00937290 -0.08941569
v 0.00549621 0.00834182 -0.09263231
v 0.00652763 0.00756587 -0.08925237
v 0.00672530 0.00752250 -0.09302134
v 0.00732535 0.00695459 -0.09231869
v 0.00725421 0.00690748 -0.08919010
v 0.00702483 0.00705808 -0.08871054
v 0.00526167 0.00845894 -0.08747808
v 0.00519416 0.00863975 -0.08501535
v 0.00619513 0.00783219 -0.08791083
v 0.00671768 0.00768937 -0.08432370
v 0.00738480 0.00686576 -0.08746865
v 0.00698671 0.00710944 -0.08804701
v 0.00549927 0.00869799 -0.07039550
v 0.00698820 0.00782901 -0.06163764
v 0.00694153 0.00780794 -0.06918083
v 0.00767572 0.00705019 -0.07059848
v 0.00770680 0.00709838 -0.06139369
v 0.00591815 0.00850236 -0.02547070
v 0.00704740 0.00780594 -0.02138418
v 0.00700380 0.00780888 -0.02903997
v 0.00773360 0.00710253 -0.02703993
v 0.00777480 0.00709742 -0.02139027
v 0.00526936 0.00914595 0.05483517
v 0.00562523 0.00912162 0.05578315
v 0.00622756 0.00851199 0.05442923
v 0.00665894 0.00845987 0.05559124
v 0.00412189 0.00991755 0.05599214
v 0.00322553 0.01027449 0.05579112
v 0.00774042 0.00712007 0.02625208
v 0.00771571 0.00709715 0.03908112
v 0.00839600 0.00633003 0.03378732
v 0.00858951 0.00607101 0.04166181
v 0.00855759 0.00603173 0.04929434
v -0.00029735 0.00919788 -0.08869674
v -0.00020292 0.00930294 -0.08839448
v 0.00204295 0.00921294 -0.08834970
v -0.00120401 0.00905346 -0.08864795
v -0.00142519 0.00888204 -0.08849363
v -0.00402732 0.00923151 -0.04788845
v -0.00237836 0.00981411 -0.04852517
v -0.00238819 0.00979075 -0.05270526
v -0.00420329 0.00916475 -0.05697082
v -0.00005670 0.01001316 -0.04829102
v -0.00321403 0.00949749 -0.05944233
v -0.00480274 0.00896382 0.00479259
v -0.00396797 0.00930720 0.00249543
v -0.00403722 0.00923796 -0.00899941
v -0.00399213 0.00932221 0.01435359
v -0.00472316 0.00903220 0.02892656
v -0.00535232 0.00869313 0.01004273
v -0.00355248 0.00959309 0.04517117
v -0.00471498 0.00906577 0.03562127
v -0.00475368 0.00907495 0.04510077
v -0.00245314 0.01001257 0.03734630
v -0.00464611 0.00911744 0.05122519
v -0.00385614 0.00953764 0.05312769
v -0.00354852 0.00958915 0.04942507
v -0.00530177 0.00877995 0.04785720
v -0.00475368 0.00907495 0.04510077
v -0.00385614 0.00953764 0.05312769
v -0.00388499 0.00962770 0.05410391
v -0.00235653 0.01019364 0.05356399
v -0.00268250 0.01027842 0.05533512
v -0.00650766 0.00779227 -0.04409290
v -0.00602628 0.00811632 -0.03779760
v -0.00519161 0.00870084 -0.04547121
v -0.00650593 0.00774568 -0.02654321
v -0.00003378 0.00999612 -0.04200849
v -0.00005670 0.01001316 -0.04829102
v -0.00177611 0.00983109 -0.04289953
v 0.00040695 0.01000028 -0.04899245
v 0.00263116 0.00980714 -0.04335973
v -0.00012264 0.00998020 -0.03700433
v -0.00172294 0.00984358 -0.03696896
v -0.00024934 0.01065371 0.05568093
v -0.00125954 0.01037060 0.05595459
v 0.00025013 0.01066842 0.05578903
v -0.00132416 0.00994370 0.05791524
v -0.00250253 0.00882649 0.06099306
v 0.00041794 0.00950833 0.06049412
v -0.00177767 0.00821040 0.06325352
v 0.00035571 0.00870082 0.06293102
v -0.00015698 0.00793072 0.06472642
v -0.00249482 0.00762277 0.06440025
v -0.00267394 0.00730929 0.06484249
v 0.00054522 0.01014675 0.02088066
v 0.00038796 0.01021552 0.03185148
v 0.00227735 0.01005426 0.02142359
v 0.00273730 0.01004422 0.03261288
v 0.00036071 0.01035985 0.03987104
v 0.00044635 0.01038881 0.04597581
v 0.00232218 0.01018955 0.03958677
v 0.00273730 0.01004422 0.03261288
v 0.00044635 0.01038881 0.04597581
v 0.00007560 0.01054634 0.05274912
v 0.00225077 0.01022303 0.04842717
v 0.00226779 0.01037476 0.05470743
v -0.00008105 0.01062508 0.05514166
v 0.00025013 0.01066842 0.05578903
v 0.00025013 0.01066842 0.05578903
v 0.00322553 0.01027449 0.05579112
v 0.00266469 0.01037203 0.05533336
v 0.00250299 0.01009053 0.05681971
v 0.00277476 0.00991920 -0.00420501
v 0.00292478 0.00989949 0.00100290
v 0.00492104 0.00917534 -0.00171949
v 0.00476970 0.00920056 -0.01066752
v 0.00272293 0.00992871 -0.00929393
v 0.00273730 0.01004422 0.03261288
v 0.00270005 0.01012169 0.03888031
v 0.00494701 0.00918620 0.03536839
v 0.00491048 0.00920271 0.04338073
v 0.00455436 0.00922354 -0.05864698
v 0.00475644 0.00915232 -0.05246800
v 0.00492777 0.00908936 -0.05800845
v 0.00446544 0.00918881 -0.06843330
v 0.00486737 0.00902645 -0.06958115
v 0.00546460 0.00876575 -0.06219051
v 0.00549927 0.00869799 -0.07039550
v -0.00006266 0.00314413 0.08375401
v -0.00017902 0.00235685 0.08646104
v 0.00029320 0.00305579 0.08394529
v -0.00131779 0.00238973 0.08465991
v -0.00107189 0.00302229 0.08286949
v -0.00150710 0.00274725 0.08287048
v -0.00170398 0.00338320 0.08043223
v 0.00040611 0.00233163 0.08644783
v -0.00029628 0.00405854 0.07999655
v -0.00211835 0.00232877 0.08245699
v 0.00042798 0.00179294 0.08860781
v 0.00124475 0.00198384 0.08649582
v 0.00160623 0.00237513 0.08477893
v 0.00176728 0.00179389 0.08622855
v 0.00239123 0.00169809 0.08479176
v 0.00195308 0.00146435 0.08661212
v 0.00042798 0.00179294 0.08860781
v 0.00003977 0.00162860 0.09002636
v 0.00034066 0.00151554 0.09032460
v -0.00034316 0.00118541 0.09164089
v 0.00036099 0.00129700 0.09180345
v 0.00124395 0.00392104 0.07996255
v 0.00195798 0.00350391 0.08037983
v 0.00177835 0.00398627 0.07921278
v 0.00196753 0.00449067 0.07723093
v 0.00304457 0.00320517 0.07859874
v 0.00305133 0.00370546 0.07720466
v 0.00395608 0.00299115 0.07703984
v 0.00390947 0.00327430 0.07678878
v 0.00486944 0.00913565 -0.04810151
v 0.00497629 0.00906278 -0.03937396
v 0.00553517 0.00875298 -0.04177226
v 0.00553745 0.00877501 -0.02580489
v -0.00370884 0.00650131 0.06491885
v -0.00330718 0.00645196 0.06536407
v -0.00246312 0.00704398 0.06520616
v -0.00467073 0.00576255 0.06489164
v -0.00267394 0.00730929 0.06484249
v 0.00206841 0.00483041 0.07666917
v 0.00203839 0.00470395 0.07678541
v 0.00390947 0.00327430 0.07678878
v -0.00283921 0.00369333 0.07664049
v -0.00277391 0.00332990 0.07728608
v -0.00174276 0.00456684 0.07678414
v 0.00593118 0.00440548 0.06481304
v 0.00621303 0.00411665 0.06543141
v 0.00641310 0.00394602 0.06518522
v 0.00557116 0.00504331 0.06494772
v 0.00659581 0.00362379 0.06484284
v 0.00546642 0.00504796 0.06479451
v -0.00176380 -0.00925173 -0.08822915
v -0.00177224 -0.00925283 -0.08839682
v 0.00170583 -0.00946934 -0.08835993
v 0.00203451 -0.00945443 -0.08845947
v -0.00043831 -0.01017568 -0.08874813
v -0.00344506 -0.00965464 -0.08864034
v -0.00211490 -0.00885305 -0.08828969
v -0.00477756 -0.00857981 -0.08840199
v 0.00243822 -0.00981853 -0.08866353
v 0.00198176 -0.01014466 -0.08891890
v 0.00433637 -0.00953277 -0.08872904
v 0.00374443 -0.00921194 -0.08849155
v 0.00413258 -0.00890209 -0.08838964
v 0.00613217 -0.00880905 -0.08876644
v 0.00586912 -0.00852086 -0.08861268
v 0.00690093 -0.00824685 -0.08871348
v 0.00612878 -0.00799299 -0.08850506
v 0.00673419 -0.00768482 -0.08853191
v 0.00754191 -0.00766591 -0.08870520
v 0.00752815 -0.00700684 -0.08853650
v 0.00841183 -0.00674592 -0.08868447
v 0.00837381 -0.00616225 -0.08852265
v 0.00894961 -0.00561849 -0.08862597
v 0.00919061 -0.00561725 -0.08874235
v 0.00941447 -0.00423999 -0.08854305
v 0.00170583 -0.00946934 -0.08835993
v 0.00203451 -0.00945443 -0.08845947
v 0.00372489 -0.00921321 -0.08826990
vt 0.77097005 0.89652872
vt 0.76750791 0.89919895
vt 0.77129340 0.89919895
vt 0.58783478 0.67126918
vt 0.66889870 0.68604314
vt 0.61021012 0.68604779
vt 0.69194061 0.67121249
vt 0.70900655 0.68666422
vt 0.78799576 0.67158777
vt 0.31986290 0.67426133
vt 0.32717898 0.68697816
vt 0.26011884 0.68746400
vt 0.36457351 0.67310750
vt 0.39037693 0.68769997
vt 0.45066306 0.67944229
vt 0.48152173 0.68868828
vt 0.49420321 0.67058700
vt 0.55761367 0.68653059
vt 0.43714073 0.67069077
vt 0.78585547 0.69020170
vt 0.81149119 0.67211467
vt 0.52241749 0.69981378
vt 0.39814639 0.69777256
vt 0.31633455 0.69631857
vt 0.23858874 0.69641131
vt 0.16671151 0.68839347
vt 0.13779324 0.69688165
vt 0.81816459 0.71253818
vt 0.78735924 0.71360618
vt 0.72960740 0.70322001
vt 0.67402595 0.70390272
vt 0.61950266 0.69901329
vt 0.48843652 0.71453488
vt 0.44809696 0.71312362
vt 0.38209882 0.71328229
vt 0.32139632 0.71267623
vt 0.25171384 0.71402472
vt 0.22437418 0.71377182
vt 0.16711345 0.71344614
vt 0.13066755 0.71315140
vt 0.10673352 0.71349901
vt 0.61561960 0.71419883
vt 0.55646867 0.71443027
vt 0.72842765 0.71499437
vt 0.67333323 0.71473581
vt 0.10481657 0.69034851
vt 0.08474550 0.69368631
vt 0.08342770 0.70238853
vt 0.82325792 0.66843575
vt 0.08743666 0.71398079
vt 0.22094536 0.67481154
vt 0.27703953 0.67407995
vt 0.82366377 0.69115770
vt 0.82399499 0.71371090
vt 0.82538038 0.66355950
vt 0.08580663 0.68031502
vt 0.18044907 0.67376554
vt 0.13801274 0.67467177
vt 0.10714250 0.67637014
vt 0.08313562 0.72028279
vt 0.17400499 0.73940223
vt 0.12934688 0.73974979
vt 0.10703614 0.73932415
vt 0.47870508 0.72931457
vt 0.54512799 0.73903447
vt 0.47378734 0.74181151
vt 0.58140260 0.74722940
vt 0.50862682 0.74787283
vt 0.81967282 0.74690539
vt 0.78905934 0.73457432
vt 0.74221408 0.74773943
vt 0.71239954 0.74817139
vt 0.67169261 0.74138600
vt 0.62400585 0.74785531
vt 0.41583586 0.74176425
vt 0.36423871 0.74116141
vt 0.31540903 0.74145263
vt 0.24995674 0.74061596
vt 0.08673603 0.72895950
vt 0.78834009 0.74883389
vt 0.08372174 0.74647766
vt 0.67321783 0.74871898
vt 0.82296818 0.74381548
vt 0.83012193 0.69582409
vt 0.84764159 0.71521127
vt 0.41898277 0.74759680
vt 0.34830612 0.74720925
vt 0.10144264 0.74905628
vt 0.25113142 0.74780470
vt 0.19660379 0.75535065
vt 0.16909334 0.75305170
vt 0.12740144 0.75160289
vt 0.72883379 0.75723559
vt 0.83250815 0.66621238
vt 0.85060441 0.69626004
vt 0.86322939 0.71556556
vt 0.86457664 0.72297257
vt 0.81871182 0.75862586
vt 0.79262590 0.75966781
vt 0.84963280 0.74472040
vt 0.22343192 0.76398391
vt 0.19626249 0.77112478
vt 0.30736467 0.75670016
vt 0.56042767 0.75775301
vt 0.63079774 0.76785827
vt 0.54672724 0.77135450
vt 0.63381100 0.75651789
vt 0.48501819 0.77072775
vt 0.46596533 0.75696075
vt 0.42436054 0.77078032
vt 0.37721422 0.77082324
vt 0.32512110 0.77235490
vt 0.29439205 0.77262390
vt 0.24822491 0.77213824
vt 0.67977983 0.75697029
vt 0.73026043 0.76416898
vt 0.67624503 0.76751047
vt 0.14412564 0.76856846
vt 0.18755607 0.77246487
vt 0.87212545 0.71775788
vt 0.86952275 0.74039280
vt 0.08588823 0.76298392
vt 0.11666721 0.77105576
vt 0.83634698 0.74947429
vt 0.82327199 0.76977760
vt 0.81932294 0.76326478
vt 0.86400914 0.74844468
vt 0.84172940 0.67197293
vt 0.86916268 0.69607997
vt 0.83963025 0.76441634
vt 0.39136943 0.77611578
vt 0.67078006 0.77468485
vt 0.61072695 0.77512157
vt 0.87434852 0.74689806
vt 0.54695910 0.77478808
vt 0.48445418 0.77585399
vt 0.85432923 0.76536626
vt 0.08321174 0.77675539
vt 0.14969635 0.77597433
vt 0.72135538 0.77471411
vt 0.75793195 0.77743304
vt 0.87462842 0.71879148
vt 0.08202334 0.75506836
vt 0.83553904 0.77249283
vt 0.87452811 0.69159758
vt 0.29113626 0.66496319
vt 0.86404794 0.76504290
vt 0.81805432 0.77255130
vt 0.79411936 0.77927804
vt 0.66707033 0.78235757
vt 0.72483146 0.78214353
vt 0.76117045 0.78188360
vt 0.83905858 0.66212469
vt 0.87448609 0.76426649
vt 0.84472376 0.77419484
vt 0.82752120 0.77824247
vt 0.82302946 0.78207630
vt 0.32083750 0.78256053
vt 0.25141326 0.78316647
vt 0.40636003 0.78285319
vt 0.47095707 0.78267246
vt 0.52726805 0.78251904
vt 0.19837551 0.78394282
vt 0.11682092 0.78475171
vt 0.14845924 0.78445202
vt 0.59104234 0.78305650
vt 0.08537768 0.78263289
vt 0.87214488 0.67328197
vt 0.85798442 0.67136681
vt 0.17322095 0.66535616
vt 0.10427884 0.66514170
vt 0.21714787 0.66613197
vt 0.58513492 0.66445529
vt 0.48481050 0.66474360
vt 0.78165716 0.66582543
vt 0.70857865 0.66487801
vt 0.46392772 0.66389322
vt 0.81143171 0.66526109
vt 0.34976330 0.66418117
vt 0.10580003 0.65779346
vt 0.17632279 0.65552789
vt 0.24769801 0.65384126
vt 0.30498818 0.65393215
vt 0.42481077 0.66427797
vt 0.08312698 0.66816276
vt 0.08157814 0.68165004
vt 0.85990173 0.66566116
vt 0.34508654 0.65509415
vt 0.41321963 0.65489417
vt 0.72600758 0.65406048
vt 0.66332960 0.65384448
vt 0.59931028 0.65446848
vt 0.52794695 0.66000348
vt 0.55384082 0.65428114
vt 0.47565487 0.65446585
vt 0.08569615 0.65979630
vt 0.82679242 0.64949602
vt 0.79088718 0.65373939
vt 0.81392848 0.65400642
vt 0.08141352 0.69904900
vt 0.07924267 0.69538110
vt 0.07950383 0.71684772
vt 0.08113975 0.73801845
vt 0.07931504 0.74587178
vt 0.07994227 0.76201487
vt 0.82012326 0.77975941
vt 0.81578720 0.77956492
vt 0.82286471 0.65760857
vt 0.52712500 0.64609337
vt 0.17724490 0.64643234
vt 0.25104427 0.64611250
vt 0.30422819 0.64412975
vt 0.34309828 0.64603347
vt 0.40332016 0.64542240
vt 0.41852874 0.64455551
vt 0.46868712 0.64492780
vt 0.59713793 0.64477783
vt 0.67939377 0.64703912
vt 0.11363494 0.64828634
vt 0.07997094 0.67839068
vt 0.75710154 0.64314216
vt 0.86473888 0.77247518
vt 0.08323529 0.64955574
vt 0.08141285 0.66238087
vt 0.07927447 0.66302061
vt 0.79672241 0.64339805
vt 0.82106394 0.64152205
vt 0.87602526 0.66803575
vt 0.87576318 0.68332547
vt 0.83872062 0.64528239
vt 0.84625542 0.65812331
vt 0.64653975 0.79812586
vt 0.34921268 0.79332668
vt 0.30846062 0.79879820
vt 0.27994651 0.79227006
vt 0.60317326 0.79898679
vt 0.53635025 0.79951751
vt 0.48413864 0.79940057
vt 0.45267460 0.79950398
vt 0.40554142 0.79920655
vt 0.23682222 0.79920202
vt 0.18913613 0.79063815
vt 0.87513399 0.77902061
vt 0.08333982 0.79126370
vt 0.79414803 0.79591328
vt 0.70995831 0.79773480
vt 0.66894549 0.79817790
vt 0.35524026 0.79939854
vt 0.74208778 0.79668236
vt 0.76442784 0.79582721
vt 0.81636089 0.79212475
vt 0.27996561 0.79898208
vt 0.12181797 0.79924834
vt 0.15795824 0.79917437
vt 0.09674112 0.79911637
vt 0.18692577 0.79929626
vt 0.81987387 0.79156047
vt 0.83057380 0.80092937
vt 0.86604118 0.78851187
vt 0.85184515 0.79742277
vt 0.84319007 0.80749238
vt 0.82731140 0.80461782
vt 0.82341677 0.79881638
vt 0.82469755 0.81378746
vt 0.08538013 0.79818225
vt 0.81690109 0.80234760
vt 0.87524694 0.78885257
vt 0.81973112 0.80493736
vt 0.82349706 0.81604379
vt 0.85580248 0.80926555
vt 0.87554264 0.79880524
vt 0.77005994 0.81212509
vt 0.70953929 0.81086600
vt 0.78606945 0.81192535
vt 0.68470275 0.81183392
vt 0.81672955 0.81274289
vt 0.82081729 0.81326264
vt 0.83299017 0.81642187
vt 0.08280910 0.80235690
vt 0.08548845 0.81036067
vt 0.07917981 0.65673608
vt 0.07936765 0.65003532
vt 0.08214466 0.80971080
vt 0.08305780 0.81642187
vt 0.54975373 0.52505934
vt 0.52136487 0.51708859
vt 0.55832845 0.51554883
vt 0.58933306 0.52532035
vt 0.61563557 0.51538467
vt 0.52543926 0.52267861
vt 0.49158913 0.52248335
vt 0.62182373 0.53942388
vt 0.66368288 0.53871399
vt 0.65568149 0.51503855
vt 0.56953090 0.53984177
vt 0.69726479 0.51530033
vt 0.70288289 0.53990525
vt 0.72871834 0.53127140
vt 0.72648442 0.50880557
vt 0.74596727 0.50930816
vt 0.74039972 0.53943843
vt 0.68891448 0.50691366
vt 0.76179892 0.51422328
vt 0.76217723 0.53756475
vt 0.48622176 0.51721120
vt 0.43553677 0.52263093
vt 0.41229731 0.51834309
vt 0.48765820 0.53946292
vt 0.53386509 0.53961998
vt 0.76763946 0.53729606
vt 0.76782936 0.50875592
vt 0.44252717 0.54219031
vt 0.41348064 0.53793418
vt 0.37716189 0.52293974
vt 0.33773366 0.51765484
vt 0.33912501 0.52288604
vt 0.21243536 0.52254629
vt 0.24238783 0.51751226
vt 0.18508174 0.51728940
vt 0.18054970 0.53118044
vt 0.14839648 0.52822691
vt 0.15439492 0.51568425
vt 0.12403145 0.51644856
vt 0.10856801 0.53953463
vt 0.07259960 0.53934175
vt 0.06483617 0.51691157
vt 0.16841739 0.54463202
vt 0.03470769 0.51746607
vt 0.03405540 0.53956115
vt 0.22951326 0.52888453
vt 0.18928395 0.54145211
vt 0.38143805 0.53923565
vt 0.32633591 0.54143280
vt 0.25267056 0.54022735
vt 0.23044641 0.54274458
vt 0.06319786 0.55179894
vt 0.13171414 0.55085379
vt 0.37967291 0.56007546
vt 0.41501945 0.56138897
vt 0.25143182 0.56018353
vt 0.31988189 0.56043184
vt 0.18822505 0.56117070
vt 0.63693869 0.54626685
vt 0.48571962 0.54747421
vt 0.57949948 0.54793853
vt 0.54577971 0.55670059
vt 0.52977324 0.55643803
vt 0.44255975 0.55832744
vt 0.03424871 0.55520749
vt 0.13850600 0.55875850
vt 0.08697879 0.55881888
vt 0.06799248 0.56150979
vt 0.70202607 0.54827750
vt 0.49936947 0.55874348
vt 0.76114792 0.55413371
vt 0.73820978 0.55626184
vt 0.76755601 0.55693138
vt 0.32040983 0.56487119
vt 0.39660498 0.56505537
vt 0.65275574 0.55777568
vt 0.60546452 0.55861944
vt 0.55905336 0.55916834
vt 0.24977174 0.56560385
vt 0.53442925 0.56537193
vt 0.75295889 0.57234383
vt 0.50363117 0.56537890
vt 0.44646236 0.56626517
vt 0.76156169 0.58111989
vt 0.76755071 0.58340681
vt 0.18571007 0.56606686
vt 0.11545894 0.56499940
vt 0.73769939 0.57976198
vt 0.67709476 0.58049119
vt 0.04784102 0.56633961
vt 0.03219399 0.56699193
vt 0.62238079 0.58046788
vt 0.58909917 0.57179391
vt 0.59283096 0.58001781
vt 0.54535615 0.57652789
vt 0.03126290 0.54453987
vt 0.77437574 0.53838062
vt 0.13124464 0.57975584
vt 0.10260152 0.58001292
vt 0.08206049 0.57956702
vt 0.56879598 0.58212876
vt 0.03446716 0.57688570
vt 0.04975152 0.57934099
vt 0.53123748 0.58226615
vt 0.43941671 0.58307934
vt 0.48837298 0.58293885
vt 0.23251723 0.57893270
vt 0.17621759 0.57892883
vt 0.25308084 0.58284831
vt 0.38172138 0.58332282
vt 0.33851188 0.58302927
vt 0.30242825 0.58276480
vt 0.03147860 0.52241468
vt 0.77898681 0.55946529
vt 0.81368458 0.55318755
vt 0.79742920 0.54673177
vt 0.79806244 0.54128391
vt 0.77451801 0.58295590
vt 0.79727650 0.56229556
vt 0.78507084 0.58191043
vt 0.81867570 0.54050618
vt 0.05202354 0.51157737
vt 0.03203438 0.50555837
vt 0.76188439 0.50589740
vt 0.10478681 0.51087928
vt 0.82223153 0.56362718
vt 0.80916291 0.57186389
vt 0.63812441 0.50954884
vt 0.77965301 0.51697034
vt 0.80557883 0.51668298
vt 0.16355292 0.51017737
vt 0.30971849 0.59266603
vt 0.24358188 0.59202099
vt 0.16900273 0.59235847
vt 0.10703085 0.59192634
vt 0.45658553 0.59089738
vt 0.38916481 0.59294814
vt 0.35231155 0.59301651
vt 0.05982894 0.59242421
vt 0.80197197 0.58461511
vt 0.51990980 0.59135658
vt 0.55280048 0.59026986
vt 0.82331395 0.54032320
vt 0.81093752 0.58852661
vt 0.82331705 0.58535409
vt 0.03580314 0.59517437
vt 0.78867292 0.58851331
vt 0.15086749 0.60310155
vt 0.40141672 0.60261047
vt 0.35218495 0.60227847
vt 0.30578965 0.60290354
vt 0.25406462 0.60291445
vt 0.21391453 0.60349894
vt 0.07788563 0.60304677
vt 0.10859918 0.60299832
vt 0.04964256 0.60046399
vt 0.76126760 0.59859210
vt 0.73241985 0.60052288
vt 0.76522768 0.59655726
vt 0.70019066 0.59855217
vt 0.63179749 0.59628099
vt 0.58910960 0.59598118
vt 0.66158360 0.60199732
vt 0.60826069 0.60279089
vt 0.56745243 0.60218257
vt 0.53710693 0.59584224
vt 0.52130491 0.60221076
vt 0.47077590 0.60168976
vt 0.76798016 0.60530978
vt 0.03219018 0.58932889
vt 0.70495558 0.61362499
vt 0.73578721 0.61160415
vt 0.12432020 0.61234564
vt 0.52673948 0.61138248
vt 0.56475061 0.61379880
vt 0.60470909 0.61340964
vt 0.44067660 0.61285937
vt 0.66655213 0.61299211
vt 0.25789723 0.61312681
vt 0.17655607 0.61190033
vt 0.22276278 0.61254734
vt 0.37723774 0.61181211
vt 0.41428578 0.61147755
vt 0.32286328 0.61177897
vt 0.07499734 0.61190689
vt 0.76228893 0.61169994
vt 0.76464099 0.60856563
vt 0.03378522 0.60996920
vt 0.05087731 0.61092037
vt 0.03201075 0.60160482
vt 0.78501910 0.60352087
vt 0.81669962 0.51255023
vt 0.77143753 0.61699772
vt 0.76922137 0.61794871
vt 0.79445767 0.60919851
vt 0.78253031 0.50771052
vt 0.80095971 0.50844991
vt 0.82302886 0.51351380
vt 0.60226309 0.50554615
vt 0.06702490 0.49234116
vt 0.18011108 0.49051988
vt 0.22560532 0.49135357
vt 0.24791366 0.51194292
vt 0.28759614 0.49495059
vt 0.32594782 0.51154315
vt 0.13366497 0.49067211
vt 0.40281379 0.51012683
vt 0.43731466 0.49497867
vt 0.47686505 0.48925322
vt 0.52915388 0.48965418
vt 0.55508465 0.49073511
vt 0.58765948 0.48913807
vt 0.62116593 0.48848277
vt 0.66670001 0.48881823
vt 0.35165468 0.48968065
vt 0.31532505 0.48907793
vt 0.03362514 0.49748379
vt 0.04282881 0.49208784
vt 0.42340156 0.48820370
vt 0.37431648 0.49005198
vt 0.76370096 0.49685502
vt 0.76903075 0.48182559
vt 0.74021167 0.48131633
vt 0.72314340 0.49552190
vt 0.68596768 0.47985208
vt 0.71388203 0.48006105
vt 0.76325750 0.48056626
vt 0.79023808 0.49286270
vt 0.06674309 0.48466074
vt 0.56683320 0.48042059
vt 0.80330342 0.49195778
vt 0.61989236 0.47976196
vt 0.03882974 0.48224139
vt 0.25651002 0.48155141
vt 0.16740750 0.48189867
vt 0.11780690 0.48224628
vt 0.52764857 0.48114777
vt 0.48821744 0.48155499
vt 0.31387362 0.48182976
vt 0.37341687 0.48159635
vt 0.42820749 0.48085636
vt 0.81428808 0.48858809
vt 0.78041267 0.48027909
vt 0.79859054 0.48465109
vt 0.76897830 0.47793657
vt 0.03473322 0.47605246
vt 0.82427806 0.49127084
vt 0.03168950 0.48042846
vt 0.82688218 0.50060552
vt 0.76100981 0.47571480
vt 0.76603365 0.47319704
vt 0.06204994 0.47608864
vt 0.74003774 0.47638357
vt 0.71961588 0.47583538
vt 0.68366158 0.47558081
vt 0.11664306 0.47537863
vt 0.16855307 0.47556698
vt 0.21434653 0.47602749
vt 0.26373395 0.47563916
vt 0.48871812 0.61533320
vt 0.82421523 0.59382677
vt 0.76618201 0.62129259
vt 0.80728632 0.62550211
vt 0.79754144 0.63309944
vt 0.03498685 0.62096429
vt 0.77154398 0.62459868
vt 0.76138264 0.62518400
vt 0.07612918 0.62829310
vt 0.32716072 0.62963486
vt 0.39797845 0.62838274
vt 0.42737037 0.62751257
vt 0.49517703 0.62868619
vt 0.55139124 0.62781399
vt 0.26419485 0.62849051
vt 0.21304671 0.62827134
vt 0.16179149 0.62897104
vt 0.03924817 0.62890071
vt 0.73945534 0.62561119
vt 0.60778928 0.62718379
vt 0.68522888 0.62700677
vt 0.82665825 0.59890652
vt 0.03206174 0.61950707
vt 0.03203810 0.63326049
vt 0.76956004 0.62683719
vt 0.77164960 0.64130008
vt 0.49562493 0.64014709
vt 0.68148452 0.63940680
vt 0.60551411 0.63930303
vt 0.55252749 0.64043057
vt 0.73957360 0.63906598
vt 0.26023158 0.64114213
vt 0.35159439 0.64052588
vt 0.21275979 0.64152205
vt 0.17227754 0.64132816
vt 0.09845369 0.64127153
vt 0.37592238 0.63980532
vt 0.41579822 0.64047271
vt 0.82744479 0.61595333
vt 0.78037262 0.64152205
vt 0.06957857 0.64055657
vt 0.76531070 0.63751143
vt 0.37418112 0.45799255
vt 0.31768781 0.45765859
vt 0.18664220 0.45827305
vt 0.22917266 0.45837998
vt 0.27134570 0.45789111
vt 0.49103233 0.45762271
vt 0.54140753 0.45733011
vt 0.44667614 0.45742798
vt 0.55319834 0.45727384
vt 0.62061912 0.45755678
vt 0.66347164 0.45719266
vt 0.16164616 0.45814764
vt 0.06485611 0.45778835
vt 0.10371240 0.45830786
vt 0.03143729 0.46581388
vt 0.76933527 0.63559729
vt 0.69418007 0.45851320
vt 0.73958349 0.45766413
vt 0.76142603 0.45798498
vt 0.03419037 0.45836878
vt 0.76795912 0.45060080
vt 0.03123028 0.45447385
vt 0.95253056 0.10404527
vt 0.95167589 0.11967891
vt 0.94709802 0.10998148
vt 0.94550347 0.10213912
vt 0.94150776 0.10295349
vt 0.94171256 0.11678874
vt 0.93604654 0.11232686
vt 0.93748677 0.10462391
vt 0.93490535 0.09858990
vt 0.93874961 0.09670430
vt 0.93567967 0.09048897
vt 0.93983620 0.08856785
vt 0.94308257 0.09500182
vt 0.94365364 0.08010638
vt 0.94790357 0.09348118
vt 0.94950557 0.08207136
vt 0.95338780 0.09066105
vt 0.95425004 0.07951248
vt 0.95898861 0.08390349
vt 0.95801181 0.09898639
vt 0.95704043 0.11632186
vt 0.96277887 0.11137366
vt 0.96041864 0.11933583
vt 0.96401829 0.12143910
vt 0.96650082 0.11294770
vt 0.96783602 0.12263244
vt 0.96570897 0.13022953
vt 0.96143943 0.13031876
vt 0.96962130 0.13103789
vt 0.97173661 0.12386161
vt 0.97317863 0.13274562
vt 0.97141939 0.13902271
vt 0.97629750 0.13392627
vt 0.96785045 0.13773495
vt 0.97834843 0.12687707
vt 0.97419566 0.11620587
vt 0.97768980 0.11804026
vt 0.98157477 0.12117171
vt 0.98134303 0.13684177
vt 0.98052657 0.11103821
vt 0.97638160 0.10382086
vt 0.97315484 0.10828954
vt 0.97400951 0.09557021
vt 0.97972888 0.09557736
vt 0.96888816 0.10483986
vt 0.97030658 0.11455810
vt 0.96899647 0.08810920
vt 0.97340792 0.08628941
vt 0.97085339 0.07292521
vt 0.96469849 0.07321596
vt 0.96386606 0.09234256
vt 0.95895660 0.07538134
vt 0.96170837 0.06036931
vt 0.95474690 0.06308675
vt 0.95715600 0.04744387
vt 0.94741482 0.05353355
vt 0.94950819 0.06328112
vt 0.95178699 0.07194197
vt 0.94636214 0.07322270
vt 0.94349366 0.06679010
vt 0.93670011 0.07362241
vt 0.93627721 0.08216786
vt 0.93229783 0.08431375
vt 0.94035637 0.05794126
vt 0.95104820 0.03440273
vt 0.96146399 0.03260064
vt 0.96520627 0.04644418
vt 0.96943504 0.03353506
vt 0.96833378 0.05989832
vt 0.97736883 0.14216155
vt 0.95805764 0.12708080
vt 0.92886043 0.10096002
vt 0.93096268 0.11134708
vt 0.93151623 0.12161309
vt 0.94636136 0.12391174
vt 0.94087428 0.13302135
vt 0.95569277 0.13459754
vt 0.95079863 0.13577563
vt 0.94569772 0.13526207
vt 0.94559646 0.14189380
vt 0.97322941 0.14658511
vt 0.94047105 0.15074015
vt 0.92957598 0.07374388
vt 0.93476772 0.05926293
vt 0.93692023 0.12933201
vt 0.97430485 0.05140483
vt 0.98584765 0.12559915
vt 0.98564833 0.10969567
vt 0.96893167 0.15012532
vt 0.96408778 0.14013243
vt 0.95897013 0.13257658
vt 0.97485822 0.06323868
vt 0.97878426 0.05483329
vt 0.97941434 0.06538635
vt 0.97501743 0.07462555
vt 0.98113704 0.08373928
vt 0.97757143 0.15687585
vt 0.99276841 0.11697739
vt 0.98668563 0.05641478
vt 0.98262757 0.04773057
vt 0.94430161 0.03895760
vt 0.93696141 0.04667854
vt 0.97867543 0.04049337
vt 0.99337542 0.09572810
vt 0.98725587 0.09076631
vt 0.92893529 0.11473238
vt 0.92879826 0.12509698
vt 0.93410861 0.12563604
vt 0.99173009 0.07394332
vt 0.98474216 0.07551950
vt 0.94511616 0.15687585
vt 0.98365182 0.10107994
vt 0.92521596 0.09043640
vt 0.92646354 0.11383271
vt 0.92533350 0.08079541
vt 0.93064642 0.05749172
vt 0.93664151 0.14578760
vt 0.97388047 0.03768015
vt 0.93263912 0.13869929
vt 0.98181450 0.15288901
vt 0.98593771 0.14259195
vt 0.98921776 0.13577807
vt 0.92671508 0.06683767
vt 0.98918974 0.06603122
vt 0.99101722 0.12300533
vt 0.92549938 0.06061614
vt 0.97953045 0.03536379
vt 0.99058813 0.05769551
vt 0.99275863 0.13306826
vt 0.98304749 0.15647805
vt 0.96962851 0.02870494
vt 0.94737118 0.03191286
vt 0.93289155 0.04934931
vt 0.93916345 0.04012811
vt 0.92399508 0.07326674
vt 0.92493016 0.11226481
vt 0.92397475 0.08954453
vt 0.24948438 0.90403342
vt 0.23804928 0.90516937
vt 0.25035650 0.87786347
vt 0.23783956 0.87344509
vt 0.23896977 0.93183947
vt 0.24915460 0.93157256
vt 0.24755293 0.93887955
vt 0.22747988 0.91864121
vt 0.22837001 0.93721414
vt 0.22681509 0.88648021
vt 0.23400471 0.87683320
vt 0.22576922 0.87584323
vt 0.23732774 0.93842888
vt 0.22053665 0.92997098
vt 0.22507632 0.87125850
vt 0.21957734 0.93871796
vt 0.21752639 0.90039831
vt 0.21378690 0.87612641
vt 0.21493898 0.87168437
vt 0.21560760 0.93286157
vt 0.21141219 0.93712264
vt 0.25047648 0.87133771
vt 0.26094630 0.93140733
vt 0.26369318 0.87780231
vt 0.26357907 0.93763959
vt 0.26522133 0.91928178
vt 0.25794002 0.87316340
vt 0.23508760 0.86996162
vt 0.26645038 0.86982644
vt 0.27150407 0.87068844
vt 0.27348417 0.87534684
vt 0.27199337 0.93717545
vt 0.27549630 0.92486942
vt 0.28054139 0.87076467
vt 0.28164729 0.93728501
vt 0.28225860 0.91650939
vt 0.20759532 0.87564546
vt 0.20992810 0.87100559
vt 0.20686924 0.93739748
vt 0.20132747 0.87652683
vt 0.20094638 0.90859443
vt 0.23073576 0.94058746
vt 0.20117538 0.93774289
vt 0.20538931 0.87080938
vt 0.28783602 0.90567797
vt 0.28774789 0.87491477
vt 0.28810808 0.93619275
vt 0.28450051 0.87029874
vt 0.29292953 0.92876470
vt 0.29008722 0.86995250
vt 0.29391497 0.87577617
vt 0.29372451 0.93730557
vt 0.26447302 0.94058746
vt 0.29621452 0.86982667
vt 0.28348690 0.94018626
vt 0.14056560 0.86833936
vt 0.15119033 0.86329550
vt 0.15142114 0.88865626
vt 0.13906476 0.88623309
vt 0.14173293 0.84020990
vt 0.14937320 0.84090590
vt 0.14057057 0.89537358
vt 0.15527506 0.85588741
vt 0.15476017 0.89509338
vt 0.14397624 0.83403736
vt 0.15448774 0.83474481
vt 0.13510145 0.86248320
vt 0.13544737 0.84024727
vt 0.13010231 0.89514256
vt 0.13461252 0.83384031
vt 0.12928589 0.86156511
vt 0.12784770 0.83394569
vt 0.12549342 0.84059393
vt 0.12595013 0.89941144
vt 0.16122672 0.84234625
vt 0.16147584 0.89659375
vt 0.15623914 0.89964372
vt 0.16697526 0.88507783
vt 0.16777194 0.85449547
vt 0.16781737 0.83503944
vt 0.17072022 0.89895546
vt 0.17208144 0.85830039
vt 0.17173466 0.83543742
vt 0.15010798 0.83173221
vt 0.11877527 0.84271908
vt 0.12203313 0.89571792
vt 0.11802927 0.83311123
vt 0.13796128 0.90002972
vt 0.11466330 0.89968127
vt 0.11707581 0.90127218
vt 0.11162209 0.84924424
vt 0.12374022 0.90160084
vt 0.10871494 0.83420938
vt 0.10826416 0.90019757
vt 0.16386977 0.83194166
vt 0.10513935 0.84997189
vt 0.13417190 0.83083874
vt 0.16337951 0.90073526
vt 0.18012619 0.84361041
vt 0.17922267 0.83523953
vt 0.17899382 0.89618868
vt 0.17657787 0.90186900
vt 0.10137118 0.89531952
vt 0.09896084 0.85602248
vt 0.10709690 0.83053541
vt 0.09839694 0.83440322
vt 0.10276433 0.90132117
vt 0.09665511 0.90059906
vt 0.09368301 0.85356867
vt 0.09284583 0.89529645
vt 0.10894173 0.90186918
vt 0.11722273 0.82977301
vt 0.08706822 0.83130974
vt 0.09051569 0.90021038
vt 0.08529792 0.85736746
vt 0.08325904 0.89782733
vt 0.08170347 0.83315092
vt 0.17590009 0.83290303
vt 0.13479885 0.92755944
vt 0.12912981 0.94401258
vt 0.13896181 0.95466256
vt 0.13040334 0.92804307
vt 0.13906802 0.93623906
vt 0.13168539 0.95569205
vt 0.12686211 0.95444757
vt 0.12679183 0.93694764
vt 0.13273866 0.96227449
vt 0.14082426 0.92947400
vt 0.12800811 0.96418035
vt 0.13685261 0.96461952
vt 0.12797414 0.92589492
vt 0.14164038 0.93633908
vt 0.14164038 0.95366806
vt 0.13264447 0.92323095
vt 0.12523659 0.93246144
vt 0.14078963 0.96068156
vt 0.77454686 0.87085146
vt 0.77319622 0.86557645
vt 0.78290880 0.87320518
vt 0.78047478 0.87603575
vt 0.78137708 0.88166016
vt 0.78386515 0.88537782
vt 0.78712517 0.88265604
vt 0.77226406 0.85776383
vt 0.76617348 0.85029960
vt 0.76265919 0.85981429
vt 0.76154101 0.85493010
vt 0.74599934 0.85121316
vt 0.74826747 0.84518492
vt 0.73637658 0.84445930
vt 0.73461884 0.84812969
vt 0.74364972 0.85567498
vt 0.73291856 0.85667396
vt 0.72810966 0.85085601
vt 0.73052382 0.86090481
vt 0.72418869 0.86462641
vt 0.78523004 0.89069110
vt 0.78769529 0.89357829
vt 0.78899467 0.90740484
vt 0.79065132 0.89188826
vt 0.79153085 0.91220254
vt 0.79309499 0.89855915
vt 0.72076237 0.85779208
vt 0.72094905 0.86903143
vt 0.71544641 0.86411864
vt 0.71540534 0.87592244
vt 0.79624176 0.91666621
vt 0.79716086 0.92723632
vt 0.71024835 0.87075979
vt 0.70995390 0.88533539
vt 0.70561540 0.87921113
vt 0.70574164 0.89023197
vt 0.70163834 0.89007097
vt 0.70261639 0.90221411
vt 0.70004302 0.90437984
vt 0.69858527 0.89453828
vt 0.69413692 0.91501260
vt 0.69516611 0.92559910
vt 0.77910209 0.86332947
vt 0.69369084 0.92723632
vt 0.70012063 0.88949847
vt 0.23664741 0.99017596
vt 0.23675570 0.98134303
vt 0.24021287 0.98296028
vt 0.23035501 0.99056530
vt 0.24206910 0.99034554
vt 0.24328803 0.98064083
vt 0.23145387 0.98097146
vt 0.22614463 0.98805583
vt 0.22467050 0.98406255
vt 0.21861199 0.99532712
vt 0.24548762 0.99164778
vt 0.24838111 0.98771989
vt 0.24739696 0.98082763
vt 0.25540578 0.98561805
vt 0.25732723 0.99408203
vt 0.26000056 0.99254435
vt 0.25801140 0.98354965
vt 0.26786831 0.99177229
vt 0.22626893 0.99261093
vt 0.24829617 0.99228668
vt 0.25993559 0.99532712
vt 0.26971608 0.99417520
vt 0.27167964 0.95557278
vt 0.27487344 0.94843882
vt 0.27852663 0.95238000
vt 0.27019900 0.95325822
vt 0.27675906 0.94348341
vt 0.28384653 0.95274609
vt 0.27269593 0.94538271
vt 0.28537157 0.94762254
vt 0.28774241 0.95315719
vt 0.29719844 0.95330542
vt 0.29732034 0.95610017
vt 0.28719217 0.94325769
vt 0.29802838 0.94887477
vt 0.31046814 0.95531768
vt 0.30845615 0.96448946
vt 0.31514195 0.96728975
vt 0.27000004 0.95004821
vt 0.26750913 0.95454502
vt 0.26235861 0.95663846
vt 0.26237857 0.95971709
vt 0.25948128 0.96090627
vt 0.25709778 0.96728975
vt 0.83542627 0.57179093
vt 0.83799976 0.57922399
vt 0.83146888 0.57731849
vt 0.82870662 0.58277702
vt 0.83990574 0.57570672
vt 0.83947349 0.56685281
vt 0.84404451 0.57123756
vt 0.84580046 0.56034404
vt 0.84957677 0.56532800
vt 0.85251004 0.56357354
vt 0.85362291 0.55482489
vt 0.85643214 0.56143939
vt 0.86670089 0.54977566
vt 0.86709738 0.55583423
vt 0.87954420 0.54806411
vt 0.87990993 0.55670506
vt 0.88347584 0.55071861
vt 0.88887322 0.55955452
vt 0.89074636 0.55146313
vt 0.89443868 0.55740952
vt 0.89388829 0.56349838
vt 0.89784849 0.56600779
vt 0.90579885 0.57049066
vt 0.90511137 0.57282752
vt 0.91324919 0.58277702
vt 0.07216958 0.80310899
vt 0.07461258 0.80329394
vt 0.07466264 0.79624951
vt 0.07459897 0.81939560
vt 0.07320910 0.79021943
vt 0.07508105 0.80960453
vt 0.06960729 0.79226583
vt 0.07239194 0.78471929
vt 0.07430500 0.77490169
vt 0.07665615 0.82176232
vt 0.05201972 0.76337087
vt 0.06714220 0.75055802
vt 0.05260581 0.74507725
vt 0.04444866 0.75656742
vt 0.07281207 0.76026750
vt 0.04210511 0.74609196
vt 0.07030533 0.77428156
vt 0.04162914 0.76212579
vt 0.07333294 0.74480754
vt 0.06767147 0.73676717
vt 0.05461733 0.73377556
vt 0.04338290 0.72833145
vt 0.05104310 0.77805179
vt 0.04197611 0.77834237
vt 0.07091653 0.71572584
vt 0.05372401 0.71157944
vt 0.04280718 0.71230519
vt 0.04327740 0.70122755
vt 0.05641262 0.70126688
vt 0.07420944 0.70603609
vt 0.04158807 0.73722523
vt 0.04642518 0.68983644
vt 0.07319311 0.69317335
vt 0.05697426 0.69132370
vt 0.06770649 0.68018973
vt 0.04432026 0.67576587
vt 0.07325979 0.66980588
vt 0.07537955 0.67481863
vt 0.05803530 0.66516942
vt 0.04485970 0.66173595
vt 0.05147172 0.79458570
vt 0.04076718 0.79266316
vt 0.04006309 0.77170426
vt 0.05854242 0.65233243
vt 0.07352660 0.65350026
vt 0.07614688 0.65960330
vt 0.04495674 0.65033233
vt 0.07654189 0.69030964
vt 0.04232289 0.68601251
vt 0.07665615 0.64552736
vt 0.74506736 0.88088578
vt 0.74658871 0.88336712
vt 0.75674307 0.88278323
vt 0.73911673 0.88985312
vt 0.75238955 0.87917221
vt 0.77083874 0.88082451
vt 0.77044791 0.88385385
vt 0.77760255 0.88985312
vt 0.61557168 0.82843792
vt 0.61582381 0.83110815
vt 0.60157728 0.83110815
vt 0.61924291 0.82966924
vt 0.76068610 0.96185923
vt 0.76041019 0.95033377
vt 0.75887299 0.96351290
vt 0.75804418 0.95246786
vt 0.75874025 0.93568641
vt 0.76203680 0.93579084
vt 0.76393890 0.91872489
vt 0.76242042 0.91762513
vt 0.75946134 0.97101051
vt 0.76170009 0.97414947
vt 0.75997227 0.97713000
vt 0.76150751 0.98737174
vt 0.76624608 0.99532712
vt 0.76624608 0.91388518
vt 0.96771944 0.66737306
vt 0.96772879 0.67018998
vt 0.97692168 0.67063862
vt 0.96163601 0.66430640
vt 0.97927839 0.68070686
vt 0.97102684 0.67859578
vt 0.98126739 0.67131740
vt 0.98929691 0.67573649
vt 0.98652959 0.68333864
vt 0.97235310 0.66423917
vt 0.99209291 0.68373978
vt 0.99846631 0.67514187
vt 0.98843783 0.67310691
vt 0.98879856 0.66837740
vt 0.99467665 0.67357099
vt 0.99968457 0.66780633
vt 0.98386329 0.70854712
vt 0.97768849 0.69934660
vt 0.96919894 0.69986624
vt 0.98838216 0.70525509
vt 0.98449039 0.73063385
vt 0.97505283 0.75390518
vt 0.97961456 0.77801472
vt 0.97431654 0.77761674
vt 0.97329378 0.79842108
vt 0.96828300 0.79746318
vt 0.96325397 0.77213448
vt 0.96643543 0.73335922
vt 0.96111465 0.79643136
vt 0.97619700 0.79898822
vt 0.98023093 0.79495722
vt 0.98470914 0.76180124
vt 0.98811626 0.65144604
vt 0.98411900 0.60122573
vt 0.97913063 0.61854178
vt 0.97677708 0.65643132
vt 0.97825247 0.59885836
vt 0.98222208 0.57068032
vt 0.98853540 0.55925864
vt 0.98620600 0.54076505
vt 0.99397749 0.53843802
vt 0.97326362 0.65319508
vt 0.98979729 0.60538268
vt 0.99578309 0.56328541
vt 0.97459406 0.57080704
vt 0.97797585 0.54148775
vt 0.97321868 0.58743268
vt 0.98030579 0.53354263
vt 0.97972822 0.80005574
vt 0.96971875 0.61574507
vt 0.99032825 0.53644305
vt 0.99533027 0.52281296
vt 0.98995602 0.52376950
vt 0.99207306 0.50675911
vt 0.98189491 0.52508205
vt 0.98419774 0.49262398
vt 0.98430759 0.53414470
vt 0.99077410 0.47890490
vt 0.99348277 0.48922253
vt 0.98633599 0.44208640
vt 0.99066490 0.45855713
vt 0.98908979 0.43966448
vt 0.98831868 0.40756607
vt 0.99082285 0.42546588
vt 0.99367189 0.40597123
vt 0.99227738 0.38883245
vt 0.97998434 0.49521768
vt 0.97724324 0.52180523
vt 0.97680086 0.53311163
vt 0.98321652 0.45286965
vt 0.99500543 0.48106420
vt 0.96424556 0.65860152
vt 0.96701342 0.64995217
vt 0.98772895 0.39951515
vt 0.98901081 0.38384432
vt 0.99431598 0.36659014
vt 0.97595549 0.53829938
vt 0.98497713 0.80017650
vt 0.99620378 0.50916296
vt 0.98127264 0.44600868
vt 0.99200135 0.36282784
vt 0.99616891 0.37313664
vt 0.99857396 0.36013627
vt 0.99694544 0.34141374
vt 0.99968457 0.34245813
vt 0.98449343 0.42056489
vt 0.96741509 0.61357325
vt 0.97172374 0.57500648
vt 0.96271640 0.63974786
vt 0.97706079 0.48260832
vt 0.97308731 0.51957113
vt 0.98636180 0.38706487
vt 0.99459118 0.34547788
vt 0.97377461 0.47759742
vt 0.96899527 0.52290261
vt 0.97263253 0.52617723
vt 0.95400721 0.64878434
vt 0.96323705 0.54915309
vt 0.95778948 0.61397779
vt 0.98227853 0.41195464
vt 0.96581590 0.53038573
vt 0.99189091 0.33853471
vt 0.95008308 0.65917397
vt 0.96639287 0.52518147
vt 0.97785521 0.44030708
vt 0.95890814 0.57639980
vt 0.95429409 0.61437529
vt 0.98844582 0.36182821
vt 0.98976076 0.35108578
vt 0.99601251 0.33656955
vt 0.95064169 0.64597648
vt 0.98563677 0.38266134
vt 0.96305877 0.80307078
vt 0.97075295 0.48315293
vt 0.97345567 0.45157605
vt 0.96690083 0.51262081
vt 0.96652627 0.52124417
vt 0.98492897 0.34387612
vt 0.98630989 0.33526945
vt 0.97649992 0.42438376
vt 0.94079667 0.65351570
vt 0.94738615 0.61271220
vt 0.95855886 0.52734679
vt 0.95518285 0.55270416
vt 0.94489014 0.59539014
vt 0.95959049 0.51073468
vt 0.96010965 0.49355245
vt 0.96544242 0.48505330
vt 0.96911830 0.45375299
vt 0.93964344 0.63596171
vt 0.93711317 0.65074462
vt 0.98670048 0.35714126
vt 0.95728612 0.52273262
vt 0.96201074 0.52067363
vt 0.94670492 0.56594098
vt 0.95200545 0.53175914
vt 0.96187580 0.47002161
vt 0.97288555 0.42108762
vt 0.97190404 0.40216064
vt 0.97520822 0.39701748
vt 0.97792816 0.39861751
vt 0.98156977 0.38616651
vt 0.97793108 0.37822229
vt 0.97981179 0.36449200
vt 0.98428661 0.36739779
vt 0.97909141 0.35843062
vt 0.95579314 0.50789368
vt 0.95298147 0.51948595
vt 0.93051195 0.63118976
vt 0.92948735 0.63964075
vt 0.97610223 0.37220955
vt 0.96640933 0.43599850
vt 0.93682629 0.59067029
vt 0.94539577 0.54673457
vt 0.94802809 0.51890361
vt 0.98847520 0.33279121
vt 0.97175092 0.38981211
vt 0.96925336 0.41249144
vt 0.95718038 0.48119140
vt 0.93254977 0.60163814
vt 0.97045976 0.39944565
vt 0.92405468 0.64168572
vt 0.93611580 0.56910431
vt 0.93084943 0.58746165
vt 0.94464898 0.52107084
vt 0.92312443 0.63463837
vt 0.92152119 0.63941365
vt 0.98028767 0.34670794
vt 0.94566083 0.50747263
vt 0.94302171 0.51345086
vt 0.98276383 0.33177567
vt 0.95820469 0.45546657
vt 0.94886184 0.47151697
vt 0.96459728 0.41988099
vt 0.91777414 0.62871486
vt 0.91640377 0.63426667
vt 0.45591480 0.15420562
vt 0.45546442 0.15153539
vt 0.45899054 0.15274733
vt 0.44511041 0.15420562
vt 0.74290222 0.20322937
vt 0.74126232 0.20493990
vt 0.73793644 0.19826436
vt 0.73450691 0.20345896
vt 0.72902209 0.20323187
vt 0.73425609 0.20493984
vt 0.15678233 0.93072116
vt 0.15403371 0.93257678
vt 0.15372376 0.92990655
vt 0.14731862 0.93257678
vt 0.10965120 0.44200325
vt 0.10924653 0.44441873
vt 0.10697327 0.44244903
vt 0.11434317 0.45093155
vt 0.09330450 0.43516850
vt 0.09018353 0.43116212
vt 0.09617183 0.42739201
vt 0.09964792 0.43393755
vt 0.09200127 0.42519391
vt 0.08467651 0.42663741
vt 0.10059872 0.42747951
vt 0.10179155 0.43821704
vt 0.10450253 0.43918288
vt 0.07402144 0.43505991
vt 0.07202029 0.42883825
vt 0.08275801 0.42389852
vt 0.06452265 0.42955887
vt 0.05593712 0.44572288
vt 0.07648865 0.43811601
vt 0.05167204 0.44244844
vt 0.04574132 0.45460618
vt 0.10587700 0.43208909
vt 0.11052010 0.43631887
vt 0.11641578 0.44193387
vt 0.11720614 0.45067531
vt 0.12586750 0.45460618
vt 0.72633177 0.92990655
vt 0.72902209 0.92857140
vt 0.72397476 0.92857140
vt 0.61293375 0.95794392
vt 0.61356467 0.96782887
vt 0.61293375 0.96995997
vt 0.64512014 0.95574111
vt 0.64406711 0.97507650
vt 0.63205695 0.97493076
vt 0.66169834 0.95260739
vt 0.66723448 0.97768462
vt 0.67712623 0.96947336
vt 0.67346668 0.95376778
vt 0.61926514 0.95132434
vt 0.62046325 0.97871345
vt 0.65908152 0.98141110
vt 0.68495631 0.96042275
vt 0.68374032 0.98032027
vt 0.69438136 0.97969902
vt 0.69893980 0.95975071
vt 0.71345723 0.96376705
vt 0.69908458 0.96987504
vt 0.71469212 0.97087973
vt 0.72735161 0.96516794
vt 0.73126435 0.97372937
vt 0.73633981 0.96667928
vt 0.70640105 0.98331106
vt 0.68229264 0.95394027
vt 0.62083685 0.94859815
vt 0.65139675 0.95052332
vt 0.74412078 0.96952933
vt 0.74685681 0.97624463
vt 0.75203228 0.97152716
vt 0.74935794 0.98150206
vt 0.75385004 0.97698146
vt 0.71149617 0.95764714
vt 0.72331798 0.95921367
vt 0.61806327 0.97462708
vt 0.61808729 0.95101202
vt 0.61798108 0.98331106
vt 0.75425869 0.96951437
vt 0.06719243 0.42389852
vt 0.05340247 0.42353880
vt 0.06015783 0.41185647
vt 0.05324085 0.41195917
vt 0.04804622 0.41194195
vt 0.04403748 0.42389852
vt 0.04526722 0.41025007
vt 0.04010956 0.41487873
vt 0.04019853 0.39752978
vt 0.04740286 0.39833856
vt 0.04896692 0.40699589
vt 0.03690852 0.39924484
vt 0.06030804 0.39939523
vt 0.03707810 0.41622835
vt 0.04879629 0.39185584
vt 0.42136878 0.95115387
vt 0.43371964 0.93853337
vt 0.42223540 0.95375007
vt 0.43345982 0.93609154
vt 0.43618390 0.93697029
vt 0.42073357 0.95622665
vt 0.41326678 0.96786970
vt 0.41266158 0.96565211
vt 0.41104102 0.96995997
vt 0.45270377 0.91452461
vt 0.45381889 0.92198104
vt 0.44772375 0.92634493
vt 0.44430959 0.92601031
vt 0.44723764 0.91662931
vt 0.43779519 0.92237860
vt 0.45776042 0.92178673
vt 0.46109030 0.91190630
vt 0.46439454 0.92063504
vt 0.46776953 0.91121495
vt 0.47180203 0.92186588
vt 0.47475553 0.91252393
vt 0.47678474 0.92105997
vt 0.48265031 0.91549140
vt 0.48310742 0.92831987
vt 0.48628277 0.92732286
vt 0.49282146 0.92656136
vt 0.49660018 0.94048053
vt 0.42983583 0.93375605
vt 0.42207164 0.94394338
vt 0.49731976 0.92724121
vt 0.41606620 0.95057321
vt 0.50485283 0.93932265
vt 0.50370926 0.94562876
vt 0.51583004 0.95708245
vt 0.51408553 0.96227890
vt 0.52018929 0.96995997
vt 0.39037278 0.23431242
vt 0.39062351 0.23164219
vt 0.40157729 0.23431242
vt 0.38769716 0.23250711
vt 0.33699036 0.84579438
vt 0.33028391 0.84579438
vt 0.33674678 0.84312415
vt 0.34164038 0.84334791
vt 0.84826499 0.01935917
vt 0.84826499 0.02603471
vt 0.84700316 0.02567625
vt 0.55992210 0.32387173
vt 0.58784813 0.32907301
vt 0.54874873 0.33049041
vt 0.61995703 0.32525438
vt 0.58660424 0.34746778
vt 0.59171414 0.29887486
vt 0.65138966 0.29767191
vt 0.64721185 0.32541168
vt 0.63189757 0.29160142
vt 0.57442904 0.28417540
vt 0.50757331 0.32345778
vt 0.60675550 0.34899747
vt 0.58741623 0.38139451
vt 0.67889994 0.32437062
vt 0.55250978 0.30140811
vt 0.64667451 0.28311723
vt 0.49641010 0.35033655
vt 0.47948951 0.32287776
vt 0.46532738 0.34202957
vt 0.43909392 0.32218909
vt 0.43323958 0.30474824
vt 0.39039272 0.32163149
vt 0.38278070 0.30021727
vt 0.43510801 0.28298271
vt 0.36247405 0.32109904
vt 0.35838801 0.34390676
vt 0.36140832 0.30181921
vt 0.36251283 0.28019822
vt 0.47927231 0.29574525
vt 0.32396388 0.29984653
vt 0.39347503 0.28200591
vt 0.46481663 0.38215935
vt 0.41451675 0.34766209
vt 0.50683302 0.38310409
vt 0.50195384 0.40390801
vt 0.52178514 0.40744686
vt 0.49839661 0.42033160
vt 0.54817909 0.42477858
vt 0.56127000 0.38541108
vt 0.55847031 0.40778530
vt 0.53520644 0.38135302
vt 0.68292207 0.30060732
vt 0.73410493 0.29913574
vt 0.70922607 0.32444036
vt 0.74450713 0.32533610
vt 0.70945781 0.28308475
vt 0.75087911 0.30152965
vt 0.75495499 0.28244674
vt 0.73014456 0.26768893
vt 0.75962096 0.26800722
vt 0.76306236 0.25502479
vt 0.80540842 0.25536394
vt 0.79985619 0.26769042
vt 0.46955371 0.40320742
vt 0.76582652 0.32436299
vt 0.50098246 0.42538726
vt 0.49214599 0.43133783
vt 0.57339901 0.43234062
vt 0.44657919 0.42457783
vt 0.51722556 0.43582678
vt 0.50774682 0.44815445
vt 0.55980474 0.44865739
vt 0.58189017 0.43452471
vt 0.60361218 0.42506856
vt 0.63430798 0.42654741
vt 0.59117657 0.44890976
vt 0.72107321 0.25515187
vt 0.69207847 0.33023328
vt 0.79822618 0.28280503
vt 0.64868742 0.43906695
vt 0.61732221 0.41900247
vt 0.64265120 0.40801239
vt 0.62293142 0.40511680
vt 0.64988399 0.38636100
vt 0.66844869 0.40742129
vt 0.69510299 0.38868523
vt 0.69828916 0.40727526
vt 0.69391894 0.38098156
vt 0.65041018 0.38137925
vt 0.67885303 0.42653227
vt 0.72865385 0.42669761
vt 0.68373555 0.43730050
vt 0.74086291 0.43656993
vt 0.73507869 0.44973350
vt 0.68843877 0.44930828
vt 0.74920642 0.42711973
vt 0.74854696 0.40626395
vt 0.78061616 0.41555917
vt 0.78108442 0.42629552
vt 0.79752272 0.40391612
vt 0.79783636 0.39298630
vt 0.76103592 0.39093852
vt 0.75824219 0.37658501
vt 0.74540007 0.37937832
vt 0.81457388 0.37807667
vt 0.75553697 0.36359918
vt 0.79204708 0.37232709
vt 0.72175246 0.40716302
vt 0.71101642 0.38038588
vt 0.79901659 0.43811488
vt 0.83538920 0.37250465
vt 0.79581195 0.36432350
vt 0.79911703 0.30251706
vt 0.85526514 0.30168962
vt 0.82801485 0.32463032
vt 0.86712688 0.32509553
vt 0.87197930 0.35351813
vt 0.83281374 0.35015881
vt 0.87196547 0.37477112
vt 0.91145492 0.37474978
vt 0.89159358 0.29997325
vt 0.91451991 0.39954853
vt 0.88452315 0.39910913
vt 0.86046499 0.39840990
vt 0.89546382 0.42652678
vt 0.91540509 0.35144854
vt 0.86345923 0.28456759
vt 0.89642078 0.28366107
vt 0.88889790 0.26859164
vt 0.83650279 0.26773775
vt 0.88791203 0.25588816
vt 0.92573822 0.26824057
vt 0.93115914 0.29581618
vt 0.95634753 0.28472602
vt 0.93175453 0.30209154
vt 0.95717520 0.30600441
vt 0.93753320 0.37436765
vt 0.92657536 0.25662917
vt 0.88395298 0.32444406
vt 0.70671523 0.34848332
vt 0.59390891 0.26631051
vt 0.55003399 0.26626217
vt 0.78373235 0.32502663
vt 0.54638034 0.25500613
vt 0.61863405 0.25478327
vt 0.82570857 0.39608896
vt 0.52643573 0.26615107
vt 0.50216746 0.25453055
vt 0.48360947 0.26685649
vt 0.45193660 0.25489736
vt 0.44017357 0.25488055
vt 0.67492396 0.25522095
vt 0.68302852 0.26774490
vt 0.93706334 0.27960515
vt 0.52370310 0.28378773
vt 0.63065577 0.26645458
vt 0.83027130 0.25586677
vt 0.95736736 0.31678504
vt 0.94121277 0.32459378
vt 0.95664895 0.33105159
vt 0.96022224 0.33413696
vt 0.95938855 0.34937513
vt 0.44175956 0.26718420
vt 0.95961809 0.31151593
vt 0.73154199 0.35251248
vt 0.46080321 0.28406453
vt 0.63817120 0.44965512
vt 0.33451521 0.32142162
vt 0.64985073 0.37075728
vt 0.32894197 0.28105342
vt 0.29317218 0.27899384
vt 0.43036413 0.41827756
vt 0.32267120 0.26699698
vt 0.28400108 0.26666665
vt 0.29935879 0.25300401
vt 0.33003953 0.25415254
vt 0.24782923 0.27861834
vt 0.35727632 0.26695591
vt 0.37285414 0.25383568
vt 0.25399411 0.25417542
vt 0.27152869 0.28040934
vt 0.25356787 0.30214846
vt 0.22813947 0.30323720
vt 0.25242350 0.26784122
vt 0.22795686 0.31903791
vt 0.25021780 0.32002121
vt 0.28276980 0.32008886
vt 0.24379881 0.35340476
vt 0.25694481 0.38115847
vt 0.30436090 0.38220996
vt 0.25728849 0.39072210
vt 0.32778335 0.40198845
vt 0.30466959 0.42441428
vt 0.31960008 0.38074023
vt 0.27779809 0.42418230
vt 0.30587089 0.43119305
vt 0.33531690 0.43434453
vt 0.27493793 0.43243349
vt 0.33798710 0.42104769
vt 0.36162847 0.37994874
vt 0.24121048 0.40077889
vt 0.23976935 0.38086045
vt 0.22908585 0.41675138
vt 0.22527851 0.31556809
vt 0.22519331 0.29823089
vt 0.45100647 0.43183863
vt 0.76348597 0.44916725
vt 0.60505927 0.38170743
vt 0.55185163 0.28447497
vt 0.44110218 0.44769245
vt 0.67797065 0.28395951
vt 0.86407137 0.42713237
vt 0.86689520 0.43467265
vt 0.82717752 0.43634874
vt 0.85625952 0.45060080
vt 0.88514334 0.45051491
vt 0.92118299 0.45033991
vt 0.92883801 0.43286246
vt 0.94617105 0.45004171
vt 0.95732129 0.43855071
vt 0.95974606 0.43252003
vt 0.38946521 0.42429960
vt 0.37776428 0.41724312
vt 0.38527608 0.40280056
vt 0.36271676 0.42248988
vt 0.38571572 0.43376386
vt 0.28190383 0.29758394
vt 0.80650204 0.44969237
vt 0.95828569 0.28815281
vt 0.96019065 0.28308916
vt 0.95979434 0.29219884
vt 0.65420759 0.26708579
vt 0.65009183 0.42704272
vt 0.74681717 0.39173818
vt 0.51302731 0.29148388
vt 0.43676627 0.40133786
vt 0.42635289 0.38215369
vt 0.91871440 0.32488227
vt 0.80603033 0.35076571
vt 0.81067479 0.42584145
vt 0.92433399 0.42608440
vt 0.95912033 0.42359543
vt 0.95707083 0.40963143
vt 0.96016479 0.40579402
vt 0.95911652 0.40037286
vt 0.95969892 0.27368176
vt 0.93991959 0.39781964
vt 0.56443089 0.42512989
vt 0.82445717 0.28472227
vt 0.94092476 0.35216928
vt 0.39195082 0.38101745
vt 0.22914694 0.27988327
vt 0.25834247 0.42368776
vt 0.22670574 0.42264509
vt 0.22865517 0.43140000
vt 0.22471459 0.43129951
vt 0.22203514 0.42916435
vt 0.22154643 0.41293311
vt 0.22026935 0.42121053
vt 0.21827109 0.40902829
vt 0.21258029 0.42459852
vt 0.22018918 0.40326303
vt 0.21288615 0.39577711
vt 0.21610388 0.38479757
vt 0.21308044 0.38350707
vt 0.21101496 0.37321699
vt 0.21771508 0.36222541
vt 0.22502685 0.37863404
vt 0.20944931 0.36184573
vt 0.21199891 0.31940103
vt 0.20449884 0.38899368
vt 0.20811807 0.35170972
vt 0.20903969 0.33030236
vt 0.20940286 0.31166387
vt 0.19901469 0.31284571
vt 0.20288090 0.29150033
vt 0.21201050 0.30160749
vt 0.21468468 0.27907962
vt 0.22145672 0.29078650
vt 0.22296794 0.27336812
vt 0.22265835 0.29004246
vt 0.22366510 0.30927622
vt 0.22115014 0.30888253
vt 0.22029908 0.26361430
vt 0.20504104 0.27496660
vt 0.18456976 0.31321645
vt 0.19052427 0.31797945
vt 0.17317313 0.31623590
vt 0.18554316 0.35156417
vt 0.17062226 0.34718406
vt 0.16724023 0.31431961
vt 0.16895775 0.31205601
vt 0.17547646 0.37045056
vt 0.16821368 0.37911427
vt 0.16399191 0.34409547
vt 0.18424027 0.38430917
vt 0.16307195 0.34721237
vt 0.17554058 0.38835669
vt 0.18223152 0.39895940
vt 0.16700189 0.39418399
vt 0.21663670 0.31059194
vt 0.19404835 0.35255659
vt 0.22258894 0.38631165
vt 0.22053878 0.43140912
vt 0.22525248 0.41382593
vt 0.17137966 0.30187374
vt 0.16888838 0.29506058
vt 0.17878996 0.28584492
vt 0.25898519 0.43229663
vt 0.36339724 0.40267467
vt 0.23219204 0.26966578
vt 0.22672069 0.27810836
vt 0.22556031 0.27256835
vt 0.30963662 0.31971145
vt 0.23235048 0.25366485
vt 0.95731944 0.26916140
vt 0.95711333 0.25704217
vt 0.18541829 0.41622418
vt 0.16519397 0.40972149
vt 0.16587637 0.40186912
vt 0.16228424 0.39763415
vt 0.15986559 0.41183317
vt 0.15944932 0.41645759
vt 0.15615241 0.41353250
vt 0.16224593 0.38620448
vt 0.15114672 0.39411724
vt 0.15016331 0.40791017
vt 0.13664541 0.39242494
vt 0.14086500 0.37069505
vt 0.12756521 0.36528516
vt 0.15177181 0.38052970
vt 0.16039807 0.37725002
vt 0.11500375 0.36318862
vt 0.12097406 0.38976109
vt 0.09936927 0.37216008
vt 0.10024633 0.35846090
vt 0.09444621 0.37179500
vt 0.09413987 0.38774145
vt 0.09273876 0.38579965
vt 0.08968762 0.37329066
vt 0.08844707 0.38424110
vt 0.08000787 0.37300789
vt 0.08460142 0.35607022
vt 0.07101680 0.35455275
vt 0.07248632 0.37474823
vt 0.06936160 0.36587793
vt 0.05820317 0.34770894
vt 0.06183460 0.34492606
vt 0.07543386 0.34679395
vt 0.06124774 0.33393776
vt 0.04862139 0.33391953
vt 0.05928389 0.32227218
vt 0.04756093 0.32453907
vt 0.03244717 0.32749110
vt 0.04927061 0.31564653
vt 0.06372481 0.32020283
vt 0.05118655 0.30689454
vt 0.06571523 0.30180407
vt 0.06726570 0.30883753
vt 0.06485756 0.29657197
vt 0.05592512 0.29318035
vt 0.04914193 0.29655808
vt 0.03979941 0.30230939
vt 0.04204154 0.30611402
vt 0.02795743 0.31907344
vt 0.02652792 0.32591516
vt 0.01962897 0.32433987
vt 0.01733938 0.31974101
vt 0.01169490 0.32246733
vt 0.02237457 0.30943334
vt 0.01290051 0.31117296
vt 0.01775417 0.30258822
vt 0.02466005 0.30279970
vt 0.00924594 0.29897016
vt 0.03128701 0.30600220
vt 0.03298128 0.29860246
vt 0.00760716 0.31672227
vt 0.01832186 0.32864904
vt 0.07550701 0.30568761
vt 0.06396762 0.32583779
vt 0.03478926 0.33238405
vt 0.03335241 0.33750451
vt 0.04694116 0.34199131
vt 0.05307086 0.35741055
vt 0.07672302 0.34942394
vt 0.06673538 0.37416959
vt 0.07666641 0.39316022
vt 0.06261291 0.37909472
vt 0.04797091 0.36277002
vt 0.04302702 0.34653920
vt 0.03414373 0.34764582
vt 0.03280404 0.34081936
vt 0.03799873 0.31448865
vt 0.07739394 0.32437778
vt 0.08300725 0.32440686
vt 0.08876226 0.30763763
vt 0.07932320 0.30219936
vt 0.09378669 0.32965255
vt 0.09864434 0.32811201
vt 0.09514049 0.30531263
vt 0.10214990 0.30984473
vt 0.10246593 0.30282748
vt 0.10360926 0.30823928
vt 0.11424328 0.30308414
vt 0.11057982 0.30982697
vt 0.12404881 0.30770648
vt 0.12595403 0.30303478
vt 0.13279419 0.28418559
vt 0.14014715 0.29958373
vt 0.11322236 0.32902753
vt 0.10226634 0.32092607
vt 0.09799267 0.33402634
vt 0.08267737 0.38852584
vt 0.09606491 0.35798860
vt 0.10312293 0.38444012
vt 0.11731812 0.40005928
vt 0.11877023 0.35618341
vt 0.13119654 0.40499711
vt 0.13200505 0.41508633
vt 0.12363660 0.42100853
vt 0.11528537 0.41702378
vt 0.12801065 0.43476570
vt 0.13460632 0.43308616
vt 0.13291052 0.34246755
vt 0.11020936 0.33400941
vt 0.14980544 0.42127204
vt 0.15700455 0.42575681
vt 0.09252995 0.39768410
vt 0.14019455 0.30411017
vt 0.15677184 0.29696363
vt 0.15278333 0.43424714
vt 0.13900831 0.44458199
vt 0.02893905 0.33453035
vt 0.42914635 0.43356466
vt 0.15366773 0.27352703
vt 0.22519402 0.28381264
vt 0.52886182 0.29915535
vt 0.39777398 0.44785321
vt 0.19046503 0.27618909
vt 0.58905894 0.40823942
vt 0.35999990 0.43350017
vt 0.49185815 0.28331494
vt 0.13373196 0.32839042
vt 0.95820743 0.37432611
vt 0.96049434 0.37819672
vt 0.22888184 0.39579380
vt 0.15026119 0.45060080
vt 0.37554404 0.44718975
vt 0.16628151 0.38476324
vt 0.95712012 0.38699806
vt 0.37866476 0.26643646
vt 0.05103702 0.34817016
vt 0.16317704 0.29450649
vt 0.96056783 0.30733514
vt 0.10095274 0.39850330
vt 0.10714313 0.41378516
vt 0.16525607 0.31016719
vt 0.22576945 0.26036841
vt 0.22527392 0.38714737
vt 0.15481593 0.44256413
vt 0.15344991 0.44820321
vt 0.02821943 0.34400308
vt 0.01624105 0.33434999
vt 0.19227931 0.37703049
vt 0.96005434 0.26107788
vt 0.19992316 0.41727650
vt 0.08703353 0.34821248
vt 0.22600022 0.40213799
vt 0.15709028 0.43076944
vt 0.00690084 0.30788738
vt 0.76558334 0.34925663
vt 0.10308473 0.35142666
vt 0.03152274 0.31012714
vt 0.63547528 0.38210094
vt 0.00717934 0.32606637
vt 0.00938276 0.33236098
vt 0.00599369 0.33240509
vt 0.16420232 0.37581873
vt 0.09602108 0.34851563
vt 0.10586554 0.32959479
vt 0.15943274 0.42293036
vt 0.22124763 0.31951916
vt 0.07897195 0.32737762
vt 0.14771736 0.33677757
vt 0.20034897 0.43008757
vt 0.51803023 0.85113484
vt 0.55488962 0.87130278
vt 0.52506077 0.88554806
vt 0.48412901 0.90720963
vt 0.46782336 0.85148489
vt 0.55079710 0.89621538
vt 0.52930748 0.90720963
vt 0.83281296 0.85781044
vt 0.86656153 0.90854472
vt 0.84375453 0.88697731
vt 0.82642531 0.90854472
vt 0.78643531 0.86628222
vt 0.32018927 0.94401693
vt 0.33314914 0.97456348
vt 0.33459395 0.90098745
vt 0.33911672 0.86715621
vt 0.33911672 0.97797060
vt 0.03196184 0.80899841
vt 0.00788643 0.80173564
vt 0.01204915 0.83672190
vt 0.01420826 0.86522269
vt 0.02840678 0.87124884
vt 0.02396226 0.88398844
vt 0.03048839 0.80706680
vt 0.03690852 0.85716337
vt 0.03615500 0.81430286
vt 0.03690849 0.80361420
vt 0.02839892 0.87989783
vt 0.02677609 0.89252335
vt 0.03433060 0.80408084
vt 0.56281394 0.91063714
vt 0.52523661 0.94624978
vt 0.56162608 0.93612868
vt 0.58958989 0.90453941
vt 0.53816342 0.96683437
vt 0.57276374 0.95706546
vt 0.58958989 0.98197597
vt 0.73280758 0.23965287
vt 0.78384054 0.21428573
vt 0.75872517 0.23097605
vt 0.78832805 0.23965287
vt 0.10504732 0.25898802
vt 0.09200566 0.28104138
vt 0.07440911 0.25567424
vt 0.05772871 0.28104138
vt 0.92271292 0.04472631
vt 0.91360831 0.05213338
vt 0.92271292 0.10213619
vt 0.90946370 0.06150740
vt 0.90567821 0.73662823
vt 0.90590513 0.76339805
vt 0.91256368 0.72696930
vt 0.91955835 0.73078811
vt 0.91955835 0.76702267
vt 0.66969836 0.36114824
vt 0.67413247 0.36782378
vt 0.66340697 0.36782378
vt 0.03496544 0.88795447
vt 0.04826497 0.90615702
vt 0.04826498 0.86849129
vt 0.03432364 0.90180701
vt 0.03249211 0.90854472
vt 0.99842274 0.80707610
vt 0.99842274 0.77503335
vt 0.99526817 0.80548519
vt 0.10689339 0.96875471
vt 0.08675079 0.95362622
vt 0.10892797 0.96656054
vt 0.11192958 0.97396529
vt 0.11989140 0.97396529
vt 0.11782055 0.95260346
vt 0.12397476 0.95896041
vt 0.89999998 0.63882095
vt 0.89999998 0.60270405
vt 0.88649672 0.64819759
vt 0.88611990 0.60603011
vt 0.88695121 0.59746331
vt 0.04143697 0.96789730
vt 0.04384858 0.98731643
vt 0.04384858 0.96728975
vt 0.03817035 0.97331697
vt 0.18138801 0.02736986
vt 0.14479496 0.01306212
vt 0.15831302 0.00066757
vt 0.14998884 0.02736986
vt 0.93028390 0.71361816
vt 0.93529713 0.69626170
vt 0.96687698 0.69632745
vt 0.95936805 0.71361816
vt 0.85583597 0.47863817
vt 0.79905361 0.47863817
vt 0.81992811 0.46662217
vt 0.05835962 0.97797060
vt 0.05835962 0.83511347
vt 0.05205048 0.96581495
vt 0.04321767 0.83227468
vt 0.05268139 0.86315089
vt 0.04537286 0.80440587
vt 0.05268139 0.81635433
vt 0.01403680 0.28106266
vt 0.05394322 0.29172230
vt 0.00347003 0.29172230
vt 0.04923107 0.27967823
vt 0.01540876 0.26902533
vt 0.82963228 0.94325769
vt 0.83388108 0.93823236
vt 0.83564669 0.94325757
vt 0.82933754 0.93524700
vt 0.99243063 0.17718035
vt 0.99716091 0.17022699
vt 0.99230450 0.17056984
vt 0.99716091 0.18090785
vt 0.98174751 0.17604429
vt 0.97381705 0.17163503
vt 0.90027755 0.88948089
vt 0.90523422 0.89312899
vt 0.90518266 0.88557971
vt 0.90145296 0.87517267
vt 0.89581180 0.87801033
vt 0.89659250 0.86543953
vt 0.89057648 0.86839843
vt 0.89072543 0.88531488
vt 0.89184827 0.85441345
vt 0.88920653 0.85645616
vt 0.89169073 0.84709734
vt 0.89805710 0.85627860
vt 0.89322942 0.84769201
vt 0.89263374 0.83621341
vt 0.88401282 0.86983669
vt 0.87214726 0.84630018
vt 0.88022864 0.81494069
vt 0.88656259 0.80166042
vt 0.90565318 0.80577129
vt 0.89922458 0.78335476
vt 0.91853911 0.79786569
vt 0.87101275 0.86638302
vt 0.86845428 0.87044543
vt 0.86964983 0.85477591
vt 0.86886483 0.87924361
vt 0.87201095 0.91318095
vt 0.90727448 0.77987415
vt 0.90110332 0.77866894
vt 0.92843938 0.77864087
vt 0.92234910 0.77369827
vt 0.93455774 0.77478653
vt 0.93975651 0.78057301
vt 0.91977447 0.80420917
vt 0.93192327 0.80550051
vt 0.93039960 0.81198663
vt 0.92012489 0.81013680
vt 0.93803895 0.81300521
vt 0.90289110 0.81409562
vt 0.90187943 0.82166815
vt 0.91081071 0.77500153
vt 0.91030186 0.81267673
vt 0.87649077 0.82833880
vt 0.87516421 0.82649052
vt 0.89181930 0.90041876
vt 0.89671183 0.90621620
vt 0.89434111 0.91542554
vt 0.90397531 0.90280610
vt 0.90435117 0.89250666
vt 0.90130371 0.91391444
vt 0.89253891 0.91493624
vt 0.89563864 0.92685610
vt 0.89713067 0.92525351
vt 0.89912701 0.93364745
vt 0.89759266 0.94045496
vt 0.90227103 0.94230497
vt 0.89880472 0.95149231
vt 0.90581596 0.95070934
vt 0.90857232 0.95046926
vt 0.91264540 0.96161073
vt 0.88553256 0.97169918
vt 0.86884922 0.90407032
vt 0.87258208 0.92865115
vt 0.87684315 0.94846886
vt 0.87267011 0.93962109
vt 0.87549734 0.95223063
vt 0.87859046 0.96144694
vt 0.88061780 0.96090311
vt 0.88213432 0.97079837
vt 0.86942726 0.91500664
vt 0.88939208 0.89798516
vt 0.94711870 0.78931779
vt 0.89263791 0.98051447
vt 0.89094746 0.98277235
vt 0.89851052 0.99198836
vt 0.88372439 0.97498029
vt 0.89808899 0.98392719
vt 0.91843629 0.97768998
vt 0.91173393 0.99288887
vt 0.93453318 0.99004728
vt 0.93248063 0.96171343
vt 0.94747972 0.98317468
vt 0.94214106 0.98918396
vt 0.93852395 0.95953608
vt 0.93569314 0.95664972
vt 0.94341606 0.95762789
vt 0.96364737 0.95437747
vt 0.96159559 0.96405524
vt 0.95132250 0.98173845
vt 0.96011126 0.97065747
vt 0.94385296 0.94412380
vt 0.94825685 0.93113977
vt 0.95236045 0.91424537
vt 0.96509206 0.87177020
vt 0.96913207 0.92895168
vt 0.97155136 0.86709058
vt 0.96979064 0.85064918
vt 0.97233081 0.91660845
vt 0.97251230 0.92617124
vt 0.97361392 0.88404387
vt 0.97444797 0.90446639
vt 0.96773201 0.94314682
vt 0.95955944 0.84195757
vt 0.97444797 0.87072200
vt 0.94012231 0.94890559
vt 0.96508920 0.95883960
vt 0.92119002 0.99517596
vt 0.91742635 0.99897623
vt 0.93330365 0.99933243
vt 0.90740407 0.99619001
vt 0.92544872 0.96770889
vt 0.93392330 0.99544704
vt 0.95042503 0.98608738
vt 0.95438707 0.86731577
vt 0.92496794 0.96040654
vt 0.96718830 0.95193070
vt 0.91447514 0.95865279
vt 0.94160086 0.99408734
vt 0.95040405 0.84028745
vt 0.94433165 0.78111124
vt 0.94851035 0.78793687
vt 0.96279192 0.81601250
vt 0.90135008 0.99050981
vt 0.89425045 0.83868325
vt 0.94728506 0.84245336
vt 0.84944439 0.65754342
vt 0.86908519 0.65397465
vt 0.84826499 0.63926625
vt 0.86113584 0.58620304
vt 0.86908519 0.61673933
vt 0.86660135 0.60269034
vt 0.86587852 0.59225625
vt 0.86336750 0.58411217
vt 0.97299707 0.83275706
vt 0.99274451 0.84979975
vt 0.97089982 0.84979975
vt 0.96876973 0.81108147
vt 0.97799009 0.81925088
vt 0.03664240 0.19781500
vt 0.03702201 0.20755339
vt 0.03599264 0.20703423
vt 0.03487693 0.20228249
vt 0.03538292 0.18800151
vt 0.03733160 0.18869126
vt 0.03253503 0.18176448
vt 0.02758401 0.19228590
vt 0.03251246 0.21017587
vt 0.03497513 0.16329831
vt 0.01768865 0.17561084
vt 0.03193263 0.16511893
vt 0.03259378 0.15554202
vt 0.01740446 0.15307105
vt 0.03666880 0.15929073
vt 0.03043544 0.12960583
vt 0.03364668 0.12832981
vt 0.03367851 0.11234403
vt 0.01495065 0.10538805
vt 0.03442064 0.10333288
vt 0.03442009 0.09823227
vt 0.01244933 0.09646881
vt 0.00669169 0.10403365
vt 0.00900845 0.12784505
vt 0.03709176 0.10772032
vt 0.01714633 0.08717513
vt 0.00743794 0.07794845
vt 0.03750144 0.07913107
vt 0.01887637 0.07186204
vt 0.00897466 0.16794246
vt 0.00416055 0.17291439
vt 0.04076255 0.20412624
vt 0.00375677 0.19434285
vt 0.00596116 0.09931999
vt 0.03872422 0.16953301
vt 0.03967897 0.18371421
vt 0.04083211 0.16744739
vt 0.05110473 0.17625189
vt 0.05510570 0.19058061
vt 0.08131405 0.18420482
vt 0.08201622 0.17390186
vt 0.06043743 0.15636665
vt 0.07487064 0.19060063
vt 0.05889399 0.21006513
vt 0.07640324 0.20983934
vt 0.05617534 0.22221273
vt 0.07540989 0.22254586
vt 0.06641099 0.23574531
vt 0.12986034 0.21989447
vt 0.13730215 0.23252320
vt 0.13367641 0.23693073
vt 0.07052866 0.24038231
vt 0.04274425 0.22224092
vt 0.10505584 0.20901227
vt 0.07033025 0.15743250
vt 0.10409319 0.15519464
vt 0.10176908 0.13338763
vt 0.14816560 0.12963533
vt 0.15232874 0.15491289
vt 0.17544976 0.15353447
vt 0.18375780 0.12804997
vt 0.19786792 0.15181106
vt 0.21962249 0.14912897
vt 0.24024168 0.12354106
vt 0.19109266 0.17319167
vt 0.24747725 0.14398134
vt 0.24540587 0.14848280
vt 0.18861724 0.10046232
vt 0.14390726 0.10430574
vt 0.14486060 0.09944427
vt 0.19812050 0.09514397
vt 0.22061588 0.09402907
vt 0.10065507 0.10591102
vt 0.09694092 0.08792096
vt 0.14310984 0.08254671
vt 0.10145983 0.07616985
vt 0.06690641 0.07775891
vt 0.08983553 0.07202566
vt 0.06949554 0.06827313
vt 0.04108478 0.07605827
vt 0.04036939 0.06145990
vt 0.04134338 0.08801746
vt 0.10239827 0.06443036
vt 0.06842867 0.09044909
vt 0.03848195 0.06447357
vt 0.14261362 0.07337719
vt 0.19828075 0.07464468
vt 0.18033616 0.07058895
vt 0.18139394 0.22978294
vt 0.07535294 0.05382121
vt 0.21289037 0.12062711
vt 0.13470763 0.18102014
vt 0.12645550 0.15652567
vt 0.18570347 0.08687884
vt 0.10557186 0.12863392
vt 0.24517742 0.07339293
vt 0.24103540 0.06600666
vt 0.20270503 0.06059200
vt 0.22314194 0.06118947
vt 0.21722993 0.04426777
vt 0.17711359 0.04692358
vt 0.26426509 0.04051173
vt 0.28053129 0.07108080
vt 0.31207857 0.06136280
vt 0.27887943 0.08915651
vt 0.24219187 0.09277010
vt 0.27132726 0.09719759
vt 0.36284983 0.08449179
vt 0.36448219 0.06346399
vt 0.36423835 0.08915734
vt 0.40766677 0.08252871
vt 0.40814406 0.10268492
vt 0.35903552 0.10979110
vt 0.30202004 0.11325264
vt 0.32571703 0.14283597
vt 0.36288226 0.13209522
vt 0.35947767 0.14112651
vt 0.41175202 0.13716286
vt 0.36430529 0.16519314
vt 0.30256924 0.14452863
vt 0.27621314 0.11600953
vt 0.41045761 0.12945724
vt 0.44345337 0.08395386
vt 0.44750777 0.07859302
vt 0.37982011 0.05525512
vt 0.37400213 0.04941261
vt 0.41112593 0.04623520
vt 0.37892655 0.03138751
vt 0.41847983 0.02939224
vt 0.45098189 0.04355884
vt 0.49766132 0.02370149
vt 0.50583726 0.03928834
vt 0.51686841 0.04544216
vt 0.35481808 0.03376526
vt 0.32150653 0.05310905
vt 0.41464323 0.05477887
vt 0.49943516 0.07965833
vt 0.50164360 0.07411748
vt 0.52991015 0.07266694
vt 0.55357325 0.07166839
vt 0.52893358 0.09527892
vt 0.50812316 0.09893656
vt 0.52956140 0.10283184
vt 0.52917486 0.13024467
vt 0.47175723 0.13328600
vt 0.56943119 0.12540269
vt 0.54808408 0.15376830
vt 0.59601194 0.12380195
vt 0.60052711 0.14976275
vt 0.59592110 0.15844095
vt 0.64343381 0.15447921
vt 0.63427889 0.16324341
vt 0.69460696 0.15151185
vt 0.68490875 0.17165947
vt 0.73776811 0.14839524
vt 0.72328508 0.16908932
vt 0.76005679 0.16612214
vt 0.74578625 0.17760569
vt 0.77139258 0.17693776
vt 0.77305096 0.18975586
vt 0.77963096 0.18189418
vt 0.76402277 0.14914608
vt 0.75186533 0.13806200
vt 0.76774031 0.13653040
vt 0.69604027 0.18161392
vt 0.76430547 0.11209375
vt 0.63583517 0.14852154
vt 0.53490204 0.16280031
vt 0.61135721 0.17649090
vt 0.74402094 0.11375654
vt 0.67633140 0.14475447
vt 0.47765437 0.16562682
vt 0.48494172 0.15716690
vt 0.42809245 0.16901481
vt 0.60392410 0.11870182
vt 0.74322629 0.10873616
vt 0.56633788 0.05120397
vt 0.58688110 0.06946915
vt 0.61057270 0.06752849
vt 0.60012841 0.07229984
vt 0.61448216 0.05144596
vt 0.64138836 0.03704780
vt 0.57716948 0.09596330
vt 0.77868819 0.19743323
vt 0.79008830 0.18953580
vt 0.78097010 0.17045474
vt 0.78993100 0.17377752
vt 0.80903846 0.19168729
vt 0.80315071 0.17006356
vt 0.81462723 0.17995310
vt 0.81253481 0.20155406
vt 0.82860422 0.19763196
vt 0.82753080 0.16926944
vt 0.81475127 0.16488349
vt 0.65881401 0.05025381
vt 0.67593479 0.03472203
vt 0.68535393 0.02614719
vt 0.45435163 0.17347848
vt 0.52667838 0.18184912
vt 0.43943891 0.18778336
vt 0.52239037 0.19242853
vt 0.43973967 0.19911313
vt 0.49058270 0.20852113
vt 0.55071211 0.20791161
vt 0.56287831 0.19089615
vt 0.56988811 0.20216900
vt 0.61751091 0.19952846
vt 0.48123580 0.21371347
vt 0.38387042 0.19153810
vt 0.43737647 0.21246386
vt 0.77591765 0.11986601
vt 0.77894562 0.10988063
vt 0.77685070 0.14155239
vt 0.83006722 0.18839270
vt 0.83161259 0.16141731
vt 0.65319610 0.02878422
vt 0.68225020 0.00987518
vt 0.60668850 0.01509017
vt 0.47375131 0.10223508
vt 0.61716306 0.03130430
vt 0.50516266 0.05582958
vt 0.79846352 0.19941956
vt 0.77356988 0.16664547
vt 0.82629526 0.15147507
vt 0.73894835 0.02282882
vt 0.30193269 0.09560817
vt 0.65675551 0.06402010
vt 0.65368557 0.08857453
vt 0.70254207 0.07607222
vt 0.69494593 0.08592707
vt 0.65742171 0.09405291
vt 0.74146056 0.08272928
vt 0.75015485 0.07287037
vt 0.74773252 0.05788863
vt 0.77529466 0.06319290
vt 0.76522005 0.08311057
vt 0.71670908 0.05859315
vt 0.72542346 0.04482973
vt 0.74737138 0.04316324
vt 0.69880676 0.09088886
vt 0.04279494 0.15637112
vt 0.77562535 0.10595751
vt 0.16568713 0.06400019
vt 0.68527347 0.06081462
vt 0.76897937 0.05598497
vt 0.20694877 0.23458278
vt 0.22564930 0.22918612
vt 0.22434954 0.21567774
vt 0.24946457 0.21491301
vt 0.21955170 0.20588708
vt 0.24612145 0.20488536
vt 0.22561403 0.18713069
vt 0.18133751 0.19281763
vt 0.17302589 0.18764728
vt 0.17603883 0.20713401
vt 0.19455826 0.17999458
vt 0.30094403 0.21468598
vt 0.34431562 0.20163530
vt 0.29288355 0.18943417
vt 0.35472342 0.21241075
vt 0.30405718 0.22774225
vt 0.35811749 0.22915578
vt 0.37321004 0.22784919
vt 0.29833901 0.23166966
vt 0.24077579 0.18808663
vt 0.25974029 0.23111945
vt 0.83372122 0.14208758
vt 0.26967591 0.14596033
vt 0.63243169 0.20485294
vt 0.66889495 0.19497108
vt 0.70958161 0.19588220
vt 0.03884986 0.08004594
vt 0.49865279 0.13300687
vt 0.81401277 0.13522428
vt 0.60158181 0.09152043
vt 0.83144647 0.13669449
vt 0.81904125 0.12568414
vt 0.80634564 0.11672056
vt 0.79888594 0.12942731
vt 0.79452908 0.11870849
vt 0.78669864 0.12057102
vt 0.78941500 0.13132924
vt 0.79289043 0.14915931
vt 0.79311842 0.10588503
vt 0.80377680 0.08913761
vt 0.78390098 0.13837194
vt 0.81471312 0.09671718
vt 0.83639038 0.11380702
vt 0.74894929 0.19303119
vt 0.69763058 0.11316895
vt 0.69405937 0.11765879
vt 0.83758986 0.13406998
vt 0.84074253 0.11620760
vt 0.84820807 0.11979020
vt 0.84178442 0.11177599
vt 0.84500897 0.08623630
vt 0.85231572 0.15212190
vt 0.86350131 0.13312435
vt 0.86998963 0.15875685
vt 0.88100976 0.14398003
vt 0.88628745 0.16797847
vt 0.89105558 0.14576852
vt 0.87349641 0.16556966
vt 0.89489281 0.14900935
vt 0.90102291 0.13371438
vt 0.88514084 0.12346655
vt 0.90150642 0.14079267
vt 0.90057546 0.15063137
vt 0.91567677 0.15898657
vt 0.91710246 0.15080535
vt 0.91027272 0.13967711
vt 0.92086655 0.14499044
vt 0.90814930 0.12055093
vt 0.93192989 0.15996295
vt 0.87483978 0.13389707
vt 0.89860439 0.12688845
vt 0.87662697 0.11208236
vt 0.88259482 0.09752297
vt 0.86792284 0.08813000
vt 0.88294441 0.08425260
vt 0.90355939 0.11035752
vt 0.90435636 0.11840057
vt 0.87347853 0.07711476
vt 0.85936892 0.09825504
vt 0.86239064 0.18180823
vt 0.87097228 0.18026656
vt 0.86913872 0.19394374
vt 0.85723162 0.19659603
vt 0.87135983 0.20731175
vt 0.85037237 0.20527869
vt 0.87194252 0.21264535
vt 0.84187144 0.18308812
vt 0.83320618 0.19083357
vt 0.89091706 0.19483030
vt 0.85570306 0.21698081
vt 0.88333851 0.23102981
vt 0.84245545 0.22099608
vt 0.86085218 0.24113601
vt 0.83162659 0.20469856
vt 0.83064473 0.21593678
vt 0.82970065 0.19709522
vt 0.82857603 0.21599650
vt 0.89145476 0.21555895
vt 0.89153880 0.24205601
vt 0.88279581 0.24295342
vt 0.84478563 0.17174959
vt 0.90018660 0.22348964
vt 0.90816110 0.24571973
vt 0.89854753 0.15652120
vt 0.90043038 0.16754770
vt 0.89664406 0.17397022
vt 0.90999287 0.22304249
vt 0.90719759 0.16114318
vt 0.92055917 0.24174654
vt 0.92248368 0.22131497
vt 0.92949259 0.22971147
vt 0.91234511 0.21498889
vt 0.92656183 0.21413010
vt 0.91378188 0.19289291
vt 0.92180437 0.19492501
vt 0.92571568 0.20349270
vt 0.92750454 0.19485456
vt 0.93614095 0.20844865
vt 0.93424416 0.19036633
vt 0.93230152 0.24186492
vt 0.94741070 0.23076862
vt 0.93883890 0.22505879
vt 0.94537443 0.24768603
vt 0.95591885 0.24046838
vt 0.95693129 0.23130459
vt 0.95943135 0.24350631
vt 0.96387929 0.24340630
vt 0.96317202 0.24935627
vt 0.96096021 0.25248587
vt 0.95308626 0.25014341
vt 0.97066724 0.24522579
vt 0.97440171 0.25167924
vt 0.96275061 0.25700939
vt 0.95439297 0.22610646
vt 0.95745629 0.22185731
vt 0.94582117 0.21026576
vt 0.96617043 0.22651339
vt 0.96584791 0.21795809
vt 0.97058773 0.23507833
vt 0.97606176 0.23054981
vt 0.97951865 0.23988265
vt 0.98366022 0.24237967
vt 0.98216456 0.25079346
vt 0.98644513 0.23568887
vt 0.98300278 0.22653377
vt 0.98810726 0.22660363
vt 0.98602229 0.24395841
vt 0.98359376 0.21918482
vt 0.98926920 0.21701735
vt 0.98197258 0.21195990
vt 0.97344190 0.21198052
vt 0.97658366 0.20729232
vt 0.96955186 0.20275700
vt 0.96457952 0.21136147
vt 0.94352102 0.21493953
vt 0.95908004 0.20448637
vt 0.96052092 0.19642252
vt 0.95655537 0.19079614
vt 0.94575280 0.18358231
vt 0.94665021 0.19924647
vt 0.93924809 0.18197453
vt 0.92990744 0.16563928
vt 0.95155990 0.18261164
vt 0.93510562 0.21939397
vt 0.88887703 0.20841932
vt 0.89919859 0.17467612
vt 0.90971929 0.17747444
vt 0.90336746 0.19958431
vt 0.83595771 0.14249730
vt 0.89912266 0.18933761
vt 0.80766541 0.13601810
vt 0.72482771 0.03062588
vt 0.90290636 0.21570510
vt 0.97569436 0.24701816
vt 0.83766633 0.10823697
vt 0.03808223 0.05059427
vt 0.93643403 0.24743402
vt 0.92264700 0.24777991
vt 0.38394606 0.20721006
vt 0.36259264 0.18122649
vt 0.00280780 0.17834848
vt 0.00145596 0.21068001
vt 0.00350916 0.20837218
vt 0.01199331 0.21137738
vt 0.00261234 0.21961474
vt 0.97824699 0.25000644
vt 0.63432616 0.12216520
vt 0.17738180 0.21819925
vt 0.89505953 0.17389649
vt 0.90189177 0.13314599
vt 0.41500515 0.16211110
vt 0.29684868 0.04451376
vt 0.73998952 0.00565118
vt 0.76516545 0.01643115
vt 0.76535088 0.00273895
vt 0.76942760 0.01658773
vt 0.75645608 0.02965617
vt 0.76917052 0.00066757
vt 0.77130216 0.00636053
vt 0.77289432 0.01696074
vt 0.77353424 0.03864676
vt 0.78362125 0.02710474
vt 0.78076482 0.05000442
vt 0.78618217 0.05210954
vt 0.79334021 0.05098981
vt 0.79865283 0.03116584
vt 0.78666902 0.01589888
vt 0.79751569 0.01337969
vt 0.81423974 0.01911044
vt 0.80794656 0.01236182
vt 0.82868534 0.01656079
vt 0.82605404 0.03017837
vt 0.80658782 0.04835224
vt 0.80691051 0.05290920
vt 0.77092433 0.03893769
vt 0.77976805 0.01111478
vt 0.04507021 0.04534316
vt 0.56292009 0.18020809
vt 0.73028916 0.08964533
vt 0.22305650 0.17463577
vt 0.04041704 0.24199450
vt 0.71768653 0.14177829
vt 0.25742808 0.05851060
vt 0.43088746 0.10420358
vt 0.60083836 0.09979641
vt 0.83169085 0.19332725
vt 0.82548356 0.04905260
vt 0.44583544 0.05914414
vt 0.81930035 0.05848491
vt 0.66172767 0.11995161
vt 0.83039230 0.24079055
vt 0.14057547 0.17566401
vt 0.06098332 0.10536903
vt 0.05937805 0.11116838
vt 0.03933898 0.11044949
vt 0.04123012 0.12905204
vt 0.03845880 0.12824374
vt 0.77755433 0.08060342
vt 0.78032118 0.07861286
vt 0.87111151 0.24278438
vt 0.29067561 0.17136616
vt 0.81470132 0.15813464
vt 0.79530400 0.06904173
vt 0.13710536 0.20810795
vt 0.27840590 0.18524063
vt 0.54385781 0.03676176
vt 0.55412138 0.02017725
vt 0.13064648 0.18956637
vt 0.43876219 0.15860796
vt 0.24380685 0.11817098
vt 0.84155613 0.15644568
vt 0.04145023 0.13956290
vt 0.86403984 0.12744647
vt 0.44548702 0.13446128
vt 0.36077842 0.17455649
vt 0.04118622 0.10191369
vt 0.78413910 0.11279219
vt 0.10399760 0.05198622
vt 0.83151823 0.17787457
vt 0.82864660 0.02390051
vt 0.82923478 0.03182048
vt 0.03949702 0.23364627
vt 0.03657347 0.24138325
vt 0.03645495 0.23537028
vt 0.03857410 0.22429401
vt 0.83460939 0.16556108
vt 0.94635075 0.20260775
vt 0.94484609 0.22138792
vt 0.82761651 0.24297291
vt 0.82881886 0.24345744
vt 0.00539610 0.08684540
vt 0.95717329 0.21117800
vt 0.85094792 0.06284422
vt 0.85349911 0.05139953
vt 0.77491134 0.15402925
vt 0.89439708 0.20449376
vt 0.87218589 0.11316180
vt 0.83286834 0.16097468
vt 0.06422569 0.13606244
vt 0.62993616 0.18607694
vt 0.84782964 0.07717645
vt 0.04213690 0.19249737
vt 0.76624852 0.03854471
vt 0.03811337 0.13087821
vt 0.91638893 0.17230636
vt 0.03808340 0.10213047
vt 0.00497697 0.12774462
vt 0.00358359 0.12524867
vt 0.01519259 0.22142053
vt 0.01367540 0.23873979
vt 0.00169603 0.23694289
vt 0.03064665 0.24448836
vt 0.03158448 0.22517771
vt 0.01160566 0.24837190
vt 0.00080352 0.24625754
vt 0.03442904 0.23125565
vt 0.03283523 0.24727619
vt 0.02960347 0.25700939
vt 0.06318484 0.13141370
vt 0.83075887 0.17670339
vt 0.78129792 0.15518785
vt 0.89387906 0.20055878
vt 0.00031546 0.23002535
vt 0.83303738 0.05829906
vt 0.00547216 0.15349537
vt 0.03897855 0.15522075
vt 0.03752825 0.08510756
vt 0.84840178 0.06012446
vt 0.98537767 0.25079244
vt 0.03985367 0.21681279
vt 0.01465746 0.19505864
vt 0.03885121 0.15784848
vt 0.98958993 0.23268402
vt 0.03531567 0.21934748
vt 0.97284681 0.22199738
vt 0.03864104 0.12016642
vt 0.42443466 0.21567285
vt 0.82762057 0.10554391
vt 0.00305007 0.15180343
vt 0.77708507 0.05325347
vt 0.79603177 0.16197979
vt 0.91303664 0.17745417
vt 0.24639018 0.17560995
vt 0.78499782 0.08785337
vt 0.78219998 0.07227641
vt 0.93781918 0.18436724
vt 0.76553303 0.91255009
vt 0.76056784 0.91255009
vt 0.76876974 0.90701747
vt 0.76709700 0.90357864
vt 0.76355720 0.90320426
vt 0.62174940 0.94247425
vt 0.62050474 0.94726300
vt 0.62060356 0.93858880
vt 0.63118625 0.93726814
vt 0.63230288 0.93345487
vt 0.63438487 0.93494737
vt 0.63186914 0.94726300
vt 0.62662005 0.92723632
vt 0.90126181 0.47863817
vt 0.88198006 0.47863817
vt 0.90039480 0.46171516
vt 0.89531720 0.45594126
vt 0.87979245 0.46869230
vt 0.87791800 0.47343969
vt 0.01419558 0.96354920
vt 0.01738741 0.99012870
vt 0.01909974 0.95513886
vt 0.02744479 0.99132174
vt 0.02744478 0.95447314
vt 0.02419589 0.94993323
vt 0.87961304 0.68825102
vt 0.92523497 0.70750260
vt 0.88594103 0.70718968
vt 0.87854892 0.71895862
vt 0.92649841 0.71895862
vt 0.91470128 0.49065423
vt 0.93596214 0.50564587
vt 0.89621449 0.50577885
vt 0.90662891 0.51735646
vt 0.93596143 0.51735646
vt 0.03116409 0.93281651
vt 0.03113024 0.94480664
vt 0.03753943 0.93257678
vt 0.03753943 0.94726300
vt 0.02236528 0.94051623
vt 0.01798107 0.93437326
vt 0.33659306 0.81193966
vt 0.40317342 0.80574101
vt 0.37591752 0.82042724
vt 0.41685310 0.82042724
vt 0.45646688 0.81683505
vt 0.07728706 0.83124113
vt 0.07917981 0.82974994
vt 0.07762094 0.80440587
vt 0.07796980 0.84159619
vt 0.07917978 0.84445930
vt 0.25574005 0.80707610
vt 0.25508335 0.82798499
vt 0.23410121 0.84087628
vt 0.20993179 0.83344966
vt 0.25962144 0.85246998
vt 0.19905363 0.85246998
vt 0.34067333 0.97961533
vt 0.32874429 0.98998666
vt 0.26908517 0.98875737
vt 0.39028966 0.98998666
vt 0.46593061 0.98115271
vt 0.36792630 0.97263020
vt 0.14479496 0.96571541
vt 0.19463722 0.98064083
vt 0.14513956 0.98064083
vt 0.18567364 0.95260346
vt 0.08362513 0.99399197
vt 0.07287066 0.98877823
vt 0.09151257 0.97663552
vt 0.10171145 0.99399197
vt 0.11514196 0.98061150
vt 0.02744479 0.02736986
vt 0.03266191 0.02907920
vt 0.02845993 0.04606140
vt 0.03817035 0.04606140
vt 0.52175325 0.82176232
vt 0.55419821 0.83489460
vt 0.51388013 0.83911884
vt 0.61293375 0.83911884
vt 0.38008320 0.89093399
vt 0.41123736 0.91255009
vt 0.38172048 0.91255009
vt 0.41545743 0.91001022
vt 0.39103827 0.86715621
vt 0.35509822 0.87485105
vt 0.35236594 0.89178383
vt 0.03755153 0.01935917
vt 0.04321767 0.02202940
vt 0.03501577 0.02202940
vt 0.86971611 0.83984733
vt 0.85231096 0.85113484
vt 0.85667920 0.81850946
vt 0.84028989 0.84162426
vt 0.84326059 0.81775701
vt 0.83295017 0.82260859
vt 0.83343625 0.84915709
vt 0.83059937 0.85113484
vt 0.76624608 0.82612354
vt 0.82358783 0.81909209
vt 0.76945865 0.84579438
vt 0.82807571 0.84579438
vt 0.52835971 0.22496665
vt 0.55867505 0.24499333
vt 0.52404475 0.24499333
vt 0.48864353 0.22764492
vt 0.66845423 0.86315089
vt 0.63312590 0.86291474
vt 0.65627772 0.84076166
vt 0.62362778 0.83644861
vt 0.62063587 0.86315089
vt 0.61735016 0.85898423
vt 0.02618296 0.69759679
vt 0.01167192 0.68355644
vt 0.01544502 0.68157542
vt 0.01263747 0.69759679
vt 0.86720282 0.48397863
vt 0.89432174 0.48466229
vt 0.88033891 0.50934577
vt 0.83375394 0.50934577
vt 0.84071213 0.48436445
vt 0.39211357 0.83413684
vt 0.42483413 0.83377838
vt 0.40643746 0.86048067
vt 0.44826499 0.86048067
vt 0.62682658 0.22524309
vt 0.65899056 0.22825485
vt 0.63013744 0.22997415
vt 0.57587481 0.22363150
vt 0.56988305 0.22865343
vt 0.60833782 0.23698264
vt 0.56561512 0.23698264
vt 0.60518664 0.92772222
vt 0.61207348 0.90015608
vt 0.60395706 0.92396003
vt 0.61399227 0.92331725
vt 0.60843658 0.94092965
vt 0.61102724 0.94257385
vt 0.60629392 0.96862483
vt 0.60927683 0.89745003
vt 0.59776956 0.96752244
vt 0.61419559 0.94915992
vt 0.61419559 0.87516689
vt 0.60529780 0.89189386
vt 0.59966141 0.90781021
vt 0.60206956 0.89124429
vt 0.59526813 0.90104276
vt 0.60177559 0.88533366
vt 0.06912821 0.96194929
vt 0.06998735 0.97859770
vt 0.06783286 0.98147935
vt 0.07034700 0.99799734
vt 0.06593060 0.99799722
vt 0.54479498 0.97786599
vt 0.54434693 0.98833388
vt 0.53992230 0.97741455
vt 0.53085160 0.96461952
vt 0.53321123 0.98865151
vt 0.52726746 0.97771645
vt 0.52360380 0.98833388
vt 0.52271295 0.98445266
vt 0.37318611 0.86315089
vt 0.32775876 0.86315089
vt 0.34019020 0.85514021
vt 0.25709778 0.85804200
vt 0.90161705 0.04615629
vt 0.89873815 0.04921913
vt 0.89921576 0.06074768
vt 0.90189272 0.03271025
vt 0.90189272 0.06073505
vt 0.06088328 0.83911884
vt 0.05962145 0.83983129
vt 0.06088324 0.86582112
vt 0.60317028 0.80173564
vt 0.60536277 0.80974633
vt 0.59652996 0.80974627
vt 0.57314670 0.87054515
vt 0.56940061 0.87515152
vt 0.57095838 0.87797385
vt 0.57212073 0.86255687
vt 0.57318610 0.88184243
vt 0.57318610 0.86181575
vt 0.01216319 0.49895149
vt 0.01134329 0.49830961
vt 0.00611101 0.53520739
vt 0.00507892 0.53831214
vt 0.00456018 0.50967211
vt 0.01130182 0.47909653
vt 0.01388357 0.49582529
vt 0.01861199 0.46795726
vt 0.00243379 0.54141790
vt 0.00094637 0.53537917
vt 0.00098053 0.56243044
vt 0.00376730 0.55720812
vt 0.00485577 0.56231529
vt 0.00166493 0.58379477
vt 0.00367135 0.58196867
vt 0.00324771 0.59379196
vt 0.00594262 0.58649045
vt 0.00644120 0.59393317
vt 0.00503743 0.60257000
vt 0.00843813 0.60467023
vt 0.00810379 0.61496478
vt 0.01117410 0.61654025
vt 0.01269965 0.62475568
vt 0.01214881 0.62747377
vt 0.01861199 0.63484645
vt 0.05331230 0.01268357
vt 0.05268139 0.01628464
vt 0.05331230 0.03538048
f 1979/1979 1986/1986 2022/2022
f 631/631 635/635 630/630
f 637/637 638/638 636/636
f 641/641 696/696 697/697
f 642/642 637/637 643/643
f 646/646 642/642 645/645
f 695/695 645/645 647/647
f 646/646 677/677 640/640
f 639/639 641/641 636/636
f 642/642 638/638 637/637
f 652/652 650/650 649/649
f 657/657 626/626 659/659
f 678/678 635/635 698/698
f 1983/1983 1979/1979 1982/1982
f 620/620 621/621 622/622
f 618/618 619/619 617/617
f 694/694 646/646 645/645
f 712/712 716/716 711/711
f 634/634 641/641 697/697
f 632/632 633/633 631/631
f 624/624 622/622 623/623
f 708/708 663/663 671/671
f 683/683 692/692 613/613
f 667/667 668/668 671/671
f 653/653 652/652 649/649
f 1981/1981 1982/1982 1979/1979
f 679/679 670/670 616/616
f 618/618 616/616 670/670
f 647/647 648/648 651/651
f 719/719 695/695 647/647
f 629/629 652/652 632/632
f 633/633 632/632 653/653
f 639/639 636/636 638/638
f 643/643 644/644 642/642
f 636/636 634/634 633/633
f 652/652 658/658 654/654
f 616/616 680/680 679/679
f 670/670 679/679 720/720
f 720/720 679/679 721/721
f 618/618 669/669 619/619
f 664/664 667/667 663/663
f 614/614 616/616 615/615
f 713/713 721/721 680/680
f 614/614 681/681 680/680
f 615/615 616/616 617/617
f 613/613 692/692 614/614
f 678/678 628/628 630/630
f 685/685 686/686 682/682
f 627/627 626/626 658/658
f 719/719 712/712 695/695
f 646/646 727/727 677/677
f 657/657 656/656 654/654
f 662/662 672/672 673/673
f 725/725 674/674 675/675
f 633/633 634/634 631/631
f 731/731 716/716 717/717
f 659/659 626/626 625/625
f 628/628 627/627 629/629
f 660/660 674/674 676/676
f 653/653 643/643 637/637
f 676/676 693/693 699/699
f 725/725 710/710 693/693
f 664/664 663/663 661/661
f 650/650 652/652 654/654
f 670/670 669/669 618/618
f 623/623 666/666 665/665
f 624/624 625/625 626/626
f 665/665 666/666 664/664
f 665/665 625/625 623/623
f 612/612 613/613 614/614
f 708/708 671/671 709/709
f 681/681 692/692 715/715
f 621/621 666/666 623/623
f 614/614 680/680 616/616
f 608/608 609/609 610/610
f 631/631 630/630 629/629
f 630/630 628/628 629/629
f 608/608 611/611 622/622
f 648/648 643/643 649/649
f 627/627 628/628 608/608
f 634/634 636/636 641/641
f 642/642 644/644 645/645
f 625/625 665/665 659/659
f 666/666 621/621 667/667
f 704/704 677/677 727/727
f 732/732 694/694 705/705
f 612/612 611/611 610/610
f 665/665 664/664 661/661
f 622/622 611/611 620/620
f 619/619 621/621 620/620
f 658/658 657/657 654/654
f 619/619 669/669 621/621
f 1984/1984 1983/1983 1982/1982
f 629/629 658/658 652/652
f 647/647 651/651 719/719
f 645/645 644/644 647/647
f 650/650 651/651 648/648
f 633/633 653/653 637/637
f 688/688 639/639 677/677
f 703/703 712/712 651/651
f 671/671 668/668 691/691
f 621/621 669/669 668/668
f 683/683 613/613 682/682
f 614/614 692/692 681/681
f 620/620 617/617 619/619
f 683/683 689/689 724/724
f 611/611 608/608 610/610
f 629/629 627/627 658/658
f 690/690 722/722 730/730
f 670/670 722/722 690/690
f 678/678 630/630 635/635
f 702/702 655/655 656/656
f 660/660 657/657 659/659
f 689/689 683/683 687/687
f 657/657 658/658 626/626
f 693/693 700/700 699/699
f 673/673 674/674 662/662
f 660/660 662/662 674/674
f 676/676 674/674 693/693
f 702/702 703/703 655/655
f 672/672 663/663 708/708
f 701/701 702/702 699/699
f 2026/2026 1979/1979 2025/2025
f 1990/1990 1991/1991 1987/1987
f 646/646 729/729 728/728
f 663/663 662/662 661/661
f 696/696 639/639 688/688
f 646/646 640/640 642/642
f 676/676 656/656 657/657
f 643/643 647/647 644/644
f 660/660 676/676 657/657
f 712/712 719/719 651/651
f 662/662 660/660 661/661
f 674/674 673/673 675/675
f 655/655 650/650 654/654
f 706/706 700/700 707/707
f 717/717 716/716 712/712
f 643/643 648/648 647/647
f 694/694 732/732 729/729
f 621/621 623/623 622/622
f 730/730 723/723 690/690
f 701/701 699/699 700/700
f 617/617 612/612 615/615
f 682/682 609/609 685/685
f 659/659 665/665 661/661
f 699/699 702/702 656/656
f 641/641 639/639 696/696
f 609/609 678/678 684/684
f 639/639 640/640 677/677
f 624/624 623/623 625/625
f 682/682 686/686 683/683
f 695/695 694/694 645/645
f 635/635 631/631 634/634
f 1979/1979 1980/1980 1981/1981
f 681/681 715/715 714/714
f 698/698 684/684 678/678
f 689/689 687/687 718/718
f 1979/1979 2022/2022 2023/2023
f 714/714 721/721 713/713
f 724/724 692/692 683/683
f 664/664 666/666 667/667
f 1/1 2/2 3/3
f 2023/2023 2025/2025 1979/1979
f 690/690 668/668 670/670
f 2027/2027 2023/2023 2024/2024
f 617/617 616/616 618/618
f 726/726 692/692 724/724
f 726/726 714/714 715/715
f 611/611 612/612 620/620
f 2022/2022 2024/2024 2023/2023
f 610/610 682/682 613/613
f 1985/1985 1986/1986 1983/1983
f 615/615 612/612 614/614
f 680/680 681/681 713/713
f 704/704 688/688 677/677
f 1979/1979 1983/1983 1986/1986
f 610/610 613/613 612/612
f 609/609 682/682 610/610
f 1987/1987 1985/1985 1984/1984
f 609/609 684/684 685/685
f 1290/1290 1291/1291 1292/1292
f 695/695 712/712 711/711
f 640/640 639/639 638/638
f 697/697 635/635 634/634
f 687/687 686/686 685/685
f 626/626 627/627 624/624
f 713/713 681/681 714/714
f 697/697 698/698 635/635
f 725/725 693/693 674/674
f 633/633 637/637 636/636
f 668/668 667/667 621/621
f 694/694 695/695 705/705
f 693/693 710/710 700/700
f 672/672 662/662 663/663
f 695/695 711/711 705/705
f 701/701 703/703 702/702
f 679/679 680/680 721/721
f 656/656 676/676 699/699
f 703/703 717/717 712/712
f 1990/1990 1987/1987 1984/1984
f 632/632 652/652 653/653
f 729/729 646/646 694/694
f 722/722 670/670 720/720
f 624/624 608/608 622/622
f 690/690 691/691 668/668
f 715/715 692/692 726/726
f 612/612 617/617 620/620
f 609/609 608/608 628/628
f 631/631 629/629 632/632
f 686/686 687/687 683/683
f 723/723 709/709 691/691
f 2023/2023 2027/2027 2025/2025
f 608/608 624/624 627/627
f 653/653 649/649 643/643
f 691/691 709/709 671/671
f 651/651 650/650 655/655
f 717/717 706/706 731/731
f 671/671 663/663 667/667
f 701/701 706/706 717/717
f 706/706 701/701 700/700
f 1983/1983 1984/1984 1985/1985
f 654/654 656/656 655/655
f 707/707 700/700 710/710
f 655/655 703/703 651/651
f 628/628 678/678 609/609
f 691/691 690/690 723/723
f 670/670 668/668 669/669
f 703/703 701/701 717/717
f 638/638 642/642 640/640
f 659/659 661/661 660/660
f 649/649 650/650 648/648
f 646/646 728/728 727/727
f 816/816 841/841 814/814
f 814/814 841/841 809/809
f 2078/2078 2077/2077 2075/2075
f 809/809 828/828 810/810
f 2074/2074 2073/2073 2081/2081
f 831/831 856/856 816/816
f 2081/2081 2073/2073 2077/2077
f 2077/2077 2073/2073 2075/2075
f 2075/2075 2073/2073 2072/2072
f 2075/2075 2072/2072 2076/2076
f 2076/2076 2072/2072 2079/2079
f 810/810 839/839 824/824
f 849/849 856/856 831/831
f 837/837 849/849 831/831
f 2073/2073 2071/2071 2072/2072
f 2079/2079 2072/2072 2064/2064
f 2079/2079 2064/2064 2093/2093
f 2064/2064 2065/2065 2083/2083
f 2093/2093 2064/2064 2083/2083
f 837/837 850/850 849/849
f 2074/2074 2071/2071 2073/2073
f 2071/2071 2064/2064 2072/2072
f 2112/2112 2111/2111 2114/2114
f 2115/2115 2112/2112 2114/2114
f 2074/2074 2080/2080 2071/2071
f 2071/2071 2080/2080 2070/2070
f 2071/2071 2070/2070 2064/2064
f 2064/2064 2070/2070 2069/2069
f 2064/2064 2059/2059 2065/2065
f 2065/2065 2059/2059 2066/2066
f 2065/2065 2066/2066 2067/2067
f 796/796 799/799 791/791
f 2098/2098 2049/2049 2099/2099
f 850/850 857/857 849/849
f 2080/2080 2091/2091 2070/2070
f 791/791 799/799 779/779
f 2111/2111 2112/2112 2113/2113
f 2080/2080 2096/2096 2091/2091
f 675/675 673/673 738/738
f 738/738 673/673 739/739
f 739/739 673/673 672/672
f 739/739 672/672 708/708
f 739/739 708/708 741/741
f 2069/2069 2068/2068 2064/2064
f 2066/2066 2059/2059 2090/2090
f 2097/2097 2049/2049 2098/2098
f 2049/2049 2015/2015 2096/2096
f 710/710 725/725 738/738
f 2096/2096 2102/2102 2091/2091
f 738/738 725/725 675/675
f 741/741 708/708 709/709
f 741/741 709/709 740/740
f 2068/2068 2063/2063 2064/2064
f 2064/2064 2063/2063 2059/2059
f 2059/2059 2060/2060 2090/2090
f 2090/2090 2060/2060 2095/2095
f 2097/2097 2010/2010 2049/2049
f 735/735 707/707 734/734
f 734/734 707/707 710/710
f 740/740 709/709 723/723
f 2082/2082 2061/2061 2063/2063
f 2068/2068 2082/2082 2063/2063
f 2063/2063 2061/2061 2059/2059
f 2142/2142 2149/2149 2631/2631
f 2142/2142 2137/2137 2149/2149
f 735/735 706/706 707/707
f 723/723 730/730 733/733
f 2062/2062 2058/2058 2061/2061
f 2061/2061 2058/2058 2059/2059
f 2059/2059 2058/2058 2057/2057
f 2059/2059 2057/2057 2060/2060
f 2060/2060 2057/2057 2089/2089
f 2060/2060 2089/2089 2095/2095
f 776/776 797/797 769/769
f 2149/2149 2137/2137 2138/2138
f 2049/2049 2010/2010 1999/1999
f 2049/2049 1999/1999 2012/2012
f 2049/2049 2012/2012 2015/2015
f 735/735 731/731 706/706
f 2009/2009 2007/2007 2010/2010
f 2010/2010 2007/2007 1999/1999
f 2012/2012 2013/2013 2015/2015
f 735/735 716/716 731/731
f 722/722 744/744 742/742
f 730/730 722/722 742/742
f 2058/2058 2092/2092 2088/2088
f 2088/2088 2055/2055 2058/2058
f 2058/2058 2055/2055 2057/2057
f 2057/2057 2084/2084 2089/2089
f 2089/2089 2084/2084 2086/2086
f 2138/2138 2647/2647 2648/2648
f 2138/2138 2648/2648 2149/2149
f 2138/2138 2139/2139 2647/2647
f 2009/2009 2008/2008 2007/2007
f 1999/1999 2011/2011 2012/2012
f 2012/2012 2011/2011 2013/2013
f 722/722 720/720 744/744
f 2055/2055 2056/2056 2057/2057
f 2057/2057 2056/2056 2084/2084
f 2084/2084 2085/2085 2086/2086
f 2011/2011 2014/2014 2013/2013
f 2007/2007 2005/2005 1999/1999
f 720/720 721/721 743/743
f 720/720 743/743 744/744
f 2094/2094 2037/2037 2088/2088
f 2092/2092 2094/2094 2088/2088
f 2088/2088 2037/2037 2055/2055
f 2647/2647 2679/2679 2648/2648
f 2008/2008 2018/2018 2005/2005
f 2008/2008 2005/2005 2007/2007
f 2011/2011 2019/2019 2014/2014
f 2084/2084 2056/2056 2085/2085
f 2647/2647 2665/2665 2679/2679
f 2647/2647 2139/2139 2665/2665
f 1999/1999 1997/1997 2011/2011
f 2011/2011 1997/1997 2019/2019
f 2036/2036 2037/2037 2094/2094
f 721/721 714/714 743/743
f 2056/2056 2087/2087 2085/2085
f 2665/2665 2146/2146 2679/2679
f 2018/2018 2006/2006 2005/2005
f 1997/1997 2016/2016 2019/2019
f 705/705 736/736 732/732
f 2035/2035 2034/2034 2037/2037
f 2036/2036 2035/2035 2037/2037
f 2037/2037 2054/2054 2055/2055
f 2055/2055 2054/2054 2056/2056
f 2054/2054 2100/2100 2056/2056
f 2056/2056 2100/2100 2087/2087
f 2006/2006 1998/1998 2005/2005
f 2665/2665 2145/2145 2146/2146
f 1998/1998 1997/1997 1999/1999
f 2005/2005 1998/1998 1999/1999
f 736/736 729/729 732/732
f 2036/2036 2033/2033 2035/2035
f 2037/2037 2034/2034 2054/2054
f 786/786 753/753 757/757
f 2016/2016 1997/1997 1992/1992
f 2016/2016 1992/1992 2017/2017
f 729/729 737/737 728/728
f 2031/2031 2032/2032 2033/2033
f 2033/2033 2032/2032 2034/2034
f 2033/2033 2034/2034 2035/2035
f 2034/2034 2050/2050 2054/2054
f 2054/2054 2052/2052 2100/2100
f 2146/2146 2148/2148 2541/2541
f 1998/1998 1996/1996 1997/1997
f 1996/1996 1992/1992 1997/1997
f 728/728 737/737 727/727
f 2024/2024 2029/2029 2030/2030
f 2030/2030 2029/2029 2031/2031
f 2031/2031 2029/2029 2032/2032
f 2050/2050 2051/2051 2052/2052
f 2054/2054 2050/2050 2052/2052
f 2541/2541 2148/2148 2542/2542
f 1996/1996 1995/1995 1992/1992
f 2101/2101 1992/1992 1989/1989
f 2101/2101 1989/1989 1991/1991
f 1989/1989 1987/1987 1991/1991
f 2022/2022 2028/2028 2024/2024
f 2024/2024 2028/2028 2029/2029
f 2029/2029 2028/2028 2038/2038
f 2029/2029 2038/2038 2032/2032
f 2032/2032 2038/2038 2034/2034
f 2034/2034 2038/2038 2050/2050
f 760/760 764/764 758/758
f 2148/2148 2543/2543 2542/2542
f 2148/2148 2544/2544 2543/2543
f 1989/1989 1992/1992 1988/1988
f 1989/1989 1988/1988 1987/1987
f 1987/1987 1988/1988 1985/1985
f 1988/1988 2048/2048 1985/1985
f 1985/1985 2048/2048 1986/1986
f 1986/1986 2048/2048 2022/2022
f 2022/2022 2048/2048 2028/2028
f 2105/2105 2104/2104 2106/2106
f 2038/2038 2053/2053 2051/2051
f 2050/2050 2038/2038 2051/2051
f 2543/2543 2545/2545 2542/2542
f 2543/2543 2544/2544 2545/2545
f 2542/2542 2545/2545 2663/2663
f 1992/1992 1993/1993 1988/1988
f 1988/1988 1993/1993 2048/2048
f 2104/2104 2107/2107 2106/2106
f 2107/2107 2108/2108 2106/2106
f 2108/2108 2109/2109 2106/2106
f 2106/2106 2109/2109 2110/2110
f 1995/1995 2020/2020 1994/1994
f 1995/1995 1994/1994 1992/1992
f 1992/1992 1994/1994 1993/1993
f 1993/1993 2004/2004 2048/2048
f 2103/2103 2104/2104 2105/2105
f 2045/2045 2044/2044 2046/2046
f 2545/2545 2651/2651 2663/2663
f 2663/2663 2651/2651 2655/2655
f 1995/1995 2021/2021 2020/2020
f 1994/1994 2000/2000 1993/1993
f 1993/1993 2000/2000 2004/2004
f 2040/2040 2041/2041 2004/2004
f 2041/2041 2044/2044 2045/2045
f 2020/2020 2021/2021 1994/1994
f 2040/2040 2042/2042 2041/2041
f 2042/2042 2043/2043 2041/2041
f 2041/2041 2043/2043 2044/2044
f 1036/1036 1018/1018 1037/1037
f 1037/1037 1018/1018 1012/1012
f 1994/1994 2002/2002 2001/2001
f 1994/1994 2001/2001 2000/2000
f 1012/1012 1008/1008 1010/1010
f 2000/2000 2001/2001 2003/2003
f 2003/2003 2039/2039 2004/2004
f 2000/2000 2003/2003 2004/2004
f 2039/2039 2047/2047 2040/2040
f 2004/2004 2039/2039 2040/2040
f 1022/1022 1030/1030 1043/1043
f 1022/1022 1026/1026 1030/1030
f 1010/1010 1016/1016 1025/1025
f 1025/1025 1016/1016 1021/1021
f 815/815 817/817 816/816
f 848/848 853/853 850/850
f 850/850 853/853 857/857
f 853/853 859/859 857/857
f 857/857 859/859 861/861
f 2142/2142 2141/2141 2137/2137
f 2137/2137 2134/2134 2138/2138
f 2138/2138 2134/2134 2139/2139
f 2139/2139 2129/2129 2665/2665
f 2145/2145 2126/2126 2146/2146
f 2126/2126 2671/2671 2148/2148
f 2146/2146 2126/2126 2148/2148
f 764/764 761/761 758/758
f 2148/2148 2671/2671 2544/2544
f 2545/2545 2650/2650 2651/2651
f 2651/2651 2654/2654 2655/2655
f 1034/1034 1038/1038 1041/1041
f 1035/1035 1017/1017 1018/1018
f 1036/1036 1035/1035 1018/1018
f 1017/1017 1005/1005 1012/1012
f 1018/1018 1017/1017 1012/1012
f 1012/1012 1005/1005 1008/1008
f 1022/1022 1020/1020 1023/1023
f 1022/1022 1023/1023 1026/1026
f 1008/1008 1007/1007 1010/1010
f 1010/1010 1007/1007 1015/1015
f 1010/1010 1015/1015 1016/1016
f 1016/1016 1020/1020 1021/1021
f 1021/1021 1020/1020 1022/1022
f 2129/2129 2145/2145 2665/2665
f 2544/2544 2649/2649 2545/2545
f 2649/2649 2650/2650 2545/2545
f 2651/2651 2650/2650 2654/2654
f 1034/1034 1033/1033 1038/1038
f 1030/1030 1033/1033 1034/1034
f 1005/1005 1007/1007 1008/1008
f 1023/1023 1028/1028 1026/1026
f 1026/1026 1028/1028 1030/1030
f 1016/1016 1015/1015 1020/1020
f 2144/2144 2143/2143 2142/2142
f 2142/2142 2143/2143 2141/2141
f 2129/2129 2126/2126 2145/2145
f 2126/2126 2123/2123 2671/2671
f 2671/2671 2123/2123 2124/2124
f 2700/2700 2701/2701 2702/2702
f 2702/2702 2701/2701 2703/2703
f 2650/2650 2658/2658 2654/2654
f 1035/1035 1001/1001 1017/1017
f 1001/1001 1011/1011 1017/1017
f 1030/1030 1029/1029 1033/1033
f 1005/1005 1006/1006 1007/1007
f 1015/1015 1019/1019 1020/1020
f 1028/1028 1029/1029 1030/1030
f 800/800 803/803 811/811
f 848/848 854/854 853/853
f 2141/2141 2136/2136 2137/2137
f 2136/2136 2135/2135 2134/2134
f 2137/2137 2136/2136 2134/2134
f 2135/2135 2133/2133 2134/2134
f 2133/2133 2131/2131 2134/2134
f 2134/2134 2131/2131 2139/2139
f 2139/2139 2131/2131 2129/2129
f 2129/2129 2128/2128 2126/2126
f 2126/2126 2122/2122 2123/2123
f 765/765 762/762 764/764
f 2649/2649 2652/2652 2650/2650
f 785/785 784/784 783/783
f 1033/1033 1031/1031 1038/1038
f 1017/1017 1011/1011 1005/1005
f 1005/1005 1009/1009 1006/1006
f 1007/1007 1014/1014 1015/1015
f 1015/1015 1014/1014 1019/1019
f 833/833 838/838 835/835
f 838/838 847/847 840/840
f 848/848 852/852 854/854
f 854/854 860/860 859/859
f 2143/2143 2667/2667 2141/2141
f 2131/2131 2128/2128 2129/2129
f 2128/2128 2127/2127 2126/2126
f 2126/2126 2127/2127 2122/2122
f 2701/2701 2704/2704 2703/2703
f 2649/2649 2653/2653 2652/2652
f 784/784 781/781 783/783
f 2650/2650 2652/2652 2658/2658
f 1031/1031 1039/1039 1038/1038
f 1029/1029 1031/1031 1033/1033
f 1005/1005 1011/1011 1009/1009
f 1007/1007 1006/1006 1014/1014
f 1019/1019 1024/1024 1023/1023
f 1020/1020 1019/1019 1023/1023
f 1023/1023 1024/1024 1027/1027
f 1023/1023 1027/1027 1028/1028
f 854/854 858/858 860/860
f 2133/2133 2132/2132 2131/2131
f 2131/2131 2132/2132 2128/2128
f 2699/2699 2692/2692 2694/2694
f 2123/2123 2122/2122 2119/2119
f 2123/2123 2119/2119 2124/2124
f 2701/2701 2705/2705 2704/2704
f 2652/2652 2657/2657 2658/2658
f 1001/1001 1002/1002 1011/1011
f 1029/1029 1027/1027 1031/1031
f 1009/1009 1013/1013 1006/1006
f 1006/1006 1013/1013 1014/1014
f 1013/1013 1019/1019 1014/1014
f 818/818 836/836 830/830
f 838/838 851/851 847/847
f 852/852 858/858 854/854
f 915/915 917/917 925/925
f 2136/2136 2667/2667 2140/2140
f 2136/2136 2140/2140 2135/2135
f 2140/2140 2676/2676 2644/2644
f 2644/2644 2130/2130 2128/2128
f 2128/2128 2130/2130 2127/2127
f 2699/2699 2696/2696 2692/2692
f 2692/2692 2693/2693 2694/2694
f 2122/2122 2120/2120 2119/2119
f 2119/2119 2118/2118 2124/2124
f 2124/2124 2118/2118 2674/2674
f 2674/2674 2656/2656 2653/2653
f 781/781 788/788 782/782
f 2653/2653 2656/2656 2652/2652
f 998/998 996/996 995/995
f 2652/2652 2656/2656 2657/2657
f 1039/1039 1040/1040 1044/1044
f 784/784 788/788 781/781
f 995/995 999/999 1001/1001
f 2892/2892 2891/2891 2889/2889
f 1032/1032 1040/1040 1031/1031
f 1031/1031 1040/1040 1039/1039
f 1001/1001 999/999 1002/1002
f 1002/1002 1003/1003 1011/1011
f 1048/1048 1046/1046 1045/1045
f 1011/1011 1003/1003 1009/1009
f 1050/1050 1051/1051 1052/1052
f 1024/1024 1042/1042 1027/1027
f 1027/1027 1042/1042 1032/1032
f 1027/1027 1032/1032 1031/1031
f 1013/1013 1024/1024 1019/1019
f 1344/1344 1346/1346 1347/1347
f 1247/1247 1248/1248 1249/1249
f 1383/1383 1384/1384 1385/1385
f 1379/1379 1380/1380 1381/1381
f 2736/2736 2737/2737 2734/2734
f 2736/2736 2734/2734 2733/2733
f 2733/2733 2734/2734 2735/2735
f 2644/2644 2672/2672 2130/2130
f 2696/2696 2697/2697 2695/2695
f 2125/2125 2121/2121 2120/2120
f 940/940 941/941 946/946
f 2120/2120 2121/2121 2116/2116
f 2116/2116 2117/2117 2118/2118
f 936/936 937/937 945/945
f 2688/2688 2690/2690 2689/2689
f 998/998 1004/1004 1000/1000
f 281/281 224/224 225/225
f 224/224 220/220 225/225
f 944/944 935/935 933/933
f 220/220 186/186 201/201
f 201/201 186/186 200/200
f 201/201 200/200 202/202
f 200/200 203/203 202/202
f 202/202 203/203 204/204
f 203/203 143/143 204/204
f 204/204 143/143 205/205
f 1357/1357 1346/1346 1370/1370
f 1370/1370 1346/1346 1343/1343
f 1370/1370 1343/1343 1371/1371
f 1371/1371 1343/1343 1373/1373
f 1356/1356 1352/1352 1355/1355
f 1356/1356 1355/1355 1357/1357
f 1357/1357 1355/1355 1347/1347
f 1357/1357 1347/1347 1346/1346
f 1348/1348 1350/1350 1373/1373
f 1343/1343 1348/1348 1373/1373
f 1286/1286 1285/1285 1284/1284
f 1352/1352 1353/1353 1354/1354
f 1352/1352 1354/1354 1355/1355
f 1285/1285 1264/1264 1284/1284
f 1264/1264 1261/1261 1283/1283
f 1284/1284 1264/1264 1283/1283
f 1261/1261 1282/1282 1283/1283
f 1359/1359 1358/1358 1352/1352
f 1352/1352 1358/1358 1353/1353
f 1263/1263 1273/1273 1282/1282
f 1261/1261 1263/1263 1282/1282
f 1273/1273 1271/1271 1282/1282
f 1361/1361 1360/1360 1359/1359
f 1359/1359 1360/1360 1358/1358
f 1272/1272 1268/1268 1271/1271
f 1273/1273 1272/1272 1271/1271
f 1268/1268 1267/1267 1271/1271
f 1361/1361 1363/1363 1362/1362
f 2536/2536 2196/2196 2200/2200
f 1361/1361 1362/1362 1360/1360
f 1363/1363 1365/1365 1364/1364
f 2200/2200 2196/2196 2195/2195
f 2200/2200 2195/2195 2387/2387
f 1363/1363 1364/1364 1362/1362
f 1265/1265 1266/1266 1267/1267
f 1268/1268 1265/1265 1267/1267
f 1267/1267 1266/1266 1269/1269
f 1365/1365 1366/1366 1364/1364
f 1266/1266 1270/1270 1269/1269
f 1365/1365 1368/1368 1367/1367
f 2387/2387 2197/2197 2616/2616
f 2387/2387 2616/2616 2646/2646
f 1365/1365 1367/1367 1366/1366
f 1270/1270 1275/1275 1276/1276
f 1266/1266 1279/1279 1274/1274
f 1266/1266 1274/1274 1270/1270
f 1270/1270 1274/1274 1275/1275
f 1372/1372 1374/1374 1369/1369
f 1372/1372 1369/1369 1368/1368
f 2595/2595 2596/2596 2597/2597
f 1368/1368 1369/1369 1367/1367
f 1374/1374 1375/1375 1369/1369
f 1274/1274 1277/1277 1275/1275
f 2596/2596 2612/2612 2597/2597
f 1274/1274 1278/1278 1277/1277
f 1376/1376 1377/1377 1375/1375
f 1374/1374 1376/1376 1375/1375
f 2597/2597 2612/2612 2666/2666
f 1278/1278 1280/1280 1277/1277
f 2612/2612 2356/2356 2666/2666
f 1376/1376 1378/1378 1377/1377
f 2356/2356 2152/2152 2666/2666
f 2666/2666 2152/2152 2150/2150
f 2697/2697 2698/2698 2695/2695
f 2150/2150 2121/2121 2125/2125
f 1278/1278 1281/1281 1280/1280
f 2150/2150 2151/2151 2121/2121
f 2150/2150 2152/2152 2151/2151
f 940/940 939/939 941/941
f 941/941 939/939 942/942
f 941/941 942/942 943/943
f 2151/2151 2642/2642 2121/2121
f 940/940 937/937 939/939
f 1623/1623 1622/1622 1624/1624
f 2147/2147 2117/2117 2116/2116
f 2121/2121 2147/2147 2116/2116
f 2121/2121 2642/2642 2147/2147
f 937/937 938/938 939/939
f 2147/2147 2670/2670 2117/2117
f 936/936 930/930 931/931
f 936/936 931/931 937/937
f 2691/2691 2690/2690 2688/2688
f 2708/2708 2710/2710 2711/2711
f 2670/2670 2168/2168 2625/2625
f 930/930 926/926 928/928
f 930/930 928/928 931/931
f 283/283 280/280 284/284
f 2625/2625 2622/2622 2624/2624
f 2625/2625 2168/2168 2622/2622
f 2622/2622 2168/2168 2581/2581
f 2622/2622 2623/2623 2624/2624
f 926/926 929/929 927/927
f 926/926 927/927 928/928
f 265/265 280/280 279/279
f 2622/2622 2581/2581 2623/2623
f 223/223 224/224 281/281
f 282/282 223/223 281/281
f 223/223 196/196 224/224
f 929/929 933/933 932/932
f 138/138 167/167 244/244
f 933/933 934/934 932/932
f 929/929 932/932 927/927
f 224/224 185/185 220/220
f 224/224 196/196 185/185
f 185/185 186/186 220/220
f 185/185 56/56 186/186
f 186/186 56/56 47/47
f 186/186 47/47 200/200
f 81/81 122/122 143/143
f 205/205 143/143 138/138
f 143/143 122/122 138/138
f 935/935 934/934 933/933
f 200/200 47/47 48/48
f 48/48 60/60 200/200
f 48/48 50/50 60/60
f 200/200 60/60 203/203
f 50/50 79/79 60/60
f 203/203 60/60 81/81
f 60/60 79/79 81/81
f 203/203 81/81 143/143
f 430/430 472/472 474/474
f 430/430 474/474 454/454
f 430/430 454/454 386/386
f 472/472 549/549 566/566
f 2536/2536 2577/2577 2196/2196
f 2387/2387 2195/2195 2197/2197
f 2152/2152 2356/2356 2153/2153
f 2152/2152 2153/2153 2151/2151
f 167/167 255/255 244/244
f 430/430 440/440 472/472
f 472/472 473/473 549/549
f 2659/2659 2639/2639 2612/2612
f 2596/2596 2659/2659 2612/2612
f 2612/2612 2157/2157 2356/2356
f 2153/2153 2154/2154 2151/2151
f 2151/2151 2154/2154 2642/2642
f 2706/2706 2707/2707 2708/2708
f 2708/2708 2709/2709 2710/2710
f 2168/2168 2161/2161 2163/2163
f 2168/2168 2163/2163 2581/2581
f 196/196 171/171 185/185
f 56/56 46/46 47/47
f 81/81 88/88 122/122
f 2577/2577 2205/2205 2196/2196
f 2196/2196 2194/2194 2195/2195
f 2192/2192 2199/2199 2197/2197
f 2195/2195 2192/2192 2197/2197
f 2197/2197 2199/2199 2616/2616
f 2593/2593 2594/2594 2595/2595
f 2616/2616 2593/2593 2595/2595
f 2595/2595 2594/2594 2596/2596
f 2596/2596 2594/2594 2659/2659
f 1829/1829 1516/1516 1823/1823
f 2707/2707 2709/2709 2708/2708
f 2159/2159 2161/2161 2168/2168
f 1599/1599 1597/1597 1600/1600
f 265/265 255/255 280/280
f 2163/2163 2167/2167 2581/2581
f 223/223 219/219 180/180
f 223/223 180/180 196/196
f 196/196 180/180 171/171
f 167/167 164/164 255/255
f 185/185 171/171 56/56
f 122/122 123/123 138/138
f 47/47 46/46 41/41
f 47/47 41/41 48/48
f 48/48 41/41 50/50
f 50/50 63/63 79/79
f 79/79 63/63 81/81
f 81/81 63/63 88/88
f 2196/2196 2205/2205 2194/2194
f 2639/2639 2157/2157 2612/2612
f 2356/2356 2157/2157 2153/2153
f 2153/2153 2157/2157 2156/2156
f 171/171 59/59 56/56
f 56/56 59/59 46/46
f 50/50 41/41 63/63
f 561/561 552/552 584/584
f 2154/2154 2158/2158 2159/2159
f 2161/2161 2162/2162 2163/2163
f 138/138 164/164 167/167
f 88/88 123/123 122/122
f 2639/2639 2170/2170 2157/2157
f 2170/2170 2156/2156 2157/2157
f 2158/2158 2160/2160 2159/2159
f 2160/2160 2162/2162 2161/2161
f 2159/2159 2160/2160 2161/2161
f 138/138 123/123 164/164
f 2153/2153 2155/2155 2154/2154
f 2154/2154 2155/2155 2158/2158
f 1598/1598 1596/1596 1597/1597
f 164/164 253/253 255/255
f 63/63 92/92 88/88
f 2153/2153 2156/2156 2155/2155
f 46/46 27/27 41/41
f 41/41 62/62 63/63
f 63/63 62/62 92/92
f 27/27 40/40 41/41
f 41/41 40/40 62/62
f 88/88 118/118 123/123
f 2170/2170 2171/2171 2156/2156
f 88/88 92/92 118/118
f 2192/2192 2189/2189 2199/2199
f 2199/2199 2189/2189 2188/2188
f 2199/2199 2188/2188 2593/2593
f 58/58 26/26 46/46
f 59/59 58/58 46/46
f 46/46 26/26 27/27
f 2205/2205 2198/2198 2194/2194
f 2193/2193 2191/2191 2192/2192
f 2192/2192 2191/2191 2189/2189
f 2659/2659 2210/2210 2639/2639
f 1596/1596 1592/1592 1597/1597
f 171/171 58/58 59/59
f 123/123 165/165 164/164
f 423/423 419/419 438/438
f 552/552 579/579 584/584
f 2205/2205 2618/2618 2198/2198
f 2593/2593 2188/2188 2594/2594
f 2594/2594 2188/2188 2659/2659
f 2210/2210 2172/2172 2639/2639
f 2639/2639 2172/2172 2170/2170
f 2170/2170 2172/2172 2171/2171
f 2158/2158 2169/2169 2160/2160
f 1596/1596 1595/1595 1592/1592
f 118/118 139/139 123/123
f 123/123 139/139 165/165
f 40/40 61/61 62/62
f 2659/2659 2188/2188 2210/2210
f 2158/2158 2608/2608 2169/2169
f 2169/2169 2162/2162 2160/2160
f 164/164 165/165 253/253
f 62/62 61/61 91/91
f 62/62 91/91 92/92
f 2155/2155 2608/2608 2158/2158
f 2163/2163 2166/2166 2167/2167
f 219/219 210/210 180/180
f 40/40 39/39 61/61
f 165/165 254/254 253/253
f 171/171 180/180 170/170
f 171/171 170/170 58/58
f 2156/2156 2207/2207 2155/2155
f 2155/2155 2207/2207 2608/2608
f 210/210 181/181 180/180
f 180/180 181/181 170/170
f 2188/2188 2184/2184 2210/2210
f 2171/2171 2208/2208 2156/2156
f 2208/2208 2592/2592 2156/2156
f 2162/2162 2169/2169 2164/2164
f 2162/2162 2164/2164 2163/2163
f 2163/2163 2165/2165 2166/2166
f 170/170 57/57 58/58
f 58/58 57/57 26/26
f 27/27 39/39 40/40
f 91/91 119/119 118/118
f 92/92 91/91 118/118
f 2189/2189 2185/2185 2188/2188
f 2188/2188 2185/2185 2184/2184
f 2156/2156 2592/2592 2207/2207
f 552/552 560/560 579/579
f 2358/2358 2201/2201 2191/2191
f 2193/2193 2358/2358 2191/2191
f 2191/2191 2201/2201 2190/2190
f 2191/2191 2190/2190 2189/2189
f 2210/2210 2173/2173 2172/2172
f 2169/2169 2604/2604 2164/2164
f 2164/2164 2165/2165 2163/2163
f 118/118 119/119 139/139
f 139/139 163/163 165/165
f 2189/2189 2190/2190 2185/2185
f 165/165 242/242 254/254
f 254/254 242/242 256/256
f 139/139 119/119 163/163
f 2169/2169 2608/2608 2604/2604
f 2172/2172 2173/2173 2171/2171
f 2173/2173 2174/2174 2171/2171
f 2171/2171 2174/2174 2208/2208
f 91/91 102/102 119/119
f 418/418 432/432 419/419
f 560/560 578/578 579/579
f 2618/2618 2358/2358 2198/2198
f 2184/2184 2173/2173 2210/2210
f 57/57 51/51 26/26
f 27/27 38/38 39/39
f 61/61 90/90 91/91
f 91/91 90/90 102/102
f 2208/2208 2174/2174 2592/2592
f 2164/2164 2204/2204 2165/2165
f 2816/2816 2817/2817 2818/2818
f 2714/2714 2713/2713 2715/2715
f 2618/2618 2216/2216 2358/2358
f 2713/2713 2716/2716 2715/2715
f 2164/2164 2548/2548 2204/2204
f 181/181 172/172 170/170
f 2358/2358 2203/2203 2201/2201
f 2712/2712 2713/2713 2714/2714
f 1594/1594 1593/1593 1592/1592
f 170/170 172/172 57/57
f 2185/2185 2183/2183 2184/2184
f 2174/2174 2175/2175 2592/2592
f 2815/2815 2814/2814 2816/2816
f 2816/2816 2814/2814 2817/2817
f 2608/2608 2368/2368 2370/2370
f 2173/2173 2176/2176 2175/2175
f 2173/2173 2175/2175 2174/2174
f 2815/2815 2812/2812 2814/2814
f 1594/1594 1607/1607 1593/1593
f 242/242 241/241 256/256
f 172/172 51/51 57/57
f 119/119 114/114 163/163
f 26/26 12/12 25/25
f 26/26 25/25 27/27
f 27/27 25/25 38/38
f 90/90 101/101 102/102
f 2190/2190 2209/2209 2185/2185
f 2185/2185 2186/2186 2183/2183
f 2175/2175 2180/2180 2592/2592
f 2369/2369 2368/2368 2608/2608
f 2165/2165 2204/2204 2166/2166
f 39/39 38/38 61/61
f 61/61 78/78 90/90
f 2201/2201 2202/2202 2190/2190
f 2185/2185 2209/2209 2186/2186
f 2184/2184 2183/2183 2173/2173
f 242/242 163/163 241/241
f 61/61 38/38 78/78
f 2201/2201 2203/2203 2202/2202
f 51/51 12/12 26/26
f 78/78 89/89 90/90
f 90/90 89/89 101/101
f 2204/2204 2361/2361 2166/2166
f 210/210 211/211 181/181
f 181/181 182/182 172/172
f 2216/2216 2213/2213 2358/2358
f 2370/2370 2365/2365 2548/2548
f 211/211 182/182 181/181
f 25/25 37/37 38/38
f 560/560 559/559 578/578
f 2183/2183 2176/2176 2173/2173
f 2176/2176 2177/2177 2175/2175
f 114/114 159/159 163/163
f 2175/2175 2177/2177 2180/2180
f 37/37 78/78 38/38
f 101/101 114/114 102/102
f 418/418 437/437 432/432
f 559/559 577/577 578/578
f 2183/2183 2206/2206 2176/2176
f 2371/2371 2367/2367 2369/2369
f 2369/2369 2367/2367 2368/2368
f 2370/2370 2368/2368 2365/2365
f 2365/2365 2363/2363 2548/2548
f 2741/2741 2740/2740 2743/2743
f 2209/2209 2187/2187 2186/2186
f 2215/2215 2213/2213 2216/2216
f 2176/2176 2178/2178 2177/2177
f 1478/1478 1477/1477 1619/1619
f 2548/2548 2363/2363 2204/2204
f 51/51 52/52 12/12
f 89/89 114/114 101/101
f 2213/2213 2212/2212 2203/2203
f 2203/2203 2212/2212 2211/2211
f 2203/2203 2211/2211 2202/2202
f 2363/2363 2362/2362 2204/2204
f 2204/2204 2362/2362 2361/2361
f 159/159 235/235 241/241
f 182/182 146/146 172/172
f 172/172 146/146 51/51
f 418/418 417/417 437/437
f 235/235 252/252 241/241
f 2213/2213 2214/2214 2212/2212
f 2177/2177 2178/2178 2180/2180
f 2812/2812 2813/2813 2814/2814
f 2371/2371 2580/2580 2367/2367
f 2215/2215 2214/2214 2213/2213
f 2186/2186 2187/2187 2183/2183
f 2183/2183 2187/2187 2206/2206
f 2206/2206 2179/2179 2176/2176
f 2176/2176 2179/2179 2178/2178
f 2178/2178 2580/2580 2180/2180
f 2367/2367 2365/2365 2368/2368
f 114/114 113/113 159/159
f 78/78 77/77 89/89
f 2741/2741 2738/2738 2740/2740
f 2187/2187 2610/2610 2206/2206
f 1477/1477 1476/1476 1479/1479
f 12/12 24/24 25/25
f 25/25 24/24 37/37
f 89/89 113/113 114/114
f 2740/2740 2739/2739 2742/2742
f 2206/2206 2610/2610 2179/2179
f 2178/2178 2182/2182 2580/2580
f 2738/2738 2739/2739 2740/2740
f 2178/2178 2181/2181 2182/2182
f 2683/2683 2380/2380 2367/2367
f 2580/2580 2683/2683 2367/2367
f 2367/2367 2366/2366 2365/2365
f 2363/2363 2364/2364 2362/2362
f 1586/1586 1472/1472 1489/1489
f 2364/2364 2381/2381 2362/2362
f 2362/2362 2381/2381 2361/2361
f 211/211 212/212 182/182
f 24/24 36/36 37/37
f 417/417 436/436 437/437
f 559/559 575/575 577/577
f 2217/2217 2583/2583 2214/2214
f 2179/2179 2181/2181 2178/2178
f 2182/2182 2683/2683 2580/2580
f 1478/1478 1475/1475 1477/1477
f 2366/2366 2364/2364 2365/2365
f 2365/2365 2364/2364 2363/2363
f 212/212 183/183 182/182
f 182/182 183/183 146/146
f 146/146 52/52 51/51
f 78/78 37/37 77/77
f 89/89 103/103 113/113
f 559/559 558/558 575/575
f 2214/2214 2583/2583 2212/2212
f 2367/2367 2380/2380 2366/2366
f 113/113 158/158 159/159
f 1481/1481 1613/1613 1483/1483
f 52/52 10/10 12/12
f 2683/2683 2605/2605 2380/2380
f 235/235 234/234 252/252
f 103/103 112/112 113/113
f 2212/2212 2218/2218 2211/2211
f 2221/2221 2222/2222 2610/2610
f 2182/2182 2383/2383 2683/2683
f 235/235 158/158 234/234
f 37/37 36/36 77/77
f 2221/2221 2220/2220 2222/2222
f 2768/2768 2767/2767 2770/2770
f 2181/2181 2383/2383 2182/2182
f 2848/2848 2849/2849 2850/2850
f 146/146 10/10 52/52
f 10/10 11/11 12/12
f 12/12 11/11 24/24
f 2211/2211 2220/2220 2221/2221
f 1881/1881 1880/1880 1878/1878
f 77/77 87/87 89/89
f 89/89 87/87 103/103
f 2770/2770 2767/2767 2771/2771
f 2179/2179 2383/2383 2181/2181
f 2383/2383 2601/2601 2683/2683
f 2605/2605 2374/2374 2380/2380
f 2763/2763 2764/2764 2765/2765
f 2211/2211 2218/2218 2220/2220
f 2380/2380 2374/2374 2366/2366
f 2366/2366 2372/2372 2364/2364
f 2376/2376 2379/2379 2381/2381
f 212/212 213/213 183/183
f 158/158 233/233 234/234
f 183/183 179/179 146/146
f 146/146 179/179 10/10
f 113/113 112/112 158/158
f 1880/1880 1879/1879 1878/1878
f 363/363 396/396 393/393
f 2364/2364 2372/2372 2381/2381
f 2381/2381 2372/2372 2376/2376
f 213/213 188/188 183/183
f 183/183 188/188 179/179
f 10/10 13/13 11/11
f 2383/2383 2235/2235 2601/2601
f 1473/1473 1471/1471 1472/1472
f 233/233 248/248 234/234
f 2220/2220 2341/2341 2222/2222
f 2236/2236 2235/2235 2383/2383
f 2212/2212 2219/2219 2218/2218
f 1465/1465 1467/1467 1488/1488
f 179/179 13/13 10/10
f 103/103 87/87 112/112
f 2583/2583 2219/2219 2212/2212
f 2236/2236 2229/2229 2235/2235
f 2374/2374 2373/2373 2366/2366
f 2366/2366 2373/2373 2372/2372
f 36/36 76/76 77/77
f 558/558 553/553 575/575
f 2583/2583 2250/2250 2219/2219
f 111/111 131/131 112/112
f 112/112 131/131 158/158
f 87/87 111/111 112/112
f 436/436 416/416 435/435
f 2229/2229 2230/2230 2235/2235
f 2235/2235 2230/2230 2601/2601
f 1466/1466 1469/1469 1464/1464
f 24/24 35/35 36/36
f 36/36 35/35 76/76
f 2218/2218 2219/2219 2220/2220
f 13/13 14/14 11/11
f 11/11 14/14 23/23
f 11/11 23/23 24/24
f 24/24 23/23 35/35
f 2229/2229 2228/2228 2230/2230
f 1465/1465 1463/1463 1467/1467
f 131/131 160/160 158/158
f 2220/2220 2223/2223 2225/2225
f 2220/2220 2225/2225 2341/2341
f 2605/2605 2540/2540 2374/2374
f 2374/2374 2540/2540 2373/2373
f 2219/2219 2223/2223 2220/2220
f 1965/1965 1964/1964 1967/1967
f 77/77 76/76 87/87
f 2373/2373 2375/2375 2372/2372
f 2372/2372 2375/2375 2376/2376
f 2376/2376 2377/2377 2379/2379
f 213/213 214/214 189/189
f 213/213 189/189 188/188
f 188/188 189/189 179/179
f 2219/2219 2224/2224 2223/2223
f 2228/2228 2231/2231 2230/2230
f 35/35 75/75 76/76
f 422/422 434/434 416/416
f 553/553 576/576 575/575
f 2230/2230 2234/2234 2601/2601
f 2849/2849 2851/2851 2850/2850
f 2605/2605 2615/2615 2540/2540
f 2552/2552 2249/2249 2250/2250
f 2601/2601 2234/2234 2615/2615
f 2225/2225 2228/2228 2229/2229
f 2231/2231 2232/2232 2230/2230
f 233/233 240/240 248/248
f 87/87 86/86 111/111
f 2249/2249 2241/2241 2250/2250
f 2230/2230 2232/2232 2234/2234
f 2376/2376 2375/2375 2377/2377
f 76/76 86/86 87/87
f 2250/2250 2241/2241 2219/2219
f 1612/1612 1454/1454 1461/1461
f 160/160 240/240 233/233
f 179/179 19/19 13/13
f 13/13 15/15 14/14
f 76/76 75/75 86/86
f 2241/2241 2240/2240 2219/2219
f 2219/2219 2240/2240 2224/2224
f 2717/2717 2718/2718 2719/2719
f 2719/2719 2718/2718 2720/2720
f 19/19 15/15 13/13
f 23/23 34/34 35/35
f 553/553 580/580 576/576
f 1462/1462 1853/1853 1463/1463
f 2375/2375 2378/2378 2377/2377
f 189/189 184/184 179/179
f 179/179 184/184 19/19
f 111/111 110/110 131/131
f 86/86 110/110 111/111
f 554/554 580/580 553/553
f 2249/2249 2243/2243 2241/2241
f 1454/1454 1453/1453 1460/1460
f 2720/2720 2718/2718 2721/2721
f 2375/2375 2539/2539 2378/2378
f 214/214 215/215 189/189
f 35/35 34/34 75/75
f 2231/2231 2233/2233 2232/2232
f 160/160 239/239 240/240
f 86/86 109/109 110/110
f 2225/2225 2227/2227 2228/2228
f 2231/2231 2237/2237 2233/2233
f 131/131 161/161 160/160
f 2223/2223 2226/2226 2225/2225
f 2232/2232 2233/2233 2234/2234
f 2234/2234 2551/2551 2615/2615
f 215/215 195/195 189/189
f 189/189 195/195 177/177
f 189/189 177/177 184/184
f 2243/2243 2242/2242 2241/2241
f 2228/2228 2227/2227 2237/2237
f 2228/2228 2237/2237 2231/2231
f 2243/2243 2244/2244 2242/2242
f 2241/2241 2242/2242 2240/2240
f 2233/2233 2551/2551 2234/2234
f 215/215 216/216 195/195
f 184/184 177/177 19/19
f 554/554 581/581 580/580
f 2251/2251 2226/2226 2223/2223
f 2224/2224 2251/2251 2223/2223
f 2225/2225 2226/2226 2227/2227
f 2539/2539 2677/2677 2378/2378
f 2551/2551 2289/2289 2615/2615
f 2615/2615 2289/2289 2540/2540
f 160/160 161/161 239/239
f 108/108 136/136 131/131
f 110/110 108/108 131/131
f 131/131 136/136 161/161
f 34/34 66/66 75/75
f 75/75 66/66 86/86
f 2242/2242 2251/2251 2240/2240
f 2289/2289 2313/2313 2540/2540
f 2540/2540 2313/2313 2324/2324
f 2324/2324 2315/2315 2317/2317
f 2324/2324 2317/2317 2539/2539
f 2539/2539 2317/2317 2677/2677
f 15/15 16/16 14/14
f 14/14 16/16 23/23
f 2227/2227 2584/2584 2237/2237
f 16/16 22/22 23/23
f 23/23 22/22 33/33
f 23/23 33/33 34/34
f 161/161 238/238 239/239
f 109/109 108/108 110/110
f 359/359 389/389 394/394
f 2313/2313 2315/2315 2324/2324
f 2317/2317 2325/2325 2677/2677
f 34/34 64/64 66/66
f 2251/2251 2239/2239 2226/2226
f 2226/2226 2239/2239 2238/2238
f 2226/2226 2238/2238 2227/2227
f 2238/2238 2584/2584 2227/2227
f 2237/2237 2614/2614 2233/2233
f 2233/2233 2609/2609 2551/2551
f 1455/1455 1451/1451 1452/1452
f 177/177 17/17 19/19
f 19/19 17/17 15/15
f 359/359 367/367 389/389
f 2244/2244 2245/2245 2242/2242
f 2242/2242 2245/2245 2251/2251
f 2588/2588 2239/2239 2251/2251
f 2233/2233 2614/2614 2609/2609
f 34/34 33/33 64/64
f 66/66 68/68 86/86
f 86/86 68/68 109/109
f 2584/2584 2614/2614 2237/2237
f 177/177 174/174 17/17
f 195/195 193/193 177/177
f 177/177 193/193 174/174
f 2325/2325 2323/2323 2677/2677
f 216/216 209/209 195/195
f 109/109 68/68 108/108
f 17/17 16/16 15/15
f 554/554 570/570 581/581
f 2609/2609 2288/2288 2551/2551
f 2551/2551 2288/2288 2289/2289
f 136/136 162/162 161/161
f 1451/1451 1449/1449 1452/1452
f 2244/2244 2246/2246 2245/2245
f 2584/2584 2334/2334 2614/2614
f 2807/2807 2803/2803 2806/2806
f 2288/2288 2287/2287 2289/2289
f 2289/2289 2287/2287 2313/2313
f 555/555 570/570 554/554
f 1451/1451 1450/1450 1449/1449
f 161/161 162/162 238/238
f 22/22 43/43 33/33
f 2317/2317 2318/2318 2325/2325
f 108/108 135/135 136/136
f 136/136 135/135 162/162
f 33/33 65/65 64/64
f 64/64 65/65 66/66
f 2239/2239 2252/2252 2238/2238
f 2334/2334 2260/2260 2614/2614
f 2325/2325 2318/2318 2323/2323
f 108/108 106/106 135/135
f 16/16 18/18 22/22
f 2245/2245 2248/2248 2251/2251
f 2251/2251 2248/2248 2588/2588
f 2238/2238 2334/2334 2584/2584
f 2803/2803 2805/2805 2806/2806
f 209/209 194/194 195/195
f 162/162 237/237 238/238
f 195/195 194/194 193/193
f 66/66 65/65 68/68
f 68/68 106/106 108/108
f 2252/2252 2334/2334 2238/2238
f 2334/2334 2257/2257 2260/2260
f 1445/1445 1426/1426 1427/1427
f 193/193 173/173 174/174
f 174/174 173/173 17/17
f 2744/2744 2745/2745 2746/2746
f 2315/2315 2316/2316 2317/2317
f 461/461 458/458 544/544
f 555/555 556/556 570/570
f 2588/2588 2336/2336 2239/2239
f 2803/2803 2804/2804 2805/2805
f 17/17 18/18 16/16
f 68/68 104/104 106/106
f 367/367 366/366 390/390
f 2246/2246 2247/2247 2245/2245
f 2336/2336 2253/2253 2239/2239
f 2239/2239 2253/2253 2252/2252
f 33/33 43/43 65/65
f 2260/2260 2257/2257 2259/2259
f 2260/2260 2259/2259 2388/2388
f 2313/2313 2314/2314 2315/2315
f 2315/2315 2314/2314 2316/2316
f 2245/2245 2247/2247 2248/2248
f 2317/2317 2316/2316 2318/2318
f 366/366 388/388 390/390
f 450/450 451/451 452/452
f 2287/2287 2283/2283 2313/2313
f 2313/2313 2283/2283 2314/2314
f 162/162 166/166 237/237
f 173/173 4/4 17/17
f 17/17 4/4 18/18
f 135/135 166/166 162/162
f 65/65 67/67 68/68
f 68/68 67/67 104/104
f 2288/2288 2262/2262 2287/2287
f 104/104 105/105 106/106
f 2246/2246 2606/2606 2247/2247
f 2257/2257 2258/2258 2259/2259
f 2388/2388 2262/2262 2288/2288
f 1445/1445 1448/1448 1426/1426
f 2247/2247 2606/2606 2248/2248
f 2336/2336 2254/2254 2253/2253
f 2253/2253 2254/2254 2252/2252
f 2257/2257 2256/2256 2258/2258
f 2262/2262 2283/2283 2287/2287
f 2318/2318 2319/2319 2323/2323
f 209/209 217/217 194/194
f 194/194 192/192 193/193
f 193/193 192/192 173/173
f 22/22 42/42 43/43
f 217/217 192/192 194/194
f 43/43 67/67 65/65
f 1448/1448 1551/1551 1426/1426
f 2316/2316 2319/2319 2318/2318
f 18/18 6/6 22/22
f 425/425 426/426 450/450
f 2388/2388 2259/2259 2262/2262
f 166/166 236/236 237/237
f 43/43 42/42 67/67
f 557/557 573/573 570/570
f 556/556 557/557 570/570
f 2246/2246 2607/2607 2606/2606
f 2254/2254 2255/2255 2252/2252
f 2252/2252 2255/2255 2256/2256
f 106/106 105/105 135/135
f 2292/2292 2254/2254 2336/2336
f 2316/2316 2320/2320 2319/2319
f 105/105 133/133 135/135
f 135/135 133/133 166/166
f 67/67 107/107 104/104
f 104/104 107/107 105/105
f 18/18 4/4 6/6
f 6/6 32/32 22/22
f 22/22 32/32 42/42
f 2292/2292 2255/2255 2254/2254
f 2258/2258 2261/2261 2259/2259
f 2283/2283 2578/2578 2314/2314
f 2314/2314 2578/2578 2316/2316
f 2316/2316 2578/2578 2320/2320
f 67/67 74/74 107/107
f 2259/2259 2261/2261 2262/2262
f 2255/2255 2298/2298 2256/2256
f 2256/2256 2298/2298 2258/2258
f 2320/2320 2321/2321 2319/2319
f 1589/1589 1813/1813 1585/1585
f 42/42 74/74 67/67
f 2261/2261 2263/2263 2262/2262
f 2607/2607 2333/2333 2606/2606
f 2293/2293 2298/2298 2255/2255
f 2258/2258 2298/2298 2261/2261
f 2283/2283 2265/2265 2578/2578
f 1448/1448 1601/1601 1551/1551
f 4/4 5/5 6/6
f 379/379 377/377 378/378
f 2292/2292 2293/2293 2255/2255
f 2262/2262 2265/2265 2283/2283
f 2321/2321 2322/2322 2319/2319
f 133/133 150/150 166/166
f 563/563 572/572 557/557
f 446/446 449/449 450/450
f 2298/2298 2585/2585 2290/2290
f 2298/2298 2290/2290 2261/2261
f 2263/2263 2264/2264 2262/2262
f 2265/2265 2284/2284 2578/2578
f 1601/1601 1602/1602 1551/1551
f 2284/2284 2640/2640 2578/2578
f 2578/2578 2640/2640 2320/2320
f 2293/2293 2295/2295 2298/2298
f 2298/2298 2390/2390 2585/2585
f 2290/2290 2263/2263 2261/2261
f 2262/2262 2264/2264 2265/2265
f 1817/1817 1605/1605 1813/1813
f 105/105 132/132 133/133
f 133/133 132/132 150/150
f 32/32 31/31 42/42
f 2333/2333 2335/2335 2606/2606
f 2749/2749 2748/2748 2744/2744
f 2744/2744 2748/2748 2747/2747
f 2298/2298 2295/2295 2390/2390
f 2320/2320 2322/2322 2321/2321
f 31/31 45/45 42/42
f 42/42 45/45 74/74
f 446/446 448/448 449/449
f 2292/2292 2294/2294 2293/2293
f 2293/2293 2294/2294 2295/2295
f 192/192 176/176 173/173
f 173/173 176/176 4/4
f 377/377 376/376 378/378
f 2606/2606 2335/2335 2297/2297
f 2292/2292 2296/2296 2294/2294
f 2320/2320 2640/2640 2322/2322
f 2322/2322 2384/2384 2319/2319
f 217/217 218/218 191/191
f 217/217 191/191 192/192
f 192/192 191/191 176/176
f 176/176 7/7 4/4
f 4/4 7/7 5/5
f 6/6 5/5 32/32
f 73/73 82/82 74/74
f 74/74 82/82 107/107
f 446/446 445/445 448/448
f 2263/2263 2547/2547 2264/2264
f 105/105 117/117 132/132
f 45/45 73/73 74/74
f 2295/2295 2294/2294 2390/2390
f 5/5 31/31 32/32
f 232/232 150/150 247/247
f 82/82 115/115 107/107
f 107/107 115/115 105/105
f 2390/2390 2343/2343 2585/2585
f 2264/2264 2266/2266 2265/2265
f 2265/2265 2267/2267 2284/2284
f 115/115 117/117 105/105
f 2294/2294 2343/2343 2390/2390
f 1601/1601 1604/1604 1602/1602
f 1827/1827 1820/1820 1605/1605
f 2547/2547 2282/2282 2264/2264
f 2264/2264 2282/2282 2266/2266
f 2266/2266 2267/2267 2265/2265
f 2335/2335 2331/2331 2297/2297
f 2290/2290 2547/2547 2263/2263
f 445/445 447/447 448/448
f 150/150 246/246 247/247
f 563/563 571/571 572/572
f 247/247 246/246 275/275
f 31/31 44/44 45/45
f 563/563 564/564 571/571
f 2333/2333 2331/2331 2335/2335
f 2343/2343 2346/2346 2585/2585
f 2785/2785 2786/2786 2787/2787
f 2640/2640 2385/2385 2322/2322
f 246/246 273/273 275/275
f 218/218 190/190 191/191
f 117/117 140/140 132/132
f 132/132 140/140 151/151
f 132/132 151/151 150/150
f 5/5 8/8 31/31
f 462/462 564/564 563/563
f 460/460 462/462 563/563
f 2267/2267 2269/2269 2284/2284
f 2284/2284 2269/2269 2640/2640
f 73/73 72/72 82/82
f 82/82 72/72 115/115
f 115/115 116/116 117/117
f 2786/2786 2788/2788 2787/2787
f 2290/2290 2590/2590 2547/2547
f 2322/2322 2385/2385 2384/2384
f 150/150 151/151 246/246
f 117/117 116/116 140/140
f 7/7 8/8 5/5
f 72/72 93/93 115/115
f 115/115 93/93 116/116
f 2547/2547 2286/2286 2282/2282
f 2294/2294 2342/2342 2343/2343
f 2547/2547 2590/2590 2286/2286
f 191/191 190/190 176/176
f 8/8 30/30 31/31
f 2282/2282 2286/2286 2266/2266
f 45/45 72/72 73/73
f 2266/2266 2268/2268 2267/2267
f 2267/2267 2268/2268 2269/2269
f 2728/2728 2729/2729 2730/2730
f 31/31 30/30 44/44
f 45/45 44/44 72/72
f 2640/2640 2269/2269 2280/2280
f 445/445 444/444 447/447
f 2331/2331 2312/2312 2297/2297
f 2331/2331 2332/2332 2312/2312
f 2312/2312 2311/2311 2297/2297
f 2342/2342 2344/2344 2343/2343
f 2343/2343 2344/2344 2345/2345
f 2343/2343 2345/2345 2346/2346
f 2808/2808 2809/2809 2810/2810
f 2311/2311 2359/2359 2342/2342
f 2310/2310 2311/2311 2342/2342
f 2345/2345 2355/2355 2346/2346
f 2346/2346 2355/2355 2590/2590
f 246/246 249/249 273/273
f 72/72 71/71 93/93
f 2789/2789 2791/2791 2792/2792
f 2590/2590 2405/2405 2406/2406
f 151/151 152/152 249/249
f 151/151 249/249 246/246
f 8/8 20/20 30/30
f 44/44 71/71 72/72
f 2342/2342 2359/2359 2344/2344
f 2286/2286 2268/2268 2266/2266
f 249/249 272/272 273/273
f 2385/2385 2386/2386 2384/2384
f 218/218 221/221 190/190
f 2751/2751 2750/2750 2753/2753
f 2286/2286 2582/2582 2268/2268
f 116/116 141/141 140/140
f 140/140 141/141 151/151
f 7/7 9/9 8/8
f 8/8 9/9 20/20
f 2312/2312 2340/2340 2311/2311
f 2729/2729 2731/2731 2730/2730
f 190/190 175/175 176/176
f 176/176 175/175 7/7
f 1571/1571 1570/1570 1569/1569
f 30/30 29/29 44/44
f 2353/2353 2352/2352 2359/2359
f 2359/2359 2352/2352 2344/2344
f 2405/2405 2285/2285 2406/2406
f 2809/2809 2811/2811 2810/2810
f 2269/2269 2271/2271 2280/2280
f 221/221 198/198 190/190
f 190/190 198/198 175/175
f 175/175 9/9 7/7
f 44/44 29/29 71/71
f 71/71 80/80 93/93
f 2340/2340 2532/2532 2311/2311
f 2344/2344 2347/2347 2345/2345
f 2345/2345 2347/2347 2355/2355
f 152/152 250/250 249/249
f 116/116 99/99 141/141
f 29/29 70/70 71/71
f 2332/2332 2340/2340 2312/2312
f 2347/2347 2579/2579 2355/2355
f 2789/2789 2790/2790 2791/2791
f 2406/2406 2285/2285 2582/2582
f 2270/2270 2271/2271 2269/2269
f 2268/2268 2270/2270 2269/2269
f 250/250 272/272 249/249
f 71/71 70/70 80/80
f 2332/2332 2553/2553 2340/2340
f 2729/2729 2732/2732 2731/2731
f 152/152 245/245 250/250
f 80/80 99/99 93/93
f 93/93 99/99 116/116
f 2579/2579 2291/2291 2405/2405
f 2405/2405 2291/2291 2285/2285
f 2582/2582 2270/2270 2268/2268
f 2271/2271 2273/2273 2280/2280
f 2280/2280 2273/2273 2404/2404
f 152/152 149/149 245/245
f 141/141 149/149 152/152
f 564/564 562/562 574/574
f 250/250 274/274 272/272
f 30/30 20/20 29/29
f 2352/2352 2349/2349 2344/2344
f 2582/2582 2278/2278 2270/2270
f 2349/2349 2348/2348 2344/2344
f 2344/2344 2348/2348 2347/2347
f 2285/2285 2278/2278 2582/2582
f 2270/2270 2272/2272 2271/2271
f 2271/2271 2272/2272 2273/2273
f 221/221 226/226 198/198
f 2757/2757 2756/2756 2758/2758
f 99/99 149/149 141/141
f 2553/2553 2554/2554 2340/2340
f 250/250 245/245 274/274
f 2757/2757 2754/2754 2756/2756
f 2270/2270 2277/2277 2272/2272
f 274/274 245/245 276/276
f 198/198 178/178 175/175
f 175/175 178/178 9/9
f 562/562 551/551 574/574
f 2278/2278 2277/2277 2270/2270
f 226/226 199/199 198/198
f 198/198 199/199 178/178
f 178/178 21/21 9/9
f 98/98 126/126 99/99
f 99/99 126/126 149/149
f 9/9 21/21 20/20
f 29/29 28/28 70/70
f 551/551 585/585 574/574
f 2553/2553 2555/2555 2554/2554
f 2340/2340 2554/2554 2557/2557
f 2348/2348 2351/2351 2347/2347
f 2347/2347 2351/2351 2579/2579
f 2793/2793 2794/2794 2795/2795
f 2291/2291 2281/2281 2285/2285
f 2278/2278 2279/2279 2277/2277
f 207/207 251/251 245/245
f 149/149 207/207 245/245
f 21/21 28/28 20/20
f 20/20 28/28 29/29
f 70/70 69/69 80/80
f 80/80 69/69 99/99
f 2794/2794 2796/2796 2795/2795
f 2291/2291 2357/2357 2281/2281
f 2281/2281 2279/2279 2278/2278
f 2285/2285 2281/2281 2278/2278
f 245/245 251/251 266/266
f 226/226 227/227 199/199
f 69/69 98/98 99/99
f 2754/2754 2755/2755 2756/2756
f 2274/2274 2275/2275 2273/2273
f 2273/2273 2275/2275 2404/2404
f 126/126 148/148 149/149
f 28/28 69/69 70/70
f 551/551 546/546 585/585
f 2554/2554 2643/2643 2557/2557
f 2360/2360 2350/2350 2349/2349
f 2349/2349 2350/2350 2348/2348
f 2357/2357 2327/2327 2281/2281
f 1885/1885 1887/1887 1886/1886
f 2277/2277 2338/2338 2272/2272
f 2272/2272 2338/2338 2274/2274
f 505/505 511/511 506/506
f 453/453 471/471 443/443
f 478/478 546/546 471/471
f 478/478 568/568 546/546
f 546/546 568/568 601/601
f 2555/2555 2558/2558 2556/2556
f 2555/2555 2556/2556 2554/2554
f 2554/2554 2556/2556 2575/2575
f 2554/2554 2575/2575 2643/2643
f 2759/2759 2760/2760 2761/2761
f 2350/2350 2598/2598 2351/2351
f 2348/2348 2350/2350 2351/2351
f 2794/2794 2797/2797 2796/2796
f 2327/2327 2326/2326 2281/2281
f 1887/1887 1892/1892 1886/1886
f 2328/2328 2635/2635 2277/2277
f 2279/2279 2328/2328 2277/2277
f 1633/1633 1684/1684 1582/1582
f 2635/2635 2338/2338 2277/2277
f 268/268 277/277 276/276
f 257/257 268/268 266/266
f 251/251 257/257 266/266
f 227/227 208/208 199/199
f 206/206 257/257 251/251
f 207/207 206/206 251/251
f 199/199 208/208 49/49
f 199/199 49/49 178/178
f 178/178 49/49 21/21
f 148/148 206/206 207/207
f 49/49 28/28 21/21
f 28/28 54/54 69/69
f 478/478 477/477 550/550
f 478/478 550/550 568/568
f 1066/1066 1065/1065 1067/1067
f 568/568 550/550 569/569
f 568/568 569/569 601/601
f 1065/1065 1057/1057 1059/1059
f 2559/2559 2556/2556 2558/2558
f 1057/1057 1058/1058 1059/1059
f 1059/1059 1058/1058 1060/1060
f 2559/2559 2560/2560 2556/2556
f 1058/1058 1061/1061 1060/1060
f 2561/2561 2575/2575 2556/2556
f 1058/1058 1062/1062 1061/1061
f 1063/1063 1064/1064 1061/1061
f 1062/1062 1063/1063 1061/1061
f 2575/2575 2561/2561 2680/2680
f 2760/2760 2762/2762 2761/2761
f 2360/2360 2680/2680 2350/2350
f 1838/1838 1682/1682 1647/1647
f 2326/2326 2279/2279 2281/2281
f 2326/2326 2328/2328 2279/2279
f 1633/1633 1637/1637 1684/1684
f 1633/1633 1635/1635 1636/1636
f 1633/1633 1636/1636 1637/1637
f 2338/2338 2276/2276 2274/2274
f 2274/2274 2276/2276 2275/2275
f 263/263 264/264 268/268
f 227/227 197/197 208/208
f 257/257 263/263 268/268
f 257/257 157/157 263/263
f 126/126 125/125 148/148
f 125/125 157/157 206/206
f 148/148 125/125 206/206
f 206/206 157/157 257/257
f 49/49 53/53 28/28
f 28/28 53/53 54/54
f 54/54 83/83 69/69
f 69/69 83/83 98/98
f 83/83 125/125 126/126
f 98/98 83/83 126/126
f 2559/2559 2576/2576 2560/2560
f 2350/2350 2680/2680 2599/2599
f 2350/2350 2599/2599 2598/2598
f 2797/2797 2798/2798 2796/2796
f 2357/2357 2684/2684 2327/2327
f 2327/2327 2617/2617 2326/2326
f 2727/2727 2726/2726 2722/2722
f 2326/2326 2617/2617 2328/2328
f 2726/2726 2723/2723 2722/2722
f 1682/1682 1637/1637 1641/1641
f 1637/1637 1639/1639 1641/1641
f 2723/2723 2725/2725 2724/2724
f 2722/2722 2723/2723 2724/2724
f 2661/2661 2301/2301 2338/2338
f 2635/2635 2661/2661 2338/2338
f 1637/1637 1636/1636 1638/1638
f 1636/1636 1683/1683 1638/1638
f 2338/2338 2301/2301 2276/2276
f 263/263 262/262 264/264
f 2275/2275 2276/2276 2299/2299
f 157/157 262/262 263/263
f 197/197 55/55 208/208
f 125/125 156/156 157/157
f 208/208 55/55 49/49
f 49/49 55/55 53/53
f 2576/2576 2562/2562 2560/2560
f 2560/2560 2562/2562 2561/2561
f 2561/2561 2562/2562 2563/2563
f 2561/2561 2563/2563 2680/2680
f 2680/2680 2685/2685 2599/2599
f 2599/2599 2684/2684 2598/2598
f 2799/2799 2800/2800 2801/2801
f 1638/1638 1640/1640 1639/1639
f 262/262 258/258 278/278
f 262/262 278/278 264/264
f 156/156 258/258 157/157
f 157/157 258/258 262/262
f 125/125 130/130 144/144
f 125/125 144/144 156/156
f 55/55 84/84 53/53
f 53/53 84/84 54/54
f 83/83 124/124 125/125
f 2576/2576 2567/2567 2562/2562
f 2563/2563 2564/2564 2680/2680
f 2680/2680 2564/2564 2685/2685
f 2799/2799 2802/2802 2800/2800
f 2396/2396 2397/2397 2401/2401
f 2397/2397 2398/2398 2401/2401
f 1639/1639 1845/1845 1642/1642
f 2401/2401 2398/2398 2661/2661
f 258/258 261/261 278/278
f 2301/2301 2302/2302 2300/2300
f 2276/2276 2300/2300 2299/2299
f 156/156 155/155 258/258
f 197/197 153/153 55/55
f 55/55 153/153 94/94
f 125/125 124/124 130/130
f 55/55 94/94 84/84
f 2568/2568 2567/2567 2576/2576
f 2562/2562 2564/2564 2563/2563
f 2564/2564 2603/2603 2685/2685
f 2603/2603 2400/2400 2684/2684
f 2685/2685 2603/2603 2684/2684
f 2684/2684 2400/2400 2399/2399
f 2395/2395 2394/2394 2396/2396
f 2396/2396 2394/2394 2397/2397
f 2661/2661 2398/2398 2681/2681
f 2661/2661 2681/2681 2301/2301
f 2301/2301 2681/2681 2302/2302
f 258/258 155/155 261/261
f 197/197 230/230 153/153
f 144/144 155/155 156/156
f 153/153 128/128 94/94
f 94/94 95/95 84/84
f 84/84 85/85 54/54
f 54/54 85/85 83/83
f 2562/2562 2565/2565 2564/2564
f 2565/2565 2603/2603 2564/2564
f 2397/2397 2394/2394 2398/2398
f 1640/1640 1864/1864 1845/1845
f 230/230 231/231 153/153
f 130/130 155/155 144/144
f 94/94 128/128 95/95
f 85/85 100/100 83/83
f 83/83 100/100 124/124
f 398/398 403/403 404/404
f 2400/2400 2393/2393 2399/2399
f 2399/2399 2393/2393 2395/2395
f 2395/2395 2393/2393 2394/2394
f 2394/2394 2531/2531 2398/2398
f 2398/2398 2531/2531 2681/2681
f 2681/2681 2304/2304 2302/2302
f 155/155 260/260 261/261
f 2568/2568 2566/2566 2567/2567
f 2573/2573 2574/2574 2565/2565
f 2565/2565 2574/2574 2603/2603
f 2777/2777 2778/2778 2779/2779
f 2400/2400 2402/2402 2393/2393
f 2304/2304 2303/2303 2302/2302
f 2302/2302 2303/2303 2300/2300
f 2300/2300 2303/2303 2337/2337
f 231/231 187/187 153/153
f 187/187 169/169 128/128
f 153/153 187/187 128/128
f 130/130 137/137 155/155
f 2393/2393 2392/2392 2389/2389
f 2393/2393 2389/2389 2394/2394
f 2394/2394 2389/2389 2531/2531
f 2531/2531 2602/2602 2681/2681
f 2681/2681 2602/2602 2309/2309
f 2681/2681 2309/2309 2304/2304
f 2304/2304 2305/2305 2303/2303
f 2337/2337 2303/2303 2306/2306
f 155/155 137/137 222/222
f 155/155 222/222 260/260
f 169/169 129/129 128/128
f 128/128 129/129 95/95
f 100/100 127/127 137/137
f 95/95 96/96 85/85
f 403/403 399/399 411/411
f 428/428 547/547 479/479
f 2570/2570 2569/2569 2568/2568
f 2569/2569 2566/2566 2568/2568
f 2402/2402 2392/2392 2393/2393
f 2309/2309 2305/2305 2304/2304
f 260/260 259/259 270/270
f 260/260 222/222 259/259
f 96/96 97/97 85/85
f 85/85 97/97 121/121
f 85/85 121/121 100/100
f 100/100 121/121 127/127
f 2780/2780 2781/2781 2779/2779
f 2778/2778 2780/2780 2779/2779
f 2389/2389 2339/2339 2531/2531
f 2531/2531 2339/2339 2602/2602
f 1697/1697 1698/1698 1679/1679
f 137/137 147/147 222/222
f 2572/2572 2587/2587 2566/2566
f 2566/2566 2587/2587 2573/2573
f 2573/2573 2587/2587 2574/2574
f 2402/2402 2678/2678 2392/2392
f 2305/2305 2306/2306 2303/2303
f 187/187 168/168 169/169
f 169/169 168/168 129/129
f 95/95 129/129 96/96
f 565/565 582/582 547/547
f 2571/2571 2572/2572 2569/2569
f 2574/2574 2587/2587 2589/2589
f 2392/2392 2678/2678 2391/2391
f 2392/2392 2391/2391 2389/2389
f 1677/1677 1673/1673 1675/1675
f 2339/2339 2308/2308 2602/2602
f 2602/2602 2308/2308 2309/2309
f 2305/2305 2307/2307 2306/2306
f 187/187 228/228 168/168
f 222/222 154/154 243/243
f 222/222 243/243 259/259
f 168/168 145/145 129/129
f 121/121 134/134 127/127
f 127/127 134/134 154/154
f 127/127 154/154 147/147
f 129/129 120/120 96/96
f 96/96 120/120 97/97
f 97/97 120/120 121/121
f 2780/2780 2782/2782 2781/2781
f 2535/2535 2403/2403 2678/2678
f 2678/2678 2403/2403 2391/2391
f 2391/2391 2382/2382 2389/2389
f 2389/2389 2382/2382 2339/2339
f 2305/2305 2308/2308 2307/2307
f 228/228 229/229 168/168
f 168/168 229/229 145/145
f 145/145 142/142 120/120
f 129/129 145/145 120/120
f 120/120 142/142 121/121
f 121/121 142/142 134/134
f 2620/2620 2621/2621 2572/2572
f 2572/2572 2621/2621 2664/2664
f 2783/2783 2784/2784 2782/2782
f 2403/2403 2382/2382 2391/2391
f 2382/2382 2529/2529 2638/2638
f 994/994 993/993 992/992
f 992/992 993/993 991/991
f 1701/1701 1700/1700 1699/1699
f 1702/1702 1701/1701 1699/1699
f 1236/1236 1245/1245 1237/1237
f 2633/2633 2641/2641 2668/2668
f 2852/2852 2853/2853 2854/2854
f 2535/2535 2410/2410 2408/2408
f 2403/2403 2408/2408 2407/2407
f 1704/1704 1711/1711 1857/1857
f 2529/2529 2626/2626 2638/2638
f 2638/2638 2626/2626 2619/2619
f 2638/2638 2619/2619 2660/2660
f 1703/1703 1704/1704 1700/1700
f 1701/1701 1703/1703 1700/1700
f 2866/2866 2863/2863 2868/2868
f 2866/2866 2864/2864 2863/2863
f 2863/2863 2864/2864 2865/2865
f 1287/1287 1288/1288 1289/1289
f 1970/1970 1969/1969 1972/1972
f 2863/2863 2865/2865 2867/2867
f 2456/2456 2586/2586 2454/2454
f 2456/2456 2454/2454 2455/2455
f 2456/2456 2455/2455 2457/2457
f 1839/1839 1810/1810 1848/1848
f 1848/1848 1806/1806 1860/1860
f 1848/1848 1810/1810 1806/1806
f 2457/2457 2455/2455 2591/2591
f 2457/2457 2591/2591 2629/2629
f 1300/1300 1301/1301 1324/1324
f 1325/1325 1300/1300 1324/1324
f 1324/1324 1301/1301 1326/1326
f 1826/1826 1810/1810 1839/1839
f 1840/1840 1826/1826 1839/1839
f 2629/2629 2591/2591 2630/2630
f 2410/2410 2409/2409 2408/2408
f 2408/2408 2409/2409 2407/2407
f 2529/2529 2611/2611 2626/2626
f 1703/1703 1706/1706 1705/1705
f 1703/1703 1705/1705 1704/1704
f 2619/2619 2447/2447 2448/2448
f 1703/1703 1805/1805 1706/1706
f 1810/1810 1805/1805 1806/1806
f 1300/1300 1295/1295 1301/1301
f 1826/1826 1802/1802 1810/1810
f 2641/2641 2439/2439 2411/2411
f 2611/2611 2461/2461 2626/2626
f 2626/2626 2461/2461 2619/2619
f 2619/2619 2461/2461 2447/2447
f 2454/2454 2452/2452 2455/2455
f 2455/2455 2452/2452 2591/2591
f 1826/1826 1811/1811 1802/1802
f 2634/2634 2438/2438 2633/2633
f 2434/2434 2439/2439 2633/2633
f 2411/2411 2439/2439 2409/2409
f 2409/2409 2412/2412 2407/2407
f 2407/2407 2412/2412 2529/2529
f 2529/2529 2412/2412 2611/2611
f 2611/2611 2412/2412 2461/2461
f 2447/2447 2443/2443 2448/2448
f 1805/1805 1798/1798 1706/1706
f 2448/2448 2445/2445 2586/2586
f 2586/2586 2445/2445 2454/2454
f 1810/1810 1798/1798 1805/1805
f 1315/1315 1293/1293 1300/1300
f 1300/1300 1293/1293 1295/1295
f 1191/1191 1192/1192 1200/1200
f 1195/1195 1223/1223 1219/1219
f 1230/1230 1234/1234 1236/1236
f 2438/2438 2434/2434 2633/2633
f 2439/2439 2613/2613 2409/2409
f 2409/2409 2613/2613 2413/2413
f 2409/2409 2413/2413 2412/2412
f 1705/1705 1708/1708 1710/1710
f 2461/2461 2440/2440 2447/2447
f 1706/1706 1707/1707 1705/1705
f 1798/1798 1797/1797 1706/1706
f 2445/2445 2450/2450 2452/2452
f 2454/2454 2445/2445 2452/2452
f 1810/1810 1802/1802 1798/1798
f 2439/2439 2434/2434 2432/2432
f 2439/2439 2432/2432 2637/2637
f 2413/2413 2414/2414 2412/2412
f 2412/2412 2440/2440 2461/2461
f 2440/2440 2443/2443 2447/2447
f 1706/1706 1797/1797 1707/1707
f 2448/2448 2443/2443 2445/2445
f 2452/2452 2453/2453 2591/2591
f 1315/1315 1316/1316 1293/1293
f 1293/1293 1294/1294 1295/1295
f 1811/1811 1801/1801 1802/1802
f 2637/2637 2613/2613 2439/2439
f 1708/1708 1803/1803 1863/1863
f 2414/2414 2418/2418 2412/2412
f 2412/2412 2418/2418 2440/2440
f 1801/1801 1799/1799 1802/1802
f 1802/1802 1799/1799 1798/1798
f 2440/2440 2442/2442 2443/2443
f 2445/2445 2446/2446 2450/2450
f 2452/2452 2450/2450 2453/2453
f 1192/1192 1176/1176 1195/1195
f 2435/2435 2433/2433 2438/2438
f 2637/2637 2430/2430 2613/2613
f 2430/2430 2415/2415 2413/2413
f 2613/2613 2430/2430 2413/2413
f 2413/2413 2415/2415 2414/2414
f 2418/2418 2441/2441 2440/2440
f 1707/1707 1713/1713 1712/1712
f 2443/2443 2444/2444 2445/2445
f 2445/2445 2444/2444 2446/2446
f 1798/1798 1795/1795 1797/1797
f 1316/1316 1296/1296 1293/1293
f 1293/1293 1296/1296 1294/1294
f 1801/1801 1800/1800 1799/1799
f 1176/1176 1194/1194 1195/1195
f 2432/2432 2421/2421 2637/2637
f 2637/2637 2421/2421 2430/2430
f 2442/2442 2444/2444 2443/2443
f 2446/2446 2451/2451 2450/2450
f 1799/1799 1795/1795 1798/1798
f 1195/1195 1194/1194 1205/1205
f 1223/1223 1224/1224 1233/1233
f 2430/2430 2417/2417 2415/2415
f 2440/2440 2441/2441 2442/2442
f 1799/1799 1800/1800 1795/1795
f 2451/2451 2600/2600 2453/2453
f 1296/1296 1297/1297 1294/1294
f 1294/1294 1297/1297 1302/1302
f 2435/2435 2431/2431 2433/2433
f 2415/2415 2416/2416 2414/2414
f 2414/2414 2416/2416 2418/2418
f 1795/1795 1794/1794 1713/1713
f 1800/1800 1835/1835 1834/1834
f 1800/1800 1834/1834 1795/1795
f 2435/2435 2436/2436 2431/2431
f 2433/2433 2431/2431 2432/2432
f 2432/2432 2431/2431 2421/2421
f 2415/2415 2417/2417 2416/2416
f 2418/2418 2549/2549 2441/2441
f 2441/2441 2449/2449 2442/2442
f 2442/2442 2525/2525 2444/2444
f 2451/2451 2460/2460 2600/2600
f 2431/2431 2420/2420 2421/2421
f 2421/2421 2420/2420 2417/2417
f 2417/2417 2419/2419 2416/2416
f 2416/2416 2549/2549 2418/2418
f 1712/1712 1715/1715 1851/1851
f 2549/2549 2449/2449 2441/2441
f 2442/2442 2449/2449 2525/2525
f 2525/2525 2458/2458 2446/2446
f 2444/2444 2525/2525 2446/2446
f 2446/2446 2458/2458 2451/2451
f 2420/2420 2419/2419 2417/2417
f 2419/2419 2549/2549 2416/2416
f 1834/1834 1717/1717 1794/1794
f 2451/2451 2459/2459 2460/2460
f 1299/1299 1314/1314 1303/1303
f 1299/1299 1303/1303 1298/1298
f 1298/1298 1304/1304 1297/1297
f 1835/1835 1807/1807 1834/1834
f 1171/1171 1203/1203 1193/1193
f 2437/2437 2550/2550 2431/2431
f 2420/2420 2422/2422 2419/2419
f 2422/2422 2423/2423 2419/2419
f 2423/2423 2464/2464 2419/2419
f 2419/2419 2464/2464 2549/2549
f 2857/2857 2858/2858 2859/2859
f 2549/2549 2662/2662 2449/2449
f 2449/2449 2662/2662 2525/2525
f 2525/2525 2662/2662 2458/2458
f 1794/1794 1717/1717 1714/1714
f 2458/2458 2459/2459 2451/2451
f 1807/1807 1717/1717 1834/1834
f 2860/2860 2861/2861 2862/2862
f 2464/2464 2423/2423 2465/2465
f 2464/2464 2465/2465 2466/2466
f 1935/1935 1936/1936 1934/1934
f 2465/2465 2526/2526 2466/2466
f 2466/2466 2526/2526 2530/2530
f 2466/2466 2530/2530 2662/2662
f 2847/2847 2845/2845 2846/2846
f 1716/1716 1793/1793 1715/1715
f 2662/2662 2636/2636 2458/2458
f 1717/1717 1718/1718 1716/1716
f 1717/1717 1716/1716 1714/1714
f 2458/2458 2462/2462 2459/2459
f 1187/1187 1204/1204 1174/1174
f 1187/1187 1196/1196 1204/1204
f 1187/1187 1174/1174 1165/1165
f 1174/1174 1166/1166 1165/1165
f 2428/2428 2426/2426 2550/2550
f 2550/2550 2426/2426 2422/2422
f 2422/2422 2424/2424 2423/2423
f 2424/2424 2468/2468 2423/2423
f 2423/2423 2468/2468 2465/2465
f 2845/2845 2844/2844 2846/2846
f 2636/2636 2533/2533 2458/2458
f 2458/2458 2533/2533 2462/2462
f 1807/1807 1718/1718 1717/1717
f 2426/2426 2425/2425 2422/2422
f 2422/2422 2425/2425 2424/2424
f 2465/2465 2527/2527 2526/2526
f 2845/2845 2843/2843 2844/2844
f 1719/1719 1722/1722 1716/1716
f 2528/2528 2533/2533 2636/2636
f 1720/1720 1719/1719 1718/1718
f 2462/2462 2463/2463 2459/2459
f 1303/1303 1305/1305 1304/1304
f 1807/1807 1792/1792 1718/1718
f 2424/2424 2645/2645 2468/2468
f 2468/2468 2645/2645 2682/2682
f 2468/2468 2682/2682 2465/2465
f 2465/2465 2682/2682 2527/2527
f 2842/2842 2841/2841 2843/2843
f 2843/2843 2841/2841 2844/2844
f 2528/2528 2472/2472 2533/2533
f 1719/1719 1721/1721 1722/1722
f 2533/2533 2467/2467 2462/2462
f 1792/1792 1721/1721 1720/1720
f 1720/1720 1721/1721 1719/1719
f 1314/1314 1306/1306 1303/1303
f 1306/1306 1308/1308 1305/1305
f 1303/1303 1306/1306 1305/1305
f 1186/1186 1184/1184 1198/1198
f 2426/2426 2427/2427 2425/2425
f 2840/2840 2841/2841 2842/2842
f 2528/2528 2474/2474 2472/2472
f 2472/2472 2467/2467 2533/2533
f 2462/2462 2467/2467 2463/2463
f 1308/1308 1313/1313 1305/1305
f 1792/1792 1724/1724 1721/1721
f 2427/2427 2429/2429 2425/2425
f 2682/2682 2475/2475 2474/2474
f 1721/1721 1724/1724 1723/1723
f 2467/2467 2469/2469 2463/2463
f 1322/1322 1307/1307 1306/1306
f 1306/1306 1307/1307 1308/1308
f 2828/2828 2824/2824 2825/2825
f 2425/2425 2429/2429 2424/2424
f 2645/2645 2475/2475 2682/2682
f 2474/2474 2475/2475 2473/2473
f 2474/2474 2473/2473 2472/2472
f 2472/2472 2470/2470 2467/2467
f 2470/2470 2469/2469 2467/2467
f 1724/1724 1725/1725 1723/1723
f 1307/1307 1309/1309 1308/1308
f 1766/1766 1767/1767 1765/1765
f 1766/1766 1765/1765 1724/1724
f 2823/2823 2819/2819 2827/2827
f 2686/2686 2479/2479 2645/2645
f 2424/2424 2686/2686 2645/2645
f 2645/2645 2479/2479 2475/2475
f 2479/2479 2477/2477 2475/2475
f 2475/2475 2477/2477 2476/2476
f 2475/2475 2476/2476 2473/2473
f 2472/2472 2473/2473 2470/2470
f 2470/2470 2471/2471 2469/2469
f 1724/1724 1765/1765 1725/1725
f 1728/1728 1729/1729 1759/1759
f 2476/2476 2524/2524 2473/2473
f 2473/2473 2524/2524 2470/2470
f 2470/2470 2524/2524 2471/2471
f 2471/2471 2480/2480 2469/2469
f 1322/1322 1323/1323 1307/1307
f 1765/1765 1763/1763 1725/1725
f 1222/1222 1244/1244 1242/1242
f 2824/2824 2822/2822 2823/2823
f 2477/2477 2478/2478 2476/2476
f 2476/2476 2478/2478 2524/2524
f 2480/2480 2537/2537 2538/2538
f 1307/1307 1310/1310 1309/1309
f 1767/1767 1763/1763 1765/1765
f 2822/2822 2820/2820 2819/2819
f 2823/2823 2822/2822 2819/2819
f 2819/2819 2820/2820 2821/2821
f 2479/2479 2478/2478 2477/2477
f 2524/2524 2482/2482 2471/2471
f 1310/1310 1311/1311 1309/1309
f 1767/1767 1768/1768 1763/1763
f 2820/2820 2826/2826 2821/2821
f 2479/2479 2627/2627 2478/2478
f 2826/2826 2830/2830 2831/2831
f 2831/2831 2830/2830 2832/2832
f 2832/2832 2834/2834 2833/2833
f 2831/2831 2832/2832 2833/2833
f 1726/1726 1762/1762 1727/1727
f 2524/2524 2628/2628 2482/2482
f 2482/2482 2481/2481 2471/2471
f 2471/2471 2481/2481 2480/2480
f 1763/1763 1831/1831 1726/1726
f 2628/2628 2481/2481 2482/2482
f 2481/2481 2483/2483 2480/2480
f 2480/2480 2483/2483 2537/2537
f 1310/1310 1312/1312 1311/1311
f 1768/1768 1769/1769 1763/1763
f 1763/1763 1769/1769 1831/1831
f 2519/2519 2516/2516 2520/2520
f 2820/2820 2829/2829 2826/2826
f 2826/2826 2829/2829 2830/2830
f 1228/1228 1209/1209 1231/1231
f 2520/2520 2516/2516 2632/2632
f 2496/2496 2494/2494 2515/2515
f 2515/2515 2494/2494 2628/2628
f 2628/2628 2494/2494 2481/2481
f 2481/2481 2484/2484 2483/2483
f 1317/1317 1318/1318 1311/1311
f 1312/1312 1317/1317 1311/1311
f 1768/1768 1770/1770 1769/1769
f 2496/2496 2495/2495 2494/2494
f 2495/2495 2485/2485 2494/2494
f 2494/2494 2485/2485 2481/2481
f 2481/2481 2485/2485 2484/2484
f 2484/2484 2490/2490 2483/2483
f 1761/1761 1760/1760 1762/1762
f 1770/1770 1771/1771 1769/1769
f 1170/1170 1182/1182 1212/1212
f 2516/2516 2514/2514 2632/2632
f 2835/2835 2836/2836 2837/2837
f 2484/2484 2486/2486 2490/2490
f 2490/2490 2486/2486 2489/2489
f 1317/1317 1319/1319 1318/1318
f 1170/1170 1162/1162 1182/1182
f 2513/2513 2514/2514 2516/2516
f 2517/2517 2513/2513 2516/2516
f 2498/2498 2497/2497 2495/2495
f 2497/2497 2499/2499 2485/2485
f 2495/2495 2497/2497 2485/2485
f 1328/1328 1329/1329 1330/1330
f 2485/2485 2487/2487 2486/2486
f 2487/2487 2488/2488 2486/2486
f 1973/1973 1976/1976 1974/1974
f 1973/1973 1974/1974 1975/1975
f 2486/2486 2488/2488 2489/2489
f 1182/1182 1178/1178 1215/1215
f 2513/2513 2511/2511 2514/2514
f 2838/2838 2839/2839 2837/2837
f 2836/2836 2838/2838 2837/2837
f 2498/2498 2675/2675 2497/2497
f 1329/1329 1331/1331 1330/1330
f 2487/2487 2491/2491 2488/2488
f 2513/2513 2512/2512 2511/2511
f 2675/2675 2500/2500 2497/2497
f 2497/2497 2500/2500 2499/2499
f 2491/2491 2492/2492 2488/2488
f 1338/1338 1337/1337 1340/1340
f 2488/2488 2492/2492 2493/2493
f 1841/1841 1842/1842 1757/1757
f 1841/1841 1757/1757 1812/1812
f 1178/1178 1202/1202 1215/1215
f 2512/2512 2510/2510 2511/2511
f 1329/1329 1332/1332 1331/1331
f 2491/2491 2534/2534 2492/2492
f 1178/1178 1179/1179 1202/1202
f 2510/2510 2508/2508 2511/2511
f 2508/2508 2505/2505 2675/2675
f 2511/2511 2508/2508 2675/2675
f 2675/2675 2505/2505 2500/2500
f 2500/2500 2501/2501 2499/2499
f 1329/1329 1333/1333 1332/1332
f 1746/1746 1748/1748 1747/1747
f 2534/2534 2546/2546 2492/2492
f 1338/1338 1334/1334 1337/1337
f 2510/2510 2509/2509 2508/2508
f 2505/2505 2504/2504 2500/2500
f 2500/2500 2504/2504 2502/2502
f 2500/2500 2502/2502 2501/2501
f 1748/1748 1756/1756 1747/1747
f 1333/1333 1334/1334 1332/1332
f 2501/2501 2502/2502 2503/2503
f 1333/1333 1335/1335 1334/1334
f 1334/1334 1335/1335 1336/1336
f 1334/1334 1336/1336 1337/1337
f 1855/1855 1854/1854 1757/1757
f 1337/1337 1336/1336 1342/1342
f 2509/2509 2506/2506 2508/2508
f 2508/2508 2506/2506 2505/2505
f 2505/2505 2506/2506 2504/2504
f 2504/2504 2507/2507 2502/2502
f 2507/2507 2669/2669 2503/2503
f 2502/2502 2507/2507 2503/2503
f 1335/1335 1341/1341 1339/1339
f 1335/1335 1339/1339 1336/1336
f 1855/1855 1856/1856 1854/1854
f 816/816 814/814 812/812
f 814/814 809/809 804/804
f 812/812 814/814 804/804
f 804/804 809/809 805/805
f 805/805 809/809 810/810
f 829/829 831/831 817/817
f 831/831 816/816 817/817
f 810/810 824/824 819/819
f 837/837 831/831 829/829
f 835/835 837/837 829/829
f 827/827 862/862 844/844
f 827/827 844/844 843/843
f 793/793 796/796 791/791
f 780/780 779/779 777/777
f 777/777 779/779 776/776
f 769/769 751/751 767/767
f 767/767 751/751 750/750
f 750/750 751/751 749/749
f 749/749 751/751 757/757
f 749/749 757/757 753/753
f 753/753 760/760 758/758
f 764/764 760/760 765/765
f 815/815 816/816 812/812
f 805/805 810/810 807/807
f 807/807 810/810 819/819
f 819/819 824/824 823/823
f 824/824 827/827 826/826
f 823/823 824/824 826/826
f 840/840 837/837 835/835
f 827/827 843/843 826/826
f 848/848 850/850 837/837
f 848/848 837/837 840/840
f 791/791 779/779 780/780
f 777/777 776/776 770/770
f 776/776 769/769 770/770
f 770/770 769/769 767/767
f 749/749 753/753 752/752
f 752/752 753/753 758/758
f 815/815 812/812 811/811
f 811/811 812/812 804/804
f 804/804 805/805 801/801
f 800/800 804/804 801/801
f 801/801 805/805 807/807
f 793/793 791/791 789/789
f 789/789 791/791 780/780
f 745/745 750/750 749/749
f 746/746 749/749 752/752
f 785/785 783/783 787/787
f 811/811 804/804 800/800
f 819/819 823/823 822/822
f 838/838 840/840 835/835
f 826/826 843/843 845/845
f 795/795 793/793 789/789
f 775/775 777/777 770/770
f 745/745 767/767 750/750
f 745/745 749/749 746/746
f 746/746 752/752 754/754
f 752/752 758/758 754/754
f 754/754 758/758 761/761
f 829/829 817/817 818/818
f 818/818 817/817 815/815
f 815/815 811/811 813/813
f 813/813 811/811 803/803
f 800/800 801/801 802/802
f 801/801 807/807 808/808
f 802/802 801/801 808/808
f 808/808 807/807 819/819
f 833/833 835/835 829/829
f 854/854 859/859 853/853
f 778/778 780/780 777/777
f 775/775 770/770 768/768
f 768/768 770/770 767/767
f 768/768 767/767 745/745
f 748/748 746/746 755/755
f 755/755 746/746 754/754
f 762/762 765/765 781/781
f 781/781 765/765 783/783
f 830/830 829/829 818/818
f 818/818 815/815 813/813
f 803/803 800/800 802/802
f 820/820 808/808 819/819
f 833/833 829/829 830/830
f 820/820 819/819 822/822
f 822/822 823/823 826/826
f 822/822 826/826 825/825
f 825/825 826/826 845/845
f 848/848 840/840 847/847
f 852/852 848/848 847/847
f 795/795 789/789 790/790
f 789/789 780/780 778/778
f 790/790 789/789 778/778
f 778/778 777/777 775/775
f 2136/2136 2141/2141 2667/2667
f 747/747 768/768 745/745
f 745/745 746/746 747/747
f 747/747 746/746 748/748
f 754/754 761/761 762/762
f 761/761 764/764 762/762
f 1029/1029 1028/1028 1027/1027
f 813/813 803/803 806/806
f 806/806 803/803 802/802
f 806/806 802/802 808/808
f 820/820 822/822 825/825
f 774/774 775/775 768/768
f 755/755 754/754 756/756
f 754/754 762/762 756/756
f 818/818 813/813 806/806
f 818/818 806/806 832/832
f 832/832 806/806 821/821
f 806/806 808/808 821/821
f 808/808 820/820 821/821
f 834/834 833/833 830/830
f 834/834 830/830 836/836
f 821/821 820/820 842/842
f 820/820 825/825 842/842
f 855/855 838/838 833/833
f 855/855 833/833 834/834
f 888/888 923/923 883/883
f 825/825 845/845 846/846
f 798/798 795/795 794/794
f 852/852 847/847 851/851
f 794/794 795/795 790/790
f 794/794 790/790 792/792
f 792/792 790/790 778/778
f 778/778 775/775 774/774
f 773/773 774/774 768/768
f 2133/2133 2135/2135 2140/2140
f 771/771 768/768 747/747
f 773/773 768/768 771/771
f 2132/2132 2133/2133 2140/2140
f 766/766 771/771 747/747
f 773/773 771/771 766/766
f 2132/2132 2140/2140 2644/2644
f 2128/2128 2132/2132 2644/2644
f 766/766 747/747 748/748
f 2873/2873 2878/2878 2877/2877
f 748/748 755/755 772/772
f 755/755 756/756 759/759
f 772/772 755/755 759/759
f 759/759 756/756 763/763
f 763/763 756/756 762/762
f 763/763 762/762 782/782
f 2883/2883 2882/2882 2884/2884
f 762/762 781/781 782/782
f 894/894 893/893 892/892
f 895/895 894/894 892/892
f 1346/1346 1344/1344 1343/1343
f 892/892 893/893 889/889
f 892/892 889/889 891/891
f 1343/1343 1344/1344 1345/1345
f 898/898 895/895 897/897
f 897/897 895/895 896/896
f 1248/1248 1247/1247 1250/1250
f 895/895 892/892 896/896
f 890/890 891/891 889/889
f 890/890 889/889 882/882
f 1343/1343 1345/1345 1348/1348
f 1348/1348 1349/1349 1350/1350
f 882/882 889/889 888/888
f 882/882 888/888 883/883
f 851/851 838/838 855/855
f 907/907 898/898 900/900
f 900/900 898/898 899/899
f 899/899 898/898 897/897
f 881/881 882/882 883/883
f 1350/1350 1349/1349 1351/1351
f 881/881 883/883 884/884
f 1264/1264 1262/1262 1261/1261
f 909/909 907/907 908/908
f 907/907 900/900 908/908
f 885/885 884/884 883/883
f 885/885 883/883 886/886
f 1261/1261 1262/1262 1263/1263
f 886/886 883/883 887/887
f 913/913 909/909 910/910
f 909/909 908/908 910/910
f 901/901 886/886 887/887
f 901/901 887/887 902/902
f 1257/1257 1258/1258 1259/1259
f 902/902 887/887 904/904
f 915/915 913/913 914/914
f 914/914 913/913 910/910
f 903/903 902/902 904/904
f 903/903 904/904 905/905
f 1258/1258 1260/1260 1259/1259
f 905/905 904/904 906/906
f 917/917 915/915 916/916
f 916/916 915/915 914/914
f 1383/1383 1385/1385 1386/1386
f 1056/1056 1054/1054 1053/1053
f 905/905 906/906 911/911
f 920/920 925/925 917/917
f 905/905 911/911 912/912
f 920/920 917/917 919/919
f 917/917 916/916 918/918
f 919/919 917/917 918/918
f 1380/1380 1379/1379 1382/1382
f 921/921 920/920 919/919
f 2875/2875 2876/2876 2874/2874
f 1053/1053 1054/1054 1055/1055
f 921/921 919/919 922/922
f 2875/2875 2874/2874 2870/2870
f 1387/1387 1388/1388 1389/1389
f 924/924 921/921 922/922
f 2870/2870 2874/2874 2873/2873
f 2872/2872 2870/2870 2873/2873
f 2870/2870 2872/2872 2871/2871
f 2869/2869 2870/2870 2871/2871
f 2872/2872 2873/2873 2877/2877
f 2692/2692 2696/2696 2695/2695
f 2692/2692 2695/2695 2693/2693
f 2872/2872 2877/2877 2879/2879
f 2880/2880 2872/2872 2879/2879
f 947/947 946/946 941/941
f 2894/2894 2895/2895 2896/2896
f 2881/2881 2880/2880 2879/2879
f 2119/2119 2120/2120 2116/2116
f 2119/2119 2116/2116 2118/2118
f 2881/2881 2879/2879 2882/2882
f 2883/2883 2881/2881 2882/2882
f 937/937 940/940 945/945
f 2885/2885 2883/2883 2884/2884
f 2886/2886 2885/2885 2884/2884
f 2674/2674 2118/2118 2117/2117
f 2687/2687 2688/2688 2689/2689
f 2888/2888 2886/2886 2887/2887
f 2887/2887 2886/2886 2884/2884
f 998/998 1000/1000 996/996
f 2890/2890 2888/2888 2889/2889
f 2889/2889 2888/2888 2887/2887
f 995/995 996/996 997/997
f 995/995 997/997 999/999
f 2891/2891 2890/2890 2889/2889
f 929/929 944/944 933/933
f 1002/1002 999/999 1003/1003
f 2893/2893 2891/2891 2892/2892
f 1045/1045 1046/1046 1047/1047
f 1045/1045 1047/1047 1049/1049
f 1049/1049 1047/1047 1050/1050
f 1047/1047 1051/1051 1050/1050
f 375/375 380/380 349/349
f 349/349 380/380 329/329
f 380/380 397/397 329/329
f 329/329 397/397 328/328
f 328/328 397/397 407/407
f 454/454 375/375 386/386
f 501/501 407/407 532/532
f 501/501 532/532 530/530
f 532/532 600/600 530/530
f 530/530 600/600 605/605
f 566/566 474/474 472/472
f 600/600 607/607 605/605
f 1696/1696 1844/1844 1695/1695
f 549/549 567/567 566/566
f 1844/1844 1625/1625 1695/1695
f 1625/1625 1609/1609 1513/1513
f 1513/1513 1609/1609 1608/1608
f 1608/1608 1609/1609 1610/1610
f 1610/1610 1833/1833 1515/1515
f 1608/1608 1610/1610 1515/1515
f 1515/1515 1833/1833 1543/1543
f 1515/1515 1543/1543 1537/1537
f 2595/2595 2646/2646 2616/2616
f 1543/1543 1540/1540 1537/1537
f 1537/1537 1540/1540 1539/1539
f 1539/1539 1540/1540 1541/1541
f 1541/1541 1824/1824 1823/1823
f 1823/1823 1824/1824 1829/1829
f 1919/1919 1920/1920 1921/1921
f 1622/1622 1623/1623 1621/1621
f 938/938 937/937 931/931
f 280/280 283/283 279/279
f 265/265 279/279 244/244
f 517/517 501/501 530/530
f 567/567 549/549 561/561
f 1513/1513 1608/1608 1515/1515
f 1629/1629 1541/1541 1823/1823
f 1829/1829 1624/1624 1626/1626
f 1626/1626 1624/1624 1622/1622
f 265/265 244/244 255/255
f 386/386 375/375 374/374
f 387/387 386/386 374/374
f 374/374 375/375 349/349
f 336/336 349/349 329/329
f 328/328 407/407 406/406
f 407/407 501/501 406/406
f 406/406 501/501 502/502
f 502/502 501/501 517/517
f 530/530 605/605 598/598
f 1517/1517 1696/1696 1695/1695
f 1695/1695 1625/1625 1533/1533
f 1533/1533 1625/1625 1513/1513
f 1512/1512 1513/1513 1515/1515
f 1514/1514 1515/1515 1537/1537
f 1537/1537 1539/1539 1538/1538
f 1539/1539 1541/1541 1538/1538
f 1538/1538 1541/1541 1629/1629
f 374/374 349/349 352/352
f 352/352 349/349 336/336
f 440/440 430/430 423/423
f 423/423 430/430 386/386
f 423/423 386/386 387/387
f 473/473 472/472 440/440
f 2192/2192 2195/2195 2194/2194
f 2593/2593 2616/2616 2199/2199
f 1514/1514 1537/1537 1538/1538
f 1629/1629 1823/1823 1516/1516
f 1626/1626 1622/1622 1620/1620
f 1622/1622 1621/1621 1620/1620
f 1620/1620 1621/1621 1600/1600
f 1620/1620 1600/1600 1597/1597
f 326/326 328/328 406/406
f 517/517 530/530 536/536
f 536/536 530/530 598/598
f 561/561 549/549 473/473
f 1517/1517 1695/1695 1511/1511
f 1511/1511 1695/1695 1533/1533
f 1512/1512 1515/1515 1514/1514
f 1516/1516 1829/1829 1626/1626
f 1597/1597 1599/1599 1598/1598
f 336/336 329/329 325/325
f 484/484 406/406 502/502
f 502/502 517/517 513/513
f 513/513 517/517 536/536
f 325/325 329/329 328/328
f 325/325 328/328 326/326
f 484/484 502/502 513/513
f 1514/1514 1538/1538 1617/1617
f 1617/1617 1538/1538 1629/1629
f 1626/1626 1620/1620 1501/1501
f 469/469 473/473 440/440
f 561/561 473/473 469/469
f 2193/2193 2192/2192 2194/2194
f 1617/1617 1629/1629 1505/1505
f 1629/1629 1516/1516 1505/1505
f 552/552 561/561 469/469
f 1505/1505 1516/1516 1499/1499
f 387/387 374/374 352/352
f 469/469 440/440 438/438
f 440/440 423/423 438/438
f 1516/1516 1626/1626 1501/1501
f 1499/1499 1516/1516 1501/1501
f 351/351 352/352 336/336
f 513/513 536/536 540/540
f 540/540 536/536 598/598
f 1517/1517 1511/1511 1508/1508
f 1504/1504 1501/1501 1620/1620
f 384/384 387/387 352/352
f 409/409 406/406 484/484
f 423/423 387/387 384/384
f 520/520 513/513 540/540
f 540/540 598/598 599/599
f 1510/1510 1517/1517 1508/1508
f 1512/1512 1514/1514 1500/1500
f 1533/1533 1513/1513 1507/1507
f 2193/2193 2194/2194 2198/2198
f 1507/1507 1513/1513 1512/1512
f 1511/1511 1533/1533 1507/1507
f 1508/1508 1511/1511 1507/1507
f 1507/1507 1512/1512 1500/1500
f 384/384 352/352 371/371
f 371/371 352/352 351/351
f 324/324 325/325 326/326
f 419/419 423/423 384/384
f 419/419 384/384 383/383
f 457/457 469/469 438/438
f 1617/1617 1505/1505 1518/1518
f 326/326 406/406 409/409
f 457/457 438/438 439/439
f 438/438 419/419 439/439
f 1500/1500 1514/1514 1518/1518
f 383/383 384/384 371/371
f 324/324 326/326 323/323
f 1518/1518 1514/1514 1617/1617
f 1518/1518 1505/1505 1496/1496
f 1496/1496 1505/1505 1499/1499
f 1498/1498 1499/1499 1501/1501
f 1502/1502 1501/1501 1504/1504
f 1504/1504 1620/1620 1597/1597
f 323/323 326/326 409/409
f 336/336 325/325 324/324
f 1498/1498 1501/1501 1502/1502
f 409/409 484/484 490/490
f 490/490 484/484 513/513
f 490/490 513/513 520/520
f 552/552 469/469 457/457
f 1508/1508 1507/1507 1506/1506
f 1507/1507 1500/1500 1506/1506
f 1506/1506 1500/1500 1493/1493
f 1496/1496 1499/1499 1498/1498
f 351/351 336/336 337/337
f 337/337 336/336 324/324
f 2358/2358 2193/2193 2198/2198
f 1504/1504 1597/1597 1592/1592
f 382/382 383/383 371/371
f 1498/1498 1502/1502 1503/1503
f 1502/1502 1504/1504 1503/1503
f 1503/1503 1504/1504 1591/1591
f 1591/1591 1504/1504 1592/1592
f 1592/1592 1595/1595 1594/1594
f 371/371 351/351 350/350
f 350/350 351/351 337/337
f 419/419 383/383 382/382
f 1495/1495 1518/1518 1496/1496
f 242/242 165/165 163/163
f 457/457 439/439 432/432
f 432/432 439/439 419/419
f 1500/1500 1518/1518 1495/1495
f 1493/1493 1500/1500 1495/1495
f 560/560 552/552 457/457
f 1509/1509 1510/1510 1508/1508
f 321/321 324/324 323/323
f 418/418 419/419 382/382
f 540/540 599/599 597/597
f 1536/1536 1510/1510 1509/1509
f 321/321 323/323 322/322
f 322/322 323/323 409/409
f 322/322 409/409 415/415
f 415/415 409/409 490/490
f 1509/1509 1508/1508 1506/1506
f 490/490 520/520 519/519
f 520/520 540/540 541/541
f 519/519 520/520 541/541
f 1509/1509 1506/1506 1628/1628
f 1628/1628 1506/1506 1493/1493
f 1493/1493 1495/1495 1494/1494
f 1897/1897 1896/1896 1899/1899
f 1897/1897 1899/1899 1900/1900
f 337/337 324/324 327/327
f 327/327 324/324 321/321
f 464/464 457/457 432/432
f 1497/1497 1496/1496 1498/1498
f 541/541 540/540 597/597
f 1895/1895 1896/1896 1897/1897
f 1503/1503 1591/1591 1619/1619
f 560/560 457/457 464/464
f 1494/1494 1495/1495 1496/1496
f 1900/1900 1899/1899 1901/1901
f 1591/1591 1592/1592 1593/1593
f 392/392 382/382 370/370
f 370/370 382/382 371/371
f 350/350 337/337 327/327
f 327/327 321/321 320/320
f 485/485 490/490 519/519
f 1494/1494 1496/1496 1497/1497
f 415/415 490/490 485/485
f 1619/1619 1591/1591 1593/1593
f 114/114 119/119 102/102
f 371/371 350/350 342/342
f 342/342 350/350 327/327
f 320/320 321/321 319/319
f 319/319 321/321 322/322
f 2209/2209 2190/2190 2202/2202
f 1898/1898 1895/1895 1897/1897
f 1490/1490 1525/1525 1484/1484
f 370/370 371/371 342/342
f 1949/1949 1947/1947 1946/1946
f 1946/1946 1947/1947 1948/1948
f 1494/1494 1497/1497 1618/1618
f 1618/1618 1490/1490 1491/1491
f 1491/1491 1490/1490 1486/1486
f 1486/1486 1490/1490 1484/1484
f 319/319 322/322 415/415
f 418/418 382/382 392/392
f 1441/1441 1536/1536 1442/1442
f 1458/1458 1628/1628 1493/1493
f 1493/1493 1494/1494 1492/1492
f 1479/1479 1525/1525 1619/1619
f 1962/1962 1961/1961 1963/1963
f 342/342 327/327 331/331
f 331/331 327/327 320/320
f 320/320 319/319 317/317
f 541/541 597/597 588/588
f 559/559 560/560 464/464
f 1442/1442 1628/1628 1458/1458
f 2213/2213 2203/2203 2358/2358
f 1484/1484 1525/1525 1480/1480
f 1480/1480 1525/1525 1479/1479
f 241/241 163/163 159/159
f 319/319 415/415 485/485
f 519/519 541/541 542/542
f 1458/1458 1493/1493 1492/1492
f 1522/1522 1494/1494 1618/1618
f 1960/1960 1961/1961 1962/1962
f 1492/1492 1494/1494 1522/1522
f 319/319 485/485 486/486
f 391/391 392/392 370/370
f 342/342 331/331 335/335
f 331/331 320/320 330/330
f 330/330 320/320 317/317
f 486/486 485/485 519/519
f 542/542 541/541 588/588
f 1477/1477 1479/1479 1619/1619
f 1478/1478 1619/1619 1489/1489
f 317/317 319/319 318/318
f 417/417 418/418 392/392
f 486/486 519/519 518/518
f 518/518 519/519 542/542
f 1439/1439 1442/1442 1458/1458
f 1522/1522 1618/1618 1850/1850
f 1489/1489 1607/1607 1586/1586
f 465/465 464/464 432/432
f 559/559 464/464 465/465
f 1440/1440 1441/1441 1439/1439
f 1441/1441 1442/1442 1439/1439
f 1439/1439 1458/1458 1437/1437
f 1486/1486 1484/1484 1482/1482
f 1482/1482 1484/1484 1480/1480
f 465/465 432/432 437/437
f 1436/1436 1492/1492 1522/1522
f 1850/1850 1618/1618 1491/1491
f 542/542 588/588 589/589
f 1482/1482 1480/1480 1481/1481
f 318/318 319/319 487/487
f 487/487 319/319 486/486
f 1458/1458 1492/1492 1436/1436
f 1436/1436 1522/1522 1444/1444
f 1850/1850 1491/1491 1485/1485
f 1491/1491 1486/1486 1482/1482
f 1485/1485 1491/1491 1482/1482
f 417/417 392/392 391/391
f 1480/1480 1479/1479 1476/1476
f 1481/1481 1480/1480 1476/1476
f 1475/1475 1478/1478 1489/1489
f 391/391 370/370 363/363
f 363/363 370/370 342/342
f 335/335 331/331 330/330
f 2217/2217 2214/2214 2215/2215
f 1475/1475 1489/1489 1472/1472
f 463/463 465/465 437/437
f 463/463 437/437 436/436
f 363/363 342/342 340/340
f 340/340 342/342 335/335
f 558/558 559/559 465/465
f 1483/1483 1482/1482 1481/1481
f 235/235 159/159 158/158
f 1444/1444 1522/1522 1434/1434
f 1434/1434 1522/1522 1850/1850
f 1613/1613 1481/1481 1476/1476
f 393/393 391/391 363/363
f 340/340 335/335 334/334
f 334/334 335/335 330/330
f 487/487 486/486 488/488
f 518/518 542/542 543/543
f 543/543 542/542 589/589
f 1437/1437 1458/1458 1432/1432
f 1432/1432 1458/1458 1436/1436
f 1436/1436 1444/1444 1434/1434
f 1485/1485 1482/1482 1483/1483
f 1476/1476 1477/1477 1475/1475
f 1434/1434 1850/1850 1544/1544
f 1544/1544 1850/1850 1485/1485
f 1472/1472 1586/1586 1473/1473
f 417/417 391/391 393/393
f 558/558 465/465 463/463
f 1440/1440 1439/1439 1438/1438
f 1438/1438 1439/1439 1437/1437
f 2767/2767 2768/2768 2769/2769
f 1544/1544 1485/1485 1483/1483
f 1476/1476 1475/1475 1470/1470
f 590/590 543/543 589/589
f 1432/1432 1436/1436 1434/1434
f 1470/1470 1475/1475 1472/1472
f 1438/1438 1437/1437 1435/1435
f 1435/1435 1437/1437 1432/1432
f 1487/1487 1476/1476 1470/1470
f 1456/1456 1440/1440 1438/1438
f 1613/1613 1476/1476 1487/1487
f 1432/1432 1434/1434 1433/1433
f 1403/1403 1432/1432 1433/1433
f 1877/1877 1878/1878 1879/1879
f 1465/1465 1613/1613 1487/1487
f 463/463 436/436 435/435
f 1431/1431 1432/1432 1403/1403
f 436/436 417/417 416/416
f 416/416 417/417 393/393
f 488/488 486/486 500/500
f 500/500 486/486 518/518
f 1435/1435 1432/1432 1431/1431
f 1433/1433 1434/1434 1457/1457
f 1457/1457 1434/1434 1544/1544
f 416/416 393/393 396/396
f 1872/1872 1873/1873 1874/1874
f 1471/1471 1473/1473 1474/1474
f 558/558 463/463 468/468
f 1519/1519 1544/1544 1488/1488
f 1470/1470 1472/1472 1471/1471
f 340/340 334/334 333/333
f 333/333 334/334 330/330
f 333/333 330/330 316/316
f 316/316 330/330 317/317
f 1465/1465 1487/1487 1466/1466
f 1466/1466 1487/1487 1470/1470
f 396/396 363/363 358/358
f 358/358 363/363 340/340
f 317/317 318/318 315/315
f 316/316 317/317 315/315
f 318/318 487/487 489/489
f 315/315 318/318 489/489
f 489/489 487/487 488/488
f 500/500 518/518 523/523
f 523/523 518/518 543/543
f 468/468 463/463 435/435
f 543/543 590/590 587/587
f 2772/2772 2767/2767 2769/2769
f 1519/1519 1488/1488 1467/1467
f 1531/1531 1456/1456 1438/1438
f 1438/1438 1435/1435 1590/1590
f 1590/1590 1435/1435 1431/1431
f 2772/2772 2769/2769 2773/2773
f 1466/1466 1470/1470 1469/1469
f 1469/1469 1470/1470 1471/1471
f 358/358 340/340 341/341
f 341/341 340/340 333/333
f 1531/1531 1438/1438 1532/1532
f 1532/1532 1438/1438 1590/1590
f 2250/2250 2583/2583 2552/2552
f 1872/1872 1874/1874 1875/1875
f 553/553 558/558 468/468
f 1403/1403 1433/1433 1457/1457
f 1548/1548 1467/1467 1468/1468
f 1463/1463 1465/1465 1464/1464
f 1464/1464 1465/1465 1466/1466
f 233/233 158/158 160/160
f 416/416 396/396 395/395
f 489/489 488/488 500/500
f 523/523 543/543 587/587
f 1950/1950 1951/1951 1952/1952
f 1396/1396 1590/1590 1431/1431
f 1872/1872 1875/1875 1876/1876
f 1468/1468 1467/1467 1463/1463
f 1464/1464 1469/1469 1612/1612
f 1612/1612 1469/1469 1471/1471
f 1968/1968 1967/1967 1964/1964
f 395/395 396/396 358/358
f 1531/1531 1532/1532 1611/1611
f 1396/1396 1431/1431 1403/1403
f 2225/2225 2229/2229 2341/2341
f 422/422 416/416 395/395
f 468/468 435/435 434/434
f 435/435 416/416 434/434
f 2764/2764 2763/2763 2766/2766
f 1953/1953 1950/1950 1952/1952
f 1405/1405 1590/1590 1396/1396
f 1463/1463 1464/1464 1461/1461
f 1403/1403 1457/1457 1397/1397
f 1397/1397 1457/1457 1548/1548
f 1461/1461 1464/1464 1612/1612
f 359/359 358/358 341/341
f 338/338 341/341 333/333
f 500/500 523/523 524/524
f 499/499 500/500 524/524
f 524/524 523/523 587/587
f 1954/1954 1955/1955 1956/1956
f 1396/1396 1403/1403 1397/1397
f 1964/1964 1965/1965 1966/1966
f 489/489 500/500 499/499
f 524/524 587/587 586/586
f 466/466 468/468 434/434
f 1524/1524 1611/1611 1535/1535
f 1535/1535 1611/1611 1405/1405
f 1397/1397 1548/1548 1853/1853
f 394/394 358/358 359/359
f 359/359 341/341 338/338
f 338/338 333/333 332/332
f 332/332 333/333 316/316
f 315/315 489/489 491/491
f 491/491 489/489 499/499
f 554/554 553/553 466/466
f 553/553 468/468 466/466
f 1405/1405 1396/1396 1398/1398
f 1853/1853 1548/1548 1468/1468
f 1454/1454 1612/1612 1459/1459
f 422/422 395/395 394/394
f 394/394 395/395 358/358
f 1396/1396 1397/1397 1393/1393
f 1853/1853 1468/1468 1463/1463
f 1462/1462 1463/1463 1461/1461
f 332/332 316/316 314/314
f 491/491 499/499 504/504
f 504/504 499/499 524/524
f 1395/1395 1396/1396 1393/1393
f 1393/1393 1397/1397 1853/1853
f 1461/1461 1454/1454 1460/1460
f 314/314 316/316 315/315
f 1520/1520 1535/1535 1405/1405
f 1398/1398 1396/1396 1395/1395
f 1462/1462 1461/1461 1460/1460
f 1393/1393 1853/1853 1401/1401
f 1401/1401 1853/1853 1587/1587
f 466/466 434/434 433/433
f 433/433 434/434 422/422
f 1906/1906 1907/1907 1908/1908
f 421/421 422/422 394/394
f 433/433 422/422 421/421
f 1524/1524 1535/1535 1520/1520
f 1908/1908 1907/1907 1909/1909
f 1819/1819 1462/1462 1460/1460
f 1453/1453 1454/1454 1452/1452
f 1452/1452 1454/1454 1459/1459
f 1459/1459 1546/1546 1455/1455
f 314/314 315/315 307/307
f 307/307 315/315 491/491
f 1520/1520 1405/1405 1399/1399
f 1399/1399 1405/1405 1398/1398
f 1452/1452 1459/1459 1455/1455
f 1391/1391 1393/1393 1401/1401
f 338/338 332/332 339/339
f 339/339 332/332 313/313
f 313/313 332/332 314/314
f 467/467 466/466 433/433
f 2251/2251 2224/2224 2240/2240
f 1394/1394 1401/1401 1587/1587
f 1394/1394 1587/1587 1402/1402
f 359/359 338/338 339/339
f 313/313 314/314 307/307
f 491/491 504/504 503/503
f 554/554 466/466 467/467
f 1399/1399 1398/1398 1395/1395
f 1390/1390 1393/1393 1391/1391
f 1391/1391 1401/1401 1394/1394
f 1402/1402 1587/1587 1819/1819
f 1819/1819 1460/1460 1453/1453
f 555/555 554/554 467/467
f 1453/1453 1452/1452 1447/1447
f 504/504 524/524 525/525
f 525/525 524/524 586/586
f 1395/1395 1393/1393 1390/1390
f 1904/1904 1903/1903 1905/1905
f 421/421 394/394 389/389
f 503/503 504/504 525/525
f 306/306 313/313 307/307
f 1523/1523 1524/1524 1520/1520
f 1819/1819 1453/1453 1627/1627
f 433/433 421/421 420/420
f 420/420 421/421 389/389
f 1392/1392 1391/1391 1394/1394
f 1627/1627 1453/1453 1447/1447
f 1521/1521 1520/1520 1399/1399
f 1399/1399 1395/1395 1404/1404
f 1404/1404 1395/1395 1390/1390
f 1429/1429 1819/1819 1627/1627
f 312/312 339/339 313/313
f 461/461 467/467 433/433
f 1428/1428 1819/1819 1429/1429
f 491/491 503/503 492/492
f 555/555 467/467 461/461
f 1521/1521 1399/1399 1588/1588
f 1588/1588 1399/1399 1404/1404
f 1390/1390 1391/1391 1392/1392
f 312/312 313/313 306/306
f 359/359 339/339 348/348
f 367/367 359/359 348/348
f 348/348 339/339 312/312
f 1523/1523 1520/1520 1521/1521
f 525/525 586/586 593/593
f 1392/1392 1394/1394 1402/1402
f 1902/1902 1903/1903 1904/1904
f 452/452 433/433 420/420
f 503/503 525/525 522/522
f 461/461 433/433 452/452
f 1392/1392 1402/1402 1430/1430
f 1427/1427 1627/1627 1447/1447
f 307/307 491/491 305/305
f 305/305 491/491 492/492
f 522/522 525/525 593/593
f 1588/1588 1404/1404 1816/1816
f 1427/1427 1429/1429 1627/1627
f 1447/1447 1452/1452 1449/1449
f 1816/1816 1404/1404 1390/1390
f 1428/1428 1429/1429 1425/1425
f 348/348 312/312 344/344
f 312/312 306/306 308/308
f 306/306 307/307 305/305
f 492/492 503/503 493/493
f 493/493 503/503 522/522
f 1521/1521 1588/1588 1534/1534
f 1430/1430 1428/1428 1423/1423
f 1523/1523 1521/1521 1526/1526
f 1526/1526 1521/1521 1534/1534
f 1614/1614 1588/1588 1816/1816
f 1423/1423 1428/1428 1425/1425
f 1427/1427 1447/1447 1446/1446
f 1446/1446 1447/1447 1449/1449
f 367/367 348/348 354/354
f 354/354 348/348 344/344
f 344/344 312/312 308/308
f 308/308 306/306 291/291
f 291/291 306/306 305/305
f 420/420 389/389 390/390
f 390/390 389/389 367/367
f 1527/1527 1523/1523 1526/1526
f 1816/1816 1390/1390 1400/1400
f 1425/1425 1429/1429 1427/1427
f 305/305 492/492 493/493
f 522/522 593/593 591/591
f 555/555 461/461 544/544
f 1534/1534 1588/1588 1614/1614
f 1400/1400 1390/1390 1392/1392
f 1406/1406 1392/1392 1430/1430
f 1445/1445 1427/1427 1446/1446
f 1400/1400 1392/1392 1406/1406
f 1406/1406 1430/1430 1423/1423
f 1425/1425 1427/1427 1426/1426
f 1528/1528 1526/1526 1534/1534
f 458/458 461/461 452/452
f 1614/1614 1816/1816 1400/1400
f 556/556 555/555 544/544
f 1527/1527 1526/1526 1528/1528
f 366/366 367/367 354/354
f 1423/1423 1425/1425 1424/1424
f 1424/1424 1425/1425 1426/1426
f 450/450 452/452 420/420
f 1528/1528 1534/1534 1821/1821
f 1821/1821 1534/1534 1614/1614
f 2257/2257 2334/2334 2252/2252
f 1407/1407 1400/1400 1406/1406
f 1614/1614 1400/1400 1407/1407
f 1821/1821 1614/1614 1418/1418
f 1449/1449 1450/1450 1446/1446
f 450/450 420/420 425/425
f 425/425 420/420 390/390
f 494/494 493/493 522/522
f 458/458 452/452 451/451
f 1418/1418 1614/1614 1407/1407
f 1443/1443 1424/1424 1426/1426
f 308/308 291/291 290/290
f 291/291 305/305 286/286
f 290/290 291/291 286/286
f 425/425 390/390 388/388
f 521/521 522/522 591/591
f 286/286 305/305 493/493
f 1545/1545 1821/1821 1418/1418
f 2257/2257 2252/2252 2256/2256
f 1423/1423 1424/1424 1421/1421
f 1421/1421 1424/1424 1443/1443
f 1448/1448 1445/1445 1446/1446
f 388/388 366/366 364/364
f 364/364 366/366 354/354
f 494/494 522/522 521/521
f 1542/1542 1528/1528 1821/1821
f 1408/1408 1407/1407 1406/1406
f 1406/1406 1423/1423 1421/1421
f 1408/1408 1406/1406 1421/1421
f 1585/1585 1446/1446 1450/1450
f 364/364 354/354 347/347
f 347/347 354/354 344/344
f 347/347 344/344 308/308
f 347/347 308/308 309/309
f 309/309 308/308 290/290
f 286/286 493/493 494/494
f 521/521 591/591 592/592
f 1529/1529 1527/1527 1528/1528
f 1529/1529 1528/1528 1530/1530
f 1530/1530 1528/1528 1542/1542
f 1542/1542 1821/1821 1413/1413
f 1413/1413 1821/1821 1545/1545
f 556/556 544/544 458/458
f 1448/1448 1446/1446 1585/1585
f 426/426 425/425 388/388
f 2745/2745 2744/2744 2747/2747
f 1410/1410 1418/1418 1407/1407
f 1443/1443 1426/1426 1551/1551
f 285/285 290/290 286/286
f 1410/1410 1407/1407 1409/1409
f 1409/1409 1407/1407 1408/1408
f 1615/1615 1421/1421 1443/1443
f 1585/1585 1450/1450 1589/1589
f 364/364 347/347 346/346
f 309/309 290/290 285/285
f 287/287 286/286 494/494
f 557/557 556/556 458/458
f 379/379 388/388 364/364
f 285/285 286/286 287/287
f 287/287 494/494 495/495
f 494/494 521/521 514/514
f 458/458 451/451 449/449
f 459/459 458/458 449/449
f 449/449 451/451 450/450
f 514/514 521/521 592/592
f 1616/1616 1421/1421 1615/1615
f 1615/1615 1443/1443 1551/1551
f 379/379 364/364 362/362
f 362/362 364/364 346/346
f 346/346 347/347 309/309
f 346/346 309/309 295/295
f 295/295 309/309 285/285
f 495/495 494/494 514/514
f 557/557 458/458 459/459
f 1545/1545 1418/1418 1413/1413
f 1413/1413 1418/1418 1410/1410
f 1409/1409 1408/1408 1422/1422
f 426/426 388/388 385/385
f 385/385 388/388 379/379
f 1448/1448 1585/1585 1813/1813
f 362/362 346/346 345/345
f 345/345 346/346 295/295
f 1422/1422 1408/1408 1616/1616
f 1408/1408 1421/1421 1616/1616
f 232/232 236/236 166/166
f 1542/1542 1413/1413 1420/1420
f 295/295 285/285 288/288
f 385/385 379/379 378/378
f 514/514 592/592 594/594
f 1601/1601 1448/1448 1813/1813
f 377/377 379/379 362/362
f 288/288 285/285 287/287
f 287/287 495/495 496/496
f 496/496 495/495 514/514
f 1603/1603 1615/1615 1551/1551
f 450/450 426/426 446/446
f 446/446 426/426 385/385
f 563/563 557/557 459/459
f 1410/1410 1409/1409 1411/1411
f 1813/1813 1589/1589 1817/1817
f 232/232 166/166 150/150
f 483/483 287/287 496/496
f 573/573 557/557 572/572
f 1413/1413 1410/1410 1412/1412
f 1412/1412 1410/1410 1411/1411
f 1411/1411 1409/1409 1422/1422
f 1420/1420 1413/1413 1412/1412
f 1422/1422 1616/1616 1630/1630
f 1616/1616 1615/1615 1603/1603
f 377/377 362/362 361/361
f 361/361 362/362 345/345
f 446/446 385/385 378/378
f 1530/1530 1542/1542 1830/1830
f 1603/1603 1551/1551 1602/1602
f 460/460 459/459 449/449
f 1957/1957 1958/1958 1959/1959
f 1830/1830 1542/1542 1420/1420
f 1601/1601 1813/1813 1605/1605
f 460/460 449/449 448/448
f 563/563 459/459 460/460
f 376/376 377/377 361/361
f 295/295 288/288 292/292
f 288/288 287/287 289/289
f 289/289 287/287 483/483
f 376/376 446/446 378/378
f 514/514 594/594 595/595
f 2296/2296 2292/2292 2297/2297
f 361/361 345/345 343/343
f 345/345 295/295 292/292
f 343/343 345/345 292/292
f 445/445 446/446 376/376
f 1411/1411 1422/1422 1415/1415
f 1630/1630 1616/1616 1603/1603
f 496/496 514/514 516/516
f 292/292 288/288 289/289
f 289/289 483/483 412/412
f 483/483 496/496 497/497
f 497/497 496/496 516/516
f 516/516 514/514 595/595
f 1415/1415 1422/1422 1630/1630
f 1605/1605 1817/1817 1827/1827
f 1830/1830 1420/1420 1417/1417
f 1417/1417 1420/1420 1412/1412
f 412/412 483/483 497/497
f 2342/2342 2294/2294 2296/2296
f 1865/1865 1866/1866 1867/1867
f 1867/1867 1866/1866 1870/1870
f 1604/1604 1601/1601 1605/1605
f 360/360 361/361 343/343
f 1412/1412 1411/1411 1414/1414
f 1416/1416 1412/1412 1414/1414
f 1867/1867 1870/1870 1871/1871
f 1604/1604 1605/1605 1820/1820
f 1830/1830 1417/1417 1557/1557
f 2342/2342 2296/2296 2310/2310
f 1414/1414 1411/1411 1415/1415
f 1603/1603 1602/1602 1604/1604
f 1689/1689 1603/1603 1604/1604
f 376/376 361/361 360/360
f 460/460 448/448 447/447
f 1417/1417 1412/1412 1416/1416
f 294/294 289/289 412/412
f 1558/1558 1830/1830 1557/1557
f 343/343 292/292 293/293
f 373/373 376/376 360/360
f 293/293 292/292 289/289
f 293/293 289/289 294/294
f 462/462 460/460 447/447
f 516/516 595/595 596/596
f 1910/1910 1911/1911 1912/1912
f 2331/2331 2333/2333 2332/2332
f 1417/1417 1416/1416 1419/1419
f 2310/2310 2296/2296 2297/2297
f 1419/1419 1416/1416 1414/1414
f 1912/1912 1911/1911 1913/1913
f 412/412 497/497 498/498
f 497/497 516/516 509/509
f 1419/1419 1414/1414 1547/1547
f 1547/1547 1414/1414 1415/1415
f 1579/1579 1689/1689 1571/1571
f 1571/1571 1689/1689 1578/1578
f 1578/1578 1820/1820 1576/1576
f 498/498 497/497 509/509
f 1555/1555 1558/1558 1557/1557
f 1549/1549 1417/1417 1419/1419
f 445/445 376/376 373/373
f 1555/1555 1557/1557 1552/1552
f 1573/1573 1579/1579 1571/1571
f 1552/1552 1557/1557 1417/1417
f 1552/1552 1417/1417 1550/1550
f 1550/1550 1417/1417 1549/1549
f 1865/1865 1867/1867 1868/1868
f 509/509 516/516 539/539
f 539/539 516/516 596/596
f 2310/2310 2297/2297 2311/2311
f 412/412 498/498 302/302
f 444/444 445/445 373/373
f 1693/1693 1547/1547 1415/1415
f 1869/1869 1865/1865 1868/1868
f 1571/1571 1578/1578 1572/1572
f 293/293 294/294 296/296
f 294/294 412/412 302/302
f 1419/1419 1547/1547 1693/1693
f 1572/1572 1578/1578 1576/1576
f 353/353 360/360 343/343
f 296/296 294/294 302/302
f 1554/1554 1555/1555 1552/1552
f 343/343 293/293 297/297
f 297/297 293/293 296/296
f 1569/1569 1573/1573 1571/1571
f 373/373 360/360 353/353
f 509/509 302/302 498/498
f 539/539 596/596 602/602
f 1550/1550 1549/1549 1419/1419
f 1572/1572 1576/1576 1575/1575
f 1575/1575 1576/1576 1577/1577
f 455/455 462/462 447/447
f 1553/1553 1552/1552 1550/1550
f 1693/1693 1573/1573 1569/1569
f 510/510 509/509 539/539
f 455/455 447/447 444/444
f 564/564 462/462 455/455
f 1554/1554 1552/1552 1553/1553
f 152/152 151/151 141/141
f 1606/1606 1419/1419 1693/1693
f 1566/1566 1693/1693 1569/1569
f 1566/1566 1569/1569 1568/1568
f 353/353 343/343 297/297
f 372/372 444/444 373/373
f 1570/1570 1571/1571 1572/1572
f 1550/1550 1419/1419 1606/1606
f 2750/2750 2751/2751 2752/2752
f 1570/1570 1572/1572 1574/1574
f 1574/1574 1572/1572 1575/1575
f 372/372 373/373 353/353
f 508/508 509/509 510/510
f 510/510 539/539 538/538
f 538/538 539/539 602/602
f 1606/1606 1693/1693 1566/1566
f 1568/1568 1569/1569 1570/1570
f 372/372 353/353 356/356
f 1574/1574 1575/1575 1577/1577
f 296/296 302/302 299/299
f 299/299 302/302 508/508
f 508/508 302/302 509/509
f 455/455 444/444 442/442
f 1559/1559 1554/1554 1553/1553
f 574/574 571/571 564/564
f 456/456 455/455 442/442
f 538/538 602/602 603/603
f 1553/1553 1550/1550 1556/1556
f 1556/1556 1550/1550 1560/1560
f 1560/1560 1550/1550 1606/1606
f 1606/1606 1566/1566 1561/1561
f 353/353 297/297 301/301
f 301/301 297/297 298/298
f 298/298 297/297 296/296
f 298/298 296/296 299/299
f 442/442 444/444 372/372
f 1570/1570 1574/1574 1632/1632
f 537/537 538/538 603/603
f 562/562 564/564 455/455
f 1632/1632 1574/1574 1577/1577
f 510/510 538/538 537/537
f 562/562 455/455 456/456
f 1559/1559 1553/1553 1563/1563
f 1563/1563 1553/1553 1556/1556
f 1560/1560 1606/1606 1561/1561
f 2349/2349 2352/2352 2353/2353
f 1632/1632 1577/1577 1688/1688
f 356/356 353/353 301/301
f 299/299 508/508 300/300
f 300/300 508/508 507/507
f 507/507 508/508 510/510
f 507/507 510/510 537/537
f 1556/1556 1560/1560 1561/1561
f 2349/2349 2353/2353 2354/2354
f 301/301 298/298 300/300
f 300/300 298/298 299/299
f 2354/2354 2353/2353 2532/2532
f 1561/1561 1566/1566 1565/1565
f 1565/1565 1566/1566 1567/1567
f 1567/1567 1566/1566 1568/1568
f 1567/1567 1568/1568 1581/1581
f 441/441 442/442 372/372
f 1568/1568 1570/1570 1580/1580
f 1570/1570 1632/1632 1582/1582
f 1632/1632 1688/1688 1634/1634
f 368/368 372/372 365/365
f 372/372 356/356 365/365
f 365/365 356/356 355/355
f 355/355 356/356 301/301
f 408/408 300/300 507/507
f 507/507 537/537 534/534
f 511/511 507/507 534/534
f 456/456 442/442 441/441
f 537/537 603/603 604/604
f 562/562 456/456 470/470
f 551/551 562/562 470/470
f 1694/1694 1559/1559 1563/1563
f 1581/1581 1568/1568 1580/1580
f 1580/1580 1570/1570 1582/1582
f 301/301 300/300 303/303
f 441/441 372/372 368/368
f 408/408 507/507 505/505
f 505/505 507/507 511/511
f 534/534 537/537 604/604
f 1694/1694 1563/1563 1690/1690
f 1563/1563 1556/1556 1631/1631
f 1562/1562 1556/1556 1561/1561
f 2360/2360 2349/2349 2354/2354
f 1561/1561 1565/1565 1564/1564
f 368/368 365/365 355/355
f 355/355 301/301 304/304
f 303/303 300/300 408/408
f 470/470 456/456 441/441
f 1690/1690 1563/1563 1631/1631
f 1631/1631 1556/1556 1562/1562
f 1562/1562 1561/1561 1564/1564
f 1888/1888 1883/1883 1882/1882
f 1882/1882 1883/1883 1884/1884
f 276/276 245/245 266/266
f 304/304 301/301 303/303
f 2360/2360 2354/2354 2643/2643
f 1882/1882 1884/1884 1885/1885
f 1581/1581 1580/1580 1825/1825
f 1825/1825 1580/1580 1582/1582
f 1582/1582 1632/1632 1633/1633
f 1633/1633 1632/1632 1634/1634
f 2273/2273 2272/2272 2274/2274
f 207/207 149/149 148/148
f 368/368 355/355 357/357
f 369/369 368/368 357/357
f 357/357 355/355 304/304
f 304/304 303/303 310/310
f 310/310 303/303 311/311
f 311/311 303/303 408/408
f 311/311 408/408 505/505
f 441/441 368/368 369/369
f 443/443 441/441 369/369
f 511/511 534/534 535/535
f 470/470 441/441 443/443
f 471/471 470/470 443/443
f 535/535 534/534 604/604
f 551/551 470/470 546/546
f 546/546 470/470 471/471
f 535/535 604/604 606/606
f 1694/1694 1690/1690 1692/1692
f 1837/1837 1694/1694 1692/1692
f 1690/1690 1631/1631 1691/1691
f 1692/1692 1690/1690 1691/1691
f 1882/1882 1885/1885 1886/1886
f 357/357 304/304 310/310
f 311/311 505/505 506/506
f 453/453 443/443 369/369
f 506/506 511/511 535/535
f 506/506 535/535 529/529
f 478/478 471/471 453/453
f 1099/1099 1183/1183 1096/1096
f 1068/1068 1069/1069 1066/1066
f 1068/1068 1066/1066 1067/1067
f 585/585 546/546 601/601
f 1065/1065 1066/1066 1057/1057
f 1692/1692 1691/1691 1815/1815
f 1691/1691 1631/1631 1815/1815
f 1631/1631 1562/1562 1584/1584
f 1815/1815 1631/1631 1584/1584
f 1584/1584 1562/1562 1583/1583
f 1562/1562 1564/1564 1583/1583
f 1063/1063 1070/1070 1064/1064
f 1894/1894 1888/1888 1882/1882
f 1892/1892 1887/1887 1893/1893
f 1847/1847 1825/1825 1582/1582
f 1847/1847 1582/1582 1684/1684
f 1633/1633 1634/1634 1635/1635
f 268/268 276/276 266/266
f 357/357 310/310 381/381
f 477/477 478/478 453/453
f 1100/1100 1119/1119 1101/1101
f 1101/1101 1119/1119 1148/1148
f 2561/2561 2556/2556 2560/2560
f 1659/1659 1660/1660 1658/1658
f 1658/1658 1660/1660 1661/1661
f 1658/1658 1661/1661 1662/1662
f 1891/1891 1894/1894 1882/1882
f 1891/1891 1882/1882 1890/1890
f 1890/1890 1882/1882 1889/1889
f 1882/1882 1886/1886 1889/1889
f 1838/1838 1847/1847 1682/1682
f 1847/1847 1684/1684 1637/1637
f 1682/1682 1847/1847 1637/1637
f 269/269 277/277 268/268
f 269/269 268/268 264/264
f 402/402 369/369 357/357
f 402/402 357/357 398/398
f 381/381 310/310 413/413
f 310/310 311/311 413/413
f 480/480 311/311 506/506
f 453/453 369/369 402/402
f 506/506 529/529 527/527
f 1097/1097 1099/1099 1096/1096
f 1096/1096 1095/1095 1094/1094
f 1095/1095 1100/1100 1093/1093
f 1093/1093 1100/1100 1101/1101
f 1663/1663 1659/1659 1657/1657
f 1659/1659 1658/1658 1657/1657
f 1658/1658 1662/1662 1680/1680
f 1680/1680 1662/1662 1861/1861
f 1646/1646 1647/1647 1643/1643
f 1647/1647 1682/1682 1643/1643
f 1643/1643 1682/1682 1641/1641
f 1639/1639 1637/1637 1638/1638
f 398/398 357/357 381/381
f 413/413 311/311 480/480
f 453/453 402/402 431/431
f 480/480 506/506 512/512
f 512/512 506/506 527/527
f 477/477 453/453 475/475
f 1097/1097 1096/1096 1094/1094
f 1095/1095 1093/1093 1094/1094
f 583/583 569/569 550/550
f 1093/1093 1101/1101 1102/1102
f 1664/1664 1663/1663 1657/1657
f 1657/1657 1658/1658 1656/1656
f 1656/1656 1658/1658 1680/1680
f 1656/1656 1680/1680 1653/1653
f 1653/1653 1680/1680 1649/1649
f 1649/1649 1680/1680 1861/1861
f 1649/1649 1861/1861 1646/1646
f 1649/1649 1646/1646 1648/1648
f 1648/1648 1646/1646 1645/1645
f 1646/1646 1643/1643 1645/1645
f 1645/1645 1643/1643 1644/1644
f 1644/1644 1643/1643 1642/1642
f 1643/1643 1641/1641 1642/1642
f 1638/1638 1683/1683 1640/1640
f 398/398 381/381 401/401
f 431/431 402/402 404/404
f 404/404 402/402 398/398
f 475/475 453/453 431/431
f 1097/1097 1094/1094 1092/1092
f 548/548 583/583 550/550
f 548/548 550/550 477/477
f 1664/1664 1657/1657 1655/1655
f 1655/1655 1657/1657 1656/1656
f 1653/1653 1649/1649 1652/1652
f 2774/2774 2775/2775 2776/2776
f 1652/1652 1649/1649 1651/1651
f 1651/1651 1649/1649 1648/1648
f 1641/1641 1639/1639 1642/1642
f 1845/1845 1639/1639 1640/1640
f 2276/2276 2301/2301 2300/2300
f 400/400 398/398 401/401
f 381/381 413/413 401/401
f 512/512 527/527 528/528
f 479/479 477/477 475/475
f 1092/1092 1094/1094 1093/1093
f 1655/1655 1656/1656 1653/1653
f 1648/1648 1645/1645 1650/1650
f 2617/2617 2399/2399 2395/2395
f 1645/1645 1644/1644 1650/1650
f 2396/2396 2617/2617 2395/2395
f 1644/1644 1642/1642 1650/1650
f 403/403 398/398 400/400
f 401/401 413/413 414/414
f 413/413 480/480 481/481
f 481/481 480/480 512/512
f 1098/1098 1097/1097 1092/1092
f 548/548 477/477 479/479
f 1655/1655 1653/1653 1654/1654
f 1653/1653 1652/1652 1654/1654
f 1654/1654 1652/1652 1651/1651
f 84/84 95/95 85/85
f 414/414 413/413 481/481
f 431/431 404/404 424/424
f 515/515 512/512 528/528
f 1091/1091 1092/1092 1093/1093
f 1093/1093 1102/1102 1091/1091
f 2566/2566 2562/2562 2567/2567
f 1818/1818 1664/1664 1655/1655
f 2565/2565 2562/2562 2566/2566
f 2400/2400 2603/2603 2402/2402
f 1654/1654 1651/1651 1681/1681
f 1681/1681 1651/1651 1648/1648
f 1681/1681 1648/1648 1843/1843
f 1648/1648 1650/1650 1843/1843
f 1914/1914 1915/1915 1916/1916
f 1650/1650 1642/1642 1845/1845
f 130/130 124/124 100/100
f 137/137 130/130 100/100
f 424/424 404/404 411/411
f 411/411 404/404 403/403
f 479/479 475/475 431/431
f 479/479 431/431 428/428
f 428/428 431/431 424/424
f 548/548 479/479 547/547
f 1666/1666 1654/1654 1681/1681
f 1917/1917 1915/1915 1918/1918
f 1845/1845 1864/1864 1697/1697
f 270/270 261/261 260/260
f 481/481 512/512 515/515
f 1098/1098 1092/1092 1088/1088
f 1088/1088 1092/1092 1091/1091
f 1818/1818 1655/1655 1665/1665
f 1655/1655 1654/1654 1665/1665
f 2565/2565 2566/2566 2573/2573
f 1665/1665 1654/1654 1666/1666
f 1681/1681 1843/1843 1668/1668
f 1916/1916 1915/1915 1917/1917
f 1697/1697 1678/1678 1845/1845
f 399/399 403/403 400/400
f 1088/1088 1091/1091 1087/1087
f 1087/1087 1091/1091 1090/1090
f 1687/1687 1818/1818 1685/1685
f 1685/1685 1818/1818 1665/1665
f 1666/1666 1681/1681 1668/1668
f 1668/1668 1843/1843 1675/1675
f 1678/1678 1697/1697 1679/1679
f 399/399 400/400 401/401
f 401/401 414/414 405/405
f 428/428 424/424 411/411
f 414/414 481/481 476/476
f 476/476 481/481 515/515
f 515/515 528/528 526/526
f 1089/1089 1098/1098 1088/1088
f 1665/1665 1666/1666 1667/1667
f 1668/1668 1675/1675 1672/1672
f 1677/1677 1675/1675 1678/1678
f 147/147 137/137 127/127
f 399/399 401/401 405/405
f 428/428 411/411 410/410
f 405/405 414/414 476/476
f 476/476 515/515 526/526
f 545/545 547/547 428/428
f 2572/2572 2566/2566 2569/2569
f 1685/1685 1665/1665 1671/1671
f 1671/1671 1665/1665 1667/1667
f 1667/1667 1666/1666 1668/1668
f 1677/1677 1678/1678 1679/1679
f 259/259 271/271 270/270
f 271/271 259/259 267/267
f 410/410 411/411 399/399
f 410/410 399/399 405/405
f 545/545 428/428 429/429
f 429/429 428/428 410/410
f 482/482 476/476 526/526
f 482/482 526/526 531/531
f 565/565 547/547 545/545
f 1089/1089 1088/1088 1075/1075
f 2571/2571 2569/2569 2570/2570
f 1075/1075 1088/1088 1087/1087
f 1075/1075 1087/1087 1079/1079
f 1079/1079 1087/1087 1090/1090
f 1079/1079 1090/1090 1081/1081
f 1686/1686 1687/1687 1685/1685
f 1667/1667 1668/1668 1669/1669
f 1669/1669 1668/1668 1672/1672
f 1672/1672 1675/1675 1673/1673
f 1673/1673 1677/1677 1679/1679
f 1679/1679 1698/1698 1699/1699
f 2309/2309 2308/2308 2305/2305
f 267/267 259/259 243/243
f 222/222 147/147 154/154
f 410/410 405/405 427/427
f 405/405 476/476 482/482
f 427/427 405/405 482/482
f 952/952 959/959 955/955
f 1076/1076 1089/1089 1075/1075
f 2620/2620 2572/2572 2571/2571
f 1686/1686 1685/1685 1671/1671
f 1671/1671 1667/1667 1670/1670
f 1670/1670 1667/1667 1669/1669
f 1669/1669 1672/1672 1673/1673
f 1673/1673 1679/1679 1828/1828
f 953/953 955/955 956/956
f 959/959 960/960 957/957
f 955/955 959/959 957/957
f 956/956 955/955 957/957
f 956/956 957/957 958/958
f 957/957 960/960 961/961
f 958/958 957/957 961/961
f 958/958 961/961 962/962
f 962/962 961/961 963/963
f 482/482 531/531 533/533
f 954/954 952/952 949/949
f 949/949 952/952 950/950
f 952/952 955/955 953/953
f 950/950 952/952 953/953
f 1254/1254 1256/1256 1255/1255
f 1071/1071 1072/1072 1073/1073
f 1072/1072 1076/1076 1075/1075
f 966/966 964/964 965/965
f 951/951 954/954 949/949
f 951/951 949/949 948/948
f 964/964 954/954 951/951
f 948/948 949/949 950/950
f 1252/1252 1256/1256 1254/1254
f 1073/1073 1072/1072 1075/1075
f 1073/1073 1075/1075 1077/1077
f 968/968 966/966 967/967
f 1078/1078 1075/1075 1079/1079
f 1077/1077 1075/1075 1078/1078
f 1077/1077 1078/1078 1083/1083
f 1078/1078 1079/1079 1081/1081
f 1083/1083 1078/1078 1085/1085
f 1078/1078 1081/1081 1082/1082
f 1085/1085 1078/1078 1082/1082
f 2587/2587 2572/2572 2664/2664
f 1836/1836 1686/1686 1671/1671
f 1836/1836 1671/1671 1670/1670
f 2780/2780 2783/2783 2782/2782
f 1836/1836 1670/1670 1674/1674
f 1674/1674 1670/1670 1669/1669
f 1674/1674 1669/1669 1676/1676
f 1676/1676 1669/1669 1673/1673
f 1857/1857 1673/1673 1828/1828
f 2339/2339 2382/2382 2330/2330
f 2339/2339 2330/2330 2308/2308
f 1700/1700 1828/1828 1679/1679
f 1699/1699 1700/1700 1679/1679
f 992/992 991/991 989/989
f 2308/2308 2330/2330 2329/2329
f 989/989 991/991 990/990
f 974/974 971/971 970/970
f 971/971 973/973 972/972
f 970/970 971/971 972/972
f 989/989 990/990 987/987
f 976/976 974/974 975/975
f 975/975 974/974 970/970
f 2307/2307 2308/2308 2329/2329
f 989/989 987/987 988/988
f 988/988 987/987 986/986
f 986/986 987/987 985/985
f 979/979 978/978 977/977
f 978/978 976/976 977/977
f 977/977 976/976 975/975
f 984/984 986/986 985/985
f 984/984 985/985 983/983
f 984/984 983/983 982/982
f 982/982 983/983 981/981
f 982/982 981/981 980/980
f 981/981 979/979 980/980
f 979/979 977/977 980/980
f 1253/1253 1254/1254 1255/1255
f 1074/1074 1072/1072 1071/1071
f 1074/1074 1071/1071 1142/1142
f 1142/1142 1071/1071 1080/1080
f 1071/1071 1073/1073 1080/1080
f 965/965 964/964 951/951
f 1236/1236 1237/1237 1232/1232
f 1251/1251 1252/1252 1253/1253
f 1253/1253 1252/1252 1254/1254
f 1080/1080 1073/1073 1077/1077
f 967/967 966/966 965/965
f 1245/1245 1246/1246 1237/1237
f 1077/1077 1083/1083 1084/1084
f 969/969 968/968 967/967
f 2853/2853 2852/2852 2855/2855
f 1083/1083 1085/1085 1084/1084
f 1084/1084 1085/1085 1086/1086
f 1085/1085 1082/1082 1086/1086
f 2856/2856 2852/2852 2854/2854
f 2535/2535 2664/2664 2411/2411
f 2410/2410 2535/2535 2411/2411
f 1925/1925 1926/1926 1923/1923
f 2403/2403 2535/2535 2408/2408
f 2382/2382 2403/2403 2407/2407
f 1857/1857 1676/1676 1673/1673
f 1940/1940 1938/1938 1941/1941
f 2382/2382 2407/2407 2529/2529
f 1704/1704 1857/1857 1828/1828
f 1700/1700 1704/1704 1828/1828
f 1969/1969 1970/1970 1971/1971
f 1200/1200 1201/1201 1191/1191
f 1191/1191 1173/1173 1181/1181
f 1181/1181 1173/1173 1167/1167
f 1167/1167 1173/1173 1074/1074
f 1167/1167 1074/1074 1142/1142
f 1219/1219 1220/1220 1200/1200
f 1220/1220 1201/1201 1200/1200
f 1143/1143 1142/1142 1080/1080
f 1143/1143 1080/1080 1112/1112
f 1232/1232 1220/1220 1219/1219
f 1112/1112 1080/1080 1106/1106
f 1106/1106 1080/1080 1077/1077
f 1103/1103 1077/1077 1084/1084
f 2409/2409 2410/2410 2411/2411
f 1922/1922 1925/1925 1923/1923
f 1711/1711 1704/1704 1710/1710
f 1710/1710 1704/1704 1705/1705
f 1703/1703 1806/1806 1805/1805
f 1167/1167 1142/1142 1159/1159
f 1159/1159 1142/1142 1143/1143
f 1236/1236 1232/1232 1219/1219
f 2439/2439 2641/2641 2633/2633
f 1103/1103 1084/1084 1086/1086
f 1814/1814 1832/1832 1809/1809
f 1922/1922 1923/1923 1924/1924
f 1177/1177 1181/1181 1167/1167
f 1157/1157 1159/1159 1143/1143
f 1230/1230 1236/1236 1219/1219
f 1112/1112 1106/1106 1105/1105
f 1077/1077 1103/1103 1104/1104
f 1808/1808 1809/1809 1863/1863
f 1863/1863 1674/1674 1676/1676
f 1938/1938 1940/1940 1939/1939
f 1937/1937 1938/1938 1939/1939
f 1708/1708 1711/1711 1710/1710
f 1192/1192 1191/1191 1181/1181
f 1192/1192 1181/1181 1177/1177
f 1177/1177 1167/1167 1169/1169
f 1167/1167 1159/1159 1169/1169
f 1195/1195 1219/1219 1200/1200
f 1195/1195 1200/1200 1192/1192
f 1169/1169 1159/1159 1157/1157
f 1157/1157 1143/1143 1120/1120
f 1230/1230 1219/1219 1223/1223
f 1105/1105 1106/1106 1077/1077
f 1105/1105 1077/1077 1104/1104
f 1708/1708 1705/1705 1707/1707
f 1120/1120 1143/1143 1112/1112
f 1120/1120 1112/1112 1105/1105
f 1104/1104 1103/1103 1113/1113
f 1787/1787 1814/1814 1788/1788
f 1814/1814 1809/1809 1788/1788
f 1788/1788 1809/1809 1808/1808
f 1808/1808 1863/1863 1822/1822
f 1120/1120 1105/1105 1107/1107
f 1234/1234 1230/1230 1223/1223
f 1927/1927 1928/1928 1929/1929
f 1157/1157 1120/1120 1117/1117
f 1117/1117 1120/1120 1107/1107
f 1233/1233 1234/1234 1223/1223
f 1107/1107 1105/1105 1104/1104
f 2433/2433 2434/2434 2438/2438
f 1787/1787 1788/1788 1786/1786
f 1788/1788 1808/1808 1785/1785
f 1803/1803 1708/1708 1709/1709
f 1709/1709 1708/1708 1707/1707
f 1707/1707 1797/1797 1713/1713
f 1176/1176 1192/1192 1177/1177
f 1177/1177 1169/1169 1176/1176
f 1205/1205 1223/1223 1195/1195
f 1169/1169 1157/1157 1158/1158
f 1158/1158 1157/1157 1117/1117
f 2432/2432 2434/2434 2433/2433
f 1786/1786 1788/1788 1785/1785
f 1785/1785 1808/1808 1822/1822
f 1709/1709 1707/1707 1712/1712
f 1713/1713 1797/1797 1795/1795
f 1176/1176 1169/1169 1168/1168
f 1168/1168 1169/1169 1158/1158
f 1796/1796 1803/1803 1709/1709
f 1158/1158 1117/1117 1115/1115
f 1224/1224 1223/1223 1205/1205
f 1117/1117 1107/1107 1108/1108
f 1108/1108 1107/1107 1104/1104
f 1104/1104 1113/1113 1114/1114
f 1783/1783 1787/1787 1786/1786
f 1822/1822 1803/1803 1804/1804
f 1804/1804 1803/1803 1796/1796
f 1796/1796 1709/1709 1712/1712
f 2450/2450 2451/2451 2453/2453
f 1115/1115 1117/1117 1108/1108
f 1108/1108 1104/1104 1109/1109
f 1109/1109 1104/1104 1114/1114
f 1783/1783 1786/1786 1785/1785
f 2417/2417 2430/2430 2421/2421
f 1712/1712 1713/1713 1714/1714
f 1194/1194 1176/1176 1168/1168
f 1206/1206 1224/1224 1205/1205
f 1206/1206 1205/1205 1194/1194
f 1168/1168 1158/1158 1147/1147
f 1147/1147 1158/1158 1115/1115
f 1235/1235 1233/1233 1224/1224
f 1115/1115 1108/1108 1110/1110
f 1783/1783 1785/1785 1784/1784
f 1784/1784 1785/1785 1789/1789
f 1785/1785 1822/1822 1789/1789
f 1930/1930 1931/1931 1932/1932
f 1794/1794 1795/1795 1834/1834
f 1298/1298 1297/1297 1296/1296
f 1206/1206 1194/1194 1193/1193
f 1193/1193 1194/1194 1168/1168
f 1147/1147 1115/1115 1116/1116
f 1116/1116 1115/1115 1110/1110
f 1110/1110 1108/1108 1109/1109
f 1804/1804 1796/1796 1851/1851
f 1796/1796 1712/1712 1851/1851
f 1715/1715 1712/1712 1714/1714
f 1714/1714 1713/1713 1794/1794
f 1299/1299 1298/1298 1296/1296
f 1193/1193 1168/1168 1171/1171
f 1168/1168 1147/1147 1171/1171
f 1235/1235 1224/1224 1225/1225
f 1225/1225 1224/1224 1206/1206
f 2437/2437 2431/2431 2436/2436
f 1110/1110 1109/1109 1111/1111
f 1111/1111 1109/1109 1114/1114
f 1781/1781 1783/1783 1782/1782
f 1782/1782 1783/1783 1784/1784
f 1782/1782 1784/1784 1789/1789
f 1782/1782 1789/1789 1859/1859
f 1933/1933 1930/1930 1932/1932
f 1225/1225 1206/1206 1218/1218
f 1218/1218 1206/1206 1193/1193
f 1218/1218 1193/1193 1203/1203
f 1171/1171 1147/1147 1139/1139
f 1147/1147 1116/1116 1118/1118
f 1139/1139 1147/1147 1118/1118
f 1116/1116 1110/1110 1118/1118
f 1240/1240 1235/1235 1225/1225
f 1118/1118 1110/1110 1127/1127
f 1127/1127 1110/1110 1121/1121
f 1121/1121 1110/1110 1111/1111
f 2420/2420 2431/2431 2550/2550
f 1782/1782 1859/1859 1790/1790
f 1790/1790 1859/1859 1778/1778
f 1933/1933 1932/1932 1934/1934
f 1778/1778 1859/1859 1791/1791
f 1934/1934 1932/1932 1935/1935
f 1304/1304 1298/1298 1303/1303
f 1203/1203 1171/1171 1174/1174
f 1204/1204 1203/1203 1174/1174
f 1174/1174 1171/1171 1139/1139
f 1174/1174 1139/1139 1166/1166
f 1240/1240 1225/1225 1218/1218
f 1239/1239 1240/1240 1218/1218
f 1780/1780 1781/1781 1782/1782
f 2422/2422 2420/2420 2550/2550
f 1780/1780 1782/1782 1790/1790
f 1780/1780 1790/1790 1778/1778
f 2549/2549 2464/2464 2466/2466
f 1851/1851 1715/1715 1793/1793
f 1858/1858 1851/1851 1793/1793
f 1715/1715 1714/1714 1716/1716
f 1217/1217 1218/1218 1203/1203
f 1217/1217 1203/1203 1196/1196
f 1203/1203 1204/1204 1196/1196
f 1165/1165 1166/1166 1161/1161
f 1161/1161 1166/1166 1139/1139
f 1161/1161 1139/1139 1138/1138
f 1138/1138 1139/1139 1118/1118
f 1138/1138 1118/1118 1125/1125
f 1118/1118 1127/1127 1125/1125
f 1239/1239 1218/1218 1217/1217
f 1127/1127 1121/1121 1123/1123
f 1125/1125 1127/1127 1123/1123
f 1123/1123 1121/1121 1122/1122
f 1122/1122 1121/1121 1111/1111
f 1781/1781 1780/1780 1779/1779
f 1779/1779 1780/1780 1778/1778
f 1217/1217 1196/1196 1197/1197
f 1197/1197 1196/1196 1186/1186
f 1196/1196 1187/1187 1186/1186
f 1186/1186 1187/1187 1165/1165
f 1161/1161 1138/1138 1137/1137
f 1137/1137 1138/1138 1125/1125
f 1124/1124 1125/1125 1123/1123
f 1123/1123 1122/1122 1124/1124
f 1775/1775 1779/1779 1778/1778
f 1775/1775 1778/1778 1777/1777
f 1777/1777 1778/1778 1791/1791
f 1791/1791 1858/1858 1846/1846
f 1777/1777 1791/1791 1846/1846
f 1858/1858 1793/1793 1846/1846
f 1793/1793 1716/1716 1722/1722
f 1718/1718 1719/1719 1716/1716
f 1720/1720 1718/1718 1792/1792
f 1198/1198 1197/1197 1186/1186
f 1184/1184 1186/1186 1165/1165
f 1184/1184 1165/1165 1164/1164
f 1164/1164 1165/1165 1161/1161
f 1229/1229 1239/1239 1217/1217
f 1229/1229 1217/1217 1197/1197
f 1137/1137 1125/1125 1126/1126
f 1126/1126 1125/1125 1124/1124
f 2427/2427 2426/2426 2428/2428
f 1124/1124 1122/1122 1149/1149
f 1775/1775 1777/1777 1774/1774
f 1846/1846 1793/1793 1722/1722
f 1161/1161 1137/1137 1160/1160
f 1243/1243 1239/1239 1229/1229
f 1129/1129 1124/1124 1149/1149
f 1776/1776 1775/1775 1758/1758
f 1758/1758 1775/1775 1774/1774
f 1774/1774 1777/1777 1862/1862
f 1862/1862 1777/1777 1846/1846
f 1728/1728 1846/1846 1764/1764
f 1764/1764 1846/1846 1722/1722
f 1164/1164 1161/1161 1160/1160
f 1207/1207 1229/1229 1197/1197
f 1207/1207 1197/1197 1198/1198
f 1243/1243 1229/1229 1207/1207
f 1126/1126 1124/1124 1128/1128
f 1128/1128 1124/1124 1129/1129
f 1773/1773 1774/1774 1862/1862
f 1728/1728 1862/1862 1846/1846
f 1722/1722 1721/1721 1723/1723
f 1764/1764 1722/1722 1723/1723
f 1207/1207 1198/1198 1199/1199
f 1199/1199 1198/1198 1184/1184
f 1199/1199 1184/1184 1185/1185
f 1185/1185 1184/1184 1164/1164
f 1160/1160 1137/1137 1140/1140
f 1140/1140 1137/1137 1126/1126
f 1242/1242 1243/1243 1207/1207
f 2823/2823 2825/2825 2824/2824
f 1758/1758 1774/1774 1773/1773
f 1728/1728 1764/1764 1723/1723
f 1164/1164 1160/1160 1150/1150
f 1150/1150 1160/1160 1140/1140
f 1140/1140 1126/1126 1130/1130
f 1130/1130 1126/1126 1128/1128
f 1128/1128 1129/1129 1141/1141
f 1758/1758 1773/1773 1735/1735
f 1735/1735 1773/1773 1862/1862
f 1727/1727 1728/1728 1723/1723
f 1726/1726 1723/1723 1725/1725
f 1222/1222 1242/1242 1207/1207
f 1222/1222 1207/1207 1199/1199
f 1130/1130 1128/1128 1131/1131
f 1131/1131 1128/1128 1141/1141
f 1739/1739 1758/1758 1737/1737
f 1737/1737 1758/1758 1738/1738
f 1738/1738 1758/1758 1735/1735
f 1735/1735 1862/1862 1759/1759
f 1862/1862 1728/1728 1759/1759
f 1729/1729 1728/1728 1727/1727
f 1726/1726 1725/1725 1763/1763
f 1185/1185 1164/1164 1175/1175
f 1175/1175 1164/1164 1150/1150
f 2822/2822 2824/2824 2828/2828
f 2521/2521 2522/2522 2519/2519
f 1737/1737 1738/1738 1735/1735
f 1727/1727 1723/1723 1726/1726
f 1199/1199 1185/1185 1190/1190
f 1190/1190 1185/1185 1175/1175
f 1132/1132 1130/1130 1131/1131
f 1739/1739 1737/1737 1736/1736
f 1740/1740 1739/1739 1736/1736
f 1736/1736 1737/1737 1735/1735
f 1735/1735 1759/1759 1731/1731
f 1729/1729 1731/1731 1759/1759
f 1222/1222 1199/1199 1208/1208
f 1208/1208 1199/1199 1190/1190
f 1150/1150 1140/1140 1130/1130
f 2520/2520 2521/2521 2519/2519
f 1736/1736 1735/1735 1734/1734
f 1734/1734 1735/1735 1731/1731
f 1731/1731 1729/1729 1730/1730
f 1730/1730 1729/1729 1727/1727
f 1762/1762 1726/1726 1831/1831
f 1175/1175 1150/1150 1156/1156
f 1150/1150 1130/1130 1133/1133
f 1156/1156 1150/1150 1133/1133
f 1244/1244 1222/1222 1228/1228
f 1228/1228 1222/1222 1208/1208
f 1133/1133 1130/1130 1132/1132
f 1133/1133 1132/1132 1134/1134
f 1741/1741 1740/1740 1736/1736
f 1762/1762 1730/1730 1727/1727
f 1170/1170 1190/1190 1175/1175
f 1170/1170 1175/1175 1156/1156
f 1228/1228 1208/1208 1209/1209
f 1209/1209 1208/1208 1190/1190
f 2519/2519 2523/2523 2518/2518
f 2516/2516 2519/2519 2518/2518
f 1742/1742 1741/1741 1736/1736
f 1742/1742 1736/1736 1743/1743
f 1743/1743 1736/1736 1734/1734
f 1732/1732 1734/1734 1731/1731
f 1732/1732 1731/1731 1730/1730
f 1170/1170 1156/1156 1144/1144
f 1144/1144 1156/1156 1133/1133
f 1210/1210 1209/1209 1190/1190
f 1210/1210 1190/1190 1211/1211
f 1211/1211 1190/1190 1170/1170
f 1133/1133 1134/1134 1135/1135
f 1743/1743 1734/1734 1772/1772
f 1772/1772 1734/1734 1732/1732
f 1761/1761 1762/1762 1831/1831
f 1977/1977 1975/1975 1978/1978
f 1212/1212 1211/1211 1170/1170
f 2516/2516 2518/2518 2517/2517
f 1231/1231 1209/1209 1210/1210
f 1227/1227 1231/1231 1210/1210
f 1732/1732 1730/1730 1733/1733
f 1730/1730 1762/1762 1760/1760
f 1733/1733 1730/1730 1760/1760
f 1975/1975 1977/1977 1973/1973
f 1170/1170 1144/1144 1162/1162
f 1144/1144 1133/1133 1136/1136
f 1227/1227 1210/1210 1213/1213
f 1210/1210 1211/1211 1212/1212
f 1213/1213 1210/1210 1212/1212
f 1136/1136 1133/1133 1135/1135
f 1945/1945 1943/1943 1942/1942
f 1742/1742 1743/1743 1852/1852
f 1942/1942 1943/1943 1944/1944
f 1852/1852 1743/1743 1772/1772
f 1772/1772 1732/1732 1744/1744
f 2496/2496 2632/2632 2498/2498
f 2496/2496 2498/2498 2495/2495
f 1744/1744 1732/1732 1733/1733
f 2485/2485 2486/2486 2484/2484
f 1162/1162 1144/1144 1145/1145
f 1145/1145 1144/1144 1136/1136
f 1221/1221 1227/1227 1213/1213
f 1852/1852 1772/1772 1744/1744
f 1744/1744 1733/1733 1745/1745
f 1761/1761 1733/1733 1760/1760
f 1733/1733 1761/1761 1812/1812
f 1745/1745 1733/1733 1812/1812
f 1320/1320 1318/1318 1319/1319
f 1321/1321 1320/1320 1319/1319
f 1182/1182 1162/1162 1145/1145
f 1178/1178 1182/1182 1145/1145
f 1221/1221 1213/1213 1214/1214
f 1214/1214 1213/1213 1212/1212
f 1214/1214 1212/1212 1215/1215
f 1212/1212 1182/1182 1215/1215
f 1755/1755 1754/1754 1752/1752
f 1754/1754 1852/1852 1749/1749
f 1752/1752 1754/1754 1749/1749
f 1749/1749 1852/1852 1744/1744
f 1319/1319 1327/1327 1321/1321
f 1178/1178 1145/1145 1151/1151
f 1145/1145 1136/1136 1146/1146
f 1151/1151 1145/1145 1146/1146
f 1216/1216 1221/1221 1214/1214
f 1146/1146 1136/1136 1152/1152
f 1744/1744 1745/1745 1746/1746
f 1745/1745 1812/1812 1757/1757
f 1746/1746 1745/1745 1757/1757
f 1214/1214 1215/1215 1202/1202
f 1216/1216 1214/1214 1202/1202
f 1146/1146 1152/1152 1153/1153
f 1751/1751 1752/1752 1749/1749
f 1749/1749 1744/1744 1747/1747
f 1747/1747 1744/1744 1746/1746
f 1179/1179 1178/1178 1151/1151
f 1151/1151 1146/1146 1154/1154
f 1238/1238 1216/1216 1188/1188
f 1216/1216 1202/1202 1188/1188
f 1188/1188 1202/1202 1179/1179
f 1154/1154 1146/1146 1153/1153
f 1751/1751 1749/1749 1750/1750
f 1749/1749 1747/1747 1750/1750
f 1748/1748 1746/1746 1757/1757
f 1188/1188 1179/1179 1172/1172
f 1189/1189 1188/1188 1172/1172
f 1179/1179 1151/1151 1163/1163
f 1172/1172 1179/1179 1163/1163
f 1163/1163 1151/1151 1154/1154
f 1238/1238 1188/1188 1189/1189
f 1241/1241 1238/1238 1189/1189
f 1154/1154 1153/1153 1155/1155
f 1753/1753 1751/1751 1750/1750
f 1750/1750 1747/1747 1756/1756
f 1748/1748 1757/1757 1854/1854
f 1172/1172 1163/1163 1154/1154
f 1753/1753 1750/1750 1756/1756
f 1756/1756 1748/1748 1854/1854
f 875/875 879/879 870/870
f 1189/1189 1172/1172 1180/1180
f 1226/1226 1189/1189 1180/1180
f 1172/1172 1154/1154 1180/1180
f 1180/1180 1154/1154 1155/1155
f 878/878 875/875 866/866
f 866/866 875/875 870/870
f 866/866 870/870 864/864
f 864/864 870/870 869/869
f 864/864 869/869 868/868
f 869/869 873/873 871/871
f 868/868 869/869 871/871
f 878/878 866/866 863/863
f 863/863 866/866 864/864
f 863/863 864/864 865/865
f 865/865 864/864 868/868
f 1849/1849 1753/1753 1756/1756
f 2504/2504 2506/2506 2673/2673
f 2504/2504 2673/2673 2507/2507
f 872/872 863/863 867/867
f 867/867 863/863 865/865
f 865/865 868/868 871/871
f 865/865 871/871 874/874
f 872/872 867/867 876/876
f 876/876 867/867 865/865
f 876/876 865/865 877/877
f 865/865 874/874 880/880
f 877/877 865/865 880/880

