mtllib material.mtl
usemtl material_0
v 0.00320224 0.02471128 -0.01827492
v 0.00253463 0.02552822 -0.01832841
v 0.00376581 0.02377149 -0.01824978
v -0.05075001 0.06942050 -0.00422070
v -0.04902571 0.07100456 -0.00415342
v -0.04746673 0.07242963 -0.00406510
v -0.01064527 0.15721427 -0.01182997
v -0.01544513 0.15316800 0.00401791
v -0.00574656 0.16120034 0.01097293
v -0.01112207 0.15672136 0.01760063
v -0.00319024 0.16310694 0.02569744
v -0.00971932 0.15783347 0.02579797
v -0.01537694 0.15335625 0.02578589
v -0.01567322 0.15299983 0.01704866
v -0.02066682 0.14895519 0.02258245
v -0.02152388 0.14798801 0.01112667
v -0.02501248 0.14531194 0.01926999
v -0.01562658 0.15309891 -0.01914435
v -0.01583566 0.15305717 -0.02585360
v -0.01064814 0.15724790 -0.02768014
v -0.00557366 0.16137627 -0.02708740
v -0.00337368 0.16328337 -0.01152531
v 0.00030700 0.16635651 -0.00882312
v 0.00575498 0.17089831 0.01563615
v 0.00079369 0.16663823 0.01827043
v -0.00115082 0.16524342 -0.01816591
v 0.00522341 0.17069095 -0.02064431
v 0.00699929 0.17211174 -0.01767030
v 0.00449502 0.16979349 -0.00712543
v -0.00265836 0.16389032 -0.02569999
v 0.00472385 0.17000077 0.00467654
v 0.00969747 0.17396610 0.00026495
v 0.01002144 0.17438561 -0.01092970
v 0.00865804 0.17336410 -0.01509691
v 0.00901409 0.17365767 0.01293237
v 0.01000116 0.17444666 0.00991288
v -0.03012150 0.14061040 0.00291927
v -0.02652021 0.14369090 -0.00388407
v -0.02853747 0.14205859 0.01174747
v -0.00013770 0.16578438 0.02369193
v -0.01871808 0.15062794 -0.02534954
v -0.02221245 0.14775327 -0.02234517
v -0.02191725 0.14771600 -0.01289057
v -0.02847766 0.14231996 -0.01232369
v -0.02694536 0.14374767 -0.01580366
v -0.03003026 0.14082315 -0.00572433
v -0.02933314 0.14153588 -0.01054559
v 0.00515691 0.17023661 0.02031732
v -0.01957672 0.14980759 0.02451852
v -0.02555383 0.14462214 0.01215365
v 0.00786286 0.17253229 0.01641210
v -0.02969052 0.14100357 0.00916684
v 0.00205809 0.16821872 -0.02326833
v 0.00049803 0.16683991 -0.02464907
v 0.00254821 0.16795747 0.02297365
v -0.02777754 0.14294688 -0.01495900
v -0.02615050 0.14453052 -0.01794514
v -0.02438931 0.14591979 -0.02075988
v -0.01077032 0.15685702 0.02704682
v -0.00532379 0.16116763 0.02693411
v -0.02815800 0.14234493 0.01402882
v -0.01567945 0.15303646 -0.02698225
v -0.03086750 0.13985947 0.00069388
v 0.01111330 0.17500000 -0.00545646
v 0.01113387 0.17499866 0.00555818
v -0.02368072 0.14627937 0.02130585
v -0.02154547 0.14799803 0.02307733
v 0.00067495 0.16624891 0.02442703
v -0.00243015 0.16383117 -0.02681930
v -0.03048722 0.14004606 0.00491067
v -0.01201033 0.15597166 -0.02802458
v -0.00918880 0.15826201 -0.02822191
v -0.00662562 0.16030378 -0.02808104
v 0.00360745 0.16931600 -0.02255754
v -0.01579366 0.15273951 0.02654499
v -0.01738636 0.15129467 0.02596041
v -0.02919946 0.14118273 0.01121880
v -0.02086775 0.14861099 -0.02406507
v -0.02248159 0.14726730 -0.02266668
v -0.03057634 0.14003502 -0.00364865
v 0.00943152 0.17381835 -0.01375948
v 0.01087758 0.17474584 -0.00911058
v -0.02665178 0.14347105 0.01718675
v -0.00310629 0.16258242 0.02670721
v 0.00748701 0.17225919 -0.01765972
v -0.00997613 0.15712243 0.02752553
v 0.00475875 0.16970052 0.02110986
v 0.00947765 0.17365586 0.01323195
v 0.00663654 0.17123626 0.01877315
v -0.03007003 0.14026324 -0.00651583
v 0.01079986 0.17458773 0.00919746
v -0.01876534 0.15023876 -0.02552491
v -0.02892499 0.14148265 -0.01151058
v 0.03455247 0.12934786 0.01535184
v 0.03379842 0.12915091 0.01375570
v 0.03596646 0.12972907 0.01411092
v 0.03211525 0.12800188 0.01563655
v 0.03302991 0.12809546 0.01737489
v 0.03123094 0.12744799 0.01720052
v 0.03204737 0.12804924 0.01413813
v 0.03078546 0.12722536 0.01536266
v 0.03022843 0.12699493 0.01302213
v 0.02920521 0.12629710 0.01523753
v 0.03001270 0.12667927 0.01742929
v 0.03269659 0.12852387 0.01258351
v 0.02854402 0.12575880 0.01780683
v 0.02737452 0.12521708 0.01526118
v 0.02657202 0.12467949 0.01749347
v 0.02670596 0.12467937 0.01907527
v 0.02504052 0.12397824 0.01459392
v 0.02824482 0.12538004 0.02073003
v 0.02787927 0.12555904 0.01310223
v 0.02568657 0.12431947 0.01277198
v 0.02365033 0.12327627 0.01203139
v 0.02288434 0.12289168 0.01364072
v 0.02409674 0.12344134 0.01648918
v 0.02530104 0.12397858 0.01900233
v 0.03482523 0.12989554 0.01254052
v 0.03002556 0.12632363 0.01995662
v 0.03406293 0.12942575 0.01097269
v 0.03047121 0.12721660 0.01067878
v 0.02904948 0.12631007 0.01210052
v 0.02904074 0.12637621 0.01017720
v 0.03214527 0.12823311 0.01094395
v 0.03214445 0.12827863 0.00883702
v 0.03385112 0.12929225 0.00893751
v 0.03239361 0.12844880 0.00686624
v 0.02754964 0.12546137 0.00961715
v 0.02915766 0.12652921 0.00810473
v 0.02757329 0.12554283 0.00765090
v 0.02893721 0.12644996 0.00637147
v 0.03085894 0.12766861 0.00648611
v 0.02725960 0.12539203 0.00602383
v 0.02837941 0.12613847 0.00497739
v 0.02981616 0.12710721 0.00353698
v 0.02845319 0.12625200 0.00300284
v 0.03013635 0.12740105 0.00112198
v 0.02630212 0.12472267 0.00882068
v 0.02603486 0.12446508 0.01102336
v 0.02529821 0.12416010 0.00778780
v 0.03068137 0.12744115 0.00850011
v 0.02674786 0.12518463 0.00451829
v 0.03103866 0.12775041 0.00444614
v 0.02767721 0.12586730 0.00096021
v 0.02691462 0.12544791 0.00217256
v 0.02582610 0.12449480 0.00544322
v 0.02457296 0.12375393 0.00998386
v 0.03546118 0.13023143 0.00948403
v 0.03534599 0.13017238 0.00700282
v 0.03697464 0.13109614 0.01047656
v 0.03388929 0.12928339 0.00703847
v 0.03249242 0.12851439 0.00502567
v 0.02403367 0.12352040 0.00689682
v 0.03218248 0.12832276 0.00163222
v 0.03244089 0.12847541 0.00331530
v 0.03417744 0.12939919 0.00527558
v 0.02603809 0.12492065 0.00313427
v 0.02510281 0.12435392 0.00418388
v 0.02537523 0.12470227 0.00149053
v 0.02625259 0.12517106 0.00038058
v 0.02477194 0.12446491 -0.00038936
v 0.03431524 0.12941039 0.00364290
v 0.03424615 0.12930794 0.00203751
v 0.03632739 0.13035658 0.00233782
v 0.03583057 0.13020026 0.00435269
v 0.02302602 0.12304644 0.00901429
v 0.03786561 0.13139486 0.00850996
v 0.02832587 0.12617880 -0.00050278
v 0.02701602 0.12553197 -0.00098002
v 0.02646958 0.12524605 -0.00281784
v 0.02836661 0.12613536 -0.00343749
v 0.02686537 0.12536006 -0.00539062
v 0.03005485 0.12703835 -0.00169334
v 0.02599799 0.12441137 0.02113811
v 0.02356158 0.12311437 0.01978779
v 0.02445702 0.12355517 0.02227166
v 0.02335448 0.12298832 0.02132888
v 0.02204486 0.12229539 0.02192722
v 0.02232558 0.12249978 0.02027794
v 0.02137030 0.12208956 0.01911884
v 0.02268446 0.12274113 0.01766102
v 0.02252744 0.12276004 0.01114909
v 0.02177535 0.12244884 0.00984352
v 0.02090596 0.12195743 0.01240160
v 0.02139407 0.12234264 0.00811465
v 0.02179925 0.12235549 0.01519896
v 0.02039506 0.12166768 0.01670611
v 0.01969868 0.12140522 0.01376614
v 0.02026729 0.12158581 0.01812272
v 0.01903651 0.12100019 0.01854321
v 0.02015427 0.12148664 0.02086262
v 0.01891757 0.12092441 0.01997768
v 0.01857970 0.12075661 0.02178146
v 0.01756193 0.12028639 0.02052720
v 0.01771954 0.12037761 0.01904377
v 0.01613000 0.11960909 0.01983636
v 0.01656019 0.11984625 0.01806091
v 0.01784400 0.12050684 0.01655127
v 0.01501763 0.11917642 0.01655567
v 0.01825560 0.12075494 0.01459453
v 0.01779503 0.12059055 0.01219069
v 0.01912450 0.12115878 0.01101987
v 0.01729912 0.12001706 0.02243740
v 0.01604745 0.11941634 0.02142621
v 0.02032417 0.12174281 0.00966120
v 0.01867250 0.12092836 0.00846732
v 0.01802288 0.12049682 0.02395454
v 0.01950105 0.12127672 0.02306689
v 0.01657674 0.12000658 0.01488682
v 0.02012414 0.12189380 0.00683191
v 0.02383499 0.12401514 0.00095674
v 0.02443911 0.12419404 0.00268839
v 0.02296128 0.12353542 0.00235477
v 0.02344423 0.12364629 0.00397415
v 0.02253792 0.12340557 0.00049923
v 0.01623949 0.11993058 0.01091459
v 0.01622976 0.11992425 0.01282539
v 0.01379934 0.11859245 0.01925179
v 0.03746970 0.13095375 0.00353994
v 0.03871439 0.13142140 0.00091660
v 0.03698688 0.13084503 0.00544465
v 0.03928726 0.13200613 0.00699333
v 0.01426787 0.11869466 0.02092096
v 0.01830675 0.12090980 0.00685860
v 0.02160463 0.12294486 0.00213340
v 0.02190681 0.12300671 0.00387668
v 0.01967272 0.12195973 0.00314826
v 0.01873888 0.12160946 0.00127261
v 0.01803928 0.12105974 0.00400133
v 0.01900587 0.12146616 0.00546080
v 0.02067159 0.12242896 0.00552248
v 0.02030729 0.12239050 -0.00007903
v 0.02217417 0.12325669 -0.00159245
v 0.02422826 0.12420854 -0.00250539
v 0.02480031 0.12444097 -0.00534189
v 0.02292754 0.12360989 -0.00325097
v 0.02238020 0.12336444 -0.00565508
v 0.02156635 0.12299214 -0.00359096
v 0.02063924 0.12257354 -0.00529028
v 0.02014470 0.12235528 -0.00352535
v 0.01774660 0.12131091 -0.00484193
v 0.01864132 0.12169318 -0.00167515
v 0.01641374 0.12072305 -0.00292398
v 0.01641074 0.12071955 -0.00134468
v 0.01499556 0.12008686 -0.00258503
v 0.01631574 0.12067590 -0.00452571
v 0.01362454 0.11948009 -0.00382552
v 0.01232971 0.11888875 -0.00183940
v 0.01354288 0.11942010 -0.00064394
v 0.01122101 0.11840419 -0.00002986
v 0.01335055 0.11931413 0.00091320
v 0.01193883 0.11867761 0.00265541
v 0.01494839 0.12005746 -0.00100560
v 0.01001404 0.11787201 -0.00260587
v 0.01156275 0.11857689 -0.00438667
v 0.01255457 0.11901626 -0.00644012
v 0.01478689 0.11999371 -0.00581123
v 0.01467967 0.11993112 -0.00743497
v 0.01626536 0.12063803 -0.00612687
v 0.01626260 0.12060949 -0.00772746
v 0.01780067 0.12130710 -0.00641993
v 0.01939283 0.12200091 -0.00669041
v 0.02090656 0.12261318 -0.00853847
v 0.01805169 0.12132740 -0.00957423
v 0.01970828 0.12196758 -0.01142058
v 0.02228781 0.12314772 -0.01038611
v 0.02340639 0.12374153 -0.00786465
v 0.02555116 0.12471243 -0.00755274
v 0.02758087 0.12563748 -0.00736334
v 0.02857536 0.12612172 -0.00580129
v 0.02861609 0.12607827 -0.00873599
v 0.03097868 0.12723376 -0.00659625
v 0.03157502 0.12746196 -0.00920484
v 0.02662171 0.12514730 -0.00916353
v 0.02889168 0.12611598 -0.01122635
v 0.02726104 0.12530396 -0.01220191
v 0.02940210 0.12623484 -0.01327236
v 0.02719355 0.12514471 -0.01417750
v 0.02569988 0.12453299 -0.01315742
v 0.02474588 0.12389918 -0.01616456
v 0.02420819 0.12380310 -0.01409289
v 0.02299524 0.12308546 -0.01677011
v 0.02218078 0.12285899 -0.01491226
v 0.02338883 0.12355262 -0.01216674
v 0.02108465 0.12247811 -0.01319992
v 0.01878534 0.12142761 -0.01430139
v 0.02086082 0.12214887 -0.01705689
v 0.01834264 0.12108941 -0.01702490
v 0.01945737 0.12144944 -0.01872052
v 0.02205908 0.12249821 -0.01923352
v 0.02473965 0.12358965 -0.02018143
v 0.01683217 0.12039750 -0.01815594
v 0.01797039 0.12076072 -0.01990313
v 0.01594852 0.12013951 -0.01603349
v 0.01418349 0.11934240 -0.01753978
v 0.01531944 0.11998672 -0.01353580
v 0.01398770 0.11934474 -0.01498571
v 0.01358971 0.11929399 -0.01206119
v 0.01545355 0.12016808 -0.01062542
v 0.01298951 0.11919016 -0.00876622
v 0.01738549 0.12091391 -0.01247047
v 0.01696357 0.12080313 -0.01089004
v 0.01658928 0.12070166 -0.00930904
v 0.01490189 0.11998924 -0.00903970
v 0.01246016 0.11870507 -0.01388155
v 0.01169161 0.11845684 -0.01131732
v 0.01076427 0.11792102 -0.01350813
v 0.00962516 0.11747531 -0.01130419
v 0.01020748 0.11758265 -0.01533864
v 0.02451229 0.12417044 -0.00971357
v 0.02569790 0.12465115 -0.01120186
v 0.02648067 0.12454818 -0.01805830
v 0.02893872 0.12579147 -0.01691369
v 0.02838018 0.12533794 -0.01966053
v 0.02772647 0.12487427 -0.02151289
v 0.03093339 0.12659140 -0.01941041
v 0.01104965 0.11837857 -0.00672860
v 0.00834816 0.11722641 -0.00530697
v 0.01209443 0.11844019 -0.01793182
v 0.01385089 0.11915529 -0.01980179
v 0.01547687 0.11972798 -0.02094855
v 0.01609785 0.12053479 0.00016174
v 0.01787007 0.12137814 -0.00010448
v 0.01703798 0.12075068 0.00262467
v 0.01547507 0.12016881 0.00159529
v 0.00857470 0.11682524 -0.01313968
v 0.03047196 0.12709256 -0.00409242
v 0.03276245 0.12822460 -0.00285253
v 0.03278566 0.12811762 -0.00478263
v 0.01660594 0.12002560 0.00915439
v 0.01160883 0.11857350 -0.00963241
v 0.00845749 0.11725723 -0.00716772
v 0.00687892 0.11647179 -0.00738249
v 0.01014537 0.11807351 -0.00881370
v 0.03909483 0.13165964 0.00283735
v 0.03877151 0.13157999 0.00466386
v 0.04025721 0.13224505 0.00151382
v 0.04069990 0.13237725 0.00466042
v 0.03997579 0.13209227 0.00053598
v 0.00647487 0.11643691 -0.00397259
v 0.00818452 0.11714969 -0.00334077
v 0.01357422 0.11927351 0.00344677
v 0.03128193 0.12677974 -0.01571187
v 0.03304439 0.12753420 -0.01719560
v 0.02118812 0.12196145 0.02310579
v 0.02201845 0.12231226 0.02432327
v 0.03397019 0.12909181 0.00045939
v 0.03580284 0.12998691 0.00083844
v 0.00727984 0.11605421 -0.01481583
v 0.00589146 0.11541775 -0.01277618
v 0.00704097 0.11616710 -0.01097093
v 0.03896356 0.13200609 0.01153373
v 0.00619136 0.11635067 -0.00210944
v 0.00789100 0.11705573 -0.00155642
v 0.00926002 0.11761434 -0.00031890
v 0.01029844 0.11802648 0.00160309
v 0.00464263 0.11567460 -0.00275532
v 0.00488508 0.11573366 -0.00450134
v 0.00171656 0.11427688 -0.00366743
v 0.01189234 0.11839554 -0.02091705
v 0.00577797 0.11624717 -0.00042817
v 0.00285146 0.11493948 -0.00165519
v 0.00746758 0.11694451 0.00004606
v 0.02742045 0.12490396 0.02252872
v 0.01431752 0.11917561 0.01139867
v 0.01467776 0.11931572 0.01349497
v 0.01512037 0.11949381 0.00956722
v 0.03187935 0.12798574 -0.00088433
v 0.03405983 0.12894475 -0.00149159
v 0.03544683 0.12951783 -0.00208164
v 0.03495936 0.12904177 -0.00437644
v 0.01520458 0.11981415 0.00397715
v 0.03711093 0.13051233 -0.00028189
v 0.03955856 0.13166257 -0.00110186
v 0.00845894 0.11705235 -0.00965011
v 0.01457850 0.11940002 -0.02236978
v -0.00287199 0.11226143 -0.00183953
v -0.00000566 0.11363847 -0.00124311
v -0.00272069 0.11245058 0.00010841
v 0.00054640 0.11400170 0.00071578
v -0.00203009 0.11292029 0.00261156
v 0.00140806 0.11450147 0.00274528
v 0.00367496 0.11544633 0.00077888
v 0.00480805 0.11608972 0.00328358
v 0.00257929 0.11513776 0.00484539
v 0.00685287 0.11688220 0.00232350
v -0.00198566 0.11275754 -0.00424626
v 0.00382973 0.11566915 0.00611171
v 0.00602034 0.11662819 0.00495445
v 0.00516236 0.11625992 0.00798008
v 0.00159807 0.11480793 0.00769820
v 0.00052596 0.11436286 0.00695697
v -0.00067939 0.11374762 0.00546343
v -0.00330313 0.11260777 0.00606645
v -0.00073877 0.11376615 0.00917567
v 0.01216752 0.11869224 0.00544995
v 0.04171358 0.13273371 -0.00035480
v 0.04228384 0.13290234 -0.00344687
v 0.04288111 0.13320650 0.00184649
v 0.00816989 0.11768507 0.00422644
v 0.01211253 0.11790626 0.02027873
v 0.03661436 0.13110996 0.01289314
v 0.00027024 0.11345851 -0.00525786
v 0.00295226 0.11548367 0.00989186
v 0.00455844 0.11609963 0.00988863
v 0.00680835 0.11690824 0.00855374
v 0.00657717 0.11691012 0.01045050
v 0.00731183 0.11706175 0.00579153
v 0.00556069 0.11655526 0.01179395
v 0.03149581 0.12706994 -0.01231001
v -0.00375704 0.11204033 0.00022265
v -0.00365657 0.11236351 0.00369148
v 0.00871374 0.11751519 0.00196518
v 0.02271650 0.12319856 0.00546448
v 0.03379061 0.12771505 -0.01907341
v 0.01443762 0.11928023 0.00814860
v 0.01766861 0.12044151 -0.02293608
v 0.00868551 0.11755470 0.00723066
v 0.00876114 0.11757471 0.00892696
v -0.00222964 0.11271781 0.00862790
v 0.00232634 0.11430090 -0.00626598
v 0.00029720 0.11318316 -0.00790977
v 0.03351029 0.12751298 -0.01445281
v 0.03486635 0.12822861 -0.01611139
v 0.01682783 0.11997283 0.00759718
v 0.01730739 0.12044722 0.00581530
v 0.01557616 0.11937210 0.00658599
v 0.00444049 0.11491217 -0.01021578
v 0.00560629 0.11560822 -0.00883241
v 0.00410503 0.11501747 -0.00745750
v 0.00182371 0.11371053 -0.00903875
v 0.00068154 0.11473298 0.01152689
v 0.00348571 0.11584286 0.01194615
v 0.00319843 0.11588548 0.01386104
v 0.02567920 0.12372255 -0.02325248
v 0.02281073 0.12240199 -0.02356262
v 0.01982428 0.12135348 -0.02080717
v 0.02156469 0.12208457 -0.02120110
v 0.03325835 0.12801958 -0.00801950
v 0.04090382 0.13209458 -0.00432182
v 0.00541102 0.11660595 0.01413857
v 0.04042280 0.13218773 0.01017154
v 0.04169307 0.13282420 0.00745114
v -0.00227436 0.11197356 -0.00704473
v -0.00120237 0.11238045 -0.00943271
v 0.03156487 0.12766284 0.01853570
v 0.00908861 0.11811970 0.00494693
v 0.01051819 0.11827947 0.00399999
v 0.01944337 0.12080151 -0.02328485
v 0.02032600 0.12184673 0.02438351
v 0.03494853 0.12869555 -0.00703957
v 0.01479199 0.11898015 0.02177308
v 0.01062459 0.11816875 0.00726011
v 0.01325862 0.11890506 0.00954899
v 0.01627334 0.12008200 0.00485482
v 0.00784064 0.11727749 0.01186670
v 0.00661920 0.11691283 0.01298519
v 0.01259404 0.11865005 0.01258750
v 0.01102074 0.11825931 0.00909970
v 0.01254196 0.11874393 0.00756608
v 0.00930782 0.11772632 0.01057154
v 0.01032556 0.11800953 0.01216440
v 0.01188794 0.11848149 0.01088759
v 0.00900891 0.11762176 0.01326453
v 0.01118220 0.11823914 0.01366929
v 0.00770555 0.11729175 0.01439956
v 0.01313905 0.11876498 0.01419945
v 0.02362189 0.12281149 0.02413066
v 0.00316787 0.11404858 -0.01166571
v 0.03664560 0.12948985 -0.00626503
v 0.03682996 0.12925736 -0.00887052
v 0.03685402 0.12968899 -0.00429578
v 0.03782500 0.13041325 -0.00257472
v 0.03898808 0.13093740 -0.00313820
v 0.03902442 0.13095709 -0.00526121
v 0.04143957 0.13244400 -0.00638038
v 0.03541436 0.12847914 -0.01007102
v 0.03564904 0.12815926 -0.01308902
v 0.00074896 0.11508978 0.01462207
v -0.00158475 0.11377266 0.01120093
v 0.00203131 0.11561836 0.01568156
v 0.00452639 0.11644334 0.01542542
v 0.00641545 0.11701952 0.01556948
v 0.01352024 0.11876108 0.01597153
v 0.01240405 0.11834186 0.01715947
v 0.01187503 0.11834991 0.01533432
v 0.04187343 0.13272287 -0.00490480
v 0.03821484 0.13013849 -0.00800949
v 0.03349989 0.12781804 -0.01124289
v 0.00396528 0.11642499 0.01684573
v 0.01008199 0.11794289 0.01464402
v 0.00832340 0.11751268 0.01592316
v 0.03728892 0.12892261 -0.01169658
v 0.03842994 0.12980309 -0.01027552
v 0.00544888 0.11689155 0.01687286
v 0.00695137 0.11727511 0.01710962
v 0.00167582 0.11324008 -0.01072338
v 0.00178842 0.11301747 -0.01318220
v 0.03972811 0.13026848 -0.01248941
v 0.01023372 0.11720321 -0.01861534
v 0.00818314 0.11612546 -0.01708721
v 0.00574058 0.11516226 -0.01633265
v 0.03639926 0.12867458 -0.01615778
v 0.00596591 0.11723017 0.01820338
v 0.03956897 0.13112254 -0.00748792
v 0.02618758 0.12473967 0.02289652
v 0.03138643 0.12664528 -0.02001648
v 0.01052164 0.11780099 0.01824778
v 0.01468300 0.11901414 0.00608787
v 0.03468948 0.12849822 -0.01772356
v 0.04255522 0.13288056 0.00547410
v 0.00738120 0.11717947 0.00155734
v 0.04062175 0.13143377 -0.00981833
v 0.04159186 0.13197518 -0.00781490
v 0.03148539 0.12681904 0.01911732
v 0.01631253 0.11926797 0.02283047
v 0.00003587 0.11196114 -0.01146568
v 0.00847277 0.11757563 0.01755599
v 0.03802247 0.12848563 -0.01474320
v 0.04304547 0.13276507 0.00398529
v 0.03612608 0.13065168 0.01340889
v 0.00672144 0.11772892 0.01900720
v 0.00937041 0.11755383 0.01982059
v 0.03846963 0.13005931 -0.00454067
v 0.03906640 0.12879951 -0.01402574
v -0.00376305 0.11235391 -0.00335903
v -0.00335522 0.11255269 -0.00564140
v 0.00501151 0.11419025 -0.01493894
v 0.00369413 0.11347532 -0.01388879
v 0.00653176 0.11471083 -0.01864820
v 0.00860136 0.11563144 -0.01959033
v 0.03790108 0.12946503 -0.00529194
v 0.04206920 0.13156496 -0.01002729
v 0.04077534 0.12878764 -0.01488076
v 0.03529996 0.12887396 -0.01694504
v 0.03883926 0.12806898 -0.01641989
v 0.02932105 0.12474811 -0.02247877
v 0.03153015 0.12596923 -0.02075179
v 0.03304964 0.12592320 -0.02148678
v 0.04173440 0.13046544 -0.01246605
v 0.02893923 0.12512313 0.02177256
v 0.03109567 0.12602354 0.02064895
v 0.03297124 0.12712791 0.01946394
v 0.03296502 0.12625651 0.02166866
v 0.02870320 0.12459551 0.02293960
v 0.03437270 0.12743013 0.01964187
v 0.03585105 0.12825317 0.01784228
v 0.03568295 0.12889057 0.01529005
v 0.03860944 0.12907132 0.01553575
v 0.03504928 0.12637090 0.02220694
v 0.03622733 0.12722560 0.02034369
v 0.03334953 0.12522020 0.02366099
v 0.02914044 0.12373033 0.02460493
v 0.02504106 0.12312595 0.02393554
v 0.02633725 0.12208328 0.02630723
v 0.02433136 0.12097727 0.02722549
v 0.02231777 0.12063919 0.02660015
v 0.02256425 0.12154353 0.02495674
v 0.02057770 0.12069881 0.02484602
v 0.03913668 0.12854738 0.01687782
v 0.03972642 0.13014028 0.01366133
v 0.00340251 0.11199073 -0.01570799
v 0.00487062 0.11308322 -0.01718734
v 0.02074218 0.11878522 0.02759025
v 0.01792031 0.11888375 0.02449708
v 0.01761428 0.11787401 0.02580939
v 0.01604544 0.11818218 0.02320127
v 0.01401743 0.11597931 0.02436898
v 0.01321731 0.11711929 0.02101514
v 0.01218766 0.11600011 0.02183356
v 0.01169217 0.11491692 0.02402087
v 0.01021542 0.11486232 0.02298567
v 0.01463564 0.11551335 0.02580724
v 0.00905264 0.11477916 0.02253451
v 0.00812569 0.11540391 0.02060566
v 0.00727473 0.11473027 0.02123509
v 0.00651696 0.11512497 0.01922434
v 0.01465653 0.11800858 0.02165088
v 0.01582475 0.11873017 0.02217827
v 0.01751237 0.11920610 0.02359559
v 0.03965191 0.12960261 -0.01332176
v 0.04034307 0.12703917 0.01985212
v 0.04485366 0.12894370 0.01546347
v 0.04188611 0.13034022 0.01297813
v 0.04437473 0.12766373 0.01849032
v 0.04276643 0.12675846 0.02069312
v 0.04488444 0.12613393 0.02263922
v 0.04874892 0.12896513 0.01526472
v 0.04963752 0.12731913 0.01994011
v 0.04504271 0.13007151 0.01274938
v 0.03973548 0.12490023 0.02411578
v 0.04786767 0.12588072 0.02351910
v 0.04545993 0.12483514 0.02552119
v 0.04019280 0.12617207 0.02149907
v 0.04218716 0.12436460 0.02570108
v 0.05242463 0.12779365 0.01820975
v 0.03619654 0.12294180 0.02665769
v 0.04352105 0.12228151 0.02975551
v 0.05356437 0.12923054 0.01277277
v 0.04569631 0.13057730 0.01086627
v 0.04730374 0.13065290 0.00953273
v 0.05414155 0.12937267 0.01108756
v 0.04975747 0.13042035 0.00826912
v 0.03756026 0.12521505 0.02351064
v 0.04471888 0.13145940 0.00744630
v 0.05452007 0.12814847 0.01600625
v 0.04224568 0.13152200 0.00971548
v 0.05113359 0.12617050 0.02227144
v 0.05002741 0.12498061 0.02513211
v 0.05264375 0.12659849 0.02090261
v 0.04378433 0.13154083 0.00846462
v 0.04666613 0.12225150 0.02988932
v 0.03915773 0.13113966 0.01205701
v 0.05748663 0.12820623 0.01254192
v 0.05727100 0.12756005 0.01528981
v 0.00994208 0.11631676 0.02055143
v 0.00793245 0.11640002 0.01937283
v 0.05632950 0.12670617 0.01854679
v 0.05478794 0.12460213 0.02375035
v 0.05849659 0.12481408 0.02100091
v 0.05592418 0.12260211 0.02656044
v 0.06056506 0.12500485 0.01878924
v 0.01894359 0.12045379 0.02414953
v -0.07405407 0.03918644 -0.00515494
v -0.07398581 0.03013920 -0.00513386
v -0.07526203 0.03218921 -0.00517856
v -0.07468148 0.04084811 -0.00510412
v -0.07262386 0.04434932 -0.00508742
v -0.07446527 0.04476109 -0.00500480
v -0.07267587 0.04620771 -0.00517513
v -0.07412124 0.04862647 -0.00494954
v -0.07251857 0.04871683 -0.00507391
v -0.07267804 0.05253557 -0.00464777
v -0.07412180 0.05393226 -0.00441350
v -0.07524632 0.05268286 -0.00437916
v -0.07664943 0.03554756 -0.00484675
v -0.07669280 0.01660666 -0.00514103
v -0.07516132 0.01384540 -0.00537449
v -0.07526350 -0.01828782 -0.00537576
v -0.07673934 -0.02438770 -0.00517764
v -0.07521263 -0.05318833 -0.00535085
v -0.07667170 -0.04907215 -0.00516433
v -0.07513466 -0.08881658 -0.00536925
v -0.07659601 -0.09050193 -0.00519511
v -0.07514487 -0.10880792 -0.00535570
v -0.07658207 -0.12336722 -0.00516398
v -0.07506863 -0.12810145 -0.00535738
v -0.07513575 -0.15047889 -0.00537126
v -0.07662342 -0.15026968 -0.00516993
v -0.07674776 -0.15570341 -0.00517940
v -0.07390140 0.01605351 -0.00526185
v -0.07394053 -0.00603410 -0.00527114
v -0.07132212 0.04669097 -0.00504411
v -0.07390262 -0.02944040 -0.00521260
v -0.07375522 -0.09439056 -0.00521421
v -0.07390234 -0.07234257 -0.00517975
v -0.07384962 -0.11801805 -0.00511761
v -0.07534265 -0.15676580 -0.00543625
v -0.07751254 -0.15710040 -0.00512665
v -0.07244530 0.05571813 -0.00410852
v -0.07378090 -0.15525660 -0.00514547
v -0.07281217 -0.15708961 -0.00496655
v -0.07140116 0.05408854 -0.00442083
v -0.07270943 0.03816000 -0.00480417
v -0.07117326 0.04842040 -0.00531127
v -0.07562154 0.04894960 -0.00456356
v -0.07781537 0.03753942 -0.00443662
v -0.07685952 0.04568852 -0.00427976
v -0.07797394 0.01985449 -0.00468487
v -0.07814287 -0.14320590 -0.00469561
v -0.07807244 -0.00260145 -0.00466142
v -0.07795431 -0.15577542 -0.00472169
v -0.07810128 -0.04954729 -0.00468094
v -0.07813268 -0.02706930 -0.00470452
v -0.07801713 -0.08432168 -0.00469848
v -0.07806853 -0.12356791 -0.00467050
v -0.07130952 0.04922014 -0.00546308
v -0.07193337 0.05106740 -0.00518080
v -0.07173243 0.05284661 -0.00496263
v -0.07527366 0.05430571 -0.00394427
v -0.07130461 0.05576383 -0.00391462
v -0.06983041 0.05573042 -0.00419624
v -0.07622325 -0.15772710 -0.00587238
v -0.07280176 0.02973929 -0.00473602
v -0.06976806 0.04756899 -0.00474944
v -0.06941655 0.05032008 -0.00641761
v -0.07652180 0.05054498 -0.00401787
v -0.07116505 0.04429741 -0.00450501
v -0.07273181 -0.03404755 -0.00478130
v -0.07278180 -0.07052102 -0.00477543
v -0.07256903 -0.09603617 -0.00475020
v -0.07268395 0.01593801 -0.00479800
v -0.07269731 -0.00220816 -0.00478544
v -0.07263321 -0.13564840 -0.00467079
v -0.07274831 -0.11821887 -0.00466976
v -0.07272096 -0.15535287 -0.00469965
v -0.07190336 0.03674905 -0.00436963
v -0.06744091 0.04850900 -0.00583152
v -0.06629386 0.04961888 -0.00625584
v -0.06939520 0.05414480 -0.00658858
v -0.06334255 0.05346791 -0.00660088
v -0.06889668 0.05481937 -0.00654900
v -0.07040256 0.05344509 -0.00663971
v -0.07068108 0.05055390 -0.00653831
v -0.06307233 0.05261227 -0.00651382
v -0.06457886 0.05428081 -0.00653451
v -0.06536538 0.05512349 -0.00645853
v -0.07878830 -0.10158952 -0.00429604
v -0.07865332 -0.15340418 -0.00436897
v -0.07874029 0.01800136 -0.00428429
v -0.07823072 0.04378707 -0.00372218
v -0.07892076 -0.14148494 -0.00426110
v -0.07881937 -0.12415622 -0.00425285
v -0.07893036 -0.03134372 -0.00425903
v -0.07888778 -0.04547579 -0.00424626
v -0.07889777 -0.06099374 -0.00422425
v -0.07889215 -0.01367036 -0.00421164
v -0.07879161 -0.08215954 -0.00423257
v -0.07784947 0.04980302 -0.00315766
v -0.07842471 -0.15774403 -0.00501979
v -0.08007094 0.03277959 -0.00308235
v -0.07971711 -0.15696401 -0.00349650
v -0.07932092 0.04222322 -0.00310659
v -0.07668013 0.05361560 -0.00322271
v -0.08020733 0.02468978 -0.00310735
v -0.07516748 0.05595238 -0.00302882
v -0.07669905 0.05462887 -0.00258971
v -0.08027429 0.00749612 -0.00304299
v -0.08010198 -0.09486285 -0.00319385
v -0.08001617 0.03946866 -0.00270787
v -0.07850411 0.05001899 -0.00245088
v -0.08027814 -0.02594304 -0.00303260
v -0.08015658 -0.15228656 -0.00307688
v -0.08015005 -0.12577553 -0.00303934
v -0.08016293 -0.08141657 -0.00301621
v -0.08024185 -0.05511588 -0.00303978
v -0.06372492 0.05002374 -0.00573866
v -0.06292348 0.05122591 -0.00619684
v -0.06209132 0.05216488 -0.00667007
v -0.06107607 0.05094329 -0.00579689
v -0.07345787 0.05676497 -0.00307456
v -0.06549447 0.04869993 -0.00565421
v -0.07994913 -0.15770312 -0.00371674
v -0.07256135 -0.15769986 -0.00532517
v -0.06936537 0.05675006 -0.00346521
v -0.07115546 0.05685425 -0.00319272
v -0.07239539 0.05743017 -0.00289290
v -0.07204558 0.02932788 -0.00429651
v -0.07194903 0.01598050 -0.00433618
v -0.06899359 0.04718445 -0.00417295
v -0.06160811 0.05282474 -0.00600644
v -0.06052488 0.05228966 -0.00556449
v -0.06305649 0.05398785 -0.00584565
v -0.06029944 0.05035814 -0.00522361
v -0.06023764 0.04853092 -0.00419349
v -0.06137184 0.04739543 -0.00386540
v -0.06356419 0.04926726 -0.00506298
v -0.06290730 0.04705929 -0.00380865
v -0.06442481 0.04811564 -0.00467826
v -0.06547598 0.04709838 -0.00395641
v -0.06783555 0.04732369 -0.00385747
v -0.06688101 0.04594963 -0.00295845
v -0.06793356 0.04535653 -0.00288884
v -0.06948589 0.04449132 -0.00337258
v -0.06771979 0.05542489 -0.00592047
v -0.07476468 0.03711729 0.00569518
v -0.07635382 0.03564787 0.00572567
v -0.07477362 0.01868436 0.00578207
v -0.07641448 0.02207102 0.00578375
v -0.07491325 -0.00720218 0.00579686
v -0.07654978 0.04146402 0.00549397
v -0.07653237 -0.01425762 0.00573657
v -0.07500104 -0.02839925 0.00574184
v -0.07508888 0.04268773 0.00561036
v -0.07657123 -0.02890874 0.00563938
v -0.07658592 -0.06691879 0.00565461
v -0.07499899 -0.06664274 0.00576067
v -0.07490918 -0.09227278 0.00576258
v -0.07650569 -0.08980912 0.00565936
v -0.07654346 -0.11964970 0.00570552
v -0.07489386 -0.12987914 0.00579908
v -0.07654812 -0.14293576 0.00568290
v -0.07492255 -0.14656941 0.00575199
v -0.07640818 -0.15233314 0.00570539
v -0.07493193 -0.15651061 0.00588369
v -0.07545725 0.04643043 0.00535883
v -0.07392381 0.04561890 0.00554823
v -0.07523530 0.05201314 0.00519488
v -0.07681511 -0.15646311 0.00559887
v -0.07352305 0.04144263 0.00542143
v -0.07339260 -0.15700337 0.00568324
v -0.07640267 -0.15765293 0.00614598
v -0.07241681 -0.15772034 0.00564307
v -0.07347072 -0.14418054 0.00541357
v -0.07354348 -0.02838725 0.00542608
v -0.07347590 -0.06569177 0.00544239
v -0.07343569 -0.09345089 0.00543788
v -0.07341876 -0.12787435 0.00546902
v -0.07225064 0.04311792 0.00511543
v -0.07231291 0.04719219 0.00547354
v -0.07388017 0.05226790 0.00553885
v -0.07123065 0.05127381 0.00557909
v -0.07138800 0.05296753 0.00546695
v -0.07085437 0.04848242 0.00529034
v -0.06988197 0.04936688 0.00545255
v -0.07342119 0.00027030 0.00541937
v -0.07338659 0.01628441 0.00542852
v -0.07216806 0.05500335 0.00505706
v -0.07334229 0.02849421 0.00523516
v -0.07072811 0.05462436 0.00498252
v -0.07814137 0.02856481 0.00535988
v -0.07808534 -0.00314352 0.00535739
v -0.07812098 -0.04615143 0.00524404
v -0.07815058 -0.02670019 0.00520984
v -0.07816574 -0.14377265 0.00524104
v -0.07813597 -0.15175984 0.00520487
v -0.07818444 -0.11752135 0.00523240
v -0.07810337 -0.09070110 0.00517582
v -0.07817402 -0.07085090 0.00515872
v -0.07849978 -0.15577160 0.00490683
v -0.07397921 0.05492585 0.00480586
v -0.07818868 0.03903452 0.00499503
v -0.07678552 0.04682850 0.00486851
v -0.07841368 -0.15712936 0.00511616
v -0.07869946 -0.15760008 0.00516270
v -0.07062701 0.04591255 0.00470314
v -0.07065992 0.04424458 0.00443218
v -0.06934111 0.04766131 0.00456206
v -0.07176042 0.03920922 0.00452912
v -0.07142063 0.05654008 0.00438212
v -0.07267314 0.05662597 0.00432280
v -0.07209872 0.03167271 0.00449330
v -0.07222217 -0.14507229 0.00480805
v -0.07166778 -0.15708261 0.00486072
v -0.07221454 -0.06311844 0.00481568
v -0.07222862 -0.08154188 0.00477804
v -0.07230113 -0.01140774 0.00481185
v -0.07217082 -0.10614692 0.00478385
v -0.07217409 -0.12738583 0.00483286
v -0.07219400 0.01637669 0.00475811
v -0.07127672 0.04095043 0.00435984
v -0.07598902 0.05477953 0.00405037
v -0.07772411 0.04754620 0.00429809
v -0.07918725 -0.15141039 0.00470109
v -0.07036401 0.05564267 0.00439094
v -0.07938626 0.02698040 0.00471303
v -0.07931610 -0.11886694 0.00459848
v -0.07923152 -0.10586176 0.00456657
v -0.07934538 -0.00256421 0.00467284
v -0.07933056 -0.02658296 0.00455582
v -0.07934548 -0.04920392 0.00456498
v -0.07926930 -0.07460716 0.00452991
v -0.07927575 0.03853497 0.00439396
v -0.07686603 0.05217363 0.00422552
v -0.08004824 0.03256486 0.00409994
v -0.06880945 0.04844814 0.00514218
v -0.08005208 -0.01490780 0.00411004
v -0.07051599 0.05173750 0.00618636
v -0.07020317 0.05294448 0.00630362
v -0.06859899 0.05110993 0.00668049
v -0.06872193 0.05403293 0.00672076
v -0.06749845 0.05284821 0.00675274
v -0.06527275 0.05015318 0.00677458
v -0.06560220 0.05439052 0.00678387
v -0.06460332 0.05378443 0.00697753
v -0.06407432 0.05206119 0.00690162
v -0.06682671 0.04953782 0.00644435
v -0.06964033 0.05485274 0.00622900
v -0.06946151 0.04968375 0.00603151
v -0.06311899 0.05261586 0.00662928
v -0.06852492 0.05533081 0.00606740
v -0.06398139 0.05061581 0.00644506
v -0.06280557 0.05089095 0.00635469
v -0.06214868 0.05204149 0.00697588
v -0.06646744 0.04841779 0.00579083
v -0.08006590 0.01435956 0.00414216
v -0.07994266 -0.10695492 0.00401272
v -0.08061897 -0.15567593 0.00324541
v -0.08063398 -0.15703886 0.00354916
v -0.08003540 -0.02871483 0.00396450
v -0.08002075 -0.04883085 0.00402555
v -0.07996661 -0.07336317 0.00396419
v -0.07998235 -0.12981564 0.00403377
v -0.07989024 -0.15113959 0.00411011
v -0.06129651 0.05129475 0.00638287
v -0.06110403 0.04961180 0.00555831
v -0.06291858 0.04689755 0.00379419
v -0.06022480 0.05047152 0.00566943
v -0.06446924 0.04820438 0.00484305
v -0.06568024 0.05594745 0.00560473
v -0.07946810 0.04510039 0.00309017
v -0.08081275 0.02510225 0.00338018
v -0.08048791 0.04120028 0.00276901
v -0.06021972 0.05230196 0.00569879
v -0.06134124 0.05268402 0.00610477
v -0.06207741 0.05352249 0.00571520
v -0.06417345 0.05425762 0.00632888
v -0.06552853 0.04712801 0.00395481
v -0.08075321 0.03356405 0.00326510
v -0.08071469 -0.01033983 0.00330675
v -0.07856331 0.05154835 0.00236577
v -0.07152853 -0.08570190 0.00426883
v -0.07154951 -0.12194840 0.00434595
v -0.07735636 0.05333082 0.00322832
v -0.08064618 -0.13195274 0.00323880
v -0.08061341 -0.10017732 0.00320837
v -0.08068217 -0.05121525 0.00322762
v -0.08070035 -0.02665569 0.00318089
v -0.07155792 -0.06263647 0.00432295
v -0.07153859 -0.14599911 0.00432950
v -0.07102814 0.03533006 0.00354039
v -0.07168408 -0.00606668 0.00432038
v -0.07161134 0.01734676 0.00427891
v -0.06757849 0.04730932 0.00378303
v -0.06853380 0.04661783 0.00377411
v -0.06893114 0.04474487 0.00304357
v -0.06692090 0.04639205 0.00296742
v -0.07052030 -0.15781888 0.00405599
v -0.07112264 0.02673404 0.00353638
v -0.06974677 0.04300641 0.00315230
v -0.08159188 -0.02567552 0.00035898
v -0.08143603 -0.02280636 -0.00099692
v -0.08157709 -0.05314977 0.00041929
v -0.08164836 -0.00534188 0.00031407
v -0.08142572 -0.05426665 -0.00089504
v -0.08133079 -0.08232561 -0.00091730
v -0.08152061 -0.08586019 0.00046741
v -0.08140523 -0.09646709 -0.00086232
v -0.08146485 0.00880307 -0.00100698
v -0.08167175 0.01778641 0.00038207
v -0.08156667 0.02340973 -0.00096797
v -0.08178658 0.02623544 0.00042543
v -0.08152400 0.03247159 -0.00091418
v -0.08162577 0.03437676 0.00042144
v -0.08150827 -0.11783149 0.00052487
v -0.08134886 -0.12230798 -0.00075038
v -0.08138671 -0.15189068 -0.00070148
v -0.08152347 -0.15086107 0.00052145
v -0.08165334 -0.15678461 0.00063514
v -0.08140577 -0.15693650 -0.00101854
v -0.08121522 0.04071724 0.00040470
v -0.08107387 0.04046124 -0.00077982
v -0.08029324 0.04573848 -0.00061450
v -0.08041618 0.04596800 0.00050092
v -0.07929350 0.05132239 0.00056401
v -0.07916034 0.05123216 -0.00043683
v -0.08142935 -0.00993045 0.00185953
v -0.08143008 0.01337508 0.00193723
v -0.08154022 0.02537562 0.00197686
v -0.08142320 0.03332939 0.00193559
v -0.08102121 0.03937655 0.00193202
v -0.08135547 -0.02842396 0.00184513
v -0.08135092 -0.04786533 0.00188493
v -0.08128110 -0.07293809 0.00190160
v -0.08128877 -0.13550354 0.00192743
v -0.08127943 -0.09748867 0.00190315
v -0.08124921 -0.15307863 0.00197604
v -0.08037865 0.04510968 0.00147549
v -0.08109540 -0.15679367 0.00250820
v -0.08184862 -0.15758310 -0.00028254
v -0.08048791 0.04120028 0.00276901
v -0.07842828 0.05332956 -0.00086152
v -0.07832628 0.05411971 0.00068596
v -0.08083920 -0.13987030 -0.00209794
v -0.08021846 0.04382978 -0.00160472
v -0.08077824 -0.12584871 -0.00208913
v -0.08081407 -0.09526374 -0.00216171
v -0.08068046 -0.15235345 -0.00227621
v -0.08080572 -0.06027928 -0.00220942
v -0.08070835 -0.08241655 -0.00223155
v -0.08083502 -0.02687038 -0.00223820
v -0.08079396 0.00794916 -0.00232764
v -0.08077865 0.02334874 -0.00238147
v -0.08077711 0.03296911 -0.00221144
v -0.08079204 -0.15699386 -0.00228372
v -0.08053941 0.03999574 -0.00192490
v -0.07850411 0.05001899 -0.00245088
v -0.08015658 -0.15228656 -0.00307688
v -0.08015005 -0.12577553 -0.00303934
v -0.08024185 -0.05511588 -0.00303978
v -0.08016293 -0.08141657 -0.00301621
v -0.08010198 -0.09486285 -0.00319385
v -0.08027814 -0.02594304 -0.00303260
v -0.08001617 0.03946866 -0.00270787
v -0.08027429 0.00749612 -0.00304299
v -0.08020733 0.02468978 -0.00310735
v -0.07932092 0.04222322 -0.00310659
v -0.08007094 0.03277959 -0.00308235
v -0.07668013 0.05361560 -0.00322271
v -0.07669905 0.05462887 -0.00258971
v -0.07971711 -0.15696401 -0.00349650
v -0.08125471 -0.15756942 0.00383085
v -0.08115668 -0.15766949 -0.00267227
v -0.07994913 -0.15770312 -0.00371674
v -0.07856331 0.05154835 0.00236577
v -0.08068217 -0.05121525 0.00322762
v -0.08070035 -0.02665569 0.00318089
v -0.08071469 -0.01033983 0.00330675
v -0.08061341 -0.10017732 0.00320837
v -0.08081275 0.02510225 0.00338018
v -0.08064618 -0.13195274 0.00323880
v -0.08061897 -0.15567593 0.00324541
v -0.08063398 -0.15703886 0.00354916
v -0.08075321 0.03356405 0.00326510
v -0.07946810 0.04510039 0.00309017
v -0.07735636 0.05333082 0.00322832
v -0.07600434 0.05604787 0.00267202
v -0.07598902 0.05477953 0.00405037
v -0.07000108 -0.04232639 -0.00079553
v -0.06995185 -0.04226841 0.00091135
v -0.06996114 -0.07522257 -0.00074965
v -0.07001554 -0.01821975 0.00082759
v -0.07006206 -0.01824485 -0.00072936
v -0.07004988 0.00166872 -0.00065822
v -0.07003153 0.00163197 0.00094500
v -0.06987409 -0.06284480 0.00091282
v -0.06990886 -0.07489950 0.00081221
v -0.06980149 -0.09109842 0.00083711
v -0.06985872 -0.09117237 -0.00074522
v -0.06994741 0.00258172 0.00013365
v -0.06998322 0.01566132 -0.00063779
v -0.06995502 0.01557773 0.00098113
v -0.07003525 0.02725489 0.00095361
v -0.07004045 0.02667897 -0.00062677
v -0.06989307 0.03501162 -0.00062340
v -0.06989266 0.03590188 0.00141560
v -0.06946090 0.04039277 0.00075871
v -0.06955977 0.03991515 -0.00083011
v -0.07011977 0.02141447 -0.00137968
v -0.07014538 0.03378570 -0.00173605
v -0.06994924 0.04096475 -0.00238894
v -0.06972838 -0.09175403 0.00011986
v -0.06972956 -0.10659053 0.00015738
v -0.06980239 -0.10721223 0.00092178
v -0.06988583 -0.10723351 -0.00072829
v -0.06983678 -0.12354809 0.00091730
v -0.06995229 -0.11845917 -0.00058698
v -0.06989174 -0.14306468 -0.00060995
v -0.06979653 -0.14689307 0.00092153
v -0.06967781 -0.15158563 0.00130709
v -0.06971836 -0.15168896 -0.00018569
v -0.06968241 -0.15554249 -0.00040316
v -0.06963738 -0.15682877 0.00096236
v -0.06961676 -0.15748518 -0.00044140
v -0.06972779 -0.15785045 0.00248281
v -0.06973775 -0.15403206 0.00205433
v -0.06954894 0.04204958 0.00228246
v -0.07039142 -0.05143745 -0.00238695
v -0.07045009 0.00474018 -0.00226122
v -0.07040788 0.01856939 -0.00227418
v -0.07047198 -0.01775145 -0.00228820
v -0.07047566 -0.03183016 -0.00237648
v -0.07030848 -0.10318646 -0.00229976
v -0.07044448 -0.07661991 -0.00236485
v -0.07030128 -0.09106061 -0.00230372
v -0.07038002 -0.13474637 -0.00220587
v -0.07043384 -0.11791718 -0.00221291
v -0.07043098 -0.14785249 -0.00223852
v -0.07036519 -0.15691348 -0.00242872
v -0.07051176 0.02834426 -0.00236228
v -0.07039447 0.03784142 -0.00276858
v -0.06881926 0.04326687 -0.00087318
v -0.07023067 0.04229369 -0.00327887
v -0.06861612 0.04342245 0.00035929
v -0.06917713 0.04368108 -0.00242713
v -0.07019213 -0.06095329 0.00240641
v -0.07035581 -0.02510520 0.00242275
v -0.07038204 -0.00057482 0.00242482
v -0.07023377 -0.07752542 0.00228252
v -0.07030462 0.01417359 0.00230953
v -0.07012585 -0.09109454 0.00227179
v -0.06996602 -0.15670302 0.00257444
v -0.07010950 -0.13237309 0.00227333
v -0.07015870 -0.11156666 0.00233381
v -0.07010232 -0.14777363 0.00236267
v -0.07050001 0.02691578 0.00246084
v -0.07020751 0.03338858 0.00207025
v -0.07019647 0.03976108 0.00281564
v -0.06993411 -0.15783363 -0.00214524
v -0.06870039 0.04396479 0.00196637
v -0.06974677 0.04300641 0.00315230
v -0.07109518 -0.13546262 -0.00340740
v -0.07121936 -0.14873964 -0.00353529
v -0.07116273 -0.11687839 -0.00342377
v -0.07125011 -0.01356325 -0.00354501
v -0.07118166 -0.04542423 -0.00358797
v -0.07123535 0.01644530 -0.00362855
v -0.07127149 0.02801903 -0.00357719
v -0.07100749 -0.15701795 -0.00342173
v -0.07118924 0.03700577 -0.00371026
v -0.07107446 -0.09537375 -0.00353946
v -0.07119193 -0.07524343 -0.00353813
v -0.07100623 -0.15776669 -0.00383632
v -0.06948589 0.04449132 -0.00337258
v -0.07181616 -0.09758031 -0.00426096
v -0.07194903 0.01598050 -0.00433618
v -0.07204558 0.02932788 -0.00429651
v -0.07194735 -0.00079761 -0.00429868
v -0.07199894 -0.02143016 -0.00426588
v -0.07199036 -0.06951179 -0.00427010
v -0.07194139 -0.04448011 -0.00429686
v -0.07185412 -0.13405198 -0.00412821
v -0.07190336 0.03674905 -0.00436963
v -0.07116505 0.04429741 -0.00450501
v -0.07196146 -0.11770023 -0.00415630
v -0.07272096 -0.15535287 -0.00469965
v -0.07281217 -0.15708961 -0.00496655
v -0.07263321 -0.13564840 -0.00467079
v -0.07274831 -0.11821887 -0.00466976
v -0.07269731 -0.00220816 -0.00478544
v -0.07268395 0.01593801 -0.00479800
v -0.07280176 0.02973929 -0.00473602
v -0.07273181 -0.03404755 -0.00478130
v -0.07256903 -0.09603617 -0.00475020
v -0.07278180 -0.07052102 -0.00477543
v -0.06899359 0.04718445 -0.00417295
v -0.07256135 -0.15769986 -0.00532517
v -0.07102699 0.01703784 0.00360178
v -0.07063231 -0.15704668 0.00381611
v -0.07052030 -0.15781888 0.00405599
v -0.07107092 -0.00302006 0.00362637
v -0.07105171 -0.02994965 0.00365359
v -0.07092560 -0.07686768 0.00352962
v -0.07085307 -0.09294773 0.00356731
v -0.07083167 -0.14676286 0.00360859
v -0.07087296 -0.13110169 0.00361343
v -0.07090167 -0.11316479 0.00360450
v -0.07102814 0.03533006 0.00354039
v -0.07112264 0.02673404 0.00353638
v -0.07092059 -0.06445558 0.00363596
v -0.07127672 0.04095043 0.00435984
v -0.07161134 0.01734676 0.00427891
v -0.07168408 -0.00606668 0.00432038
v -0.07155792 -0.06263647 0.00432295
v -0.07154951 -0.12194840 0.00434595
v -0.07152853 -0.08570190 0.00426883
v -0.07153859 -0.14599911 0.00432950
v -0.07166778 -0.15708261 0.00486072
v 0.03230973 0.08951883 -0.05419418
v 0.03268238 0.08139516 -0.05696931
v 0.02713318 0.08413769 -0.05397835
v 0.02688955 0.09010847 -0.05175354
v 0.03067873 0.09193509 -0.05253407
v 0.02760111 0.07768147 -0.05583435
v 0.03180014 0.07728730 -0.05766774
v 0.02474523 0.08050097 -0.05386699
v 0.02184109 0.08447797 -0.05127740
v 0.02145296 0.09109946 -0.04880724
v 0.01950023 0.08838805 -0.04874664
v 0.02647842 0.09467990 -0.04967688
v 0.02833970 0.09421874 -0.05056970
v 0.02140104 0.09731790 -0.04597802
v 0.02709701 0.09712754 -0.04877156
v 0.01703727 0.09761378 -0.04334514
v 0.01739778 0.09159175 -0.04618685
v 0.01623419 0.09177293 -0.04550727
v 0.01594964 0.09616512 -0.04344149
v 0.01569443 0.08740240 -0.04675922
v 0.01630329 0.08263121 -0.04859733
v 0.02094706 0.07913717 -0.05213565
v 0.01325383 0.09194903 -0.04343312
v 0.02109490 0.10181890 -0.04344551
v 0.02433555 0.10080026 -0.04548846
v 0.02888511 0.09854192 -0.04872809
v 0.03285091 0.09600979 -0.05146947
v 0.02708073 0.10202013 -0.04604437
v 0.02396258 0.10456003 -0.04321208
v 0.03740616 0.09410736 -0.05377217
v 0.01619553 0.09997186 -0.04148766
v 0.01641063 0.10362496 -0.03948972
v 0.01080120 0.08789929 -0.04315562
v 0.01323463 0.08365948 -0.04617772
v 0.01634666 0.07966157 -0.04929708
v 0.02312101 0.07563815 -0.05401861
v 0.02616762 0.07340580 -0.05593433
v 0.03087458 0.07194163 -0.05833760
v 0.03468468 0.07302127 -0.05964192
v 0.03796331 0.07790977 -0.05956820
v 0.03760017 0.08383112 -0.05775423
v 0.03262867 0.08577441 -0.05559957
v 0.03809633 0.08773459 -0.05654644
v 0.02696833 0.07031343 -0.05681370
v 0.03263380 0.06910048 -0.05953403
v 0.02023949 0.07366641 -0.05269666
v 0.02935498 0.06598457 -0.05845898
v 0.02182441 0.06973214 -0.05417770
v 0.01617586 0.07517341 -0.04994018
v 0.03827391 0.07275410 -0.06072701
v 0.03098192 0.06298343 -0.05951755
v 0.02623613 0.06223062 -0.05730181
v 0.02140200 0.06419180 -0.05446615
v 0.01343366 0.07750451 -0.04764055
v 0.03369203 0.06194247 -0.06067147
v 0.03797826 0.06862915 -0.06132747
v 0.03817667 0.06276297 -0.06216183
v 0.03965855 0.07960363 -0.05947315
v 0.04201272 0.06756848 -0.06259113
v 0.03241845 0.05831057 -0.06042922
v 0.04393355 0.07002562 -0.06263692
v 0.04402428 0.07565167 -0.06145735
v 0.03966874 0.09006434 -0.05600330
v 0.03799198 0.05814384 -0.06247403
v 0.03008809 0.05586427 -0.05951400
v 0.02730115 0.05775972 -0.05808300
v 0.04052484 0.06078102 -0.06306096
v 0.04346378 0.06382975 -0.06342638
v 0.01893744 0.06681325 -0.05266629
v 0.02252807 0.05941993 -0.05539582
v 0.03592749 0.05552135 -0.06183525
v 0.01595280 0.07033450 -0.05031476
v 0.02654400 0.05339244 -0.05775202
v 0.03280522 0.05313218 -0.06066033
v 0.01085516 0.08021307 -0.04512917
v 0.01016181 0.08416376 -0.04368270
v 0.01953149 0.05983330 -0.05349293
v 0.01700666 0.06465979 -0.05152052
v 0.01347418 0.07083516 -0.04848466
v 0.04303727 0.05777156 -0.06394485
v 0.04299784 0.05458120 -0.06412143
v 0.04700060 0.05504331 -0.06527265
v 0.04220043 0.05244431 -0.06389690
v 0.04425498 0.05285337 -0.06484959
v 0.04334976 0.05019046 -0.06518591
v 0.04530630 0.05207204 -0.06572094
v 0.04642138 0.05327677 -0.06576120
v 0.04862328 0.05398647 -0.06643997
v 0.05076755 0.05595766 -0.06658278
v 0.04917043 0.05733450 -0.06538051
v 0.04690585 0.05229580 -0.06598352
v 0.05267422 0.05833733 -0.06619859
v 0.05181810 0.05924780 -0.06565073
v 0.05517326 0.06024239 -0.06626336
v 0.05495819 0.06177071 -0.06575502
v 0.05750089 0.06209641 -0.06623591
v 0.05703698 0.06318736 -0.06574051
v 0.06146567 0.06521995 -0.06601808
v 0.06050319 0.06630033 -0.06552235
v 0.04639664 0.07226069 -0.06259776
v 0.05034797 0.06233646 -0.06501192
v 0.04647999 0.06601380 -0.06367670
v 0.04381203 0.08117480 -0.05979161
v 0.04372842 0.08630028 -0.05813560
v 0.05537013 0.06622707 -0.06505025
v 0.06000908 0.06751788 -0.06527067
v 0.04719258 0.07891938 -0.06093320
v 0.04836589 0.07492270 -0.06226384
v 0.05397120 0.07132415 -0.06373775
v 0.04353262 0.09089880 -0.05635191
v 0.05420290 0.05796329 -0.06703772
v 0.05712109 0.06076545 -0.06679575
v 0.04975942 0.05441560 -0.06651801
v 0.03832286 0.04872361 -0.06246537
v 0.03689663 0.04832050 -0.06196636
v 0.03652046 0.04640973 -0.06206890
v 0.04119257 0.05013885 -0.06364598
v 0.03456434 0.04591319 -0.06088243
v 0.03639704 0.04468318 -0.06238067
v 0.03388383 0.04329438 -0.06099263
v 0.03913564 0.04726544 -0.06360991
v 0.04133868 0.04840743 -0.06449830
v 0.03891480 0.04618629 -0.06353607
v 0.03140702 0.04897442 -0.05992681
v 0.02787738 0.04791380 -0.05817026
v 0.05194594 0.07630014 -0.06225428
v 0.05462680 0.07452562 -0.06300088
v 0.03268172 0.04430875 -0.05991818
v 0.03096057 0.04322871 -0.05897801
v 0.03066836 0.04673130 -0.05937988
v 0.03101624 0.04048490 -0.05931345
v 0.02028697 0.05533469 -0.05399739
v 0.03370069 0.04211206 -0.06079063
v 0.02399233 0.04991619 -0.05608709
v 0.05968913 0.07141971 -0.06419321
v 0.05917889 0.07390436 -0.06347753
v 0.06007641 0.06260868 -0.06701574
v 0.05612842 0.05913049 -0.06696209
v 0.05526264 0.08230273 -0.06062341
v 0.05756690 0.07770876 -0.06223625
v 0.05207073 0.08361477 -0.05995007
v 0.04708690 0.08160911 -0.05993188
v 0.05028028 0.08555269 -0.05903928
v 0.03208794 0.10020965 -0.04896756
v 0.06287954 0.06731138 -0.06540774
v 0.06415176 0.06579220 -0.06646047
v 0.06512200 0.06660942 -0.06631629
v 0.04335268 0.09571488 -0.05405389
v 0.03739192 0.09716970 -0.05216300
v 0.02683747 0.10590116 -0.04359235
v 0.05389250 0.08506199 -0.05955542
v 0.04864950 0.09051945 -0.05689910
v 0.04528439 0.09443075 -0.05495231
v 0.06278204 0.06506415 -0.06659780
v 0.06460121 0.06818090 -0.06520487
v 0.03814329 0.10095047 -0.05020621
v 0.03622928 0.10283136 -0.04853869
v 0.04780452 0.09525591 -0.05464859
v 0.02114746 0.10620516 -0.04072518
v 0.01620161 0.10632122 -0.03768851
v 0.03199416 0.10596744 -0.04529704
v 0.01082372 0.09275228 -0.04120593
v 0.06754381 0.06899448 -0.06546283
v 0.06589795 0.06955044 -0.06471169
v 0.04470857 0.10175400 -0.05083691
v 0.06354993 0.07330652 -0.06354330
v 0.06227758 0.07720105 -0.06230610
v 0.05849176 0.08374893 -0.06007561
v 0.05802398 0.08730508 -0.05855845
v 0.03479508 0.11007674 -0.04340908
v 0.04433393 0.10312405 -0.04996554
v 0.05443139 0.09354019 -0.05570603
v 0.03822068 0.10706183 -0.04634931
v 0.03999402 0.10543897 -0.04778180
v 0.02220030 0.11052895 -0.03840411
v 0.03185647 0.11125843 -0.04166713
v 0.02817726 0.10812802 -0.04249210
v 0.02690785 0.11100122 -0.04010275
v 0.01097399 0.09872136 -0.03834892
v 0.01349343 0.10308806 -0.03772577
v 0.02019821 0.11024118 -0.03749419
v 0.03764403 0.11125211 -0.04338690
v 0.02839630 0.11197703 -0.03986551
v 0.02694588 0.11459793 -0.03747790
v 0.03230966 0.11633388 -0.03805199
v 0.04917940 0.10180904 -0.05102819
v 0.05366868 0.09774729 -0.05341680
v 0.04463100 0.10908317 -0.04603706
v 0.02687818 0.11703440 -0.03558771
v 0.02174479 0.11623450 -0.03386328
v 0.01633977 0.10965673 -0.03539397
v 0.06396406 0.07974294 -0.06124947
v 0.05702043 0.09271816 -0.05601565
v 0.06776074 0.07098871 -0.06402781
v 0.06879028 0.06973631 -0.06516351
v 0.06217966 0.08406897 -0.05967360
v 0.01900145 0.11658236 -0.03190986
v 0.01611857 0.11237929 -0.03324263
v 0.01057541 0.07482401 -0.04572188
v 0.03819361 0.11650919 -0.03940891
v 0.02242550 0.11936483 -0.03160515
v 0.04284490 0.11275272 -0.04305349
v 0.02024977 0.12036122 -0.02963700
v 0.02109379 0.12197081 -0.02876272
v 0.04840285 0.10755895 -0.04713359
v 0.06635653 0.07670776 -0.06197993
v 0.05306529 0.10202016 -0.05085296
v 0.04553030 0.11122579 -0.04453069
v 0.06299064 0.08912453 -0.05726603
v 0.02717562 0.12010837 -0.03305238
v 0.03290447 0.11986917 -0.03516076
v 0.02435268 0.12100831 -0.03096542
v 0.01530124 0.11817935 -0.02796193
v 0.01320561 0.11033546 -0.03253563
v 0.06730680 0.08276198 -0.05959186
v 0.06631671 0.08132029 -0.06030523
v 0.07191687 0.07268244 -0.06315371
v 0.06958327 0.07291940 -0.06300412
v 0.05880468 0.09706738 -0.05339828
v 0.05737205 0.10130588 -0.05095263
v 0.04122620 0.11682933 -0.03950570
v 0.06250509 0.09412571 -0.05463557
v 0.01429114 0.06210449 -0.04958534
v 0.04441218 0.11615173 -0.04036389
v 0.05295316 0.10838824 -0.04635845
v 0.04854799 0.11139621 -0.04432461
v 0.07188130 0.07460231 -0.06180796
v 0.07136789 0.07319392 -0.06266188
v 0.03879056 0.12056885 -0.03574483
v 0.05662952 0.10370427 -0.04940353
v 0.07379915 0.07465757 -0.06149548
v 0.07534360 0.07631053 -0.06030743
v 0.07542769 0.07467541 -0.06176153
v 0.07409391 0.07348340 -0.06265326
v 0.06460907 0.09065184 -0.05617672
v 0.03258297 0.12130602 -0.03360451
v 0.06333824 0.09751800 -0.05239537
v 0.06856441 0.08893720 -0.05622722
v 0.02973374 0.04168088 -0.05813003
v 0.02774212 0.04042492 -0.05681045
v 0.02888236 0.03881699 -0.05776669
v 0.02585875 0.03926146 -0.05547809
v 0.04439561 0.05038909 -0.06533514
v 0.07213704 0.07227458 -0.06364965
v 0.02417932 0.12311183 -0.02869639
v 0.02688354 0.12135856 -0.03160259
v 0.02394707 0.12338330 -0.02852245
v 0.02633776 0.12353487 -0.02869176
v 0.02648110 0.12470591 -0.02790922
v 0.01916741 0.12199267 -0.02885309
v 0.02896294 0.12445430 -0.02784264
v 0.04461869 0.11990923 -0.03682182
v 0.04807727 0.11695764 -0.03949684
v 0.06706986 0.09338045 -0.05413180
v 0.05318548 0.11283816 -0.04275435
v 0.07716009 0.07615823 -0.06040048
v 0.07842405 0.07732151 -0.05944048
v 0.07711580 0.07844180 -0.05882287
v 0.07842435 0.07958442 -0.05779657
v 0.07969201 0.07842820 -0.05856441
v 0.01866471 0.12004454 -0.02865593
v 0.01720378 0.11950475 -0.02843737
v 0.01302345 0.11816431 -0.02759981
v 0.01211222 0.12298675 -0.02840234
v 0.01185144 0.12766725 -0.02879104
v 0.01584710 0.12800529 -0.02900728
v 0.00935744 0.13512312 -0.02877362
v 0.01612494 0.13260963 -0.02881563
v 0.01090877 0.13757342 -0.02869778
v 0.00596126 0.13836702 -0.02868479
v 0.00493183 0.14327884 -0.02850260
v 0.00071012 0.14326721 -0.02838454
v 0.00285646 0.13837657 -0.02846189
v 0.00024422 0.13864932 -0.02816117
v 0.00832154 0.14457078 -0.02821896
v 0.00746259 0.13229934 -0.02857842
v 0.00581989 0.13023829 -0.02826968
v 0.00789627 0.12691217 -0.02821905
v 0.00082572 0.14711863 -0.02839686
v -0.00550828 0.14913893 -0.02810816
v -0.00326457 0.15214112 -0.02825652
v -0.00391811 0.14529379 -0.02807439
v 0.00137926 0.15098610 -0.02816903
v 0.01486112 0.13824172 -0.02826836
v 0.02159337 0.13200857 -0.02836331
v 0.02041365 0.12886669 -0.02882909
v 0.02261219 0.12386213 -0.02890594
v -0.00263771 0.15484133 -0.02814546
v -0.00578648 0.15780222 -0.02814702
v -0.00889040 0.15627326 -0.02814255
v -0.00732994 0.14888541 -0.02786228
v -0.01090371 0.15309158 -0.02776874
v -0.00182273 0.15725008 -0.02779943
v 0.00365164 0.15211479 -0.02769433
v 0.02312268 0.12816964 -0.02859959
v 0.02473864 0.12611814 -0.02861855
v -0.00328491 0.14042749 -0.02771288
v -0.00821784 0.14383421 -0.02705859
v -0.00381578 0.16169859 -0.02766902
v 0.00695380 0.15115208 -0.02729403
v -0.00012927 0.15922511 -0.02719881
v -0.00662562 0.16030378 -0.02808104
v -0.00243015 0.16383117 -0.02681930
v -0.00918880 0.15826201 -0.02822191
v -0.01201033 0.15597166 -0.02802458
v 0.01195165 0.14592751 -0.02727033
v -0.00007567 0.13382884 -0.02749677
v -0.00371478 0.13742994 -0.02721646
v 0.01752997 0.13971947 -0.02740086
v -0.01392119 0.15105000 -0.02696593
v -0.01121215 0.14749526 -0.02701140
v -0.01332047 0.15438848 -0.02773212
v -0.01567945 0.15303646 -0.02698225
v -0.01618959 0.15171661 -0.02670306
v -0.01876534 0.15023876 -0.02552491
v 0.02462689 0.13295940 -0.02742130
v 0.00183451 0.12949014 -0.02719714
v 0.02774342 0.12805857 -0.02749635
v 0.07322942 0.08538549 -0.05674016
v 0.02320544 0.13926919 -0.02597711
v 0.01838186 0.14414330 -0.02600027
v 0.00618088 0.15736272 -0.02592893
v 0.01283775 0.14995050 -0.02599946
v 0.00212021 0.16142306 -0.02606569
v -0.00019622 0.16436180 -0.02609861
v 0.00049803 0.16683991 -0.02464907
v 0.00252231 0.16625152 -0.02443433
v 0.00360745 0.16931600 -0.02255754
v -0.01648281 0.14912498 -0.02594725
v -0.01031679 0.14068103 -0.02585253
v 0.06251153 0.10180964 -0.04957905
v 0.00844833 0.12093790 -0.02721681
v 0.05685415 0.11114144 -0.04356720
v 0.05837934 0.10672266 -0.04675361
v 0.07288455 0.09027354 -0.05422924
v 0.08054172 0.07848032 -0.05825548
v 0.02782141 0.13411066 -0.02599902
v 0.08233872 0.08003078 -0.05698781
v -0.00114956 0.12855145 -0.02599753
v -0.00477489 0.13332700 -0.02591881
v 0.08020200 0.08088130 -0.05638000
v 0.08151418 0.08047797 -0.05649127
v 0.08393419 0.08120752 -0.05580804
v 0.08246453 0.08234280 -0.05480348
v 0.04355008 0.12279808 -0.03373458
v 0.06765361 0.09801642 -0.05078336
v 0.06787448 0.10040936 -0.04897886
v 0.07377377 0.09353237 -0.05168870
v 0.05265180 0.11636452 -0.03952273
v 0.06263282 0.10655891 -0.04583339
v 0.00896719 0.15872949 -0.02444254
v 0.01489902 0.15175586 -0.02459514
v 0.01938124 0.14718692 -0.02451280
v 0.02445738 0.14195060 -0.02446085
v 0.03758134 0.12260501 -0.03323306
v 0.02752519 0.12699544 -0.02767451
v 0.07939704 0.08482039 -0.05469217
v 0.03036270 0.12955072 -0.02608716
v 0.06174098 0.06345794 -0.06659396
v 0.04795343 0.12043156 -0.03596659
v 0.06217016 0.11027312 -0.04285491
v 0.03110078 0.12500121 -0.02701463
v 0.02968881 0.12626316 -0.02671027
v 0.03289403 0.12543980 -0.02610133
v 0.03021094 0.12730175 -0.02629703
v 0.03322587 0.12866829 -0.02461895
v 0.03504905 0.12655849 -0.02491982
v 0.03633639 0.12562858 -0.02555065
v 0.05790644 0.11286689 -0.04172860
v 0.05286325 0.11843867 -0.03732100
v 0.03441795 0.12283904 -0.03219901
v 0.08449706 0.08294813 -0.05362070
v 0.05707151 0.11615609 -0.03869830
v 0.07329555 0.09848708 -0.04827013
v 0.02966621 0.13602093 -0.02447909
v 0.04791866 0.12313431 -0.03293439
v 0.05167160 0.12179071 -0.03376995
v 0.06832620 0.10383211 -0.04603614
v 0.06774939 0.10711653 -0.04348185
v 0.07883519 0.09028220 -0.05163247
v 0.03808703 0.12747060 -0.02327318
v 0.03799486 0.12920185 -0.02203600
v 0.04048933 0.12834783 -0.02173187
v 0.04002232 0.12728181 -0.02328517
v 0.02828205 0.12281573 -0.03018766
v 0.03098047 0.12423828 -0.02809438
v 0.07779551 0.09493447 -0.04889896
v 0.03233393 0.13063573 -0.02489308
v 0.03281003 0.13162249 -0.02433762
v 0.07304122 0.10432478 -0.04361368
v 0.00956378 0.16127264 -0.02309683
v 0.01662998 0.15308941 -0.02312197
v 0.03555099 0.13093770 -0.02249608
v 0.08518832 0.08289704 -0.05382738
v 0.08565571 0.08243559 -0.05423732
v 0.08654911 0.08314805 -0.05350795
v 0.08605143 0.08421644 -0.05215438
v 0.08505490 0.08524578 -0.05178208
v 0.08293673 0.09116387 -0.04885197
v 0.08727073 0.08604568 -0.05003279
v 0.08801540 0.08441958 -0.05166458
v 0.02175528 0.14776475 -0.02301185
v 0.02651473 0.14275456 -0.02298473
v 0.03133982 0.13722410 -0.02301003
v 0.06198431 0.11495936 -0.03821638
v 0.03249871 0.12937319 -0.02481233
v 0.04447730 0.12411534 -0.03201452
v 0.09063205 0.08603130 -0.04904512
v 0.07783018 0.10122800 -0.04371616
v 0.07867793 0.09682417 -0.04690414
v 0.00810213 0.16591394 -0.02168360
v 0.00498749 0.16967745 -0.02159834
v 0.00522341 0.17069095 -0.02064431
v 0.06772225 0.11180410 -0.03890890
v 0.05788860 0.11821821 -0.03605275
v 0.05572434 0.12161801 -0.03275437
v 0.07376883 0.10769065 -0.03996274
v 0.07288233 0.10997386 -0.03812623
v 0.03519200 0.13287193 -0.02245003
v 0.04794638 0.12568542 -0.02940219
v 0.05243283 0.12456132 -0.02996482
v 0.05059903 0.12669144 -0.02744022
v 0.09006697 0.08741639 -0.04745669
v 0.09184932 0.08719386 -0.04734436
v 0.08864518 0.08875564 -0.04706644
v 0.08328702 0.09416609 -0.04627688
v 0.01530833 0.15803462 -0.02118186
v 0.01875363 0.15307245 -0.02172110
v 0.02666056 0.14465503 -0.02169184
v 0.04404866 0.12956432 -0.01987046
v 0.08334351 0.09714837 -0.04371371
v 0.04021243 0.12955602 -0.02054698
v 0.04216899 0.13021980 -0.01885158
v 0.03725296 0.13182691 -0.02083936
v 0.04295335 0.12987071 -0.01915457
v 0.04024270 0.13273203 -0.01757020
v 0.06401059 0.11718832 -0.03460318
v 0.03874889 0.12403245 -0.03119490
v 0.04542181 0.12526598 -0.03019454
v 0.06804784 0.11688747 -0.03282080
v 0.03171531 0.13919872 -0.02158169
v -0.01871808 0.15062794 -0.02534954
v 0.00944144 0.16806910 -0.01948035
v 0.00493409 0.12017823 -0.02588375
v 0.07751929 0.07584948 -0.06000491
v 0.04862868 0.12697518 -0.02728713
v 0.00759995 0.17049241 -0.01915081
v 0.00862335 0.11715658 -0.02622940
v 0.07923372 0.10572475 -0.03835434
v 0.08247510 0.10267106 -0.03899489
v 0.07747807 0.10707552 -0.03818583
v 0.08737672 0.09395269 -0.04362349
v 0.09080778 0.08822988 -0.04600194
v 0.00748701 0.17225919 -0.01765972
v 0.01279901 0.16388466 -0.01940402
v 0.07355145 0.11365459 -0.03335158
v 0.05763637 0.12323144 -0.02962418
v 0.06232722 0.12212643 -0.02876614
v 0.01245460 0.11640804 -0.02699849
v 0.00991067 0.11458646 -0.02578370
v 0.03448605 0.13670086 -0.02092193
v 0.03858142 0.13245555 -0.01930912
v 0.06965664 0.11669208 -0.03204612
v 0.05384011 0.12730570 -0.02514081
v 0.09213303 0.08945638 -0.04388736
v 0.09458079 0.08875389 -0.04357974
v 0.08559770 0.09853513 -0.04064172
v 0.06839239 0.06898561 -0.06507651
v 0.04392670 0.13128245 -0.01648260
v 0.04284061 0.13273337 -0.01502107
v 0.04152091 0.12733524 -0.02350022
v 0.03698553 0.12546079 -0.02601503
v 0.07828697 0.11111368 -0.03285822
v 0.05957533 0.12465018 -0.02644273
v 0.06421029 0.12269481 -0.02683282
v 0.06778453 0.12089782 -0.02707664
v 0.02860304 0.14565604 -0.01932784
v 0.02240929 0.15238072 -0.01932803
v 0.01836025 0.15739337 -0.01909427
v 0.05043831 0.12853005 -0.02419279
v 0.05194266 0.12997795 -0.02137095
v 0.03680365 0.13403097 -0.02049645
v 0.07170425 0.07145745 -0.06381100
v 0.09324594 0.08811358 -0.04523328
v 0.04525953 0.13083675 -0.01728638
v 0.04497965 0.13290657 -0.01338770
v 0.04412259 0.13345494 -0.01289678
v 0.04937146 0.13242136 -0.01479676
v 0.08940571 0.09712847 -0.03886232
v 0.01045480 0.17106025 -0.01622582
v 0.05728882 0.12727917 -0.02338993
v 0.05330244 0.12997384 -0.02069260
v 0.09426775 0.09019650 -0.04151287
v 0.09499113 0.08960938 -0.04212399
v 0.09341001 0.09068740 -0.04147079
v 0.09646749 0.08995315 -0.04063637
v 0.03243011 0.14178862 -0.01896422
v 0.03524631 0.13885846 -0.01863942
v 0.02569196 0.14940613 -0.01885406
v 0.08572238 0.10258182 -0.03630329
v 0.08293001 0.10756245 -0.03308455
v 0.00965422 0.17236558 -0.01562142
v 0.04165406 0.13137330 -0.01776774
v 0.04152000 0.13385744 -0.01525235
v 0.07705506 0.11230151 -0.03228759
v 0.07327604 0.11795117 -0.02745747
v 0.07678088 0.11624882 -0.02694218
v 0.03269610 0.12384711 -0.02935916
v 0.09310172 0.09456086 -0.03795121
v 0.01242008 0.16806183 -0.01669996
v 0.01570278 0.16264929 -0.01759186
v 0.06276719 0.12508326 -0.02367668
v 0.06049567 0.12724636 -0.02150953
v 0.00865804 0.17336410 -0.01509691
v 0.00943152 0.17381835 -0.01375948
v 0.02341458 0.15445060 -0.01642117
v 0.04645559 0.12755312 -0.02509630
v 0.09509620 0.09089041 -0.03958976
v 0.05760209 0.12969920 -0.01857641
v 0.03852033 0.13513741 -0.01796044
v 0.04309005 0.13414937 -0.01310139
v 0.06961230 0.12266728 -0.02262441
v 0.02044757 0.15772069 -0.01666526
v 0.08597296 0.10613065 -0.03175813
v 0.08952784 0.10067884 -0.03461645
v 0.08268650 0.11191210 -0.02741185
v 0.08586188 0.10975986 -0.02689842
v 0.04880702 0.12934647 -0.02191864
v 0.03227641 0.14433007 -0.01668160
v 0.03449093 0.14224192 -0.01615373
v 0.09816863 0.09135840 -0.03679999
v 0.09586591 0.09199393 -0.03756612
v 0.07336842 0.12081882 -0.02246343
v 0.02726981 0.14925376 -0.01730237
v 0.02533637 0.15266033 -0.01584953
v 0.02904301 0.14828639 -0.01616889
v 0.05223950 0.13211945 -0.01656583
v 0.06409474 0.12681534 -0.01926106
v 0.05440068 0.13130180 -0.01714217
v 0.08940367 0.10360152 -0.03110680
v 0.04219913 0.12550461 -0.02856999
v 0.09214717 0.10039386 -0.03193964
v 0.09593496 0.09411644 -0.03513478
v 0.09795901 0.09256267 -0.03455572
v 0.03952219 0.13636293 -0.01579866
v 0.01700934 0.16253192 -0.01618164
v 0.07045911 0.12298844 -0.02119939
v 0.07941025 0.11729695 -0.02234545
v 0.08905887 0.10671095 -0.02734696
v 0.06387356 0.12756236 -0.01769098
v 0.09942986 0.09146113 -0.03536649
v 0.10035083 0.09235445 -0.03296430
v 0.09821393 0.09328486 -0.03328344
v 0.09634695 0.09730686 -0.03045630
v 0.08208657 0.11569804 -0.02188747
v 0.08488200 0.11317823 -0.02259861
v 0.09297352 0.10296394 -0.02736409
v 0.04398004 0.13507909 -0.01050684
v 0.09878417 0.09079740 -0.03632150
v 0.04904162 0.13336877 -0.01216976
v 0.04633018 0.13396941 -0.01037057
v 0.04499954 0.13468558 -0.00900346
v 0.05190877 0.13269935 -0.01441200
v 0.02064452 0.16057311 -0.01314308
v 0.01667780 0.16552240 -0.01354462
v 0.10021984 0.09427323 -0.02926995
v 0.09781784 0.09794971 -0.02742462
v 0.10143311 0.09396321 -0.02825155
v 0.10171070 0.09294139 -0.03017319
v 0.10249502 0.09381459 -0.02751155
v 0.10118335 0.09514038 -0.02599763
v 0.01225170 0.17150455 -0.01322708
v 0.04127883 0.13678878 -0.01296241
v 0.04222070 0.13748044 -0.01051749
v 0.08684731 0.11186249 -0.02205026
v 0.08880125 0.10995241 -0.02238141
v 0.02663933 0.15313083 -0.01337058
v 0.03125468 0.14817560 -0.01296355
v 0.03560890 0.14425302 -0.01171652
v 0.03878735 0.14102155 -0.01121185
v 0.04178086 0.04798976 -0.06428556
v 0.09792145 0.09096992 -0.03793270
v 0.09756475 0.09026041 -0.03913303
v -0.01816364 0.14625397 -0.02444034
v -0.01330237 0.14021405 -0.02449850
v -0.00701697 0.13221514 -0.02463170
v 0.00827399 0.11344509 -0.02487985
v 0.10012833 0.09160209 -0.03408517
v 0.00381175 0.11802884 -0.02472220
v -0.00206500 0.12547717 -0.02460195
v -0.02086775 0.14861099 -0.02406507
v 0.03519957 0.04278896 -0.06129097
v 0.03727642 0.04432664 -0.06215020
v 0.03188829 0.04055086 -0.05942605
v 0.00578457 -0.17157182 0.01404674
v 0.00593609 -0.17168262 0.01504039
v 0.00700421 -0.17178894 0.00886903
v 0.00655244 -0.17149849 0.00792927
v 0.00680929 -0.17164960 0.00717124
v 0.00737213 -0.17189344 0.00005507
v 0.00512286 -0.17151989 0.01622844
v 0.00444734 -0.17166099 0.02023031
v 0.00382389 -0.17155277 0.02108015
v 0.00709427 -0.17167624 -0.00042768
v 0.00699192 -0.17180282 -0.00911451
v 0.00671158 -0.17163670 -0.00748962
v 0.00649212 -0.17140854 -0.00773976
v 0.00661316 -0.17170406 -0.01016744
v 0.00577976 -0.17159393 -0.01369209
v 0.00590698 -0.17182164 -0.01498853
v 0.00530672 -0.17145943 -0.01509408
v 0.00456705 -0.17176244 -0.01972586
v 0.00386601 -0.17158258 -0.02098350
v 0.00683301 -0.17081633 0.00237740
v 0.00596550 -0.17088045 -0.01157104
v 0.00572244 -0.17075306 0.01310223
v 0.00421561 -0.17281222 0.02126023
v 0.00305132 -0.17168381 0.02409317
v 0.00233736 -0.17156380 0.02499579
v 0.01571424 0.07876725 -0.04476256
v 0.01353762 0.07813275 -0.04307350
v 0.01873282 0.07316318 -0.04776883
v 0.01330951 0.07130728 -0.04342010
v 0.01850964 0.06648011 -0.04815721
v 0.01192428 0.07653150 -0.04181607
v 0.01786021 0.05930205 -0.04803348
v 0.01522639 0.05887163 -0.04575583
v 0.01161015 0.06930951 -0.04197235
v 0.02013432 0.05945526 -0.04979917
v 0.02074051 0.06557052 -0.04989124
v 0.00942777 0.07271667 -0.03966987
v 0.01258445 0.05888057 -0.04321657
v 0.00947950 0.06513828 -0.03998324
v 0.01788428 0.05383978 -0.04797422
v 0.02038118 0.05318779 -0.05001851
v 0.02459271 0.05431818 -0.05323692
v 0.02504035 0.05082662 -0.05354083
v 0.02369070 0.05970761 -0.05233947
v 0.02172136 0.07535439 -0.04970779
v 0.02481628 0.06756402 -0.05247793
v 0.01164342 0.08279628 -0.04067946
v 0.00900875 0.07746629 -0.03885616
v 0.01548153 0.08228771 -0.04389786
v 0.02154663 0.07836676 -0.04898732
v 0.02752814 0.05285566 -0.05523716
v 0.02611950 0.05890236 -0.05396512
v 0.02124973 0.04669683 -0.05028533
v 0.02537506 0.04672296 -0.05348993
v 0.01774008 0.04678091 -0.04724850
v 0.01315633 0.05418322 -0.04359271
v 0.02757461 0.04787017 -0.05514521
v 0.00945667 0.05954031 -0.03998527
v 0.00602508 0.08209191 -0.03511846
v 0.02733960 0.06981019 -0.05381383
v 0.00509051 0.07773911 -0.03464374
v 0.00605771 0.06797210 -0.03615117
v 0.00961813 0.05405414 -0.03988732
v 0.01894083 0.04374248 -0.04788031
v 0.02309635 0.04146697 -0.05104432
v 0.02161830 0.04023334 -0.04960126
v 0.01329333 0.04574821 -0.04273287
v 0.01101681 0.04543920 -0.04026412
v 0.01744954 0.04132235 -0.04603272
v 0.00434406 0.06479018 -0.03411529
v 0.00227628 0.07065407 -0.03161156
v 0.00154529 0.07773634 -0.03059516
v 0.00130314 0.08187760 -0.02975284
v 0.00023092 0.07604111 -0.02904722
v 0.00492170 0.05734325 -0.03443078
v 0.00597389 0.08640813 -0.03406758
v 0.01114340 0.08662639 -0.03925355
v 0.01299080 0.08730151 -0.04054180
v 0.00015174 0.07048286 -0.02894495
v 0.00192667 0.06526403 -0.03102713
v 0.00018060 0.07950098 -0.02866939
v 0.00822497 0.05172871 -0.03793098
v 0.01391486 0.04058403 -0.04227249
v 0.02636648 0.03951164 -0.05316971
v 0.02621167 0.03725220 -0.05284777
v 0.02763672 0.03849454 -0.05403590
v 0.02949158 0.03962688 -0.05535853
v 0.03091774 0.04107186 -0.05641797
v 0.02484622 0.03595351 -0.05152112
v 0.02283919 0.03467152 -0.04935851
v 0.02363840 0.03456437 -0.05032701
v 0.00545375 0.05207824 -0.03444219
v 0.02105198 0.03412480 -0.04746203
v 0.02189981 0.03347006 -0.04817339
v 0.00903660 0.04570166 -0.03784544
v 0.01791547 0.03479838 -0.04460234
v 0.00718922 0.08825575 -0.03478216
v 0.02183988 0.03303356 -0.04859471
v 0.01166198 0.03893670 -0.03921353
v -0.00021872 0.06492470 -0.02800865
v 0.00253524 0.05882138 -0.03123437
v 0.02004769 0.03289989 -0.04601634
v 0.02032174 0.03218507 -0.04649840
v 0.00606769 0.04650390 -0.03405288
v 0.00840061 0.04071751 -0.03557228
v -0.00254308 0.07400291 -0.02500113
v -0.00261299 0.07123383 -0.02489923
v -0.00268669 0.06465364 -0.02418760
v 0.01874689 0.03179600 -0.04419827
v 0.00268102 0.05397831 -0.03062125
v -0.00019701 0.05930638 -0.02709533
v 0.00434776 0.04976418 -0.03212489
v 0.00010302 0.08268006 -0.02791601
v -0.00262877 0.07857199 -0.02442231
v 0.00391081 0.08584489 -0.03174892
v 0.00141458 0.08721138 -0.02832288
v 0.01330407 0.03512180 -0.03958427
v 0.01554363 0.03187878 -0.04061275
v 0.00445091 0.08953555 -0.03115383
v 0.01107235 0.03576203 -0.03716036
v 0.00741536 0.03872771 -0.03341112
v 0.00580986 0.04291458 -0.03246826
v -0.00459714 0.07262360 -0.02149463
v -0.00401667 0.06504743 -0.02183921
v -0.00245289 0.05845026 -0.02309845
v -0.00514797 0.07764924 -0.02011480
v 0.00291505 0.04758889 -0.02902646
v -0.00130541 0.05377586 -0.02369787
v 0.00397410 0.04338355 -0.02929823
v -0.00273516 0.08279758 -0.02323151
v -0.00631306 0.07131798 -0.01817502
v -0.00672516 0.07482601 -0.01729303
v -0.00042393 0.08602836 -0.02594056
v 0.00947449 0.09330765 -0.03524038
v 0.00608085 0.09338803 -0.03143684
v 0.00971717 0.03436996 -0.03451881
v 0.01433127 0.02986615 -0.03817103
v 0.01678239 0.03069464 -0.04135271
v 0.01780964 0.03092287 -0.04273261
v 0.01600475 0.02948487 -0.04063859
v 0.01347136 0.02875582 -0.03657764
v 0.01374251 0.02819240 -0.03720162
v 0.01236461 0.02764838 -0.03482313
v 0.01096775 0.02778271 -0.03234614
v 0.01072444 0.02645695 -0.03169612
v 0.00968706 0.02752773 -0.02998652
v 0.00805474 0.03476290 -0.03219533
v -0.00663054 0.07790390 -0.01701212
v -0.00806447 0.07373263 -0.01421565
v -0.00549925 0.08163664 -0.01814804
v -0.00246899 0.08612123 -0.02230996
v 0.00428105 0.09404115 -0.02886760
v 0.01556114 0.08661782 -0.04272357
v 0.03069245 0.04570260 -0.05671142
v 0.03357252 0.04281948 -0.05814817
v 0.03290870 0.04194458 -0.05772225
v 0.03215227 0.04960189 -0.05772257
v 0.03537482 0.04404251 -0.05922054
v 0.01167394 0.09136731 -0.03792046
v 0.02044115 0.08258099 -0.04717572
v 0.02671391 0.07752808 -0.05232311
v 0.02979608 0.06269595 -0.05565506
v 0.03049569 0.05410253 -0.05678360
v 0.03378982 0.05246865 -0.05854224
v 0.00877436 0.09796298 -0.03221867
v 0.00612527 0.09766154 -0.02930366
v 0.03454949 0.05910868 -0.05849661
v 0.03724106 0.04608709 -0.06021303
v 0.03739780 0.04506964 -0.06053321
v 0.01588059 0.09065360 -0.04153628
v 0.02601530 0.08175229 -0.05090273
v 0.02886610 0.07442565 -0.05395433
v 0.02985677 0.03931066 -0.05598824
v 0.03142841 0.04048083 -0.05728731
v 0.01442151 0.09588646 -0.03819195
v 0.02325075 0.08800891 -0.04734655
v 0.01882246 0.09217446 -0.04299683
v 0.01635375 0.09711564 -0.03906562
v 0.01159126 0.09763501 -0.03517428
v 0.03888110 0.04703357 -0.06093090
v 0.04052943 0.04695715 -0.06210476
v 0.03317921 0.06566808 -0.05700484
v 0.03010744 0.06956990 -0.05519526
v 0.03780302 0.05117440 -0.06028755
v 0.02697100 0.08505999 -0.05045102
v 0.03686031 0.05912889 -0.05951678
v 0.03211226 0.07391009 -0.05549735
v 0.03504534 0.06836868 -0.05747150
v 0.02881363 0.08122852 -0.05247778
v 0.03156696 0.07920912 -0.05423541
v 0.03359817 0.04200436 -0.05865410
v 0.04252931 0.04952486 -0.06224926
v 0.04153360 0.04808570 -0.06210726
v 0.04412686 0.04958020 -0.06325584
v 0.02581248 0.09039614 -0.04794392
v 0.02755665 0.08801588 -0.04974532
v 0.02281229 0.09569852 -0.04400463
v 0.02096081 0.09728456 -0.04203843
v 0.04130471 0.05311820 -0.06145395
v 0.04372888 0.05254955 -0.06245555
v 0.03289207 0.07696933 -0.05522459
v 0.01470219 0.10031470 -0.03614291
v 0.03964407 0.06592329 -0.05957910
v 0.03777991 0.07023100 -0.05822691
v 0.01190337 0.10177514 -0.03300956
v 0.04310919 0.05609885 -0.06167863
v -0.00117068 0.08817976 -0.02345971
v 0.00234026 0.09102816 -0.02751551
v 0.00971126 0.10363285 -0.02957560
v 0.03966061 0.05845849 -0.06051351
v 0.02621432 0.09418572 -0.04653485
v 0.03203219 0.08534465 -0.05259392
v 0.02762919 0.09157639 -0.04838728
v 0.03705038 0.07702959 -0.05662363
v 0.03246774 0.08782018 -0.05185448
v 0.03429082 0.08441761 -0.05375418
v 0.03800930 0.08045470 -0.05606144
v 0.01981242 0.10098106 -0.03924643
v 0.01725943 0.10278534 -0.03657238
v 0.00706495 0.10266077 -0.02694820
v 0.01558767 0.10822727 -0.03188803
v 0.01748626 0.10870353 -0.03311826
v 0.02771016 0.03731290 -0.05499821
v 0.02528609 0.03558458 -0.05256077
v 0.00347505 0.09740631 -0.02516379
v 0.00407024 0.10259397 -0.02266897
v 0.00049194 0.10060958 -0.01809571
v 0.00363739 0.10397282 -0.02105835
v 0.00143586 0.10360860 -0.01806921
v 0.00182471 0.10670962 -0.01714291
v 0.00103517 0.10648948 -0.01621046
v 0.00139365 0.10892974 -0.01607637
v 0.00373093 0.10966265 -0.01823133
v 0.00468722 0.10657810 -0.02082939
v 0.00573447 0.10875241 -0.02072425
v 0.00032424 0.10801398 -0.01458623
v 0.00723942 0.10840286 -0.02286552
v 0.00710796 0.10520535 -0.02493804
v 0.00013451 0.10434330 -0.01458119
v -0.00067804 0.09585162 -0.01911061
v 0.00078227 0.09288446 -0.02345868
v -0.00136508 0.09143877 -0.02054949
v 0.00942765 0.10996355 -0.02403266
v 0.01019654 0.10798260 -0.02665169
v 0.00028674 0.10300114 -0.01591446
v 0.01240528 0.10905979 -0.02834066
v -0.00415093 0.08555487 -0.01888511
v -0.00114048 0.09774700 -0.01684240
v 0.04523956 0.05140957 -0.06291145
v 0.00629188 0.11062747 -0.01989120
v 0.01835467 0.03064032 -0.04443895
v 0.02530166 0.10184269 -0.04207312
v 0.02216905 0.10518765 -0.03820407
v 0.02431016 0.10389890 -0.04026087
v 0.02106557 0.10874691 -0.03535489
v 0.02736141 0.09950724 -0.04446737
v -0.00552163 0.09016900 -0.01306738
v -0.00426435 0.08809349 -0.01694886
v 0.03629262 0.04362871 -0.06070438
v 0.01480277 0.11040188 -0.02951464
v -0.00722798 0.08219682 -0.01351526
v 0.01160156 0.02612348 -0.03441668
v 0.04168494 0.07163955 -0.05916692
v -0.00266530 0.09512707 -0.01526768
v 0.02981130 0.09465308 -0.04791454
v 0.03291108 0.09333374 -0.04966669
v -0.00526438 0.09188774 -0.01230000
v 0.04641779 0.05155222 -0.06332712
v 0.04754104 0.05277583 -0.06327757
v 0.02730585 0.10210425 -0.04297035
v -0.00822547 0.07862758 -0.01277677
v 0.04116452 0.07857018 -0.05733192
v 0.04683222 0.05492838 -0.06291875
v 0.04610631 0.06076935 -0.06184043
v 0.04501273 0.06579463 -0.06096497
v 0.04420493 0.07016625 -0.06003551
v 0.03796291 0.08710264 -0.05396334
v 0.03965021 0.08495888 -0.05515100
v 0.03789305 0.09059806 -0.05247634
v 0.00481804 0.11174693 -0.01748987
v 0.00685295 0.11208986 -0.01916600
v 0.00701173 0.11355138 -0.01874921
v 0.00487062 0.11308322 -0.01718734
v 0.00340251 0.11199073 -0.01570799
v 0.00258175 0.11085022 -0.01516140
v 0.00207843 0.11190467 -0.01424684
v 0.00152148 0.10989652 -0.01445764
v 0.00897382 0.11345625 -0.01992404
v 0.00919763 0.11437126 -0.01981073
v 0.00994982 0.11323427 -0.02079887
v 0.00653176 0.11471083 -0.01864820
v 0.00860136 0.11563144 -0.01959033
v 0.01283595 0.11593079 -0.02108073
v 0.01107883 0.11639297 -0.02024814
v 0.01316777 0.11807674 -0.02104073
v 0.01434890 0.11632983 -0.02226060
v 0.01494257 0.11789196 -0.02203879
v 0.01624218 0.11768443 -0.02321620
v 0.01602267 0.11884061 -0.02253203
v 0.01765327 0.11894683 -0.02334985
v 0.01766861 0.12044151 -0.02293608
v 0.01979546 0.12041152 -0.02368822
v 0.01944337 0.12080151 -0.02328485
v 0.00869560 0.11143666 -0.02159935
v 0.01523928 0.11340457 -0.02729466
v 0.01265164 0.11157999 -0.02587160
v 0.02712179 0.10461932 -0.04125998
v 0.01683106 0.11284125 -0.02929667
v 0.01787344 0.11527446 -0.02809186
v 0.01891662 0.11116904 -0.03202510
v 0.02074635 0.11174660 -0.03290866
v 0.03250191 0.09664626 -0.04795567
v 0.02526682 0.10824023 -0.03779715
v 0.02093892 0.11620271 -0.02947842
v 0.01633270 0.11608597 -0.02490101
v 0.01836398 0.11698740 -0.02634736
v 0.01457850 0.11940002 -0.02236978
v 0.03723005 0.09378712 -0.05083071
v 0.01129305 0.11206153 -0.02381657
v 0.00138273 0.11069221 -0.01353731
v 0.00037291 0.10938392 -0.01214306
v 0.00003587 0.11196114 -0.01146568
v 0.00178842 0.11301747 -0.01318220
v 0.00009956 0.11068608 -0.01130344
v -0.00120237 0.11238045 -0.00943271
v 0.01102779 0.02588201 -0.03281917
v 0.00975302 0.02456953 -0.03076799
v -0.00109779 0.10408366 -0.01187493
v 0.00011720 0.10712071 -0.01260530
v 0.04593943 0.07423955 -0.05952713
v -0.00655417 0.08851182 -0.01143753
v 0.01165719 0.11355701 -0.02227794
v 0.02772760 0.10905908 -0.03842522
v 0.02292390 0.11295572 -0.03318283
v 0.03178109 0.10023269 -0.04564232
v 0.02039405 0.11743956 -0.02796382
v -0.00335341 0.09785880 -0.01090030
v 0.01460400 0.11512477 -0.02419184
v 0.02078269 0.11947524 -0.02626321
v 0.00369413 0.11347532 -0.01388879
v 0.02710958 0.11409311 -0.03422676
v 0.04947208 0.06058434 -0.06252301
v 0.05208432 0.05696047 -0.06363885
v 0.04135361 0.08929246 -0.05387131
v 0.02281073 0.12240199 -0.02356262
v 0.02308160 0.11950981 -0.02792072
v 0.04390348 0.08279771 -0.05661244
v 0.04582947 0.07932932 -0.05800083
v 0.02623357 0.11793786 -0.03073646
v 0.03722942 0.09732196 -0.04892694
v 0.04080404 0.09207200 -0.05250061
v 0.04095229 0.09452741 -0.05125267
v -0.00229306 0.09958889 -0.01220901
v 0.05212134 0.07046406 -0.06129164
v 0.03205172 0.10811234 -0.04071255
v 0.03128712 0.10376688 -0.04323136
v 0.04954968 0.05463876 -0.06341841
v 0.05284589 0.05648945 -0.06450968
v 0.05492760 0.05832357 -0.06445430
v 0.05523336 0.06011845 -0.06354848
v 0.05377706 0.06556679 -0.06235961
v 0.05700756 0.05986365 -0.06452807
v 0.05757960 0.06098438 -0.06395061
v 0.05847720 0.06258871 -0.06357294
v 0.06025659 0.06238396 -0.06449273
v 0.06082243 0.06391118 -0.06351067
v 0.06208087 0.06388954 -0.06427922
v 0.04966113 0.07713428 -0.05931355
v 0.04518190 0.08747284 -0.05523517
v 0.05437638 0.07471910 -0.06063223
v 0.03153624 0.10969086 -0.03938042
v 0.03903681 0.10270079 -0.04615896
v 0.03676230 0.10564024 -0.04364722
v 0.05848040 0.06844419 -0.06236189
v 0.04978811 0.05395123 -0.06451696
v 0.05459460 0.07901966 -0.05935904
v 0.05577673 0.07546697 -0.06057446
v 0.05007671 0.08262127 -0.05737483
v 0.04573246 0.09091245 -0.05383318
v 0.04289888 0.09912364 -0.04907882
v 0.05163091 0.08470003 -0.05677470
v 0.05536706 0.08227909 -0.05810680
v 0.03723008 0.10830135 -0.04191869
v 0.03290459 0.11152373 -0.03821522
v 0.04555731 0.09570943 -0.05125388
v 0.04563304 0.09879485 -0.04972008
v 0.04519591 0.10293096 -0.04717038
v 0.02566937 0.11958565 -0.02897976
v 0.06443932 0.06851354 -0.06269643
v 0.06441665 0.06589133 -0.06337008
v 0.06177234 0.07160247 -0.06175524
v 0.05994185 0.07524926 -0.06081041
v 0.05168577 0.08829448 -0.05542329
v 0.05675319 0.08542175 -0.05684554
v 0.04196857 0.10489000 -0.04529525
v 0.02884262 0.11943309 -0.03036826
v 0.03274096 0.11414043 -0.03597669
v 0.03187374 0.11629311 -0.03381314
v 0.05948038 0.07932714 -0.05944929
v 0.04939187 0.09170339 -0.05372010
v 0.04950463 0.09523727 -0.05177491
v 0.01189234 0.11839554 -0.02091705
v 0.05662991 0.08917689 -0.05516398
v 0.06234657 0.07543628 -0.06074765
v 0.02337125 0.12069937 -0.02663552
v 0.05597069 0.09174480 -0.05388588
v 0.04146844 0.10870037 -0.04232957
v 0.06110118 0.08075416 -0.05880873
v 0.04575666 0.10578298 -0.04519488
v 0.05146677 0.09903995 -0.04984462
v 0.04924031 0.10270858 -0.04752842
v 0.03860383 0.11362081 -0.03769637
v 0.06469633 0.07144483 -0.06172828
v 0.06720716 0.06903375 -0.06242325
v 0.06641682 0.06728354 -0.06327148
v 0.06857493 0.06902742 -0.06282626
v 0.05391315 0.09523596 -0.05185003
v 0.04574628 0.10848392 -0.04299565
v 0.03272134 0.11952342 -0.03113525
v 0.03809999 0.11730811 -0.03412145
v 0.06023942 0.08856950 -0.05530762
v 0.06509553 0.07501362 -0.06064949
v 0.06693566 0.07285422 -0.06103177
v 0.02200531 0.12128429 -0.02450557
v 0.02527583 0.12202759 -0.02511391
v 0.02567920 0.12372255 -0.02325248
v 0.06580580 0.07829578 -0.05923490
v -0.00387199 0.07638682 0.02843604
v -0.00460739 0.07051842 0.02736211
v -0.00073597 0.07359945 0.03371624
v -0.00066026 0.06742401 0.03386760
v -0.00419166 0.06618836 0.02790753
v -0.00076334 0.07859884 0.03327907
v -0.00700180 0.07473958 0.02292191
v -0.00708502 0.06633641 0.02243323
v -0.00097650 0.06198843 0.03285297
v -0.00436889 0.06081641 0.02687621
v -0.00964257 0.07277080 0.01757065
v -0.00989052 0.07711332 0.01699231
v -0.00662985 0.07940672 0.02307933
v -0.00417114 0.08140546 0.02717346
v 0.00099263 0.06877519 0.03628125
v -0.01005454 0.06940140 0.01632911
v -0.00635735 0.06037725 0.02279426
v -0.00985689 0.06640074 0.01618269
v -0.01081480 0.07517450 0.01488541
v 0.00166350 0.06331395 0.03694910
v -0.00101356 0.05650760 0.03160082
v 0.00180939 0.05904695 0.03652983
v 0.00090838 0.05371576 0.03392463
v -0.00361652 0.05618954 0.02695244
v -0.00844991 0.06019201 0.01786646
v 0.00163690 0.07408916 0.03698813
v -0.00621262 0.05566626 0.02143717
v -0.00156592 0.05141127 0.02891926
v 0.00136224 0.04698056 0.03240750
v 0.00404497 0.05444630 0.03859531
v -0.00457791 0.05244981 0.02346058
v 0.00293911 0.06691753 0.03876717
v 0.00431654 0.05878665 0.03977398
v 0.00443242 0.04869160 0.03757401
v 0.00277548 0.04505173 0.03384044
v -0.00087352 0.04601887 0.02793649
v 0.00629492 0.04342603 0.03836283
v -0.00141565 0.04424298 0.02589302
v 0.00097859 0.04107298 0.02886751
v 0.00385176 0.03937300 0.03304022
v -0.00316318 0.04474272 0.02232064
v 0.00761327 0.03764605 0.03781361
v 0.00696568 0.05056161 0.04135262
v 0.00844757 0.04491518 0.04160050
v 0.00735232 0.05477582 0.04267002
v 0.00564278 0.06222928 0.04171495
v 0.00521256 0.03652411 0.03374011
v -0.00642568 0.05138904 0.01845941
v -0.00826504 0.05559111 0.01609552
v -0.01013602 0.06000811 0.01318326
v 0.00909470 0.04041507 0.04087420
v 0.00407420 0.03434196 0.03035020
v 0.00123867 0.03678286 0.02653285
v -0.00119310 0.03843101 0.02220581
v -0.01154190 0.07266263 0.01262800
v -0.01122886 0.06492052 0.01165197
v 0.00691899 0.03199323 0.03379599
v 0.00877604 0.03497805 0.03814057
v -0.00448001 0.04336136 0.01782251
v -0.00633177 0.04774990 0.01599831
v 0.01148922 0.03743675 0.04257435
v 0.01053442 0.04774456 0.04473097
v -0.00970189 0.05593196 0.01186181
v 0.01193192 0.04162050 0.04456075
v 0.00358203 0.03156915 0.02707077
v 0.01120413 0.03020575 0.03868273
v 0.01311487 0.03367698 0.04274027
v 0.01226038 0.03136572 0.04055121
v 0.01207634 0.02951810 0.03948241
v 0.01363864 0.03034132 0.04214191
v 0.01458169 0.03192680 0.04342586
v 0.01586394 0.03215346 0.04493638
v 0.00750216 0.02893028 0.03240336
v 0.01013446 0.02883620 0.03625420
v 0.00918675 0.02781498 0.03437684
v 0.00708931 0.02779634 0.03055982
v 0.00919570 0.05461390 0.04463094
v 0.01583344 0.03392671 0.04561538
v 0.00128257 0.03229250 0.02235836
v -0.00316667 0.03846768 0.01673495
v 0.00567652 0.06492050 0.04183893
v -0.00812539 0.05010326 0.01209388
v 0.01418426 0.03888090 0.04591236
v 0.00147050 0.07837189 0.03634880
v 0.00432273 0.07317627 0.04021865
v 0.01771254 0.03326420 0.04728501
v 0.01398298 0.04424361 0.04724309
v 0.01213788 0.05101272 0.04690480
v -0.00156126 0.03464042 0.01720888
v 0.00954263 0.02642958 0.03537973
v 0.01079171 0.02786422 0.03790092
v 0.00835051 0.02656776 0.03260646
v 0.00816903 0.02525172 0.03205615
v 0.00785780 0.02717946 0.03130665
v 0.00691248 0.02499135 0.02880288
v 0.00799671 0.02439664 0.03123150
v 0.00696531 0.02369103 0.02841306
v 0.00666212 0.02675466 0.02847040
v 0.00965960 0.02528876 0.03422774
v 0.01097971 0.02612420 0.03713037
v 0.00598545 0.02488793 0.02568932
v 0.00585272 0.02647943 0.02652539
v 0.00533338 0.02444242 0.02314534
v 0.00304410 0.02851477 0.02245507
v -0.00660634 0.04471402 0.01197965
v 0.00026053 0.03020489 0.01700636
v -0.01196382 0.07163614 0.01090962
v 0.00560975 0.02308938 0.02484256
v -0.01167962 0.06041023 0.00695963
v 0.00421114 0.02468428 0.02054512
v 0.00303773 0.02477695 0.01745354
v 0.00380995 0.02378480 0.01860700
v 0.00469454 0.02363747 0.02189527
v -0.00424301 0.03767912 0.01146071
v -0.00260987 0.03361359 0.01185718
v -0.00120933 0.03018770 0.01166353
v -0.01099753 0.05622067 0.00606882
v -0.01003144 0.05290958 0.00668274
v -0.01218443 0.06348394 0.00641899
v 0.00114036 0.02559528 0.01280921
v -0.00781247 0.04522323 0.00688729
v -0.00585677 0.03978411 0.00724963
v -0.01266452 0.06817291 0.00651389
v 0.01077064 0.02757097 0.03811060
v 0.01142391 0.02727318 0.03884215
v -0.01189328 0.07635475 0.01114912
v 0.00257611 0.02353081 0.01358336
v -0.00743934 0.08188486 0.02082106
v -0.01081919 0.07859697 0.01401920
v -0.01151948 0.08008830 0.01130250
v -0.00156737 0.08482812 0.03068507
v -0.00411873 0.03519314 0.00715945
v -0.01306718 0.07463196 0.00600054
v 0.00051831 0.08174268 0.03453577
v -0.00987040 0.08085968 0.01582089
v 0.01917660 0.03526833 0.04905814
v 0.01950175 0.03417579 0.04927682
v 0.00852639 0.06340762 0.04469579
v 0.00995322 0.05797522 0.04571723
v 0.00769466 0.06949710 0.04389034
v 0.00457651 0.07790174 0.04003712
v -0.00411966 0.08525080 0.02609000
v -0.00679764 0.08516095 0.02092928
v -0.01292241 0.07802338 0.00620087
v -0.00218200 0.03046388 0.00716083
v -0.00938783 0.08383880 0.01550507
v 0.00327505 0.08119809 0.03801151
v 0.01802141 0.04110018 0.04991108
v 0.01624395 0.04845102 0.05004419
v 0.00723310 0.07555826 0.04307154
v 0.01243758 0.06000565 0.04808761
v 0.00100486 0.08773426 0.03346715
v 0.00371250 0.08541135 0.03742484
v 0.01531772 0.05516208 0.05010668
v -0.00464557 0.08983793 0.02302258
v 0.01179139 0.06620413 0.04762745
v -0.00133579 0.08989216 0.02892510
v 0.00933584 0.07448082 0.04509012
v 0.00650561 0.08151743 0.04141275
v 0.00587309 0.08628595 0.03950675
v 0.02155498 0.03778463 0.05176208
v 0.02070850 0.03507669 0.05032039
v 0.02166465 0.03568788 0.05140103
v 0.01478361 0.06170157 0.05005353
v 0.02039210 0.04611231 0.05277258
v -0.01272091 0.08045343 0.00583514
v 0.01918882 0.05127006 0.05264605
v 0.00948744 0.07864976 0.04471203
v 0.01428441 0.06960584 0.04952051
v -0.00665618 0.08975016 0.01845021
v 0.01840646 0.05810726 0.05263251
v 0.02472758 0.03915659 0.05433364
v 0.02271733 0.03663318 0.05233859
v 0.02430713 0.03758376 0.05388892
v 0.02600515 0.03845210 0.05549007
v 0.00330580 0.09006112 0.03531650
v 0.00617821 0.08959643 0.03866053
v -0.00116470 0.09281823 0.02760368
v 0.01765244 0.06478919 0.05215902
v 0.00093895 0.09324288 0.03065833
v 0.00306659 0.09360728 0.03325162
v 0.02296415 0.03539868 0.05315898
v 0.01235810 0.07707436 0.04725293
v 0.02282307 0.05361110 0.05539337
v 0.02582395 0.03774878 0.05559892
v 0.02438780 0.03571244 0.05422445
v 0.02263057 0.03433223 0.05267846
v 0.02133929 0.03482218 0.05158919
v 0.02120172 0.03396360 0.05157174
v 0.02004152 0.03401460 0.05046230
v 0.01963984 0.03242985 0.04987667
v 0.01869516 0.03274182 0.04894092
v 0.01865404 0.03162825 0.04879928
v 0.01735596 0.03142473 0.04766447
v 0.01688265 0.03202098 0.04662981
v 0.01647547 0.03047270 0.04634619
v 0.01598830 0.03105130 0.04585699
v 0.01441193 0.02980809 0.04395456
v 0.01459243 0.02906293 0.04363280
v 0.01300128 0.02850821 0.04161423
v 0.01231175 0.02883392 0.04073147
v 0.01062006 0.08319223 0.04471895
v 0.02448878 0.04854047 0.05586705
v 0.02713116 0.04306232 0.05661319
v 0.02703583 0.03741259 0.05633141
v 0.02875414 0.03919899 0.05783873
v 0.01566415 0.07271623 0.05024134
v 0.00916774 0.08594958 0.04267562
v 0.01335701 0.08187529 0.04710627
v 0.02204147 0.06067825 0.05508400
v -0.00120035 0.09601570 0.02549626
v 0.02863009 0.04049937 0.05699672
v 0.02932273 0.04148620 0.05763353
v 0.02895373 0.04017691 0.05769229
v 0.01989950 0.06712502 0.05347751
v 0.02275690 0.06367382 0.05539190
v 0.00607666 0.09211101 0.03747119
v 0.01666998 0.07729726 0.05029232
v 0.01670568 0.07971780 0.04990387
v 0.01897276 0.07341468 0.05221157
v 0.02756761 0.04914563 0.05779733
v 0.03048509 0.04490239 0.05889113
v 0.03155391 0.04308156 0.05920421
v 0.03025481 0.04168904 0.05828165
v 0.03128198 0.04090362 0.05969555
v 0.02666988 0.05472524 0.05768710
v 0.03038642 0.04031976 0.05899365
v 0.02749893 0.03997801 0.05629286
v 0.01197920 0.08656722 0.04481461
v 0.00121847 0.09834369 0.02794457
v 0.00353131 0.09762997 0.03150702
v 0.01048238 0.09073747 0.04209141
v -0.00187945 0.09762325 0.02296838
v -0.00687069 0.09197943 0.01614537
v -0.01008731 0.08544287 0.01198329
v -0.00472274 0.09498897 0.01891738
v 0.00609023 0.09736238 0.03469993
v -0.01201912 0.08217731 0.00755666
v 0.03238619 0.04269287 0.05997948
v 0.03370320 0.04313205 0.06108351
v 0.03366407 0.04214941 0.06098813
v 0.03363900 0.04812167 0.06089116
v 0.03428586 0.04570898 0.06099296
v 0.03406893 0.04440979 0.06082518
v 0.03614242 0.04577604 0.06206297
v 0.03648801 0.04488689 0.06268314
v 0.02734461 0.05897153 0.05798285
v 0.01634152 0.08480472 0.04839147
v 0.03738300 0.04758337 0.06256434
v 0.03904635 0.04636190 0.06383103
v 0.03269028 0.05300291 0.06062770
v 0.02397739 0.06813910 0.05565315
v 0.02257653 0.07519046 0.05400268
v 0.03301520 0.05773855 0.06076932
v 0.01331266 0.02776442 0.04123953
v 0.02759425 0.06449557 0.05779996
v 0.03166903 0.06271603 0.05985300
v 0.00092291 0.10254760 0.02417757
v 0.01351421 0.09004204 0.04464980
v 0.00895971 0.09556380 0.03837741
v 0.02251345 0.07963354 0.05314338
v 0.00593577 0.10133040 0.03198400
v 0.00452877 0.10392361 0.02844785
v 0.00361875 0.10634121 0.02531313
v -0.00927239 0.08916198 0.01092875
v -0.01034925 0.08686712 0.00905277
v -0.01167314 0.08408740 0.00672990
v -0.00078548 0.10338484 0.02016887
v 0.00121821 0.10642096 0.02162348
v 0.00223725 0.10869094 0.02195031
v 0.00396000 0.11110760 0.02308147
v 0.00164946 0.11142839 0.02033952
v 0.00284690 0.11267776 0.02213033
v 0.00525413 0.11212443 0.02418240
v 0.00396381 0.11412579 0.02364124
v 0.00070444 0.10729262 0.02021778
v 0.00022227 0.11063390 0.01845517
v -0.00142563 0.10662545 0.01664141
v -0.00113391 0.10925405 0.01627197
v 0.00610404 0.11125349 0.02543888
v 0.00653350 0.11327568 0.02528431
v -0.00265831 0.10752165 0.01342151
v -0.00276273 0.10803934 0.01332537
v -0.00360018 0.10732408 0.01090037
v 0.00579038 0.11494845 0.02498143
v -0.00354496 0.10254723 0.01474265
v 0.00890206 0.11297943 0.02714288
v 0.00630779 0.10826881 0.02747496
v -0.00457052 0.10348184 0.01135867
v -0.00449229 0.10571140 0.00991594
v -0.00580935 0.09945005 0.01136628
v -0.00572171 0.10249960 0.00806325
v 0.00907952 0.11451288 0.02674269
v 0.00283040 0.02230897 0.01569915
v 0.01129993 0.09655894 0.03987473
v -0.00708760 0.09569978 0.01142669
v 0.00830808 0.11120987 0.02760089
v 0.00403811 0.02281005 0.02063346
v 0.00475456 0.02251844 0.02241093
v 0.00407337 0.02200841 0.02043882
v 0.00315312 0.02146238 0.01689031
v 0.00255597 0.02085151 0.01496183
v 0.00534603 0.02328238 0.02456151
v 0.00191225 0.02117797 0.01111279
v 0.00189284 0.01987558 0.01004338
v -0.00373567 0.11188579 0.01558426
v -0.00590680 0.11135650 0.01209688
v -0.00134370 0.11126232 0.01750940
v -0.00710939 0.09909736 0.00666996
v -0.00530538 0.10621881 0.00553317
v -0.00469485 0.10697216 0.00773070
v -0.00547934 0.10688468 0.00445540
v 0.00937256 0.10243141 0.03474448
v 0.01099325 0.10164931 0.03670635
v -0.00605631 0.10316291 0.00526702
v -0.00885392 0.09463606 0.00538312
v -0.00872275 0.09230816 0.00895869
v -0.00899804 0.09307687 0.00607461
v -0.00964392 0.09093128 0.00612008
v -0.00905350 0.09466682 0.00513343
v -0.00961849 0.09161184 0.00528978
v -0.00834770 0.09657695 0.00465850
v -0.00577861 0.10593751 0.00046719
v -0.00636176 0.10320183 0.00110203
v -0.01212778 0.08351335 0.00498126
v -0.01177497 0.08485921 0.00529425
v 0.00150765 0.02114847 0.00637530
v 0.00229920 0.02229542 0.01207078
v 0.00154462 0.02243258 0.00558188
v 0.00121752 0.01947720 0.00103399
v -0.01232922 0.06090199 0.00033553
v -0.01313078 0.06765638 -0.00008542
v -0.01286689 0.06497487 -0.00005045
v -0.00679777 0.11873506 0.01794914
v -0.00785678 0.11656513 0.01492731
v -0.01059814 0.12348938 0.01776778
v -0.01147618 0.12136300 0.01483060
v -0.02012813 0.13304443 0.01481328
v -0.01515432 0.12655426 0.01498194
v -0.01405373 0.12764959 0.01730677
v -0.01498555 0.12385652 0.01227943
v -0.01052265 0.11773798 0.01231750
v -0.01815994 0.12847664 0.01267422
v -0.01734618 0.13279329 0.01779839
v -0.00951028 0.12600249 0.02045642
v -0.00391895 0.11878988 0.02048377
v -0.01475083 0.13323301 0.02037631
v -0.00809582 0.12656575 0.02184835
v -0.01441180 0.13583326 0.02200789
v -0.00279179 0.11969040 0.02187131
v 0.00153804 0.11644327 0.02314948
v -0.00555406 0.12581284 0.02314955
v -0.01965063 0.13943584 0.02022994
v -0.02139269 0.13755620 0.01751124
v -0.00480285 0.10856861 0.01065102
v -0.00748470 0.11144858 0.00916500
v -0.01136603 0.05572080 0.00036931
v -0.00993439 0.05044600 0.00016627
v -0.02128422 0.13260296 0.01274031
v -0.01343362 0.07717302 -0.00017900
v -0.01419154 0.13860337 0.02342364
v -0.00979763 0.13196067 0.02321674
v -0.02229025 0.14398400 0.02092773
v -0.01842983 0.14368962 0.02314286
v 0.00197249 0.01917806 0.00908872
v -0.00580001 0.10680897 -0.00020219
v -0.02388858 0.13849049 0.01564508
v -0.02665178 0.14347105 0.01718675
v -0.02774077 0.14240373 0.01505943
v -0.02815800 0.14234493 0.01402882
v -0.02843725 0.14155275 0.01314497
v -0.02919946 0.14118273 0.01121880
v -0.02473431 0.14440861 0.01946760
v -0.02368072 0.14627937 0.02130585
v -0.02501248 0.14531194 0.01926999
v -0.02422469 0.13682161 0.01342420
v -0.01848445 0.12739209 0.01044395
v -0.01346546 0.11957943 0.00896773
v 0.00320843 0.02088589 0.01619635
v 0.00084264 0.02427494 0.00765477
v 0.00159308 0.02326759 0.00929071
v 0.00270338 0.02278331 0.01324024
v -0.02467914 0.13610528 0.01176634
v -0.01326309 0.07418619 0.00214815
v -0.01346851 0.07417015 0.00003702
v -0.00829120 0.04503666 0.00046104
v -0.02335617 0.13322249 0.00970004
v -0.02654773 0.13673084 0.00908307
v -0.02940341 0.14038965 0.00930605
v -0.02969052 0.14100357 0.00916684
v -0.03013668 0.14018444 0.00673070
v -0.03048722 0.14004606 0.00491067
v -0.00606794 0.10871169 0.00785634
v -0.01027753 0.11471974 0.00803070
v 0.00382467 0.11773424 0.02489068
v -0.01705205 0.12425691 0.00835288
v -0.00626095 0.03930747 0.00056240
v -0.02271365 0.13184744 0.00857152
v -0.01313611 0.08020932 -0.00037064
v -0.00439820 0.03441624 0.00055359
v 0.00125088 0.02245750 -0.00043297
v 0.00541977 0.02221624 0.02280413
v 0.00151509 0.01860131 0.00052071
v -0.02149123 0.14717921 0.02299534
v -0.02154547 0.14799803 0.02307733
v -0.01941229 0.14934834 0.02467894
v -0.01957672 0.14980759 0.02451852
v -0.01738636 0.15129467 0.02596041
v 0.00057083 0.12149663 0.02475011
v 0.00116494 0.02116806 -0.00460235
v -0.00251267 0.03005605 0.00033410
v -0.00863581 0.11094597 0.00438268
v -0.01376910 0.11831791 0.00467912
v -0.01279430 0.08083918 0.00360476
v -0.01018951 0.08840761 0.00687578
v -0.01032698 0.08951679 0.00604660
v -0.01095880 0.08708561 0.00541056
v -0.01114234 0.08562727 0.00537578
v -0.01034795 0.09115796 0.00557303
v -0.00760257 0.09861232 0.00427870
v -0.00797703 0.09809420 0.00364978
v -0.01724667 0.12310683 0.00447624
v -0.02211242 0.12961076 0.00471932
v -0.02685505 0.13556124 0.00491172
v -0.00185670 0.12551737 0.02495673
v -0.00700029 0.13263578 0.02489115
v -0.01148649 0.13907837 0.02495140
v -0.01570067 0.14508881 0.02487588
v -0.01222849 0.08304999 0.00421844
v -0.01298488 0.08200244 0.00336450
v -0.01297794 0.08057210 0.00089154
v -0.01324587 0.08158552 0.00112565
v -0.01297714 0.08206705 -0.00094765
v 0.02599043 0.07508910 0.05576211
v 0.02003285 0.08475545 0.05053643
v 0.01147894 0.11604284 0.02772090
v 0.01205424 0.11321540 0.02954662
v 0.01108512 0.11118133 0.03013187
v 0.00904643 0.11542587 0.02657359
v 0.01206991 0.11697211 0.02787672
v 0.00704138 0.11705782 0.02613231
v 0.01688524 0.08967577 0.04694666
v 0.02800330 0.06899649 0.05750624
v 0.01660060 0.09438061 0.04477329
v 0.00382377 0.12136317 0.02616125
v -0.00082146 0.12808244 0.02621383
v 0.03886703 0.04923350 0.06323270
v 0.04069590 0.04755596 0.06424540
v 0.03377702 0.06490381 0.06059540
v 0.01143153 0.10650704 0.03384851
v -0.00805859 0.09919096 0.00100104
v 0.02754572 0.07986623 0.05556112
v -0.01231145 0.14499413 0.02628703
v -0.01447700 0.14720884 0.02597581
v -0.00767642 0.13790819 0.02619989
v 0.02328256 0.08289693 0.05269863
v 0.01630073 0.09846737 0.04247011
v 0.01406680 0.10138251 0.03924732
v -0.00411763 0.13324998 0.02622816
v 0.03731306 0.05529373 0.06245452
v 0.03306720 0.07122669 0.05939178
v 0.03007917 0.07845236 0.05684961
v 0.03556840 0.04314890 0.06193901
v 0.02338659 0.09040185 0.05024016
v 0.02053602 0.09444321 0.04699403
v 0.02710524 0.08504007 0.05388908
v 0.01603825 0.10432175 0.03888917
v 0.01575534 0.10895213 0.03563125
v 0.01926823 0.09707474 0.04508207
v 0.01603628 0.11220771 0.03337369
v 0.03844664 0.05827690 0.06271832
v 0.04143693 0.05441946 0.06394738
v 0.04084247 0.04964513 0.06394807
v 0.04435443 0.05131978 0.06522118
v 0.04246005 0.04860088 0.06484330
v 0.03587439 0.06765383 0.06099326
v 0.03454947 0.07535491 0.05916474
v 0.03886000 0.06455603 0.06233376
v 0.02730268 0.08976123 0.05226598
v 0.03097737 0.08366055 0.05586751
v 0.01355282 0.11675312 0.02853965
v 0.01646267 0.11577714 0.03094956
v 0.01965848 0.10215529 0.04239030
v 0.02480805 0.09631024 0.04827731
v 0.02702513 0.09415370 0.05031285
v 0.03857370 0.07239143 0.06112379
v 0.03976159 0.07540265 0.06089989
v 0.03826366 0.07855908 0.05964759
v 0.04376894 0.05710570 0.06432892
v 0.04141310 0.05917051 0.06346743
v 0.03224181 0.08589905 0.05560188
v 0.02368082 0.10206313 0.04468936
v 0.01998810 0.10727700 0.03941521
v 0.02155948 0.03315110 0.05105870
v 0.04506144 0.05048814 0.06543459
v 0.04811273 0.05323546 0.06608469
v 0.04716027 0.05553955 0.06543637
v 0.03138799 0.09057714 0.05349624
v 0.04296022 0.06920049 0.06276199
v 0.04259807 0.07253810 0.06208982
v 0.04486665 0.06250505 0.06395188
v 0.05034417 0.05443601 0.06649144
v 0.05126614 0.05520866 0.06661525
v 0.03759153 0.08512629 0.05754274
v 0.02748285 0.10032514 0.04740071
v 0.02031813 0.11221949 0.03610479
v 0.02112795 0.11512153 0.03444176
v 0.03490787 0.08948705 0.05515632
v 0.05064938 0.05761844 0.06592512
v 0.04860612 0.06200904 0.06479736
v 0.01583222 0.11794325 0.02902213
v 0.01974551 0.11875321 0.03066518
v 0.03085612 0.09692060 0.05046706
v 0.02319837 0.10997800 0.03929408
v 0.02614280 0.10902847 0.04130299
v 0.02602865 0.10472620 0.04414118
v 0.04000348 0.08418194 0.05846823
v 0.04633972 0.06745372 0.06358730
v 0.05508200 0.05777642 0.06692041
v 0.05591422 0.06086204 0.06643703
v 0.03907204 0.09101668 0.05574136
v 0.04007894 0.08734389 0.05739245
v 0.03698248 0.09566082 0.05298773
v 0.03989668 0.04637359 0.06377787
v 0.05472923 0.06492364 0.06545378
v 0.05875742 0.06070483 0.06703772
v 0.02965005 0.03872088 0.05779457
v 0.03126502 0.04012525 0.05908848
v -0.01488744 0.11937680 0.00049392
v -0.01156425 0.11479499 0.00044278
v -0.01731670 0.12276133 0.00040303
v -0.02129689 0.12801845 0.00048635
v -0.00825732 0.10994295 0.00044242
v -0.03086750 0.13985947 0.00069388
v 0.00250773 0.01970265 0.01033653
v -0.02536015 0.13322796 0.00040528
v 0.01809400 0.03062786 0.04705085
v 0.00765413 0.02362734 0.02914126
v 0.01204190 0.02652028 0.03808732
v -0.01514406 0.12015858 -0.00414654
v -0.01731066 0.12320180 -0.00420236
v -0.01154822 0.11529365 -0.00407559
v -0.00834605 0.11069611 -0.00421268
v -0.00543768 0.10678101 -0.00358455
v 0.00668866 0.02283581 0.02554299
v -0.02210597 0.12941188 -0.00311371
v 0.02389637 0.03468169 0.05320419
v 0.02635513 0.03630531 0.05512801
v 0.02808304 0.03750249 0.05652712
v 0.07280533 0.12357874 0.01712318
v 0.07423436 0.12208388 0.01891281
v 0.07696627 0.12113618 0.01722199
v 0.07343699 0.12501172 0.01155135
v 0.07770025 0.12247589 0.01165243
v 0.06729802 0.12627848 0.01724131
v 0.06971245 0.12686023 0.01173064
v 0.06416709 0.12942164 0.01169561
v 0.06283921 0.12841841 0.01729254
v 0.06026204 0.12971378 0.01681775
v 0.06652582 0.12518207 0.02072869
v 0.06088475 0.13070728 0.01210929
v 0.06101015 0.12776461 0.02057471
v 0.06724235 0.12373362 0.02295861
v 0.05708886 0.12972375 0.01969221
v 0.05713150 0.13073795 0.01711404
v 0.07301900 0.11992379 0.02435976
v 0.07965282 0.11778329 0.02088481
v 0.07834698 0.11738153 0.02328037
v 0.08233581 0.11747513 0.01743705
v 0.06188243 0.12573726 0.02370838
v 0.05847528 0.12743097 0.02302537
v 0.08220134 0.11469436 0.02340354
v 0.07875362 0.11531826 0.02633684
v 0.07339790 0.11682240 0.02904249
v 0.06741744 0.12050778 0.02813709
v 0.08587469 0.11471737 0.01780570
v 0.08516186 0.11282561 0.02271405
v 0.07809583 0.11402048 0.02889816
v 0.08261287 0.11924112 0.01126869
v 0.08486483 0.11145168 0.02534211
v 0.08225050 0.11135634 0.02844853
v 0.06360772 0.12178618 0.02870781
v 0.07344408 0.11441305 0.03227764
v 0.06869829 0.11679239 0.03238292
v 0.08554132 0.10871956 0.02849429
v 0.08951573 0.10831482 0.02404015
v 0.08927009 0.10990413 0.02159117
v 0.08949798 0.11173541 0.01755657
v 0.08569481 0.11694553 0.01150487
v 0.08942127 0.10558513 0.02831136
v 0.07819354 0.10979945 0.03398970
v 0.08294429 0.10708785 0.03304502
v 0.08524808 0.10406901 0.03443853
v 0.08933263 0.10275639 0.03194804
v 0.06231975 0.11939894 0.03273461
v 0.07388143 0.11178538 0.03502284
v 0.06855818 0.11435264 0.03550667
v 0.06282577 0.11672157 0.03585972
v 0.09052880 0.09881176 0.03549751
v 0.05754435 0.12206907 0.03165205
v 0.05443077 0.12638865 0.02672700
v 0.05203792 0.12438587 0.03156821
v 0.05089599 0.12686900 0.02861707
v 0.05244705 0.12871407 0.02426328
v 0.05488956 0.12902893 0.02218438
v 0.04891797 0.12652196 0.03032478
v 0.05531156 0.12104516 0.03440719
v 0.05272467 0.12961529 0.02248107
v 0.05015922 0.12808028 0.02685531
v 0.05354983 0.13085947 0.01949295
v 0.05134609 0.12352089 0.03305895
v 0.06225499 0.11464583 0.03857264
v 0.08273236 0.10083561 0.04003282
v 0.08671493 0.09802415 0.03975744
v 0.08955189 0.09664558 0.03884526
v 0.07850074 0.10324875 0.04071469
v 0.07319624 0.10772720 0.03977191
v 0.06808974 0.10970518 0.04077779
v 0.07353502 0.10499234 0.04228962
v 0.07884495 0.09879598 0.04486005
v 0.09364144 0.09821147 0.03283051
v 0.09732023 0.09407633 0.03387840
v 0.08960748 0.09230468 0.04328181
v 0.09469208 0.08826230 0.04324203
v 0.09534432 0.09062866 0.03993782
v 0.09588417 0.08921058 0.04123424
v 0.09730366 0.08958757 0.03951608
v 0.09878965 0.09068837 0.03662935
v 0.09866600 0.09226881 0.03449042
v 0.10011751 0.09155181 0.03398468
v 0.09991525 0.09332659 0.03155110
v 0.10152121 0.09206458 0.03142060
v 0.08499997 0.09340537 0.04568353
v 0.09272551 0.08766326 0.04540094
v 0.09363515 0.08762788 0.04481126
v 0.09474676 0.10099266 0.02784261
v 0.10173860 0.09433017 0.02728168
v 0.10246335 0.09344710 0.02786445
v 0.07343979 0.10225776 0.04493200
v 0.09168481 0.10645767 0.02366066
v 0.06278166 0.11117883 0.04187057
v 0.06845978 0.10498327 0.04503337
v 0.08877247 0.08685437 0.04878832
v 0.09149955 0.08670212 0.04732497
v 0.09038719 0.08571614 0.04899758
v 0.06584617 0.10915084 0.04240671
v 0.07864566 0.09664266 0.04684475
v 0.09876482 0.09740415 0.02729612
v 0.08916744 0.08485681 0.05038140
v 0.04628007 0.12567948 0.03246008
v 0.04662364 0.12631947 0.03153109
v 0.08282169 0.08936490 0.05031359
v 0.07332775 0.09843439 0.04819792
v 0.07844268 0.09275952 0.05010209
v 0.05693642 0.11539303 0.03981542
v 0.05170178 0.12197241 0.03469476
v 0.10261837 0.09597953 0.02246733
v 0.06221284 0.10824879 0.04473118
v 0.05798383 0.11055992 0.04391167
v 0.10415962 0.09460612 0.02253816
v 0.10284495 0.09317241 0.02784011
v 0.10250337 0.09270559 0.02840534
v 0.09678109 0.10182946 0.02302169
v 0.09296655 0.10860133 0.01716241
v 0.07332072 0.09483718 0.05100416
v 0.08520217 0.08345627 0.05319515
v 0.07019058 0.09724573 0.05054273
v 0.08793123 0.08374206 0.05180634
v 0.08603886 0.08251595 0.05375039
v 0.06548861 0.10344644 0.04749344
v 0.04736409 0.12406638 0.03377384
v 0.05125928 0.11974639 0.03699213
v 0.06239367 0.10485787 0.04746693
v 0.07824161 0.09000176 0.05214597
v 0.06664898 0.09921405 0.05036340
v 0.10580060 0.09546884 0.01715597
v 0.08317375 0.08200267 0.05505547
v 0.08002001 0.08336421 0.05553029
v 0.07313920 0.09100966 0.05365357
v 0.06853404 0.09309387 0.05402817
v 0.06570086 0.09650003 0.05260456
v 0.06203578 0.09992356 0.05124371
v 0.09210978 0.08653488 0.04649186
v 0.08233768 0.07994434 0.05681282
v 0.05249589 0.11444878 0.04169356
v 0.04808286 0.12729456 0.02920436
v 0.07175206 0.08853240 0.05572894
v 0.08407534 0.08084158 0.05557135
v 0.07943749 0.07942152 0.05795085
v 0.05342530 0.11071925 0.04472345
v 0.05814210 0.10357044 0.04941691
v 0.05447279 0.10690159 0.04749414
v 0.06641665 0.09204375 0.05532915
v 0.09622384 0.10524459 0.01719723
v 0.09957782 0.10199009 0.01672812
v 0.10446359 0.09655999 0.01675158
v 0.06243269 0.09564566 0.05401210
v 0.04881153 0.11644080 0.04029439
v 0.07500066 0.08278887 0.05763658
v 0.07774351 0.07675100 0.06001999
v 0.08027413 0.07806647 0.05848559
v 0.08903894 0.11446091 0.01069917
v 0.09196768 0.11185704 0.01017746
v 0.05418400 0.10340499 0.05013699
v 0.05336604 0.13174479 0.01707596
v 0.07036319 0.08578390 0.05759944
v 0.07417758 0.07878287 0.05996800
v 0.06606830 0.08928474 0.05692450
v 0.05763841 0.09966089 0.05215691
v 0.04539862 0.12224492 0.03553233
v 0.06163866 0.09347759 0.05546539
v 0.05388724 0.10040671 0.05214415
v 0.05042801 0.12912413 0.02385632
v 0.07437454 0.07552025 0.06153617
v 0.07009828 0.07805181 0.06137220
v 0.07565860 0.07493818 0.06157201
v 0.06732924 0.08332559 0.05961059
v 0.07426548 0.07366906 0.06254716
v 0.04552053 0.12555803 0.03259836
v 0.04543021 0.11161375 0.04429441
v 0.04491671 0.11541879 0.04126963
v 0.05059450 0.10441826 0.04955847
v 0.06246816 0.08953507 0.05742284
v 0.05232903 0.13071210 0.01994620
v 0.08240669 0.07933843 0.05699291
v 0.05609341 0.13223189 0.01283639
v 0.06666203 0.08132948 0.06063898
v 0.05374351 0.09417823 0.05573740
v 0.05810022 0.09295116 0.05606825
v 0.06241919 0.08542767 0.05933128
v 0.05467656 0.08981247 0.05778893
v 0.04495428 0.10722829 0.04742838
v 0.04538769 0.10282587 0.05052246
v 0.04746651 0.09959685 0.05259658
v 0.06956723 0.07389731 0.06314873
v 0.07145322 0.07138908 0.06394756
v 0.04261763 0.11885061 0.03819096
v 0.08617767 0.11678471 0.01055310
v 0.10617921 0.09606898 0.01312026
v 0.10544313 0.09757925 0.00909021
v 0.09542517 0.10840325 0.00967896
v 0.05224741 0.13305436 0.01289592
v 0.06081002 0.08160016 0.06113204
v 0.06280343 0.07839281 0.06224811
v 0.03831126 0.11514160 0.04075780
v 0.03828667 0.11144027 0.04346711
v 0.03860260 0.12087097 0.03586747
v 0.03762484 0.11892846 0.03746956
v 0.04391565 0.12409880 0.03359163
v 0.06903183 0.06994960 0.06478118
v 0.06517117 0.07530279 0.06311861
v 0.06490784 0.07274353 0.06413459
v 0.04481024 0.10005227 0.05212525
v 0.09982908 0.10380580 0.00904031
v 0.10202700 0.10153820 0.00849942
v 0.10680394 0.09619869 0.00988603
v 0.08657071 0.11731947 0.00546264
v 0.08315087 0.11969713 0.00590754
v 0.07960931 0.12200164 0.00620668
v 0.07503374 0.12457410 0.00758178
v 0.08928962 0.11511950 0.00562752
v 0.05043504 0.13198690 0.01643720
v 0.04691428 0.13240168 0.01561503
v 0.04715221 0.13107194 0.01843528
v 0.04516287 0.13217560 0.01655870
v 0.04519748 0.12987781 0.02077060
v 0.04757713 0.12914790 0.02315799
v 0.04399271 0.13095143 0.01907644
v 0.04340977 0.13249476 0.01705078
v 0.04193698 0.13091083 0.02039353
v 0.04365895 0.12906629 0.02216003
v 0.04113188 0.13314889 0.01839372
v 0.03972084 0.13297189 0.01997260
v 0.04221209 0.13405587 0.01636150
v 0.04390373 0.13368817 0.01451652
v 0.04616122 0.13413442 0.01113469
v 0.04518973 0.13465618 0.01101803
v 0.04379138 0.13473404 0.01348048
v 0.04067932 0.13566466 0.01735922
v 0.04242612 0.13643353 0.01390088
v 0.03803952 0.14024592 0.01559062
v 0.03784226 0.13845054 0.01791903
v 0.03335632 0.14267703 0.01866751
v 0.03469036 0.13954841 0.02020246
v 0.02975495 0.14492976 0.02008768
v 0.02990968 0.14726832 0.01749843
v 0.02538320 0.14969258 0.02000711
v 0.02505050 0.15263645 0.01732281
v 0.03830762 0.13558260 0.01997404
v 0.02042539 0.15649560 0.01895434
v 0.02214987 0.15303930 0.02024289
v 0.01702564 0.15909070 0.02012071
v 0.01715902 0.16110667 0.01831086
v 0.01321387 0.16513876 0.01892382
v 0.01234160 0.16441546 0.02021644
v 0.00950868 0.16958698 0.01854153
v 0.01111486 0.16990572 0.01679180
v 0.01444130 0.16522292 0.01748384
v 0.01104773 0.17099116 0.01570953
v 0.00786286 0.17253229 0.01641210
v 0.00663654 0.17123626 0.01877315
v 0.00660711 0.16972819 0.02028295
v 0.00947765 0.17365586 0.01323195
v 0.00515691 0.17023661 0.02031732
v 0.00475875 0.16970052 0.02110986
v 0.01124528 0.17248451 0.01290917
v 0.02166782 0.15638949 0.01747820
v 0.03168379 0.14727127 0.01487503
v 0.01079986 0.17458773 0.00919746
v 0.01426438 0.16786443 0.01479760
v 0.03697067 0.14359875 0.01216052
v 0.02749381 0.15234689 0.01375098
v 0.01928159 0.16140119 0.01477994
v 0.02491070 0.15535526 0.01347844
v 0.01662226 0.16556278 0.01393089
v 0.04006352 0.14085689 0.01125875
v 0.04255840 0.13780257 0.01157665
v 0.03254059 0.14758582 0.01275921
v 0.01354465 0.17023782 0.01253769
v 0.02069407 0.16049779 0.01352365
v 0.01353070 0.17184933 0.00963035
v 0.03622379 0.14564908 0.00893546
v 0.03166694 0.15017209 0.00878703
v 0.02909914 0.15277845 0.00904026
v 0.02675475 0.15549924 0.00878280
v 0.01287264 0.17421978 0.00503779
v 0.01397533 0.17329671 0.00484637
v 0.02213631 0.15923234 0.01257581
v 0.02124688 0.16227545 0.00898176
v 0.02439860 0.15840790 0.00873489
v 0.04102874 0.14090722 0.00840515
v 0.01877769 0.16553936 0.00901889
v 0.01530087 0.17074757 0.00745764
v 0.04704025 0.13460386 0.00722397
v 0.04445755 0.13679476 0.00827594
v 0.01670727 0.17016495 0.00467122
v 0.03810856 0.14483878 0.00507811
v 0.03442897 0.14847545 0.00497201
v 0.03016066 0.15293232 0.00480454
v 0.04729985 0.13396700 0.01126858
v 0.02743396 0.15607108 0.00459957
v 0.01113387 0.17499866 0.00555818
v 0.01178774 0.17481599 0.00501123
v 0.04265200 0.12933602 0.02185558
v 0.04110940 0.12850101 0.02313558
v 0.04178617 0.14097725 0.00504857
v 0.04464009 0.13747889 0.00503774
v 0.02127734 0.16385011 0.00469483
v 0.07182246 0.12704906 0.00036560
v 0.08385812 0.11982123 0.00060881
v 0.08707601 0.11749218 0.00059641
v 0.08031452 0.12215083 0.00050535
v 0.04636962 0.13510761 0.00531248
v 0.07640784 0.12448470 0.00049437
v 0.09365528 0.11108525 0.00491280
v 0.04759379 0.13478504 0.00288834
v 0.01374331 0.17404534 0.00039599
v 0.06861907 0.12775112 0.00778843
v 0.06562495 0.12978789 0.00066593
v 0.06389710 0.13014404 0.00336377
v 0.10730357 0.09642483 0.00480210
v 0.06260142 0.13091849 0.00074051
v 0.05873656 0.13222842 0.00068766
v 0.05759343 0.13224679 0.00346451
v 0.09051662 0.11461433 0.00055248
v 0.06221733 0.13029332 0.00907076
v 0.10586527 0.09792925 0.00022208
v 0.10730781 0.09695006 0.00015850
v 0.09422016 0.11105259 0.00030469
v 0.10076975 0.10393771 0.00062724
v 0.09758061 0.10743467 0.00036506
v 0.03544187 0.14797892 0.00031520
v 0.03081506 0.15275965 0.00039924
v 0.02683354 0.15744996 0.00008296
v 0.02291440 0.16243923 -0.00003476
v 0.01194136 0.17493186 0.00079012
v 0.01655794 0.17097744 -0.00000589
v 0.02052905 0.16559543 -0.00039895
v 0.03915409 0.14418432 0.00044438
v 0.04692487 0.13519161 0.00063048
v 0.04601886 0.13613563 0.00061419
v 0.04527607 0.13713904 0.00038309
v 0.10348617 0.10088789 0.00029989
v 0.05603268 0.13230544 0.01104137
v 0.05327497 0.13367149 0.00083138
v 0.05460595 0.13305954 0.00353449
v 0.04218016 0.14089990 0.00043716
v 0.05032766 0.13377661 0.00907202
v 0.01000116 0.17444666 0.00991288
v 0.01186975 0.17486917 -0.00436188
v 0.10005159 0.09079326 0.03444313
v 0.09890942 0.09024214 0.03670908
v 0.09765084 0.08928197 0.03862584
v 0.10577654 0.09776989 -0.00356045
v 0.10732196 0.09668496 -0.00617110
v 0.01330530 0.17404548 -0.00437148
v 0.10584482 0.09742731 -0.00801470
v 0.09585206 0.08846303 0.04146245
v 0.04427178 0.12840668 0.02375513
v 0.10429782 0.09905412 -0.00794585
v 0.08983575 0.11480253 -0.00355977
v 0.07961785 0.12206211 -0.00502046
v 0.07592493 0.12374621 -0.01061613
v 0.07869975 0.12208725 -0.01051628
v 0.08403607 0.11916074 -0.00452990
v 0.08241194 0.11960579 -0.01027964
v 0.08673628 0.11701777 -0.00625882
v 0.08577958 0.11715949 -0.01033680
v 0.07332292 0.12551642 -0.00646640
v 0.07296442 0.12539758 -0.01071395
v 0.06946980 0.12727231 -0.00788913
v 0.06928016 0.12713913 -0.01115876
v 0.06891683 0.12802118 -0.00281472
v 0.06298248 0.12967478 -0.01169156
v 0.06221942 0.13001619 -0.00905637
v 0.06361840 0.12983619 -0.00523017
v 0.05954493 0.13084208 -0.01221341
v 0.05532793 0.13221514 -0.01286601
v 0.05502461 0.13240821 -0.00975802
v 0.01469949 0.17259542 -0.00471091
v 0.10338772 0.10055991 -0.00395598
v 0.10183975 0.10179818 -0.00807544
v 0.09278957 0.11160254 -0.00703999
v 0.09889564 0.10496918 -0.00801057
v 0.03532502 0.14756525 -0.00482729
v 0.03047035 0.15270552 -0.00477731
v 0.02700637 0.15688431 -0.00440645
v 0.08964774 0.11450920 -0.00701045
v 0.02162601 0.16365507 -0.00484150
v 0.01753748 0.16914244 -0.00485842
v 0.03957070 0.14306959 -0.00494890
v 0.06006670 0.13094531 -0.00565591
v 0.05574862 0.13247649 -0.00507299
v 0.04211057 0.14007670 -0.00552722
v 0.04393713 0.13777953 -0.00573303
v 0.01116470 0.17435356 -0.01003469
v 0.01382597 0.17239156 -0.00822081
v 0.01087758 0.17474584 -0.00911058
v 0.08915925 0.11429194 -0.01034238
v 0.05085150 0.13330046 -0.01137852
v 0.04749023 0.13448114 -0.00632926
v 0.04588929 0.13510875 -0.00475207
v 0.01111330 0.17500000 -0.00545646
v 0.09243513 0.11118458 -0.01040157
v 0.10669246 0.09625555 -0.01050149
v 0.10606144 0.09613539 -0.01333518
v 0.10419930 0.09806047 -0.01190102
v 0.10423880 0.09402869 0.02276877
v 0.09905883 0.10244506 -0.01618800
v 0.10139618 0.09973143 -0.01663426
v 0.09616288 0.10558878 -0.01547533
v 0.09244312 0.10917696 -0.01637676
v 0.08220694 0.11775888 -0.01715596
v 0.10425978 0.09635622 -0.01735736
v 0.10581874 0.09557455 -0.01662380
v 0.10520101 0.09581448 -0.01723421
v 0.10329473 0.09749948 -0.01675930
v 0.03028866 0.15221968 -0.00696694
v 0.07822079 0.12051748 -0.01683383
v 0.08939081 0.11207214 -0.01663473
v 0.02682383 0.15587983 -0.00798009
v 0.02430223 0.15923856 -0.00762342
v 0.01534043 0.17085661 -0.00778329
v 0.08578857 0.11518651 -0.01663391
v 0.07424567 0.12340205 -0.01521844
v 0.05190877 0.13269935 -0.01441200
v 0.04633998 0.13450432 -0.00790979
v 0.04499954 0.13468558 -0.00900346
v 0.03446895 0.14743623 -0.00769761
v 0.03880652 0.14274386 -0.00780852
v 0.04633018 0.13396941 -0.01037057
v 0.05988334 0.12972338 -0.01607641
v 0.06758689 0.12691254 -0.01449247
v 0.06387356 0.12756236 -0.01769098
v 0.07014828 0.12438664 -0.01817039
v 0.10400493 0.09481558 -0.02228364
v 0.10210274 0.09597198 -0.02278122
v 0.02032243 0.16327979 -0.00992517
v 0.01348375 0.17181543 -0.01054083
v 0.01914057 0.16556803 -0.00852725
v 0.08350769 0.11625176 -0.01847477
v 0.10619855 0.09551129 0.01365413
v 0.02944578 0.15149965 -0.01091338
v 0.02626666 0.15543838 -0.01049485
v 0.02311331 0.15937027 -0.01053198
v 0.07465213 0.12198663 -0.01856573
v 0.03280662 0.14791825 -0.01072879
v 0.10442947 0.09458061 -0.02180358
v 0.10069617 0.09728988 -0.02290303
v 0.05440068 0.13130180 -0.01714217
v 0.05223950 0.13211945 -0.01656583
v 0.01735994 0.16706710 -0.01030711
v 0.08684731 0.11186249 -0.02205026
v 0.03560890 0.14425302 -0.01171652
v 0.09260622 0.10610323 -0.02257358
v 0.09763200 0.10056213 -0.02331969
v 0.08880125 0.10995241 -0.02238141
v 0.04222070 0.13748044 -0.01051749
v 0.03878735 0.14102155 -0.01121185
v 0.07941025 0.11729695 -0.02234545
v 0.08208657 0.11569804 -0.02188747
v 0.08488200 0.11317823 -0.02259861
v 0.10118335 0.09514038 -0.02599763
v 0.10319453 0.09415079 -0.02588684
v 0.05760209 0.12969920 -0.01857641
v 0.10739313 0.09656374 0.00062480
v 0.09781784 0.09794971 -0.02742462
v 0.04904162 0.13336877 -0.01216976
v 0.07045911 0.12298844 -0.02119939
v 0.10303276 0.09366204 -0.02642786
v 0.10249502 0.09381459 -0.02751155
v 0.01225170 0.17150455 -0.01322708
v 0.10021984 0.09427323 -0.02926995
v 0.10143311 0.09396321 -0.02825155
v 0.09297352 0.10296394 -0.02736409
v 0.02663933 0.15313083 -0.01337058
v 0.01002144 0.17438561 -0.01092970
v 0.00943152 0.17381835 -0.01375948
v 0.07336842 0.12081882 -0.02246343
v 0.08905887 0.10671095 -0.02734696
v 0.08679975 0.08257667 0.05301983
v 0.03125468 0.14817560 -0.01296355
v 0.02064452 0.16057311 -0.01314308
v 0.07797481 0.07584743 0.06003110
v 0.01667780 0.16552240 -0.01354462
v 0.10627228 0.09572329 -0.01219338
v 0.10536755 0.09522101 -0.01733300
v 0.10171070 0.09294139 -0.03017319
v 0.08526803 0.08122228 0.05434581
v -0.05823876 -0.17440719 -0.05744278
v -0.05652467 -0.17161004 -0.05840340
v -0.05328849 -0.17444536 -0.05785670
v -0.04986798 -0.17294309 -0.05841168
v -0.04900366 -0.17450289 -0.05790453
v -0.04905627 -0.17159587 -0.05871406
v -0.04214277 -0.17165182 -0.05837673
v -0.04187720 -0.17453224 -0.05749791
v -0.04127226 -0.17267562 -0.05795242
v -0.03795466 -0.17293421 -0.05741989
v -0.03595545 -0.17435621 -0.05668066
v -0.03500767 -0.17169959 -0.05703287
v -0.03434415 -0.17300192 -0.05661195
v -0.03099069 -0.17424422 -0.05539950
v -0.02994257 -0.17278889 -0.05540387
v -0.04127318 -0.17155681 -0.05802479
v -0.03839687 -0.17496283 -0.05670916
v -0.02754806 -0.17439173 -0.05399353
v -0.02639056 -0.17310207 -0.05394435
v -0.02425471 -0.17419333 -0.05266313
v -0.03189727 -0.17484509 -0.05525414
v -0.02686911 -0.17172736 -0.05434010
v -0.02965860 -0.17171624 -0.05541907
v -0.03422178 -0.17155870 -0.05661632
v -0.02367272 -0.17172770 -0.05293001
v -0.02141165 -0.17418043 -0.05124153
v -0.02080041 -0.17274967 -0.05132264
v -0.01868900 -0.17336608 -0.05004584
v -0.02484584 -0.17479186 -0.05254599
v -0.02100878 -0.17174559 -0.05153401
v -0.01864695 -0.17176930 -0.05021082
v -0.01872495 -0.17483042 -0.04932609
v -0.02229946 -0.17481696 -0.05127349
v -0.01503300 -0.17403252 -0.04731826
v -0.02581972 -0.17493781 -0.05249256
v -0.01612825 -0.17283850 -0.04843560
v -0.04998761 -0.17497680 -0.05718751
v -0.03511336 -0.17495610 -0.05564890
v -0.05895769 -0.17494428 -0.05687337
v -0.02902538 -0.17494221 -0.05407198
v -0.06252182 -0.17477126 -0.05658049
v -0.06387888 -0.17421045 -0.05660401
v -0.06057387 -0.17274758 -0.05763149
v -0.05722456 -0.17264592 -0.05803355
v -0.06450836 -0.17285542 -0.05678797
v -0.06832949 -0.17391145 -0.05538844
v -0.06931142 -0.17266369 -0.05530343
v -0.07151454 -0.17387148 -0.05406743
v -0.07267260 -0.17260248 -0.05388052
v -0.07365711 -0.17448563 -0.05273494
v -0.07527165 -0.17165546 -0.05273517
v -0.07700502 -0.17403356 -0.05112748
v 0.01697840 0.08127066 0.04637632
v 0.02208270 0.07709514 0.05015560
v 0.02154690 0.07410934 0.05031259
v 0.01835812 0.07513174 0.04817203
v 0.01939844 0.08262210 0.04747155
v 0.01448232 0.07923331 0.04498915
v 0.02129918 0.06787297 0.05081110
v 0.01737881 0.06934676 0.04808851
v 0.01340800 0.07459745 0.04474433
v 0.02509316 0.06962716 0.05286866
v 0.01526482 0.06735250 0.04665340
v 0.01923430 0.06198958 0.04972556
v 0.02187562 0.05892634 0.05160814
v 0.02415194 0.05838643 0.05303606
v 0.02889924 0.06168786 0.05564064
v 0.02777464 0.06915817 0.05438356
v 0.02904655 0.05291767 0.05608931
v 0.03423495 0.05571329 0.05881967
v 0.03131670 0.06647410 0.05645455
v 0.03552128 0.05817102 0.05928766
v 0.02699721 0.07593300 0.05294426
v 0.03356975 0.04699296 0.05863473
v 0.02219923 0.05531112 0.05176695
v 0.03710054 0.04748676 0.06044563
v 0.03370309 0.04413293 0.05882112
v 0.03169458 0.04606931 0.05752007
v 0.02875104 0.04897581 0.05582740
v 0.03823982 0.04573209 0.06103502
v 0.02201775 0.05169447 0.05141953
v 0.03014131 0.07213958 0.05514123
v 0.01837537 0.05731745 0.04909120
v 0.03951395 0.04918132 0.06145009
v 0.03831952 0.05488278 0.06067583
v 0.03520393 0.06668526 0.05815749
v 0.03269317 0.07240067 0.05627172
v 0.02722056 0.08000902 0.05226296
v 0.02500169 0.08356338 0.05032859
v 0.03869351 0.05807196 0.06059987
v 0.03123000 0.04123349 0.05696753
v 0.02868265 0.04245842 0.05523978
v 0.03033089 0.03991959 0.05633456
v 0.01358853 0.06553655 0.04539776
v 0.02791717 0.03867082 0.05452381
v 0.03521131 0.04355212 0.05948347
v 0.01506164 0.08297628 0.04464013
v 0.04140384 0.04781179 0.06222500
v 0.01381427 0.05971087 0.04550129
v 0.02451107 0.04013278 0.05185771
v 0.02230274 0.04694807 0.05107299
v 0.01181343 0.07804749 0.04297943
v 0.02545841 0.03657824 0.05244302
v 0.01866831 0.05116076 0.04878907
v 0.01480355 0.05349004 0.04579636
v 0.01080669 0.07383487 0.04259256
v 0.03295286 0.04201960 0.05807671
v 0.01056617 0.06810757 0.04264462
v 0.02795465 0.08307286 0.05191324
v 0.04272176 0.04969962 0.06259880
v 0.04355499 0.04871846 0.06331097
v 0.01656152 0.08598864 0.04479557
v 0.01220904 0.08158800 0.04260773
v 0.03341456 0.07554452 0.05590365
v 0.03321650 0.07865223 0.05504694
v 0.03981127 0.05970735 0.06075308
v 0.01042001 0.06235098 0.04241139
v 0.02075169 0.04198242 0.04904829
v 0.01649978 0.04451810 0.04592445
v 0.02294363 0.03799033 0.05023138
v 0.02350581 0.03480100 0.05044512
v 0.01242803 0.05487888 0.04375450
v 0.00888646 0.07864538 0.04006682
v 0.00799147 0.07324276 0.03979082
v 0.02276073 0.08830252 0.04756431
v 0.00840714 0.06576969 0.04041154
v 0.03214767 0.04057965 0.05800131
v 0.01242162 0.08535121 0.04165447
v 0.00917401 0.08390445 0.03912660
v 0.03782346 0.07006508 0.05850931
v 0.02740795 0.08812011 0.05009393
v 0.04311833 0.05384138 0.06236786
v 0.02090912 0.03932870 0.04859362
v 0.01407622 0.04490009 0.04365196
v 0.00650509 0.07766170 0.03760234
v 0.03400476 0.04198665 0.05900349
v 0.03123846 0.08299773 0.05317201
v 0.03778590 0.07815295 0.05681404
v 0.04268192 0.06643454 0.06055533
v 0.00687610 0.08400528 0.03663028
v 0.01507911 0.09195998 0.04116556
v 0.01041851 0.09069582 0.03777571
v 0.01714494 0.08827670 0.04421429
v 0.02134403 0.09341224 0.04479926
v 0.01797366 0.09314479 0.04276511
v 0.03986653 0.07495711 0.05813432
v 0.04523380 0.06291644 0.06182160
v 0.03946220 0.08180995 0.05637604
v 0.04604907 0.05100408 0.06340120
v 0.04580813 0.05354014 0.06311348
v 0.03417808 0.08771042 0.05277665
v 0.02753704 0.09363336 0.04789903
v 0.01704176 0.09696839 0.04034643
v 0.01425216 0.09555875 0.03890181
v 0.00989331 0.09499407 0.03540280
v 0.03651545 0.08595944 0.05405456
v 0.04489665 0.04989385 0.06334939
v 0.03178166 0.08964506 0.05121281
v 0.04884896 0.05760240 0.06321445
v 0.04627748 0.06700975 0.06136792
v 0.04468630 0.07279664 0.05978815
v 0.02177183 0.09582458 0.04394353
v 0.04967320 0.05431318 0.06390856
v 0.05252827 0.05605049 0.06433429
v 0.04214833 0.07737161 0.05814969
v 0.04781085 0.05217964 0.06361660
v 0.05220167 0.06086107 0.06330264
v 0.05523091 0.05765704 0.06459214
v 0.03258715 0.09341617 0.04993834
v 0.01149212 0.09796062 0.03539024
v 0.02695533 0.09998063 0.04451498
v 0.04075004 0.08452678 0.05579102
v 0.02923959 0.09599476 0.04750863
v 0.04963522 0.07029156 0.06132977
v 0.05073347 0.06594683 0.06234195
v 0.05601147 0.06203488 0.06388327
v 0.05706978 0.05928494 0.06455574
v 0.03919101 0.09155706 0.05275303
v 0.05535059 0.07164090 0.06205939
v 0.04325201 0.08315323 0.05677865
v 0.05781834 0.05916617 0.06490356
v 0.06005824 0.06124020 0.06477931
v 0.06177714 0.06358260 0.06436635
v 0.05536946 0.07373533 0.06151632
v 0.06224640 0.06308191 0.06466802
v 0.05992190 0.06358951 0.06421906
v 0.05737774 0.06520433 0.06346234
v 0.04897360 0.07677637 0.05947726
v 0.04581063 0.07960595 0.05820780
v 0.06116423 0.06826425 0.06332670
v 0.05659743 0.07674305 0.06081916
v 0.05097699 0.08041062 0.05871511
v 0.04160625 0.08902407 0.05426186
v 0.04539423 0.08794179 0.05547465
v 0.06220529 0.06582571 0.06400502
v 0.03687371 0.09399059 0.05094876
v 0.02504344 0.10111987 0.04286727
v 0.03208546 0.09736075 0.04783348
v 0.05582552 0.07981906 0.05968037
v 0.04994876 0.05349579 0.06449785
v 0.04835505 0.05230120 0.06425316
v 0.01999212 0.10163253 0.03958943
v 0.01673351 0.10005616 0.03838494
v 0.01666394 0.10550063 0.03531029
v 0.02157033 0.10462440 0.03881775
v 0.05240362 0.08329217 0.05787130
v 0.04758127 0.08649612 0.05624547
v 0.04658316 0.08872787 0.05532617
v 0.05909446 0.07288909 0.06209561
v 0.03844591 0.09562339 0.05054924
v 0.01433250 0.10512123 0.03374362
v 0.01193509 0.10295769 0.03292912
v 0.02124709 0.10897943 0.03595239
v 0.02741203 0.10494026 0.04164207
v 0.04250908 0.09382000 0.05232238
v 0.01657794 0.10863516 0.03327004
v 0.01789132 0.10970341 0.03344450
v 0.02829217 0.10196436 0.04386626
v 0.03156939 0.10091183 0.04556337
v 0.06544873 0.06639916 0.06373999
v 0.05424274 0.05666146 0.06475667
v 0.03854065 0.04520021 0.06159730
v 0.03567074 0.04321310 0.06010705
v 0.02310301 0.11002407 0.03617560
v 0.00788552 0.09105412 0.03502718
v 0.00952433 0.09850510 0.03322505
v 0.00756863 0.09465773 0.03310739
v 0.02723241 0.10860389 0.03909057
v 0.03801479 0.10027396 0.04771069
v 0.04630799 0.09375719 0.05287921
v 0.02968068 0.03915390 0.05607507
v 0.02813026 0.03778264 0.05518972
v 0.05351746 0.08527413 0.05713078
v 0.05630360 0.08294803 0.05838247
v 0.06269191 0.07088821 0.06268404
v 0.06534721 0.06968722 0.06289720
v 0.04083369 0.10245037 0.04706336
v 0.06059622 0.07581354 0.06124710
v 0.03262169 0.10567556 0.04277489
v 0.03832733 0.10608175 0.04409911
v 0.01036276 0.10815364 0.02814006
v 0.02141739 0.11275627 0.03323083
v 0.01294193 0.10948868 0.02953584
v 0.00925362 0.10487580 0.02914004
v 0.03279158 0.10841383 0.04093069
v 0.02995160 0.10988552 0.03908036
v 0.02730495 0.11118416 0.03720863
v 0.04864276 0.09126663 0.05429214
v 0.01234114 0.11257586 0.02678537
v 0.04651489 0.09908726 0.04996932
v 0.04576715 0.10283887 0.04761942
v 0.05570374 0.08867871 0.05577951
v 0.01714268 0.11436288 0.02925280
v 0.02041046 0.11523264 0.03050537
v 0.06114442 0.07969678 0.05980563
v 0.05647751 0.08526547 0.05722709
v 0.02710290 0.11431787 0.03460094
v 0.04899877 0.09444809 0.05270379
v 0.05535073 0.09188604 0.05414110
v 0.00968242 0.11084620 0.02550847
v 0.01049810 0.11309440 0.02479852
v 0.00810847 0.11290083 0.02325315
v 0.00819454 0.10973624 0.02478638
v 0.00682766 0.11265610 0.02243545
v 0.00723452 0.11379577 0.02222102
v 0.00905264 0.11477916 0.02253451
v 0.00658340 0.10987898 0.02317147
v 0.00691447 0.10677951 0.02502453
v 0.05232242 0.05507882 0.06504118
v 0.00610835 0.09924871 0.02887088
v 0.02543708 0.03564427 0.05274976
v 0.03815443 0.10862743 0.04218536
v 0.02337572 0.11741308 0.03008825
v 0.02074218 0.11878522 0.02759025
v 0.02336965 0.11993976 0.02800299
v 0.01735251 0.11561303 0.02822869
v 0.02608623 0.11930127 0.02948366
v 0.04497478 0.10596649 0.04533259
v 0.03308483 0.11289222 0.03756767
v 0.04947132 0.09634653 0.05158988
v 0.03891719 0.11148328 0.04000539
v 0.06098424 0.08244794 0.05856566
v 0.01169217 0.11491692 0.02402087
v 0.01463564 0.11551335 0.02580724
v 0.01761428 0.11787401 0.02580939
v 0.01021542 0.11486232 0.02298567
v 0.06460907 0.06477991 0.06471817
v 0.06626917 0.06618200 0.06453352
v 0.05528330 0.09430517 0.05278240
v 0.04888686 0.10307082 0.04755829
v 0.05313269 0.09881162 0.05017230
v 0.06094105 0.08552933 0.05691481
v 0.06208982 0.08811652 0.05564681
v 0.06038964 0.09092964 0.05430594
v 0.06389176 0.07565534 0.06102125
v 0.04600843 0.10854221 0.04343476
v 0.05081900 0.10591038 0.04553447
v 0.05561723 0.09681041 0.05115105
v 0.02821461 0.11945877 0.03002067
v 0.03235009 0.11797063 0.03261883
v 0.02231777 0.12063919 0.02660015
v 0.03966878 0.11465601 0.03733231
v 0.03900326 0.11679719 0.03516718
v 0.04668051 0.11113877 0.04125329
v 0.00727473 0.11473027 0.02123509
v 0.06488425 0.08536121 0.05659405
v 0.06455063 0.08219905 0.05832516
v 0.06889239 0.06945539 0.06253467
v 0.06754860 0.06744692 0.06345346
v 0.07006588 0.06952728 0.06279639
v 0.06819915 0.07061555 0.06223982
v 0.06762726 0.07366587 0.06111692
v 0.05301272 0.10298558 0.04752089
v 0.05382564 0.10094869 0.04871136
v 0.06624117 0.08011407 0.05895554
v 0.02433136 0.12097727 0.02722549
v 0.05511337 0.09906229 0.04983187
v 0.06244691 0.09222370 0.05331520
v 0.05137375 0.10882266 0.04320847
v 0.04674574 0.11474053 0.03795660
v 0.04264440 0.11697495 0.03550825
v 0.05597367 0.10306920 0.04714259
v 0.05580956 0.10596470 0.04513932
v 0.05558278 0.10851189 0.04316564
v 0.06548876 0.08769949 0.05534906
v 0.06834539 0.08144631 0.05796882
v 0.07203596 0.07214462 0.06091362
v 0.07043176 0.07011514 0.06205949
v 0.07268402 0.07170702 0.06136163
v 0.07476118 0.07302595 0.06036734
v 0.07457492 0.07359782 0.05979413
v 0.07688628 0.07475381 0.05895053
v 0.07640362 0.07560207 0.05836328
v 0.06218392 0.09508921 0.05135861
v 0.06488025 0.09206163 0.05293871
v 0.07282493 0.07495846 0.05957327
v 0.07266470 0.07787516 0.05827442
v 0.06096767 0.09796846 0.04948436
v 0.02732393 0.12068342 0.02822014
v 0.04155126 0.11983194 0.03231723
v 0.04555315 0.12079932 0.03180886
v 0.04697384 0.11731419 0.03541697
v 0.03140114 0.11979223 0.03034802
v 0.05196772 0.11188110 0.04038194
v 0.05030128 0.11469975 0.03784324
v 0.07840404 0.07569570 0.05801872
v 0.06109839 0.10194393 0.04681576
v 0.06190875 0.10459970 0.04484351
v 0.04352105 0.12228151 0.02975551
v 0.06513609 0.10073388 0.04663010
v 0.02633725 0.12208328 0.02630723
v 0.03617673 0.12112907 0.02940123
v 0.07939928 0.07727930 0.05647868
v 0.08040911 0.07723247 0.05651393
v 0.08068654 0.07823720 0.05552029
v 0.07208994 0.08707345 0.05387370
v 0.06751034 0.09177673 0.05239691
v 0.05039116 0.11725621 0.03519229
v 0.04894870 0.12038827 0.03196158
v 0.06087324 0.10790118 0.04250990
v 0.08248628 0.07890620 0.05464335
v 0.08360430 0.08039780 0.05315504
v 0.08463341 0.08004648 0.05353997
v 0.05376335 0.11425067 0.03785706
v 0.03238790 0.12256725 0.02670196
v 0.06566669 0.10377929 0.04438124
v 0.05653336 0.11165178 0.03989826
v 0.07674326 0.08262450 0.05448183
v 0.07211006 0.08156138 0.05670998
v 0.06947361 0.09761044 0.04757428
v 0.02914044 0.12373033 0.02460493
v 0.03334953 0.12522020 0.02366099
v 0.03504342 0.12414769 0.02502431
v 0.03619654 0.12294180 0.02665769
v 0.07367368 0.08839112 0.05248030
v 0.07184693 0.09347175 0.04974636
v 0.06822582 0.10157144 0.04501064
v 0.03504928 0.12637090 0.02220694
v 0.07592108 0.08702395 0.05242436
v 0.05561021 0.11497976 0.03668856
v 0.04666613 0.12225150 0.02988932
v 0.03756026 0.12521505 0.02351064
v 0.07973123 0.08338665 0.05280749
v 0.06120530 0.11184197 0.03838457
v 0.07331822 0.09454416 0.04833805
v 0.05488768 0.11917823 0.03180770
v 0.07269727 0.09931241 0.04487493
v 0.06448551 0.10868245 0.04040315
v 0.08577685 0.08107362 0.05200813
v 0.08516250 0.08162611 0.05158369
v 0.08311538 0.08655276 0.04921213
v 0.07888952 0.08989553 0.04908373
v 0.06722586 0.10588882 0.04178224
v 0.07160537 0.10229987 0.04285394
v 0.08641176 0.08228749 0.05040088
v 0.08004508 0.09135152 0.04743856
v 0.06177513 0.11333839 0.03646243
v 0.05082969 0.12236170 0.02887006
v 0.06571451 0.10939815 0.03914566
v 0.08795007 0.08435002 0.04818065
v 0.08896305 0.08395408 0.04820832
v 0.07832185 0.09552289 0.04490514
v 0.07388551 0.10052805 0.04320167
v 0.05002741 0.12498061 0.02513211
v 0.09081381 0.08566445 0.04541028
v 0.09157036 0.08549854 0.04542125
v 0.09025196 0.08671043 0.04476034
v 0.07184239 0.10450978 0.04060534
v 0.05784603 0.11968416 0.02999069
v 0.05592418 0.12260211 0.02656044
v 0.05750832 0.11720480 0.03325087
v 0.06227572 0.11771515 0.03027406
v 0.07834645 0.09834937 0.04240303
v 0.08325332 0.09211043 0.04481345
v 0.09214824 0.08664476 0.04346656
v 0.09359189 0.08675021 0.04308037
v 0.06289464 0.11409571 0.03483331
v 0.06121915 0.11970564 0.02823017
v 0.08388085 0.09479933 0.04187678
v 0.08968271 0.09035151 0.04185849
v 0.07279040 0.10671098 0.03763661
v 0.06674266 0.11055175 0.03708518
v 0.05952332 0.12109268 0.02714614
v 0.07901304 0.10294091 0.03725884
v 0.07300168 0.10885891 0.03499652
v 0.06787818 0.11389492 0.03199237
v 0.08218543 0.09913323 0.03887414
v 0.07911639 0.10586229 0.03399989
v 0.07369795 0.11142568 0.03133650
v 0.08236344 0.10407857 0.03355263
v 0.07893625 0.10880493 0.03081983
v 0.07002251 0.11470850 0.02937474
v 0.06788917 0.11721274 0.02724482
v 0.08731353 0.09900219 0.03482911
v 0.06704480 0.11939956 0.02455748
v 0.05478794 0.12460213 0.02375035
v 0.09282642 0.08810468 0.04148992
v 0.09473317 0.08839433 0.03963321
v 0.09453439 0.08752883 0.04105478
v 0.09567814 0.08797738 0.03991790
v 0.08283481 0.10700699 0.02967617
v 0.08214750 0.10926210 0.02773950
v 0.07955457 0.11096730 0.02747639
v 0.07450181 0.11380052 0.02729838
v 0.09095290 0.09436451 0.03650493
v 0.08915775 0.09954287 0.03257413
v 0.08725795 0.10329961 0.03004091
v 0.09575757 0.08882622 0.03816666
v 0.06194381 0.12269073 0.02249911
v 0.06618318 0.12073922 0.02294155
v 0.05849659 0.12481408 0.02100091
v 0.08508417 0.10648973 0.02817016
v 0.07380840 0.11595408 0.02424087
v 0.09446306 0.09247234 0.03519640
v 0.07221332 0.11924295 0.02002033
v 0.09699566 0.09002549 0.03542710
v 0.09733436 0.08941480 0.03598860
v 0.09839409 0.08953562 0.03543428
v 0.08877271 0.10390517 0.02765954
v 0.09545828 0.09433666 0.03192248
v 0.09079926 0.10123319 0.02867564
v 0.09934046 0.09059589 0.03225444
v 0.09780842 0.09155775 0.03250385
v 0.08721465 0.11378104 -0.00705915
v 0.09031067 0.11128794 -0.00674865
v 0.09071085 0.11138063 -0.00138238
v 0.08775084 0.11397649 0.00085308
v 0.08338508 0.11686055 -0.00423363
v 0.08445800 0.11632672 0.00148265
v 0.08297528 0.11649114 -0.01009170
v 0.08599725 0.11406837 -0.01087632
v 0.08912693 0.11140536 -0.01106717
v 0.09092083 0.11128857 0.00131714
v 0.09294098 0.10889077 -0.00678970
v 0.09397159 0.10841159 -0.00273026
v 0.09392320 0.10859943 0.00120695
v 0.09528671 0.10661294 -0.00689980
v 0.09384267 0.10728486 -0.01016032
v 0.09641420 0.10612620 0.00070152
v 0.09793117 0.10419921 -0.00301786
v 0.09750458 0.10414472 -0.00736895
v 0.10114792 0.10071895 -0.00630005
v 0.10353028 0.09909879 0.00056877
v 0.10313926 0.09880013 -0.00550274
v 0.10438063 0.09806491 -0.00277793
v 0.10053665 0.10187586 0.00165860
v 0.09773359 0.10468420 0.00142693
v 0.10132368 0.09954879 -0.01008809
v 0.09645862 0.10425076 -0.01098174
v 0.09352149 0.10581652 -0.01601976
v 0.09868298 0.10033620 -0.01625797
v 0.09654879 0.10246699 -0.01651888
v 0.09058494 0.10848299 -0.01664720
v 0.08781039 0.11119858 -0.01628009
v 0.08441436 0.11385874 -0.01654651
v 0.10017623 0.09881421 -0.01582730
v 0.10494266 0.09586871 -0.00752557
v 0.10364575 0.09592086 -0.01214626
v 0.10378428 0.09470343 -0.01519486
v 0.10411838 0.09728971 -0.00626609
v 0.10281610 0.09438793 -0.01894111
v 0.09427786 0.10292068 -0.02090630
v 0.09843752 0.09884333 -0.02015075
v 0.08839173 0.10842420 -0.02154662
v 0.09246889 0.10392194 -0.02260067
v 0.09702484 0.09919101 -0.02257964
v 0.09982499 0.09605099 -0.02243061
v 0.08190369 0.11632983 -0.01315213
v 0.08399544 0.11173050 -0.02213676
v 0.10171801 0.09412283 -0.02176907
v 0.08005863 0.11657852 -0.01694069
v 0.07603987 0.11917605 -0.01670025
v 0.07807996 0.11943557 -0.01067232
v 0.08137918 0.11397664 -0.02141530
v 0.07783509 0.11657841 -0.02068222
v 0.07833951 0.11951589 -0.00932340
v 0.09388302 0.09979681 -0.02710103
v 0.08965920 0.10410823 -0.02675224
v 0.09758617 0.09520370 -0.02789837
v 0.09852146 0.09332673 -0.02918165
v 0.10085177 0.09327009 -0.02471087
v 0.09981696 0.09202751 -0.02894101
v 0.08469412 0.10855382 -0.02659512
v 0.08792024 0.10554599 -0.02689295
v 0.10451963 0.09506070 -0.01303040
v 0.10456710 0.09567510 -0.01048623
v 0.08278678 0.10996666 -0.02670958
v 0.09670768 0.09326098 -0.03186545
v 0.09873318 0.09165329 -0.03095918
v 0.09520495 0.09460796 -0.03195308
v 0.10191296 0.09312748 -0.02363079
v 0.10267190 0.09333061 -0.02218808
v 0.07284313 0.11940445 -0.02075845
v 0.07316469 0.12085497 -0.01630730
v 0.07929922 0.11214472 -0.02687414
v 0.07748138 0.11378067 -0.02623588
v 0.07613989 0.11668738 -0.02248258
v 0.09147435 0.09857172 -0.03168602
v 0.07606106 0.12064441 -0.01007649
v 0.07243752 0.12261905 -0.01077092
v 0.08835485 0.10185156 -0.03118253
v 0.07948715 0.11949970 -0.00124004
v 0.07350336 0.12220477 -0.00912067
v 0.07100324 0.12201503 -0.01597336
v 0.07987136 0.11936601 0.00112472
v 0.07307989 0.11625148 -0.02635065
v 0.06924840 0.12100467 -0.02070724
v 0.07029636 0.12350801 -0.01119993
v 0.08531487 0.10593254 -0.02917458
v 0.08471763 0.10381360 -0.03246643
v 0.10299769 0.09362415 -0.02148574
v 0.09764381 0.09145960 -0.03265463
v 0.09870613 0.09077491 -0.03300791
v 0.06677057 0.12336299 -0.01749017
v 0.06674567 0.12447583 -0.01370349
v 0.07386220 0.12268741 0.00075095
v 0.06691574 0.12497767 -0.01122201
v 0.09409355 0.09194214 -0.03618505
v 0.09632300 0.09037644 -0.03544847
v 0.09478122 0.08943002 -0.03841237
v 0.09196903 0.09246005 -0.03775915
v 0.08788602 0.09731038 -0.03669087
v 0.06728095 0.11921589 -0.02597187
v 0.07826591 0.10845819 -0.03255884
v 0.10152425 0.09234816 -0.02708456
v 0.06237862 0.12552751 -0.01616048
v 0.06620533 0.12214900 -0.02092069
v 0.06199853 0.12506186 -0.01811941
v 0.06009086 0.12469513 -0.02079908
v 0.07152830 0.11326902 -0.03152007
v 0.08332684 0.10039394 -0.03741912
v 0.07996147 0.10385558 -0.03631373
v 0.06253431 0.12089182 -0.02612851
v 0.06793911 0.11716380 -0.02860862
v 0.09308113 0.08810697 -0.04127978
v 0.05651852 0.12745386 -0.01680470
v 0.06343948 0.12619718 -0.01168596
v 0.05857760 0.12791941 -0.01227198
v 0.07074634 0.12418946 0.00008610
v 0.06680316 0.12551624 -0.00488038
v 0.06132044 0.12710318 -0.01006295
v 0.07723632 0.12078917 0.00144173
v 0.09585587 0.08925868 -0.03799930
v 0.05407539 0.12760308 -0.01835232
v 0.08483891 0.09352188 -0.04258376
v 0.06737868 0.11424324 -0.03283771
v 0.07726251 0.10400304 -0.03807555
v 0.07251174 0.10758427 -0.03738061
v 0.06938724 0.10937140 -0.03718949
v 0.05550375 0.12476809 -0.02340779
v 0.05407545 0.12653059 -0.02069480
v 0.06029424 0.12061919 -0.02784503
v 0.10045942 0.09269130 -0.02696647
v 0.10113629 0.09206894 -0.02774028
v 0.08716336 0.09030390 -0.04382614
v 0.09073173 0.08715634 -0.04404668
v 0.09175702 0.08666372 -0.04410396
v 0.08069943 0.10000788 -0.03964077
v 0.08562182 0.09476221 -0.04086639
v 0.06240740 0.11677523 -0.03209830
v 0.05495111 0.12281931 -0.02685985
v 0.05591136 0.12858893 -0.01277122
v 0.05368327 0.12846529 -0.01597881
v 0.06613782 0.10987659 -0.03835912
v 0.06338651 0.11392001 -0.03516575
v 0.08707000 0.08821499 -0.04572296
v 0.08929259 0.08592330 -0.04618544
v 0.07806376 0.09824636 -0.04293522
v 0.08239802 0.09201481 -0.04543955
v 0.07157799 0.10261977 -0.04261329
v 0.06737796 0.10436583 -0.04300507
v 0.05657603 0.11931921 -0.03121127
v 0.05784984 0.11685700 -0.03372235
v 0.05136753 0.12629166 -0.02240343
v 0.05219948 0.12800911 -0.01835274
v 0.05005493 0.12493040 -0.02525792
v 0.06237913 0.11140031 -0.03829878
v 0.05814748 0.11400342 -0.03684041
v 0.09740329 0.08991644 -0.03611193
v 0.06855353 0.12514843 0.00102954
v 0.05125732 0.12889473 -0.01597164
v 0.04961536 0.12385543 -0.02702843
v 0.07763655 0.09509078 -0.04570366
v 0.07273516 0.09753871 -0.04611539
v 0.09042769 0.08540025 -0.04672735
v 0.10560957 0.09525656 -0.01123495
v 0.10412745 0.09424177 -0.01853601
v 0.10581812 0.09565015 -0.00691410
v 0.08693960 0.08459940 -0.04852901
v 0.07952397 0.09113600 -0.04767566
v 0.08879854 0.08506335 -0.04714620
v 0.08778197 0.08388276 -0.04896472
v 0.06395662 0.10647002 -0.04240647
v 0.05039942 0.12171799 -0.02966370
v 0.06502213 0.10395677 -0.04424962
v 0.06871418 0.10103282 -0.04507956
v 0.07577028 0.09301008 -0.04811584
v 0.06093898 0.10861225 -0.04133561
v 0.05630276 0.12911925 -0.00615454
v 0.05414553 0.12982628 -0.00541221
v 0.06482960 0.12649673 0.00092148
v 0.05769076 0.12884581 -0.00089573
v 0.05111513 0.12984913 -0.01138866
v 0.09423819 0.08802415 -0.04120671
v 0.05406667 0.11510214 -0.03653114
v 0.05064819 0.11950417 -0.03221967
v 0.07222289 0.09359964 -0.04918684
v 0.06803062 0.09699641 -0.04834540
v 0.05068197 0.13063666 -0.00594454
v 0.04924756 0.13055319 -0.00906555
v 0.07978146 0.08492076 -0.05165751
v 0.07515655 0.08738920 -0.05215784
v 0.08334933 0.08174669 -0.05217113
v 0.08526425 0.08270849 -0.05058631
v 0.08380383 0.08091467 -0.05270218
v 0.05603249 0.11119600 -0.03993795
v 0.08145408 0.08043889 -0.05380267
v 0.08258933 0.07982316 -0.05420732
v 0.06198246 0.10457056 -0.04456462
v 0.06477701 0.10059444 -0.04672720
v 0.05633210 0.10870068 -0.04222093
v 0.04574313 0.12213763 -0.02974347
v 0.04575875 0.12046252 -0.03174186
v 0.06952327 0.09035436 -0.05238371
v 0.06769737 0.09405555 -0.05043638
v 0.10023519 0.09144027 -0.03122211
v 0.05068977 0.11487611 -0.03718490
v 0.05155847 0.11157782 -0.04015799
v 0.04667877 0.12345693 -0.02780521
v 0.05672268 0.10534475 -0.04493124
v 0.06128255 0.10023046 -0.04787953
v 0.07774824 0.08223547 -0.05402713
v 0.06503513 0.09295270 -0.05193360
v 0.06775906 0.08890681 -0.05381874
v 0.07293688 0.08588734 -0.05385234
v 0.04477502 0.11904775 -0.03318427
v 0.05628992 0.10234228 -0.04736648
v 0.05066822 0.12808156 -0.01832475
v 0.04766959 0.11497024 -0.03726280
v 0.05278484 0.10586108 -0.04503043
v 0.04996045 0.10922994 -0.04236240
v 0.04884986 0.12625008 -0.02253659
v 0.06110169 0.09594612 -0.05077273
v 0.08597682 0.08243311 -0.05099560
v 0.04876650 0.12983030 -0.01247538
v 0.04652192 0.13039652 -0.01136565
v 0.04537195 0.13133013 -0.00873467
v 0.04206920 0.13156496 -0.01002729
v 0.04173440 0.13046544 -0.01246605
v 0.04490960 0.12943954 -0.01383883
v 0.04077534 0.12878764 -0.01488076
v 0.04173839 0.12735279 -0.01749204
v 0.03986402 0.12764851 -0.01701236
v 0.03883926 0.12806898 -0.01641989
v 0.03975370 0.12583301 -0.02131534
v 0.03801497 0.12594250 -0.02120615
v 0.03785511 0.12772826 -0.01788561
v 0.03581712 0.12739974 -0.01959565
v 0.03529996 0.12887396 -0.01694504
v 0.03639926 0.12867458 -0.01615778
v 0.03462661 0.12634645 -0.02120638
v 0.03468948 0.12849822 -0.01772356
v 0.03614473 0.12456227 -0.02311525
v 0.03378146 0.12492306 -0.02289164
v 0.03425847 0.12357488 -0.02437416
v 0.03379061 0.12771505 -0.01907341
v 0.04714710 0.12894614 -0.01512937
v 0.04619080 0.12491371 -0.02507936
v 0.04632792 0.13159147 -0.00490133
v 0.04375549 0.13159528 -0.00787831
v 0.04159186 0.13197518 -0.00781490
v 0.04292720 0.13210227 -0.00589241
v 0.04143957 0.13244400 -0.00638038
v 0.04187343 0.13272287 -0.00490480
v 0.04295063 0.13245943 -0.00348486
v 0.04228384 0.13290234 -0.00344687
v 0.04288111 0.13320650 0.00184649
v 0.04474099 0.13181714 -0.00383032
v 0.04496824 0.13190013 0.00072684
v 0.04346138 0.13255617 0.00151700
v 0.10514343 0.09485457 -0.01380047
v 0.06125572 0.12771628 0.00155223
v 0.05564570 0.12956650 0.00265949
v 0.10521423 0.09591603 -0.00482978
v 0.10580177 0.09593258 -0.00255624
v 0.10538839 0.09630071 0.00033163
v 0.10583098 0.09594419 0.00288059
v 0.07040128 0.12423078 0.00339619
v 0.04532021 0.13160231 0.00465500
v 0.04304547 0.13276507 0.00398529
v 0.04475480 0.12360453 -0.02736279
v 0.05065483 0.13073496 -0.00285650
v 0.05315294 0.13020279 0.00238247
v 0.06096562 0.12768623 0.00506627
v 0.08419567 0.11621710 0.00555862
v 0.07937085 0.11934520 0.00510690
v 0.07380237 0.12236980 0.00533087
v 0.04187947 0.12220558 -0.02926545
v 0.06786566 0.12508428 0.00555677
v 0.08718218 0.11401786 0.00546526
v 0.07656937 0.12074193 0.00581047
v 0.04310235 0.12605397 -0.02125509
v 0.04448314 0.12701954 -0.01892101
v 0.04129412 0.12483607 -0.02342733
v 0.03716359 0.12389564 -0.02464370
v 0.04111550 0.12099936 -0.03082974
v 0.10521960 0.09603524 0.00443526
v 0.05882128 0.12817986 0.00768676
v 0.05414155 0.12937267 0.01108756
v 0.05748663 0.12820623 0.01254192
v 0.07288480 0.12234762 0.00945521
v 0.06189085 0.12687119 0.01020432
v 0.04829659 0.13106177 0.00292038
v 0.04975747 0.13042035 0.00826912
v 0.04173683 0.12351430 -0.02690784
v 0.07471366 0.12097180 0.01140404
v 0.06652987 0.12492388 0.01123483
v 0.03824543 0.12224660 -0.02836400
v 0.03086130 0.12442265 -0.02328901
v 0.03304964 0.12592320 -0.02148678
v 0.04566776 0.11432058 -0.03787742
v 0.08437970 0.11562444 0.00881645
v 0.09045073 0.11105456 0.00655702
v 0.09334629 0.10856862 0.00594306
v 0.04471888 0.13145940 0.00744630
v 0.04255522 0.13288056 0.00547410
v 0.07782662 0.11923551 0.01110086
v 0.08282943 0.11606543 0.01151605
v 0.03615573 0.12057183 -0.03049498
v 0.10428345 0.09803322 0.00370856
v 0.09737106 0.10424859 0.00733390
v 0.07239830 0.12224244 0.01145521
v 0.06955311 0.12351098 0.01131030
v 0.09589990 0.10604462 0.00596286
v 0.08579401 0.11411900 0.01102822
v 0.08885233 0.11157693 0.01095657
v 0.02932105 0.12474811 -0.02247877
v 0.02567920 0.12372255 -0.02325248
v 0.04846476 0.10611037 -0.04502360
v 0.04574628 0.10848392 -0.04299565
v 0.05344784 0.10256334 -0.04747575
v 0.03965191 0.12960261 -0.01332176
v 0.03972811 0.13026848 -0.01248941
v 0.02818208 0.12325248 -0.02429032
v 0.02831500 0.12208772 -0.02578360
v 0.03302714 0.12224397 -0.02597065
v 0.03315707 0.12077544 -0.02936786
v 0.02736305 0.12069775 -0.02805442
v 0.02527583 0.12202759 -0.02511391
v 0.08008031 0.07850645 -0.05541031
v 0.07873432 0.07731857 -0.05659590
v 0.07720142 0.07757945 -0.05669708
v 0.02884262 0.11943309 -0.03036826
v 0.06201146 0.09129948 -0.05359674
v 0.03840887 0.11953250 -0.03209796
v 0.04284978 0.11482808 -0.03717811
v 0.05600726 0.09783683 -0.05027146
v 0.03272134 0.11952342 -0.03113525
v 0.07273197 0.08089953 -0.05631082
v 0.04924031 0.10270858 -0.04752842
v 0.06392407 0.08774309 -0.05530562
v 0.04575666 0.10578298 -0.04519488
v 0.02337125 0.12069937 -0.02663552
v 0.02566937 0.11958565 -0.02897976
v 0.06709672 0.08628301 -0.05534762
v 0.05146677 0.09903995 -0.04984462
v 0.07658631 0.07560046 -0.05793607
v 0.07518137 0.07548059 -0.05829500
v 0.07554264 0.07455963 -0.05885311
v 0.05597069 0.09174480 -0.05388588
v 0.04146844 0.10870037 -0.04232957
v 0.07167544 0.07769685 -0.05812999
v 0.03809999 0.11730811 -0.03412145
v 0.03860383 0.11362081 -0.03769637
v 0.08104416 0.07847381 -0.05586680
v 0.06023942 0.08856950 -0.05530762
v 0.06753365 0.08126476 -0.05755818
v 0.07321153 0.07341870 -0.05962817
v 0.07382522 0.07284584 -0.06014849
v 0.06580580 0.07829578 -0.05923490
v 0.05391315 0.09523596 -0.05185003
v 0.07156726 0.07179797 -0.06064590
v 0.06867540 0.07184923 -0.06102746
v 0.06192551 0.12634017 0.01283161
v 0.06110118 0.08075416 -0.05880873
v 0.09314632 0.10790827 0.01007017
v 0.09554147 0.10569426 0.00949755
v 0.09962475 0.10164311 0.00901801
v 0.06720716 0.06903375 -0.06242325
v 0.06693566 0.07285422 -0.06103177
v 0.07001348 0.07016071 -0.06190774
v 0.06857493 0.06902742 -0.06282626
v 0.10515430 0.09616046 0.00552468
v 0.10569428 0.09530929 0.01077649
v 0.10475321 0.09570821 0.01063106
v 0.10413354 0.09679761 0.00892543
v 0.10231487 0.09891444 0.00857309
v 0.05727100 0.12756005 0.01528981
v 0.06359740 0.12485561 0.01570022
v 0.07234754 0.12076500 0.01665486
v 0.07395014 0.11963803 0.01719407
v 0.10451729 0.09503027 0.01353467
v 0.10523909 0.09481734 0.01364821
v 0.10437990 0.09430697 0.01701325
v 0.10309287 0.09433738 0.01864494
v 0.06919689 0.12192182 0.01754756
v 0.06572106 0.12360149 0.01673336
v 0.04378433 0.13154083 0.00846462
v 0.04169307 0.13282420 0.00745114
v 0.10328693 0.09527435 0.01568915
v 0.08914989 0.10944176 0.01702055
v 0.08669075 0.11250919 0.01329824
v 0.08537903 0.11198674 0.01777777
v 0.07856263 0.11675016 0.01723488
v 0.07664821 0.11797385 0.01695519
v 0.09387251 0.10504565 0.01691100
v 0.09739622 0.10152857 0.01648484
v 0.10132050 0.09875889 0.01218645
v 0.09953361 0.09922297 0.01691081
v 0.09135089 0.10724114 0.01727945
v 0.08339316 0.11385859 0.01680212
v 0.06056506 0.12500485 0.01878924
v 0.05632950 0.12670617 0.01854679
v 0.08140583 0.11382641 0.01983139
v 0.08416043 0.11109017 0.02172731
v 0.08808437 0.10834672 0.02112373
v 0.07417447 0.11779638 0.02046690
v 0.06194381 0.12269073 0.02249911
v 0.09701411 0.09890961 0.02263792
v 0.07938668 0.11377819 0.02248280
v 0.07221332 0.11924295 0.02002033
v 0.08269194 0.11013611 0.02561687
v 0.09304535 0.10277434 0.02292212
v 0.08932886 0.10588314 0.02362951
v 0.08490027 0.10911020 0.02447999
v 0.06618318 0.12073922 0.02294155
v 0.07648602 0.11430804 0.02457450
v 0.10146652 0.09427553 0.02231700
v 0.10312030 0.09343924 0.02183258
v 0.05849659 0.12481408 0.02100091
v 0.10208728 0.09314745 0.02360246
v 0.10142112 0.09208990 0.02658978
v 0.09861776 0.09383459 0.02833721
v 0.09434109 0.09862930 0.02773847
v 0.07380840 0.11595408 0.02424087
v 0.07955457 0.11096730 0.02747639
v 0.07450181 0.11380052 0.02729838
v 0.08214750 0.10926210 0.02773950
v 0.06704480 0.11939956 0.02455748
v 0.09079926 0.10123319 0.02867564
v 0.08877271 0.10390517 0.02765954
v 0.08508417 0.10648973 0.02817016
v 0.10019715 0.09176452 0.02901723
v 0.09780842 0.09155775 0.03250385
v 0.09545828 0.09433666 0.03192248
v 0.09934046 0.09059589 0.03225444
v 0.01391871 0.13854856 0.02825726
v 0.00615155 0.14531610 0.02832107
v 0.00785183 0.13996050 0.02865453
v 0.00465664 0.14362225 0.02858023
v 0.00034078 0.14617860 0.02866607
v -0.00061712 0.15190327 0.02829800
v -0.00394886 0.15231742 0.02840858
v 0.00234140 0.14187264 0.02872227
v 0.00596416 0.13723591 0.02888265
v 0.01321609 0.13546308 0.02869401
v 0.01183383 0.13257980 0.02899224
v 0.02098832 0.12759804 0.02885102
v 0.01738385 0.12735055 0.02909723
v 0.02342359 0.12454486 0.02897250
v 0.02157481 0.13148994 0.02836432
v -0.00138555 0.15501022 0.02790928
v -0.00519190 0.15973901 0.02772282
v -0.00733389 0.15847148 0.02793172
v 0.02521140 0.12617874 0.02847623
v -0.00275446 0.16043847 0.02732429
v 0.01703826 0.12325659 0.02920823
v 0.01379576 0.12687362 0.02915681
v 0.01082601 0.13058638 0.02902198
v 0.01876086 0.12100234 0.02930604
v 0.02214626 0.12220738 0.02908252
v 0.01994547 0.12069784 0.02923185
v -0.00928090 0.15693636 0.02795104
v 0.00352490 0.15301003 0.02753221
v 0.00112427 0.15650341 0.02730883
v 0.01001854 0.14692453 0.02740985
v 0.02525353 0.12433452 0.02857317
v 0.02684688 0.12432709 0.02839496
v 0.02413908 0.12313793 0.02891358
v 0.01464961 0.14220288 0.02739410
v 0.02233943 0.13547168 0.02735875
v 0.02794819 0.12786632 0.02752152
v -0.00522199 0.15024459 0.02833248
v 0.02870288 0.12631455 0.02748386
v 0.00474030 0.15822154 0.02603545
v 0.01025856 0.15277280 0.02590966
v 0.01328109 0.14966577 0.02594562
v 0.01730821 0.14592156 0.02581111
v 0.01849658 0.13902566 0.02728976
v 0.02176927 0.14119735 0.02592906
v -0.00031976 0.16413997 0.02575410
v -0.00310629 0.16258242 0.02670721
v 0.02501585 0.13804852 0.02593719
v 0.02802189 0.13461790 0.02583985
v 0.01020002 0.15764255 0.02444225
v 0.00488003 0.16101723 0.02511655
v 0.00199570 0.16573818 0.02451175
v 0.01798891 0.14901315 0.02454214
v 0.02302260 0.14374070 0.02462192
v 0.03057203 0.13030674 0.02600248
v 0.03106483 0.12836621 0.02614942
v 0.02991221 0.12541566 0.02759329
v 0.02977721 0.13661109 0.02456949
v 0.03247439 0.13181686 0.02482601
v 0.02635169 0.14074507 0.02448160
v 0.02806263 0.12414054 0.02857250
v 0.00911550 0.16243507 0.02305762
v 0.00477850 0.16669500 0.02309480
v 0.01502748 0.15631865 0.02292733
v 0.03485768 0.13449026 0.02290170
v 0.03350591 0.12989770 0.02466371
v 0.03566642 0.13245404 0.02288814
v 0.03666378 0.13062922 0.02322711
v 0.01912665 0.15166384 0.02297358
v 0.03148018 0.12525821 0.02753612
v 0.03284986 0.12752063 0.02604138
v 0.03628441 0.12807009 0.02466060
v 0.03931538 0.12930629 0.02304048
v 0.03112417 0.13897094 0.02297633
v 0.02365284 0.14696364 0.02288930
v 0.00685065 0.16746586 0.02175748
v 0.01142807 0.16262301 0.02178713
v 0.00067495 0.16624891 0.02442703
v 0.03415885 0.12610779 0.02664607
v 0.03651705 0.13476182 0.02184564
v 0.00254821 0.16795747 0.02297365
v 0.03770789 0.13224209 0.02183241
v 0.01884884 0.15450932 0.02162297
v 0.03323532 0.13914707 0.02160980
v 0.00475875 0.16970052 0.02110986
v 0.03871893 0.13343599 0.02059496
v 0.02866269 0.14390454 0.02164786
v 0.02450747 0.14843603 0.02151255
v 0.00863638 0.16795635 0.02041815
v 0.01234160 0.16441546 0.02021644
v 0.03975425 0.13093424 0.02173091
v 0.01702564 0.15909070 0.02012071
v 0.02214987 0.15303930 0.02024289
v 0.00660711 0.16972819 0.02028295
v 0.04110940 0.12850101 0.02313558
v 0.03874136 0.12687961 0.02499192
v 0.03972084 0.13297189 0.01997260
v 0.01586330 0.11906069 0.02910655
v 0.01583222 0.11794325 0.02902213
v -0.00128042 0.14215067 0.02842503
v -0.01130050 0.15540748 0.02772542
v 0.00970667 0.12794601 0.02880373
v 0.00303774 0.13551373 0.02850339
v 0.01378466 0.12105473 0.02878206
v 0.03457163 0.12535659 0.02718531
v 0.00765400 0.12711256 0.02848365
v -0.00735852 0.14908655 0.02794728
v -0.00693664 0.14463016 0.02762203
v 0.03830762 0.13558260 0.01997404
v 0.02538320 0.14969258 0.02000711
v 0.03469036 0.13954841 0.02020246
v 0.02975495 0.14492976 0.02008768
v 0.00950868 0.16958698 0.01854153
v 0.04365895 0.12906629 0.02216003
v -0.00532379 0.16116763 0.02693411
v -0.01145674 0.15073105 0.02735028
v -0.01425616 0.15331760 0.02714495
v 0.04193698 0.13091083 0.02039353
v -0.00372055 0.13819755 0.02752189
v -0.00061472 0.13449730 0.02765449
v 0.00988471 0.12132504 0.02805861
v 0.01206991 0.11697211 0.02787672
v -0.00652999 0.14219377 0.02740642
v -0.01231145 0.14499413 0.02628703
v -0.01381696 0.14981592 0.02664390
v 0.00163560 0.12995371 0.02746221
v 0.00705255 0.12169492 0.02741878
v 0.01355282 0.11675312 0.02853965
v -0.01738636 0.15129467 0.02596041
v -0.01447700 0.14720884 0.02597581
v 0.00948190 0.11852982 0.02738332
v -0.01579366 0.15273951 0.02654499
v 0.01147894 0.11604284 0.02772090
v -0.00767642 0.13790819 0.02619989
v 0.00904643 0.11542587 0.02657359
v -0.00411763 0.13324998 0.02622816
v -0.00082146 0.12808244 0.02621383
v 0.00382377 0.12136317 0.02616125
v 0.02645780 0.12287988 0.02976744
v 0.00704138 0.11705782 0.02613231
v -0.00997613 0.15712243 0.02752553
v 0.03039921 0.12406502 0.02893604
v 0.02328105 0.12035667 0.03107338
v 0.01974551 0.11875321 0.03066518
v 0.02567471 0.12198050 0.03052713
v 0.03434383 0.12453831 0.02848299
v 0.02921651 0.12282604 0.03063215
v 0.02551926 0.11834372 0.03408502
v 0.02112795 0.11512153 0.03444176
v 0.02680509 0.11597813 0.03652676
v 0.02665093 0.11227800 0.03929498
v 0.03043485 0.11362379 0.03967273
v 0.02614280 0.10902847 0.04130299
v 0.03172282 0.10696064 0.04465316
v 0.02602865 0.10472620 0.04414118
v 0.03125544 0.10178366 0.04785443
v 0.03866232 0.10227288 0.04973545
v 0.03562651 0.10000757 0.05026223
v 0.03890493 0.09588777 0.05336262
v 0.04481024 0.10005227 0.05212525
v 0.04583284 0.09523960 0.05481523
v 0.04746651 0.09959685 0.05259658
v 0.05374351 0.09417823 0.05573740
v 0.05132352 0.09349063 0.05602266
v 0.05467656 0.08981247 0.05778893
v 0.05396168 0.08779828 0.05861211
v 0.04585372 0.09009480 0.05713031
v 0.06081002 0.08160016 0.06113204
v 0.05478917 0.08428658 0.06006153
v 0.05597421 0.07970335 0.06186213
v 0.05841665 0.07843644 0.06235875
v 0.06280343 0.07839281 0.06224811
v 0.05970262 0.07328050 0.06406103
v 0.06517117 0.07530279 0.06311861
v 0.06490784 0.07274353 0.06413459
v 0.06325589 0.06763886 0.06566032
v 0.06534120 0.06853906 0.06539776
v 0.06903183 0.06994960 0.06478118
v 0.06516297 0.06624494 0.06647812
v 0.06780183 0.06840881 0.06544490
v 0.06432617 0.06578172 0.06646851
v 0.04580315 0.08726067 0.05819802
v 0.05495611 0.07663605 0.06271801
v 0.04532300 0.08058419 0.06032175
v 0.03907204 0.09101668 0.05574136
v 0.04007894 0.08734389 0.05739245
v 0.04000348 0.08418194 0.05846823
v 0.05561934 0.07260513 0.06390484
v 0.05842923 0.06872670 0.06508054
v 0.06144273 0.06403458 0.06655575
v 0.04538769 0.10282587 0.05052246
v 0.03904260 0.10577971 0.04752428
v 0.03828667 0.11144027 0.04346711
v 0.04495428 0.10722829 0.04742838
v 0.04399374 0.07728700 0.06113190
v 0.04753239 0.07338584 0.06268854
v 0.06128323 0.06279669 0.06687329
v 0.03698248 0.09566082 0.05298773
v 0.05875742 0.06070483 0.06703772
v 0.05591422 0.06086204 0.06643703
v 0.03976159 0.07540265 0.06089989
v 0.04259807 0.07253810 0.06208982
v 0.05472923 0.06492364 0.06545378
v 0.05176116 0.06943115 0.06411127
v 0.04296022 0.06920049 0.06276199
v 0.04633972 0.06745372 0.06358730
v 0.03421788 0.11578139 0.03921556
v 0.03831126 0.11514160 0.04075780
v 0.03381985 0.11876194 0.03665949
v 0.03762484 0.11892846 0.03746956
v 0.03085612 0.09692060 0.05046706
v 0.02748285 0.10032514 0.04740071
v 0.03131300 0.11802982 0.03653654
v 0.03860260 0.12087097 0.03586747
v 0.03158143 0.12119385 0.03362309
v 0.02716577 0.11976706 0.03348412
v 0.03848942 0.12267469 0.03382520
v 0.04391565 0.12409880 0.03359163
v 0.02319837 0.10997800 0.03929408
v 0.04356196 0.12470060 0.03269061
v 0.03792035 0.12564567 0.02683492
v 0.04024946 0.12669877 0.02549193
v 0.03326960 0.12265051 0.03206663
v 0.04552053 0.12555803 0.03259836
v 0.03563082 0.12361231 0.03071327
v 0.03978909 0.12417809 0.03143438
v 0.04315285 0.12701166 0.02666446
v 0.04427178 0.12840668 0.02375513
v 0.04662364 0.12631947 0.03153109
v 0.06877831 0.06854147 0.06467716
v 0.07145322 0.07138908 0.06394756
v -0.04319114 0.08116630 -0.00083380
v -0.04416855 0.07909918 -0.00283583
v -0.04558880 0.07909578 -0.00082479
v -0.04600580 0.07758329 -0.00284299
v -0.04715585 0.07732268 -0.00176141
v -0.04000585 0.08266565 -0.00268073
v -0.04054722 0.08286877 -0.00171541
v -0.03847874 0.08491976 -0.00093918
v -0.03624297 0.08593825 -0.00230749
v -0.04874765 0.07508383 -0.00285500
v -0.04958811 0.07525863 -0.00151345
v -0.05077046 0.07324710 -0.00296898
v -0.05271128 0.07241677 -0.00184369
v -0.05234093 0.07193046 -0.00304067
v -0.05414662 0.07052689 -0.00287471
v -0.05563719 0.07007726 -0.00159585
v -0.05800139 0.06782073 -0.00209513
v -0.05617379 0.06872450 -0.00290999
v -0.05810718 0.06846263 -0.00045148
v -0.06142611 0.06567725 -0.00040205
v -0.05960060 0.06570328 -0.00290245
v -0.06213585 0.06464467 -0.00135349
v -0.06523220 0.06261356 -0.00043012
v -0.06530852 0.06206581 -0.00144417
v -0.06797795 0.06058318 -0.00010684
v -0.06898567 0.05905005 -0.00156046
v -0.03975588 0.08400510 -0.00052046
v -0.05397939 0.07191696 -0.00053630
v -0.05131304 0.07419860 -0.00046749
v -0.04871044 0.07651947 -0.00039520
v -0.03682478 0.08648862 -0.00000056
v -0.03329757 0.08845622 -0.00212952
v -0.03368586 0.08887119 -0.00040833
v -0.02977833 0.09120791 -0.00251442
v -0.03225721 0.08891944 -0.00266255
v -0.03026829 0.09158391 -0.00035546
v -0.02683668 0.09404091 -0.00162134
v -0.02663519 0.09366625 -0.00275064
v -0.06906960 0.05986177 -0.00012115
v -0.07086269 0.05773892 -0.00062361
v -0.02514031 0.09525272 -0.00299932
v -0.02398207 0.09637826 -0.00338920
v -0.02660362 0.09458326 -0.00043090
v -0.07029405 0.05714873 -0.00213644
v -0.06162781 0.06372984 -0.00303516
v -0.06872587 0.05787301 -0.00304108
v -0.06549922 0.06075461 -0.00266263
v -0.06936537 0.05675006 -0.00346521
v -0.03652577 0.08515047 -0.00285603
v -0.06126998 0.06597498 0.00060653
v -0.05221574 0.07355663 0.00049890
v -0.05844506 0.06831040 0.00064580
v -0.04496414 0.07980741 0.00043282
v -0.04857494 0.07669963 0.00051632
v -0.03863831 0.08494995 0.00060933
v -0.05408340 0.07195495 0.00070434
v -0.06572744 0.06228623 0.00053223
v -0.02400665 0.09660486 0.00067027
v -0.02700836 0.09433765 0.00079921
v -0.02971173 0.09207131 0.00053272
v -0.04188106 0.08227311 0.00064114
v -0.07081019 0.05782502 0.00049811
v -0.03487315 0.08784269 0.00071374
v -0.02252566 0.09701971 -0.00316455
v -0.05689222 0.06746904 -0.00321006
v -0.02884707 0.09110191 -0.00322026
v -0.03083101 0.08917516 -0.00333697
v -0.02380530 0.09636033 0.00234905
v -0.03330475 0.08651947 -0.00361006
v -0.03851994 0.08290128 -0.00331257
v -0.02488490 0.09421000 -0.00372840
v -0.02701732 0.09164392 -0.00368093
v -0.04076039 0.08072796 -0.00343258
v -0.05339016 0.07005410 -0.00352878
v -0.04260406 0.08008908 -0.00294208
v -0.06597187 0.06136130 0.00176559
v -0.06549149 0.05960132 -0.00326580
v -0.03649311 0.08357424 -0.00369078
v -0.04681140 0.07784726 0.00137608
v -0.04478507 0.07732780 -0.00344331
v -0.07115546 0.05685425 -0.00319272
v -0.05651063 0.06950566 0.00160193
v -0.05000939 0.07480762 0.00188526
v -0.05324616 0.07157375 0.00263480
v -0.06964938 0.05855993 0.00125701
v -0.06024993 0.06591002 0.00241916
v -0.04356241 0.07975186 0.00260956
v -0.05630519 0.06902226 0.00273026
v -0.05867871 0.06682531 0.00300508
v -0.02438364 0.09544605 0.00298345
v -0.06272477 0.06347033 0.00277695
v -0.07074302 0.05748471 0.00111480
v -0.06800766 0.05882766 0.00295727
v -0.03867153 0.08354234 0.00282296
v -0.04085174 0.08183499 0.00264977
v -0.04788350 0.07611422 0.00267034
v -0.02718416 0.09284673 0.00271879
v -0.03058459 0.08984982 0.00282901
v -0.03538992 0.08614483 0.00262866
v -0.06491289 0.06145166 0.00291996
v -0.04485082 0.07817590 0.00319691
v -0.05089475 0.07229592 0.00413336
v -0.06998567 0.05711759 0.00255123
v -0.02226779 0.09649999 0.00366988
v -0.06147360 0.06406634 0.00322058
v -0.05263309 0.07076611 0.00408411
v -0.07109649 0.05678353 0.00365636
v -0.02386302 0.09501618 0.00383319
v -0.04497873 0.06205435 0.00033109
v -0.04580182 0.06141828 -0.00061402
v -0.04258529 0.06408008 -0.00046195
v -0.04156305 0.06496629 0.00039830
v -0.03948873 0.06664573 -0.00077212
v -0.03847859 0.06741197 0.00024383
v -0.05127109 0.05712895 0.00038432
v -0.05248611 0.05608730 -0.00031637
v -0.05375004 0.05515078 0.00068244
v -0.05709195 0.05240441 -0.00060756
v -0.05718586 0.05231322 0.00043930
v -0.03518545 0.07038662 -0.00104502
v -0.03557494 0.06998273 0.00025181
v -0.02879732 0.07533986 -0.00075500
v -0.03024931 0.07419353 0.00023796
v -0.02666486 0.07681865 0.00041729
v -0.02481857 0.07805889 -0.00072651
v -0.02084842 0.08106789 0.00037771
v -0.02068761 0.08132665 -0.00159302
v -0.05802233 0.05133421 -0.00024306
v -0.03267347 0.07257011 0.00139120
v -0.03595845 0.07009456 0.00165895
v -0.04075941 0.06606843 0.00173733
v -0.04724460 0.06068679 0.00162599
v -0.02336753 0.07984693 0.00243265
v -0.02070703 0.08148294 0.00180332
v -0.03045787 0.07454090 0.00170806
v -0.02684901 0.07726228 0.00213733
v -0.03852723 0.06807436 0.00216615
v -0.04355860 0.06396395 0.00215369
v -0.05527106 0.05461203 0.00236906
v -0.05171116 0.05759456 0.00239826
v -0.05783314 0.05284385 0.00273607
v -0.03478992 0.07153010 0.00270154
v -0.04624980 0.06204006 0.00265348
v -0.05810095 0.05217869 0.00193904
v -0.05888482 0.05230270 0.00347616
v -0.03722013 0.06992429 0.00310520
v -0.03335658 0.07330678 0.00358060
v -0.03069425 0.07509133 0.00295243
v -0.04969126 0.05979578 0.00332569
v -0.04151279 0.06644172 0.00332994
v -0.03962639 0.06835013 0.00373605
v -0.02103696 0.08254713 0.00391524
v -0.01990584 0.08304856 0.00342088
v -0.01957730 0.08272004 0.00197815
v -0.02505533 0.07963491 0.00377722
v -0.02328287 0.08085095 0.00374586
v -0.05276009 0.05788221 0.00382344
v -0.04382850 0.06517232 0.00393238
v -0.04717102 0.06237861 0.00394978
v -0.02822630 0.07761337 0.00386774
v -0.03704300 0.07085885 0.00391879
v -0.03142662 0.07526743 0.00381615
v -0.05055968 0.05985871 0.00403985
v -0.05761754 0.05401763 0.00385649
v -0.05523889 0.05593739 0.00382352
v -0.01964329 0.08264269 -0.00005050
v -0.06018895 0.05307792 0.00438692
v -0.01957863 0.08435133 0.00417116
v -0.01896600 0.08325154 0.00348007
v -0.05866515 0.05044269 0.00109744
v -0.05930714 0.04862395 -0.00051751
v -0.05918979 0.05103005 0.00424480
v -0.05957889 0.04865934 0.00325755
v -0.06048281 0.04698886 -0.00066922
v -0.06093512 0.04680373 0.00199502
v -0.06081023 0.04742685 0.00379245
v -0.06190006 0.04602618 -0.00050478
v -0.05981417 0.04965255 0.00468904
v -0.05918211 0.04993003 0.00395733
v -0.06268622 0.04626936 0.00191615
v -0.06061632 0.04721608 -0.00293639
v -0.06291858 0.04689755 0.00379419
v -0.06191326 0.04628192 -0.00212600
v -0.05933057 0.04895466 -0.00223066
v -0.06110403 0.04961180 0.00555831
v -0.06022480 0.05047152 0.00566943
v -0.03267385 0.07279315 -0.00225109
v -0.02709896 0.07723452 -0.00291719
v -0.02475579 0.07878410 -0.00257741
v -0.03044642 0.07465066 -0.00240448
v -0.04980892 0.05888606 -0.00215016
v -0.05401579 0.05549917 -0.00193286
v -0.05188679 0.05756740 -0.00274270
v -0.04714812 0.06102042 -0.00223316
v -0.04246322 0.06485719 -0.00202781
v -0.04487855 0.06313392 -0.00268773
v -0.03891817 0.06780622 -0.00242776
v -0.03621920 0.07040000 -0.00296247
v -0.01997597 0.08325769 -0.00327850
v -0.03465883 0.07201981 -0.00341508
v -0.02056980 0.08253860 -0.00356889
v -0.05813055 0.05221172 -0.00210329
v -0.05604669 0.05427468 -0.00268888
v -0.06023764 0.04853092 -0.00419349
v -0.05926029 0.04981333 -0.00341640
v -0.05910401 0.05117821 -0.00360444
v -0.05408030 0.05597941 -0.00283588
v -0.02201323 0.08139842 -0.00346228
v -0.02461974 0.07940967 -0.00333286
v -0.02940484 0.07600615 -0.00349284
v -0.03177079 0.07437903 -0.00358056
v -0.04346071 0.06476570 -0.00321218
v -0.04239175 0.06600928 -0.00360224
v -0.04989858 0.05967357 -0.00342995
v -0.03873552 0.06880177 -0.00344090
v -0.04709180 0.06175640 -0.00315969
v -0.06137184 0.04739543 -0.00386540
v -0.06544021 0.04584885 0.00061796
v -0.02746008 0.07761137 -0.00369667
v -0.06574302 0.04605008 0.00180120
v -0.06511260 0.04582656 -0.00075395
v -0.06727239 0.04483129 -0.00078227
v -0.06723045 0.04487746 0.00057927
v -0.06861612 0.04342245 0.00035929
v -0.06881926 0.04326687 -0.00087318
v -0.06870039 0.04396479 0.00196637
v -0.06762360 0.04518081 0.00204906
v -0.06579783 0.04590533 -0.00214833
v -0.06692090 0.04639205 0.00296742
v -0.06893114 0.04474487 0.00304357
v -0.06793356 0.04535653 -0.00288884
v -0.06917713 0.04368108 -0.00242713
v -0.06688101 0.04594963 -0.00295845
v -0.06974677 0.04300641 0.00315230
v -0.06552853 0.04712801 0.00395481
v -0.06547598 0.04709838 -0.00395641
v -0.05775285 0.05402639 -0.00390445
v -0.05867020 0.05239706 -0.00311619
v -0.05474519 0.05651691 -0.00383374
v -0.04777250 0.06208324 -0.00392899
v -0.05162553 0.05895717 -0.00394497
v -0.01985714 0.08485714 -0.00424533
v -0.06290730 0.04705929 -0.00380865
v -0.06948589 0.04449132 -0.00337258
v -0.06029944 0.05035814 -0.00522361
v -0.02306614 0.08157006 -0.00424456
v -0.03661949 0.07223482 -0.00466268
v -0.02689535 0.07983295 -0.00496995
v -0.02991669 0.07757145 -0.00499634
v -0.04560344 0.06573287 -0.00506189
v -0.03221022 0.07613895 -0.00507885
v -0.03886118 0.07095497 -0.00499424
v -0.04216939 0.06834845 -0.00500953
v -0.02166960 0.08390472 -0.00504189
v -0.06052488 0.05228966 -0.00556449
v -0.06021972 0.05230196 0.00569879
v -0.10634051 -0.17274018 -0.00848849
v -0.10565259 -0.17288938 -0.01243348
v -0.10520321 -0.17424674 -0.01276995
v -0.10535757 -0.17161906 -0.01494712
v -0.10495550 -0.17284575 -0.01562588
v -0.10371406 -0.17403766 -0.01898499
v -0.10389635 -0.17160848 -0.02010797
v -0.10349126 -0.17269422 -0.02074772
v -0.10246412 -0.17401382 -0.02264487
v -0.10231845 -0.17276657 -0.02381243
v -0.10116641 -0.17404442 -0.02544838
v -0.10094834 -0.17256890 -0.02676461
v -0.10263073 -0.17162297 -0.02322149
v -0.10108708 -0.17167497 -0.02674635
v -0.09967779 -0.17409011 -0.02824459
v -0.10625788 -0.17426578 -0.00418275
v -0.10678403 -0.17166409 -0.00782204
v -0.10699938 -0.17286559 -0.00170725
v -0.10739313 -0.17164251 0.00040039
v -0.10636661 -0.17158324 -0.00857733
v -0.10714013 -0.17284604 0.00251225
v -0.10494015 -0.17157344 -0.01550386
v -0.10636905 -0.17452780 0.00051912
v -0.10506237 -0.17487658 -0.01110730
v -0.10366945 -0.17482007 -0.01736919
v -0.10232863 -0.17475412 -0.02178937
v -0.10721376 -0.17163628 0.00675446
v -0.10693185 -0.17258214 0.00724755
v -0.09932232 -0.17476051 -0.02806969
v -0.10097434 -0.17494837 -0.02442731
v -0.09986879 -0.17497359 -0.02644244
v -0.09685741 -0.17409164 -0.03247896
v -0.10271225 -0.17494277 -0.01936286
v -0.10405096 -0.17490506 -0.01423727
v -0.09684838 -0.17496644 -0.03120503
v -0.09607384 -0.17476613 -0.03288013
v -0.09248032 -0.17397032 -0.03822254
v -0.10544609 -0.17496299 -0.00355458
v -0.09193108 -0.17489621 -0.03775857
v -0.09137985 -0.17467211 -0.03894351
v -0.08733510 -0.17389491 0.04383278
v -0.09182865 -0.17463694 0.03883446
v -0.08755244 -0.17470791 0.04317001
v -0.09100190 -0.17263316 0.04065011
v -0.08881890 -0.17166723 0.04322669
v -0.09359531 -0.17266219 0.03773730
v -0.09462756 -0.17414761 0.03567271
v -0.08634379 -0.17271862 0.04508625
v -0.09486125 -0.17164945 0.03650469
v -0.09701988 -0.17355961 0.03280924
v -0.09562734 -0.17158612 0.03545302
v -0.08360102 -0.17415943 0.04672491
v -0.08362969 -0.17165071 0.04752718
v -0.08119442 -0.17287466 0.04893625
v -0.08006765 -0.17457796 0.04904298
v -0.07799106 -0.17276169 0.05096258
v -0.07703397 -0.17465516 0.05092584
v -0.08117223 -0.17158769 0.04907187
v -0.07930229 -0.17159641 0.05036897
v -0.08691610 -0.17159462 0.04473680
v -0.08530442 -0.17155364 0.04602156
v -0.07525343 -0.17163009 0.05291530
v -0.07226078 -0.17401341 0.05371695
v -0.07275815 -0.17167452 0.05414758
v -0.07668895 -0.17154136 0.05192924
v -0.06942861 -0.17276030 0.05535578
v -0.06796520 -0.17460561 0.05535884
v -0.07057012 -0.17478254 0.05407463
v -0.08410625 -0.17485057 0.04569117
v -0.07403543 -0.17488840 0.05219938
v -0.06554592 -0.17285595 0.05662472
v -0.06381518 -0.17437574 0.05667702
v -0.07896528 -0.17489772 0.04922427
v -0.09235620 -0.17490466 0.03760866
v -0.07006063 -0.17491304 0.05388272
v -0.06502618 -0.17493200 0.05574911
v -0.06199374 -0.17472591 0.05688616
v -0.06015881 -0.17496129 0.05685297
v -0.05465956 -0.17443334 0.05816027
v -0.05528167 -0.17496463 0.05724943
v -0.04985726 -0.17477307 0.05821290
v -0.05812577 -0.17484611 -0.00481302
v -0.03849693 -0.17486500 -0.02039069
v -0.04324148 -0.17486114 -0.00341558
v -0.05038234 -0.17485858 -0.03090925
v -0.03135257 -0.17488392 -0.04144976
v -0.04854660 -0.17487361 -0.04752522
v -0.02902538 -0.17494221 -0.05407198
v -0.03511336 -0.17495610 -0.05564890
v -0.05973214 -0.17490402 -0.05549877
v -0.03839687 -0.17496283 -0.05670916
v -0.07034210 -0.17490390 -0.05157176
v -0.07711033 -0.17487014 -0.04655637
v -0.05945417 -0.17484518 -0.04020922
v -0.07456763 -0.17482712 -0.02815615
v -0.06863766 -0.17482859 -0.01153782
v -0.08089940 -0.17483208 -0.01138960
v -0.08340334 -0.17482689 0.00576518
v -0.07731493 -0.17481806 0.01631429
v -0.06103731 -0.17483552 0.01822547
v -0.07158098 -0.17483441 0.03204340
v -0.08872516 -0.17483684 0.02317305
v -0.08702433 -0.17486986 0.03558605
v -0.08316864 -0.17489643 0.04571290
v -0.09553668 -0.17490797 0.03315188
v -0.10049896 -0.17487426 0.01864339
v -0.10064593 -0.17488976 0.02452188
v -0.09930864 -0.17489383 0.02768074
v -0.10241142 -0.17487870 0.02107771
v -0.10309286 -0.17488280 0.01825018
v -0.09456490 -0.17484956 0.00977015
v -0.09197613 -0.17484204 -0.01167566
v -0.10318568 -0.17489728 -0.00148025
v -0.09876896 -0.17490071 -0.02293247
v -0.08659014 -0.17483507 -0.02243038
v -0.09368994 -0.17490414 -0.03171439
v -0.08523736 -0.17488346 -0.04452057
v -0.06057236 -0.17488487 0.04625231
v -0.03430217 -0.17497431 0.05592640
v -0.02942329 -0.17496484 0.05434238
v -0.02269681 -0.17494867 0.05158781
v -0.05909460 -0.17486166 0.03196920
v -0.04164542 -0.17487703 0.03216652
v -0.04540009 -0.17484850 0.01232860
v -0.00470103 -0.17499985 0.03658671
v 0.00186219 -0.17497839 0.02552653
v -0.00041981 -0.17499500 0.03039578
v -0.03468033 -0.17486197 0.01899336
v -0.01304756 -0.17489347 0.01775143
v -0.02078194 -0.17489831 0.03040055
v -0.00396279 -0.17492762 -0.00087106
v 0.00477889 -0.17497895 0.01701657
v 0.00610913 -0.17498192 0.00995473
v 0.00610211 -0.17499598 -0.00989372
v 0.00475095 -0.17498243 -0.01749396
v 0.00322924 -0.17498252 -0.02213912
v -0.00035516 -0.17496686 -0.02994356
v -0.02117338 -0.17488494 -0.00122037
v -0.01174858 -0.17490726 -0.02386245
v -0.02398270 -0.17487971 -0.02658105
v -0.01355503 -0.17493230 -0.03610436
v -0.00222073 -0.17497995 -0.03315990
v -0.01462155 -0.17494079 -0.04637497
v -0.02079577 -0.17494205 -0.04993426
v -0.01586443 -0.17497141 -0.04712303
v -0.01977319 -0.17496392 0.05013491
v -0.01256721 -0.17499740 0.04539253
v 0.00713485 -0.17496823 0.00144804
v -0.07260280 -0.17494883 -0.05265125
v -0.06818641 -0.17495124 -0.05445900
v -0.06453407 -0.17495282 -0.05567914
v -0.05895769 -0.17494428 -0.05687337
v -0.04998761 -0.17497680 -0.05718751
v -0.07620933 -0.17495304 -0.05094243
v -0.07967280 -0.17495590 -0.04861507
v 0.00572112 -0.17496797 0.01476896
v 0.00569663 -0.17497593 -0.01484737
v 0.00117117 -0.17497915 0.02741922
v -0.10421861 -0.17492613 0.01452119
v -0.10509104 -0.17492726 0.01209035
v -0.10553500 -0.17496211 0.00361631
v -0.04275701 -0.17500000 0.05720862
v 0.00411162 -0.17494958 0.02016180
v -0.02436553 -0.17491660 0.05267117
v 0.00693719 -0.17492246 -0.00730471
v -0.01028116 -0.17486297 -0.04289208
v -0.10373559 -0.17481449 0.01784315
v -0.02581972 -0.17493781 -0.05249256
v -0.00511891 -0.17486599 -0.03733775
v 0.00116825 -0.17489794 -0.02774102
v -0.03167235 -0.17490321 0.05548979
v -0.01780225 -0.17491063 0.04926059
v -0.00480243 -0.17491599 0.03741398
v -0.03611478 -0.17486020 0.05673438
v -0.00199775 -0.17485526 0.03340937
v 0.00688949 -0.17484411 0.00814956
v -0.02229946 -0.17481696 -0.05127349
v -0.01872495 -0.17483042 -0.04932609
v -0.03189727 -0.17484509 -0.05525414
v 0.00293191 -0.17488104 0.02380935
v -0.09798219 -0.17481632 0.03010358
v -0.02761592 -0.17484032 0.05413021
v -0.09506384 -0.17480044 0.03443085
v -0.02484584 -0.17479186 -0.05254599
v -0.07066206 -0.17481541 -0.05387045
v -0.06252182 -0.17477126 -0.05658049
v 0.00282111 -0.17479856 -0.02435273
v 0.00421846 -0.17482336 -0.02035931
v -0.06755753 -0.17474099 -0.05520335
v -0.02105619 -0.17477486 0.05124317
v -0.10086108 -0.17473116 0.02495266
v -0.00774499 -0.17471026 0.04121801
v -0.01578520 -0.17478211 0.04819275
v -0.04570939 -0.17472802 0.05800503
v -0.08668948 -0.17464218 -0.04370252
v 0.00703297 -0.17452045 -0.00924682
v -0.01001251 -0.17470614 0.04351075
v 0.00694216 -0.17447705 0.00973647
v -0.04091191 -0.17457366 0.05762121
v -0.08239531 -0.17468176 -0.04706106
v 0.00578742 -0.17441857 0.01627231
v -0.03493726 -0.17448335 0.05676728
v -0.02993972 -0.17428831 0.05535780
v 0.00757350 -0.17457126 -0.00021954
v -0.02350787 -0.17423631 0.05276476
v -0.07365711 -0.17448563 -0.05273494
v 0.00437529 -0.17432917 -0.02076151
v 0.00304063 -0.17432842 0.02438729
v 0.00640498 -0.17461209 -0.01273142
v -0.06387888 -0.17421045 -0.05660401
v 0.00576277 -0.17445649 -0.01622181
v -0.00691346 -0.17440594 -0.03994148
v -0.00840763 -0.17447848 -0.04143813
v -0.07151454 -0.17387148 -0.05406743
v 0.00011343 -0.17435110 -0.03018005
v 0.00724114 -0.17445101 0.00677353
v -0.01406900 -0.17428748 0.04731522
v -0.00379298 -0.17426921 0.03682295
v 0.00451124 -0.17429188 0.02049576
v -0.07700502 -0.17403356 -0.05112748
v 0.00287173 -0.17412293 -0.02523289
v 0.00170669 -0.17423080 0.02735707
v -0.06832949 -0.17391145 -0.05538844
v 0.00022289 -0.17416667 0.03016687
v -0.00116296 -0.17407401 0.03274561
v -0.00251405 -0.17349425 0.03525034
v 0.00328089 0.02068189 -0.01287727
v 0.00330383 0.02084948 -0.01491113
v 0.00476447 0.02189261 -0.01522938
v 0.00405025 0.02137743 -0.01710435
v 0.00237813 0.01970202 -0.00879307
v 0.00323917 0.02030265 -0.00786994
v 0.00187604 0.01925020 -0.00825180
v 0.00230009 0.01890902 -0.00313014
v 0.00559953 0.02199798 -0.01926437
v 0.00528936 0.02179432 -0.02038786
v 0.00660307 0.02225485 -0.02421695
v 0.00728799 0.02280938 -0.02345101
v 0.00783307 0.02313388 -0.02660527
v 0.00158172 0.01887255 -0.00497353
v 0.00225893 0.01874294 0.00056181
v 0.00151509 0.01860131 0.00052071
v 0.00684620 0.02288222 -0.02645511
v 0.00814208 0.02379809 -0.02985784
v 0.00975302 0.02456953 -0.03076799
v 0.00244389 0.01907686 0.00654620
v 0.00197249 0.01917806 0.00908872
v 0.00470446 0.02229434 -0.01213068
v 0.00441785 0.02209774 -0.00958090
v 0.00678082 0.02306629 -0.02036493
v 0.00551966 0.02275071 -0.01574600
v 0.00829962 0.02393626 -0.02500795
v 0.00945753 0.02530334 -0.02833237
v 0.00984604 0.02512328 -0.02988812
v 0.00531466 0.02218492 -0.02307832
v 0.01072444 0.02645695 -0.03169612
v 0.00164484 0.01979571 -0.00883803
v 0.00254156 0.02081162 -0.01443536
v 0.00432641 0.02184049 -0.01967666
v 0.01204190 0.02652028 0.03808732
v 0.01107343 0.02575460 0.03547335
v 0.01381983 0.02763293 0.03921741
v 0.01444096 0.02807228 0.04169788
v 0.01536054 0.02873065 0.04135090
v 0.01262675 0.02711146 0.03592230
v 0.01126647 0.02614826 0.03350613
v 0.00997939 0.02506402 0.03363138
v 0.00995672 0.02493256 0.03185207
v 0.01652376 0.02982531 0.04152811
v 0.01812899 0.03048338 0.04537846
v 0.00765413 0.02362734 0.02914126
v 0.00742821 0.02323341 0.02527278
v 0.00834879 0.02394618 0.02884827
v 0.00668866 0.02283581 0.02554299
v 0.00627521 0.02255242 0.02324185
v 0.00695194 0.02366256 0.02091632
v 0.00540915 0.02235109 0.01826388
v 0.00564157 0.02287690 0.01666001
v 0.00838599 0.02424407 0.02674930
v 0.00941887 0.02527032 0.02895523
v 0.00429292 0.02160214 0.01257699
v 0.00358260 0.02077330 0.01364530
v 0.00367361 0.02106813 0.01646229
v 0.00490177 0.02191317 0.01892903
v 0.00541977 0.02221624 0.02280413
v 0.00250773 0.01970265 0.01033653
v 0.00331063 0.02016743 0.00933837
v 0.00295141 0.01933376 0.00256412
v 0.01550172 0.02905181 0.04387042
v 0.01809400 0.03062786 0.04705085
v 0.01988890 0.03157844 0.04732253
v 0.02055985 0.03200468 0.04893310
v 0.00320843 0.02088589 0.01619635
v 0.00407337 0.02200841 0.02043882
v 0.01961632 0.03173506 0.04907745
v 0.02083080 0.03252074 0.04735296
v 0.02194569 0.03288001 0.04952092
v 0.02155948 0.03315110 0.05105870
v 0.02247823 0.03335597 0.05103312
v 0.02286259 0.03370265 0.05014206
v 0.02420903 0.03448919 0.05244298
v 0.02543708 0.03564427 0.05274976
v 0.02389637 0.03468169 0.05320419
v 0.02635513 0.03630531 0.05512801
v 0.02638927 0.03612289 0.05412322
v 0.02808304 0.03750249 0.05652712
v 0.02813026 0.03778264 0.05518972
v 0.03057115 0.03925445 0.05743992
v 0.01950277 0.03184245 0.04580056
v 0.01776016 0.03080340 0.04329243
v 0.00388475 0.02105671 0.00612558
v 0.01097971 0.02612420 0.03713037
v 0.00394508 0.02126057 -0.00529416
v 0.01457852 0.02894126 0.03851516
v 0.00965960 0.02528876 0.03422774
v 0.00458393 0.02213994 0.01250694
v 0.01331266 0.02776442 0.04123953
v 0.00799671 0.02439664 0.03123150
v 0.01865404 0.03162825 0.04879928
v 0.02263057 0.03433223 0.05267846
v 0.01459243 0.02906293 0.04363280
v 0.01647547 0.03047270 0.04634619
v 0.00315312 0.02146238 0.01689031
v 0.01963984 0.03242985 0.04987667
v 0.02703583 0.03741259 0.05633141
v 0.00255597 0.02085151 0.01496183
v -0.10399167 -0.17165249 0.02047908
v -0.10357898 -0.17416608 0.01962651
v -0.10349386 -0.17283537 0.02105445
v -0.10490622 -0.17269339 0.01680072
v -0.10507245 -0.17431056 0.01439636
v -0.10528609 -0.17165785 0.01632619
v -0.10611619 -0.17278965 0.01176608
v -0.10237660 -0.17409208 0.02273645
v -0.10255540 -0.17162419 0.02419757
v -0.10160302 -0.17274398 0.02540845
v -0.10360263 -0.17157008 0.02117385
v -0.10108148 -0.17161621 0.02704938
v -0.10000253 -0.17421949 0.02743224
v -0.10022995 -0.17159502 0.02839677
v -0.09944598 -0.17293348 0.02912257
v -0.09701988 -0.17355961 0.03280924
v -0.09738210 -0.17430118 0.03162053
v -0.09862374 -0.17160627 0.03112722
v -0.09759666 -0.17162812 0.03270580
v -0.09798219 -0.17481632 0.03010358
v -0.10373559 -0.17481449 0.01784315
v -0.10086108 -0.17473116 0.02495266
v -0.09506384 -0.17480044 0.03443085
v -0.09462756 -0.17414761 0.03567271
v -0.09930864 -0.17489383 0.02768074
v -0.10604255 -0.17429534 0.00818299
v -0.10673828 -0.17170566 0.01063793
v -0.10693185 -0.17258214 0.00724755
v -0.10509104 -0.17492726 0.01209035
v -0.10241142 -0.17487870 0.02107771
v -0.10714013 -0.17284604 0.00251225
v -0.10721376 -0.17163628 0.00675446
v -0.10636905 -0.17452780 0.00051912
v -0.10626833 -0.17160642 0.01147982
v -0.09954908 -0.17150429 0.02902902
v -0.10489077 -0.17157839 0.01694219
v -0.09235620 -0.17490466 0.03760866
v -0.10064593 -0.17488976 0.02452188
v -0.09553668 -0.17490797 0.03315188
v -0.09685528 -0.17154856 0.03348408
v -0.09562734 -0.17158612 0.03545302
v -0.10421861 -0.17492613 0.01452119
v -0.10553500 -0.17496211 0.00361631
v -0.04944318 -0.15765590 0.05689666
v -0.04957496 -0.15808232 0.05741345
v -0.04251824 -0.15827031 0.05717675
v -0.05565633 -0.15813926 0.05712960
v -0.04342519 -0.15765822 0.05672564
v -0.05469827 -0.15762572 0.05667366
v -0.03705705 -0.15754162 0.05549958
v -0.03905343 -0.15856366 0.05700960
v -0.03375945 -0.15808169 0.05565776
v -0.03061033 -0.15764237 0.05415909
v -0.03233252 -0.15748377 0.05427557
v -0.02764701 -0.15749564 0.05275848
v -0.05472354 -0.15747922 0.05601787
v -0.06134378 -0.15743040 0.05533624
v -0.06014078 -0.15800119 0.05635891
v -0.00481451 -0.15776938 0.03474188
v -0.00899725 -0.15758742 0.03952595
v -0.00672926 -0.15856277 0.03844106
v -0.00953792 -0.15822116 0.04128352
v -0.00546387 -0.15850190 0.03684378
v -0.01237645 -0.15818911 0.04406820
v -0.01347058 -0.15757019 0.04400448
v -0.01572012 -0.15828233 0.04710868
v -0.01655295 -0.15756187 0.04656683
v -0.01881654 -0.15805882 0.04910726
v -0.02077066 -0.15756480 0.04960093
v -0.00491875 -0.15761721 0.03406286
v -0.00231949 -0.15751646 0.02947394
v -0.00018992 -0.15758657 0.02612601
v -0.00146034 -0.15834724 0.03009736
v -0.00362828 -0.15827855 0.03368456
v 0.00139778 -0.15825690 0.02439023
v 0.00157773 -0.15763964 0.02224962
v 0.00298438 -0.15822711 0.02034349
v 0.00308105 -0.15767756 0.01872699
v 0.00429051 -0.15855939 0.01706003
v 0.00435461 -0.15775259 0.01446258
v 0.00510226 -0.15811166 0.01202945
v 0.00314063 -0.15889664 0.02047231
v 0.00132676 -0.15879569 0.02505532
v 0.00526171 -0.15877973 0.01219917
v 0.00555706 -0.15881470 0.00991022
v -0.00383402 -0.15764277 -0.03351168
v -0.00643459 -0.15821679 -0.03773378
v -0.00911080 -0.15760383 -0.04016845
v -0.00298732 -0.15808022 -0.03293194
v -0.00105669 -0.15784561 -0.02923551
v -0.00122460 -0.15757434 -0.02847541
v 0.00085767 -0.15760723 -0.02439323
v 0.00130002 -0.15801201 -0.02432998
v 0.00265344 -0.15766234 -0.01998692
v 0.00287250 -0.15820884 -0.02064552
v 0.00412336 -0.15772069 -0.01549737
v 0.00371321 -0.15884790 -0.01834810
v 0.00442171 -0.15901026 -0.01583318
v 0.00536695 -0.15878258 -0.01098895
v -0.03703539 -0.15785293 -0.05606258
v -0.03495597 -0.15741966 -0.05498059
v -0.03355427 -0.15809655 -0.05533360
v -0.03073006 -0.15798038 -0.05439572
v -0.03079562 -0.15741415 -0.05357711
v -0.02707581 -0.15743576 -0.05215541
v -0.02477438 -0.15791720 -0.05186761
v -0.02365473 -0.15745606 -0.05050812
v -0.02100877 -0.15747503 -0.04926610
v -0.04290094 -0.15750796 -0.05577358
v -0.07323205 -0.15805875 -0.05195938
v -0.07424108 -0.15729290 -0.05048078
v -0.07089161 -0.15732551 -0.05210415
v -0.07653468 -0.15808605 -0.05031341
v -0.07720377 -0.15733079 -0.04887176
v -0.07939501 -0.15823373 -0.04870355
v -0.08041438 -0.15726270 -0.04661741
v -0.06829585 -0.15809564 -0.05414022
v -0.06756662 -0.15734524 -0.05338777
v -0.06402038 -0.15740068 -0.05429889
v -0.06249482 -0.15744049 -0.05501961
v -0.06436075 -0.15808287 -0.05539765
v -0.06015494 -0.15795021 -0.05626268
v -0.05646132 -0.15753567 -0.05626026
v -0.05590028 -0.15803868 -0.05681039
v -0.05223472 -0.15744126 -0.05648050
v -0.04988405 -0.15795938 -0.05722998
v -0.04640570 -0.15745528 -0.05648805
v -0.04218730 -0.15798435 -0.05686185
v -0.04248627 -0.15757391 -0.05645989
v -0.05526724 -0.15768086 0.01913493
v -0.03539588 -0.15766016 0.02048429
v -0.04295538 -0.15768489 0.00473142
v -0.02050088 -0.15766886 0.01943335
v -0.01753936 -0.15770117 0.00358735
v -0.03752872 -0.15772643 -0.00140749
v -0.03754826 -0.15773077 -0.01504338
v -0.04267151 -0.15775675 -0.00864813
v -0.05179413 -0.15774900 -0.01763540
v -0.05490980 -0.15773783 -0.03905172
v -0.03316389 -0.15773082 -0.03449240
v -0.01911419 -0.15772640 -0.04255688
v -0.03828487 -0.15773092 -0.05342329
v -0.03175659 -0.15774550 -0.05214135
v -0.02601033 -0.15774097 -0.05015933
v -0.02226720 -0.15775102 -0.04805275
v -0.01832308 -0.15776049 -0.04557553
v -0.01371115 -0.15775282 -0.04164228
v -0.00986282 -0.15773316 -0.03811276
v -0.05956043 -0.15772819 -0.05224505
v -0.06581307 -0.15774013 -0.05184628
v -0.07392223 -0.15773988 -0.04884188
v -0.07592558 -0.15775345 -0.03075430
v -0.06578321 -0.15777515 -0.01886515
v -0.08019342 -0.15771867 -0.04476473
v -0.01343221 -0.15771248 -0.01472977
v -0.00543912 -0.15771416 -0.03291564
v -0.00340090 -0.15772948 -0.02865698
v -0.00189496 -0.15770371 0.00436952
v 0.00058806 -0.15775022 -0.02040333
v 0.00332781 -0.15773639 0.00098687
v 0.00291357 -0.15775486 0.01549588
v 0.00549704 -0.15776113 0.00673951
v -0.00470951 -0.15767834 0.01677078
v -0.05988907 -0.15780297 -0.00669502
v -0.05298207 -0.15775938 -0.00087911
v -0.04735162 -0.15776364 -0.00878061
v -0.05080390 -0.15775373 -0.00294758
v -0.05793576 -0.15777479 0.00217236
v -0.05020135 -0.15776986 0.00506299
v -0.05815364 -0.15774130 0.00811187
v -0.06748049 -0.15784559 -0.01139597
v -0.07308928 -0.15786360 -0.01171371
v -0.07957482 -0.15781656 -0.01240275
v -0.07758977 -0.15790642 -0.00973675
v -0.00331403 -0.15761880 0.02814341
v -0.01707389 -0.15763622 0.03274140
v -0.01028890 -0.15764397 0.03774316
v -0.01614497 -0.15764936 0.04271436
v -0.01990172 -0.15762555 0.04619724
v -0.04713248 -0.15764135 0.02962607
v -0.04113647 -0.15761571 0.04409885
v -0.02637398 -0.15757891 0.04968470
v -0.03288551 -0.15756838 0.05142233
v -0.03838248 -0.15759751 0.05349479
v -0.05129826 -0.15761281 0.05487763
v -0.05848806 -0.15757612 0.05311389
v -0.06411763 -0.15765443 0.03625751
v -0.07338389 -0.15767522 0.04426527
v -0.07102365 -0.15768464 0.02871433
v -0.08571528 -0.15764154 0.03877982
v -0.07056172 -0.15760054 0.04990182
v -0.07652878 -0.15760787 0.04689134
v -0.08253925 -0.15762077 0.04228739
v -0.08318450 -0.15773796 0.01861106
v -0.09208641 -0.15763772 0.03183740
v -0.09593934 -0.15770377 0.02418721
v -0.09986892 -0.15772668 0.01900213
v -0.10031999 -0.15773215 0.01551807
v -0.10291064 -0.15770182 0.00638584
v -0.10182826 -0.15770721 0.01078972
v -0.10121219 -0.15772618 -0.01262465
v -0.08183589 -0.15771716 -0.04309351
v -0.08901075 -0.15774337 -0.02032338
v -0.09172339 -0.15778307 0.00058572
v -0.08771485 -0.15779813 -0.00466544
v -0.08146368 -0.15784120 -0.00574389
v -0.08632353 -0.15769463 -0.03941319
v -0.09036053 -0.15768643 -0.03479407
v -0.09200161 -0.15767858 -0.03303517
v -0.09453165 -0.15764906 -0.02967323
v -0.09695581 -0.15766807 -0.02417665
v -0.09965913 -0.15771487 -0.01946446
v -0.08717395 -0.15780144 0.00505647
v -0.08159323 -0.15779512 0.01111200
v -0.08206604 -0.15782370 0.00684686
v -0.07390162 -0.15781187 0.01376482
v -0.06568711 -0.15778414 0.01154844
v -0.04227198 -0.15776834 0.00193442
v -0.04072136 -0.15779805 0.00016284
v -0.04441025 -0.15775859 0.00352912
v -0.04913136 -0.15776569 -0.00469934
v -0.04767814 -0.15776691 -0.00574906
v -0.10299024 -0.15769125 -0.00641998
v 0.00278503 -0.15777760 -0.01424963
v 0.00549747 -0.15767117 -0.00364846
v 0.00491714 -0.15770787 -0.01059155
v -0.03705705 -0.15754162 0.05549958
v -0.04714593 -0.15755776 0.05609950
v -0.03233252 -0.15748377 0.05427557
v -0.02764701 -0.15749564 0.05275848
v -0.06208124 -0.15786981 0.00501541
v -0.06127700 -0.15788841 0.00105051
v -0.06170462 -0.15788539 -0.00359935
v -0.06315279 -0.15791337 -0.00538620
v -0.06559849 -0.15791183 -0.00756702
v -0.00129555 -0.15773165 -0.02492194
v -0.05761520 -0.15775977 -0.05446136
v -0.06328567 -0.15777453 -0.05312981
v -0.03936273 -0.15774156 -0.05443094
v -0.03332549 -0.15771726 -0.05303368
v -0.05134112 -0.15778054 -0.00124833
v -0.05084020 -0.15779856 0.00237841
v -0.04948781 -0.15780380 0.00375040
v -0.04710517 -0.15778189 0.00416290
v -0.09847108 -0.15768778 0.02213850
v -0.06519396 -0.15755350 0.05235093
v -0.08802202 -0.15762249 0.03694282
v -0.04034662 -0.15783956 -0.00225665
v -0.02461505 -0.15748160 0.05140140
v -0.08748813 -0.15791995 0.00004605
v -0.08448505 -0.15791718 0.00436378
v -0.08576783 -0.15790385 -0.00241983
v -0.08346451 -0.15792901 -0.00338928
v -0.04477596 -0.15785121 -0.00640430
v -0.04325201 -0.15784703 -0.00608451
v -0.04214071 -0.15787540 -0.00531967
v -0.04074041 -0.15783967 -0.00353403
v -0.04609912 -0.15783394 -0.00634031
v -0.07574540 -0.15792325 0.01032136
v -0.07834506 -0.15795591 0.00958766
v -0.07447787 -0.15791529 0.01125798
v -0.07045838 -0.15790502 0.01121127
v -0.06893221 -0.15792008 0.01004219
v -0.06706766 -0.15792445 0.00937506
v -0.06439698 -0.15791520 0.00749262
v -0.00796169 -0.15756193 -0.03827062
v -0.07096169 -0.15776496 -0.05038950
v -0.06849584 -0.15775082 -0.05166021
v -0.06566062 -0.15745062 0.05402393
v -0.06905940 -0.15745560 0.05259653
v -0.07269280 -0.15745977 0.05086991
v -0.05472354 -0.15747922 0.05601787
v -0.06134378 -0.15743040 0.05533624
v -0.09714522 -0.15748540 0.02820210
v -0.06810415 -0.15795445 -0.00959804
v -0.08876580 -0.15765569 -0.03736755
v -0.08062347 -0.15775357 -0.00525131
v -0.07792564 -0.15784201 -0.00858373
v -0.01107642 -0.15756228 -0.04132098
v -0.01337135 -0.15749127 -0.04376155
v -0.01740292 -0.15754208 -0.04679253
v -0.09227768 -0.15741641 0.03513203
v -0.09435196 -0.15742692 0.03247353
v -0.08688738 -0.15740772 0.04091461
v -0.07644018 -0.15743558 0.04890367
v -0.08062223 -0.15741620 0.04602417
v -0.07933160 -0.15762047 0.04477472
v -0.07793432 -0.15767843 -0.04679704
v -0.08893106 -0.15738684 0.03838303
v -0.08417246 -0.15801764 -0.00213487
v -0.10231313 -0.15751105 -0.01597584
v -0.10388104 -0.15750555 -0.00913517
v -0.10299352 -0.15756937 -0.01075982
v -0.10357503 -0.15763870 -0.01243712
v -0.10237509 -0.15745855 0.01658968
v -0.04342519 -0.15765822 0.05672564
v -0.04944318 -0.15765590 0.05689666
v -0.02887312 -0.15777219 -0.05136880
v -0.09775300 -0.15739308 -0.02704627
v -0.09942067 -0.15735787 -0.02379274
v -0.10083116 -0.15746490 -0.02061213
v -0.08131415 -0.15764806 0.00588537
v -0.07696577 -0.15774537 -0.00863833
v -0.07842471 -0.15774403 -0.00501979
v -0.07473632 -0.15771005 -0.00933074
v -0.07622325 -0.15772710 -0.00587238
v -0.07256135 -0.15769986 -0.00532517
v -0.07162533 -0.15773016 -0.00942947
v -0.06698108 -0.15773478 -0.00662727
v -0.07994913 -0.15770312 -0.00371674
v -0.08115668 -0.15766949 -0.00267227
v -0.07100623 -0.15776669 -0.00383632
v -0.06567458 -0.15773549 -0.00515362
v -0.06606928 -0.15780851 0.00150657
v -0.06417343 -0.15773726 -0.00346735
v -0.06372519 -0.15772150 0.00035885
v -0.08184862 -0.15758310 -0.00028254
v -0.06433344 -0.15762839 0.00522708
v -0.06777097 -0.15769626 0.00734130
v -0.06972779 -0.15785045 0.00248281
v -0.07052030 -0.15781888 0.00405599
v -0.06908666 -0.15784166 0.00013193
v -0.06993411 -0.15783363 -0.00214524
v -0.07241681 -0.15772034 0.00564307
v -0.07617937 -0.15761618 0.00915350
v -0.06848799 -0.15769271 0.00895598
v -0.07640267 -0.15765293 0.00614598
v -0.08031812 -0.15756794 0.00686991
v -0.07869946 -0.15760008 0.00516270
v -0.08125471 -0.15756942 0.00383085
v -0.08299828 -0.15751246 0.00324609
v -0.06866344 -0.15768579 -0.00841452
v -0.07251802 -0.15776540 0.01023317
v -0.06272947 -0.15757740 0.00109352
v -0.06316602 -0.15752812 0.00376559
v -0.09561862 -0.15742817 -0.03057933
v -0.09378979 -0.15734263 -0.03307138
v -0.09275036 -0.15729469 -0.03435919
v -0.08372513 -0.15769799 -0.04162183
v -0.07842719 -0.15796515 0.00914014
v -0.06341930 -0.15754991 -0.00286773
v -0.10069041 -0.15743052 0.02091106
v -0.09928232 -0.15741006 0.02405810
v -0.08543218 -0.15837665 0.00015640
v -0.08440951 -0.15809944 0.00269346
v -0.10375648 -0.15735139 0.01096809
v -0.10306511 -0.15738696 0.01369725
v -0.10424743 -0.15744936 0.00179902
v -0.10488965 -0.15750302 0.00446458
v -0.08368063 -0.15749502 -0.00067699
v -0.06729149 -0.15754391 0.00817086
v -0.06527527 -0.15754505 0.00627674
v -0.08352560 -0.15746083 0.00151401
v -0.10459039 -0.15759999 -0.00593736
v -0.07798919 -0.15749706 0.00867925
v -0.07271028 -0.15808748 -0.01077801
v -0.09055756 -0.15732709 -0.03734662
v -0.08565127 -0.15729553 -0.04231071
v -0.08322791 -0.15724567 -0.04448654
v -0.08834231 -0.15729849 -0.03968584
v -0.06334218 -0.15820838 0.00482325
v -0.06187312 -0.15826355 0.00090241
v -0.06264664 -0.15829909 0.00194735
v -0.06221223 -0.15819340 -0.00153223
v -0.06294857 -0.15820755 -0.00274409
v -0.06306293 -0.15829756 -0.00419543
v -0.06445095 -0.15848531 -0.00467769
v -0.06465408 -0.15850454 -0.00571541
v -0.06661690 -0.15838493 -0.00765985
v -0.06553818 -0.15842784 -0.00590263
v -0.06702150 -0.15841712 -0.00716914
v -0.06846263 -0.15845527 -0.00835713
v -0.06441824 -0.15823593 0.00582906
v -0.06619876 -0.15821678 0.00759625
v -0.06749520 -0.15817940 0.00893474
v -0.05343220 -0.15748438 -0.05566153
v -0.07670339 -0.15824379 -0.00895454
v -0.07086312 -0.15819856 0.01042270
v -0.07427099 -0.15826703 0.01046173
v -0.06905383 -0.15842054 -0.00919736
v -0.07122088 -0.15810003 -0.00958575
v -0.07424741 -0.15805542 -0.00995024
v -0.06961676 -0.15748518 -0.00044140
v -0.06457674 -0.15756709 -0.00436312
v -0.04744815 -0.15676874 0.00331913
v -0.05041444 -0.15714049 0.00086557
v -0.05077957 -0.15723481 -0.00105704
v -0.04768778 -0.15664388 0.00149502
v -0.04978639 -0.15685987 -0.00119676
v -0.04750315 -0.15690317 -0.00167723
v -0.04471029 -0.15645779 0.00072284
v -0.04362480 -0.15660549 -0.00153188
v -0.04340738 -0.15631970 -0.00361884
v -0.04620086 -0.15658313 -0.00350753
v -0.04322588 -0.15609131 -0.00519429
v -0.04218328 -0.15619531 -0.00445059
v -0.04145335 -0.15608064 -0.00139911
v -0.04096191 -0.15620996 -0.00253041
v -0.04484552 -0.15617006 0.00295196
v -0.04283205 -0.15622833 0.00164790
v -0.04678045 -0.15633435 0.00335020
v -0.04801879 -0.15664048 -0.00306360
v -0.04289457 -0.15634588 -0.00140287
v -0.04658538 -0.15619058 -0.00552962
v -0.04372769 -0.15616129 -0.00581366
v -0.04867799 -0.15626037 -0.00395358
v -0.04309006 -0.15608679 0.00108387
v -0.04941024 -0.15697420 -0.00329012
v -0.06624059 -0.15762298 -0.00605453
v -0.04119897 -0.15648168 -0.00058837
v 0.00547248 -0.15796928 -0.00883644
v -0.10433279 -0.15801722 -0.01052025
v -0.08063398 -0.15703886 0.00354916
v -0.10523463 -0.15822449 0.00652678
v 0.00609497 -0.15843465 0.00021992
v 0.00601872 -0.15891121 -0.00402811
v -0.04477197 -0.15704038 0.00320565
v -0.04267822 -0.15763643 0.00207128
v -0.00375704 0.11204033 0.00022265
v -0.00287695 0.11069237 0.00292531
v -0.00309300 0.11070416 0.00022374
v -0.00365657 0.11236351 0.00369148
v -0.00288331 0.11063664 -0.00301345
v -0.00376305 0.11235391 -0.00335903
v -0.00243900 0.11116083 0.00553699
v -0.00330313 0.11260777 0.00606645
v -0.00274622 0.10927517 0.00178006
v -0.00271721 0.10920498 -0.00232475
v -0.00229818 0.10925750 0.00484761
v -0.00109219 0.10912434 0.00951766
v -0.00227544 0.11089891 -0.00585951
v -0.00335522 0.11255269 -0.00564140
v -0.00204969 0.10928952 -0.00578015
v -0.00096136 0.10915872 -0.00884259
v -0.00222964 0.11271781 0.00862790
v -0.00134654 0.11060382 0.00879938
v -0.00227436 0.11197356 -0.00704473
v -0.00130154 0.11059487 -0.00820839
v -0.00120237 0.11238045 -0.00943271
v 0.00009956 0.11068608 -0.01130344
v 0.00037291 0.10938392 -0.01214306
v -0.00190597 0.10665939 -0.00684956
v -0.00222808 0.10609475 -0.00582640
v -0.00120078 0.10677551 -0.00890463
v 0.00011720 0.10712071 -0.01260530
v 0.00040953 0.10841765 -0.01339392
v 0.00032424 0.10801398 -0.01458623
v 0.00013451 0.10434330 -0.01458119
v -0.00109779 0.10408366 -0.01187493
v -0.00273569 0.10182674 -0.00849836
v -0.00229306 0.09958889 -0.01220901
v -0.00265281 0.10468611 -0.00603319
v -0.00335341 0.09785880 -0.01090030
v 0.00152148 0.10989652 -0.01445764
v -0.00627919 0.09060709 -0.00260393
v -0.00677840 0.08844800 -0.00108257
v -0.00743710 0.08867382 -0.00468584
v -0.00842024 0.08512094 -0.00354581
v -0.00601543 0.09362192 -0.00519169
v -0.00579329 0.09111525 0.00035693
v -0.00592529 0.09263627 -0.00287847
v -0.00782518 0.08540694 0.00053446
v -0.00647432 0.08870473 0.00178912
v -0.00675725 0.09135374 -0.00638429
v -0.00777261 0.08748137 -0.00602870
v -0.00895311 0.08346175 -0.00496028
v -0.00833499 0.08407380 0.00237051
v -0.00880243 0.08284465 0.00242555
v -0.00941709 0.08101159 -0.00013813
v -0.00923260 0.08063255 0.00425633
v -0.00876152 0.08299947 0.00500003
v -0.00450154 0.09821983 -0.00496787
v -0.00543856 0.09521005 -0.00250407
v -0.00940280 0.08136347 -0.00432507
v -0.00599982 0.09061065 0.00312303
v -0.00507197 0.09697282 0.00071878
v -0.00768254 0.08667421 0.00484117
v -0.00802624 0.08560385 0.00624796
v -0.00645638 0.09099187 0.00520035
v -0.00835523 0.08384996 0.00721921
v -0.00688455 0.08868449 0.00888246
v -0.00657987 0.09086280 0.00621386
v -0.00572054 0.09388899 0.00569456
v -0.00275401 0.10578766 -0.00185700
v -0.00269407 0.10579930 0.00154151
v -0.00398328 0.10041269 0.00275216
v -0.00546387 0.09497897 0.00455435
v -0.00203497 0.10626446 0.00635896
v -0.00554091 0.09385714 0.00084644
v -0.00362294 0.09970620 0.00728628
v -0.00267524 0.10168795 0.00966643
v -0.00556232 0.09321095 0.00839802
v -0.00137990 0.10697843 0.00931634
v -0.00988497 0.07758331 0.00010887
v -0.00576153 0.09221313 0.00317389
v -0.00674230 0.09053686 -0.00825840
v -0.00814240 0.08496319 -0.00833107
v -0.00989662 0.07717399 -0.00468364
v -0.00982754 0.07506960 0.00510043
v -0.00945695 0.07688000 0.00681939
v -0.00943575 0.07952227 -0.00715716
v -0.00850760 0.08250222 -0.00929860
v -0.00305334 0.09873336 0.01122256
v -0.00374470 0.09956077 -0.00704687
v -0.00371940 0.10108274 -0.00456213
v -0.00984517 0.07628171 -0.00654468
v -0.00778832 0.08354435 0.01003175
v -0.00902521 0.07738787 0.00856534
v -0.00541457 0.09149349 0.01134694
v -0.00115608 0.10428928 0.01315407
v -0.00072891 0.10630027 0.01274209
v -0.00373744 0.09612991 0.01164532
v -0.00052915 0.10838436 0.01224472
v -0.00513137 0.09461762 -0.00895413
v -0.01016344 0.07191664 0.00075844
v -0.01007431 0.07285526 -0.00456784
v 0.00004166 0.10794032 0.01393016
v -0.00265288 0.09782608 0.01342934
v -0.00681335 0.08402403 0.01308988
v -0.00562449 0.08922802 0.01261789
v -0.00757006 0.07931723 0.01338736
v -0.00970489 0.07252075 0.00685650
v 0.00015391 0.11077564 0.01275431
v -0.00993445 0.07022445 0.00528189
v -0.00257528 0.09400275 0.01668307
v -0.00831777 0.07335937 0.01233950
v -0.00630751 0.08068121 0.01635846
v -0.00692837 0.07894047 0.01547569
v -0.00445865 0.08401759 0.01873078
v -0.01013868 0.06847600 0.00076888
v -0.00260876 0.10719672 0.00300528
v -0.00286712 0.10698001 -0.00008030
v -0.00263734 0.10705322 -0.00345670
v -0.00097851 0.09911076 0.01677112
v -0.00964437 0.06751760 0.00675925
v -0.00819988 0.06973340 0.01271678
v -0.00723250 0.07343521 0.01560872
v -0.01002522 0.06990060 -0.00574400
v -0.00959577 0.07565823 -0.00867832
v -0.00967027 0.06550385 0.00523332
v -0.00891906 0.07898006 -0.01029200
v -0.00987514 0.06628821 -0.00462488
v -0.00994124 0.06558223 0.00035151
v -0.00655417 0.08851182 -0.01143753
v -0.00621212 0.07744833 0.01764040
v -0.00414324 0.08069921 0.02113842
v -0.00423694 0.07747494 0.02190496
v 0.00037371 0.10432963 0.01648341
v 0.00030652 0.10845204 0.01484517
v 0.00121609 0.11028607 0.01516687
v 0.00090144 0.10811086 0.01643559
v 0.00124962 0.10923329 0.01643179
v -0.00154117 0.09170915 0.02026114
v -0.00225682 0.08379457 0.02349323
v 0.00161065 0.11163635 0.01508134
v -0.00100354 0.08677342 0.02419684
v -0.00279876 0.07952528 0.02414310
v 0.00059649 0.09834356 0.02025366
v 0.00225172 0.10233226 0.02081869
v 0.00127252 0.10495467 0.01783387
v 0.00055085 0.09094208 0.02456147
v 0.00327828 0.10013558 0.02403077
v 0.00266450 0.09553865 0.02565476
v 0.00017423 0.09329973 0.02230699
v 0.00246489 0.11062768 0.01720006
v 0.00464658 0.09541293 0.02896858
v 0.00352948 0.09077183 0.02966565
v 0.00033023 0.11212425 0.01270384
v -0.00104010 0.11234458 0.01022261
v 0.00152822 0.08588659 0.02881013
v 0.00108971 0.08202365 0.02961745
v 0.00519226 0.10572997 0.02338478
v 0.00309610 0.10623161 0.02006441
v -0.00005063 0.07781696 0.02893276
v 0.00610835 0.09924871 0.02887088
v 0.00367357 0.08519456 0.03221147
v 0.00658340 0.10987898 0.02317147
v 0.00699612 0.10391430 0.02703872
v 0.00423886 0.08245721 0.03391040
v 0.00409614 0.11092201 0.01986550
v 0.00551650 0.11331727 0.02037026
v 0.00500083 0.11373796 0.01878777
v 0.00373673 0.11349146 0.01677827
v 0.00507482 0.11491684 0.01775877
v 0.00566387 0.08778678 0.03374363
v 0.00756863 0.09465773 0.03310739
v 0.00691447 0.10677951 0.02502453
v 0.00682766 0.11265610 0.02243545
v 0.00687610 0.08400528 0.03663028
v 0.00009361 0.11330983 0.01261740
v 0.00142711 0.11347540 0.01462718
v 0.00788552 0.09105412 0.03502718
v 0.00723452 0.11379577 0.02222102
v 0.00925362 0.10487580 0.02914004
v 0.01036276 0.10815364 0.02814006
v 0.00265923 0.11343586 0.01561999
v 0.00727473 0.11473027 0.02123509
v 0.00651696 0.11512497 0.01922434
v 0.00652160 0.11628289 0.01835523
v -0.00526438 0.09188774 -0.01230000
v 0.00473211 0.11592948 0.01718065
v 0.00274090 0.11486342 0.01577083
v 0.00074896 0.11508978 0.01462207
v 0.00793245 0.11640002 0.01937283
v 0.00203131 0.11561836 0.01568156
v -0.00158475 0.11377266 0.01120093
v 0.00596591 0.11723017 0.01820338
v 0.00672144 0.11772892 0.01900720
v 0.00396528 0.11642499 0.01684573
v 0.00937041 0.11755383 0.01982059
v -0.00728435 0.05325612 0.00665400
v -0.00589610 0.04829468 0.00606636
v -0.00636970 0.04850352 0.00079991
v -0.00771730 0.05347765 0.00159078
v -0.00400576 0.04097645 0.00099022
v -0.00285924 0.03882598 0.00544224
v -0.00393635 0.04339237 0.00877075
v -0.00258235 0.03697410 0.00101390
v -0.00582454 0.04925094 0.00854027
v -0.00183881 0.03782859 0.00963851
v -0.00805178 0.05671965 0.00686112
v -0.00872733 0.05788824 0.00095797
v -0.00916878 0.06214331 0.00609825
v -0.00792251 0.05446915 -0.00236935
v -0.00956805 0.06245319 0.00051605
v -0.00435312 0.04274523 -0.00481683
v -0.00603265 0.04800857 -0.00427305
v -0.00776816 0.05441544 -0.00527091
v -0.00250529 0.03748655 -0.00495877
v -0.00893049 0.06010650 -0.00563335
v -0.00525816 0.04645292 -0.00707687
v -0.00713920 0.05303612 -0.00737391
v -0.00114183 0.03404918 -0.00406374
v -0.00103934 0.03333238 0.00095412
v -0.00210079 0.03712469 -0.00718218
v -0.00962944 0.06482989 -0.00595649
v -0.00851724 0.05981892 -0.00821936
v 0.00235253 0.02652612 -0.00494578
v 0.00289840 0.02458381 0.00084572
v 0.00364298 0.02340561 -0.00317682
v 0.00426596 0.02233888 -0.00583911
v 0.00212684 0.02756585 -0.00713588
v 0.00406811 0.02211017 0.00104724
v 0.00453707 0.02326557 -0.01096730
v 0.00120618 0.03042657 -0.00952439
v -0.00267339 0.04153818 -0.01205848
v -0.00485588 0.04724480 -0.01035137
v -0.00122943 0.03701896 -0.01133447
v 0.00355682 0.02587380 -0.01110420
v 0.00032990 0.03339664 -0.01166156
v -0.00697672 0.05413219 -0.00955274
v -0.00527266 0.04972534 -0.01148845
v 0.00444720 0.02472830 -0.01287327
v -0.00783780 0.05962644 -0.01097616
v -0.00137237 0.03994425 -0.01469337
v 0.00557540 0.02360700 -0.01530973
v 0.00167067 0.03318285 -0.01624597
v 0.00321562 0.03005853 -0.01687947
v -0.00231388 0.04451462 -0.01626777
v -0.00121873 0.04148163 -0.01674387
v 0.00551829 0.02447970 -0.01583459
v -0.00570820 0.05247515 -0.01245785
v -0.00877321 0.06407389 -0.00998809
v -0.00965121 0.06815399 -0.00804140
v -0.00397154 0.05111512 -0.01672573
v 0.00693660 0.02383584 -0.01983904
v 0.00426137 0.03186221 -0.02199479
v 0.00196217 0.03839083 -0.02221869
v -0.00729349 0.05945181 -0.01246467
v 0.00677827 0.02661286 -0.02227332
v 0.00705245 0.02469628 -0.02065896
v 0.00814877 0.02493962 -0.02415754
v 0.00879251 0.02617992 -0.02698880
v 0.00945753 0.02530334 -0.02833237
v -0.00253067 0.04961606 -0.01940830
v -0.00054406 0.04378067 -0.02024202
v -0.00458719 0.05599798 -0.01769637
v 0.00576108 0.03340283 -0.02700692
v 0.00940574 0.02609754 -0.02834209
v -0.00801518 0.06536815 -0.01310697
v -0.00034858 0.04570004 -0.02198900
v 0.00279200 0.03875990 -0.02439531
v -0.00884821 0.06771845 -0.01122979
v -0.00216831 0.05258835 -0.02165508
v 0.00526198 0.03841876 -0.02930322
v 0.00968706 0.02752773 -0.02998652
v 0.01072444 0.02645695 -0.03169612
v -0.00622683 0.06458379 -0.01708901
v 0.00143126 0.04497421 -0.02509733
v -0.00357611 0.05726718 -0.02048807
v -0.00800144 0.06905688 -0.01404508
v 0.00397410 0.04338355 -0.02929823
v 0.00291505 0.04758889 -0.02902646
v 0.00805474 0.03476290 -0.03219533
v 0.00741536 0.03872771 -0.03341112
v 0.00580986 0.04291458 -0.03246826
v -0.00935007 0.07391023 -0.01013312
v -0.00878496 0.07362518 -0.01214344
v -0.00401667 0.06504743 -0.02183921
v -0.00245289 0.05845026 -0.02309845
v -0.00130541 0.05377586 -0.02369787
v 0.01096775 0.02778271 -0.03234614
v -0.00631306 0.07131798 -0.01817502
v -0.00806447 0.07373263 -0.01421565
v 0.00829962 0.02393626 -0.02500795
v -0.00822547 0.07862758 -0.01277677
v -0.00663054 0.07790390 -0.01701212
v 0.00470446 0.02229434 -0.01213068
v 0.00441785 0.02209774 -0.00958090
v 0.00551966 0.02275071 -0.01574600
v -0.00817217 0.08149218 -0.01131574
v -0.00722798 0.08219682 -0.01351526
v 0.00984604 0.02512328 -0.02988812
v 0.00394508 0.02126057 -0.00529416
v 0.00388475 0.02105671 0.00612558
v 0.00678082 0.02306629 -0.02036493
v -0.00082556 0.03404928 0.00672824
v 0.00246979 0.02647739 0.00622568
v 0.00421305 0.02269777 0.00762498
v 0.00273877 0.02710811 0.00973948
v 0.00409040 0.02403190 0.01026438
v -0.00024472 0.03475533 0.01171389
v 0.00452593 0.02324916 0.01169651
v 0.00436001 0.02520972 0.01322633
v 0.00233168 0.03056300 0.01440910
v -0.00304124 0.04392709 0.01340760
v -0.00525191 0.04992279 0.01207340
v -0.00000962 0.03865205 0.01755019
v 0.00280912 0.03231260 0.01869616
v 0.00516996 0.02702173 0.01826466
v 0.00627496 0.02376180 0.01805696
v 0.00548542 0.02352030 0.01572769
v -0.00697342 0.05478775 0.00997459
v -0.00170566 0.04432916 0.01801567
v -0.00797986 0.05852669 0.00915002
v 0.00658520 0.02739759 0.02282922
v 0.00713214 0.02470766 0.02122090
v 0.00436985 0.03213167 0.02276040
v 0.00305975 0.03628985 0.02340879
v 0.00037287 0.04264578 0.02193778
v 0.00823214 0.02598231 0.02565849
v 0.00835308 0.02770478 0.02755622
v 0.00967369 0.02595667 0.02926166
v -0.00336388 0.05011678 0.01768776
v 0.00580142 0.03361907 0.02752127
v 0.00321755 0.03930288 0.02613501
v -0.00692127 0.05791365 0.01248197
v -0.00210295 0.05004306 0.02075847
v 0.00062664 0.04460151 0.02379748
v -0.00399852 0.05570836 0.01914064
v -0.00884529 0.06271349 0.00817885
v -0.00810276 0.06389822 0.01158258
v -0.00700509 0.06087622 0.01373934
v -0.00525881 0.06014490 0.01797111
v 0.00826558 0.02494751 0.02527062
v 0.00941887 0.02527032 0.02895523
v 0.00520795 0.03891043 0.02989055
v 0.00342011 0.04363661 0.02896066
v 0.00769579 0.03247977 0.03025783
v 0.01027502 0.02788029 0.03146544
v 0.01094175 0.02666202 0.03241330
v 0.00646965 0.03909179 0.03227293
v -0.00171203 0.05448800 0.02338237
v 0.00023690 0.04969740 0.02518305
v -0.00716998 0.06544878 0.01487131
v -0.00392527 0.06236569 0.02159958
v -0.00207429 0.06022710 0.02453267
v 0.00880094 0.03567815 0.03413164
v -0.00562031 0.06613544 0.01876528
v 0.00553397 0.04389125 0.03267388
v 0.00167312 0.05245099 0.02867828
v -0.00713821 0.07001922 0.01573584
v -0.00399112 0.06669134 0.02227355
v 0.00206872 0.05542389 0.03020780
v 0.00117775 0.06119034 0.03012141
v 0.01105543 0.03032723 0.03419634
v 0.01187562 0.02753477 0.03402842
v 0.00762984 0.03955237 0.03424872
v -0.00225844 0.06546521 0.02530614
v -0.00557979 0.07358100 0.01947150
v -0.00404818 0.07269765 0.02265316
v 0.01024898 0.03662634 0.03664526
v 0.00563122 0.05449783 0.03540971
v -0.00217385 0.07088429 0.02600414
v 0.01091301 0.03909898 0.03848449
v 0.00855521 0.04675369 0.03762761
v 0.01363157 0.02927132 0.03709775
v 0.01457852 0.02894126 0.03851516
v 0.00028767 0.06907699 0.02973742
v 0.00453536 0.06297425 0.03530616
v 0.00358495 0.06786115 0.03441965
v 0.01477285 0.03002141 0.03881817
v 0.00802835 0.05747686 0.03918077
v -0.00223407 0.07501077 0.02581718
v 0.01058203 0.04578741 0.03991530
v 0.01084256 0.05306429 0.04171887
v 0.01409805 0.03609371 0.04101800
v 0.01641286 0.03051236 0.04100010
v 0.00000340 0.07457528 0.02937607
v 0.00204979 0.07425892 0.03229855
v 0.00632380 0.06437943 0.03780761
v 0.01386263 0.04040351 0.04231368
v 0.01407622 0.04490009 0.04365196
v 0.00454963 0.07114022 0.03572965
v 0.00840714 0.06576969 0.04041154
v 0.01042001 0.06235098 0.04241139
v 0.01706773 0.03436778 0.04341575
v 0.01776701 0.03157400 0.04309370
v 0.01960651 0.03290288 0.04577197
v 0.01242803 0.05487888 0.04375450
v 0.01951731 0.03522812 0.04621029
v 0.02116374 0.03425047 0.04773482
v 0.01732540 0.03807026 0.04494198
v 0.02350581 0.03480100 0.05044512
v 0.02083080 0.03252074 0.04735296
v 0.02286259 0.03370265 0.05014206
v 0.02294363 0.03799033 0.05023138
v 0.00234596 0.07817002 0.03232548
v 0.00416802 0.07751174 0.03482382
v 0.00799147 0.07324276 0.03979082
v 0.01649978 0.04451810 0.04592445
v 0.02090912 0.03932870 0.04859362
v 0.01950277 0.03184245 0.04580056
v 0.00650509 0.07766170 0.03760234
v 0.01776016 0.03080340 0.04329243
v 0.00695194 0.02366256 0.02091632
v 0.01652376 0.02982531 0.04152811
v 0.00458393 0.02213994 0.01250694
v 0.00564157 0.02287690 0.01666001
v 0.00422806 0.02218970 0.00717903
v 0.01126647 0.02614826 0.03350613
v 0.01262675 0.02711146 0.03592230
v 0.02543708 0.03564427 0.05274976
v 0.00838599 0.02424407 0.02674930
v 0.00995672 0.02493256 0.03185207
v -0.08322791 -0.15724567 -0.04448654
v -0.08041438 -0.15726270 -0.04661741
v -0.08473667 -0.15821895 -0.04457660
v -0.07939501 -0.15823373 -0.04870355
v -0.08201019 -0.15872188 -0.04692136
v -0.09055756 -0.15732709 -0.03734662
v -0.09026536 -0.15826706 -0.03942783
v -0.09164888 -0.15824103 -0.03773109
v -0.08851001 -0.15808878 -0.04100175
v -0.08834231 -0.15729849 -0.03968584
v -0.09296121 -0.15826398 -0.03633256
v -0.08565127 -0.15729553 -0.04231071
v -0.08598715 -0.15821505 -0.04340154
v -0.08786742 -0.15869146 -0.04187951
v -0.10388104 -0.15750555 -0.00913517
v -0.10357503 -0.15763870 -0.01243712
v -0.10323582 -0.15797319 -0.01514080
v -0.10572411 -0.15900137 0.00057400
v -0.10623768 -0.16628253 0.00046158
v -0.10622560 -0.16871155 0.00553775
v -0.10558663 -0.16027889 0.00537706
v -0.10582564 -0.16660276 0.00831192
v -0.10529071 -0.15987026 0.00854714
v -0.10663173 -0.17075487 0.00104388
v -0.10627254 -0.17081530 0.00784401
v -0.10524546 -0.15871889 0.00834525
v -0.10545897 -0.16079490 -0.00592214
v -0.10624884 -0.17081509 -0.00527763
v -0.10507456 -0.15871889 -0.00817156
v -0.10516326 -0.15821875 -0.00590020
v -0.10554403 -0.17086091 -0.01063377
v -0.10615123 -0.17144832 -0.00636774
v -0.10488496 -0.16146034 -0.01058450
v -0.10542698 -0.17149199 -0.01211646
v -0.10428588 -0.15865856 -0.01261997
v -0.10523463 -0.15822449 0.00652678
v -0.10455260 -0.16814747 -0.01443616
v -0.10461857 -0.17144966 -0.01482924
v -0.10307102 -0.16002331 -0.01786952
v -0.10384134 -0.15834129 -0.01439957
v -0.10385353 -0.17144224 -0.01786045
v -0.10337946 -0.17142719 -0.01937685
v -0.10246432 -0.15870570 -0.01921886
v -0.10192142 -0.16143622 -0.02155273
v -0.10215811 -0.17078101 -0.02259194
v -0.10216730 -0.17143896 -0.02291771
v -0.10071038 -0.15886088 -0.02385926
v -0.10473345 -0.16007388 0.01170503
v -0.10545566 -0.17038053 0.01210606
v -0.10609203 -0.17144575 0.00970117
v -0.10504633 -0.17149747 0.01535329
v -0.10391822 -0.15883528 0.01460784
v -0.10695936 -0.17148404 0.00143146
v -0.10650852 -0.17150452 -0.00565437
v -0.10535736 -0.15819411 -0.00013979
v -0.10008868 -0.16336567 -0.02601131
v -0.10082582 -0.17137818 -0.02563594
v -0.10100904 -0.15818310 -0.02258620
v -0.09927072 -0.15883218 -0.02693168
v -0.10433279 -0.15801722 -0.01052025
v -0.10327971 -0.15998993 0.01737500
v -0.10390202 -0.16775127 0.01732913
v -0.10461252 -0.17131215 0.01605765
v -0.10404249 -0.15817138 0.01310388
v -0.10666737 -0.17149303 0.00760142
v -0.09788292 -0.15882909 -0.02956281
v -0.09942266 -0.17137668 -0.02824816
v -0.09824223 -0.15822459 -0.02850414
v -0.09701532 -0.15827346 -0.03085653
v -0.10488965 -0.15750302 0.00446458
v -0.10231342 -0.15809309 -0.01869502
v -0.09720502 -0.16939336 -0.03165332
v -0.09755492 -0.17136659 -0.03118784
v -0.09565670 -0.16491386 -0.03356572
v -0.09635245 -0.15867276 -0.03186807
v -0.09976897 -0.15815583 -0.02511149
v -0.09526865 -0.17134077 -0.03439573
v -0.09389512 -0.15875890 -0.03527694
v -0.09358286 -0.17129965 -0.03668076
v -0.09265678 -0.16617174 -0.03751791
v -0.09560902 -0.15811802 -0.03249167
v -0.09149742 -0.17121955 -0.03918489
v -0.09064853 -0.16309397 -0.03954965
v -0.08927840 -0.17080572 -0.04148440
v -0.08672306 -0.16606561 -0.04364036
v -0.08562979 -0.17069719 -0.04471777
v -0.08793537 -0.17130128 -0.04275900
v -0.08525155 -0.17131040 -0.04516513
v -0.08523231 -0.16246806 -0.04461072
v -0.08267965 -0.16904205 -0.04705039
v -0.08213733 -0.16363855 -0.04719500
v -0.08288594 -0.17134347 -0.04686190
v -0.07956329 -0.17133815 -0.04932146
v -0.07955642 -0.16756154 -0.04926010
v -0.09096694 -0.17144297 -0.04002109
v -0.08994466 -0.17157269 -0.04138975
v -0.07648057 -0.15869839 -0.05063814
v -0.07685452 -0.17140328 -0.05103370
v -0.07660857 -0.16730838 -0.05110200
v -0.07431570 -0.17142665 -0.05242949
v -0.07193658 -0.16394109 -0.05331965
v -0.07164822 -0.17075770 -0.05371598
v -0.07217381 -0.15881283 -0.05280010
v -0.07129561 -0.17149402 -0.05395087
v -0.07653468 -0.15808605 -0.05031341
v -0.07323205 -0.15805875 -0.05195938
v -0.10459039 -0.15759999 -0.00593736
v -0.06895131 -0.15865704 -0.05409775
v -0.06829585 -0.15809564 -0.05414022
v -0.07238121 0.05899150 0.00016096
v -0.07396090 0.05782731 -0.00032947
v -0.07364577 0.05799991 0.00059361
v -0.07556692 0.05729746 0.00049537
v -0.07652823 0.05624175 -0.00040390
v -0.07516748 0.05595238 -0.00302882
v -0.07345787 0.05676497 -0.00307456
v -0.07239539 0.05743017 -0.00289290
v -0.07208999 0.05872719 0.00014193
v -0.07597559 0.05699437 0.00068791
v -0.07669905 0.05462887 -0.00258971
v -0.07842828 0.05332956 -0.00086152
v -0.07832628 0.05411971 0.00068596
v -0.07244530 0.05571813 -0.00410852
v -0.07600434 0.05604787 0.00267202
v -0.07280514 0.05745854 0.00287339
v -0.07193736 0.05754251 0.00287422
v -0.07267314 0.05662597 0.00432280
v -0.07598902 0.05477953 0.00405037
v -0.07142063 0.05654008 0.00438212
v -0.07115546 0.05685425 -0.00319272
v -0.07109649 0.05678353 0.00365636
v -0.07074302 0.05748471 0.00111480
v -0.07081019 0.05782502 0.00049811
v -0.07086269 0.05773892 -0.00062361
v -0.00911080 -0.15760383 -0.04016845
v -0.01147617 -0.15805299 -0.04288743
v -0.01337135 -0.15749127 -0.04376155
v -0.01482878 -0.15792165 -0.04561607
v -0.00912140 -0.15870852 -0.04078443
v -0.00643459 -0.15821679 -0.03773378
v -0.01175130 -0.15881351 -0.04337149
v -0.01468353 -0.15873607 -0.04579846
v -0.01717813 -0.15880767 -0.04767527
v -0.01878254 -0.15811830 -0.04866335
v -0.01452626 -0.16178523 -0.04600579
v -0.01129468 -0.16818717 -0.04383011
v -0.00866952 -0.16745152 -0.04125248
v -0.01412754 -0.17062074 -0.04648140
v -0.00866462 -0.17065627 -0.04171571
v -0.01210383 -0.17080598 -0.04488010
v -0.01471206 -0.17151595 -0.04713584
v -0.01661329 -0.17043205 -0.04824353
v -0.00590614 -0.16789807 -0.03823702
v -0.00542575 -0.17134034 -0.03825736
v -0.01974374 -0.16761437 -0.05008046
v -0.02064231 -0.15817761 -0.04990175
v -0.01856278 -0.17148429 -0.04974021
v -0.00927491 -0.17152590 -0.04258066
v -0.00587282 -0.17156971 -0.03904544
v -0.02040037 -0.17125955 -0.05077353
v -0.00408485 -0.15866476 -0.03468504
v -0.00330619 -0.17142282 -0.03516624
v -0.01224828 -0.17156426 -0.04534482
v -0.01659761 -0.17177507 -0.04880166
v -0.02391552 -0.17046130 -0.05247826
v -0.02371920 -0.15870581 -0.05156062
v -0.02613903 -0.15880777 -0.05273338
v -0.02321971 -0.17154382 -0.05244040
v -0.02477438 -0.15791720 -0.05186761
v -0.02597822 -0.16738298 -0.05315947
v -0.03090005 -0.15860105 -0.05459674
v -0.03063702 -0.16713102 -0.05503228
v -0.02699034 -0.17145987 -0.05400820
v -0.02980890 -0.17096785 -0.05505427
v -0.03073006 -0.15798038 -0.05439572
v -0.03177797 -0.17139863 -0.05571360
v -0.03355427 -0.15809655 -0.05533360
v -0.03597843 -0.15884067 -0.05602637
v -0.03499341 -0.17084536 -0.05651387
v -0.03703539 -0.15785293 -0.05606258
v -0.03962217 -0.17142425 -0.05745536
v -0.03861149 -0.15874656 -0.05652193
v -0.04242225 -0.15908209 -0.05710131
v -0.04193168 -0.17072741 -0.05778499
v -0.04218730 -0.15798435 -0.05686185
v -0.02965860 -0.17171624 -0.05541907
v -0.03422178 -0.17155870 -0.05661632
v -0.04127318 -0.17155681 -0.05802479
v -0.00298732 -0.15808022 -0.03293194
v -0.04632398 -0.15881527 -0.05728162
v -0.04623974 -0.17076001 -0.05803217
v -0.05013126 -0.15873127 -0.05738874
v -0.05039122 -0.17083884 -0.05816256
v -0.04988405 -0.15795938 -0.05722998
v -0.04971660 -0.17152102 -0.05842409
v -0.05425936 -0.16782434 -0.05773479
v -0.05571806 -0.17093859 -0.05784556
v -0.05515588 -0.15893960 -0.05706095
v -0.05590028 -0.15803868 -0.05681039
v -0.05996813 -0.15863308 -0.05649168
v -0.06015494 -0.15795021 -0.05626268
v -0.06018356 -0.16917924 -0.05714607
v -0.06048670 -0.17145070 -0.05723202
v -0.05670357 -0.17155952 -0.05808056
v -0.06511498 -0.15867208 -0.05535230
v -0.06436075 -0.15808287 -0.05539765
v -0.06584795 -0.16893165 -0.05578197
v -0.06394000 -0.17078507 -0.05628007
v -0.06531101 -0.17146055 -0.05602091
v -0.06405556 -0.17152358 -0.05655458
v -0.06829466 -0.17144385 -0.05509388
v -0.06895131 -0.15865704 -0.05409775
v -0.06829585 -0.15809564 -0.05414022
v -0.07193658 -0.16394109 -0.05331965
v -0.02100878 -0.17174559 -0.05153401
v -0.01864695 -0.17176930 -0.05021082
v -0.01868900 -0.17336608 -0.05004584
v -0.01612825 -0.17283850 -0.04843560
v -0.01437259 -0.17180179 -0.04737516
v -0.01325093 -0.17169854 -0.04644183
v -0.01199379 -0.17292611 -0.04533075
v -0.01020448 -0.17182428 -0.04408846
v -0.01503300 -0.17403252 -0.04731826
v -0.00898413 -0.17317041 -0.04263554
v -0.01127446 -0.17415627 -0.04430868
v -0.00687437 -0.17176467 -0.04069404
v -0.00685397 -0.17275579 -0.04050513
v -0.00471227 -0.17291802 -0.03801939
v -0.00465099 -0.17173900 -0.03791360
v -0.00840763 -0.17447848 -0.04143813
v -0.00691346 -0.17440594 -0.03994148
v -0.00291936 -0.17180493 -0.03566837
v -0.01462155 -0.17494079 -0.04637497
v -0.00422445 -0.17414900 -0.03691153
v -0.01586443 -0.17497141 -0.04712303
v -0.01028116 -0.17486297 -0.04289208
v -0.00256468 -0.17320779 -0.03493006
v -0.07164822 -0.17075770 -0.05371598
v -0.07129561 -0.17149402 -0.05395087
v -0.01872495 -0.17483042 -0.04932609
v -0.07217381 -0.15881283 -0.05280010
v -0.00195719 -0.17058844 -0.03295924
v -0.00136586 -0.17154768 -0.03229130
v -0.00258876 -0.17446565 -0.03437246
v -0.00126867 -0.17373827 -0.03276965
v -0.00113766 -0.17172545 -0.03267349
v 0.00015775 -0.17284717 -0.03055661
v -0.00111660 -0.15878628 -0.02981006
v 0.00011343 -0.17435110 -0.03018005
v 0.00153904 -0.17406476 -0.02804203
v -0.00511891 -0.17486599 -0.03733775
v 0.00128597 -0.17235835 -0.02857273
v 0.00035794 -0.17175701 -0.02997426
v -0.00222073 -0.17497995 -0.03315990
v -0.00024587 -0.17146617 -0.02997888
v 0.00053968 -0.16307814 -0.02729451
v 0.00095811 -0.17136727 -0.02777119
v 0.00074457 -0.15878911 -0.02612266
v -0.00105669 -0.15784561 -0.02923551
v 0.00281093 -0.17290370 -0.02541313
v 0.00287173 -0.17412293 -0.02523289
v 0.00259882 -0.16171655 -0.02233364
v 0.00217614 -0.17078330 -0.02475386
v 0.00213866 -0.17155884 -0.02536370
v 0.00130002 -0.15801201 -0.02432998
v 0.00196913 -0.17188743 -0.02674912
v 0.00302510 -0.17093368 -0.02266843
v 0.00287250 -0.15820884 -0.02064552
v -0.02367272 -0.17172770 -0.05293001
v 0.00320115 -0.17181836 -0.02392468
v 0.00386601 -0.17158258 -0.02098350
v 0.00416211 -0.17288105 -0.02152978
v 0.00456705 -0.17176244 -0.01972586
v 0.00116825 -0.17489794 -0.02774102
v 0.00437529 -0.17432917 -0.02076151
v -0.01036537 0.09920318 0.00006430
v -0.00880087 0.09904320 0.00105025
v -0.00882938 0.09909961 -0.00058275
v -0.01026172 0.09884657 -0.00231722
v -0.00811990 0.09869208 -0.00182768
v -0.01153570 0.09904701 -0.00002277
v -0.01156870 0.09881093 -0.00175408
v -0.01126797 0.09866353 0.00254984
v -0.00784853 0.09947334 -0.00052495
v -0.00805859 0.09919096 0.00100104
v -0.01297828 0.09770199 -0.00328310
v -0.01118354 0.09757955 -0.00395195
v -0.00889265 0.09784109 0.00346772
v -0.00797703 0.09809420 0.00364978
v -0.01063298 0.09804524 0.00336164
v -0.01153057 0.09765840 0.00403439
v -0.01287907 0.09762588 0.00377970
v -0.01725917 0.09714534 0.00296177
v -0.01624931 0.09644879 0.00400797
v -0.01479638 0.09638226 0.00171212
v -0.01473325 0.09691552 -0.00039428
v -0.01719965 0.09748149 0.00009515
v -0.01470602 0.09671058 -0.00229360
v -0.01735921 0.09738496 -0.00213225
v -0.02012794 0.09705095 0.00312185
v -0.02205725 0.09709984 0.00181897
v -0.02168674 0.09723439 -0.00209095
v -0.02400665 0.09660486 0.00067027
v -0.02252566 0.09701971 -0.00316455
v -0.02226779 0.09649999 0.00366988
v -0.02380530 0.09636033 0.00234905
v -0.01533218 0.09588834 0.00347978
v -0.01580573 0.09553059 0.00442603
v -0.01462646 0.09577107 0.00370057
v -0.01399924 0.09632773 0.00321961
v -0.01392826 0.09731254 -0.00008586
v -0.01239167 0.09861515 -0.00015588
v -0.01366034 0.09703658 -0.00321717
v -0.01463565 0.09627433 -0.00362809
v -0.01393405 0.09535135 0.00456444
v -0.06905940 -0.15745560 0.05259653
v -0.07141654 -0.15857468 0.05291260
v -0.06716377 -0.15813470 0.05440329
v -0.06566062 -0.15745062 0.05402393
v -0.06370021 -0.15800916 0.05550289
v -0.07246682 -0.15805447 0.05193450
v -0.07269280 -0.15745977 0.05086991
v -0.07430150 -0.15822999 0.05126792
v -0.07644018 -0.15743558 0.04890367
v -0.07829994 -0.15814020 0.04877980
v -0.06134378 -0.15743040 0.05533624
v -0.08062223 -0.15741620 0.04602417
v -0.08272541 -0.15755152 0.04496266
v -0.06014078 -0.15800119 0.05635891
v -0.05469827 -0.15762572 0.05667366
v -0.08688738 -0.15740772 0.04091461
v -0.09181272 -0.15808102 0.03713516
v -0.09311959 -0.15887284 0.03621091
v -0.09016277 -0.15879464 0.03958058
v -0.09521853 -0.15830601 0.03327651
v -0.09424729 -0.15794782 0.03413947
v -0.08883103 -0.15804070 0.04038689
v -0.08907587 -0.15837240 0.04052811
v -0.08713036 -0.15889933 0.04247303
v -0.08311350 -0.15805809 0.04544532
v -0.08419088 -0.15889852 0.04503550
v -0.08272541 -0.15755152 0.04496266
v -0.08688738 -0.15740772 0.04091461
v -0.09227768 -0.15741641 0.03513203
v -0.08089196 -0.15857017 0.04743565
v -0.07829994 -0.15814020 0.04877980
v -0.09435196 -0.15742692 0.03247353
v -0.09784823 -0.15810132 0.02887467
v -0.09714522 -0.15748540 0.02820210
v -0.09928232 -0.15741006 0.02405810
v -0.10054336 -0.15796507 0.02309716
v -0.10069041 -0.15743052 0.02091106
v -0.10245810 -0.15768084 0.01753991
v -0.10237509 -0.15745855 0.01658968
v -0.10404249 -0.15817138 0.01310388
v -0.10306511 -0.15738696 0.01369725
v -0.10375648 -0.15735139 0.01096809
v -0.10523463 -0.15822449 0.00652678
v -0.01619453 0.08194143 -0.00014462
v -0.01439208 0.08249441 -0.00115460
v -0.01445023 0.08189764 0.00164827
v -0.01464249 0.08274517 -0.00230919
v -0.01617101 0.08242676 -0.00258487
v -0.01613050 0.08169573 0.00189681
v -0.01259915 0.08282446 -0.00230739
v -0.01260737 0.08262662 -0.00130487
v -0.01793824 0.08230271 -0.00079686
v -0.01724226 0.08241541 -0.00317231
v -0.01251357 0.08351582 -0.00372885
v -0.01568057 0.08332318 -0.00378954
v -0.01777594 0.08198571 0.00194685
v -0.01324587 0.08158552 0.00112565
v -0.01297714 0.08206705 -0.00094765
v -0.01440491 0.08237497 0.00359156
v -0.01298488 0.08200244 0.00336450
v -0.01831506 0.08232197 0.00307316
v -0.01704621 0.08236890 0.00394535
v -0.01878810 0.08264439 -0.00037591
v -0.01957730 0.08272004 0.00197815
v -0.01964329 0.08264269 -0.00005050
v -0.01997597 0.08325769 -0.00327850
v -0.01905028 0.08301283 -0.00212634
v -0.01911512 0.08367300 -0.00334351
v -0.01791156 0.08324861 -0.00358741
v -0.01696081 0.08371131 -0.00435537
v -0.01578480 0.08431309 -0.00464592
v -0.01300664 0.08489678 -0.00481518
v -0.01207896 0.08456237 -0.00496879
v -0.01641291 0.09638708 -0.00396063
v -0.01470602 0.09671058 -0.00229360
v -0.01463565 0.09627433 -0.00362809
v -0.01735921 0.09738496 -0.00213225
v -0.01748483 0.09696952 -0.00348566
v -0.02252566 0.09701971 -0.00316455
v -0.02168674 0.09723439 -0.00209095
v -0.02121644 0.09660425 -0.00372011
v -0.02398207 0.09637826 -0.00338920
v -0.01569043 0.09551323 -0.00417894
v -0.01376715 0.09529093 -0.00438054
v -0.02228080 0.09546945 -0.00403093
v -0.01845949 0.09508434 -0.00439737
v -0.01298298 0.09653329 -0.00408056
v -0.01366034 0.09703658 -0.00321717
v -0.00908100 0.09559104 -0.00458118
v -0.01118354 0.09757955 -0.00395195
v -0.01297828 0.09770199 -0.00328310
v -0.00890045 0.09783529 -0.00337115
v -0.01026172 0.09884657 -0.00231722
v -0.00811990 0.09869208 -0.00182768
v -0.02260396 0.09388429 -0.00434490
v -0.02488490 0.09421000 -0.00372840
v -0.01669293 0.09385405 -0.00443391
v -0.01346622 0.09407458 -0.00465054
v -0.00930592 0.09377520 -0.00486110
v -0.02457614 0.09191918 -0.00426623
v -0.02701732 0.09164392 -0.00368093
v -0.02171104 0.09087671 -0.00473886
v -0.02011587 0.09150372 -0.00459670
v -0.01849642 0.09225179 -0.00465551
v -0.01674871 0.09303948 -0.00449251
v -0.01334039 0.09179293 -0.00491548
v -0.01548590 0.09100422 -0.00484350
v -0.00981369 0.09154573 -0.00496380
v -0.01156498 0.09067893 -0.00518602
v -0.01698350 0.09123992 -0.00500897
v -0.01629198 0.08969337 -0.00515646
v -0.01467776 0.08961996 -0.00545211
v -0.02358904 0.09002742 -0.00454510
v -0.02122846 0.08888403 -0.00553616
v -0.02355257 0.08851578 -0.00526127
v -0.02389375 0.08650339 -0.00596502
v -0.02584139 0.08747885 -0.00539137
v -0.02537054 0.08630279 -0.00590235
v -0.02182303 0.08686911 -0.00578328
v -0.02021601 0.08816082 -0.00582895
v -0.03008592 0.08291831 -0.00591425
v -0.02887057 0.08289966 -0.00602135
v -0.03127471 0.08059000 -0.00595792
v -0.03335283 0.08007237 -0.00591077
v -0.02559296 0.08891137 -0.00427284
v -0.02828248 0.08995301 -0.00378400
v -0.02758284 0.08798025 -0.00421802
v -0.02965416 0.08865692 -0.00380411
v -0.02968135 0.08673870 -0.00415883
v -0.03083101 0.08917516 -0.00333697
v -0.03330475 0.08651947 -0.00361006
v -0.03128481 0.08496324 -0.00424516
v -0.03341862 0.08300705 -0.00424758
v -0.03649311 0.08357424 -0.00369078
v -0.03610098 0.08125721 -0.00414511
v -0.03825528 0.08145069 -0.00382877
v -0.03802112 0.07968414 -0.00416986
v -0.04195078 0.07891867 -0.00358559
v -0.04195929 0.07687170 -0.00404600
v -0.03958340 0.07816008 -0.00419934
v -0.04076039 0.08072796 -0.00343258
v -0.03851994 0.08290128 -0.00331257
v -0.03453945 0.08115860 -0.00523161
v -0.03716036 0.07901787 -0.00528703
v -0.03830766 0.07640584 -0.00584719
v -0.03516486 0.07807518 -0.00594725
v -0.02870991 0.08633254 -0.00504975
v -0.04416855 0.07909918 -0.00283583
v -0.04478507 0.07732780 -0.00344331
v -0.04401997 0.07543762 -0.00411707
v -0.04679221 0.07534252 -0.00348719
v -0.04746673 0.07242963 -0.00406510
v -0.02884707 0.09110191 -0.00322026
v -0.03978476 0.07713157 -0.00516462
v -0.01982237 0.08992317 -0.00582243
v -0.04099415 0.07617700 -0.00521059
v -0.04002385 0.07463780 -0.00589011
v -0.04266927 0.07523942 -0.00510711
v -0.04456135 0.07357491 -0.00518949
v -0.04416694 0.07169213 -0.00586425
v -0.04673128 0.07169356 -0.00518374
v -0.04874660 0.06984759 -0.00524553
v -0.04775003 0.06867696 -0.00576553
v -0.05116756 0.06797851 -0.00518880
v -0.05338404 0.06427187 -0.00570005
v -0.05367270 0.06509555 -0.00548640
v -0.05442811 0.06239132 -0.00569700
v -0.05647659 0.06051015 -0.00565889
v -0.04192330 0.07255705 -0.00593066
v -0.05911295 0.06005838 -0.00556672
v -0.05727195 0.06342116 -0.00505646
v -0.05999598 0.06121408 -0.00501905
v -0.06287486 0.05877419 -0.00496860
v -0.06424912 0.05625478 -0.00533294
v -0.05419774 0.06585003 -0.00508311
v -0.06096170 0.05746386 -0.00559113
v -0.06342725 0.05500942 -0.00549967
v -0.05211662 0.06411764 -0.00573155
v -0.01429489 0.08694580 -0.00550309
v -0.01620620 0.08767504 -0.00535129
v -0.01587971 0.08609925 -0.00544978
v -0.04531492 0.06916064 -0.00581829
v -0.04874765 0.07508383 -0.00285500
v -0.04937967 0.07305625 -0.00354118
v -0.04902571 0.07100456 -0.00415342
v -0.04260406 0.08008908 -0.00294208
v -0.03234913 0.08267119 -0.00528887
v -0.03817023 0.07883449 -0.00478194
v -0.05077046 0.07324710 -0.00296898
v -0.05079924 0.07168738 -0.00368846
v -0.05075001 0.06942050 -0.00422070
v -0.05234093 0.07193046 -0.00304067
v -0.05339016 0.07005410 -0.00352878
v -0.05412679 0.06690012 -0.00407584
v -0.05617379 0.06872450 -0.00290999
v -0.05689222 0.06746904 -0.00321006
v -0.05577887 0.06571937 -0.00401270
v -0.06162781 0.06372984 -0.00303516
v -0.05948898 0.06307693 -0.00380575
v -0.06549149 0.05960132 -0.00326580
v -0.06213121 0.06063517 -0.00393143
v -0.01400622 0.09115970 -0.00545046
v -0.01296553 0.08944119 -0.00562877
v -0.04600580 0.07758329 -0.00284299
v -0.01184948 0.08713358 -0.00535530
v -0.02503690 0.08409139 -0.00581756
v -0.04848725 0.06594501 -0.00564423
v -0.03641963 0.07624077 -0.00584205
v -0.05812791 0.05812568 -0.00544063
v -0.06657081 0.05714129 -0.00392637
v -0.06872587 0.05787301 -0.00304108
v -0.06936537 0.05675006 -0.00346521
v -0.06663180 0.05620260 -0.00442556
v -0.03769436 0.07469317 -0.00571060
v -0.06459828 0.05533631 -0.00565295
v -0.02703467 0.08290811 -0.00589145
v -0.03205003 0.07874122 -0.00573227
v -0.01756938 0.09133507 -0.00544525
v -0.06124012 0.05525724 -0.00540217
v -0.01802852 0.08794150 -0.00570428
v -0.01213946 0.08612445 -0.00526578
v -0.03904658 0.07333772 -0.00566766
v -0.04115550 0.07129061 -0.00561024
v -0.01922110 0.09157311 -0.00437586
v -0.05167262 0.06161096 -0.00524219
v -0.05306356 0.06035224 -0.00522031
v -0.05532756 0.05900056 -0.00523324
v -0.05886840 0.05607003 -0.00519103
v -0.02847952 0.08100150 -0.00569249
v -0.03337983 0.07740570 -0.00564353
v -0.06300277 0.05425842 -0.00534081
v -0.01767183 0.08974650 -0.00580281
v -0.01755133 0.08626436 -0.00535229
v -0.01696574 0.08532500 -0.00538054
v -0.01879656 0.08572423 -0.00481644
v -0.01853615 0.09108612 -0.00558245
v -0.01941164 0.08886917 -0.00627534
v -0.01800766 0.09077157 -0.00650104
v -0.01819351 0.08926304 -0.00637016
v -0.05578421 0.05784984 -0.00492375
v -0.02991669 0.07757145 -0.00499634
v -0.04560344 0.06573287 -0.00506189
v -0.04353010 0.06792232 -0.00523693
v -0.04216939 0.06834845 -0.00500953
v -0.04827635 0.06381406 -0.00505854
v -0.02166960 0.08390472 -0.00504189
v -0.03566523 0.07376661 -0.00505038
v -0.03221022 0.07613895 -0.00507885
v -0.02448813 0.08190493 -0.00510209
v -0.03886118 0.07095497 -0.00499424
v -0.02003793 0.08644317 -0.00513100
v -0.02689535 0.07983295 -0.00496995
v -0.01300664 0.08489678 -0.00481518
v -0.01207896 0.08456237 -0.00496879
v -0.06121808 0.05357544 -0.00476092
v -0.01578480 0.08431309 -0.00464592
v -0.06457886 0.05428081 -0.00653451
v -0.06305649 0.05398785 -0.00584565
v -0.01985714 0.08485714 -0.00424533
v -0.06924605 0.05565808 -0.00476674
v -0.01775675 0.08456645 -0.00460351
v -0.01696081 0.08371131 -0.00435537
v -0.05775285 0.05402639 -0.00390445
v -0.04777250 0.06208324 -0.00392899
v -0.01911512 0.08367300 -0.00334351
v -0.01791156 0.08324861 -0.00358741
v -0.05162553 0.05895717 -0.00394497
v -0.05474519 0.05651691 -0.00383374
v -0.01997597 0.08325769 -0.00327850
v -0.03661949 0.07223482 -0.00466268
v -0.06983041 0.05573042 -0.00419624
v -0.07140116 0.05408854 -0.00442083
v -0.05867020 0.05239706 -0.00311619
v -0.02306614 0.08157006 -0.00424456
v -0.03465883 0.07201981 -0.00341508
v -0.06536538 0.05512349 -0.00645853
v -0.07040256 0.05344509 -0.00663971
v -0.06771979 0.05542489 -0.00592047
v -0.06889668 0.05481937 -0.00654900
v -0.05974466 0.05280645 -0.00389852
v -0.05910401 0.05117821 -0.00360444
v -0.06160811 0.05282474 -0.00600644
v -0.06052488 0.05228966 -0.00556449
v -0.04322588 -0.15609131 -0.00519429
v -0.04218328 -0.15619531 -0.00445059
v -0.04214071 -0.15787540 -0.00531967
v -0.04372769 -0.15616129 -0.00581366
v -0.04325201 -0.15784703 -0.00608451
v -0.04074041 -0.15783967 -0.00353403
v -0.04096191 -0.15620996 -0.00253041
v -0.04034662 -0.15783956 -0.00225665
v -0.04477596 -0.15785121 -0.00640430
v -0.02477438 -0.15791720 -0.05186761
v -0.02100877 -0.15747503 -0.04926610
v -0.02064231 -0.15817761 -0.04990175
v -0.01878254 -0.15811830 -0.04866335
v -0.01740292 -0.15754208 -0.04679253
v -0.01482878 -0.15792165 -0.04561607
v -0.01337135 -0.15749127 -0.04376155
v -0.10083116 -0.15746490 -0.02061213
v -0.09976897 -0.15815583 -0.02511149
v -0.10100904 -0.15818310 -0.02258620
v -0.10231342 -0.15809309 -0.01869502
v -0.09942067 -0.15735787 -0.02379274
v -0.09879571 -0.15802202 -0.02671754
v -0.09775300 -0.15739308 -0.02704627
v -0.10218154 -0.15762981 -0.01782460
v -0.09615138 -0.15803600 -0.03131542
v -0.09561862 -0.15742817 -0.03057933
v -0.09378979 -0.15734263 -0.03307138
v -0.09560902 -0.15811802 -0.03249167
v -0.09296121 -0.15826398 -0.03633256
v -0.09275036 -0.15729469 -0.03435919
v -0.09055756 -0.15732709 -0.03734662
v -0.09824223 -0.15822459 -0.02850414
v -0.09701532 -0.15827346 -0.03085653
v -0.10231313 -0.15751105 -0.01597584
v -0.09635245 -0.15867276 -0.03186807
v -0.09927072 -0.15883218 -0.02693168
v -0.10323582 -0.15797319 -0.01514080
v -0.10357503 -0.15763870 -0.01243712
v -0.09974910 -0.17160408 -0.02879239
v -0.09919819 -0.17298441 -0.02956101
v -0.10094834 -0.17256890 -0.02676461
v -0.09848211 -0.17161356 -0.03094692
v -0.10108708 -0.17167497 -0.02674635
v -0.09736100 -0.17282435 -0.03227129
v -0.09626748 -0.17156193 -0.03392974
v -0.09542725 -0.17265401 -0.03493499
v -0.09434900 -0.17156408 -0.03653506
v -0.09394919 -0.17312439 -0.03676146
v -0.09247160 -0.17156677 -0.03875565
v -0.09183438 -0.17263622 -0.03939209
v -0.09685741 -0.17409164 -0.03247896
v -0.09248032 -0.17397032 -0.03822254
v -0.09967779 -0.17409011 -0.02824459
v -0.08991977 -0.17256223 -0.04142580
v -0.08824184 -0.17387476 -0.04274198
v -0.08774918 -0.17258262 -0.04364024
v -0.08994466 -0.17157269 -0.04138975
v -0.08815559 -0.17152319 -0.04318848
v -0.08665972 -0.17154057 -0.04460499
v -0.08508909 -0.17159661 -0.04597252
v -0.08536115 -0.17375156 -0.04537525
v -0.08334906 -0.17259227 -0.04715719
v -0.09096694 -0.17144297 -0.04002109
v -0.08281704 -0.17155730 -0.04757238
v -0.08085221 -0.17274363 -0.04886714
v -0.07976086 -0.17160899 -0.04985249
v -0.07782022 -0.17288381 -0.05095492
v -0.08107124 -0.17396609 -0.04838408
v -0.09137985 -0.17467211 -0.03894351
v -0.08239531 -0.17468176 -0.04706106
v -0.08668948 -0.17464218 -0.04370252
v -0.07700502 -0.17403356 -0.05112748
v -0.07729120 -0.17157436 -0.05138992
v -0.07527165 -0.17165546 -0.05273517
v -0.10636661 -0.17158324 -0.00857733
v -0.10615123 -0.17144832 -0.00636774
v -0.10542698 -0.17149199 -0.01211646
v -0.10650852 -0.17150452 -0.00565437
v -0.10678403 -0.17166409 -0.00782204
v -0.10535757 -0.17161906 -0.01494712
v -0.10461857 -0.17144966 -0.01482924
v -0.10494015 -0.17157344 -0.01550386
v -0.10385353 -0.17144224 -0.01786045
v -0.10389635 -0.17160848 -0.02010797
v -0.10337946 -0.17142719 -0.01937685
v -0.10263073 -0.17162297 -0.02322149
v -0.10216730 -0.17143896 -0.02291771
v -0.10082582 -0.17137818 -0.02563594
v -0.10739313 -0.17164251 0.00040039
v -0.10695936 -0.17148404 0.00143146
v -0.10721376 -0.17163628 0.00675446
v -0.10666737 -0.17149303 0.00760142
v -0.10609203 -0.17144575 0.00970117
v -0.10673828 -0.17170566 0.01063793
v -0.10626833 -0.17160642 0.01147982
v -0.10504633 -0.17149747 0.01535329
v -0.10528609 -0.17165785 0.01632619
v -0.10489077 -0.17157839 0.01694219
v -0.10108708 -0.17167497 -0.02674635
v -0.09942266 -0.17137668 -0.02824816
v -0.09974910 -0.17160408 -0.02879239
v -0.09848211 -0.17161356 -0.03094692
v -0.09755492 -0.17136659 -0.03118784
v -0.09664321 -0.17141400 -0.03269457
v -0.09626748 -0.17156193 -0.03392974
v -0.09526865 -0.17134077 -0.03439573
v -0.09434900 -0.17156408 -0.03653506
v -0.09358286 -0.17129965 -0.03668076
v -0.09247160 -0.17156677 -0.03875565
v -0.10461252 -0.17131215 0.01605765
v -0.10365321 -0.17141931 0.01991544
v -0.10399167 -0.17165249 0.02047908
v -0.10360263 -0.17157008 0.02117385
v -0.10254234 -0.17134102 0.02278803
v -0.10255540 -0.17162419 0.02419757
v -0.10162413 -0.17137555 0.02480848
v -0.10108148 -0.17161621 0.02704938
v -0.09954908 -0.17150429 0.02902902
v -0.10022995 -0.17159502 0.02839677
v -0.09149742 -0.17121955 -0.03918489
v -0.09096694 -0.17144297 -0.04002109
v 0.02965005 0.03872088 0.05779457
v 0.03057115 0.03925445 0.05743992
v 0.03126502 0.04012525 0.05908848
v 0.02808304 0.03750249 0.05652712
v 0.03363515 0.04140884 0.06008405
v 0.03214767 0.04057965 0.05800131
v 0.03400476 0.04198665 0.05900349
v 0.03607800 0.04311075 0.06121112
v 0.03567074 0.04321310 0.06010705
v 0.03854065 0.04520021 0.06159730
v 0.03742647 0.04419693 0.06229510
v 0.03953898 0.04563672 0.06250358
v 0.04135274 0.04692669 0.06344250
v 0.04240051 0.04771674 0.06344950
v 0.04425142 0.04930912 0.06467421
v 0.04582956 0.05045930 0.06420441
v 0.04355499 0.04871846 0.06331097
v 0.04489665 0.04989385 0.06334939
v 0.04604907 0.05100408 0.06340120
v 0.04781085 0.05217964 0.06361660
v 0.04835505 0.05230120 0.06425316
v 0.04842115 0.05238089 0.06509795
v 0.04994876 0.05349579 0.06449785
v 0.05071000 0.05409152 0.06570074
v 0.05232242 0.05507882 0.06504118
v 0.05440151 0.05689020 0.06625550
v 0.05540424 0.05735854 0.06549177
v 0.05424274 0.05666146 0.06475667
v 0.05787969 0.05917624 0.06593899
v 0.05781834 0.05916617 0.06490356
v 0.06043857 0.06137409 0.06545719
v 0.06005824 0.06124020 0.06477931
v 0.06224640 0.06308191 0.06466802
v 0.06317750 0.06355562 0.06541939
v 0.06460907 0.06477991 0.06471817
v 0.06619306 0.06616659 0.06549229
v 0.06626917 0.06618200 0.06453352
v 0.06932013 0.06859699 0.06371170
v 0.06754860 0.06744692 0.06345346
v 0.07006588 0.06952728 0.06279639
v 0.07197028 0.07144693 0.06351942
v 0.05523091 0.05765704 0.06459214
v 0.05961794 0.06090979 0.06636776
v 0.06437254 0.06476544 0.06594811
v 0.04140384 0.04781179 0.06222500
v 0.06877831 0.06854147 0.06467716
v 0.03033089 0.03991959 0.05633456
v 0.03989668 0.04637359 0.06377787
v 0.07272356 0.07154246 0.06241964
v 0.07268402 0.07170702 0.06136163
v 0.07476118 0.07302595 0.06036734
v 0.07525224 0.07356695 0.06137078
v 0.07648750 0.07419833 0.05997652
v 0.07688628 0.07475381 0.05895053
v 0.07043176 0.07011514 0.06205949
v 0.07840404 0.07569570 0.05801872
v 0.07860903 0.07570791 0.05896648
v 0.08040911 0.07723247 0.05651393
v 0.08151043 0.07786120 0.05644899
v 0.08248628 0.07890620 0.05464335
v 0.07636305 0.07455051 0.06100387
v 0.08463341 0.08004648 0.05353997
v 0.08308782 0.07932462 0.05615538
v 0.07995110 0.07712001 0.05843164
v 0.08526803 0.08122228 0.05434581
v 0.08679975 0.08257667 0.05301983
v 0.03556840 0.04314890 0.06193901
v 0.04506144 0.05048814 0.06543459
v 0.05034417 0.05443601 0.06649144
v 0.08712058 0.08232014 0.05190839
v 0.08577685 0.08107362 0.05200813
v 0.08786719 0.08289683 0.05010941
v 0.08995988 0.08451570 0.04870482
v 0.09111908 0.08515142 0.04658252
v 0.08876172 0.08386303 0.05058954
v 0.09210978 0.08653488 0.04649186
v 0.05508200 0.05777642 0.06692041
v 0.08896305 0.08395408 0.04820832
v 0.08641176 0.08228749 0.05040088
v 0.05875742 0.06070483 0.06703772
v 0.06128323 0.06279669 0.06687329
v 0.02968068 0.03915390 0.05607507
v 0.02813026 0.03778264 0.05518972
v 0.08793123 0.08374206 0.05180634
v 0.05126614 0.05520866 0.06661525
v 0.07797481 0.07584743 0.06003110
v 0.09038719 0.08571614 0.04899758
v 0.06516297 0.06624494 0.06647812
v 0.07426548 0.07366906 0.06254716
v 0.08240669 0.07933843 0.05699291
v 0.04246005 0.04860088 0.06484330
v 0.06780183 0.06840881 0.06544490
v 0.07145322 0.07138908 0.06394756
v 0.07565860 0.07493818 0.06157201
v 0.08916744 0.08485681 0.05038140
v 0.03366407 0.04214941 0.06098813
v 0.08407534 0.08084158 0.05557135
v 0.03128198 0.04090362 0.05969555
v 0.08027413 0.07806647 0.05848559
v -0.06272947 -0.15757740 0.00109352
v -0.06264664 -0.15829909 0.00194735
v -0.06294857 -0.15820755 -0.00274409
v -0.06316602 -0.15752812 0.00376559
v -0.06341930 -0.15754991 -0.00286773
v -0.06334218 -0.15820838 0.00482325
v -0.04968758 -0.17150157 0.05882111
v -0.05022283 -0.17156446 0.05916249
v -0.04358174 -0.17154988 0.05889792
v -0.05843770 -0.17147474 0.05831316
v -0.05764623 -0.17153175 0.05864608
v -0.04048729 -0.17158857 0.05842854
v -0.05652467 -0.17161004 -0.05840340
v -0.04971660 -0.17152102 -0.05842409
v -0.04905627 -0.17159587 -0.05871406
v -0.05670357 -0.17155952 -0.05808056
v -0.04127318 -0.17155681 -0.05802479
v -0.04214277 -0.17165182 -0.05837673
v -0.05722456 -0.17264592 -0.05803355
v -0.06460324 -0.17167047 -0.05687555
v -0.06531101 -0.17146055 -0.05602091
v -0.06405556 -0.17152358 -0.05655458
v -0.06083140 -0.17159228 -0.05762440
v -0.06048670 -0.17145070 -0.05723202
v -0.06869595 -0.17167686 -0.05556005
v -0.06829466 -0.17144385 -0.05509388
v -0.05670357 -0.17155952 -0.05808056
v -0.07129561 -0.17149402 -0.05395087
v -0.09685528 -0.17154856 0.03348408
v -0.09562734 -0.17158612 0.03545302
v -0.09540471 -0.17144692 0.03521238
v -0.09773407 -0.17142344 0.03179415
v -0.09759666 -0.17162812 0.03270580
v -0.09862374 -0.17160627 0.03112722
v -0.09954908 -0.17150429 0.02902902
v -0.09486125 -0.17164945 0.03650469
v -0.09369738 -0.17156749 0.03779398
v -0.09267753 -0.17152248 0.03880409
v 0.01075256 0.02616137 -0.03662847
v 0.01172720 0.02619091 -0.03789538
v 0.01033149 0.02507709 -0.03420759
v 0.00971261 0.02553665 -0.03408353
v 0.00814208 0.02379809 -0.02985784
v 0.00784277 0.02411192 -0.02990237
v 0.00688651 0.02368469 -0.02729871
v 0.01217659 0.02759951 -0.03948816
v 0.01324511 0.02753810 -0.04078746
v 0.01381127 0.02859333 -0.04210019
v 0.01554104 0.02868232 -0.04363966
v 0.01640613 0.02948340 -0.04542602
v 0.01421993 0.02776095 -0.04132011
v 0.01830614 0.03040477 -0.04687734
v 0.01785453 0.03079271 -0.04729821
v 0.01918485 0.03134209 -0.04885250
v 0.01984802 0.03144624 -0.04713560
v 0.02139040 0.03259502 -0.04991494
v 0.02183988 0.03303356 -0.04859471
v 0.02319361 0.03381061 -0.05042280
v 0.01822334 0.03028028 -0.04564263
v 0.02492171 0.03504814 -0.05329581
v 0.01579084 0.02874431 -0.04250160
v 0.01291466 0.02687996 -0.03850495
v 0.01835467 0.03064032 -0.04443895
v 0.02376176 0.03437177 -0.05311140
v 0.01210438 0.02621454 -0.03627802
v 0.01416447 0.02798004 -0.03909795
v 0.01160156 0.02612348 -0.03441668
v 0.00975302 0.02456953 -0.03076799
v 0.02528609 0.03558458 -0.05256077
v 0.02771016 0.03731290 -0.05499821
v 0.02782430 0.03729345 -0.05630641
v 0.02963574 0.03867401 -0.05750575
v 0.01600475 0.02948487 -0.04063859
v 0.02985677 0.03931066 -0.05598824
v 0.03272863 0.04116172 -0.05929257
v 0.03188829 0.04055086 -0.05942605
v 0.03142841 0.04048083 -0.05728731
v 0.03359817 0.04200436 -0.05865410
v 0.03519957 0.04278896 -0.06129097
v 0.03629262 0.04362871 -0.06070438
v 0.03727642 0.04432664 -0.06215020
v 0.03898776 0.04557514 -0.06209335
v 0.04039261 0.04673577 -0.06352329
v 0.04052943 0.04695715 -0.06210476
v 0.04242442 0.04813489 -0.06366104
v 0.03370069 0.04211206 -0.06079063
v 0.02032174 0.03218507 -0.04649840
v 0.01374251 0.02819240 -0.03720162
v 0.02523968 0.03558995 -0.05466825
v 0.03739780 0.04506964 -0.06053321
v 0.04153360 0.04808570 -0.06210726
v 0.02103879 0.03258444 -0.05044008
v 0.01780964 0.03092287 -0.04273261
v 0.02363840 0.03456437 -0.05032701
v 0.01102779 0.02588201 -0.03281917
v 0.02888236 0.03881699 -0.05776669
v 0.02786174 0.03784927 -0.05688771
v -0.08281704 -0.17155730 -0.04757238
v -0.08288594 -0.17134347 -0.04686190
v -0.08131602 -0.17145205 -0.04818567
v -0.08508909 -0.17159661 -0.04597252
v -0.08525155 -0.17131040 -0.04516513
v -0.08665972 -0.17154057 -0.04460499
v -0.08793537 -0.17130128 -0.04275900
v -0.08815559 -0.17152319 -0.04318848
v -0.07976086 -0.17160899 -0.04985249
v -0.07956329 -0.17133815 -0.04932146
v -0.07685452 -0.17140328 -0.05103370
v -0.07729120 -0.17157436 -0.05138992
v -0.07527165 -0.17165546 -0.05273517
v -0.07431570 -0.17142665 -0.05242949
v -0.07256151 -0.17164786 -0.05406687
v -0.07129561 -0.17149402 -0.05395087
v -0.06869595 -0.17167686 -0.05556005
v -0.08994466 -0.17157269 -0.04138975
v -0.01896600 0.08325154 0.00348007
v -0.01957730 0.08272004 0.00197815
v -0.01831506 0.08232197 0.00307316
v -0.01704621 0.08236890 0.00394535
v -0.01776763 0.08345248 0.00450177
v -0.01883303 0.08466920 0.00468066
v -0.01762690 0.08492199 0.00568941
v -0.01884561 0.08613232 0.00551264
v -0.01957863 0.08435133 0.00417116
v -0.02020317 0.08640197 0.00547377
v -0.01760230 0.08620479 0.00610902
v -0.01302015 0.08361337 0.00477102
v -0.01177497 0.08485921 0.00529425
v -0.01440491 0.08237497 0.00359156
v -0.01222849 0.08304999 0.00421844
v -0.01298488 0.08200244 0.00336450
v -0.01212778 0.08351335 0.00498126
v -0.01434071 0.08569629 0.00559774
v -0.01114234 0.08562727 0.00537578
v -0.02057329 0.08917654 0.00586082
v -0.01856645 0.08977056 0.00605031
v -0.01756099 0.08978570 0.00634151
v -0.02342285 0.08675569 0.00610830
v -0.02224888 0.08418621 0.00541057
v -0.02487448 0.08408592 0.00575192
v -0.02554376 0.08191612 0.00531483
v -0.02673688 0.08465718 0.00605731
v -0.02984309 0.08157330 0.00600336
v -0.02906649 0.07926365 0.00536921
v -0.03134189 0.08173811 0.00606801
v -0.03279060 0.08009354 0.00604594
v -0.03045322 0.07812232 0.00530360
v -0.03183828 0.07716656 0.00525741
v -0.03623340 0.07650478 0.00593577
v -0.03442460 0.07505898 0.00525793
v -0.03737222 0.07476008 0.00574924
v -0.03802341 0.07204721 0.00521264
v -0.03885620 0.07542278 0.00606191
v -0.04124170 0.07287121 0.00605642
v -0.04135533 0.06935804 0.00523573
v -0.04555834 0.06977914 0.00611677
v -0.04439800 0.06697440 0.00528716
v -0.04796068 0.06747242 0.00602383
v -0.04623428 0.06565003 0.00534132
v -0.04868730 0.06391732 0.00544210
v -0.05245996 0.06262929 0.00587653
v -0.05027728 0.06672790 0.00608752
v -0.05396199 0.06287674 0.00608844
v -0.05261452 0.06070833 0.00537896
v -0.05430568 0.05963562 0.00552016
v -0.05867869 0.05921312 0.00602355
v -0.05686185 0.05748236 0.00544726
v -0.05830769 0.05708520 0.00565798
v -0.06148178 0.05741997 0.00602307
v -0.05957719 0.05543790 0.00548272
v -0.06186659 0.05493122 0.00568881
v -0.06436977 0.05514947 0.00581257
v -0.03663293 0.07765431 0.00603038
v -0.01660024 0.08955931 0.00608689
v -0.01095880 0.08708561 0.00541056
v -0.01153125 0.08770815 0.00546506
v -0.01484945 0.08960935 0.00576790
v -0.01297986 0.08952257 0.00580076
v -0.01150123 0.09079564 0.00578738
v -0.06378892 0.05446906 0.00558271
v -0.04746769 0.06983594 0.00596783
v -0.02439220 0.08755235 0.00608347
v -0.04396063 0.07180536 0.00607486
v -0.05627759 0.06188662 0.00604765
v -0.04060976 0.07497862 0.00592951
v -0.05224227 0.06604658 0.00597447
v -0.01032698 0.08951679 0.00604660
v -0.02837372 0.08478381 0.00592035
v -0.06112930 0.05343661 0.00500427
v -0.01462216 0.09125891 0.00551094
v -0.05806126 0.06149877 0.00585557
v -0.06018895 0.05307792 0.00438692
v -0.02007617 0.08999731 0.00582139
v -0.01750869 0.09135465 0.00589971
v -0.03251593 0.08213623 0.00568445
v -0.02121152 0.09095644 0.00539838
v -0.06459611 0.05708820 0.00546634
v -0.06568024 0.05594745 0.00560473
v -0.01627296 0.09130274 0.00558192
v -0.01034795 0.09115796 0.00557303
v -0.02103696 0.08254713 0.00391524
v -0.02328287 0.08085095 0.00374586
v -0.05055968 0.05985871 0.00403985
v -0.04717102 0.06237861 0.00394978
v -0.05761754 0.05401763 0.00385649
v -0.02505533 0.07963491 0.00377722
v -0.05276009 0.05788221 0.00382344
v -0.05523889 0.05593739 0.00382352
v -0.04382850 0.06517232 0.00393238
v -0.03962639 0.06835013 0.00373605
v -0.03872185 0.07764881 0.00550233
v -0.02822630 0.07761337 0.00386774
v -0.03142662 0.07526743 0.00381615
v -0.03704300 0.07085885 0.00391879
v -0.03335658 0.07330678 0.00358060
v -0.06203290 0.05995044 0.00529485
v -0.05771171 0.06338278 0.00536156
v -0.05051417 0.06830230 0.00563468
v -0.05273372 0.06716696 0.00551341
v -0.05537337 0.06539567 0.00536746
v -0.01208541 0.09206020 0.00527812
v -0.04454750 0.07332941 0.00548362
v -0.02561965 0.08823921 0.00553857
v -0.00961849 0.09161184 0.00528978
v -0.01267378 0.09454787 0.00501555
v -0.01016780 0.09534950 0.00481139
v -0.01566195 0.09413939 0.00480277
v -0.01550498 0.09183724 0.00499333
v -0.01711250 0.09258713 0.00506943
v -0.01768279 0.09405903 0.00488770
v -0.01893414 0.09193222 0.00503403
v -0.02254384 0.09131158 0.00484468
v -0.02276867 0.09386784 0.00444544
v -0.02503447 0.09299917 0.00415567
v -0.02737051 0.08989350 0.00428783
v -0.00905350 0.09466682 0.00513343
v -0.01580573 0.09553059 0.00442603
v -0.01754909 0.09551164 0.00456314
v -0.02188416 0.09553270 0.00412538
v -0.01393405 0.09535135 0.00456444
v -0.00834770 0.09657695 0.00465850
v -0.01153057 0.09765840 0.00403439
v -0.00945588 0.09660607 0.00429324
v -0.02386302 0.09501618 0.00383319
v -0.02518863 0.08952759 0.00490592
v -0.02782865 0.08800157 0.00478013
v -0.02887426 0.08955543 0.00406351
v -0.02659718 0.09198642 0.00379765
v -0.03111037 0.08774286 0.00389675
v -0.02226779 0.09649999 0.00366988
v -0.03124003 0.08461192 0.00497479
v -0.03454989 0.08498215 0.00402057
v -0.03369578 0.08264143 0.00498969
v -0.03666880 0.08324668 0.00404889
v -0.03780741 0.08217792 0.00407353
v -0.03719787 0.07951739 0.00511165
v -0.04100973 0.07748427 0.00481290
v -0.04254764 0.07856632 0.00408718
v -0.04434058 0.07568738 0.00453456
v -0.04748187 0.07464698 0.00413194
v -0.04831466 0.07106617 0.00518782
v -0.05156300 0.06881499 0.00500923
v -0.05263309 0.07076611 0.00408411
v -0.05089475 0.07229592 0.00413336
v -0.05421854 0.06929103 0.00404150
v -0.05614544 0.06755196 0.00406352
v -0.01287907 0.09762588 0.00377970
v -0.01624931 0.09644879 0.00400797
v -0.05713756 0.06575405 0.00432940
v -0.05982491 0.06410630 0.00409152
v -0.06135516 0.06224333 0.00427562
v -0.06577473 0.05905955 0.00406996
v -0.06843825 0.05670404 0.00416997
v -0.06326702 0.06172426 0.00376843
v -0.04041322 0.08108434 0.00360168
v -0.06147360 0.06406634 0.00322058
v -0.03867153 0.08354234 0.00282296
v -0.04485082 0.07817590 0.00319691
v -0.06272477 0.06347033 0.00277695
v -0.05867871 0.06682531 0.00300508
v -0.03269050 0.08782613 0.00303383
v -0.03058459 0.08984982 0.00282901
v -0.00889265 0.09784109 0.00346772
v -0.01063298 0.09804524 0.00336164
v -0.00797703 0.09809420 0.00364978
v -0.06560220 0.05439052 0.00678387
v -0.06417345 0.05425762 0.00632888
v -0.06800766 0.05882766 0.00295727
v -0.06491289 0.06145166 0.00291996
v -0.04356241 0.07975186 0.00260956
v -0.03538992 0.08614483 0.00262866
v -0.06859256 0.05629325 0.00453001
v -0.04788350 0.07611422 0.00267034
v -0.02718416 0.09284673 0.00271879
v -0.05630519 0.06902226 0.00273026
v -0.07006697 0.05664455 0.00359435
v -0.07036401 0.05564267 0.00439094
v -0.07109649 0.05678353 0.00365636
v -0.04085174 0.08183499 0.00264977
v -0.06998567 0.05711759 0.00255123
v -0.06207741 0.05352249 0.00571520
v -0.06852492 0.05533081 0.00606740
v -0.06134124 0.05268402 0.00610477
v -0.06021972 0.05230196 0.00569879
v -0.07142063 0.05654008 0.00438212
v -0.05888482 0.05230270 0.00347616
v -0.05918979 0.05103005 0.00424480
v -0.01398750 -0.17152122 0.04691771
v -0.01320917 -0.17160775 0.04673710
v -0.01284606 -0.17151894 0.04587716
v -0.01104497 -0.17175081 0.04506941
v -0.01549797 -0.17165801 0.04862893
v -0.01644853 -0.17149507 0.04872163
v -0.01826204 -0.17160293 0.05026301
v -0.01103254 -0.17147998 0.04435721
v -0.00917619 -0.17171584 0.04326206
v -0.00947360 -0.17152752 0.04282448
v -0.00789560 -0.17154281 0.04123716
v -0.00740469 -0.17173768 0.04138124
v -0.00641326 -0.17164586 0.04004292
v -0.00559466 -0.17202431 0.03947057
v -0.00391121 -0.17165937 0.03694507
v -0.00562458 -0.17153771 0.03853998
v -0.00335379 -0.17149826 0.03545547
v -0.00248974 -0.17177966 0.03491941
v -0.00145678 -0.17152029 0.03248202
v -0.00131746 -0.17165135 0.03291481
v -0.00023218 -0.17153043 0.03007418
v 0.00033709 -0.17164550 0.02986609
v 0.00107595 -0.17155636 0.02773850
v 0.00160754 -0.17270613 0.02766780
v 0.00173825 -0.17168111 0.02698526
v 0.00233736 -0.17156380 0.02499579
v 0.00293657 -0.17258149 0.02465334
v 0.08801540 0.08441958 -0.05166458
v 0.08943026 0.08500232 -0.05026282
v 0.08773916 0.08362441 -0.05200358
v 0.09063205 0.08603130 -0.04904512
v 0.08654911 0.08314805 -0.05350795
v 0.08565571 0.08243559 -0.05423732
v 0.08521302 0.08171768 -0.05461473
v 0.08393419 0.08120752 -0.05580804
v 0.08287750 0.07988065 -0.05640105
v 0.08233872 0.08003078 -0.05698781
v 0.08054172 0.07848032 -0.05825548
v 0.10523909 0.09481734 0.01364821
v 0.10662529 0.09576362 0.00986361
v 0.10619855 0.09551129 0.01365413
v 0.10525737 0.09468959 0.01552562
v 0.10525651 0.09473455 0.01799558
v 0.10437990 0.09430697 0.01701325
v 0.10409773 0.09381049 0.02110097
v 0.10423880 0.09402869 0.02276877
v 0.10569428 0.09530929 0.01077649
v 0.10681858 0.09592814 0.00526076
v 0.10730357 0.09642483 0.00480210
v 0.10675185 0.09606449 -0.00211440
v 0.10739313 0.09656374 0.00062480
v 0.10702377 0.09614918 -0.00627012
v 0.10581812 0.09565015 -0.00691410
v 0.10560957 0.09525656 -0.01123495
v 0.10627228 0.09572329 -0.01219338
v 0.10514343 0.09485457 -0.01380047
v 0.10581874 0.09557455 -0.01662380
v 0.10536755 0.09522101 -0.01733300
v 0.10431259 0.09431761 -0.01993756
v 0.10412745 0.09424177 -0.01853601
v 0.10299769 0.09362415 -0.02148574
v 0.10442947 0.09458061 -0.02180358
v 0.10286931 0.09321998 -0.02433339
v 0.10267190 0.09333061 -0.02218808
v 0.10303276 0.09366204 -0.02642786
v 0.10152425 0.09234816 -0.02708456
v 0.10121791 0.09194718 -0.02972764
v 0.10113629 0.09206894 -0.02774028
v 0.10023519 0.09144027 -0.03122211
v 0.09897296 0.09071425 -0.03410217
v 0.10012833 0.09160209 -0.03408517
v 0.09878417 0.09079740 -0.03632150
v 0.09740329 0.08991644 -0.03611193
v 0.09650102 0.08929619 -0.03865554
v 0.09756475 0.09026041 -0.03913303
v 0.09570611 0.08888942 -0.04134733
v 0.09423819 0.08802415 -0.04120671
v 0.09234621 0.08665111 -0.04481053
v 0.09455360 0.08840639 -0.04350277
v 0.09270588 0.08718883 -0.04574382
v 0.09023421 0.08523342 -0.04832179
v 0.09042769 0.08540025 -0.04672735
v 0.08845697 0.08397914 -0.04951004
v 0.08592222 0.08215588 -0.05207956
v 0.08326448 0.07991152 -0.05511846
v 0.08597682 0.08243311 -0.05099560
v 0.08380383 0.08091467 -0.05270218
v 0.08034591 0.07787241 -0.05771768
v 0.08104416 0.07847381 -0.05586680
v 0.08258933 0.07982316 -0.05420732
v 0.07929805 0.07718022 -0.05720602
v 0.07754627 0.07559248 -0.05903658
v 0.07715552 0.07552715 -0.05823245
v 0.07562145 0.07410336 -0.06003681
v 0.07751929 0.07584948 -0.06000491
v 0.07459796 0.07343024 -0.06186668
v 0.07382932 0.07263895 -0.06143178
v 0.07382522 0.07284584 -0.06014849
v 0.07167775 0.07111641 -0.06194821
v 0.07170425 0.07145745 -0.06381100
v 0.06824807 0.06850319 -0.06406702
v 0.06839239 0.06898561 -0.06507651
v 0.06575304 0.06665045 -0.06563118
v 0.06395305 0.06501916 -0.06582334
v 0.06641682 0.06728354 -0.06327148
v 0.06857493 0.06902742 -0.06282626
v 0.06441665 0.06589133 -0.06337008
v 0.06208087 0.06388954 -0.06427922
v 0.06135433 0.06301322 -0.06531086
v 0.06174098 0.06345794 -0.06659396
v 0.05694847 0.05947415 -0.06631779
v 0.05785454 0.06020745 -0.06534509
v 0.06025659 0.06238396 -0.06449273
v 0.05530269 0.05825100 -0.06527390
v 0.05384405 0.05706631 -0.06654500
v 0.05247312 0.05591448 -0.06534012
v 0.05020190 0.05421167 -0.06557413
v 0.04978811 0.05395123 -0.06451696
v 0.04855125 0.05297454 -0.06541974
v 0.04695784 0.05172885 -0.06404846
v 0.04495895 0.05033647 -0.06488396
v 0.04388942 0.04923380 -0.06425937
v 0.04412686 0.04958020 -0.06325584
v 0.04242442 0.04813489 -0.06366104
v 0.07001348 0.07016071 -0.06190774
v 0.05284589 0.05648945 -0.06450968
v 0.04178086 0.04798976 -0.06428556
v 0.10377716 0.09334547 0.02273297
v 0.05700756 0.05986365 -0.06452807
v 0.04641779 0.05155222 -0.06332712
v 0.04153360 0.04808570 -0.06210726
v 0.04039261 0.04673577 -0.06352329
v 0.05612842 0.05913049 -0.06696209
v 0.10284495 0.09317241 0.02784011
v 0.10255001 0.09246518 0.02553750
v 0.10207607 0.09197625 0.02683725
v 0.10250337 0.09270559 0.02840534
v 0.10132071 0.09137810 0.03032681
v 0.10026836 0.09092107 0.03094022
v 0.05492760 0.05832357 -0.06445430
v 0.09870613 0.09077491 -0.03300791
v 0.07554264 0.07455963 -0.05885311
v 0.10580060 0.09546884 0.01715597
v 0.10018362 0.09049555 0.03301293
v 0.06007641 0.06260868 -0.06701574
v 0.04975942 0.05441560 -0.06651801
v 0.10152121 0.09206458 0.03142060
v 0.10005159 0.09079326 0.03444313
v 0.09890942 0.09024214 0.03670908
v 0.09839409 0.08953562 0.03543428
v 0.09788583 0.08911672 0.03707329
v 0.09765084 0.08928197 0.03862584
v 0.09567814 0.08797738 0.03991790
v 0.09501918 0.08767703 0.04215485
v 0.09453439 0.08752883 0.04105478
v 0.09359189 0.08675021 0.04308037
v 0.09363515 0.08762788 0.04481126
v 0.08778197 0.08388276 -0.04896472
v 0.04754104 0.05277583 -0.06327757
v 0.10732196 0.09668496 -0.00617110
v 0.10171070 0.09294139 -0.03017319
v 0.10669246 0.09625555 -0.01050149
v 0.09585587 0.08925868 -0.03799930
v 0.09175702 0.08666372 -0.04410396
v 0.09287681 0.08634740 0.04480364
v 0.09157036 0.08549854 0.04542125
v 0.09111908 0.08515142 0.04658252
v 0.08896305 0.08395408 0.04820832
v 0.10191296 0.09312748 -0.02363079
v 0.10583098 0.09594419 0.00288059
v 0.07156726 0.07179797 -0.06064590
v 0.09585206 0.08846303 0.04146245
v 0.04690585 0.05229580 -0.06598352
v 0.10312030 0.09343924 0.02183258
v 0.10580177 0.09593258 -0.00255624
v 0.09210978 0.08653488 0.04649186
v 0.10680394 0.09619869 0.00988603
v 0.10309287 0.09433738 0.01864494
v 0.07409391 0.07348340 -0.06265326
v 0.09934046 0.09059589 0.03225444
v 0.06415176 0.06579220 -0.06646047
v 0.06512200 0.06660942 -0.06631629
v 0.07873432 0.07731857 -0.05659590
v 0.07658631 0.07560046 -0.05793607
v 0.04439561 0.05038909 -0.06533514
v 0.07542769 0.07467541 -0.06176153
v 0.09646749 0.08995315 -0.04063637
v 0.04862328 0.05398647 -0.06643997
v 0.09469208 0.08826230 0.04324203
v 0.09575757 0.08882622 0.03816666
v 0.09730366 0.08958757 0.03951608
v 0.09733436 0.08941480 0.03598860
v 0.10142112 0.09208990 0.02658978
v 0.10208728 0.09314745 0.02360246
v 0.09214824 0.08664476 0.04346656
v 0.03891480 0.04618629 -0.06353607
v 0.03727642 0.04432664 -0.06215020
v 0.10019715 0.09176452 0.02901723
v 0.09184932 0.08719386 -0.04734436
v 0.09324594 0.08811358 -0.04523328
v 0.09942986 0.09146113 -0.03536649
v 0.05420290 0.05796329 -0.06703772
v 0.09458079 0.08875389 -0.04357974
v 0.06879028 0.06973631 -0.06516351
v -0.09039542 -0.17159662 0.04140743
v -0.08881890 -0.17166723 0.04322669
v -0.08898958 -0.17132489 0.04241889
v -0.09171774 -0.17163256 0.03999368
v -0.08691610 -0.17159462 0.04473680
v -0.09369738 -0.17156749 0.03779398
v -0.09486125 -0.17164945 0.03650469
v -0.09359531 -0.17266219 0.03773730
v -0.09267753 -0.17152248 0.03880409
v -0.09100190 -0.17263316 0.04065011
v -0.09223578 -0.17082941 0.03899968
v -0.09540471 -0.17144692 0.03521238
v -0.09246184 -0.16911016 0.03837811
v -0.09543444 -0.16811694 0.03449949
v -0.09311959 -0.15887284 0.03621091
v -0.09498761 -0.16002355 0.03402847
v -0.09016277 -0.15879464 0.03958058
v -0.09521853 -0.15830601 0.03327651
v -0.09049653 -0.16837843 0.04031216
v -0.09689737 -0.15890076 0.03101493
v -0.09800194 -0.17039410 0.03098974
v -0.09773407 -0.17142344 0.03179415
v -0.09941474 -0.17100460 0.02875879
v -0.09847989 -0.15870626 0.02843303
v -0.08907587 -0.15837240 0.04052811
v -0.08692119 -0.16650866 0.04355802
v -0.08713036 -0.15889933 0.04247303
v -0.08727846 -0.17082029 0.04380086
v -0.08419088 -0.15889852 0.04503550
v -0.08358409 -0.17031296 0.04663083
v -0.08465559 -0.17134237 0.04603433
v -0.08089196 -0.15857017 0.04743565
v -0.08157749 -0.16864591 0.04793201
v -0.08123192 -0.17138729 0.04860382
v -0.07755864 -0.16662303 0.05038344
v -0.07857889 -0.17074432 0.05023669
v -0.07917156 -0.15887433 0.04862716
v -0.07789728 -0.17145625 0.05095079
v -0.10135571 -0.16788624 0.02424977
v -0.09979004 -0.15884485 0.02579104
v -0.10074165 -0.17074698 0.02628006
v -0.10162413 -0.17137555 0.02480848
v -0.09954908 -0.17150429 0.02902902
v -0.10111520 -0.15899172 0.02294318
v -0.09784823 -0.15810132 0.02887467
v -0.10264532 -0.16829889 0.02118506
v -0.10236269 -0.16012443 0.02008421
v -0.10254234 -0.17134102 0.02278803
v -0.10256028 -0.15879498 0.01914229
v -0.10327971 -0.15998993 0.01737500
v -0.10390202 -0.16775127 0.01732913
v -0.10347844 -0.17062437 0.01967723
v -0.10365321 -0.17141931 0.01991544
v -0.10391822 -0.15883528 0.01460784
v -0.10461252 -0.17131215 0.01605765
v -0.10054336 -0.15796507 0.02309716
v -0.07829994 -0.15814020 0.04877980
v -0.07677311 -0.15872068 0.05011553
v -0.10245810 -0.15768084 0.01753991
v -0.10404249 -0.15817138 0.01310388
v -0.07430150 -0.15822999 0.05126792
v -0.07381580 -0.15888890 0.05172346
v -0.07246682 -0.15805447 0.05193450
v -0.07141654 -0.15857468 0.05291260
v -0.08117223 -0.17158769 0.04907187
v -0.08362969 -0.17165071 0.04752718
v -0.08530442 -0.17155364 0.04602156
v -0.07930229 -0.17159641 0.05036897
v -0.07799106 -0.17276169 0.05096258
v -0.07668895 -0.17154136 0.05192924
v -0.07535709 -0.17134254 0.05220495
v -0.07525343 -0.17163009 0.05291530
v -0.07196885 -0.17145874 0.05405620
v -0.07275815 -0.17167452 0.05414758
v -0.07238121 0.05899150 0.00016096
v -0.07364577 0.05799991 0.00059361
v -0.07208999 0.05872719 0.00014193
v 0.00916016 0.02748994 -0.03352000
v 0.00948107 0.02613984 -0.03398361
v 0.00971261 0.02553665 -0.03408353
v 0.00628000 -0.15987304 0.00002008
v 0.00683301 -0.17081633 0.00237740
v 0.00697107 -0.17092306 0.00006702
v 0.00592044 -0.15896263 0.00578627
v 0.00655244 -0.17149849 0.00792927
v 0.00616475 -0.16626934 0.00837272
v 0.00555706 -0.15881470 0.00991022
v 0.00609497 -0.15843465 0.00021992
v 0.00709427 -0.17167624 -0.00042768
v 0.00572244 -0.17075306 0.01310223
v 0.00526171 -0.15877973 0.01219917
v 0.00449030 -0.16124299 0.01665618
v 0.00512286 -0.17151989 0.01622844
v 0.00429051 -0.15855939 0.01706003
v 0.00680929 -0.17164960 0.00717124
v 0.00601872 -0.15891121 -0.00402811
v 0.00681278 -0.17091043 -0.00309575
v 0.00629407 -0.16706391 -0.00734614
v 0.00649212 -0.17140854 -0.00773976
v 0.00566169 -0.15878895 -0.00875889
v 0.00578457 -0.17157182 0.01404674
v 0.00536695 -0.15878258 -0.01098895
v 0.00596550 -0.17088045 -0.01157104
v 0.00577976 -0.17159393 -0.01369209
v 0.00547248 -0.15796928 -0.00883644
v 0.00549704 -0.15776113 0.00673951
v 0.00486503 -0.16818133 -0.01626111
v 0.00442171 -0.15901026 -0.01583318
v 0.00530672 -0.17145943 -0.01509408
v 0.00371321 -0.15884790 -0.01834810
v 0.00384054 -0.17068695 -0.02014339
v 0.00259882 -0.16171655 -0.02233364
v 0.00302510 -0.17093368 -0.02266843
v 0.00386601 -0.17158258 -0.02098350
v 0.00287250 -0.15820884 -0.02064552
v 0.00314063 -0.15889664 0.02047231
v 0.00365622 -0.17084464 0.02104048
v 0.00382389 -0.17155277 0.02108015
v 0.00252132 -0.17082438 0.02414136
v 0.00132676 -0.15879569 0.02505532
v 0.00233736 -0.17156380 0.02499579
v 0.00134921 -0.17076453 0.02688279
v 0.00764436 -0.17312514 0.00020722
v 0.00710564 -0.17275120 0.00918172
v 0.00724114 -0.17445101 0.00677353
v 0.00757350 -0.17457126 -0.00021954
v 0.00694216 -0.17447705 0.00973647
v 0.00654069 -0.17287929 0.01262229
v 0.00578742 -0.17441857 0.01627231
v 0.00739741 -0.17305761 -0.00512461
v 0.00700421 -0.17178894 0.00886903
v 0.00703297 -0.17452045 -0.00924682
v 0.00696302 -0.17291711 -0.00992115
v 0.00699192 -0.17180282 -0.00911451
v 0.00737213 -0.17189344 0.00005507
v 0.00593609 -0.17168262 0.01504039
v 0.00540707 -0.17289772 0.01766511
v 0.00640498 -0.17461209 -0.01273142
v 0.00590698 -0.17182164 -0.01498853
v 0.00576277 -0.17445649 -0.01622181
v 0.00538816 -0.17298126 -0.01745096
v 0.00661316 -0.17170406 -0.01016744
v 0.00456705 -0.17176244 -0.01972586
v 0.00416211 -0.17288105 -0.02152978
v 0.00437529 -0.17432917 -0.02076151
v 0.00451124 -0.17429188 0.02049576
v 0.00421561 -0.17281222 0.02126023
v 0.00444734 -0.17166099 0.02023031
v 0.00124359 0.02576412 -0.01494725
v 0.00253463 0.02552822 -0.01832841
v 0.00278382 0.02384560 -0.01460865
v 0.00320224 0.02471128 -0.01827492
v 0.00376581 0.02377149 -0.01824978
v 0.00499586 0.02454248 -0.02243125
v 0.00261858 0.03017117 -0.02368007
v 0.00560485 0.02608345 -0.02545757
v 0.00654614 0.02564182 -0.02699985
v 0.00114419 0.02940184 -0.01936344
v 0.00639329 0.02841298 -0.02943279
v 0.00550746 0.03192141 -0.03091522
v 0.00251545 0.03463464 -0.02738181
v 0.00767677 0.03079170 -0.03393503
v 0.00817761 0.02711130 -0.03135588
v 0.00732673 0.02753290 -0.03023672
v 0.00916016 0.02748994 -0.03352000
v 0.00117926 0.03293019 -0.02301186
v 0.00548250 0.03481369 -0.03301390
v 0.00278473 0.03802329 -0.03031141
v 0.00096710 0.03766747 -0.02637096
v 0.00778622 0.03379673 -0.03615355
v 0.00987895 0.02893294 -0.03584270
v -0.00047682 0.03197740 -0.01770655
v -0.00290752 0.03990128 -0.01888647
v -0.00321900 0.04490823 -0.02202393
v -0.00418870 0.04437529 -0.01937345
v 0.00765451 0.02623869 -0.03004776
v 0.00067095 0.04371866 -0.02965487
v -0.00283475 0.04675614 -0.02402534
v -0.00515552 0.04354819 -0.01594330
v -0.00300264 0.03605579 -0.01447697
v -0.00015404 0.02936513 -0.01542913
v -0.00473239 0.04973892 -0.02149524
v -0.00597154 0.04873979 -0.01771098
v -0.00267276 0.04900203 -0.02554411
v 0.00068830 0.04700020 -0.03124138
v 0.00624085 0.03842245 -0.03618813
v 0.00258759 0.04479285 -0.03340002
v -0.00498991 0.05532515 -0.02364590
v -0.00606662 0.05498524 -0.02107468
v -0.00769246 0.05523285 -0.01717009
v 0.00527254 0.02370309 -0.02265118
v -0.00919265 0.05499330 -0.01273816
v -0.01009716 0.06063331 -0.01373219
v -0.00876256 0.05249443 -0.01201167
v -0.00762728 0.04700297 -0.01023440
v -0.00885123 0.06191916 -0.01747969
v 0.00050515 0.05228143 -0.03285111
v -0.00428191 0.05644613 -0.02541684
v -0.00881048 0.06469836 -0.01852454
v -0.01101361 0.06088152 -0.01079390
v -0.00685860 0.04444183 -0.01032523
v -0.01021753 0.05515770 -0.00908094
v -0.01013784 0.06569488 -0.01567235
v -0.00509995 0.06127484 -0.02527947
v 0.00581204 0.02250202 -0.02383565
v -0.01084578 0.06498818 -0.01338117
v 0.00971261 0.02553665 -0.03408353
v -0.00265526 0.03294113 -0.01098851
v -0.00347450 0.03420969 -0.00912553
v 0.00257116 0.04934259 -0.03519103
v 0.00042426 0.05620922 -0.03384351
v 0.00784277 0.02411192 -0.02990237
v 0.00688651 0.02368469 -0.02729871
v 0.00684620 0.02288222 -0.02645511
v 0.00814208 0.02379809 -0.02985784
v 0.00615779 0.04497153 -0.03882568
v -0.00835895 0.06712129 -0.02002167
v -0.01018559 0.07060556 -0.01662307
v 0.00870301 0.03753301 -0.03928359
v 0.01032008 0.03137004 -0.03828350
v -0.01008680 0.05288378 -0.00651662
v 0.00838304 0.04436501 -0.04150367
v -0.00467560 0.06625317 -0.02689312
v -0.00796527 0.07072112 -0.02124488
v -0.00901662 0.07318218 -0.01929683
v -0.00020643 0.06142321 -0.03373466
v 0.00403534 0.05232327 -0.03811423
v -0.01172345 0.07157349 -0.01225940
v -0.01186249 0.06681036 -0.01040295
v -0.01185956 0.06063553 -0.00649821
v -0.00750011 0.04433841 -0.00671774
v -0.00563442 0.03869604 -0.00591285
v -0.01107514 0.05609186 -0.00542823
v -0.00022794 0.02687363 -0.01007963
v 0.01067813 0.02842000 -0.03660458
v 0.00948107 0.02613984 -0.03398361
v 0.01075256 0.02616137 -0.03662847
v 0.01217659 0.02759951 -0.03948816
v 0.01211068 0.03325778 -0.04150143
v 0.01120715 0.03739728 -0.04238160
v 0.00372454 0.05674087 -0.03852209
v 0.00202738 0.06127756 -0.03693140
v -0.00397928 0.07099630 -0.02834838
v -0.00037217 0.06631830 -0.03393556
v 0.00196716 0.06588108 -0.03723683
v 0.00790888 0.04997167 -0.04243250
v -0.01068149 0.07504701 -0.01547028
v -0.00612932 0.07488181 -0.02449118
v -0.00037944 0.07102302 -0.03405494
v 0.01099688 0.04397401 -0.04437544
v -0.00400585 0.07719072 -0.02802043
v -0.00024742 0.07565191 -0.03395978
v -0.01195787 0.07623433 -0.01144203
v 0.00806011 0.05559541 -0.04350092
v 0.00508909 0.06313569 -0.04078732
v 0.01183083 0.02921391 -0.03864410
v 0.01287733 0.03001024 -0.04037006
v 0.01337027 0.02931088 -0.04105818
v 0.01499430 0.03078014 -0.04334629
v 0.01434679 0.03172108 -0.04300965
v 0.01628482 0.03158549 -0.04518494
v 0.01705585 0.03275317 -0.04642473
v 0.01497004 0.03407469 -0.04499848
v 0.01325587 0.03649673 -0.04421664
v 0.01310002 0.04135522 -0.04563603
v 0.01785453 0.03079271 -0.04729821
v 0.00206983 0.07174989 -0.03733913
v 0.01055245 0.05146021 -0.04553968
v -0.01280910 0.06799443 -0.00594462
v -0.01300921 0.07250543 -0.00645058
v -0.01284901 0.07578720 -0.00748912
v 0.01321434 0.04925426 -0.04771325
v 0.01456587 0.04470531 -0.04801050
v 0.01590160 0.04029259 -0.04802373
v 0.01684314 0.03639895 -0.04768048
v 0.01853854 0.03346660 -0.04809846
v 0.01958577 0.03202156 -0.04941047
v 0.01918485 0.03134209 -0.04885250
v 0.01582173 0.02967042 -0.04478696
v 0.01694394 0.03051604 -0.04638225
v 0.01640613 0.02948340 -0.04542602
v 0.01381127 0.02859333 -0.04210019
v 0.00598684 0.07035666 -0.04176477
v 0.00787132 0.06418965 -0.04379640
v 0.01254341 0.05541793 -0.04790316
v 0.01083087 0.06232730 -0.04657620
v 0.01440654 0.05195939 -0.04918681
v 0.00531466 0.02218492 -0.02307832
v 0.00405851 0.02272072 -0.01963873
v 0.00432641 0.02184049 -0.01967666
v 0.00385183 0.02193545 -0.01908579
v 0.01776715 0.04464378 -0.05077900
v 0.00297839 0.02269270 -0.01625915
v 0.00313015 0.02164040 -0.01658304
v 0.00265424 0.02194314 -0.01587427
v 0.00254156 0.02081162 -0.01443536
v 0.00155865 0.02118619 -0.01039883
v 0.00164484 0.01979571 -0.00883803
v -0.00214930 0.03039189 -0.00761087
v -0.00402684 0.03432718 -0.00476110
v 0.00098643 0.02492791 -0.01154526
v 0.00129149 0.01967723 -0.00579063
v -0.00787288 0.04503250 -0.00537038
v 0.02138748 0.04090706 -0.05282787
v 0.02050643 0.03454403 -0.05019113
v 0.02043131 0.03536717 -0.05026852
v 0.02280332 0.03645558 -0.05258855
v 0.02286107 0.03427304 -0.05275856
v 0.02128471 0.03375134 -0.05125370
v 0.01839975 0.04981148 -0.05212751
v 0.00805817 0.07324250 -0.04368807
v 0.01037713 0.06885238 -0.04601348
v 0.02545982 0.03650365 -0.05522412
v 0.02413453 0.03766296 -0.05390948
v 0.02085241 0.04702943 -0.05366550
v 0.02311198 0.04244355 -0.05446446
v 0.02585875 0.03926146 -0.05547809
v 0.01429114 0.06210449 -0.04958534
v 0.01744516 0.05440766 -0.05185054
v 0.01564657 0.05732279 -0.05056649
v 0.02103879 0.03258444 -0.05044008
v 0.01347418 0.07083516 -0.04848466
v 0.02028697 0.05533469 -0.05399739
v 0.01953149 0.05983330 -0.05349293
v 0.02399233 0.04991619 -0.05608709
v -0.00993439 0.05044600 0.00016627
v -0.01226501 0.06134144 -0.00304115
v -0.01307097 0.07755998 -0.00569489
v 0.00076976 0.02377263 -0.00594510
v -0.00183832 0.02925849 -0.00574752
v 0.00144138 0.02315161 -0.00852458
v -0.00829120 0.04503666 0.00046104
v -0.01136603 0.05572080 0.00036931
v -0.01232922 0.06090199 0.00033553
v 0.00251699 0.02288987 -0.01196954
v -0.00626095 0.03930747 0.00056240
v -0.00439820 0.03441624 0.00055359
v -0.01286689 0.06497487 -0.00005045
v -0.01313078 0.06765638 -0.00008542
v 0.00187604 0.01925020 -0.00825180
v 0.00158172 0.01887255 -0.00497353
v -0.00251267 0.03005605 0.00033410
v 0.00014446 0.02453773 -0.00028998
v 0.00116494 0.02116806 -0.00460235
v -0.01346851 0.07417015 0.00003702
v -0.01343362 0.07717302 -0.00017900
v 0.00121752 0.01947720 0.00103399
v 0.00151509 0.01860131 0.00052071
v 0.00239551 0.02230942 -0.01408809
v 0.00125088 0.02245750 -0.00043297
v 0.00195662 0.02231480 -0.01078898
v 0.00132624 0.02224979 -0.00491958
v 0.02786174 0.03784927 -0.05688771
v 0.02888236 0.03881699 -0.05776669
v 0.02787738 0.04791380 -0.05817026
v 0.02774212 0.04042492 -0.05681045
v 0.00154462 0.02243258 0.00558188
v 0.02523968 0.03558995 -0.05466825
v 0.00660307 0.02225485 -0.02421695
v 0.00405025 0.02137743 -0.01710435
v 0.02782430 0.03729345 -0.05630641
v 0.02376176 0.03437177 -0.05311140
v -0.01140015 0.08563497 -0.00642721
v -0.01170561 0.08422887 -0.00752613
v -0.01207896 0.08456237 -0.00496879
v -0.01126960 0.08647457 -0.00586227
v -0.01272528 0.08200074 -0.00497268
v -0.01251357 0.08351582 -0.00372885
v -0.01155053 0.08146028 -0.01073350
v -0.00983896 0.08636523 -0.01258004
v -0.00882320 0.08987873 -0.01236918
v -0.00874468 0.09367736 -0.00744749
v -0.01016830 0.08942067 -0.00719986
v -0.00981369 0.09154573 -0.00496380
v -0.00930592 0.09377520 -0.00486110
v -0.00623645 0.09858688 -0.01053943
v -0.00556303 0.10259407 -0.00755872
v -0.00786336 0.09818685 -0.00363839
v -0.00867526 0.09527421 -0.00478998
v -0.00609408 0.10312391 -0.00400510
v -0.00454377 0.10600196 -0.00780905
v -0.00570589 0.10490894 -0.00378891
v -0.00512245 0.10604820 -0.00509451
v -0.00469328 0.10671497 -0.00627263
v -0.00361879 0.10712398 -0.00962205
v -0.00642925 0.09544909 -0.01368187
v -0.00362834 0.10382739 -0.01229083
v -0.00792977 0.08834430 -0.01638243
v -0.00590543 0.09333764 -0.01720819
v -0.00989189 0.08377917 -0.01446264
v -0.01042558 0.09026022 -0.00574807
v -0.00279844 0.10330704 -0.01483659
v -0.00187822 0.10742484 -0.01349727
v -0.00806850 0.08519068 -0.01816864
v -0.00660252 0.08884475 -0.01916102
v -0.00325519 0.09992615 -0.01708851
v -0.01118945 0.07963328 -0.01291954
v -0.01003104 0.08073910 -0.01565750
v -0.00344413 0.09429505 -0.02177871
v -0.00488588 0.08887945 -0.02276847
v -0.00305636 0.09244320 -0.02391806
v -0.01269690 0.07963318 -0.00694027
v -0.00543768 0.10678101 -0.00358455
v 0.00008331 0.10853987 -0.01648255
v -0.00006505 0.10355188 -0.01998891
v -0.00023034 0.09891358 -0.02390097
v -0.00501349 0.08514892 -0.02440392
v -0.00839510 0.08111683 -0.01920968
v -0.00210128 0.09080399 -0.02672222
v 0.00027461 0.09565081 -0.02749801
v -0.00310799 0.08668439 -0.02710785
v 0.00248347 0.10633450 -0.02217357
v 0.00261152 0.10067370 -0.02745031
v 0.00231683 0.10962477 -0.01951049
v 0.00296066 0.11024833 -0.02019073
v 0.00005829 0.09240379 -0.02929792
v -0.00989041 0.07781430 -0.01690623
v 0.00250854 0.09745335 -0.02966248
v 0.00522675 0.10446356 -0.02835215
v 0.00485379 0.10902266 -0.02380920
v 0.00419656 0.11098823 -0.02151868
v 0.00082297 0.08839994 -0.03237253
v -0.00527136 0.08069896 -0.02528880
v 0.00254840 0.09324145 -0.03237870
v -0.00304393 0.08223823 -0.02865196
v 0.00061517 0.08539707 -0.03324244
v -0.00832568 0.07639194 -0.02035059
v 0.00530994 0.09844662 -0.03279068
v 0.00759732 0.10891126 -0.02793866
v 0.00686254 0.11181067 -0.02436739
v 0.00544921 0.11169619 -0.02269802
v 0.00273844 0.08856630 -0.03481533
v 0.00532079 0.09549951 -0.03456332
v -0.00015370 0.08048117 -0.03338330
v 0.00140514 0.10935635 -0.01835907
v 0.00662090 0.11247617 -0.02372501
v 0.00173915 0.08268021 -0.03548102
v 0.00603202 0.09149963 -0.03735519
v 0.00769769 0.10332191 -0.03226626
v 0.00735071 0.09959059 -0.03438982
v 0.00525611 0.08493842 -0.03888152
v 0.00675467 0.08965165 -0.03889367
v 0.00991067 0.11458646 -0.02578370
v 0.00201210 0.07629411 -0.03690041
v 0.00809123 0.09475675 -0.03789553
v 0.00292558 0.07900011 -0.03757668
v 0.00543009 0.08046579 -0.04007781
v 0.00827399 0.11344509 -0.02487985
v 0.01033055 0.11154970 -0.02889510
v 0.01064141 0.10648562 -0.03309179
v 0.00781456 0.08510265 -0.04136315
v -0.00193873 0.10790538 -0.01341025
v 0.01088331 0.10346287 -0.03535038
v 0.01097399 0.09872136 -0.03834892
v 0.01245460 0.11640804 -0.02699849
v 0.00552456 0.07504824 -0.04093986
v 0.00784469 0.07852963 -0.04284933
v 0.01080120 0.08789929 -0.04315562
v 0.01082372 0.09275228 -0.04120593
v 0.01016181 0.08416376 -0.04368270
v 0.01085516 0.08021307 -0.04512917
v 0.01057541 0.07482401 -0.04572188
v 0.01320561 0.11033546 -0.03253563
v 0.01349343 0.10308806 -0.03772577
v 0.01620161 0.10632122 -0.03768851
v -0.00577861 0.10593751 0.00046719
v 0.01530124 0.11817935 -0.02796193
v -0.00704208 0.10105692 0.00009633
v -0.00636176 0.10320183 0.00110203
v -0.00784853 0.09947334 -0.00052495
v -0.00805859 0.09919096 0.00100104
v -0.01184948 0.08713358 -0.00535530
v -0.01213946 0.08612445 -0.00526578
v -0.01313611 0.08020932 -0.00037064
v -0.01297714 0.08206705 -0.00094765
v -0.01259915 0.08282446 -0.00230739
v -0.00811990 0.09869208 -0.00182768
v -0.00580001 0.10680897 -0.00020219
v -0.00605631 0.10316291 0.00526702
v -0.00760257 0.09861232 0.00427870
v -0.00890045 0.09783529 -0.00337115
v -0.01260737 0.08262662 -0.00130487
v -0.01156498 0.09067893 -0.00518602
v -0.00908100 0.09559104 -0.00458118
v -0.00039759 0.11123886 -0.01826390
v -0.00233058 0.11105248 -0.01621644
v -0.00329204 0.10862417 -0.01254758
v -0.00643509 0.11898822 -0.01825640
v -0.00775786 0.11751923 -0.01561081
v -0.00565379 0.11345466 -0.01433592
v -0.00982389 0.11712928 -0.01230605
v -0.00636836 0.11237711 -0.01210348
v -0.00205135 0.11662100 -0.02047393
v -0.00835083 0.12422312 -0.02013241
v 0.00090883 0.11540230 -0.02195157
v 0.00223470 0.11149701 -0.02066003
v -0.00922543 0.12807511 -0.02159908
v 0.00218930 0.11634906 -0.02321142
v -0.01814212 0.13757485 -0.02022494
v -0.01635712 0.13782083 -0.02168040
v -0.01565189 0.13193992 -0.01879600
v -0.00945719 0.12368919 -0.01885440
v -0.01984380 0.13685366 -0.01830647
v -0.01192113 0.12445874 -0.01701016
v -0.01584180 0.12986109 -0.01711839
v -0.01882071 0.13140198 -0.01485796
v -0.01425786 0.12554662 -0.01516247
v -0.01107772 0.12092312 -0.01471424
v -0.01888479 0.12975757 -0.01291421
v -0.02222760 0.13354380 -0.01206275
v -0.01433780 0.12381376 -0.01311743
v -0.01364654 0.12095571 -0.01052557
v -0.01678676 0.12604908 -0.01172935
v -0.02052937 0.13033037 -0.01062931
v -0.00553000 0.10915752 -0.00924273
v -0.01002720 0.11578319 -0.01001201
v -0.02324309 0.13635617 -0.01394253
v -0.02259213 0.13855480 -0.01690880
v -0.02533868 0.13628998 -0.01036701
v -0.02672636 0.14293153 -0.01625167
v -0.02415352 0.14305691 -0.01895860
v -0.02820091 0.14168404 -0.01296980
v -0.02892499 0.14148265 -0.01151058
v -0.02847766 0.14231996 -0.01232369
v -0.02777754 0.14294688 -0.01495900
v -0.02615050 0.14453052 -0.01794514
v -0.02571857 0.14434910 -0.01853066
v -0.02438931 0.14591979 -0.02075988
v -0.01133092 0.11630665 -0.00761165
v -0.01450881 0.12050561 -0.00746738
v -0.01669494 0.12381947 -0.00804339
v -0.02191919 0.13059423 -0.00758646
v -0.00616642 0.10860383 -0.00653163
v -0.02933856 0.14049495 -0.00905419
v -0.02933314 0.14153588 -0.01054559
v -0.03007003 0.14026324 -0.00651583
v -0.00834605 0.11069611 -0.00421268
v -0.01154822 0.11529365 -0.00407559
v -0.01731066 0.12320180 -0.00420236
v -0.01514406 0.12015858 -0.00414654
v -0.02212103 0.12973941 -0.00457736
v -0.02475324 0.13401773 -0.00744542
v -0.02608915 0.13446089 -0.00377455
v -0.02135415 0.14392886 -0.02159336
v -0.03057634 0.14003502 -0.00364865
v -0.02210597 0.12941188 -0.00311371
v -0.01427604 0.13825329 -0.02320396
v -0.00679105 0.12802334 -0.02310458
v -0.00235115 0.12205535 -0.02307807
v -0.01962014 0.14453999 -0.02300561
v -0.02248159 0.14726730 -0.02266668
v -0.03086750 0.13985947 0.00069388
v -0.02536015 0.13322796 0.00040528
v -0.00206500 0.12547717 -0.02460195
v 0.00381175 0.11802884 -0.02472220
v -0.01816364 0.14625397 -0.02444034
v -0.01330237 0.14021405 -0.02449850
v -0.02086775 0.14861099 -0.02406507
v -0.00701697 0.13221514 -0.02463170
v 0.00421561 -0.17281222 0.02126023
v 0.00293657 -0.17258149 0.02465334
v 0.00304063 -0.17432842 0.02438729
v 0.00451124 -0.17429188 0.02049576
v 0.00170669 -0.17423080 0.02735707
v 0.00160754 -0.17270613 0.02766780
v 0.00305132 -0.17168381 0.02409317
v 0.00173825 -0.17168111 0.02698526
v 0.00233736 -0.17156380 0.02499579
v 0.00593609 -0.17168262 0.01504039
v 0.00444734 -0.17166099 0.02023031
v 0.00540707 -0.17289772 0.01766511
v -0.06869595 -0.17167686 -0.05556005
v -0.06460324 -0.17167047 -0.05687555
v -0.06450836 -0.17285542 -0.05678797
v -0.06931142 -0.17266369 -0.05530343
v -0.07256151 -0.17164786 -0.05406687
v -0.07267260 -0.17260248 -0.05388052
v -0.07527165 -0.17165546 -0.05273517
v -0.06057387 -0.17274758 -0.05763149
v -0.06083140 -0.17159228 -0.05762440
v -0.05670357 -0.17155952 -0.05808056
v -0.05722456 -0.17264592 -0.05803355
v -0.07782022 -0.17288381 -0.05095492
v -0.07527165 -0.17165546 -0.05273517
v -0.07700502 -0.17403356 -0.05112748
v -0.04127318 -0.17155681 -0.05802479
v -0.03422178 -0.17155870 -0.05661632
v -0.03500767 -0.17169959 -0.05703287
v -0.03962217 -0.17142425 -0.05745536
v -0.00330619 -0.17142282 -0.03516624
v -0.00136586 -0.17154768 -0.03229130
v -0.00291936 -0.17180493 -0.03566837
v -0.00113766 -0.17172545 -0.03267349
v 0.00035794 -0.17175701 -0.02997426
v -0.00024587 -0.17146617 -0.02997888
v 0.01751237 0.11920610 0.02359559
v 0.01894359 0.12045379 0.02414953
v 0.01792031 0.11888375 0.02449708
v 0.01802288 0.12049682 0.02395454
v 0.01631253 0.11926797 0.02283047
v 0.02032600 0.12184673 0.02438351
v -0.02699034 -0.17145987 -0.05400820
v -0.02321971 -0.17154382 -0.05244040
v -0.02686911 -0.17172736 -0.05434010
v -0.02367272 -0.17172770 -0.05293001
v -0.02965860 -0.17171624 -0.05541907
v -0.01800766 0.09077157 -0.00650104
v -0.01756938 0.09133507 -0.00544525
v -0.01819351 0.08926304 -0.00637016
v 0.01479199 0.11898015 0.02177308
v 0.01582475 0.11873017 0.02217827
v 0.01465653 0.11800858 0.02165088
v -0.06342725 0.05500942 -0.00549967
v -0.06300277 0.05425842 -0.00534081
v -0.06305649 0.05398785 -0.00584565
v -0.02077066 -0.15756480 0.04960093
v -0.02253633 -0.15815942 0.05131827
v -0.02031439 -0.15860100 0.05037553
v -0.01881654 -0.15805882 0.04910726
v -0.02496353 -0.15883900 0.05276180
v -0.02542402 -0.15824502 0.05274973
v -0.03071986 -0.15876516 0.05506645
v -0.02572416 -0.16092856 0.05314062
v -0.03088912 -0.16128153 0.05516497
v -0.03561904 -0.15880437 0.05637577
v -0.03542888 -0.16310168 0.05647915
v -0.03887900 -0.16332751 0.05714058
v -0.03642217 -0.17110060 0.05727984
v -0.03905343 -0.15856366 0.05700960
v -0.03044545 -0.16748170 0.05536525
v -0.03879880 -0.17069786 0.05768039
v -0.04267808 -0.17064650 0.05822301
v -0.01717546 -0.15881550 0.04832527
v -0.01727371 -0.16086832 0.04850693
v -0.01572012 -0.15828233 0.04710868
v -0.01981185 -0.16257604 0.05029243
v -0.01782257 -0.17084763 0.04958576
v -0.01984298 -0.17143318 0.05090006
v -0.01826204 -0.17160293 0.05026301
v -0.02006009 -0.17157913 0.05155587
v -0.02013176 -0.17331639 0.05144250
v -0.01644853 -0.17149507 0.04872163
v -0.02253417 -0.17138915 0.05228827
v -0.02461505 -0.15748160 0.05140140
v -0.04256694 -0.16279668 0.05766134
v -0.04048729 -0.17158857 0.05842854
v -0.02935172 -0.15815092 0.05429831
v -0.01755806 -0.17260469 0.04992257
v -0.02258642 -0.17156648 0.05285809
v -0.01832173 -0.17410873 0.05008939
v -0.01588875 -0.17354078 0.04885758
v -0.01549797 -0.17165801 0.04862893
v -0.01346191 -0.17266680 0.04711601
v -0.01406900 -0.17428748 0.04731522
v -0.01208906 -0.17371948 0.04590155
v -0.00972876 -0.17402691 0.04366297
v -0.01320917 -0.17160775 0.04673710
v -0.01104497 -0.17175081 0.04506941
v -0.03797241 -0.17147299 0.05784309
v -0.02304271 -0.16165738 0.05192176
v -0.02105619 -0.17477486 0.05124317
v -0.02269164 -0.17270363 0.05277719
v -0.04968758 -0.17150157 0.05882111
v -0.04984432 -0.17067940 0.05852713
v -0.05504318 -0.17082179 0.05830567
v -0.05479685 -0.16887536 0.05805064
v -0.05843770 -0.17147474 0.05831316
v -0.05990208 -0.17087561 0.05768250
v -0.06151167 -0.17154079 0.05764598
v -0.05875329 -0.17267657 0.05813810
v -0.05764623 -0.17153175 0.05864608
v -0.06451334 -0.17164703 0.05716140
v -0.06516795 -0.17085783 0.05645928
v -0.04995026 -0.16439364 0.05804599
v -0.05410584 -0.15882247 0.05751184
v -0.05689327 -0.15876441 0.05712582
v -0.05565633 -0.15813926 0.05712960
v -0.06014078 -0.15800119 0.05635891
v -0.04975615 -0.15883837 0.05783761
v -0.06381518 -0.17437574 0.05667702
v -0.06554592 -0.17285595 0.05662472
v -0.05465956 -0.17443334 0.05816027
v -0.06199374 -0.17472591 0.05688616
v -0.06044322 -0.16882098 0.05732079
v -0.01001251 -0.17470614 0.04351075
v -0.00774499 -0.17471026 0.04121801
v -0.03375945 -0.15808169 0.05565776
v -0.00769186 -0.17393297 0.04170387
v -0.05377374 -0.17288834 0.05878216
v -0.04916400 -0.17287102 0.05894774
v -0.04985726 -0.17477307 0.05821290
v -0.04363472 -0.17360586 0.05841391
v -0.04358174 -0.17154988 0.05889792
v -0.04570939 -0.17472802 0.05800503
v -0.04091191 -0.17457366 0.05762121
v -0.01578520 -0.17478211 0.04819275
v -0.00563348 -0.17376485 0.03951177
v -0.00740469 -0.17173768 0.04138124
v -0.05022283 -0.17156446 0.05916249
v -0.06554765 -0.17149772 0.05665779
v -0.00379298 -0.17426921 0.03682295
v -0.00398751 -0.17273374 0.03739568
v -0.00559466 -0.17202431 0.03947057
v -0.00251405 -0.17349425 0.03525034
v -0.04647294 -0.16621702 0.05805485
v -0.04957496 -0.15808232 0.05741345
v -0.03048905 -0.17056818 0.05563874
v -0.01464377 -0.15880259 0.04631009
v -0.01237645 -0.15818911 0.04406820
v -0.01173259 -0.15881967 0.04383791
v -0.01155334 -0.16880854 0.04464112
v -0.00853248 -0.16893034 0.04173769
v -0.00922439 -0.15883262 0.04131037
v -0.00672926 -0.15856277 0.03844106
v -0.00610237 -0.16967819 0.03903396
v -0.00395523 -0.16940343 0.03624136
v -0.00546387 -0.15850190 0.03684378
v -0.00340790 -0.15889014 0.03385632
v -0.00148140 -0.16694421 0.03196214
v -0.00095940 -0.15878301 0.02967434
v 0.00080488 -0.16297849 0.02689367
v 0.00132676 -0.15879569 0.02505532
v 0.00134921 -0.17076453 0.02688279
v -0.00146034 -0.15834724 0.03009736
v -0.00953792 -0.15822116 0.04128352
v 0.00252132 -0.17082438 0.02414136
v -0.00145678 -0.17152029 0.03248202
v -0.03300880 -0.17094832 0.05647159
v -0.02864010 -0.17142409 0.05514704
v -0.01429260 -0.16514950 0.04669407
v -0.00335379 -0.17149826 0.03545547
v -0.00023218 -0.17153043 0.03007418
v 0.00107595 -0.17155636 0.02773850
v 0.00233736 -0.17156380 0.02499579
v 0.00139778 -0.15825690 0.02439023
v -0.03884442 -0.17277120 0.05793733
v -0.00362828 -0.15827855 0.03368456
v -0.03061033 -0.15764237 0.05415909
v -0.01780225 -0.17491063 0.04926059
v -0.03300147 -0.17136772 0.05675096
v -0.02960578 -0.17151868 0.05578932
v -0.02968960 -0.17302228 0.05560715
v -0.03373502 -0.17148016 0.05711895
v -0.06016179 -0.15874679 0.05663991
v -0.06370021 -0.15800916 0.05550289
v -0.06477127 -0.15874153 0.05543478
v -0.06716377 -0.15813470 0.05440329
v -0.06770740 -0.15875666 0.05446751
v -0.07141654 -0.15857468 0.05291260
v -0.07206255 -0.16217580 0.05286622
v -0.07381580 -0.15888890 0.05172346
v -0.07755864 -0.16662303 0.05038344
v -0.07917156 -0.15887433 0.04862716
v -0.07535709 -0.17134254 0.05220495
v -0.07227126 -0.16829349 0.05338266
v -0.07196885 -0.17145874 0.05405620
v -0.07857889 -0.17074432 0.05023669
v -0.07789728 -0.17145625 0.05095079
v -0.06851206 -0.16159872 0.05428411
v -0.06769019 -0.16767971 0.05518461
v -0.00917619 -0.17171584 0.04326206
v -0.02764701 -0.15749564 0.05275848
v -0.06549609 -0.16904668 0.05607887
v -0.04328666 -0.15891676 0.05761792
v -0.03330266 -0.17281006 0.05678897
v -0.02993972 -0.17428831 0.05535780
v -0.03493726 -0.17448335 0.05676728
v -0.03167235 -0.17490321 0.05548979
v -0.02661941 -0.17440122 0.05410684
v -0.02761592 -0.17484032 0.05413021
v -0.02577580 -0.17278193 0.05418356
v -0.02436553 -0.17491660 0.05267117
v -0.02350787 -0.17423631 0.05276476
v -0.02526388 -0.17131776 0.05355301
v -0.06894960 -0.17164648 0.05565075
v -0.06942861 -0.17276030 0.05535578
v -0.04251824 -0.15827031 0.05717675
v -0.02609994 -0.17156943 0.05435810
v -0.06789140 -0.17140518 0.05569355
v -0.06516795 -0.17085783 0.05645928
v -0.06549609 -0.16904668 0.05607887
v -0.06769019 -0.16767971 0.05518461
v -0.07227126 -0.16829349 0.05338266
v -0.07196885 -0.17145874 0.05405620
v -0.06894960 -0.17164648 0.05565075
v -0.07275815 -0.17167452 0.05414758
v -0.06942861 -0.17276030 0.05535578
v -0.06554765 -0.17149772 0.05665779
v -0.03373502 -0.17148016 0.05711895
v -0.03797241 -0.17147299 0.05784309
v -0.03884442 -0.17277120 0.05793733
v -0.03330266 -0.17281006 0.05678897
v -0.03493726 -0.17448335 0.05676728
v -0.04091191 -0.17457366 0.05762121
v -0.03611478 -0.17486020 0.05673438
v -0.04363472 -0.17360586 0.05841391
v -0.03884442 -0.17277120 0.05793733
v -0.04048729 -0.17158857 0.05842854
v -0.04358174 -0.17154988 0.05889792
v -0.02609994 -0.17156943 0.05435810
v -0.02577580 -0.17278193 0.05418356
v -0.02269164 -0.17270363 0.05277719
v -0.02350787 -0.17423631 0.05276476
v -0.01429260 -0.16514950 0.04669407
v -0.01644853 -0.17149507 0.04872163
v -0.01398750 -0.17152122 0.04691771
v -0.01155334 -0.16880854 0.04464112
v -0.01284606 -0.17151894 0.04587716
v -0.01103254 -0.17147998 0.04435721
v -0.00853248 -0.16893034 0.04173769
v -0.00947360 -0.17152752 0.04282448
v -0.00764318 -0.17085351 0.04079707
v -0.00610237 -0.16967819 0.03903396
v -0.00562458 -0.17153771 0.03853998
v -0.00641326 -0.17164586 0.04004292
v -0.00395523 -0.16940343 0.03624136
v -0.00335379 -0.17149826 0.03545547
v -0.00789560 -0.17154281 0.04123716
v -0.01549797 -0.17165801 0.04862893
v -0.01826204 -0.17160293 0.05026301
v -0.01755806 -0.17260469 0.04992257
v -0.00391121 -0.17165937 0.03694507
v -0.00559466 -0.17202431 0.03947057
v -0.00398751 -0.17273374 0.03739568
v -0.00251405 -0.17349425 0.03525034
v -0.00248974 -0.17177966 0.03491941
v -0.00131746 -0.17165135 0.03291481
v -0.00105763 -0.17249008 0.03272248
v -0.00116296 -0.17407401 0.03274561
v 0.00022289 -0.17416667 0.03016687
v 0.00036206 -0.17256678 0.03011309
v 0.00033709 -0.17164550 0.02986609
v 0.00160754 -0.17270613 0.02766780
v 0.00170669 -0.17423080 0.02735707
vt 0.41220185 0.83188534
vt 0.40964380 0.83275414
vt 0.41485664 0.83275414
vt 0.99000871 0.99174631
vt 0.98407197 0.99087751
vt 0.97871417 0.99174631
vt 0.36119139 0.45789957
vt 0.39913172 0.44278938
vt 0.41585463 0.47291744
vt 0.43170035 0.45612800
vt 0.45114917 0.48047435
vt 0.45134580 0.46037591
vt 0.45128393 0.44310123
vt 0.43035057 0.44205034
vt 0.44358081 0.42663682
vt 0.41612595 0.42362773
vt 0.43562034 0.41307116
vt 0.34363717 0.44245815
vt 0.32756060 0.44204074
vt 0.32321995 0.45801890
vt 0.32466692 0.47368145
vt 0.36196527 0.48058379
vt 0.36846238 0.49205583
vt 0.42709690 0.50892729
vt 0.43337819 0.49325454
vt 0.34606883 0.48771250
vt 0.34017190 0.50780237
vt 0.34730673 0.51323169
vt 0.37255549 0.50502396
vt 0.32800579 0.48289615
vt 0.40083328 0.50570816
vt 0.39029273 0.52096593
vt 0.36347249 0.52224755
vt 0.35348243 0.51819181
vt 0.42064026 0.51916420
vt 0.41341585 0.52220601
vt 0.39640906 0.39653277
vt 0.38013226 0.40791512
vt 0.41757071 0.40162838
vt 0.44636077 0.49020576
vt 0.32875007 0.43301165
vt 0.33592370 0.42215979
vt 0.35858196 0.42259967
vt 0.35989606 0.40225315
vt 0.35156372 0.40727645
vt 0.37570015 0.39706945
vt 0.36415219 0.39946854
vt 0.43831095 0.50678861
vt 0.44822729 0.42994034
vt 0.41856313 0.41104764
vt 0.42897508 0.51530951
vt 0.41137874 0.39790148
vt 0.33386856 0.49820518
vt 0.33054489 0.49323690
vt 0.44466317 0.49848413
vt 0.35358587 0.40450960
vt 0.34643090 0.40994370
vt 0.33970064 0.41533208
vt 0.45433855 0.45694399
vt 0.45412648 0.47357523
vt 0.42303982 0.40274817
vt 0.32484233 0.44230056
vt 0.39107412 0.39400518
vt 0.37659433 0.52519548
vt 0.40297756 0.52519548
vt 0.44051847 0.41698629
vt 0.44478610 0.42353266
vt 0.44815823 0.49241811
vt 0.32528558 0.48322600
vt 0.40118158 0.39492750
vt 0.32235128 0.45355690
vt 0.32189402 0.46226609
vt 0.32224160 0.47011507
vt 0.33554783 0.50275642
vt 0.45316467 0.44138360
vt 0.45180270 0.43621433
vt 0.41632894 0.39898741
vt 0.33174783 0.42591858
vt 0.33507624 0.42087716
vt 0.38066715 0.39476144
vt 0.35667667 0.52035266
vt 0.36783266 0.52446616
vt 0.43067482 0.40713102
vt 0.45381978 0.47989094
vt 0.34727165 0.51445132
vt 0.45569071 0.45881689
vt 0.44028336 0.50528139
vt 0.42145488 0.52020472
vt 0.43472183 0.51115817
vt 0.37375104 0.39580309
vt 0.41172603 0.52416867
vt 0.32810983 0.43220663
vt 0.36166635 0.39983881
vt 0.73547244 0.85418099
vt 0.73581845 0.85826606
vt 0.73994499 0.85466778
vt 0.72948265 0.85663438
vt 0.72926974 0.85197949
vt 0.72557223 0.85458505
vt 0.73110545 0.85978597
vt 0.72660625 0.85894173
vt 0.72801232 0.86446452
vt 0.72295004 0.86126965
vt 0.72231233 0.85571265
vt 0.73451465 0.86210889
vt 0.71829444 0.85691243
vt 0.71852666 0.86362016
vt 0.71403033 0.86010730
vt 0.71248496 0.85674018
vt 0.71381170 0.86796045
vt 0.71399826 0.85140657
vt 0.72221780 0.86740172
vt 0.71736610 0.87091851
vt 0.71343446 0.87502080
vt 0.70985502 0.87262076
vt 0.70946425 0.86525047
vt 0.70937973 0.85865402
vt 0.73982823 0.85939705
vt 0.71902269 0.85071194
vt 0.73969299 0.86360955
vt 0.73132718 0.86895061
vt 0.72623003 0.86791086
vt 0.72846109 0.87186581
vt 0.73507357 0.86619425
vt 0.73750407 0.87050706
vt 0.74145967 0.86805087
vt 0.74037874 0.87421203
vt 0.72546482 0.87500566
vt 0.73118770 0.87595809
vt 0.72782755 0.87902063
vt 0.73269123 0.87981528
vt 0.73727256 0.87697345
vt 0.72896129 0.88280082
vt 0.73296237 0.88344300
vt 0.73822588 0.88444221
vt 0.73549497 0.88741529
vt 0.74191141 0.88895428
vt 0.72335112 0.87830108
vt 0.72011280 0.87412602
vt 0.72212642 0.88175583
vt 0.73441291 0.87311935
vt 0.72954768 0.88657129
vt 0.74003279 0.88095891
vt 0.73608023 0.89268035
vt 0.73284096 0.89116347
vt 0.72609669 0.88592887
vt 0.71790487 0.87812120
vt 0.74461389 0.86484408
vt 0.74720341 0.86999214
vt 0.74697441 0.86095208
vt 0.74369299 0.87189102
vt 0.74275166 0.87785977
vt 0.72018474 0.88522261
vt 0.74596244 0.88528389
vt 0.74461251 0.88145715
vt 0.74637330 0.87513644
vt 0.72958344 0.89033592
vt 0.72608340 0.88939589
vt 0.73005426 0.89458585
vt 0.73343790 0.89575046
vt 0.73089701 0.89928532
vt 0.74854511 0.87833565
vt 0.75021291 0.88176584
vt 0.75465214 0.87839609
vt 0.75121278 0.87487370
vt 0.71544832 0.88206959
vt 0.75108433 0.86372089
vt 0.73930180 0.89489627
vt 0.73680478 0.89760971
vt 0.73767555 0.90218508
vt 0.74279952 0.90101075
vt 0.74157101 0.90710139
vt 0.74473476 0.89510679
vt 0.70862025 0.85347980
vt 0.70458609 0.85919064
vt 0.70390666 0.85314679
vt 0.70244259 0.85634917
vt 0.69884187 0.85670650
vt 0.70125812 0.85967624
vt 0.70035368 0.86313808
vt 0.70493579 0.86456412
vt 0.71183896 0.87824965
vt 0.71160352 0.88190156
vt 0.70664692 0.87763804
vt 0.71274632 0.88597876
vt 0.70561463 0.87070876
vt 0.70072311 0.86925572
vt 0.70234454 0.87623066
vt 0.69889575 0.86645836
vt 0.69560647 0.86698556
vt 0.69577557 0.86095047
vt 0.69384801 0.86412543
vt 0.69132733 0.86074555
vt 0.69013858 0.86443663
vt 0.69200277 0.86741775
vt 0.68737286 0.86747593
vt 0.69027662 0.87083358
vt 0.69496769 0.87255609
vt 0.68823844 0.87587982
vt 0.69808912 0.87620467
vt 0.69969523 0.88184816
vt 0.70406485 0.88272291
vt 0.68764913 0.86066961
vt 0.68544233 0.86409009
vt 0.70840949 0.88410074
vt 0.70585585 0.88869715
vt 0.68821263 0.85686743
vt 0.69229251 0.85719597
vt 0.69384784 0.87757927
vt 0.71138209 0.89021498
vt 0.72713852 0.89767456
vt 0.72642577 0.89331192
vt 0.72341788 0.89589250
vt 0.72255439 0.89192492
vt 0.72465634 0.90030706
vt 0.69751722 0.88644677
vt 0.69536215 0.88237864
vt 0.68236423 0.87142807
vt 0.75586677 0.87440145
vt 0.76171774 0.87820548
vt 0.75261915 0.87108642
vt 0.75597161 0.86490029
vt 0.68163496 0.86716032
vt 0.70698273 0.89249051
vt 0.72056222 0.89807659
vt 0.71917576 0.89406163
vt 0.71481287 0.89843434
vt 0.71487707 0.90355605
vt 0.70988184 0.89875811
vt 0.71043515 0.89447379
vt 0.71442461 0.89217705
vt 0.72015768 0.90438449
vt 0.72627681 0.90517086
vt 0.73211694 0.90443569
vt 0.73676115 0.90967029
vt 0.72997892 0.90768760
vt 0.73155087 0.91345775
vt 0.72722608 0.91016239
vt 0.72708231 0.91494799
vt 0.72385699 0.91185635
vt 0.71987009 0.91772473
vt 0.71820521 0.90987265
vt 0.71451628 0.91537315
vt 0.71265107 0.91202229
vt 0.71080703 0.91648120
vt 0.71617466 0.91890287
vt 0.70907378 0.92089337
vt 0.70368427 0.91833115
vt 0.70511097 0.91421795
vt 0.69895911 0.91587883
vt 0.70281798 0.91114247
vt 0.69745880 0.90921754
vt 0.70883179 0.91318136
vt 0.69916755 0.92296195
vt 0.70492864 0.92475814
vt 0.70969003 0.92785239
vt 0.71413594 0.92361641
vt 0.71580476 0.92721450
vt 0.71793950 0.92237455
vt 0.71981186 0.92578644
vt 0.72183949 0.92101192
vt 0.72583747 0.91952735
vt 0.73148161 0.92149615
vt 0.72609448 0.92740601
vt 0.73204738 0.92919511
vt 0.73680103 0.92363763
vt 0.73646837 0.91682386
vt 0.74105597 0.91337717
vt 0.74552011 0.91033381
vt 0.74598622 0.90574718
vt 0.74951583 0.91187704
vt 0.75248069 0.90426248
vt 0.75692016 0.90896332
vt 0.74539918 0.91539329
vt 0.75304979 0.91679102
vt 0.75038183 0.92101496
vt 0.75657290 0.92048728
vt 0.75247115 0.92532945
vt 0.74785793 0.92510027
vt 0.74906600 0.93278348
vt 0.74547809 0.92904711
vt 0.74572712 0.93635291
vt 0.74174607 0.93343467
vt 0.74138969 0.92599922
vt 0.73726374 0.93120390
vt 0.73324919 0.93654221
vt 0.74116492 0.93973458
vt 0.73537457 0.94293094
vt 0.73986375 0.94510591
vt 0.74637163 0.94283813
vt 0.75356793 0.94139171
vt 0.73323637 0.94730145
vt 0.73783731 0.94954985
vt 0.72875494 0.94392860
vt 0.72649014 0.94943607
vt 0.72440249 0.93942112
vt 0.72302586 0.94426459
vt 0.71868283 0.93853796
vt 0.72132331 0.93302530
vt 0.71346605 0.93224770
vt 0.72791380 0.93445522
vt 0.72511059 0.93162864
vt 0.72240949 0.92873895
vt 0.71820158 0.93035191
vt 0.71818697 0.94393146
vt 0.71338099 0.93946022
vt 0.71377546 0.94540542
vt 0.70850003 0.94220740
vt 0.71463323 0.95007008
vt 0.74116075 0.91931206
vt 0.74562430 0.92092472
vt 0.75521415 0.93457967
vt 0.75964296 0.92888039
vt 0.76147479 0.93550986
vt 0.76192766 0.94034982
vt 0.76709008 0.93154889
vt 0.70654422 0.93041772
vt 0.69855154 0.93088669
vt 0.72216779 0.95303029
vt 0.72843409 0.95464087
vt 0.73342907 0.95496815
vt 0.71012008 0.90923727
vt 0.71460319 0.90752143
vt 0.70926660 0.90288877
vt 0.70691699 0.90701371
vt 0.70813626 0.94761431
vt 0.74841249 0.89964557
vt 0.75226510 0.89403605
vt 0.75451261 0.89808136
vt 0.70029253 0.88977551
vt 0.71128339 0.93590140
vt 0.70102918 0.93474549
vt 0.69750303 0.93733925
vt 0.70701230 0.93599719
vt 0.76033467 0.87372857
vt 0.75747967 0.87038541
vt 0.76458240 0.87488478
vt 0.76175505 0.86786604
vt 0.76509964 0.87726575
vt 0.69256932 0.93044794
vt 0.69581157 0.92687529
vt 0.70026261 0.90548480
vt 0.76358545 0.92334038
vt 0.76937205 0.92424452
vt 0.69581592 0.85534608
vt 0.69620872 0.85202581
vt 0.75136799 0.88542867
vt 0.75513107 0.88223618
vt 0.70702922 0.95300698
vt 0.70124006 0.95060152
vt 0.70191896 0.94504780
vt 0.74992633 0.85657543
vt 0.68970925 0.92677426
vt 0.69302934 0.92339617
vt 0.69475442 0.91898602
vt 0.69490409 0.91354370
vt 0.68681765 0.93018669
vt 0.68944383 0.93367445
vt 0.68086040 0.93606484
vt 0.72540474 0.95951498
vt 0.68680143 0.92363459
vt 0.68129909 0.93010449
vt 0.69019681 0.92044950
vt 0.70994312 0.84899670
vt 0.69255763 0.88772327
vt 0.69103777 0.88279158
vt 0.69646317 0.89066637
vt 0.74805903 0.89100116
vt 0.75371772 0.88945639
vt 0.75752449 0.88890880
vt 0.75892943 0.89443314
vt 0.70333052 0.90236974
vt 0.75937122 0.88288391
vt 0.76593649 0.88132924
vt 0.70384991 0.94017601
vt 0.73313326 0.95908046
vt 0.66768122 0.93796015
vt 0.67395490 0.93294185
vt 0.66587710 0.93345588
vt 0.67306471 0.92788231
vt 0.66473591 0.92701977
vt 0.67283201 0.92228544
vt 0.68049282 0.92367011
vt 0.68035376 0.91670603
vt 0.67326081 0.91615009
vt 0.68622524 0.91621578
vt 0.67270774 0.94216114
vt 0.67474192 0.91181540
vt 0.68127590 0.91154253
vt 0.67574412 0.90607405
vt 0.66768843 0.91113156
vt 0.66601294 0.91409898
vt 0.66480613 0.91894233
vt 0.65786999 0.92099303
vt 0.66038895 0.91085821
vt 0.69467247 0.90296060
vt 0.76996231 0.87688559
vt 0.77489078 0.88248950
vt 0.76991540 0.87087077
vt 0.68727076 0.91032809
vt 0.67714065 0.87115926
vt 0.74382830 0.85662699
vt 0.67916197 0.94155979
vt 0.66845560 0.90460998
vt 0.67219967 0.90264678
vt 0.67891347 0.90279257
vt 0.67626756 0.89893788
vt 0.68322742 0.90814078
vt 0.67240328 0.89726061
vt 0.76018924 0.91578114
vt 0.66330570 0.93451029
vt 0.65972108 0.92665708
vt 0.69089615 0.91470540
vt 0.71905333 0.88977677
vt 0.77308547 0.92734694
vt 0.69653988 0.89448971
vt 0.74062198 0.95638716
vt 0.68472934 0.90336901
vt 0.68294591 0.89961845
vt 0.65708172 0.91418976
vt 0.68524301 0.94105947
vt 0.68224436 0.94746143
vt 0.76708668 0.91791528
vt 0.77224582 0.91970342
vt 0.70244664 0.89287901
vt 0.70583296 0.89594275
vt 0.70067734 0.89656019
vt 0.69479978 0.94697940
vt 0.69600648 0.94233638
vt 0.69085085 0.94132107
vt 0.68712729 0.94797778
vt 0.66138625 0.90375441
vt 0.66747230 0.89942330
vt 0.66474760 0.89555478
vt 0.75912076 0.94674587
vt 0.75291288 0.95114046
vt 0.74300843 0.94915181
vt 0.74743539 0.94771278
vt 0.75923193 0.90437609
vt 0.77271348 0.88620001
vt 0.66946715 0.89233124
vt 0.75429493 0.85725999
vt 0.76051277 0.86085820
vt 0.67505383 0.94908512
vt 0.68041980 0.95280957
vt 0.72499913 0.85162139
vt 0.68859959 0.90765887
vt 0.69273299 0.90805537
vt 0.74483973 0.95505035
vt 0.69297755 0.85381311
vt 0.76185656 0.90015054
vt 0.68239003 0.86488521
vt 0.68907994 0.90096015
vt 0.69231254 0.89291620
vt 0.70462459 0.89923072
vt 0.67749566 0.89437568
vt 0.67346680 0.89341110
vt 0.68734896 0.88719767
vt 0.68783450 0.89654046
vt 0.69301969 0.89799970
vt 0.68228716 0.89542127
vt 0.68274903 0.89078194
vt 0.68771529 0.89167631
vt 0.67853427 0.88996893
vt 0.68295342 0.88652760
vt 0.67433900 0.88904554
vt 0.68672949 0.88309735
vt 0.69974464 0.85047466
vt 0.69332832 0.95200938
vt 0.76477075 0.89628351
vt 0.76816893 0.90156108
vt 0.76296288 0.89193988
vt 0.76338452 0.88698000
vt 0.76672149 0.88661265
vt 0.76952040 0.89076602
vt 0.77648354 0.88955158
vt 0.76632339 0.90607923
vt 0.77027816 0.91237634
vt 0.65830499 0.89678091
vt 0.65638578 0.90723091
vt 0.66012973 0.89294189
vt 0.66608626 0.89055884
vt 0.67016947 0.88801545
vt 0.68553114 0.87885523
vt 0.68161869 0.87758791
vt 0.68257779 0.88213611
vt 0.77574825 0.88597727
vt 0.77044129 0.89768004
vt 0.76344824 0.91098213
vt 0.66333169 0.88809925
vt 0.67938483 0.88571388
vt 0.67401522 0.88500595
vt 0.77238148 0.90718478
vt 0.77339274 0.90237951
vt 0.66661912 0.88630366
vt 0.66966516 0.88403749
vt 0.68849123 0.95213413
vt 0.69158685 0.95738548
vt 0.77896184 0.90502715
vt 0.71830845 0.95721686
vt 0.71157587 0.95681661
vt 0.70530325 0.95822310
vt 0.77558523 0.91793543
vt 0.66634524 0.88280952
vt 0.77325141 0.89456242
vt 0.70730340 0.84985244
vt 0.76870251 0.93223369
vt 0.67614734 0.87745845
vt 0.69925165 0.89865494
vt 0.77396047 0.92320538
vt 0.76465696 0.86384159
vt 0.68841577 0.91715658
vt 0.77819866 0.89797115
vt 0.77809995 0.89266890
vt 0.72313720 0.85046178
vt 0.68471962 0.86076051
vt 0.68511862 0.95642537
vt 0.67248416 0.88129610
vt 0.77734578 0.91309780
vt 0.76742589 0.86631823
vt 0.74209875 0.85623276
vt 0.66713262 0.88007802
vt 0.67187744 0.87548572
vt 0.76660031 0.89064240
vt 0.77875435 0.91028416
vt 0.66760087 0.94229650
vt 0.67110342 0.94682455
vt 0.70109242 0.95711076
vt 0.69663113 0.95677078
vt 0.70901459 0.96271944
vt 0.71487379 0.96210212
vt 0.76602244 0.89295810
vt 0.78143096 0.89688408
vt 0.78323197 0.91020006
vt 0.77465808 0.92091274
vt 0.78102481 0.91574496
vt 0.76633143 0.94098318
vt 0.76960707 0.93441230
vt 0.77362990 0.93467170
vt 0.78319675 0.90295082
vt 0.71381789 0.84836406
vt 0.71990162 0.84779489
vt 0.72579265 0.84782684
vt 0.72234195 0.84336972
vt 0.71154344 0.84628040
vt 0.72839874 0.84562057
vt 0.73400545 0.84715241
vt 0.73740011 0.85226971
vt 0.74265540 0.84785587
vt 0.72560287 0.83944702
vt 0.73080993 0.84156060
vt 0.71971124 0.83869344
vt 0.70962685 0.84225088
vt 0.70259219 0.84869695
vt 0.70127201 0.84226084
vt 0.69570059 0.84284151
vt 0.69253206 0.84649950
vt 0.69554090 0.84954160
vt 0.69129479 0.85181785
vt 0.74163407 0.84435421
vt 0.74781740 0.85031223
vt 0.69676036 0.96248901
vt 0.70243549 0.96307558
vt 0.68672228 0.84601289
vt 0.68500131 0.85513264
vt 0.68203837 0.85274869
vt 0.68197554 0.86000198
vt 0.67435479 0.85933590
vt 0.67711711 0.86744684
vt 0.67316848 0.86657226
vt 0.66912866 0.86238468
vt 0.66722459 0.86613864
vt 0.67361277 0.85557872
vt 0.66535163 0.86836660
vt 0.66593617 0.87355125
vt 0.66307992 0.87290174
vt 0.66349214 0.87788773
vt 0.68041307 0.86493337
vt 0.68336701 0.86261392
vt 0.68561953 0.85751611
vt 0.77934289 0.90748298
vt 0.73917794 0.83626938
vt 0.75463182 0.83900821
vt 0.75290447 0.84865630
vt 0.74904281 0.83336842
vt 0.74254638 0.83108985
vt 0.74370676 0.82411838
vt 0.76246852 0.83384037
vt 0.75710106 0.82298410
vt 0.75917023 0.84444380
vt 0.73108172 0.82802880
vt 0.74814391 0.81807566
vt 0.74025744 0.81722087
vt 0.73618984 0.83293378
vt 0.73340273 0.82126886
vt 0.76506549 0.82245129
vt 0.71959555 0.82715434
vt 0.72933042 0.81057578
vt 0.77538449 0.83166504
vt 0.76320881 0.84728783
vt 0.76824880 0.84749955
vt 0.77901763 0.83401930
vt 0.77482098 0.84618539
vt 0.72793096 0.83251947
vt 0.76638728 0.85553801
vt 0.77235270 0.82366425
vt 0.75832820 0.85485852
vt 0.75629723 0.81579810
vt 0.74965388 0.81137490
vt 0.76129889 0.81640267
vt 0.76308137 0.85502696
vt 0.73518175 0.80572850
vt 0.74929386 0.85450298
vt 0.78323197 0.82569355
vt 0.77866989 0.82052606
vt 0.67054206 0.87210262
vt 0.66773939 0.87679636
vt 0.77190238 0.81531650
vt 0.76074249 0.80648178
vt 0.77203912 0.80604345
vt 0.75821829 0.79800177
vt 0.77944994 0.80696952
vt 0.68913335 0.85502422
vt 0.47125423 0.53338116
vt 0.47284302 0.51196027
vt 0.46948305 0.51665515
vt 0.46950847 0.53717047
vt 0.47367862 0.54562283
vt 0.46936479 0.54625481
vt 0.47327662 0.54985750
vt 0.46954033 0.55513275
vt 0.47322491 0.55568165
vt 0.47167283 0.56419247
vt 0.46807224 0.56674516
vt 0.46599281 0.56381261
vt 0.46562442 0.52443904
vt 0.46807140 0.47915620
vt 0.47216955 0.47270083
vt 0.47579539 0.39495933
vt 0.47289637 0.38000894
vt 0.48008010 0.31031573
vt 0.47599325 0.32013792
vt 0.48451355 0.22377199
vt 0.48111218 0.21949691
vt 0.48688111 0.17508519
vt 0.48506713 0.13944227
vt 0.48937422 0.12808067
vt 0.49188238 0.07351011
vt 0.48817128 0.07384098
vt 0.48851350 0.06052613
vt 0.47495115 0.47817993
vt 0.47755364 0.42477334
vt 0.47634307 0.55117726
vt 0.48047072 0.36809129
vt 0.48857874 0.21037215
vt 0.48559535 0.26395762
vt 0.49121177 0.15280396
vt 0.49219170 0.05808651
vt 0.48681778 0.05698907
vt 0.47089148 0.57113993
vt 0.49584240 0.06202996
vt 0.49852890 0.05779493
vt 0.47363031 0.56800312
vt 0.47469911 0.53119761
vt 0.47656822 0.55526292
vt 0.46595824 0.55558866
vt 0.46245161 0.52900201
vt 0.46345505 0.54804224
vt 0.46439132 0.48679388
vt 0.48345593 0.09088761
vt 0.46680641 0.43253791
vt 0.48531917 0.06023103
vt 0.47236088 0.31880808
vt 0.46963117 0.37333751
vt 0.47668940 0.23435038
vt 0.48124716 0.13876545
vt 0.47605461 0.55718416
vt 0.47401044 0.56111127
vt 0.47383633 0.56507748
vt 0.46537620 0.56731880
vt 0.47331598 0.57174420
vt 0.47655085 0.57188869
vt 0.49031106 0.05536348
vt 0.47590426 0.51119828
vt 0.47991377 0.55315363
vt 0.48031640 0.55998856
vt 0.46340251 0.55900836
vt 0.47726861 0.54570740
vt 0.48406410 0.35706770
vt 0.48828954 0.26852465
vt 0.49189499 0.20651793
vt 0.47812620 0.47807503
vt 0.48034224 0.43419313
vt 0.49651808 0.10997891
vt 0.49415225 0.15245473
vt 0.49865612 0.06197995
vt 0.47709030 0.52802360
vt 0.48447081 0.55637127
vt 0.48656589 0.55875963
vt 0.48031348 0.56756788
vt 0.49225357 0.56634110
vt 0.48130071 0.56891549
vt 0.47830155 0.56619191
vt 0.47791386 0.56048238
vt 0.49291360 0.56471676
vt 0.48988074 0.56798887
vt 0.48829588 0.56963277
vt 0.47662762 0.19219524
vt 0.48315403 0.06594902
vt 0.46251592 0.48224080
vt 0.46020591 0.54352814
vt 0.48107794 0.09497899
vt 0.47920626 0.13722873
vt 0.46791437 0.36287427
vt 0.46967655 0.32858241
vt 0.47147718 0.29090255
vt 0.46583235 0.40565848
vt 0.47421834 0.23950118
vt 0.45990002 0.55728149
vt 0.48482424 0.05516940
vt 0.45663413 0.51742458
vt 0.48014444 0.05721021
vt 0.45737740 0.53985101
vt 0.46198002 0.56581277
vt 0.45724267 0.49808472
vt 0.46460041 0.57123512
vt 0.46123227 0.56827891
vt 0.45894077 0.45664680
vt 0.47162458 0.20837367
vt 0.45569071 0.53326595
vt 0.45773569 0.55779624
vt 0.46283272 0.37574959
vt 0.47817698 0.06845033
vt 0.47497743 0.13306963
vt 0.46964279 0.24109143
vt 0.46639690 0.30496681
vt 0.49175918 0.55933172
vt 0.49323437 0.56192404
vt 0.49468696 0.56385279
vt 0.49688435 0.56137764
vt 0.46792600 0.57354033
vt 0.48825914 0.55675429
vt 0.48004591 0.05530608
vt 0.49913120 0.05611467
vt 0.47709516 0.57467413
vt 0.47321984 0.57456601
vt 0.47041008 0.57558644
vt 0.47806349 0.51035804
vt 0.48033851 0.47862458
vt 0.48182052 0.55197710
vt 0.49608272 0.56514013
vt 0.49830681 0.56389326
vt 0.49334538 0.56782264
vt 0.49863559 0.55999744
vt 0.49913120 0.55586374
vt 0.49702561 0.55338579
vt 0.49230465 0.55737776
vt 0.49401087 0.55246735
vt 0.49069631 0.55489165
vt 0.48880112 0.55220163
vt 0.48413584 0.55186683
vt 0.48632535 0.54887623
vt 0.48422495 0.54766673
vt 0.48076034 0.54639077
vt 0.48358855 0.57069570
vt 0.51638716 0.07114857
vt 0.51273835 0.07480156
vt 0.51827657 0.11519355
vt 0.51394951 0.10723263
vt 0.52018398 0.17755079
vt 0.51158780 0.06112331
vt 0.51682574 0.19469357
vt 0.52178854 0.22869408
vt 0.51491654 0.05806112
vt 0.51795769 0.23004615
vt 0.52110517 0.32200253
vt 0.52500004 0.32119358
vt 0.52746999 0.38337392
vt 0.52329725 0.37753367
vt 0.52586222 0.44997549
vt 0.53084183 0.47467482
vt 0.52789485 0.50654614
vt 0.53223425 0.51525325
vt 0.52900159 0.52942401
vt 0.53298986 0.53954524
vt 0.51345235 0.04941219
vt 0.51723927 0.05105263
vt 0.51316732 0.03672189
vt 0.52822345 0.53955126
vt 0.51885283 0.06073821
vt 0.53690225 0.54060161
vt 0.52956110 0.54257166
vt 0.53927684 0.54236907
vt 0.53572148 0.50930887
vt 0.52545768 0.22855347
vt 0.52875125 0.31875151
vt 0.53130424 0.38610268
vt 0.53439534 0.46967512
vt 0.52169490 0.05662173
vt 0.52080899 0.04716945
vt 0.51625800 0.03594863
vt 0.52254921 0.03757322
vt 0.52169573 0.03371179
vt 0.52408624 0.04394042
vt 0.52613640 0.04159844
vt 0.52331221 0.15940225
vt 0.52199763 0.12082285
vt 0.51919329 0.02944291
vt 0.52098143 0.09155846
vt 0.52247012 0.02968192
vt 0.50901568 0.09183317
vt 0.51194191 0.16806114
vt 0.51546305 0.27187514
vt 0.51373976 0.22484320
vt 0.52381581 0.50872010
vt 0.52451223 0.52814031
vt 0.52146029 0.44495285
vt 0.51924819 0.37984258
vt 0.51734018 0.33168232
vt 0.52362257 0.53796351
vt 0.51517755 0.03001469
vt 0.50771397 0.06695473
vt 0.51007801 0.04866338
vt 0.52415985 0.54126465
vt 0.52362078 0.54245937
vt 0.52530742 0.04996729
vt 0.52564967 0.05382752
vt 0.52809834 0.04579484
vt 0.52386683 0.06576180
vt 0.52022690 0.02562988
vt 0.51746440 0.02578980
vt 0.52414066 0.08379352
vt 0.53924155 0.51135254
vt 0.54163921 0.54053974
vt 0.53199768 0.31239283
vt 0.53364134 0.35708219
vt 0.52743125 0.18744761
vt 0.53596425 0.41679823
vt 0.53780216 0.46836901
vt 0.52533323 0.12046552
vt 0.52481341 0.06154907
vt 0.51035291 0.03046370
vt 0.50747013 0.04706925
vt 0.52161872 0.52736944
vt 0.52280867 0.02707905
vt 0.50573665 0.09574050
vt 0.51837772 0.44833255
vt 0.51739025 0.41674578
vt 0.50837916 0.16679460
vt 0.51041037 0.22467178
vt 0.51227432 0.27936906
vt 0.51454878 0.34090579
vt 0.50477773 0.06820124
vt 0.50887442 0.03644484
vt 0.50313354 0.08243310
vt 0.52898437 0.04340190
vt 0.50727814 0.19659865
vt 0.52444750 0.03621489
vt 0.52489358 0.03363979
vt 0.52869976 0.03687239
vt 0.52781296 0.03127557
vt 0.53044343 0.03326142
vt 0.53532159 0.03771955
vt 0.53376240 0.02985269
vt 0.53576010 0.03089213
vt 0.53718317 0.03397012
vt 0.53261018 0.03939778
vt 0.52582526 0.02985197
vt 0.52724206 0.04025853
vt 0.53900969 0.03271967
vt 0.52768725 0.02844328
vt 0.53781104 0.03678554
vt 0.54000163 0.03598350
vt 0.54082721 0.03364497
vt 0.53371191 0.04169160
vt 0.50467998 0.12616146
vt 0.51525468 0.41947192
vt 0.51694578 0.53789073
vt 0.51743793 0.54121196
vt 0.50833082 0.22989899
vt 0.51011699 0.27853167
vt 0.51222402 0.33797562
vt 0.51716673 0.47500247
vt 0.51933092 0.52678418
vt 0.54265720 0.03477597
vt 0.54381651 0.03812248
vt 0.54164988 0.04495806
vt 0.54517812 0.03617871
vt 0.53796929 0.04242063
vt 0.53302211 0.02611959
vt 0.50245053 0.05273104
vt 0.50115448 0.10042763
vt 0.50000000 0.06188750
vt 0.54490769 0.03274661
vt 0.54258204 0.03217942
vt 0.54123652 0.03037584
vt 0.53677756 0.02951843
vt 0.53648853 0.04553288
vt 0.50044477 0.08008742
vt 0.50430202 0.18568957
vt 0.50301749 0.03767109
vt 0.53614855 0.36710024
vt 0.53927773 0.45509309
vt 0.50656480 0.03363645
vt 0.51479143 0.48028183
vt 0.51208830 0.40310222
vt 0.50776839 0.28438270
vt 0.50562239 0.22501671
vt 0.53397834 0.31115544
vt 0.54139888 0.51352394
vt 0.52722508 0.07489502
vt 0.52891165 0.17449307
vt 0.52707666 0.11805880
vt 0.53237337 0.04657054
vt 0.53054053 0.04828250
vt 0.53074795 0.05274522
vt 0.53441632 0.04860771
vt 0.54517812 0.54188746
vt 0.52805942 0.09546089
vt 0.52922982 0.05674934
vt 0.71007270 0.20512187
vt 0.70677966 0.19825387
vt 0.71037692 0.27096462
vt 0.70984054 0.15638006
vt 0.70721173 0.27364832
vt 0.70728046 0.34088480
vt 0.71065110 0.34934640
vt 0.70749587 0.37476015
vt 0.70654136 0.12248248
vt 0.70983696 0.10094005
vt 0.70651233 0.08749062
vt 0.70983833 0.08072251
vt 0.70652193 0.06587899
vt 0.70968950 0.06134033
vt 0.71090639 0.42592943
vt 0.70784259 0.43665552
vt 0.70807672 0.50748748
vt 0.71102583 0.50501853
vt 0.71131998 0.51925498
vt 0.70728445 0.51960081
vt 0.70947433 0.04628539
vt 0.70665264 0.04688466
vt 0.70688343 0.03428537
vt 0.70953691 0.03375751
vt 0.70940846 0.02082902
vt 0.70702916 0.02099419
vt 0.71360719 0.16737175
vt 0.71365738 0.11149859
vt 0.71359938 0.08275110
vt 0.71336395 0.06377906
vt 0.71321398 0.04935461
vt 0.71369827 0.21170104
vt 0.71390283 0.25829393
vt 0.71409076 0.31837499
vt 0.71437502 0.46824336
vt 0.71418107 0.37720078
vt 0.71459574 0.51031673
vt 0.71191990 0.03569824
vt 0.71604162 0.51926142
vt 0.70920050 0.52121186
vt 0.71532989 0.04488409
vt 0.70587695 0.01571715
vt 0.70960265 0.01378262
vt 0.70446098 0.47870398
vt 0.70443326 0.03874934
vt 0.70436865 0.44514310
vt 0.70407057 0.37188303
vt 0.70393467 0.50858003
vt 0.70377201 0.28806698
vt 0.70379281 0.34110928
vt 0.70350116 0.20800447
vt 0.70299762 0.12454557
vt 0.70263845 0.08765352
vt 0.70296150 0.06466079
vt 0.70389605 0.51972371
vt 0.70361394 0.04788429
vt 0.70180458 0.02355981
vt 0.70165217 0.50840640
vt 0.70163625 0.44497508
vt 0.70132291 0.27570283
vt 0.70149648 0.33871818
vt 0.70106351 0.37092698
vt 0.70116717 0.20578933
vt 0.70129818 0.04903299
vt 0.70088232 0.12564099
vt 0.70041519 0.08445108
vt 0.69998407 0.04225695
vt 0.70027119 0.06507784
vt 0.69895744 0.01410186
vt 0.70055324 0.01171046
vt 0.70003074 0.51950502
vt 0.71894008 0.52148849
vt 0.70352894 0.52172023
vt 0.69990611 0.52133346
vt 0.71394598 0.01977885
vt 0.71751273 0.26631612
vt 0.71726006 0.20745695
vt 0.71747810 0.16834778
vt 0.71770275 0.38363677
vt 0.71738529 0.08337522
vt 0.71785837 0.45973748
vt 0.71800578 0.51649648
vt 0.71878970 0.51959151
vt 0.71690094 0.06311661
vt 0.71630800 0.03524739
vt 0.71634692 0.01474893
vt 0.71547723 0.00738490
vt 0.71894008 0.01026458
vt 0.65402663 0.23908746
vt 0.64982957 0.23894072
vt 0.65378982 0.31782484
vt 0.65017027 0.18138492
vt 0.65401471 0.18145269
vt 0.65393776 0.13379329
vt 0.64998579 0.13387382
vt 0.64974970 0.28818786
vt 0.64992422 0.31704795
vt 0.64985621 0.35582936
vt 0.65374988 0.35600924
vt 0.65198547 0.13160133
vt 0.65389943 0.10034281
vt 0.64992839 0.10054278
vt 0.64998198 0.07265985
vt 0.65386522 0.07402420
vt 0.65375435 0.05407149
vt 0.64868379 0.05198008
vt 0.65019959 0.04111791
vt 0.65417022 0.04222059
vt 0.65573168 0.08660036
vt 0.65657556 0.05702269
vt 0.65821838 0.03979504
vt 0.65161121 0.35740447
vt 0.65147197 0.39286250
vt 0.64959902 0.39435685
vt 0.65366614 0.39440906
vt 0.64958853 0.43344808
vt 0.65332085 0.42126870
vt 0.65331507 0.48019266
vt 0.64951545 0.48935401
vt 0.64855605 0.50058532
vt 0.65222347 0.50084651
vt 0.65268445 0.51006281
vt 0.64930165 0.51310116
vt 0.65271449 0.51467764
vt 0.64561808 0.51555109
vt 0.64668947 0.50640988
vt 0.64630133 0.03731370
vt 0.65801257 0.26089871
vt 0.65801769 0.12645531
vt 0.65804577 0.09339291
vt 0.65799463 0.18027818
vt 0.65813971 0.21397489
vt 0.65767753 0.38473678
vt 0.65795863 0.32117069
vt 0.65773106 0.35574323
vt 0.65741694 0.46027130
vt 0.65750754 0.41997635
vt 0.65757632 0.49165702
vt 0.65792650 0.51336759
vt 0.65831631 0.07004106
vt 0.65930295 0.04733837
vt 0.65402192 0.03411102
vt 0.66069221 0.03671360
vt 0.65110600 0.03369606
vt 0.65778339 0.03316975
vt 0.64600581 0.28365147
vt 0.64609665 0.19785380
vt 0.64623624 0.13914728
vt 0.64618361 0.32332945
vt 0.64656061 0.10389638
vt 0.64624536 0.35581392
vt 0.64524579 0.51277995
vt 0.64615506 0.45457065
vt 0.64601231 0.40477324
vt 0.64586729 0.49144596
vt 0.64611578 0.07348722
vt 0.64705193 0.05803388
vt 0.64475083 0.04291987
vt 0.65685469 0.51563859
vt 0.64730412 0.03248239
vt 0.64401817 0.03521997
vt 0.66085732 0.46198565
vt 0.66132849 0.49377561
vt 0.66100043 0.41749775
vt 0.66166133 0.17026055
vt 0.66155243 0.24651146
vt 0.66194278 0.09846431
vt 0.66183478 0.07083261
vt 0.66084981 0.51361674
vt 0.66224271 0.04943323
vt 0.66131419 0.36606222
vt 0.66139835 0.31787533
vt 0.66161448 0.51550400
vt 0.66007137 0.03129536
vt 0.66384727 0.37134564
vt 0.66441053 0.09957457
vt 0.66444570 0.06772953
vt 0.66424149 0.13971722
vt 0.66421479 0.18909186
vt 0.66407084 0.30415636
vt 0.66410458 0.24425435
vt 0.66342908 0.45860779
vt 0.66457313 0.05013543
vt 0.66480160 0.03229821
vt 0.66366512 0.41947150
vt 0.66605991 0.50958830
vt 0.66668338 0.51371229
vt 0.66577142 0.46242607
vt 0.66597527 0.42071927
vt 0.66643125 0.14309621
vt 0.66654736 0.09968233
vt 0.66681147 0.06666052
vt 0.66640377 0.21928859
vt 0.66606551 0.36765546
vt 0.66638583 0.30657130
vt 0.66100842 0.02476108
vt 0.66681147 0.51546854
vt 0.64294088 0.09704965
vt 0.64174610 0.51354390
vt 0.64138794 0.51544952
vt 0.64281827 0.14499027
vt 0.64256757 0.20943630
vt 0.64265651 0.32174927
vt 0.64259183 0.36023992
vt 0.64233482 0.48899901
vt 0.64235818 0.45151913
vt 0.64238423 0.40859580
vt 0.64278156 0.05355507
vt 0.64307374 0.07394212
vt 0.64247429 0.29202688
vt 0.63996440 0.04049045
vt 0.64074707 0.09630454
vt 0.64052618 0.15227240
vt 0.64018404 0.28766650
vt 0.63993365 0.42961180
vt 0.64024472 0.34289622
vt 0.63987732 0.48714799
vt 0.63814074 0.51351595
vt 0.11053567 0.41687858
vt 0.09659073 0.40259135
vt 0.11234784 0.39958489
vt 0.12274195 0.41026133
vt 0.11800105 0.41901839
vt 0.10124394 0.38838530
vt 0.09191840 0.39383209
vt 0.11171010 0.38940489
vt 0.12444249 0.39256752
vt 0.13622381 0.40438056
vt 0.13613477 0.39649546
vt 0.13142294 0.41821659
vt 0.12681946 0.41998386
vt 0.14730661 0.41610205
vt 0.13444972 0.42369300
vt 0.15809493 0.41056693
vt 0.14666606 0.39953566
vt 0.14962535 0.39822167
vt 0.15798783 0.40624177
vt 0.14355762 0.38908941
vt 0.13431829 0.38092196
vt 0.11810828 0.38123274
vt 0.15739129 0.39426094
vt 0.15636034 0.42437470
vt 0.14732602 0.42692077
vt 0.13331592 0.42888165
vt 0.12068464 0.42965519
vt 0.14362840 0.43309951
vt 0.15523089 0.43374491
vt 0.10846781 0.43257821
vt 0.16474405 0.41399693
vt 0.17139916 0.42150146
vt 0.15685841 0.38275975
vt 0.14367236 0.37822211
vt 0.12963083 0.37530863
vt 0.10787862 0.37790793
vt 0.09783006 0.37830102
vt 0.08560058 0.38264644
vt 0.07947923 0.39031321
vt 0.08072393 0.40400910
vt 0.09093858 0.41416228
vt 0.10375889 0.41049719
vt 0.09641272 0.42193437
vt 0.09143238 0.37373734
vt 0.07761826 0.38003945
vt 0.11149956 0.36978161
vt 0.07986048 0.36922717
vt 0.10199153 0.36472398
vt 0.12336461 0.36637998
vt 0.07207487 0.39514554
vt 0.07190856 0.36609447
vt 0.08106293 0.35725069
vt 0.09484580 0.35338438
vt 0.13369215 0.36660391
vt 0.06475466 0.36827224
vt 0.06627809 0.38716877
vt 0.05690851 0.37664282
vt 0.08027247 0.40957713
vt 0.05682421 0.39131498
vt 0.06199844 0.35942006
vt 0.05702543 0.39869213
vt 0.06578489 0.40897596
vt 0.09739222 0.42845261
vt 0.05031316 0.36768395
vt 0.06336651 0.35107487
vt 0.07219077 0.35031581
vt 0.04923387 0.37652671
vt 0.04825215 0.38665569
vt 0.10453556 0.35449177
vt 0.08535813 0.34587002
vt 0.05064820 0.35947907
vt 0.11692378 0.35655487
vt 0.06759436 0.34054220
vt 0.05366461 0.34998536
vt 0.14459458 0.36777210
vt 0.15259555 0.37444329
vt 0.09304313 0.34172606
vt 0.10612777 0.34711134
vt 0.12390476 0.35348684
vt 0.03969378 0.37473565
vt 0.03489512 0.36862445
vt 0.02762195 0.37582612
vt 0.03332866 0.36324126
vt 0.02951878 0.36738467
vt 0.02675761 0.36105311
vt 0.02571245 0.36766911
vt 0.02551832 0.37163395
vt 0.02215785 0.37642211
vt 0.02120697 0.38340753
vt 0.02709401 0.38347638
vt 0.02302446 0.37055320
vt 0.02179323 0.39082336
vt 0.02507710 0.39117253
vt 0.02020815 0.39826125
vt 0.02325452 0.40075135
vt 0.01892778 0.40535188
vt 0.02175644 0.40665114
vt 0.01686542 0.41741258
vt 0.02054463 0.41786849
vt 0.05603872 0.40647626
vt 0.03275966 0.39456511
vt 0.04595960 0.39528942
vt 0.07519849 0.41859734
vt 0.08375078 0.42765647
vt 0.02976524 0.40951139
vt 0.02346664 0.41926801
vt 0.06542241 0.41966915
vt 0.05674649 0.41428423
vt 0.04074233 0.41652685
vt 0.09180702 0.43564701
vt 0.01780993 0.39246774
vt 0.01709026 0.40223426
vt 0.02070759 0.37897944
vt 0.03586218 0.34990889
vt 0.03820220 0.34684885
vt 0.03587965 0.34263957
vt 0.03195460 0.35724211
vt 0.03968766 0.33829558
vt 0.03319420 0.33925247
vt 0.03678232 0.33229107
vt 0.03106739 0.34869325
vt 0.02817299 0.35443807
vt 0.02993151 0.34624684
vt 0.05069528 0.33952713
vt 0.05695988 0.33167309
vt 0.05261612 0.42230362
vt 0.04489613 0.42330849
vt 0.04147261 0.33198488
vt 0.04372443 0.32689893
vt 0.04916798 0.33377421
vt 0.03913424 0.32181609
vt 0.08483697 0.33400363
vt 0.03552136 0.32957780
vt 0.06862718 0.32928866
vt 0.03070148 0.42583013
vt 0.03584588 0.42946434
vt 0.01446916 0.41025162
vt 0.01624399 0.39767265
vt 0.05690109 0.43820798
vt 0.04513873 0.43367559
vt 0.06463449 0.43556279
vt 0.07016411 0.42439520
vt 0.07104730 0.43629348
vt 0.12984708 0.43655527
vt 0.01801860 0.42362416
vt 0.01265761 0.42268074
vt 0.01228656 0.42573118
vt 0.10050335 0.44425058
vt 0.11398201 0.43829966
vt 0.15162250 0.44042408
vt 0.06394607 0.44097733
vt 0.08233654 0.44276559
vt 0.09483545 0.44473529
vt 0.01379271 0.41909707
vt 0.01650218 0.42809248
vt 0.11949143 0.44659525
vt 0.12672183 0.44755745
vt 0.09202293 0.45015645
vt 0.16500717 0.43316853
vt 0.17737837 0.42662847
vt 0.14117803 0.44781959
vt 0.16538611 0.39228082
vt 0.01227195 0.43420649
vt 0.01666478 0.43284535
vt 0.10906933 0.45774376
vt 0.02733451 0.43568993
vt 0.03631449 0.44053173
vt 0.05398056 0.44598770
vt 0.06097685 0.45166343
vt 0.14361897 0.46005416
vt 0.11224806 0.45983946
vt 0.07786451 0.45730650
vt 0.13097899 0.45876485
vt 0.12451535 0.45806897
vt 0.17142558 0.44339538
vt 0.15203224 0.45842558
vt 0.15345526 0.44687450
vt 0.16196439 0.45097136
vt 0.17611827 0.40419734
vt 0.17801836 0.41636193
vt 0.17563087 0.44007319
vt 0.14022525 0.46645296
vt 0.16094241 0.45515716
vt 0.16957328 0.45867109
vt 0.16161276 0.46994662
vt 0.10157096 0.46471435
vt 0.08670774 0.46400285
vt 0.12307214 0.47218579
vt 0.17511413 0.46392035
vt 0.18524751 0.45486033
vt 0.18424033 0.43363696
vt 0.03800644 0.44794881
vt 0.07220096 0.45996749
vt 0.01612500 0.43878353
vt 0.01146785 0.43768257
vt 0.04853756 0.45271301
vt 0.19302511 0.45170498
vt 0.19077046 0.43896520
vt 0.13735993 0.35663915
vt 0.15001573 0.47860014
vt 0.19127597 0.46272248
vt 0.13361546 0.47726417
vt 0.19924325 0.46148300
vt 0.20152012 0.46655583
vt 0.11381643 0.47501296
vt 0.02876765 0.44678551
vt 0.09556639 0.47127646
vt 0.12572294 0.47798383
vt 0.05625726 0.46331906
vt 0.18176800 0.47148585
vt 0.16833974 0.47902811
vt 0.19101910 0.46958095
vt 0.20663194 0.44953936
vt 0.19418368 0.43087637
vt 0.03802478 0.45919645
vt 0.03703682 0.45490366
vt 0.01214979 0.44908333
vt 0.01665819 0.44565505
vt 0.07729504 0.47118700
vt 0.08739928 0.47698617
vt 0.14506455 0.48383915
vt 0.06611702 0.47187424
vt 0.10944147 0.33740640
vt 0.13785753 0.48711109
vt 0.10799760 0.48403859
vt 0.12106989 0.48318207
vt 0.01613004 0.45307028
vt 0.01427006 0.44938844
vt 0.15793136 0.48913562
vt 0.09311619 0.48053843
vt 0.01317265 0.45662767
vt 0.01385000 0.46268249
vt 0.01008869 0.45905638
vt 0.00992764 0.45429456
vt 0.05654174 0.46903402
vt 0.17259467 0.48224080
vt 0.07117373 0.47993046
vt 0.04738497 0.47300082
vt 0.04435670 0.32159621
vt 0.04715399 0.31550980
vt 0.04178623 0.31456226
vt 0.04996351 0.30973065
vt 0.02499178 0.36299634
vt 0.01069182 0.44838250
vt 0.19769269 0.47472292
vt 0.18592812 0.47434807
vt 0.19883472 0.47486651
vt 0.19424060 0.47980601
vt 0.19682914 0.48281991
vt 0.20548932 0.46313846
vt 0.19167763 0.48744076
vt 0.14569744 0.49635369
vt 0.13344237 0.49491751
vt 0.05783105 0.47863144
vt 0.11654995 0.49400687
vt 0.01041436 0.46535558
vt 0.01063968 0.47006148
vt 0.01504476 0.47011727
vt 0.01523218 0.47496980
vt 0.01075568 0.47459912
vt 0.20304552 0.45842260
vt 0.20504491 0.45506763
vt 0.21027757 0.44549370
vt 0.22004074 0.45252419
vt 0.22874698 0.46022093
vt 0.22241172 0.46795166
vt 0.24637692 0.46832812
vt 0.23034610 0.47636306
vt 0.24821699 0.47523075
vt 0.25789168 0.46759856
vt 0.26849580 0.47386831
vt 0.27545372 0.46621484
vt 0.26307830 0.46201098
vt 0.26791373 0.45772827
vt 0.26525003 0.48218286
vt 0.24448292 0.46016896
vt 0.24357073 0.45373243
vt 0.23416533 0.45179701
vt 0.28222573 0.47276533
vt 0.29630008 0.46462917
vt 0.29803833 0.47361147
vt 0.28674877 0.46117330
vt 0.28833097 0.48013818
vt 0.24284650 0.48361874
vt 0.21995026 0.48555505
vt 0.21602283 0.47789156
vt 0.20254324 0.47309941
vt 0.30190316 0.47916889
vt 0.31239507 0.47830468
vt 0.31470391 0.47021103
vt 0.29884219 0.46088606
vt 0.31227794 0.46133542
vt 0.30494666 0.48463917
vt 0.28666297 0.48622882
vt 0.20996082 0.48189127
vt 0.20311862 0.48140109
vt 0.27696729 0.45422029
vt 0.29125443 0.45076251
vt 0.31622350 0.48823500
vt 0.27950588 0.49077678
vt 0.30577427 0.49110067
vt 0.31828713 0.48086321
vt 0.31789911 0.49451584
vt 0.31877202 0.47291911
vt 0.31926817 0.46411622
vt 0.26176241 0.49134696
vt 0.25985664 0.44897163
vt 0.27233490 0.44835925
vt 0.24115106 0.49129045
vt 0.31358096 0.45236838
vt 0.30275515 0.45141077
vt 0.31855652 0.45915556
vt 0.32004380 0.45250463
vt 0.31850392 0.44937170
vt 0.32013893 0.44181645
vt 0.21669063 0.49329430
vt 0.24896625 0.44503796
vt 0.20182081 0.49126792
vt 0.03381281 0.47527897
vt 0.23098786 0.50174254
vt 0.24794137 0.50077742
vt 0.29210353 0.50011021
vt 0.26769063 0.50012553
vt 0.30610985 0.49924201
vt 0.31520373 0.49971992
vt 0.31867725 0.50602061
vt 0.31424522 0.50867146
vt 0.31809276 0.51697361
vt 0.31438264 0.44424534
vt 0.28913403 0.44132578
vt 0.08063422 0.48714173
vt 0.22279836 0.44227046
vt 0.10748939 0.49668074
vt 0.09641816 0.48997998
vt 0.04347313 0.48379678
vt 0.00956941 0.47639120
vt 0.21369055 0.50210375
vt 0.00963659 0.48278749
vt 0.25235963 0.43762821
vt 0.26685879 0.43907881
vt 0.01508760 0.48120999
vt 0.01215736 0.48265791
vt 0.00946554 0.48828089
vt 0.01450516 0.48864400
vt 0.15427123 0.50209439
vt 0.06586378 0.48913884
vt 0.07020416 0.49450469
vt 0.04848355 0.49223042
vt 0.12487507 0.50130975
vt 0.08984926 0.49745959
vt 0.29007033 0.50827152
vt 0.26764688 0.50767910
vt 0.25194603 0.50849456
vt 0.23401529 0.50938570
vt 0.16543202 0.49287033
vt 0.19999163 0.48898822
vt 0.02372629 0.48689991
vt 0.20049784 0.49988234
vt 0.01284347 0.41457784
vt 0.14139886 0.50330323
vt 0.09802414 0.50473392
vt 0.18939884 0.49348056
vt 0.19459410 0.49295896
vt 0.18764006 0.49864036
vt 0.19592765 0.49602598
vt 0.19390221 0.50567454
vt 0.18652494 0.50567275
vt 0.18208948 0.50584686
vt 0.10954496 0.50258559
vt 0.12916298 0.50685871
vt 0.17285395 0.48921907
vt 0.01279395 0.49419743
vt 0.11784247 0.50893855
vt 0.05887707 0.50157851
vt 0.21445724 0.50973225
vt 0.14777745 0.51040030
vt 0.13875306 0.51355535
vt 0.07642035 0.50285208
vt 0.08387484 0.50896329
vt 0.03507961 0.49643946
vt 0.18358219 0.51452911
vt 0.18751471 0.51846075
vt 0.18156964 0.52202070
vt 0.17951280 0.51746780
vt 0.18726863 0.48074806
vt 0.18714257 0.49071968
vt 0.04567057 0.50372887
vt 0.19957051 0.50640863
vt 0.20082797 0.50932610
vt 0.07100129 0.51383460
vt 0.29375020 0.51443624
vt 0.26728696 0.51412743
vt 0.19497302 0.51577330
vt 0.01124013 0.49492812
vt 0.00943730 0.49455208
vt 0.00942527 0.49777049
vt 0.01300308 0.50012958
vt 0.01654158 0.50027877
vt 0.03124261 0.50763994
vt 0.01508764 0.50714821
vt 0.01018843 0.50408041
vt 0.24918218 0.51497108
vt 0.23224604 0.51566446
vt 0.21417663 0.51600671
vt 0.10836501 0.51578635
vt 0.19653508 0.50508362
vt 0.15601046 0.50742930
vt 0.00987102 0.51367623
vt 0.05840591 0.51773000
vt 0.04831076 0.50989217
vt 0.30459800 0.52037972
vt 0.31650585 0.52085555
vt 0.31800112 0.52396786
vt 0.09387554 0.52020943
vt 0.12143358 0.51604968
vt 0.13245966 0.52101266
vt 0.07719555 0.52361023
vt 0.08324449 0.52724224
vt 0.19967152 0.51759857
vt 0.15439847 0.51830703
vt 0.14450115 0.52314699
vt 0.15282702 0.52635467
vt 0.01406013 0.51676929
vt 0.01058490 0.51929569
vt 0.01882951 0.51657909
vt 0.03690631 0.51508105
vt 0.27850482 0.52146685
vt 0.26381412 0.51930618
vt 0.23558035 0.52019548
vt 0.17767219 0.53200740
vt 0.04300303 0.52200764
vt 0.18490225 0.52498710
vt 0.18341248 0.53172106
vt 0.19424790 0.52233261
vt 0.18108597 0.53198218
vt 0.19192483 0.53370017
vt 0.11086816 0.52634484
vt 0.16744006 0.49927860
vt 0.15764606 0.51279074
vt 0.10502952 0.53476340
vt 0.21740037 0.52115643
vt 0.32102519 0.44236171
vt 0.30634567 0.52837569
vt 0.22745666 0.43422353
vt 0.00912250 0.46601069
vt 0.15690048 0.52391994
vt 0.31374255 0.52937746
vt 0.21599600 0.43569827
vt 0.06627087 0.53229338
vt 0.05584248 0.53329009
vt 0.07131959 0.53122747
vt 0.03128636 0.52512258
vt 0.01498095 0.52104324
vt 0.31716889 0.53389758
vt 0.29326493 0.52802205
vt 0.09081861 0.53904933
vt 0.13403897 0.53022611
vt 0.12523943 0.53753656
vt 0.20819730 0.44134533
vt 0.20939302 0.43332207
vt 0.20835090 0.52342772
vt 0.19364108 0.52777368
vt 0.10264815 0.53815913
vt 0.15001921 0.53544778
vt 0.01593413 0.52761894
vt 0.01079701 0.53093106
vt 0.04324276 0.53151101
vt 0.01068862 0.43580520
vt 0.18335466 0.53965533
vt 0.18856424 0.54219234
vt 0.17625113 0.51955640
vt 0.18001160 0.50603563
vt 0.07954767 0.54453123
vt 0.13535923 0.53947115
vt 0.12439336 0.54392314
vt 0.11560695 0.54723883
vt 0.23441713 0.52794164
vt 0.25667036 0.52740979
vt 0.27237552 0.52828735
vt 0.15863746 0.53309155
vt 0.16034681 0.54123271
vt 0.19957584 0.52462578
vt 0.00981914 0.44631243
vt 0.01102148 0.52566457
vt 0.17934172 0.53964615
vt 0.18588887 0.54825991
vt 0.18864363 0.54854178
vt 0.17517304 0.55113518
vt 0.03573784 0.53876662
vt 0.31010240 0.53875661
vt 0.14552812 0.54340684
vt 0.15855512 0.54438066
vt 0.01488508 0.53537995
vt 0.01229662 0.53475809
vt 0.01715408 0.53468502
vt 0.01116702 0.53965628
vt 0.22127406 0.52943897
vt 0.21144843 0.53072304
vt 0.24595617 0.52912796
vt 0.05196565 0.54237556
vt 0.06628913 0.54791415
vt 0.31377655 0.54036665
vt 0.18692683 0.53411400
vt 0.19269428 0.54086125
vt 0.08373149 0.54471189
vt 0.10178386 0.55209029
vt 0.09375395 0.55662620
vt 0.18147361 0.49149048
vt 0.02596267 0.54351473
vt 0.30146605 0.53701419
vt 0.28627250 0.53349751
vt 0.13281815 0.54912704
vt 0.14155497 0.55124140
vt 0.31733546 0.54136813
vt 0.31682235 0.54534072
vt 0.25884393 0.53615987
vt 0.16443710 0.52477479
vt 0.01573370 0.54056114
vt 0.15256006 0.55408508
vt 0.19933970 0.53273332
vt 0.19147113 0.54729795
vt 0.11854111 0.55897069
vt 0.26957801 0.53562331
vt 0.05983318 0.55342233
vt 0.04362146 0.54918861
vt 0.07700989 0.56085563
vt 0.06870202 0.56466269
vt 0.16530912 0.53528321
vt 0.22634101 0.53596854
vt 0.21909723 0.53763163
vt 0.01278851 0.55005521
vt 0.01732590 0.54613310
vt 0.10955307 0.56324345
vt 0.24319530 0.53373045
vt 0.25248674 0.53766763
vt 0.23865865 0.53697890
vt 0.16716190 0.55176771
vt 0.13670823 0.56009871
vt 0.16168831 0.55322063
vt 0.05051163 0.55749851
vt 0.16612163 0.51048481
vt 0.04031939 0.55743486
vt 0.02204601 0.55222559
vt 0.01644025 0.55494821
vt 0.20049177 0.53920865
vt 0.28390300 0.53755438
vt 0.11871127 0.56297517
vt 0.09412927 0.56935936
vt 0.05826493 0.56614113
vt 0.13952236 0.56317866
vt 0.01168888 0.55448395
vt 0.01293062 0.56081933
vt 0.01787669 0.55819094
vt 0.02910394 0.56374735
vt 0.08748776 0.57281065
vt 0.07842004 0.57364380
vt 0.04565111 0.56887418
vt 0.19272670 0.55402255
vt 0.01095308 0.55145502
vt 0.17948036 0.55606043
vt 0.18703449 0.55633491
vt 0.19124039 0.55792159
vt 0.17092186 0.55548757
vt 0.27434641 0.54555511
vt 0.28979471 0.54532397
vt 0.01832468 0.56912500
vt 0.02932429 0.57190752
vt 0.01637187 0.57242978
vt 0.01315539 0.56832021
vt 0.01472869 0.57505703
vt 0.01997458 0.57732409
vt 0.30790716 0.54708141
vt 0.19911824 0.54714298
vt 0.19944327 0.55344105
vt 0.07339530 0.57651585
vt 0.06688608 0.57732409
vt 0.25126421 0.54438460
vt 0.23510347 0.54558587
vt 0.22137554 0.54931575
vt 0.21078070 0.55110240
vt 0.02663600 0.35408682
vt 0.01190732 0.54728472
vt 0.01064966 0.54413050
vt 0.31208858 0.43568313
vt 0.29330385 0.43444812
vt 0.26868841 0.43250000
vt 0.21018742 0.42808962
vt 0.01141293 0.55795044
vt 0.22564813 0.42797351
vt 0.24856459 0.43003321
vt 0.32075453 0.43448853
vt 0.03324138 0.33313298
vt 0.03080095 0.33935332
vt 0.03730130 0.32299435
vt 0.19823925 0.35164624
vt 0.19763383 0.34929097
vt 0.19591659 0.36421633
vt 0.19739592 0.36640280
vt 0.19673491 0.36825264
vt 0.19608346 0.38536018
vt 0.19953896 0.34632003
vt 0.20044062 0.33662415
vt 0.20189799 0.33448941
vt 0.19703628 0.38647568
vt 0.19808669 0.40727448
vt 0.19872932 0.40334952
vt 0.19956125 0.40391374
vt 0.19914532 0.40977979
vt 0.20145041 0.41820347
vt 0.20100191 0.42135024
vt 0.20279458 0.42153752
vt 0.20445533 0.43271369
vt 0.20634231 0.43570805
vt 0.19864726 0.37977380
vt 0.20209053 0.41284585
vt 0.19997893 0.35415667
vt 0.19879818 0.33321643
vt 0.20432878 0.32738900
vt 0.20634231 0.32536924
vt 0.53096485 0.91166109
vt 0.53241086 0.91805911
vt 0.51491296 0.90837485
vt 0.51798600 0.92487991
vt 0.50065190 0.91487700
vt 0.53113353 0.92395061
vt 0.48591217 0.92330772
vt 0.48851070 0.93117559
vt 0.51605207 0.93163079
vt 0.48335454 0.91699082
vt 0.49591655 0.90977305
vt 0.52652293 0.93477046
vt 0.49226084 0.93899316
vt 0.51022387 0.94210708
vt 0.47418171 0.92883801
vt 0.46952161 0.92254496
vt 0.46666229 0.90997618
vt 0.45853564 0.91226465
vt 0.47956467 0.90735847
vt 0.51607221 0.89873582
vt 0.49548885 0.89754045
vt 0.54525459 0.91949415
vt 0.53741384 0.93163532
vt 0.53912723 0.90960050
vt 0.52304679 0.89693809
vt 0.45997420 0.90371305
vt 0.47496027 0.90184677
vt 0.45455411 0.92727005
vt 0.44932953 0.91584349
vt 0.45945019 0.93727762
vt 0.48147905 0.94235611
vt 0.44908905 0.90867293
vt 0.49829546 0.94792807
vt 0.55213290 0.93660986
vt 0.49760514 0.88929749
vt 0.54410315 0.94333243
vt 0.52164519 0.95002806
vt 0.48645899 0.95352155
vt 0.45144331 0.93752515
vt 0.44105136 0.92842597
vt 0.44043347 0.93424547
vt 0.46366259 0.95210528
vt 0.46643236 0.95973098
vt 0.44850764 0.94516128
vt 0.51770002 0.95905244
vt 0.53365934 0.95963991
vt 0.54993302 0.95455962
vt 0.55946827 0.95166057
vt 0.54861760 0.96066016
vt 0.50105458 0.96559781
vt 0.56205475 0.93357605
vt 0.55471128 0.91822594
vt 0.55388707 0.91285837
vt 0.53702366 0.96705109
vt 0.52291340 0.96691483
vt 0.55622643 0.95750552
vt 0.48387250 0.96108216
vt 0.45214042 0.95722789
vt 0.43266863 0.92185080
vt 0.42794463 0.92493427
vt 0.42879707 0.91948491
vt 0.42905077 0.91327077
vt 0.43042973 0.90785730
vt 0.42702439 0.93053097
vt 0.42714986 0.93841916
vt 0.42565849 0.93571073
vt 0.48924285 0.97039586
vt 0.42860395 0.94478136
vt 0.42602223 0.94300747
vt 0.47017586 0.96631074
vt 0.43450099 0.95346820
vt 0.56450278 0.92874688
vt 0.42455709 0.94278961
vt 0.45227978 0.96726137
vt 0.52619910 0.97522044
vt 0.50845253 0.97265655
vt 0.42754748 0.94992572
vt 0.42539844 0.94939458
vt 0.47686189 0.97607505
vt 0.46120191 0.97625494
vt 0.54979992 0.97326779
vt 0.54405415 0.97664350
vt 0.53059518 0.98534030
vt 0.42723438 0.95604843
vt 0.49830762 0.97868341
vt 0.51477778 0.98290974
vt 0.48673061 0.97836536
vt 0.56360990 0.95527107
vt 0.56007576 0.96918517
vt 0.56429750 0.94058931
vt 0.57187802 0.94779634
vt 0.44216540 0.96825194
vt 0.43231347 0.96669441
vt 0.57222670 0.93662399
vt 0.44696400 0.97490805
vt 0.45896703 0.98350680
vt 0.47021690 0.98302341
vt 0.55151063 0.98349333
vt 0.53443319 0.99079835
vt 0.51778245 0.99387324
vt 0.56397396 0.98078382
vt 0.48533413 0.98814434
vt 0.50620520 0.99644864
vt 0.47496042 0.99074376
vt 0.57022512 0.96646225
vt 0.55298769 0.99303997
vt 0.56173956 0.99101609
vt 0.57289493 0.95535326
vt 0.57321608 0.91915214
vt 0.57905459 0.92954022
vt 0.44654456 0.98292375
vt 0.43021670 0.97476506
vt 0.42811128 0.96490121
vt 0.42696014 0.96081471
vt 0.42638156 0.96843064
vt 0.42941439 0.97993857
vt 0.42748353 0.97894853
vt 0.42879277 0.98569900
vt 0.43178132 0.99204814
vt 0.42939949 0.99487180
vt 0.43374711 0.99840397
vt 0.45019612 0.98900330
vt 0.56867474 0.98779762
vt 0.56335908 0.99956560
vt 0.57479042 0.97994030
vt 0.57805753 0.96381140
vt 0.58405393 0.93519539
vt 0.54905540 0.90653867
vt 0.44078955 0.90322626
vt 0.43112046 0.89900827
vt 0.43004051 0.90167040
vt 0.44765559 0.89544332
vt 0.43175176 0.89307511
vt 0.56545442 0.91413218
vt 0.53398633 0.89682704
vt 0.51541245 0.88474286
vt 0.47933534 0.88947022
vt 0.45942059 0.89521194
vt 0.45220485 0.88860309
vt 0.58631563 0.91924620
vt 0.59017795 0.92771286
vt 0.46622449 0.88082135
vt 0.43424013 0.88630134
vt 0.43162397 0.88666290
vt 0.55828673 0.90332520
vt 0.52580023 0.88350391
vt 0.50626510 0.88195223
vt 0.42753518 0.91209376
vt 0.42795596 0.90640104
vt 0.57307756 0.90446222
vt 0.54344720 0.88629854
vt 0.55846584 0.89494526
vt 0.57376629 0.89879811
vt 0.58112913 0.91117418
vt 0.43460822 0.88133395
vt 0.43227389 0.87696207
vt 0.48243719 0.87878120
vt 0.49421498 0.88286757
vt 0.44512182 0.88012558
vt 0.53249347 0.87904465
vt 0.46392450 0.87524307
vt 0.50190699 0.87469798
vt 0.48665431 0.87216604
vt 0.52172810 0.87716347
vt 0.51440048 0.87207621
vt 0.42875874 0.89916134
vt 0.43651900 0.87020254
vt 0.43416116 0.87379932
vt 0.43459982 0.86598074
vt 0.54642367 0.87863332
vt 0.53890699 0.87583607
vt 0.56267995 0.88310975
vt 0.56884807 0.88700444
vt 0.44601914 0.87002850
vt 0.44227508 0.86465466
vt 0.50808680 0.87061328
vt 0.58420086 0.90179420
vt 0.47670627 0.86329132
vt 0.48826724 0.86431253
vt 0.59190148 0.90889823
vt 0.45114726 0.86325026
vt 0.58051246 0.95785975
vt 0.58029014 0.94342852
vt 0.60067874 0.91490036
vt 0.45971993 0.86926764
vt 0.55536538 0.87561339
vt 0.52832383 0.86698204
vt 0.54747915 0.87361950
vt 0.50448829 0.86099386
vt 0.53388196 0.86447632
vt 0.52408808 0.86233407
vt 0.51161087 0.85642892
vt 0.57994270 0.88834929
vt 0.58769786 0.89414269
vt 0.60300821 0.92382950
vt 0.60500807 0.89678854
vt 0.60373580 0.89143401
vt 0.42506933 0.91919571
vt 0.42490852 0.92856032
vt 0.59582043 0.93800789
vt 0.60945392 0.93472177
vt 0.61248291 0.94940776
vt 0.61455828 0.93612731
vt 0.61844546 0.94444644
vt 0.62594867 0.94149542
vt 0.62700582 0.94439512
vt 0.63201255 0.94108015
vt 0.63001686 0.93339586
vt 0.61990976 0.93168336
vt 0.62423354 0.92753267
vt 0.63256717 0.94601703
vt 0.62011409 0.92247677
vt 0.61084682 0.92357594
vt 0.62505841 0.95113856
vt 0.60170835 0.95517069
vt 0.58962858 0.94975966
vt 0.59096980 0.95903021
vt 0.62105346 0.91533941
vt 0.61318135 0.91291773
vt 0.62043595 0.95034081
vt 0.61233574 0.90576047
vt 0.58165091 0.97236383
vt 0.60870844 0.95719224
vt 0.43824762 0.86209857
vt 0.62914217 0.92549258
vt 0.42441356 0.95722228
vt 0.57616699 0.87422603
vt 0.58873165 0.88072932
vt 0.58283770 0.87585568
vt 0.59979361 0.88219810
vt 0.56786197 0.87023133
vt 0.59907508 0.97847068
vt 0.58942747 0.97276318
vt 0.42864019 0.88996917
vt 0.61274511 0.89857376
vt 0.58231592 0.98954111
vt 0.42577273 0.98878121
vt 0.48799253 0.85424721
vt 0.60580540 0.96504790
vt 0.55316752 0.86684698
vt 0.54714388 0.86031830
vt 0.60361838 0.97737777
vt 0.43740273 0.85912889
vt 0.43935877 0.85555887
vt 0.57482749 0.86921149
vt 0.57600629 0.99640268
vt 0.50460726 0.85053486
vt 0.44496697 0.85543656
vt 0.45920816 0.85248941
vt 0.47167364 0.85104173
vt 0.48245469 0.84958190
vt 0.52741629 0.85224307
vt 0.52089614 0.84973902
vt 0.53613466 0.85033906
vt 0.63517946 0.93009520
vt 0.63311565 0.92373371
vt 0.63676691 0.92245626
vt 0.63838065 0.92894328
vt 0.63850105 0.93469155
vt 0.63718170 0.93817061
vt 0.64081168 0.93906116
vt 0.63649005 0.94208723
vt 0.63437897 0.91723645
vt 0.63641477 0.91600472
vt 0.63248473 0.91454113
vt 0.63990915 0.92238873
vt 0.63992929 0.91634506
vt 0.63669479 0.90583223
vt 0.63945210 0.90978312
vt 0.64119983 0.90322083
vt 0.63559127 0.90120685
vt 0.63897336 0.89869243
vt 0.63649929 0.89492619
vt 0.64001721 0.89495504
vt 0.63851112 0.89054441
vt 0.64225864 0.88953143
vt 0.64036971 0.88422167
vt 0.64182097 0.88500667
vt 0.62781423 0.91799515
vt 0.62171733 0.89701903
vt 0.62092263 0.90542883
vt 0.58199358 0.86866075
vt 0.61733127 0.89242530
vt 0.62358785 0.88912725
vt 0.60971081 0.88724732
vt 0.60908759 0.88220286
vt 0.55591542 0.85951334
vt 0.59425652 0.87194145
vt 0.62268281 0.88067025
vt 0.63063449 0.89463198
vt 0.62961996 0.88813776
vt 0.64282453 0.89771789
vt 0.54471457 0.85005343
vt 0.62521893 0.90981930
vt 0.63947570 0.94279528
vt 0.63891321 0.94818097
vt 0.64543629 0.94640869
vt 0.64468694 0.93977755
vt 0.64284223 0.94830537
vt 0.64943528 0.95092583
vt 0.42693943 0.99281728
vt 0.42607334 0.99956560
vt 0.62851000 0.95762444
vt 0.63346070 0.95102245
vt 0.49052092 0.84265977
vt 0.59802431 0.98462892
vt 0.63052905 0.90926230
vt 0.59422737 0.86557496
vt 0.61049563 0.87632614
vt 0.56612098 0.85949999
vt 0.62748140 0.88198709
vt 0.61759168 0.96998757
vt 0.63009357 0.89981472
vt 0.63398111 0.88071591
vt 0.64440411 0.93460774
vt 0.61012292 0.86554265
vt 0.45589459 0.84483773
vt 0.44515696 0.84159547
vt 0.53019327 0.84317219
vt 0.64414042 0.87591869
vt 0.63098407 0.87437421
vt 0.51251173 0.84146452
vt 0.50274050 0.83938873
vt 0.62296456 0.86667460
vt 0.55402082 0.84817946
vt 0.53762823 0.84280252
vt 0.54392636 0.84105855
vt 0.61912441 0.96424347
vt 0.47675800 0.83126628
vt 0.58790213 0.85547894
vt 0.57632059 0.85911077
vt 0.44194961 0.84937251
vt 0.44267562 0.83982557
vt 0.44539332 0.83367419
vt 0.44999868 0.83185339
vt 0.46399811 0.83109963
vt 0.44728330 0.82769817
vt 0.44997334 0.82568783
vt 0.45318937 0.82243830
vt 0.45046067 0.81825346
vt 0.45451200 0.81599659
vt 0.45262092 0.81293970
vt 0.49448219 0.83212847
vt 0.52291662 0.83552927
vt 0.48506176 0.82300562
vt 0.59298015 0.85614216
vt 0.56741863 0.84125721
vt 0.57743883 0.84529644
vt 0.46709421 0.81808704
vt 0.43880352 0.84868783
vt 0.49530825 0.81948328
vt 0.48580346 0.81924504
vt 0.50767338 0.82743829
vt 0.53120679 0.83213431
vt 0.55487758 0.83401442
vt 0.51172572 0.82247263
vt 0.50295269 0.81544012
vt 0.58485526 0.84302938
vt 0.59780574 0.85224152
vt 0.54404616 0.82970142
vt 0.55213970 0.82779360
vt 0.56391692 0.82657814
vt 0.62899798 0.86772633
vt 0.46280783 0.80421001
vt 0.45650485 0.80618834
vt 0.47223982 0.80815190
vt 0.48230591 0.80977696
vt 0.52066875 0.81999093
vt 0.51003474 0.81005377
vt 0.57171595 0.83324724
vt 0.62578392 0.85974842
vt 0.60615790 0.85178024
vt 0.61377245 0.85323775
vt 0.49266979 0.80791658
vt 0.53095347 0.82317227
vt 0.54042077 0.82070971
vt 0.64328921 0.90570539
vt 0.51984370 0.80779672
vt 0.48110387 0.80405009
vt 0.63537115 0.87364787
vt 0.52709079 0.80763531
vt 0.58360487 0.83267725
vt 0.49525973 0.80304849
vt 0.57205480 0.82372797
vt 0.54957920 0.81380826
vt 0.56111503 0.81702209
vt 0.60092533 0.83771998
vt 0.46985075 0.80141437
vt 0.46217942 0.79732937
vt 0.45811138 0.80045539
vt 0.46078774 0.79413813
vt 0.53794062 0.81024206
vt 0.58056676 0.82245797
vt 0.62384290 0.85019112
vt 0.61362696 0.83774400
vt 0.51612902 0.79960269
vt 0.47831559 0.79787701
vt 0.47190505 0.79503572
vt 0.64039660 0.87787336
vt 0.64085788 0.86926693
vt 0.64727533 0.86853474
vt 0.48619407 0.79365766
vt 0.15784125 0.19452888
vt 0.16541187 0.20605141
vt 0.14698717 0.20550203
vt 0.15162358 0.21880972
vt 0.16745211 0.21588439
vt 0.14371072 0.19453347
vt 0.17283060 0.19287705
vt 0.18066201 0.21059811
vt 0.15818565 0.22961551
vt 0.17388399 0.22665250
vt 0.18733142 0.19227475
vt 0.18515936 0.18235582
vt 0.16830797 0.18305486
vt 0.15633650 0.18270409
vt 0.14429119 0.21828246
vt 0.19287555 0.19853067
vt 0.18402898 0.22401255
vt 0.19541954 0.20501631
vt 0.19174132 0.18467838
vt 0.14669535 0.23068374
vt 0.16492662 0.24058598
vt 0.15068550 0.23962951
vt 0.16073614 0.24904805
vt 0.17667773 0.23704278
vt 0.19578955 0.22022921
vt 0.13797434 0.20772874
vt 0.19030046 0.23340553
vt 0.17466094 0.24968857
vt 0.16848208 0.26302654
vt 0.14801240 0.25199872
vt 0.18737352 0.24249542
vt 0.13905415 0.22478163
vt 0.14211002 0.24350196
vt 0.15403631 0.26410854
vt 0.16581047 0.26892257
vt 0.18017557 0.26123059
vt 0.15465575 0.27722323
vt 0.18613805 0.26361275
vt 0.18048550 0.27372563
vt 0.17077219 0.28163350
vt 0.19448657 0.25943148
vt 0.15887000 0.29056048
vt 0.14263621 0.26372135
vt 0.14491722 0.27711928
vt 0.13643047 0.25556886
vt 0.13430741 0.23801374
vt 0.17029038 0.28921592
vt 0.19986764 0.24078417
vt 0.20286158 0.22919202
vt 0.20680720 0.21679300
vt 0.14911152 0.28707445
vt 0.17994806 0.29148161
vt 0.18835735 0.28207314
vt 0.19803029 0.27447850
vt 0.19895567 0.18822372
vt 0.20693883 0.20456952
vt 0.17209992 0.30057377
vt 0.15910153 0.29750514
vt 0.20589086 0.25910950
vt 0.20771547 0.24734497
vt 0.14544541 0.29628468
vt 0.13437687 0.27397454
vt 0.21244748 0.22506905
vt 0.13783072 0.28829992
vt 0.18935810 0.29561532
vt 0.15920700 0.31040823
vt 0.14619558 0.30607790
vt 0.15334825 0.30958843
vt 0.15721719 0.31304133
vt 0.14948900 0.31379664
vt 0.14447984 0.31157982
vt 0.13977946 0.31277812
vt 0.17685692 0.30725682
vt 0.16637358 0.31151962
vt 0.17204309 0.31213206
vt 0.18202257 0.30858958
vt 0.13076079 0.25813389
vt 0.13706432 0.30905306
vt 0.20056917 0.28989649
vt 0.21100262 0.27013820
vt 0.13187979 0.23235780
vt 0.21539721 0.23886687
vt 0.13466567 0.29673070
vt 0.13580002 0.19810408
vt 0.12975077 0.21304566
vt 0.13199919 0.31284219
vt 0.12818864 0.28533161
vt 0.12579831 0.26906407
vt 0.21179990 0.27995223
vt 0.17073177 0.31616509
vt 0.16316685 0.31521583
vt 0.17753471 0.31348377
vt 0.17988147 0.31605053
vt 0.18026172 0.31101471
vt 0.18806948 0.31397343
vt 0.18245456 0.31738770
vt 0.18984552 0.31671333
vt 0.18766232 0.30961519
vt 0.17395757 0.31839657
vt 0.16603345 0.31903005
vt 0.19563457 0.31185329
vt 0.19270766 0.30860221
vt 0.20197314 0.31101799
vt 0.20198934 0.29973602
vt 0.21875204 0.25154996
vt 0.21440528 0.29102206
vt 0.20364416 0.18905705
vt 0.19905640 0.31534123
vt 0.22071107 0.21113408
vt 0.20826896 0.30833930
vt 0.21579508 0.30559242
vt 0.21350227 0.30902016
vt 0.20574446 0.31184268
vt 0.22371493 0.26834899
vt 0.22489275 0.27869785
vt 0.22706248 0.28723222
vt 0.22548616 0.22016144
vt 0.22613314 0.22838163
vt 0.21982743 0.20375150
vt 0.22659956 0.29985994
vt 0.23021039 0.24682689
vt 0.23237033 0.26035547
vt 0.21621419 0.19324398
vt 0.16305928 0.31605017
vt 0.16114470 0.31756485
vt 0.19926298 0.17889476
vt 0.22566432 0.30610752
vt 0.17138259 0.17566693
vt 0.19068611 0.17652416
vt 0.19557178 0.17086989
vt 0.14409189 0.17895502
vt 0.23501971 0.27169669
vt 0.21237478 0.17837107
vt 0.13735566 0.18924201
vt 0.18435585 0.17326349
vt 0.12503311 0.31026697
vt 0.12510087 0.31309199
vt 0.12445670 0.23886108
vt 0.12517264 0.25195181
vt 0.12204199 0.22488642
vt 0.12588823 0.20297706
vt 0.15503664 0.17355227
vt 0.16774009 0.16877663
vt 0.20905629 0.17096627
vt 0.23746380 0.28360957
vt 0.18203165 0.16653788
vt 0.12831283 0.19399428
vt 0.12041092 0.29660952
vt 0.11674937 0.27907223
vt 0.11914491 0.21119702
vt 0.11608691 0.25038970
vt 0.13354723 0.17575562
vt 0.12520017 0.18471801
vt 0.11251482 0.26380682
vt 0.15739819 0.16080928
vt 0.11275918 0.23639411
vt 0.14260045 0.16658950
vt 0.11374949 0.21579838
vt 0.11801590 0.19703925
vt 0.11804406 0.18520135
vt 0.11471597 0.30768639
vt 0.12073637 0.31241626
vt 0.11695492 0.31234193
vt 0.10807606 0.24922800
vt 0.10791163 0.28857124
vt 0.20769328 0.16518885
vt 0.10572211 0.27623683
vt 0.11076514 0.20670885
vt 0.10328611 0.23154151
vt 0.16842969 0.15649778
vt 0.10136071 0.26070297
vt 0.10428697 0.30826962
vt 0.11292540 0.31146526
vt 0.10709392 0.31128740
vt 0.10104728 0.31146264
vt 0.12534384 0.17293060
vt 0.11618945 0.17753267
vt 0.14219397 0.15904599
vt 0.09783726 0.24540663
vt 0.13369928 0.16137409
vt 0.12604547 0.16338032
vt 0.11232907 0.31503129
vt 0.10372628 0.21308064
vt 0.09370227 0.27493685
vt 0.10186870 0.31302762
vt 0.10807291 0.31588823
vt 0.11452620 0.31697786
vt 0.11793855 0.31442773
vt 0.11892483 0.31628609
vt 0.12246720 0.31483215
vt 0.12542851 0.31773591
vt 0.12814686 0.31582540
vt 0.12941197 0.31824946
vt 0.13345355 0.31723368
vt 0.13544406 0.31486762
vt 0.13782838 0.31802905
vt 0.13891751 0.31614649
vt 0.14557804 0.31684852
vt 0.14656901 0.31860495
vt 0.15286283 0.31750375
vt 0.15509917 0.31579626
vt 0.10534707 0.19746959
vt 0.09440022 0.28764260
vt 0.09341520 0.30233645
vt 0.09901966 0.31503415
vt 0.09224253 0.31317592
vt 0.09749717 0.22598588
vt 0.10843977 0.18950355
vt 0.09849498 0.20310688
vt 0.08962410 0.25868392
vt 0.14320439 0.14998305
vt 0.09245693 0.30946445
vt 0.08944399 0.30812013
vt 0.09118824 0.31097567
vt 0.09027775 0.24238116
vt 0.08548541 0.25271499
vt 0.11609846 0.17109978
vt 0.09209538 0.21661311
vt 0.09066647 0.21113741
vt 0.08853883 0.22739708
vt 0.08576147 0.28945935
vt 0.08259661 0.30177242
vt 0.08176084 0.30693102
vt 0.08666583 0.30865765
vt 0.08355005 0.31215942
vt 0.08283708 0.27626014
vt 0.08667762 0.31246066
vt 0.09588552 0.30949080
vt 0.10029104 0.19080842
vt 0.13349126 0.14761615
vt 0.12473334 0.15306878
vt 0.10330253 0.17919052
vt 0.14724545 0.14377165
vt 0.17122601 0.14937598
vt 0.18838575 0.15972316
vt 0.16079351 0.14542723
vt 0.11594702 0.15721083
vt 0.20201418 0.16283810
vt 0.07951731 0.30887282
vt 0.07521969 0.30940914
vt 0.07626802 0.31156731
vt 0.07130275 0.29770637
vt 0.07199350 0.30374920
vt 0.07374480 0.30646902
vt 0.06705102 0.30546045
vt 0.06644724 0.30814874
vt 0.07763756 0.26743197
vt 0.08930299 0.19891661
vt 0.06242304 0.30250037
vt 0.05884963 0.30717599
vt 0.06927109 0.28583050
vt 0.07927513 0.24376208
vt 0.07830317 0.22648227
vt 0.06447738 0.27543938
vt 0.15386471 0.31941086
vt 0.07281535 0.25521421
vt 0.06400186 0.26287806
vt 0.13670513 0.13415682
vt 0.09512038 0.18370461
vt 0.10722852 0.16512167
vt 0.07601181 0.21614313
vt 0.11700691 0.14579618
vt 0.12260693 0.13609785
vt 0.12704416 0.12701786
vt 0.18651205 0.15045118
vt 0.19340706 0.15370941
vt 0.20187150 0.15772188
vt 0.14582931 0.12769711
vt 0.13728859 0.12240607
vt 0.13288762 0.11759448
vt 0.12561494 0.11359155
vt 0.13405669 0.10914576
vt 0.12753335 0.10824496
vt 0.12048325 0.11286700
vt 0.12150489 0.10664332
vt 0.13988106 0.11869454
vt 0.14066316 0.10866082
vt 0.15066667 0.11614823
vt 0.14847338 0.10935533
vt 0.11785681 0.11650449
vt 0.11534080 0.11189210
vt 0.15829813 0.11048889
vt 0.15811980 0.10895944
vt 0.16531366 0.10852373
vt 0.11541896 0.10725790
vt 0.16099147 0.12388599
vt 0.10873017 0.11538160
vt 0.11717848 0.12556726
vt 0.16851446 0.11835468
vt 0.16980124 0.11164880
vt 0.17314744 0.12775218
vt 0.17744724 0.11770803
vt 0.10761002 0.11179322
vt 0.22160077 0.31040329
vt 0.10030741 0.16485804
vt 0.17760541 0.13636327
vt 0.11076225 0.11957413
vt 0.20957743 0.31278598
vt 0.20540845 0.31479311
vt 0.21054238 0.31450140
vt 0.21933383 0.31318408
vt 0.22434993 0.31325638
vt 0.19984488 0.31473351
vt 0.23313868 0.31000227
vt 0.23643357 0.31237078
vt 0.15041883 0.09952146
vt 0.16092971 0.09671187
vt 0.14401594 0.10478103
vt 0.18437448 0.12407792
vt 0.18012732 0.10686791
vt 0.17400131 0.10664725
vt 0.18233700 0.10457963
vt 0.10612860 0.14675641
vt 0.10115360 0.15070260
vt 0.18304212 0.11384839
vt 0.19250043 0.13270783
vt 0.18721190 0.14143914
vt 0.19268812 0.13676214
vt 0.19520202 0.14156425
vt 0.19320764 0.13243115
vt 0.19611028 0.13914925
vt 0.19175832 0.12768698
vt 0.19228227 0.10497236
vt 0.19240059 0.11160463
vt 0.20652598 0.15742975
vt 0.20441580 0.15463412
vt 0.24422714 0.30712020
vt 0.23007682 0.30796194
vt 0.24527293 0.30364382
vt 0.25770882 0.30768996
vt 0.23551299 0.20533359
vt 0.23155014 0.18938190
vt 0.23349288 0.19560814
vt 0.14247219 0.08082056
vt 0.15198934 0.08335209
vt 0.14268963 0.06546849
vt 0.15168159 0.06813067
vt 0.15021619 0.03176498
vt 0.15053070 0.05220526
vt 0.14353524 0.05192226
vt 0.15847087 0.05756164
vt 0.15928477 0.07660174
vt 0.15677769 0.04360008
vt 0.14131962 0.03677642
vt 0.13361610 0.06233597
vt 0.13377096 0.08526790
vt 0.13274731 0.04010230
vt 0.12861088 0.06346637
vt 0.12647109 0.03565985
vt 0.12870325 0.08520281
vt 0.12370434 0.09830809
vt 0.12365563 0.06889081
vt 0.13258410 0.02044368
vt 0.14184679 0.02120072
vt 0.16573374 0.10394353
vt 0.16891775 0.09354544
vt 0.23889565 0.21752620
vt 0.24261710 0.23008132
vt 0.15615250 0.03068352
vt 0.22423081 0.16755146
vt 0.12051545 0.03070289
vt 0.12242922 0.05038744
vt 0.12974057 0.00760323
vt 0.12094144 0.01428658
vt 0.23908743 0.31341147
vt 0.19360442 0.10291141
vt 0.14747174 0.01539135
vt 0.14269085 0.00159276
vt 0.14913274 0.00185311
vt 0.15176128 0.00106204
vt 0.15454614 0.00226015
vt 0.15971527 0.00163704
vt 0.13508503 0.00291127
vt 0.12836078 0.00104749
vt 0.13480075 0.00043440
vt 0.15393785 0.01795119
vt 0.16286868 0.04504299
vt 0.16788699 0.06802779
vt 0.22118728 0.31427175
vt 0.23943238 0.30002034
vt 0.23607823 0.30372667
vt 0.22690850 0.30763435
vt 0.15853639 0.01852161
vt 0.22141610 0.17627752
vt 0.22624953 0.17460275
vt 0.24515529 0.24338078
vt 0.16422655 0.02603763
vt 0.16560377 0.01423109
vt 0.16474257 0.00275129
vt 0.16492297 0.00103962
vt 0.17131802 0.00185061
vt 0.17589507 0.00140417
vt 0.17313641 0.10097182
vt 0.17116894 0.08248234
vt 0.11585805 0.09889871
vt 0.16875386 0.05322421
vt 0.24815248 0.25761759
vt 0.16728558 0.02963024
vt 0.22204238 0.16046810
vt 0.25082344 0.26987457
vt 0.25926465 0.29985619
vt 0.20433630 0.31646824
vt 0.25942260 0.30957013
vt 0.12139838 0.00281364
vt 0.12028352 0.00110823
vt 0.11292937 0.00195587
vt 0.11275305 0.00069964
vt 0.10531530 0.00141591
vt 0.11689791 0.08671850
vt 0.26976541 0.30026090
vt 0.25363052 0.28092968
vt 0.18128961 0.09181213
vt 0.17899659 0.06954688
vt 0.21238139 0.16227829
vt 0.19643861 0.14799714
vt 0.19726196 0.14475203
vt 0.20136966 0.14947164
vt 0.20297451 0.15267164
vt 0.19727777 0.14080381
vt 0.19010228 0.12278897
vt 0.19213979 0.12333560
vt 0.17874007 0.05479610
vt 0.17732611 0.03461421
vt 0.17628503 0.01572567
vt 0.11552550 0.07516009
vt 0.11475836 0.05343616
vt 0.11346690 0.03403974
vt 0.11236605 0.01591110
vt 0.20872211 0.15776175
vt 0.21209665 0.15935683
vt 0.21884775 0.16064274
vt 0.21748921 0.15844250
vt 0.22189015 0.15580118
vt 0.06981687 0.22957850
vt 0.07987234 0.20206720
vt 0.10080414 0.10985649
vt 0.09949294 0.11790794
vt 0.10218119 0.12284124
vt 0.10714523 0.10977083
vt 0.09895636 0.10809267
vt 0.10959933 0.10444528
vt 0.08634471 0.18740237
vt 0.06870682 0.24527377
vt 0.08598290 0.17525858
vt 0.10986760 0.09174472
vt 0.10884925 0.07175314
vt 0.05723926 0.30016148
vt 0.05393777 0.30589294
vt 0.05718680 0.25967813
vt 0.10031941 0.13718688
vt 0.19657104 0.11825466
vt 0.06329736 0.21964502
vt 0.10512888 0.02140152
vt 0.10607781 0.01377773
vt 0.10715707 0.04222459
vt 0.07253106 0.20901704
vt 0.08629389 0.16419029
vt 0.09234436 0.15430820
vt 0.10744209 0.05669582
vt 0.05602274 0.28482765
vt 0.05475863 0.24432486
vt 0.05785683 0.22489947
vt 0.07054426 0.31118405
vt 0.06940073 0.19066751
vt 0.07569146 0.17812639
vt 0.06202382 0.20676053
vt 0.08681644 0.14785278
vt 0.08794581 0.13429916
vt 0.07848805 0.17033213
vt 0.08773781 0.12473285
vt 0.05088995 0.27895051
vt 0.04669176 0.29051471
vt 0.05204803 0.30102611
vt 0.04199900 0.30036342
vt 0.04872445 0.30505025
vt 0.05021701 0.25501531
vt 0.04862013 0.23569036
vt 0.04518721 0.26472592
vt 0.05976437 0.19509578
vt 0.05307686 0.21293837
vt 0.09523893 0.10934949
vt 0.08721064 0.11427206
vt 0.07707415 0.15666312
vt 0.06426649 0.17630893
vt 0.05912326 0.18357670
vt 0.04054436 0.24592376
vt 0.03577652 0.23952651
vt 0.03776678 0.23062861
vt 0.03902379 0.28621364
vt 0.04310926 0.27937585
vt 0.04900267 0.20827705
vt 0.06636351 0.15988451
vt 0.07619671 0.14241594
vt 0.11978328 0.31859982
vt 0.04097973 0.30290449
vt 0.03146169 0.29911208
vt 0.03205239 0.29280055
vt 0.04934362 0.19576383
vt 0.03207069 0.25698411
vt 0.03071632 0.24861842
vt 0.03236538 0.27436441
vt 0.02519672 0.29818296
vt 0.02239241 0.29712886
vt 0.03619476 0.21381873
vt 0.05666436 0.16716170
vt 0.07587671 0.12802196
vt 0.07413512 0.11986160
vt 0.04101200 0.20092261
vt 0.02214817 0.29075181
vt 0.02380406 0.27858037
vt 0.08924004 0.10739738
vt 0.07878197 0.10759282
vt 0.04874652 0.17863727
vt 0.06782499 0.13662702
vt 0.06003395 0.14118707
vt 0.06015310 0.15374398
vt 0.03071815 0.21773976
vt 0.02524781 0.26376659
vt 0.01139308 0.29408276
vt 0.00715645 0.28726935
vt 0.03017487 0.19950491
vt 0.02915038 0.20966566
vt 0.03386381 0.18578804
vt 0.05699547 0.30805820
vt 0.00705023 0.27649903
vt 0.00043440 0.29002100
vt 0.09106870 0.31534833
vt 0.08508526 0.31400865
vt 0.18919781 0.06521720
vt 0.19015403 0.07915187
vt 0.18890926 0.05491501
vt 0.18803646 0.03860062
vt 0.19120158 0.09349465
vt 0.18641958 0.00086707
vt 0.23569420 0.31388271
vt 0.18769206 0.02223951
vt 0.13410023 0.32015640
vt 0.18784285 0.31806362
vt 0.16262446 0.32015634
vt 0.20052242 0.06269783
vt 0.20025659 0.05355406
vt 0.20117131 0.07747734
vt 0.20240636 0.09103155
vt 0.20180283 0.10288048
vt 0.19699998 0.31774634
vt 0.19681445 0.03432745
vt 0.11121767 0.31780744
vt 0.10279508 0.31698954
vt 0.09672736 0.31626439
vt 0.36239722 0.11896843
vt 0.35842374 0.11411053
vt 0.36293969 0.10790944
vt 0.37564123 0.12025774
vt 0.37612230 0.10889125
vt 0.36084959 0.13305855
vt 0.37447387 0.12979174
vt 0.37329417 0.14394754
vt 0.35966232 0.14451957
vt 0.36011866 0.15135252
vt 0.35218373 0.13273066
vt 0.37150186 0.15208948
vt 0.35106346 0.14690989
vt 0.34684810 0.12921178
vt 0.35204366 0.15739560
vt 0.35841158 0.15896529
vt 0.34470016 0.11302304
vt 0.35453790 0.09807694
vt 0.34843916 0.09973526
vt 0.36320165 0.09302926
vt 0.34340963 0.14223039
vt 0.34398121 0.15129906
vt 0.34868065 0.08894521
vt 0.34081942 0.09591430
vt 0.33283103 0.10773003
vt 0.33360428 0.12413430
vt 0.36272123 0.08273458
vt 0.35066360 0.08099228
vt 0.33408549 0.09515828
vt 0.37768513 0.09549761
vt 0.34398183 0.07939541
vt 0.33571690 0.08382159
vt 0.33082995 0.13317448
vt 0.32421985 0.10412478
vt 0.32261124 0.11635351
vt 0.33578503 0.07405037
vt 0.34746590 0.06650645
vt 0.35360041 0.06944424
vt 0.36353198 0.07197213
vt 0.37751049 0.08669835
vt 0.33637175 0.06242043
vt 0.32014975 0.08878398
vt 0.32318422 0.07619852
vt 0.31938827 0.06749785
vt 0.32641780 0.05818564
vt 0.31948087 0.13217950
vt 0.31662565 0.09952682
vt 0.31396836 0.11308557
vt 0.31102791 0.12732422
vt 0.31653839 0.04995257
vt 0.32055017 0.14532888
vt 0.33243883 0.15786946
vt 0.31871840 0.15948027
vt 0.32636544 0.16543442
vt 0.33836955 0.16523111
vt 0.34472165 0.16081172
vt 0.32097307 0.16885436
vt 0.31221625 0.14810586
vt 0.34317696 0.16599536
vt 0.33066386 0.16878247
vt 0.35118496 0.16621345
vt 0.31422871 0.15957892
vt 0.30310494 0.12540579
vt 0.30306268 0.06721520
vt 0.30408791 0.05566442
vt 0.30689442 0.04837012
vt 0.30064744 0.07857943
vt 0.30267489 0.09491521
vt 0.29852825 0.10729969
vt 0.29521352 0.09032476
vt 0.28814948 0.07138246
vt 0.32392752 0.04340827
vt 0.32095918 0.03022659
vt 0.29363033 0.04161960
vt 0.29391888 0.02594674
vt 0.30358818 0.02839464
vt 0.29998463 0.02516973
vt 0.30507210 0.02313536
vt 0.31330884 0.02214688
vt 0.31912568 0.02490890
vt 0.32070497 0.02112341
vt 0.32725406 0.02437377
vt 0.32769692 0.01943851
vt 0.28606990 0.05187470
vt 0.28719309 0.02867836
vt 0.28918061 0.02694148
vt 0.33752182 0.04586452
vt 0.33863968 0.02277035
vt 0.33720464 0.02002037
vt 0.28708571 0.08654076
vt 0.34837309 0.05985910
vt 0.29345775 0.11947304
vt 0.28553027 0.09985316
vt 0.27603367 0.03490114
vt 0.28125215 0.02951688
vt 0.27587134 0.03008246
vt 0.29286534 0.11075622
vt 0.28175491 0.06860518
vt 0.33878842 0.03303444
vt 0.27103609 0.03109771
vt 0.31351086 0.17306632
vt 0.31645775 0.17336833
vt 0.27051324 0.04997748
vt 0.27641085 0.08124757
vt 0.27086422 0.06330383
vt 0.29689872 0.13686275
vt 0.30957261 0.15664387
vt 0.35101166 0.02398294
vt 0.28417838 0.11645818
vt 0.28446680 0.12804198
vt 0.35092250 0.01902086
vt 0.33736640 0.01889575
vt 0.33547890 0.01861739
vt 0.34986413 0.04369241
vt 0.36454543 0.06115890
vt 0.26685607 0.07608503
vt 0.26006156 0.03664839
vt 0.26767692 0.08553320
vt 0.26575857 0.03180259
vt 0.25875708 0.03357339
vt 0.27636445 0.10338116
vt 0.30995154 0.16854483
vt 0.30213585 0.15445542
vt 0.27519664 0.11136025
vt 0.26345450 0.05967003
vt 0.26700321 0.09516174
vt 0.36452058 0.01767570
vt 0.25267133 0.03839409
vt 0.25037268 0.04652613
vt 0.25694826 0.07095939
vt 0.25440013 0.08284491
vt 0.25853056 0.09318435
vt 0.26173267 0.10518807
vt 0.28317040 0.02788228
vt 0.24590734 0.03693038
vt 0.28805730 0.14452857
vt 0.32344231 0.17182118
vt 0.24852584 0.07010287
vt 0.25117204 0.03487813
vt 0.23996995 0.04188651
vt 0.27873468 0.13744652
vt 0.26577353 0.11804420
vt 0.26980418 0.13009894
vt 0.24849851 0.08550763
vt 0.36442399 0.05024022
vt 0.36555314 0.03924423
vt 0.36535066 0.02184951
vt 0.25150785 0.09843802
vt 0.28943926 0.15503049
vt 0.24050832 0.05550283
vt 0.23070608 0.04131716
vt 0.23804666 0.03824353
vt 0.37969810 0.07723200
vt 0.38108549 0.06824708
vt 0.26014066 0.12588555
vt 0.35706657 0.16817528
vt 0.23989871 0.06892371
vt 0.22976835 0.05134690
vt 0.24146202 0.08234048
vt 0.25512379 0.11370170
vt 0.30234089 0.17030388
vt 0.24508712 0.09701908
vt 0.25213584 0.12242496
vt 0.33822927 0.17033517
vt 0.22247685 0.04622638
vt 0.22170855 0.05842477
vt 0.22305557 0.04280263
vt 0.22951920 0.07146055
vt 0.21791205 0.04372406
vt 0.31231844 0.17461091
vt 0.27223006 0.15572202
vt 0.28227499 0.16202360
vt 0.25860524 0.13487548
vt 0.23694971 0.08990884
vt 0.34932733 0.16873378
vt 0.24475366 0.03588808
vt 0.36839956 0.16375715
vt 0.22400168 0.06998116
vt 0.23665027 0.11434138
vt 0.23926534 0.10357803
vt 0.22744481 0.08433849
vt 0.22750147 0.10645330
vt 0.25996864 0.15095693
vt 0.24875374 0.14400911
vt 0.24279186 0.13511723
vt 0.21160977 0.05358398
vt 0.20865630 0.04616225
vt 0.28993273 0.17192554
vt 0.37975630 0.08567989
vt 0.37432861 0.01814640
vt 0.38404086 0.02206171
vt 0.38237920 0.05692542
vt 0.36687669 0.17317539
vt 0.21652852 0.08233345
vt 0.21201664 0.07371408
vt 0.27545977 0.17665339
vt 0.26537558 0.17179847
vt 0.29237515 0.18404365
vt 0.28576893 0.18352222
vt 0.30670330 0.17641938
vt 0.20199826 0.04904407
vt 0.20850982 0.06453282
vt 0.20241995 0.06143945
vt 0.24113497 0.14161992
vt 0.38402155 0.04200572
vt 0.38538405 0.03453809
vt 0.38220114 0.01738608
vt 0.39150351 0.08616018
vt 0.39006457 0.09565258
vt 0.38889727 0.10529846
vt 0.38503659 0.11715364
vt 0.39141113 0.07812971
vt 0.35697913 0.17551214
vt 0.35705221 0.18462002
vt 0.34964922 0.18196851
vt 0.35350344 0.18826962
vt 0.34210387 0.18477094
vt 0.33784911 0.17748374
vt 0.34597242 0.18899345
vt 0.35144770 0.19246483
vt 0.34177664 0.19308698
vt 0.33733526 0.18726444
vt 0.34745741 0.19784635
vt 0.34293377 0.20012254
vt 0.35353148 0.19726968
vt 0.35866410 0.19338262
vt 0.36865634 0.18951774
vt 0.36875072 0.19251817
vt 0.36187398 0.19542927
vt 0.35170698 0.20298409
vt 0.36127654 0.20104188
vt 0.35721526 0.21540797
vt 0.35061786 0.21264446
vt 0.34868699 0.22751915
vt 0.34403735 0.21982461
vt 0.34435830 0.23743272
vt 0.35185435 0.24137121
vt 0.34441960 0.25306451
vt 0.35210821 0.25898421
vt 0.34424692 0.20698190
vt 0.34741732 0.27341568
vt 0.34357086 0.26432037
vt 0.34376431 0.28353345
vt 0.34929514 0.28709567
vt 0.34740031 0.30074310
vt 0.34322050 0.30075550
vt 0.34819570 0.31485689
vt 0.35366666 0.31285340
vt 0.35165498 0.29899430
vt 0.35670808 0.31491041
vt 0.35348806 0.32303560
vt 0.34626794 0.32273066
vt 0.34178215 0.32007825
vt 0.36260492 0.32249677
vt 0.34057412 0.32363164
vt 0.33806095 0.32333457
vt 0.36393014 0.31743586
vt 0.35160157 0.27127689
vt 0.35899317 0.23847604
vt 0.37326524 0.32214344
vt 0.35916528 0.30418468
vt 0.36639780 0.22311330
vt 0.36171734 0.25455439
vt 0.35895190 0.28436500
vt 0.36231971 0.26425773
vt 0.36141405 0.29626024
vt 0.36877516 0.21299982
vt 0.36773324 0.20318955
vt 0.36455154 0.23764771
vt 0.36507875 0.30969632
vt 0.36226499 0.28048623
vt 0.37250090 0.31271201
vt 0.37454984 0.22808224
vt 0.37460542 0.24384254
vt 0.37383366 0.25281519
vt 0.37440270 0.26163614
vt 0.38388929 0.31811911
vt 0.38441050 0.31465483
vt 0.36468446 0.27586555
vt 0.37394273 0.28297162
vt 0.37452960 0.27080131
vt 0.37608969 0.21144605
vt 0.37395242 0.29289389
vt 0.37794909 0.30793834
vt 0.37928337 0.18880641
vt 0.37630937 0.19789934
vt 0.38483542 0.30471659
vt 0.38428435 0.22355694
vt 0.38430184 0.23627961
vt 0.38448963 0.25145620
vt 0.36882558 0.18643236
vt 0.38490552 0.26168877
vt 0.38234040 0.32271004
vt 0.38381165 0.32110727
vt 0.33749667 0.18983632
vt 0.33292636 0.19221687
vt 0.38458112 0.21036983
vt 0.38475448 0.19896317
vt 0.38465831 0.28592408
vt 0.40119401 0.12744790
vt 0.40232250 0.09503114
vt 0.40273094 0.08592397
vt 0.40210679 0.10478365
vt 0.38409138 0.19133419
vt 0.40158996 0.11526930
vt 0.39342543 0.06447154
vt 0.39061207 0.18849146
vt 0.39501816 0.31632161
vt 0.38336313 0.13368344
vt 0.39944997 0.14320427
vt 0.39279306 0.14685225
vt 0.39447075 0.01709265
vt 0.39875567 0.15080583
vt 0.39818245 0.16056073
vt 0.39126599 0.16271216
vt 0.40321448 0.07562459
vt 0.37896812 0.14951718
vt 0.40537435 0.02230573
vt 0.40562415 0.01811558
vt 0.40414998 0.06376255
vt 0.40399638 0.04106402
vt 0.40434664 0.05222493
vt 0.39580894 0.23386288
vt 0.39537752 0.25018716
vt 0.39601329 0.26529670
vt 0.39621690 0.28078395
vt 0.39400712 0.32106441
vt 0.39603251 0.30644810
vt 0.39704895 0.29038680
vt 0.39575249 0.22084397
vt 0.39646992 0.19080681
vt 0.39631653 0.19428337
vt 0.39672387 0.19760638
vt 0.40500081 0.03139073
vt 0.37263706 0.16450053
vt 0.39692664 0.17432255
vt 0.39052796 0.17024553
vt 0.39606625 0.20983779
vt 0.37565580 0.17959547
vt 0.37101054 0.32354301
vt 0.40649816 0.32122326
vt 0.31898499 0.01982927
vt 0.31282422 0.02111936
vt 0.30682468 0.02145731
vt 0.41451436 0.02240640
vt 0.42086789 0.01796746
vt 0.40641704 0.31719953
vt 0.42528278 0.02199656
vt 0.29863527 0.02383614
vt 0.33365101 0.18475425
vt 0.42494094 0.02740371
vt 0.41269103 0.07745481
vt 0.41486961 0.10663694
vt 0.42752272 0.11665875
vt 0.42762500 0.10907125
vt 0.41426808 0.09432977
vt 0.42754570 0.09859872
vt 0.41860983 0.08651137
vt 0.42808622 0.08887976
vt 0.41745120 0.12355202
vt 0.42739880 0.12463021
vt 0.42032060 0.13366508
vt 0.42806408 0.13428348
vt 0.40822223 0.13496888
vt 0.42866707 0.15052110
vt 0.42226610 0.15224063
vt 0.41324550 0.14850897
vt 0.42958263 0.15928918
vt 0.43070152 0.17006302
vt 0.42314750 0.17060554
vt 0.40724772 0.31236213
vt 0.41520858 0.03124380
vt 0.42491663 0.03623801
vt 0.42122531 0.06766534
vt 0.42438924 0.04653388
vt 0.40840441 0.23354375
vt 0.40808299 0.25079757
vt 0.40702635 0.26406384
vt 0.42073980 0.07765263
vt 0.40788347 0.28513813
vt 0.40771160 0.30164945
vt 0.40902853 0.21853060
vt 0.41381645 0.15747219
vt 0.41179734 0.16846526
vt 0.41083023 0.20907617
vt 0.41177031 0.20198816
vt 0.42051983 0.32136154
vt 0.41589350 0.31345248
vt 0.41829413 0.32264256
vt 0.42857081 0.07851213
vt 0.42672387 0.18112439
vt 0.41408256 0.18948543
vt 0.41011897 0.19368392
vt 0.40923679 0.32300615
vt 0.42920268 0.06793380
vt 0.43141535 0.01875281
vt 0.43833634 0.01981896
vt 0.43470272 0.02618891
vt 0.35011071 0.01775426
vt 0.44442797 0.04273659
vt 0.44594789 0.03422421
vt 0.44225004 0.05285519
vt 0.44385555 0.06526667
vt 0.44432712 0.09716725
vt 0.44826117 0.02366525
vt 0.44636711 0.01953995
vt 0.44790950 0.02104211
vt 0.44665480 0.02720636
vt 0.41356200 0.25026488
vt 0.44306225 0.10869384
vt 0.44400126 0.07529932
vt 0.41597193 0.26255196
vt 0.41493455 0.27275109
vt 0.41482234 0.30825996
vt 0.44349599 0.08663368
vt 0.43862638 0.12016636
vt 0.43427005 0.17853677
vt 0.41797161 0.19217908
vt 0.42061454 0.19530511
vt 0.41555953 0.23485255
vt 0.41616309 0.21942204
vt 0.42400715 0.19203597
vt 0.43927267 0.15797591
vt 0.43617335 0.13806087
vt 0.44386309 0.14720374
vt 0.44574806 0.13022286
vt 0.46058434 0.02191377
vt 0.46190229 0.02723825
vt 0.42058116 0.28650141
vt 0.42170864 0.31298399
vt 0.41693464 0.29258788
vt 0.44786006 0.09267735
vt 0.37292278 0.01694179
vt 0.42352211 0.25041747
vt 0.42232451 0.26266229
vt 0.42227352 0.27488106
vt 0.44708002 0.11798465
vt 0.42314613 0.23855072
vt 0.45941985 0.02076352
vt 0.46203879 0.03188664
vt 0.44140407 0.17194772
vt 0.43972206 0.17754096
vt 0.42131361 0.29815429
vt 0.45753714 0.08011651
vt 0.42589995 0.22754973
vt 0.45970279 0.06052017
vt 0.46242833 0.04269648
vt 0.45864680 0.07351255
vt 0.42365998 0.20485878
vt 0.42490357 0.21667624
vt 0.45747307 0.10265380
vt 0.45658514 0.09499210
vt 0.45877901 0.08590817
vt 0.47017434 0.02774006
vt 0.46954277 0.02241665
vt 0.44544527 0.16343051
vt 0.40450978 0.01716018
vt 0.47329035 0.03836912
vt 0.42856959 0.18553066
vt 0.45364106 0.12827998
vt 0.47117856 0.02171677
vt 0.47376654 0.02321398
vt 0.42878979 0.31440771
vt 0.47861674 0.02823949
vt 0.47588506 0.02548683
vt 0.47237536 0.05509675
vt 0.42989793 0.25788713
vt 0.42325935 0.32363164
vt 0.43047819 0.32328010
vt 0.45725197 0.11962473
vt 0.47188130 0.06812966
vt 0.26082864 0.03206027
vt 0.42898697 0.24158317
vt 0.42915636 0.28095239
vt 0.22940850 0.03942674
vt 0.42997417 0.29633760
vt 0.43576118 0.01834941
vt 0.44847155 0.01965868
vt 0.48088619 0.02364987
vt 0.25489879 0.03275824
vt 0.01566677 0.09767163
vt 0.00841285 0.10147876
vt 0.01496117 0.10949904
vt 0.01088870 0.11751908
vt 0.01475997 0.11969000
vt 0.00752263 0.11936170
vt 0.00748298 0.13598680
vt 0.01468638 0.13676393
vt 0.01009814 0.13818443
vt 0.01108742 0.14622939
vt 0.01488056 0.15107161
vt 0.00848908 0.15351892
vt 0.01180468 0.15510440
vt 0.01557062 0.16338027
vt 0.01222471 0.16610640
vt 0.00738488 0.13827699
vt 0.01631898 0.14520967
vt 0.01693978 0.17223954
vt 0.01399983 0.17521566
vt 0.01741978 0.18081117
vt 0.01713713 0.16125053
vt 0.01050971 0.17417526
vt 0.00969946 0.16699284
vt 0.00835456 0.15568495
vt 0.01151905 0.18255287
vt 0.01838231 0.18841803
vt 0.01501942 0.19010234
vt 0.01734252 0.19579071
vt 0.01894378 0.17943704
vt 0.01251322 0.18975246
vt 0.01348191 0.19622767
vt 0.02128584 0.19600421
vt 0.01990370 0.18625998
vt 0.02093905 0.20634234
vt 0.01974070 0.17718971
vt 0.01734807 0.20321560
vt 0.01691595 0.11741173
vt 0.01748265 0.15343386
vt 0.01755125 0.09594774
vt 0.01829609 0.16867632
vt 0.01764396 0.08733749
vt 0.01648904 0.08400446
vt 0.01200071 0.09183985
vt 0.01110583 0.09989929
vt 0.01331631 0.08225751
vt 0.01716529 0.07290125
vt 0.01444646 0.07020420
vt 0.01831221 0.06467539
vt 0.01562786 0.06149024
vt 0.02087327 0.05896425
vt 0.01450455 0.05436242
vt 0.02128584 0.04995656
vt 0.81824416 0.56802744
vt 0.83614159 0.56630152
vt 0.84001124 0.57236326
vt 0.83141208 0.57626873
vt 0.82104480 0.56157172
vt 0.81596231 0.57604283
vt 0.84969318 0.58372563
vt 0.83862382 0.58832389
vt 0.82097268 0.58629745
vt 0.85481876 0.57385731
vt 0.83692008 0.59594834
vt 0.85454983 0.59813422
vt 0.86531860 0.59870988
vt 0.87109798 0.59547937
vt 0.87574786 0.58093947
vt 0.86110729 0.56993419
vt 0.89034510 0.59632784
vt 0.89651251 0.58184469
vt 0.87267756 0.56833315
vt 0.89498228 0.57522070
vt 0.84811568 0.55978537
vt 0.90940017 0.59879678
vt 0.87167054 0.60480094
vt 0.91587055 0.59142178
vt 0.91443729 0.60371941
vt 0.90688813 0.60404158
vt 0.89595622 0.60416937
vt 0.92111427 0.59253395
vt 0.87677073 0.61202240
vt 0.86080599 0.56074476
vt 0.85988384 0.60844523
vt 0.91785961 0.58402759
vt 0.90595007 0.57604641
vt 0.87986922 0.56120312
vt 0.86532319 0.55591333
vt 0.84158766 0.55258203
vt 0.83099484 0.55043429
vt 0.90125901 0.56980896
vt 0.91347623 0.61410010
vt 0.90578049 0.61683708
vt 0.91355515 0.61831760
vt 0.83578187 0.60258013
vt 0.91002017 0.62552732
vt 0.91842753 0.60213423
vt 0.81092536 0.56852585
vt 0.92383111 0.58313549
vt 0.84531325 0.61312300
vt 0.89963442 0.62985343
vt 0.88444299 0.62078035
vt 0.81135696 0.58318394
vt 0.90747315 0.63463914
vt 0.86975014 0.61978799
vt 0.85695064 0.62324858
vt 0.81567496 0.59280640
vt 0.91598910 0.60930425
vt 0.82408518 0.60398525
vt 0.83771259 0.54626906
vt 0.92317331 0.57742023
vt 0.92679727 0.57756966
vt 0.80892617 0.56081045
vt 0.80627656 0.57622004
vt 0.86119854 0.54948652
vt 0.85530233 0.54471499
vt 0.90050423 0.56508076
vt 0.83250862 0.61536515
vt 0.88793039 0.63402450
vt 0.87402993 0.63780093
vt 0.89898199 0.63749456
vt 0.90523249 0.64248478
vt 0.84887910 0.62568057
vt 0.80242968 0.58800972
vt 0.80882579 0.59990197
vt 0.81771445 0.54642814
vt 0.82172763 0.61324590
vt 0.91713983 0.61319047
vt 0.79986703 0.56941801
vt 0.79388744 0.57813168
vt 0.87883425 0.55105257
vt 0.82753414 0.53893626
vt 0.91677731 0.56944090
vt 0.89197582 0.63928390
vt 0.86725837 0.64248478
vt 0.79703736 0.59493345
vt 0.91868454 0.60714763
vt 0.84393603 0.54092753
vt 0.86454725 0.53782153
vt 0.89393365 0.54876745
vt 0.78689092 0.58266366
vt 0.79354066 0.55351573
vt 0.78404653 0.56410974
vt 0.80569464 0.55602676
vt 0.80506212 0.54035753
vt 0.79808122 0.54650646
vt 0.87386739 0.53951693
vt 0.90471590 0.55023992
vt 0.86097467 0.52909672
vt 0.92708975 0.56930125
vt 0.92223632 0.56528157
vt 0.84077358 0.52838224
vt 0.81726265 0.52972293
vt 0.78822947 0.54167765
vt 0.78425282 0.54889542
vt 0.77386850 0.55767512
vt 0.84809119 0.52732360
vt 0.92700738 0.57322222
vt 0.83281231 0.52921772
vt 0.92047697 0.55297124
vt 0.89926630 0.54159373
vt 0.88610399 0.53482270
vt 0.80120724 0.53564179
vt 0.92789280 0.55716389
vt 0.92991507 0.54909486
vt 0.87351775 0.53171837
vt 0.92820758 0.56417650
vt 0.92047030 0.54151803
vt 0.93175167 0.54153740
vt 0.82708091 0.52176338
vt 0.77203143 0.54966521
vt 0.80339670 0.52020091
vt 0.85815293 0.52256173
vt 0.81585008 0.52305001
vt 0.89906770 0.53034353
vt 0.90882027 0.53558320
vt 0.92498541 0.53273994
vt 0.93191403 0.53547317
vt 0.84229225 0.51385957
vt 0.90621382 0.51809317
vt 0.86488229 0.52054185
vt 0.93363553 0.53433746
vt 0.93356597 0.52677953
vt 0.93195730 0.51970202
vt 0.90233219 0.51469791
vt 0.93381071 0.51971471
vt 0.92882037 0.52308226
vt 0.92142659 0.52499706
vt 0.88596308 0.52094156
vt 0.87555885 0.52184963
vt 0.92202759 0.51310915
vt 0.89865226 0.50770390
vt 0.88247055 0.51161909
vt 0.85109687 0.51388162
vt 0.85942888 0.50923753
vt 0.92842758 0.51519960
vt 0.83348721 0.51373708
vt 0.79704416 0.52141023
vt 0.81831682 0.51611948
vt 0.89151406 0.50413525
vt 0.93032944 0.55799234
vt 0.92978495 0.56284702
vt 0.78489751 0.52887928
vt 0.78082538 0.53700238
vt 0.76900202 0.52777851
vt 0.78198260 0.52116454
vt 0.87926841 0.50449646
vt 0.86560017 0.50776839
vt 0.85981882 0.50595772
vt 0.90991688 0.50937438
vt 0.83293504 0.50845575
vt 0.76393163 0.53237724
vt 0.76221037 0.54028481
vt 0.77168268 0.51417661
vt 0.79352897 0.51105201
vt 0.84328371 0.50460494
vt 0.76172596 0.52246225
vt 0.76240438 0.51842541
vt 0.80170053 0.51467013
vt 0.80986893 0.51102114
vt 0.93249565 0.50806999
vt 0.93202245 0.54500228
vt 0.92314976 0.59275013
vt 0.92045575 0.60165977
vt 0.77318662 0.50929701
vt 0.77589309 0.56841052
vt 0.76527262 0.55227840
vt 0.76750648 0.56267697
vt 0.78491193 0.50500238
vt 0.82245833 0.50138384
vt 0.84943217 0.49822485
vt 0.91361952 0.62085724
vt 0.91269660 0.62627757
vt 0.87712228 0.49930763
vt 0.88607603 0.49818552
vt 0.91939634 0.50596023
vt 0.92585355 0.50284386
vt 0.82265246 0.49300575
vt 0.90661502 0.50193816
vt 0.80129761 0.50110942
vt 0.81047815 0.49092579
vt 0.74560332 0.53389192
vt 0.76292408 0.50717694
vt 0.74969500 0.52707911
vt 0.74994546 0.54169154
vt 0.79541951 0.49603909
vt 0.78698224 0.49821073
vt 0.77896428 0.50030899
vt 0.85797578 0.49823517
vt 0.74046004 0.52252716
vt 0.83884120 0.48902857
vt 0.82978785 0.48397827
vt 0.87375218 0.48993492
vt 0.74879122 0.51130193
vt 0.75413018 0.50428444
vt 0.89981115 0.49468464
vt 0.88162565 0.49400914
vt 0.77082294 0.49491435
vt 0.85212600 0.49239004
vt 0.86672169 0.48527426
vt 0.73683250 0.53021544
vt 0.73394758 0.52470165
vt 0.72835642 0.52908057
vt 0.73496920 0.53481889
vt 0.72556722 0.53168184
vt 0.72433877 0.52891719
vt 0.72609150 0.52406168
vt 0.72988933 0.53735465
vt 0.73723519 0.54251391
vt 0.93211299 0.55112851
vt 0.75251871 0.55740553
vt 0.90942723 0.63606542
vt 0.80435622 0.48667824
vt 0.75478190 0.49523389
vt 0.74536258 0.49708498
vt 0.74825227 0.49048489
vt 0.74580848 0.50864297
vt 0.75522763 0.48699403
vt 0.82162535 0.47984487
vt 0.78534162 0.48744428
vt 0.84885699 0.48833895
vt 0.79877889 0.48009264
vt 0.89404321 0.49045515
vt 0.73191828 0.51932192
vt 0.73811060 0.51326954
vt 0.73912770 0.50389117
vt 0.72827315 0.52188689
vt 0.93498528 0.51258743
vt 0.93527365 0.50724131
vt 0.86161160 0.48133153
vt 0.83388573 0.47802663
vt 0.84905320 0.47761369
vt 0.88758886 0.48531902
vt 0.88400161 0.47897196
vt 0.87581182 0.47748655
vt 0.91180891 0.49591315
vt 0.81728977 0.47334957
vt 0.83037710 0.46949780
vt 0.85670161 0.47634888
vt 0.75889021 0.48299909
vt 0.77057087 0.47880077
vt 0.74356431 0.49077284
vt 0.79207426 0.47268641
vt 0.78530931 0.46955538
vt 0.81204760 0.46720707
vt 0.72154647 0.52705336
vt 0.89348131 0.47805679
vt 0.89962214 0.48405212
vt 0.93172526 0.49618638
vt 0.93376386 0.50230515
vt 0.93383938 0.49405885
vt 0.92831004 0.49565721
vt 0.92121214 0.49169028
vt 0.83994555 0.47065949
vt 0.84539235 0.47260153
vt 0.90619802 0.48409289
vt 0.74700642 0.48666477
vt 0.85123688 0.47346163
vt 0.87591410 0.47135490
vt 0.82443094 0.46307462
vt 0.80311573 0.45994329
vt 0.79086632 0.46276557
vt 0.84374946 0.46488428
vt 0.83714074 0.46007407
vt 0.83099222 0.45577896
vt 0.88948226 0.47303486
vt 0.90636241 0.47767425
vt 0.93067342 0.48518443
vt 0.93257689 0.49194133
vt 0.93289167 0.48491079
vt 0.93303621 0.47836274
vt 0.93119729 0.47745097
vt 0.93211651 0.47079623
vt 0.92939425 0.47007221
vt 0.86925542 0.46668470
vt 0.87945145 0.46678299
vt 0.92588592 0.47886038
vt 0.91952372 0.47428399
vt 0.86122608 0.46379375
vt 0.75320649 0.48181576
vt 0.78104144 0.45855993
vt 0.78508079 0.44929278
vt 0.79670793 0.45415449
vt 0.76346594 0.47659373
vt 0.81773090 0.45586705
vt 0.80830133 0.45329899
vt 0.93207949 0.46584141
vt 0.85270077 0.45653570
vt 0.84786999 0.45022458
vt 0.77707213 0.44943827
vt 0.86038625 0.45031583
vt 0.74697632 0.48050845
vt 0.76711917 0.46480054
vt 0.92958355 0.46042603
vt 0.93132478 0.45863426
vt 0.92913729 0.45582199
vt 0.89926219 0.46019864
vt 0.88336748 0.46177542
vt 0.80162203 0.44760215
vt 0.79101634 0.44345009
vt 0.83900881 0.44618309
vt 0.93003768 0.45070577
vt 0.92795521 0.44521892
vt 0.93060476 0.44419605
vt 0.81411868 0.44742870
vt 0.75561798 0.46817619
vt 0.85424519 0.44378519
vt 0.82428145 0.44728810
vt 0.91454142 0.45714617
vt 0.91100597 0.46934903
vt 0.87267327 0.44676590
vt 0.74617040 0.47145605
vt 0.74882382 0.46046549
vt 0.75476909 0.45951486
vt 0.76053345 0.46009052
vt 0.89831871 0.45433426
vt 0.88483965 0.44919914
vt 0.86214137 0.44206071
vt 0.74749058 0.45435607
vt 0.90400213 0.45161521
vt 0.81450164 0.44199169
vt 0.78216523 0.44343114
vt 0.75462884 0.45175636
vt 0.91648757 0.44881785
vt 0.82934904 0.43688381
vt 0.88407946 0.44378746
vt 0.80164301 0.43330526
vt 0.87234175 0.43602437
vt 0.84107870 0.43644160
vt 0.92920280 0.43907332
vt 0.92691648 0.43905711
vt 0.91325873 0.43488979
vt 0.90091085 0.43921453
vt 0.85082752 0.43582010
vt 0.86406857 0.43262774
vt 0.92673647 0.43451399
vt 0.89883327 0.43361902
vt 0.82593828 0.43204033
vt 0.78721732 0.43414921
vt 0.84056294 0.43200755
vt 0.92367285 0.42675793
vt 0.92594343 0.42536080
vt 0.88712204 0.42945540
vt 0.87068522 0.43061393
vt 0.77746683 0.42824370
vt 0.92351550 0.41648567
vt 0.92503941 0.41535813
vt 0.92031151 0.41562259
vt 0.85882938 0.42724335
vt 0.80330622 0.42497730
vt 0.79192555 0.42123318
vt 0.81017131 0.43212342
vt 0.81336361 0.41889203
vt 0.88032675 0.42346829
vt 0.90030628 0.42355025
vt 0.92228627 0.41035533
vt 0.92422485 0.40725273
vt 0.82474619 0.42716432
vt 0.80644721 0.41630483
vt 0.89428413 0.41588700
vt 0.91077709 0.40925735
vt 0.85400271 0.41954386
vt 0.83830029 0.42636371
vt 0.80050421 0.41672665
vt 0.86928165 0.41100705
vt 0.84840167 0.41359711
vt 0.82964885 0.41429013
vt 0.88186646 0.41088402
vt 0.86170441 0.40363085
vt 0.84180719 0.40488541
vt 0.86924273 0.39861226
vt 0.85364598 0.39683157
vt 0.82894725 0.40589082
vt 0.81947798 0.40457588
vt 0.88652688 0.39573860
vt 0.81183386 0.40032220
vt 0.78382260 0.41739166
vt 0.91920727 0.40492129
vt 0.92011726 0.39842618
vt 0.92247939 0.40178001
vt 0.92263889 0.39770687
vt 0.86163545 0.38945746
vt 0.85499847 0.38595819
vt 0.84787124 0.38882434
vt 0.83520687 0.39533412
vt 0.90145922 0.39550757
vt 0.88655114 0.38853359
vt 0.87507540 0.38501513
vt 0.91975504 0.39394134
vt 0.79647309 0.40391606
vt 0.80659664 0.39838564
vt 0.78610748 0.40625590
vt 0.86468029 0.38342035
vt 0.82745981 0.39007211
vt 0.90907383 0.38864213
vt 0.81527585 0.38377345
vt 0.91741049 0.38638031
vt 0.91942519 0.38724619
vt 0.92054886 0.38456285
vt 0.87438804 0.37798065
vt 0.90474391 0.38015544
vt 0.88298976 0.37799120
vt 0.91749066 0.37662899
vt 0.91367877 0.37894750
vt 0.79118299 0.28814596
vt 0.78244030 0.29128718
vt 0.78526098 0.30354422
vt 0.79555738 0.30604029
vt 0.80393994 0.29132426
vt 0.80504137 0.30480945
vt 0.80043370 0.27822876
vt 0.79135174 0.27885938
vt 0.78202760 0.28085786
vt 0.78649431 0.30977631
vt 0.77433991 0.29332745
vt 0.77437985 0.30326378
vt 0.77725101 0.31213307
vt 0.76677221 0.29501319
vt 0.76830834 0.28655696
vt 0.76885253 0.31324315
vt 0.76085389 0.30615568
vt 0.75879824 0.29584682
vt 0.74768955 0.30136728
vt 0.74534601 0.31936181
vt 0.74161172 0.30494809
vt 0.74006361 0.31230104
vt 0.75566262 0.31929564
vt 0.76479763 0.31617820
vt 0.74315065 0.29279143
vt 0.75857747 0.28682560
vt 0.76314938 0.27323079
vt 0.74536061 0.27653539
vt 0.75235361 0.27434677
vt 0.77189910 0.26967418
vt 0.78090614 0.26844430
vt 0.79038173 0.26536411
vt 0.74052113 0.27864027
vt 0.73216259 0.30189371
vt 0.73169839 0.28993571
vt 0.72769159 0.28285509
vt 0.73685312 0.30409634
vt 0.72668380 0.27330190
vt 0.75455582 0.26267171
vt 0.74116564 0.26729453
vt 0.77280629 0.25717533
vt 0.75831753 0.25755692
vt 0.74285680 0.26064521
vt 0.73280191 0.26284629
vt 0.80020303 0.27080375
vt 0.78482640 0.25277245
vt 0.72653550 0.26569009
vt 0.80143648 0.26123154
vt 0.81207675 0.25869668
vt 0.81261736 0.27320898
vt 0.79291004 0.25248158
vt 0.80305398 0.25144464
vt 0.81313413 0.27631128
vt 0.74685723 0.24791598
vt 0.76115423 0.24605072
vt 0.73238605 0.24820781
vt 0.72688878 0.24562490
vt 0.72498953 0.25793242
vt 0.72249401 0.24699014
vt 0.77647990 0.24314761
vt 0.76626784 0.24456894
vt 0.72816801 0.28853428
vt 0.73062414 0.29460144
vt 0.78174329 0.24160028
vt 0.72859299 0.23781002
vt 0.72270238 0.24120146
vt 0.73342085 0.23664498
vt 0.72349435 0.26139152
vt 0.72328949 0.26543927
vt 0.81550366 0.24746448
vt 0.81959140 0.25730658
vt 0.79076010 0.23863733
vt 0.79657274 0.23878872
vt 0.80508387 0.24618834
vt 0.74657696 0.23515081
vt 0.81817544 0.27291477
vt 0.82670861 0.26858187
vt 0.75745386 0.23446530
vt 0.81638008 0.29485345
vt 0.82539988 0.27297795
vt 0.82514960 0.25631404
vt 0.81708324 0.30035710
vt 0.80756533 0.23517847
vt 0.82401752 0.24464470
vt 0.83144695 0.26597416
vt 0.77004427 0.23732138
vt 0.76608157 0.22892469
vt 0.72353089 0.26745546
vt 0.72344971 0.23620057
vt 0.72019684 0.23626602
vt 0.83352816 0.24962080
vt 0.83747512 0.25775397
vt 0.83209181 0.29481542
vt 0.83946460 0.26322567
vt 0.72876495 0.22499710
vt 0.72257382 0.22815830
vt 0.72226763 0.21959841
vt 0.73255980 0.21961087
vt 0.74817449 0.22013223
vt 0.82197767 0.23134679
vt 0.78408349 0.22427011
vt 0.72065616 0.25304705
vt 0.84516191 0.24884325
vt 0.83083463 0.24164635
vt 0.84396267 0.24429715
vt 0.84525460 0.23681718
vt 0.80325627 0.22172505
vt 0.76059186 0.21541357
vt 0.77228093 0.21595120
vt 0.83263916 0.22688472
vt 0.81654471 0.22575748
vt 0.72167587 0.21078384
vt 0.85797721 0.24242973
vt 0.84713012 0.25936508
vt 0.85790461 0.25399435
vt 0.83931351 0.29090726
vt 0.84486598 0.27692485
vt 0.85343331 0.26111072
vt 0.82396311 0.29903340
vt 0.72023004 0.22162300
vt 0.86168838 0.23685861
vt 0.74441892 0.20208490
vt 0.81117600 0.21516550
vt 0.77627110 0.20950949
vt 0.79021710 0.20781958
vt 0.79839993 0.20578635
vt 0.85219336 0.22684288
vt 0.85881686 0.23164040
vt 0.83532262 0.22094929
vt 0.72333509 0.25233203
vt 0.72067958 0.25104272
vt 0.73447967 0.20003814
vt 0.72286743 0.20160955
vt 0.72018600 0.20245492
vt 0.76340026 0.20768321
vt 0.74587405 0.20735192
vt 0.82393593 0.21262234
vt 0.84862703 0.21830571
vt 0.86346185 0.25059962
vt 0.86519110 0.24164569
vt 0.80425465 0.20011908
vt 0.81655717 0.20590693
vt 0.73029351 0.19452071
vt 0.72232479 0.19453704
vt 0.76360601 0.19679832
vt 0.74488294 0.19231546
vt 0.78180242 0.19295937
vt 0.79162765 0.18849444
vt 0.83847719 0.20940995
vt 0.83144873 0.20427173
vt 0.86254859 0.22518921
vt 0.86578155 0.23510784
vt 0.86152571 0.21729016
vt 0.81316376 0.19688153
vt 0.82529616 0.19651318
vt 0.71927190 0.22776657
vt 0.84532136 0.29129428
vt 0.87047499 0.23936033
vt 0.85993934 0.21261990
vt 0.75803387 0.18838847
vt 0.77026123 0.18348873
vt 0.71894008 0.19465989
vt 0.72737402 0.29370475
vt 0.72394323 0.27540636
vt 0.73042399 0.30401957
vt 0.72323376 0.18573684
vt 0.74745828 0.18360561
vt 0.72139639 0.19125348
vt 0.72030866 0.18548501
vt 0.80112290 0.18708795
vt 0.85416573 0.20686793
vt 0.79458654 0.18284714
vt 0.78323090 0.18336260
vt 0.75685966 0.17959422
vt 0.81023204 0.18707162
vt 0.86852920 0.26544356
vt 0.87422860 0.26520693
vt 0.85411090 0.28815186
vt 0.86957002 0.27830970
vt 0.87560052 0.24923873
vt 0.71928144 0.21235579
vt 0.83461446 0.19291085
vt 0.84938228 0.20050555
vt 0.76354450 0.17348593
vt 0.77666408 0.17270958
vt 0.88176447 0.26097780
vt 0.88214511 0.25266266
vt 0.73499477 0.17054796
vt 0.74703169 0.16587520
vt 0.72318280 0.17133158
vt 0.72212261 0.17779869
vt 0.72074491 0.17022067
vt 0.82369328 0.18559027
vt 0.72361976 0.16435957
vt 0.72028816 0.16477847
vt 0.80081552 0.17883921
vt 0.78877729 0.17475957
vt 0.81838810 0.17950296
vt 0.86375666 0.20143253
vt 0.86041838 0.19621754
vt 0.76169878 0.16081250
vt 0.77170610 0.16553628
vt 0.71898931 0.24216235
vt 0.84042126 0.18716562
vt 0.83262408 0.17964673
vt 0.86479795 0.20730054
vt 0.81144822 0.17181522
vt 0.79399949 0.16756475
vt 0.73310721 0.16059136
vt 0.77405822 0.15802658
vt 0.76188815 0.15427029
vt 0.74777555 0.15818518
vt 0.85978937 0.19089758
vt 0.80660093 0.16379029
vt 0.86899728 0.23356164
vt 0.84642494 0.18315309
vt 0.81958812 0.16673207
vt 0.83127236 0.17108327
vt 0.86753249 0.22200197
vt 0.78639382 0.15764403
vt 0.71999252 0.17793065
vt 0.87967050 0.24447167
vt 0.88596088 0.24479729
vt 0.89147061 0.24983865
vt 0.89784318 0.24368358
vt 0.89562678 0.23730612
vt 0.88662326 0.23713869
vt 0.89434183 0.22966933
vt 0.88870239 0.22428107
vt 0.89345914 0.22324252
vt 0.89660382 0.22356117
vt 0.88793260 0.21294975
vt 0.89190221 0.21107131
vt 0.89704520 0.21906239
vt 0.89948457 0.21279645
vt 0.90448141 0.21868753
vt 0.90266734 0.22160828
vt 0.89953434 0.20714045
vt 0.90471494 0.21602541
vt 0.89284116 0.20356482
vt 0.89845359 0.20133126
vt 0.89480644 0.19767970
vt 0.90464282 0.21148586
vt 0.88017052 0.23661625
vt 0.86956376 0.21297997
vt 0.89288378 0.25949359
vt 0.89603788 0.25028300
vt 0.90120161 0.24838918
vt 0.89999449 0.25412941
vt 0.90313905 0.25164777
vt 0.90366894 0.25550008
vt 0.90227014 0.25975186
vt 0.90418416 0.25922239
vt 0.90770531 0.27183700
vt 0.89753133 0.26054555
vt 0.90090859 0.27131402
vt 0.90540707 0.27177709
vt 0.72592753 0.28731936
vt 0.86305833 0.28673315
vt 0.87731975 0.28463948
vt 0.73341876 0.30858302
vt 0.73375273 0.31443441
vt 0.73709708 0.32101357
vt 0.73737389 0.32757020
vt 0.84241396 0.29803842
vt 0.90320557 0.28080761
vt 0.90854514 0.27709627
vt 0.86927396 0.20584291
vt 0.88451028 0.26795048
vt 0.88296813 0.28196895
vt 0.86634600 0.29450995
vt 0.80809730 0.31384110
vt 0.82071769 0.30895770
vt 0.83510381 0.30512118
vt 0.87217343 0.19741988
vt 0.84996301 0.30103284
vt 0.79968089 0.31609923
vt 0.82823288 0.30843878
vt 0.88090742 0.21741194
vt 0.88103467 0.22444272
vt 0.88167888 0.20991695
vt 0.88845795 0.20136225
vt 0.87121099 0.19238627
vt 0.73978978 0.33096182
vt 0.87335676 0.29884577
vt 0.88717192 0.30298162
vt 0.88003886 0.30915123
vt 0.83983678 0.31393021
vt 0.86755604 0.30715048
vt 0.89476055 0.27923983
vt 0.89543635 0.29290593
vt 0.87593013 0.20277333
vt 0.83606708 0.31998599
vt 0.85672832 0.31317008
vt 0.88077325 0.19431633
vt 0.90386778 0.19614613
vt 0.90230989 0.20404094
vt 0.84922022 0.17867422
vt 0.80919123 0.32155925
vt 0.79043967 0.32154709
vt 0.78131473 0.32271022
vt 0.90674907 0.28688240
vt 0.91095906 0.28010249
vt 0.82772827 0.32176685
vt 0.81450111 0.32672685
vt 0.88161099 0.18592203
vt 0.74434084 0.32766896
vt 0.76866341 0.32999718
vt 0.84211552 0.31823397
vt 0.84914994 0.31574595
vt 0.77307242 0.32519639
vt 0.80610776 0.32799047
vt 0.79703856 0.33058298
vt 0.90830398 0.19587517
vt 0.91442221 0.18839175
vt 0.82837206 0.16085041
vt 0.83831716 0.16319203
vt 0.81224549 0.15977174
vt 0.89890826 0.23223329
vt 0.89995879 0.23469532
vt 0.90759003 0.18936151
vt 0.90479261 0.18550289
vt 0.89474016 0.19166583
vt 0.88941652 0.18414778
vt 0.90319794 0.17860991
vt 0.91200203 0.18249655
vt 0.72214818 0.15742409
vt 0.72202671 0.15210795
vt 0.72517431 0.14987481
vt 0.89651990 0.17504001
vt 0.77614397 0.14894295
vt 0.87435251 0.18487734
vt 0.85606045 0.17658055
vt 0.79895741 0.15320671
vt 0.88742775 0.17895007
vt 0.73883921 0.14784026
vt 0.82058573 0.15364587
vt 0.76624537 0.14479917
vt 0.83325058 0.15619624
vt 0.91340315 0.17570293
vt 0.90504277 0.17335725
vt 0.75816977 0.14766711
vt 0.80961621 0.14858806
vt 0.72244453 0.14455491
vt 0.72459781 0.14165777
vt 0.72213650 0.14027607
vt 0.78790021 0.13980329
vt 0.84788513 0.15846801
vt 0.73464882 0.13935721
vt 0.87109733 0.17815995
vt 0.86308157 0.16827250
vt 0.71966136 0.15830630
vt 0.77428365 0.14010060
vt 0.74821544 0.13851100
vt 0.72411066 0.13385338
vt 0.72168249 0.13348049
vt 0.74571526 0.12941247
vt 0.79819685 0.14417678
vt 0.72390532 0.12759686
vt 0.72901869 0.12245584
vt 0.86901343 0.31349212
vt 0.75841600 0.12588775
vt 0.78348678 0.33246505
vt 0.77555919 0.33340824
vt 0.76179695 0.33635044
vt 0.72635895 0.11424845
vt 0.73383236 0.12110531
vt 0.72322446 0.12120116
vt 0.72333497 0.11610055
vt 0.74080420 0.33350754
vt 0.74200684 0.34679544
vt 0.74441290 0.34587252
vt 0.74607342 0.34085459
vt 0.75244993 0.33799857
vt 0.88208336 0.31584787
vt 0.86626029 0.32192004
vt 0.84444612 0.33099896
vt 0.84034163 0.33373028
vt 0.74585062 0.35317481
vt 0.74405944 0.35378426
vt 0.74725723 0.36191118
vt 0.75105166 0.36543918
vt 0.85289246 0.33083051
vt 0.86132473 0.32619560
vt 0.90969181 0.28858495
vt 0.91442221 0.28410566
vt 0.75001180 0.35777408
vt 0.79771399 0.34597546
vt 0.80389231 0.33455801
vt 0.80878788 0.34470439
vt 0.82769364 0.33769584
vt 0.83280456 0.33549291
vt 0.78273267 0.35042953
vt 0.77081412 0.35314214
vt 0.75649536 0.34631300
vt 0.76377308 0.35647511
vt 0.79075891 0.34889472
vt 0.81434149 0.34045732
vt 0.87535834 0.32746542
vt 0.88595146 0.32355273
vt 0.82033819 0.34684193
vt 0.81276029 0.35417563
vt 0.80111384 0.35602224
vt 0.84027076 0.34296834
vt 0.87312794 0.33855212
vt 0.77197176 0.36957049
vt 0.82622534 0.35248137
vt 0.84570980 0.34000039
vt 0.81719649 0.36367130
vt 0.78520590 0.36607265
vt 0.79711354 0.36423320
vt 0.81067449 0.36240977
vt 0.86243629 0.34298170
vt 0.83435136 0.35617870
vt 0.75656492 0.37378144
vt 0.75179189 0.37361956
vt 0.88143247 0.33186007
vt 0.75464308 0.37787634
vt 0.75642788 0.38570225
vt 0.76549262 0.38776284
vt 0.78014702 0.38125271
vt 0.84165800 0.35332745
vt 0.82600826 0.36663705
vt 0.83983451 0.36260831
vt 0.81868094 0.36934453
vt 0.86058086 0.34826714
vt 0.79129815 0.38057864
vt 0.79828429 0.37535089
vt 0.80945373 0.37355673
vt 0.75995106 0.39152420
vt 0.76661426 0.39968586
vt 0.77471906 0.39537084
vt 0.76207751 0.40008688
vt 0.27237540 0.94848496
vt 0.29571772 0.95632917
vt 0.28261364 0.95933062
vt 0.29401910 0.96146894
vt 0.30446154 0.96724337
vt 0.31736600 0.96231854
vt 0.32220018 0.96863151
vt 0.29321638 0.96833384
vt 0.27929026 0.96652365
vt 0.26681936 0.95375347
vt 0.26254120 0.96014738
vt 0.24078964 0.94731241
vt 0.24482773 0.95514852
vt 0.23116834 0.94609118
vt 0.24829213 0.94121355
vt 0.32468972 0.96010995
vt 0.33892542 0.96227157
vt 0.33881429 0.96814507
vt 0.23243926 0.93998098
vt 0.33751956 0.95636022
vt 0.23680627 0.96109170
vt 0.24834576 0.96314949
vt 0.25967413 0.96465898
vt 0.22994953 0.96050268
vt 0.22780696 0.95189166
vt 0.22775976 0.95853555
vt 0.33809999 0.97394109
vt 0.31474534 0.95233363
vt 0.32481498 0.95304197
vt 0.29445294 0.94620198
vt 0.22828703 0.94224739
vt 0.22622503 0.93864286
vt 0.22705470 0.94633859
vt 0.27913287 0.94230020
vt 0.25585142 0.93448824
vt 0.23287919 0.93157214
vt 0.31950724 0.97372293
vt 0.22848290 0.93162864
vt 0.32417753 0.94309086
vt 0.30638358 0.93813497
vt 0.29634893 0.93563747
vt 0.28380340 0.93172663
vt 0.26790693 0.93812764
vt 0.26864570 0.92820698
vt 0.34242445 0.94633245
vt 0.34251103 0.95428324
vt 0.25822669 0.92521852
vt 0.24749909 0.92277926
vt 0.31668565 0.93175536
vt 0.32989106 0.93904066
vt 0.34314489 0.93906772
vt 0.28956151 0.92596412
vt 0.27261862 0.92189705
vt 0.23533377 0.92223907
vt 0.23047172 0.92328280
vt 0.22493239 0.93008500
vt 0.24986701 0.91614121
vt 0.23665246 0.91579705
vt 0.26248854 0.91846669
vt 0.22400281 0.93629634
vt 0.32807621 0.92749608
vt 0.34201497 0.93138802
vt 0.30843815 0.92242265
vt 0.23999673 0.90667844
vt 0.23136741 0.91534686
vt 0.23479562 0.90687615
vt 0.22975865 0.90694952
vt 0.29393554 0.91947007
vt 0.22262321 0.92682219
vt 0.22653879 0.92030942
vt 0.22431688 0.91148376
vt 0.22407363 0.90284330
vt 0.25350180 0.90960103
vt 0.27884105 0.91560733
vt 0.34139377 0.92528552
vt 0.32595074 0.92157054
vt 0.34595963 0.94098151
vt 0.22160473 0.91953963
vt 0.23897597 0.90216482
vt 0.34750485 0.93411607
vt 0.23237914 0.90195495
vt 0.30040556 0.91559148
vt 0.25172496 0.90392834
vt 0.34882709 0.92613345
vt 0.23412974 0.89762121
vt 0.26686275 0.90783459
vt 0.28115991 0.91093779
vt 0.34059039 0.91991347
vt 0.32889599 0.91624409
vt 0.22741604 0.89915973
vt 0.31234455 0.91263825
vt 0.29374027 0.90922636
vt 0.34679636 0.92170858
vt 0.22034371 0.90027165
vt 0.21876560 0.90803957
vt 0.23232760 0.89537120
vt 0.22987902 0.96879435
vt 0.22776909 0.97027528
vt 0.29818156 0.97543526
vt 0.33742654 0.97990674
vt 0.25564405 0.97022206
vt 0.27933329 0.97465932
vt 0.23650508 0.97054416
vt 0.21914071 0.91989809
vt 0.25648177 0.97549164
vt 0.31974801 0.97954196
vt 0.31013319 0.98416668
vt 0.23908474 0.89585251
vt 0.28306669 0.90620315
vt 0.25121287 0.89910865
vt 0.26807338 0.90285939
vt 0.34344938 0.91430771
vt 0.21919227 0.89391357
vt 0.34250501 0.96065784
vt 0.32811391 0.98601687
vt 0.33680207 0.98855543
vt 0.22559363 0.89357078
vt 0.29306981 0.98544735
vt 0.28171471 0.98358744
vt 0.24192852 0.97827911
vt 0.23044756 0.97934657
vt 0.30466121 0.98636132
vt 0.31745830 0.99514127
vt 0.32915524 0.99217415
vt 0.26966780 0.98461711
vt 0.24618421 0.98376954
vt 0.22802883 0.97637743
vt 0.33659834 0.99782795
vt 0.32465273 0.99699640
vt 0.23677160 0.98283994
vt 0.33765411 0.99261832
vt 0.22931916 0.98168635
vt 0.29729515 0.99444097
vt 0.23102807 0.98788989
vt 0.28342015 0.99289787
vt 0.26883793 0.99248457
vt 0.24945217 0.99134320
vt 0.22229832 0.94209743
vt 0.23677428 0.99019122
vt 0.33969557 0.97522151
vt 0.22014324 0.93161273
vt 0.22047484 0.95264119
vt 0.22291954 0.96160239
vt 0.22072084 0.94531304
vt 0.21628183 0.92241800
vt 0.21714044 0.93691552
vt 0.21012893 0.95203686
vt 0.21059743 0.96500558
vt 0.20155764 0.95370162
vt 0.19258940 0.96008396
vt 0.18905126 0.95119041
vt 0.18585083 0.96627116
vt 0.17095238 0.95977664
vt 0.17593169 0.97349995
vt 0.15972091 0.96901375
vt 0.14811021 0.95494765
vt 0.14809465 0.96405417
vt 0.13348898 0.96468073
vt 0.13340797 0.94714761
vt 0.12123705 0.95285755
vt 0.12845272 0.94282615
vt 0.10740725 0.93941611
vt 0.10938277 0.94516325
vt 0.09669214 0.94444019
vt 0.09349256 0.94893014
vt 0.11028390 0.96080267
vt 0.07068928 0.94526094
vt 0.08494178 0.95275825
vt 0.07371259 0.95751518
vt 0.06757301 0.95476389
vt 0.06122770 0.94630182
vt 0.05523274 0.96011281
vt 0.05158677 0.94635642
vt 0.04664678 0.95085925
vt 0.03874185 0.96177417
vt 0.03752200 0.95637256
vt 0.03514145 0.94702369
vt 0.03285480 0.96035302
vt 0.03367030 0.95181024
vt 0.03325868 0.96261311
vt 0.10451587 0.96522313
vt 0.06905621 0.96406448
vt 0.09171378 0.97624028
vt 0.12273727 0.97202510
vt 0.11349802 0.97582412
vt 0.10716426 0.98078620
vt 0.06000458 0.96886772
vt 0.04810826 0.96934754
vt 0.03422465 0.97068274
vt 0.13889062 0.94160891
vt 0.15569888 0.94856119
vt 0.17041735 0.94068676
vt 0.15008265 0.93518627
vt 0.08712874 0.98372054
vt 0.07391308 0.98293859
vt 0.03199486 0.97284788
vt 0.13621834 0.96854275
vt 0.03171156 0.98076433
vt 0.03651782 0.98589605
vt 0.09001445 0.99450368
vt 0.07992005 0.99349219
vt 0.04629037 0.98204821
vt 0.05967506 0.98089892
vt 0.07288242 0.99782795
vt 0.06426192 0.99408549
vt 0.18782495 0.94086570
vt 0.17943212 0.93455863
vt 0.19614819 0.93652165
vt 0.19026016 0.92940944
vt 0.14961649 0.97752708
vt 0.16320612 0.97806233
vt 0.19858278 0.94227135
vt 0.19390282 0.92422074
vt 0.20692378 0.93607801
vt 0.21094303 0.94663501
vt 0.19940099 0.92089909
vt 0.19419542 0.90884113
vt 0.19383775 0.96982390
vt 0.19672842 0.90809017
vt 0.21553692 0.91260254
vt 0.21578062 0.90579802
vt 0.20914274 0.92985868
vt 0.19500896 0.90341669
vt 0.20959456 0.92283684
vt 0.20341112 0.91473585
vt 0.21012942 0.90106142
vt 0.21509440 0.89487702
vt 0.19614647 0.89960200
vt 0.03237405 0.94909614
vt 0.03519288 0.93995368
vt 0.68715709 0.34868145
vt 0.68178183 0.35362095
vt 0.68705785 0.35629535
vt 0.68173879 0.35936487
vt 0.68462509 0.36190683
vt 0.68235016 0.34042382
vt 0.68495357 0.34114897
vt 0.68700212 0.33418763
vt 0.68346232 0.32840145
vt 0.68152022 0.36830235
vt 0.68512172 0.36959422
vt 0.68113458 0.37487018
vt 0.68417692 0.37974882
vt 0.68095767 0.37979400
vt 0.68135464 0.38528275
vt 0.68471348 0.38875157
vt 0.68333507 0.39656079
vt 0.68112373 0.39178717
vt 0.68749255 0.39581728
vt 0.68746895 0.40620863
vt 0.68093342 0.40274501
vt 0.68502575 0.40907609
vt 0.68733853 0.41790420
vt 0.68475074 0.41884947
vt 0.68810046 0.42597288
vt 0.68445170 0.43007421
vt 0.68799317 0.33797473
vt 0.68744671 0.38288999
vt 0.68770844 0.37443811
vt 0.68799359 0.36603999
vt 0.68932962 0.32872784
vt 0.68408865 0.31904066
vt 0.68846071 0.31919742
vt 0.68328476 0.30823582
vt 0.68264717 0.31636584
vt 0.68869352 0.30862486
vt 0.68560398 0.29834604
vt 0.68264508 0.29852545
vt 0.68805051 0.42897844
vt 0.68677175 0.43540609
vt 0.68242854 0.29317218
vt 0.68170643 0.28923094
vt 0.68859428 0.29712236
vt 0.68267435 0.43538320
vt 0.68032193 0.40948403
vt 0.68018156 0.43144166
vt 0.68113488 0.42114931
vt 0.67881590 0.43439245
vt 0.68175191 0.33010983
vt 0.68990844 0.40549183
vt 0.69001901 0.37712383
vt 0.69011384 0.39670753
vt 0.69011754 0.35408229
vt 0.69018722 0.36553454
vt 0.69072735 0.33447182
vt 0.69042587 0.38305992
vt 0.68963480 0.41932178
vt 0.69147927 0.28924859
vt 0.69154769 0.29831338
vt 0.69086212 0.30685210
vt 0.69073379 0.34459549
vt 0.68946803 0.43520355
vt 0.69113714 0.32302213
vt 0.68231708 0.28540397
vt 0.67978835 0.39506269
vt 0.68095070 0.30666173
vt 0.68032712 0.31328905
vt 0.69557375 0.28931570
vt 0.67890346 0.32194591
vt 0.68003100 0.33725238
vt 0.67962313 0.29449517
vt 0.67882890 0.30245733
vt 0.67925757 0.34475428
vt 0.67879426 0.38461429
vt 0.68122393 0.34918839
vt 0.69283700 0.42120516
vt 0.67855793 0.42286402
vt 0.67810601 0.33239102
vt 0.69240850 0.36054301
vt 0.67899990 0.35746992
vt 0.68088937 0.43819845
vt 0.69259250 0.39133865
vt 0.69362044 0.37116456
vt 0.69547671 0.38217503
vt 0.69143158 0.43203413
vt 0.69456518 0.40376580
vt 0.69583166 0.35163915
vt 0.69553751 0.39174843
vt 0.69618779 0.39949572
vt 0.69723612 0.29182309
vt 0.69555253 0.41205847
vt 0.69112879 0.43567777
vt 0.69596881 0.42871547
vt 0.69661742 0.33672130
vt 0.69612539 0.34339952
vt 0.69579732 0.36525416
vt 0.69674611 0.30102050
vt 0.69702345 0.31195801
vt 0.69630891 0.32661033
vt 0.69593626 0.41916263
vt 0.69745487 0.35648161
vt 0.69982624 0.37678862
vt 0.69504946 0.43496042
vt 0.69944680 0.28633904
vt 0.69692928 0.40886825
vt 0.69971281 0.38235319
vt 0.69692898 0.43831450
vt 0.69982624 0.29159009
vt 0.68423778 0.09547716
vt 0.68188518 0.09294295
vt 0.68229806 0.10325950
vt 0.68452924 0.10661513
vt 0.68160170 0.11332947
vt 0.68421704 0.11650205
vt 0.68427032 0.07618529
vt 0.68255746 0.07238781
vt 0.68488967 0.06869471
vt 0.68178725 0.05862468
vt 0.68426692 0.05829698
vt 0.68096852 0.12784111
vt 0.68436652 0.12637472
vt 0.68197602 0.14885294
vt 0.68455583 0.14400160
vt 0.68521821 0.15556234
vt 0.68231440 0.16136813
vt 0.68541980 0.17409098
vt 0.68034977 0.17485523
vt 0.68259549 0.05528450
vt 0.68753219 0.13639253
vt 0.68814927 0.12575424
vt 0.68808961 0.10987431
vt 0.68749660 0.08906764
vt 0.69086510 0.16696721
vt 0.68915820 0.17502463
vt 0.68860459 0.14405233
vt 0.68992096 0.15577835
vt 0.68934858 0.11740816
vt 0.68910134 0.10113078
vt 0.68902594 0.06510711
vt 0.68938261 0.07599247
vt 0.69001830 0.05795360
vt 0.69111896 0.13038933
vt 0.69031590 0.09298718
vt 0.68796599 0.05643940
vt 0.69166070 0.05538779
vt 0.69227827 0.12292755
vt 0.69384617 0.13608611
vt 0.69224250 0.14436567
vt 0.69204193 0.08302546
vt 0.69258392 0.10894495
vt 0.69398081 0.11563057
vt 0.69536757 0.17597884
vt 0.69392538 0.17923892
vt 0.68979698 0.17934865
vt 0.69494557 0.16305119
vt 0.69488573 0.16863716
vt 0.69338059 0.07439435
vt 0.69441050 0.10241783
vt 0.69413614 0.09167910
vt 0.69526261 0.15332711
vt 0.69495595 0.12474412
vt 0.69496328 0.14309287
vt 0.69427115 0.08142906
vt 0.69311118 0.06005663
vt 0.69321901 0.06701326
vt 0.68432581 0.17924058
vt 0.69546843 0.05443764
vt 0.69721979 0.18173230
vt 0.69350451 0.18176687
vt 0.68554330 0.05270725
vt 0.68206584 0.04891098
vt 0.69254094 0.05241460
vt 0.68944645 0.04828131
vt 0.68179083 0.04505605
vt 0.68682152 0.04418343
vt 0.69013876 0.04506040
vt 0.68215793 0.04189748
vt 0.69273484 0.04915392
vt 0.69125742 0.05050069
vt 0.68694979 0.04077023
vt 0.67740494 0.04497927
vt 0.69092035 0.04102552
vt 0.67906588 0.04203546
vt 0.67855543 0.04929882
vt 0.69515860 0.04711455
vt 0.69545615 0.04971242
vt 0.67777604 0.13684964
vt 0.67618448 0.15543044
vt 0.67726541 0.16270912
vt 0.67736673 0.14439881
vt 0.67792153 0.08155781
vt 0.67852956 0.06872755
vt 0.67641056 0.07568365
vt 0.67765534 0.08978188
vt 0.67810839 0.10474396
vt 0.67638147 0.09738439
vt 0.67717326 0.11633855
vt 0.67565536 0.12584299
vt 0.67549109 0.17979383
vt 0.67430216 0.13157636
vt 0.67495173 0.17728341
vt 0.67806399 0.05664420
vt 0.67663330 0.06329560
vt 0.67444974 0.04731566
vt 0.67592138 0.05072588
vt 0.67499703 0.05348897
vt 0.67616946 0.06929106
vt 0.67491215 0.17253482
vt 0.67499411 0.16402030
vt 0.67427647 0.14872903
vt 0.67383558 0.14125681
vt 0.67476541 0.10267663
vt 0.67355049 0.10672027
vt 0.67437869 0.08252120
vt 0.67408741 0.11830091
vt 0.67497975 0.09099013
vt 0.67520618 0.04388529
vt 0.68472868 0.03502494
vt 0.67371273 0.15529251
vt 0.68736219 0.03475398
vt 0.68173552 0.03559476
vt 0.68165910 0.03056264
vt 0.68460566 0.03068346
vt 0.68404257 0.02661276
vt 0.68162626 0.02608830
vt 0.68740338 0.02708739
vt 0.68787098 0.03031474
vt 0.67869008 0.03434771
vt 0.69022185 0.03279740
vt 0.69005680 0.02764249
vt 0.67700511 0.02999306
vt 0.67832065 0.02597904
vt 0.67685658 0.03232193
vt 0.68926591 0.02389228
vt 0.69218248 0.03593099
vt 0.67437422 0.03552353
vt 0.67319888 0.05994231
vt 0.67553872 0.05616504
vt 0.67310661 0.06880367
vt 0.67241913 0.09015918
vt 0.67268735 0.07815695
vt 0.67139763 0.18288445
vt 0.67511672 0.04063052
vt 0.67581236 0.02655268
vt 0.67136759 0.05054635
vt 0.67189354 0.17073405
vt 0.66943997 0.12800235
vt 0.66865814 0.16000044
vt 0.66854137 0.15014446
vt 0.66768026 0.10002536
vt 0.66791004 0.14313853
vt 0.66805291 0.12150079
vt 0.66794342 0.11083913
vt 0.66886705 0.17760509
vt 0.66927755 0.05421096
vt 0.69721979 0.05320942
vt 0.33913037 0.54684830
vt 0.32951608 0.54837859
vt 0.32903078 0.55179954
vt 0.32293913 0.54626334
vt 0.32164827 0.54963672
vt 0.31389320 0.55455273
vt 0.30991110 0.54935437
vt 0.30891412 0.55248719
vt 0.30498356 0.55718905
vt 0.30133471 0.55522013
vt 0.29810381 0.56000626
vt 0.29374081 0.55785143
vt 0.30189681 0.55200064
vt 0.29305243 0.55569845
vt 0.29115042 0.56337970
vt 0.34968668 0.54994351
vt 0.34065774 0.54395592
vt 0.35556737 0.54606867
vt 0.36057323 0.54283154
vt 0.33854669 0.54407966
vt 0.36576962 0.54570550
vt 0.32120454 0.54651642
vt 0.36101490 0.55027902
vt 0.33310682 0.55299664
vt 0.31802016 0.55577612
vt 0.30733269 0.55854321
vt 0.37602618 0.54257166
vt 0.37728590 0.54493380
vt 0.29200166 0.56507915
vt 0.30096951 0.56162202
vt 0.29603773 0.56404370
vt 0.28073233 0.56995398
vt 0.31317300 0.55786520
vt 0.32554302 0.55506498
vt 0.28435233 0.57089698
vt 0.28023371 0.57256454
vt 0.26653737 0.57994992
vt 0.35117677 0.55251586
vt 0.26826626 0.58217019
vt 0.26529095 0.58330232
vt 0.46434465 0.59854126
vt 0.45188510 0.58815086
vt 0.46180600 0.59878236
vt 0.45871368 0.58786911
vt 0.46610740 0.59217137
vt 0.45195585 0.58124453
vt 0.44536838 0.58024752
vt 0.46900484 0.59963077
vt 0.45057678 0.57650977
vt 0.43975246 0.57301855
vt 0.44835427 0.57426643
vt 0.47067991 0.60796279
vt 0.47647893 0.60520566
vt 0.47782865 0.61259633
vt 0.47548646 0.61695176
vt 0.48291364 0.62039495
vt 0.47968018 0.62438792
vt 0.48061955 0.61107731
vt 0.48357618 0.61586636
vt 0.47013399 0.59663379
vt 0.47336036 0.60061002
vt 0.48924276 0.62641478
vt 0.48696598 0.63559765
vt 0.49206871 0.63264889
vt 0.48743832 0.62252367
vt 0.49288905 0.64169407
vt 0.48962244 0.64634532
vt 0.48664194 0.64010340
vt 0.46755803 0.60718805
vt 0.48238751 0.63172036
vt 0.49565595 0.65129310
vt 0.49300584 0.65625143
vt 0.47564134 0.61972421
vt 0.44888031 0.58684075
vt 0.48611066 0.64131624
vt 0.49025738 0.65345335
vt 0.49295694 0.66076320
vt 0.49255118 0.66517425
vt 0.49565595 0.67839396
vt 0.49314937 0.67686027
vt 0.49511486 0.68990171
vt 0.34464830 0.66545987
vt 0.30584207 0.71120560
vt 0.34687859 0.70113665
vt 0.28152853 0.68200588
vt 0.25483134 0.72670418
vt 0.24156432 0.68514192
vt 0.22439970 0.73132110
vt 0.22107625 0.71664751
vt 0.22329624 0.65779728
vt 0.21878113 0.70871753
vt 0.23351622 0.63273132
vt 0.24605632 0.61693782
vt 0.25992674 0.65962046
vt 0.28995726 0.62440854
vt 0.32932690 0.63983458
vt 0.33060843 0.61054695
vt 0.37189046 0.60584879
vt 0.39670798 0.62118590
vt 0.40006599 0.66022468
vt 0.43396008 0.63606489
vt 0.41399801 0.59443265
vt 0.44361445 0.59943300
vt 0.46756053 0.60942197
vt 0.43842909 0.57889777
vt 0.40402463 0.56594908
vt 0.41812697 0.56603688
vt 0.42559820 0.56947047
vt 0.41000345 0.56155688
vt 0.40327343 0.55971551
vt 0.38231751 0.57947707
vt 0.33076122 0.58406848
vt 0.35599709 0.55805427
vt 0.30434406 0.56698602
vt 0.30459410 0.59611171
vt 0.28289467 0.57842189
vt 0.25154889 0.59766275
vt 0.46717083 0.66341406
vt 0.48842359 0.72691780
vt 0.48426354 0.73846364
vt 0.47715858 0.75433749
vt 0.43284765 0.66589046
vt 0.43202105 0.70760471
vt 0.38476700 0.69715369
vt 0.43985814 0.79622453
vt 0.41286868 0.81110013
vt 0.42470554 0.80599344
vt 0.39993611 0.72327024
vt 0.39534548 0.77488291
vt 0.42623416 0.75733739
vt 0.35003793 0.79521161
vt 0.39224926 0.81743902
vt 0.37523204 0.82008606
vt 0.32766885 0.81860191
vt 0.30954608 0.81481105
vt 0.29852724 0.81081957
vt 0.28008714 0.80166960
vt 0.35048652 0.75404692
vt 0.29551542 0.77488577
vt 0.28991625 0.74543667
vt 0.26630789 0.76965272
vt 0.27251822 0.79696798
vt 0.24176945 0.76633650
vt 0.23370042 0.75130695
vt 0.24006911 0.76330793
vt 0.47344235 0.76121378
vt 0.46152759 0.77806860
vt 0.35476735 0.82189375
vt 0.23108067 0.62723815
vt 0.22645165 0.63767678
vt 0.22322847 0.64629978
vt 0.21993870 0.65954506
vt 0.21850565 0.68096888
vt 0.23549105 0.61875451
vt 0.24131586 0.61066616
vt 0.38677317 0.81940734
vt 0.31583261 0.81720877
vt 0.41745237 0.80955344
vt 0.39442334 0.55674225
vt 0.38866481 0.55447024
vt 0.36838567 0.55277199
vt 0.49212089 0.70680004
vt 0.39984730 0.81605339
vt 0.47985724 0.75041491
vt 0.33382589 0.82070893
vt 0.24978426 0.77698094
vt 0.40235120 0.55813694
vt 0.22793956 0.73909372
vt 0.26270816 0.78973985
vt 0.28524762 0.80548471
vt 0.48717812 0.73317039
vt 0.47122875 0.76587635
vt 0.44185778 0.79605615
vt 0.49052498 0.72264946
vt 0.43207967 0.80250096
vt 0.37084112 0.82182854
vt 0.23056841 0.74762416
vt 0.23497052 0.75631964
vt 0.22175208 0.72437340
vt 0.40866274 0.81351107
vt 0.43132275 0.57279962
vt 0.48362708 0.74277741
vt 0.44148412 0.58009529
vt 0.22769094 0.74144191
vt 0.22799836 0.63180017
vt 0.22082819 0.65102535
vt 0.29322624 0.80971700
vt 0.30269617 0.81335723
vt 0.22453760 0.63907999
vt 0.47625965 0.75826854
vt 0.41920844 0.56548280
vt 0.45128736 0.78941482
vt 0.46859559 0.77067983
vt 0.49437600 0.69981021
vt 0.25349802 0.59413451
vt 0.32909995 0.82122922
vt 0.45699105 0.78419715
vt 0.37470034 0.82244527
vt 0.49328941 0.71128643
vt 0.24508588 0.60413235
vt 0.39049149 0.82028383
vt 0.49086794 0.72558153
vt 0.48730469 0.73755097
vt 0.35072365 0.82319725
vt 0.48069423 0.75287294
vt 0.23058912 0.62449467
vt 0.30147430 0.81433785
vt 0.41030952 0.81450295
vt 0.32077834 0.81942767
vt 0.22022143 0.64755261
vt 0.31237191 0.81781667
vt 0.25628135 0.78557700
vt 0.25285691 0.78184181
vt 0.22640453 0.62915891
vt 0.27911815 0.80334622
vt 0.36755216 0.82312274
vt 0.46687090 0.77515393
vt 0.44083348 0.79908890
vt 0.40084687 0.81780261
vt 0.23407343 0.61616689
vt 0.29072866 0.81063867
vt 0.41766724 0.81175464
vt 0.22301994 0.63678080
vt 0.42464572 0.80856752
vt 0.43101031 0.80549127
vt 0.43768063 0.80326796
vt 0.41684958 0.36795759
vt 0.42144665 0.36951536
vt 0.42108938 0.37384099
vt 0.42591184 0.37293178
vt 0.40830889 0.36228669
vt 0.40550956 0.36416352
vt 0.40736803 0.36045837
vt 0.39565140 0.35763192
vt 0.42993873 0.37801170
vt 0.43273580 0.37780356
vt 0.44077078 0.38319981
vt 0.43847644 0.38474762
vt 0.44528568 0.38822198
vt 0.40027595 0.35728312
vt 0.38734007 0.35508978
vt 0.38787559 0.35337090
vt 0.44568545 0.38578928
vt 0.45248362 0.39160383
vt 0.45343393 0.39630556
vt 0.37349656 0.35256958
vt 0.36783642 0.35032904
vt 0.41380140 0.37245440
vt 0.40817279 0.37012780
vt 0.43143305 0.38237262
vt 0.42150962 0.37680280
vt 0.44100532 0.38925171
vt 0.44737247 0.39563006
vt 0.45101273 0.39686489
vt 0.43895116 0.37952733
vt 0.45395309 0.40182447
vt 0.40918046 0.36076093
vt 0.42100862 0.36742914
vt 0.43173566 0.37513304
vt 0.29272547 0.36242032
vt 0.29971585 0.36124790
vt 0.28866160 0.36665046
vt 0.28228742 0.36677611
vt 0.28234929 0.36968946
vt 0.29732734 0.36586249
vt 0.30412069 0.36347914
vt 0.30490452 0.35941219
vt 0.30915439 0.36030531
vt 0.28084540 0.37335891
vt 0.27052018 0.37464011
vt 0.31710485 0.35568637
vt 0.32637534 0.35685456
vt 0.31736463 0.35766077
vt 0.32621604 0.35473716
vt 0.33185521 0.35492629
vt 0.33664775 0.35913485
vt 0.34392288 0.35581934
vt 0.34735987 0.35800743
vt 0.32220164 0.35936856
vt 0.31623054 0.36166102
vt 0.35786068 0.35611862
vt 0.35604140 0.35295057
vt 0.34937394 0.35186541
vt 0.34276235 0.35385096
vt 0.33340612 0.35304880
vt 0.36454973 0.35138285
vt 0.36632815 0.35409451
vt 0.38226226 0.35603416
vt 0.27611816 0.36854470
vt 0.26652622 0.37355536
vt 0.26446891 0.37816954
vt 0.26013178 0.37890959
vt 0.35030663 0.35089684
vt 0.33962482 0.35116071
vt 0.26039940 0.37648517
vt 0.26350543 0.38132203
vt 0.25752103 0.38229984
vt 0.25393593 0.38061619
vt 0.25346187 0.38290811
vt 0.25519538 0.38479155
vt 0.24858388 0.38673854
vt 0.24663402 0.39053583
vt 0.24678354 0.38566083
vt 0.24006791 0.39129776
vt 0.24253428 0.39189661
vt 0.23521310 0.39531171
vt 0.23824883 0.39686072
vt 0.23066898 0.40182447
vt 0.26829287 0.37900388
vt 0.27563286 0.37596405
vt 0.37302905 0.35845071
vt 0.29566652 0.36026865
vt 0.39894345 0.36542571
vt 0.28953043 0.37067699
vt 0.30350524 0.35838068
vt 0.35767466 0.35757411
vt 0.28401554 0.36420774
vt 0.31164044 0.35561329
vt 0.26142138 0.37422264
vt 0.24869387 0.38270235
vt 0.27693805 0.36637110
vt 0.26880640 0.36982417
vt 0.34835210 0.35031116
vt 0.25780967 0.37622595
vt 0.23589346 0.39272517
vt 0.35339043 0.34969592
vt 0.77895927 0.08652884
vt 0.78533131 0.08494294
vt 0.78189135 0.08828783
vt 0.78177625 0.07729650
vt 0.78613830 0.07164133
vt 0.77925134 0.07587212
vt 0.78266960 0.06468964
vt 0.78517288 0.09312534
vt 0.77890456 0.09631145
vt 0.78189152 0.09992361
vt 0.77888793 0.08846098
vt 0.77924240 0.10413742
vt 0.78599721 0.10596633
vt 0.77950811 0.10796958
vt 0.78300560 0.11032313
vt 0.78536814 0.12089550
vt 0.78713143 0.11785614
vt 0.78005695 0.11563188
vt 0.78050119 0.12014741
vt 0.78827828 0.11385560
vt 0.78729045 0.08071661
vt 0.78724003 0.09953171
vt 0.78942126 0.12632263
vt 0.78790873 0.12954879
vt 0.78808147 0.10714275
vt 0.78742814 0.05653638
vt 0.78004313 0.06155431
vt 0.78306055 0.05360824
vt 0.78834295 0.06633496
vt 0.78751361 0.08929151
vt 0.78516346 0.04255903
vt 0.78083664 0.05222678
vt 0.79040170 0.03866202
vt 0.77995664 0.06389439
vt 0.77971369 0.11001158
vt 0.77922076 0.07762897
vt 0.79105127 0.13596874
vt 0.78795475 0.09873050
vt 0.78968084 0.12297678
vt 0.78073627 0.12257725
vt 0.78126389 0.12816328
vt 0.78828406 0.07267237
vt 0.79105127 0.04649788
vt 0.54295284 0.25679260
vt 0.54133373 0.25636256
vt 0.54042226 0.27413523
vt 0.54323345 0.24113911
vt 0.54220682 0.27194345
vt 0.54459256 0.24363339
vt 0.54421967 0.28817511
vt 0.53996527 0.28287089
vt 0.54277539 0.29642844
vt 0.54636121 0.30462563
vt 0.54651052 0.30027723
vt 0.54952216 0.31233710
vt 0.54640669 0.24369502
vt 0.54952210 0.22719371
vt 0.54622161 0.23002034
vt 0.63086814 0.80590492
vt 0.61565554 0.80470854
vt 0.62098503 0.80840087
vt 0.61144572 0.80674392
vt 0.62589967 0.80842745
vt 0.60197961 0.80528688
vt 0.60061067 0.80258536
vt 0.59125942 0.80331242
vt 0.59124917 0.80036265
vt 0.58299845 0.80003375
vt 0.57934159 0.79664510
vt 0.63201588 0.80465919
vt 0.64455587 0.80300534
vt 0.65403998 0.80228150
vt 0.64468336 0.80626410
vt 0.63465309 0.80721670
vt 0.65979344 0.80346817
vt 0.66404140 0.80012107
vt 0.66991395 0.80064201
vt 0.67298257 0.79790920
vt 0.67831612 0.79879421
vt 0.68298757 0.79420209
vt 0.68891519 0.79246974
vt 0.67024446 0.80230176
vt 0.65864497 0.80520570
vt 0.68938142 0.79410797
vt 0.69429606 0.79143351
vt 0.76332849 0.70933956
vt 0.76829642 0.69843441
vt 0.76854008 0.68962526
vt 0.76388502 0.71195948
vt 0.75930089 0.72091722
vt 0.75744450 0.72162133
vt 0.75260079 0.73151183
vt 0.75348228 0.73266721
vt 0.74670804 0.74131620
vt 0.74883634 0.74116749
vt 0.74017125 0.75057024
vt 0.74660653 0.74685264
vt 0.74303889 0.75216162
vt 0.73457712 0.76064342
vt 0.75907487 0.61291581
vt 0.75977784 0.61859888
vt 0.76308954 0.62054026
vt 0.76520175 0.62741882
vt 0.76310432 0.62860417
vt 0.76571548 0.63780367
vt 0.76882958 0.64257085
vt 0.76749659 0.64674801
vt 0.76890773 0.65363473
vt 0.74985832 0.60217887
vt 0.69905770 0.54881102
vt 0.69443995 0.54962844
vt 0.70237905 0.55371141
vt 0.69106531 0.54485279
vt 0.68706810 0.54627854
vt 0.68387640 0.54153341
vt 0.67809623 0.54334140
vt 0.71040070 0.55523205
vt 0.70963424 0.55824190
vt 0.71654665 0.56369740
vt 0.72012454 0.56562477
vt 0.71848768 0.56106961
vt 0.72614211 0.56805897
vt 0.73125958 0.57539660
vt 0.73351258 0.57531643
vt 0.73776847 0.58321857
vt 0.74294901 0.58638990
vt 0.74616802 0.59441555
vt 0.75333607 0.60175681
vt 0.75178701 0.60196692
vt 0.58817017 0.68655175
vt 0.61416370 0.72664118
vt 0.63351393 0.68950456
vt 0.63763303 0.75368869
vt 0.67228997 0.73653120
vt 0.65297258 0.69096017
vt 0.67922771 0.67117226
vt 0.65952021 0.67045128
vt 0.66378188 0.64006811
vt 0.70036083 0.60328096
vt 0.72293115 0.65158874
vt 0.75868565 0.66694725
vt 0.75192648 0.61447531
vt 0.75887644 0.62885702
vt 0.76334864 0.64274436
vt 0.76470512 0.65297002
vt 0.76562816 0.66411668
vt 0.76472181 0.67864722
vt 0.76348573 0.69113040
vt 0.71897382 0.57533306
vt 0.70916843 0.56391782
vt 0.69169599 0.55273241
vt 0.65414250 0.57499254
vt 0.64601642 0.61156875
vt 0.67482942 0.54659694
vt 0.71340936 0.71798366
vt 0.75987148 0.70711756
vt 0.75463283 0.71717423
vt 0.69336355 0.76766682
vt 0.74452657 0.73673725
vt 0.70738804 0.77281374
vt 0.67893809 0.79293543
vt 0.69949651 0.78529888
vt 0.66549706 0.78014553
vt 0.63125700 0.64031076
vt 0.63009542 0.66195512
vt 0.65320843 0.66124010
vt 0.63728648 0.66316569
vt 0.61700577 0.65687162
vt 0.62268746 0.67601311
vt 0.60522425 0.66511977
vt 0.62934828 0.61912864
vt 0.62171489 0.60799378
vt 0.61369425 0.59451437
vt 0.61144674 0.60217410
vt 0.64567536 0.79919136
vt 0.61703378 0.77943867
vt 0.61721432 0.79966116
vt 0.59923214 0.79559106
vt 0.58712894 0.79340219
vt 0.57972163 0.71727240
vt 0.56055677 0.74962538
vt 0.57110435 0.78601128
vt 0.55838108 0.77602041
vt 0.54647350 0.76845419
vt 0.52519751 0.74563432
vt 0.51824307 0.72927117
vt 0.54253745 0.69419909
vt 0.51382023 0.68791759
vt 0.54709339 0.67008841
vt 0.50662839 0.65634900
vt 0.50704628 0.70144701
vt 0.50424945 0.68565249
vt 0.50445539 0.66749078
vt 0.54900843 0.63220942
vt 0.51080328 0.63414013
vt 0.51995218 0.61574972
vt 0.52425230 0.60076231
vt 0.53028113 0.59488863
vt 0.54406786 0.57679981
vt 0.53717780 0.58520079
vt 0.58293849 0.55269521
vt 0.66925305 0.54585975
vt 0.61526281 0.56498909
vt 0.57128012 0.58988863
vt 0.58710021 0.59003228
vt 0.59817290 0.60051662
vt 0.65571928 0.54258227
vt 0.64104235 0.54151982
vt 0.63530421 0.54092300
vt 0.62521636 0.54092973
vt 0.61119342 0.54421276
vt 0.59827650 0.54582828
vt 0.56928229 0.60504156
vt 0.56570661 0.62447435
vt 0.57323271 0.61744583
vt 0.57166046 0.64306694
vt 0.58774400 0.65561152
vt 0.63977653 0.68685234
vt 0.64534771 0.68709111
vt 0.63374281 0.68509299
vt 0.64306134 0.66368496
vt 0.64702708 0.66491908
vt 0.56848913 0.55821949
vt 0.73586065 0.74981260
vt 0.71939838 0.77026486
vt 0.73192787 0.75919396
vt 0.54453158 0.77389324
vt 0.52881938 0.75538617
vt 0.55369884 0.78119826
vt 0.56336725 0.78800064
vt 0.60544032 0.65306842
vt 0.61428994 0.64878935
vt 0.62267959 0.64120620
vt 0.62411249 0.63587815
vt 0.62482727 0.62818170
vt 0.75049794 0.72660601
vt 0.72603983 0.57586676
vt 0.71529108 0.56690663
vt 0.75231141 0.61095190
vt 0.75832456 0.62455904
vt 0.63317961 0.66455865
vt 0.62703043 0.67085922
vt 0.62634665 0.67549002
vt 0.62885195 0.68079472
vt 0.52024144 0.60794663
vt 0.51005995 0.71528536
vt 0.50684381 0.64928043
vt 0.65044218 0.68446243
vt 0.57034069 0.79186481
vt 0.57839936 0.59721112
vt 0.57452130 0.60918158
vt 0.58557826 0.59697837
vt 0.59075707 0.60005915
vt 0.65216964 0.66935372
vt 0.65363955 0.67291921
vt 0.65375727 0.67630345
vt 0.65232188 0.68171716
vt 0.65029061 0.66697484
vt 0.57573563 0.63457513
vt 0.57330102 0.62852043
vt 0.57557052 0.63839883
vt 0.58148438 0.64591861
vt 0.58606416 0.64700979
vt 0.59000313 0.64985234
vt 0.59734899 0.65230966
vt 0.76654196 0.69456512
vt 0.69892699 0.55618000
vt 0.70490772 0.55906940
vt 0.50616580 0.71679747
vt 0.50401723 0.70821369
vt 0.50210643 0.69874752
vt 0.51806182 0.74069118
vt 0.50985241 0.72698015
vt 0.51049507 0.61920279
vt 0.62507701 0.62057132
vt 0.64827543 0.54086047
vt 0.59842545 0.60286134
vt 0.60874778 0.60331297
vt 0.76793253 0.68417865
vt 0.76933104 0.67624760
vt 0.76933104 0.66413027
vt 0.50417536 0.63850313
vt 0.50630075 0.63069940
vt 0.50081277 0.65716058
vt 0.50048947 0.68871880
vt 0.50000000 0.67654735
vt 0.50428522 0.67723161
vt 0.68199050 0.54798108
vt 0.50273478 0.64959830
vt 0.58728909 0.60044920
vt 0.58776462 0.54573673
vt 0.57239181 0.55257666
vt 0.57678896 0.55194324
vt 0.57916236 0.54840767
vt 0.52523887 0.59246349
vt 0.53297710 0.76344430
vt 0.52394706 0.75214159
vt 0.76153463 0.63551068
vt 0.61553377 0.53850728
vt 0.60690039 0.53998560
vt 0.59877747 0.54188657
vt 0.57620865 0.61752987
vt 0.61002356 0.60528642
vt 0.60105342 0.60743493
vt 0.61439949 0.60858548
vt 0.60575694 0.61049753
vt 0.60976547 0.61819381
vt 0.61877751 0.61438978
vt 0.61976177 0.62680542
vt 0.59643537 0.60632312
vt 0.59275991 0.60553157
vt 0.60909343 0.62318325
vt 0.61893374 0.63127625
vt 0.60605395 0.63977671
vt 0.61793756 0.63642377
vt 0.61143088 0.64249390
vt 0.58725303 0.60766703
vt 0.60170025 0.64821666
vt 0.59295434 0.64492458
vt 0.59909892 0.63442391
vt 0.59508193 0.63516706
vt 0.60434294 0.63225716
vt 0.60743439 0.62752432
vt 0.58942133 0.63390779
vt 0.57744682 0.63193953
vt 0.58891827 0.64608169
vt 0.58278376 0.62721461
vt 0.57587314 0.62087125
vt 0.58139330 0.62148160
vt 0.58026367 0.61468655
vt 0.57891774 0.61052793
vt 0.62049323 0.62130129
vt 0.58082426 0.64024740
vt 0.61149752 0.64532936
vt 0.60606998 0.64830041
vt 0.62537557 0.53750080
vt 0.63278943 0.53735882
vt 0.63676023 0.53745610
vt 0.66370273 0.54436421
vt 0.57399642 0.62771362
vt 0.61768401 0.63871962
vt 0.51935166 0.60189772
vt 0.51533949 0.60912776
vt 0.58115917 0.60133016
vt 0.57779127 0.60683918
vt 0.53400260 0.58170456
vt 0.52977097 0.58696377
vt 0.55089009 0.56758696
vt 0.54484797 0.57017678
vt 0.58540267 0.60374749
vt 0.59219325 0.64696831
vt 0.59844398 0.64788860
vt 0.58152747 0.60714120
vt 0.56522423 0.55579031
vt 0.57583326 0.62782019
vt 0.62035388 0.61014694
vt 0.64565229 0.53736681
vt 0.66225958 0.53957504
vt 0.66993636 0.54104650
vt 0.65334165 0.53820843
vt 0.60388112 0.65025711
vt 0.61356145 0.64721268
vt 0.61041045 0.64725894
vt 0.61783761 0.64307427
vt 0.61912560 0.63985884
vt 0.62173223 0.63762116
vt 0.62067527 0.63433546
vt 0.62222099 0.63250881
vt 0.62319082 0.62612438
vt 0.62129927 0.63061517
vt 0.62168568 0.62603390
vt 0.62210965 0.62168640
vt 0.60041142 0.64978218
vt 0.59462863 0.64904320
vt 0.59033304 0.64834905
vt 0.73446947 0.58209205
vt 0.61134225 0.60497504
vt 0.58238274 0.64393985
vt 0.57744133 0.63771528
vt 0.62268400 0.61943883
vt 0.62013948 0.61478686
vt 0.61648375 0.60843474
vt 0.60444605 0.63026500
vt 0.61862856 0.63431174
vt 0.63092256 0.67841589
vt 0.63090962 0.66969806
vt 0.63386619 0.66632879
vt 0.63372904 0.67539042
vt 0.63555628 0.66810113
vt 0.63931447 0.67156124
vt 0.63887435 0.67917186
vt 0.64382982 0.67809242
vt 0.64747173 0.67603970
vt 0.64399672 0.67166811
vt 0.65016967 0.67456776
vt 0.65019757 0.67696232
vt 0.64639968 0.68176824
vt 0.64884967 0.68106419
vt 0.63523185 0.68179786
vt 0.63972050 0.68329954
vt 0.63213420 0.67934984
vt 0.64117140 0.66900307
vt 0.64457381 0.67945313
vt 0.64695293 0.66890377
vt 0.65065205 0.67316371
vt 0.64223588 0.66708946
vt 0.64035749 0.68223631
vt 0.64002979 0.66598207
vt 0.61957419 0.62891775
vt 0.64550394 0.68350899
vt 0.72953761 0.76297891
vt 0.57419831 0.54934675
vt 0.58221364 0.61536711
vt 0.53983098 0.57189256
vt 0.71339089 0.77772129
vt 0.72205287 0.77217680
vt 0.63427705 0.68330079
vt 0.63880092 0.68623596
vt 0.88235867 0.89261204
vt 0.87661958 0.88773245
vt 0.88312101 0.88914508
vt 0.87419194 0.89187157
vt 0.89093310 0.89081508
vt 0.89034981 0.89550275
vt 0.87000924 0.88750684
vt 0.86851436 0.89149392
vt 0.88009346 0.88479602
vt 0.89016789 0.88689369
vt 0.87252283 0.88315761
vt 0.86070597 0.88054961
vt 0.89776903 0.89306378
vt 0.89553595 0.89727366
vt 0.89869481 0.88914943
vt 0.90658516 0.89085472
vt 0.86201960 0.89016396
vt 0.86190271 0.88455826
vt 0.89978993 0.89633566
vt 0.90400511 0.89381325
vt 0.90559852 0.89878368
vt 0.91190010 0.89616185
vt 0.91481805 0.89373362
vt 0.90290660 0.88344663
vt 0.90065956 0.88137138
vt 0.90807831 0.88514376
vt 0.91716474 0.88860315
vt 0.91837513 0.89218849
vt 0.92143548 0.89172822
vt 0.92325330 0.88301963
vt 0.91678739 0.88040739
vt 0.90955818 0.87232357
vt 0.91996390 0.86934471
vt 0.90188986 0.87784249
vt 0.91757303 0.86388898
vt 0.92031938 0.89703715
vt 0.90086913 0.84075856
vt 0.89836222 0.83480954
vt 0.90704417 0.83658367
vt 0.90600842 0.82732928
vt 0.90573913 0.84918284
vt 0.89355636 0.84071130
vt 0.90055639 0.84580141
vt 0.89613640 0.82651770
vt 0.89147186 0.83418608
vt 0.90978402 0.84400815
vt 0.91083276 0.83425021
vt 0.91011226 0.82383108
vt 0.89254236 0.82233238
vt 0.89304465 0.81924897
vt 0.89988863 0.81592512
vt 0.88986766 0.81321305
vt 0.88702250 0.81838983
vt 0.90277952 0.86085165
vt 0.89836919 0.85192406
vt 0.90953147 0.81850100
vt 0.88737726 0.83806586
vt 0.88961595 0.85455602
vt 0.88545626 0.82729489
vt 0.88278598 0.82397836
vt 0.88223910 0.83752370
vt 0.88146067 0.81939685
vt 0.87489980 0.83010441
vt 0.87994558 0.83662117
vt 0.87944287 0.84431565
vt 0.89096206 0.87820190
vt 0.88252467 0.87637526
vt 0.88267046 0.86216533
vt 0.88151562 0.84760052
vt 0.87024736 0.87504601
vt 0.89100438 0.84695435
vt 0.87193215 0.85812163
vt 0.86480796 0.86190766
vt 0.87333471 0.84133637
vt 0.86239529 0.87533778
vt 0.90076184 0.80783284
vt 0.88636667 0.84180772
vt 0.91471887 0.84303457
vt 0.91753370 0.82920414
vt 0.91207695 0.80877048
vt 0.89032435 0.80008388
vt 0.88563192 0.80351478
vt 0.91699326 0.81535167
vt 0.92095149 0.82361776
vt 0.86274105 0.85384482
vt 0.90716141 0.86557341
vt 0.90023088 0.86787206
vt 0.91681039 0.80740744
vt 0.87495857 0.81751573
vt 0.88133860 0.80397701
vt 0.86722374 0.83583784
vt 0.85434657 0.86672407
vt 0.85409015 0.87196261
vt 0.86335880 0.84715652
vt 0.85416079 0.87737250
vt 0.91438913 0.85402298
vt 0.90147853 0.79456878
vt 0.91341811 0.79868144
vt 0.84993172 0.87548745
vt 0.85771155 0.85059386
vt 0.86735404 0.81737918
vt 0.86543328 0.82989591
vt 0.86909544 0.80641145
vt 0.88733071 0.79363436
vt 0.85132730 0.88313216
vt 0.89179641 0.78904819
vt 0.85190004 0.83977318
vt 0.87420249 0.79334581
vt 0.86117411 0.80830514
vt 0.86425483 0.80468780
vt 0.85314125 0.81508213
vt 0.90268314 0.78671980
vt 0.87816745 0.87906289
vt 0.88590300 0.88017893
vt 0.89418179 0.88227350
vt 0.84809786 0.85232335
vt 0.88941753 0.78239655
vt 0.87473160 0.78502053
vt 0.86636877 0.79216570
vt 0.91717410 0.79223299
vt 0.92214489 0.80675989
vt 0.89356732 0.77839977
vt 0.92483544 0.81549746
vt 0.91580683 0.78351969
vt 0.90462577 0.78026921
vt 0.92357826 0.83995235
vt 0.85963488 0.80039191
vt 0.84907442 0.80634093
vt 0.84885526 0.79861730
vt 0.84526539 0.86541402
vt 0.84734011 0.87625062
vt 0.84489495 0.88085091
vt 0.84333718 0.87469268
vt 0.84251732 0.87747514
vt 0.84397048 0.83275837
vt 0.84097630 0.81253147
vt 0.84404731 0.88436115
vt 0.83699322 0.81926721
vt 0.84193259 0.80232233
vt 0.83908772 0.84901750
vt 0.83441263 0.85867739
vt 0.84102541 0.86638743
vt 0.83283681 0.82915044
vt 0.82719862 0.85185480
vt 0.82626057 0.83985114
vt 0.83709663 0.83584428
vt 0.83880013 0.88079143
vt 0.81695634 0.83817047
vt 0.81871301 0.82656431
vt 0.85070086 0.88651574
vt 0.85756487 0.88816679
vt 0.82484597 0.81517333
vt 0.82527816 0.80568773
vt 0.82403290 0.86615688
vt 0.83351898 0.86868340
vt 0.82974982 0.79618746
vt 0.81382269 0.84774500
vt 0.81549561 0.81203115
vt 0.82115239 0.87656564
vt 0.81473827 0.86024213
vt 0.81243575 0.80472267
vt 0.83100992 0.88027656
vt 0.82713050 0.88606101
vt 0.83084935 0.88807434
vt 0.83678156 0.88845307
vt 0.83237416 0.89165437
vt 0.80871236 0.81763959
vt 0.80484074 0.83474499
vt 0.81795740 0.86823773
vt 0.82138973 0.88365799
vt 0.80269533 0.80716431
vt 0.85074174 0.88954246
vt 0.84467947 0.88918769
vt 0.80180001 0.82514197
vt 0.82085222 0.88663286
vt 0.80698544 0.86208671
vt 0.80631095 0.87092125
vt 0.84073502 0.88868523
vt 0.82239455 0.88959521
vt 0.82726789 0.89181793
vt 0.82856953 0.89509982
vt 0.92404372 0.84924352
vt 0.83380705 0.89427608
vt 0.83991319 0.89211118
vt 0.84528643 0.89342064
vt 0.82431602 0.89542180
vt 0.84126598 0.89416778
vt 0.85556495 0.89203584
vt 0.82990271 0.89744121
vt 0.82727319 0.89878368
vt 0.83575732 0.89559108
vt 0.82052356 0.89808285
vt 0.89407879 0.74967885
vt 0.89679343 0.73803961
vt 0.90889448 0.74024010
vt 0.90561473 0.75184381
vt 0.91061801 0.72190702
vt 0.90080148 0.71513647
vt 0.89180028 0.72517413
vt 0.91170210 0.71198392
vt 0.89080977 0.73945147
vt 0.89115149 0.71110129
vt 0.89260697 0.75768626
vt 0.90571642 0.76235241
vt 0.89269459 0.77045864
vt 0.91441226 0.75533062
vt 0.90527737 0.77305621
vt 0.92367351 0.72769403
vt 0.92080861 0.74038124
vt 0.92113101 0.75600249
vt 0.92562205 0.71470636
vt 0.92015469 0.76947683
vt 0.92787480 0.73724562
vt 0.92648929 0.75320578
vt 0.92458916 0.70573545
vt 0.91287988 0.70269942
vt 0.93103451 0.71424156
vt 0.91936064 0.78055263
vt 0.92630005 0.76947671
vt 0.92911673 0.68620843
vt 0.91567624 0.67977965
vt 0.92583013 0.67756122
vt 0.93267512 0.67538404
vt 0.93412256 0.68939096
vt 0.91592199 0.67305619
vt 0.94499010 0.67873877
vt 0.93896484 0.69729298
vt 0.94141251 0.72594112
vt 0.93546152 0.73974127
vt 0.94110674 0.71454465
vt 0.94451106 0.68554008
vt 0.94314748 0.70531458
vt 0.93131989 0.75625563
vt 0.93744719 0.74593902
vt 0.94933158 0.68272823
vt 0.93297035 0.76964557
vt 0.94845915 0.72223210
vt 0.95590597 0.68000871
vt 0.95466548 0.70515901
vt 0.95743787 0.69707745
vt 0.95097077 0.73371363
vt 0.95311791 0.72623843
vt 0.95703858 0.68222713
vt 0.93898541 0.75271404
vt 0.92915785 0.77990800
vt 0.92316800 0.78890926
vt 0.95010358 0.74997252
vt 0.96743828 0.68084967
vt 0.96991408 0.70196003
vt 0.96827722 0.71861339
vt 0.93671018 0.76950747
vt 0.97281218 0.68810117
vt 0.96938622 0.68300909
vt 0.97833395 0.68379909
vt 0.98534459 0.68704754
vt 0.98902065 0.68491125
vt 0.95749366 0.74652398
vt 0.96145153 0.73209453
vt 0.95119476 0.76196975
vt 0.98256195 0.70591116
vt 0.98898220 0.68684870
vt 0.93642861 0.78372675
vt 0.96546388 0.73691773
vt 0.97391516 0.71954358
vt 0.93102127 0.78882146
vt 0.96265531 0.75398958
vt 0.98727298 0.71852553
vt 0.99298793 0.69043195
vt 0.99782652 0.68771267
vt 0.94704342 0.78263366
vt 0.97413850 0.73505795
vt 0.95823318 0.76539552
vt 0.93769366 0.79277092
vt 0.98605865 0.73097694
vt 0.98436505 0.74147898
vt 0.99645776 0.70896560
vt 0.99862415 0.71898240
vt 0.99499971 0.72957665
vt 0.92632753 0.80314714
vt 0.93147773 0.80320174
vt 0.95971256 0.78458947
vt 0.96505004 0.76858568
vt 0.96802819 0.75699574
vt 0.99956560 0.69079757
vt 0.94809031 0.79923910
vt 0.93686301 0.80420548
vt 0.98048764 0.68138689
vt 0.93132967 0.81585324
vt 0.94293302 0.81592071
vt 0.94798201 0.67651266
vt 0.94181943 0.67563468
vt 0.95696443 0.67791474
vt 0.92640072 0.82225698
vt 0.93179524 0.82543689
vt 0.99293882 0.68440551
vt 0.93159235 0.67255569
vt 0.90388536 0.66902822
vt 0.96862370 0.67887735
vt 0.89899802 0.70262372
vt 0.90213335 0.68301731
vt 0.89971507 0.67260724
vt 0.89342457 0.68334699
vt 0.89289033 0.67508966
vt 0.88692164 0.70253366
vt 0.88960332 0.67257303
vt 0.88524121 0.67685926
vt 0.88122976 0.69041783
vt 0.88069957 0.72459674
vt 0.88237739 0.73965925
vt 0.87190449 0.70969653
vt 0.87036461 0.69306821
vt 0.87224382 0.67918694
vt 0.87348902 0.67091507
vt 0.87948948 0.67146856
vt 0.88595760 0.75198030
vt 0.86947829 0.72346294
vt 0.88680625 0.76100183
vt 0.86063653 0.67793673
vt 0.86519748 0.67166233
vt 0.86020648 0.69056445
vt 0.85780084 0.70082659
vt 0.86013246 0.71735758
vt 0.85360718 0.67277044
vt 0.84838843 0.67629176
vt 0.84427100 0.67090327
vt 0.86879146 0.73750514
vt 0.84777093 0.69186825
vt 0.85027379 0.70691442
vt 0.87917417 0.75819665
vt 0.86123663 0.73581088
vt 0.85499579 0.72114700
vt 0.86368817 0.74996191
vt 0.88774008 0.77096111
vt 0.87943083 0.77228057
vt 0.87528735 0.76445979
vt 0.86524880 0.76083857
vt 0.85494769 0.67040533
vt 0.84551573 0.66943502
vt 0.84059751 0.70380765
vt 0.84192711 0.71591562
vt 0.84065735 0.68727279
vt 0.83785278 0.67442626
vt 0.83576548 0.67084795
vt 0.83422267 0.70283210
vt 0.85329080 0.74489504
vt 0.84994608 0.73253202
vt 0.87110257 0.77440590
vt 0.85551417 0.76422125
vt 0.84861869 0.75774050
vt 0.82965052 0.69300675
vt 0.86133176 0.77420831
vt 0.83189404 0.71425551
vt 0.83988881 0.73706424
vt 0.86738849 0.78439182
vt 0.85230267 0.77382475
vt 0.83488011 0.74322641
vt 0.83328110 0.75687402
vt 0.82986355 0.67895687
vt 0.83080769 0.67191476
vt 0.82864666 0.70263904
vt 0.84486824 0.76949519
vt 0.85675478 0.79082525
vt 0.84905219 0.78738171
vt 0.82233745 0.69362777
vt 0.82073140 0.73780715
vt 0.84100413 0.78163326
vt 0.81646353 0.69842333
vt 0.81682801 0.71772265
vt 0.82140589 0.67399895
vt 0.81756711 0.67221820
vt 0.83145398 0.77551258
vt 0.81802976 0.75800765
vt 0.81864822 0.77006590
vt 0.81606817 0.67454880
vt 0.80872166 0.74242228
vt 0.83971858 0.79119217
vt 0.81027848 0.71367711
vt 0.80239540 0.72994679
vt 0.80907810 0.68868810
vt 0.80931014 0.67403018
vt 0.83013844 0.78845787
vt 0.82191736 0.78622031
vt 0.81008559 0.75976360
vt 0.80436802 0.69852978
vt 0.79882884 0.70848864
vt 0.81329280 0.77701658
vt 0.80145675 0.76135898
vt 0.79659522 0.75171626
vt 0.80141485 0.68198669
vt 0.80276841 0.67505407
vt 0.79425967 0.67622620
vt 0.79526842 0.73274988
vt 0.79209471 0.68159169
vt 0.78747177 0.67778856
vt 0.79589182 0.69005835
vt 0.77867383 0.67678833
vt 0.78979272 0.67405927
vt 0.78091860 0.67453283
vt 0.77784985 0.68465179
vt 0.81982541 0.79536015
vt 0.81273341 0.79253596
vt 0.79961640 0.77954543
vt 0.79127264 0.70536929
vt 0.78304595 0.68957400
vt 0.79500872 0.67373943
vt 0.80392653 0.79138607
vt 0.80284649 0.67311519
vt 0.86649519 0.66929799
vt 0.80853868 0.67204839
vt 0.88808715 0.66958880
vt 0.87753642 0.66947055
vt 0.90094954 0.67151713
vt 0.83335030 0.66898686
vt 0.82627910 0.66963470
vt 0.77106863 0.67675829
vt 0.85177916 0.66793370
vt 0.83879656 0.66681147
vt 0.04278293 0.68145001
vt 0.04300608 0.67295343
vt 0.03931017 0.68404073
vt 0.03970008 0.66787583
vt 0.03827359 0.67541826
vt 0.04247595 0.70629698
vt 0.03887998 0.70211333
vt 0.03901397 0.70735151
vt 0.03947432 0.69650453
vt 0.04263524 0.69849318
vt 0.03889896 0.71197826
vt 0.04264908 0.68935877
vt 0.03928858 0.68814766
vt 0.03798931 0.69391477
vt 0.04250491 0.78369355
vt 0.04161388 0.77572805
vt 0.04029507 0.76922864
vt 0.03848779 0.80758941
vt 0.02087694 0.80804384
vt 0.01555522 0.82048136
vt 0.03596433 0.81921202
vt 0.02101136 0.82694679
vt 0.03736214 0.82677376
vt 0.01008123 0.80988765
vt 0.01070857 0.82624811
vt 0.04011619 0.82614940
vt 0.03361774 0.79219770
vt 0.00939340 0.79468763
vt 0.03848790 0.78660125
vt 0.03992315 0.79200363
vt 0.00890290 0.78171986
vt 0.00781801 0.79209161
vt 0.03169138 0.78098464
vt 0.00721119 0.77822340
vt 0.03836810 0.77576047
vt 0.04122020 0.82176238
vt 0.01527432 0.77214873
vt 0.00726082 0.77143025
vt 0.03480097 0.76290238
vt 0.03902728 0.77134603
vt 0.00712832 0.76392311
vt 0.00710228 0.76010543
vt 0.03797055 0.75932747
vt 0.03124687 0.75369406
vt 0.00856095 0.75182486
vt 0.00692824 0.75112695
vt 0.03745012 0.74740630
vt 0.03734810 0.83448160
vt 0.01238452 0.83661449
vt 0.00944322 0.83080178
vt 0.00998847 0.84458357
vt 0.04084902 0.84150410
vt 0.00819128 0.81089592
vt 0.00754329 0.79393882
vt 0.04050471 0.80578202
vt 0.02647817 0.74215800
vt 0.00705379 0.74385256
vt 0.03919744 0.75049460
vt 0.03747241 0.73925185
vt 0.04026748 0.78069752
vt 0.03849535 0.84850520
vt 0.01964069 0.84926152
vt 0.01076923 0.84645742
vt 0.04230433 0.83780533
vt 0.00881431 0.82566273
vt 0.03745076 0.73210251
vt 0.00703361 0.73672873
vt 0.03899246 0.73474658
vt 0.03880955 0.72836304
vt 0.04300608 0.81673419
vt 0.03965787 0.76037693
vt 0.01184514 0.72697163
vt 0.00706313 0.72835708
vt 0.02271440 0.72111386
vt 0.03784336 0.72545242
vt 0.03931743 0.74371618
vt 0.00716075 0.71888703
vt 0.03766645 0.71535432
vt 0.00729433 0.71206260
vt 0.01973134 0.70918673
vt 0.03931298 0.72319382
vt 0.00755255 0.70423412
vt 0.02722217 0.70241439
vt 0.00863229 0.69656694
vt 0.02023371 0.68874383
vt 0.00910959 0.68485969
vt 0.00752951 0.69209498
vt 0.00762660 0.68345082
vt 0.02902025 0.68469071
vt 0.01331345 0.67591882
vt 0.02640478 0.67497897
vt 0.00772992 0.67645699
vt 0.00799197 0.66652352
vt 0.01712332 0.66683358
vt 0.00692652 0.70188594
vt 0.00651607 0.69783014
vt 0.03880958 0.65945083
vt 0.00805497 0.65881848
vt 0.01797680 0.65851969
vt 0.00821776 0.65185654
vt 0.02653842 0.64638680
vt 0.01007484 0.64480227
vt 0.03893383 0.64787924
vt 0.00832261 0.64373487
vt 0.04039978 0.65999496
vt 0.04077357 0.65112662
vt 0.04196674 0.79173255
vt 0.03983244 0.63954860
vt 0.04137820 0.63814074
vt 0.85095972 0.11706716
vt 0.85422921 0.11401910
vt 0.85194016 0.11375582
vt 0.85407031 0.10969728
vt 0.85735428 0.10765159
vt 0.86256742 0.11261415
vt 0.86068898 0.11699146
vt 0.85872722 0.11952198
vt 0.85137719 0.11769187
vt 0.85416418 0.10852027
vt 0.86403126 0.10754836
vt 0.86247003 0.10065413
vt 0.85791993 0.10034752
vt 0.86403126 0.12003392
vt 0.85013336 0.10511959
vt 0.84617388 0.11272740
vt 0.84519535 0.11465341
vt 0.84252810 0.11072946
vt 0.84652811 0.10214031
vt 0.84057343 0.11336482
vt 0.85858226 0.12293661
vt 0.84174734 0.11525810
vt 0.84701222 0.11971444
vt 0.84910315 0.12047446
vt 0.85201573 0.12152624
vt 0.99787676 0.26858789
vt 0.99636984 0.27711874
vt 0.99826854 0.28191924
vt 0.99660993 0.28743362
vt 0.99498534 0.26957476
vt 0.99646974 0.25992846
vt 0.99449486 0.27833992
vt 0.99455035 0.28740668
vt 0.99428326 0.29486585
vt 0.99592376 0.29938340
vt 0.98717135 0.28730446
vt 0.97188693 0.27777851
vt 0.97388536 0.26905704
vt 0.96584034 0.28689510
vt 0.96612650 0.26962984
vt 0.96545506 0.28073734
vt 0.96367997 0.28889239
vt 0.96613455 0.29417604
vt 0.97309947 0.25928080
vt 0.96475679 0.25830591
vt 0.97286028 0.30293405
vt 0.99573255 0.30472696
vt 0.96349937 0.30002177
vt 0.96399391 0.27205491
vt 0.96393347 0.26044625
vt 0.96399564 0.30506623
vt 0.99571478 0.25073069
vt 0.96502286 0.24940711
vt 0.96345550 0.28166401
vt 0.96263671 0.29481304
vt 0.96590781 0.31442970
vt 0.99442583 0.31309432
vt 0.99416691 0.31953108
vt 0.96321422 0.31288767
vt 0.99639291 0.31569499
vt 0.97337478 0.31961453
vt 0.99472690 0.33178020
vt 0.97401643 0.33165753
vt 0.96346271 0.32264650
vt 0.96466631 0.32985663
vt 0.99626452 0.33122408
vt 0.96369517 0.33484519
vt 0.99602449 0.33837438
vt 0.99428409 0.34444225
vt 0.96509582 0.34276807
vt 0.99676168 0.34690928
vt 0.96386009 0.35412782
vt 0.99461246 0.35086620
vt 0.99396753 0.36013085
vt 0.96561849 0.35971034
vt 0.99667364 0.35945487
vt 0.96260786 0.32981956
vt 0.96320963 0.34104699
vt 0.96342885 0.35826534
vt 0.99733323 0.24586689
vt 0.99484974 0.36949420
vt 0.96578437 0.37008882
vt 0.99530298 0.37863588
vt 0.96586019 0.38007867
vt 0.99720478 0.37799144
vt 0.96405917 0.37850100
vt 0.97349322 0.38919318
vt 0.96601903 0.39291871
vt 0.99520075 0.39074993
vt 0.99750066 0.39251137
vt 0.99637324 0.40236878
vt 0.99812144 0.40283263
vt 0.97071892 0.40362310
vt 0.96522522 0.40452224
vt 0.96436960 0.39526200
vt 0.99682957 0.41503835
vt 0.99822694 0.41319299
vt 0.97194344 0.41759628
vt 0.96722531 0.41305667
vt 0.96573651 0.41648537
vt 0.96529830 0.41324276
vt 0.96613932 0.42398977
vt 0.99734902 0.42473435
vt 0.99869680 0.42313558
vt 0.98487717 0.43275666
vt 0.96251363 0.30721384
vt 0.96241558 0.30078185
vt 0.95855188 0.30051267
vt 0.96006519 0.29334140
vt 0.96257776 0.28855693
vt 0.96287268 0.28516698
vt 0.96009141 0.28113627
vt 0.96266067 0.27602339
vt 0.95716435 0.28964496
vt 0.95950747 0.27159226
vt 0.95706898 0.27824688
vt 0.96297896 0.26495278
vt 0.96063542 0.26451981
vt 0.96062410 0.25671887
vt 0.96345460 0.25646174
vt 0.95622456 0.26858199
vt 0.95657170 0.26347631
vt 0.96337575 0.24979633
vt 0.95472282 0.28745532
vt 0.95765901 0.25382984
vt 0.95438749 0.29088604
vt 0.95513457 0.27423584
vt 0.96010488 0.24779260
vt 0.96826488 0.43261254
vt 0.96641213 0.43171012
vt 0.95453596 0.29946810
vt 0.99741721 0.43310165
vt 0.96726912 0.24336386
vt 0.96501809 0.24119610
vt 0.95704067 0.24663675
vt 0.95903105 0.24179840
vt 0.96385139 0.24163079
vt 0.96146059 0.23564553
vt 0.99601901 0.23713249
vt 0.95784330 0.23472393
vt 0.95901579 0.22867632
vt 0.95554274 0.25587291
vt 0.96300071 0.23032141
vt 0.96415526 0.23436940
vt 0.95561242 0.24368334
vt 0.96552104 0.23511934
vt 0.98601460 0.22952127
vt 0.96596825 0.22914046
vt 0.99648935 0.22731155
vt 0.99840468 0.23596448
vt 0.96222514 0.22196722
vt 0.95934117 0.22131836
vt 0.98998290 0.21691078
vt 0.96780801 0.22144103
vt 0.96580231 0.22268796
vt 0.99866718 0.22297877
vt 0.96444911 0.22582209
vt 0.96775925 0.21607506
vt 0.99869680 0.21341592
vt 0.96251082 0.31438303
vt 0.96497387 0.21851599
vt 0.96644741 0.21155459
vt 0.96302783 0.21225089
vt 0.96614814 0.20807993
vt 0.95674074 0.22831392
vt 0.95970374 0.21011001
vt 0.97583646 0.19757140
vt 0.97950238 0.19498336
vt 0.97959960 0.19911611
vt 0.97597599 0.20343626
vt 0.98126906 0.20244586
vt 0.97307664 0.19781971
vt 0.97289860 0.20193148
vt 0.97334635 0.19162989
vt 0.98218942 0.19878620
vt 0.98134434 0.19506794
vt 0.96882904 0.20585078
vt 0.97293812 0.20807993
vt 0.97889066 0.18838686
vt 0.98119396 0.18809915
vt 0.97461915 0.18902767
vt 0.97209680 0.18744111
vt 0.96888989 0.18848431
vt 0.95608491 0.19174427
vt 0.95817304 0.18852192
vt 0.96285182 0.19334805
vt 0.96359199 0.19890785
vt 0.95720816 0.19863397
vt 0.96401787 0.20367879
vt 0.95747179 0.20404822
vt 0.94931281 0.19224769
vt 0.94512904 0.19588655
vt 0.94710779 0.20522332
vt 0.94057190 0.19914192
vt 0.94531131 0.20807993
vt 0.94394416 0.19126201
vt 0.94048655 0.19488788
vt 0.96096498 0.18886149
vt 0.95969063 0.18659830
vt 0.96258700 0.18802178
vt 0.96462464 0.18934882
vt 0.96594101 0.19803631
vt 0.97084713 0.19816005
vt 0.96661383 0.20582634
vt 0.96379209 0.20700204
vt 0.96363068 0.18549085
vt 0.05396825 0.89894879
vt 0.04995656 0.89407301
vt 0.05157890 0.90513188
vt 0.05450559 0.90804815
vt 0.05298778 0.91401702
vt 0.05133085 0.89067042
vt 0.05383380 0.88900292
vt 0.05069240 0.88587368
vt 0.05412105 0.87854302
vt 0.05189756 0.87428784
vt 0.05629367 0.91906059
vt 0.05593599 0.86612457
vt 0.05590105 0.86030167
vt 0.05495072 0.92285144
vt 0.06038228 0.93527365
vt 0.06038228 0.84665507
vt 0.38268432 0.92648864
vt 0.38010424 0.92303157
vt 0.38158566 0.93368083
vt 0.38072553 0.91430962
vt 0.38200611 0.91728175
vt 0.38419729 0.93695575
vt 0.38312596 0.93696016
vt 0.38333264 0.94366723
vt 0.38831496 0.95478094
vt 0.38548145 0.95277345
vt 0.39022118 0.95431739
vt 0.38780436 0.94059575
vt 0.38502958 0.92183959
vt 0.38890266 0.96200144
vt 0.39226758 0.96828842
vt 0.38433182 0.91376555
vt 0.38120210 0.90191972
vt 0.38401461 0.90143675
vt 0.38489497 0.89019126
vt 0.38295844 0.88659275
vt 0.38581222 0.88189691
vt 0.38601795 0.87266600
vt 0.38750932 0.87079203
vt 0.38740417 0.86127406
vt 0.38958400 0.86387616
vt 0.39142719 0.85729492
vt 0.39226758 0.84578627
vt 0.32694086 0.24082839
vt 0.32225221 0.23850185
vt 0.32312018 0.24567550
vt 0.32276240 0.23548597
vt 0.32651752 0.23491502
vt 0.32726029 0.24574775
vt 0.31772712 0.23560452
vt 0.31782907 0.23811388
vt 0.33096710 0.23881704
vt 0.32884941 0.23356283
vt 0.31732601 0.23167533
vt 0.32511890 0.23138922
vt 0.33117002 0.24545634
vt 0.31991494 0.24481112
vt 0.31876799 0.23968196
vt 0.32371837 0.25065160
vt 0.32012808 0.25043988
vt 0.33291933 0.24806106
vt 0.33014795 0.25061697
vt 0.33329749 0.23945880
vt 0.33579496 0.24502146
vt 0.33541703 0.24008298
vt 0.33579496 0.23209667
vt 0.33359802 0.23503977
vt 0.33360565 0.23160970
vt 0.33051375 0.23161274
vt 0.32813221 0.22954094
vt 0.32515579 0.22813427
vt 0.31822905 0.22719371
vt 0.31581235 0.22772723
vt 0.62229711 0.10239065
vt 0.62270880 0.09712058
vt 0.62017947 0.09902507
vt 0.62725025 0.10121399
vt 0.62497169 0.10332549
vt 0.63205391 0.11180431
vt 0.63292789 0.10889870
vt 0.62912017 0.11034805
vt 0.63276255 0.11532688
vt 0.61973906 0.10218143
vt 0.61671436 0.09893060
vt 0.62850243 0.11375225
vt 0.62256008 0.10772109
vt 0.61800021 0.09575856
vt 0.62073690 0.09614515
vt 0.61073583 0.09002542
vt 0.61747342 0.09104341
vt 0.62071276 0.09399128
vt 0.61512917 0.08614618
vt 0.61975408 0.08637005
vt 0.61699116 0.08210254
vt 0.62610728 0.11649925
vt 0.63018775 0.11996710
vt 0.61798245 0.10623062
vt 0.61399508 0.10004449
vt 0.60768741 0.09294039
vt 0.62554932 0.12271535
vt 0.62890941 0.12738645
vt 0.61942410 0.11915886
vt 0.61846173 0.11539364
vt 0.61761868 0.11161160
vt 0.61654592 0.10744643
vt 0.60961169 0.10288119
vt 0.61103469 0.10778779
vt 0.60433173 0.09689647
vt 0.60512447 0.10126948
vt 0.61336237 0.11028087
vt 0.60956359 0.11097932
vt 0.60723776 0.10816920
vt 0.62070823 0.12375593
vt 0.61470705 0.12116289
vt 0.61747605 0.12592220
vt 0.61392093 0.12943220
vt 0.61863917 0.13156676
vt 0.61561358 0.13240236
vt 0.61169171 0.12509167
vt 0.61182654 0.12030607
vt 0.61624193 0.14585251
vt 0.61441022 0.14364088
vt 0.61361098 0.15149772
vt 0.61574930 0.15617639
vt 0.62186563 0.12891251
vt 0.62781072 0.13211656
vt 0.62310404 0.13380289
vt 0.62756300 0.13650244
vt 0.62400442 0.13945740
vt 0.63052469 0.13781768
vt 0.62937194 0.14635897
vt 0.62320375 0.14506626
vt 0.62287217 0.15190399
vt 0.62881136 0.15672570
vt 0.62370145 0.15955132
vt 0.62751228 0.16330945
vt 0.62367618 0.16561329
vt 0.62861341 0.17427397
vt 0.62449968 0.17748803
vt 0.62325788 0.17094207
vt 0.63025206 0.16917634
vt 0.63093174 0.16155863
vt 0.61996001 0.15678811
vt 0.61985290 0.16501582
vt 0.61628759 0.17121154
vt 0.61468393 0.16264474
vt 0.62093550 0.13834512
vt 0.63289875 0.17827106
vt 0.63004565 0.18227386
vt 0.62481600 0.18375975
vt 0.62935716 0.18931317
vt 0.62449241 0.19524431
vt 0.63100010 0.13139206
vt 0.62037176 0.17293668
vt 0.61441690 0.11719298
vt 0.62038451 0.17676204
vt 0.61553162 0.17727488
vt 0.62122995 0.18146914
vt 0.62089413 0.18773901
vt 0.61624831 0.18990326
vt 0.62063318 0.19492429
vt 0.62012136 0.20178890
vt 0.61598384 0.20165241
vt 0.62025249 0.20952046
vt 0.61608428 0.21968776
vt 0.61825329 0.21899319
vt 0.61400861 0.22468042
vt 0.61347401 0.23162276
vt 0.61443371 0.18419117
vt 0.61668247 0.23751044
vt 0.62075418 0.22869849
vt 0.62060875 0.23748565
vt 0.62027925 0.24699366
vt 0.61723852 0.25372922
vt 0.62079769 0.21886432
vt 0.61443859 0.24520558
vt 0.61332417 0.25394171
vt 0.61379814 0.21741199
vt 0.60194719 0.11090308
vt 0.60573840 0.11343294
vt 0.60241383 0.11480165
vt 0.61307317 0.19610614
vt 0.63239980 0.19355786
vt 0.62895834 0.19801182
vt 0.62407255 0.20054072
vt 0.63228697 0.17371035
vt 0.61952126 0.15041667
vt 0.62159735 0.16721404
vt 0.63192821 0.20044249
vt 0.62839162 0.20297474
vt 0.62360454 0.20644373
vt 0.63174880 0.20562720
vt 0.62936157 0.21067804
vt 0.62404358 0.21709639
vt 0.63154823 0.21833628
vt 0.62994987 0.22172773
vt 0.62429821 0.22221023
vt 0.62993759 0.23694366
vt 0.62491769 0.23367053
vt 0.62747282 0.25094807
vt 0.62400162 0.24266016
vt 0.60896623 0.10503280
vt 0.60469890 0.10539711
vt 0.63292789 0.18425649
vt 0.59914547 0.10631418
vt 0.61107749 0.13490731
vt 0.61168134 0.20739472
vt 0.61304438 0.16783535
vt 0.61128920 0.23858064
vt 0.62388587 0.25689548
vt 0.62921697 0.25992644
vt 0.62768799 0.26291674
vt 0.62175632 0.25851369
vt 0.61196691 0.17266738
vt 0.61571622 0.25603104
vt 0.61175454 0.14024979
vt 0.61120921 0.15570593
vt 0.61429167 0.11161089
vt 0.61041069 0.24913371
vt 0.60851520 0.11657649
vt 0.59769607 0.10810304
vt 0.61140639 0.17738748
vt 0.61065555 0.18465972
vt 0.61768985 0.11368120
vt 0.60799348 0.22048032
vt 0.60770541 0.22517788
vt 0.60855806 0.23172426
vt 0.60832965 0.24322772
vt 0.61020309 0.14565784
vt 0.61060804 0.16022968
vt 0.61108756 0.25398183
vt 0.61137754 0.11377919
vt 0.60469776 0.11772835
vt 0.60234338 0.11762369
vt 0.60492730 0.12099105
vt 0.61479592 0.11357963
vt 0.61203468 0.11781442
vt 0.61273175 0.11338055
vt 0.61128902 0.11556113
vt 0.60683131 0.23443151
vt 0.60549498 0.15336823
vt 0.60645419 0.20206118
vt 0.60759306 0.19455791
vt 0.60617501 0.19122261
vt 0.60686648 0.21033871
vt 0.60571718 0.12894851
vt 0.60673028 0.17014837
vt 0.60615999 0.15986723
vt 0.60593510 0.13694680
vt 0.60613853 0.18069565
vt 0.60802108 0.12240326
vt 0.60536438 0.14437342
vt 0.59640002 0.11126614
vt 0.59470028 0.10989255
vt 0.60668141 0.25172538
vt 0.59872925 0.11699259
vt 0.61297774 0.25793767
vt 0.61077422 0.25490177
vt 0.60426021 0.12422109
vt 0.62390882 0.26488537
vt 0.60146868 0.12032598
vt 0.59888959 0.11988878
vt 0.60174459 0.24421072
vt 0.60174626 0.21209300
vt 0.60066688 0.12473011
vt 0.59869027 0.12270939
vt 0.60171640 0.22457373
vt 0.60174870 0.23450679
vt 0.60107768 0.12675732
vt 0.60492736 0.17434943
vt 0.62583792 0.26560348
vt 0.62609780 0.27123320
vt 0.59923214 0.24847490
vt 0.60262078 0.13476270
vt 0.60030717 0.17089128
vt 0.61530936 0.25877142
vt 0.61978632 0.27150303
vt 0.61952144 0.26291037
vt 0.61915714 0.26648986
vt 0.60223222 0.25020921
vt 0.59803921 0.25146985
vt 0.60637802 0.25560117
vt 0.60351837 0.25464755
vt 0.68695688 0.22632492
vt 0.68371612 0.22582352
vt 0.68531018 0.22111207
vt 0.68901157 0.22611523
vt 0.68871343 0.22145784
vt 0.67947143 0.22133422
vt 0.67794061 0.22611523
vt 0.67636836 0.22182477
vt 0.69200695 0.22225058
vt 0.79227984 0.88662034
vt 0.79278886 0.89771676
vt 0.79025078 0.89753360
vt 0.79018247 0.90294331
vt 0.79249436 0.90829903
vt 0.79081821 0.91502219
vt 0.79278886 0.92050391
vt 0.57766068 0.14164704
vt 0.56688625 0.13809001
vt 0.57366675 0.13825953
vt 0.58345258 0.13982630
vt 0.56927508 0.14128888
vt 0.56235528 0.13847256
vt 0.56046313 0.14104295
vt 0.58508360 0.14169443
vt 0.54954201 0.13879770
vt 0.55052614 0.14143801
vt 0.54316843 0.14263332
vt 0.54641515 0.13859236
vt 0.53523046 0.13968801
vt 0.53925371 0.14343220
vt 0.53040832 0.14465684
vt 0.55791974 0.13741279
vt 0.55152625 0.13728392
vt 0.58919519 0.14351332
vt 0.54852116 0.13682884
vt 0.56248111 0.13596874
vt 0.59205449 0.14198279
vt 0.59817553 0.14465684
vt 0.86382878 0.05994880
vt 0.86631703 0.06331807
vt 0.85831130 0.06282222
vt 0.86985397 0.05955714
vt 0.85794961 0.06053734
vt 0.87417680 0.06243968
vt 0.87880462 0.05894727
vt 0.88208610 0.06158310
vt 0.88660985 0.05855370
vt 0.88779503 0.06251943
vt 0.89362574 0.05828649
vt 0.89588940 0.06094670
vt 0.87545365 0.06569988
vt 0.89284253 0.06454551
vt 0.86319774 0.06646395
vt 0.90262818 0.06061512
vt 0.90777308 0.06395924
vt 0.91009939 0.06055510
vt 0.90248555 0.05808198
vt 0.90862459 0.05785316
vt 0.91361886 0.05791277
vt 0.91864389 0.05812341
vt 0.91714352 0.06364673
vt 0.92365813 0.06082112
vt 0.89835691 0.05777586
vt 0.92536128 0.05822420
vt 0.93094319 0.06146675
vt 0.93456405 0.05866003
vt 0.93981373 0.06217492
vt 0.92973948 0.06462729
vt 0.89596862 0.06643838
vt 0.92522573 0.06646395
vt 0.91208827 0.06612241
vt 0.94155896 0.06530493
vt 0.94158804 0.05889016
vt 0.94743699 0.05935192
vt 0.35607427 0.38351107
vt 0.36126414 0.38476950
vt 0.34736618 0.38470447
vt 0.36307085 0.38411599
vt 0.35800040 0.38271070
vt 0.34060851 0.38394010
vt 0.34066838 0.38581336
vt 0.33915401 0.38479125
vt 0.33323708 0.38677943
vt 0.32789132 0.38596851
vt 0.32949445 0.38748831
vt 0.32011390 0.38812256
vt 0.32072663 0.38940382
vt 0.31389961 0.39192003
vt 0.37774634 0.38379860
vt 0.38006052 0.38523149
vt 0.39280182 0.38617152
vt 0.39464074 0.38780183
vt 0.39945704 0.38982785
vt 0.40190139 0.38845050
vt 0.40375021 0.38988090
vt 0.41257003 0.39403951
vt 0.41497359 0.39369488
vt 0.41630489 0.39487332
vt 0.31128383 0.39083576
vt 0.30728811 0.39456278
vt 0.30604473 0.39351338
vt 0.30055639 0.39595354
vt 0.29976329 0.39822757
vt 0.29590407 0.39996493
vt 0.29282767 0.40044904
vt 0.29147619 0.40282094
vt 0.28606570 0.40430772
vt 0.28556588 0.40625131
vt 0.28020152 0.40813982
vt 0.41406319 0.39543140
vt 0.42296737 0.39883256
vt 0.42445919 0.39806890
vt 0.42597368 0.39927316
vt 0.42943147 0.40245283
vt 0.43286866 0.40269327
vt 0.43399498 0.40523255
vt 0.43924993 0.40708125
vt 0.44352737 0.41138136
vt 0.44222569 0.40952593
vt 0.27902225 0.41059411
vt 0.27671590 0.41138136
vt 0.44585997 0.36417568
vt 0.44326413 0.36492121
vt 0.44090962 0.36075586
vt 0.45047784 0.36746597
vt 0.43445387 0.35829449
vt 0.43833923 0.36346495
vt 0.43280408 0.36089003
vt 0.42742640 0.35530055
vt 0.42790619 0.35809398
vt 0.41971943 0.35407943
vt 0.42338184 0.35254651
vt 0.41729897 0.35169989
vt 0.41207549 0.34927428
vt 0.40895009 0.34909284
vt 0.40334129 0.34578604
vt 0.39859599 0.34652054
vt 0.40528172 0.34917331
vt 0.40103981 0.34877586
vt 0.39724210 0.34849435
vt 0.39220810 0.34763575
vt 0.39107633 0.34594959
vt 0.39096400 0.34390849
vt 0.38632178 0.34503692
vt 0.38420609 0.34198087
vt 0.37955144 0.34324545
vt 0.37318867 0.33974677
vt 0.37042344 0.34143871
vt 0.37352359 0.34348738
vt 0.36317173 0.33973897
vt 0.36304718 0.34222001
vt 0.35499686 0.33991694
vt 0.35570815 0.34168136
vt 0.34883189 0.34119868
vt 0.34659901 0.33905077
vt 0.34189126 0.34017134
vt 0.33710834 0.33767676
vt 0.33662352 0.33993840
vt 0.32708687 0.34045213
vt 0.33197799 0.34192729
vt 0.32395384 0.34223741
vt 0.31778184 0.33952963
vt 0.37014100 0.34374529
vt 0.35747159 0.33794987
vt 0.34271279 0.33724666
vt 0.41044712 0.35256273
vt 0.32845992 0.33817691
vt 0.44249678 0.36798239
vt 0.41577882 0.34840000
vt 0.31588182 0.34212327
vt 0.31539312 0.34465104
vt 0.30919179 0.34615213
vt 0.30780059 0.34350848
vt 0.30411980 0.34647107
vt 0.30229095 0.34877872
vt 0.32219988 0.34392303
vt 0.29772791 0.35029823
vt 0.29764980 0.34799016
vt 0.29121307 0.35291237
vt 0.28820255 0.35256845
vt 0.28430283 0.35643601
vt 0.30416280 0.34387606
vt 0.27813011 0.35798138
vt 0.28303167 0.35239911
vt 0.29284865 0.34835088
vt 0.27548262 0.35537028
vt 0.27010819 0.35756373
vt 0.42849502 0.35345304
vt 0.40027732 0.34345317
vt 0.38463640 0.33976674
vt 0.26950410 0.36032856
vt 0.27384767 0.36088908
vt 0.26648232 0.36415076
vt 0.25959510 0.36617994
vt 0.25551030 0.37054735
vt 0.26358777 0.36231017
vt 0.25152043 0.36973059
vt 0.37077516 0.33775163
vt 0.26210701 0.36801136
vt 0.27031428 0.36446071
vt 0.35957852 0.33629805
vt 0.35168734 0.33576041
vt 0.44494486 0.36847031
vt 0.44994682 0.37054735
vt 0.26567456 0.35947269
vt 0.38178602 0.33914953
vt 0.29891971 0.34530926
vt 0.25694481 0.36451882
vt 0.33916816 0.33492613
vt 0.30979219 0.34038448
vt 0.28445250 0.35026014
vt 0.40790921 0.34516883
vt 0.33065736 0.33612216
vt 0.31889871 0.33835375
vt 0.30486408 0.34164512
vt 0.26101810 0.36186582
vt 0.43373731 0.35557818
vt 0.27850765 0.35249114
vt 0.44031382 0.35845590
vt 0.29069498 0.34731340
vt 0.17042536 0.38284314
vt 0.16828533 0.38097310
vt 0.17994305 0.38138521
vt 0.16380294 0.38357949
vt 0.18027802 0.38357949
vt 0.16116421 0.38212585
vt 0.29783410 0.21730590
vt 0.29669851 0.21859509
vt 0.29771000 0.20252889
vt 0.29930496 0.23848826
vt 0.29822689 0.23656726
vt 0.29930496 0.19504780
vt 0.77488440 0.07340938
vt 0.75844449 0.07335186
vt 0.75685287 0.07254559
vt 0.77531463 0.07428324
vt 0.73805386 0.07428324
vt 0.74015576 0.07331592
vt 0.77801913 0.07309079
vt 0.73892266 0.47650516
vt 0.74065101 0.47870564
vt 0.74017924 0.47544885
vt 0.73976076 0.46728265
vt 0.74104726 0.46674299
vt 0.73928976 0.48684299
vt 0.74085456 0.48622108
vt 0.74152911 0.45742834
vt 0.74152911 0.49391830
vt 0.89763755 0.10412157
vt 0.89720207 0.10968113
vt 0.89836359 0.10951543
vt 0.89857030 0.09959108
vt 0.89704603 0.10157108
vt 0.89727777 0.09705502
vt 0.89878368 0.09165943
vt 0.89719081 0.11280328
vt 0.89794564 0.11693990
vt 0.89878368 0.12033015
vt 0.98803139 0.78296548
vt 0.98800457 0.78672075
vt 0.99192393 0.77791196
vt 0.99046695 0.77675247
vt 0.99577641 0.76651883
vt 0.99479449 0.76616013
vt 0.99692363 0.75977409
vt 0.98464310 0.79058993
vt 0.98523265 0.79455537
vt 0.98297846 0.79813224
vt 0.98387879 0.80358529
vt 0.98208481 0.80837518
vt 0.98591185 0.79716313
vt 0.98253757 0.81448323
vt 0.98080009 0.81470853
vt 0.98055547 0.81978196
vt 0.98480272 0.81838113
vt 0.98237884 0.82612985
vt 0.98582244 0.82535475
vt 0.98462951 0.83101338
vt 0.98467642 0.81240994
vt 0.98232079 0.83930957
vt 0.98640585 0.80238086
vt 0.98891389 0.79012150
vt 0.98746407 0.81123149
vt 0.98066115 0.83648914
vt 0.99141288 0.78487104
vt 0.99031681 0.79407501
vt 0.99413139 0.78120744
vt 0.99695915 0.77115506
vt 0.98469764 0.83939576
vt 0.98439109 0.84871668
vt 0.98197377 0.85080618
vt 0.98303062 0.85698348
vt 0.99095809 0.80078864
vt 0.98691559 0.85581636
vt 0.98546726 0.86732972
vt 0.98367471 0.86549890
vt 0.98728520 0.86153889
vt 0.98853141 0.86869538
vt 0.98600614 0.87604505
vt 0.98920614 0.87783879
vt 0.98819685 0.88233358
vt 0.99147838 0.88635635
vt 0.99142146 0.89202470
vt 0.99456114 0.89038521
vt 0.99481440 0.89704603
vt 0.98440671 0.87216192
vt 0.98733884 0.81898904
vt 0.99373752 0.79089963
vt 0.98045176 0.84245276
vt 0.99250102 0.88086206
vt 0.99695915 0.89321148
vt 0.98086941 0.82634681
vt 0.99057055 0.80821139
vt 0.98622715 0.83241314
vt 0.99619013 0.77766848
vt 0.98111570 0.85648513
vt 0.98091418 0.85245579
vt 0.43535039 0.30157608
vt 0.43679723 0.30268431
vt 0.43618995 0.29768527
vt 0.43550494 0.30837923
vt 0.43705028 0.30981064
vt 0.43618089 0.31343848
vt 0.43831450 0.31854892
vt 0.43704516 0.31841147
vt 0.43483928 0.29224968
vt 0.43630499 0.29257184
vt 0.43647844 0.28472477
vt 0.43508220 0.28512859
vt 0.43505797 0.27918446
vt 0.43708476 0.27765447
vt 0.43604282 0.27185249
vt 0.43807629 0.26943225
vt 0.43826649 0.26194614
vt 0.43826649 0.32450044
vt 0.82241899 0.96062243
vt 0.82605785 0.96224654
vt 0.82223016 0.96344179
vt 0.81868446 0.96403509
vt 0.81875646 0.96075201
vt 0.81982857 0.95711273
vt 0.81623095 0.95732617
vt 0.81780165 0.95362169
vt 0.82203710 0.95729733
vt 0.82040828 0.95140404
vt 0.81477439 0.95475686
vt 0.80901355 0.96577036
vt 0.80500335 0.96445495
vt 0.81372696 0.96754235
vt 0.80845898 0.96827561
vt 0.81147724 0.97002608
vt 0.80716699 0.96679676
vt 0.80897325 0.95967382
vt 0.80282283 0.96370119
vt 0.81749088 0.94512975
vt 0.81267613 0.94649076
vt 0.81063169 0.94775689
vt 0.82643753 0.94614846
vt 0.82753748 0.95302552
vt 0.83288550 0.94960684
vt 0.83714241 0.95321411
vt 0.83581817 0.94586557
vt 0.84618801 0.94779879
vt 0.84777009 0.95367640
vt 0.84896421 0.94544059
vt 0.85411078 0.94674104
vt 0.85208642 0.95412308
vt 0.85617447 0.95422471
vt 0.86593771 0.94926870
vt 0.86426216 0.95490980
vt 0.87060940 0.95128864
vt 0.87560970 0.95607632
vt 0.87270200 0.94782877
vt 0.88099688 0.94968933
vt 0.88598132 0.95693451
vt 0.89388090 0.95003390
vt 0.89534289 0.95755434
vt 0.90184444 0.95143300
vt 0.90083236 0.95769334
vt 0.90810829 0.95778722
vt 0.91741866 0.95509988
vt 0.90751517 0.94977838
vt 0.92009306 0.95253599
vt 0.92031175 0.95894426
vt 0.92513251 0.95870757
vt 0.93439585 0.95352197
vt 0.93310082 0.95958102
vt 0.93649352 0.95833224
vt 0.94233465 0.95338058
vt 0.94117779 0.95994514
vt 0.94638789 0.95791638
vt 0.95120722 0.95412523
vt 0.86516654 0.94639170
vt 0.80890906 0.94931072
vt 0.80068672 0.96106052
vt 0.80102998 0.95912641
vt 0.80528921 0.95129955
vt 0.80166113 0.95372295
vt 0.79716361 0.95302564
vt 0.95067042 0.95626777
vt 0.89765066 0.94731188
vt 0.82729346 0.94330144
vt 0.88791645 0.94812459
vt 0.92604077 0.95139599
vt 0.87684542 0.94628781
vt 0.91238451 0.94848728
vt 0.79628551 0.95701492
vt 0.83890092 0.94334632
vt 0.94715786 0.96221948
vt 0.80281031 0.94820148
vt 0.93012935 0.94974267
vt 0.94551146 0.96456599
vt 0.81540072 0.94408089
vt 0.80865103 0.94470584
vt 0.85078794 0.94288617
vt 0.81638110 0.94051623
vt 0.94905436 0.94975591
vt 0.95269799 0.95067322
vt 0.80607980 0.94610083
vt 0.79437155 0.95357829
vt 0.82730967 0.95908916
vt 0.83404386 0.95963132
vt 0.91728753 0.96445620
vt 0.90707266 0.96408290
vt 0.93919361 0.96660662
vt 0.83920228 0.95965284
vt 0.92434227 0.96563417
vt 0.93190122 0.96612352
vt 0.89655721 0.96308589
vt 0.88376242 0.96261340
vt 0.86939776 0.94328713
vt 0.84826320 0.95942801
vt 0.85786414 0.95987940
vt 0.87515974 0.96096569
vt 0.86439294 0.96137136
vt 0.94014162 0.94731313
vt 0.92694151 0.94619465
vt 0.90588063 0.94608957
vt 0.91188455 0.94536215
vt 0.91956073 0.94530696
vt 0.79666954 0.94955027
vt 0.88703036 0.94398171
vt 0.82878363 0.94003093
vt 0.79229176 0.95346648
vt 0.79471844 0.94383866
vt 0.78870791 0.94527972
vt 0.80111927 0.94083226
vt 0.80362296 0.94561899
vt 0.80603057 0.94221872
vt 0.80527985 0.93849659
vt 0.81049800 0.94106197
vt 0.81849539 0.93760127
vt 0.81553704 0.93213123
vt 0.82115859 0.93065453
vt 0.83002257 0.93358666
vt 0.78739667 0.94815087
vt 0.79961956 0.93775582
vt 0.80316180 0.93570763
vt 0.81160218 0.92990100
vt 0.79615414 0.94048315
vt 0.78356713 0.94521630
vt 0.78848749 0.93870753
vt 0.78559357 0.94338483
vt 0.81615132 0.92812943
vt 0.82618010 0.93756735
vt 0.83349979 0.93696916
vt 0.83347481 0.93212914
vt 0.82568288 0.93019044
vt 0.84042305 0.93249255
vt 0.81104887 0.92726678
vt 0.84490693 0.93916786
vt 0.85105330 0.93345439
vt 0.85249913 0.93978244
vt 0.85765123 0.93404812
vt 0.86139917 0.93461263
vt 0.86378950 0.94132245
vt 0.87424397 0.94003558
vt 0.87586850 0.93538809
vt 0.88341296 0.93892264
vt 0.89117986 0.93653256
vt 0.89771366 0.94320190
vt 0.90732497 0.94319701
vt 0.90686756 0.93733966
vt 0.90127468 0.93667936
vt 0.91207641 0.93809074
vt 0.91830462 0.93900895
vt 0.79115331 0.93692654
vt 0.79922718 0.93516070
vt 0.92270911 0.94139194
vt 0.93031651 0.94097024
vt 0.93586028 0.94276088
vt 0.94894069 0.94326127
vt 0.95739990 0.94456798
vt 0.94043905 0.94097012
vt 0.86814755 0.93288910
vt 0.93378603 0.93809962
vt 0.86132413 0.92962980
vt 0.88108259 0.93224239
vt 0.93716782 0.93717694
vt 0.92450976 0.93606317
vt 0.84352171 0.92939925
vt 0.83659261 0.92806274
vt 0.78263426 0.94111705
vt 0.78575212 0.93849438
vt 0.78062552 0.94209188
vt 0.95541769 0.95437032
vt 0.95256650 0.95629489
vt 0.95380354 0.93979359
vt 0.94420761 0.93852258
vt 0.87636513 0.93016124
vt 0.85122603 0.92860913
vt 0.95828015 0.94569993
vt 0.89005804 0.93149459
vt 0.82583886 0.92658556
vt 0.91683745 0.93439937
vt 0.96100026 0.94231856
vt 0.96271819 0.94489568
vt 0.96327645 0.94142777
vt 0.86806291 0.92974424
vt 0.96006352 0.93978012
vt 0.94952035 0.96063632
vt 0.95958585 0.94984680
vt 0.95023137 0.96322280
vt 0.94882530 0.96572912
vt 0.96481323 0.94253457
vt 0.94330192 0.96800452
vt 0.94615883 0.97002608
vt 0.67353851 0.31557596
vt 0.67230791 0.31710124
vt 0.67299336 0.31926149
vt 0.67071944 0.32351375
vt 0.67367101 0.31006545
vt 0.67540556 0.30844688
vt 0.67636836 0.30278015
vt 0.67198288 0.32488132
vt 0.67000610 0.32974291
vt 0.67134660 0.33011633
vt 0.67078274 0.33548403
vt 0.66951197 0.33595294
vt 0.66974473 0.33996761
vt 0.66854906 0.34226608
vt 0.66958994 0.34956568
vt 0.67054856 0.34399247
vt 0.67084497 0.35322160
vt 0.66975832 0.35553575
vt 0.67160565 0.36169183
vt 0.67061377 0.36108029
vt 0.67282623 0.36809504
vt 0.67198187 0.36933589
vt 0.67377746 0.37448215
vt 0.67098498 0.37589800
vt 0.67387557 0.37691677
vt 0.67636836 0.38131100
vt 0.67440295 0.38357949
vt 0.65948272 0.00611639
vt 0.66451466 0.00562894
vt 0.65806288 0.00780976
vt 0.66907197 0.00392753
vt 0.65324616 0.00799465
vt 0.65020698 0.00929064
vt 0.64852762 0.01078284
vt 0.64414030 0.01143259
vt 0.64090341 0.01437467
vt 0.63901913 0.01379269
vt 0.63338792 0.01714718
vt 0.82139939 0.04671752
vt 0.81534779 0.03898835
vt 0.82272291 0.04425573
vt 0.82524419 0.04887670
vt 0.83037400 0.05153167
vt 0.82727319 0.05247480
vt 0.83525914 0.05796349
vt 0.83903199 0.05913961
vt 0.81607407 0.04218787
vt 0.80600393 0.03319174
vt 0.80584478 0.03121537
vt 0.79062754 0.02454412
vt 0.79729784 0.02604353
vt 0.78227842 0.01908940
vt 0.77939230 0.02104521
vt 0.76995033 0.01659590
vt 0.76894134 0.01375097
vt 0.76384926 0.01473939
vt 0.75917506 0.00922471
vt 0.75699246 0.00953734
vt 0.74985129 0.00921220
vt 0.75252616 0.01135623
vt 0.74478328 0.01040196
vt 0.74629444 0.00633657
vt 0.73844641 0.00746292
vt 0.74277490 0.01040483
vt 0.73461753 0.00393504
vt 0.73071313 0.00722951
vt 0.72463655 0.00485855
vt 0.72874147 0.00740367
vt 0.72014004 0.00520468
vt 0.71234363 0.00441003
vt 0.71426135 0.00143576
vt 0.70763546 0.00173140
vt 0.70590889 0.00535375
vt 0.69925439 0.00423485
vt 0.70014608 0.00066590
vt 0.69256854 0.00247443
vt 0.69058943 0.00613570
vt 0.68011451 0.00609839
vt 0.68651390 0.00204682
vt 0.67898691 0.00356328
vt 0.66955632 0.00667357
vt 0.67315567 0.00826073
vt 0.66422611 0.00952125
vt 0.65480042 0.01248765
vt 0.64396065 0.01549882
vt 0.65731722 0.01355511
vt 0.65033948 0.01675922
vt 0.63385105 0.01913118
vt 0.63885254 0.01982051
vt 0.64505708 0.01803821
vt 0.63315791 0.02237529
vt 0.62617499 0.02452242
vt 0.62732619 0.02636892
vt 0.62078148 0.02800971
vt 0.62439644 0.02285427
vt 0.61540622 0.02788091
vt 0.61475587 0.03068221
vt 0.61749738 0.03225744
vt 0.60999268 0.03517449
vt 0.60659093 0.03204274
vt 0.59963167 0.04070038
vt 0.59816909 0.03837013
vt 0.59207159 0.04455781
vt 0.58824623 0.04909372
vt 0.59808517 0.04618973
vt 0.60294837 0.04137081
vt 0.59443796 0.05088830
vt 0.58819813 0.05560911
vt 0.58450413 0.05626762
vt 0.58280826 0.05327046
vt 0.57435423 0.06591570
vt 0.57795000 0.06502569
vt 0.58434844 0.05993807
vt 0.57346117 0.07145035
vt 0.56825906 0.07328844
vt 0.56799668 0.07851559
vt 0.56338733 0.08368045
vt 0.56473613 0.08617252
vt 0.56066763 0.08793223
vt 0.56040978 0.09388840
vt 0.55522066 0.09742969
vt 0.55432874 0.10135412
vt 0.55688071 0.10203403
vt 0.55278653 0.10575926
vt 0.60738391 0.03906858
vt 0.57061672 0.07849622
vt 0.55057776 0.10595053
vt 0.83812428 0.06076682
vt 0.57836372 0.06798285
vt 0.56111413 0.09601283
vt 0.55488724 0.10958856
vt 0.54937583 0.11072451
vt 0.57176459 0.06660473
vt 0.84774947 0.06747752
vt 0.84231281 0.06664360
vt 0.84431380 0.06928802
vt 0.84828633 0.06920528
vt 0.85031897 0.07467341
vt 0.85037017 0.07757282
vt 0.57481062 0.07319331
vt 0.71431053 0.00631696
vt 0.62356806 0.02938896
vt 0.82965493 0.04872084
vt 0.85432178 0.08011216
vt 0.57904911 0.05604661
vt 0.56102097 0.08263469
vt 0.85322344 0.07445335
vt 0.85735404 0.08127922
vt 0.86076564 0.08591855
vt 0.85736513 0.08641058
vt 0.86000580 0.08928800
vt 0.86309171 0.09092021
vt 0.86348194 0.09687626
vt 0.86732686 0.10039383
vt 0.86464059 0.10040355
vt 0.86770135 0.10466731
vt 0.87198383 0.10512257
vt 0.66456956 0.01162165
vt 0.56376415 0.09297222
vt 0.78320134 0.01792318
vt 0.72501016 0.00198865
vt 0.77328122 0.01431006
vt 0.69984156 0.00639814
vt 0.68094665 0.00817961
vt 0.87033033 0.10795814
vt 0.87010443 0.11164701
vt 0.87192810 0.11385876
vt 0.87290233 0.12033015
vt 0.73878986 0.01032871
vt 0.79989713 0.03240287
vt 0.61323625 0.03674388
vt 0.86711401 0.09743851
vt 0.55681640 0.09036404
vt 0.83560181 0.06093180
vt 0.78858036 0.02602893
vt 0.87358820 0.11046910
vt 0.81594706 0.03804338
vt 0.82897747 0.05701548
vt 0.61320204 0.02730221
vt 0.85192412 0.08089483
vt 0.58767289 0.04667395
vt 0.58980167 0.04438716
vt 0.63404113 0.02423465
vt 0.62755263 0.02792209
vt 0.55344921 0.09743851
vt 0.61741573 0.02483004
vt 0.69556445 0.00043440
vt 0.55903447 0.08482730
vt 0.87005770 0.10114288
vt 0.85980588 0.09460944
vt 0.86510700 0.09186184
vt 0.85725886 0.08907020
vt 0.84302819 0.07018954
vt 0.83778691 0.06507713
vt 0.86681318 0.10786855
vt 0.54665089 0.11343712
vt 0.54604691 0.12033015
vt 0.84619766 0.07542658
vt 0.67470598 0.00243121
vt 0.68120545 0.00170803
vt 0.71074688 0.00086099
vt 0.56805563 0.07066387
vt 0.68658757 0.00118327
vt 0.59885144 0.03640527
vt 0.31239006 0.85606253
vt 0.31811443 0.85571229
vt 0.31646511 0.85707664
vt 0.30776653 0.85606551
vt 0.32385218 0.85626966
vt 0.30072594 0.85631275
vt 0.29659739 0.85616386
vt 0.30075875 0.85366124
vt 0.30413756 0.85636145
vt 0.31002459 0.85360557
vt 0.30516824 0.85812259
vt 0.29336783 0.85652846
vt 0.30365106 0.86232209
vt 0.29192564 0.86466587
vt 0.29844221 0.88723761
vt 0.29158705 0.88438314
vt 0.30917770 0.88754588
vt 0.28979465 0.88859648
vt 0.31023464 0.86420560
vt 0.28304452 0.88712084
vt 0.28150976 0.85913068
vt 0.28347301 0.85658365
vt 0.27518162 0.85767156
vt 0.27580389 0.88760352
vt 0.31260628 0.88864607
vt 0.32172298 0.86897749
vt 0.31921405 0.88748252
vt 0.32170412 0.85844076
vt 0.32854956 0.88770491
vt 0.33281645 0.86001456
vt 0.32998765 0.85740089
vt 0.33829203 0.88880402
vt 0.33841372 0.86424851
vt 0.34022787 0.85759097
vt 0.34950671 0.86957324
vt 0.34762374 0.85943818
vt 0.34332392 0.88823539
vt 0.34999397 0.85772038
vt 0.26352128 0.86539739
vt 0.26875317 0.88734514
vt 0.26845536 0.85833651
vt 0.26434404 0.85683680
vt 0.27557120 0.85631502
vt 0.26123869 0.88710803
vt 0.27747792 0.88927656
vt 0.25553462 0.86454642
vt 0.25373456 0.88449389
vt 0.25904220 0.85699111
vt 0.25154096 0.88777274
vt 0.24689735 0.88501084
vt 0.24585590 0.86613232
vt 0.25132349 0.85896122
vt 0.25168410 0.85693628
vt 0.24022390 0.88815022
vt 0.24219872 0.85756600
vt 0.26215997 0.88984179
vt 0.34520423 0.89026475
vt 0.34996185 0.88880593
vt 0.24808310 0.89096439
vt 0.23675065 0.89007276
vt 0.35633183 0.89025074
vt 0.35790044 0.88864195
vt 0.36094648 0.89096439
vt 0.36427000 0.88946956
vt 0.34102178 0.85664266
vt 0.33412820 0.85591209
vt 0.32875821 0.85631913
vt 0.34646162 0.85677552
vt 0.35031635 0.85456121
vt 0.35370535 0.85809106
vt 0.35639963 0.86001354
vt 0.35782534 0.85880977
vt 0.36533448 0.86252886
vt 0.36418062 0.86090207
vt 0.01346655 0.04089725
vt 0.01433536 0.03692442
vt 0.01433535 0.04126847
vt 0.56081671 0.02128583
vt 0.56442934 0.02215463
vt 0.56602955 0.02128583
vt 0.95942897 0.07576567
vt 0.98614317 0.08126342
vt 0.98636174 0.07562816
vt 0.95731497 0.08984369
vt 0.98790509 0.09478402
vt 0.97516626 0.09598583
vt 0.95702189 0.09990650
vt 0.95592213 0.07628918
vt 0.98819131 0.07440287
vt 0.98615408 0.10743350
vt 0.95696878 0.10549474
vt 0.96301526 0.11633325
vt 0.98805332 0.11505759
vt 0.95648146 0.11737943
vt 0.98827106 0.09292388
vt 0.95698822 0.06593591
vt 0.98625559 0.06793153
vt 0.97677547 0.05767828
vt 0.98735219 0.05662364
vt 0.95657098 0.05443066
vt 0.98817021 0.10971493
vt 0.95649219 0.04901147
vt 0.98595691 0.04732460
vt 0.98763835 0.04215175
vt 0.95456398 0.05426621
vt 0.95438749 0.09220743
vt 0.97922802 0.03600162
vt 0.95689178 0.03724748
vt 0.98725528 0.03875953
vt 0.95640445 0.03115487
vt 0.98518759 0.02653801
vt 0.96324050 0.02143627
vt 0.98568976 0.02041703
vt 0.98735112 0.02447265
vt 0.95475399 0.02560723
vt 0.95731074 0.12573200
vt 0.98643035 0.12685329
vt 0.98816395 0.12692857
vt 0.98638380 0.13445401
vt 0.95706147 0.13697278
vt 0.98819131 0.13652790
vt 0.98623121 0.14118159
vt 0.96862465 0.55217510
vt 0.96963608 0.53065938
vt 0.96514326 0.53642458
vt 0.96481323 0.55320340
vt 0.96508586 0.52928513
vt 0.96931833 0.52232420
vt 0.96529830 0.51338923
vt 0.96887559 0.56493139
vt 0.97219723 0.53137946
vt 0.96508759 0.57485938
vt 0.96933067 0.57646137
vt 0.97226065 0.57450974
vt 0.97194952 0.55253124
vt 0.97250831 0.51637310
vt 0.96932703 0.50994605
vt 0.96488988 0.58335322
vt 0.97228187 0.58886886
vt 0.96533668 0.59186584
vt 0.96925682 0.59491676
vt 0.97263247 0.57718176
vt 0.97255880 0.60067540
vt 0.96963483 0.60512596
vt 0.96579117 0.60324919
vt 0.96568358 0.50281537
vt 0.96959662 0.50086880
vt 0.97263247 0.50339937
vt 0.09225770 0.59670007
vt 0.10032029 0.59319836
vt 0.09061380 0.59091312
vt 0.09989066 0.59067684
vt 0.09942892 0.58804071
vt 0.11017936 0.58651984
vt 0.11585507 0.60054094
vt 0.11852524 0.58783293
vt 0.12222738 0.58520651
vt 0.10484137 0.60242558
vt 0.12964974 0.59027588
vt 0.13497809 0.59809893
vt 0.12732317 0.60847598
vt 0.14227247 0.59218371
vt 0.13417466 0.58476210
vt 0.13140155 0.58703059
vt 0.13996099 0.58364022
vt 0.11561598 0.60818946
vt 0.14173459 0.60341674
vt 0.13645475 0.61409444
vt 0.12645259 0.61690128
vt 0.14947207 0.59761989
vt 0.14673743 0.58506835
vt 0.10223971 0.61033875
vt 0.10952687 0.62897825
vt 0.12001593 0.63835168
vt 0.11329724 0.63944256
vt 0.13019653 0.58396220
vt 0.13799272 0.62851000
vt 0.12599443 0.64092237
vt 0.10465183 0.64034671
vt 0.09682057 0.62310177
vt 0.09535078 0.60556018
vt 0.12172332 0.65023714
vt 0.11206303 0.65120190
vt 0.13111436 0.64478910
vt 0.14394927 0.63472980
vt 0.15194155 0.60903323
vt 0.14820401 0.62730372
vt 0.13055018 0.66122687
vt 0.12413704 0.66278595
vt 0.11501113 0.66682887
vt 0.11019000 0.58429796
vt 0.10442080 0.67008853
vt 0.11058139 0.68229425
vt 0.10109118 0.66480714
vt 0.09346823 0.65306979
vt 0.12034351 0.68187016
vt 0.15142517 0.64537108
vt 0.13568674 0.66209304
vt 0.12483474 0.68717831
vt 0.10396495 0.68534392
vt 0.09205943 0.64684492
vt 0.09604906 0.67347223
vt 0.11880483 0.69200850
vt 0.13874081 0.67315131
vt 0.11223940 0.58045483
vt 0.11295263 0.69243616
vt 0.13998371 0.57849002
vt 0.08682148 0.61790478
vt 0.08317723 0.62239379
vt 0.15557687 0.63618505
vt 0.15661000 0.65334457
vt 0.12828705 0.57910192
vt 0.12156403 0.58036304
vt 0.11904259 0.57907796
vt 0.12811440 0.57809573
vt 0.16265835 0.62196505
vt 0.13027883 0.69116831
vt 0.12485160 0.70202327
vt 0.15986615 0.60344058
vt 0.15427478 0.58894980
vt 0.08863191 0.67003375
vt 0.16973233 0.61745781
vt 0.14653790 0.68264508
vt 0.13611516 0.69792724
vt 0.13339227 0.70515209
vt 0.16020083 0.66511869
vt 0.16531922 0.63991642
vt 0.11555400 0.70803690
vt 0.10752365 0.69905376
vt 0.09395432 0.68823409
vt 0.08358560 0.64922732
vt 0.07828419 0.63580626
vt 0.08830186 0.67846227
vt 0.08131234 0.60294795
vt 0.14866987 0.58278239
vt 0.14007708 0.58007485
vt 0.14679658 0.57758260
vt 0.15534426 0.57800734
vt 0.16426048 0.58994740
vt 0.16855326 0.59944862
vt 0.16957185 0.64947921
vt 0.16858633 0.66141564
vt 0.15409821 0.69159144
vt 0.16459626 0.67572409
vt 0.17305647 0.67128330
vt 0.17583685 0.62951422
vt 0.12588896 0.71275097
vt 0.14778717 0.70379996
vt 0.16884421 0.68589634
vt 0.17787494 0.61298162
vt 0.15873815 0.70532328
vt 0.17278719 0.69600093
vt 0.11766443 0.71896482
vt 0.18297400 0.64103746
vt 0.18100521 0.66114318
vt 0.15474893 0.58249557
vt 0.16007645 0.58248180
vt 0.16135752 0.58012462
vt 0.16906300 0.58086103
vt 0.16847077 0.58369654
vt 0.17489254 0.58062261
vt 0.17928632 0.58191943
vt 0.17512460 0.58748037
vt 0.17369653 0.59475356
vt 0.18050323 0.60483736
vt 0.18008585 0.57639247
vt 0.17843542 0.68398672
vt 0.18614197 0.62902242
vt 0.09833022 0.70541596
vt 0.10318191 0.71510571
vt 0.10833260 0.72150266
vt 0.19153595 0.62094384
vt 0.18973532 0.60973769
vt 0.18753503 0.59890074
vt 0.18462542 0.58965009
vt 0.18501309 0.58137476
vt 0.18737257 0.57652718
vt 0.18519169 0.57565260
vt 0.17179003 0.57682627
vt 0.17694296 0.57695270
vt 0.17356527 0.57558644
vt 0.16321240 0.57743591
vt 0.19025922 0.67584562
vt 0.19095340 0.65981334
vt 0.19660433 0.63484377
vt 0.19824441 0.65204930
vt 0.19823958 0.62511414
vt 0.10993119 0.58050895
vt 0.10192939 0.58450556
vt 0.10154136 0.58229792
vt 0.10000193 0.58320844
vt 0.19896553 0.60548031
vt 0.09361871 0.58697134
vt 0.09372778 0.58418256
vt 0.09199329 0.58550376
vt 0.08791733 0.58383971
vt 0.07858885 0.58762729
vt 0.07406207 0.58533806
vt 0.07741871 0.61368459
vt 0.07298856 0.62549460
vt 0.08374709 0.59680206
vt 0.06679095 0.58711380
vt 0.08086522 0.65181065
vt 0.20421337 0.59308386
vt 0.19249424 0.58100158
vt 0.19330129 0.58285052
vt 0.20175900 0.58204269
vt 0.19999158 0.57704377
vt 0.19463634 0.57793701
vt 0.20702049 0.61557680
vt 0.19904909 0.67981029
vt 0.20251599 0.66716963
vt 0.21011928 0.57847083
vt 0.20712751 0.58288330
vt 0.21059021 0.60660493
vt 0.21096949 0.59414870
vt 0.21389793 0.58411080
vt 0.20823725 0.64734977
vt 0.20949341 0.62661070
vt 0.20741789 0.63516909
vt 0.19185261 0.57580310
vt 0.21315847 0.66808432
vt 0.21828857 0.62518752
vt 0.22062275 0.63606733
vt 0.22221425 0.60898620
vt 0.07146785 0.66875124
vt 0.08656714 0.69249779
vt 0.10587896 0.72704041
vt 0.06973384 0.59729844
vt 0.07237276 0.61190420
vt 0.07556964 0.59383661
vt 0.06723350 0.65564591
vt 0.07459680 0.68171430
vt 0.07842033 0.69398934
vt 0.08380674 0.59059137
vt 0.06342804 0.64136654
vt 0.06047538 0.62895483
vt 0.08248568 0.70324206
vt 0.08472952 0.70946544
vt 0.07234923 0.58424193
vt 0.06434772 0.58555198
vt 0.05839874 0.61753333
vt 0.05666324 0.60258543
vt 0.06491427 0.59140158
vt 0.08993714 0.72442698
vt 0.09307536 0.73109376
vt 0.05039327 0.59076768
vt 0.05106242 0.58824319
vt 0.08809470 0.58754241
vt 0.05575025 0.59688729
vt 0.08042000 0.59008765
vt 0.06636941 0.59380388
vt 0.21793644 0.57855439
vt 0.22188675 0.57937908
vt 0.22980018 0.60004014
vt 0.22018379 0.58431453
vt 0.04126846 0.59970027
vt 0.20805609 0.57680416
vt 0.11344396 0.57860464
vt 0.09523144 0.58198225
vt 0.21658620 0.57713062
vt 0.20209277 0.57597512
vt 0.11584347 0.74453634
vt 0.11666884 0.74024510
vt 0.11122203 0.74349296
vt 0.11556218 0.74699867
vt 0.10845257 0.73765165
vt 0.10721725 0.74230850
vt 0.12103496 0.73103404
vt 0.13065813 0.74005157
vt 0.13435718 0.74803865
vt 0.12795343 0.76160014
vt 0.12203484 0.75237727
vt 0.11994331 0.75960082
vt 0.12232161 0.76451790
vt 0.14114183 0.76946604
vt 0.13920812 0.78164506
vt 0.12502307 0.77569646
vt 0.12410133 0.76796681
vt 0.13173372 0.78631991
vt 0.14366022 0.78926641
vt 0.13318372 0.79042149
vt 0.13731420 0.79168653
vt 0.14073808 0.79229021
vt 0.14948340 0.79038835
vt 0.14443700 0.75914359
vt 0.15221031 0.77984571
vt 0.14186551 0.74065667
vt 0.15006755 0.75082284
vt 0.13211314 0.73257369
vt 0.11935420 0.75573784
vt 0.15795612 0.77599990
vt 0.16015077 0.78722900
vt 0.14245543 0.73207611
vt 0.14911507 0.73901796
vt 0.15883075 0.76580739
vt 0.12423056 0.72501457
vt 0.13171758 0.72486633
vt 0.16254777 0.74830544
vt 0.15795369 0.73552054
vt 0.16539223 0.74207604
vt 0.11061721 0.73051667
vt 0.13457578 0.79446578
vt 0.16999881 0.78653240
vt 0.17190132 0.77099919
vt 0.17472257 0.75632745
vt 0.15764916 0.72591329
vt 0.14061433 0.72231644
vt 0.17030376 0.73568779
vt 0.17901851 0.74533892
vt 0.16622095 0.72650343
vt 0.18217447 0.77480704
vt 0.18658139 0.75632447
vt 0.18017909 0.78546071
vt 0.18308982 0.78597224
vt 0.17911439 0.73648047
vt 0.13181353 0.71739709
vt 0.18747997 0.74696344
vt 0.19529527 0.76359230
vt 0.19119132 0.77879280
vt 0.18815006 0.78594708
vt 0.18215986 0.72480655
vt 0.15519893 0.71553928
vt 0.18863539 0.73508894
vt 0.16532844 0.71549177
vt 0.18086906 0.71755034
vt 0.13884994 0.71107256
vt 0.19773413 0.74579686
vt 0.20215735 0.77366459
vt 0.19789195 0.78401423
vt 0.19284315 0.78593969
vt 0.18917340 0.72262621
vt 0.19826901 0.73762709
vt 0.17596756 0.70694256
vt 0.17641185 0.78629422
vt 0.19715871 0.78625035
vt 0.18400197 0.70944601
vt 0.20070475 0.72617233
vt 0.20460270 0.75689095
vt 0.20446572 0.74658966
vt 0.19670375 0.71058434
vt 0.20283718 0.72059441
vt 0.20738676 0.78814024
vt 0.18147038 0.69428122
vt 0.20744267 0.73254448
vt 0.18617947 0.69933575
vt 0.19525273 0.69969332
vt 0.20241931 0.78648478
vt 0.21030378 0.77826625
vt 0.21325296 0.76287746
vt 0.20487268 0.70815992
vt 0.16035840 0.78856498
vt 0.21484229 0.75398600
vt 0.21604379 0.74061328
vt 0.21486707 0.79077101
vt 0.19225648 0.68701720
vt 0.20187102 0.69231808
vt 0.21486735 0.71212780
vt 0.21566518 0.72469330
vt 0.21165065 0.70343059
vt 0.21180908 0.69309777
vt 0.20769410 0.68060637
vt 0.21974835 0.77187198
vt 0.22271630 0.75079799
vt 0.22980018 0.75796294
vt 0.12531336 0.79688847
vt 0.22258756 0.79372734
vt 0.12062107 0.78612363
vt 0.12104796 0.79181665
vt 0.11994670 0.78180158
vt 0.11646913 0.78272396
vt 0.11427876 0.74905068
vt 0.11285729 0.74701601
vt 0.09633650 0.73784149
vt 0.09938901 0.74153656
vt 0.10329233 0.74211943
vt 0.12171415 0.77868873
vt 0.12758349 0.79801255
vt 0.11262820 0.79656911
vt 0.10929598 0.78570914
vt 0.12261665 0.77456665
vt 0.10084511 0.74271113
vt 0.11642806 0.75706756
vt 0.12307790 0.76876521
vt 0.17559938 0.79299706
vt 0.16886909 0.79556966
vt 0.15776673 0.79240274
vt 0.17534602 0.81741041
vt 0.16731487 0.81657892
vt 0.16344517 0.80554569
vt 0.15811075 0.81902528
vt 0.15709005 0.80468339
vt 0.18275644 0.80631155
vt 0.18146223 0.83027875
vt 0.18818741 0.79968524
vt 0.18407115 0.78975862
vt 0.18678217 0.83893210
vt 0.19312085 0.79983151
vt 0.18242417 0.87017596
vt 0.18757550 0.86799794
vt 0.17744097 0.85576838
vt 0.17723557 0.83089763
vt 0.17609034 0.87132359
vt 0.17155442 0.83603096
vt 0.17212644 0.85210007
vt 0.16572741 0.85945451
vt 0.16629815 0.84157795
vt 0.16487847 0.82806277
vt 0.16037536 0.85644162
vt 0.15823618 0.86858076
vt 0.16065647 0.83843583
vt 0.15371944 0.83205122
vt 0.15709879 0.84632045
vt 0.15443304 0.85998356
vt 0.14893118 0.79749894
vt 0.15198600 0.81688988
vt 0.16330157 0.87542033
vt 0.17176051 0.87863064
vt 0.15376331 0.87839216
vt 0.16967119 0.89304984
vt 0.17793457 0.88949585
vt 0.16050218 0.89285982
vt 0.15661390 0.89351714
vt 0.15929541 0.89478791
vt 0.16598585 0.89462137
vt 0.17499310 0.89530843
vt 0.17645206 0.89425170
vt 0.18367817 0.89530599
vt 0.14606573 0.81999862
vt 0.14603689 0.83258963
vt 0.14767420 0.84204161
vt 0.14677785 0.86256397
vt 0.14201462 0.79798096
vt 0.15031271 0.89223808
vt 0.15419315 0.89423048
vt 0.14398207 0.89287382
vt 0.13698331 0.80544931
vt 0.13737126 0.81868887
vt 0.13824797 0.84187633
vt 0.13794133 0.83301300
vt 0.13936047 0.86126876
vt 0.14637944 0.87323087
vt 0.13735862 0.87603265
vt 0.18712080 0.88701499
vt 0.13697918 0.89317095
vt 0.13582020 0.86063898
vt 0.19346842 0.86573601
vt 0.19261897 0.83525336
vt 0.19244009 0.81730622
vt 0.19254293 0.88560349
vt 0.19095144 0.89504033
vt 0.12652653 0.89323300
vt 0.12733005 0.87259984
vt 0.19902252 0.82346672
vt 0.19962139 0.80095977
vt 0.19890037 0.88668585
vt 0.19916493 0.86801380
vt 0.19705346 0.89519548
vt 0.19944848 0.84356016
vt 0.95833004 0.85589927
vt 0.95783687 0.84695613
vt 0.96220678 0.84769529
vt 0.96201831 0.85794961
vt 0.96201831 0.83966774
vt 0.95820814 0.83883578
vt 0.95556599 0.84832305
vt 0.95561266 0.84049410
vt 0.95525628 0.84559041
vt 0.65725458 0.97697651
vt 0.65725458 0.99000871
vt 0.65377933 0.98340648
vt 0.53490508 0.02173287
vt 0.52447438 0.02165395
vt 0.52432150 0.01867938
vt 0.53652173 0.01925981
vt 0.54492033 0.02197194
vt 0.54531133 0.01959664
vt 0.55212861 0.02215457
vt 0.51456845 0.01898873
vt 0.51516396 0.02190459
vt 0.50521284 0.02215463
vt 0.50647247 0.01937252
vt 0.14552563 0.33927023
vt 0.15421373 0.33927023
vt 0.14628182 0.33579493
vt 0.23501301 0.41920066
vt 0.23419221 0.40182447
vt 0.23501304 0.40385163
vt 0.23414423 0.41504884
vt 0.37141615 0.83073419
vt 0.37084076 0.83943599
vt 0.36967853 0.83014768
vt 0.36977977 0.83890396
vt 0.36994764 0.84665507
vt 0.37141612 0.84586877
vt 0.95654416 0.16684783
vt 0.96163267 0.16753113
vt 0.95769888 0.16463947
vt 0.95962995 0.16863817
vt 0.95351869 0.16898346
vt 0.96655083 0.16898346
vt 0.99782795 0.86183292
vt 0.99782795 0.87185055
vt 0.99609035 0.86180836
vt 0.99649316 0.87037337
vt 0.99620694 0.85447437
vt 0.56255430 0.31325436
vt 0.56516075 0.31059945
vt 0.56516075 0.31668115
vt 0.21676803 0.55907905
vt 0.22024326 0.55907905
vt 0.21691167 0.55647266
vt 0.10729802 0.74674195
vt 0.10903562 0.74906528
vt 0.10729800 0.75021720
vt 0.61029893 0.44336390
vt 0.60801327 0.43775976
vt 0.60698485 0.44352025
vt 0.60872471 0.44806099
vt 0.60618019 0.43107569
vt 0.60769212 0.43008071
vt 0.60648549 0.41629738
vt 0.60114121 0.42901480
vt 0.60040325 0.41578436
vt 0.60651869 0.40420890
vt 0.59611571 0.40447563
vt 0.59567934 0.39609540
vt 0.57675171 0.40154755
vt 0.60721129 0.39589220
vt 0.58537900 0.41649753
vt 0.57780707 0.39581645
vt 0.57808697 0.38648248
vt 0.60709494 0.45247126
vt 0.60210592 0.45237821
vt 0.60875386 0.45687425
vt 0.59745920 0.44528484
vt 0.57780856 0.45152932
vt 0.57599586 0.44589317
vt 0.57565850 0.44996262
vt 0.57473028 0.44476318
vt 0.57059151 0.44554543
vt 0.57660741 0.45552212
vt 0.57574856 0.43867815
vt 0.61059940 0.43321007
vt 0.59710014 0.38723749
vt 0.57540649 0.39153969
vt 0.60801721 0.42001939
vt 0.57362300 0.45223242
vt 0.57447755 0.43799257
vt 0.56966478 0.45118034
vt 0.57230514 0.45728928
vt 0.57698369 0.45749986
vt 0.57574010 0.46389055
vt 0.57158458 0.46320510
vt 0.57404512 0.46864402
vt 0.57457924 0.47641504
vt 0.57847512 0.46442497
vt 0.57932001 0.47093910
vt 0.57577080 0.39766467
vt 0.59925544 0.43643272
vt 0.56648904 0.44464004
vt 0.57119542 0.43824065
vt 0.57684821 0.36963379
vt 0.57898140 0.36940730
vt 0.57971936 0.35702002
vt 0.58440423 0.35797977
vt 0.57880318 0.34882963
vt 0.58102989 0.34541368
vt 0.57991242 0.34140992
vt 0.57606536 0.34753883
vt 0.57834399 0.35083032
vt 0.58089316 0.33422232
vt 0.58329964 0.33272254
vt 0.59419680 0.37040782
vt 0.60852450 0.36164987
vt 0.60929358 0.35498345
vt 0.61057502 0.35803622
vt 0.61201799 0.34727836
vt 0.60762906 0.37200963
vt 0.57398683 0.33450305
vt 0.57835883 0.33109820
vt 0.56976038 0.35614991
vt 0.57241690 0.33862245
vt 0.58601725 0.34460545
vt 0.57276160 0.47644866
vt 0.57384461 0.48406100
vt 0.60843635 0.40896875
vt 0.57581174 0.48304534
vt 0.57314330 0.35916710
vt 0.57059872 0.36987293
vt 0.56622487 0.36708492
vt 0.56527191 0.38215482
vt 0.57018453 0.38354146
vt 0.56369126 0.37666523
vt 0.56081671 0.38778841
vt 0.56933206 0.45894396
vt 0.57711273 0.49010909
vt 0.58120966 0.48342085
vt 0.57437772 0.36818779
vt 0.58184797 0.33166015
vt 0.57649755 0.49794549
vt 0.58011538 0.49628353
vt 0.58131361 0.48982179
vt 0.57876855 0.50260925
vt 0.58915746 0.37803167
vt 0.60970563 0.37253273
vt 0.57791632 0.41618460
vt 0.60774148 0.46016192
vt 0.60993743 0.46761388
vt 0.60842663 0.46926439
vt 0.58414364 0.47022867
vt 0.58469146 0.48023152
vt 0.60912555 0.47774631
vt 0.61060250 0.48673940
vt 0.58367038 0.48904401
vt 0.58513761 0.49736333
vt 0.61120975 0.49157453
vt 0.61114228 0.50029063
vt 0.59230554 0.50850630
vt 0.61262631 0.51178205
vt 0.60335231 0.52066576
vt 0.61396843 0.52402759
vt 0.58461839 0.52331269
vt 0.61366665 0.51020473
vt 0.61074686 0.47711980
vt 0.58529532 0.53040832
vt 0.58113700 0.50861764
vt 0.57693321 0.40988851
vt 0.57588732 0.42074567
vt 0.59237093 0.46139657
vt 0.58031940 0.50021964
vt 0.58182675 0.51504374
vt 0.58243740 0.52141947
vt 0.58328098 0.52859288
vt 0.61555171 0.52536476
vt 0.56817472 0.39467245
vt 0.61277151 0.50019556
vt 0.60983372 0.41728163
vt 0.56787449 0.45363766
vt 0.57575941 0.40971673
vt 0.57515705 0.41807950
vt 0.57154405 0.41835517
vt 0.57522392 0.40782797
vt 0.61007965 0.34718299
vt 0.61294907 0.33854073
vt 0.61130542 0.33590496
vt 0.61345273 0.32989711
vt 0.61196870 0.32857311
vt 0.61356151 0.31911594
vt 0.60508543 0.31664240
vt 0.61360562 0.31269610
vt 0.59620327 0.30109477
vt 0.61555171 0.29809070
vt 0.58396298 0.30629516
vt 0.59034294 0.31495690
vt 0.58250225 0.31537962
vt 0.58658397 0.29756737
vt 0.58444983 0.29956114
vt 0.60536540 0.32589310
vt 0.59037614 0.32686502
vt 0.58042771 0.47720575
vt 0.61057121 0.42514509
vt 0.58695710 0.33232796
vt 0.60629559 0.38665402
vt 0.57218319 0.40923333
vt 0.56837136 0.41792405
vt 0.56796807 0.40545148
vt 0.56665736 0.41383243
vt 0.56788355 0.42643607
vt 0.56661689 0.42413723
vt 0.57188183 0.42836815
vt 0.56587255 0.43266439
vt 0.56727606 0.43593931
vt 0.57574427 0.43020165
vt 0.58290279 0.32261252
vt 0.58023781 0.32078403
vt 0.60792196 0.38849294
vt 0.57462025 0.42734593
vt 0.16905801 0.55993962
vt 0.17593397 0.56053609
vt 0.17540991 0.56531411
vt 0.17016375 0.56950480
vt 0.15828714 0.56950480
vt 0.15860328 0.56119251
vt 0.16656430 0.55915105
vt 0.15682016 0.56029427
vt 0.16493714 0.55647266
vt 0.17505090 0.55890268
vt 0.32762432 0.41051257
vt 0.31686044 0.41051257
vt 0.31467393 0.40728575
vt 0.32884449 0.40715957
vt 0.32483807 0.40292639
vt 0.30973068 0.40249759
vt 0.32194784 0.40182447
vt 0.91963512 0.19939184
vt 0.90747178 0.20142198
vt 0.91173148 0.20443797
vt 0.91963512 0.20460469
vt 0.06125109 0.01607299
vt 0.05858452 0.01778299
vt 0.06125109 0.02562988
vt 0.05690704 0.02501971
vt 0.32202381 0.41225022
vt 0.32884449 0.42788875
vt 0.32148525 0.42782474
vt 0.31359732 0.42101914
vt 0.31776121 0.42773414
vt 0.31205764 0.42751598
vt 0.30348790 0.42106235
vt 0.30678374 0.42749643
vt 0.30024236 0.42567116
vt 0.29467449 0.42264676
vt 0.29289716 0.42714012
vt 0.29693174 0.42788875
vt 0.28620166 0.42172539
vt 0.28366637 0.42676628
vt 0.30144122 0.42737091
vt 0.29669851 0.25238919
vt 0.29669851 0.24456996
vt 0.29409209 0.24650884
vt 0.95236129 0.50651026
vt 0.95349801 0.51390094
vt 0.95534825 0.50747693
vt 0.95726711 0.50108755
vt 0.95256829 0.50046647
vt 0.95206147 0.49480861
vt 0.95434612 0.49402845
vt 0.95866293 0.49411088
vt 0.95873153 0.48696268
vt 0.95433223 0.48677623
vt 0.95178103 0.48633909
vt 0.95450872 0.48004287
vt 0.95866293 0.47914857
f 159/159 157/157 212/212
f 160/160 161/161 169/169
f 264/264 261/261 260/260
f 260/260 304/304 303/303
f 242/242 323/323 244/244
f 249/249 245/245 253/253
f 259/259 257/257 258/258
f 228/228 324/324 323/323
f 189/189 180/180 190/190
f 194/194 203/203 204/204
f 158/158 157/157 142/142
f 137/137 136/136 144/144
f 436/436 291/291 438/438
f 417/417 293/293 321/321
f 232/232 228/228 323/323
f 414/414 153/153 185/185
f 153/153 214/214 146/146
f 130/130 131/131 129/129
f 160/160 144/144 145/145
f 169/169 171/171 168/168
f 346/346 345/345 178/178
f 108/108 116/116 110/110
f 404/404 391/391 390/390
f 418/418 408/408 447/447
f 238/238 236/236 233/233
f 232/232 242/242 240/240
f 277/277 313/313 343/343
f 438/438 437/437 449/449
f 259/259 258/258 260/260
f 283/283 285/285 286/286
f 170/170 171/171 169/169
f 268/268 267/267 310/310
f 355/355 254/254 250/250
f 322/322 323/323 324/324
f 186/186 116/116 181/181
f 200/200 188/188 187/187
f 132/132 131/131 143/143
f 130/130 138/138 140/140
f 246/246 243/243 245/245
f 244/244 245/245 243/243
f 260/260 261/261 259/259
f 264/264 260/260 303/303
f 229/229 230/230 426/426
f 414/414 214/214 153/153
f 153/153 140/140 166/166
f 157/157 159/159 145/145
f 261/261 264/264 262/262
f 302/302 301/301 264/264
f 310/310 267/267 266/266
f 264/264 301/301 265/265
f 243/243 241/241 242/242
f 254/254 318/318 255/255
f 213/213 215/215 211/211
f 161/161 160/160 159/159
f 212/212 211/211 159/159
f 238/238 239/239 237/237
f 144/144 160/160 169/169
f 145/145 136/136 142/142
f 366/366 217/217 209/209
f 207/207 516/516 203/203
f 211/211 215/215 161/161
f 146/146 133/133 140/140
f 509/509 396/396 342/342
f 372/372 509/509 342/342
f 333/333 375/375 332/332
f 334/334 308/308 331/331
f 298/298 299/299 300/300
f 286/286 296/296 294/294
f 115/115 116/116 186/186
f 209/209 217/217 200/200
f 506/506 174/174 364/364
f 198/198 190/190 195/195
f 183/183 166/166 182/182
f 158/158 214/214 212/212
f 178/178 468/468 346/346
f 346/346 450/450 345/345
f 351/351 429/429 428/428
f 308/308 307/307 306/306
f 291/291 315/315 312/312
f 437/437 290/290 289/289
f 140/140 147/147 166/166
f 146/146 214/214 158/158
f 492/492 496/496 483/483
f 523/523 522/522 518/518
f 179/179 175/175 177/177
f 467/467 486/486 465/465
f 181/181 175/175 180/180
f 103/103 101/101 104/104
f 139/139 113/113 114/114
f 104/104 106/106 103/103
f 243/243 242/242 244/244
f 161/161 233/233 234/234
f 229/229 324/324 228/228
f 226/226 414/414 231/231
f 226/226 213/213 214/214
f 230/230 210/210 224/224
f 98/98 97/97 94/94
f 98/98 446/446 99/99
f 336/336 222/222 221/221
f 112/112 128/128 122/122
f 451/451 371/371 329/329
f 268/268 172/172 235/235
f 125/125 141/141 127/127
f 124/124 125/125 126/126
f 311/311 274/274 310/310
f 271/271 274/274 275/275
f 200/200 187/187 198/198
f 185/185 205/205 210/210
f 374/374 473/473 474/474
f 149/149 167/167 148/148
f 219/219 336/336 221/221
f 165/165 162/162 164/164
f 137/137 135/135 136/136
f 202/202 205/205 184/184
f 148/148 126/126 149/149
f 352/352 150/150 167/167
f 138/138 139/139 147/147
f 126/126 127/127 151/151
f 109/109 111/111 174/174
f 114/114 110/110 115/115
f 122/122 121/121 102/102
f 182/182 114/114 115/115
f 450/450 207/207 208/208
f 484/484 366/366 199/199
f 453/453 447/447 396/396
f 232/232 215/215 225/225
f 175/175 117/117 174/174
f 177/177 178/178 179/179
f 191/191 179/179 178/178
f 201/201 200/200 217/217
f 260/260 258/258 304/304
f 291/291 282/282 290/290
f 189/189 190/190 187/187
f 193/193 191/191 208/208
f 240/240 242/242 241/241
f 298/298 296/296 299/299
f 448/448 413/413 356/356
f 225/225 213/213 226/226
f 388/388 391/391 385/385
f 419/419 406/406 418/418
f 237/237 236/236 238/238
f 278/278 313/313 277/277
f 512/512 363/363 413/413
f 390/390 389/389 408/408
f 490/490 482/482 495/495
f 492/492 508/508 518/518
f 522/522 504/504 496/496
f 481/481 434/434 482/482
f 492/492 518/518 496/496
f 441/441 466/466 483/483
f 300/300 331/331 306/306
f 355/355 356/356 413/413
f 354/354 355/355 363/363
f 247/247 255/255 256/256
f 264/264 265/265 263/263
f 255/255 247/247 248/248
f 319/319 297/297 305/305
f 255/255 248/248 254/254
f 456/456 461/461 462/462
f 460/460 509/509 416/416
f 323/323 242/242 232/232
f 258/258 300/300 304/304
f 163/163 164/164 162/162
f 135/135 154/154 155/155
f 482/482 490/490 481/481
f 366/366 467/467 458/458
f 456/456 407/407 461/461
f 464/464 465/465 491/491
f 483/483 496/496 495/495
f 464/464 466/466 457/457
f 204/204 196/196 194/194
f 197/197 199/199 198/198
f 304/304 299/299 303/303
f 237/237 239/239 263/263
f 579/579 452/452 204/204
f 195/195 196/196 197/197
f 450/450 208/208 345/345
f 192/192 195/195 190/190
f 138/138 130/130 128/128
f 100/100 101/101 102/102
f 100/100 102/102 105/105
f 124/124 126/126 120/120
f 109/109 174/174 117/117
f 367/367 416/416 330/330
f 122/122 102/102 112/112
f 121/121 125/125 124/124
f 130/130 140/140 133/133
f 118/118 105/105 120/120
f 256/256 258/258 257/257
f 307/307 308/308 326/326
f 319/319 360/360 320/320
f 437/437 438/438 290/290
f 226/226 231/231 227/227
f 157/157 145/145 142/142
f 298/298 297/297 296/296
f 290/290 438/438 291/291
f 116/116 115/115 110/110
f 103/103 102/102 101/101
f 219/219 335/335 336/336
f 369/369 328/328 371/371
f 466/466 441/441 457/457
f 409/409 407/407 456/456
f 192/192 190/190 191/191
f 523/523 508/508 401/401
f 366/366 484/484 467/467
f 184/184 183/183 182/182
f 266/266 284/284 310/310
f 287/287 288/288 289/289
f 202/202 330/330 206/206
f 244/244 323/323 322/322
f 381/381 382/382 393/393
f 357/357 359/359 358/358
f 216/216 367/367 330/330
f 463/463 459/459 454/454
f 270/270 171/171 172/172
f 215/215 232/232 233/233
f 270/270 327/327 171/171
f 370/370 347/347 369/369
f 278/278 277/277 276/276
f 501/501 530/530 531/531
f 269/269 271/271 270/270
f 296/296 286/286 301/301
f 449/449 437/437 417/417
f 235/235 267/267 268/268
f 95/95 118/118 96/96
f 141/141 129/129 132/132
f 173/173 368/368 137/137
f 329/329 439/439 451/451
f 293/293 417/417 437/437
f 449/449 436/436 438/438
f 156/156 151/151 152/152
f 149/149 221/221 167/167
f 246/246 259/259 241/241
f 236/236 234/234 233/233
f 155/155 154/154 163/163
f 151/151 127/127 152/152
f 107/107 110/110 113/113
f 97/97 101/101 100/100
f 129/129 123/123 128/128
f 134/134 131/131 133/133
f 201/201 216/216 202/202
f 147/147 140/140 138/138
f 418/418 406/406 408/408
f 325/325 251/251 253/253
f 395/395 480/480 420/420
f 486/486 484/484 485/485
f 268/268 269/269 172/172
f 227/227 225/225 226/226
f 281/281 279/279 284/284
f 269/269 268/268 274/274
f 484/484 486/486 467/467
f 465/465 462/462 458/458
f 189/189 187/187 180/180
f 115/115 186/186 184/184
f 431/431 428/428 430/430
f 387/387 377/377 526/526
f 453/453 459/459 419/419
f 491/491 492/492 466/466
f 518/518 522/522 496/496
f 197/197 218/218 199/199
f 350/350 351/351 428/428
f 326/326 308/308 351/351
f 253/253 322/322 325/325
f 240/240 238/238 233/233
f 320/320 292/292 295/295
f 241/241 261/261 262/262
f 354/354 341/341 254/254
f 403/403 422/422 421/421
f 318/318 333/333 332/332
f 300/300 256/256 317/317
f 332/332 334/334 317/317
f 249/249 253/253 251/251
f 228/228 227/227 229/229
f 396/396 448/448 252/252
f 240/240 241/241 239/239
f 342/342 325/325 372/372
f 218/218 223/223 401/401
f 191/191 180/180 179/179
f 409/409 405/405 407/407
f 453/453 419/419 418/418
f 497/497 469/469 431/431
f 252/252 356/356 250/250
f 357/357 340/340 353/353
f 386/386 361/361 363/363
f 319/319 295/295 297/297
f 264/264 263/263 262/262
f 202/202 188/188 201/201
f 199/199 366/366 209/209
f 210/210 230/230 231/231
f 210/210 205/205 206/206
f 384/384 386/386 389/389
f 365/365 366/366 458/458
f 246/246 257/257 259/259
f 255/255 317/317 256/256
f 248/248 247/247 245/245
f 236/236 235/235 234/234
f 181/181 117/117 175/175
f 111/111 106/106 119/119
f 214/214 414/414 226/226
f 235/235 236/236 237/237
f 128/128 139/139 138/138
f 364/364 174/174 111/111
f 443/443 442/442 222/222
f 132/132 143/143 152/152
f 399/399 337/337 397/397
f 162/162 156/156 152/152
f 267/267 237/237 263/263
f 213/213 225/225 215/215
f 163/163 162/162 155/155
f 135/135 134/134 136/136
f 531/531 360/360 500/500
f 375/375 351/351 308/308
f 502/502 530/530 501/501
f 300/300 299/299 304/304
f 271/271 269/269 274/274
f 270/270 271/271 272/272
f 250/250 249/249 251/251
f 227/227 228/228 225/225
f 285/285 266/266 265/265
f 538/538 507/507 316/316
f 344/344 423/423 343/343
f 284/284 266/266 285/285
f 166/166 147/147 182/182
f 216/216 330/330 202/202
f 322/322 253/253 244/244
f 146/146 142/142 133/133
f 237/237 267/267 235/235
f 298/298 300/300 306/306
f 104/104 119/119 106/106
f 185/185 166/166 183/183
f 124/124 102/102 121/121
f 97/97 100/100 95/95
f 110/110 114/114 113/113
f 464/464 456/456 462/462
f 153/153 166/166 185/185
f 104/104 99/99 515/515
f 224/224 425/425 426/426
f 455/455 229/229 426/426
f 239/239 241/241 262/262
f 280/280 282/282 312/312
f 209/209 198/198 199/199
f 509/509 372/372 455/455
f 457/457 409/409 456/456
f 486/486 485/485 508/508
f 156/156 162/162 165/165
f 165/165 219/219 221/221
f 141/141 132/132 127/127
f 121/121 122/122 123/123
f 330/330 425/425 206/206
f 181/181 180/180 187/187
f 485/485 218/218 401/401
f 196/196 218/218 197/197
f 396/396 509/509 460/460
f 406/406 407/407 405/405
f 528/528 502/502 349/349
f 2054/2054 2018/2018 2055/2055
f 469/469 428/428 431/431
f 393/393 392/392 420/420
f 379/379 411/411 377/377
f 357/357 361/361 362/362
f 210/210 206/206 224/224
f 358/358 421/421 430/430
f 491/491 466/466 464/464
f 365/365 217/217 366/366
f 254/254 248/248 250/250
f 354/354 361/361 353/353
f 478/478 489/489 423/423
f 314/314 313/313 312/312
f 274/274 276/276 275/275
f 478/478 477/477 489/489
f 141/141 125/125 121/121
f 231/231 185/185 210/210
f 151/151 156/156 149/149
f 107/107 103/103 106/106
f 482/482 434/434 441/441
f 204/204 203/203 516/516
f 329/329 328/328 327/327
f 503/503 519/519 478/478
f 375/375 333/333 429/429
f 497/497 431/431 422/422
f 418/418 447/447 453/453
f 419/419 459/459 461/461
f 196/196 223/223 218/218
f 468/468 178/178 176/176
f 276/276 274/274 311/311
f 183/183 205/205 185/185
f 224/224 206/206 425/425
f 324/324 455/455 372/372
f 176/176 174/174 506/506
f 106/106 108/108 107/107
f 107/107 113/113 112/112
f 95/95 94/94 97/97
f 251/251 325/325 342/342
f 142/142 134/134 133/133
f 316/316 314/314 538/538
f 215/215 233/233 161/161
f 367/367 365/365 454/454
f 123/123 129/129 141/141
f 266/266 267/267 263/263
f 315/315 314/314 312/312
f 352/352 167/167 442/442
f 335/335 219/219 220/220
f 475/475 440/440 474/474
f 143/143 155/155 152/152
f 524/524 474/474 473/473
f 118/118 402/402 521/521
f 338/338 335/335 337/337
f 338/338 337/337 399/399
f 493/493 494/494 471/471
f 280/280 278/278 279/279
f 220/220 374/374 339/339
f 410/410 273/273 275/275
f 370/370 473/473 373/373
f 499/499 525/525 581/581
f 244/244 253/253 245/245
f 212/212 214/214 213/213
f 272/272 271/271 273/273
f 274/274 268/268 310/310
f 276/276 279/279 278/278
f 291/291 436/436 435/435
f 500/500 309/309 501/501
f 422/422 403/403 444/444
f 292/292 320/320 321/321
f 360/360 319/319 500/500
f 303/303 299/299 302/302
f 360/360 376/376 320/320
f 462/462 463/463 458/458
f 467/467 465/465 458/458
f 283/283 287/287 282/282
f 308/308 306/306 331/331
f 528/528 529/529 562/562
f 333/333 358/358 430/430
f 282/282 291/291 312/312
f 343/343 423/423 410/410
f 510/510 424/424 344/344
f 265/265 266/266 263/263
f 314/314 316/316 313/313
f 537/537 538/538 314/314
f 277/277 343/343 410/410
f 535/535 424/424 510/510
f 131/131 132/132 129/129
f 154/154 347/347 163/163
f 168/168 171/171 173/173
f 234/234 235/235 170/170
f 143/143 131/131 135/135
f 118/118 95/95 105/105
f 163/163 347/347 348/348
f 275/275 276/276 277/277
f 338/338 222/222 336/336
f 402/402 150/150 352/352
f 488/488 532/532 470/470
f 311/311 310/310 284/284
f 127/127 126/126 125/125
f 368/368 347/347 154/154
f 119/119 104/104 515/515
f 97/97 99/99 101/101
f 203/203 193/193 207/207
f 116/116 117/117 181/181
f 365/365 216/216 217/217
f 240/240 233/233 232/232
f 496/496 504/504 495/495
f 195/195 194/194 196/196
f 184/184 205/205 183/183
f 106/106 111/111 109/109
f 355/355 250/250 356/356
f 239/239 262/262 263/263
f 252/252 342/342 396/396
f 201/201 217/217 216/216
f 113/113 139/139 112/112
f 177/177 175/175 176/176
f 430/430 429/429 333/333
f 363/363 512/512 386/386
f 390/390 408/408 406/406
f 367/367 454/454 416/416
f 500/500 501/501 531/531
f 301/301 302/302 299/299
f 400/400 408/408 389/389
f 318/318 254/254 341/341
f 447/447 408/408 400/400
f 318/318 341/341 340/340
f 404/404 405/405 433/433
f 434/434 481/481 479/479
f 417/417 321/321 376/376
f 281/281 284/284 283/283
f 202/202 206/206 205/205
f 187/187 190/190 198/198
f 247/247 246/246 245/245
f 324/324 372/372 325/325
f 379/379 378/378 380/380
f 382/382 381/381 380/380
f 251/251 342/342 252/252
f 332/332 317/317 318/318
f 341/341 353/353 340/340
f 454/454 459/459 460/460
f 286/286 288/288 287/287
f 497/497 445/445 517/517
f 378/378 377/377 387/387
f 333/333 318/318 340/340
f 295/295 294/294 297/297
f 287/287 290/290 282/282
f 257/257 247/247 256/256
f 331/331 317/317 334/334
f 393/393 382/382 385/385
f 388/388 389/389 390/390
f 392/392 385/385 391/391
f 432/432 480/480 395/395
f 384/384 389/389 388/388
f 404/404 432/432 391/391
f 261/261 241/241 259/259
f 421/421 358/358 359/359
f 309/309 326/326 349/349
f 502/502 528/528 563/563
f 204/204 223/223 196/196
f 199/199 485/485 484/484
f 188/188 200/200 201/201
f 427/427 509/509 455/455
f 448/448 400/400 413/413
f 357/357 353/353 361/361
f 409/409 441/441 433/433
f 176/176 506/506 468/468
f 154/154 137/137 368/368
f 297/297 294/294 296/296
f 453/453 460/460 459/459
f 441/441 409/409 457/457
f 112/112 139/139 128/128
f 187/187 188/188 186/186
f 128/128 123/123 122/122
f 114/114 147/147 139/139
f 142/142 136/136 134/134
f 548/548 94/94 96/96
f 115/115 184/184 182/182
f 227/227 231/231 230/230
f 155/155 162/162 152/152
f 165/165 149/149 156/156
f 338/338 511/511 443/443
f 532/532 475/475 524/524
f 338/338 336/336 335/335
f 235/235 172/172 170/170
f 398/398 440/440 487/487
f 505/505 513/513 514/514
f 402/402 118/118 150/150
f 167/167 222/222 442/442
f 145/145 144/144 136/136
f 272/272 329/329 327/327
f 326/326 351/351 350/350
f 498/498 469/469 497/497
f 530/530 502/502 563/563
f 305/305 297/297 298/298
f 305/305 298/298 306/306
f 2018/2018 2016/2016 2072/2072
f 432/432 433/433 434/434
f 460/460 416/416 454/454
f 255/255 318/318 317/317
f 429/429 351/351 375/375
f 501/501 349/349 502/502
f 286/286 265/265 301/301
f 98/98 99/99 97/97
f 170/170 169/169 161/161
f 279/279 311/311 284/284
f 435/435 537/537 315/315
f 493/493 471/471 477/477
f 234/234 170/170 161/161
f 275/275 273/273 271/271
f 410/410 275/275 277/277
f 299/299 296/296 301/301
f 288/288 292/292 289/289
f 470/470 532/532 472/472
f 328/328 173/173 327/327
f 524/524 472/472 532/532
f 475/475 532/532 488/488
f 282/282 280/280 281/281
f 478/478 423/423 424/424
f 348/348 373/373 164/164
f 230/230 224/224 426/426
f 212/212 157/157 158/158
f 493/493 477/477 478/478
f 412/412 411/411 381/381
f 400/400 389/389 386/386
f 117/117 108/108 109/109
f 212/212 213/213 211/211
f 426/426 425/425 427/427
f 420/420 394/394 393/393
f 433/433 432/432 404/404
f 405/405 404/404 390/390
f 292/292 321/321 293/293
f 349/349 501/501 309/309
f 357/357 358/358 340/340
f 528/528 562/562 563/563
f 529/529 350/350 469/469
f 497/497 422/422 445/445
f 430/430 421/421 431/431
f 497/497 517/517 498/498
f 386/386 413/413 400/400
f 463/463 365/365 458/458
f 279/279 281/281 280/280
f 471/471 451/451 477/477
f 251/251 252/252 250/250
f 359/359 357/357 362/362
f 198/198 209/209 200/200
f 193/193 194/194 192/192
f 447/447 400/400 448/448
f 392/392 393/393 385/385
f 140/140 153/153 146/146
f 165/165 164/164 219/219
f 494/494 499/499 513/513
f 220/220 373/373 374/374
f 137/137 168/168 173/173
f 269/269 270/270 172/172
f 337/337 339/339 397/397
f 373/373 348/348 370/370
f 164/164 163/163 348/348
f 489/489 477/477 439/439
f 471/471 488/488 470/470
f 499/499 494/494 493/493
f 415/415 316/316 507/507
f 283/283 282/282 281/281
f 347/347 368/368 369/369
f 376/376 321/321 320/320
f 159/159 160/160 145/145
f 439/439 273/273 489/489
f 349/349 350/350 528/528
f 292/292 293/293 289/289
f 419/419 461/461 407/407
f 444/444 387/387 527/527
f 250/250 248/248 249/249
f 422/422 444/444 445/445
f 350/350 349/349 326/326
f 305/305 309/309 319/319
f 493/493 478/478 519/519
f 524/524 473/473 472/472
f 338/338 399/399 520/520
f 143/143 135/135 155/155
f 487/487 440/440 476/476
f 370/370 348/348 347/347
f 120/120 126/126 148/148
f 165/165 221/221 149/149
f 167/167 221/221 222/222
f 488/488 513/513 505/505
f 134/134 135/135 131/131
f 169/169 168/168 144/144
f 270/270 272/272 327/327
f 475/475 505/505 476/476
f 103/103 112/112 102/102
f 472/472 371/371 470/470
f 107/107 112/112 103/103
f 186/186 181/181 187/187
f 124/124 120/120 105/105
f 148/148 118/118 120/120
f 177/177 176/176 178/178
f 194/194 193/193 203/203
f 208/208 191/191 345/345
f 191/191 178/178 345/345
f 286/286 285/285 265/265
f 229/229 455/455 324/324
f 508/508 485/485 401/401
f 194/194 195/195 192/192
f 379/379 381/381 411/411
f 359/359 378/378 403/403
f 365/365 367/367 216/216
f 482/482 441/441 483/483
f 483/483 495/495 482/482
f 483/483 466/466 492/492
f 469/469 498/498 529/529
f 171/171 327/327 173/173
f 322/322 324/324 325/325
f 252/252 448/448 356/356
f 391/391 388/388 390/390
f 377/377 378/378 379/379
f 486/486 508/508 491/491
f 362/362 383/383 380/380
f 287/287 289/289 290/290
f 300/300 317/317 331/331
f 362/362 361/361 383/383
f 447/447 448/448 396/396
f 232/232 225/225 228/228
f 363/363 355/355 413/413
f 264/264 303/303 302/302
f 406/406 405/405 390/390
f 238/238 240/240 239/239
f 428/428 429/429 430/430
f 383/383 384/384 382/382
f 358/358 333/333 340/340
f 463/463 462/462 461/461
f 491/491 508/508 492/492
f 512/512 413/413 386/386
f 385/385 384/384 388/388
f 407/407 406/406 419/419
f 382/382 384/384 385/385
f 441/441 434/434 433/433
f 444/444 403/403 387/387
f 456/456 464/464 457/457
f 354/354 254/254 355/355
f 353/353 341/341 354/354
f 395/395 391/391 432/432
f 462/462 465/465 464/464
f 434/434 479/479 432/432
f 365/365 463/463 454/454
f 230/230 229/229 227/227
f 361/361 386/386 383/383
f 294/294 292/292 288/288
f 422/422 431/431 421/421
f 295/295 292/292 294/294
f 387/387 403/403 378/378
f 405/405 409/409 433/433
f 305/305 307/307 309/309
f 392/392 391/391 395/395
f 283/283 286/286 287/287
f 243/243 246/246 241/241
f 245/245 249/249 248/248
f 378/378 359/359 362/362
f 147/147 114/114 182/182
f 257/257 246/246 247/247
f 453/453 396/396 460/460
f 485/485 199/199 218/218
f 326/326 309/309 307/307
f 490/490 495/495 504/504
f 179/179 180/180 175/175
f 204/204 516/516 579/579
f 427/427 455/455 426/426
f 190/190 180/180 191/191
f 121/121 123/123 141/141
f 208/208 207/207 193/193
f 446/446 515/515 99/99
f 174/174 176/176 175/175
f 131/131 130/130 133/133
f 108/108 106/106 109/109
f 167/167 150/150 148/148
f 124/124 105/105 102/102
f 220/220 164/164 373/373
f 184/184 188/188 202/202
f 99/99 104/104 101/101
f 509/509 427/427 416/416
f 344/344 424/424 423/423
f 278/278 312/312 313/313
f 478/478 424/424 503/503
f 374/374 397/397 339/339
f 440/440 374/374 474/474
f 505/505 514/514 476/476
f 173/173 328/328 368/368
f 222/222 338/338 443/443
f 397/397 374/374 398/398
f 475/475 476/476 440/440
f 126/126 151/151 149/149
f 148/148 150/150 118/118
f 127/127 132/132 152/152
f 398/398 399/399 397/397
f 335/335 220/220 337/337
f 505/505 475/475 488/488
f 154/154 135/135 137/137
f 328/328 369/369 368/368
f 171/171 170/170 172/172
f 278/278 280/280 312/312
f 284/284 285/285 283/283
f 344/344 316/316 415/415
f 519/519 525/525 493/493
f 415/415 507/507 538/538
f 295/295 319/319 320/320
f 527/527 387/387 526/526
f 350/350 428/428 469/469
f 432/432 479/479 480/480
f 380/380 383/383 382/382
f 394/394 381/381 393/393
f 334/334 375/375 308/308
f 377/377 411/411 526/526
f 403/403 421/421 359/359
f 381/381 394/394 412/412
f 223/223 204/204 452/452
f 529/529 528/528 350/350
f 381/381 379/379 380/380
f 288/288 286/286 294/294
f 378/378 362/362 380/380
f 451/451 470/470 371/371
f 184/184 186/186 188/188
f 128/128 130/130 129/129
f 370/370 472/472 473/473
f 2072/2072 2055/2055 2018/2018
f 142/142 146/146 158/158
f 416/416 427/427 425/425
f 521/521 96/96 118/118
f 195/195 197/197 198/198
f 414/414 185/185 231/231
f 137/137 144/144 168/168
f 477/477 451/451 439/439
f 291/291 435/435 315/315
f 344/344 343/343 316/316
f 424/424 535/535 503/503
f 371/371 472/472 370/370
f 329/329 272/272 439/439
f 489/489 410/410 423/423
f 332/332 375/375 334/334
f 523/523 518/518 508/508
f 191/191 193/193 192/192
f 272/272 273/273 439/439
f 371/371 328/328 329/329
f 398/398 374/374 440/440
f 493/493 525/525 499/499
f 161/161 159/159 211/211
f 164/164 220/220 219/219
f 473/473 374/374 373/373
f 369/369 371/371 370/370
f 524/524 475/475 474/474
f 339/339 337/337 220/220
f 108/108 110/110 107/107
f 395/395 420/420 392/392
f 471/471 470/470 451/451
f 500/500 319/319 309/309
f 510/510 344/344 415/415
f 100/100 105/105 95/95
f 94/94 95/95 96/96
f 289/289 293/293 437/437
f 258/258 256/256 300/300
f 307/307 305/305 306/306
f 94/94 548/548 98/98
f 489/489 273/273 410/410
f 425/425 330/330 416/416
f 116/116 108/108 117/117
f 313/313 316/316 343/343
f 361/361 354/354 363/363
f 491/491 465/465 486/486
f 338/338 520/520 511/511
f 494/494 488/488 471/471
f 488/488 494/494 513/513
f 311/311 279/279 276/276
f 461/461 459/459 463/463
f 314/314 315/315 537/537
f 384/384 383/383 386/386
f 1226/1226 1220/1220 1227/1227
f 1227/1227 1251/1251 1226/1226
f 7058/7058 6971/6971 7002/7002
f 1227/1227 1249/1249 1251/1251
f 1230/1230 1249/1249 1227/1227
f 1232/1232 1249/1249 1230/1230
f 7058/7058 6989/6989 6971/6971
f 1250/1250 1276/1276 1249/1249
f 1232/1232 1250/1250 1249/1249
f 1234/1234 1275/1275 1250/1250
f 1250/1250 1275/1275 1276/1276
f 6989/6989 7001/7001 6967/6967
f 1292/1292 1497/1497 1275/1275
f 1275/1275 1236/1236 1292/1292
f 1292/1292 1236/1236 1284/1284
f 1292/1292 1284/1284 1497/1497
f 7037/7037 6960/6960 6966/6966
f 1224/1224 1222/1222 1225/1225
f 1224/1224 1381/1381 1223/1223
f 1222/1222 1220/1220 1225/1225
f 1225/1225 1229/1229 1224/1224
f 1224/1224 1229/1229 1381/1381
f 1220/1220 1226/1226 1225/1225
f 1225/1225 1226/1226 1229/1229
f 1228/1228 1227/1227 1220/1220
f 7044/7044 6975/6975 7029/7029
f 1239/1239 1231/1231 1228/1228
f 1231/1231 1230/1230 1228/1228
f 1228/1228 1230/1230 1227/1227
f 1233/1233 1231/1231 1239/1239
f 1233/1233 1232/1232 1231/1231
f 1231/1231 1232/1232 1230/1230
f 1233/1233 1235/1235 1234/1234
f 1233/1233 1234/1234 1232/1232
f 1243/1243 1244/1244 1237/1237
f 1237/1237 1235/1235 1233/1233
f 1243/1243 1237/1237 1233/1233
f 1237/1237 1236/1236 1235/1235
f 1235/1235 1236/1236 1234/1234
f 1244/1244 1283/1283 1237/1237
f 1237/1237 1283/1283 1236/1236
f 1283/1283 1284/1284 1236/1236
f 1283/1283 1293/1293 1285/1285
f 1283/1283 1285/1285 1284/1284
f 1293/1293 1301/1301 1285/1285
f 1293/1293 1302/1302 1301/1301
f 7037/7037 6959/6959 6960/6960
f 1301/1301 1606/1606 1285/1285
f 7038/7038 6958/6958 6959/6959
f 1301/1301 1333/1333 1606/1606
f 1259/1259 1260/1260 1261/1261
f 1260/1260 1719/1719 1261/1261
f 1221/1221 1222/1222 1223/1223
f 1221/1221 1223/1223 1255/1255
f 1255/1255 1223/1223 1260/1260
f 1223/1223 1719/1719 1260/1260
f 1218/1218 1206/1206 1220/1220
f 1219/1219 1222/1222 1221/1221
f 7041/7041 6978/6978 6983/6983
f 1223/1223 1381/1381 1719/1719
f 1218/1218 1220/1220 1219/1219
f 1219/1219 1220/1220 1222/1222
f 7041/7041 6977/6977 6978/6978
f 1206/1206 1240/1240 1239/1239
f 1206/1206 1239/1239 1220/1220
f 1239/1239 1228/1228 1220/1220
f 1238/1238 1243/1243 1239/1239
f 1238/1238 1239/1239 1240/1240
f 6975/6975 6973/6973 6974/6974
f 6972/6972 6982/6982 6974/6974
f 6970/6970 6996/6996 6982/6982
f 6970/6970 6985/6985 6996/6996
f 1247/1247 1274/1274 1273/1273
f 1247/1247 1265/1265 1274/1274
f 1247/1247 1273/1273 1244/1244
f 1247/1247 1244/1244 1243/1243
f 6968/6968 6969/6969 6985/6985
f 1293/1293 1283/1283 1244/1244
f 1273/1273 1293/1293 1244/1244
f 6965/6965 6964/6964 6969/6969
f 1273/1273 1304/1304 1293/1293
f 1304/1304 1302/1302 1293/1293
f 6960/6960 6963/6963 6964/6964
f 6960/6960 6964/6964 6965/6965
f 1304/1304 1332/1332 1302/1302
f 1332/1332 1301/1301 1302/1302
f 1332/1332 1333/1333 1301/1301
f 6958/6958 6957/6957 6959/6959
f 1333/1333 1332/1332 1355/1355
f 1333/1333 1355/1355 1382/1382
f 1382/1382 1621/1621 1333/1333
f 7060/7060 6956/6956 6958/6958
f 1202/1202 1221/1221 1209/1209
f 1209/1209 1221/1221 1252/1252
f 1259/1259 1261/1261 1257/1257
f 1254/1254 1259/1259 1257/1257
f 1195/1195 1205/1205 1202/1202
f 1221/1221 1255/1255 1252/1252
f 1252/1252 1255/1255 1259/1259
f 7052/7052 6988/6988 7053/7053
f 6632/6632 6631/6631 6630/6630
f 1197/1197 1206/1206 1195/1195
f 1195/1195 1206/1206 1205/1205
f 1205/1205 1218/1218 1202/1202
f 1202/1202 1219/1219 1221/1221
f 6633/6633 6631/6631 6632/6632
f 1206/1206 1218/1218 1205/1205
f 6634/6634 6640/6640 6633/6633
f 1199/1199 1238/1238 1240/1240
f 1199/1199 1240/1240 1197/1197
f 1197/1197 1240/1240 1206/1206
f 6976/6976 6986/6986 6979/6979
f 1238/1238 1246/1246 1243/1243
f 6976/6976 7015/7015 6986/6986
f 2107/2107 2089/2089 2001/2001
f 1246/1246 1264/1264 1247/1247
f 1246/1246 1247/1247 1243/1243
f 1264/1264 1265/1265 1247/1247
f 1264/1264 1278/1278 1265/1265
f 1265/1265 1278/1278 1274/1274
f 1278/1278 1305/1305 1274/1274
f 1274/1274 1305/1305 1273/1273
f 1305/1305 1304/1304 1273/1273
f 1305/1305 1344/1344 1304/1304
f 1344/1344 1332/1332 1304/1304
f 1344/1344 1356/1356 1332/1332
f 1356/1356 1366/1366 1355/1355
f 1356/1356 1355/1355 1332/1332
f 1355/1355 1366/1366 1369/1369
f 1355/1355 1372/1372 1382/1382
f 1355/1355 1369/1369 1371/1371
f 1355/1355 1371/1371 1372/1372
f 1382/1382 1372/1372 1621/1621
f 7035/7035 6952/6952 6956/6956
f 7042/7042 6952/6952 7035/7035
f 1193/1193 1202/1202 1198/1198
f 1198/1198 1202/1202 1209/1209
f 1212/1212 1209/1209 1253/1253
f 1212/1212 1253/1253 1262/1262
f 1262/1262 1253/1253 1256/1256
f 1253/1253 1254/1254 1256/1256
f 1256/1256 1254/1254 1257/1257
f 1256/1256 1257/1257 1258/1258
f 1257/1257 1730/1730 1271/1271
f 1258/1258 1257/1257 1271/1271
f 1195/1195 1202/1202 1193/1193
f 1253/1253 1252/1252 1254/1254
f 1257/1257 1731/1731 1730/1730
f 1188/1188 1197/1197 1194/1194
f 1194/1194 1197/1197 1195/1195
f 1188/1188 1199/1199 1197/1197
f 1200/1200 1199/1199 1188/1188
f 1932/1932 1931/1931 1924/1924
f 1938/1938 1931/1931 1932/1932
f 1200/1200 1238/1238 1199/1199
f 1200/1200 1245/1245 1238/1238
f 1245/1245 1246/1246 1238/1238
f 1245/1245 1264/1264 1246/1246
f 1245/1245 1277/1277 1264/1264
f 1277/1277 1278/1278 1264/1264
f 1277/1277 1306/1306 1278/1278
f 1330/1330 1305/1305 1306/1306
f 1306/1306 1305/1305 1278/1278
f 1330/1330 1344/1344 1305/1305
f 1330/1330 1354/1354 1365/1365
f 1330/1330 1365/1365 1344/1344
f 1344/1344 1365/1365 1356/1356
f 1365/1365 1366/1366 1356/1356
f 1365/1365 1369/1369 1366/1366
f 1371/1371 1369/1369 1370/1370
f 1370/1370 1394/1394 1371/1371
f 1394/1394 1583/1583 1371/1371
f 6951/6951 6950/6950 6952/6952
f 7042/7042 6951/6951 6952/6952
f 1189/1189 1198/1198 1203/1203
f 1203/1203 1198/1198 1212/1212
f 1203/1203 1212/1212 1262/1262
f 1262/1262 1266/1266 1268/1268
f 1183/1183 1193/1193 1189/1189
f 1189/1189 1193/1193 1198/1198
f 1266/1266 1258/1258 1267/1267
f 1258/1258 1271/1271 1269/1269
f 1267/1267 1258/1258 1269/1269
f 1271/1271 1732/1732 1269/1269
f 6635/6635 6624/6624 6625/6625
f 1183/1183 1177/1177 1195/1195
f 1183/1183 1195/1195 1193/1193
f 1262/1262 1256/1256 1266/1266
f 1177/1177 1194/1194 1195/1195
f 6628/6628 6629/6629 6627/6627
f 1188/1188 1194/1194 1177/1177
f 1178/1178 1188/1188 1177/1177
f 1178/1178 1196/1196 1200/1200
f 1178/1178 1200/1200 1188/1188
f 1196/1196 1241/1241 1200/1200
f 1241/1241 1245/1245 1200/1200
f 1241/1241 1242/1242 1280/1280
f 1241/1241 1280/1280 1245/1245
f 1280/1280 1281/1281 1279/1279
f 1279/1279 1277/1277 1245/1245
f 1280/1280 1279/1279 1245/1245
f 1289/1289 1279/1279 1281/1281
f 1279/1279 1289/1289 1277/1277
f 1289/1289 1307/1307 1277/1277
f 1307/1307 1306/1306 1277/1277
f 1334/1334 1330/1330 1306/1306
f 1353/1353 1354/1354 1330/1330
f 1334/1334 1353/1353 1330/1330
f 1353/1353 1365/1365 1354/1354
f 1353/1353 1370/1370 1365/1365
f 1370/1370 1369/1369 1365/1365
f 1370/1370 1395/1395 1394/1394
f 1395/1395 1583/1583 1394/1394
f 3190/3190 3194/3194 3192/3192
f 6562/6562 6565/6565 6563/6563
f 6562/6562 6563/6563 6564/6564
f 3192/3192 3193/3193 3191/3191
f 3194/3194 3195/3195 3192/3192
f 6563/6563 6566/6566 6564/6564
f 6564/6564 6566/6566 6567/6567
f 3195/3195 3204/3204 3197/3197
f 1185/1185 1189/1189 1190/1190
f 1190/1190 1189/1189 1203/1203
f 1190/1190 1203/1203 1204/1204
f 1204/1204 1203/1203 1211/1211
f 1211/1211 1203/1203 1262/1262
f 1211/1211 1262/1262 1263/1263
f 1262/1262 1268/1268 1263/1263
f 1263/1263 1268/1268 1267/1267
f 1176/1176 1183/1183 1185/1185
f 1185/1185 1183/1183 1189/1189
f 1268/1268 1266/1266 1267/1267
f 1377/1377 1267/1267 1269/1269
f 1269/1269 1732/1732 1379/1379
f 1176/1176 1145/1145 1177/1177
f 1176/1176 1177/1177 1183/1183
f 1140/1140 1177/1177 1145/1145
f 1140/1140 1178/1178 1177/1177
f 1890/1890 1923/1923 1991/1991
f 1179/1179 1178/1178 1140/1140
f 1179/1179 1196/1196 1178/1178
f 1179/1179 1242/1242 1241/1241
f 1179/1179 1241/1241 1196/1196
f 1281/1281 1280/1280 1242/1242
f 1281/1281 1290/1290 1289/1289
f 1307/1307 1334/1334 1306/1306
f 1307/1307 1347/1347 1334/1334
f 1347/1347 1353/1353 1334/1334
f 1457/1457 1370/1370 1353/1353
f 1457/1457 1396/1396 1370/1370
f 1396/1396 1395/1395 1370/1370
f 1398/1398 1474/1474 1395/1395
f 1395/1395 1474/1474 1583/1583
f 6894/6894 6944/6944 6951/6951
f 7633/7633 7640/7640 7639/7639
f 7633/7633 7639/7639 7634/7634
f 6569/6569 6571/6571 6572/6572
f 3233/3233 3231/3231 3230/3230
f 6572/6572 6571/6571 6573/6573
f 3231/3231 3189/3189 3230/3230
f 7640/7640 7641/7641 7639/7639
f 6572/6572 6573/6573 6576/6576
f 7641/7641 7642/7642 7639/7639
f 3231/3231 3232/3232 3189/3189
f 5934/5934 5928/5928 5935/5935
f 5929/5929 5927/5927 5928/5928
f 5020/5020 5019/5019 5021/5021
f 5930/5930 5925/5925 5929/5929
f 5020/5020 5021/5021 5022/5022
f 5925/5925 5923/5923 5929/5929
f 5929/5929 5923/5923 5927/5927
f 5927/5927 5923/5923 5924/5924
f 5927/5927 5924/5924 5928/5928
f 5928/5928 5924/5924 5926/5926
f 5928/5928 5926/5926 5935/5935
f 5022/5022 5021/5021 5023/5023
f 5923/5923 5921/5921 5922/5922
f 5923/5923 5922/5922 5924/5924
f 5022/5022 5023/5023 5024/5024
f 5925/5925 5916/5916 5921/5921
f 5925/5925 5921/5921 5923/5923
f 5924/5924 5922/5922 5926/5926
f 5916/5916 5914/5914 5921/5921
f 5922/5922 5921/5921 5915/5915
f 5922/5922 5919/5919 5926/5926
f 3192/3192 3195/3195 3193/3193
f 5023/5023 5025/5025 5024/5024
f 5921/5921 5914/5914 5915/5915
f 5922/5922 5915/5915 5919/5919
f 3195/3195 3196/3196 3193/3193
f 5915/5915 5914/5914 5912/5912
f 5915/5915 5912/5912 5919/5919
f 3195/3195 3197/3197 3196/3196
f 3204/3204 3198/3198 3197/3197
f 3197/3197 3198/3198 3196/3196
f 7649/7649 7647/7647 7646/7646
f 3204/3204 3200/3200 3198/3198
f 7646/7646 7647/7647 7648/7648
f 3198/3198 3199/3199 3196/3196
f 3200/3200 3212/3212 3201/3201
f 1190/1190 1204/1204 1211/1211
f 1211/1211 1263/1263 1272/1272
f 1182/1182 1185/1185 1190/1190
f 1182/1182 1176/1176 1185/1185
f 1263/1263 1267/1267 1378/1378
f 1267/1267 1377/1377 1378/1378
f 1378/1378 1377/1377 1269/1269
f 1378/1378 1269/1269 1379/1379
f 1144/1144 1176/1176 1182/1182
f 6645/6645 6621/6621 6646/6646
f 1144/1144 1145/1145 1176/1176
f 6624/6624 6626/6626 6623/6623
f 1923/1923 1888/1888 1906/1906
f 6627/6627 6626/6626 6624/6624
f 1887/1887 1888/1888 1923/1923
f 1201/1201 1248/1248 1242/1242
f 1201/1201 1242/1242 1181/1181
f 1181/1181 1242/1242 1179/1179
f 1248/1248 1290/1290 1281/1281
f 1248/1248 1281/1281 1242/1242
f 1310/1310 1289/1289 1290/1290
f 1310/1310 1307/1307 1289/1289
f 1310/1310 1331/1331 1307/1307
f 1331/1331 1347/1347 1307/1307
f 1373/1373 1353/1353 1347/1347
f 1373/1373 1376/1376 1353/1353
f 1376/1376 1457/1457 1353/1353
f 1397/1397 1396/1396 1457/1457
f 1397/1397 1395/1395 1396/1396
f 1397/1397 1398/1398 1395/1395
f 1397/1397 1479/1479 1398/1398
f 1476/1476 1474/1474 1398/1398
f 1398/1398 1479/1479 1480/1480
f 1398/1398 1480/1480 1476/1476
f 6893/6893 6892/6892 6894/6894
f 6893/6893 6891/6891 6892/6892
f 7632/7632 7634/7634 7635/7635
f 6574/6574 6575/6575 6570/6570
f 3235/3235 3233/3233 3234/3234
f 7632/7632 7633/7633 7634/7634
f 6574/6574 6570/6570 6569/6569
f 3233/3233 3230/3230 3234/3234
f 6569/6569 6570/6570 6571/6571
f 5936/5936 5931/5931 5933/5933
f 5936/5936 5933/5933 5938/5938
f 5938/5938 5933/5933 5939/5939
f 5017/5017 5016/5016 5018/5018
f 5937/5937 5932/5932 5931/5931
f 5937/5937 5931/5931 5936/5936
f 5933/5933 5934/5934 5939/5939
f 5939/5939 5934/5934 5941/5941
f 5018/5018 5016/5016 5019/5019
f 5019/5019 5020/5020 5018/5018
f 5016/5016 5272/5272 5019/5019
f 5932/5932 5930/5930 5929/5929
f 5932/5932 5929/5929 5931/5931
f 5931/5931 5929/5929 5928/5928
f 5931/5931 5928/5928 5933/5933
f 5933/5933 5928/5928 5934/5934
f 5019/5019 5272/5272 5021/5021
f 5021/5021 5272/5272 5023/5023
f 5023/5023 5005/5005 5025/5025
f 5025/5025 4996/4996 5024/5024
f 5916/5916 5911/5911 5913/5913
f 5916/5916 5913/5913 5914/5914
f 5914/5914 5913/5913 5912/5912
f 5005/5005 4997/4997 4996/4996
f 5025/5025 5005/5005 4996/4996
f 5911/5911 5909/5909 5913/5913
f 5913/5913 5909/5909 5912/5912
f 5912/5912 5909/5909 5910/5910
f 5912/5912 5910/5910 5918/5918
f 4996/4996 4997/4997 4998/4998
f 5911/5911 5908/5908 5909/5909
f 5908/5908 5903/5903 5909/5909
f 5909/5909 5903/5903 5910/5910
f 5910/5910 5907/5907 5918/5918
f 3212/3212 3203/3203 3201/3201
f 3201/3201 3203/3203 3202/3202
f 3201/3201 3202/3202 3199/3199
f 3212/3212 3211/3211 3203/3203
f 5918/5918 5907/5907 5917/5917
f 1208/1208 1211/1211 1270/1270
f 1270/1270 1211/1211 1272/1272
f 1182/1182 1190/1190 1191/1191
f 1191/1191 1190/1190 1208/1208
f 1208/1208 1190/1190 1211/1211
f 7385/7385 7415/7415 7376/7376
f 7375/7375 7385/7385 7376/7376
f 1175/1175 1182/1182 1186/1186
f 7415/7415 7416/7416 7376/7376
f 7376/7376 7416/7416 7377/7377
f 1175/1175 1144/1144 1182/1182
f 1380/1380 1378/1378 1379/1379
f 7377/7377 7414/7414 7413/7413
f 7377/7377 7413/7413 7373/7373
f 7413/7413 7421/7421 7373/7373
f 1140/1140 1145/1145 1144/1144
f 1820/1820 1905/1905 1906/1906
f 1180/1180 1179/1179 1140/1140
f 1180/1180 1181/1181 1179/1179
f 1946/1946 1919/1919 1936/1936
f 1181/1181 1168/1168 1201/1201
f 1291/1291 1296/1296 1248/1248
f 1296/1296 1290/1290 1248/1248
f 1296/1296 1310/1310 1290/1290
f 1360/1360 1347/1347 1331/1331
f 1360/1360 1373/1373 1347/1347
f 1495/1495 1397/1397 1457/1457
f 1495/1495 1479/1479 1397/1397
f 1476/1476 1480/1480 1481/1481
f 6891/6891 6889/6889 6890/6890
f 6891/6891 6890/6890 6892/6892
f 7636/7636 7635/7635 7637/7637
f 3237/3237 3235/3235 3236/3236
f 7636/7636 7632/7632 7635/7635
f 6661/6661 6662/6662 6663/6663
f 3235/3235 3234/3234 3236/3236
f 6574/6574 6577/6577 6575/6575
f 5944/5944 5936/5936 5943/5943
f 5936/5936 5938/5938 5943/5943
f 5943/5943 5938/5938 5942/5942
f 5942/5942 5938/5938 5940/5940
f 5013/5013 5016/5016 5017/5017
f 5013/5013 5014/5014 5015/5015
f 5013/5013 5015/5015 5016/5016
f 5944/5944 5937/5937 5936/5936
f 5938/5938 5939/5939 5940/5940
f 5015/5015 5133/5133 5016/5016
f 5016/5016 5133/5133 5272/5272
f 5272/5272 5133/5133 5023/5023
f 5133/5133 5135/5135 5005/5005
f 5023/5023 5133/5133 5005/5005
f 5005/5005 5135/5135 4997/4997
f 4997/4997 4999/4999 4998/4998
f 4997/4997 5000/5000 4999/4999
f 5906/5906 5902/5902 5908/5908
f 5908/5908 5902/5902 5903/5903
f 5903/5903 5907/5907 5910/5910
f 5903/5903 5905/5905 5907/5907
f 5905/5905 5917/5917 5907/5907
f 5905/5905 5904/5904 5917/5917
f 3203/3203 3206/3206 3202/3202
f 3210/3210 3207/3207 3203/3203
f 3211/3211 3210/3210 3203/3203
f 7666/7666 7662/7662 7664/7664
f 3203/3203 3207/3207 3206/3206
f 1191/1191 1208/1208 1215/1215
f 1215/1215 1208/1208 1270/1270
f 7383/7383 7385/7385 7375/7375
f 1146/1146 1144/1144 1174/1174
f 1174/1174 1144/1144 1175/1175
f 1174/1174 1175/1175 1186/1186
f 7376/7376 7377/7377 7374/7374
f 1141/1141 1144/1144 1146/1146
f 1783/1783 1775/1775 1789/1789
f 1775/1775 1786/1786 1789/1789
f 1141/1141 1140/1140 1144/1144
f 1894/1894 1783/1783 1895/1895
f 1886/1886 1789/1789 1820/1820
f 1905/1905 1818/1818 1955/1955
f 1139/1139 1180/1180 1140/1140
f 1139/1139 1181/1181 1180/1180
f 1139/1139 1168/1168 1181/1181
f 1168/1168 1286/1286 1201/1201
f 1286/1286 1248/1248 1201/1201
f 1286/1286 1291/1291 1248/1248
f 1325/1325 1331/1331 1310/1310
f 1325/1325 1357/1357 1331/1331
f 1357/1357 1360/1360 1331/1331
f 1360/1360 1392/1392 1373/1373
f 1392/1392 1376/1376 1373/1373
f 1392/1392 1473/1473 1376/1376
f 1473/1473 1457/1457 1376/1376
f 1473/1473 1495/1495 1457/1457
f 1495/1495 1482/1482 1479/1479
f 1482/1482 1480/1480 1479/1479
f 1482/1482 1481/1481 1480/1480
f 1482/1482 1510/1510 1481/1481
f 1481/1481 1510/1510 1532/1532
f 1481/1481 1532/1532 1533/1533
f 6890/6890 6941/6941 6892/6892
f 7638/7638 7636/7636 7637/7637
f 6659/6659 6660/6660 6661/6661
f 3239/3239 3237/3237 3238/3238
f 6661/6661 6660/6660 6662/6662
f 3237/3237 3236/3236 3238/3238
f 5006/5006 5008/5008 5013/5013
f 5837/5837 5840/5840 5839/5839
f 5837/5837 5839/5839 5834/5834
f 5943/5943 5945/5945 5972/5972
f 5943/5943 5942/5942 5945/5945
f 5945/5945 5942/5942 5969/5969
f 5008/5008 5014/5014 5013/5013
f 5969/5969 5942/5942 5970/5970
f 5014/5014 5134/5134 5015/5015
f 5015/5015 5134/5134 5133/5133
f 5134/5134 5045/5045 5133/5133
f 5045/5045 5038/5038 5133/5133
f 5133/5133 5038/5038 5135/5135
f 5135/5135 5038/5038 5136/5136
f 5135/5135 5136/5136 4997/4997
f 4997/4997 5136/5136 5000/5000
f 5000/5000 5001/5001 4999/4999
f 5906/5906 5898/5898 5902/5902
f 5902/5902 5898/5898 5903/5903
f 5898/5898 5901/5901 5903/5903
f 5903/5903 5901/5901 5905/5905
f 5901/5901 5904/5904 5905/5905
f 5001/5001 5002/5002 4999/4999
f 5906/5906 5900/5900 5898/5898
f 7662/7662 7663/7663 7664/7664
f 3210/3210 3213/3213 3207/3207
f 7664/7664 7663/7663 7665/7665
f 3207/3207 3208/3208 3206/3206
f 3207/3207 3213/3213 3208/3208
f 1207/1207 1191/1191 1216/1216
f 7384/7384 7383/7383 7379/7379
f 7379/7379 7383/7383 7370/7370
f 1184/1184 1186/1186 1207/1207
f 1207/1207 1186/1186 1191/1191
f 1191/1191 1215/1215 1216/1216
f 7383/7383 7375/7375 7370/7370
f 1184/1184 1174/1174 1186/1186
f 7375/7375 7376/7376 7352/7352
f 7352/7352 7376/7376 7364/7364
f 1160/1160 1146/1146 1174/1174
f 1160/1160 1174/1174 1184/1184
f 7376/7376 7374/7374 7364/7364
f 7364/7364 7374/7374 7367/7367
f 1147/1147 1146/1146 1160/1160
f 1818/1818 1817/1817 1955/1955
f 1955/1955 1817/1817 1956/1956
f 1143/1143 1139/1139 1142/1142
f 1142/1142 1139/1139 1141/1141
f 1143/1143 1165/1165 1139/1139
f 1165/1165 1168/1168 1139/1139
f 1287/1287 1286/1286 1168/1168
f 1291/1291 1324/1324 1296/1296
f 1324/1324 1325/1325 1310/1310
f 1324/1324 1310/1310 1296/1296
f 1375/1375 1360/1360 1357/1357
f 1375/1375 1392/1392 1360/1360
f 1486/1486 1518/1518 1473/1473
f 1473/1473 1518/1518 1495/1495
f 1518/1518 1510/1510 1495/1495
f 1495/1495 1510/1510 1482/1482
f 1532/1532 1534/1534 1533/1533
f 1532/1532 1535/1535 1534/1534
f 1534/1534 1535/1535 1539/1539
f 6884/6884 6886/6886 6888/6888
f 6402/6402 6403/6403 6396/6396
f 6658/6658 6657/6657 6659/6659
f 7643/7643 7644/7644 7645/7645
f 3239/3239 3238/3238 3240/3240
f 5836/5836 5837/5837 5834/5834
f 5836/5836 5834/5834 5828/5828
f 5834/5834 5832/5832 5830/5830
f 5830/5830 5832/5832 5831/5831
f 6659/6659 6657/6657 6660/6660
f 5006/5006 5007/5007 5008/5008
f 5832/5832 5833/5833 5831/5831
f 5831/5831 5833/5833 5835/5835
f 5008/5008 5164/5164 5014/5014
f 5014/5014 5164/5164 5046/5046
f 5014/5014 5046/5046 5134/5134
f 5046/5046 5045/5045 5134/5134
f 5038/5038 5039/5039 5136/5136
f 5136/5136 5039/5039 5000/5000
f 5039/5039 5194/5194 5000/5000
f 5000/5000 5194/5194 5001/5001
f 5001/5001 5003/5003 5002/5002
f 5898/5898 5897/5897 5896/5896
f 5898/5898 5896/5896 5901/5901
f 5901/5901 5896/5896 5904/5904
f 5904/5904 5896/5896 5899/5899
f 5900/5900 5887/5887 5897/5897
f 5900/5900 5897/5897 5898/5898
f 3218/3218 3215/3215 3213/3213
f 5899/5899 5946/5946 6000/6000
f 3213/3213 3215/3215 3214/3214
f 3213/3213 3214/3214 3208/3208
f 1216/1216 1215/1215 1361/1361
f 7378/7378 7384/7384 7380/7380
f 7380/7380 7384/7384 7379/7379
f 1187/1187 1184/1184 1207/1207
f 7370/7370 7375/7375 7352/7352
f 7364/7364 7367/7367 7366/7366
f 7369/7369 7365/7365 7368/7368
f 1142/1142 1141/1141 1147/1147
f 1147/1147 1141/1141 1146/1146
f 1817/1817 1821/1821 1956/1956
f 1142/1142 1151/1151 1143/1143
f 1142/1142 1150/1150 1151/1151
f 1165/1165 1287/1287 1168/1168
f 1294/1294 1286/1286 1287/1287
f 1294/1294 1303/1303 1286/1286
f 1303/1303 1291/1291 1286/1286
f 1303/1303 1324/1324 1291/1291
f 1324/1324 1345/1345 1325/1325
f 1345/1345 1358/1358 1325/1325
f 1358/1358 1357/1357 1325/1325
f 1358/1358 1375/1375 1357/1357
f 1484/1484 1392/1392 1375/1375
f 1484/1484 1473/1473 1392/1392
f 1484/1484 1486/1486 1473/1473
f 1518/1518 1536/1536 1510/1510
f 1536/1536 1535/1535 1510/1510
f 6395/6395 6402/6402 6396/6396
f 6655/6655 6656/6656 6657/6657
f 6655/6655 6657/6657 6658/6658
f 5009/5009 5010/5010 5007/5007
f 5828/5828 5834/5834 5830/5830
f 5830/5830 5831/5831 5829/5829
f 5007/5007 5163/5163 5008/5008
f 5008/5008 5163/5163 5164/5164
f 5163/5163 5046/5046 5164/5164
f 5194/5194 5040/5040 5001/5001
f 5001/5001 5040/5040 5003/5003
f 5002/5002 5003/5003 5004/5004
f 6339/6339 6340/6340 6341/6341
f 5896/5896 5891/5891 5899/5899
f 5887/5887 5886/5886 5896/5896
f 5897/5897 5887/5887 5896/5896
f 5896/5896 5886/5886 5891/5891
f 5891/5891 5946/5946 5899/5899
f 3219/3219 3216/3216 3215/3215
f 3218/3218 3219/3219 3215/3215
f 5891/5891 5888/5888 5947/5947
f 5946/5946 5891/5891 5947/5947
f 3215/3215 3216/3216 3214/3214
f 1187/1187 1207/1207 1210/1210
f 7347/7347 7379/7379 7370/7370
f 1173/1173 1184/1184 1187/1187
f 1147/1147 1160/1160 1159/1159
f 1159/1159 1160/1160 1173/1173
f 1173/1173 1160/1160 1184/1184
f 7369/7369 7381/7381 7337/7337
f 1148/1148 1142/1142 1147/1147
f 1786/1786 1785/1785 1797/1797
f 1150/1150 1142/1142 1148/1148
f 1821/1821 1823/1823 1956/1956
f 6618/6618 6643/6643 6607/6607
f 6618/6618 6607/6607 6609/6609
f 1164/1164 1143/1143 1151/1151
f 1164/1164 1282/1282 1165/1165
f 1164/1164 1165/1165 1143/1143
f 1282/1282 1294/1294 1287/1287
f 1282/1282 1287/1287 1165/1165
f 1309/1309 1303/1303 1294/1294
f 1368/1368 1358/1358 1345/1345
f 1368/1368 1469/1469 1358/1358
f 1358/1358 1469/1469 1375/1375
f 1469/1469 1484/1484 1375/1375
f 1485/1485 1486/1486 1484/1484
f 1485/1485 1512/1512 1486/1486
f 1525/1525 1518/1518 1486/1486
f 1525/1525 1537/1537 1518/1518
f 1538/1538 1535/1535 1536/1536
f 1535/1535 1538/1538 1539/1539
f 6884/6884 6885/6885 6886/6886
f 6655/6655 6647/6647 6649/6649
f 6655/6655 6649/6649 6656/6656
f 6396/6396 6401/6401 6397/6397
f 6394/6394 6396/6396 6397/6397
f 5011/5011 5010/5010 5009/5009
f 5735/5735 5836/5836 5828/5828
f 5735/5735 5828/5828 5825/5825
f 5828/5828 5830/5830 5825/5825
f 5825/5825 5830/5830 5829/5829
f 5825/5825 5829/5829 5824/5824
f 5010/5010 5047/5047 5007/5007
f 5007/5007 5047/5047 5163/5163
f 5047/5047 5046/5046 5163/5163
f 5194/5194 5039/5039 5040/5040
f 5040/5040 5041/5041 5003/5003
f 5003/5003 5041/5041 5004/5004
f 6340/6340 6342/6342 6341/6341
f 5887/5887 5875/5875 5886/5886
f 5886/5886 5888/5888 5891/5891
f 5883/5883 5888/5888 5886/5886
f 5895/5895 5949/5949 5948/5948
f 5947/5947 5895/5895 5948/5948
f 5947/5947 5888/5888 5895/5895
f 3216/3216 3224/3224 3222/3222
f 7378/7378 7380/7380 7345/7345
f 1192/1192 1187/1187 1217/1217
f 1217/1217 1187/1187 1210/1210
f 1217/1217 1210/1210 1216/1216
f 1217/1217 1216/1216 1361/1361
f 7380/7380 7379/7379 7345/7345
f 7347/7347 7370/7370 7332/7332
f 7332/7332 7352/7352 7333/7333
f 1173/1173 1187/1187 1192/1192
f 7333/7333 7352/7352 7334/7334
f 7334/7334 7352/7352 7364/7364
f 7334/7334 7364/7364 7335/7335
f 1149/1149 1147/1147 1159/1159
f 7364/7364 7366/7366 7335/7335
f 7337/7337 7381/7381 7338/7338
f 6641/6641 6605/6605 6603/6603
f 1149/1149 1148/1148 1147/1147
f 1785/1785 1798/1798 1797/1797
f 1823/1823 1822/1822 1830/1830
f 6643/6643 6606/6606 6607/6607
f 1153/1153 1151/1151 1150/1150
f 1153/1153 1164/1164 1151/1151
f 1295/1295 1294/1294 1282/1282
f 1312/1312 1309/1309 1294/1294
f 1303/1303 1343/1343 1324/1324
f 1343/1343 1345/1345 1324/1324
f 1343/1343 1363/1363 1345/1345
f 1363/1363 1368/1368 1345/1345
f 1485/1485 1484/1484 1469/1469
f 1525/1525 1486/1486 1512/1512
f 1537/1537 1536/1536 1518/1518
f 1537/1537 1538/1538 1536/1536
f 1538/1538 1563/1563 1561/1561
f 1538/1538 1546/1546 1539/1539
f 1538/1538 1561/1561 1546/1546
f 6887/6887 6885/6885 6884/6884
f 1546/1546 1561/1561 1562/1562
f 6393/6393 6394/6394 6391/6391
f 6391/6391 6394/6394 6397/6397
f 5736/5736 5735/5735 5822/5822
f 5822/5822 5825/5825 5821/5821
f 5011/5011 5012/5012 5010/5010
f 5821/5821 5825/5825 5824/5824
f 5010/5010 5184/5184 5047/5047
f 5045/5045 5035/5035 5038/5038
f 5004/5004 5041/5041 5177/5177
f 6340/6340 6343/6343 6342/6342
f 6343/6343 6344/6344 6342/6342
f 5875/5875 5874/5874 5886/5886
f 5874/5874 5883/5883 5886/5886
f 5883/5883 5895/5895 5888/5888
f 5883/5883 5882/5882 5895/5895
f 5895/5895 5950/5950 5949/5949
f 5895/5895 5882/5882 5950/5950
f 5882/5882 5951/5951 5950/5950
f 5949/5949 5950/5950 5954/5954
f 7372/7372 7382/7382 7378/7378
f 7372/7372 7378/7378 7346/7346
f 1172/1172 1173/1173 1192/1192
f 1158/1158 1149/1149 1159/1159
f 7366/7366 7336/7336 7335/7335
f 1155/1155 1148/1148 1149/1149
f 1155/1155 1149/1149 1158/1158
f 7366/7366 7365/7365 7336/7336
f 1798/1798 1825/1825 1822/1822
f 1152/1152 1150/1150 1148/1148
f 1822/1822 1825/1825 1826/1826
f 1822/1822 1826/1826 1830/1830
f 1153/1153 1150/1150 1152/1152
f 1927/1927 1908/1908 1917/1917
f 1153/1153 1166/1166 1164/1164
f 1166/1166 1282/1282 1164/1164
f 1295/1295 1311/1311 1312/1312
f 1295/1295 1312/1312 1294/1294
f 1312/1312 1311/1311 1326/1326
f 1312/1312 1326/1326 1309/1309
f 1326/1326 1343/1343 1303/1303
f 1326/1326 1303/1303 1309/1309
f 1363/1363 1472/1472 1368/1368
f 1472/1472 1469/1469 1368/1368
f 1472/1472 1488/1488 1469/1469
f 1488/1488 1485/1485 1469/1469
f 1488/1488 1516/1516 1485/1485
f 1548/1548 1537/1537 1525/1525
f 1548/1548 1564/1564 1537/1537
f 1537/1537 1563/1563 1538/1538
f 7055/7055 6936/6936 6887/6887
f 6389/6389 6393/6393 6391/6391
f 6650/6650 6651/6651 6648/6648
f 6650/6650 6648/6648 6647/6647
f 6391/6391 6399/6399 6390/6390
f 6389/6389 6391/6391 6390/6390
f 5733/5733 5735/5735 5734/5734
f 5734/5734 5735/5735 5736/5736
f 6647/6647 6648/6648 6649/6649
f 5821/5821 5824/5824 5823/5823
f 6648/6648 6656/6656 6649/6649
f 5012/5012 5184/5184 5010/5010
f 5184/5184 5050/5050 5047/5047
f 5046/5046 5035/5035 5045/5045
f 5038/5038 5035/5035 5037/5037
f 5038/5038 5037/5037 5039/5039
f 5039/5039 5037/5037 5040/5040
f 5041/5041 5042/5042 5177/5177
f 5869/5869 5873/5873 5874/5874
f 5875/5875 5869/5869 5874/5874
f 5874/5874 5873/5873 5876/5876
f 5874/5874 5876/5876 5883/5883
f 5876/5876 5879/5879 5883/5883
f 5883/5883 5879/5879 5882/5882
f 5951/5951 5952/5952 5950/5950
f 5882/5882 5894/5894 5951/5951
f 5951/5951 5894/5894 5952/5952
f 5950/5950 5952/5952 5954/5954
f 5952/5952 5956/5956 5954/5954
f 7522/7522 7382/7382 7372/7372
f 7332/7332 7333/7333 7310/7310
f 1213/1213 1172/1172 1192/1192
f 1158/1158 1159/1159 1172/1172
f 7334/7334 7335/7335 7324/7324
f 7325/7325 7334/7334 7324/7324
f 7335/7335 7322/7322 7323/7323
f 1156/1156 1155/1155 1158/1158
f 6602/6602 6601/6601 6599/6599
f 7340/7340 7326/7326 7341/7341
f 1155/1155 1154/1154 1148/1148
f 1825/1825 1834/1834 1826/1826
f 1826/1826 1834/1834 1835/1835
f 1826/1826 1835/1835 1830/1830
f 1163/1163 1166/1166 1153/1153
f 1997/1997 1943/1943 1945/1945
f 1288/1288 1299/1299 1282/1282
f 1288/1288 1282/1282 1166/1166
f 1299/1299 1308/1308 1282/1282
f 1308/1308 1295/1295 1282/1282
f 1308/1308 1311/1311 1295/1295
f 1311/1311 1320/1320 1326/1326
f 1326/1326 1346/1346 1343/1343
f 1364/1364 1343/1343 1346/1346
f 1364/1364 1363/1363 1343/1343
f 1471/1471 1472/1472 1363/1363
f 1516/1516 1512/1512 1485/1485
f 1525/1525 1547/1547 1548/1548
f 1548/1548 1547/1547 1564/1564
f 1564/1564 1563/1563 1537/1537
f 1564/1564 1590/1590 1563/1563
f 1563/1563 1591/1591 1561/1561
f 1561/1561 1591/1591 1562/1562
f 1562/1562 1591/1591 1622/1622
f 7055/7055 7056/7056 6936/6936
f 6388/6388 6389/6389 6385/6385
f 6652/6652 6651/6651 6650/6650
f 6385/6385 6389/6389 6390/6390
f 5736/5736 5822/5822 5820/5820
f 5734/5734 5736/5736 5820/5820
f 5816/5816 5821/5821 5817/5817
f 5821/5821 5823/5823 5817/5817
f 5817/5817 5823/5823 5819/5819
f 5255/5255 5050/5050 5012/5012
f 5012/5012 5050/5050 5184/5184
f 5047/5047 5035/5035 5046/5046
f 5040/5040 5037/5037 5041/5041
f 5041/5041 5037/5037 5042/5042
f 6343/6343 6345/6345 6344/6344
f 5876/5876 5873/5873 5877/5877
f 5876/5876 5877/5877 5879/5879
f 5879/5879 5877/5877 5881/5881
f 5881/5881 5894/5894 5882/5882
f 5879/5879 5881/5881 5882/5882
f 5894/5894 5953/5953 5952/5952
f 7344/7344 7346/7346 7314/7314
f 7314/7314 7345/7345 7328/7328
f 1214/1214 1172/1172 1213/1213
f 1171/1171 1156/1156 1158/1158
f 1171/1171 1161/1161 1156/1156
f 1171/1171 1158/1158 1172/1172
f 1760/1760 1759/1759 1761/1761
f 1761/1761 1765/1765 1764/1764
f 7321/7321 7340/7340 7339/7339
f 7339/7339 7340/7340 7341/7341
f 1156/1156 1154/1154 1155/1155
f 1781/1781 1758/1758 1782/1782
f 1801/1801 1828/1828 1825/1825
f 1834/1834 1841/1841 1835/1835
f 1835/1835 1841/1841 1983/1983
f 6636/6636 6612/6612 6604/6604
f 1163/1163 1288/1288 1166/1166
f 1320/1320 1311/1311 1308/1308
f 1471/1471 1499/1499 1488/1488
f 1471/1471 1488/1488 1472/1472
f 1516/1516 1528/1528 1512/1512
f 1528/1528 1547/1547 1512/1512
f 1547/1547 1525/1525 1512/1512
f 1547/1547 1569/1569 1564/1564
f 1569/1569 1590/1590 1564/1564
f 1590/1590 1591/1591 1563/1563
f 1591/1591 1603/1603 1604/1604
f 1591/1591 1604/1604 1622/1622
f 7056/7056 7059/7059 6935/6935
f 7056/7056 6935/6935 6936/6936
f 6387/6387 6388/6388 6385/6385
f 6654/6654 6653/6653 6652/6652
f 6652/6652 6653/6653 6651/6651
f 5744/5744 5732/5732 5734/5734
f 5744/5744 5743/5743 5732/5732
f 5255/5255 5098/5098 5050/5050
f 5042/5042 5037/5037 5043/5043
f 5177/5177 5042/5042 5176/5176
f 5868/5868 5867/5867 5869/5869
f 5869/5869 5867/5867 5872/5872
f 5869/5869 5872/5872 5873/5873
f 5873/5873 5872/5872 5877/5877
f 5877/5877 5880/5880 5881/5881
f 5881/5881 5880/5880 5889/5889
f 5881/5881 5889/5889 5894/5894
f 5894/5894 5889/5889 5953/5953
f 5952/5952 5955/5955 5956/5956
f 5955/5955 5961/5961 5956/5956
f 5889/5889 5957/5957 5953/5953
f 5953/5953 5957/5957 5955/5955
f 7344/7344 7371/7371 7372/7372
f 7520/7520 7521/7521 7517/7517
f 7328/7328 7310/7310 7306/7306
f 1171/1171 1172/1172 1214/1214
f 7325/7325 7324/7324 7300/7300
f 1157/1157 1156/1156 1161/1161
f 7339/7339 7341/7341 7342/7342
f 1157/1157 1154/1154 1156/1156
f 1154/1154 1162/1162 1152/1152
f 1834/1834 1828/1828 1841/1841
f 1162/1162 1163/1163 1152/1152
f 1167/1167 1163/1163 1162/1162
f 1167/1167 1288/1288 1163/1163
f 1314/1314 1299/1299 1315/1315
f 1315/1315 1299/1299 1288/1288
f 1314/1314 1308/1308 1299/1299
f 1320/1320 1340/1340 1326/1326
f 1340/1340 1346/1346 1326/1326
f 1393/1393 1363/1363 1364/1364
f 1393/1393 1471/1471 1363/1363
f 1471/1471 1507/1507 1499/1499
f 1499/1499 1517/1517 1488/1488
f 1517/1517 1516/1516 1488/1488
f 1517/1517 1528/1528 1516/1516
f 1528/1528 1555/1555 1547/1547
f 1547/1547 1588/1588 1569/1569
f 1590/1590 1603/1603 1591/1591
f 1603/1603 1631/1631 1604/1604
f 1604/1604 1631/1631 1632/1632
f 6386/6386 6387/6387 6385/6385
f 6386/6386 6385/6385 6383/6383
f 6664/6664 6653/6653 6654/6654
f 6383/6383 6385/6385 6384/6384
f 5740/5740 5744/5744 5745/5745
f 5744/5744 5820/5820 5816/5816
f 5745/5745 5744/5744 5816/5816
f 5816/5816 5817/5817 5815/5815
f 5815/5815 5817/5817 5818/5818
f 5254/5254 5235/5235 5255/5255
f 5255/5255 5235/5235 5098/5098
f 5050/5050 5048/5048 5047/5047
f 5035/5035 5036/5036 5037/5037
f 5042/5042 5043/5043 5176/5176
f 5043/5043 5175/5175 5176/5176
f 5867/5867 5870/5870 5872/5872
f 5872/5872 5878/5878 5877/5877
f 5877/5877 5878/5878 5880/5880
f 7516/7516 7517/7517 7371/7371
f 7516/7516 7371/7371 7343/7343
f 7511/7511 7518/7518 7520/7520
f 7310/7310 7300/7300 7282/7282
f 1300/1300 1161/1161 1171/1171
f 7300/7300 7324/7324 7299/7299
f 1800/1800 1815/1815 1799/1799
f 7323/7323 7320/7320 7299/7299
f 1799/1799 1815/1815 1801/1801
f 1169/1169 1154/1154 1157/1157
f 1850/1850 1870/1870 1841/1841
f 1828/1828 1850/1850 1841/1841
f 6612/6612 6642/6642 6622/6622
f 1169/1169 1162/1162 1154/1154
f 1841/1841 1870/1870 1871/1871
f 1841/1841 1871/1871 1983/1983
f 1162/1162 1297/1297 1167/1167
f 1288/1288 1313/1313 1316/1316
f 1316/1316 1315/1315 1288/1288
f 1314/1314 1320/1320 1308/1308
f 1338/1338 1340/1340 1320/1320
f 1340/1340 1362/1362 1346/1346
f 1346/1346 1391/1391 1364/1364
f 1346/1346 1362/1362 1391/1391
f 1391/1391 1393/1393 1364/1364
f 1507/1507 1471/1471 1393/1393
f 1517/1517 1555/1555 1528/1528
f 1588/1588 1605/1605 1569/1569
f 1590/1590 1605/1605 1627/1627
f 1590/1590 1627/1627 1633/1633
f 1590/1590 1633/1633 1603/1603
f 1603/1603 1633/1633 1631/1631
f 6932/6932 6933/6933 6934/6934
f 6935/6935 6932/6932 6934/6934
f 1632/1632 1634/1634 1604/1604
f 7043/7043 6932/6932 6935/6935
f 7059/7059 7043/7043 6935/6935
f 5738/5738 5745/5745 5814/5814
f 5815/5815 5818/5818 5827/5827
f 5740/5740 5741/5741 5743/5743
f 5254/5254 5103/5103 5235/5235
f 5050/5050 5098/5098 5048/5048
f 5866/5866 5867/5867 5868/5868
f 5176/5176 5175/5175 4984/4984
f 5867/5867 5866/5866 5870/5870
f 5866/5866 5871/5871 5870/5870
f 5872/5872 5870/5870 5878/5878
f 5880/5880 5890/5890 5889/5889
f 5889/5889 5890/5890 5957/5957
f 5958/5958 5962/5962 5961/5961
f 5955/5955 5958/5958 5961/5961
f 7511/7511 7502/7502 7518/7518
f 7502/7502 7519/7519 7518/7518
f 7282/7282 7300/7300 7279/7279
f 1766/1766 1771/1771 1770/1770
f 1770/1770 1771/1771 1790/1790
f 1770/1770 1790/1790 1795/1795
f 1770/1770 1795/1795 1788/1788
f 1317/1317 1157/1157 1300/1300
f 1759/1759 1779/1779 1763/1763
f 1763/1763 1766/1766 1761/1761
f 1795/1795 1800/1800 1799/1799
f 7299/7299 7320/7320 7317/7317
f 1871/1871 1870/1870 1872/1872
f 1170/1170 1297/1297 1162/1162
f 1170/1170 1162/1162 1169/1169
f 1313/1313 1167/1167 1297/1297
f 1321/1321 1315/1315 1316/1316
f 1321/1321 1314/1314 1315/1315
f 1314/1314 1323/1323 1320/1320
f 1338/1338 1320/1320 1323/1323
f 1359/1359 1340/1340 1338/1338
f 1359/1359 1362/1362 1340/1340
f 1487/1487 1511/1511 1393/1393
f 1511/1511 1507/1507 1393/1393
f 1499/1499 1552/1552 1517/1517
f 1552/1552 1555/1555 1517/1517
f 1555/1555 1587/1587 1547/1547
f 1547/1547 1587/1587 1588/1588
f 1605/1605 1590/1590 1569/1569
f 1627/1627 1647/1647 1633/1633
f 1631/1631 1634/1634 1632/1632
f 7043/7043 6931/6931 6932/6932
f 6378/6378 6392/6392 6379/6379
f 6438/6438 6449/6449 6450/6450
f 5740/5740 5737/5737 5741/5741
f 5256/5256 5103/5103 5254/5254
f 5036/5036 5044/5044 5037/5037
f 5043/5043 5044/5044 5175/5175
f 5044/5044 4984/4984 5175/5175
f 5870/5870 5871/5871 5884/5884
f 5870/5870 5884/5884 5878/5878
f 5878/5878 5885/5885 5880/5880
f 5878/5878 5884/5884 5885/5885
f 5880/5880 5885/5885 5890/5890
f 5957/5957 5890/5890 5959/5959
f 5957/5957 5959/5959 5958/5958
f 5958/5958 5959/5959 5962/5962
f 7327/7327 7315/7315 7305/7305
f 7501/7501 7511/7511 7507/7507
f 7506/7506 7507/7507 7516/7516
f 1763/1763 1780/1780 1769/1769
f 1318/1318 1169/1169 1157/1157
f 1318/1318 1157/1157 1317/1317
f 1318/1318 1170/1170 1169/1169
f 1849/1849 1869/1869 1850/1850
f 1850/1850 1869/1869 1870/1870
f 1870/1870 1869/1869 1872/1872
f 6622/6622 6615/6615 6610/6610
f 1170/1170 1298/1298 1297/1297
f 1297/1297 1319/1319 1313/1313
f 1321/1321 1323/1323 1314/1314
f 2115/2115 2116/2116 2103/2103
f 1362/1362 1390/1390 1391/1391
f 1487/1487 1393/1393 1391/1391
f 1543/1543 1499/1499 1507/1507
f 1511/1511 1543/1543 1507/1507
f 1543/1543 1552/1552 1499/1499
f 1588/1588 1638/1638 1605/1605
f 1633/1633 1647/1647 1656/1656
f 1656/1656 1631/1631 1633/1633
f 1656/1656 1669/1669 1634/1634
f 1631/1631 1656/1656 1634/1634
f 1634/1634 1669/1669 1720/1720
f 6931/6931 6930/6930 6932/6932
f 1634/1634 1720/1720 1721/1721
f 6438/6438 6436/6436 6437/6437
f 6438/6438 6437/6437 6449/6449
f 5256/5256 5253/5253 5172/5172
f 5256/5256 5172/5172 5103/5103
f 5235/5235 5103/5103 5098/5098
f 5047/5047 5048/5048 5035/5035
f 5037/5037 5044/5044 5043/5043
f 4984/4984 5044/5044 5162/5162
f 5890/5890 5960/5960 5959/5959
f 5890/5890 5885/5885 5960/5960
f 5959/5959 5965/5965 5962/5962
f 7497/7497 7501/7501 7507/7507
f 7497/7497 7507/7507 7506/7506
f 7505/7505 7502/7502 7498/7498
f 1771/1771 1794/1794 1790/1790
f 1779/1779 1791/1791 1780/1780
f 1814/1814 1827/1827 1800/1800
f 1827/1827 1831/1831 1800/1800
f 1831/1831 1852/1852 1849/1849
f 1849/1849 1852/1852 1869/1869
f 1869/1869 1873/1873 1872/1872
f 1872/1872 1873/1873 1874/1874
f 6622/6622 6637/6637 6615/6615
f 1910/1910 1934/1934 1907/1907
f 1319/1319 1297/1297 1298/1298
f 1322/1322 1316/1316 1313/1313
f 1322/1322 1321/1321 1316/1316
f 1322/1322 1323/1323 1321/1321
f 1338/1338 1367/1367 1359/1359
f 1359/1359 1390/1390 1362/1362
f 1359/1359 1367/1367 1390/1390
f 1391/1391 1498/1498 1508/1508
f 1391/1391 1508/1508 1487/1487
f 1508/1508 1511/1511 1487/1487
f 1508/1508 1553/1553 1511/1511
f 1511/1511 1553/1553 1543/1543
f 1543/1543 1575/1575 1552/1552
f 1552/1552 1578/1578 1556/1556
f 1556/1556 1555/1555 1552/1552
f 1556/1556 1589/1589 1555/1555
f 1589/1589 1587/1587 1555/1555
f 1638/1638 1627/1627 1605/1605
f 1647/1647 1670/1670 1656/1656
f 1656/1656 1670/1670 1669/1669
f 5739/5739 5742/5742 5737/5737
f 5739/5739 5811/5811 5742/5742
f 4982/4982 4983/4983 4984/4984
f 4984/4984 5162/5162 4982/4982
f 4982/4982 4985/4985 4983/4983
f 5871/5871 5920/5920 5892/5892
f 5871/5871 5892/5892 5884/5884
f 5892/5892 5893/5893 5884/5884
f 5885/5885 5893/5893 5960/5960
f 5960/5960 5963/5963 5959/5959
f 5960/5960 5893/5893 5963/5963
f 5963/5963 5968/5968 5959/5959
f 5959/5959 5968/5968 5965/5965
f 7498/7498 7502/7502 7492/7492
f 1780/1780 1793/1793 1769/1769
f 1769/1769 1793/1793 1794/1794
f 1769/1769 1794/1794 1771/1771
f 1790/1790 1807/1807 1795/1795
f 7280/7280 7316/7316 7295/7295
f 6611/6611 6614/6614 6589/6589
f 6637/6637 6614/6614 6615/6615
f 1298/1298 1329/1329 1319/1319
f 1319/1319 1328/1328 1313/1313
f 1313/1313 1327/1327 1322/1322
f 1322/1322 1327/1327 1323/1323
f 1349/1349 1367/1367 1338/1338
f 1498/1498 1391/1391 1390/1390
f 1498/1498 1515/1515 1508/1508
f 1543/1543 1553/1553 1575/1575
f 1575/1575 1578/1578 1552/1552
f 1556/1556 1594/1594 1589/1589
f 1587/1587 1638/1638 1588/1588
f 1638/1638 1663/1663 1627/1627
f 1627/1627 1663/1663 1647/1647
f 1647/1647 1681/1681 1670/1670
f 1681/1681 1682/1682 1670/1670
f 1670/1670 1682/1682 1669/1669
f 1720/1720 1669/1669 1697/1697
f 1720/1720 1697/1697 1721/1721
f 6436/6436 6434/6434 6435/6435
f 6436/6436 6435/6435 6437/6437
f 6358/6358 6356/6356 6359/6359
f 5805/5805 5811/5811 5810/5810
f 6358/6358 6359/6359 6360/6360
f 5253/5253 5234/5234 5104/5104
f 5253/5253 5104/5104 5172/5172
f 5172/5172 5104/5104 5103/5103
f 5044/5044 5052/5052 5162/5162
f 5052/5052 4982/4982 5162/5162
f 5884/5884 5893/5893 5885/5885
f 5968/5968 5975/5975 5965/5965
f 7309/7309 7327/7327 7305/7305
f 7271/7271 7287/7287 7270/7270
f 1807/1807 1824/1824 1814/1814
f 1795/1795 1807/1807 1814/1814
f 1814/1814 1824/1824 1827/1827
f 1827/1827 1836/1836 1837/1837
f 1837/1837 1853/1853 1852/1852
f 1869/1869 1868/1868 1873/1873
f 7523/7523 7525/7525 7524/7524
f 1873/1873 1875/1875 1874/1874
f 1874/1874 1875/1875 1994/1994
f 6637/6637 6616/6616 6614/6614
f 1335/1335 1319/1319 1329/1329
f 1335/1335 1328/1328 1319/1319
f 1328/1328 1327/1327 1313/1313
f 1327/1327 1348/1348 1323/1323
f 1348/1348 1349/1349 1323/1323
f 1349/1349 1374/1374 1367/1367
f 1367/1367 1483/1483 1390/1390
f 1390/1390 1483/1483 1514/1514
f 1390/1390 1514/1514 1498/1498
f 1515/1515 1553/1553 1508/1508
f 1594/1594 1611/1611 1589/1589
f 1611/1611 1587/1587 1589/1589
f 1587/1587 1639/1639 1638/1638
f 1662/1662 1663/1663 1638/1638
f 1681/1681 1691/1691 1682/1682
f 6927/6927 6926/6926 6928/6928
f 1669/1669 1689/1689 1697/1697
f 1669/1669 1682/1682 1689/1689
f 6434/6434 6433/6433 6435/6435
f 5234/5234 5105/5105 5104/5104
f 5103/5103 5099/5099 5098/5098
f 5099/5099 5048/5048 5098/5098
f 5920/5920 5973/5973 5893/5893
f 5892/5892 5920/5920 5893/5893
f 5893/5893 5973/5973 5974/5974
f 7651/7651 7653/7653 7652/7652
f 7650/7650 7651/7651 7652/7652
f 5963/5963 5977/5977 5976/5976
f 5963/5963 5976/5976 5968/5968
f 5968/5968 5976/5976 5975/5975
f 1794/1794 1793/1793 1803/1803
f 1794/1794 1803/1803 1802/1802
f 1824/1824 1836/1836 1827/1827
f 1836/1836 1853/1853 1837/1837
f 7510/7510 7513/7513 7500/7500
f 1853/1853 1879/1879 1868/1868
f 1852/1852 1853/1853 1868/1868
f 1911/1911 1897/1897 1866/1866
f 1868/1868 1876/1876 1873/1873
f 1873/1873 1876/1876 1875/1875
f 1875/1875 2058/2058 1994/1994
f 1336/1336 1298/1298 1352/1352
f 1951/1951 1954/1954 1934/1934
f 1336/1336 1335/1335 1329/1329
f 1348/1348 1384/1384 1374/1374
f 1348/1348 1374/1374 1349/1349
f 1374/1374 1509/1509 1493/1493
f 1374/1374 1493/1493 1367/1367
f 1367/1367 1493/1493 1483/1483
f 1483/1483 1545/1545 1514/1514
f 1498/1498 1514/1514 1515/1515
f 1554/1554 1553/1553 1515/1515
f 1554/1554 1575/1575 1553/1553
f 1578/1578 1594/1594 1556/1556
f 1611/1611 1639/1639 1587/1587
f 1639/1639 1662/1662 1638/1638
f 1680/1680 1647/1647 1663/1663
f 1663/1663 1678/1678 1680/1680
f 1647/1647 1680/1680 1681/1681
f 1682/1682 1690/1690 1689/1689
f 1689/1689 1690/1690 1726/1726
f 6434/6434 6431/6431 6433/6433
f 5234/5234 5233/5233 5105/5105
f 5977/5977 5978/5978 5976/5976
f 7488/7488 7493/7493 7484/7484
f 1793/1793 1791/1791 1804/1804
f 1793/1793 1804/1804 1803/1803
f 1812/1812 1833/1833 1807/1807
f 1833/1833 1824/1824 1807/1807
f 7488/7488 7500/7500 7493/7493
f 1824/1824 1844/1844 1836/1836
f 1844/1844 1854/1854 1836/1836
f 1829/1829 1851/1851 1808/1808
f 1836/1836 1854/1854 1853/1853
f 1897/1897 1867/1867 1866/1866
f 1866/1866 1867/1867 1829/1829
f 1868/1868 1879/1879 1876/1876
f 6591/6591 6590/6590 6592/6592
f 6616/6616 6644/6644 6617/6617
f 6616/6616 6617/6617 6590/6590
f 7510/7510 7509/7509 7523/7523
f 1875/1875 1876/1876 1877/1877
f 1875/1875 1877/1877 2058/2058
f 1328/1328 1341/1341 1339/1339
f 1339/1339 1327/1327 1328/1328
f 1339/1339 1348/1348 1327/1327
f 1339/1339 1350/1350 1348/1348
f 1384/1384 1523/1523 1374/1374
f 1374/1374 1523/1523 1509/1509
f 1493/1493 1509/1509 1576/1576
f 1493/1493 1576/1576 1545/1545
f 1493/1493 1545/1545 1483/1483
f 1514/1514 1559/1559 1515/1515
f 1515/1515 1559/1559 1554/1554
f 1554/1554 1595/1595 1575/1575
f 1575/1575 1596/1596 1578/1578
f 1601/1601 1594/1594 1578/1578
f 1643/1643 1611/1611 1594/1594
f 1662/1662 1678/1678 1663/1663
f 1681/1681 1692/1692 1691/1691
f 1691/1691 1690/1690 1682/1682
f 6362/6362 6354/6354 6364/6364
f 6431/6431 6432/6432 6433/6433
f 5233/5233 5232/5232 5106/5106
f 5233/5233 5106/5106 5105/5105
f 7309/7309 7304/7304 7303/7303
f 5920/5920 5990/5990 5979/5979
f 5920/5920 5979/5979 5973/5973
f 5973/5973 5979/5979 5986/5986
f 5973/5973 5986/5986 5974/5974
f 7651/7651 7654/7654 7653/7653
f 5977/5977 5984/5984 5978/5978
f 5978/5978 5980/5980 5976/5976
f 1791/1791 1805/1805 1804/1804
f 1802/1802 1803/1803 1812/1812
f 1808/1808 1847/1847 1805/1805
f 1808/1808 1805/1805 1791/1791
f 1833/1833 1842/1842 1824/1824
f 1824/1824 1842/1842 1844/1844
f 1844/1844 1861/1861 1854/1854
f 5592/5592 5581/5581 5591/5591
f 7489/7489 7510/7510 7499/7499
f 5590/5590 5582/5582 5598/5598
f 1877/1877 2059/2059 2058/2058
f 1335/1335 1341/1341 1328/1328
f 1384/1384 1386/1386 1523/1523
f 1523/1523 1646/1646 1509/1509
f 1509/1509 1646/1646 1576/1576
f 1545/1545 1576/1576 1577/1577
f 1545/1545 1558/1558 1514/1514
f 1545/1545 1577/1577 1558/1558
f 1514/1514 1558/1558 1559/1559
f 1595/1595 1596/1596 1575/1575
f 1601/1601 1644/1644 1594/1594
f 1680/1680 1692/1692 1681/1681
f 1692/1692 1704/1704 1691/1691
f 1691/1691 1707/1707 1690/1690
f 1690/1690 1707/1707 1726/1726
f 6927/6927 7017/7017 6923/6923
f 6431/6431 6430/6430 6429/6429
f 6431/6431 6429/6429 6432/6432
f 6369/6369 6380/6380 6382/6382
f 6362/6362 6361/6361 6354/6354
f 5104/5104 5105/5105 5099/5099
f 5104/5104 5099/5099 5103/5103
f 5035/5035 5032/5032 5036/5036
f 5052/5052 5053/5053 4982/4982
f 7311/7311 7309/7309 7303/7303
f 5053/5053 4987/4987 4982/4982
f 4982/4982 4987/4987 4986/4986
f 4982/4982 4986/4986 4985/4985
f 5979/5979 5987/5987 5986/5986
f 5986/5986 5987/5987 5988/5988
f 7651/7651 7655/7655 7654/7654
f 1804/1804 1806/1806 1803/1803
f 5984/5984 5983/5983 5978/5978
f 5978/5978 5983/5983 5981/5981
f 5978/5978 5981/5981 5980/5980
f 1847/1847 1848/1848 1805/1805
f 7478/7478 7473/7473 7488/7488
f 1842/1842 1859/1859 1844/1844
f 1844/1844 1859/1859 1861/1861
f 7479/7479 7499/7499 7488/7488
f 1867/1867 1884/1884 1851/1851
f 5592/5592 5588/5588 5581/5581
f 1897/1897 1898/1898 1867/1867
f 5591/5591 5581/5581 5590/5590
f 7224/7224 7223/7223 7236/7236
f 7236/7236 7223/7223 7272/7272
f 7489/7489 7509/7509 7510/7510
f 1876/1876 1878/1878 1877/1877
f 4826/4826 4824/4824 4815/4815
f 1978/1978 1941/1941 1937/1937
f 7523/7523 7515/7515 7527/7527
f 1352/1352 1351/1351 1336/1336
f 2042/2042 1992/1992 1953/1953
f 1351/1351 1335/1335 1336/1336
f 1341/1341 1342/1342 1339/1339
f 1339/1339 1342/1342 1350/1350
f 1350/1350 1383/1383 1384/1384
f 1384/1384 1383/1383 1386/1386
f 1523/1523 1524/1524 1646/1646
f 1576/1576 1679/1679 1577/1577
f 1577/1577 1584/1584 1558/1558
f 1560/1560 1559/1559 1558/1558
f 1554/1554 1559/1559 1595/1595
f 1596/1596 1614/1614 1578/1578
f 1578/1578 1614/1614 1601/1601
f 1644/1644 1645/1645 1594/1594
f 1594/1594 1645/1645 1643/1643
f 1643/1643 1664/1664 1611/1611
f 1611/1611 1664/1664 1639/1639
f 1664/1664 1662/1662 1639/1639
f 1695/1695 1680/1680 1678/1678
f 1680/1680 1695/1695 1692/1692
f 1692/1692 1705/1705 1704/1704
f 1704/1704 1706/1706 1691/1691
f 1706/1706 1708/1708 1707/1707
f 1691/1691 1706/1706 1707/1707
f 6430/6430 6428/6428 6429/6429
f 6354/6354 6351/6351 6352/6352
f 6354/6354 6352/6352 6355/6355
f 5195/5195 5106/5106 5232/5232
f 5106/5106 5107/5107 5099/5099
f 5106/5106 5099/5099 5105/5105
f 5035/5035 5034/5034 5032/5032
f 5044/5044 5051/5051 5052/5052
f 1442/1442 1428/1428 1443/1443
f 1440/1440 1427/1427 1442/1442
f 1442/1442 1427/1427 1428/1428
f 1428/1428 1427/1427 1419/1419
f 1428/1428 1419/1419 1418/1418
f 1427/1427 1426/1426 1419/1419
f 1419/1419 1417/1417 1418/1418
f 1417/1417 1410/1410 1418/1418
f 1418/1418 1410/1410 1420/1420
f 1426/1426 1431/1431 1421/1421
f 1426/1426 1421/1421 1419/1419
f 1419/1419 1421/1421 1417/1417
f 1420/1420 1410/1410 1412/1412
f 5990/5990 5989/5989 5979/5979
f 5989/5989 5987/5987 5979/5979
f 1410/1410 1411/1411 1412/1412
f 1848/1848 1845/1845 1805/1805
f 1805/1805 1845/1845 1813/1813
f 1805/1805 1813/1813 1804/1804
f 1804/1804 1813/1813 1806/1806
f 1803/1803 1806/1806 1811/1811
f 1803/1803 1811/1811 1812/1812
f 1811/1811 1832/1832 1812/1812
f 1833/1833 1843/1843 1842/1842
f 5986/5986 5988/5988 5984/5984
f 5984/5984 5988/5988 5983/5983
f 1417/1417 1409/1409 1410/1410
f 1842/1842 1860/1860 1859/1859
f 5983/5983 5991/5991 5981/5981
f 1421/1421 1409/1409 1417/1417
f 1409/1409 1408/1408 1410/1410
f 1411/1411 1410/1410 1408/1408
f 1411/1411 1415/1415 1412/1412
f 1884/1884 1940/1940 1848/1848
f 1421/1421 1413/1413 1409/1409
f 1408/1408 1414/1414 1415/1415
f 1411/1411 1408/1408 1415/1415
f 1408/1408 1405/1405 1414/1414
f 5581/5581 5574/5574 5590/5590
f 1409/1409 1407/1407 1408/1408
f 5590/5590 5574/5574 5582/5582
f 1413/1413 1407/1407 1409/1409
f 1408/1408 1407/1407 1405/1405
f 1414/1414 1403/1403 1415/1415
f 1415/1415 1403/1403 1416/1416
f 4824/4824 4823/4823 4809/4809
f 4824/4824 4809/4809 4815/4815
f 1414/1414 1405/1405 1403/1403
f 1416/1416 1403/1403 1402/1402
f 5582/5582 5575/5575 5570/5570
f 5582/5582 5570/5570 5583/5583
f 5583/5583 5570/5570 5609/5609
f 1413/1413 1422/1422 1407/1407
f 7515/7515 7523/7523 7509/7509
f 1407/1407 1406/1406 1405/1405
f 1406/1406 1404/1404 1405/1405
f 1405/1405 1404/1404 1403/1403
f 1404/1404 1388/1388 1403/1403
f 1403/1403 1388/1388 1402/1402
f 1992/1992 2037/2037 1978/1978
f 1407/1407 1422/1422 1406/1406
f 1422/1422 1423/1423 1406/1406
f 1404/1404 1425/1425 1388/1388
f 1406/1406 1423/1423 1424/1424
f 1406/1406 1424/1424 1404/1404
f 1424/1424 1425/1425 1404/1404
f 1351/1351 1399/1399 1341/1341
f 1399/1399 1342/1342 1341/1341
f 2046/2046 2068/2068 2041/2041
f 1423/1423 1433/1433 1424/1424
f 1433/1433 1434/1434 1424/1424
f 1424/1424 1434/1434 1425/1425
f 1342/1342 1383/1383 1350/1350
f 1386/1386 1389/1389 1523/1523
f 1523/1523 1389/1389 1524/1524
f 1646/1646 1610/1610 1576/1576
f 1576/1576 1610/1610 1679/1679
f 1679/1679 1655/1655 1577/1577
f 1577/1577 1655/1655 1584/1584
f 1558/1558 1584/1584 1560/1560
f 1595/1595 1612/1612 1596/1596
f 1596/1596 1613/1613 1614/1614
f 1614/1614 1644/1644 1601/1601
f 1643/1643 1645/1645 1664/1664
f 1662/1662 1664/1664 1665/1665
f 1662/1662 1665/1665 1687/1687
f 1662/1662 1687/1687 1678/1678
f 1678/1678 1687/1687 1695/1695
f 1695/1695 1705/1705 1692/1692
f 3170/3170 3169/3169 3187/3187
f 6428/6428 6417/6417 6429/6429
f 1443/1443 1450/1450 1451/1451
f 71/71 62/62 20/20
f 1450/1450 1448/1448 1452/1452
f 1451/1451 1450/1450 1452/1452
f 1443/1443 1430/1430 1450/1450
f 1450/1450 1430/1430 1448/1448
f 1443/1443 1428/1428 1430/1430
f 1430/1430 1429/1429 1448/1448
f 1448/1448 1429/1429 1449/1449
f 1428/1428 1418/1418 1430/1430
f 1430/1430 1418/1418 1429/1429
f 1449/1449 1429/1429 1436/1436
f 5051/5051 5053/5053 5052/5052
f 72/72 20/20 21/21
f 72/72 21/21 73/73
f 1429/1429 1420/1420 1436/1436
f 1429/1429 1418/1418 1420/1420
f 1420/1420 1435/1435 1436/1436
f 1440/1440 1441/1441 1437/1437
f 73/73 21/21 69/69
f 1440/1440 1437/1437 1427/1427
f 1436/1436 1435/1435 1446/1446
f 1437/1437 1431/1431 1427/1427
f 1431/1431 1426/1426 1427/1427
f 1420/1420 1412/1412 1435/1435
f 5053/5053 5132/5132 4987/4987
f 1437/1437 1439/1439 1431/1431
f 1435/1435 1412/1412 1446/1446
f 1446/1446 1412/1412 1445/1445
f 1806/1806 1838/1838 1811/1811
f 4987/4987 4988/4988 4986/4986
f 1431/1431 1432/1432 1421/1421
f 1848/1848 1865/1865 1845/1845
f 1431/1431 1439/1439 1432/1432
f 1412/1412 1415/1415 1445/1445
f 1445/1445 1415/1415 1455/1455
f 5997/5997 5991/5991 5983/5983
f 5988/5988 5997/5997 5983/5983
f 5988/5988 5995/5995 5997/5997
f 5991/5991 5992/5992 5981/5981
f 1439/1439 1438/1438 1432/1432
f 1432/1432 1413/1413 1421/1421
f 1415/1415 1416/1416 1455/1455
f 5581/5581 5578/5578 5574/5574
f 1432/1432 1438/1438 1413/1413
f 1416/1416 1470/1470 1455/1455
f 7219/7219 7224/7224 7217/7217
f 1941/1941 1952/1952 1898/1898
f 5574/5574 5575/5575 5582/5582
f 1444/1444 1413/1413 1438/1438
f 1416/1416 1402/1402 1470/1470
f 7503/7503 7509/7509 7489/7489
f 1976/1976 1952/1952 1941/1941
f 5575/5575 5569/5569 5570/5570
f 4823/4823 4822/4822 4809/4809
f 1402/1402 1401/1401 1470/1470
f 1444/1444 1422/1422 1413/1413
f 1978/1978 1976/1976 1941/1941
f 1444/1444 1447/1447 1422/1422
f 1402/1402 1400/1400 1401/1401
f 1400/1400 1351/1351 1401/1401
f 2037/2037 2038/2038 1978/1978
f 1400/1400 1399/1399 1351/1351
f 1422/1422 1447/1447 1423/1423
f 1388/1388 1399/1399 1400/1400
f 1447/1447 1458/1458 1454/1454
f 1454/1454 1423/1423 1447/1447
f 1388/1388 1342/1342 1399/1399
f 1388/1388 1385/1385 1342/1342
f 2078/2078 2068/2068 2046/2046
f 1385/1385 1383/1383 1342/1342
f 1423/1423 1456/1456 1433/1433
f 1434/1434 1385/1385 1425/1425
f 1423/1423 1454/1454 1456/1456
f 1433/1433 1456/1456 1434/1434
f 1434/1434 1494/1494 1387/1387
f 1434/1434 1387/1387 1385/1385
f 1387/1387 1386/1386 1385/1385
f 1385/1385 1386/1386 1383/1383
f 1456/1456 1494/1494 1434/1434
f 1387/1387 1389/1389 1386/1386
f 1387/1387 1500/1500 1389/1389
f 1389/1389 1500/1500 1524/1524
f 1646/1646 1524/1524 1610/1610
f 1679/1679 1610/1610 1655/1655
f 1584/1584 1618/1618 1560/1560
f 1560/1560 1602/1602 1559/1559
f 1559/1559 1602/1602 1595/1595
f 1612/1612 1613/1613 1596/1596
f 1645/1645 1686/1686 1664/1664
f 3166/3166 3162/3162 3172/3172
f 3172/3172 3162/3162 3173/3173
f 6923/6923 6922/6922 6924/6924
f 6428/6428 6415/6415 6417/6417
f 6347/6347 6351/6351 6365/6365
f 6351/6351 6347/6347 6350/6350
f 6351/6351 6350/6350 6352/6352
f 5196/5196 5107/5107 5195/5195
f 5195/5195 5107/5107 5106/5106
f 5049/5049 5034/5034 5035/5035
f 5036/5036 5051/5051 5044/5044
f 1451/1451 1452/1452 1453/1453
f 1580/1580 1451/1451 1453/1453
f 41/41 19/19 62/62
f 1452/1452 1467/1467 1453/1453
f 62/62 19/19 20/20
f 1452/1452 1448/1448 1467/1467
f 1448/1448 1449/1449 1467/1467
f 1467/1467 1449/1449 1468/1468
f 1449/1449 1436/1436 1468/1468
f 1436/1436 1446/1446 1468/1468
f 1468/1468 1446/1446 1478/1478
f 21/21 30/30 69/69
f 1446/1446 1445/1445 1478/1478
f 69/69 30/30 54/54
f 1478/1478 1445/1445 1477/1477
f 1838/1838 1839/1839 1811/1811
f 5132/5132 4988/4988 4987/4987
f 1441/1441 1464/1464 1463/1463
f 1441/1441 1463/1463 1437/1437
f 1437/1437 1463/1463 1439/1439
f 1445/1445 1455/1455 1477/1477
f 1845/1845 1865/1865 1862/1862
f 1843/1843 1857/1857 1842/1842
f 1857/1857 1860/1860 1842/1842
f 1463/1463 1462/1462 1439/1439
f 1455/1455 1582/1582 1477/1477
f 1848/1848 1940/1940 1939/1939
f 1848/1848 1939/1939 1865/1865
f 5597/5597 5580/5580 5589/5589
f 4988/4988 4989/4989 4986/4986
f 5990/5990 5996/5996 5989/5989
f 5989/5989 5993/5993 5987/5987
f 5987/5987 5994/5994 5988/5988
f 5988/5988 5994/5994 5995/5995
f 5589/5589 5585/5585 5588/5588
f 5588/5588 5585/5585 5581/5581
f 5581/5581 5585/5585 5578/5578
f 5997/5997 5995/5995 5991/5991
f 1462/1462 1460/1460 1439/1439
f 1460/1460 1438/1438 1439/1439
f 1898/1898 1957/1957 1884/1884
f 1455/1455 1470/1470 1582/1582
f 1470/1470 1586/1586 1582/1582
f 1460/1460 1461/1461 1438/1438
f 7490/7490 7503/7503 7489/7489
f 1438/1438 1461/1461 1444/1444
f 7503/7503 7490/7490 7508/7508
f 1976/1976 1970/1970 1952/1952
f 5569/5569 5568/5568 5570/5570
f 1470/1470 1401/1401 1586/1586
f 1586/1586 1401/1401 1598/1598
f 1401/1401 1597/1597 1598/1598
f 1401/1401 1351/1351 1597/1597
f 1461/1461 1459/1459 1444/1444
f 2037/2037 2070/2070 2038/2038
f 1444/1444 1459/1459 1447/1447
f 2041/2041 2048/2048 2047/2047
f 1459/1459 1458/1458 1447/1447
f 1458/1458 1475/1475 1454/1454
f 1475/1475 1496/1496 1454/1454
f 1496/1496 1456/1456 1454/1454
f 1475/1475 1526/1526 1496/1496
f 1456/1456 1503/1503 1494/1494
f 1494/1494 1503/1503 1501/1501
f 1494/1494 1501/1501 1387/1387
f 1501/1501 1500/1500 1387/1387
f 1456/1456 1496/1496 1503/1503
f 1501/1501 1502/1502 1500/1500
f 1500/1500 1502/1502 1524/1524
f 1524/1524 1502/1502 1506/1506
f 1524/1524 1506/1506 1610/1610
f 1610/1610 1506/1506 1609/1609
f 1610/1610 1609/1609 1655/1655
f 1618/1618 1619/1619 1560/1560
f 1560/1560 1619/1619 1602/1602
f 1602/1602 1629/1629 1612/1612
f 1595/1595 1602/1602 1612/1612
f 1612/1612 1650/1650 1613/1613
f 1613/1613 1660/1660 1614/1614
f 1614/1614 1660/1660 1644/1644
f 1644/1644 1671/1671 1645/1645
f 1665/1665 1714/1714 1687/1687
f 3179/3179 3156/3156 3174/3174
f 3174/3174 3156/3156 3154/3154
f 3174/3174 3155/3155 3166/3166
f 3162/3162 3163/3163 3170/3170
f 1706/1706 1709/1709 1708/1708
f 3170/3170 3163/3163 3169/3169
f 6415/6415 6416/6416 6417/6417
f 5048/5048 5049/5049 5035/5035
f 5032/5032 5051/5051 5036/5036
f 41/41 92/92 78/78
f 1453/1453 1722/1722 1729/1729
f 1453/1453 1467/1467 1722/1722
f 1467/1467 1723/1723 1722/1722
f 19/19 18/18 20/20
f 1467/1467 1468/1468 1723/1723
f 18/18 21/21 20/20
f 1468/1468 1478/1478 1724/1724
f 1723/1723 1468/1468 1724/1724
f 1478/1478 1477/1477 1724/1724
f 1724/1724 1477/1477 1728/1728
f 1845/1845 1862/1862 1846/1846
f 1845/1845 1846/1846 1813/1813
f 1813/1813 1846/1846 1838/1838
f 1813/1813 1838/1838 1806/1806
f 1839/1839 1840/1840 1811/1811
f 1811/1811 1840/1840 1832/1832
f 1832/1832 1840/1840 1843/1843
f 1843/1843 1840/1840 1857/1857
f 1477/1477 1582/1582 1728/1728
f 1582/1582 1727/1727 1728/1728
f 1940/1940 1973/1973 1939/1939
f 5580/5580 5585/5585 5589/5589
f 7229/7229 7221/7221 7226/7226
f 1464/1464 1465/1465 1463/1463
f 1884/1884 1957/1957 1973/1973
f 5987/5987 5993/5993 5994/5994
f 5994/5994 5993/5993 5998/5998
f 5994/5994 5998/5998 6002/6002
f 5994/5994 6002/6002 5995/5995
f 1463/1463 1465/1465 1462/1462
f 1465/1465 1460/1460 1462/1462
f 5578/5578 5564/5564 5574/5574
f 5995/5995 6001/6001 5991/5991
f 5995/5995 6002/6002 6001/6001
f 5991/5991 6006/6006 5992/5992
f 1582/1582 1725/1725 1727/1727
f 1898/1898 1958/1958 1957/1957
f 7215/7215 7216/7216 7214/7214
f 1465/1465 1489/1489 1460/1460
f 1582/1582 1586/1586 1725/1725
f 7490/7490 7489/7489 7480/7480
f 1970/1970 1958/1958 1952/1952
f 5574/5574 5563/5563 5575/5575
f 5575/5575 5563/5563 5569/5569
f 5566/5566 5568/5568 5569/5569
f 4822/4822 4808/4808 4809/4809
f 1489/1489 1461/1461 1460/1460
f 1586/1586 1598/1598 1725/1725
f 1975/1975 1970/1970 1976/1976
f 5570/5570 5568/5568 5601/5601
f 1489/1489 1490/1490 1461/1461
f 2038/2038 2051/2051 1976/1976
f 1490/1490 1459/1459 1461/1461
f 1490/1490 1491/1491 1459/1459
f 2048/2048 2030/2030 2047/2047
f 1491/1491 1492/1492 1459/1459
f 1492/1492 1458/1458 1459/1459
f 2137/2137 2156/2156 2071/2071
f 1492/1492 1475/1475 1458/1458
f 1492/1492 1513/1513 1475/1475
f 1513/1513 1526/1526 1475/1475
f 1513/1513 1527/1527 1526/1526
f 1496/1496 1526/1526 1544/1544
f 1496/1496 1544/1544 1503/1503
f 1503/1503 1502/1502 1501/1501
f 1527/1527 1544/1544 1526/1526
f 1544/1544 1504/1504 1503/1503
f 1503/1503 1504/1504 1502/1502
f 1504/1504 1505/1505 1502/1502
f 1505/1505 1506/1506 1502/1502
f 1505/1505 1519/1519 1506/1506
f 1584/1584 1655/1655 1618/1618
f 1629/1629 1650/1650 1612/1612
f 1629/1629 1651/1651 1650/1650
f 1644/1644 1660/1660 1671/1671
f 1671/1671 1686/1686 1645/1645
f 1686/1686 1693/1693 1664/1664
f 1664/1664 1694/1694 1665/1665
f 1694/1694 1713/1713 1665/1665
f 1665/1665 1713/1713 1714/1714
f 3154/3154 3155/3155 3174/3174
f 3166/3166 3155/3155 3148/3148
f 3166/3166 3148/3148 3162/3162
f 3148/3148 3136/3136 3162/3162
f 6347/6347 6346/6346 6350/6350
f 5196/5196 5108/5108 5107/5107
f 79/79 42/42 78/78
f 7618/7618 7610/7610 7611/7611
f 7618/7618 7616/7616 7610/7610
f 7616/7616 7617/7617 7610/7610
f 7610/7610 7617/7617 7607/7607
f 7617/7617 7619/7619 7607/7607
f 7607/7607 7619/7619 7608/7608
f 21/21 26/26 30/30
f 7619/7619 7614/7614 7608/7608
f 7608/7608 7614/7614 7609/7609
f 1846/1846 1858/1858 1838/1838
f 1838/1838 1858/1858 1855/1855
f 1838/1838 1855/1855 1839/1839
f 1855/1855 1856/1856 1839/1839
f 1839/1839 1856/1856 1840/1840
f 30/30 26/26 54/54
f 7466/7466 7470/7470 7459/7459
f 1939/1939 1883/1883 1865/1865
f 1865/1865 1883/1883 1862/1862
f 7614/7614 7558/7558 7609/7609
f 5580/5580 5577/5577 5585/5585
f 7614/7614 7615/7615 7558/7558
f 5585/5585 5577/5577 5578/5578
f 1466/1466 1465/1465 1464/1464
f 53/53 74/74 54/54
f 4988/4988 4990/4990 4989/4989
f 4989/4989 4990/4990 4991/4991
f 5996/5996 5999/5999 5989/5989
f 5999/5999 5993/5993 5989/5989
f 5564/5564 5563/5563 5574/5574
f 6001/6001 6003/6003 5991/5991
f 5991/5991 6003/6003 6006/6006
f 1466/1466 1529/1529 1465/1465
f 7615/7615 7508/7508 7558/7558
f 7508/7508 7496/7496 7558/7558
f 7251/7251 7265/7265 7348/7348
f 7491/7491 7490/7490 7480/7480
f 7491/7491 7496/7496 7490/7490
f 1970/1970 1969/1969 1966/1966
f 7265/7265 7419/7419 7348/7348
f 1529/1529 1489/1489 1465/1465
f 7496/7496 7508/7508 7490/7490
f 1529/1529 1530/1530 1489/1489
f 1529/1529 1565/1565 1530/1530
f 1489/1489 1530/1530 1490/1490
f 2070/2070 2051/2051 2038/2038
f 1530/1530 1491/1491 1490/1490
f 1530/1530 1540/1540 1491/1491
f 1540/1540 1492/1492 1491/1491
f 2077/2077 2034/2034 2156/2156
f 1540/1540 1541/1541 1492/1492
f 1541/1541 1513/1513 1492/1492
f 1541/1541 1542/1542 1513/1513
f 1541/1541 1579/1579 1542/1542
f 1542/1542 1557/1557 1513/1513
f 1513/1513 1557/1557 1527/1527
f 1557/1557 1531/1531 1527/1527
f 1527/1527 1531/1531 1544/1544
f 1544/1544 1531/1531 1504/1504
f 1520/1520 1519/1519 1505/1505
f 1504/1504 1520/1520 1505/1505
f 1522/1522 1609/1609 1506/1506
f 1519/1519 1522/1522 1506/1506
f 1519/1519 1521/1521 1522/1522
f 1655/1655 1666/1666 1618/1618
f 1602/1602 1619/1619 1629/1629
f 1613/1613 1650/1650 1660/1660
f 1660/1660 1685/1685 1671/1671
f 1693/1693 1694/1694 1664/1664
f 3162/3162 3136/3136 3135/3135
f 3162/3162 3135/3135 3163/3163
f 3135/3135 3147/3147 3169/3169
f 3163/3163 3135/3135 3169/3169
f 6415/6415 6413/6413 6414/6414
f 6415/6415 6414/6414 6416/6416
f 5196/5196 5197/5197 5108/5108
f 5107/5107 5108/5108 5099/5099
f 5099/5099 5069/5069 5048/5048
f 5048/5048 5069/5069 5049/5049
f 58/58 42/42 79/79
f 7611/7611 7610/7610 7588/7588
f 7610/7610 7604/7604 7588/7588
f 42/42 18/18 41/41
f 7610/7610 7560/7560 7604/7604
f 7610/7610 7607/7607 7560/7560
f 7607/7607 7557/7557 7560/7560
f 7607/7607 7608/7608 7557/7557
f 7608/7608 7555/7555 7557/7557
f 7608/7608 7609/7609 7555/7555
f 1862/1862 1858/1858 1846/1846
f 5595/5595 5586/5586 5596/5596
f 1840/1840 1856/1856 1857/1857
f 7609/7609 7558/7558 7555/7555
f 1974/1974 1883/1883 1939/1939
f 5596/5596 5586/5586 5580/5580
f 5596/5596 5580/5580 5597/5597
f 1973/1973 1974/1974 1939/1939
f 5132/5132 5055/5055 4988/4988
f 1957/1957 1972/1972 1973/1973
f 5577/5577 5572/5572 5578/5578
f 5578/5578 5572/5572 5564/5564
f 1957/1957 1958/1958 1959/1959
f 7173/7173 7171/7171 7174/7174
f 7558/7558 7491/7491 7555/7555
f 6001/6001 6002/6002 6003/6003
f 1466/1466 1551/1551 1550/1550
f 7558/7558 7496/7496 7491/7491
f 7480/7480 7481/7481 7491/7491
f 5563/5563 5566/5566 5569/5569
f 1550/1550 1549/1549 1466/1466
f 1969/1969 1967/1967 1966/1966
f 4808/4808 4805/4805 4807/4807
f 1466/1466 1549/1549 1529/1529
f 2036/2036 1982/1982 1969/1969
f 5566/5566 5567/5567 5568/5568
f 5568/5568 5567/5567 5562/5562
f 5568/5568 5562/5562 5601/5601
f 5601/5601 5562/5562 5612/5612
f 4822/4822 4820/4820 4808/4808
f 1549/1549 1565/1565 1529/1529
f 1549/1549 1593/1593 1565/1565
f 2028/2028 2025/2025 2064/2064
f 2028/2028 2064/2064 2070/2070
f 2030/2030 2029/2029 2028/2028
f 1565/1565 1566/1566 1530/1530
f 1530/1530 1566/1566 1540/1540
f 1566/1566 1567/1567 1540/1540
f 1567/1567 1541/1541 1540/1540
f 1567/1567 1579/1579 1541/1541
f 1579/1579 1599/1599 1542/1542
f 1599/1599 1557/1557 1542/1542
f 1599/1599 1620/1620 1557/1557
f 1620/1620 1572/1572 1557/1557
f 1557/1557 1572/1572 1531/1531
f 1531/1531 1520/1520 1504/1504
f 1531/1531 1572/1572 1520/1520
f 1520/1520 1521/1521 1519/1519
f 1520/1520 1570/1570 1521/1521
f 1522/1522 1521/1521 1568/1568
f 1522/1522 1568/1568 1609/1609
f 1609/1609 1568/1568 1655/1655
f 1655/1655 1568/1568 1666/1666
f 1618/1618 1666/1666 1619/1619
f 1619/1619 1630/1630 1629/1629
f 1630/1630 1651/1651 1629/1629
f 1651/1651 1676/1676 1650/1650
f 1650/1650 1676/1676 1660/1660
f 3168/3168 3145/3145 3178/3178
f 3178/3178 3145/3145 3159/3159
f 6919/6919 6917/6917 6920/6920
f 6349/6349 6353/6353 6346/6346
f 58/58 57/57 42/42
f 7560/7560 7557/7557 7559/7559
f 7559/7559 7557/7557 7554/7554
f 18/18 7/7 21/21
f 7454/7454 7467/7467 7468/7468
f 21/21 22/22 26/26
f 7554/7554 7555/7555 7553/7553
f 1855/1855 1863/1863 1856/1856
f 1883/1883 1979/1979 1862/1862
f 5580/5580 5571/5571 5577/5577
f 1972/1972 1974/1974 1973/1973
f 7555/7555 7556/7556 7553/7553
f 1959/1959 1972/1972 1957/1957
f 5055/5055 4990/4990 4988/4988
f 7474/7474 7475/7475 7472/7472
f 5564/5564 5556/5556 5563/5563
f 7556/7556 7491/7491 7481/7481
f 7175/7175 7170/7170 7172/7172
f 7172/7172 7170/7170 7171/7171
f 7172/7172 7171/7171 7173/7173
f 5563/5563 5554/5554 5566/5566
f 6002/6002 6004/6004 6003/6003
f 7203/7203 7201/7201 7204/7204
f 7204/7204 7201/7201 7205/7205
f 1551/1551 1585/1585 1550/1550
f 4808/4808 4820/4820 4805/4805
f 1550/1550 1581/1581 1549/1549
f 1550/1550 1585/1585 1581/1581
f 1581/1581 1593/1593 1549/1549
f 2025/2025 2022/2022 2064/2064
f 1565/1565 1617/1617 1566/1566
f 1617/1617 1616/1616 1566/1566
f 1615/1615 1567/1567 1566/1566
f 1566/1566 1616/1616 1615/1615
f 1615/1615 1579/1579 1567/1567
f 1579/1579 1636/1636 1599/1599
f 1599/1599 1636/1636 1620/1620
f 1620/1620 1600/1600 1572/1572
f 1572/1572 1570/1570 1520/1520
f 1570/1570 1571/1571 1521/1521
f 1521/1521 1571/1571 1573/1573
f 1521/1521 1573/1573 1568/1568
f 1630/1630 1657/1657 1651/1651
f 1676/1676 1688/1688 1660/1660
f 1660/1660 1688/1688 1685/1685
f 3159/3159 3140/3140 3160/3160
f 3140/3140 3152/3152 3161/3161
f 3160/3160 3140/3140 3161/3161
f 3154/3154 3108/3108 3155/3155
f 3155/3155 3108/3108 3109/3109
f 3109/3109 3148/3148 3155/3155
f 3109/3109 3116/3116 3148/3148
f 3136/3136 3113/3113 3135/3135
f 3115/3115 3147/3147 3135/3135
f 3135/3135 3113/3113 3115/3115
f 3115/3115 3186/3186 3147/3147
f 6914/6914 6915/6915 6918/6918
f 6413/6413 6412/6412 6414/6414
f 7559/7559 7563/7563 7581/7581
f 42/42 43/43 18/18
f 1858/1858 1864/1864 1855/1855
f 1855/1855 1864/1864 1863/1863
f 1979/1979 1882/1882 1862/1862
f 1862/1862 1882/1882 1858/1858
f 5595/5595 5584/5584 5586/5586
f 7553/7553 7545/7545 7548/7548
f 1883/1883 1990/1990 1979/1979
f 5586/5586 5573/5573 5580/5580
f 5573/5573 5571/5571 5580/5580
f 5053/5053 5055/5055 5132/5132
f 1974/1974 1990/1990 1883/1883
f 5571/5571 5572/5572 5577/5577
f 7553/7553 7556/7556 7545/7545
f 5572/5572 5556/5556 5564/5564
f 7475/7475 7474/7474 7495/7495
f 1960/1960 1961/1961 1959/1959
f 1960/1960 1959/1959 1958/1958
f 5556/5556 5553/5553 5563/5563
f 1966/1966 1962/1962 1960/1960
f 7349/7349 7350/7350 7351/7351
f 7349/7349 7351/7351 7213/7213
f 7170/7170 7167/7167 7171/7171
f 1982/1982 1965/1965 1967/1967
f 1967/1967 1965/1965 1966/1966
f 5554/5554 5557/5557 5566/5566
f 27/27 28/28 85/85
f 5566/5566 5557/5557 5567/5567
f 1551/1551 1592/1592 1585/1585
f 2020/2020 2014/2014 2013/2013
f 1585/1585 1628/1628 1581/1581
f 1581/1581 1648/1648 1593/1593
f 1593/1593 1617/1617 1565/1565
f 1593/1593 1649/1649 1617/1617
f 1617/1617 1661/1661 1616/1616
f 1616/1616 1654/1654 1637/1637
f 1637/1637 1615/1615 1616/1616
f 1615/1615 1635/1635 1579/1579
f 1635/1635 1636/1636 1579/1579
f 1636/1636 1658/1658 1620/1620
f 1620/1620 1658/1658 1600/1600
f 1600/1600 1570/1570 1572/1572
f 1600/1600 1574/1574 1570/1570
f 1574/1574 1641/1641 1571/1571
f 1570/1570 1574/1574 1571/1571
f 1568/1568 1573/1573 1623/1623
f 1568/1568 1623/1623 1666/1666
f 1666/1666 1623/1623 1619/1619
f 1675/1675 1677/1677 1630/1630
f 1619/1619 1675/1675 1630/1630
f 1630/1630 1677/1677 1657/1657
f 1651/1651 1657/1657 1688/1688
f 1651/1651 1688/1688 1676/1676
f 3133/3133 3134/3134 3168/3168
f 3168/3168 3134/3134 3145/3145
f 3145/3145 3118/3118 3159/3159
f 3159/3159 3118/3118 3112/3112
f 3159/3159 3112/3112 3140/3140
f 3152/3152 3119/3119 3156/3156
f 3156/3156 3119/3119 3154/3154
f 3116/3116 3136/3136 3148/3148
f 3136/3136 3116/3116 3113/3113
f 6413/6413 6411/6411 6412/6412
f 6353/6353 6363/6363 6346/6346
f 5197/5197 5187/5187 5108/5108
f 5069/5069 5068/5068 5049/5049
f 7586/7586 7587/7587 7580/7580
f 57/57 45/45 42/42
f 1882/1882 1880/1880 1858/1858
f 1858/1858 1880/1880 1864/1864
f 5599/5599 5584/5584 5595/5595
f 5584/5584 5573/5573 5586/5586
f 7548/7548 7545/7545 7546/7546
f 5573/5573 5561/5561 5571/5571
f 5561/5561 5555/5555 5571/5571
f 1972/1972 1996/1996 1989/1989
f 1972/1972 1989/1989 1974/1974
f 1974/1974 1989/1989 1990/1990
f 5571/5571 5555/5555 5572/5572
f 5555/5555 5556/5556 5572/5572
f 1959/1959 1980/1980 1972/1972
f 7545/7545 7475/7475 7495/7495
f 7464/7464 7495/7495 7474/7474
f 5055/5055 5120/5120 4990/4990
f 1960/1960 1962/1962 1961/1961
f 5563/5563 5553/5553 5554/5554
f 1965/1965 1962/1962 1966/1966
f 4990/4990 4992/4992 4991/4991
f 4992/4992 4994/4994 4993/4993
f 4991/4991 4992/4992 4993/4993
f 7170/7170 7168/7168 7167/7167
f 7171/7171 7169/7169 7174/7174
f 2012/2012 1965/1965 1982/1982
f 1751/1751 1749/1749 1750/1750
f 7201/7201 7200/7200 7205/7205
f 2014/2014 2012/2012 2013/2013
f 5567/5567 5557/5557 5562/5562
f 5562/5562 5606/5606 5612/5612
f 1592/1592 1628/1628 1585/1585
f 1628/1628 1648/1648 1581/1581
f 1648/1648 1649/1649 1593/1593
f 1649/1649 1661/1661 1617/1617
f 1649/1649 1684/1684 1661/1661
f 1616/1616 1661/1661 1654/1654
f 1654/1654 1673/1673 1637/1637
f 1637/1637 1673/1673 1672/1672
f 1637/1637 1672/1672 1615/1615
f 1672/1672 1674/1674 1615/1615
f 1615/1615 1674/1674 1667/1667
f 1615/1615 1667/1667 1635/1635
f 1667/1667 1668/1668 1635/1635
f 1635/1635 1668/1668 1636/1636
f 1636/1636 1683/1683 1658/1658
f 1658/1658 1574/1574 1600/1600
f 1658/1658 1642/1642 1574/1574
f 1571/1571 1607/1607 1573/1573
f 1573/1573 1607/1607 1623/1623
f 1623/1623 1626/1626 1619/1619
f 1619/1619 1626/1626 1675/1675
f 3149/3149 3131/3131 3164/3164
f 3164/3164 3131/3131 3133/3133
f 3112/3112 3123/3123 3140/3140
f 3140/3140 3123/3123 3152/3152
f 3152/3152 3123/3123 3119/3119
f 3119/3119 3111/3111 3154/3154
f 3111/3111 3108/3108 3154/3154
f 6411/6411 6410/6410 6412/6412
f 6363/6363 6353/6353 6349/6349
f 6363/6363 6349/6349 6366/6366
f 5187/5187 5097/5097 5108/5108
f 5108/5108 5097/5097 5099/5099
f 7563/7563 7565/7565 7566/7566
f 7448/7448 7446/7446 7449/7449
f 5599/5599 5587/5587 5584/5584
f 1882/1882 1993/1993 1880/1880
f 7546/7546 7545/7545 7464/7464
f 1959/1959 1977/1977 1980/1980
f 5551/5551 5553/5553 5556/5556
f 1963/1963 1977/1977 1961/1961
f 1962/1962 1963/1963 1961/1961
f 1961/1961 1977/1977 1959/1959
f 26/26 23/23 27/27
f 1965/1965 1964/1964 1962/1962
f 7355/7355 7353/7353 7354/7354
f 7355/7355 7409/7409 7353/7353
f 5120/5120 4992/4992 4990/4990
f 2012/2012 2016/2016 2017/2017
f 2012/2012 2017/2017 1965/1965
f 1749/1749 1748/1748 1750/1750
f 7203/7203 7199/7199 7201/7201
f 5557/5557 5552/5552 5562/5562
f 5562/5562 5552/5552 5606/5606
f 7201/7201 7199/7199 7200/7200
f 7199/7199 7198/7198 7200/7200
f 28/28 34/34 85/85
f 1592/1592 1652/1652 1640/1640
f 1592/1592 1640/1640 1628/1628
f 1648/1648 1684/1684 1649/1649
f 1673/1673 1674/1674 1672/1672
f 1636/1636 1668/1668 1683/1683
f 1658/1658 1683/1683 1642/1642
f 1574/1574 1642/1642 1641/1641
f 1641/1641 1608/1608 1571/1571
f 1571/1571 1608/1608 1607/1607
f 1607/1607 1624/1624 1623/1623
f 1623/1623 1624/1624 1626/1626
f 3133/3133 3131/3131 3132/3132
f 3133/3133 3132/3132 3134/3134
f 3132/3132 3124/3124 3134/3134
f 3134/3134 3124/3124 3145/3145
f 3145/3145 3124/3124 3118/3118
f 3111/3111 3110/3110 3108/3108
f 6914/6914 6912/6912 6915/6915
f 3115/3115 3114/3114 3186/3186
f 3115/3115 3113/3113 3114/3114
f 4574/4574 4592/4592 4575/4575
f 6409/6409 6410/6410 6411/6411
f 5099/5099 5101/5101 5069/5069
f 5068/5068 5067/5067 5049/5049
f 5034/5034 5033/5033 5032/5032
f 7585/7585 7580/7580 7582/7582
f 7580/7580 7578/7578 7577/7577
f 1993/1993 2003/2003 1880/1880
f 5603/5603 5602/5602 5600/5600
f 1880/1880 1881/1881 1864/1864
f 1864/1864 1881/1881 1863/1863
f 5600/5600 5587/5587 5599/5599
f 5587/5587 5576/5576 5584/5584
f 1990/1990 1993/1993 1979/1979
f 1979/1979 1993/1993 1882/1882
f 5584/5584 5565/5565 5573/5573
f 5573/5573 5565/5565 5558/5558
f 5573/5573 5558/5558 5561/5561
f 5561/5561 5548/5548 5555/5555
f 5542/5542 5551/5551 5556/5556
f 5555/5555 5542/5542 5556/5556
f 26/26 22/22 23/23
f 1977/1977 1971/1971 1980/1980
f 1964/1964 2019/2019 1968/1968
f 1964/1964 1968/1968 1963/1963
f 1963/1963 1968/1968 1971/1971
f 1963/1963 1971/1971 1977/1977
f 2017/2017 2019/2019 1964/1964
f 5557/5557 5549/5549 5552/5552
f 4992/4992 4995/4995 4994/4994
f 7162/7162 7167/7167 7168/7168
f 1749/1749 1747/1747 1748/1748
f 1652/1652 1653/1653 1640/1640
f 1640/1640 1653/1653 1710/1710
f 1640/1640 1710/1710 1628/1628
f 1628/1628 1710/1710 1648/1648
f 1648/1648 1703/1703 1684/1684
f 1684/1684 1703/1703 1702/1702
f 1684/1684 1702/1702 1661/1661
f 1661/1661 1702/1702 1654/1654
f 1654/1654 1702/1702 1715/1715
f 1654/1654 1715/1715 1673/1673
f 1673/1673 1715/1715 1674/1674
f 1674/1674 1715/1715 1716/1716
f 1674/1674 1716/1716 1667/1667
f 1667/1667 1717/1717 1668/1668
f 1668/1668 1711/1711 1683/1683
f 1683/1683 1659/1659 1642/1642
f 1642/1642 1608/1608 1641/1641
f 1608/1608 1625/1625 1607/1607
f 1607/1607 1625/1625 1624/1624
f 1626/1626 1701/1701 1675/1675
f 3125/3125 3077/3077 3150/3150
f 3150/3150 3077/3077 3149/3149
f 3149/3149 3077/3077 3131/3131
f 3118/3118 3065/3065 3112/3112
f 3112/3112 3067/3067 3123/3123
f 3123/3123 3067/3067 3119/3119
f 3113/3113 3105/3105 3114/3114
f 3114/3114 3105/3105 3185/3185
f 6409/6409 6406/6406 6410/6410
f 5771/5771 5791/5791 5748/5748
f 5190/5190 5189/5189 5187/5187
f 5187/5187 5189/5189 5097/5097
f 5067/5067 5060/5060 5049/5049
f 56/56 44/44 45/45
f 45/45 43/43 42/42
f 7567/7567 7568/7568 7571/7571
f 5584/5584 5576/5576 5565/5565
f 5051/5051 5054/5054 5053/5053
f 1990/1990 1989/1989 1993/1993
f 5561/5561 5558/5558 5548/5548
f 5053/5053 5054/5054 5055/5055
f 7550/7550 7546/7546 7547/7547
f 1996/1996 1999/1999 1989/1989
f 5548/5548 5543/5543 5555/5555
f 5543/5543 5542/5542 5555/5555
f 5054/5054 5056/5056 5055/5055
f 1980/1980 2060/2060 2085/2085
f 1980/1980 2085/2085 1996/1996
f 1971/1971 2061/2061 2060/2060
f 1971/1971 2060/2060 1980/1980
f 5551/5551 5544/5544 5553/5553
f 5350/5350 5342/5342 5343/5343
f 5343/5343 5342/5342 5341/5341
f 5343/5343 5341/5341 5344/5344
f 5553/5553 5546/5546 5554/5554
f 5554/5554 5546/5546 5545/5545
f 7409/7409 7411/7411 7395/7395
f 7409/7409 7395/7395 7353/7353
f 5545/5545 5549/5549 5557/5557
f 5549/5549 5540/5540 5552/5552
f 5552/5552 5540/5540 5604/5604
f 5552/5552 5604/5604 5606/5606
f 4821/4821 4818/4818 4799/4799
f 4992/4992 5122/5122 5307/5307
f 4992/4992 5307/5307 4995/4995
f 7162/7162 7163/7163 7167/7167
f 7199/7199 7193/7193 7198/7198
f 3177/3177 3095/3095 3171/3171
f 1710/1710 1703/1703 1648/1648
f 1667/1667 1716/1716 1717/1717
f 1717/1717 1718/1718 1668/1668
f 1668/1668 1718/1718 1711/1711
f 534/534 581/581 525/525
f 1683/1683 1711/1711 1659/1659
f 1659/1659 1608/1608 1642/1642
f 1608/1608 1659/1659 1625/1625
f 1624/1624 1698/1698 1626/1626
f 1626/1626 1698/1698 1701/1701
f 3125/3125 3099/3099 3077/3077
f 3077/3077 3076/3076 3131/3131
f 3076/3076 3073/3073 3131/3131
f 3131/3131 3073/3073 3132/3132
f 3073/3073 3071/3071 3132/3132
f 3069/3069 3124/3124 3132/3132
f 3132/3132 3071/3071 3069/3069
f 3069/3069 3062/3062 3124/3124
f 3124/3124 3063/3063 3118/3118
f 3063/3063 3065/3065 3118/3118
f 3065/3065 3067/3067 3112/3112
f 3067/3067 3098/3098 3119/3119
f 3119/3119 3098/3098 3103/3103
f 3119/3119 3103/3103 3111/3111
f 3111/3111 3103/3103 3110/3110
f 3109/3109 3106/3106 3116/3116
f 3116/3116 3106/3106 3113/3113
f 3113/3113 3106/3106 3105/3105
f 5069/5069 5070/5070 5068/5068
f 5068/5068 5171/5171 5067/5067
f 5034/5034 5062/5062 5033/5033
f 5602/5602 5594/5594 5600/5600
f 5594/5594 5579/5579 5587/5587
f 5600/5600 5594/5594 5587/5587
f 5587/5587 5579/5579 5576/5576
f 5608/5608 5607/5607 5602/5602
f 5576/5576 5550/5550 5565/5565
f 1989/1989 1999/1999 2063/2063
f 1989/1989 2063/2063 1993/1993
f 2085/2085 2069/2069 1996/1996
f 1996/1996 2069/2069 1999/1999
f 5551/5551 5542/5542 5544/5544
f 5544/5544 5546/5546 5553/5553
f 2054/2054 2056/2056 2052/2052
f 2018/2018 2054/2054 2052/2052
f 2052/2052 2056/2056 2053/2053
f 2052/2052 2053/2053 2019/2019
f 5337/5337 5341/5341 5342/5342
f 5350/5350 5337/5337 5342/5342
f 5549/5549 5545/5545 5540/5540
f 7167/7167 7163/7163 7169/7169
f 1749/1749 1753/1753 1747/1747
f 1747/1747 1746/1746 1748/1748
f 7199/7199 7202/7202 7193/7193
f 34/34 33/33 81/81
f 3177/3177 3176/3176 3095/3095
f 3171/3171 3095/3095 3138/3138
f 3171/3171 3138/3138 3151/3151
f 3171/3171 3151/3151 3184/3184
f 3184/3184 3151/3151 3137/3137
f 3184/3184 3137/3137 3182/3182
f 3182/3182 3137/3137 3144/3144
f 3182/3182 3144/3144 3175/3175
f 3144/3144 3143/3143 3175/3175
f 3175/3175 3143/3143 3142/3142
f 3175/3175 3142/3142 3146/3146
f 3175/3175 3146/3146 3181/3181
f 3146/3146 3153/3153 3181/3181
f 1718/1718 1712/1712 1711/1711
f 1711/1711 1712/1712 1696/1696
f 1711/1711 1696/1696 1659/1659
f 1659/1659 1696/1696 1625/1625
f 1624/1624 1699/1699 1698/1698
f 3167/3167 3099/3099 3125/3125
f 3124/3124 3062/3062 3063/3063
f 3110/3110 3083/3083 3108/3108
f 3108/3108 3081/3081 3109/3109
f 3109/3109 3081/3081 3106/3106
f 3105/3105 3104/3104 3185/3185
f 6409/6409 6404/6404 6406/6406
f 5746/5746 5747/5747 5748/5748
f 5746/5746 5748/5748 5791/5791
f 5190/5190 5188/5188 5189/5189
f 5273/5273 5278/5278 5252/5252
f 5278/5278 5277/5277 5252/5252
f 5252/5252 5277/5277 5276/5276
f 5171/5171 5131/5131 5067/5067
f 5067/5067 5131/5131 5060/5060
f 5060/5060 5061/5061 5034/5034
f 5061/5061 5062/5062 5034/5034
f 47/47 44/44 93/93
f 7595/7595 7583/7583 7594/7594
f 44/44 43/43 45/45
f 5607/5607 5437/5437 5602/5602
f 5602/5602 5437/5437 5593/5593
f 5602/5602 5593/5593 5594/5594
f 5594/5594 5593/5593 5579/5579
f 5579/5579 5559/5559 5576/5576
f 5576/5576 5559/5559 5550/5550
f 5440/5440 5398/5398 5608/5608
f 5608/5608 5398/5398 5607/5607
f 5565/5565 5550/5550 5558/5558
f 5547/5547 5548/5548 5558/5558
f 5349/5349 5410/5410 5496/5496
f 5345/5345 5346/5346 5347/5347
f 5056/5056 5120/5120 5055/5055
f 5546/5546 5541/5541 5545/5545
f 23/23 29/29 28/28
f 4818/4818 4819/4819 4797/4797
f 5120/5120 5122/5122 4992/4992
f 5540/5540 5605/5605 5604/5604
f 7165/7165 7160/7160 7162/7162
f 28/28 29/29 34/34
f 7193/7193 7192/7192 7198/7198
f 3176/3176 3097/3097 3095/3095
f 1696/1696 1700/1700 1625/1625
f 1625/1625 1700/1700 1624/1624
f 1624/1624 1700/1700 1699/1699
f 3099/3099 3078/3078 3077/3077
f 3077/3077 3078/3078 3074/3074
f 3077/3077 3074/3074 3076/3076
f 3076/3076 3074/3074 3073/3073
f 3103/3103 3083/3083 3110/3110
f 3105/3105 3056/3056 3104/3104
f 6404/6404 6405/6405 6406/6406
f 5188/5188 5119/5119 5189/5189
f 5189/5189 5119/5119 5097/5097
f 5101/5101 5102/5102 5069/5069
f 5069/5069 5102/5102 5070/5070
f 5070/5070 5174/5174 5273/5273
f 5201/5201 5204/5204 5278/5278
f 5204/5204 5277/5277 5278/5278
f 5276/5276 5277/5277 5268/5268
f 5268/5268 5265/5265 5171/5171
f 5276/5276 5268/5268 5171/5171
f 5033/5033 5031/5031 5032/5032
f 7579/7579 7570/7570 7574/7574
f 7331/7331 7288/7288 7330/7330
f 5607/5607 5398/5398 5437/5437
f 5437/5437 5435/5435 5593/5593
f 5593/5593 5560/5560 5579/5579
f 5560/5560 5559/5559 5579/5579
f 5559/5559 5533/5533 5550/5550
f 5440/5440 5392/5392 5393/5393
f 5440/5440 5393/5393 5398/5398
f 5496/5496 5410/5410 5392/5392
f 5496/5496 5392/5392 5440/5440
f 5547/5547 5528/5528 5548/5548
f 5548/5548 5528/5528 5543/5543
f 7437/7437 7441/7441 7447/7447
f 5543/5543 5527/5527 5542/5542
f 5527/5527 5531/5531 5542/5542
f 5345/5345 5340/5340 5346/5346
f 5542/5542 5531/5531 5544/5544
f 5335/5335 5334/5334 5336/5336
f 2054/2054 2057/2057 2056/2056
f 5336/5336 5334/5334 5330/5330
f 5336/5336 5330/5330 5337/5337
f 5337/5337 5330/5330 5341/5341
f 5330/5330 5340/5340 5341/5341
f 5341/5341 5340/5340 5345/5345
f 5544/5544 5531/5531 5546/5546
f 5546/5546 5531/5531 5541/5541
f 5541/5541 5538/5538 5545/5545
f 5545/5545 5538/5538 5540/5540
f 4819/4819 4802/4802 4797/4797
f 7160/7160 7158/7158 7162/7162
f 7162/7162 7158/7158 7159/7159
f 7162/7162 7159/7159 7163/7163
f 7163/7163 7159/7159 7164/7164
f 1745/1745 1743/1743 1746/1746
f 1747/1747 1745/1745 1746/1746
f 7202/7202 7194/7194 7193/7193
f 3095/3095 3096/3096 3138/3138
f 3096/3096 3122/3122 3138/3138
f 3138/3138 3122/3122 3151/3151
f 3151/3151 3122/3122 3139/3139
f 3151/3151 3139/3139 3137/3137
f 3144/3144 3137/3137 3121/3121
f 3144/3144 3121/3121 3120/3120
f 3144/3144 3120/3120 3143/3143
f 3143/3143 3120/3120 3142/3142
f 3146/3146 3142/3142 3128/3128
f 3146/3146 3128/3128 3153/3153
f 3153/3153 3129/3129 3158/3158
f 3153/3153 3128/3128 3129/3129
f 3158/3158 3129/3129 3157/3157
f 1696/1696 1712/1712 1700/1700
f 3127/3127 3126/3126 3130/3130
f 3130/3130 3126/3126 3167/3167
f 3167/3167 3126/3126 3099/3099
f 3099/3099 3100/3100 3078/3078
f 3074/3074 3070/3070 3073/3073
f 3073/3073 3070/3070 3071/3071
f 3071/3071 3070/3070 3069/3069
f 3065/3065 3064/3064 3067/3067
f 3067/3067 3066/3066 3087/3087
f 3067/3067 3087/3087 3098/3098
f 3098/3098 3087/3087 3103/3103
f 3103/3103 3082/3082 3083/3083
f 3083/3083 3081/3081 3108/3108
f 3081/3081 3059/3059 3106/3106
f 3106/3106 3059/3059 3056/3056
f 3106/3106 3056/3056 3105/3105
f 7018/7018 6908/6908 6911/6911
f 4587/4587 4590/4590 4571/4571
f 6408/6408 6407/6407 6404/6404
f 6404/6404 6407/6407 6405/6405
f 5102/5102 5173/5173 5174/5174
f 5070/5070 5102/5102 5174/5174
f 5174/5174 5199/5199 5273/5273
f 5199/5199 5201/5201 5273/5273
f 5204/5204 5228/5228 5277/5277
f 5228/5228 5268/5268 5277/5277
f 5268/5268 5267/5267 5265/5265
f 5131/5131 5130/5130 5060/5060
f 5062/5062 5154/5154 5150/5150
f 5062/5062 5150/5150 5033/5033
f 5051/5051 5032/5032 5030/5030
f 7330/7330 7289/7289 7329/7329
f 5435/5435 5560/5560 5593/5593
f 7/7 9/9 22/22
f 5398/5398 5397/5397 5437/5437
f 5437/5437 5397/5397 5435/5435
f 5560/5560 5533/5533 5559/5559
f 5533/5533 5528/5528 5547/5547
f 5528/5528 5527/5527 5543/5543
f 5346/5346 5400/5400 5349/5349
f 5335/5335 5333/5333 5334/5334
f 5340/5340 5348/5348 5346/5346
f 5330/5330 5338/5338 5340/5340
f 7361/7361 7391/7391 7389/7389
f 4827/4827 4801/4801 4803/4803
f 4801/4801 4802/4802 4803/4803
f 5538/5538 5537/5537 5540/5540
f 5540/5540 5537/5537 5605/5605
f 5122/5122 5121/5121 5307/5307
f 1745/1745 1744/1744 1743/1743
f 29/29 33/33 34/34
f 7194/7194 7190/7190 7193/7193
f 7193/7193 7190/7190 7192/7192
f 3139/3139 3088/3088 3137/3137
f 3120/3120 3117/3117 3142/3142
f 3129/3129 3093/3093 3157/3157
f 3093/3093 3094/3094 3157/3157
f 3157/3157 3094/3094 3127/3127
f 3127/3127 3101/3101 3126/3126
f 3126/3126 3101/3101 3100/3100
f 3126/3126 3100/3100 3099/3099
f 3078/3078 3091/3091 3074/3074
f 3070/3070 3068/3068 3069/3069
f 3069/3069 3068/3068 3062/3062
f 3062/3062 3061/3061 3063/3063
f 3061/3061 3064/3064 3065/3065
f 3063/3063 3061/3061 3065/3065
f 3064/3064 3066/3066 3067/3067
f 3087/3087 3082/3082 3103/3103
f 3056/3056 3054/3054 3104/3104
f 7018/7018 7016/7016 6908/6908
f 5097/5097 5100/5100 5099/5099
f 5199/5199 5202/5202 5201/5201
f 5201/5201 5202/5202 5203/5203
f 5201/5201 5203/5203 5204/5204
f 703/703 702/702 700/700
f 703/703 686/686 704/704
f 703/703 700/700 686/686
f 702/702 765/765 707/707
f 700/700 699/699 686/686
f 5228/5228 5205/5205 5267/5267
f 5228/5228 5267/5267 5268/5268
f 702/702 701/701 700/700
f 700/700 701/701 699/699
f 5267/5267 5266/5266 5265/5265
f 707/707 706/706 702/702
f 6322/6322 6261/6261 6303/6303
f 702/702 706/706 701/701
f 5265/5265 5266/5266 5264/5264
f 5265/5265 5264/5264 5131/5131
f 706/706 753/753 701/701
f 701/701 753/753 705/705
f 5131/5131 5264/5264 5130/5130
f 705/705 751/751 739/739
f 739/739 751/751 740/740
f 5117/5117 5118/5118 5062/5062
f 5062/5062 5118/5118 5154/5154
f 5150/5150 5151/5151 5033/5033
f 47/47 38/38 44/44
f 43/43 38/38 18/18
f 6284/6284 6285/6285 6283/6283
f 6284/6284 6282/6282 6264/6264
f 6264/6264 6278/6278 6285/6285
f 7667/7667 7668/7668 7669/7669
f 6278/6278 6266/6266 6285/6285
f 7290/7290 7262/7262 7293/7293
f 7433/7433 7451/7451 7434/7434
f 5397/5397 5402/5402 5435/5435
f 5402/5402 5434/5434 5435/5435
f 5435/5435 5434/5434 5560/5560
f 5560/5560 5434/5434 5532/5532
f 7435/7435 7439/7439 7432/7432
f 5393/5393 5362/5362 5398/5398
f 5398/5398 5362/5362 5397/5397
f 5560/5560 5532/5532 5533/5533
f 5532/5532 5526/5526 5533/5533
f 5526/5526 5524/5524 5533/5533
f 5392/5392 5360/5360 5361/5361
f 5392/5392 5361/5361 5393/5393
f 5533/5533 5524/5524 5528/5528
f 5410/5410 5360/5360 5392/5392
f 7593/7593 7445/7445 7444/7444
f 7441/7441 7443/7443 7444/7444
f 5400/5400 5368/5368 5360/5360
f 5400/5400 5360/5360 5410/5410
f 5346/5346 5348/5348 5400/5400
f 5527/5527 5522/5522 5531/5531
f 5522/5522 5525/5525 5531/5531
f 5333/5333 5327/5327 5334/5334
f 5327/5327 5329/5329 5330/5330
f 5334/5334 5327/5327 5330/5330
f 5330/5330 5329/5329 5338/5338
f 5338/5338 5339/5339 5340/5340
f 5340/5340 5339/5339 5348/5348
f 5531/5531 5538/5538 5541/5541
f 4802/4802 4804/4804 4803/4803
f 5538/5538 5534/5534 5537/5537
f 5605/5605 5537/5537 5610/5610
f 4819/4819 4883/4883 4802/4802
f 7156/7156 7158/7158 7160/7160
f 33/33 64/64 82/82
f 3097/3097 3102/3102 3049/3049
f 3097/3097 3049/3049 3095/3095
f 3055/3055 3096/3096 3095/3095
f 3095/3095 3049/3049 3055/3055
f 3079/3079 3122/3122 3096/3096
f 3096/3096 3055/3055 3079/3079
f 3122/3122 3089/3089 3139/3139
f 3089/3089 3088/3088 3139/3139
f 3088/3088 3121/3121 3137/3137
f 3120/3120 3085/3085 3117/3117
f 3117/3117 3128/3128 3142/3142
f 3117/3117 3084/3084 3128/3128
f 3128/3128 3084/3084 3129/3129
f 3129/3129 3084/3084 3090/3090
f 3129/3129 3090/3090 3093/3093
f 3094/3094 3101/3101 3127/3127
f 3078/3078 3100/3100 3092/3092
f 3078/3078 3092/3092 3091/3091
f 3074/3074 3075/3075 3070/3070
f 3081/3081 3080/3080 3059/3059
f 6408/6408 6418/6418 6407/6407
f 5759/5759 5763/5763 5785/5785
f 5099/5099 5100/5100 5101/5101
f 5101/5101 5149/5149 5102/5102
f 5149/5149 5173/5173 5102/5102
f 5173/5173 5200/5200 5199/5199
f 5199/5199 5200/5200 5202/5202
f 6323/6323 6318/6318 6306/6306
f 6323/6323 6306/6306 6325/6325
f 677/677 686/686 665/665
f 5203/5203 5205/5205 5204/5204
f 6325/6325 6306/6306 6324/6324
f 686/686 698/698 665/665
f 6324/6324 6306/6306 6259/6259
f 686/686 699/699 698/698
f 6324/6324 6259/6259 6322/6322
f 699/699 742/742 698/698
f 5205/5205 5305/5305 5266/5266
f 5205/5205 5266/5266 5267/5267
f 5305/5305 5209/5209 5266/5266
f 6322/6322 6259/6259 6261/6261
f 705/705 737/737 699/699
f 699/699 737/737 742/742
f 757/757 759/759 742/742
f 737/737 757/757 742/742
f 5266/5266 5263/5263 5264/5264
f 6220/6220 6223/6223 6261/6261
f 6223/6223 6304/6304 6303/6303
f 6261/6261 6223/6223 6303/6303
f 7673/7673 7674/7674 7675/7675
f 705/705 738/738 737/737
f 5264/5264 5263/5263 5262/5262
f 5264/5264 5262/5262 5130/5130
f 6222/6222 6265/6265 6223/6223
f 6220/6220 6222/6222 6223/6223
f 753/753 751/751 705/705
f 6277/6277 6301/6301 6304/6304
f 6304/6304 6301/6301 6326/6326
f 6304/6304 6326/6326 6328/6328
f 738/738 740/740 737/737
f 5130/5130 5129/5129 5060/5060
f 6218/6218 6216/6216 6219/6219
f 6216/6216 6222/6222 6220/6220
f 6219/6219 6216/6216 6220/6220
f 752/752 754/754 740/740
f 751/751 752/752 740/740
f 6328/6328 6326/6326 6329/6329
f 4569/4569 4520/4520 4559/4559
f 6216/6216 6255/6255 6222/6222
f 6222/6222 6255/6255 6274/6274
f 6222/6222 6274/6274 6265/6265
f 6218/6218 6217/6217 6216/6216
f 6218/6218 6245/6245 6217/6217
f 6216/6216 6214/6214 6255/6255
f 6255/6255 6286/6286 6274/6274
f 6212/6212 6214/6214 6216/6216
f 6217/6217 6212/6212 6216/6216
f 6214/6214 6273/6273 6255/6255
f 6221/6221 6212/6212 6217/6217
f 6212/6212 6213/6213 6214/6214
f 6221/6221 6243/6243 6240/6240
f 6212/6212 6211/6211 6213/6213
f 6213/6213 6272/6272 6214/6214
f 6214/6214 6272/6272 6273/6273
f 6272/6272 6286/6286 6273/6273
f 6211/6211 6224/6224 6271/6271
f 6211/6211 6271/6271 6213/6213
f 6213/6213 6271/6271 6272/6272
f 5062/5062 5061/5061 5063/5063
f 6210/6210 6211/6211 6212/6212
f 6224/6224 6253/6253 6271/6271
f 6210/6210 6208/6208 6209/6209
f 6210/6210 6237/6237 6208/6208
f 6209/6209 6224/6224 6211/6211
f 6210/6210 6209/6209 6211/6211
f 6253/6253 6291/6291 6271/6271
f 5062/5062 5063/5063 5117/5117
f 6208/6208 6237/6237 6198/6198
f 6209/6209 6253/6253 6224/6224
f 6253/6253 6288/6288 6291/6291
f 6208/6208 6198/6198 6207/6207
f 6209/6209 6228/6228 6253/6253
f 5300/5300 5154/5154 5118/5118
f 6207/6207 6206/6206 6208/6208
f 6206/6206 6228/6228 6209/6209
f 6208/6208 6206/6206 6209/6209
f 6228/6228 6288/6288 6253/6253
f 5300/5300 5301/5301 5150/5150
f 5300/5300 5150/5150 5154/5154
f 5300/5300 5291/5291 5301/5301
f 6205/6205 6206/6206 6207/6207
f 6228/6228 6289/6289 6288/6288
f 4567/4567 4527/4527 4564/4564
f 6289/6289 6290/6290 6288/6288
f 6333/6333 6334/6334 6338/6338
f 6333/6333 6330/6330 6332/6332
f 6333/6333 6332/6332 6334/6334
f 6205/6205 6196/6196 6204/6204
f 6215/6215 6269/6269 6228/6228
f 6206/6206 6215/6215 6228/6228
f 6228/6228 6269/6269 6290/6290
f 6228/6228 6290/6290 6289/6289
f 5151/5151 5152/5152 5033/5033
f 6204/6204 6202/6202 6203/6203
f 6204/6204 6203/6203 6205/6205
f 6204/6204 6196/6196 6202/6202
f 6203/6203 6215/6215 6206/6206
f 6205/6205 6203/6203 6206/6206
f 6269/6269 6296/6296 6290/6290
f 6200/6200 6202/6202 6186/6186
f 6203/6203 6268/6268 6215/6215
f 6215/6215 6268/6268 6269/6269
f 5033/5033 5152/5152 5031/5031
f 6200/6200 6191/6191 6202/6202
f 6200/6200 6186/6186 6234/6234
f 6191/6191 6260/6260 6203/6203
f 6202/6202 6191/6191 6203/6203
f 6203/6203 6260/6260 6268/6268
f 6268/6268 6296/6296 6269/6269
f 4561/4561 4529/4529 4566/4566
f 6190/6190 6191/6191 6200/6200
f 6191/6191 6254/6254 6260/6260
f 6260/6260 6293/6293 6268/6268
f 6268/6268 6293/6293 6296/6296
f 6293/6293 6316/6316 6296/6296
f 6190/6190 6234/6234 6181/6181
f 6191/6191 6192/6192 6254/6254
f 6254/6254 6293/6293 6260/6260
f 6189/6189 6170/6170 6190/6190
f 6189/6189 6181/6181 6179/6179
f 6170/6170 6192/6192 6191/6191
f 6190/6190 6170/6170 6191/6191
f 6192/6192 6276/6276 6254/6254
f 6254/6254 6294/6294 6293/6293
f 6189/6189 6179/6179 6233/6233
f 6170/6170 6263/6263 6192/6192
f 6192/6192 6263/6263 6276/6276
f 6276/6276 6294/6294 6254/6254
f 6233/6233 6167/6167 6189/6189
f 6167/6167 6169/6169 6170/6170
f 6189/6189 6167/6167 6170/6170
f 6170/6170 6169/6169 6263/6263
f 6263/6263 6294/6294 6276/6276
f 4563/4563 4525/4525 4565/4565
f 6233/6233 6193/6193 6167/6167
f 6233/6233 6178/6178 6193/6193
f 6169/6169 6275/6275 6287/6287
f 6169/6169 6287/6287 6263/6263
f 6263/6263 6287/6287 6294/6294
f 6193/6193 6178/6178 6175/6175
f 6168/6168 6275/6275 6169/6169
f 6167/6167 6168/6168 6169/6169
f 6275/6275 6298/6298 6287/6287
f 6193/6193 6175/6175 6173/6173
f 6168/6168 6262/6262 6275/6275
f 6163/6163 6164/6164 6167/6167
f 6193/6193 6163/6163 6167/6167
f 6193/6193 6173/6173 6163/6163
f 6164/6164 6252/6252 6168/6168
f 6167/6167 6164/6164 6168/6168
f 6168/6168 6252/6252 6262/6262
f 6262/6262 6295/6295 6275/6275
f 6275/6275 6295/6295 6298/6298
f 6164/6164 6162/6162 6252/6252
f 6252/6252 6295/6295 6262/6262
f 6163/6163 6161/6161 6162/6162
f 6163/6163 6162/6162 6164/6164
f 6163/6163 6171/6171 6161/6161
f 6252/6252 6292/6292 6295/6295
f 6292/6292 6320/6320 6295/6295
f 6159/6159 6160/6160 6161/6161
f 6159/6159 6148/6148 6160/6160
f 6160/6160 6165/6165 6162/6162
f 6161/6161 6160/6160 6162/6162
f 6162/6162 6165/6165 6252/6252
f 6252/6252 6165/6165 6292/6292
f 6148/6148 6149/6149 6201/6201
f 6148/6148 6201/6201 6160/6160
f 6160/6160 6201/6201 6166/6166
f 6166/6166 6297/6297 6165/6165
f 6160/6160 6166/6166 6165/6165
f 6149/6149 6282/6282 6201/6201
f 6149/6149 6270/6270 6282/6282
f 6166/6166 6266/6266 6281/6281
f 6166/6166 6281/6281 6297/6297
f 6150/6150 6151/6151 6264/6264
f 6264/6264 6151/6151 6156/6156
f 6266/6266 6279/6279 6281/6281
f 6281/6281 6279/6279 6280/6280
f 6264/6264 6156/6156 6157/6157
f 6264/6264 6157/6157 6278/6278
f 6156/6156 6153/6153 6157/6157
f 6278/6278 6157/6157 6226/6226
f 6278/6278 6226/6226 6266/6266
f 6266/6266 6226/6226 6227/6227
f 6266/6266 6227/6227 6279/6279
f 6279/6279 6227/6227 6280/6280
f 6227/6227 6302/6302 6280/6280
f 6157/6157 6158/6158 6225/6225
f 6157/6157 6225/6225 6226/6226
f 6157/6157 6153/6153 6158/6158
f 6226/6226 6225/6225 6227/6227
f 6248/6248 6249/6249 6158/6158
f 6248/6248 6153/6153 6152/6152
f 6158/6158 6249/6249 6251/6251
f 6158/6158 6251/6251 6225/6225
f 6251/6251 6267/6267 6225/6225
f 6248/6248 6155/6155 6249/6249
f 6152/6152 6154/6154 6155/6155
f 6248/6248 6152/6152 6155/6155
f 6249/6249 6155/6155 6251/6251
f 7543/7543 7434/7434 7451/7451
f 7451/7451 7426/7426 7532/7532
f 7543/7543 7451/7451 7532/7532
f 5397/5397 5370/5370 5394/5394
f 5397/5397 5394/5394 5402/5402
f 5394/5394 5412/5412 5402/5402
f 5402/5402 5412/5412 5434/5434
f 5434/5434 5438/5438 5532/5532
f 5362/5362 5370/5370 5397/5397
f 5355/5355 5353/5353 5360/5360
f 5360/5360 5353/5353 5361/5361
f 5524/5524 5523/5523 5527/5527
f 5528/5528 5524/5524 5527/5527
f 5368/5368 5355/5355 5360/5360
f 5527/5527 5523/5523 5522/5522
f 5328/5328 5327/5327 5333/5333
f 5348/5348 5401/5401 5400/5400
f 5329/5329 5339/5339 5338/5338
f 5525/5525 5529/5529 5531/5531
f 5531/5531 5529/5529 5538/5538
f 5538/5538 5529/5529 5534/5534
f 5534/5534 5536/5536 5537/5537
f 5056/5056 5121/5121 5122/5122
f 5120/5120 5056/5056 5122/5122
f 7165/7165 7156/7156 7160/7160
f 29/29 32/32 33/33
f 3122/3122 3079/3079 3089/3089
f 3121/3121 3088/3088 3086/3086
f 3121/3121 3086/3086 3120/3120
f 3120/3120 3086/3086 3085/3085
f 3117/3117 3085/3085 3084/3084
f 3074/3074 3091/3091 3075/3075
f 3075/3075 3072/3072 3070/3070
f 3066/3066 3060/3060 3087/3087
f 3087/3087 3060/3060 3082/3082
f 3083/3083 3030/3030 3081/3081
f 3059/3059 3053/3053 3056/3056
f 3056/3056 3053/3053 3054/3054
f 5101/5101 5148/5148 5149/5149
f 5173/5173 5206/5206 5200/5200
f 667/667 636/636 669/669
f 669/669 636/636 637/637
f 669/669 637/637 671/671
f 637/637 640/640 671/671
f 671/671 640/640 674/674
f 674/674 640/640 673/673
f 640/640 642/642 673/673
f 673/673 642/642 675/675
f 675/675 642/642 644/644
f 644/644 646/646 675/675
f 675/675 646/646 676/676
f 676/676 646/646 670/670
f 670/670 646/646 649/649
f 670/670 649/649 672/672
f 649/649 650/650 672/672
f 672/672 650/650 659/659
f 659/659 683/683 720/720
f 666/666 629/629 668/668
f 668/668 629/629 667/667
f 667/667 629/629 627/627
f 667/667 627/627 636/636
f 636/636 627/627 626/626
f 636/636 626/626 637/637
f 637/637 626/626 638/638
f 637/637 638/638 639/639
f 637/637 639/639 640/640
f 639/639 641/641 640/640
f 640/640 641/641 642/642
f 641/641 643/643 642/642
f 642/642 643/643 644/644
f 643/643 645/645 644/644
f 644/644 645/645 646/646
f 646/646 645/645 647/647
f 646/646 647/647 648/648
f 646/646 648/648 649/649
f 648/648 658/658 650/650
f 649/649 648/648 650/650
f 650/650 658/658 659/659
f 659/659 658/658 683/683
f 634/634 631/631 635/635
f 635/635 631/631 666/666
f 666/666 631/631 629/629
f 624/624 625/625 626/626
f 627/627 624/624 626/626
f 625/625 651/651 626/626
f 626/626 651/651 638/638
f 651/651 652/652 638/638
f 638/638 652/652 639/639
f 652/652 654/654 639/639
f 639/639 654/654 641/641
f 654/654 656/656 641/641
f 641/641 656/656 643/643
f 656/656 655/655 643/643
f 643/643 655/655 645/645
f 655/655 657/657 645/645
f 645/645 657/657 647/647
f 657/657 661/661 647/647
f 647/647 661/661 648/648
f 648/648 661/661 658/658
f 658/658 661/661 662/662
f 662/662 744/744 683/683
f 658/658 662/662 683/683
f 634/634 633/633 631/631
f 631/631 633/633 632/632
f 631/631 632/632 630/630
f 631/631 630/630 629/629
f 629/629 630/630 628/628
f 629/629 628/628 627/627
f 628/628 664/664 624/624
f 627/627 628/628 624/624
f 624/624 664/664 625/625
f 664/664 684/684 625/625
f 697/697 748/748 684/684
f 664/664 697/697 684/684
f 625/625 684/684 651/651
f 684/684 692/692 651/651
f 684/684 748/748 749/749
f 1112/1112 1096/1096 1111/1111
f 651/651 692/692 652/652
f 652/652 692/692 693/693
f 1111/1111 1096/1096 1098/1098
f 1111/1111 1098/1098 1110/1110
f 1098/1098 1099/1099 1110/1110
f 652/652 693/693 689/689
f 1110/1110 1099/1099 1113/1113
f 652/652 689/689 654/654
f 1113/1113 1099/1099 1101/1101
f 1101/1101 1100/1100 1113/1113
f 689/689 690/690 654/654
f 1113/1113 1100/1100 1115/1115
f 654/654 690/690 656/656
f 1100/1100 1095/1095 1115/1115
f 690/690 691/691 656/656
f 1115/1115 1095/1095 1114/1114
f 656/656 691/691 655/655
f 655/655 691/691 657/657
f 691/691 695/695 657/657
f 1114/1114 1095/1095 1109/1109
f 1095/1095 1105/1105 1109/1109
f 1109/1109 1105/1105 1102/1102
f 695/695 694/694 657/657
f 1109/1109 1102/1102 1108/1108
f 657/657 694/694 661/661
f 661/661 694/694 696/696
f 1108/1108 1102/1102 1106/1106
f 1102/1102 1083/1083 1106/1106
f 661/661 696/696 662/662
f 1107/1107 1093/1093 1117/1117
f 679/679 678/678 633/633
f 633/633 663/663 679/679
f 678/678 677/677 632/632
f 633/633 678/678 632/632
f 632/632 677/677 665/665
f 632/632 665/665 653/653
f 632/632 653/653 630/630
f 653/653 688/688 628/628
f 630/630 653/653 628/628
f 1094/1094 1063/1063 1104/1104
f 628/628 688/688 664/664
f 664/664 688/688 697/697
f 1104/1104 1063/1063 1103/1103
f 1063/1063 1090/1090 1103/1103
f 6318/6318 6317/6317 6306/6306
f 665/665 685/685 653/653
f 653/653 685/685 688/688
f 1116/1116 1094/1094 1104/1104
f 685/685 750/750 688/688
f 5203/5203 5208/5208 5205/5205
f 5205/5205 5208/5208 5209/5209
f 6256/6256 6246/6246 6220/6220
f 6256/6256 6220/6220 6261/6261
f 6256/6256 6261/6261 6259/6259
f 759/759 758/758 760/760
f 5209/5209 5280/5280 5263/5263
f 5209/5209 5263/5263 5266/5266
f 5211/5211 5261/5261 5263/5263
f 5280/5280 5211/5211 5263/5263
f 6219/6219 6246/6246 6247/6247
f 6246/6246 6219/6219 6220/6220
f 757/757 758/758 759/759
f 5263/5263 5261/5261 5262/5262
f 757/757 740/740 756/756
f 757/757 756/756 758/758
f 6329/6329 6326/6326 6327/6327
f 4520/4520 4519/4519 4559/4559
f 740/740 754/754 755/755
f 740/740 755/755 756/756
f 4559/4559 4519/4519 4518/4518
f 6274/6274 6309/6309 6301/6301
f 6274/6274 6286/6286 6309/6309
f 6286/6286 6314/6314 6309/6309
f 6240/6240 6237/6237 6221/6221
f 6272/6272 6313/6313 6286/6286
f 6286/6286 6313/6313 6314/6314
f 6221/6221 6237/6237 6210/6210
f 6271/6271 6310/6310 6272/6272
f 6272/6272 6310/6310 6313/6313
f 4554/4554 4528/4528 4555/4555
f 6271/6271 6291/6291 6310/6310
f 4/4 5/5 6/6
f 5302/5302 5300/5300 5118/5118
f 5302/5302 5118/5118 5117/5117
f 6291/6291 6288/6288 6310/6310
f 5300/5300 5302/5302 5290/5290
f 5300/5300 5290/5290 5291/5291
f 4526/4526 4510/4510 4554/4554
f 4564/4564 4526/4526 4554/4554
f 5291/5291 5290/5290 5289/5289
f 6330/6330 6331/6331 6332/6332
f 5291/5291 5289/5289 5292/5292
f 6331/6331 6335/6335 6332/6332
f 6196/6196 6185/6185 6202/6202
f 6202/6202 6185/6185 6186/6186
f 4566/4566 4529/4529 4567/4567
f 4567/4567 4529/4529 4527/4527
f 5152/5152 5153/5153 5031/5031
f 6186/6186 6183/6183 6234/6234
f 4561/4561 4512/4512 4529/4529
f 6234/6234 6183/6183 6181/6181
f 6293/6293 6294/6294 6321/6321
f 6293/6293 6321/6321 6316/6316
f 4565/4565 4525/4525 4514/4514
f 4563/4563 4524/4524 4525/4525
f 4562/4562 4523/4523 4533/4533
f 6128/6128 6131/6131 6141/6141
f 6128/6128 6141/6141 6142/6142
f 6142/6142 6141/6141 6146/6146
f 6171/6171 6159/6159 6161/6161
f 6128/6128 6127/6127 6131/6131
f 6128/6128 6125/6125 6127/6127
f 6141/6141 6148/6148 6146/6146
f 6146/6146 6148/6148 6159/6159
f 4515/4515 4522/4522 4560/4560
f 4568/4568 4515/4515 4560/4560
f 6131/6131 6132/6132 6141/6141
f 6141/6141 6132/6132 6149/6149
f 6141/6141 6149/6149 6148/6148
f 4568/4568 4556/4556 4515/4515
f 4556/4556 4513/4513 4515/4515
f 6127/6127 6132/6132 6131/6131
f 6125/6125 6124/6124 6127/6127
f 6132/6132 6150/6150 6149/6149
f 6297/6297 6281/6281 6305/6305
f 6127/6127 6120/6120 6132/6132
f 6127/6127 6124/6124 6120/6120
f 6143/6143 6151/6151 6150/6150
f 6132/6132 6143/6143 6150/6150
f 6120/6120 6129/6129 6132/6132
f 6132/6132 6129/6129 6143/6143
f 6151/6151 6153/6153 6156/6156
f 6307/6307 6302/6302 6308/6308
f 6117/6117 6101/6101 6116/6116
f 6130/6130 6144/6144 6143/6143
f 6129/6129 6130/6130 6143/6143
f 6129/6129 6122/6122 6130/6130
f 6143/6143 6144/6144 6151/6151
f 6227/6227 6299/6299 6302/6302
f 18/18 8/8 7/7
f 6122/6122 6133/6133 6130/6130
f 6144/6144 6152/6152 6151/6151
f 6151/6151 6152/6152 6153/6153
f 6227/6227 6267/6267 6299/6299
f 6133/6133 6134/6134 6137/6137
f 6267/6267 6300/6300 6299/6299
f 6133/6133 6136/6136 6135/6135
f 6133/6133 6135/6135 6130/6130
f 6130/6130 6135/6135 6145/6145
f 6130/6130 6145/6145 6144/6144
f 6144/6144 6145/6145 6154/6154
f 6144/6144 6154/6154 6152/6152
f 5532/5532 5438/5438 5521/5521
f 7544/7544 7439/7439 7435/7435
f 5361/5361 5354/5354 5362/5362
f 5532/5532 5521/5521 5526/5526
f 5526/5526 5520/5520 5524/5524
f 5355/5355 5351/5351 5353/5353
f 5357/5357 5351/5351 5355/5355
f 5368/5368 5369/5369 5355/5355
f 5320/5320 5319/5319 5327/5327
f 5328/5328 5320/5320 5327/5327
f 5348/5348 5380/5380 5401/5401
f 5327/5327 5324/5324 5329/5329
f 5329/5329 5324/5324 5429/5429
f 5329/5329 5429/5429 5339/5339
f 5429/5429 5380/5380 5339/5339
f 7158/7158 7156/7156 7157/7157
f 7158/7158 7157/7157 7159/7159
f 7159/7159 7157/7157 7149/7149
f 1745/1745 1742/1742 1744/1744
f 1744/1744 1742/1742 1743/1743
f 7190/7190 7186/7186 7192/7192
f 33/33 32/32 64/64
f 3089/3089 3037/3037 3088/3088
f 3094/3094 3041/3041 3101/3101
f 3092/3092 3022/3022 3091/3091
f 3075/3075 3018/3018 3072/3072
f 3068/3068 3013/3013 3062/3062
f 3062/3062 3013/3013 3061/3061
f 3082/3082 3060/3060 3028/3028
f 3082/3082 3028/3028 3083/3083
f 3028/3028 3030/3030 3083/3083
f 3030/3030 3080/3080 3081/3081
f 3059/3059 3080/3080 3053/3053
f 6418/6418 6419/6419 6407/6407
f 5245/5245 5244/5244 5188/5188
f 5250/5250 5245/5245 5188/5188
f 5188/5188 5244/5244 5119/5119
f 5148/5148 5186/5186 5149/5149
f 5149/5149 5186/5186 5246/5246
f 5149/5149 5246/5246 5173/5173
f 728/728 717/717 732/732
f 732/732 717/717 714/714
f 732/732 714/714 715/715
f 732/732 715/715 736/736
f 736/736 715/715 716/716
f 736/736 716/716 735/735
f 716/716 718/718 735/735
f 735/735 718/718 729/729
f 729/729 708/708 734/734
f 708/708 713/713 734/734
f 734/734 713/713 712/712
f 734/734 712/712 733/733
f 5173/5173 5207/5207 5206/5206
f 731/731 719/719 711/711
f 731/731 711/711 723/723
f 723/723 711/711 667/667
f 723/723 667/667 721/721
f 667/667 710/710 721/721
f 721/721 710/710 725/725
f 728/728 710/710 717/717
f 718/718 708/708 729/729
f 712/712 709/709 733/733
f 733/733 709/709 722/722
f 709/709 672/672 722/722
f 672/672 659/659 722/722
f 722/722 659/659 720/720
f 722/722 720/720 743/743
f 727/727 726/726 724/724
f 724/724 687/687 719/719
f 719/719 687/687 668/668
f 719/719 668/668 711/711
f 711/711 668/668 667/667
f 5846/5846 5845/5845 5842/5842
f 726/726 680/680 724/724
f 724/724 680/680 635/635
f 724/724 635/635 687/687
f 635/635 666/666 687/687
f 726/726 634/634 680/680
f 680/680 634/634 635/635
f 5847/5847 5848/5848 5854/5854
f 741/741 660/660 726/726
f 726/726 660/660 634/634
f 660/660 633/633 634/634
f 747/747 746/746 681/681
f 747/747 681/681 660/660
f 660/660 681/681 663/663
f 660/660 663/663 633/633
f 1063/1063 1061/1061 1090/1090
f 1090/1090 1061/1061 1060/1060
f 1103/1103 1090/1090 1097/1097
f 1097/1097 1090/1090 1088/1088
f 1090/1090 1060/1060 1088/1088
f 1060/1060 1050/1050 1088/1088
f 1088/1088 1087/1087 1097/1097
f 1088/1088 1050/1050 1087/1087
f 1097/1097 1087/1087 1096/1096
f 1050/1050 1049/1049 1087/1087
f 1096/1096 1087/1087 1085/1085
f 1087/1087 1049/1049 1085/1085
f 1096/1096 1085/1085 1098/1098
f 1049/1049 1051/1051 1085/1085
f 1098/1098 1085/1085 1099/1099
f 1051/1051 1052/1052 1085/1085
f 1099/1099 1085/1085 1086/1086
f 1085/1085 1052/1052 1086/1086
f 1099/1099 1086/1086 1101/1101
f 1052/1052 1048/1048 1086/1086
f 1101/1101 1086/1086 1100/1100
f 1086/1086 1092/1092 1100/1100
f 1086/1086 1048/1048 1092/1092
f 1048/1048 1054/1054 1092/1092
f 1100/1100 1092/1092 1095/1095
f 1092/1092 1091/1091 1095/1095
f 1092/1092 1054/1054 1055/1055
f 1092/1092 1055/1055 1091/1091
f 1091/1091 1055/1055 1053/1053
f 1095/1095 1091/1091 1084/1084
f 1091/1091 1053/1053 1084/1084
f 1095/1095 1084/1084 1105/1105
f 1053/1053 1057/1057 1084/1084
f 1105/1105 1084/1084 1102/1102
f 1084/1084 1082/1082 1102/1102
f 1084/1084 1057/1057 1056/1056
f 1084/1084 1056/1056 1082/1082
f 1082/1082 1056/1056 1058/1058
f 1102/1102 1082/1082 1083/1083
f 1082/1082 1058/1058 1083/1083
f 1083/1083 1058/1058 1089/1089
f 1083/1083 1089/1089 1106/1106
f 1058/1058 1059/1059 1089/1089
f 1106/1106 1089/1089 1107/1107
f 1107/1107 1089/1089 1093/1093
f 1089/1089 1059/1059 1079/1079
f 1089/1089 1079/1079 1093/1093
f 745/745 682/682 681/681
f 746/746 745/745 681/681
f 4395/4395 4358/4358 4362/4362
f 681/681 682/682 663/663
f 1094/1094 1065/1065 1063/1063
f 1065/1065 1031/1031 1063/1063
f 4362/4362 4358/4358 4360/4360
f 6258/6258 6306/6306 6317/6317
f 750/750 763/763 764/764
f 4360/4360 4340/4340 4361/4361
f 6256/6256 6259/6259 6258/6258
f 6257/6257 6256/6256 6258/6258
f 6258/6258 6259/6259 6306/6306
f 761/761 762/762 750/750
f 750/750 762/762 763/763
f 6257/6257 6246/6246 6256/6256
f 4360/4360 4361/4361 4391/4391
f 761/761 760/760 762/762
f 5211/5211 5237/5237 5261/5261
f 6245/6245 6247/6247 6246/6246
f 6244/6244 6245/6245 6246/6246
f 5261/5261 5260/5260 5262/5262
f 4359/4359 4336/4336 4335/4335
f 4519/4519 4498/4498 4518/4518
f 4531/4531 4518/4518 4495/4495
f 4518/4518 4498/4498 4495/4495
f 6326/6326 6319/6319 6327/6327
f 4552/4552 4516/4516 4520/4520
f 4520/4520 4498/4498 4519/4519
f 5129/5129 5064/5064 5060/5060
f 4335/4335 4331/4331 4379/4379
f 6242/6242 6243/6243 6244/6244
f 4335/4335 4379/4379 4359/4359
f 6244/6244 6243/6243 6245/6245
f 4329/4329 4388/4388 4332/4332
f 6241/6241 6239/6239 6240/6240
f 6241/6241 6240/6240 6242/6242
f 6242/6242 6240/6240 6243/6243
f 4329/4329 4330/4330 4327/4327
f 4329/4329 4328/4328 4388/4388
f 4329/4329 4327/4327 4328/4328
f 6239/6239 6237/6237 6240/6240
f 4553/4553 4507/4507 4521/4521
f 5061/5061 5137/5137 5063/5063
f 6235/6235 6236/6236 6238/6238
f 4328/4328 4327/4327 4326/4326
f 6238/6238 6236/6236 6237/6237
f 6238/6238 6237/6237 6239/6239
f 4555/4555 4528/4528 4507/4507
f 4528/4528 4505/4505 4507/4507
f 6229/6229 6230/6230 6235/6235
f 4326/4326 4325/4325 4324/4324
f 6235/6235 6230/6230 6231/6231
f 6235/6235 6231/6231 6236/6236
f 6236/6236 6231/6231 6237/6237
f 4508/4508 4505/4505 4528/4528
f 5063/5063 5283/5283 5285/5285
f 5063/5063 5285/5285 5304/5304
f 6229/6229 6197/6197 6198/6198
f 6229/6229 6198/6198 6230/6230
f 6230/6230 6198/6198 6231/6231
f 5285/5285 5286/5286 5298/5298
f 5304/5304 5285/5285 5298/5298
f 6250/6250 6197/6197 6229/6229
f 4324/4324 4319/4319 4318/4318
f 5298/5298 5286/5286 5290/5290
f 4318/4318 4319/4319 4317/4317
f 6250/6250 6195/6195 6197/6197
f 6197/6197 6196/6196 6198/6198
f 5286/5286 5288/5288 5289/5289
f 5290/5290 5286/5286 5289/5289
f 4318/4318 4316/4316 4394/4394
f 4318/4318 4317/4317 4316/4316
f 6195/6195 6196/6196 6197/6197
f 4526/4526 4509/4509 4510/4510
f 6232/6232 6184/6184 6194/6194
f 6194/6194 6184/6184 6185/6185
f 6194/6194 6185/6185 6195/6195
f 6195/6195 6185/6185 6196/6196
f 4527/4527 4509/4509 4526/4526
f 5289/5289 5299/5299 5293/5293
f 5289/5289 5293/5293 5292/5292
f 4320/4320 4387/4387 4389/4389
f 6232/6232 6187/6187 6184/6184
f 6331/6331 6336/6336 6335/6335
f 5292/5292 5293/5293 5294/5294
f 6336/6336 6337/6337 6335/6335
f 6182/6182 6183/6183 6184/6184
f 6187/6187 6182/6182 6184/6184
f 6183/6183 6186/6186 6185/6185
f 6184/6184 6183/6183 6185/6185
f 5153/5153 5144/5144 5031/5031
f 4320/4320 4321/4321 4322/4322
f 6188/6188 6182/6182 6187/6187
f 4320/4320 4384/4384 4387/4387
f 4363/4363 4392/4392 4384/4384
f 4320/4320 4363/4363 4384/4384
f 4320/4320 4322/4322 4323/4323
f 4320/4320 4323/4323 4363/4363
f 6188/6188 6180/6180 6182/6182
f 6180/6180 6181/6181 6182/6182
f 6182/6182 6181/6181 6183/6183
f 4514/4514 4434/4434 4512/4512
f 4349/4349 4383/4383 4363/4363
f 4323/4323 4349/4349 4363/4363
f 4323/4323 4346/4346 4349/4349
f 4363/4363 4383/4383 4392/4392
f 6180/6180 6179/6179 6181/6181
f 6177/6177 6179/6179 6180/6180
f 4349/4349 4381/4381 4383/4383
f 6177/6177 6178/6178 6179/6179
f 4348/4348 4381/4381 4349/4349
f 6176/6176 6174/6174 6175/6175
f 6176/6176 6175/6175 6177/6177
f 6177/6177 6175/6175 6178/6178
f 5031/5031 5030/5030 5032/5032
f 6199/6199 6172/6172 6176/6176
f 4348/4348 4380/4380 4381/4381
f 6176/6176 6172/6172 6174/6174
f 46/46 37/37 38/38
f 4352/4352 4386/4386 4380/4380
f 4348/4348 4352/4352 4380/4380
f 4348/4348 4351/4351 4352/4352
f 6199/6199 6147/6147 6172/6172
f 6172/6172 6173/6173 6174/6174
f 6174/6174 6173/6173 6175/6175
f 6147/6147 6146/6146 6171/6171
f 6147/6147 6171/6171 6172/6172
f 6172/6172 6171/6171 6173/6173
f 4355/4355 4385/4385 4352/4352
f 4355/4355 4351/4351 4356/4356
f 6142/6142 6146/6146 6147/6147
f 4352/4352 4385/4385 4386/4386
f 6146/6146 6159/6159 6171/6171
f 4560/4560 4522/4522 4523/4523
f 4522/4522 4441/4441 4523/4523
f 4515/4515 4441/4441 4522/4522
f 4513/4513 4441/4441 4515/4515
f 6125/6125 6126/6126 6123/6123
f 6125/6125 6123/6123 6124/6124
f 6305/6305 6311/6311 6315/6315
f 6123/6123 6121/6121 6120/6120
f 6124/6124 6123/6123 6120/6120
f 6115/6115 6101/6101 6099/6099
f 6101/6101 6094/6094 6099/6099
f 6120/6120 6122/6122 6129/6129
f 6120/6120 6121/6121 6122/6122
f 6122/6122 6134/6134 6133/6133
f 6045/6045 6029/6029 6044/6044
f 6117/6117 6100/6100 6101/6101
f 7427/7427 7535/7535 7536/7536
f 6017/6017 6013/6013 6010/6010
f 6017/6017 6010/6010 6018/6018
f 6138/6138 6135/6135 6136/6136
f 6139/6139 6140/6140 6138/6138
f 6136/6136 6139/6139 6138/6138
f 5370/5370 5390/5390 5394/5394
f 5394/5394 5411/5411 5412/5412
f 5411/5411 5426/5426 5434/5434
f 5412/5412 5411/5411 5434/5434
f 5426/5426 5439/5439 5438/5438
f 5434/5434 5426/5426 5438/5438
f 5438/5438 5439/5439 5521/5521
f 7541/7541 7438/7438 7439/7439
f 7541/7541 7439/7439 7544/7544
f 7541/7541 7537/7537 7438/7438
f 5362/5362 5365/5365 5370/5370
f 5521/5521 5518/5518 5526/5526
f 5526/5526 5518/5518 5520/5520
f 5351/5351 5352/5352 5353/5353
f 5353/5353 5352/5352 5354/5354
f 5524/5524 5520/5520 5509/5509
f 5524/5524 5509/5509 5523/5523
f 5355/5355 5369/5369 5357/5357
f 5509/5509 5522/5522 5523/5523
f 5401/5401 5380/5380 5368/5368
f 5522/5522 5514/5514 5525/5525
f 5536/5536 5539/5539 5537/5537
f 5537/5537 5539/5539 5610/5610
f 4883/4883 4858/4858 4802/4802
f 7156/7156 7141/7141 7143/7143
f 7156/7156 7143/7143 7157/7157
f 1742/1742 1738/1738 1743/1743
f 7194/7194 7195/7195 7190/7190
f 32/32 65/65 64/64
f 3102/3102 3001/3001 3049/3049
f 3049/3049 3016/3016 3055/3055
f 3055/3055 3016/3016 3079/3079
f 3079/3079 3016/3016 3036/3036
f 3079/3079 3036/3036 3089/3089
f 3088/3088 3037/3037 3034/3034
f 3088/3088 3034/3034 3086/3086
f 3086/3086 3033/3033 3085/3085
f 3085/3085 3032/3032 3084/3084
f 3084/3084 3038/3038 3090/3090
f 3038/3038 3046/3046 3090/3090
f 3090/3090 3046/3046 3093/3093
f 3093/3093 3046/3046 3094/3094
f 3046/3046 3041/3041 3094/3094
f 3041/3041 3040/3040 3101/3101
f 3040/3040 3039/3039 3101/3101
f 3101/3101 3039/3039 3100/3100
f 3100/3100 3039/3039 3092/3092
f 3022/3022 3021/3021 3091/3091
f 3091/3091 3021/3021 3075/3075
f 3072/3072 3008/3008 3070/3070
f 3070/3070 3008/3008 3068/3068
f 3008/3008 3013/3013 3068/3068
f 3013/3013 3011/3011 3061/3061
f 3011/3011 3009/3009 3064/3064
f 3061/3061 3011/3011 3064/3064
f 3009/3009 3010/3010 3064/3064
f 3064/3064 3010/3010 3066/3066
f 3066/3066 3010/3010 3060/3060
f 3060/3060 3024/3024 3028/3028
f 3080/3080 3030/3030 3029/3029
f 3080/3080 3026/3026 3053/3053
f 6908/6908 6907/6907 6906/6906
f 5119/5119 5095/5095 5097/5097
f 5100/5100 5146/5146 5148/5148
f 5101/5101 5100/5100 5148/5148
f 5148/5148 5146/5146 5240/5240
f 5148/5148 5240/5240 5186/5186
f 5173/5173 5213/5213 5207/5207
f 965/965 984/984 976/976
f 976/976 984/984 974/974
f 974/974 984/984 988/988
f 988/988 986/986 974/974
f 974/974 986/986 973/973
f 973/973 986/986 972/972
f 986/986 985/985 972/972
f 978/978 991/991 975/975
f 968/968 978/978 975/975
f 975/975 991/991 994/994
f 975/975 994/994 993/993
f 5842/5842 5847/5847 5846/5846
f 5848/5848 5842/5842 5849/5849
f 5849/5849 5865/5865 5861/5861
f 5848/5848 5849/5849 5861/5861
f 1060/1060 1029/1029 1050/1050
f 1050/1050 1029/1029 1021/1021
f 1050/1050 1021/1021 1049/1049
f 1021/1021 1014/1014 1049/1049
f 1049/1049 1014/1014 1051/1051
f 1051/1051 1014/1014 1013/1013
f 1051/1051 1013/1013 1052/1052
f 1052/1052 1013/1013 1009/1009
f 1052/1052 1009/1009 1048/1048
f 1048/1048 1009/1009 1011/1011
f 1048/1048 1011/1011 1054/1054
f 1011/1011 1019/1019 1054/1054
f 1054/1054 1019/1019 1055/1055
f 1055/1055 1019/1019 1053/1053
f 1053/1053 1019/1019 1035/1035
f 1053/1053 1035/1035 1057/1057
f 1057/1057 1035/1035 1037/1037
f 1057/1057 1037/1037 1056/1056
f 1037/1037 1038/1038 1056/1056
f 1056/1056 1038/1038 1058/1058
f 1058/1058 1038/1038 1041/1041
f 1041/1041 1042/1042 1059/1059
f 1058/1058 1041/1041 1059/1059
f 1042/1042 1044/1044 1059/1059
f 1059/1059 1044/1044 1079/1079
f 4395/4395 4354/4354 4358/4358
f 1065/1065 1062/1062 1031/1031
f 1031/1031 1062/1062 1028/1028
f 1063/1063 1031/1031 1061/1061
f 1031/1031 1028/1028 1025/1025
f 1061/1061 1031/1031 1030/1030
f 1031/1031 1025/1025 1030/1030
f 1061/1061 1030/1030 1060/1060
f 1025/1025 1024/1024 1030/1030
f 1060/1060 1030/1030 1029/1029
f 1030/1030 1024/1024 1029/1029
f 4340/4340 4360/4360 4358/4358
f 4558/4558 4545/4545 4546/4546
f 4536/4536 4539/4539 4545/4545
f 5219/5219 5218/5218 5210/5210
f 5219/5219 5210/5210 5208/5208
f 5208/5208 5210/5210 5209/5209
f 4338/4338 4361/4361 4340/4340
f 4338/4338 4339/4339 4337/4337
f 5209/5209 5210/5210 5211/5211
f 5211/5211 5210/5210 5212/5212
f 4336/4336 4359/4359 4338/4338
f 4336/4336 4337/4337 4334/4334
f 4338/4338 4359/4359 4361/4361
f 4361/4361 4359/4359 4391/4391
f 5237/5237 5212/5212 5230/5230
f 6554/6554 6550/6550 6552/6552
f 4336/4336 4334/4334 4335/4335
f 4485/4485 4488/4488 4495/4495
f 4498/4498 4485/4485 4495/4495
f 4516/4516 4442/4442 4520/4520
f 4442/4442 4485/4485 4498/4498
f 4520/4520 4442/4442 4498/4498
f 5060/5060 5064/5064 5061/5061
f 4330/4330 4333/4333 4342/4342
f 4430/4430 4432/4432 4506/4506
f 4330/4330 4342/4342 4327/4327
f 4327/4327 4342/4342 4343/4343
f 4325/4325 4326/4326 4327/4327
f 4327/4327 4343/4343 4325/4325
f 4325/4325 4343/4343 4344/4344
f 4325/4325 4319/4319 4324/4324
f 4325/4325 4344/4344 4319/4319
f 4508/4508 4424/4424 4505/4505
f 4319/4319 4344/4344 4317/4317
f 5286/5286 5287/5287 5288/5288
f 4315/4315 4316/4316 4317/4317
f 4315/4315 4321/4321 4320/4320
f 4315/4315 4341/4341 4321/4321
f 5293/5293 5306/5306 5294/5294
f 5294/5294 5306/5306 5144/5144
f 5144/5144 5306/5306 5115/5115
f 4321/4321 4341/4341 4322/4322
f 5144/5144 5115/5115 5031/5031
f 4347/4347 4350/4350 4348/4348
f 4348/4348 4350/4350 4351/4351
f 4503/4503 4439/4439 4502/4502
f 4357/4357 4372/4372 4356/4356
f 4351/4351 4357/4357 4356/4356
f 4356/4356 4372/4372 4378/4378
f 6034/6034 6032/6032 6033/6033
f 6035/6035 6034/6034 6033/6033
f 4513/4513 4480/4480 4441/4441
f 6030/6030 6033/6033 6028/6028
f 6028/6028 6027/6027 6029/6029
f 6030/6030 6028/6028 6029/6029
f 6029/6029 6027/6027 6042/6042
f 6029/6029 6042/6042 6044/6044
f 6017/6017 6043/6043 6013/6013
f 7535/7535 7542/7542 7536/7536
f 6012/6012 6007/6007 6010/6010
f 6013/6013 6012/6012 6010/6010
f 6007/6007 6009/6009 6010/6010
f 6010/6010 6009/6009 6011/6011
f 5370/5370 5365/5365 5390/5390
f 5394/5394 5390/5390 5411/5411
f 5358/5358 5363/5363 5354/5354
f 5363/5363 5364/5364 5362/5362
f 5354/5354 5363/5363 5362/5362
f 5362/5362 5364/5364 5365/5365
f 5352/5352 5358/5358 5354/5354
f 7440/7440 7529/7529 7526/7526
f 7440/7440 7526/7526 7442/7442
f 5385/5385 5356/5356 5357/5357
f 5369/5369 5385/5385 5357/5357
f 5357/5357 5356/5356 5351/5351
f 5368/5368 5372/5372 5369/5369
f 5315/5315 5317/5317 5319/5319
f 5320/5320 5315/5315 5319/5319
f 5319/5319 5317/5317 5324/5324
f 5324/5324 5428/5428 5429/5429
f 5429/5429 5428/5428 5380/5380
f 5380/5380 5372/5372 5368/5368
f 5522/5522 5511/5511 5514/5514
f 5525/5525 5514/5514 5529/5529
f 5530/5530 5535/5535 5534/5534
f 5529/5529 5530/5530 5534/5534
f 5534/5534 5535/5535 5536/5536
f 4804/4804 4858/4858 4811/4811
f 5535/5535 5539/5539 5536/5536
f 5539/5539 5611/5611 5610/5610
f 4883/4883 4881/4881 4858/4858
f 5307/5307 5311/5311 5312/5312
f 5307/5307 5121/5121 5311/5311
f 7156/7156 7148/7148 7141/7141
f 7157/7157 7143/7143 7149/7149
f 7195/7195 7183/7183 7190/7190
f 7190/7190 7183/7183 7186/7186
f 3001/3001 3035/3035 3049/3049
f 3049/3049 3035/3035 3016/3016
f 3089/3089 3036/3036 3037/3037
f 3086/3086 3034/3034 3033/3033
f 3033/3033 3032/3032 3085/3085
f 3032/3032 3031/3031 3084/3084
f 3084/3084 3031/3031 3038/3038
f 3039/3039 3044/3044 3092/3092
f 3044/3044 3022/3022 3092/3092
f 3075/3075 3021/3021 3018/3018
f 3018/3018 3008/3008 3072/3072
f 3010/3010 3024/3024 3060/3060
f 3080/3080 3029/3029 3042/3042
f 3080/3080 3042/3042 3026/3026
f 3053/3053 3026/3026 3027/3027
f 3053/3053 3027/3027 3054/3054
f 3054/3054 3027/3027 3165/3165
f 5244/5244 5095/5095 5119/5119
f 5246/5246 5227/5227 5173/5173
f 5173/5173 5227/5227 5213/5213
f 5844/5844 5842/5842 5845/5845
f 5844/5844 5843/5843 5842/5842
f 5841/5841 5849/5849 5842/5842
f 5849/5849 5864/5864 5865/5865
f 1015/1015 1012/1012 1014/1014
f 1014/1014 1012/1012 1013/1013
f 1013/1013 1012/1012 1009/1009
f 1012/1012 1010/1010 1009/1009
f 1009/1009 1010/1010 1011/1011
f 1011/1011 1010/1010 1016/1016
f 1011/1011 1016/1016 1017/1017
f 1011/1011 1017/1017 1018/1018
f 1011/1011 1018/1018 1019/1019
f 1035/1035 1034/1034 1036/1036
f 1035/1035 1036/1036 1037/1037
f 1037/1037 1036/1036 1038/1038
f 1036/1036 1039/1039 1038/1038
f 1038/1038 1039/1039 1040/1040
f 1038/1038 1040/1040 1041/1041
f 1042/1042 1043/1043 1044/1044
f 1062/1062 1064/1064 1027/1027
f 1062/1062 1027/1027 1028/1028
f 1028/1028 1027/1027 1025/1025
f 1027/1027 1026/1026 1025/1025
f 1026/1026 1023/1023 1025/1025
f 1025/1025 1023/1023 1024/1024
f 1024/1024 1021/1021 1029/1029
f 1023/1023 1022/1022 1021/1021
f 1024/1024 1023/1023 1021/1021
f 1021/1021 1022/1022 1020/1020
f 1021/1021 1020/1020 1014/1014
f 1019/1019 1018/1018 1032/1032
f 1032/1032 1033/1033 1019/1019
f 1019/1019 1033/1033 1035/1035
f 1040/1040 1043/1043 1042/1042
f 1041/1041 1040/1040 1042/1042
f 5279/5279 5218/5218 5219/5219
f 4536/4536 4537/4537 4538/4538
f 4536/4536 4538/4538 4539/4539
f 4339/4339 4371/4371 4337/4337
f 4337/4337 4371/4371 4364/4364
f 4337/4337 4364/4364 4334/4334
f 6550/6550 6551/6551 6552/6552
f 5259/5259 5258/5258 5260/5260
f 5261/5261 5259/5259 5260/5260
f 4364/4364 4333/4333 4334/4334
f 4364/4364 4366/4366 4333/4333
f 4442/4442 4484/4484 4485/4485
f 5129/5129 5128/5128 5064/5064
f 4432/4432 4433/4433 4442/4442
f 4366/4366 4370/4370 4342/4342
f 4333/4333 4366/4366 4342/4342
f 4430/4430 4431/4431 4432/4432
f 4370/4370 4365/4365 4342/4342
f 4365/4365 4343/4343 4342/4342
f 5061/5061 5138/5138 5137/5137
f 4365/4365 4368/4368 4344/4344
f 4343/4343 4365/4365 4344/4344
f 5283/5283 5282/5282 5285/5285
f 5285/5285 5282/5282 5284/5284
f 5285/5285 5284/5284 5286/5286
f 4368/4368 4367/4367 4317/4317
f 4344/4344 4368/4368 4317/4317
f 5286/5286 5284/5284 5287/5287
f 4367/4367 4315/4315 4317/4317
f 5287/5287 5299/5299 5288/5288
f 5287/5287 5303/5303 5299/5299
f 4367/4367 4375/4375 4315/4315
f 5303/5303 5296/5296 5293/5293
f 5299/5299 5303/5303 5293/5293
f 4315/4315 4375/4375 4341/4341
f 5293/5293 5296/5296 5306/5306
f 4375/4375 4369/4369 4341/4341
f 4341/4341 4369/4369 4322/4322
f 4345/4345 4377/4377 4347/4347
f 4437/4437 4435/4435 4436/4436
f 4347/4347 4374/4374 4350/4350
f 4374/4374 4357/4357 4350/4350
f 4374/4374 4373/4373 4357/4357
f 4357/4357 4373/4373 4372/4372
f 4441/4441 4440/4440 4439/4439
f 4480/4480 4440/4440 4441/4441
f 6032/6032 6028/6028 6033/6033
f 6091/6091 6097/6097 6104/6104
f 7/7 8/8 9/9
f 6007/6007 6008/6008 6009/6009
f 5030/5030 5059/5059 5051/5051
f 6009/6009 6015/6015 6011/6011
f 6008/6008 6016/6016 6015/6015
f 6009/6009 6008/6008 6015/6015
f 5364/5364 5366/5366 5365/5365
f 5518/5518 5510/5510 5520/5520
f 5352/5352 5359/5359 5358/5358
f 5510/5510 5509/5509 5520/5520
f 5369/5369 5383/5383 5385/5385
f 5051/5051 5059/5059 5054/5054
f 5509/5509 5511/5511 5522/5522
f 5317/5317 5323/5323 5324/5324
f 5324/5324 5323/5323 5428/5428
f 5428/5428 5381/5381 5380/5380
f 5380/5380 5381/5381 5372/5372
f 5514/5514 5530/5530 5529/5529
f 29/29 31/31 32/32
f 5100/5100 5109/5109 5146/5146
f 5240/5240 5241/5241 5186/5186
f 5249/5249 5227/5227 5246/5246
f 5227/5227 5226/5226 5213/5213
f 5844/5844 5850/5850 5843/5843
f 5843/5843 5856/5856 5857/5857
f 5843/5843 5857/5857 5849/5849
f 5849/5849 5857/5857 5863/5863
f 5849/5849 5863/5863 5864/5864
f 1077/1077 1076/1076 1023/1023
f 1076/1076 1070/1070 1023/1023
f 1023/1023 1070/1070 1022/1022
f 1022/1022 1070/1070 1015/1015
f 1070/1070 1068/1068 1015/1015
f 1015/1015 1068/1068 1012/1012
f 1012/1012 1068/1068 1067/1067
f 1012/1012 1067/1067 1010/1010
f 1067/1067 1066/1066 1010/1010
f 1010/1010 1066/1066 1016/1016
f 1016/1016 1066/1066 1017/1017
f 1017/1017 1066/1066 1069/1069
f 1017/1017 1069/1069 1018/1018
f 1069/1069 1071/1071 1018/1018
f 1071/1071 1074/1074 1034/1034
f 1018/1018 1071/1071 1034/1034
f 1034/1034 1074/1074 1036/1036
f 1074/1074 1073/1073 1036/1036
f 1036/1036 1073/1073 1039/1039
f 1039/1039 1073/1073 1075/1075
f 1039/1039 1075/1075 1040/1040
f 1040/1040 1075/1075 1046/1046
f 1043/1043 1072/1072 1045/1045
f 1064/1064 1080/1080 1047/1047
f 1064/1064 1047/1047 1027/1027
f 1047/1047 1026/1026 1027/1027
f 1040/1040 1046/1046 1043/1043
f 4399/4399 4407/4407 4353/4353
f 4537/4537 4541/4541 4540/4540
f 4537/4537 4540/4540 4538/4538
f 5218/5218 5216/5216 5210/5210
f 4339/4339 4390/4390 4371/4371
f 5212/5212 5214/5214 5230/5230
f 4484/4484 4487/4487 4485/4485
f 4487/4487 4489/4489 4488/4488
f 4485/4485 4487/4487 4488/4488
f 4442/4442 4458/4458 4484/4484
f 4366/4366 4396/4396 4370/4370
f 4370/4370 4398/4398 4365/4365
f 4365/4365 4397/4397 4368/4368
f 5282/5282 5138/5138 5281/5281
f 5282/5282 5281/5281 5284/5284
f 4368/4368 4393/4393 4367/4367
f 5284/5284 5295/5295 5287/5287
f 4393/4393 4401/4401 4367/4367
f 5287/5287 5295/5295 5296/5296
f 5287/5287 5296/5296 5303/5303
f 5296/5296 5314/5314 5114/5114
f 4428/4428 4451/4451 4445/4445
f 5115/5115 5028/5028 5031/5031
f 4437/4437 4443/4443 4435/4435
f 4437/4437 4449/4449 4443/4443
f 5031/5031 5028/5028 5030/5030
f 4373/4373 4382/4382 4372/4372
f 6034/6034 6037/6037 6032/6032
f 4480/4480 4468/4468 4448/4448
f 4480/4480 4448/4448 4440/4440
f 6032/6032 6031/6031 6028/6028
f 6031/6031 6024/6024 6028/6028
f 6024/6024 6026/6026 6027/6027
f 6028/6028 6024/6024 6027/6027
f 6026/6026 6041/6041 6042/6042
f 6027/6027 6026/6026 6042/6042
f 6012/6012 6014/6014 6007/6007
f 6007/6007 6014/6014 6008/6008
f 5365/5365 5366/5366 5390/5390
f 5390/5390 5395/5395 5411/5411
f 5395/5395 5420/5420 5411/5411
f 5411/5411 5420/5420 5426/5426
f 5426/5426 5436/5436 5439/5439
f 5439/5439 5436/5436 5521/5521
f 5359/5359 5363/5363 5358/5358
f 5385/5385 5391/5391 5356/5356
f 5391/5391 5371/5371 5356/5356
f 5356/5356 5371/5371 5359/5359
f 5315/5315 5318/5318 5316/5316
f 5315/5315 5316/5316 5317/5317
f 5317/5317 5316/5316 5323/5323
f 5323/5323 5427/5427 5428/5428
f 5428/5428 5427/5427 5381/5381
f 5381/5381 5382/5382 5372/5372
f 5121/5121 5058/5058 5311/5311
f 7148/7148 7144/7144 7141/7141
f 7141/7141 7142/7142 7143/7143
f 7143/7143 7142/7142 7149/7149
f 3001/3001 3002/3002 3035/3035
f 3035/3035 3002/3002 3016/3016
f 3036/3036 2995/2995 3037/3037
f 2995/2995 3007/3007 3037/3037
f 3037/3037 3007/3007 3034/3034
f 3033/3033 3000/3000 3032/3032
f 3039/3039 3015/3015 3044/3044
f 3044/3044 3015/3015 3045/3045
f 3044/3044 3045/3045 3023/3023
f 3044/3044 3023/3023 3022/3022
f 3022/3022 3023/3023 3019/3019
f 3022/3022 3019/3019 3021/3021
f 3019/3019 3018/3018 3021/3021
f 3024/3024 3014/3014 3028/3028
f 3026/3026 3020/3020 3027/3027
f 5095/5095 5096/5096 5097/5097
f 5097/5097 5096/5096 5100/5100
f 5146/5146 5147/5147 5240/5240
f 5855/5855 5856/5856 5843/5843
f 5850/5850 5855/5855 5843/5843
f 5857/5857 5862/5862 5863/5863
f 1078/1078 1131/1131 1128/1128
f 1078/1078 1128/1128 1077/1077
f 1077/1077 1128/1128 1076/1076
f 1076/1076 1128/1128 1129/1129
f 1129/1129 1118/1118 1076/1076
f 1076/1076 1118/1118 1070/1070
f 1070/1070 1118/1118 1121/1121
f 1070/1070 1121/1121 1068/1068
f 1068/1068 1121/1121 1067/1067
f 1121/1121 1122/1122 1067/1067
f 1067/1067 1122/1122 1066/1066
f 1122/1122 1130/1130 1066/1066
f 1066/1066 1130/1130 1123/1123
f 1066/1066 1123/1123 1069/1069
f 1123/1123 1124/1124 1069/1069
f 1069/1069 1124/1124 1071/1071
f 1071/1071 1124/1124 1074/1074
f 1124/1124 1127/1127 1074/1074
f 1127/1127 1126/1126 1074/1074
f 1074/1074 1126/1126 1073/1073
f 1126/1126 1125/1125 1073/1073
f 1073/1073 1125/1125 1075/1075
f 1075/1075 1125/1125 1046/1046
f 1046/1046 1125/1125 1119/1119
f 1046/1046 1119/1119 1072/1072
f 1119/1119 1120/1120 1045/1045
f 1072/1072 1119/1119 1045/1045
f 6847/6847 6845/6845 6849/6849
f 4406/4406 4421/4421 4417/4417
f 4540/4540 4544/4544 4548/4548
f 1080/1080 1081/1081 1047/1047
f 6845/6845 6822/6822 6849/6849
f 917/917 915/915 916/916
f 4543/4543 4544/4544 4541/4541
f 5210/5210 5214/5214 5212/5212
f 4390/4390 4414/4414 4405/4405
f 5214/5214 5231/5231 5230/5230
f 6550/6550 6553/6553 6551/6551
f 4405/4405 4419/4419 4400/4400
f 4371/4371 4405/4405 4400/4400
f 4487/4487 4490/4490 4489/4489
f 4455/4455 4459/4459 4458/4458
f 4458/4458 4459/4459 4486/4486
f 4458/4458 4486/4486 4484/4484
f 4484/4484 4486/4486 4493/4493
f 4366/4366 4403/4403 4402/4402
f 4396/4396 4402/4402 4370/4370
f 5064/5064 5065/5065 5061/5061
f 5061/5061 5065/5065 5138/5138
f 4398/4398 4416/4416 4397/4397
f 5138/5138 5139/5139 5281/5281
f 5284/5284 5297/5297 5295/5295
f 4393/4393 4415/4415 4401/4401
f 5296/5296 5295/5295 5313/5313
f 5313/5313 5116/5116 5314/5314
f 4445/4445 4464/4464 4452/4452
f 5116/5116 5028/5028 5114/5114
f 5314/5314 5116/5116 5114/5114
f 5114/5114 5028/5028 5115/5115
f 4375/4375 4409/4409 4408/4408
f 6840/6840 6830/6830 6831/6831
f 4377/4377 4413/4413 4412/4412
f 4449/4449 4462/4462 4461/4461
f 4449/4449 4461/4461 4443/4443
f 4373/4373 4404/4404 4382/4382
f 6037/6037 6036/6036 6032/6032
f 4448/4448 4466/4466 4447/4447
f 6032/6032 6036/6036 6031/6031
f 4468/4468 4467/4467 4448/4448
f 6024/6024 6025/6025 6026/6026
f 6026/6026 6025/6025 6038/6038
f 6014/6014 6021/6021 6019/6019
f 6014/6014 6019/6019 6008/6008
f 5366/5366 5395/5395 5390/5390
f 5436/5436 5519/5519 5521/5521
f 6019/6019 6020/6020 6016/6016
f 6008/6008 6019/6019 6016/6016
f 5521/5521 5519/5519 5518/5518
f 5518/5518 5517/5517 5510/5510
f 5359/5359 5371/5371 5373/5373
f 5359/5359 5373/5373 5363/5363
f 5517/5517 5507/5507 5510/5510
f 5507/5507 5508/5508 5509/5509
f 5510/5510 5507/5507 5509/5509
f 2483/2483 2469/2469 2482/2482
f 5383/5383 5379/5379 5385/5385
f 5385/5385 5379/5379 5391/5391
f 5382/5382 5383/5383 5372/5372
f 5509/5509 5508/5508 5511/5511
f 5511/5511 5512/5512 5514/5514
f 5323/5323 5325/5325 5427/5427
f 5530/5530 5614/5614 5535/5535
f 5539/5539 5726/5726 5611/5611
f 7148/7148 7166/7166 7144/7144
f 7142/7142 7155/7155 7149/7149
f 1737/1737 1735/1735 1738/1738
f 1742/1742 1737/1737 1738/1738
f 7195/7195 7191/7191 7183/7183
f 7183/7183 7185/7185 7186/7186
f 3002/3002 2985/2985 3016/3016
f 2985/2985 2986/2986 3016/3016
f 3016/3016 2986/2986 3036/3036
f 3036/3036 2986/2986 2995/2995
f 3034/3034 3007/3007 3000/3000
f 3034/3034 3000/3000 3033/3033
f 3000/3000 2998/2998 3032/3032
f 3032/3032 2998/2998 2997/2997
f 3032/3032 2997/2997 3031/3031
f 3038/3038 3005/3005 3046/3046
f 3046/3046 3005/3005 3006/3006
f 3046/3046 3006/3006 3041/3041
f 3006/3006 3012/3012 3040/3040
f 3041/3041 3006/3006 3040/3040
f 3040/3040 3012/3012 3039/3039
f 3018/3018 3019/3019 3017/3017
f 3018/3018 3017/3017 3008/3008
f 3008/3008 2919/2919 3013/3013
f 3013/3013 2919/2919 3011/3011
f 3011/3011 2918/2918 3009/3009
f 3009/3009 2916/2916 3010/3010
f 3024/3024 3010/3010 2920/2920
f 3028/3028 3014/3014 3030/3030
f 6905/6905 6904/6904 6906/6906
f 6907/6907 6905/6905 6906/6906
f 3027/3027 3020/3020 3165/3165
f 6418/6418 6420/6420 6419/6419
f 5146/5146 5109/5109 5147/5147
f 5240/5240 5147/5147 5241/5241
f 5147/5147 5198/5198 5227/5227
f 5227/5227 5198/5198 5226/5226
f 5198/5198 5225/5225 5226/5226
f 5856/5856 5858/5858 5857/5857
f 832/832 840/840 913/913
f 913/913 840/840 912/912
f 912/912 840/840 837/837
f 912/912 837/837 909/909
f 837/837 835/835 909/909
f 909/909 835/835 902/902
f 835/835 836/836 902/902
f 902/902 836/836 838/838
f 902/902 838/838 903/903
f 838/838 839/839 903/903
f 839/839 833/833 903/903
f 903/903 833/833 910/910
f 910/910 833/833 834/834
f 834/834 793/793 918/918
f 5857/5857 5858/5858 5860/5860
f 5857/5857 5860/5860 5862/5862
f 6847/6847 6854/6854 6846/6846
f 830/830 810/810 845/845
f 920/920 827/827 841/841
f 1081/1081 1131/1131 1078/1078
f 5220/5220 5215/5215 5217/5217
f 915/915 828/828 916/916
f 5217/5217 5215/5215 5216/5216
f 5216/5216 5215/5215 5210/5210
f 5210/5210 5215/5215 5214/5214
f 6821/6821 6765/6765 6820/6820
f 6553/6553 6555/6555 6551/6551
f 5257/5257 5127/5127 5258/5258
f 5259/5259 5257/5257 5258/5258
f 6741/6741 6738/6738 6853/6853
f 4487/4487 4492/4492 4490/4490
f 6741/6741 6853/6853 6855/6855
f 4471/4471 4479/4479 4453/4453
f 5065/5065 5139/5139 5138/5138
f 4473/4473 4477/4477 4463/4463
f 5139/5139 5065/5065 5140/5140
f 5065/5065 5028/5028 5116/5116
f 5140/5140 5065/5065 5116/5116
f 6809/6809 6808/6808 6807/6807
f 4464/4464 4472/4472 4452/4452
f 6807/6807 6806/6806 6804/6804
f 4460/4460 4475/4475 4465/4465
f 4461/4461 4475/4475 4456/4456
f 4476/4476 4461/4461 4462/4462
f 6801/6801 6800/6800 6798/6798
f 4470/4470 4469/4469 4447/4447
f 37/37 8/8 38/38
f 4482/4482 4466/4466 4467/4467
f 6031/6031 6036/6036 6025/6025
f 6031/6031 6025/6025 6024/6024
f 6025/6025 6039/6039 6038/6038
f 6039/6039 6046/6046 6040/6040
f 6038/6038 6039/6039 6040/6040
f 6040/6040 6046/6046 6041/6041
f 6023/6023 6022/6022 6014/6014
f 6014/6014 6022/6022 6021/6021
f 6833/6833 6791/6791 6792/6792
f 6792/6792 6791/6791 6775/6775
f 5420/5420 5436/5436 5426/5426
f 5373/5373 5367/5367 5363/5363
f 5363/5363 5367/5367 5364/5364
f 5364/5364 5367/5367 5366/5366
f 5518/5518 5519/5519 5517/5517
f 5371/5371 5375/5375 5373/5373
f 2483/2483 2474/2474 2469/2469
f 5379/5379 5375/5375 5391/5391
f 5391/5391 5375/5375 5371/5371
f 5511/5511 5508/5508 5512/5512
f 5318/5318 5322/5322 5321/5321
f 5318/5318 5321/5321 5316/5316
f 5384/5384 5382/5382 5381/5381
f 5321/5321 5325/5325 5323/5323
f 5316/5316 5321/5321 5323/5323
f 5325/5325 5384/5384 5427/5427
f 5427/5427 5384/5384 5381/5381
f 5512/5512 5613/5613 5514/5514
f 5514/5514 5613/5613 5530/5530
f 5530/5530 5613/5613 5614/5614
f 4858/4858 4816/4816 4811/4811
f 5535/5535 5614/5614 5615/5615
f 5535/5535 5615/5615 5539/5539
f 5539/5539 5615/5615 5726/5726
f 5056/5056 5058/5058 5121/5121
f 7141/7141 7144/7144 7142/7142
f 31/31 36/36 32/32
f 7191/7191 7184/7184 7183/7183
f 7183/7183 7184/7184 7185/7185
f 3031/3031 2997/2997 2996/2996
f 3031/3031 2996/2996 3038/3038
f 3038/3038 2996/2996 3005/3005
f 3012/3012 2993/2993 3015/3015
f 3039/3039 3012/3012 3015/3015
f 3015/3015 2993/2993 3047/3047
f 3015/3015 3047/3047 3045/3045
f 2919/2919 2918/2918 3011/3011
f 2918/2918 2917/2917 3009/3009
f 3009/3009 2917/2917 2916/2916
f 2916/2916 2920/2920 3010/3010
f 3024/3024 2920/2920 3014/3014
f 3014/3014 3029/3029 3030/3030
f 3029/3029 2914/2914 3042/3042
f 6420/6420 6421/6421 6419/6419
f 5245/5245 5242/5242 5244/5244
f 5244/5244 5242/5242 5095/5095
f 5147/5147 5111/5111 5198/5198
f 5198/5198 5224/5224 5225/5225
f 5225/5225 5224/5224 5223/5223
f 803/803 858/858 859/859
f 845/845 868/868 871/871
f 6846/6846 6851/6851 6841/6841
f 6841/6841 6851/6851 6747/6747
f 889/889 863/863 875/875
f 889/889 875/875 898/898
f 6721/6721 6836/6836 6729/6729
f 5215/5215 5248/5248 5214/5214
f 5214/5214 5248/5248 5269/5269
f 6729/6729 6836/6836 6850/6850
f 6729/6729 6850/6850 6738/6738
f 6850/6850 6852/6852 6738/6738
f 6738/6738 6852/6852 6853/6853
f 4570/4570 4500/4500 4486/4486
f 4486/4486 4500/4500 4492/4492
f 5127/5127 5066/5066 5128/5128
f 6765/6765 6766/6766 6820/6820
f 5128/5128 5066/5066 5064/5064
f 6811/6811 6768/6768 6767/6767
f 6709/6709 6710/6710 6713/6713
f 6699/6699 6700/6700 6701/6701
f 6697/6697 6699/6699 6762/6762
f 6802/6802 6744/6744 6800/6800
f 52/52 39/39 37/37
f 6800/6800 6737/6737 6795/6795
f 6795/6795 6772/6772 6794/6794
f 6688/6688 6689/6689 6690/6690
f 37/37 16/16 8/8
f 6794/6794 6772/6772 6781/6781
f 6781/6781 6772/6772 6745/6745
f 6674/6674 6688/6688 6750/6750
f 16/16 14/14 8/8
f 6781/6781 6745/6745 6780/6780
f 6745/6745 6743/6743 6780/6780
f 6780/6780 6743/6743 6778/6778
f 6778/6778 6748/6748 6777/6777
f 6777/6777 6748/6748 6739/6739
f 6724/6724 6725/6725 6682/6682
f 6770/6770 6749/6749 6773/6773
f 2485/2485 2426/2426 2577/2577
f 8/8 10/10 9/9
f 2578/2578 2478/2478 2480/2480
f 5366/5366 5396/5396 5395/5395
f 5395/5395 5396/5396 5418/5418
f 5395/5395 5418/5418 5420/5420
f 5420/5420 5418/5418 5431/5431
f 5420/5420 5431/5431 5436/5436
f 5436/5436 5431/5431 5519/5519
f 2479/2479 2477/2477 2475/2475
f 5373/5373 5374/5374 5367/5367
f 5367/5367 5374/5374 5376/5376
f 5376/5376 5396/5396 5366/5366
f 5367/5367 5376/5376 5366/5366
f 5375/5375 5378/5378 5374/5374
f 5375/5375 5374/5374 5373/5373
f 5379/5379 5378/5378 5375/5375
f 5382/5382 5386/5386 5383/5383
f 5386/5386 5379/5379 5383/5383
f 23/23 24/24 31/31
f 4881/4881 4857/4857 4858/4858
f 7144/7144 7146/7146 7145/7145
f 7144/7144 7145/7145 7142/7142
f 1752/1752 1736/1736 1737/1737
f 31/31 35/35 36/36
f 32/32 36/36 65/65
f 3001/3001 2985/2985 3002/3002
f 2986/2986 2992/2992 2995/2995
f 3000/3000 2983/2983 2998/2998
f 2998/2998 2982/2982 2997/2997
f 3023/3023 3025/3025 3019/3019
f 3017/3017 2715/2715 3008/3008
f 2914/2914 2899/2899 3042/3042
f 3042/3042 2899/2899 3026/3026
f 3026/3026 2899/2899 3020/3020
f 5096/5096 5094/5094 5100/5100
f 5147/5147 5109/5109 5111/5111
f 5224/5224 5221/5221 5223/5223
f 5223/5223 5221/5221 5220/5220
f 5220/5220 5221/5221 5215/5215
f 5247/5247 5248/5248 5215/5215
f 5248/5248 5247/5247 5270/5270
f 864/864 865/865 897/897
f 865/865 866/866 870/870
f 897/897 865/865 870/870
f 870/870 866/866 872/872
f 5270/5270 5161/5161 5269/5269
f 5269/5269 5161/5161 5257/5257
f 870/870 874/874 895/895
f 895/895 874/874 885/885
f 5064/5064 5066/5066 5065/5065
f 5065/5065 5066/5066 5028/5028
f 2575/2575 2574/2574 2478/2478
f 5376/5376 5404/5404 5396/5396
f 5431/5431 5647/5647 5519/5519
f 5519/5519 5647/5647 5631/5631
f 5519/5519 5631/5631 5517/5517
f 5378/5378 5377/5377 5374/5374
f 5377/5377 5376/5376 5374/5374
f 5507/5507 5515/5515 5508/5508
f 5379/5379 5388/5388 5378/5378
f 5388/5388 5377/5377 5378/5378
f 5386/5386 5388/5388 5379/5379
f 5508/5508 5515/5515 5513/5513
f 5508/5508 5513/5513 5512/5512
f 5384/5384 5387/5387 5382/5382
f 5382/5382 5387/5387 5386/5386
f 5512/5512 5513/5513 5516/5516
f 5322/5322 5331/5331 5321/5321
f 5321/5321 5331/5331 5332/5332
f 5321/5321 5332/5332 5326/5326
f 5321/5321 5326/5326 5325/5325
f 5325/5325 5326/5326 5389/5389
f 5325/5325 5389/5389 5384/5384
f 5389/5389 5387/5387 5384/5384
f 5512/5512 5516/5516 5613/5613
f 23/23 9/9 24/24
f 5054/5054 5057/5057 5056/5056
f 5614/5614 5617/5617 5615/5615
f 36/36 91/91 65/65
f 3001/3001 2968/2968 2985/2985
f 2992/2992 2991/2991 2995/2995
f 2995/2995 2991/2991 3007/3007
f 2991/2991 2988/2988 3007/3007
f 3007/3007 2988/2988 3000/3000
f 2988/2988 2989/2989 3000/3000
f 3000/3000 2984/2984 2983/2983
f 2998/2998 2983/2983 2982/2982
f 2997/2997 2981/2981 2996/2996
f 2981/2981 2990/2990 2996/2996
f 2996/2996 2990/2990 3005/3005
f 3005/3005 2990/2990 3006/3006
f 3006/3006 2990/2990 2994/2994
f 3006/3006 2994/2994 3012/3012
f 3047/3047 3043/3043 3045/3045
f 3045/3045 3043/3043 3023/3023
f 3023/3023 3043/3043 3025/3025
f 3008/3008 2715/2715 2919/2919
f 2920/2920 2862/2862 3014/3014
f 3014/3014 2900/2900 3029/3029
f 3029/3029 2913/2913 2914/2914
f 6905/6905 6896/6896 6904/6904
f 6420/6420 6422/6422 6421/6421
f 5111/5111 5156/5156 5198/5198
f 5198/5198 5156/5156 5236/5236
f 5251/5251 5221/5221 5224/5224
f 5221/5221 5222/5222 5215/5215
f 5222/5222 5247/5247 5215/5215
f 5247/5247 5271/5271 5270/5270
f 5270/5270 5271/5271 5161/5161
f 5161/5161 5113/5113 5127/5127
f 2574/2574 2425/2425 2478/2478
f 5376/5376 5403/5403 5404/5404
f 5404/5404 5422/5422 5418/5418
f 5396/5396 5404/5404 5418/5418
f 5431/5431 5648/5648 5647/5647
f 5377/5377 5403/5403 5376/5376
f 5631/5631 5629/5629 5517/5517
f 5517/5517 5629/5629 5507/5507
f 5507/5507 5629/5629 5623/5623
f 5507/5507 5623/5623 5515/5515
f 5386/5386 5399/5399 5388/5388
f 5331/5331 5465/5465 5332/5332
f 5613/5613 5616/5616 5614/5614
f 5614/5614 5616/5616 5617/5617
f 5726/5726 5724/5724 5611/5611
f 5617/5617 5619/5619 5615/5615
f 5615/5615 5619/5619 5724/5724
f 7166/7166 7147/7147 7144/7144
f 7144/7144 7147/7147 7146/7146
f 1736/1736 1735/1735 1737/1737
f 7184/7184 7187/7187 7185/7185
f 2985/2985 2968/2968 2980/2980
f 2982/2982 2981/2981 2997/2997
f 2994/2994 2936/2936 3012/3012
f 3012/3012 2936/2936 2993/2993
f 3025/3025 3017/3017 3019/3019
f 2918/2918 2713/2713 2738/2738
f 2918/2918 2738/2738 2917/2917
f 2917/2917 2738/2738 2916/2916
f 2738/2738 2897/2897 2916/2916
f 2916/2916 2897/2897 2920/2920
f 2920/2920 2861/2861 2862/2862
f 3014/3014 2862/2862 2900/2900
f 3029/3029 2900/2900 2913/2913
f 2899/2899 2915/2915 3020/3020
f 6905/6905 7033/7033 6896/6896
f 6420/6420 6423/6423 6422/6422
f 5095/5095 5242/5242 5096/5096
f 5100/5100 5094/5094 5109/5109
f 5109/5109 5110/5110 5111/5111
f 5111/5111 5110/5110 5156/5156
f 5156/5156 5155/5155 5221/5221
f 5236/5236 5156/5156 5221/5221
f 5221/5221 5155/5155 5229/5229
f 5229/5229 5159/5159 5222/5222
f 5221/5221 5229/5229 5222/5222
f 5222/5222 5159/5159 5271/5271
f 5160/5160 5161/5161 5271/5271
f 5160/5160 5113/5113 5161/5161
f 5127/5127 5113/5113 5066/5066
f 5026/5026 5028/5028 5066/5066
f 39/39 50/50 16/16
f 5422/5422 5432/5432 5418/5418
f 5418/5418 5432/5432 5431/5431
f 5431/5431 5432/5432 5648/5648
f 5647/5647 5648/5648 5631/5631
f 5388/5388 5405/5405 5377/5377
f 5399/5399 5408/5408 5388/5388
f 5408/5408 5405/5405 5388/5388
f 5515/5515 5623/5623 5513/5513
f 5387/5387 5399/5399 5386/5386
f 5331/5331 5502/5502 5465/5465
f 5465/5465 5419/5419 5332/5332
f 5332/5332 5419/5419 5326/5326
f 5516/5516 5618/5618 5613/5613
f 5613/5613 5618/5618 5616/5616
f 4816/4816 4856/4856 4817/4817
f 4881/4881 4851/4851 4857/4857
f 5056/5056 5057/5057 5058/5058
f 4976/4976 4977/4977 5058/5058
f 5058/5058 4977/4977 4981/4981
f 7147/7147 7150/7150 7146/7146
f 7146/7146 7150/7150 7145/7145
f 2992/2992 2980/2980 2991/2991
f 2988/2988 2987/2987 2989/2989
f 2970/2970 2975/2975 2990/2990
f 2981/2981 2970/2970 2990/2990
f 2975/2975 2976/2976 2994/2994
f 2990/2990 2975/2975 2994/2994
f 2994/2994 2976/2976 2936/2936
f 2936/2936 2935/2935 2993/2993
f 2935/2935 2999/2999 2993/2993
f 2993/2993 2999/2999 3047/3047
f 3047/3047 2901/2901 3043/3043
f 3043/3043 2720/2720 3025/3025
f 3025/3025 2720/2720 2716/2716
f 3025/3025 2716/2716 3017/3017
f 3017/3017 2716/2716 2715/2715
f 2715/2715 2712/2712 2919/2919
f 2919/2919 2712/2712 2713/2713
f 2919/2919 2713/2713 2918/2918
f 2897/2897 2861/2861 2920/2920
f 6423/6423 6424/6424 6422/6422
f 5094/5094 5090/5090 5109/5109
f 5090/5090 5110/5110 5109/5109
f 5110/5110 5155/5155 5156/5156
f 5158/5158 5113/5113 5159/5159
f 5159/5159 5160/5160 5271/5271
f 5159/5159 5113/5113 5160/5160
f 5026/5026 5027/5027 5028/5028
f 14/14 10/10 8/8
f 5417/5417 5422/5422 5404/5404
f 5377/5377 5415/5415 5403/5403
f 5403/5403 5417/5417 5404/5404
f 5648/5648 5643/5643 5631/5631
f 5631/5631 5643/5643 5629/5629
f 5405/5405 5416/5416 5377/5377
f 5416/5416 5415/5415 5377/5377
f 5623/5623 5622/5622 5513/5513
f 5399/5399 5414/5414 5408/5408
f 5513/5513 5622/5622 5516/5516
f 5389/5389 5406/5406 5387/5387
f 5406/5406 5399/5399 5387/5387
f 5516/5516 5622/5622 5618/5618
f 5502/5502 5486/5486 5465/5465
f 5465/5465 5486/5486 5464/5464
f 5465/5465 5464/5464 5419/5419
f 5419/5419 5409/5409 5326/5326
f 5326/5326 5409/5409 5389/5389
f 5389/5389 5409/5409 5407/5407
f 5407/5407 5406/5406 5389/5389
f 5616/5616 5618/5618 5620/5620
f 5616/5616 5620/5620 5617/5617
f 4851/4851 4852/4852 4857/4857
f 5057/5057 4976/4976 5058/5058
f 4977/4977 4980/4980 4981/4981
f 7147/7147 7151/7151 7150/7150
f 7150/7150 7161/7161 7145/7145
f 1736/1736 1733/1733 1735/1735
f 7191/7191 7188/7188 7184/7184
f 7184/7184 7188/7188 7187/7187
f 35/35 88/88 36/36
f 3048/3048 2962/2962 2968/2968
f 2968/2968 2965/2965 2980/2980
f 2980/2980 2965/2965 2978/2978
f 2980/2980 2978/2978 2991/2991
f 2978/2978 2974/2974 2991/2991
f 2991/2991 2979/2979 2988/2988
f 2979/2979 2987/2987 2988/2988
f 2987/2987 2973/2973 2989/2989
f 2989/2989 2973/2973 2984/2984
f 2984/2984 2973/2973 2971/2971
f 2984/2984 2971/2971 2983/2983
f 2982/2982 2977/2977 2981/2981
f 2981/2981 2977/2977 2970/2970
f 352/352 442/442 613/613
f 442/442 607/607 613/613
f 3047/3047 2999/2999 2901/2901
f 2901/2901 2885/2885 3043/3043
f 3043/3043 2885/2885 2720/2720
f 2738/2738 2748/2748 2897/2897
f 2748/2748 2861/2861 2897/2897
f 6424/6424 6425/6425 6422/6422
f 6086/6086 6087/6087 6088/6088
f 5242/5242 5243/5243 5096/5096
f 5094/5094 5093/5093 5090/5090
f 5110/5110 5112/5112 5155/5155
f 5157/5157 5275/5275 5155/5155
f 5155/5155 5112/5112 5157/5157
f 5158/5158 5274/5274 5275/5275
f 5157/5157 5158/5158 5275/5275
f 5157/5157 5112/5112 5158/5158
f 5158/5158 5112/5112 5113/5113
f 5028/5028 5029/5029 5030/5030
f 5403/5403 5415/5415 5417/5417
f 5432/5432 5661/5661 5648/5648
f 5648/5648 5661/5661 5649/5649
f 5648/5648 5649/5649 5643/5643
f 5643/5643 5623/5623 5629/5629
f 5408/5408 5421/5421 5405/5405
f 5421/5421 5416/5416 5405/5405
f 5406/5406 5414/5414 5399/5399
f 5502/5502 5499/5499 5486/5486
f 5419/5419 5413/5413 5409/5409
f 5409/5409 5413/5413 5407/5407
f 5486/5486 5451/5451 5464/5464
f 5464/5464 5451/5451 5419/5419
f 5618/5618 5621/5621 5620/5620
f 5617/5617 5620/5620 5619/5619
f 1733/1733 1734/1734 1735/1735
f 7191/7191 7196/7196 7188/7188
f 7188/7188 7189/7189 7187/7187
f 2962/2962 2965/2965 2968/2968
f 2991/2991 2974/2974 2979/2979
f 2983/2983 2971/2971 2982/2982
f 2982/2982 2971/2971 2977/2977
f 352/352 613/613 402/402
f 2976/2976 2939/2939 2936/2936
f 2939/2939 2937/2937 2936/2936
f 2936/2936 2937/2937 2934/2934
f 2936/2936 2934/2934 2935/2935
f 2900/2900 2853/2853 2913/2913
f 2913/2913 2853/2853 2854/2854
f 2913/2913 2854/2854 2914/2914
f 2914/2914 2855/2855 2899/2899
f 2915/2915 2898/2898 3141/3141
f 7033/7033 6897/6897 6896/6896
f 6424/6424 6426/6426 6425/6425
f 5113/5113 5026/5026 5066/5066
f 5415/5415 5423/5423 5417/5417
f 5423/5423 5424/5424 5417/5417
f 5424/5424 5433/5433 5422/5422
f 5417/5417 5424/5424 5422/5422
f 5422/5422 5433/5433 5432/5432
f 5432/5432 5433/5433 5668/5668
f 5432/5432 5668/5668 5661/5661
f 5643/5643 5640/5640 5623/5623
f 5414/5414 5421/5421 5408/5408
f 5623/5623 5630/5630 5622/5622
f 5406/5406 5430/5430 5414/5414
f 5622/5622 5624/5624 5618/5618
f 9/9 25/25 24/24
f 5407/5407 5413/5413 5406/5406
f 5499/5499 5487/5487 5486/5486
f 5486/5486 5487/5487 5451/5451
f 5451/5451 5446/5446 5419/5419
f 5446/5446 5445/5445 5413/5413
f 5419/5419 5446/5446 5413/5413
f 2487/2487 2453/2453 2541/2541
f 5620/5620 5628/5628 5619/5619
f 5619/5619 5628/5628 5724/5724
f 2962/2962 2958/2958 2965/2965
f 2958/2958 2969/2969 2978/2978
f 2965/2965 2958/2958 2978/2978
f 2969/2969 2974/2974 2978/2978
f 2974/2974 2972/2972 2979/2979
f 2987/2987 2979/2979 2973/2973
f 2971/2971 2967/2967 2977/2977
f 2977/2977 2967/2967 2970/2970
f 2970/2970 2940/2940 2975/2975
f 521/521 561/561 96/96
f 2975/2975 2940/2940 2976/2976
f 2940/2940 2939/2939 2976/2976
f 2934/2934 2924/2924 2935/2935
f 2924/2924 2922/2922 2999/2999
f 2935/2935 2924/2924 2999/2999
f 2999/2999 2922/2922 2901/2901
f 2901/2901 2864/2864 2885/2885
f 2720/2720 2718/2718 2716/2716
f 2716/2716 2718/2718 2717/2717
f 2716/2716 2717/2717 2714/2714
f 2716/2716 2714/2714 2715/2715
f 2715/2715 2714/2714 2712/2712
f 2712/2712 2711/2711 2713/2713
f 2713/2713 2728/2728 2738/2738
f 2738/2738 2728/2728 2748/2748
f 2861/2861 2823/2823 2862/2862
f 2862/2862 2823/2823 2900/2900
f 2900/2900 2823/2823 2853/2853
f 2914/2914 2854/2854 2855/2855
f 2899/2899 2855/2855 2898/2898
f 2898/2898 2835/2835 3141/3141
f 5243/5243 5191/5191 5096/5096
f 5096/5096 5191/5191 5094/5094
f 5093/5093 5092/5092 5090/5090
f 5027/5027 5029/5029 5028/5028
f 39/39 61/61 17/17
f 39/39 17/17 50/50
f 5030/5030 5029/5029 5059/5059
f 5424/5424 5441/5441 5433/5433
f 5416/5416 5425/5425 5415/5415
f 5415/5415 5425/5425 5423/5423
f 5649/5649 5650/5650 5643/5643
f 5421/5421 5425/5425 5416/5416
f 5643/5643 5646/5646 5640/5640
f 5430/5430 5421/5421 5414/5414
f 5406/5406 5444/5444 5430/5430
f 5446/5446 5448/5448 5445/5445
f 5445/5445 5448/5448 5447/5447
f 5445/5445 5444/5444 5413/5413
f 5445/5445 5447/5447 5444/5444
f 5413/5413 5444/5444 5406/5406
f 5624/5624 5625/5625 5618/5618
f 5618/5618 5625/5625 5621/5621
f 5501/5501 5492/5492 5487/5487
f 5499/5499 5501/5501 5487/5487
f 5501/5501 5498/5498 5492/5492
f 5487/5487 5492/5492 5451/5451
f 5451/5451 5461/5461 5446/5446
f 5461/5461 5448/5448 5446/5446
f 5621/5621 5626/5626 5620/5620
f 5620/5620 5627/5627 5628/5628
f 5628/5628 5725/5725 5724/5724
f 4848/4848 4847/4847 4851/4851
f 4886/4886 4848/4848 4851/4851
f 4976/4976 4975/4975 4977/4977
f 4977/4977 4975/4975 4980/4980
f 7151/7151 7154/7154 7152/7152
f 7151/7151 7152/7152 7150/7150
f 7150/7150 7152/7152 7153/7153
f 1739/1739 1734/1734 1733/1733
f 35/35 51/51 88/88
f 2958/2958 2956/2956 2969/2969
f 2969/2969 2957/2957 2974/2974
f 2972/2972 2966/2966 2979/2979
f 2966/2966 2947/2947 2973/2973
f 2973/2973 2947/2947 2971/2971
f 2947/2947 2967/2967 2971/2971
f 2939/2939 2938/2938 2937/2937
f 2937/2937 2938/2938 2933/2933
f 2937/2937 2933/2933 2934/2934
f 2934/2934 2928/2928 2924/2924
f 2922/2922 2921/2921 2901/2901
f 2921/2921 2864/2864 2901/2901
f 2885/2885 2724/2724 2720/2720
f 2720/2720 2724/2724 2718/2718
f 2714/2714 2709/2709 2712/2712
f 2712/2712 2709/2709 2711/2711
f 2748/2748 2735/2735 2861/2861
f 4030/4030 4032/4032 4033/4033
f 4038/4038 4030/4030 4033/4033
f 2855/2855 2835/2835 2898/2898
f 6426/6426 6427/6427 6425/6425
f 6425/6425 6427/6427 6439/6439
f 5191/5191 5093/5093 5094/5094
f 5110/5110 5090/5090 5112/5112
f 61/61 83/83 17/17
f 50/50 17/17 16/16
f 5423/5423 5441/5441 5424/5424
f 5668/5668 5665/5665 5661/5661
f 5661/5661 5665/5665 5650/5650
f 5661/5661 5650/5650 5649/5649
f 5650/5650 5646/5646 5643/5643
f 5623/5623 5640/5640 5630/5630
f 5622/5622 5630/5630 5624/5624
f 5054/5054 5059/5059 5057/5057
f 5447/5447 5456/5456 5444/5444
f 5456/5456 5430/5430 5444/5444
f 5461/5461 5447/5447 5448/5448
f 5505/5505 5497/5497 5498/5498
f 5501/5501 5505/5505 5498/5498
f 5498/5498 5497/5497 5479/5479
f 5498/5498 5479/5479 5492/5492
f 5492/5492 5479/5479 5451/5451
f 5451/5451 5479/5479 5461/5461
f 5479/5479 5478/5478 5461/5461
f 5621/5621 5625/5625 5626/5626
f 5057/5057 4974/4974 4976/4976
f 4974/4974 4975/4975 4976/4976
f 5620/5620 5626/5626 5627/5627
f 5628/5628 5627/5627 5725/5725
f 7196/7196 7197/7197 7189/7189
f 7196/7196 7189/7189 7188/7188
f 2969/2969 2956/2956 2957/2957
f 2974/2974 2957/2957 2952/2952
f 2974/2974 2952/2952 2972/2972
f 2972/2972 2952/2952 2966/2966
f 2947/2947 2945/2945 2967/2967
f 2967/2967 2945/2945 2940/2940
f 2940/2940 2941/2941 2938/2938
f 2940/2940 2938/2938 2939/2939
f 2933/2933 2928/2928 2934/2934
f 2864/2864 2724/2724 2885/2885
f 2709/2709 2710/2710 2711/2711
f 2713/2713 2711/2711 2728/2728
f 2728/2728 2735/2735 2748/2748
f 2735/2735 2747/2747 2861/2861
f 6427/6427 6440/6440 6439/6439
f 6084/6084 6083/6083 6085/6085
f 5191/5191 5238/5238 5093/5093
f 5113/5113 5112/5112 5026/5026
f 17/17 15/15 16/16
f 5441/5441 5676/5676 5433/5433
f 5433/5433 5676/5676 5668/5668
f 5668/5668 5676/5676 5665/5665
f 5421/5421 5449/5449 5425/5425
f 5640/5640 5646/5646 5644/5644
f 5430/5430 5449/5449 5421/5421
f 5430/5430 5454/5454 5449/5449
f 5456/5456 5455/5455 5430/5430
f 5461/5461 5476/5476 5447/5447
f 5476/5476 5469/5469 5447/5447
f 5447/5447 5469/5469 5456/5456
f 5477/5477 5476/5476 5461/5461
f 5478/5478 5477/5477 5461/5461
f 7152/7152 7176/7176 7153/7153
f 5503/5503 5497/5497 5505/5505
f 5479/5479 5480/5480 5478/5478
f 5480/5480 5494/5494 5478/5478
f 1739/1739 1740/1740 1734/1734
f 7629/7629 7630/7630 7631/7631
f 7197/7197 7206/7206 7189/7189
f 48/48 89/89 51/51
f 24/24 48/48 51/51
f 5503/5503 5495/5495 5497/5497
f 5503/5503 5504/5504 5495/5495
f 5497/5497 5495/5495 5480/5480
f 5495/5495 5494/5494 5480/5480
f 5627/5627 5626/5626 5633/5633
f 2959/2959 2960/2960 2955/2955
f 2959/2959 2955/2955 2958/2958
f 2956/2956 2953/2953 2957/2957
f 2952/2952 2949/2949 2966/2966
f 2947/2947 2946/2946 2945/2945
f 2942/2942 2941/2941 2940/2940
f 2938/2938 2931/2931 2933/2933
f 2933/2933 2931/2931 2928/2928
f 2928/2928 2927/2927 2924/2924
f 2924/2924 2923/2923 2922/2922
f 2922/2922 2923/2923 2921/2921
f 2921/2921 2883/2883 2864/2864
f 2864/2864 2883/2883 2769/2769
f 2864/2864 2769/2769 2724/2724
f 6427/6427 6441/6441 6440/6440
f 5093/5093 5141/5141 5092/5092
f 16/16 15/15 14/14
f 9/9 10/10 11/11
f 5425/5425 5442/5442 5423/5423
f 5442/5442 5443/5443 5441/5441
f 5423/5423 5442/5442 5441/5441
f 5665/5665 5662/5662 5650/5650
f 5449/5449 5450/5450 5425/5425
f 5640/5640 5644/5644 5630/5630
f 5630/5630 5636/5636 5624/5624
f 5059/5059 4972/4972 5057/5057
f 5455/5455 5454/5454 5430/5430
f 5057/5057 4972/4972 4974/4974
f 5469/5469 5455/5455 5456/5456
f 5624/5624 5635/5635 5634/5634
f 5624/5624 5634/5634 5625/5625
f 4974/4974 4973/4973 4975/4975
f 7154/7154 7176/7176 7152/7152
f 7176/7176 7177/7177 7153/7153
f 7177/7177 7178/7178 7153/7153
f 5625/5625 5632/5632 5626/5626
f 1739/1739 1741/1741 1740/1740
f 5494/5494 5477/5477 5478/5478
f 5626/5626 5632/5632 5633/5633
f 5633/5633 5722/5722 5627/5627
f 4846/4846 4847/4847 4848/4848
f 5627/5627 5722/5722 5725/5725
f 5504/5504 5506/5506 5500/5500
f 5504/5504 5500/5500 5495/5495
f 617/617 575/575 577/577
f 5495/5495 5500/5500 5494/5494
f 2953/2953 2951/2951 2952/2952
f 2957/2957 2953/2953 2952/2952
f 2952/2952 2951/2951 2949/2949
f 2966/2966 2949/2949 2947/2947
f 2949/2949 2946/2946 2947/2947
f 2946/2946 2944/2944 2945/2945
f 2945/2945 2944/2944 2942/2942
f 446/446 543/543 515/515
f 2942/2942 2943/2943 2941/2941
f 2941/2941 2943/2943 2948/2948
f 2941/2941 2948/2948 2938/2938
f 2938/2938 2948/2948 2932/2932
f 2932/2932 2929/2929 2931/2931
f 2931/2931 2929/2929 2928/2928
f 2928/2928 2929/2929 2927/2927
f 2923/2923 2883/2883 2921/2921
f 2724/2724 2769/2769 2723/2723
f 2724/2724 2723/2723 2718/2718
f 2718/2718 2723/2723 2721/2721
f 2718/2718 2721/2721 2717/2717
f 2717/2717 2721/2721 2719/2719
f 2717/2717 2719/2719 2714/2714
f 2714/2714 2719/2719 2709/2709
f 2709/2709 2719/2719 2710/2710
f 4055/4055 4042/4042 4065/4065
f 2710/2710 2726/2726 2711/2711
f 2711/2711 2726/2726 2728/2728
f 2728/2728 2726/2726 2735/2735
f 4039/4039 4048/4048 4054/4054
f 2854/2854 2816/2816 2855/2855
f 2855/2855 2816/2816 2835/2835
f 6441/6441 6442/6442 6440/6440
f 6084/6084 6082/6082 6083/6083
f 5238/5238 5141/5141 5093/5093
f 5092/5092 5091/5091 5090/5090
f 14/14 13/13 10/10
f 10/10 12/12 11/11
f 5441/5441 5443/5443 5676/5676
f 5443/5443 5677/5677 5676/5676
f 5676/5676 5677/5677 5665/5665
f 5665/5665 5677/5677 5669/5669
f 5665/5665 5669/5669 5662/5662
f 5425/5425 5450/5450 5442/5442
f 5662/5662 5646/5646 5650/5650
f 5646/5646 5659/5659 5644/5644
f 5454/5454 5460/5460 5449/5449
f 5644/5644 5645/5645 5630/5630
f 5630/5630 5645/5645 5636/5636
f 25/25 40/40 48/48
f 5624/5624 5636/5636 5635/5635
f 4974/4974 4972/4972 4973/4973
f 5469/5469 5468/5468 5455/5455
f 2457/2457 2272/2272 2271/2271
f 4973/4973 4978/4978 4975/4975
f 5476/5476 5473/5473 5469/5469
f 4847/4847 4845/4845 4855/4855
f 4847/4847 4855/4855 4854/4854
f 7208/7208 7207/7207 7197/7197
f 7197/7197 7207/7207 7206/7206
f 2963/2963 2964/2964 2961/2961
f 5493/5493 5489/5489 5477/5477
f 5494/5494 5493/5493 5477/5477
f 5477/5477 5489/5489 5484/5484
f 617/617 616/616 575/575
f 523/523 401/401 616/616
f 616/616 570/570 575/575
f 401/401 569/569 616/616
f 401/401 223/223 569/569
f 223/223 578/578 569/569
f 452/452 578/578 223/223
f 2951/2951 2950/2950 2949/2949
f 119/119 542/542 111/111
f 2944/2944 2943/2943 2942/2942
f 547/547 551/551 546/546
f 4180/4180 4174/4174 4201/4201
f 2929/2929 3003/3003 2930/2930
f 2929/2929 2930/2930 2927/2927
f 2927/2927 2930/2930 2925/2925
f 2923/2923 2925/2925 2883/2883
f 2883/2883 2767/2767 2769/2769
f 618/618 619/619 610/610
f 2723/2723 2730/2730 2721/2721
f 2719/2719 2721/2721 2722/2722
f 2726/2726 2736/2736 2735/2735
f 2736/2736 2746/2746 2747/2747
f 2747/2747 2746/2746 2745/2745
f 2747/2747 2745/2745 2799/2799
f 2747/2747 2799/2799 2823/2823
f 2799/2799 2822/2822 2823/2823
f 2823/2823 2822/2822 2853/2853
f 2853/2853 2822/2822 2854/2854
f 2854/2854 2822/2822 2816/2816
f 2835/2835 2819/2819 3107/3107
f 6999/6999 6902/6902 6899/6899
f 6442/6442 6443/6443 6440/6440
f 5238/5238 5239/5239 5141/5141
f 5090/5090 5091/5091 5086/5086
f 5026/5026 5076/5076 5027/5027
f 14/14 15/15 13/13
f 10/10 13/13 12/12
f 5450/5450 5453/5453 5442/5442
f 5442/5442 5453/5453 5443/5443
f 5662/5662 5663/5663 5646/5646
f 5449/5449 5452/5452 5450/5450
f 5646/5646 5663/5663 5659/5659
f 5460/5460 5457/5457 5449/5449
f 5454/5454 5459/5459 5460/5460
f 5455/5455 5458/5458 5454/5454
f 4972/4972 4971/4971 4973/4973
f 4973/4973 4971/4971 4978/4978
f 7176/7176 7179/7179 7177/7177
f 48/48 55/55 87/87
f 5468/5468 5458/5458 5455/5455
f 1741/1741 1756/1756 1755/1755
f 7620/7620 7622/7622 7623/7623
f 5473/5473 5468/5468 5469/5469
f 5625/5625 5634/5634 5632/5632
f 5477/5477 5484/5484 5476/5476
f 5476/5476 5484/5484 5473/5473
f 3493/3493 3454/3454 3453/3453
f 569/569 568/568 570/570
f 567/567 568/568 569/569
f 578/578 567/567 569/569
f 7670/7670 7671/7671 7672/7672
f 579/579 516/516 567/567
f 4176/4176 4166/4166 4171/4171
f 4166/4166 4158/4158 4171/4171
f 4171/4171 4158/4158 4170/4170
f 4192/4192 4163/4163 4169/4169
f 4169/4169 4163/4163 4150/4150
f 550/550 594/594 604/604
f 4174/4174 4178/4178 4201/4201
f 2929/2929 3004/3004 3003/3003
f 2930/2930 3058/3058 2925/2925
f 3058/3058 2926/2926 2925/2925
f 2925/2925 2926/2926 2883/2883
f 2883/2883 2926/2926 2872/2872
f 2872/2872 2767/2767 2883/2883
f 2769/2769 2767/2767 2764/2764
f 2723/2723 2764/2764 2730/2730
f 2721/2721 2730/2730 2729/2729
f 2721/2721 2729/2729 2722/2722
f 2719/2719 2722/2722 2710/2710
f 2710/2710 2722/2722 2725/2725
f 4055/4055 4065/4065 4073/4073
f 2710/2710 2725/2725 2727/2727
f 2710/2710 2727/2727 2726/2726
f 2726/2726 2727/2727 2731/2731
f 2726/2726 2731/2731 2736/2736
f 4066/4066 4067/4067 4069/4069
f 6901/6901 6984/6984 7030/7030
f 6901/6901 6902/6902 6984/6984
f 6442/6442 6444/6444 6443/6443
f 6083/6083 6082/6082 6081/6081
f 5239/5239 5170/5170 5141/5141
f 5141/5141 5170/5170 5092/5092
f 5112/5112 5090/5090 5085/5085
f 5112/5112 5085/5085 5026/5026
f 15/15 49/49 13/13
f 5029/5029 4966/4966 5059/5059
f 5453/5453 5690/5690 5443/5443
f 5443/5443 5690/5690 5677/5677
f 5690/5690 5680/5680 5677/5677
f 5677/5677 5680/5680 5669/5669
f 5669/5669 5680/5680 5675/5675
f 5669/5669 5675/5675 5662/5662
f 5662/5662 5675/5675 5663/5663
f 5059/5059 5071/5071 4972/4972
f 4972/4972 5071/5071 4968/4968
f 5659/5659 5660/5660 5644/5644
f 5644/5644 5660/5660 5645/5645
f 40/40 68/68 55/55
f 5459/5459 5457/5457 5460/5460
f 5458/5458 5459/5459 5454/5454
f 5636/5636 5645/5645 5642/5642
f 5636/5636 5642/5642 5635/5635
f 4971/4971 4979/4979 4978/4978
f 7176/7176 7180/7180 7179/7179
f 7179/7179 7181/7181 7178/7178
f 7177/7177 7179/7179 7178/7178
f 1741/1741 1757/1757 1756/1756
f 7626/7626 7621/7621 7620/7620
f 7620/7620 7621/7621 7622/7622
f 5468/5468 5474/5474 5458/5458
f 5635/5635 5641/5641 5634/5634
f 2272/2272 2462/2462 2262/2262
f 5473/5473 5483/5483 5468/5468
f 3450/3450 3451/3451 3452/3452
f 3452/3452 3451/3451 3455/3455
f 5632/5632 5637/5637 5633/5633
f 5637/5637 5651/5651 5633/5633
f 5633/5633 5651/5651 5722/5722
f 3453/3453 3454/3454 3450/3450
f 3454/3454 3474/3474 3449/3449
f 3454/3454 3449/3449 3450/3450
f 7659/7659 7656/7656 7660/7660
f 516/516 580/580 567/567
f 7659/7659 7657/7657 7656/7656
f 506/506 554/554 468/468
f 364/364 545/545 554/554
f 506/506 364/364 554/554
f 4158/4158 4143/4143 4157/4157
f 3004/3004 2930/2930 3003/3003
f 2767/2767 2763/2763 2764/2764
f 2746/2746 2736/2736 2745/2745
f 6443/6443 6444/6444 6445/6445
f 6082/6082 6079/6079 6081/6081
f 5027/5027 5076/5076 5075/5075
f 11/11 68/68 40/40
f 5452/5452 5466/5466 5450/5450
f 5659/5659 5663/5663 5667/5667
f 5659/5659 5667/5667 5660/5660
f 5660/5660 5654/5654 5645/5645
f 4968/4968 4971/4971 4972/4972
f 7782/7782 7783/7783 7786/7786
f 7628/7628 7621/7621 7626/7626
f 2447/2447 2439/2439 2430/2430
f 2462/2462 2267/2267 2262/2262
f 5468/5468 5483/5483 5474/5474
f 5634/5634 5641/5641 5638/5638
f 5634/5634 5638/5638 5632/5632
f 3451/3451 3429/3429 3456/3456
f 5632/5632 5638/5638 5637/5637
f 5651/5651 5730/5730 5722/5722
f 4846/4846 4849/4849 4842/4842
f 3451/3451 3450/3450 3448/3448
f 3450/3450 3449/3449 3448/3448
f 3449/3449 3437/3437 3448/3448
f 3474/3474 3471/3471 3449/3449
f 3471/3471 3437/3437 3449/3449
f 4133/4133 4125/4125 4136/4136
f 568/568 566/566 573/573
f 567/567 565/565 566/566
f 567/567 566/566 568/568
f 7661/7661 7657/7657 7659/7659
f 450/450 559/559 623/623
f 623/623 559/559 565/565
f 450/450 346/346 558/558
f 450/450 558/558 559/559
f 346/346 468/468 558/558
f 468/468 554/554 558/558
f 4149/4149 4154/4154 4155/4155
f 2872/2872 2768/2768 2763/2763
f 2872/2872 2763/2763 2767/2767
f 2763/2763 2760/2760 2764/2764
f 2764/2764 2760/2760 2730/2730
f 2730/2730 2760/2760 2729/2729
f 3637/3637 3638/3638 3623/3623
f 2729/2729 2734/2734 2722/2722
f 2727/2727 2732/2732 2731/2731
f 2731/2731 2739/2739 2736/2736
f 2736/2736 2739/2739 2745/2745
f 2799/2799 2795/2795 2822/2822
f 2822/2822 2796/2796 2816/2816
f 2816/2816 2796/2796 2797/2797
f 2816/2816 2797/2797 2819/2819
f 6446/6446 6447/6447 6445/6445
f 6444/6444 6446/6446 6445/6445
f 6079/6079 6080/6080 6081/6081
f 75/75 59/59 13/13
f 12/12 59/59 60/60
f 60/60 84/84 11/11
f 11/11 84/84 68/68
f 5453/5453 5470/5470 5690/5690
f 5071/5071 4967/4967 4968/4968
f 4161/4161 4130/4130 4129/4129
f 5466/5466 5467/5467 5450/5450
f 5450/5450 5467/5467 5453/5453
f 5663/5663 5671/5671 5667/5667
f 7179/7179 7182/7182 7181/7181
f 5459/5459 5452/5452 5457/5457
f 5645/5645 5654/5654 5642/5642
f 7627/7627 7625/7625 7621/7621
f 6882/6882 6881/6881 6883/6883
f 7621/7621 7625/7625 7624/7624
f 7621/7621 7624/7624 7622/7622
f 5458/5458 5462/5462 5459/5459
f 5635/5635 5642/5642 5641/5641
f 5474/5474 5471/5471 5458/5458
f 5483/5483 5491/5491 5474/5474
f 5491/5491 5490/5490 5474/5474
f 3451/3451 3448/3448 3429/3429
f 5637/5637 5652/5652 5651/5651
f 5651/5651 5652/5652 5730/5730
f 3473/3473 3464/3464 3472/3472
f 3462/3462 3464/3464 3473/3473
f 565/565 559/559 564/564
f 3504/3504 3463/3463 3489/3489
f 4154/4154 4162/4162 4155/4155
f 4179/4179 4304/4304 4305/4305
f 4305/4305 4310/4310 4311/4311
f 2926/2926 2845/2845 2768/2768
f 2926/2926 2768/2768 2872/2872
f 2729/2729 2760/2760 2741/2741
f 2722/2722 2734/2734 2725/2725
f 3641/3641 3620/3620 3621/3621
f 2725/2725 2732/2732 2727/2727
f 2732/2732 2740/2740 2739/2739
f 2739/2739 2749/2749 2745/2745
f 2822/2822 2795/2795 2807/2807
f 2822/2822 2807/2807 2796/2796
f 7049/7049 6991/6991 6992/6992
f 2797/2797 2820/2820 2819/2819
f 2819/2819 2820/2820 3107/3107
f 6902/6902 6990/6990 6984/6984
f 6446/6446 6448/6448 6447/6447
f 5092/5092 5170/5170 5091/5091
f 5027/5027 5072/5072 5029/5029
f 5029/5029 5072/5072 4966/4966
f 5072/5072 5073/5073 4966/4966
f 86/86 60/60 59/59
f 5453/5453 5467/5467 5470/5470
f 5470/5470 5695/5695 5690/5690
f 5690/5690 5695/5695 5680/5680
f 5680/5680 5695/5695 5685/5685
f 5680/5680 5685/5685 5675/5675
f 5675/5675 5671/5671 5663/5663
f 4968/4968 4969/4969 4971/4971
f 7784/7784 7780/7780 7782/7782
f 7795/7795 7784/7784 7782/7782
f 7782/7782 7780/7780 7781/7781
f 5671/5671 5670/5670 5667/5667
f 7783/7783 7793/7793 7794/7794
f 5459/5459 5463/5463 5452/5452
f 5463/5463 5466/5466 5452/5452
f 6882/6882 6879/6879 6881/6881
f 5654/5654 5653/5653 5642/5642
f 5458/5458 5471/5471 5462/5462
f 5642/5642 5653/5653 5641/5641
f 5641/5641 5655/5655 5638/5638
f 4842/4842 4843/4843 4841/4841
f 5638/5638 5639/5639 5637/5637
f 5637/5637 5639/5639 5652/5652
f 3448/3448 3437/3437 3429/3429
f 3437/3437 3431/3431 3429/3429
f 3437/3437 3464/3464 3441/3441
f 3489/3489 3463/3463 3462/3462
f 4119/4119 4099/4099 4120/4120
f 4153/4153 4229/4229 4188/4188
f 4188/4188 4229/4229 4304/4304
f 4304/4304 4309/4309 4305/4305
f 4305/4305 4309/4309 4310/4310
f 4310/4310 4312/4312 4311/4311
f 3058/3058 2810/2810 2845/2845
f 2768/2768 2762/2762 2763/2763
f 2763/2763 2762/2762 2760/2760
f 2729/2729 2741/2741 2734/2734
f 3623/3623 3621/3621 3600/3600
f 2734/2734 2733/2733 2725/2725
f 2725/2725 2733/2733 2732/2732
f 2732/2732 2737/2737 2740/2740
f 2739/2739 2740/2740 2744/2744
f 2745/2745 2749/2749 2799/2799
f 2799/2799 2749/2749 2795/2795
f 4071/4071 4070/4070 4081/4081
f 6992/6992 6993/6993 6994/6994
f 5086/5086 5085/5085 5090/5090
f 5085/5085 5083/5083 5026/5026
f 5059/5059 4966/4966 5071/5071
f 5675/5675 5685/5685 5671/5671
f 7781/7781 7780/7780 7779/7779
f 7781/7781 7779/7779 7783/7783
f 7783/7783 7792/7792 7793/7793
f 6879/6879 6877/6877 6878/6878
f 7892/7892 7891/7891 7893/7893
f 6879/6879 6878/6878 6880/6880
f 7893/7893 7891/7891 7890/7890
f 7893/7893 7890/7890 7894/7894
f 5463/5463 5472/5472 5466/5466
f 5466/5466 5472/5472 5467/5467
f 5660/5660 5667/5667 5654/5654
f 5641/5641 5653/5653 5655/5655
f 5474/5474 5490/5490 5471/5471
f 5655/5655 5656/5656 5638/5638
f 5638/5638 5656/5656 5639/5639
f 4850/4850 4843/4843 4849/4849
f 3441/3441 3405/3405 3437/3437
f 4109/4109 4098/4098 4108/4108
f 3464/3464 3462/3462 3442/3442
f 4099/4099 4096/4096 4103/4103
f 3462/3462 3461/3461 3442/3442
f 4103/4103 4098/4098 4115/4115
f 4117/4117 4222/4222 4116/4116
f 3463/3463 3465/3465 3461/3461
f 4116/4116 4222/4222 4144/4144
f 4144/4144 4225/4225 4140/4140
f 4140/4140 4225/4225 4153/4153
f 4225/4225 4229/4229 4153/4153
f 4229/4229 4308/4308 4304/4304
f 4304/4304 4308/4308 4309/4309
f 3562/3562 3537/3537 3540/3540
f 2845/2845 2765/2765 2768/2768
f 2768/2768 2765/2765 2762/2762
f 2733/2733 2737/2737 2732/2732
f 3631/3631 3630/3630 3619/3619
f 4072/4072 4071/4071 4083/4083
f 2807/2807 2795/2795 2790/2790
f 6584/6584 6583/6583 6581/6581
f 6080/6080 6079/6079 6078/6078
f 5170/5170 5179/5179 5091/5091
f 5026/5026 5083/5083 5076/5076
f 5071/5071 4966/4966 4967/4967
f 4967/4967 4955/4955 4968/4968
f 7779/7779 7787/7787 7783/7783
f 7783/7783 7787/7787 7792/7792
f 5467/5467 5714/5714 5470/5470
f 5470/5470 5714/5714 5695/5695
f 5714/5714 5696/5696 5695/5695
f 5695/5695 5696/5696 5685/5685
f 5685/5685 5696/5696 5687/5687
f 5472/5472 5475/5475 5467/5467
f 5671/5671 5679/5679 5670/5670
f 2389/2389 2390/2390 2422/2422
f 5667/5667 5670/5670 5666/5666
f 5667/5667 5666/5666 5654/5654
f 5462/5462 5482/5482 5463/5463
f 5666/5666 5658/5658 5654/5654
f 5654/5654 5658/5658 5653/5653
f 5471/5471 5482/5482 5462/5462
f 5653/5653 5658/5658 5655/5655
f 3432/3432 3414/3414 3458/3458
f 2472/2472 2597/2597 2456/2456
f 4850/4850 4838/4838 4843/4843
f 5656/5656 5657/5657 5639/5639
f 5657/5657 5731/5731 5652/5652
f 5639/5639 5657/5657 5652/5652
f 3429/3429 3400/3400 3432/3432
f 3431/3431 3399/3399 3429/3429
f 3437/3437 3405/3405 3431/3431
f 2670/2670 2641/2641 2671/2671
f 4110/4110 4226/4226 4109/4109
f 4117/4117 4228/4228 4222/4222
f 4222/4222 4230/4230 4144/4144
f 4144/4144 4230/4230 4225/4225
f 4230/4230 4306/4306 4225/4225
f 4225/4225 4306/4306 4229/4229
f 4229/4229 4306/4306 4308/4308
f 3540/3540 3537/3537 3528/3528
f 4309/4309 4303/4303 4310/4310
f 4310/4310 4303/4303 4312/4312
f 2845/2845 2810/2810 2765/2765
f 2765/2765 2761/2761 2762/2762
f 2762/2762 2761/2761 2760/2760
f 2761/2761 2759/2759 2760/2760
f 2760/2760 2759/2759 2741/2741
f 2741/2741 2754/2754 2734/2734
f 3621/3621 3620/3620 3600/3600
f 2734/2734 2743/2743 2733/2733
f 2733/2733 2742/2742 2737/2737
f 2740/2740 2751/2751 2744/2744
f 2749/2749 2780/2780 2795/2795
f 2795/2795 2780/2780 2781/2781
f 2796/2796 2791/2791 2797/2797
f 2797/2797 2791/2791 2821/2821
f 6993/6993 7003/7003 6994/6994
f 6583/6583 6582/6582 6581/6581
f 6582/6582 6578/6578 6581/6581
f 5091/5091 5143/5143 5086/5086
f 5086/5086 5084/5084 5085/5085
f 5027/5027 5075/5075 5072/5072
f 4967/4967 4966/4966 4955/4955
f 4955/4955 4970/4970 4969/4969
f 6877/6877 6875/6875 6876/6876
f 6877/6877 6876/6876 6878/6878
f 7887/7887 7888/7888 7891/7891
f 7892/7892 7887/7887 7891/7891
f 7888/7888 7889/7889 7890/7890
f 7891/7891 7888/7888 7890/7890
f 5475/5475 5714/5714 5467/5467
f 5685/5685 5687/5687 5686/5686
f 5685/5685 5686/5686 5671/5671
f 5463/5463 5481/5481 5472/5472
f 3458/3458 3414/3414 3415/3415
f 5658/5658 5664/5664 5655/5655
f 5656/5656 5673/5673 5657/5657
f 3432/3432 3400/3400 3414/3414
f 2597/2597 2629/2629 2596/2596
f 3429/3429 3399/3399 3400/3400
f 2596/2596 2629/2629 2641/2641
f 3431/3431 3404/3404 3399/3399
f 3441/3441 3442/3442 3405/3405
f 4226/4226 4299/4299 4228/4228
f 4222/4222 4228/4228 4230/4230
f 3465/3465 3487/3487 3445/3445
f 3487/3487 3531/3531 3488/3488
f 2878/2878 2809/2809 2810/2810
f 2810/2810 2809/2809 2765/2765
f 2765/2765 2770/2770 2761/2761
f 2741/2741 2759/2759 2754/2754
f 2754/2754 2743/2743 2734/2734
f 2743/2743 2742/2742 2733/2733
f 2742/2742 2750/2750 2737/2737
f 2737/2737 2750/2750 2740/2740
f 2750/2750 2751/2751 2740/2740
f 3629/3629 3618/3618 3616/3616
f 2744/2744 2752/2752 2749/2749
f 2749/2749 2752/2752 2753/2753
f 2749/2749 2753/2753 2780/2780
f 4081/4081 4084/4084 4082/4082
f 2790/2790 2791/2791 2796/2796
f 6995/6995 6994/6994 7000/7000
f 6994/6994 7003/7003 7000/7000
f 6078/6078 6067/6067 6075/6075
f 5179/5179 5178/5178 5091/5091
f 5475/5475 5715/5715 5714/5714
f 5671/5671 5686/5686 5679/5679
f 5481/5481 5485/5485 5472/5472
f 5472/5472 5485/5485 5475/5475
f 5670/5670 5679/5679 5666/5666
f 5482/5482 5488/5488 5481/5481
f 5666/5666 5674/5674 5658/5658
f 5658/5658 5674/5674 5664/5664
f 3414/3414 3343/3343 3415/3415
f 5664/5664 5656/5656 5655/5655
f 5656/5656 5664/5664 5672/5672
f 5656/5656 5672/5672 5673/5673
f 3400/3400 3358/3358 3414/3414
f 5673/5673 5727/5727 5657/5657
f 5657/5657 5727/5727 5731/5731
f 3404/3404 3392/3392 3399/3399
f 3442/3442 3430/3430 3405/3405
f 3430/3430 3461/3461 3445/3445
f 4228/4228 4298/4298 4230/4230
f 3487/3487 3488/3488 3445/3445
f 4230/4230 4298/4298 4306/4306
f 4306/4306 4300/4300 4308/4308
f 4308/4308 4300/4300 4309/4309
f 4309/4309 4300/4300 4303/4303
f 2809/2809 2830/2830 2815/2815
f 2809/2809 2815/2815 2770/2770
f 2761/2761 2766/2766 2759/2759
f 2759/2759 2766/2766 2754/2754
f 3600/3600 3614/3614 3605/3605
f 2742/2742 2755/2755 2750/2750
f 3619/3619 3616/3616 3613/3613
f 2751/2751 2752/2752 2744/2744
f 3635/3635 3634/3634 3622/3622
f 3634/3634 3648/3648 3642/3642
f 2781/2781 2788/2788 2790/2790
f 3651/3651 3650/3650 3644/3644
f 2790/2790 2788/2788 2789/2789
f 2790/2790 2789/2789 2791/2791
f 2791/2791 2789/2789 3050/3050
f 7003/7003 7004/7004 7000/7000
f 6578/6578 6579/6579 6580/6580
f 5091/5091 5178/5178 5143/5143
f 5076/5076 5077/5077 5075/5075
f 7778/7778 7776/7776 7779/7779
f 7779/7779 7776/7776 7787/7787
f 7787/7787 7776/7776 7791/7791
f 6873/6873 6874/6874 6875/6875
f 6875/6875 6874/6874 6876/6876
f 7887/7887 7885/7885 7888/7888
f 7888/7888 7885/7885 7889/7889
f 5714/5714 5715/5715 5696/5696
f 5715/5715 5700/5700 5696/5696
f 5696/5696 5700/5700 5687/5687
f 5475/5475 5720/5720 5715/5715
f 5666/5666 5679/5679 5682/5682
f 2421/2421 2396/2396 2472/2472
f 5666/5666 5682/5682 5674/5674
f 3343/3343 3330/3330 3415/3415
f 5674/5674 5678/5678 5664/5664
f 3414/3414 3358/3358 3343/3343
f 5672/5672 5683/5683 5673/5673
f 5673/5673 5728/5728 5727/5727
f 4835/4835 4831/4831 4836/4836
f 3399/3399 3391/3391 3400/3400
f 3404/3404 3401/3401 3392/3392
f 3405/3405 3401/3401 3404/3404
f 3430/3430 3401/3401 3405/3405
f 3430/3430 3412/3412 3401/3401
f 3430/3430 3445/3445 3412/3412
f 3445/3445 3435/3435 3412/3412
f 4299/4299 4292/4292 4298/4298
f 4300/4300 4301/4301 4303/4303
f 3491/3491 3528/3528 3509/3509
f 3528/3528 3529/3529 3509/3509
f 3529/3529 3530/3530 3509/3509
f 3574/3574 3568/3568 3546/3546
f 2770/2770 2815/2815 2766/2766
f 2770/2770 2766/2766 2761/2761
f 2766/2766 2757/2757 2754/2754
f 2754/2754 2757/2757 2743/2743
f 2743/2743 2756/2756 2742/2742
f 3616/3616 3618/3618 3612/3612
f 2752/2752 2758/2758 2753/2753
f 2780/2780 2758/2758 2781/2781
f 3642/3642 3651/3651 3644/3644
f 5178/5178 5185/5185 5143/5143
f 5073/5073 4956/4956 4966/4966
f 4956/4956 4955/4955 4966/4966
f 4955/4955 4959/4959 4970/4970
f 7797/7797 7777/7777 7778/7778
f 7778/7778 7777/7777 7776/7776
f 6873/6873 6871/6871 6874/6874
f 7882/7882 7885/7885 7886/7886
f 5700/5700 5697/5697 5687/5687
f 5687/5687 5697/5697 5686/5686
f 5686/5686 5689/5689 5679/5679
f 5475/5475 5485/5485 5720/5720
f 5488/5488 5485/5485 5481/5481
f 3413/3413 3317/3317 3328/3328
f 5682/5682 5681/5681 5674/5674
f 5674/5674 5681/5681 5678/5678
f 3358/3358 3342/3342 3343/3343
f 5664/5664 5678/5678 5672/5672
f 5678/5678 5688/5688 5672/5672
f 5672/5672 5688/5688 5683/5683
f 5683/5683 5684/5684 5673/5673
f 5673/5673 5684/5684 5728/5728
f 3399/3399 3392/3392 3391/3391
f 4231/4231 4232/4232 4233/4233
f 4231/4231 4296/4296 4299/4299
f 3445/3445 3488/3488 3467/3467
f 4292/4292 4297/4297 4298/4298
f 3491/3491 3490/3490 3467/3467
f 4300/4300 4297/4297 4301/4301
f 2878/2878 2869/2869 2809/2809
f 2809/2809 2869/2869 2830/2830
f 2766/2766 2771/2771 2757/2757
f 2756/2756 2755/2755 2742/2742
f 2750/2750 2752/2752 2751/2751
f 2788/2788 2787/2787 2789/2789
f 2789/2789 2787/2787 3050/3050
f 3050/3050 2787/2787 3051/3051
f 7004/7004 7005/7005 7000/7000
f 6585/6585 6586/6586 6580/6580
f 6579/6579 6585/6585 6580/6580
f 7072/7072 7069/7069 7071/7071
f 6067/6067 6063/6063 6075/6075
f 5086/5086 5089/5089 5084/5084
f 5085/5085 5084/5084 5083/5083
f 7777/7777 7774/7774 7776/7776
f 6872/6872 6871/6871 6873/6873
f 7882/7882 7884/7884 7885/7885
f 7764/7764 7762/7762 7761/7761
f 5720/5720 5716/5716 5700/5700
f 5715/5715 5720/5720 5700/5700
f 5716/5716 5701/5701 5700/5700
f 5700/5700 5701/5701 5697/5697
f 5686/5686 5697/5697 5689/5689
f 3317/3317 3311/3311 3328/3328
f 5689/5689 5682/5682 5679/5679
f 2472/2472 2419/2419 2473/2473
f 3413/3413 3330/3330 3317/3317
f 5682/5682 5691/5691 5681/5681
f 3343/3343 3342/3342 3330/3330
f 3400/3400 3391/3391 3358/3358
f 3392/3392 3393/3393 3390/3390
f 3412/3412 3435/3435 3416/3416
f 3445/3445 3467/3467 3435/3435
f 3491/3491 3509/3509 3490/3490
f 3509/3509 3508/3508 3490/3490
f 3509/3509 3530/3530 3508/3508
f 3546/3546 3533/3533 3508/3508
f 3530/3530 3546/3546 3508/3508
f 3546/3546 3552/3552 3533/3533
f 3546/3546 3568/3568 3552/3552
f 3585/3585 3572/3572 3568/3568
f 3618/3618 3615/3615 3612/3612
f 2750/2750 2772/2772 2752/2752
f 2752/2752 2773/2773 2758/2758
f 2758/2758 2773/2773 2774/2774
f 2758/2758 2784/2784 2781/2781
f 2784/2784 2788/2788 2781/2781
f 2788/2788 2784/2784 2787/2787
f 6063/6063 6068/6068 6075/6075
f 6075/6075 6068/6068 6074/6074
f 5178/5178 5180/5180 5185/5185
f 5185/5185 5086/5086 5143/5143
f 5072/5072 5074/5074 5073/5073
f 4955/4955 4957/4957 4959/4959
f 7774/7774 7775/7775 7776/7776
f 7876/7876 7873/7873 7874/7874
f 6872/6872 6869/6869 6871/6871
f 7882/7882 7883/7883 7884/7884
f 7762/7762 7763/7763 7757/7757
f 7762/7762 7757/7757 7761/7761
f 3328/3328 3311/3311 3323/3323
f 3311/3311 3312/3312 3323/3323
f 5689/5689 5692/5692 5682/5682
f 2454/2454 2617/2617 2473/2473
f 5681/5681 5693/5693 5678/5678
f 5678/5678 5693/5693 5688/5688
f 5683/5683 5688/5688 5684/5684
f 3358/3358 3391/3391 3342/3342
f 3392/3392 3390/3390 3391/3391
f 2665/2665 2673/2673 2666/2666
f 4232/4232 4234/4234 4233/4233
f 3412/3412 3416/3416 3402/3402
f 3412/3412 3402/3402 3401/3401
f 3435/3435 3434/3434 3416/3416
f 3435/3435 3467/3467 3434/3434
f 3467/3467 3490/3490 3469/3469
f 2766/2766 2814/2814 2771/2771
f 2771/2771 2777/2777 2756/2756
f 2756/2756 2776/2776 2755/2755
f 3633/3633 3626/3626 3608/3608
f 2784/2784 2786/2786 2787/2787
f 2787/2787 2786/2786 3052/3052
f 5185/5185 5180/5180 5086/5086
f 5180/5180 5089/5089 5086/5086
f 5083/5083 5077/5077 5076/5076
f 5072/5072 5075/5075 5074/5074
f 4956/4956 4958/4958 4957/4957
f 7774/7774 7772/7772 7775/7775
f 7873/7873 7870/7870 7872/7872
f 7873/7873 7872/7872 7874/7874
f 7872/7872 7875/7875 7874/7874
f 5697/5697 5701/5701 5689/5689
f 5701/5701 5702/5702 5689/5689
f 3316/3316 3301/3301 3317/3317
f 5692/5692 5691/5691 5682/5682
f 5691/5691 5698/5698 5681/5681
f 3342/3342 3329/3329 3330/3330
f 5693/5693 5694/5694 5688/5688
f 5693/5693 5703/5703 5694/5694
f 4834/4834 4833/4833 4832/4832
f 5694/5694 5723/5723 5684/5684
f 5688/5688 5694/5694 5684/5684
f 4839/4839 4834/4834 4832/4832
f 4884/4884 4839/4839 4832/4832
f 3391/3391 3341/3341 3342/3342
f 3401/3401 3402/3402 3393/3393
f 3434/3434 3433/3433 3416/3416
f 3434/3434 3467/3467 3433/3433
f 3467/3467 3469/3469 3433/3433
f 3552/3552 3555/3555 3532/3532
f 3572/3572 3548/3548 3555/3555
f 2771/2771 2814/2814 2800/2800
f 2756/2756 2777/2777 2776/2776
f 3608/3608 3626/3626 3625/3625
f 2774/2774 2784/2784 2758/2758
f 2784/2784 2785/2785 2786/2786
f 5083/5083 5082/5082 5077/5077
f 5074/5074 4961/4961 5073/5073
f 5073/5073 4961/4961 4956/4956
f 6867/6867 6868/6868 6869/6869
f 6869/6869 6868/6868 6870/6870
f 7763/7763 7758/7758 7757/7757
f 3312/3312 3296/3296 3314/3314
f 3312/3312 3294/3294 3296/3296
f 3314/3314 3296/3296 3305/3305
f 3317/3317 3301/3301 3311/3311
f 3301/3301 3290/3290 3311/3311
f 3312/3312 3311/3311 3294/3294
f 5702/5702 5706/5706 5689/5689
f 5689/5689 5706/5706 5692/5692
f 5692/5692 5699/5699 5691/5691
f 5691/5691 5699/5699 5698/5698
f 2454/2454 2616/2616 2617/2617
f 3330/3330 3329/3329 3316/3316
f 3329/3329 3300/3300 3316/3316
f 5681/5681 5698/5698 5693/5693
f 2617/2617 2616/2616 2626/2626
f 3329/3329 3341/3341 3333/3333
f 5703/5703 5704/5704 5694/5694
f 2616/2616 2642/2642 2626/2626
f 5704/5704 5721/5721 5694/5694
f 5694/5694 5721/5721 5723/5723
f 3391/3391 3390/3390 3341/3341
f 2652/2652 2675/2675 2674/2674
f 3393/3393 3402/3402 3385/3385
f 3469/3469 3460/3460 3433/3433
f 3555/3555 3512/3512 3532/3532
f 2800/2800 2805/2805 2777/2777
f 2771/2771 2800/2800 2777/2777
f 3596/3596 3582/3582 3581/3581
f 3591/3591 3612/3612 3601/3601
f 2776/2776 2778/2778 2775/2775
f 3601/3601 3615/3615 3607/3607
f 3607/3607 3622/3622 3608/3608
f 3608/3608 3625/3625 3603/3603
f 2774/2774 2783/2783 2784/2784
f 2784/2784 2783/2783 2785/2785
f 7008/7008 7028/7028 7010/7010
f 7008/7008 7010/7010 7009/7009
f 2786/2786 2785/2785 3057/3057
f 7047/7047 7028/7028 7008/7008
f 7061/7061 7062/7062 7063/7063
f 5089/5089 5183/5183 5088/5088
f 5089/5089 5088/5088 5084/5084
f 4961/4961 4960/4960 4956/4956
f 4956/4956 4960/4960 4958/4958
f 7773/7773 7770/7770 7772/7772
f 6866/6866 6865/6865 6867/6867
f 6867/6867 6865/6865 6868/6868
f 7758/7758 7821/7821 7748/7748
f 2391/2391 2418/2418 2454/2454
f 3290/3290 3294/3294 3311/3311
f 5692/5692 5706/5706 5699/5699
f 5699/5699 5717/5717 5698/5698
f 3329/3329 3331/3331 3300/3300
f 5698/5698 5709/5709 5693/5693
f 5693/5693 5709/5709 5703/5703
f 3329/3329 3333/3333 3331/3331
f 4880/4880 4840/4840 4839/4839
f 3341/3341 3350/3350 3333/3333
f 3390/3390 3385/3385 3350/3350
f 3385/3385 3402/3402 3359/3359
f 3402/3402 3406/3406 3359/3359
f 3402/3402 3427/3427 3406/3406
f 3433/3433 3460/3460 3428/3428
f 3433/3433 3428/3428 3427/3427
f 3469/3469 3492/3492 3484/3484
f 3492/3492 3507/3507 3484/3484
f 3532/3532 3512/3512 3507/3507
f 3576/3576 3554/3554 3548/3548
f 3576/3576 3581/3581 3554/3554
f 2776/2776 2777/2777 2778/2778
f 2775/2775 2779/2779 2772/2772
f 2772/2772 2782/2782 2773/2773
f 2773/2773 2782/2782 2774/2774
f 2774/2774 2782/2782 2783/2783
f 2785/2785 2783/2783 3057/3057
f 7028/7028 7045/7045 7010/7010
f 7062/7062 7065/7065 7063/7063
f 6068/6068 6073/6073 6074/6074
f 6062/6062 6059/6059 6058/6058
f 5180/5180 5182/5182 5089/5089
f 5089/5089 5182/5182 5183/5183
f 5084/5084 5082/5082 5083/5083
f 5074/5074 5075/5075 4963/4963
f 5074/5074 4963/4963 4961/4961
f 6866/6866 6864/6864 6865/6865
f 3296/3296 3282/3282 3305/3305
f 3282/3282 3287/3287 3305/3305
f 3301/3301 3246/3246 3290/3290
f 3290/3290 3246/3246 3249/3249
f 3290/3290 3249/3249 3294/3294
f 3294/3294 3249/3249 3282/3282
f 3294/3294 3282/3282 3296/3296
f 3249/3249 3251/3251 3282/3282
f 3305/3305 3287/3287 3310/3310
f 3316/3316 3285/3285 3301/3301
f 3301/3301 3285/3285 3246/3246
f 3310/3310 3293/3293 3322/3322
f 2357/2357 2356/2356 2229/2229
f 3316/3316 3300/3300 3285/3285
f 5717/5717 5709/5709 5698/5698
f 5703/5703 5707/5707 5705/5705
f 5703/5703 5705/5705 5704/5704
f 5705/5705 5719/5719 5704/5704
f 4879/4879 4840/4840 4880/4880
f 5704/5704 5719/5719 5721/5721
f 3333/3333 3332/3332 3331/3331
f 3350/3350 3332/3332 3333/3333
f 3385/3385 3359/3359 3350/3350
f 3406/3406 3427/3427 3407/3407
f 3460/3460 3484/3484 3466/3466
f 3460/3460 3466/3466 3428/3428
f 3507/3507 3485/3485 3484/3484
f 2879/2879 2849/2849 2844/2844
f 3507/3507 3512/3512 3485/3485
f 3485/3485 3512/3512 3511/3511
f 3512/3512 3548/3548 3511/3511
f 3511/3511 3548/3548 3536/3536
f 3548/3548 3554/3554 3536/3536
f 3582/3582 3565/3565 3554/3554
f 2777/2777 2801/2801 2778/2778
f 2801/2801 2798/2798 2778/2778
f 3582/3582 3591/3591 3575/3575
f 3591/3591 3601/3601 3590/3590
f 2778/2778 2779/2779 2775/2775
f 3601/3601 3607/3607 3590/3590
f 2779/2779 2792/2792 2772/2772
f 3607/3607 3595/3595 3602/3602
f 7045/7045 7013/7013 7010/7010
f 7065/7065 7127/7127 7091/7091
f 5182/5182 5088/5088 5183/5183
f 5088/5088 5087/5087 5084/5084
f 5077/5077 5078/5078 5075/5075
f 5078/5078 4965/4965 5075/5075
f 6859/6859 6858/6858 6860/6860
f 6859/6859 6860/6860 6864/6864
f 6864/6864 6860/6860 6865/6865
f 3287/3287 3293/3293 3310/3310
f 3285/3285 3241/3241 3246/3246
f 3293/3293 3307/3307 3322/3322
f 2356/2356 2354/2354 2231/2231
f 3285/3285 3300/3300 3241/3241
f 5717/5717 5718/5718 5709/5709
f 5709/5709 5707/5707 5703/5703
f 3331/3331 3313/3313 3300/3300
f 5707/5707 5708/5708 5705/5705
f 3332/3332 3313/3313 3331/3331
f 3350/3350 3340/3340 3332/3332
f 2651/2651 2664/2664 2675/2675
f 3350/3350 3359/3359 3340/3340
f 3406/3406 3407/3407 3359/3359
f 4276/4276 4237/4237 4275/4275
f 3427/3427 3425/3425 3407/3407
f 3428/3428 3425/3425 3427/3427
f 2905/2905 2891/2891 2904/2904
f 3428/3428 3466/3466 3425/3425
f 2904/2904 2891/2891 2879/2879
f 3484/3484 3485/3485 3466/3466
f 3554/3554 3538/3538 3536/3536
f 3554/3554 3565/3565 3538/3538
f 3591/3591 3590/3590 3575/3575
f 3590/3590 3602/3602 3584/3584
f 2792/2792 2802/2802 2793/2793
f 5182/5182 5181/5181 5088/5088
f 5079/5079 5078/5078 5077/5077
f 5075/5075 4965/4965 4963/4963
f 7769/7769 7695/7695 7768/7768
f 7768/7768 7790/7790 7771/7771
f 6857/6857 6858/6858 6859/6859
f 7717/7717 7713/7713 7718/7718
f 7718/7718 7713/7713 7715/7715
f 7718/7718 7715/7715 7716/7716
f 3249/3249 3246/3246 3244/3244
f 3249/3249 3248/3248 3251/3251
f 3287/3287 3282/3282 3271/3271
f 3287/3287 3271/3271 3293/3293
f 3246/3246 3241/3241 3244/3244
f 3293/3293 3292/3292 3307/3307
f 3300/3300 3245/3245 3241/3241
f 3306/3306 3321/3321 3307/3307
f 3300/3300 3313/3313 3245/3245
f 5718/5718 5707/5707 5709/5709
f 5708/5708 5711/5711 5705/5705
f 5705/5705 5711/5711 5719/5719
f 3359/3359 3361/3361 3340/3340
f 3359/3359 3407/3407 3386/3386
f 3359/3359 3386/3386 3361/3361
f 3407/3407 3417/3417 3386/3386
f 3407/3407 3425/3425 3417/3417
f 3466/3466 3439/3439 3425/3425
f 3485/3485 3510/3510 3501/3501
f 3511/3511 3535/3535 3510/3510
f 3565/3565 3558/3558 3538/3538
f 3565/3565 3573/3573 3558/3558
f 3575/3575 3590/3590 3573/3573
f 2798/2798 2806/2806 2779/2779
f 3595/3595 3593/3593 3588/3588
f 2793/2793 2802/2802 2803/2803
f 6524/6524 6526/6526 6523/6523
f 2793/2793 2803/2803 2842/2842
f 7127/7127 7126/7126 7091/7091
f 7126/7126 7125/7125 7094/7094
f 7091/7091 7126/7126 7094/7094
f 6059/6059 6056/6056 6058/6058
f 6058/6058 6056/6056 6055/6055
f 5181/5181 5167/5167 5088/5088
f 5088/5088 5167/5167 5087/5087
f 5084/5084 5087/5087 5082/5082
f 5082/5082 5081/5081 5077/5077
f 4965/4965 4964/4964 4963/4963
f 7695/7695 7693/7693 7694/7694
f 7790/7790 7694/7694 7702/7702
f 6857/6857 6862/6862 6861/6861
f 6857/6857 6861/6861 6858/6858
f 7717/7717 7712/7712 7713/7713
f 3251/3251 3252/3252 3282/3282
f 3282/3282 3252/3252 3271/3271
f 3271/3271 3292/3292 3293/3293
f 2353/2353 2351/2351 2245/2245
f 2354/2354 2353/2353 2245/2245
f 3241/3241 3243/3243 3244/3244
f 3292/3292 3306/3306 3307/3307
f 3245/3245 3242/3242 3241/3241
f 3241/3241 3242/3242 3243/3243
f 3313/3313 3277/3277 3245/3245
f 5707/5707 5710/5710 5708/5708
f 5708/5708 5712/5712 5711/5711
f 4870/4870 4867/4867 4866/4866
f 3332/3332 3319/3319 3313/3313
f 3332/3332 3340/3340 3319/3319
f 3417/3417 3398/3398 3386/3386
f 3501/3501 3502/3502 3478/3478
f 3510/3510 3505/3505 3502/3502
f 3501/3501 3510/3510 3502/3502
f 3535/3535 3526/3526 3505/3505
f 3535/3535 3538/3538 3526/3526
f 3584/3584 3580/3580 3573/3573
f 3584/3584 3595/3595 3579/3579
f 2803/2803 2804/2804 2842/2842
f 6526/6526 6537/6537 6523/6523
f 7094/7094 7125/7125 7098/7098
f 5087/5087 5142/5142 5082/5082
f 5077/5077 5080/5080 5079/5079
f 5078/5078 5145/5145 4965/4965
f 7694/7694 7696/7696 7697/7697
f 7697/7697 7699/7699 7702/7702
f 6862/6862 6863/6863 6861/6861
f 3248/3248 3252/3252 3251/3251
f 3244/3244 3247/3247 3248/3248
f 3248/3248 3247/3247 3252/3252
f 3271/3271 3269/3269 3292/3292
f 3292/3292 3289/3289 3306/3306
f 3245/3245 3277/3277 3242/3242
f 3321/3321 3306/3306 3308/3308
f 5718/5718 5713/5713 5707/5707
f 5707/5707 5713/5713 5710/5710
f 5708/5708 5710/5710 5712/5712
f 3340/3340 3346/3346 3319/3319
f 3361/3361 3357/3357 3340/3340
f 3340/3340 3357/3357 3346/3346
f 3361/3361 3386/3386 3357/3357
f 3386/3386 3384/3384 3357/3357
f 3386/3386 3398/3398 3384/3384
f 3425/3425 3403/3403 3417/3417
f 3425/3425 3439/3439 3403/3403
f 3403/3403 3439/3439 3438/3438
f 3439/3439 3478/3478 3438/3438
f 3478/3478 3479/3479 3438/3438
f 3478/3478 3502/3502 3479/3479
f 3502/3502 3505/3505 3479/3479
f 3505/3505 3526/3526 3486/3486
f 3538/3538 3522/3522 3526/3526
f 2832/2832 2841/2841 2829/2829
f 3538/3538 3545/3545 3522/3522
f 3538/3538 3558/3558 3545/3545
f 3558/3558 3564/3564 3545/3545
f 2826/2826 2824/2824 2812/2812
f 3580/3580 3584/3584 3579/3579
f 2811/2811 2802/2802 2792/2792
f 3579/3579 3588/3588 3583/3583
f 3588/3588 3589/3589 3583/3583
f 2802/2802 2804/2804 2803/2803
f 6537/6537 6545/6545 6525/6525
f 6537/6537 6525/6525 6523/6523
f 7125/7125 7128/7128 7098/7098
f 6055/6055 6054/6054 6053/6053
f 5167/5167 5166/5166 5087/5087
f 5166/5166 5142/5142 5087/5087
f 5081/5081 5080/5080 5077/5077
f 5079/5079 5126/5126 5078/5078
f 5078/5078 5126/5126 5145/5145
f 7676/7676 7677/7677 7678/7678
f 7676/7676 7678/7678 7679/7679
f 7694/7694 7678/7678 7696/7696
f 3252/3252 3253/3253 3271/3271
f 2349/2349 2347/2347 2321/2321
f 2296/2296 2349/2349 2321/2321
f 3244/3244 3243/3243 3247/3247
f 3247/3247 3253/3253 3252/3252
f 3253/3253 3263/3263 3271/3271
f 3271/3271 3263/3263 3269/3269
f 3269/3269 3289/3289 3292/3292
f 3289/3289 3288/3288 3306/3306
f 3306/3306 3288/3288 3308/3308
f 4870/4870 4869/4869 4867/4867
f 3308/3308 3288/3288 3291/3291
f 3308/3308 3291/3291 3309/3309
f 3291/3291 3459/3459 3309/3309
f 4872/4872 4871/4871 4870/4870
f 5710/5710 5729/5729 5712/5712
f 3277/3277 3276/3276 3242/3242
f 3277/3277 3319/3319 3297/3297
f 3277/3277 3297/3297 3276/3276
f 4275/4275 4240/4240 4274/4274
f 3417/3417 3403/3403 3398/3398
f 3403/3403 3438/3438 3418/3418
f 3438/3438 3468/3468 3418/3418
f 3438/3438 3479/3479 3468/3468
f 3479/3479 3486/3486 3468/3468
f 3479/3479 3505/3505 3486/3486
f 2829/2829 2841/2841 2834/2834
f 3580/3580 3567/3567 3563/3563
f 3573/3573 3580/3580 3563/3563
f 3580/3580 3579/3579 3567/3567
f 3579/3579 3583/3583 3578/3578
f 7098/7098 7130/7130 7131/7131
f 6053/6053 6052/6052 6047/6047
f 5166/5166 5165/5165 5142/5142
f 5142/5142 5165/5165 5082/5082
f 5079/5079 5080/5080 5125/5125
f 5079/5079 5125/5125 5126/5126
f 7720/7720 7703/7703 7698/7698
f 7703/7703 7709/7709 7700/7700
f 7703/7703 7700/7700 7698/7698
f 7698/7698 7700/7700 7699/7699
f 7699/7699 7700/7700 7701/7701
f 3242/3242 3250/3250 3243/3243
f 3243/3243 3250/3250 3247/3247
f 3250/3250 3254/3254 3247/3247
f 3247/3247 3254/3254 3253/3253
f 3242/3242 3276/3276 3261/3261
f 3242/3242 3261/3261 3250/3250
f 3319/3319 3339/3339 3297/3297
f 3297/3297 3339/3339 3325/3325
f 3346/3346 3339/3339 3319/3319
f 3346/3346 3357/3357 3339/3339
f 3357/3357 3384/3384 3366/3366
f 3357/3357 3366/3366 3339/3339
f 3384/3384 3398/3398 3366/3366
f 3398/3398 3403/3403 3366/3366
f 3418/3418 3468/3468 3446/3446
f 3468/3468 3477/3477 3446/3446
f 3468/3468 3486/3486 3477/3477
f 3522/3522 3506/3506 3477/3477
f 3486/3486 3522/3522 3477/3477
f 3522/3522 3523/3523 3506/3506
f 3522/3522 3545/3545 3523/3523
f 3564/3564 3563/3563 3545/3545
f 2813/2813 2824/2824 2833/2833
f 3567/3567 3579/3579 3571/3571
f 3579/3579 3578/3578 3571/3571
f 3578/3578 3550/3550 3571/3571
f 3578/3578 3577/3577 3550/3550
f 2808/2808 2825/2825 2827/2827
f 7130/7130 7132/7132 7131/7131
f 7132/7132 7134/7134 7133/7133
f 7131/7131 7132/7132 7133/7133
f 6052/6052 6048/6048 6047/6047
f 5165/5165 5169/5169 5082/5082
f 5081/5081 5123/5123 5080/5080
f 5080/5080 5123/5123 5125/5125
f 4950/4950 4949/4949 4951/4951
f 7834/7834 7838/7838 7709/7709
f 7834/7834 7709/7709 7703/7703
f 2322/2322 2341/2341 2332/2332
f 3253/3253 3254/3254 3263/3263
f 3250/3250 3255/3255 3254/3254
f 3269/3269 3280/3280 3289/3289
f 3280/3280 3288/3288 3289/3289
f 3250/3250 3261/3261 3256/3256
f 3280/3280 3283/3283 3288/3288
f 3288/3288 3283/3283 3291/3291
f 3283/3283 3420/3420 3291/3291
f 4877/4877 4875/4875 4872/4872
f 3291/3291 3420/3420 3459/3459
f 3261/3261 3276/3276 3270/3270
f 3261/3261 3270/3270 3256/3256
f 3297/3297 3325/3325 3303/3303
f 3297/3297 3303/3303 3276/3276
f 3339/3339 3344/3344 3325/3325
f 3339/3339 3366/3366 3344/3344
f 3366/3366 3403/3403 3396/3396
f 3366/3366 3396/3396 3381/3381
f 3403/3403 3418/3418 3396/3396
f 3418/3418 3436/3436 3396/3396
f 3446/3446 3436/3436 3418/3418
f 3446/3446 3447/3447 3436/3436
f 3446/3446 3477/3477 3447/3447
f 3477/3477 3482/3482 3447/3447
f 3477/3477 3506/3506 3482/3482
f 3523/3523 3545/3545 3513/3513
f 3545/3545 3544/3544 3513/3513
f 3545/3545 3563/3563 3544/3544
f 3563/3563 3567/3567 3544/3544
f 2838/2838 2833/2833 2824/2824
f 3567/3567 3556/3556 3544/3544
f 3567/3567 3571/3571 3556/3556
f 3556/3556 3571/3571 3550/3550
f 3550/3550 3551/3551 3549/3549
f 2825/2825 2828/2828 2827/2827
f 2827/2827 2828/2828 3180/3180
f 7846/7846 7845/7845 7844/7844
f 6049/6049 6051/6051 6050/6050
f 6051/6051 6057/6057 6050/6050
f 5082/5082 5169/5169 5168/5168
f 5082/5082 5168/5168 5081/5081
f 5168/5168 5124/5124 5081/5081
f 5081/5081 5124/5124 5123/5123
f 4946/4946 4949/4949 4950/4950
f 7682/7682 7684/7684 7683/7683
f 7683/7683 7684/7684 7690/7690
f 3254/3254 3257/3257 3263/3263
f 3257/3257 3267/3267 3269/3269
f 3263/3263 3257/3257 3269/3269
f 3269/3269 3267/3267 3280/3280
f 3250/3250 3256/3256 3255/3255
f 3254/3254 3255/3255 3257/3257
f 3280/3280 3281/3281 3283/3283
f 3283/3283 3419/3419 3420/3420
f 4877/4877 4876/4876 4875/4875
f 3256/3256 3270/3270 3259/3259
f 3281/3281 3419/3419 3283/3283
f 3276/3276 3275/3275 3270/3270
f 3303/3303 3302/3302 3276/3276
f 3276/3276 3302/3302 3275/3275
f 3325/3325 3336/3336 3303/3303
f 3344/3344 3336/3336 3325/3325
f 3344/3344 3366/3366 3360/3360
f 3344/3344 3360/3360 3336/3336
f 3366/3366 3381/3381 3360/3360
f 3381/3381 3382/3382 3360/3360
f 3396/3396 3382/3382 3381/3381
f 3436/3436 3447/3447 3440/3440
f 3447/3447 3482/3482 3440/3440
f 3482/3482 3481/3481 3440/3440
f 3506/3506 3481/3481 3482/3482
f 3523/3523 3513/3513 3481/3481
f 3544/3544 3556/3556 3557/3557
f 2838/2838 2846/2846 2837/2837
f 3556/3556 3550/3550 3543/3543
f 2825/2825 2837/2837 2836/2836
f 3550/3550 3549/3549 3543/3543
f 6515/6515 6513/6513 6512/6512
f 7845/7845 7848/7848 7839/7839
f 7839/7839 7840/7840 7841/7841
f 6051/6051 6060/6060 6057/6057
f 4953/4953 4945/4945 4952/4952
f 4952/4952 4945/4945 4940/4940
f 5168/5168 5193/5193 5124/5124
f 5193/5193 5192/5192 5124/5124
f 5124/5124 5192/5192 5123/5123
f 4946/4946 4948/4948 4949/4949
f 7800/7800 7801/7801 7789/7789
f 7788/7788 7800/7800 7789/7789
f 7789/7789 7801/7801 7802/7802
f 6532/6532 6452/6452 6533/6533
f 3256/3256 3259/3259 3255/3255
f 3267/3267 3266/3266 3280/3280
f 3266/3266 3279/3279 3280/3280
f 3279/3279 3281/3281 3280/3280
f 6497/6497 6452/6452 6532/6532
f 3270/3270 3275/3275 3259/3259
f 3303/3303 3326/3326 3302/3302
f 3360/3360 3368/3368 3336/3336
f 3360/3360 3382/3382 3368/3368
f 3382/3382 3395/3395 3368/3368
f 3382/3382 3396/3396 3395/3395
f 3396/3396 3421/3421 3395/3395
f 3396/3396 3440/3440 3421/3421
f 3440/3440 3444/3444 3421/3421
f 3440/3440 3481/3481 3444/3444
f 3481/3481 3480/3480 3444/3444
f 3513/3513 3494/3494 3481/3481
f 3481/3481 3494/3494 3480/3480
f 3513/3513 3514/3514 3494/3494
f 3513/3513 3544/3544 3514/3514
f 3544/3544 3557/3557 3514/3514
f 3557/3557 3556/3556 3525/3525
f 3556/3556 3541/3541 3525/3525
f 3556/3556 3543/3543 3541/3541
f 3543/3543 3542/3542 3541/3541
f 7760/7760 7732/7732 7729/7729
f 4943/4943 4941/4941 4940/4940
f 4940/4940 4941/4941 4942/4942
f 7688/7688 7719/7719 7800/7800
f 7800/7800 7719/7719 7803/7803
f 7800/7800 7803/7803 7825/7825
f 2387/2387 2373/2373 2371/2371
f 3257/3257 3266/3266 3267/3267
f 3255/3255 3258/3258 3257/3257
f 3257/3257 3258/3258 3262/3262
f 3257/3257 3262/3262 3266/3266
f 3265/3265 3295/3295 3279/3279
f 3266/3266 3265/3265 3279/3279
f 3279/3279 3295/3295 3315/3315
f 3279/3279 3315/3315 3281/3281
f 3295/3295 3324/3324 3315/3315
f 6497/6497 6456/6456 6452/6452
f 3275/3275 3274/3274 3259/3259
f 3259/3259 3274/3274 3260/3260
f 3259/3259 3260/3260 3255/3255
f 3255/3255 3260/3260 3258/3258
f 3302/3302 3318/3318 3275/3275
f 3275/3275 3318/3318 3274/3274
f 3302/3302 3326/3326 3318/3318
f 3326/3326 3336/3336 3334/3334
f 3326/3326 3334/3334 3318/3318
f 3336/3336 3353/3353 3334/3334
f 3336/3336 3368/3368 3353/3353
f 3368/3368 3377/3377 3353/3353
f 3395/3395 3394/3394 3368/3368
f 3368/3368 3394/3394 3380/3380
f 3368/3368 3380/3380 3377/3377
f 3395/3395 3421/3421 3394/3394
f 3421/3421 3444/3444 3422/3422
f 3421/3421 3422/3422 3394/3394
f 2887/2887 2890/2890 2888/2888
f 3480/3480 3470/3470 3422/3422
f 3444/3444 3480/3480 3422/3422
f 3494/3494 3495/3495 3470/3470
f 3480/3480 3494/3494 3470/3470
f 3494/3494 3514/3514 3495/3495
f 3514/3514 3557/3557 3525/3525
f 3541/3541 3521/3521 3525/3525
f 3541/3541 3534/3534 3521/3521
f 6509/6509 6514/6514 6507/6507
f 6513/6513 6540/6540 6514/6514
f 6559/6559 6560/6560 6557/6557
f 6559/6559 6557/6557 6556/6556
f 6556/6556 6557/6557 6558/6558
f 6556/6556 6558/6558 6561/6561
f 3266/3266 3262/3262 3265/3265
f 6457/6457 6455/6455 6456/6456
f 3258/3258 3264/3264 3262/3262
f 3264/3264 3265/3265 3262/3262
f 3265/3265 3284/3284 3295/3295
f 3295/3295 3284/3284 3324/3324
f 3284/3284 3411/3411 3324/3324
f 3274/3274 3278/3278 3260/3260
f 3274/3274 3318/3318 3304/3304
f 3353/3353 3349/3349 3334/3334
f 3353/3353 3377/3377 3376/3376
f 3353/3353 3376/3376 3349/3349
f 3377/3377 3380/3380 3376/3376
f 3394/3394 3387/3387 3380/3380
f 3394/3394 3422/3422 3387/3387
f 3422/3422 3470/3470 3443/3443
f 3422/3422 3443/3443 3387/3387
f 3470/3470 3495/3495 3443/3443
f 3495/3495 3503/3503 3443/3443
f 3495/3495 3514/3514 3503/3503
f 3514/3514 3525/3525 3503/3503
f 3503/3503 3525/3525 3524/3524
f 3525/3525 3521/3521 3524/3524
f 3524/3524 3521/3521 3519/3519
f 3521/3521 3520/3520 3519/3519
f 2848/2848 2859/2859 2860/2860
f 6459/6459 6458/6458 6457/6457
f 3260/3260 3273/3273 3258/3258
f 3258/3258 3273/3273 3264/3264
f 3264/3264 3268/3268 3265/3265
f 3265/3265 3268/3268 3284/3284
f 3284/3284 3268/3268 3411/3411
f 3278/3278 3273/3273 3260/3260
f 3273/3273 3272/3272 3264/3264
f 6460/6460 6458/6458 6459/6459
f 3268/3268 3410/3410 3411/3411
f 3274/3274 3304/3304 3278/3278
f 3318/3318 3327/3327 3304/3304
f 3334/3334 3349/3349 3327/3327
f 3349/3349 3348/3348 3327/3327
f 3349/3349 3362/3362 3348/3348
f 4267/4267 4253/4253 4252/4252
f 3376/3376 3372/3372 3349/3349
f 3349/3349 3372/3372 3362/3362
f 3376/3376 3379/3379 3372/3372
f 3380/3380 3387/3387 3379/3379
f 3380/3380 3379/3379 3376/3376
f 3387/3387 3443/3443 3379/3379
f 3443/3443 3483/3483 3426/3426
f 3443/3443 3503/3503 3483/3483
f 3503/3503 3500/3500 3483/3483
f 3503/3503 3524/3524 3500/3500
f 3524/3524 3515/3515 3500/3500
f 3524/3524 3519/3519 3515/3515
f 3519/3519 3518/3518 3515/3515
f 6511/6511 6502/6502 6503/6503
f 6536/6536 6511/6511 6507/6507
f 6460/6460 6461/6461 6458/6458
f 3272/3272 3268/3268 3264/3264
f 3273/3273 3278/3278 3272/3272
f 3272/3272 3278/3278 3298/3298
f 3272/3272 3286/3286 3268/3268
f 3268/3268 3286/3286 3410/3410
f 6464/6464 6463/6463 6460/6460
f 6495/6495 6464/6464 6460/6460
f 3304/3304 3320/3320 3278/3278
f 3278/3278 3320/3320 3298/3298
f 3272/3272 3298/3298 3286/3286
f 3327/3327 3335/3335 3304/3304
f 3304/3304 3335/3335 3320/3320
f 3327/3327 3348/3348 3335/3335
f 3348/3348 3363/3363 3335/3335
f 3372/3372 3367/3367 3362/3362
f 3362/3362 3363/3363 3348/3348
f 3362/3362 3367/3367 3363/3363
f 3379/3379 3397/3397 3372/3372
f 3372/3372 3397/3397 3367/3367
f 3379/3379 3426/3426 3397/3397
f 3426/3426 3423/3423 3397/3397
f 3426/3426 3483/3483 3423/3423
f 3483/3483 3424/3424 3423/3423
f 3500/3500 3499/3499 3424/3424
f 3483/3483 3500/3500 3424/3424
f 3500/3500 3515/3515 3499/3499
f 3515/3515 3516/3516 3496/3496
f 3499/3499 3515/3515 3496/3496
f 3515/3515 3517/3517 3516/3516
f 3298/3298 3345/3345 3299/3299
f 3298/3298 3299/3299 3286/3286
f 6495/6495 6467/6467 6464/6464
f 3338/3338 3337/3337 3320/3320
f 3320/3320 3337/3337 3298/3298
f 3298/3298 3337/3337 3345/3345
f 6466/6466 6464/6464 6467/6467
f 6468/6468 6466/6466 6467/6467
f 3335/3335 3347/3347 3320/3320
f 3320/3320 3347/3347 3338/3338
f 6469/6469 6466/6466 6468/6468
f 3338/3338 3354/3354 3337/3337
f 3335/3335 3363/3363 3355/3355
f 3335/3335 3355/3355 3347/3347
f 3347/3347 3351/3351 3338/3338
f 3338/3338 3351/3351 3354/3354
f 3351/3351 3389/3389 3354/3354
f 3355/3355 3352/3352 3347/3347
f 3352/3352 3351/3351 3347/3347
f 3367/3367 3375/3375 3363/3363
f 3363/3363 3364/3364 3355/3355
f 3363/3363 3375/3375 3364/3364
f 3367/3367 3397/3397 3378/3378
f 3367/3367 3378/3378 3375/3375
f 3397/3397 3423/3423 3378/3378
f 3423/3423 3383/3383 3378/3378
f 3423/3423 3424/3424 3408/3408
f 3423/3423 3408/3408 3383/3383
f 3499/3499 3496/3496 3424/3424
f 3424/3424 3496/3496 3408/3408
f 3408/3408 3496/3496 3497/3497
f 6490/6490 6488/6488 6489/6489
f 3496/3496 3498/3498 3497/3497
f 6491/6491 6488/6488 6490/6490
f 6502/6502 6539/6539 6491/6491
f 2873/2873 2877/2877 2875/2875
f 6544/6544 6539/6539 6502/6502
f 6466/6466 6465/6465 6464/6464
f 3351/3351 3388/3388 3389/3389
f 3352/3352 3457/3457 3388/3388
f 3351/3351 3352/3352 3388/3388
f 3355/3355 3356/3356 3352/3352
f 3352/3352 3409/3409 3457/3457
f 3356/3356 3409/3409 3352/3352
f 3355/3355 3364/3364 3365/3365
f 3355/3355 3365/3365 3356/3356
f 6492/6492 6477/6477 6478/6478
f 3365/3365 3369/3369 3356/3356
f 3375/3375 3374/3374 3364/3364
f 3364/3364 3374/3374 3365/3365
f 3375/3375 3378/3378 3374/3374
f 3371/3371 3370/3370 3365/3365
f 3374/3374 3371/3371 3365/3365
f 3365/3365 3370/3370 3369/3369
f 6482/6482 6481/6481 6480/6480
f 3378/3378 3383/3383 3374/3374
f 3374/3374 3383/3383 3371/3371
f 3371/3371 3373/3373 3370/3370
f 6483/6483 6481/6481 6482/6482
f 3383/3383 3408/3408 3371/3371
f 3408/3408 3475/3475 3373/3373
f 3371/3371 3408/3408 3373/3373
f 6486/6486 6484/6484 6485/6485
f 3408/3408 3476/3476 3475/3475
f 6488/6488 6496/6496 6486/6486
f 6491/6491 6543/6543 6496/6496
f 6491/6491 6496/6496 6488/6488
f 6486/6486 6494/6494 6484/6484
f 6496/6496 6542/6542 6486/6486
f 6535/6535 6519/6519 6474/6474
f 6479/6479 6530/6530 6527/6527
f 6494/6494 6538/6538 6531/6531
f 7044/7044 7002/7002 6975/6975
f 6975/6975 7002/7002 6973/6973
f 6973/6973 7002/7002 6971/6971
f 1234/1234 1250/1250 1232/1232
f 6971/6971 6989/6989 6967/6967
f 1236/1236 1275/1275 1234/1234
f 6967/6967 7001/7001 6966/6966
f 7037/7037 7038/7038 6959/6959
f 1222/1222 1224/1224 1223/1223
f 7041/7041 7029/7029 6977/6977
f 6977/6977 7029/7029 6975/6975
f 1243/1243 1233/1233 1239/1239
f 6972/6972 6973/6973 6971/6971
f 6972/6972 6971/6971 6970/6970
f 6971/6971 6967/6967 6970/6970
f 6967/6967 6966/6966 6965/6965
f 6968/6968 6967/6967 6965/6965
f 6966/6966 6960/6960 6965/6965
f 1255/1255 1260/1260 1259/1259
f 1202/1202 1218/1218 1219/1219
f 6988/6988 7052/7052 6983/6983
f 6988/6988 6983/6983 6980/6980
f 6980/6980 6983/6983 6978/6978
f 6978/6978 6977/6977 6976/6976
f 6977/6977 6975/6975 6976/6976
f 6976/6976 6975/6975 6974/6974
f 6973/6973 6972/6972 6974/6974
f 6972/6972 6970/6970 6982/6982
f 6968/6968 6970/6970 6967/6967
f 6970/6970 6968/6968 6985/6985
f 6968/6968 6965/6965 6969/6969
f 6963/6963 6960/6960 6961/6961
f 6960/6960 6959/6959 6957/6957
f 6961/6961 6960/6960 6957/6957
f 6957/6957 6958/6958 6956/6956
f 1209/1209 1252/1252 1253/1253
f 1252/1252 1259/1259 1254/1254
f 1257/1257 1261/1261 1731/1731
f 6632/6632 6634/6634 6633/6633
f 6980/6980 6978/6978 6979/6979
f 6987/6987 6980/6980 6979/6979
f 6978/6978 6976/6976 6979/6979
f 6976/6976 6974/6974 7015/7015
f 2075/2075 2089/2089 2090/2090
f 2090/2090 2089/2089 2107/2107
f 2092/2092 2075/2075 2091/2091
f 2091/2091 2075/2075 2090/2090
f 2094/2094 2092/2092 2091/2091
f 2096/2096 2092/2092 2095/2095
f 2095/2095 2092/2092 2094/2094
f 2097/2097 2095/2095 2094/2094
f 2098/2098 2096/2096 2095/2095
f 2098/2098 2095/2095 2097/2097
f 2099/2099 2098/2098 2097/2097
f 2098/2098 2099/2099 2122/2122
f 6961/6961 6957/6957 6962/6962
f 6962/6962 6957/6957 6981/6981
f 6957/6957 6956/6956 6955/6955
f 6981/6981 6957/6957 6955/6955
f 6955/6955 6956/6956 6953/6953
f 6953/6953 6956/6956 6952/6952
f 1198/1198 1209/1209 1212/1212
f 1256/1256 1258/1258 1266/1266
f 6628/6628 6630/6630 6629/6629
f 6629/6629 6630/6630 6631/6631
f 1924/1924 1925/1925 1926/1926
f 1981/1981 1932/1932 1924/1924
f 1981/1981 1924/1924 1926/1926
f 1938/1938 1932/1932 2005/2005
f 2006/2006 1938/1938 2005/2005
f 2005/2005 1932/1932 1981/1981
f 2005/2005 1981/1981 2001/2001
f 2001/2001 1981/1981 2000/2000
f 2000/2000 1981/1981 1926/1926
f 2074/2074 2006/2006 2005/2005
f 2089/2089 2005/2005 2001/2001
f 2074/2074 2005/2005 2075/2075
f 2075/2075 2005/2005 2089/2089
f 2074/2074 2075/2075 2092/2092
f 2093/2093 2074/2074 2092/2092
f 2093/2093 2092/2092 2096/2096
f 2106/2106 2093/2093 2096/2096
f 2106/2106 2096/2096 2098/2098
f 2121/2121 2106/2106 2098/2098
f 2123/2123 2106/2106 2121/2121
f 2121/2121 2098/2098 2122/2122
f 2145/2145 2121/2121 2146/2146
f 2146/2146 2121/2121 2122/2122
f 2146/2146 2122/2122 2147/2147
f 2148/2148 2146/2146 2147/2147
f 4017/4017 4020/4020 4019/4019
f 6953/6953 6952/6952 6950/6950
f 6624/6624 6635/6635 6628/6628
f 6624/6624 6628/6628 6627/6627
f 6629/6629 6631/6631 6639/6639
f 1912/1912 1901/1901 1913/1913
f 6633/6633 6639/6639 6631/6631
f 1938/1938 1942/1942 1931/1931
f 1931/1931 1916/1916 1924/1924
f 1924/1924 1916/1916 1912/1912
f 1924/1924 1912/1912 1925/1925
f 1925/1925 1912/1912 1913/1913
f 1935/1935 1942/1942 2007/2007
f 2006/2006 1942/1942 1938/1938
f 2007/2007 1942/1942 2006/2006
f 2007/2007 2006/2006 2074/2074
f 2093/2093 2007/2007 2074/2074
f 2086/2086 2007/2007 2093/2093
f 2109/2109 2102/2102 2086/2086
f 2086/2086 2093/2093 2106/2106
f 2109/2109 2086/2086 2106/2106
f 2124/2124 2109/2109 2123/2123
f 2109/2109 2106/2106 2123/2123
f 2136/2136 2124/2124 2123/2123
f 2136/2136 2123/2123 2145/2145
f 2154/2154 2136/2136 2145/2145
f 2145/2145 2123/2123 2121/2121
f 2154/2154 2145/2145 2155/2155
f 2155/2155 2145/2145 2146/2146
f 4011/4011 4018/4018 4017/4017
f 4010/4010 4011/4011 4017/4017
f 4010/4010 4017/4017 4019/4019
f 7027/7027 6981/6981 6955/6955
f 7027/7027 6955/6955 6954/6954
f 6955/6955 6953/6953 6954/6954
f 6954/6954 6953/6953 6950/6950
f 6950/6950 6951/6951 6948/6948
f 6565/6565 6562/6562 6568/6568
f 3232/3232 3190/3190 3189/3189
f 3189/3189 3190/3190 3191/3191
f 3191/3191 3190/3190 3192/3192
f 6621/6621 6645/6645 6625/6625
f 6621/6621 6625/6625 6624/6624
f 1916/1916 1918/1918 1896/1896
f 1916/1916 1896/1896 1900/1900
f 1900/1900 1890/1890 1901/1901
f 1901/1901 1890/1890 1991/1991
f 1916/1916 1900/1900 1912/1912
f 1912/1912 1900/1900 1901/1901
f 1935/1935 1918/1918 1942/1942
f 1942/1942 1918/1918 1931/1931
f 1918/1918 1916/1916 1931/1931
f 1995/1995 1935/1935 2008/2008
f 2008/2008 1935/1935 2007/2007
f 2062/2062 1995/1995 2008/2008
f 2062/2062 2008/2008 2007/2007
f 2062/2062 2007/2007 2086/2086
f 2102/2102 2062/2062 2086/2086
f 2102/2102 2100/2100 2062/2062
f 2108/2108 2100/2100 2102/2102
f 2108/2108 2102/2102 2109/2109
f 2131/2131 2108/2108 2109/2109
f 2131/2131 2109/2109 2124/2124
f 2140/2140 2131/2131 2124/2124
f 2140/2140 2124/2124 2136/2136
f 2140/2140 2136/2136 2159/2159
f 2159/2159 2136/2136 2154/2154
f 2159/2159 2154/2154 2155/2155
f 4008/4008 4018/4018 4011/4011
f 4006/4006 4008/4008 4011/4011
f 4006/4006 4011/4011 4010/4010
f 4006/4006 4010/4010 4007/4007
f 4006/4006 4007/4007 3997/3997
f 6954/6954 6950/6950 6998/6998
f 6998/6998 6950/6950 6949/6949
f 6949/6949 6950/6950 6948/6948
f 6948/6948 6951/6951 6944/6944
f 3230/3230 3189/3189 3229/3229
f 3229/3229 3189/3189 3227/3227
f 3227/3227 3189/3189 3191/3191
f 3227/3227 3191/3191 3225/3225
f 3191/3191 3193/3193 3225/3225
f 3193/3193 3196/3196 3205/3205
f 3225/3225 3193/3193 3205/3205
f 3205/3205 3196/3196 3199/3199
f 3199/3199 3198/3198 3200/3200
f 3199/3199 3200/3200 3201/3201
f 6620/6620 6646/6646 6621/6621
f 6621/6621 6624/6624 6623/6623
f 1918/1918 1899/1899 1896/1896
f 1900/1900 1896/1896 1889/1889
f 1900/1900 1889/1889 1890/1890
f 1890/1890 1889/1889 1887/1887
f 1890/1890 1887/1887 1923/1923
f 1920/1920 1899/1899 1918/1918
f 1936/1936 1920/1920 1935/1935
f 1935/1935 1920/1920 1918/1918
f 1946/1946 1936/1936 1995/1995
f 1995/1995 1936/1936 1935/1935
f 2062/2062 2004/2004 1995/1995
f 2080/2080 2004/2004 2062/2062
f 2100/2100 2080/2080 2062/2062
f 2110/2110 2080/2080 2100/2100
f 2110/2110 2100/2100 2108/2108
f 2114/2114 2110/2110 2108/2108
f 2114/2114 2108/2108 2131/2131
f 2126/2126 2114/2114 2131/2131
f 2140/2140 2126/2126 2131/2131
f 4000/4000 4005/4005 4008/4008
f 4000/4000 4008/4008 4006/4006
f 4000/4000 4006/4006 3996/3996
f 3996/3996 4006/4006 3997/3997
f 3996/3996 3997/3997 3995/3995
f 6998/6998 6949/6949 7040/7040
f 6949/6949 6948/6948 6947/6947
f 7040/7040 6949/6949 6947/6947
f 6948/6948 6944/6944 6947/6947
f 6944/6944 6894/6894 6892/6892
f 4759/4759 4793/4793 4780/4780
f 4759/4759 4780/4780 4721/4721
f 5939/5939 5941/5941 5940/5940
f 4721/4721 4780/4780 4756/4756
f 4721/4721 4756/4756 4722/4722
f 4660/4660 4722/4722 4723/4723
f 4660/4660 4723/4723 4661/4661
f 3205/3205 3199/3199 3226/3226
f 3226/3226 3199/3199 3209/3209
f 3209/3209 3199/3199 3202/3202
f 1186/1186 1182/1182 1191/1191
f 7418/7418 7373/7373 7421/7421
f 6619/6619 6620/6620 6621/6621
f 1894/1894 1895/1895 1899/1899
f 1899/1899 1895/1895 1896/1896
f 1895/1895 1889/1889 1896/1896
f 1889/1889 1886/1886 1887/1887
f 1887/1887 1886/1886 1820/1820
f 1887/1887 1820/1820 1888/1888
f 1888/1888 1820/1820 1906/1906
f 1914/1914 1894/1894 1899/1899
f 1920/1920 1914/1914 1899/1899
f 1919/1919 1920/1920 1936/1936
f 1949/1949 1946/1946 1995/1995
f 2004/2004 1949/1949 1995/1995
f 2079/2079 2004/2004 2080/2080
f 2113/2113 2079/2079 2110/2110
f 2079/2079 2080/2080 2110/2110
f 2113/2113 2110/2110 2114/2114
f 2126/2126 2113/2113 2114/2114
f 2153/2153 2126/2126 2140/2140
f 3989/3989 4013/4013 4008/4008
f 4005/4005 3989/3989 4008/4008
f 3993/3993 4005/4005 4000/4000
f 3987/3987 3993/3993 4000/4000
f 3987/3987 4000/4000 3996/3996
f 3980/3980 3987/3987 3996/3996
f 3980/3980 3996/3996 3995/3995
f 3979/3979 3980/3980 3995/3995
f 7039/7039 7040/7040 6947/6947
f 6947/6947 6944/6944 6945/6945
f 7039/7039 6947/6947 6945/6945
f 6944/6944 6892/6892 6941/6941
f 6945/6945 6944/6944 6941/6941
f 4755/4755 4784/4784 4793/4793
f 4755/4755 4793/4793 4759/4759
f 4755/4755 4759/4759 4720/4720
f 4720/4720 4759/4759 4721/4721
f 4720/4720 4721/4721 4660/4660
f 4721/4721 4722/4722 4660/4660
f 4660/4660 4661/4661 4659/4659
f 4659/4659 4749/4749 4658/4658
f 3209/3209 3202/3202 3228/3228
f 3202/3202 3206/3206 3228/3228
f 7374/7374 7373/7373 7367/7367
f 7373/7373 7418/7418 7368/7368
f 7367/7367 7373/7373 7368/7368
f 7377/7377 7373/7373 7374/7374
f 7368/7368 7418/7418 7422/7422
f 6613/6613 6638/6638 6609/6609
f 6609/6609 6638/6638 6620/6620
f 6609/6609 6620/6620 6619/6619
f 1139/1139 1140/1140 1141/1141
f 1895/1895 1783/1783 1889/1889
f 1889/1889 1783/1783 1789/1789
f 1889/1889 1789/1789 1886/1886
f 6623/6623 6619/6619 6621/6621
f 1818/1818 1905/1905 1819/1819
f 1820/1820 1819/1819 1905/1905
f 1919/1919 1915/1915 1920/1920
f 1920/1920 1915/1915 1914/1914
f 1914/1914 1915/1915 1894/1894
f 1922/1922 1933/1933 1946/1946
f 1933/1933 1919/1919 1946/1946
f 1949/1949 1922/1922 1946/1946
f 2010/2010 1949/1949 2004/2004
f 2010/2010 2004/2004 2079/2079
f 2101/2101 2010/2010 2079/2079
f 2101/2101 2079/2079 2113/2113
f 2125/2125 2101/2101 2113/2113
f 2126/2126 2125/2125 2113/2113
f 2135/2135 2125/2125 2126/2126
f 2153/2153 2135/2135 2126/2126
f 3989/3989 4004/4004 4013/4013
f 3993/3993 3989/3989 4005/4005
f 3860/3860 3987/3987 3980/3980
f 3860/3860 3980/3980 3845/3845
f 3845/3845 3980/3980 3979/3979
f 3978/3978 3845/3845 3979/3979
f 4003/4003 3978/3978 3979/3979
f 6945/6945 6941/6941 6946/6946
f 3978/3978 4003/4003 3846/3846
f 4776/4776 4784/4784 4719/4719
f 4719/4719 4784/4784 4755/4755
f 4719/4719 4755/4755 4720/4720
f 3228/3228 3206/3206 3223/3223
f 3223/3223 3206/3206 3217/3217
f 3217/3217 3206/3206 3208/3208
f 1784/1784 1774/1774 1783/1783
f 1783/1783 1774/1774 1775/1775
f 6609/6609 6619/6619 6618/6618
f 1792/1792 1784/1784 1894/1894
f 1894/1894 1784/1784 1783/1783
f 1789/1789 1786/1786 1820/1820
f 1820/1820 1786/1786 1816/1816
f 1904/1904 1792/1792 1915/1915
f 1915/1915 1792/1792 1894/1894
f 1820/1820 1816/1816 1819/1819
f 1819/1819 1816/1816 1818/1818
f 1922/1922 1904/1904 1919/1919
f 1919/1919 1904/1904 1915/1915
f 1922/1922 1919/1919 1933/1933
f 1949/1949 1948/1948 1922/1922
f 2009/2009 1948/1948 2010/2010
f 1948/1948 1949/1949 2010/2010
f 2076/2076 2009/2009 2010/2010
f 2076/2076 2010/2010 2101/2101
f 2111/2111 2076/2076 2101/2101
f 2111/2111 2101/2101 2125/2125
f 2132/2132 2111/2111 2125/2125
f 2138/2138 2132/2132 2125/2125
f 2138/2138 2125/2125 2135/2135
f 2138/2138 2135/2135 2153/2153
f 3982/3982 3998/3998 4004/4004
f 3982/3982 4004/4004 3989/3989
f 3862/3862 3982/3982 3989/3989
f 3862/3862 3989/3989 3993/3993
f 3863/3863 3862/3862 3993/3993
f 3863/3863 3993/3993 3987/3987
f 3863/3863 3987/3987 3860/3860
f 3846/3846 3845/3845 3978/3978
f 3845/3845 3846/3846 3843/3843
f 6946/6946 6941/6941 6943/6943
f 1535/1535 1532/1532 1510/1510
f 6943/6943 6941/6941 6940/6940
f 6941/6941 6890/6890 6940/6940
f 6889/6889 6888/6888 6886/6886
f 6890/6890 6889/6889 6886/6886
f 5007/5007 5006/5006 5009/5009
f 4724/4724 4790/4790 4776/4776
f 4724/4724 4776/4776 4719/4719
f 4719/4719 4720/4720 4662/4662
f 4720/4720 4660/4660 4662/4662
f 4662/4662 4660/4660 4657/4657
f 3217/3217 3208/3208 3221/3221
f 4738/4738 4754/4754 4747/4747
f 3221/3221 3208/3208 3214/3214
f 1210/1210 1207/1207 1216/1216
f 7367/7367 7368/7368 7365/7365
f 7366/7366 7367/7367 7365/7365
f 7369/7369 7368/7368 7381/7381
f 7381/7381 7368/7368 7422/7422
f 6641/6641 6613/6613 6605/6605
f 6605/6605 6613/6613 6609/6609
f 1792/1792 1778/1778 1784/1784
f 1784/1784 1778/1778 1776/1776
f 1784/1784 1776/1776 1774/1774
f 1816/1816 1817/1817 1818/1818
f 1893/1893 1792/1792 1904/1904
f 1921/1921 1893/1893 1922/1922
f 1922/1922 1893/1893 1904/1904
f 1944/1944 1921/1921 1922/1922
f 1948/1948 1944/1944 1922/1922
f 1947/1947 1944/1944 1948/1948
f 2011/2011 1947/1947 2009/2009
f 1947/1947 1948/1948 2009/2009
f 2083/2083 2011/2011 2076/2076
f 2011/2011 2009/2009 2076/2076
f 2083/2083 2076/2076 2111/2111
f 2117/2117 2083/2083 2111/2111
f 2133/2133 2117/2117 2132/2132
f 2132/2132 2117/2117 2111/2111
f 2133/2133 2132/2132 2138/2138
f 2149/2149 2133/2133 2138/2138
f 3871/3871 3998/3998 3982/3982
f 3861/3861 3982/3982 3862/3862
f 3852/3852 3861/3861 3862/3862
f 3852/3852 3862/3862 3863/3863
f 3840/3840 3852/3852 3863/3863
f 3840/3840 3863/3863 3860/3860
f 3840/3840 3860/3860 3839/3839
f 3839/3839 3860/3860 3845/3845
f 3841/3841 3845/3845 3843/3843
f 6943/6943 6940/6940 6942/6942
f 6940/6940 6890/6890 6886/6886
f 6394/6394 6395/6395 6396/6396
f 4725/4725 4790/4790 4724/4724
f 4657/4657 4660/4660 4659/4659
f 4738/4738 4747/4747 4714/4714
f 3221/3221 3214/3214 3220/3220
f 4714/4714 4747/4747 4748/4748
f 3214/3214 3216/3216 3220/3220
f 3220/3220 3216/3216 3222/3222
f 7345/7345 7379/7379 7347/7347
f 7332/7332 7370/7370 7352/7352
f 7365/7365 7369/7369 7337/7337
f 1767/1767 1773/1773 1774/1774
f 1774/1774 1773/1773 1775/1775
f 1775/1775 1773/1773 1785/1785
f 1778/1778 1768/1768 1776/1776
f 1776/1776 1767/1767 1774/1774
f 1775/1775 1785/1785 1786/1786
f 1786/1786 1797/1797 1816/1816
f 6605/6605 6609/6609 6607/6607
f 1893/1893 1777/1777 1792/1792
f 1792/1792 1777/1777 1778/1778
f 1816/1816 1797/1797 1817/1817
f 1817/1817 1797/1797 1821/1821
f 1917/1917 1903/1903 1921/1921
f 1921/1921 1903/1903 1893/1893
f 1947/1947 1917/1917 1944/1944
f 1917/1917 1921/1921 1944/1944
f 2084/2084 2050/2050 2083/2083
f 2050/2050 2011/2011 2083/2083
f 2084/2084 2083/2083 2117/2117
f 2149/2149 2142/2142 2133/2133
f 3985/3985 4009/4009 3998/3998
f 3985/3985 3998/3998 3871/3871
f 3871/3871 3982/3982 3861/3861
f 3853/3853 3861/3861 3852/3852
f 3835/3835 3852/3852 3840/3840
f 3839/3839 3841/3841 3817/3817
f 3841/3841 3839/3839 3845/3845
f 3841/3841 3843/3843 3842/3842
f 3842/3842 3843/3843 3872/3872
f 6940/6940 6886/6886 6939/6939
f 6942/6942 6940/6940 6939/6939
f 6393/6393 6395/6395 6394/6394
f 5735/5735 5825/5825 5822/5822
f 6399/6399 6397/6397 6401/6401
f 4770/4770 4790/4790 4725/4725
f 4724/4724 4719/4719 4663/4663
f 4663/4663 4719/4719 4662/4662
f 4657/4657 4659/4659 4658/4658
f 4658/4658 4738/4738 4714/4714
f 7346/7346 7378/7378 7345/7345
f 1172/1172 1159/1159 1173/1173
f 7365/7365 7337/7337 7336/7336
f 1768/1768 1767/1767 1776/1776
f 1778/1778 1777/1777 1768/1768
f 1782/1782 1777/1777 1893/1893
f 1797/1797 1798/1798 1822/1822
f 1797/1797 1822/1822 1821/1821
f 1821/1821 1822/1822 1823/1823
f 1903/1903 1782/1782 1893/1893
f 1947/1947 1928/1928 1917/1917
f 2050/2050 1998/1998 2011/2011
f 1998/1998 1947/1947 2011/2011
f 2082/2082 2050/2050 2084/2084
f 2112/2112 2082/2082 2084/2084
f 2112/2112 2117/2117 2118/2118
f 2112/2112 2084/2084 2117/2117
f 2118/2118 2117/2117 2133/2133
f 2142/2142 2118/2118 2133/2133
f 3994/3994 4009/4009 3985/3985
f 3835/3835 3853/3853 3852/3852
f 3825/3825 3835/3835 3840/3840
f 3818/3818 3825/3825 3840/3840
f 3818/3818 3840/3840 3839/3839
f 3842/3842 3817/3817 3841/3841
f 3842/3842 3872/3872 3820/3820
f 6942/6942 6939/6939 7014/7014
f 6939/6939 6886/6886 6885/6885
f 6939/6939 6885/6885 6937/6937
f 6937/6937 6885/6885 6887/6887
f 6391/6391 6397/6397 6399/6399
f 4725/4725 4724/4724 4663/4663
f 4657/4657 4658/4658 4656/4656
f 4658/4658 4714/4714 4656/4656
f 4714/4714 4748/4748 4715/4715
f 5971/5971 5954/5954 5966/5966
f 5966/5966 5954/5954 5964/5964
f 1192/1192 1217/1217 1337/1337
f 7328/7328 7345/7345 7332/7332
f 7345/7345 7347/7347 7332/7332
f 7310/7310 7333/7333 7325/7325
f 7325/7325 7333/7333 7334/7334
f 7322/7322 7335/7335 7336/7336
f 7336/7336 7337/7337 7326/7326
f 7322/7322 7336/7336 7326/7326
f 7337/7337 7338/7338 7326/7326
f 6602/6602 6603/6603 6601/6601
f 1777/1777 1760/1760 1762/1762
f 1762/1762 1764/1764 1767/1767
f 1768/1768 1762/1762 1767/1767
f 1767/1767 1764/1764 1773/1773
f 1773/1773 1764/1764 1772/1772
f 1773/1773 1772/1772 1787/1787
f 1773/1773 1787/1787 1785/1785
f 1785/1785 1787/1787 1796/1796
f 1785/1785 1796/1796 1798/1798
f 6601/6601 6603/6603 6605/6605
f 6601/6601 6605/6605 6604/6604
f 1782/1782 1758/1758 1777/1777
f 1758/1758 1760/1760 1777/1777
f 1768/1768 1777/1777 1762/1762
f 1798/1798 1796/1796 1801/1801
f 6605/6605 6607/6607 6606/6606
f 6604/6604 6605/6605 6606/6606
f 1908/1908 1892/1892 1903/1903
f 1892/1892 1782/1782 1903/1903
f 1917/1917 1908/1908 1903/1903
f 1928/1928 1927/1927 1917/1917
f 1945/1945 1927/1927 1928/1928
f 1945/1945 1928/1928 1947/1947
f 1997/1997 1945/1945 1998/1998
f 1945/1945 1947/1947 1998/1998
f 2044/2044 1997/1997 1998/1998
f 2050/2050 2044/2044 1998/1998
f 2082/2082 2044/2044 2050/2050
f 2143/2143 2119/2119 2118/2118
f 2143/2143 2118/2118 2142/2142
f 3969/3969 3988/3988 3994/3994
f 3969/3969 3994/3994 3985/3985
f 3865/3865 3969/3969 3985/3985
f 3865/3865 3985/3985 3859/3859
f 3859/3859 3985/3985 3871/3871
f 3859/3859 3871/3871 3861/3861
f 3836/3836 3859/3859 3861/3861
f 3836/3836 3861/3861 3853/3853
f 3836/3836 3853/3853 3835/3835
f 3818/3818 3839/3839 3817/3817
f 3817/3817 3842/3842 3820/3820
f 3817/3817 3820/3820 3819/3819
f 7014/7014 6939/6939 6938/6938
f 3819/3819 3820/3820 3813/3813
f 6939/6939 6937/6937 6938/6938
f 6937/6937 6887/6887 6936/6936
f 5732/5732 5733/5733 5734/5734
f 5816/5816 5822/5822 5821/5821
f 4687/4687 4770/4770 4725/4725
f 4663/4663 4662/4662 4657/4657
f 4664/4664 4657/4657 4655/4655
f 5964/5964 5954/5954 5956/5956
f 7346/7346 7345/7345 7314/7314
f 1213/1213 1192/1192 1337/1337
f 7328/7328 7332/7332 7310/7310
f 7324/7324 7335/7335 7323/7323
f 7322/7322 7326/7326 7321/7321
f 7321/7321 7326/7326 7340/7340
f 1152/1152 1148/1148 1154/1154
f 1764/1764 1765/1765 1772/1772
f 6608/6608 6601/6601 6604/6604
f 6604/6604 6606/6606 6636/6636
f 1163/1163 1153/1153 1152/1152
f 1943/1943 1927/1927 1945/1945
f 1988/1988 1997/1997 2044/2044
f 2104/2104 2082/2082 2112/2112
f 2119/2119 2104/2104 2112/2112
f 2119/2119 2112/2112 2118/2118
f 2141/2141 2119/2119 2143/2143
f 3847/3847 3865/3865 3859/3859
f 3836/3836 3848/3848 3859/3859
f 3812/3812 3836/3836 3835/3835
f 3825/3825 3812/3812 3835/3835
f 3811/3811 3825/3825 3818/3818
f 3818/3818 3817/3817 3794/3794
f 3795/3795 3817/3817 3819/3819
f 6937/6937 6936/6936 6934/6934
f 6938/6938 6937/6937 6934/6934
f 6385/6385 6390/6390 6384/6384
f 5744/5744 5734/5734 5820/5820
f 6384/6384 6390/6390 6400/6400
f 5820/5820 5822/5822 5816/5816
f 6400/6400 6390/6390 6399/6399
f 4765/4765 4770/4770 4687/4687
f 4663/4663 4657/4657 4664/4664
f 5964/5964 5956/5956 5967/5967
f 5952/5952 5953/5953 5955/5955
f 7372/7372 7346/7346 7344/7344
f 7521/7521 7522/7522 7371/7371
f 7517/7517 7521/7521 7371/7371
f 7522/7522 7372/7372 7371/7371
f 7323/7323 7322/7322 7320/7320
f 7320/7320 7322/7322 7321/7321
f 7320/7320 7321/7321 7319/7319
f 7319/7319 7321/7321 7339/7339
f 1772/1772 1765/1765 1788/1788
f 1760/1760 1761/1761 1762/1762
f 1762/1762 1761/1761 1764/1764
f 1772/1772 1788/1788 1787/1787
f 1796/1796 1787/1787 1801/1801
f 6598/6598 6599/6599 6601/6601
f 6598/6598 6601/6601 6608/6608
f 1892/1892 1781/1781 1782/1782
f 1801/1801 1825/1825 1798/1798
f 6608/6608 6604/6604 6612/6612
f 1929/1929 1908/1908 1927/1927
f 1943/1943 1929/1929 1927/1927
f 1988/1988 1943/1943 1997/1997
f 2067/2067 1988/1988 2044/2044
f 2067/2067 2044/2044 2082/2082
f 2104/2104 2067/2067 2082/2082
f 2141/2141 2127/2127 2119/2119
f 2127/2127 2104/2104 2119/2119
f 3967/3967 3990/3990 3988/3988
f 3967/3967 3988/3988 3868/3868
f 3868/3868 3988/3988 3969/3969
f 3868/3868 3969/3969 3865/3865
f 3868/3868 3865/3865 3858/3858
f 3847/3847 3858/3858 3865/3865
f 3823/3823 3847/3847 3859/3859
f 3848/3848 3823/3823 3859/3859
f 3824/3824 3848/3848 3836/3836
f 3824/3824 3836/3836 3812/3812
f 3811/3811 3812/3812 3825/3825
f 3797/3797 3811/3811 3818/3818
f 3794/3794 3797/3797 3818/3818
f 3794/3794 3817/3817 3795/3795
f 3794/3794 3795/3795 3784/3784
f 3813/3813 3795/3795 3819/3819
f 3795/3795 3813/3813 3785/3785
f 3784/3784 3795/3795 3785/3785
f 7020/7020 6938/6938 6934/6934
f 6934/6934 6936/6936 6935/6935
f 5817/5817 5819/5819 5818/5818
f 4687/4687 4725/4725 4663/4663
f 4714/4714 4715/4715 4711/4711
f 5967/5967 5956/5956 5961/5961
f 7371/7371 7344/7344 7343/7343
f 7315/7315 7344/7344 7314/7314
f 7511/7511 7520/7520 7517/7517
f 7314/7314 7328/7328 7306/7306
f 7306/7306 7310/7310 7282/7282
f 7310/7310 7325/7325 7300/7300
f 7324/7324 7323/7323 7299/7299
f 7319/7319 7339/7339 7342/7342
f 1766/1766 1770/1770 1765/1765
f 1765/1765 1770/1770 1788/1788
f 6597/6597 6599/6599 6598/6598
f 1758/1758 1759/1759 1760/1760
f 1761/1761 1766/1766 1765/1765
f 1788/1788 1799/1799 1787/1787
f 1787/1787 1799/1799 1801/1801
f 1885/1885 1781/1781 1892/1892
f 1801/1801 1815/1815 1828/1828
f 6610/6610 6598/6598 6608/6608
f 6610/6610 6608/6608 6612/6612
f 1825/1825 1828/1828 1834/1834
f 1909/1909 1885/1885 1908/1908
f 1908/1908 1885/1885 1892/1892
f 1929/1929 1909/1909 1908/1908
f 1988/1988 1929/1929 1943/1943
f 2088/2088 2067/2067 2104/2104
f 2105/2105 2088/2088 2104/2104
f 2115/2115 2105/2105 2127/2127
f 2105/2105 2104/2104 2127/2127
f 3849/3849 3868/3868 3858/3858
f 3823/3823 3848/3848 3824/3824
f 3796/3796 3811/3811 3797/3797
f 3783/3783 3797/3797 3794/3794
f 3773/3773 3797/3797 3783/3783
f 3783/3783 3794/3794 3784/3784
f 7020/7020 6934/6934 6933/6933
f 5745/5745 5816/5816 5814/5814
f 5814/5814 5816/5816 5815/5815
f 5743/5743 5744/5744 5740/5740
f 6398/6398 6384/6384 6400/6400
f 4610/4610 4765/4765 4687/4687
f 4655/4655 4657/4657 4656/4656
f 4656/4656 4714/4714 4711/4711
f 4711/4711 4715/4715 4713/4713
f 5955/5955 5957/5957 5958/5958
f 7343/7343 7344/7344 7315/7315
f 7315/7315 7314/7314 7301/7301
f 7507/7507 7517/7517 7516/7516
f 1157/1157 1161/1161 1300/1300
f 7320/7320 7319/7319 7317/7317
f 7319/7319 7342/7342 7318/7318
f 7317/7317 7319/7319 7318/7318
f 1758/1758 1779/1779 1759/1759
f 1759/1759 1763/1763 1761/1761
f 6596/6596 6597/6597 6598/6598
f 6596/6596 6598/6598 6600/6600
f 1781/1781 1779/1779 1758/1758
f 6600/6600 6598/6598 6610/6610
f 6610/6610 6612/6612 6622/6622
f 1930/1930 1909/1909 1929/1929
f 1313/1313 1288/1288 1167/1167
f 1984/1984 1929/1929 1988/1988
f 2002/2002 1984/1984 1988/1988
f 2088/2088 2002/2002 2067/2067
f 2039/2039 2002/2002 2088/2088
f 2002/2002 1988/1988 2067/2067
f 2139/2139 2115/2115 2127/2127
f 2139/2139 2127/2127 2150/2150
f 2150/2150 2127/2127 2141/2141
f 3968/3968 3990/3990 3967/3967
f 3869/3869 3968/3968 3967/3967
f 3869/3869 3967/3967 3868/3868
f 3849/3849 3869/3869 3868/3868
f 3849/3849 3858/3858 3847/3847
f 3821/3821 3847/3847 3823/3823
f 3799/3799 3821/3821 3823/3823
f 3798/3798 3799/3799 3823/3823
f 3798/3798 3823/3823 3824/3824
f 3798/3798 3824/3824 3812/3812
f 3796/3796 3798/3798 3812/3812
f 3796/3796 3812/3812 3811/3811
f 3796/3796 3797/3797 3773/3773
f 3786/3786 3796/3796 3773/3773
f 3783/3783 3784/3784 3763/3763
f 3763/3763 3784/3784 3785/3785
f 3763/3763 3785/3785 3832/3832
f 6386/6386 6383/6383 6379/6379
f 6392/6392 6386/6386 6379/6379
f 6383/6383 6384/6384 6381/6381
f 6379/6379 6383/6383 6381/6381
f 5740/5740 5745/5745 5738/5738
f 5814/5814 5815/5815 5813/5813
f 5815/5815 5827/5827 5826/5826
f 5813/5813 5815/5815 5826/5826
f 6381/6381 6384/6384 6398/6398
f 4736/4736 4783/4783 4782/4782
f 7327/7327 7516/7516 7343/7343
f 7327/7327 7343/7343 7315/7315
f 7511/7511 7517/7517 7507/7507
f 7314/7314 7306/7306 7301/7301
f 7301/7301 7306/7306 7287/7287
f 7306/7306 7282/7282 7276/7276
f 7279/7279 7300/7300 7299/7299
f 7318/7318 7342/7342 7298/7298
f 6595/6595 6597/6597 6596/6596
f 1788/1788 1795/1795 1799/1799
f 1810/1810 1809/1809 1781/1781
f 1885/1885 1810/1810 1781/1781
f 1809/1809 1779/1779 1781/1781
f 1902/1902 1810/1810 1885/1885
f 6611/6611 6600/6600 6610/6610
f 1909/1909 1902/1902 1885/1885
f 1910/1910 1902/1902 1909/1909
f 1930/1930 1910/1910 1909/1909
f 1984/1984 1930/1930 1929/1929
f 2039/2039 1984/1984 2002/2002
f 2087/2087 2039/2039 2088/2088
f 2087/2087 2088/2088 2105/2105
f 2115/2115 2087/2087 2105/2105
f 2115/2115 2139/2139 2144/2144
f 3949/3949 3968/3968 3869/3869
f 3856/3856 3869/3869 3849/3849
f 3849/3849 3847/3847 3826/3826
f 3826/3826 3847/3847 3821/3821
f 3773/3773 3783/3783 3763/3763
f 3773/3773 3763/3763 3749/3749
f 5739/5739 5738/5738 5811/5811
f 5811/5811 5738/5738 5814/5814
f 5811/5811 5814/5814 5813/5813
f 5737/5737 5740/5740 5738/5738
f 4609/4609 4610/4610 4687/4687
f 4665/4665 4663/4663 4664/4664
f 4655/4655 4656/4656 4653/4653
f 4713/4713 4736/4736 4712/4712
f 4736/4736 4782/4782 4739/4739
f 4712/4712 4736/4736 4739/4739
f 7506/7506 7516/7516 7504/7504
f 7504/7504 7516/7516 7327/7327
f 7502/7502 7511/7511 7501/7501
f 7276/7276 7287/7287 7306/7306
f 7276/7276 7282/7282 7246/7246
f 7246/7246 7282/7282 7279/7279
f 7505/7505 7519/7519 7502/7502
f 7279/7279 7299/7299 7280/7280
f 1766/1766 1769/1769 1771/1771
f 7280/7280 7299/7299 7317/7317
f 7280/7280 7317/7317 7316/7316
f 1779/1779 1780/1780 1763/1763
f 1763/1763 1769/1769 1766/1766
f 7317/7317 7318/7318 7316/7316
f 7316/7316 7318/7318 7298/7298
f 6595/6595 6596/6596 6589/6589
f 1800/1800 1831/1831 1815/1815
f 6589/6589 6596/6596 6600/6600
f 6589/6589 6600/6600 6611/6611
f 1810/1810 1902/1902 1907/1907
f 1828/1828 1815/1815 1831/1831
f 1828/1828 1831/1831 1849/1849
f 1828/1828 1849/1849 1850/1850
f 6611/6611 6610/6610 6615/6615
f 1986/1986 1950/1950 1984/1984
f 1950/1950 1930/1930 1984/1984
f 1986/1986 1984/1984 2039/2039
f 2103/2103 2087/2087 2115/2115
f 3949/3949 3999/3999 3968/3968
f 3949/3949 3869/3869 3867/3867
f 3867/3867 3869/3869 3856/3856
f 3844/3844 3856/3856 3849/3849
f 3826/3826 3844/3844 3849/3849
f 3805/3805 3826/3826 3821/3821
f 3821/3821 3799/3799 3792/3792
f 3792/3792 3799/3799 3776/3776
f 3776/3776 3799/3799 3798/3798
f 3775/3775 3798/3798 3796/3796
f 3776/3776 3798/3798 3775/3775
f 3786/3786 3775/3775 3796/3796
f 3786/3786 3773/3773 3759/3759
f 3759/3759 3773/3773 3787/3787
f 3787/3787 3773/3773 3749/3749
f 3763/3763 3832/3832 3771/3771
f 3748/3748 3763/3763 3771/3771
f 6933/6933 6932/6932 6930/6930
f 7019/7019 6933/6933 6930/6930
f 6378/6378 6379/6379 6377/6377
f 6376/6376 6378/6378 6377/6377
f 6377/6377 6379/6379 6381/6381
f 5737/5737 5738/5738 5739/5739
f 4711/4711 4713/4713 4712/4712
f 5982/5982 5962/5962 5965/5965
f 7305/7305 7315/7315 7302/7302
f 7302/7302 7315/7315 7301/7301
f 7502/7502 7501/7501 7492/7492
f 7287/7287 7276/7276 7270/7270
f 7514/7514 7519/7519 7505/7505
f 7230/7230 7279/7279 7280/7280
f 1795/1795 1814/1814 1800/1800
f 7316/7316 7298/7298 7295/7295
f 7295/7295 7298/7298 7297/7297
f 6588/6588 6595/6595 6589/6589
f 7513/7513 7524/7524 7514/7514
f 1298/1298 1170/1170 1318/1318
f 1907/1907 1891/1891 1810/1810
f 1891/1891 1809/1809 1810/1810
f 1910/1910 1907/1907 1902/1902
f 1950/1950 1910/1910 1930/1930
f 1985/1985 1950/1950 1986/1986
f 2065/2065 2045/2045 2039/2039
f 2045/2045 1986/1986 2039/2039
f 2065/2065 2039/2039 2087/2087
f 2103/2103 2065/2065 2087/2087
f 1349/1349 1338/1338 1323/1323
f 2144/2144 2116/2116 2115/2115
f 3984/3984 4002/4002 3999/3999
f 3984/3984 3999/3999 3949/3949
f 3855/3855 3867/3867 3856/3856
f 3833/3833 3855/3855 3856/3856
f 3844/3844 3833/3833 3856/3856
f 3805/3805 3844/3844 3826/3826
f 3806/3806 3844/3844 3805/3805
f 3805/3805 3821/3821 3792/3792
f 3759/3759 3787/3787 3750/3750
f 3748/3748 3749/3749 3763/3763
f 6930/6930 6931/6931 6928/6928
f 6375/6375 6376/6376 6377/6377
f 5810/5810 5811/5811 5813/5813
f 4607/4607 4610/4610 4609/4609
f 4710/4710 4656/4656 4711/4711
f 7497/7497 7506/7506 7504/7504
f 7302/7302 7301/7301 7271/7271
f 7271/7271 7301/7301 7287/7287
f 7492/7492 7501/7501 7497/7497
f 7247/7247 7276/7276 7246/7246
f 7493/7493 7505/7505 7498/7498
f 7500/7500 7505/7505 7493/7493
f 7246/7246 7279/7279 7230/7230
f 7500/7500 7514/7514 7505/7505
f 7230/7230 7280/7280 7222/7222
f 7222/7222 7280/7280 7231/7231
f 7513/7513 7514/7514 7500/7500
f 7231/7231 7280/7280 7295/7295
f 1827/1827 1837/1837 1831/1831
f 1891/1891 1866/1866 1809/1809
f 1911/1911 1891/1891 1907/1907
f 6611/6611 6615/6615 6614/6614
f 1951/1951 1934/1934 1950/1950
f 1950/1950 1934/1934 1910/1910
f 1985/1985 1951/1951 1950/1950
f 2045/2045 1985/1985 1986/1986
f 2116/2116 2065/2065 2103/2103
f 3833/3833 3844/3844 3806/3806
f 3793/3793 3805/3805 3792/3792
f 3774/3774 3792/3792 3777/3777
f 3777/3777 3792/3792 3776/3776
f 3760/3760 3775/3775 3786/3786
f 3760/3760 3786/3786 3759/3759
f 3750/3750 3787/3787 3749/3749
f 3746/3746 3749/3749 3748/3748
f 3746/3746 3748/3748 3747/3747
f 3747/3747 3748/3748 3771/3771
f 7019/7019 6930/6930 6929/6929
f 6929/6929 6930/6930 6928/6928
f 6374/6374 6376/6376 6375/6375
f 6375/6375 6377/6377 6380/6380
f 6356/6356 6358/6358 6357/6357
f 5812/5812 5742/5742 5809/5809
f 5809/5809 5742/5742 5805/5805
f 5805/5805 5742/5742 5811/5811
f 5805/5805 5810/5810 5808/5808
f 6380/6380 6377/6377 6381/6381
f 4602/4602 4607/4607 4606/4606
f 4606/4606 4607/4607 4609/4609
f 4606/4606 4609/4609 4605/4605
f 4605/4605 4609/4609 4686/4686
f 4687/4687 4663/4663 4665/4665
f 5982/5982 5965/5965 5975/5975
f 5985/5985 5982/5982 5975/5975
f 7497/7497 7504/7504 7494/7494
f 7494/7494 7504/7504 7312/7312
f 7504/7504 7327/7327 7312/7312
f 7312/7312 7327/7327 7309/7309
f 7309/7309 7305/7305 7304/7304
f 7304/7304 7305/7305 7286/7286
f 7286/7286 7305/7305 7302/7302
f 7286/7286 7302/7302 7271/7271
f 7492/7492 7497/7497 7486/7486
f 7257/7257 7271/7271 7270/7270
f 7270/7270 7276/7276 7247/7247
f 7227/7227 7246/7246 7230/7230
f 1794/1794 1802/1802 1790/1790
f 1790/1790 1802/1802 1807/1807
f 1829/1829 1808/1808 1809/1809
f 1809/1809 1808/1808 1779/1779
f 1779/1779 1808/1808 1791/1791
f 7231/7231 7295/7295 7225/7225
f 7295/7295 7297/7297 7296/7296
f 7225/7225 7295/7295 7296/7296
f 7296/7296 7297/7297 7267/7267
f 1866/1866 1829/1829 1809/1809
f 1831/1831 1837/1837 1852/1852
f 6588/6588 6589/6589 6590/6590
f 6591/6591 6588/6588 6590/6590
f 7523/7523 7524/7524 7513/7513
f 1911/1911 1866/1866 1891/1891
f 6590/6590 6589/6589 6614/6614
f 1336/1336 1329/1329 1298/1298
f 1934/1934 1911/1911 1907/1907
f 1987/1987 1951/1951 1985/1985
f 1987/1987 1985/1985 2045/2045
f 2116/2116 2073/2073 2065/2065
f 2129/2129 2073/2073 2116/2116
f 2129/2129 2116/2116 2144/2144
f 4001/4001 4002/4002 3984/3984
f 3984/3984 3949/3949 3864/3864
f 3864/3864 3949/3949 3867/3867
f 3801/3801 3806/3806 3793/3793
f 3793/3793 3806/3806 3805/3805
f 3793/3793 3792/3792 3774/3774
f 3752/3752 3776/3776 3775/3775
f 3747/3747 3771/3771 3807/3807
f 6929/6929 6928/6928 6926/6926
f 6927/6927 6928/6928 7057/7057
f 6374/6374 6375/6375 6373/6373
f 6373/6373 6375/6375 6380/6380
f 5812/5812 5809/5809 5806/5806
f 5806/5806 5809/5809 5805/5805
f 5803/5803 5805/5805 5808/5808
f 7486/7486 7497/7497 7494/7494
f 7482/7482 7492/7492 7486/7486
f 7257/7257 7270/7270 7245/7245
f 7245/7245 7270/7270 7247/7247
f 7493/7493 7498/7498 7484/7484
f 7484/7484 7498/7498 7492/7492
f 7227/7227 7230/7230 7222/7222
f 1791/1791 1793/1793 1780/1780
f 7510/7510 7500/7500 7499/7499
f 7222/7222 7231/7231 7225/7225
f 7138/7138 7139/7139 7140/7140
f 7523/7523 7513/7513 7510/7510
f 1869/1869 1852/1852 1868/1868
f 6590/6590 6614/6614 6616/6616
f 1911/1911 1934/1934 1937/1937
f 1987/1987 1954/1954 1951/1951
f 2043/2043 1987/1987 2066/2066
f 2073/2073 2066/2066 2045/2045
f 2066/2066 1987/1987 2045/2045
f 2073/2073 2045/2045 2065/2065
f 2073/2073 2129/2129 2130/2130
f 2152/2152 2130/2130 2129/2129
f 2152/2152 2129/2129 2144/2144
f 3855/3855 3864/3864 3867/3867
f 3864/3864 3855/3855 3834/3834
f 3833/3833 3834/3834 3855/3855
f 3833/3833 3806/3806 3801/3801
f 3758/3758 3777/3777 3776/3776
f 3758/3758 3776/3776 3752/3752
f 3760/3760 3752/3752 3775/3775
f 3738/3738 3759/3759 3750/3750
f 3750/3750 3749/3749 3726/3726
f 3749/3749 3746/3746 3718/3718
f 3747/3747 3807/3807 3741/3741
f 6997/6997 6929/6929 6926/6926
f 6371/6371 6374/6374 6373/6373
f 6354/6354 6357/6357 6364/6364
f 6356/6356 6357/6357 6354/6354
f 6355/6355 6356/6356 6354/6354
f 5803/5803 5808/5808 5804/5804
f 6432/6432 6435/6435 6433/6433
f 5985/5985 5975/5975 5976/5976
f 7484/7484 7492/7492 7482/7482
f 7476/7476 7484/7484 7482/7482
f 7245/7245 7247/7247 7237/7237
f 7247/7247 7246/7246 7228/7228
f 7228/7228 7246/7246 7227/7227
f 7499/7499 7500/7500 7488/7488
f 7227/7227 7222/7222 7220/7220
f 1851/1851 1829/1829 1867/1867
f 7222/7222 7225/7225 7223/7223
f 7223/7223 7225/7225 7267/7267
f 1937/1937 1897/1897 1911/1911
f 1953/1953 1937/1937 1934/1934
f 1954/1954 1953/1953 1934/1934
f 2043/2043 1954/1954 1987/1987
f 2042/2042 1954/1954 2043/2043
f 1384/1384 1348/1348 1350/1350
f 3983/3983 4001/4001 3984/3984
f 3864/3864 3983/3983 3984/3984
f 3851/3851 3864/3864 3834/3834
f 3834/3834 3833/3833 3800/3800
f 3800/3800 3833/3833 3801/3801
f 3788/3788 3801/3801 3793/3793
f 3774/3774 3777/3777 3758/3758
f 3752/3752 3760/3760 3759/3759
f 3752/3752 3759/3759 3738/3738
f 3726/3726 3749/3749 3718/3718
f 3716/3716 3718/3718 3746/3746
f 3740/3740 3746/3746 3747/3747
f 3716/3716 3746/3746 3740/3740
f 3740/3740 3747/3747 3741/3741
f 6926/6926 6927/6927 6923/6923
f 6371/6371 6373/6373 6369/6369
f 6369/6369 6373/6373 6380/6380
f 5806/5806 5805/5805 5797/5797
f 5797/5797 5805/5805 5803/5803
f 4602/4602 4606/4606 4605/4605
f 7485/7485 7494/7494 7311/7311
f 7494/7494 7312/7312 7311/7311
f 7311/7311 7312/7312 7309/7309
f 7303/7303 7304/7304 7286/7286
f 7482/7482 7486/7486 7471/7471
f 7471/7471 7486/7486 7485/7485
f 7485/7485 7486/7486 7494/7494
f 7258/7258 7271/7271 7257/7257
f 5985/5985 5976/5976 5980/5980
f 4707/4707 4712/4712 4785/4785
f 7478/7478 7484/7484 7476/7476
f 7237/7237 7247/7247 7228/7228
f 7488/7488 7484/7484 7478/7478
f 1802/1802 1812/1812 1807/1807
f 7228/7228 7227/7227 7221/7221
f 7221/7221 7227/7227 7220/7220
f 7220/7220 7222/7222 7219/7219
f 7489/7489 7499/7499 7479/7479
f 1851/1851 1847/1847 1808/1808
f 7219/7219 7222/7222 7223/7223
f 7219/7219 7223/7223 7224/7224
f 7223/7223 7267/7267 7272/7272
f 6593/6593 6591/6591 6592/6592
f 6592/6592 6590/6590 6617/6617
f 1897/1897 1937/1937 1941/1941
f 2042/2042 1953/1953 1954/1954
f 2073/2073 2081/2081 2066/2066
f 2128/2128 2081/2081 2073/2073
f 2128/2128 2073/2073 2130/2130
f 2151/2151 2128/2128 2130/2130
f 2151/2151 2130/2130 2152/2152
f 3986/3986 4001/4001 3983/3983
f 3957/3957 3983/3983 3934/3934
f 3983/3983 3864/3864 3934/3934
f 3934/3934 3864/3864 3851/3851
f 3800/3800 3801/3801 3788/3788
f 3774/3774 3788/3788 3793/3793
f 3788/3788 3774/3774 3762/3762
f 3762/3762 3774/3774 3758/3758
f 3729/3729 3738/3738 3750/3750
f 3729/3729 3750/3750 3726/3726
f 3716/3716 3740/3740 3717/3717
f 3717/3717 3740/3740 3741/3741
f 6997/6997 6926/6926 6925/6925
f 3717/3717 3741/3741 3854/3854
f 6925/6925 6926/6926 6923/6923
f 6368/6368 6371/6371 6369/6369
f 5799/5799 5800/5800 5797/5797
f 5800/5800 5806/5806 5797/5797
f 5797/5797 5803/5803 5798/5798
f 5798/5798 5803/5803 5804/5804
f 4585/4585 4602/4602 4599/4599
f 4599/4599 4602/4602 4605/4605
f 4609/4609 4687/4687 4665/4665
f 4685/4685 4609/4609 4665/4665
f 4653/4653 4656/4656 4710/4710
f 7264/7264 7286/7286 7271/7271
f 4711/4711 4712/4712 4707/4707
f 7476/7476 7482/7482 7471/7471
f 7248/7248 7257/7257 7245/7245
f 4707/4707 4785/4785 4740/4740
f 7470/7470 7478/7478 7476/7476
f 6005/6005 5980/5980 5981/5981
f 7479/7479 7488/7488 7473/7473
f 1884/1884 1867/1867 1898/1898
f 1953/1953 1978/1978 1937/1937
f 1341/1341 1335/1335 1351/1351
f 2043/2043 2040/2040 2042/2042
f 2046/2046 2043/2043 2066/2066
f 2081/2081 2046/2046 2066/2066
f 2046/2046 2081/2081 2078/2078
f 3981/3981 3986/3986 3957/3957
f 3957/3957 3986/3986 3983/3983
f 3926/3926 3934/3934 3850/3850
f 3934/3934 3851/3851 3850/3850
f 3850/3850 3851/3851 3822/3822
f 3822/3822 3851/3851 3834/3834
f 3822/3822 3834/3834 3800/3800
f 3780/3780 3800/3800 3788/3788
f 3723/3723 3758/3758 3752/3752
f 3723/3723 3752/3752 3715/3715
f 3715/3715 3752/3752 3738/3738
f 3737/3737 3738/3738 3729/3729
f 3712/3712 3729/3729 3706/3706
f 3729/3729 3726/3726 3706/3706
f 3707/3707 3718/3718 3716/3716
f 3707/3707 3716/3716 3708/3708
f 3716/3716 3717/3717 3708/3708
f 3708/3708 3717/3717 3710/3710
f 3717/3717 3854/3854 3782/3782
f 3710/3710 3717/3717 3782/3782
f 6924/6924 6925/6925 6923/6923
f 6368/6368 6369/6369 6370/6370
f 6372/6372 6368/6368 6370/6370
f 6370/6370 6369/6369 6382/6382
f 5799/5799 5797/5797 5790/5790
f 6351/6351 6361/6361 6365/6365
f 5790/5790 5797/5797 5787/5787
f 5787/5787 5797/5797 5798/5798
f 6354/6354 6361/6361 6351/6351
f 4686/4686 4609/4609 4685/4685
f 4665/4665 4664/4664 4666/4666
f 4710/4710 4711/4711 4709/4709
f 20/20 72/72 71/71
f 4709/4709 4711/4711 4707/4707
f 7283/7283 7303/7303 7286/7286
f 7283/7283 7286/7286 7264/7264
f 7264/7264 7271/7271 7258/7258
f 7258/7258 7257/7257 7248/7248
f 7476/7476 7471/7471 7469/7469
f 7244/7244 7245/7245 7237/7237
f 7237/7237 7228/7228 7229/7229
f 7473/7473 7478/7478 7470/7470
f 7229/7229 7228/7228 7221/7221
f 1812/1812 1832/1832 1833/1833
f 1851/1851 1848/1848 1847/1847
f 1884/1884 1848/1848 1851/1851
f 7224/7224 7236/7236 7217/7217
f 7236/7236 7272/7272 7273/7273
f 7217/7217 7236/7236 7273/7273
f 6594/6594 6593/6593 6592/6592
f 7273/7273 7275/7275 7274/7274
f 4813/4813 4814/4814 4809/4809
f 1941/1941 1898/1898 1897/1897
f 4809/4809 4814/4814 4815/4815
f 1992/1992 1978/1978 1953/1953
f 1400/1400 1402/1402 1388/1388
f 2037/2037 1992/1992 2040/2040
f 2040/2040 1992/1992 2042/2042
f 2041/2041 2040/2040 2043/2043
f 2046/2046 2041/2041 2043/2043
f 1388/1388 1425/1425 1385/1385
f 2120/2120 2078/2078 2081/2081
f 2120/2120 2081/2081 2128/2128
f 3992/3992 3981/3981 3976/3976
f 3976/3976 3981/3981 3975/3975
f 3975/3975 3981/3981 3957/3957
f 3975/3975 3957/3957 3946/3946
f 3957/3957 3934/3934 3946/3946
f 3946/3946 3934/3934 3926/3926
f 3919/3919 3926/3926 3850/3850
f 3919/3919 3850/3850 3857/3857
f 3857/3857 3850/3850 3810/3810
f 3810/3810 3850/3850 3822/3822
f 3789/3789 3822/3822 3800/3800
f 3780/3780 3788/3788 3762/3762
f 3762/3762 3758/3758 3734/3734
f 3724/3724 3758/3758 3723/3723
f 3715/3715 3738/3738 3737/3737
f 3712/3712 3737/3737 3729/3729
f 3705/3705 3706/3706 3726/3726
f 3705/3705 3726/3726 3718/3718
f 3705/3705 3718/3718 3707/3707
f 6923/6923 7017/7017 6921/6921
f 4582/4582 4585/4585 4581/4581
f 5787/5787 5798/5798 5788/5788
f 4581/4581 4585/4585 4599/4599
f 4581/4581 4599/4599 4601/4601
f 4601/4601 4599/4599 4605/4605
f 4601/4601 4605/4605 4684/4684
f 4605/4605 4686/4686 4684/4684
f 4666/4666 4664/4664 4655/4655
f 7311/7311 7303/7303 7308/7308
f 7284/7284 7303/7303 7283/7283
f 7471/7471 7485/7485 7467/7467
f 7467/7467 7485/7485 7483/7483
f 7483/7483 7485/7485 7311/7311
f 7244/7244 7248/7248 7245/7245
f 7470/7470 7476/7476 7469/7469
f 7244/7244 7237/7237 7238/7238
f 7466/7466 7473/7473 7470/7470
f 1832/1832 1843/1843 1833/1833
f 7221/7221 7220/7220 7215/7215
f 7215/7215 7220/7220 7219/7219
f 6005/6005 5981/5981 5992/5992
f 7216/7216 7219/7219 7217/7217
f 7515/7515 7509/7509 7503/7503
f 2041/2041 2037/2037 2040/2040
f 2048/2048 2041/2041 2068/2068
f 2078/2078 2120/2120 2137/2137
f 3991/3991 3992/3992 3976/3976
f 3976/3976 3975/3975 3973/3973
f 3973/3973 3975/3975 3974/3974
f 3975/3975 3946/3946 3974/3974
f 3974/3974 3946/3946 3933/3933
f 3933/3933 3946/3946 3943/3943
f 3946/3946 3926/3926 3943/3943
f 3943/3943 3926/3926 3919/3919
f 3810/3810 3822/3822 3789/3789
f 3789/3789 3800/3800 3780/3780
f 3780/3780 3762/3762 3751/3751
f 3724/3724 3734/3734 3758/3758
f 3711/3711 3715/3715 3737/3737
f 3711/3711 3737/3737 3712/3712
f 3781/3781 3710/3710 3782/3782
f 6922/6922 6923/6923 6921/6921
f 4584/4584 4582/4582 4580/4580
f 4583/4583 4584/4584 4580/4580
f 4580/4580 4582/4582 4581/4581
f 5807/5807 5790/5790 5778/5778
f 5778/5778 5790/5790 5787/5787
f 4600/4600 4581/4581 4601/4601
f 4684/4684 4686/4686 4685/4685
f 7483/7483 7311/7311 7308/7308
f 7308/7308 7303/7303 7284/7284
f 7469/7469 7471/7471 7460/7460
f 7460/7460 7471/7471 7467/7467
f 7470/7470 7469/7469 7461/7461
f 7238/7238 7237/7237 7229/7229
f 7238/7238 7229/7229 7234/7234
f 7226/7226 7221/7221 7215/7215
f 4740/4740 4791/4791 4757/4757
f 7489/7489 7479/7479 7480/7480
f 7215/7215 7219/7219 7216/7216
f 7216/7216 7217/7217 7214/7214
f 7217/7217 7273/7273 7265/7265
f 7214/7214 7217/7217 7265/7265
f 7265/7265 7273/7273 7274/7274
f 4807/4807 4813/4813 4809/4809
f 1976/1976 1978/1978 2038/2038
f 2037/2037 2041/2041 2047/2047
f 2048/2048 2068/2068 2071/2071
f 2071/2071 2068/2068 2078/2078
f 2137/2137 2071/2071 2078/2078
f 3991/3991 3976/3976 3977/3977
f 3977/3977 3976/3976 3973/3973
f 3919/3919 3857/3857 3896/3896
f 3857/3857 3810/3810 3804/3804
f 3896/3896 3857/3857 3804/3804
f 3804/3804 3810/3810 3789/3789
f 3789/3789 3780/3780 3778/3778
f 3761/3761 3780/3780 3751/3751
f 3734/3734 3751/3751 3762/3762
f 3709/3709 3708/3708 3710/3710
f 3709/3709 3710/3710 3781/3781
f 3753/3753 3781/3781 3782/3782
f 6922/6922 6921/6921 6919/6919
f 4580/4580 4581/4581 4579/4579
f 5789/5789 5807/5807 5778/5778
f 5778/5778 5787/5787 5775/5775
f 5775/5775 5787/5787 5788/5788
f 5775/5775 5788/5788 5776/5776
f 5776/5776 5788/5788 5777/5777
f 4579/4579 4581/4581 4600/4600
f 4600/4600 4601/4601 4684/4684
f 41/41 78/78 42/42
f 7483/7483 7308/7308 7487/7487
f 7284/7284 7283/7283 7277/7277
f 7277/7277 7283/7283 7264/7264
f 7264/7264 7258/7258 7248/7248
f 7461/7461 7469/7469 7460/7460
f 7248/7248 7244/7244 7242/7242
f 7242/7242 7244/7244 7238/7238
f 7233/7233 7229/7229 7226/7226
f 7472/7472 7473/7473 7466/7466
f 4707/4707 4740/4740 4706/4706
f 1884/1884 1973/1973 1940/1940
f 4706/4706 4740/4740 4757/4757
f 7480/7480 7479/7479 7472/7472
f 7479/7479 7473/7473 7472/7472
f 4757/4757 4791/4791 4777/4777
f 7214/7214 7265/7265 7251/7251
f 1952/1952 1958/1958 1898/1898
f 7265/7265 7274/7274 7419/7419
f 4807/4807 4809/4809 4808/4808
f 2070/2070 2037/2037 2047/2047
f 2156/2156 2137/2137 2157/2157
f 3977/3977 3973/3973 3972/3972
f 3966/3966 3977/3977 3972/3972
f 3973/3973 3974/3974 3893/3893
f 3972/3972 3973/3973 3893/3893
f 3974/3974 3933/3933 3893/3893
f 3933/3933 3943/3943 3932/3932
f 3943/3943 3919/3919 3932/3932
f 3932/3932 3919/3919 3896/3896
f 3896/3896 3804/3804 3870/3870
f 3804/3804 3789/3789 3778/3778
f 3778/3778 3780/3780 3761/3761
f 3761/3761 3751/3751 3755/3755
f 3725/3725 3734/3734 3724/3724
f 3723/3723 3715/3715 3697/3697
f 3697/3697 3715/3715 3711/3711
f 3712/3712 3706/3706 3692/3692
f 3692/3692 3706/3706 3693/3693
f 3693/3693 3706/3706 3705/3705
f 3705/3705 3707/3707 3694/3694
f 3707/3707 3708/3708 3695/3695
f 3695/3695 3708/3708 3709/3709
f 3709/3709 3781/3781 3753/3753
f 3709/3709 3753/3753 3719/3719
f 7025/7025 6922/6922 6919/6919
f 4583/4583 4580/4580 4578/4578
f 4578/4578 4580/4580 4579/4579
f 6346/6346 6347/6347 6348/6348
f 4596/4596 4579/4579 4600/4600
f 7308/7308 7284/7284 7285/7285
f 7467/7467 7483/7483 7468/7468
f 7259/7259 7264/7264 7248/7248
f 7249/7249 7248/7248 7242/7242
f 7459/7459 7461/7461 7460/7460
f 7242/7242 7238/7238 7234/7234
f 7459/7459 7470/7470 7461/7461
f 7234/7234 7229/7229 7233/7233
f 7472/7472 7466/7466 7465/7465
f 27/27 74/74 53/53
f 4706/4706 4757/4757 4777/4777
f 1958/1958 1970/1970 1966/1966
f 1960/1960 1958/1958 1966/1966
f 4806/4806 4825/4825 4807/4807
f 1975/1975 1969/1969 1970/1970
f 2051/2051 1975/1975 1976/1976
f 2028/2028 2070/2070 2047/2047
f 2034/2034 2032/2032 2030/2030
f 2034/2034 2030/2030 2071/2071
f 2071/2071 2030/2030 2048/2048
f 2156/2156 2034/2034 2071/2071
f 2077/2077 2156/2156 2157/2157
f 2158/2158 2077/2077 2157/2157
f 3972/3972 3947/3947 3966/3966
f 3947/3947 3972/3972 3893/3893
f 3947/3947 3893/3893 3892/3892
f 3892/3892 3893/3893 3891/3891
f 3891/3891 3893/3893 3933/3933
f 3891/3891 3933/3933 3932/3932
f 3932/3932 3896/3896 3930/3930
f 3930/3930 3896/3896 3870/3870
f 3870/3870 3804/3804 3802/3802
f 3802/3802 3804/3804 3778/3778
f 3755/3755 3751/3751 3735/3735
f 3721/3721 3734/3734 3725/3725
f 3725/3725 3724/3724 3702/3702
f 3724/3724 3723/3723 3702/3702
f 3702/3702 3723/3723 3697/3697
f 3697/3697 3711/3711 3692/3692
f 3692/3692 3711/3711 3712/3712
f 3693/3693 3705/3705 3694/3694
f 3694/3694 3707/3707 3695/3695
f 7025/7025 6919/6919 6920/6920
f 6919/6919 6921/6921 6918/6918
f 4577/4577 4583/4583 4578/4578
f 4578/4578 4579/4579 4576/4576
f 5789/5789 5778/5778 5774/5774
f 5802/5802 5789/5789 5774/5774
f 5774/5774 5778/5778 5775/5775
f 5776/5776 5777/5777 5773/5773
f 4576/4576 4579/4579 4596/4596
f 6346/6346 6348/6348 6349/6349
f 4596/4596 4600/4600 4603/4603
f 4603/4603 4600/4600 4684/4684
f 7581/7581 7588/7588 7604/7604
f 7559/7559 7604/7604 7560/7560
f 4708/4708 4710/4710 4709/4709
f 18/18 19/19 41/41
f 7483/7483 7487/7487 7468/7468
f 7487/7487 7308/7308 7285/7285
f 7277/7277 7264/7264 7259/7259
f 7460/7460 7467/7467 7454/7454
f 7259/7259 7248/7248 7249/7249
f 4709/4709 4707/4707 4701/4701
f 7554/7554 7557/7557 7555/7555
f 7459/7459 7460/7460 7455/7455
f 7242/7242 7234/7234 7235/7235
f 4701/4701 4707/4707 4706/4706
f 7226/7226 7215/7215 7218/7218
f 7556/7556 7555/7555 7491/7491
f 7480/7480 7472/7472 7475/7475
f 7481/7481 7480/7480 7475/7475
f 7251/7251 7348/7348 7349/7349
f 7349/7349 7348/7348 7350/7350
f 4706/4706 4777/4777 4758/4758
f 4829/4829 4825/4825 4806/4806
f 4806/4806 4807/4807 4805/4805
f 1967/1967 1969/1969 1982/1982
f 2036/2036 1969/1969 1975/1975
f 2051/2051 2036/2036 1975/1975
f 2036/2036 2051/2051 2022/2022
f 2070/2070 2064/2064 2051/2051
f 2033/2033 2049/2049 2031/2031
f 2029/2029 2030/2030 2031/2031
f 2030/2030 2028/2028 2047/2047
f 2033/2033 2031/2031 2032/2032
f 2032/2032 2031/2031 2030/2030
f 2035/2035 2033/2033 2032/2032
f 2035/2035 2032/2032 2034/2034
f 2077/2077 2035/2035 2034/2034
f 3965/3965 3966/3966 3947/3947
f 3965/3965 3947/3947 3948/3948
f 3947/3947 3892/3892 3948/3948
f 3948/3948 3892/3892 3889/3889
f 3889/3889 3892/3892 3891/3891
f 3884/3884 3891/3891 3883/3883
f 3883/3883 3891/3891 3932/3932
f 3883/3883 3932/3932 3930/3930
f 3779/3779 3802/3802 3778/3778
f 3757/3757 3778/3778 3761/3761
f 3757/3757 3761/3761 3755/3755
f 3735/3735 3751/3751 3721/3721
f 3721/3721 3751/3751 3734/3734
f 3703/3703 3725/3725 3702/3702
f 3692/3692 3693/3693 3690/3690
f 3693/3693 3694/3694 3690/3690
f 3698/3698 3695/3695 3709/3709
f 3698/3698 3709/3709 3719/3719
f 3698/3698 3719/3719 3720/3720
f 6919/6919 6918/6918 6915/6915
f 6917/6917 6919/6919 6915/6915
f 4577/4577 4578/4578 4576/4576
f 4575/4575 4577/4577 4576/4576
f 5774/5774 5775/5775 5770/5770
f 5775/5775 5776/5776 5773/5773
f 4576/4576 4596/4596 4603/4603
f 4684/4684 4685/4685 4682/4682
f 4685/4685 4665/4665 4667/4667
f 4667/4667 4665/4665 4666/4666
f 7587/7587 7588/7588 7581/7581
f 7581/7581 7604/7604 7559/7559
f 7559/7559 7554/7554 7561/7561
f 7256/7256 7259/7259 7249/7249
f 7455/7455 7460/7460 7454/7454
f 7250/7250 7249/7249 7242/7242
f 7250/7250 7242/7242 7243/7243
f 7554/7554 7553/7553 7548/7548
f 7449/7449 7459/7459 7455/7455
f 7243/7243 7242/7242 7235/7235
f 7235/7235 7234/7234 7233/7233
f 7465/7465 7466/7466 7459/7459
f 26/26 53/53 54/54
f 7226/7226 7218/7218 7232/7232
f 7218/7218 7215/7215 7210/7210
f 27/27 53/53 26/26
f 7556/7556 7481/7481 7475/7475
f 7215/7215 7214/7214 7210/7210
f 7210/7210 7214/7214 7213/7213
f 7213/7213 7214/7214 7251/7251
f 7213/7213 7251/7251 7349/7349
f 4705/4705 4706/4706 4758/4758
f 2022/2022 2051/2051 2064/2064
f 2049/2049 2134/2134 2027/2027
f 2049/2049 2027/2027 2029/2029
f 2031/2031 2049/2049 2029/2029
f 2027/2027 2025/2025 2028/2028
f 2029/2029 2027/2027 2028/2028
f 537/537 539/539 538/538
f 538/538 539/539 415/415
f 3894/3894 3948/3948 3889/3889
f 3884/3884 3889/3889 3891/3891
f 3889/3889 3884/3884 3886/3886
f 3931/3931 3930/3930 3870/3870
f 3931/3931 3870/3870 3866/3866
f 3870/3870 3802/3802 3866/3866
f 3866/3866 3802/3802 3803/3803
f 3803/3803 3802/3802 3779/3779
f 3779/3779 3778/3778 3772/3772
f 3772/3772 3778/3778 3757/3757
f 3703/3703 3721/3721 3725/3725
f 3690/3690 3694/3694 3691/3691
f 3694/3694 3695/3695 3691/3691
f 3739/3739 3698/3698 3720/3720
f 3689/3689 3698/3698 3739/3739
f 5770/5770 5775/5775 5773/5773
f 5770/5770 5773/5773 5772/5772
f 4595/4595 4576/4576 4603/4603
f 7586/7586 7588/7588 7587/7587
f 7580/7580 7587/7587 7581/7581
f 7578/7578 7581/7581 7563/7563
f 7563/7563 7559/7559 7561/7561
f 7561/7561 7554/7554 7562/7562
f 7561/7561 7562/7562 7564/7564
f 7468/7468 7487/7487 7477/7477
f 7477/7477 7487/7487 7285/7285
f 7285/7285 7284/7284 7278/7278
f 7278/7278 7284/7284 7277/7277
f 7278/7278 7277/7277 7259/7259
f 7562/7562 7554/7554 7548/7548
f 7449/7449 7455/7455 7448/7448
f 7456/7456 7459/7459 7449/7449
f 7239/7239 7235/7235 7233/7233
f 7456/7456 7465/7465 7459/7459
f 7232/7232 7233/7233 7226/7226
f 7474/7474 7472/7472 7465/7465
f 7545/7545 7556/7556 7475/7475
f 1/1 2/2 3/3
f 7351/7351 7350/7350 7420/7420
f 7354/7354 7351/7351 7420/7420
f 4800/4800 4829/4829 4806/4806
f 4800/4800 4806/4806 4805/4805
f 4705/4705 4758/4758 4777/4777
f 2013/2013 1982/1982 2036/2036
f 2020/2020 2013/2013 2022/2022
f 2014/2014 2020/2020 2021/2021
f 2022/2022 2013/2013 2036/2036
f 2134/2134 2024/2024 2026/2026
f 2026/2026 2024/2024 2021/2021
f 2021/2021 2020/2020 2022/2022
f 2027/2027 2134/2134 2026/2026
f 2026/2026 2021/2021 2025/2025
f 2025/2025 2021/2021 2022/2022
f 2027/2027 2026/2026 2025/2025
f 3894/3894 3889/3889 3886/3886
f 3886/3886 3884/3884 3885/3885
f 3885/3885 3884/3884 3882/3882
f 3882/3882 3884/3884 3883/3883
f 3880/3880 3883/3883 3930/3930
f 3880/3880 3930/3930 3931/3931
f 3895/3895 3931/3931 3866/3866
f 3803/3803 3779/3779 3772/3772
f 3772/3772 3757/3757 3764/3764
f 3764/3764 3757/3757 3756/3756
f 3756/3756 3757/3757 3742/3742
f 3742/3742 3757/3757 3755/3755
f 3742/3742 3755/3755 3735/3735
f 3721/3721 3703/3703 3700/3700
f 3699/3699 3703/3703 3702/3702
f 3699/3699 3702/3702 3683/3683
f 3683/3683 3702/3702 3697/3697
f 3683/3683 3697/3697 3692/3692
f 3681/3681 3692/3692 3690/3690
f 3691/3691 3695/3695 3689/3689
f 3689/3689 3695/3695 3698/3698
f 6917/6917 6915/6915 6916/6916
f 3689/3689 3739/3739 3815/3815
f 4592/4592 4577/4577 4575/4575
f 4575/4575 4576/4576 4573/4573
f 5748/5748 5802/5802 5774/5774
f 5748/5748 5774/5774 5771/5771
f 5771/5771 5774/5774 5770/5770
f 4573/4573 4576/4576 4595/4595
f 4604/4604 4603/4603 4684/4684
f 4652/4652 4655/4655 4653/4653
f 7580/7580 7581/7581 7578/7578
f 7563/7563 7561/7561 7565/7565
f 7565/7565 7561/7561 7564/7564
f 7477/7477 7285/7285 7307/7307
f 7307/7307 7285/7285 7278/7278
f 7564/7564 7562/7562 7548/7548
f 7454/7454 7468/7468 7458/7458
f 7458/7458 7468/7468 7477/7477
f 7278/7278 7259/7259 7263/7263
f 7263/7263 7259/7259 7256/7256
f 7448/7448 7455/7455 7454/7454
f 7549/7549 7548/7548 7546/7546
f 7243/7243 7235/7235 7239/7239
f 4701/4701 4706/4706 4705/4705
f 7452/7452 7465/7465 7456/7456
f 7464/7464 7465/7465 7452/7452
f 7240/7240 7232/7232 7241/7241
f 7545/7545 7495/7495 7464/7464
f 7474/7474 7465/7465 7464/7464
f 7241/7241 7232/7232 7218/7218
f 7241/7241 7218/7218 7209/7209
f 7218/7218 7210/7210 7209/7209
f 7212/7212 7213/7213 7211/7211
f 7213/7213 7351/7351 7353/7353
f 7211/7211 7213/7213 7353/7353
f 7353/7353 7351/7351 7354/7354
f 4705/4705 4777/4777 4781/4781
f 2013/2013 2012/2012 1982/1982
f 4820/4820 4799/4799 4805/4805
f 4799/4799 4820/4820 4821/4821
f 2024/2024 2023/2023 2014/2014
f 2021/2021 2024/2024 2014/2014
f 3890/3890 3894/3894 3886/3886
f 3890/3890 3886/3886 3887/3887
f 3887/3887 3886/3886 3885/3885
f 3882/3882 3883/3883 3881/3881
f 3881/3881 3883/3883 3880/3880
f 3742/3742 3735/3735 3732/3732
f 3722/3722 3735/3735 3721/3721
f 3732/3732 3735/3735 3722/3722
f 3722/3722 3721/3721 3700/3700
f 3700/3700 3703/3703 3699/3699
f 3682/3682 3683/3683 3692/3692
f 3682/3682 3692/3692 3681/3681
f 3680/3680 3690/3690 3691/3691
f 3680/3680 3691/3691 3679/3679
f 3679/3679 3691/3691 3684/3684
f 3684/3684 3691/3691 3689/3689
f 5771/5771 5770/5770 5766/5766
f 5766/5766 5770/5770 5768/5768
f 5770/5770 5772/5772 5768/5768
f 5768/5768 5772/5772 5769/5769
f 4666/4666 4655/4655 4652/4652
f 7586/7586 7580/7580 7585/7585
f 45/45 57/57 56/56
f 7578/7578 7563/7563 7566/7566
f 7578/7578 7566/7566 7577/7577
f 7566/7566 7565/7565 7567/7567
f 7567/7567 7565/7565 7564/7564
f 7567/7567 7564/7564 7568/7568
f 7458/7458 7477/7477 7307/7307
f 7564/7564 7548/7548 7549/7549
f 7568/7568 7564/7564 7549/7549
f 7448/7448 7454/7454 7450/7450
f 7450/7450 7454/7454 7458/7458
f 7263/7263 7256/7256 7253/7253
f 7253/7253 7256/7256 7249/7249
f 7253/7253 7249/7249 7250/7250
f 7250/7250 7243/7243 7252/7252
f 7549/7549 7546/7546 7550/7550
f 7452/7452 7456/7456 7449/7449
f 7239/7239 7233/7233 7240/7240
f 7240/7240 7233/7233 7232/7232
f 7453/7453 7464/7464 7452/7452
f 1980/1980 1996/1996 1972/1972
f 7210/7210 7212/7212 7211/7211
f 7209/7209 7210/7210 7211/7211
f 7355/7355 7354/7354 7356/7356
f 7356/7356 7354/7354 7420/7420
f 4828/4828 4800/4800 4798/4798
f 2016/2016 2012/2012 2015/2015
f 4800/4800 4805/4805 4799/4799
f 4798/4798 4800/4800 4799/4799
f 7169/7169 7171/7171 7167/7167
f 4705/4705 4781/4781 4727/4727
f 2023/2023 2015/2015 2014/2014
f 2014/2014 2015/2015 2012/2012
f 4727/4727 4781/4781 4779/4779
f 3887/3887 3885/3885 3888/3888
f 3888/3888 3885/3885 3882/3882
f 3880/3880 3931/3931 3895/3895
f 3866/3866 3803/3803 3809/3809
f 3809/3809 3803/3803 3772/3772
f 3809/3809 3772/3772 3791/3791
f 3791/3791 3772/3772 3764/3764
f 3754/3754 3764/3764 3756/3756
f 3756/3756 3742/3742 3754/3754
f 3678/3678 3681/3681 3690/3690
f 3680/3680 3678/3678 3690/3690
f 3684/3684 3689/3689 3687/3687
f 3687/3687 3689/3689 3815/3815
f 6916/6916 6915/6915 6912/6912
f 6912/6912 6914/6914 6913/6913
f 4574/4574 4575/4575 4573/4573
f 4572/4572 4574/4574 4573/4573
f 6367/6367 6363/6363 6366/6366
f 4573/4573 4595/4595 4604/4604
f 4604/4604 4595/4595 4603/4603
f 4682/4682 4685/4685 4667/4667
f 4653/4653 4710/4710 4708/4708
f 7582/7582 7580/7580 7577/7577
f 7566/7566 7567/7567 7569/7569
f 7569/7569 7567/7567 7571/7571
f 7313/7313 7307/7307 7288/7288
f 7288/7288 7307/7307 7278/7278
f 7450/7450 7458/7458 7457/7457
f 7457/7457 7458/7458 7307/7307
f 7278/7278 7263/7263 7288/7288
f 7288/7288 7263/7263 7266/7266
f 7266/7266 7263/7263 7253/7253
f 7431/7431 7448/7448 7430/7430
f 7430/7430 7448/7448 7450/7450
f 7253/7253 7250/7250 7252/7252
f 4708/4708 4709/4709 4701/4701
f 7446/7446 7448/7448 7431/7431
f 7254/7254 7252/7252 7243/7243
f 7255/7255 7243/7243 7239/7239
f 7452/7452 7449/7449 7446/7446
f 7453/7453 7452/7452 7447/7447
f 7546/7546 7464/7464 7512/7512
f 7547/7547 7546/7546 7512/7512
f 7512/7512 7464/7464 7453/7453
f 7268/7268 7240/7240 7241/7241
f 28/28 27/27 23/23
f 1964/1964 1963/1963 1962/1962
f 2017/2017 1964/1964 1965/1965
f 4797/4797 4798/4798 4799/4799
f 519/519 503/503 536/536
f 3882/3882 3881/3881 3879/3879
f 519/519 536/536 534/534
f 3881/3881 3880/3880 3879/3879
f 3879/3879 3880/3880 3878/3878
f 3878/3878 3880/3880 3895/3895
f 3790/3790 3791/3791 3764/3764
f 3743/3743 3754/3754 3742/3742
f 3743/3743 3742/3742 3732/3732
f 3701/3701 3700/3700 3696/3696
f 3700/3700 3699/3699 3696/3696
f 3687/3687 3815/3815 3909/3909
f 6912/6912 6913/6913 6911/6911
f 5791/5791 5771/5771 5766/5766
f 5766/5766 5768/5768 5762/5762
f 5768/5768 5769/5769 5762/5762
f 5762/5762 5769/5769 5765/5765
f 4594/4594 4573/4573 4604/4604
f 4604/4604 4684/4684 4682/4682
f 4652/4652 4653/4653 4654/4654
f 7584/7584 7585/7585 7582/7582
f 7570/7570 7577/7577 7566/7566
f 7570/7570 7566/7566 7569/7569
f 7569/7569 7571/7571 7573/7573
f 7571/7571 7568/7568 7551/7551
f 7457/7457 7307/7307 7313/7313
f 7430/7430 7450/7450 7429/7429
f 7429/7429 7450/7450 7457/7457
f 7260/7260 7266/7266 7253/7253
f 22/22 21/21 7/7
f 7568/7568 7549/7549 7551/7551
f 7551/7551 7549/7549 7550/7550
f 7551/7551 7550/7550 7552/7552
f 7254/7254 7243/7243 7255/7255
f 7255/7255 7239/7239 7261/7261
f 7261/7261 7239/7239 7240/7240
f 7552/7552 7550/7550 7547/7547
f 7268/7268 7241/7241 7294/7294
f 7294/7294 7241/7241 7209/7209
f 7294/7294 7209/7209 7361/7361
f 7209/7209 7211/7211 7361/7361
f 7361/7361 7211/7211 7395/7395
f 7409/7409 7355/7355 7357/7357
f 7411/7411 7409/7409 7357/7357
f 7357/7357 7355/7355 7356/7356
f 2019/2019 2017/2017 2018/2018
f 2052/2052 2019/2019 2018/2018
f 7395/7395 7211/7211 7353/7353
f 2016/2016 2018/2018 2017/2017
f 5554/5554 5545/5545 5557/5557
f 519/519 534/534 525/525
f 3970/3970 3879/3879 3877/3877
f 3879/3879 3878/3878 3877/3877
f 3809/3809 3895/3895 3866/3866
f 3895/3895 3809/3809 3873/3873
f 3878/3878 3895/3895 3873/3873
f 3873/3873 3809/3809 3831/3831
f 3790/3790 3764/3764 3766/3766
f 3766/3766 3764/3764 3754/3754
f 3765/3765 3754/3754 3743/3743
f 3743/3743 3732/3732 3736/3736
f 3728/3728 3732/3732 3722/3722
f 3722/3722 3700/3700 3701/3701
f 3696/3696 3699/3699 3683/3683
f 3696/3696 3683/3683 3659/3659
f 3659/3659 3683/3683 3660/3660
f 3660/3660 3683/3683 3682/3682
f 3682/3682 3681/3681 3660/3660
f 3660/3660 3681/3681 3678/3678
f 3677/3677 3678/3678 3680/3680
f 3677/3677 3680/3680 3679/3679
f 3684/3684 3687/3687 3686/3686
f 3686/3686 3687/3687 3713/3713
f 3713/3713 3687/3687 3909/3909
f 5764/5764 5766/5766 5762/5762
f 4683/4683 4604/4604 4682/4682
f 5049/5049 5060/5060 5034/5034
f 7584/7584 7582/7582 7583/7583
f 7583/7583 7582/7582 7579/7579
f 7579/7579 7582/7582 7577/7577
f 7579/7579 7577/7577 7570/7570
f 7570/7570 7569/7569 7574/7574
f 7574/7574 7569/7569 7573/7573
f 7573/7573 7571/7571 7572/7572
f 7571/7571 7551/7551 7572/7572
f 7572/7572 7551/7551 7576/7576
f 7429/7429 7457/7457 7313/7313
f 7289/7289 7288/7288 7266/7266
f 7289/7289 7266/7266 7260/7260
f 7260/7260 7253/7253 7252/7252
f 7262/7262 7252/7252 7254/7254
f 7436/7436 7446/7446 7431/7431
f 7447/7447 7452/7452 7436/7436
f 7452/7452 7446/7446 7436/7436
f 7547/7547 7512/7512 7445/7445
f 7445/7445 7512/7512 7453/7453
f 7445/7445 7453/7453 7447/7447
f 7357/7357 7356/7356 7358/7358
f 4827/4827 4828/4828 4798/4798
f 4827/4827 4798/4798 4801/4801
f 4801/4801 4798/4798 4797/4797
f 4797/4797 4799/4799 4818/4818
f 3877/3877 3971/3971 3970/3970
f 3877/3877 3878/3878 3874/3874
f 3874/3874 3878/3878 3873/3873
f 3831/3831 3809/3809 3791/3791
f 3831/3831 3791/3791 3790/3790
f 3766/3766 3754/3754 3765/3765
f 3765/3765 3743/3743 3745/3745
f 3745/3745 3743/3743 3736/3736
f 3736/3736 3732/3732 3728/3728
f 3728/3728 3722/3722 3727/3727
f 3727/3727 3722/3722 3701/3701
f 3666/3666 3678/3678 3677/3677
f 3679/3679 3684/3684 3676/3676
f 3676/3676 3684/3684 3686/3686
f 3713/3713 3909/3909 3814/3814
f 6910/6910 6912/6912 6911/6911
f 4574/4574 4572/4572 4571/4571
f 4590/4590 4574/4574 4571/4571
f 4571/4571 4572/4572 4573/4573
f 5791/5791 5766/5766 5760/5760
f 5760/5760 5766/5766 5764/5764
f 5068/5068 5070/5070 5252/5252
f 5171/5171 5068/5068 5252/5252
f 7594/7594 7583/7583 7579/7579
f 7574/7574 7573/7573 7572/7572
f 7331/7331 7313/7313 7288/7288
f 7330/7330 7288/7288 7289/7289
f 7431/7431 7430/7430 7424/7424
f 7433/7433 7431/7431 7424/7424
f 7424/7424 7430/7430 7429/7429
f 7260/7260 7252/7252 7262/7262
f 7432/7432 7431/7431 7433/7433
f 7262/7262 7254/7254 7255/7255
f 7436/7436 7431/7431 7432/7432
f 7551/7551 7552/7552 7575/7575
f 7576/7576 7551/7551 7575/7575
f 7552/7552 7547/7547 7575/7575
f 7261/7261 7240/7240 7269/7269
f 7575/7575 7547/7547 7445/7445
f 7445/7445 7447/7447 7441/7441
f 7269/7269 7240/7240 7268/7268
f 7269/7269 7268/7268 7359/7359
f 7359/7359 7268/7268 7294/7294
f 7361/7361 7395/7395 7391/7391
f 7391/7391 7395/7395 7411/7411
f 4701/4701 4705/4705 4704/4704
f 4704/4704 4705/4705 4727/4727
f 4727/4727 4779/4779 4766/4766
f 4704/4704 4727/4727 4766/4766
f 513/513 499/499 540/540
f 513/513 540/540 533/533
f 3877/3877 3874/3874 3876/3876
f 3874/3874 3873/3873 3838/3838
f 3838/3838 3873/3873 3831/3831
f 3769/3769 3766/3766 3765/3765
f 3701/3701 3696/3696 3658/3658
f 3658/3658 3696/3696 3659/3659
f 3660/3660 3678/3678 3666/3666
f 3676/3676 3677/3677 3679/3679
f 3686/3686 3713/3713 3714/3714
f 3714/3714 3713/3713 3814/3814
f 4571/4571 4573/4573 4586/4586
f 5250/5250 5188/5188 5308/5308
f 5764/5764 5762/5762 5758/5758
f 5763/5763 5762/5762 5765/5765
f 4586/4586 4573/4573 4594/4594
f 4594/4594 4604/4604 4608/4608
f 5252/5252 5070/5070 5273/5273
f 5201/5201 5278/5278 5273/5273
f 5171/5171 5252/5252 5276/5276
f 7594/7594 7579/7579 7602/7602
f 7602/7602 7579/7579 7574/7574
f 7602/7602 7574/7574 7592/7592
f 7592/7592 7574/7574 7591/7591
f 7591/7591 7574/7574 7572/7572
f 7591/7591 7572/7572 7590/7590
f 7590/7590 7572/7572 7589/7589
f 7589/7589 7572/7572 7576/7576
f 7429/7429 7313/7313 7462/7462
f 7290/7290 7289/7289 7260/7260
f 7290/7290 7260/7260 7262/7262
f 7437/7437 7436/7436 7432/7432
f 7255/7255 7261/7261 7291/7291
f 7447/7447 7436/7436 7437/7437
f 5558/5558 5550/5550 5547/5547
f 7291/7291 7261/7261 7269/7269
f 5346/5346 5349/5349 5347/5347
f 7294/7294 7361/7361 7389/7389
f 4801/4801 4797/4797 4802/4802
f 4704/4704 4766/4766 4735/4735
f 3875/3875 3876/3876 3874/3874
f 3875/3875 3874/3874 3838/3838
f 3838/3838 3831/3831 3837/3837
f 3837/3837 3831/3831 3790/3790
f 3837/3837 3790/3790 3828/3828
f 3828/3828 3790/3790 3827/3827
f 3827/3827 3790/3790 3766/3766
f 3827/3827 3766/3766 3769/3769
f 3745/3745 3736/3736 3728/3728
f 3731/3731 3728/3728 3727/3727
f 3727/3727 3701/3701 3704/3704
f 3704/3704 3701/3701 3658/3658
f 3658/3658 3659/3659 3652/3652
f 3659/3659 3660/3660 3653/3653
f 3676/3676 3686/3686 3685/3685
f 3685/3685 3686/3686 3714/3714
f 3714/3714 3814/3814 3816/3816
f 6910/6910 6911/6911 6908/6908
f 6909/6909 6910/6910 6908/6908
f 5838/5838 5791/5791 5761/5761
f 5761/5761 5791/5791 5760/5760
f 5760/5760 5764/5764 5758/5758
f 5758/5758 5762/5762 5759/5759
f 5759/5759 5762/5762 5763/5763
f 4608/4608 4604/4604 4683/4683
f 5173/5173 5199/5199 5174/5174
f 5171/5171 5265/5265 5131/5131
f 7595/7595 7594/7594 7596/7596
f 7596/7596 7594/7594 7602/7602
f 7462/7462 7313/7313 7331/7331
f 7424/7424 7429/7429 7427/7427
f 7427/7427 7429/7429 7462/7462
f 7329/7329 7289/7289 7290/7290
f 7433/7433 7424/7424 7426/7426
f 7293/7293 7262/7262 7281/7281
f 7281/7281 7262/7262 7255/7255
f 7281/7281 7255/7255 7291/7291
f 7589/7589 7576/7576 7575/7575
f 7589/7589 7575/7575 7593/7593
f 5550/5550 5533/5533 5547/5547
f 7291/7291 7269/7269 7292/7292
f 7593/7593 7575/7575 7445/7445
f 7445/7445 7441/7441 7444/7444
f 7292/7292 7269/7269 7359/7359
f 5410/5410 5349/5349 5400/5400
f 7390/7390 7359/7359 7294/7294
f 7391/7391 7411/7411 7412/7412
f 7412/7412 7411/7411 7357/7357
f 7357/7357 7358/7358 7362/7362
f 7362/7362 7358/7358 7400/7400
f 7362/7362 7400/7400 7401/7401
f 513/513 533/533 514/514
f 3899/3899 3876/3876 3898/3898
f 3898/3898 3876/3876 3875/3875
f 3704/3704 3658/3658 3656/3656
f 3652/3652 3659/3659 3653/3653
f 3653/3653 3660/3660 3666/3666
f 3653/3653 3666/3666 3662/3662
f 3666/3666 3677/3677 3665/3665
f 3665/3665 3677/3677 3669/3669
f 3677/3677 3676/3676 3669/3669
f 3676/3676 3685/3685 3672/3672
f 3672/3672 3685/3685 3688/3688
f 3685/3685 3714/3714 3816/3816
f 4668/4668 4667/4667 4666/4666
f 703/703 704/704 678/678
f 678/678 704/704 677/677
f 677/677 704/704 686/686
f 5205/5205 5228/5228 5204/5204
f 699/699 701/701 705/705
f 705/705 739/739 738/738
f 738/738 739/739 740/740
f 4654/4654 4653/4653 4708/4708
f 46/46 47/47 90/90
f 38/38 47/47 46/46
f 43/43 44/44 38/38
f 6201/6201 6283/6283 6166/6166
f 7601/7601 7592/7592 7591/7591
f 6284/6284 6283/6283 6201/6201
f 6282/6282 6284/6284 6201/6201
f 6166/6166 6283/6283 6266/6266
f 8/8 18/18 38/38
f 7601/7601 7591/7591 7599/7599
f 6266/6266 6283/6283 6285/6285
f 7599/7599 7591/7591 7590/7590
f 7388/7388 7462/7462 7331/7331
f 7388/7388 7331/7331 7330/7330
f 7423/7423 7424/7424 7425/7425
f 7425/7425 7424/7424 7427/7427
f 7451/7451 7433/7433 7426/7426
f 7423/7423 7426/7426 7424/7424
f 7435/7435 7432/7432 7434/7434
f 7434/7434 7432/7432 7433/7433
f 7281/7281 7291/7291 7363/7363
f 7597/7597 7589/7589 7593/7593
f 7438/7438 7437/7437 7432/7432
f 7438/7438 7432/7432 7439/7439
f 7440/7440 7437/7437 7438/7438
f 5362/5362 5393/5393 5361/5361
f 7443/7443 7441/7441 7442/7442
f 7441/7441 7437/7437 7440/7440
f 7442/7442 7441/7441 7440/7440
f 7360/7360 7292/7292 7359/7359
f 7390/7390 7294/7294 7389/7389
f 7412/7412 7357/7357 7404/7404
f 7404/7404 7357/7357 7362/7362
f 4810/4810 4803/4803 4804/4804
f 3899/3899 3898/3898 3900/3900
f 3901/3901 3899/3899 3900/3900
f 3898/3898 3875/3875 3897/3897
f 3906/3906 3898/3898 3897/3897
f 3897/3897 3875/3875 3838/3838
f 3897/3897 3838/3838 3837/3837
f 3827/3827 3769/3769 3768/3768
f 3768/3768 3769/3769 3765/3765
f 3768/3768 3765/3765 3745/3745
f 3768/3768 3745/3745 3728/3728
f 3656/3656 3658/3658 3652/3652
f 3662/3662 3666/3666 3665/3665
f 3670/3670 3669/3669 3676/3676
f 3670/3670 3676/3676 3672/3672
f 6909/6909 6908/6908 6906/6906
f 5761/5761 5760/5760 5749/5749
f 5749/5749 5760/5760 5758/5758
f 4587/4587 4571/4571 4586/4586
f 4586/4586 4594/4594 4608/4608
f 4682/4682 4667/4667 4668/4668
f 663/663 703/703 679/679
f 679/679 703/703 678/678
f 685/685 665/665 698/698
f 685/685 698/698 761/761
f 5305/5305 5205/5205 5209/5209
f 698/698 742/742 760/760
f 761/761 698/698 760/760
f 760/760 742/742 759/759
f 6223/6223 6265/6265 6277/6277
f 757/757 737/737 740/740
f 6277/6277 6265/6265 6301/6301
f 6301/6301 6265/6265 6274/6274
f 6243/6243 6221/6221 6217/6217
f 6286/6286 6255/6255 6273/6273
f 6210/6210 6212/6212 6221/6221
f 6190/6190 6200/6200 6234/6234
f 6189/6189 6190/6190 6181/6181
f 6178/6178 6233/6233 6179/6179
f 46/46 90/90 80/80
f 7605/7605 7596/7596 7603/7603
f 4563/4563 4562/4562 4533/4533
f 7596/7596 7602/7602 7603/7603
f 6171/6171 6163/6163 6173/6173
f 7603/7603 7602/7602 7592/7592
f 6298/6298 6295/6295 6320/6320
f 7603/7603 7592/7592 7601/7601
f 6292/6292 6165/6165 6297/6297
f 6292/6292 6297/6297 6305/6305
f 6264/6264 6282/6282 6270/6270
f 6150/6150 6264/6264 6270/6270
f 6281/6281 6280/6280 6307/6307
f 7599/7599 7590/7590 7600/7600
f 6307/6307 6280/6280 6302/6302
f 6248/6248 6158/6158 6153/6153
f 7600/7600 7590/7590 7589/7589
f 7600/7600 7589/7589 7598/7598
f 6227/6227 6225/6225 6267/6267
f 7427/7427 7462/7462 7388/7388
f 7532/7532 7426/7426 7533/7533
f 7426/7426 7423/7423 7425/7425
f 7533/7533 7426/7426 7425/7425
f 7329/7329 7290/7290 7387/7387
f 7598/7598 7589/7589 7597/7597
f 23/23 22/22 9/9
f 7597/7597 7593/7593 7463/7463
f 7463/7463 7593/7593 7444/7444
f 7463/7463 7444/7444 7443/7443
f 7360/7360 7359/7359 7390/7390
f 5368/5368 5400/5400 5401/5401
f 4701/4701 4704/4704 4703/4703
f 29/29 23/23 31/31
f 3902/3902 3901/3901 3900/3900
f 3900/3900 3898/3898 3906/3906
f 3768/3768 3728/3728 3767/3767
f 3728/3728 3731/3731 3744/3744
f 3731/3731 3727/3727 3730/3730
f 3730/3730 3727/3727 3704/3704
f 3653/3653 3662/3662 3654/3654
f 3654/3654 3662/3662 3663/3663
f 3663/3663 3662/3662 3665/3665
f 3665/3665 3669/3669 3668/3668
f 3668/3668 3669/3669 3670/3670
f 3688/3688 3685/3685 3912/3912
f 3912/3912 3685/3685 3816/3816
f 4589/4589 4587/4587 4588/4588
f 4588/4588 4587/4587 4586/4586
f 667/667 669/669 710/710
f 710/710 669/669 671/671
f 710/710 671/671 717/717
f 671/671 674/674 714/714
f 717/717 671/671 714/714
f 674/674 673/673 714/714
f 714/714 673/673 715/715
f 715/715 673/673 716/716
f 673/673 675/675 716/716
f 716/716 675/675 718/718
f 718/718 675/675 708/708
f 675/675 676/676 708/708
f 708/708 676/676 713/713
f 713/713 676/676 712/712
f 712/712 676/676 670/670
f 712/712 670/670 709/709
f 709/709 670/670 672/672
f 687/687 666/666 668/668
f 750/750 685/685 761/761
f 5280/5280 5209/5209 5211/5211
f 6218/6218 6219/6219 6247/6247
f 5129/5129 5130/5130 5262/5262
f 6245/6245 6218/6218 6247/6247
f 6301/6301 6309/6309 6319/6319
f 6326/6326 6301/6301 6319/6319
f 6243/6243 6217/6217 6245/6245
f 4551/4551 4553/4553 4517/4517
f 4517/4517 4553/4553 4521/4521
f 4553/4553 4555/4555 4507/4507
f 5302/5302 5117/5117 5304/5304
f 5304/5304 5117/5117 5063/5063
f 4528/4528 4554/4554 4530/4530
f 6205/6205 6207/6207 6198/6198
f 6196/6196 6205/6205 6198/6198
f 4530/4530 4554/4554 4510/4510
f 4526/4526 4564/4564 4527/4527
f 4512/4512 4561/4561 4514/4514
f 4524/4524 4563/4563 4533/4533
f 4502/4502 4533/4533 4523/4523
f 4355/4355 4356/4356 4385/4385
f 4523/4523 4562/4562 4560/4560
f 7603/7603 7601/7601 7606/7606
f 7606/7606 7601/7601 7599/7599
f 6149/6149 6150/6150 6270/6270
f 6305/6305 6281/6281 6311/6311
f 6281/6281 6307/6307 6311/6311
f 6311/6311 6307/6307 6308/6308
f 6311/6311 6308/6308 6312/6312
f 6115/6115 6116/6116 6101/6101
f 6117/6117 6118/6118 6100/6100
f 7405/7405 7388/7388 7330/7330
f 7330/7330 7329/7329 7405/7405
f 7398/7398 7329/7329 7387/7387
f 6136/6136 6133/6133 6137/6137
f 6118/6118 6119/6119 6100/6100
f 7428/7428 7425/7425 7427/7427
f 7387/7387 7290/7290 7293/7293
f 7293/7293 7281/7281 7386/7386
f 7386/7386 7281/7281 7363/7363
f 5353/5353 5354/5354 5361/5361
f 5348/5348 5339/5339 5380/5380
f 7389/7389 7391/7391 7410/7410
f 7403/7403 7389/7389 7410/7410
f 7410/7410 7391/7391 7412/7412
f 4735/4735 4766/4766 4774/4774
f 3902/3902 3900/3900 3903/3903
f 3903/3903 3900/3900 3906/3906
f 3897/3897 3837/3837 3920/3920
f 3920/3920 3837/3837 3828/3828
f 3827/3827 3768/3768 3830/3830
f 3830/3830 3768/3768 3829/3829
f 3767/3767 3728/3728 3744/3744
f 3704/3704 3656/3656 3730/3730
f 3656/3656 3652/3652 3655/3655
f 3652/3652 3653/3653 3654/3654
f 3663/3663 3665/3665 3667/3667
f 3667/3667 3665/3665 3668/3668
f 3671/3671 3670/3670 3672/3672
f 3671/3671 3672/3672 3673/3673
f 3673/3673 3672/3672 3688/3688
f 3673/3673 3688/3688 3912/3912
f 3912/3912 3816/3816 3913/3913
f 7031/7031 6909/6909 6906/6906
f 5786/5786 5761/5761 5749/5749
f 5750/5750 5758/5758 5759/5759
f 5750/5750 5759/5759 5755/5755
f 5759/5759 5785/5785 5784/5784
f 5755/5755 5759/5759 5784/5784
f 5838/5838 5761/5761 5786/5786
f 5801/5801 5838/5838 5786/5786
f 4593/4593 4586/4586 4608/4608
f 4683/4683 4682/4682 4681/4681
f 985/985 983/983 972/972
f 972/972 983/983 971/971
f 971/971 983/983 980/980
f 971/971 980/980 969/969
f 969/969 980/980 981/981
f 969/969 981/981 970/970
f 981/981 982/982 967/967
f 970/970 981/981 967/967
f 967/967 982/982 979/979
f 967/967 979/979 966/966
f 966/966 979/979 964/964
f 964/964 979/979 978/978
f 964/964 978/978 968/968
f 977/977 987/987 965/965
f 965/965 987/987 984/984
f 723/723 721/721 730/730
f 725/725 710/710 728/728
f 990/990 989/989 962/962
f 724/724 719/719 731/731
f 962/962 989/989 977/977
f 5845/5845 5846/5846 5851/5851
f 4547/4547 4550/4550 4542/4542
f 4550/4550 4557/4557 4497/4497
f 4542/4542 4550/4550 4497/4497
f 4557/4557 4531/4531 4497/4497
f 5129/5129 5262/5262 5260/5260
f 4497/4497 4531/4531 4495/4495
f 4332/4332 4379/4379 4331/4331
f 4552/4552 4551/4551 4516/4516
f 4329/4329 4332/4332 4331/4331
f 4330/4330 4329/4329 4331/4331
f 4516/4516 4551/4551 4517/4517
f 4517/4517 4521/4521 4506/4506
f 4506/4506 4521/4521 4507/4507
f 5283/5283 5063/5063 5137/5137
f 4652/4652 4654/4654 4694/4694
f 4508/4508 4528/4528 4530/4530
f 5302/5302 5304/5304 5298/5298
f 5290/5290 5302/5302 5298/5298
f 4508/4508 4530/4530 4510/4510
f 4320/4320 4389/4389 4316/4316
f 4315/4315 4320/4320 4316/4316
f 4509/4509 4527/4527 4511/4511
f 4511/4511 4527/4527 4529/4529
f 4511/4511 4529/4529 4512/4512
f 4434/4434 4514/4514 4501/4501
f 4501/4501 4514/4514 4525/4525
f 4348/4348 4349/4349 4346/4346
f 4347/4347 4348/4348 4346/4346
f 4501/4501 4525/4525 4504/4504
f 46/46 80/80 63/63
f 4504/4504 4525/4525 4524/4524
f 7605/7605 7603/7603 7612/7612
f 4504/4504 4524/4524 4502/4502
f 4502/4502 4524/4524 4533/4533
f 4355/4355 4352/4352 4351/4351
f 4502/4502 4523/4523 4503/4503
f 7603/7603 7606/7606 7613/7613
f 4503/4503 4523/4523 4441/4441
f 6112/6112 6114/6114 6113/6113
f 6114/6114 6115/6115 6113/6113
f 6113/6113 6115/6115 6099/6099
f 2700/2700 2699/2699 2690/2690
f 2690/2690 2699/2699 2688/2688
f 6094/6094 6101/6101 6093/6093
f 2688/2688 2699/2699 2701/2701
f 6093/6093 6101/6101 6100/6100
f 6093/6093 6100/6100 6096/6096
f 7405/7405 7329/7329 7399/7399
f 7428/7428 7427/7427 7536/7536
f 7393/7393 7293/7293 7386/7386
f 2689/2689 2701/2701 2702/2702
f 2689/2689 2702/2702 2692/2692
f 7386/7386 7363/7363 7392/7392
f 7528/7528 7438/7438 7530/7530
f 7530/7530 7438/7438 7537/7537
f 7363/7363 7291/7291 7392/7392
f 7392/7392 7291/7291 7292/7292
f 7440/7440 7438/7438 7528/7528
f 7392/7392 7292/7292 7396/7396
f 7463/7463 7443/7443 7526/7526
f 7538/7538 7463/7463 7526/7526
f 7526/7526 7443/7443 7442/7442
f 7397/7397 7360/7360 7390/7390
f 7397/7397 7390/7390 7402/7402
f 5327/5327 5319/5319 5324/5324
f 7390/7390 7389/7389 7402/7402
f 7402/7402 7389/7389 7403/7403
f 7410/7410 7412/7412 7404/7404
f 7404/7404 7362/7362 7407/7407
f 7407/7407 7362/7362 7401/7401
f 7407/7407 7401/7401 7408/7408
f 4810/4810 4804/4804 4811/4811
f 4812/4812 4810/4810 4811/4811
f 4804/4804 4802/4802 4858/4858
f 3904/3904 3902/3902 3903/3903
f 3903/3903 3906/3906 3907/3907
f 3828/3828 3827/3827 3830/3830
f 3808/3808 3768/3768 3767/3767
f 3744/3744 3731/3731 3730/3730
f 3655/3655 3652/3652 3654/3654
f 3668/3668 3670/3670 3671/3671
f 3673/3673 3912/3912 3914/3914
f 3914/3914 3912/3912 3913/3913
f 6907/6907 6908/6908 7016/7016
f 4588/4588 4586/4586 4593/4593
f 5749/5749 5758/5758 5750/5750
f 4593/4593 4608/4608 4731/4731
f 4731/4731 4608/4608 4683/4683
f 943/943 965/965 942/942
f 965/965 976/976 942/942
f 976/976 974/974 933/933
f 942/942 976/976 933/933
f 933/933 974/974 973/973
f 933/933 973/973 931/931
f 931/931 973/973 929/929
f 973/973 972/972 929/929
f 929/929 972/972 922/922
f 972/972 971/971 922/922
f 922/922 971/971 925/925
f 971/971 969/969 925/925
f 925/925 969/969 926/926
f 969/969 970/970 926/926
f 970/970 967/967 926/926
f 926/926 967/967 928/928
f 928/928 967/967 936/936
f 936/936 967/967 966/966
f 936/936 966/966 964/964
f 936/936 964/964 937/937
f 937/937 964/964 968/968
f 937/937 968/968 940/940
f 940/940 968/968 975/975
f 975/975 993/993 960/960
f 940/940 975/975 960/960
f 962/962 977/977 946/946
f 946/946 977/977 943/943
f 943/943 977/977 965/965
f 5845/5845 5851/5851 5852/5852
f 5848/5848 5847/5847 5842/5842
f 4340/4340 4358/4358 4354/4354
f 4353/4353 4340/4340 4354/4354
f 4339/4339 4340/4340 4353/4353
f 4539/4539 4546/4546 4545/4545
f 4338/4338 4340/4340 4339/4339
f 4536/4536 4545/4545 4547/4547
f 4536/4536 4547/4547 4542/4542
f 4536/4536 4542/4542 4535/4535
f 4336/4336 4338/4338 4337/4337
f 4535/4535 4542/4542 4497/4497
f 5237/5237 5211/5211 5212/5212
f 4535/4535 4497/4497 4491/4491
f 5128/5128 5129/5129 5260/5260
f 4331/4331 4335/4335 4334/4334
f 4333/4333 4331/4331 4334/4334
f 4491/4491 4497/4497 4495/4495
f 4491/4491 4495/4495 4488/4488
f 4330/4330 4331/4331 4333/4333
f 4442/4442 4516/4516 4432/4432
f 4432/4432 4516/4516 4517/4517
f 4432/4432 4517/4517 4506/4506
f 4430/4430 4506/4506 4507/4507
f 4430/4430 4507/4507 4505/4505
f 4430/4430 4505/4505 4424/4424
f 4424/4424 4508/4508 4510/4510
f 4424/4424 4510/4510 4509/4509
f 4424/4424 4509/4509 4425/4425
f 5299/5299 5289/5289 5288/5288
f 4425/4425 4509/4509 4511/4511
f 4425/4425 4511/4511 4427/4427
f 4345/4345 4323/4323 4322/4322
f 4427/4427 4511/4511 4512/4512
f 4427/4427 4512/4512 4434/4434
f 4346/4346 4323/4323 4345/4345
f 4347/4347 4346/4346 4345/4345
f 4434/4434 4501/4501 4436/4436
f 4436/4436 4501/4501 4504/4504
f 37/37 46/46 63/63
f 4357/4357 4351/4351 4350/4350
f 4436/4436 4504/4504 4502/4502
f 7612/7612 7603/7603 7613/7613
f 4436/4436 4502/4502 4439/4439
f 2695/2695 2705/2705 2691/2691
f 4439/4439 4503/4503 4441/4441
f 2691/2691 2705/2705 2690/2690
f 6112/6112 6113/6113 6109/6109
f 6111/6111 6112/6112 6109/6109
f 2705/2705 2700/2700 2690/2690
f 6109/6109 6113/6113 6099/6099
f 6109/6109 6099/6099 6098/6098
f 6098/6098 6099/6099 6094/6094
f 6098/6098 6094/6094 6090/6090
f 6090/6090 6094/6094 6093/6093
f 6090/6090 6093/6093 6091/6091
f 6017/6017 6044/6044 6042/6042
f 6043/6043 6017/6017 6042/6042
f 6091/6091 6093/6093 6096/6096
f 6091/6091 6096/6096 6097/6097
f 7535/7535 7427/7427 7534/7534
f 7427/7427 7388/7388 7534/7534
f 7534/7534 7388/7388 7406/7406
f 7388/7388 7405/7405 7406/7406
f 7399/7399 7329/7329 7398/7398
f 7398/7398 7387/7387 7394/7394
f 2688/2688 2701/2701 2689/2689
f 6012/6012 6013/6013 6043/6043
f 7394/7394 7387/7387 7293/7293
f 7394/7394 7293/7293 7393/7393
f 2692/2692 2702/2702 2703/2703
f 7529/7529 7440/7440 7528/7528
f 2692/2692 2703/2703 2525/2525
f 5352/5352 5351/5351 5356/5356
f 7396/7396 7292/7292 7360/7360
f 7396/7396 7360/7360 7397/7397
f 2560/2560 2569/2569 2489/2489
f 4704/4704 4735/4735 4718/4718
f 4718/4718 4735/4735 4774/4774
f 3905/3905 3904/3904 3903/3903
f 3907/3907 3906/3906 3897/3897
f 3907/3907 3897/3897 3920/3920
f 3921/3921 3920/3920 3828/3828
f 3921/3921 3828/3828 3911/3911
f 3911/3911 3828/3828 3830/3830
f 3910/3910 3830/3830 3829/3829
f 3733/3733 3730/3730 3656/3656
f 3667/3667 3668/3668 3675/3675
f 4589/4589 4588/4588 4591/4591
f 4591/4591 4588/4588 4593/4593
f 4681/4681 4682/4682 4668/4668
f 943/943 942/942 941/941
f 944/944 943/943 941/941
f 941/941 942/942 933/933
f 941/941 933/933 934/934
f 934/934 933/933 932/932
f 932/932 933/933 931/931
f 932/932 931/931 930/930
f 931/931 929/929 930/930
f 930/930 929/929 924/924
f 924/924 929/929 922/922
f 924/924 922/922 921/921
f 921/921 922/922 923/923
f 923/923 922/922 925/925
f 925/925 926/926 923/923
f 923/923 926/926 927/927
f 927/927 926/926 928/928
f 927/927 928/928 935/935
f 928/928 936/936 935/935
f 936/936 937/937 935/935
f 935/935 937/937 938/938
f 937/937 940/940 939/939
f 938/938 937/937 939/939
f 939/939 940/940 960/960
f 962/962 946/946 945/945
f 963/963 962/962 945/945
f 945/945 946/946 943/943
f 945/945 943/943 944/944
f 5850/5850 5845/5845 5853/5853
f 5845/5845 5852/5852 5853/5853
f 5844/5844 5845/5845 5850/5850
f 5841/5841 5842/5842 5843/5843
f 4353/4353 4354/4354 4376/4376
f 1015/1015 1014/1014 1020/1020
f 1034/1034 1035/1035 1033/1033
f 4536/4536 4535/4535 4532/4532
f 4537/4537 4536/4536 4532/4532
f 4532/4532 4535/4535 4491/4491
f 5128/5128 5260/5260 5258/5258
f 4433/4433 4432/4432 4431/4431
f 5282/5282 5283/5283 5137/5137
f 5282/5282 5137/5137 5138/5138
f 4430/4430 4424/4424 4429/4429
f 4429/4429 4424/4424 4423/4423
f 4423/4423 4424/4424 4425/4425
f 4426/4426 4425/4425 4427/4427
f 4426/4426 4427/4427 4428/4428
f 4345/4345 4322/4322 4369/4369
f 4428/4428 4427/4427 4434/4434
f 4428/4428 4434/4434 4435/4435
f 4374/4374 4347/4347 4377/4377
f 4435/4435 4434/4434 4436/4436
f 4437/4437 4436/4436 4438/4438
f 4438/4438 4436/4436 4439/4439
f 4438/4438 4439/4439 4440/4440
f 6090/6090 6091/6091 6092/6092
f 6091/6091 6104/6104 6103/6103
f 6092/6092 6091/6091 6103/6103
f 2592/2592 2558/2558 2590/2590
f 2591/2591 2592/2592 2590/2590
f 7528/7528 7530/7530 7531/7531
f 5352/5352 5356/5356 5359/5359
f 5383/5383 5369/5369 5372/5372
f 3905/3905 3903/3903 3908/3908
f 3908/3908 3903/3903 3907/3907
f 3829/3829 3768/3768 3808/3808
f 3770/3770 3744/3744 3730/3730
f 3770/3770 3730/3730 3733/3733
f 3733/3733 3656/3656 3657/3657
f 3656/3656 3655/3655 3657/3657
f 3655/3655 3654/3654 3661/3661
f 3661/3661 3654/3654 3664/3664
f 3654/3654 3663/3663 3664/3664
f 3664/3664 3663/3663 3667/3667
f 3675/3675 3668/3668 3674/3674
f 3674/3674 3668/3668 3671/3671
f 3914/3914 3913/3913 3915/3915
f 7026/7026 7031/7031 6906/6906
f 4680/4680 4683/4683 4681/4681
f 5246/5246 5186/5186 5241/5241
f 5249/5249 5246/5246 5241/5241
f 958/958 944/944 941/941
f 958/958 941/941 951/951
f 951/951 941/941 934/934
f 951/951 934/934 950/950
f 950/950 934/934 932/932
f 950/950 932/932 949/949
f 932/932 930/930 949/949
f 949/949 930/930 948/948
f 948/948 930/930 924/924
f 948/948 924/924 947/947
f 947/947 924/924 921/921
f 947/947 921/921 952/952
f 921/921 923/923 952/952
f 952/952 923/923 953/953
f 953/953 923/923 954/954
f 923/923 927/927 954/954
f 954/954 927/927 956/956
f 927/927 935/935 956/956
f 956/956 935/935 955/955
f 955/955 935/935 938/938
f 955/955 938/938 957/957
f 957/957 938/938 939/939
f 957/957 939/939 959/959
f 959/959 939/939 960/960
f 959/959 960/960 992/992
f 963/963 945/945 995/995
f 995/995 945/945 958/958
f 958/958 945/945 944/944
f 5850/5850 5853/5853 5855/5855
f 7135/7135 7136/7136 7137/7137
f 4399/4399 4353/4353 4376/4376
f 4399/4399 4376/4376 4406/4406
f 4399/4399 4406/4406 4417/4417
f 1026/1026 1077/1077 1023/1023
f 1022/1022 1015/1015 1020/1020
f 1032/1032 1018/1018 1034/1034
f 1032/1032 1034/1034 1033/1033
f 1072/1072 1043/1043 1046/1046
f 1044/1044 1043/1043 1045/1045
f 5279/5279 5216/5216 5218/5218
f 4390/4390 4339/4339 4353/4353
f 4390/4390 4353/4353 4407/4407
f 4541/4541 4537/4537 4532/4532
f 4534/4534 4532/4532 4494/4494
f 4532/4532 4491/4491 4494/4494
f 4494/4494 4491/4491 4489/4489
f 4491/4491 4488/4488 4489/4489
f 4442/4442 4433/4433 4455/4455
f 4458/4458 4442/4442 4455/4455
f 4455/4455 4433/4433 4453/4453
f 4433/4433 4431/4431 4453/4453
f 4397/4397 4365/4365 4398/4398
f 4429/4429 4431/4431 4430/4430
f 4431/4431 4429/4429 4454/4454
f 4393/4393 4368/4368 4397/4397
f 4454/4454 4429/4429 4446/4446
f 4429/4429 4423/4423 4446/4446
f 4446/4446 4423/4423 4452/4452
f 4375/4375 4367/4367 4401/4401
f 4426/4426 4423/4423 4425/4425
f 4423/4423 4426/4426 4445/4445
f 4452/4452 4423/4423 4445/4445
f 5296/5296 5114/5114 5306/5306
f 5306/5306 5114/5114 5115/5115
f 4426/4426 4428/4428 4445/4445
f 4377/4377 4345/4345 4369/4369
f 4377/4377 4369/4369 4408/4408
f 4428/4428 4435/4435 4444/4444
f 4451/4451 4428/4428 4444/4444
f 4444/4444 4435/4435 4443/4443
f 4373/4373 4374/4374 4411/4411
f 4437/4437 4438/4438 4450/4450
f 4449/4449 4437/4437 4450/4450
f 4438/4438 4440/4440 4447/4447
f 4450/4450 4438/4438 4447/4447
f 2582/2582 2695/2695 2691/2691
f 4447/4447 4440/4440 4448/4448
f 6110/6110 6111/6111 6109/6109
f 6110/6110 6109/6109 6107/6107
f 6109/6109 6098/6098 6102/6102
f 6107/6107 6109/6109 6102/6102
f 2581/2581 2690/2690 2688/2688
f 6098/6098 6090/6090 6095/6095
f 6102/6102 6098/6098 6095/6095
f 6095/6095 6090/6090 6092/6092
f 6023/6023 6043/6043 6042/6042
f 6023/6023 6042/6042 6041/6041
f 2519/2519 2544/2544 2543/2543
f 2543/2543 2544/2544 2491/2491
f 6014/6014 6012/6012 6043/6043
f 6014/6014 6043/6043 6023/6023
f 2571/2571 2689/2689 2692/2692
f 7528/7528 7531/7531 7540/7540
f 7529/7529 7528/7528 7539/7539
f 7539/7539 7528/7528 7540/7540
f 2692/2692 2525/2525 2471/2471
f 2471/2471 2525/2525 2482/2482
f 4703/4703 4704/4704 4718/4718
f 3941/3941 3907/3907 3920/3920
f 3941/3941 3920/3920 3921/3921
f 3911/3911 3830/3830 3910/3910
f 3808/3808 3767/3767 3916/3916
f 3916/3916 3767/3767 3744/3744
f 3671/3671 3673/3673 3958/3958
f 3958/3958 3673/3673 3914/3914
f 5767/5767 5786/5786 5749/5749
f 5751/5751 5750/5750 5755/5755
f 5801/5801 5786/5786 5767/5767
f 5227/5227 5249/5249 5241/5241
f 961/961 951/951 950/950
f 961/961 950/950 1004/1004
f 1004/1004 950/950 949/949
f 1004/1004 949/949 1000/1000
f 1000/1000 949/949 948/948
f 1000/1000 948/948 998/998
f 998/998 948/948 947/947
f 998/998 947/947 952/952
f 998/998 952/952 997/997
f 997/997 952/952 996/996
f 996/996 952/952 953/953
f 953/953 954/954 996/996
f 996/996 954/954 999/999
f 999/999 954/954 956/956
f 999/999 956/956 955/955
f 999/999 955/955 1001/1001
f 1001/1001 955/955 1002/1002
f 955/955 957/957 1002/1002
f 957/957 959/959 1002/1002
f 1002/1002 959/959 1003/1003
f 1003/1003 959/959 992/992
f 995/995 958/958 1005/1005
f 1005/1005 958/958 961/961
f 958/958 951/951 961/961
f 1007/1007 963/963 1006/1006
f 1006/1006 963/963 995/995
f 904/904 901/901 854/854
f 1078/1078 1047/1047 1081/1081
f 1047/1047 1078/1078 1026/1026
f 1078/1078 1077/1077 1026/1026
f 4407/4407 4399/4399 4417/4417
f 6837/6837 6849/6849 6822/6822
f 4541/4541 4544/4544 4540/4540
f 4414/4414 4390/4390 4407/4407
f 4543/4543 4541/4541 4532/4532
f 4534/4534 4543/4543 4532/4532
f 4543/4543 4534/4534 4549/4549
f 4534/4534 4494/4494 4496/4496
f 4549/4549 4534/4534 4496/4496
f 4371/4371 4390/4390 4405/4405
f 4364/4364 4371/4371 4400/4400
f 4494/4494 4489/4489 4490/4490
f 4496/4496 4494/4494 4490/4490
f 4403/4403 4400/4400 4419/4419
f 4366/4366 4364/4364 4400/4400
f 4403/4403 4366/4366 4400/4400
f 4487/4487 4484/4484 4493/4493
f 4396/4396 4366/4366 4402/4402
f 4478/4478 4455/4455 4453/4453
f 4398/4398 4370/4370 4402/4402
f 4453/4453 4431/4431 4454/4454
f 4454/4454 4446/4446 4463/4463
f 4393/4393 4397/4397 4410/4410
f 4463/4463 4446/4446 4457/4457
f 5297/5297 5284/5284 5281/5281
f 4415/4415 4393/4393 4410/4410
f 4446/4446 4452/4452 4457/4457
f 4409/4409 4375/4375 4401/4401
f 5296/5296 5313/5313 5314/5314
f 4464/4464 4445/4445 4451/4451
f 4369/4369 4375/4375 4408/4408
f 4451/4451 4444/4444 4460/4460
f 4377/4377 4408/4408 4413/4413
f 4460/4460 4444/4444 4456/4456
f 4694/4694 4654/4654 4708/4708
f 4444/4444 4443/4443 4456/4456
f 4456/4456 4443/4443 4461/4461
f 4374/4374 4377/4377 4412/4412
f 37/37 63/63 70/70
f 2551/2551 2693/2693 2583/2583
f 4411/4411 4374/4374 4412/4412
f 2693/2693 2695/2695 2583/2583
f 4449/4449 4450/4450 4462/4462
f 4404/4404 4373/4373 4411/4411
f 2583/2583 2695/2695 2582/2582
f 4469/4469 4450/4450 4447/4447
f 4418/4418 4382/4382 4404/4404
f 4466/4466 4448/4448 4467/4467
f 2691/2691 2690/2690 2581/2581
f 2582/2582 2691/2691 2581/2581
f 4467/4467 4468/4468 4483/4483
f 6665/6665 6666/6666 6667/6667
f 2581/2581 2688/2688 2572/2572
f 6107/6107 6102/6102 6095/6095
f 6107/6107 6095/6095 6108/6108
f 6026/6026 6038/6038 6040/6040
f 6095/6095 6092/6092 6105/6105
f 6108/6108 6095/6095 6105/6105
f 2688/2688 2689/2689 2572/2572
f 6026/6026 6040/6040 6041/6041
f 6092/6092 6103/6103 6106/6106
f 6105/6105 6092/6092 6106/6106
f 2589/2589 2591/2591 2590/2590
f 2589/2589 2590/2590 2573/2573
f 2573/2573 2590/2590 2558/2558
f 2573/2573 2558/2558 2325/2325
f 2558/2558 2519/2519 2303/2303
f 2325/2325 2558/2558 2303/2303
f 2491/2491 2492/2492 2278/2278
f 2689/2689 2571/2571 2572/2572
f 2278/2278 2492/2492 2490/2490
f 2579/2579 2610/2610 2580/2580
f 2545/2545 2556/2556 2280/2280
f 2571/2571 2692/2692 2471/2471
f 2280/2280 2556/2556 2281/2281
f 2471/2471 2482/2482 2469/2469
f 2559/2559 2570/2570 2304/2304
f 2304/2304 2570/2570 2488/2488
f 7402/7402 7403/7403 7417/7417
f 7417/7417 7403/7403 7410/7410
f 2488/2488 2560/2560 2486/2486
f 2486/2486 2560/2560 2489/2489
f 4718/4718 4774/4774 4786/4786
f 3918/3918 3905/3905 3908/3908
f 3908/3908 3907/3907 3917/3917
f 3918/3918 3908/3908 3917/3917
f 3911/3911 3910/3910 3922/3922
f 3922/3922 3910/3910 3829/3829
f 3927/3927 3829/3829 3808/3808
f 3927/3927 3808/3808 3916/3916
f 3916/3916 3744/3744 3925/3925
f 3925/3925 3744/3744 3770/3770
f 3770/3770 3733/3733 3924/3924
f 3733/3733 3657/3657 3923/3923
f 3924/3924 3733/3733 3923/3923
f 3657/3657 3655/3655 3928/3928
f 3928/3928 3655/3655 3661/3661
f 3661/3661 3664/3664 3951/3951
f 3951/3951 3664/3664 3952/3952
f 3664/3664 3667/3667 3962/3962
f 3952/3952 3664/3664 3962/3962
f 3962/3962 3667/3667 3675/3675
f 3674/3674 3671/3671 3958/3958
f 3958/3958 3914/3914 4021/4021
f 4021/4021 3914/3914 3935/3935
f 3935/3935 3914/3914 3915/3915
f 7026/7026 6906/6906 6904/6904
f 4597/4597 4589/4589 4591/4591
f 4927/4927 4929/4929 4922/4922
f 5767/5767 5749/5749 5757/5757
f 5757/5757 5749/5749 5752/5752
f 5749/5749 5750/5750 5751/5751
f 5752/5752 5749/5749 5751/5751
f 4922/4922 4929/4929 4939/4939
f 4730/4730 4731/4731 4683/4683
f 5147/5147 5227/5227 5241/5241
f 891/891 893/893 853/853
f 893/893 899/899 855/855
f 853/853 893/893 855/855
f 853/853 855/855 846/846
f 899/899 892/892 855/855
f 855/855 892/892 876/876
f 846/846 855/855 876/876
f 892/892 900/900 876/876
f 846/846 876/876 849/849
f 876/876 900/900 857/857
f 876/876 857/857 849/849
f 849/849 857/857 850/850
f 857/857 900/900 908/908
f 857/857 908/908 880/880
f 857/857 880/880 850/850
f 850/850 880/880 851/851
f 880/880 908/908 907/907
f 880/880 907/907 881/881
f 851/851 880/880 881/881
f 881/881 907/907 882/882
f 881/881 882/882 851/851
f 851/851 882/882 852/852
f 882/882 907/907 906/906
f 882/882 906/906 877/877
f 852/852 882/882 877/877
f 852/852 877/877 848/848
f 848/848 877/877 847/847
f 877/877 906/906 905/905
f 877/877 905/905 883/883
f 847/847 877/877 883/883
f 847/847 883/883 844/844
f 883/883 905/905 884/884
f 844/844 883/883 884/884
f 905/905 878/878 884/884
f 884/884 878/878 844/844
f 878/878 879/879 825/825
f 5225/5225 5309/5309 5226/5226
f 901/901 891/891 843/843
f 854/854 901/901 843/843
f 843/843 891/891 853/853
f 822/822 843/843 853/853
f 820/820 844/844 878/878
f 820/820 878/878 825/825
f 820/820 825/825 824/824
f 1007/1007 1006/1006 1008/1008
f 842/842 904/904 854/854
f 5856/5856 5855/5855 5859/5859
f 5858/5858 5856/5856 5859/5859
f 831/831 842/842 821/821
f 841/841 829/829 911/911
f 829/829 832/832 911/911
f 911/911 832/832 919/919
f 919/919 832/832 913/913
f 1129/1129 1132/1132 1118/1118
f 1132/1132 1133/1133 1118/1118
f 1118/1118 1133/1133 1121/1121
f 1121/1121 1133/1133 1122/1122
f 1122/1122 1133/1133 1134/1134
f 1122/1122 1134/1134 1130/1130
f 1130/1130 1134/1134 1123/1123
f 1123/1123 1134/1134 1136/1136
f 1123/1123 1136/1136 1124/1124
f 1124/1124 1136/1136 1135/1135
f 1124/1124 1135/1135 1127/1127
f 1127/1127 1135/1135 1126/1126
f 1135/1135 1137/1137 1126/1126
f 1126/1126 1137/1137 1125/1125
f 1125/1125 1137/1137 1138/1138
f 1125/1125 1138/1138 1119/1119
f 1119/1119 1138/1138 1120/1120
f 6845/6845 6847/6847 6846/6846
f 827/827 916/916 828/828
f 826/826 827/827 828/828
f 916/916 827/827 920/920
f 6845/6845 6846/6846 6841/6841
f 6822/6822 6845/6845 6841/6841
f 828/828 915/915 914/914
f 828/828 914/914 856/856
f 914/914 915/915 917/917
f 6838/6838 6837/6837 6821/6821
f 6837/6837 6822/6822 6821/6821
f 898/898 914/914 917/917
f 6823/6823 6838/6838 6821/6821
f 6823/6823 6821/6821 6820/6820
f 6828/6828 6838/6838 6823/6823
f 6828/6828 6823/6823 6820/6820
f 6825/6825 6828/6828 6820/6820
f 5127/5127 5128/5128 5258/5258
f 6819/6819 6825/6825 6820/6820
f 6829/6829 6825/6825 6819/6819
f 6818/6818 6819/6819 6820/6820
f 4455/4455 4481/4481 4459/4459
f 4481/4481 4455/4455 4478/4478
f 4492/4492 4487/4487 4493/4493
f 6815/6815 6829/6829 6819/6819
f 6815/6815 6819/6819 6818/6818
f 6844/6844 6829/6829 6815/6815
f 4478/4478 4453/4453 4479/4479
f 6814/6814 6844/6844 6815/6815
f 4398/4398 4402/4402 4420/4420
f 6812/6812 6844/6844 6814/6814
f 4471/4471 4453/4453 4454/4454
f 4416/4416 4398/4398 4420/4420
f 4463/4463 4471/4471 4454/4454
f 4471/4471 4463/4463 4477/4477
f 4410/4410 4397/4397 4416/4416
f 6809/6809 6842/6842 6813/6813
f 4473/4473 4463/4463 4457/4457
f 5281/5281 5139/5139 5140/5140
f 6827/6827 6842/6842 6809/6809
f 5297/5297 5281/5281 5140/5140
f 4473/4473 4457/4457 4472/4472
f 5295/5295 5297/5297 5140/5140
f 5295/5295 5140/5140 5313/5313
f 5313/5313 5140/5140 5116/5116
f 6807/6807 6827/6827 6809/6809
f 4472/4472 4457/4457 4452/4452
f 6839/6839 6827/6827 6807/6807
f 6806/6806 6807/6807 6808/6808
f 6848/6848 6839/6839 6824/6824
f 6824/6824 6839/6839 6807/6807
f 4472/4472 4464/4464 4465/4465
f 6804/6804 6824/6824 6807/6807
f 4464/4464 4451/4451 4465/4465
f 6826/6826 6848/6848 6824/6824
f 6826/6826 6824/6824 6804/6804
f 4451/4451 4460/4460 4465/4465
f 6803/6803 6826/6826 6804/6804
f 6840/6840 6826/6826 6801/6801
f 6801/6801 6826/6826 6803/6803
f 6803/6803 6804/6804 6802/6802
f 4460/4460 4456/4456 4475/4475
f 6830/6830 6840/6840 6801/6801
f 6798/6798 6830/6830 6801/6801
f 52/52 37/37 70/70
f 6831/6831 6830/6830 6798/6798
f 4476/4476 4462/4462 4474/4474
f 6796/6796 6831/6831 6798/6798
f 6843/6843 6831/6831 6797/6797
f 6797/6797 6831/6831 6796/6796
f 6797/6797 6796/6796 6784/6784
f 4462/4462 4450/4450 4474/4474
f 6783/6783 6797/6797 6784/6784
f 4450/4450 4469/4469 4474/4474
f 4404/4404 4411/4411 4422/4422
f 6793/6793 6843/6843 6797/6797
f 6793/6793 6797/6797 6783/6783
f 4418/4418 4404/4404 4422/4422
f 4466/4466 4470/4470 4447/4447
f 4482/4482 4467/4467 4483/4483
f 6670/6670 6673/6673 6665/6665
f 6665/6665 6667/6667 6668/6668
f 6669/6669 6665/6665 6668/6668
f 6668/6668 6678/6678 6676/6676
f 6023/6023 6041/6041 6046/6046
f 6679/6679 6678/6678 6680/6680
f 6678/6678 6679/6679 6676/6676
f 2303/2303 2519/2519 2292/2292
f 2292/2292 2519/2519 2543/2543
f 2292/2292 2543/2543 2491/2491
f 2292/2292 2491/2491 2282/2282
f 2282/2282 2491/2491 2278/2278
f 6676/6676 6679/6679 6681/6681
f 2588/2588 2589/2589 2573/2573
f 2588/2588 2573/2573 2325/2325
f 2484/2484 2588/2588 2325/2325
f 2278/2278 2490/2490 2268/2268
f 2490/2490 2516/2516 2268/2268
f 2268/2268 2516/2516 2276/2276
f 2276/2276 2516/2516 2277/2277
f 2516/2516 2517/2517 2277/2277
f 6832/6832 6833/6833 6792/6792
f 6790/6790 6792/6792 6775/6775
f 6790/6790 6775/6775 6785/6785
f 2517/2517 2545/2545 2280/2280
f 6832/6832 6792/6792 6790/6790
f 6834/6834 6832/6832 6790/6790
f 2579/2579 2580/2580 2481/2481
f 2489/2489 2562/2562 2524/2524
f 4812/4812 4811/4811 4816/4816
f 4817/4817 4812/4812 4816/4816
f 4703/4703 4718/4718 4746/4746
f 4746/4746 4718/4718 4786/4786
f 3917/3917 3907/3907 3941/3941
f 3922/3922 3829/3829 3927/3927
f 3925/3925 3770/3770 3929/3929
f 3929/3929 3770/3770 3924/3924
f 3923/3923 3657/3657 3928/3928
f 3928/3928 3661/3661 3951/3951
f 3959/3959 3675/3675 3674/3674
f 3959/3959 3674/3674 3958/3958
f 4597/4597 4591/4591 4598/4598
f 5752/5752 5751/5751 5753/5753
f 5751/5751 5755/5755 5756/5756
f 5755/5755 5784/5784 5796/5796
f 5756/5756 5755/5755 5796/5796
f 4924/4924 4927/4927 4922/4922
f 4922/4922 4939/4939 4925/4925
f 822/822 853/853 811/811
f 853/853 846/846 811/811
f 811/811 846/846 812/812
f 846/846 849/849 812/812
f 812/812 849/849 850/850
f 812/812 850/850 814/814
f 850/850 851/851 814/814
f 814/814 851/851 813/813
f 813/813 851/851 819/819
f 819/819 851/851 852/852
f 819/819 852/852 818/818
f 852/852 848/848 818/818
f 818/818 848/848 817/817
f 817/817 848/848 847/847
f 817/817 847/847 815/815
f 815/815 847/847 844/844
f 815/815 844/844 816/816
f 816/816 844/844 820/820
f 823/823 843/843 771/771
f 843/843 822/822 771/771
f 771/771 822/822 767/767
f 767/767 822/822 811/811
f 767/767 811/811 769/769
f 769/769 811/811 812/812
f 769/769 812/812 772/772
f 772/772 812/812 814/814
f 772/772 814/814 775/775
f 814/814 813/813 775/775
f 775/775 813/813 776/776
f 813/813 819/819 776/776
f 776/776 819/819 779/779
f 819/819 818/818 779/779
f 779/779 818/818 780/780
f 818/818 817/817 780/780
f 780/780 817/817 815/815
f 780/780 815/815 782/782
f 782/782 815/815 816/816
f 782/782 816/816 784/784
f 784/784 816/816 820/820
f 784/784 820/820 789/789
f 820/820 824/824 789/789
f 824/824 825/825 792/792
f 789/789 824/824 792/792
f 842/842 854/854 788/788
f 854/854 843/843 788/788
f 788/788 843/843 786/786
f 786/786 843/843 823/823
f 786/786 823/823 771/771
f 786/786 771/771 774/774
f 774/774 771/771 766/766
f 771/771 767/767 766/766
f 766/766 767/767 768/768
f 768/768 767/767 769/769
f 768/768 769/769 770/770
f 769/769 772/772 770/770
f 770/770 772/772 773/773
f 772/772 775/775 773/773
f 773/773 775/775 776/776
f 773/773 776/776 777/777
f 776/776 779/779 778/778
f 777/777 776/776 778/778
f 778/778 779/779 780/780
f 778/778 780/780 781/781
f 780/780 782/782 781/781
f 781/781 782/782 783/783
f 782/782 784/784 783/783
f 783/783 784/784 785/785
f 784/784 789/789 785/785
f 785/785 789/789 792/792
f 842/842 788/788 801/801
f 821/821 842/842 801/801
f 788/788 786/786 787/787
f 801/801 788/788 787/787
f 787/787 786/786 774/774
f 787/787 774/774 790/790
f 790/790 774/774 766/766
f 790/790 766/766 809/809
f 809/809 766/766 768/768
f 809/809 768/768 807/807
f 807/807 768/768 806/806
f 768/768 770/770 806/806
f 806/806 770/770 795/795
f 795/795 770/770 773/773
f 773/773 777/777 795/795
f 795/795 777/777 796/796
f 777/777 778/778 797/797
f 796/796 777/777 797/797
f 797/797 778/778 781/781
f 797/797 781/781 798/798
f 798/798 781/781 794/794
f 781/781 783/783 794/794
f 794/794 783/783 791/791
f 791/791 783/783 785/785
f 791/791 785/785 792/792
f 791/791 792/792 793/793
f 831/831 821/821 808/808
f 808/808 821/821 801/801
f 808/808 801/801 803/803
f 803/803 801/801 802/802
f 801/801 787/787 800/800
f 802/802 801/801 800/800
f 800/800 787/787 799/799
f 799/799 787/787 790/790
f 799/799 790/790 829/829
f 829/829 790/790 832/832
f 790/790 809/809 832/832
f 832/832 809/809 840/840
f 840/840 809/809 807/807
f 807/807 806/806 840/840
f 840/840 806/806 837/837
f 837/837 806/806 795/795
f 837/837 795/795 835/835
f 835/835 795/795 796/796
f 835/835 796/796 836/836
f 796/796 797/797 836/836
f 836/836 797/797 838/838
f 838/838 797/797 798/798
f 838/838 798/798 839/839
f 839/839 798/798 833/833
f 833/833 798/798 794/794
f 833/833 794/794 791/791
f 833/833 791/791 834/834
f 834/834 791/791 793/793
f 831/831 808/808 830/830
f 830/830 808/808 810/810
f 810/810 808/808 803/803
f 858/858 803/803 802/802
f 804/804 802/802 800/800
f 804/804 800/800 826/826
f 826/826 800/800 827/827
f 800/800 799/799 827/827
f 827/827 799/799 841/841
f 799/799 829/829 841/841
f 868/868 845/845 810/810
f 810/810 803/803 859/859
f 868/868 810/810 859/859
f 802/802 804/804 805/805
f 858/858 802/802 805/805
f 858/858 805/805 869/869
f 805/805 804/804 828/828
f 804/804 826/826 828/828
f 4669/4669 4668/4668 4666/4666
f 805/805 828/828 856/856
f 805/805 856/856 869/869
f 869/869 856/856 875/875
f 856/856 914/914 875/875
f 6821/6821 6822/6822 6747/6747
f 6822/6822 6841/6841 6747/6747
f 914/914 898/898 875/875
f 6821/6821 6747/6747 6746/6746
f 863/863 889/889 872/872
f 889/889 898/898 887/887
f 6821/6821 6746/6746 6765/6765
f 6721/6721 6729/6729 6720/6720
f 873/873 872/872 889/889
f 873/873 889/889 887/887
f 5231/5231 5214/5214 5269/5269
f 5231/5231 5269/5269 5257/5257
f 6720/6720 6729/6729 6738/6738
f 886/886 873/873 887/887
f 4499/4499 4496/4496 4490/4490
f 6720/6720 6738/6738 6741/6741
f 6719/6719 6720/6720 6741/6741
f 4492/4492 4499/4499 4490/4490
f 4499/4499 4492/4492 4500/4500
f 6719/6719 6741/6741 6754/6754
f 6855/6855 6853/6853 6856/6856
f 4486/4486 4492/4492 4493/4493
f 6818/6818 6820/6820 6766/6766
f 6716/6716 6719/6719 6754/6754
f 6719/6719 6716/6716 6717/6717
f 6818/6818 6766/6766 6769/6769
f 6716/6716 6754/6754 6757/6757
f 6815/6815 6818/6818 6768/6768
f 6768/6768 6818/6818 6769/6769
f 6714/6714 6716/6716 6756/6756
f 6756/6756 6716/6716 6757/6757
f 6814/6814 6815/6815 6811/6811
f 6811/6811 6815/6815 6768/6768
f 6812/6812 6814/6814 6811/6811
f 6713/6713 6714/6714 6752/6752
f 6752/6752 6714/6714 6756/6756
f 6813/6813 6812/6812 6810/6810
f 6810/6810 6812/6812 6811/6811
f 6730/6730 6810/6810 6811/6811
f 6730/6730 6811/6811 6767/6767
f 6709/6709 6713/6713 6753/6753
f 6753/6753 6713/6713 6752/6752
f 6809/6809 6813/6813 6810/6810
f 6708/6708 6709/6709 6753/6753
f 6809/6809 6810/6810 6771/6771
f 6808/6808 6809/6809 6771/6771
f 6706/6706 6708/6708 6758/6758
f 6708/6708 6753/6753 6758/6758
f 6734/6734 6806/6806 6808/6808
f 6734/6734 6808/6808 6771/6771
f 6704/6704 6706/6706 6758/6758
f 6704/6704 6758/6758 6759/6759
f 6760/6760 6806/6806 6734/6734
f 6701/6701 6704/6704 6759/6759
f 6804/6804 6806/6806 6805/6805
f 6805/6805 6806/6806 6760/6760
f 6763/6763 6701/6701 6759/6759
f 6802/6802 6804/6804 6805/6805
f 6699/6699 6701/6701 6763/6763
f 6801/6801 6803/6803 6802/6802
f 6699/6699 6763/6763 6764/6764
f 6762/6762 6699/6699 6764/6764
f 6801/6801 6802/6802 6800/6800
f 6737/6737 6800/6800 6744/6744
f 2549/2549 2551/2551 2550/2550
f 6795/6795 6798/6798 6800/6800
f 6696/6696 6697/6697 6761/6761
f 6697/6697 6762/6762 6761/6761
f 2550/2550 2551/2551 2583/2583
f 6772/6772 6795/6795 6737/6737
f 6693/6693 6696/6696 6761/6761
f 6796/6796 6798/6798 6795/6795
f 6784/6784 6796/6796 6795/6795
f 2583/2583 2582/2582 2557/2557
f 6784/6784 6795/6795 6794/6794
f 6690/6690 6693/6693 6755/6755
f 6755/6755 6693/6693 6761/6761
f 6783/6783 6784/6784 6781/6781
f 6781/6781 6784/6784 6794/6794
f 6751/6751 6690/6690 6755/6755
f 6793/6793 6783/6783 6782/6782
f 6782/6782 6783/6783 6781/6781
f 6688/6688 6690/6690 6750/6750
f 6750/6750 6690/6690 6751/6751
f 6799/6799 6793/6793 6788/6788
f 6788/6788 6793/6793 6782/6782
f 6799/6799 6788/6788 6787/6787
f 6788/6788 6782/6782 6779/6779
f 6787/6787 6788/6788 6779/6779
f 6779/6779 6782/6782 6781/6781
f 6779/6779 6781/6781 6780/6780
f 6673/6673 6674/6674 6750/6750
f 6674/6674 6673/6673 6670/6670
f 6672/6672 6674/6674 6670/6670
f 6672/6672 6670/6670 6671/6671
f 2582/2582 2581/2581 2555/2555
f 6817/6817 6799/6799 6787/6787
f 6779/6779 6780/6780 6778/6778
f 6669/6669 6670/6670 6665/6665
f 6671/6671 6670/6670 6669/6669
f 2555/2555 2581/2581 2572/2572
f 6817/6817 6787/6787 6786/6786
f 6786/6786 6787/6787 6779/6779
f 6786/6786 6779/6779 6776/6776
f 6776/6776 6779/6779 6778/6778
f 6776/6776 6778/6778 6777/6777
f 6671/6671 6669/6669 6668/6668
f 6789/6789 6786/6786 6776/6776
f 6770/6770 6777/6777 6739/6739
f 6671/6671 6668/6668 6676/6676
f 6677/6677 6671/6671 6676/6676
f 6671/6671 6677/6677 6682/6682
f 6789/6789 6776/6776 6774/6774
f 6776/6776 6777/6777 6770/6770
f 6774/6774 6776/6776 6770/6770
f 6791/6791 6816/6816 6789/6789
f 6791/6791 6789/6789 6774/6774
f 6724/6724 6682/6682 6683/6683
f 6683/6683 6682/6682 6677/6677
f 6677/6677 6676/6676 6681/6681
f 2426/2426 2485/2485 2484/2484
f 6791/6791 6774/6774 6775/6775
f 6774/6774 6770/6770 6773/6773
f 6775/6775 6774/6774 6773/6773
f 6785/6785 6775/6775 6773/6773
f 2477/2477 2479/2479 2480/2480
f 2477/2477 2480/2480 2478/2478
f 2277/2277 2517/2517 2280/2280
f 2468/2468 2579/2579 2481/2481
f 2481/2481 2479/2479 2475/2475
f 2571/2571 2471/2471 2552/2552
f 2474/2474 2579/2579 2468/2468
f 2552/2552 2471/2471 2470/2470
f 2470/2470 2471/2471 2469/2469
f 2281/2281 2556/2556 2291/2291
f 2556/2556 2559/2559 2291/2291
f 2291/2291 2559/2559 2304/2304
f 2304/2304 2488/2488 2539/2539
f 4816/4816 4858/4858 4857/4857
f 3954/3954 3918/3918 3953/3953
f 3953/3953 3918/3918 3917/3917
f 3942/3942 3917/3917 3941/3941
f 3942/3942 3941/3941 3921/3921
f 3911/3911 3922/3922 3936/3936
f 3939/3939 3925/3925 3929/3929
f 3962/3962 3675/3675 3959/3959
f 3959/3959 3958/3958 4016/4016
f 4016/4016 3958/3958 4025/4025
f 4025/4025 3958/3958 4024/4024
f 4024/4024 3958/3958 4021/4021
f 4021/4021 3935/3935 3915/3915
f 5757/5757 5752/5752 5754/5754
f 5753/5753 5751/5751 5756/5756
f 5754/5754 5752/5752 5753/5753
f 871/871 868/868 861/861
f 868/868 859/859 861/861
f 859/859 858/858 860/860
f 861/861 859/859 860/860
f 860/860 858/858 869/869
f 871/871 861/861 864/864
f 864/864 861/861 862/862
f 862/862 861/861 860/860
f 860/860 869/869 867/867
f 860/860 867/867 863/863
f 867/867 869/869 875/875
f 890/890 871/871 864/864
f 863/863 867/867 875/875
f 6746/6746 6747/6747 6721/6721
f 6721/6721 6747/6747 6835/6835
f 6721/6721 6835/6835 6836/6836
f 863/863 872/872 866/866
f 5248/5248 5270/5270 5269/5269
f 4669/4669 4666/4666 4652/4652
f 896/896 897/897 870/870
f 870/870 872/872 873/873
f 874/874 870/870 873/873
f 5127/5127 5257/5257 5161/5161
f 6765/6765 6746/6746 6718/6718
f 6718/6718 6746/6746 6721/6721
f 6718/6718 6721/6721 6720/6720
f 896/896 870/870 895/895
f 885/885 873/873 886/886
f 873/873 885/885 874/874
f 6740/6740 6765/6765 6718/6718
f 6740/6740 6718/6718 6715/6715
f 6715/6715 6718/6718 6717/6717
f 6718/6718 6720/6720 6719/6719
f 6717/6717 6718/6718 6719/6719
f 894/894 895/895 885/885
f 894/894 885/885 888/888
f 885/885 886/886 888/888
f 6766/6766 6765/6765 6740/6740
f 6733/6733 6740/6740 6715/6715
f 6715/6715 6717/6717 6716/6716
f 6766/6766 6740/6740 6733/6733
f 6712/6712 6733/6733 6715/6715
f 6712/6712 6715/6715 6714/6714
f 6714/6714 6715/6715 6716/6716
f 6769/6769 6766/6766 6735/6735
f 6735/6735 6766/6766 6733/6733
f 6735/6735 6733/6733 6712/6712
f 6768/6768 6769/6769 6735/6735
f 6712/6712 6714/6714 6713/6713
f 6710/6710 6712/6712 6713/6713
f 6768/6768 6735/6735 6711/6711
f 6767/6767 6768/6768 6711/6711
f 6711/6711 6735/6735 6712/6712
f 6711/6711 6712/6712 6710/6710
f 6707/6707 6711/6711 6710/6710
f 6707/6707 6710/6710 6709/6709
f 6730/6730 6767/6767 6711/6711
f 6730/6730 6711/6711 6707/6707
f 6707/6707 6709/6709 6708/6708
f 6771/6771 6810/6810 6730/6730
f 6705/6705 6730/6730 6707/6707
f 6732/6732 6771/6771 6730/6730
f 6732/6732 6730/6730 6705/6705
f 6705/6705 6707/6707 6706/6706
f 6706/6706 6707/6707 6708/6708
f 6734/6734 6771/6771 6732/6732
f 6734/6734 6732/6732 6703/6703
f 6703/6703 6732/6732 6705/6705
f 6703/6703 6705/6705 6704/6704
f 6705/6705 6706/6706 6704/6704
f 6702/6702 6734/6734 6703/6703
f 6701/6701 6703/6703 6704/6704
f 6760/6760 6734/6734 6702/6702
f 6702/6702 6703/6703 6701/6701
f 6700/6700 6702/6702 6701/6701
f 6722/6722 6760/6760 6702/6702
f 6722/6722 6702/6702 6698/6698
f 6698/6698 6702/6702 6700/6700
f 6805/6805 6760/6760 6722/6722
f 6698/6698 6700/6700 6699/6699
f 6802/6802 6805/6805 6722/6722
f 6695/6695 6722/6722 6698/6698
f 6695/6695 6698/6698 6697/6697
f 6697/6697 6698/6698 6699/6699
f 6744/6744 6802/6802 6722/6722
f 6744/6744 6722/6722 6695/6695
f 6696/6696 6695/6695 6697/6697
f 6694/6694 6744/6744 6695/6695
f 6737/6737 6744/6744 6694/6694
f 6694/6694 6695/6695 6693/6693
f 6692/6692 6694/6694 6693/6693
f 6695/6695 6696/6696 6693/6693
f 6737/6737 6694/6694 6691/6691
f 6691/6691 6694/6694 6692/6692
f 2550/2550 2583/2583 2547/2547
f 6691/6691 6692/6692 6690/6690
f 6690/6690 6692/6692 6693/6693
f 16/16 37/37 39/39
f 2547/2547 2583/2583 2557/2557
f 6731/6731 6772/6772 6737/6737
f 6731/6731 6737/6737 6691/6691
f 6689/6689 6691/6691 6690/6690
f 6731/6731 6691/6691 6687/6687
f 6687/6687 6691/6691 6689/6689
f 6687/6687 6689/6689 6688/6688
f 6745/6745 6772/6772 6731/6731
f 6745/6745 6731/6731 6684/6684
f 6684/6684 6731/6731 6687/6687
f 6684/6684 6687/6687 6674/6674
f 6674/6674 6687/6687 6688/6688
f 2557/2557 2582/2582 2555/2555
f 6742/6742 6745/6745 6684/6684
f 6743/6743 6745/6745 6742/6742
f 6743/6743 6742/6742 6685/6685
f 6742/6742 6684/6684 6685/6685
f 6684/6684 6674/6674 6672/6672
f 6685/6685 6684/6684 6672/6672
f 6743/6743 6685/6685 6686/6686
f 6686/6686 6685/6685 6675/6675
f 6675/6675 6685/6685 6672/6672
f 6675/6675 6672/6672 6671/6671
f 6778/6778 6743/6743 6748/6748
f 6748/6748 6743/6743 6686/6686
f 6748/6748 6686/6686 6723/6723
f 6686/6686 6675/6675 6723/6723
f 2555/2555 2572/2572 2537/2537
f 6739/6739 6748/6748 6723/6723
f 6739/6739 6723/6723 6726/6726
f 6723/6723 6675/6675 6682/6682
f 6726/6726 6723/6723 6682/6682
f 6675/6675 6671/6671 6682/6682
f 6739/6739 6726/6726 6727/6727
f 6727/6727 6726/6726 6725/6725
f 6725/6725 6726/6726 6682/6682
f 2266/2266 2292/2292 2282/2282
f 2572/2572 2571/2571 2553/2553
f 2537/2537 2572/2572 2553/2553
f 6770/6770 6739/6739 6728/6728
f 6728/6728 6739/6739 6727/6727
f 6728/6728 6727/6727 6725/6725
f 2426/2426 2484/2484 2397/2397
f 2397/2397 2484/2484 2325/2325
f 6770/6770 6728/6728 6749/6749
f 6749/6749 6728/6728 6736/6736
f 6736/6736 6728/6728 6725/6725
f 6736/6736 6725/6725 6724/6724
f 2574/2574 2575/2575 2576/2576
f 2574/2574 2576/2576 2577/2577
f 2574/2574 2577/2577 2426/2426
f 2475/2475 2477/2477 2476/2476
f 2476/2476 2477/2477 2478/2478
f 2578/2578 2575/2575 2478/2478
f 2553/2553 2571/2571 2552/2552
f 2468/2468 2481/2481 2475/2475
f 2451/2451 2474/2474 2468/2468
f 2469/2469 2474/2474 2451/2451
f 2486/2486 2489/2489 2464/2464
f 2464/2464 2489/2489 2524/2524
f 3000/3000 2989/2989 2984/2984
f 4037/4037 3954/3954 4036/4036
f 4036/4036 3954/3954 3953/3953
f 3917/3917 3942/3942 3953/3953
f 3942/3942 3921/3921 3937/3937
f 3936/3936 3922/3922 3940/3940
f 3922/3922 3927/3927 3940/3940
f 3939/3939 3929/3929 3944/3944
f 3944/3944 3929/3929 3924/3924
f 3924/3924 3923/3923 3950/3950
f 3950/3950 3923/3923 3928/3928
f 3952/3952 3962/3962 4014/4014
f 4014/4014 3962/3962 4015/4015
f 3962/3962 3959/3959 4015/4015
f 4024/4024 4021/4021 4023/4023
f 4021/4021 3915/3915 4022/4022
f 4023/4023 4021/4021 4022/4022
f 6903/6903 7026/7026 6904/6904
f 6903/6903 6904/6904 6896/6896
f 4928/4928 4924/4924 4923/4923
f 5756/5756 5796/5796 5781/5781
f 5242/5242 5245/5245 5310/5310
f 4729/4729 4730/4730 4683/4683
f 4729/4729 4683/4683 4680/4680
f 5224/5224 5198/5198 5236/5236
f 5251/5251 5224/5224 5236/5236
f 864/864 862/862 865/865
f 862/862 860/860 863/863
f 865/865 862/862 863/863
f 866/866 865/865 863/863
f 4669/4669 4652/4652 4670/4670
f 2549/2549 2550/2550 2548/2548
f 2548/2548 2550/2550 2547/2547
f 2547/2547 2557/2557 2546/2546
f 2282/2282 2278/2278 2215/2215
f 2215/2215 2278/2278 2268/2268
f 2425/2425 2574/2574 2426/2426
f 2476/2476 2478/2478 2425/2425
f 2515/2515 2553/2553 2552/2552
f 2455/2455 2475/2475 2476/2476
f 2449/2449 2470/2470 2469/2469
f 2449/2449 2469/2469 2451/2451
f 2281/2281 2291/2291 2273/2273
f 2514/2514 2552/2552 2470/2470
f 2514/2514 2470/2470 2443/2443
f 2540/2540 2539/2539 2488/2488
f 2540/2540 2488/2488 2487/2487
f 2487/2487 2488/2488 2486/2486
f 2487/2487 2486/2486 2463/2463
f 2463/2463 2486/2486 2464/2464
f 4702/4702 4701/4701 4703/4703
f 4702/4702 4703/4703 4726/4726
f 5724/5724 5726/5726 5615/5615
f 4746/4746 4786/4786 4768/4768
f 2986/2986 2985/2985 2980/2980
f 2986/2986 2980/2980 2992/2992
f 442/442 443/443 607/607
f 443/443 611/611 607/607
f 611/611 605/605 601/601
f 601/601 605/605 603/603
f 3921/3921 3911/3911 3937/3937
f 3937/3937 3911/3911 3936/3936
f 3940/3940 3927/3927 3945/3945
f 3927/3927 3916/3916 3945/3945
f 3945/3945 3916/3916 3939/3939
f 3916/3916 3925/3925 3939/3939
f 3955/3955 3944/3944 3924/3924
f 3955/3955 3924/3924 3950/3950
f 3950/3950 3928/3928 3963/3963
f 3928/3928 3951/3951 3964/3964
f 3963/3963 3928/3928 3964/3964
f 3951/3951 3952/3952 4014/4014
f 3964/3964 3951/3951 4014/4014
f 4015/4015 3959/3959 4016/4016
f 4923/4923 4924/4924 4922/4922
f 6088/6088 6089/6089 6086/6086
f 5795/5795 5767/5767 5757/5757
f 5757/5757 5754/5754 5779/5779
f 5753/5753 5756/5756 5780/5780
f 5780/5780 5756/5756 5781/5781
f 5251/5251 5236/5236 5221/5221
f 5247/5247 5222/5222 5271/5271
f 2546/2546 2557/2557 2536/2536
f 2557/2557 2555/2555 2536/2536
f 2536/2536 2555/2555 2537/2537
f 2397/2397 2325/2325 2289/2289
f 2325/2325 2303/2303 2289/2289
f 2289/2289 2303/2303 2285/2285
f 2285/2285 2303/2303 2292/2292
f 2285/2285 2292/2292 2266/2266
f 2266/2266 2282/2282 2215/2215
f 2537/2537 2553/2553 2515/2515
f 2425/2425 2426/2426 2397/2397
f 2268/2268 2276/2276 2222/2222
f 2276/2276 2277/2277 2222/2222
f 2424/2424 2476/2476 2425/2425
f 2277/2277 2280/2280 2241/2241
f 2455/2455 2468/2468 2475/2475
f 2241/2241 2280/2280 2264/2264
f 2450/2450 2451/2451 2468/2468
f 2450/2450 2468/2468 2455/2455
f 2264/2264 2280/2280 2281/2281
f 2515/2515 2552/2552 2514/2514
f 2448/2448 2449/2449 2451/2451
f 2448/2448 2451/2451 2450/2450
f 2443/2443 2470/2470 2449/2449
f 2273/2273 2291/2291 2274/2274
f 2291/2291 2304/2304 2274/2274
f 2275/2275 2304/2304 2539/2539
f 2275/2275 2539/2539 2540/2540
f 4856/4856 4816/4816 4857/4857
f 4851/4851 4881/4881 4886/4886
f 4703/4703 4746/4746 4768/4768
f 607/607 611/611 600/600
f 600/600 611/611 601/601
f 601/601 603/603 602/602
f 3937/3937 3936/3936 3938/3938
f 3938/3938 3936/3936 3940/3940
f 3961/3961 3945/3945 3939/3939
f 3961/3961 3939/3939 3960/3960
f 3960/3960 3939/3939 3944/3944
f 3955/3955 3950/3950 3956/3956
f 3956/3956 3950/3950 3963/3963
f 4903/4903 4923/4923 4922/4922
f 5754/5754 5753/5753 5779/5779
f 5779/5779 5753/5753 5780/5780
f 5229/5229 5155/5155 5275/5275
f 5229/5229 5275/5275 5274/5274
f 5159/5159 5229/5229 5274/5274
f 5158/5158 5159/5159 5274/5274
f 2549/2549 2548/2548 2531/2531
f 39/39 52/52 77/77
f 4694/4694 4708/4708 4698/4698
f 2531/2531 2548/2548 2530/2530
f 2548/2548 2547/2547 2530/2530
f 2530/2530 2547/2547 2542/2542
f 2547/2547 2546/2546 2542/2542
f 2542/2542 2546/2546 2518/2518
f 2518/2518 2546/2546 2502/2502
f 2546/2546 2536/2536 2502/2502
f 2536/2536 2537/2537 2500/2500
f 2500/2500 2537/2537 2501/2501
f 2285/2285 2266/2266 2214/2214
f 2501/2501 2537/2537 2515/2515
f 2424/2424 2425/2425 2394/2394
f 2394/2394 2425/2425 2397/2397
f 2394/2394 2397/2397 2289/2289
f 2215/2215 2268/2268 2209/2209
f 2209/2209 2268/2268 2222/2222
f 2222/2222 2277/2277 2241/2241
f 2501/2501 2515/2515 2466/2466
f 2455/2455 2476/2476 2424/2424
f 4699/4699 4708/4708 4701/4701
f 2466/2466 2515/2515 2514/2514
f 2264/2264 2281/2281 2273/2273
f 2514/2514 2443/2443 2442/2442
f 2441/2441 2443/2443 2449/2449
f 2274/2274 2304/2304 2275/2275
f 2275/2275 2540/2540 2279/2279
f 2694/2694 2464/2464 2524/2524
f 4856/4856 4857/4857 4852/4852
f 35/35 31/31 24/24
f 4726/4726 4703/4703 4768/4768
f 613/613 607/607 584/584
f 584/584 607/607 590/590
f 607/607 600/600 590/590
f 601/601 602/602 599/599
f 600/600 601/601 599/599
f 599/599 602/602 614/614
f 3938/3938 3940/3940 4012/4012
f 4012/4012 3940/3940 3945/3945
f 4044/4044 4015/4015 4045/4045
f 4045/4045 4015/4015 4016/4016
f 4045/4045 4016/4016 4025/4025
f 4045/4045 4025/4025 4046/4046
f 4046/4046 4025/4025 4038/4038
f 4038/4038 4025/4025 4024/4024
f 4930/4930 4923/4923 4903/4903
f 4903/4903 4922/4922 4901/4901
f 5795/5795 5757/5757 5783/5783
f 5783/5783 5757/5757 5779/5779
f 5780/5780 5781/5781 5782/5782
f 4901/4901 4922/4922 4925/4925
f 4680/4680 4681/4681 4676/4676
f 4670/4670 4652/4652 4694/4694
f 61/61 39/39 77/77
f 2529/2529 2531/2531 2530/2530
f 2535/2535 2530/2530 2542/2542
f 2535/2535 2542/2542 2518/2518
f 2502/2502 2536/2536 2500/2500
f 2288/2288 2289/2289 2285/2285
f 2288/2288 2285/2285 2178/2178
f 2178/2178 2285/2285 2214/2214
f 2214/2214 2266/2266 2215/2215
f 2445/2445 2448/2448 2450/2450
f 2466/2466 2514/2514 2442/2442
f 2441/2441 2449/2449 2448/2448
f 2442/2442 2443/2443 2441/2441
f 2279/2279 2540/2540 2286/2286
f 2286/2286 2540/2540 2487/2487
f 4726/4726 4768/4768 4771/4771
f 402/402 613/613 561/561
f 521/521 402/402 561/561
f 561/561 613/613 584/584
f 590/590 600/600 599/599
f 3963/3963 3964/3964 4040/4040
f 4014/4014 4015/4015 4044/4044
f 4024/4024 4023/4023 4030/4030
f 4038/4038 4024/4024 4030/4030
f 4030/4030 4023/4023 4022/4022
f 4030/4030 4022/4022 4031/4031
f 6895/6895 6903/6903 6896/6896
f 6895/6895 6896/6896 6897/6897
f 4902/4902 4930/4930 4903/4903
f 5779/5779 5780/5780 5793/5793
f 5793/5793 5780/5780 5794/5794
f 5794/5794 5780/5780 5782/5782
f 4901/4901 4925/4925 4938/4938
f 2535/2535 2518/2518 2497/2497
f 2497/2497 2518/2518 2502/2502
f 2502/2502 2500/2500 2498/2498
f 2498/2498 2500/2500 2496/2496
f 2500/2500 2501/2501 2496/2496
f 2305/2305 2394/2394 2289/2289
f 2305/2305 2289/2289 2294/2294
f 2294/2294 2289/2289 2288/2288
f 2175/2175 2214/2214 2215/2215
f 2175/2175 2215/2215 2177/2177
f 2305/2305 2424/2424 2394/2394
f 2209/2209 2222/2222 2208/2208
f 2501/2501 2466/2466 2494/2494
f 2393/2393 2455/2455 2424/2424
f 2222/2222 2241/2241 2219/2219
f 2241/2241 2264/2264 2219/2219
f 2494/2494 2466/2466 2465/2465
f 2450/2450 2455/2455 2393/2393
f 2264/2264 2273/2273 2239/2239
f 2465/2465 2466/2466 2442/2442
f 2441/2441 2448/2448 2445/2445
f 2274/2274 2275/2275 2265/2265
f 2265/2265 2275/2275 2279/2279
f 2453/2453 2487/2487 2463/2463
f 2453/2453 2463/2463 2461/2461
f 2463/2463 2464/2464 2461/2461
f 2541/2541 2286/2286 2487/2487
f 2461/2461 2464/2464 2694/2694
f 4896/4896 4856/4856 4863/4863
f 4856/4856 4852/4852 4853/4853
f 4863/4863 4856/4856 4853/4853
f 51/51 35/35 24/24
f 548/548 96/96 549/549
f 549/549 96/96 561/561
f 561/561 584/584 583/583
f 584/584 590/590 583/583
f 583/583 590/590 588/588
f 590/590 599/599 588/588
f 599/599 614/614 615/615
f 606/606 599/599 615/615
f 4026/4026 3938/3938 4012/4012
f 4012/4012 3945/3945 4027/4027
f 4027/4027 3945/3945 4035/4035
f 4035/4035 3945/3945 3961/3961
f 4035/4035 3961/3961 4034/4034
f 4034/4034 3961/3961 3960/3960
f 3960/3960 3944/3944 4028/4028
f 3944/3944 3955/3955 4029/4029
f 4029/4029 3955/3955 4043/4043
f 3955/3955 3956/3956 4042/4042
f 4043/4043 3955/3955 4042/4042
f 4042/4042 3956/3956 4049/4049
f 3956/3956 3963/3963 4049/4049
f 4040/4040 3964/3964 4039/4039
f 4039/4039 3964/3964 4014/4014
f 4045/4045 4046/4046 4047/4047
f 4047/4047 4046/4046 4038/4038
f 4030/4030 4031/4031 4032/4032
f 6900/6900 6895/6895 6898/6898
f 2915/2915 2899/2899 2898/2898
f 6898/6898 6895/6895 6897/6897
f 4902/4902 4903/4903 4901/4901
f 6085/6085 6087/6087 6086/6086
f 6085/6085 6086/6086 6084/6084
f 7119/7119 7120/7120 7114/7114
f 4901/4901 4938/4938 4917/4917
f 4737/4737 4729/4729 4680/4680
f 2529/2529 2530/2530 2528/2528
f 2528/2528 2530/2530 2535/2535
f 2528/2528 2535/2535 2526/2526
f 4699/4699 4698/4698 4708/4708
f 2526/2526 2535/2535 2497/2497
f 2497/2497 2502/2502 2498/2498
f 2497/2497 2498/2498 2499/2499
f 2178/2178 2214/2214 2175/2175
f 2177/2177 2215/2215 2209/2209
f 2496/2496 2501/2501 2494/2494
f 2184/2184 2209/2209 2208/2208
f 2393/2393 2424/2424 2305/2305
f 2208/2208 2222/2222 2219/2219
f 2445/2445 2450/2450 2393/2393
f 2264/2264 2239/2239 2218/2218
f 4699/4699 4701/4701 4696/4696
f 4696/4696 4701/4701 4702/4702
f 2465/2465 2442/2442 2438/2438
f 2437/2437 2441/2441 2445/2445
f 2239/2239 2273/2273 2274/2274
f 2239/2239 2274/2274 2248/2248
f 2438/2438 2442/2442 2441/2441
f 2438/2438 2441/2441 2437/2437
f 2248/2248 2274/2274 2265/2265
f 2279/2279 2286/2286 2270/2270
f 2286/2286 2541/2541 2453/2453
f 4852/4852 4851/4851 4847/4847
f 4853/4853 4852/4852 4847/4847
f 1754/1754 1739/1739 1733/1733
f 2970/2970 2967/2967 2940/2940
f 549/549 561/561 560/560
f 588/588 599/599 596/596
f 596/596 599/599 606/606
f 4026/4026 4012/4012 4027/4027
f 4034/4034 3960/3960 4028/4028
f 4028/4028 3944/3944 4029/4029
f 3963/3963 4040/4040 4041/4041
f 4049/4049 3963/3963 4041/4041
f 4041/4041 4040/4040 4039/4039
f 4039/4039 4014/4014 4048/4048
f 4048/4048 4014/4014 4044/4044
f 6899/6899 6898/6898 6897/6897
f 4902/4902 4901/4901 4900/4900
f 7119/7119 7114/7114 7109/7109
f 7109/7109 7114/7114 7110/7110
f 5783/5783 5779/5779 5792/5792
f 5792/5792 5779/5779 5793/5793
f 2527/2527 2529/2529 2528/2528
f 2527/2527 2528/2528 2526/2526
f 2526/2526 2497/2497 2513/2513
f 2513/2513 2497/2497 2503/2503
f 2503/2503 2497/2497 2499/2499
f 2499/2499 2498/2498 2496/2496
f 2499/2499 2496/2496 2495/2495
f 2294/2294 2288/2288 2171/2171
f 2171/2171 2288/2288 2178/2178
f 2171/2171 2178/2178 2170/2170
f 2178/2178 2175/2175 2170/2170
f 2495/2495 2496/2496 2494/2494
f 2177/2177 2209/2209 2184/2184
f 2495/2495 2494/2494 2493/2493
f 2329/2329 2393/2393 2305/2305
f 2208/2208 2219/2219 2207/2207
f 2493/2493 2494/2494 2465/2465
f 2395/2395 2445/2445 2393/2393
f 2219/2219 2264/2264 2218/2218
f 25/25 9/9 11/11
f 2467/2467 2465/2465 2438/2438
f 2265/2265 2279/2279 2270/2270
f 48/48 24/24 25/25
f 2270/2270 2286/2286 2271/2271
f 2271/2271 2286/2286 2453/2453
f 2453/2453 2461/2461 2460/2460
f 2460/2460 2461/2461 2538/2538
f 5479/5479 5497/5497 5480/5480
f 4853/4853 4847/4847 4854/4854
f 4702/4702 4726/4726 4771/4771
f 2962/2962 2959/2959 2958/2958
f 2973/2973 2979/2979 2966/2966
f 98/98 548/548 547/547
f 547/547 548/548 549/549
f 547/547 549/549 560/560
f 561/561 583/583 582/582
f 560/560 561/561 582/582
f 582/582 583/583 585/585
f 583/583 588/588 585/585
f 585/585 588/588 589/589
f 589/589 588/588 596/596
f 606/606 615/615 618/618
f 4051/4051 4026/4026 4050/4050
f 4026/4026 4027/4027 4050/4050
f 4050/4050 4027/4027 4035/4035
f 2823/2823 2861/2861 2747/2747
f 4047/4047 4038/4038 4033/4033
f 6900/6900 6898/6898 6899/6899
f 6899/6899 6897/6897 6999/6999
f 4932/4932 4902/4902 4900/4900
f 4900/4900 4901/4901 4898/4898
f 7112/7112 7111/7111 7115/7115
f 7112/7112 7115/7115 7113/7113
f 4898/4898 4901/4901 4917/4917
f 2527/2527 2526/2526 2513/2513
f 2305/2305 2294/2294 2287/2287
f 2287/2287 2294/2294 2171/2171
f 2184/2184 2208/2208 2186/2186
f 2186/2186 2208/2208 2207/2207
f 2493/2493 2465/2465 2467/2467
f 2445/2445 2395/2395 2392/2392
f 2427/2427 2437/2437 2445/2445
f 2436/2436 2467/2467 2438/2438
f 2436/2436 2438/2438 2437/2437
f 4696/4696 4702/4702 4733/4733
f 2271/2271 2453/2453 2457/2457
f 2457/2457 2453/2453 2460/2460
f 4853/4853 4893/4893 4863/4863
f 4733/4733 4702/4702 4771/4771
f 4733/4733 4771/4771 4789/4789
f 2958/2958 2955/2955 2956/2956
f 446/446 98/98 543/543
f 98/98 547/547 546/546
f 543/543 98/98 546/546
f 2940/2940 2945/2945 2942/2942
f 547/547 560/560 551/551
f 551/551 560/560 582/582
f 596/596 606/606 618/618
f 4034/4034 4028/4028 4059/4059
f 4028/4028 4029/4029 4059/4059
f 4059/4059 4029/4029 4055/4055
f 4029/4029 4043/4043 4055/4055
f 4055/4055 4043/4043 4042/4042
f 4042/4042 4049/4049 4052/4052
f 4052/4052 4049/4049 4041/4041
f 4044/4044 4045/4045 4057/4057
f 4045/4045 4047/4047 4057/4057
f 4066/4066 4047/4047 4033/4033
f 4932/4932 4900/4900 4897/4897
f 4897/4897 4900/4900 4898/4898
f 7109/7109 7110/7110 7107/7107
f 7110/7110 7111/7111 7106/7106
f 7107/7107 7110/7110 7106/7106
f 7116/7116 7119/7119 7109/7109
f 4737/4737 4680/4680 4679/4679
f 4898/4898 4917/4917 4926/4926
f 4679/4679 4680/4680 4676/4676
f 4681/4681 4668/4668 4672/4672
f 4672/4672 4668/4668 4669/4669
f 2533/2533 2534/2534 2527/2527
f 2533/2533 2527/2527 2532/2532
f 2532/2532 2527/2527 2513/2513
f 2532/2532 2513/2513 2512/2512
f 2512/2512 2513/2513 2503/2503
f 2512/2512 2503/2503 2506/2506
f 2503/2503 2499/2499 2495/2495
f 2503/2503 2495/2495 2504/2504
f 2504/2504 2495/2495 2493/2493
f 2171/2171 2170/2170 2166/2166
f 2329/2329 2305/2305 2302/2302
f 2302/2302 2305/2305 2287/2287
f 2395/2395 2393/2393 2329/2329
f 2207/2207 2219/2219 2218/2218
f 2505/2505 2493/2493 2431/2431
f 2431/2431 2493/2493 2467/2467
f 2427/2427 2445/2445 2392/2392
f 2218/2218 2239/2239 2213/2213
f 2213/2213 2239/2239 2248/2248
f 40/40 25/25 11/11
f 2435/2435 2437/2437 2427/2427
f 2431/2431 2467/2467 2436/2436
f 2436/2436 2437/2437 2435/2435
f 2248/2248 2265/2265 2238/2238
f 2265/2265 2270/2270 2263/2263
f 2263/2263 2270/2270 2269/2269
f 2457/2457 2460/2460 2459/2459
f 2269/2269 2270/2270 2271/2271
f 4893/4893 4853/4853 4864/4864
f 4864/4864 4853/4853 4854/4854
f 617/617 523/523 616/616
f 2956/2956 2955/2955 2953/2953
f 119/119 515/515 542/542
f 542/542 515/515 543/543
f 542/542 543/543 544/544
f 544/544 543/543 546/546
f 2938/2938 2932/2932 2931/2931
f 594/594 582/582 586/586
f 586/586 582/582 585/585
f 2924/2924 2927/2927 2925/2925
f 2924/2924 2925/2925 2923/2923
f 589/589 596/596 610/610
f 610/610 596/596 618/618
f 618/618 622/622 620/620
f 4056/4056 4050/4050 4035/4035
f 4056/4056 4035/4035 4034/4034
f 4064/4064 4034/4034 4059/4059
f 4042/4042 4052/4052 4058/4058
f 4053/4053 4041/4041 4039/4039
f 4053/4053 4039/4039 4054/4054
f 2735/2735 2736/2736 2747/2747
f 4048/4048 4044/4044 4061/4061
f 4057/4057 4047/4047 4066/4066
f 7034/7034 6900/6900 6901/6901
f 7030/7030 7034/7034 6901/6901
f 6901/6901 6900/6900 6899/6899
f 4897/4897 4898/4898 4899/4899
f 7106/7106 7111/7111 7112/7112
f 7106/7106 7112/7112 7108/7108
f 7108/7108 7112/7112 7113/7113
f 4676/4676 4681/4681 4672/4672
f 4669/4669 4670/4670 4671/4671
f 4670/4670 4694/4694 4698/4698
f 15/15 17/17 66/66
f 2522/2522 2532/2532 2512/2512
f 4698/4698 4699/4699 4700/4700
f 2504/2504 2506/2506 2503/2503
f 2287/2287 2171/2171 2172/2172
f 2170/2170 2175/2175 2167/2167
f 2175/2175 2177/2177 2167/2167
f 2177/2177 2184/2184 2176/2176
f 2167/2167 2177/2177 2176/2176
f 2504/2504 2493/2493 2505/2505
f 2314/2314 2329/2329 2302/2302
f 2395/2395 2329/2329 2314/2314
f 2207/2207 2218/2218 2200/2200
f 2200/2200 2218/2218 2213/2213
f 2428/2428 2435/2435 2427/2427
f 2431/2431 2436/2436 2435/2435
f 2429/2429 2431/2431 2435/2435
f 2429/2429 2435/2435 2428/2428
f 2238/2238 2265/2265 2263/2263
f 2269/2269 2271/2271 2272/2272
f 4864/4864 4854/4854 4855/4855
f 2960/2960 2963/2963 2961/2961
f 4845/4845 4847/4847 4846/4846
f 2960/2960 2961/2961 2955/2955
f 576/576 577/577 575/575
f 4196/4196 4177/4177 4172/4172
f 576/576 575/575 574/574
f 4196/4196 4172/4172 4173/4173
f 574/574 575/575 570/570
f 2953/2953 2955/2955 2954/2954
f 616/616 569/569 570/570
f 2953/2953 2954/2954 2951/2951
f 2949/2949 2950/2950 2946/2946
f 364/364 111/111 541/541
f 111/111 542/542 541/541
f 544/544 546/546 550/550
f 550/550 546/546 551/551
f 550/550 551/551 594/594
f 551/551 582/582 594/594
f 4192/4192 4169/4169 4180/4180
f 586/586 585/585 587/587
f 587/587 585/585 589/589
f 587/587 589/589 592/592
f 592/592 589/589 608/608
f 608/608 589/589 610/610
f 619/619 618/618 620/620
f 4068/4068 4050/4050 4056/4056
f 4056/4056 4034/4034 4064/4064
f 4065/4065 4042/4042 4058/4058
f 4052/4052 4041/4041 4053/4053
f 4054/4054 4048/4048 4062/4062
f 4062/4062 4048/4048 4061/4061
f 4061/4061 4044/4044 4057/4057
f 4066/4066 4033/4033 4067/4067
f 6901/6901 6899/6899 6902/6902
f 4907/4907 4897/4897 4899/4899
f 7116/7116 7109/7109 7104/7104
f 7109/7109 7107/7107 7104/7104
f 7107/7107 7106/7106 7104/7104
f 7104/7104 7106/7106 7099/7099
f 4898/4898 4926/4926 4904/4904
f 4904/4904 4926/4926 4934/4934
f 4679/4679 4676/4676 4677/4677
f 4672/4672 4669/4669 4671/4671
f 4693/4693 4670/4670 4698/4698
f 67/67 15/15 66/66
f 2522/2522 2533/2533 2532/2532
f 2533/2533 2522/2522 2563/2563
f 2522/2522 2512/2512 2508/2508
f 2508/2508 2512/2512 2506/2506
f 2508/2508 2506/2506 2507/2507
f 4700/4700 4699/4699 4696/4696
f 2507/2507 2506/2506 2504/2504
f 2172/2172 2171/2171 2166/2166
f 2166/2166 2170/2170 2167/2167
f 2176/2176 2184/2184 2186/2186
f 2509/2509 2504/2504 2505/2505
f 2507/2507 2504/2504 2509/2509
f 2186/2186 2207/2207 2190/2190
f 2190/2190 2207/2207 2200/2200
f 2392/2392 2395/2395 2314/2314
f 2509/2509 2505/2505 2432/2432
f 2432/2432 2505/2505 2431/2431
f 5452/5452 5449/5449 5457/5457
f 2213/2213 2248/2248 2238/2238
f 48/48 40/40 55/55
f 2432/2432 2431/2431 2430/2430
f 2430/2430 2431/2431 2429/2429
f 4696/4696 4733/4733 4750/4750
f 2262/2262 2269/2269 2272/2272
f 2272/2272 2457/2457 2458/2458
f 2457/2457 2459/2459 2458/2458
f 4750/4750 4733/4733 4789/4789
f 4750/4750 4789/4789 4778/4778
f 2458/2458 2459/2459 2561/2561
f 1740/1740 1741/1741 1755/1755
f 4177/4177 4168/4168 4159/4159
f 4177/4177 4159/4159 4172/4172
f 3452/3452 3453/3453 3450/3450
f 4845/4845 4846/4846 4842/4842
f 4159/4159 4145/4145 4160/4160
f 4172/4172 4159/4159 4160/4160
f 4173/4173 4172/4172 4160/4160
f 574/574 570/570 572/572
f 572/572 570/570 571/571
f 571/571 570/570 568/568
f 4175/4175 4173/4173 4160/4160
f 4175/4175 4160/4160 4166/4166
f 567/567 578/578 579/579
f 4176/4176 4175/4175 4166/4166
f 4193/4193 4176/4176 4171/4171
f 4193/4193 4171/4171 4170/4170
f 4195/4195 4193/4193 4170/4170
f 364/364 541/541 545/545
f 4195/4195 4170/4170 4167/4167
f 545/545 541/541 542/542
f 4195/4195 4167/4167 4194/4194
f 545/545 542/542 544/544
f 545/545 544/544 552/552
f 552/552 544/544 550/550
f 4194/4194 4167/4167 4192/4192
f 4167/4167 4163/4163 4192/4192
f 4169/4169 4150/4150 4165/4165
f 4180/4180 4169/4169 4165/4165
f 4180/4180 4165/4165 4174/4174
f 604/604 594/594 591/591
f 591/591 594/594 586/586
f 591/591 586/586 587/587
f 608/608 610/610 619/619
f 2769/2769 2764/2764 2723/2723
f 3624/3624 3639/3639 3637/3637
f 4064/4064 4059/4059 4077/4077
f 4059/4059 4055/4055 4073/4073
f 4060/4060 4052/4052 4053/4053
f 4053/4053 4054/4054 4063/4063
f 4063/4063 4054/4054 4062/4062
f 2835/2835 2816/2816 2819/2819
f 4907/4907 4899/4899 4905/4905
f 4904/4904 4899/4899 4898/4898
f 4905/4905 4899/4899 4904/4904
f 7106/7106 7108/7108 7102/7102
f 7099/7099 7106/7106 7102/7102
f 4904/4904 4934/4934 4918/4918
f 4671/4671 4670/4670 4692/4692
f 4692/4692 4670/4670 4693/4693
f 4693/4693 4698/4698 4700/4700
f 49/49 15/15 67/67
f 2564/2564 2533/2533 2563/2563
f 2563/2563 2522/2522 2523/2523
f 2523/2523 2522/2522 2520/2520
f 2520/2520 2522/2522 2508/2508
f 2520/2520 2508/2508 2507/2507
f 2521/2521 2520/2520 2507/2507
f 2521/2521 2507/2507 2511/2511
f 2302/2302 2287/2287 2173/2173
f 2173/2173 2287/2287 2172/2172
f 2167/2167 2176/2176 2169/2169
f 2511/2511 2507/2507 2509/2509
f 2190/2190 2200/2200 2197/2197
f 2370/2370 2392/2392 2314/2314
f 2511/2511 2509/2509 2510/2510
f 2417/2417 2427/2427 2392/2392
f 2510/2510 2509/2509 2432/2432
f 2417/2417 2428/2428 2427/2427
f 2212/2212 2213/2213 2238/2238
f 2423/2423 2429/2429 2428/2428
f 2423/2423 2428/2428 2417/2417
f 2510/2510 2432/2432 2434/2434
f 2430/2430 2429/2429 2423/2423
f 2434/2434 2432/2432 2433/2433
f 2432/2432 2430/2430 2433/2433
f 2263/2263 2269/2269 2262/2262
f 2263/2263 2262/2262 2261/2261
f 2462/2462 2272/2272 2458/2458
f 4168/4168 4164/4164 4146/4146
f 2462/2462 2458/2458 2561/2561
f 4159/4159 4168/4168 4146/4146
f 4159/4159 4146/4146 4145/4145
f 3456/3456 3455/3455 3451/3451
f 4160/4160 4145/4145 4147/4147
f 4166/4166 4160/4160 4147/4147
f 4166/4166 4147/4147 4152/4152
f 567/567 580/580 565/565
f 7656/7656 7657/7657 7658/7658
f 4166/4166 4152/4152 4158/4158
f 554/554 545/545 553/553
f 4170/4170 4158/4158 4157/4157
f 4170/4170 4157/4157 4167/4167
f 553/553 545/545 552/552
f 4167/4167 4157/4157 4163/4163
f 4163/4163 4157/4157 4148/4148
f 3560/3560 3566/3566 3561/3561
f 4163/4163 4148/4148 4150/4150
f 4165/4165 4150/4150 4151/4151
f 3561/3561 3566/3566 3570/3570
f 4165/4165 4151/4151 4156/4156
f 4174/4174 4165/4165 4156/4156
f 4178/4178 4174/4174 4156/4156
f 591/591 587/587 593/593
f 593/593 587/587 592/592
f 592/592 608/608 609/609
f 609/609 608/608 619/619
f 3624/3624 3637/3637 3611/3611
f 3621/3621 3623/3623 3643/3643
f 4058/4058 4052/4052 4060/4060
f 4053/4053 4063/4063 4060/4060
f 4057/4057 4066/4066 4071/4071
f 4070/4070 4066/4066 4069/4069
f 7050/7050 7030/7030 6991/6991
f 6991/6991 7030/7030 6984/6984
f 4905/4905 4904/4904 4906/4906
f 4906/4906 4904/4904 4909/4909
f 7116/7116 7104/7104 7100/7100
f 7100/7100 7104/7104 7099/7099
f 7101/7101 7099/7099 7102/7102
f 4909/4909 4904/4904 4918/4918
f 2566/2566 2564/2564 2565/2565
f 2565/2565 2564/2564 2563/2563
f 2565/2565 2563/2563 2587/2587
f 2587/2587 2563/2563 2523/2523
f 2587/2587 2523/2523 2520/2520
f 2586/2586 2587/2587 2520/2520
f 2585/2585 2586/2586 2520/2520
f 2586/2586 2585/2585 2614/2614
f 2585/2585 2520/2520 2521/2521
f 2585/2585 2521/2521 2511/2511
f 2166/2166 2167/2167 2161/2161
f 2161/2161 2167/2167 2164/2164
f 2314/2314 2302/2302 2301/2301
f 2301/2301 2302/2302 2173/2173
f 2169/2169 2176/2176 2183/2183
f 2176/2176 2186/2186 2183/2183
f 2183/2183 2186/2186 2190/2190
f 2584/2584 2585/2585 2511/2511
f 2200/2200 2213/2213 2197/2197
f 2584/2584 2511/2511 2568/2568
f 2568/2568 2511/2511 2510/2510
f 2370/2370 2417/2417 2392/2392
f 2197/2197 2213/2213 2212/2212
f 2212/2212 2238/2238 2224/2224
f 4164/4164 4161/4161 4135/4135
f 2554/2554 2568/2568 2510/2510
f 2224/2224 2238/2238 2263/2263
f 4696/4696 4750/4750 4778/4778
f 4164/4164 4135/4135 4146/4146
f 2554/2554 2510/2510 2434/2434
f 2447/2447 2430/2430 2423/2423
f 4146/4146 4135/4135 4134/4134
f 4146/4146 4134/4134 4145/4145
f 2444/2444 2554/2554 2434/2434
f 2444/2444 2434/2434 2440/2440
f 2440/2440 2434/2434 2433/2433
f 2439/2439 2433/2433 2430/2430
f 2261/2261 2262/2262 2260/2260
f 2260/2260 2262/2262 2267/2267
f 2462/2462 2561/2561 2267/2267
f 4145/4145 4134/4134 4133/4133
f 2440/2440 2433/2433 2439/2439
f 4855/4855 4845/4845 4844/4844
f 2267/2267 2561/2561 2704/2704
f 4844/4844 4845/4845 4842/4842
f 4147/4147 4145/4145 4133/4133
f 4147/4147 4133/4133 4136/4136
f 571/571 568/568 573/573
f 4147/4147 4136/4136 4152/4152
f 566/566 565/565 564/564
f 4152/4152 4136/4136 4137/4137
f 4158/4158 4152/4152 4137/4137
f 559/559 558/558 557/557
f 557/557 558/558 554/554
f 4158/4158 4137/4137 4143/4143
f 555/555 554/554 553/553
f 4157/4157 4143/4143 4141/4141
f 3539/3539 3559/3559 3553/3553
f 4148/4148 4157/4157 4141/4141
f 4148/4148 4141/4141 4142/4142
f 3553/3553 3559/3559 3560/3560
f 4148/4148 4142/4142 4150/4150
f 4150/4150 4142/4142 4149/4149
f 3553/3553 3560/3560 3561/3561
f 4150/4150 4149/4149 4151/4151
f 4151/4151 4149/4149 4155/4155
f 4156/4156 4151/4151 4155/4155
f 4156/4156 4155/4155 4179/4179
f 3561/3561 3570/3570 3562/3562
f 4156/4156 4179/4179 4178/4178
f 597/597 604/604 591/591
f 597/597 591/591 595/595
f 4197/4197 4178/4178 4179/4179
f 4197/4197 4179/4179 4305/4305
f 4197/4197 4305/4305 4311/4311
f 595/595 591/591 593/593
f 593/593 592/592 609/609
f 609/609 619/619 621/621
f 3586/3586 3592/3592 3598/3598
f 3611/3611 3637/3637 3623/3623
f 3621/3621 3643/3643 3641/3641
f 4075/4075 4073/4073 4065/4065
f 4075/4075 4065/4065 4058/4058
f 4058/4058 4060/4060 4074/4074
f 4080/4080 4063/4063 4062/4062
f 4080/4080 4062/4062 4079/4079
f 4079/4079 4062/4062 4061/4061
f 4072/4072 4061/4061 4057/4057
f 4057/4057 4071/4071 4072/4072
f 7049/7049 7050/7050 6991/6991
f 4908/4908 4905/4905 4906/4906
f 7101/7101 7102/7102 7103/7103
f 7105/7105 7116/7116 7100/7100
f 4761/4761 4677/4677 4678/4678
f 4909/4909 4918/4918 4921/4921
f 4676/4676 4672/4672 4673/4673
f 13/13 49/49 76/76
f 75/75 13/13 76/76
f 2567/2567 2566/2566 2565/2565
f 2567/2567 2565/2565 2613/2613
f 4208/4208 4212/4212 4213/4213
f 2613/2613 2565/2565 2587/2587
f 12/12 13/13 59/59
f 2613/2613 2587/2587 2612/2612
f 2612/2612 2587/2587 2586/2586
f 2614/2614 2612/2612 2586/2586
f 11/11 12/12 60/60
f 2618/2618 2614/2614 2585/2585
f 2172/2172 2166/2166 2160/2160
f 2166/2166 2161/2161 2160/2160
f 2167/2167 2169/2169 2164/2164
f 2316/2316 2314/2314 2301/2301
f 2618/2618 2585/2585 2605/2605
f 2605/2605 2585/2585 2584/2584
f 2370/2370 2314/2314 2337/2337
f 2190/2190 2197/2197 2195/2195
f 2389/2389 2417/2417 2370/2370
f 2604/2604 2605/2605 2584/2584
f 2604/2604 2584/2584 2568/2568
f 4135/4135 4161/4161 4129/4129
f 4135/4135 4129/4129 4123/4123
f 2604/2604 2568/2568 2554/2554
f 7782/7782 7781/7781 7783/7783
f 4728/4728 4696/4696 4778/4778
f 4728/4728 4778/4778 4792/4792
f 4134/4134 4135/4135 4123/4123
f 2224/2224 2263/2263 2261/2261
f 2600/2600 2604/2604 2554/2554
f 2600/2600 2554/2554 2444/2444
f 2260/2260 2267/2267 2256/2256
f 4133/4133 4134/4134 4123/4123
f 2446/2446 2440/2440 2439/2439
f 2256/2256 2267/2267 2704/2704
f 2598/2598 2600/2600 2444/2444
f 2444/2444 2440/2440 2452/2452
f 2598/2598 2444/2444 2452/2452
f 2452/2452 2440/2440 2446/2446
f 4133/4133 4123/4123 4124/4124
f 4133/4133 4124/4124 4125/4125
f 3437/3437 3471/3471 3472/3472
f 4136/4136 4125/4125 4126/4126
f 3437/3437 3472/3472 3464/3464
f 4136/4136 4126/4126 4137/4137
f 4137/4137 4126/4126 4128/4128
f 564/564 559/559 557/557
f 4137/4137 4128/4128 4131/4131
f 4137/4137 4131/4131 4143/4143
f 557/557 554/554 556/556
f 4143/4143 4131/4131 4141/4141
f 556/556 554/554 555/555
f 3504/3504 3539/3539 3527/3527
f 4141/4141 4131/4131 4132/4132
f 4141/4141 4132/4132 4138/4138
f 4141/4141 4138/4138 4142/4142
f 4142/4142 4138/4138 4149/4149
f 4149/4149 4138/4138 4139/4139
f 4149/4149 4139/4139 4154/4154
f 3553/3553 3561/3561 3562/3562
f 4155/4155 4162/4162 4179/4179
f 612/612 593/593 609/609
f 3624/3624 3611/3611 3598/3598
f 3611/3611 3623/3623 3606/3606
f 3620/3620 3641/3641 3632/3632
f 4075/4075 4058/4058 4074/4074
f 2731/2731 2732/2732 2739/2739
f 4076/4076 4074/4074 4060/4060
f 4060/4060 4063/4063 4076/4076
f 4076/4076 4063/4063 4080/4080
f 4079/4079 4061/4061 4078/4078
f 4061/4061 4072/4072 4078/4078
f 4071/4071 4066/4066 4070/4070
f 6991/6991 6984/6984 6990/6990
f 6992/6992 6991/6991 6990/6990
f 4908/4908 4906/4906 4909/4909
f 7105/7105 7100/7100 7084/7084
f 7084/7084 7100/7100 7099/7099
f 7084/7084 7099/7099 7083/7083
f 7099/7099 7101/7101 7083/7083
f 7083/7083 7101/7101 7103/7103
f 4678/4678 4677/4677 4675/4675
f 4677/4677 4676/4676 4675/4675
f 4200/4200 4215/4215 4212/4212
f 4200/4200 4212/4212 4208/4208
f 86/86 59/59 75/75
f 4199/4199 4200/4200 4208/4208
f 4208/4208 4213/4213 4207/4207
f 4199/4199 4208/4208 4207/4207
f 4199/4199 4207/4207 4191/4191
f 4191/4191 4207/4207 4206/4206
f 4206/4206 4207/4207 4217/4217
f 4206/4206 4217/4217 4202/4202
f 4202/4202 4217/4217 4203/4203
f 4203/4203 4217/4217 4219/4219
f 2290/2290 2301/2301 2173/2173
f 2173/2173 2172/2172 2160/2160
f 2337/2337 2314/2314 2316/2316
f 2183/2183 2190/2190 2187/2187
f 2187/2187 2190/2190 2195/2195
f 4129/4129 4130/4130 4104/4104
f 4203/4203 4219/4219 4209/4209
f 4209/4209 4219/4219 4220/4220
f 2197/2197 2212/2212 2198/2198
f 4129/4129 4104/4104 4123/4123
f 4104/4104 4113/4113 4123/4123
f 4209/4209 4220/4220 4221/4221
f 2422/2422 2423/2423 2417/2417
f 2422/2422 2417/2417 2389/2389
f 4123/4123 4113/4113 4112/4112
f 4209/4209 4221/4221 4210/4210
f 2447/2447 2423/2423 2422/2422
f 5463/5463 5459/5459 5462/5462
f 2257/2257 2261/2261 2260/2260
f 2257/2257 2260/2260 2254/2254
f 2254/2254 2260/2260 2256/2256
f 4210/4210 4221/4221 4223/4223
f 2456/2456 2439/2439 2447/2447
f 2256/2256 2704/2704 2697/2697
f 4124/4124 4123/4123 4112/4112
f 4124/4124 4112/4112 4114/4114
f 4210/4210 4223/4223 4214/4214
f 4214/4214 4223/4223 4218/4218
f 2446/2446 2439/2439 2456/2456
f 4844/4844 4842/4842 4841/4841
f 4205/4205 4214/4214 4218/4218
f 2595/2595 2452/2452 2446/2446
f 4843/4843 4842/4842 4849/4849
f 4124/4124 4114/4114 4125/4125
f 2599/2599 2598/2598 2595/2595
f 2595/2595 2598/2598 2452/2452
f 4126/4126 4125/4125 4114/4114
f 4126/4126 4114/4114 4118/4118
f 4126/4126 4118/4118 4127/4127
f 4126/4126 4127/4127 4128/4128
f 4128/4128 4127/4127 4119/4119
f 4131/4131 4128/4128 4119/4119
f 3462/3462 3463/3463 3461/3461
f 4131/4131 4119/4119 4132/4132
f 4132/4132 4119/4119 4120/4120
f 3463/3463 3504/3504 3465/3465
f 3465/3465 3504/3504 3527/3527
f 4132/4132 4120/4120 4138/4138
f 4138/4138 4120/4120 4122/4122
f 4138/4138 4122/4122 4139/4139
f 4139/4139 4122/4122 4140/4140
f 3527/3527 3539/3539 3553/3553
f 4139/4139 4140/4140 4153/4153
f 4154/4154 4139/4139 4153/4153
f 4154/4154 4153/4153 4162/4162
f 3527/3527 3553/3553 3531/3531
f 4162/4162 4153/4153 4188/4188
f 3531/3531 3553/3553 3540/3540
f 3540/3540 3553/3553 3562/3562
f 4179/4179 4162/4162 4188/4188
f 4179/4179 4188/4188 4304/4304
f 597/597 595/595 598/598
f 598/598 595/595 593/593
f 2926/2926 3058/3058 2845/2845
f 3569/3569 3592/3592 3586/3586
f 3586/3586 3598/3598 3597/3597
f 3597/3597 3598/3598 3611/3611
f 3606/3606 3623/3623 3600/3600
f 3629/3629 3630/3630 3640/3640
f 2749/2749 2739/2739 2744/2744
f 3635/3635 3640/3640 3647/3647
f 7054/7054 7049/7049 6992/6992
f 6993/6993 6992/6992 6990/6990
f 4910/4910 4908/4908 4909/4909
f 4910/4910 4909/4909 4911/4911
f 4909/4909 4921/4921 4916/4916
f 4673/4673 4672/4672 4671/4671
f 4224/4224 4215/4215 4184/4184
f 4184/4184 4215/4215 4200/4200
f 4184/4184 4200/4200 4199/4199
f 4111/4111 4224/4224 4184/4184
f 4198/4198 4224/4224 4102/4102
f 4102/4102 4224/4224 4111/4111
f 4111/4111 4184/4184 4121/4121
f 4184/4184 4199/4199 4190/4190
f 4190/4190 4199/4199 4191/4191
f 4121/4121 4184/4184 4190/4190
f 4198/4198 4102/4102 4101/4101
f 4102/4102 4111/4111 4091/4091
f 4091/4091 4111/4111 4121/4121
f 4130/4130 4198/4198 4101/4101
f 4101/4101 4102/4102 4091/4091
f 4121/4121 4190/4190 4191/4191
f 4121/4121 4191/4191 4183/4183
f 4191/4191 4206/4206 4202/4202
f 2168/2168 2164/2164 2169/2169
f 4130/4130 4101/4101 4104/4104
f 4104/4104 4101/4101 4100/4100
f 4100/4100 4101/4101 4091/4091
f 2316/2316 2301/2301 2290/2290
f 4697/4697 4696/4696 4728/4728
f 4100/4100 4091/4091 4090/4090
f 4191/4191 4202/4202 4183/4183
f 4113/4113 4104/4104 4100/4100
f 4183/4183 4202/4202 4186/4186
f 4186/4186 4202/4202 4203/4203
f 2389/2389 2370/2370 2337/2337
f 2389/2389 2337/2337 2339/2339
f 2195/2195 2197/2197 2198/2198
f 4113/4113 4100/4100 4112/4112
f 4112/4112 4100/4100 4090/4090
f 2198/2198 2212/2212 2211/2211
f 4697/4697 4728/4728 4792/4792
f 4697/4697 4792/4792 4794/4794
f 4112/4112 4090/4090 4086/4086
f 4203/4203 4209/4209 4189/4189
f 2212/2212 2224/2224 2211/2211
f 6881/6881 6879/6879 6880/6880
f 4203/4203 4189/4189 4186/4186
f 2224/2224 2261/2261 2235/2235
f 4189/4189 4209/4209 4210/4210
f 4112/4112 4086/4086 4114/4114
f 2235/2235 2261/2261 2257/2257
f 4189/4189 4210/4210 4204/4204
f 4204/4204 4210/4210 4214/4214
f 2596/2596 2446/2446 2456/2456
f 2596/2596 2456/2456 2597/2597
f 4114/4114 4086/4086 4085/4085
f 2595/2595 2446/2446 2596/2596
f 4187/4187 4189/4189 4204/4204
f 4204/4204 4214/4214 4205/4205
f 4187/4187 4204/4204 4205/4205
f 2640/2640 2595/2595 2596/2596
f 4118/4118 4114/4114 4085/4085
f 4187/4187 4205/4205 4181/4181
f 4205/4205 4216/4216 4211/4211
f 4181/4181 4205/4205 4182/4182
f 4182/4182 4205/4205 4211/4211
f 4118/4118 4085/4085 4119/4119
f 4127/4127 4118/4118 4119/4119
f 4181/4181 4182/4182 4110/4110
f 4119/4119 4085/4085 4099/4099
f 4110/4110 4109/4109 4108/4108
f 3441/3441 3464/3464 3442/3442
f 4109/4109 4115/4115 4098/4098
f 4099/4099 4103/4103 4120/4120
f 4115/4115 4109/4109 4117/4117
f 4115/4115 4117/4117 4116/4116
f 4120/4120 4103/4103 4122/4122
f 4103/4103 4115/4115 4116/4116
f 4122/4122 4103/4103 4116/4116
f 4122/4122 4116/4116 4144/4144
f 3465/3465 3527/3527 3487/3487
f 4140/4140 4122/4122 4144/4144
f 3487/3487 3527/3527 3531/3531
f 598/598 593/593 612/612
f 3597/3597 3611/3611 3606/3606
f 3597/3597 3606/3606 3600/3600
f 3620/3620 3632/3632 3617/3617
f 3617/3617 3632/3632 3631/3631
f 3617/3617 3631/3631 3619/3619
f 3619/3619 3630/3630 3629/3629
f 3647/3647 3649/3649 3635/3635
f 4078/4078 4072/4072 4083/4083
f 2807/2807 2790/2790 2796/2796
f 6995/6995 7054/7054 6992/6992
f 6995/6995 6992/6992 6994/6994
f 2820/2820 2797/2797 2821/2821
f 4931/4931 4910/4910 4911/4911
f 4914/4914 4931/4931 4911/4911
f 7105/7105 7084/7084 7080/7080
f 7084/7084 7083/7083 7080/7080
f 7080/7080 7083/7083 7081/7081
f 7083/7083 7103/7103 7082/7082
f 7081/7081 7083/7083 7082/7082
f 4909/4909 4916/4916 4913/4913
f 4751/4751 4678/4678 4675/4675
f 4675/4675 4676/4676 4673/4673
f 4091/4091 4121/4121 4089/4089
f 2290/2290 2173/2173 2165/2165
f 2165/2165 2173/2173 2160/2160
f 2168/2168 2169/2169 2180/2180
f 2169/2169 2183/2183 2180/2180
f 2183/2183 2187/2187 2180/2180
f 4089/4089 4121/4121 4183/4183
f 2187/2187 2195/2195 2188/2188
f 4090/4090 4091/4091 4089/4089
f 4089/4089 4183/4183 4092/4092
f 2339/2339 2337/2337 2316/2316
f 2188/2188 2195/2195 2198/2198
f 4090/4090 4089/4089 4086/4086
f 4092/4092 4183/4183 4093/4093
f 4093/4093 4183/4183 4186/4186
f 2390/2390 2389/2389 2339/2339
f 2199/2199 2198/2198 2211/2211
f 4086/4086 4089/4089 4088/4088
f 4089/4089 4092/4092 4088/4088
f 2421/2421 2422/2422 2390/2390
f 4088/4088 4092/4092 4093/4093
f 2447/2447 2422/2422 2421/2421
f 4086/4086 4088/4088 4087/4087
f 4087/4087 4088/4088 4093/4093
f 4093/4093 4186/4186 4185/4185
f 4185/4185 4186/4186 4189/4189
f 2235/2235 2257/2257 2253/2253
f 2253/2253 2257/2257 2254/2254
f 2253/2253 2254/2254 2252/2252
f 2254/2254 2256/2256 2255/2255
f 2252/2252 2254/2254 2255/2255
f 2472/2472 2456/2456 2447/2447
f 2255/2255 2256/2256 2697/2697
f 4095/4095 4093/4093 4107/4107
f 4093/4093 4185/4185 4107/4107
f 4841/4841 4843/4843 4838/4838
f 4085/4085 4086/4086 4087/4087
f 4087/4087 4093/4093 4094/4094
f 4094/4094 4093/4093 4095/4095
f 4107/4107 4185/4185 4106/4106
f 4087/4087 4094/4094 4085/4085
f 4095/4095 4107/4107 4106/4106
f 4185/4185 4189/4189 4187/4187
f 4106/4106 4185/4185 4187/4187
f 2641/2641 2640/2640 2596/2596
f 4094/4094 4095/4095 4097/4097
f 4097/4097 4095/4095 4106/4106
f 4106/4106 4187/4187 4105/4105
f 4097/4097 4106/4106 4105/4105
f 4105/4105 4187/4187 4181/4181
f 2670/2670 2640/2640 2641/2641
f 3431/3431 3405/3405 3404/3404
f 4094/4094 4097/4097 4096/4096
f 4108/4108 4105/4105 4181/4181
f 4108/4108 4181/4181 4110/4110
f 4085/4085 4094/4094 4099/4099
f 4099/4099 4094/4094 4096/4096
f 4110/4110 4182/4182 4227/4227
f 4097/4097 4105/4105 4098/4098
f 4096/4096 4097/4097 4098/4098
f 4098/4098 4105/4105 4108/4108
f 4103/4103 4096/4096 4098/4098
f 4228/4228 4117/4117 4109/4109
f 4228/4228 4109/4109 4226/4226
f 3461/3461 3465/3465 3445/3445
f 3531/3531 3540/3540 3528/3528
f 3528/3528 3537/3537 3529/3529
f 3529/3529 3537/3537 3569/3569
f 3529/3529 3569/3569 3547/3547
f 3569/3569 3586/3586 3547/3547
f 3547/3547 3586/3586 3574/3574
f 3586/3586 3597/3597 3574/3574
f 3574/3574 3597/3597 3599/3599
f 3599/3599 3597/3597 3600/3600
f 3600/3600 3620/3620 3614/3614
f 3614/3614 3620/3620 3617/3617
f 3619/3619 3629/3629 3616/3616
f 3629/3629 3640/3640 3635/3635
f 3635/3635 3649/3649 3634/3634
f 3634/3634 3649/3649 3648/3648
f 4083/4083 4071/4071 4082/4082
f 4082/4082 4071/4071 4081/4081
f 7036/7036 7054/7054 6995/6995
f 4912/4912 4911/4911 4909/4909
f 4912/4912 4909/4909 4913/4913
f 4914/4914 4911/4911 4912/4912
f 6078/6078 6079/6079 6066/6066
f 7078/7078 7105/7105 7080/7080
f 7080/7080 7081/7081 7074/7074
f 7074/7074 7081/7081 7082/7082
f 4913/4913 4916/4916 4935/4935
f 2160/2160 2161/2161 2162/2162
f 2162/2162 2161/2161 2163/2163
f 2161/2161 2164/2164 2163/2163
f 2163/2163 2164/2164 2168/2168
f 2180/2180 2187/2187 2182/2182
f 2182/2182 2187/2187 2188/2188
f 4968/4968 4955/4955 4969/4969
f 2339/2339 2316/2316 2311/2311
f 4745/4745 4697/4697 4794/4794
f 4745/4745 4794/4794 4795/4795
f 2340/2340 2390/2390 2339/2339
f 2194/2194 2188/2188 2199/2199
f 2188/2188 2198/2198 2199/2199
f 2199/2199 2211/2211 2206/2206
f 2211/2211 2224/2224 2235/2235
f 2211/2211 2235/2235 2232/2232
f 5481/5481 5463/5463 5482/5482
f 2251/2251 2253/2253 2252/2252
f 2597/2597 2472/2472 2609/2609
f 4841/4841 4838/4838 4837/4837
f 4888/4888 4841/4841 4837/4837
f 4110/4110 4227/4227 4226/4226
f 3430/3430 3442/3442 3461/3461
f 3488/3488 3531/3531 3528/3528
f 4307/4307 4312/4312 4303/4303
f 3599/3599 3600/3600 3605/3605
f 3613/3613 3617/3617 3619/3619
f 3618/3618 3629/3629 3635/3635
f 2795/2795 2781/2781 2790/2790
f 7036/7036 6995/6995 7000/7000
f 4915/4915 4914/4914 4912/4912
f 7078/7078 7080/7080 7076/7076
f 7076/7076 7080/7080 7074/7074
f 6067/6067 6078/6078 6066/6066
f 4913/4913 4935/4935 4919/4919
f 4912/4912 4913/4913 4919/4919
f 4695/4695 4697/4697 4745/4745
f 2293/2293 2290/2290 2165/2165
f 2165/2165 2160/2160 2162/2162
f 7784/7784 7797/7797 7778/7778
f 7784/7784 7778/7778 7780/7780
f 7780/7780 7778/7778 7779/7779
f 2311/2311 2316/2316 2290/2290
f 2340/2340 2339/2339 2311/2311
f 2340/2340 2311/2311 2335/2335
f 2421/2421 2390/2390 2396/2396
f 2206/2206 2211/2211 2216/2216
f 2216/2216 2211/2211 2232/2232
f 2447/2447 2421/2421 2472/2472
f 2232/2232 2235/2235 2253/2253
f 2232/2232 2253/2253 2234/2234
f 2234/2234 2253/2253 2251/2251
f 2597/2597 2609/2609 2627/2627
f 4837/4837 4838/4838 4836/4836
f 2629/2629 2597/2597 2627/2627
f 2671/2671 2641/2641 2666/2666
f 4226/4226 4227/4227 4231/4231
f 4299/4299 4226/4226 4231/4231
f 4298/4298 4228/4228 4299/4299
f 3488/3488 3528/3528 3491/3491
f 4307/4307 4303/4303 4301/4301
f 3529/3529 3547/3547 3530/3530
f 2765/2765 2809/2809 2770/2770
f 3530/3530 3547/3547 3546/3546
f 3546/3546 3547/3547 3574/3574
f 3610/3610 3614/3614 3617/3617
f 3618/3618 3635/3635 3622/3622
f 3634/3634 3642/3642 3633/3633
f 3642/3642 3648/3648 3651/3651
f 3644/3644 3650/3650 3646/3646
f 7006/7006 7036/7036 7000/7000
f 4936/4936 4915/4915 4912/4912
f 4937/4937 4936/4936 4912/4912
f 4621/4621 4620/4620 4619/4619
f 4619/4619 4620/4620 4617/4617
f 7074/7074 7082/7082 7072/7072
f 6581/6581 6578/6578 6580/6580
f 4920/4920 4912/4912 4919/4919
f 4745/4745 4795/4795 4796/4796
f 2311/2311 2290/2290 2293/2293
f 2168/2168 2180/2180 2181/2181
f 2181/2181 2180/2180 2182/2182
f 2182/2182 2188/2188 2193/2193
f 2193/2193 2188/2188 2194/2194
f 2396/2396 2390/2390 2340/2340
f 2396/2396 2340/2340 2376/2376
f 2216/2216 2232/2232 2233/2233
f 2225/2225 2216/2216 2233/2233
f 2233/2233 2232/2232 2234/2234
f 2234/2234 2251/2251 2249/2249
f 2249/2249 2251/2251 2252/2252
f 3413/3413 3415/3415 3330/3330
f 2258/2258 2252/2252 2255/2255
f 4885/4885 4888/4888 4837/4837
f 2249/2249 2252/2252 2258/2258
f 4885/4885 4837/4837 4831/4831
f 4831/4831 4837/4837 4836/4836
f 2666/2666 2641/2641 2629/2629
f 2666/2666 2629/2629 2665/2665
f 4231/4231 4227/4227 4232/4232
f 3467/3467 3488/3488 3491/3491
f 4306/4306 4298/4298 4300/4300
f 3599/3599 3605/3605 3585/3585
f 3605/3605 3614/3614 3610/3610
f 3610/3610 3617/3617 3613/3613
f 3622/3622 3634/3634 3633/3633
f 2780/2780 2753/2753 2758/2758
f 3645/3645 3644/3644 3646/3646
f 6063/6063 6067/6067 6066/6066
f 6063/6063 6066/6066 6064/6064
f 7075/7075 7078/7078 7076/7076
f 7076/7076 7074/7074 7075/7075
f 7075/7075 7074/7074 7073/7073
f 7073/7073 7074/7074 7072/7072
f 4753/4753 4675/4675 4644/4644
f 4920/4920 4919/4919 4933/4933
f 4673/4673 4671/4671 4674/4674
f 4695/4695 4696/4696 4697/4697
f 4743/4743 4695/4695 4745/4745
f 4743/4743 4745/4745 4788/4788
f 7887/7887 7886/7886 7885/7885
f 4788/4788 4745/4745 4796/4796
f 2243/2243 2293/2293 2165/2165
f 2243/2243 2165/2165 2185/2185
f 2185/2185 2165/2165 2162/2162
f 2162/2162 2163/2163 2174/2174
f 2185/2185 2162/2162 2174/2174
f 2174/2174 2163/2163 2179/2179
f 2163/2163 2168/2168 2179/2179
f 2179/2179 2168/2168 2181/2181
f 2335/2335 2311/2311 2312/2312
f 2312/2312 2311/2311 2293/2293
f 2312/2312 2293/2293 2306/2306
f 2181/2181 2182/2182 2189/2189
f 2189/2189 2182/2182 2193/2193
f 2376/2376 2340/2340 2335/2335
f 2194/2194 2199/2199 2196/2196
f 2199/2199 2206/2206 2201/2201
f 2206/2206 2216/2216 2201/2201
f 2233/2233 2234/2234 2249/2249
f 2249/2249 2258/2258 2259/2259
f 2609/2609 2472/2472 2473/2473
f 4885/4885 4831/4831 4882/4882
f 3392/3392 3401/3401 3393/3393
f 4292/4292 4299/4299 4296/4296
f 4300/4300 4298/4298 4297/4297
f 2908/2908 2906/2906 2869/2869
f 2878/2878 2908/2908 2869/2869
f 2815/2815 2830/2830 2831/2831
f 3574/3574 3599/3599 3585/3585
f 3568/3568 3574/3574 3585/3585
f 3585/3585 3605/3605 3610/3610
f 2743/2743 2757/2757 2756/2756
f 3609/3609 3613/3613 3616/3616
f 3618/3618 3622/3622 3615/3615
f 3633/3633 3642/3642 3626/3626
f 3626/3626 3642/3642 3636/3636
f 3636/3636 3642/3642 3644/3644
f 7006/7006 7000/7000 7005/7005
f 7007/7007 7006/7006 7005/7005
f 6587/6587 6580/6580 6586/6586
f 4619/4619 4617/4617 4616/4616
f 7073/7073 7072/7072 7071/7071
f 4617/4617 4644/4644 4612/4612
f 4675/4675 4673/4673 4644/4644
f 4700/4700 4696/4696 4695/4695
f 7874/7874 7877/7877 7876/7876
f 2306/2306 2293/2293 2243/2243
f 2185/2185 2174/2174 2191/2191
f 2174/2174 2179/2179 2191/2191
f 2376/2376 2335/2335 2336/2336
f 2193/2193 2194/2194 2196/2196
f 2196/2196 2199/2199 2201/2201
f 2201/2201 2216/2216 2217/2217
f 2472/2472 2396/2396 2419/2419
f 2217/2217 2216/2216 2225/2225
f 2250/2250 2233/2233 2249/2249
f 2250/2250 2249/2249 2283/2283
f 2283/2283 2249/2249 2259/2259
f 4882/4882 4831/4831 4830/4830
f 2627/2627 2609/2609 2626/2626
f 2609/2609 2473/2473 2626/2626
f 4831/4831 4835/4835 4832/4832
f 4830/4830 4831/4831 4832/4832
f 2629/2629 2627/2627 2665/2665
f 4296/4296 4231/4231 4233/4233
f 4293/4293 4297/4297 4292/4292
f 3552/3552 3568/3568 3555/3555
f 3555/3555 3568/3568 3572/3572
f 3587/3587 3585/3585 3610/3610
f 3610/3610 3613/3613 3587/3587
f 3587/3587 3613/3613 3609/3609
f 3596/3596 3616/3616 3612/3612
f 3636/3636 3644/3644 3645/3645
f 7046/7046 7048/7048 7006/7006
f 7046/7046 7006/7006 7007/7007
f 7008/7008 7007/7007 7005/7005
f 7066/7066 7067/7067 7068/7068
f 6063/6063 6064/6064 6065/6065
f 7077/7077 7075/7075 7073/7073
f 4671/4671 4692/4692 4688/4688
f 2306/2306 2243/2243 2300/2300
f 2300/2300 2243/2243 2185/2185
f 2300/2300 2185/2185 2244/2244
f 2179/2179 2181/2181 2192/2192
f 2336/2336 2335/2335 2319/2319
f 2319/2319 2335/2335 2312/2312
f 2419/2419 2396/2396 2376/2376
f 2454/2454 2473/2473 2419/2419
f 3317/3317 3330/3330 3316/3316
f 2225/2225 2233/2233 2228/2228
f 2228/2228 2233/2233 2250/2250
f 2283/2283 2259/2259 2284/2284
f 2284/2284 2259/2259 2698/2698
f 2626/2626 2473/2473 2617/2617
f 4832/4832 4835/4835 4884/4884
f 2665/2665 2627/2627 2652/2652
f 4235/4235 4233/4233 4234/4234
f 4296/4296 4233/4233 4235/4235
f 2906/2906 2907/2907 2896/2896
f 2869/2869 2906/2906 2896/2896
f 3490/3490 3508/3508 3492/3492
f 2830/2830 2869/2869 2857/2857
f 3508/3508 3533/3533 3532/3532
f 3492/3492 3508/3508 3532/3532
f 2831/2831 2830/2830 2857/2857
f 3533/3533 3552/3552 3532/3532
f 2815/2815 2831/2831 2814/2814
f 2766/2766 2815/2815 2814/2814
f 3572/3572 3585/3585 3587/3587
f 2756/2756 2757/2757 2771/2771
f 3587/3587 3609/3609 3596/3596
f 3609/3609 3616/3616 3596/3596
f 2750/2750 2755/2755 2776/2776
f 3591/3591 3596/3596 3612/3612
f 3607/3607 3615/3615 3622/3622
f 2752/2752 2772/2772 2773/2773
f 3622/3622 3633/3633 3608/3608
f 3626/3626 3636/3636 3628/3628
f 7009/7009 7046/7046 7007/7007
f 7009/7009 7007/7007 7008/7008
f 2787/2787 3052/3052 3051/3051
f 7069/7069 7066/7066 7068/7068
f 7069/7069 7068/7068 7070/7070
f 7064/7064 7069/7069 7070/7070
f 4616/4616 4617/4617 4612/4612
f 4614/4614 4616/4616 4612/4612
f 7077/7077 7073/7073 7079/7079
f 7071/7071 7069/7069 7064/7064
f 6068/6068 6063/6063 6065/6065
f 6068/6068 6065/6065 6069/6069
f 4612/4612 4644/4644 4613/4613
f 4691/4691 4693/4693 4700/4700
f 4716/4716 4700/4700 4695/4695
f 4955/4955 4956/4956 4957/4957
f 4762/4762 4743/4743 4788/4788
f 7746/7746 7761/7761 7757/7757
f 6871/6871 6869/6869 6870/6870
f 2244/2244 2185/2185 2191/2191
f 2191/2191 2179/2179 2205/2205
f 2205/2205 2179/2179 2192/2192
f 2319/2319 2312/2312 2318/2318
f 2318/2318 2312/2312 2306/2306
f 2318/2318 2306/2306 2300/2300
f 2192/2192 2181/2181 2189/2189
f 2189/2189 2193/2193 2202/2202
f 2203/2203 2196/2196 2210/2210
f 2196/2196 2201/2201 2210/2210
f 2419/2419 2376/2376 2391/2391
f 2210/2210 2201/2201 2217/2217
f 2226/2226 2225/2225 2227/2227
f 2360/2360 2228/2228 2250/2250
f 2250/2250 2283/2283 2284/2284
f 2360/2360 2250/2250 2284/2284
f 2227/2227 2225/2225 2228/2228
f 2284/2284 2698/2698 2414/2414
f 4830/4830 4832/4832 4833/4833
f 4887/4887 4830/4830 4833/4833
f 3329/3329 3342/3342 3341/3341
f 2652/2652 2627/2627 2626/2626
f 2665/2665 2652/2652 2673/2673
f 4232/4232 4302/4302 4234/4234
f 4296/4296 4235/4235 4290/4290
f 4292/4292 4296/4296 4290/4290
f 4292/4292 4290/4290 4291/4291
f 4293/4293 4292/4292 4291/4291
f 2896/2896 2907/2907 2904/2904
f 3469/3469 3490/3490 3492/3492
f 3572/3572 3587/3587 3576/3576
f 3548/3548 3572/3572 3576/3576
f 3576/3576 3587/3587 3581/3581
f 3581/3581 3587/3587 3596/3596
f 2750/2750 2776/2776 2775/2775
f 3612/3612 3615/3615 3601/3601
f 2750/2750 2775/2775 2772/2772
f 3626/3626 3628/3628 3627/3627
f 7061/7061 7064/7064 7070/7070
f 4614/4614 4612/4612 4611/4611
f 7079/7079 7073/7073 7071/7071
f 7079/7079 7071/7071 7063/7063
f 7063/7063 7071/7071 7064/7064
f 7063/7063 7064/7064 7061/7061
f 4611/4611 4612/4612 4613/4613
f 7085/7085 7077/7077 7079/7079
f 4613/4613 4644/4644 4639/4639
f 4644/4644 4673/4673 4674/4674
f 4639/4639 4644/4644 4674/4674
f 4688/4688 4692/4692 4693/4693
f 4691/4691 4700/4700 4716/4716
f 4717/4717 4695/4695 4743/4743
f 4717/4717 4743/4743 4762/4762
f 7774/7774 7785/7785 7773/7773
f 7774/7774 7773/7773 7772/7772
f 7872/7872 7878/7878 7875/7875
f 7748/7748 7746/7746 7757/7757
f 2244/2244 2191/2191 2240/2240
f 2191/2191 2205/2205 2240/2240
f 2192/2192 2189/2189 2204/2204
f 2204/2204 2189/2189 2202/2202
f 2367/2367 2336/2336 2319/2319
f 2202/2202 2193/2193 2203/2203
f 2203/2203 2193/2193 2196/2196
f 2376/2376 2336/2336 2391/2391
f 2391/2391 2336/2336 2367/2367
f 2454/2454 2419/2419 2391/2391
f 2220/2220 2217/2217 2225/2225
f 2220/2220 2225/2225 2226/2226
f 2227/2227 2228/2228 2229/2229
f 2229/2229 2228/2228 2360/2360
f 2359/2359 2360/2360 2284/2284
f 2359/2359 2284/2284 2414/2414
f 3350/3350 3341/3341 3390/3390
f 3390/3390 3393/3393 3385/3385
f 4234/4234 4302/4302 4236/4236
f 2673/2673 2652/2652 2674/2674
f 4235/4235 4234/4234 4236/4236
f 3402/3402 3416/3416 3433/3433
f 3402/3402 3433/3433 3427/3427
f 2896/2896 2904/2904 2880/2880
f 3460/3460 3469/3469 3484/3484
f 2869/2869 2896/2896 2880/2880
f 2857/2857 2869/2869 2880/2880
f 3492/3492 3532/3532 3507/3507
f 2831/2831 2857/2857 2844/2844
f 2814/2814 2831/2831 2844/2844
f 3512/3512 3555/3555 3548/3548
f 3582/3582 3596/3596 3591/3591
f 3625/3625 3626/3626 3627/3627
f 7011/7011 7009/7009 7010/7010
f 7012/7012 7011/7011 7010/7010
f 7062/7062 7061/7061 7070/7070
f 4615/4615 4614/4614 4611/4611
f 7086/7086 7079/7079 7088/7088
f 7088/7088 7079/7079 7063/7063
f 6068/6068 6069/6069 6070/6070
f 7085/7085 7079/7079 7086/7086
f 7087/7087 7085/7085 7086/7086
f 4674/4674 4671/4671 4688/4688
f 4688/4688 4693/4693 4691/4691
f 4717/4717 4716/4716 4695/4695
f 7870/7870 7871/7871 7872/7872
f 7872/7872 7871/7871 7878/7878
f 4767/4767 4717/4717 4762/4762
f 7745/7745 7746/7746 7716/7716
f 7716/7716 7746/7746 7748/7748
f 7757/7757 7758/7758 7748/7748
f 2300/2300 2244/2244 2309/2309
f 2309/2309 2244/2244 2299/2299
f 2244/2244 2240/2240 2299/2299
f 2205/2205 2192/2192 2204/2204
f 2367/2367 2319/2319 2318/2318
f 2318/2318 2300/2300 2309/2309
f 2203/2203 2210/2210 2223/2223
f 2223/2223 2210/2210 2220/2220
f 2220/2220 2210/2210 2217/2217
f 2229/2229 2360/2360 2357/2357
f 2357/2357 2360/2360 2359/2359
f 2230/2230 2226/2226 2227/2227
f 2230/2230 2227/2227 2229/2229
f 2359/2359 2414/2414 2358/2358
f 4887/4887 4833/4833 4859/4859
f 4891/4891 4887/4887 4859/4859
f 4833/4833 4834/4834 4839/4839
f 4833/4833 4839/4839 4840/4840
f 2652/2652 2626/2626 2642/2642
f 2651/2651 2652/2652 2642/2642
f 2652/2652 2651/2651 2675/2675
f 4290/4290 4235/4235 4276/4276
f 4291/4291 4290/4290 4276/4276
f 2880/2880 2904/2904 2879/2879
f 2814/2814 2844/2844 2818/2818
f 2800/2800 2814/2814 2818/2818
f 3554/3554 3581/3581 3582/3582
f 3607/3607 3608/3608 3595/3595
f 3595/3595 3608/3608 3603/3603
f 3603/3603 3625/3625 3627/3627
f 7051/7051 7011/7011 7012/7012
f 7088/7088 7063/7063 7065/7065
f 6073/6073 6068/6068 6071/6071
f 6071/6071 6068/6068 6070/6070
f 7089/7089 7087/7087 7086/7086
f 4643/4643 4674/4674 4688/4688
f 7785/7785 7769/7769 7770/7770
f 7785/7785 7770/7770 7773/7773
f 7770/7770 7771/7771 7772/7772
f 7870/7870 7867/7867 7869/7869
f 7870/7870 7869/7869 7871/7871
f 7748/7748 7821/7821 7716/7716
f 2297/2297 2299/2299 2240/2240
f 2297/2297 2240/2240 2205/2205
f 2236/2236 2205/2205 2204/2204
f 2367/2367 2318/2318 2361/2361
f 2327/2327 2318/2318 2309/2309
f 2204/2204 2202/2202 2221/2221
f 2221/2221 2202/2202 2203/2203
f 2221/2221 2203/2203 2223/2223
f 2242/2242 2220/2220 2226/2226
f 2603/2603 2454/2454 2418/2418
f 2237/2237 2226/2226 2230/2230
f 2357/2357 2359/2359 2358/2358
f 2616/2616 2454/2454 2603/2603
f 2231/2231 2230/2230 2229/2229
f 2231/2231 2229/2229 2356/2356
f 4859/4859 4833/4833 4840/4840
f 2642/2642 2616/2616 2628/2628
f 4235/4235 4236/4236 4237/4237
f 4235/4235 4237/4237 4276/4276
f 2857/2857 2880/2880 2879/2879
f 2857/2857 2879/2879 2844/2844
f 2818/2818 2844/2844 2849/2849
f 2800/2800 2818/2818 2817/2817
f 2777/2777 2805/2805 2801/2801
f 3565/3565 3582/3582 3575/3575
f 3590/3590 3607/3607 3602/3602
f 2772/2772 2792/2792 2782/2782
f 3595/3595 3603/3603 3593/3593
f 3593/3593 3603/3603 3594/3594
f 3594/3594 3603/3603 3604/3604
f 7022/7022 7012/7012 7021/7021
f 7012/7012 7010/7010 7013/7013
f 7021/7021 7012/7012 7013/7013
f 4630/4630 4615/4615 4618/4618
f 4618/4618 4615/4615 4611/4611
f 7088/7088 7065/7065 7091/7091
f 6071/6071 6070/6070 6072/6072
f 7089/7089 7086/7086 7090/7090
f 7090/7090 7086/7086 7088/7088
f 4613/4613 4639/4639 4622/4622
f 4611/4611 4613/4613 4622/4622
f 7867/7867 7868/7868 7869/7869
f 4787/4787 4717/4717 4767/4767
f 7714/7714 7745/7745 7716/7716
f 7821/7821 7718/7718 7716/7716
f 2327/2327 2309/2309 2317/2317
f 2317/2317 2309/2309 2299/2299
f 2297/2297 2205/2205 2236/2236
f 2297/2297 2236/2236 2298/2298
f 2361/2361 2318/2318 2327/2327
f 2236/2236 2204/2204 2221/2221
f 2391/2391 2367/2367 2388/2388
f 2388/2388 2367/2367 2361/2361
f 2418/2418 2391/2391 2388/2388
f 2223/2223 2220/2220 2242/2242
f 2242/2242 2226/2226 2237/2237
f 2237/2237 2230/2230 2231/2231
f 2357/2357 2358/2358 2355/2355
f 2616/2616 2603/2603 2628/2628
f 4859/4859 4840/4840 4860/4860
f 4891/4891 4859/4859 4860/4860
f 4840/4840 4879/4879 4861/4861
f 2651/2651 2642/2642 2628/2628
f 4236/4236 4238/4238 4237/4237
f 3466/3466 3485/3485 3478/3478
f 3439/3439 3466/3466 3478/3478
f 3485/3485 3511/3511 3510/3510
f 3535/3535 3511/3511 3536/3536
f 2805/2805 2800/2800 2817/2817
f 3535/3535 3536/3536 3538/3538
f 2805/2805 2817/2817 2801/2801
f 3565/3565 3575/3575 3573/3573
f 2778/2778 2798/2798 2779/2779
f 2782/2782 2792/2792 2793/2793
f 2783/2783 2782/2782 2793/2793
f 2783/2783 2793/2793 2794/2794
f 7023/7023 7022/7022 7021/7021
f 7032/7032 7021/7021 7013/7013
f 4631/4631 4630/4630 4618/4618
f 4618/4618 4611/4611 4622/4622
f 7092/7092 7089/7089 7090/7090
f 7088/7088 7091/7091 7090/7090
f 6073/6073 6071/6071 6076/6076
f 4639/4639 4674/4674 4625/4625
f 4622/4622 4639/4639 4625/4625
f 4625/4625 4674/4674 4643/4643
f 4742/4742 4717/4717 4763/4763
f 4961/4961 4963/4963 4962/4962
f 4961/4961 4962/4962 4960/4960
f 4763/4763 4717/4717 4787/4787
f 7769/7769 7768/7768 7770/7770
f 7770/7770 7768/7768 7771/7771
f 7867/7867 7864/7864 7866/7866
f 7867/7867 7866/7866 7868/7868
f 7714/7714 7716/7716 7715/7715
f 2317/2317 2299/2299 2315/2315
f 2315/2315 2299/2299 2297/2297
f 2310/2310 2297/2297 2298/2298
f 2298/2298 2236/2236 2247/2247
f 2361/2361 2327/2327 2342/2342
f 2368/2368 2361/2361 2342/2342
f 2327/2327 2317/2317 2342/2342
f 2247/2247 2236/2236 2221/2221
f 2388/2388 2361/2361 2368/2368
f 2247/2247 2221/2221 2246/2246
f 2246/2246 2221/2221 2223/2223
f 2418/2418 2388/2388 2407/2407
f 2388/2388 2368/2368 2407/2407
f 2246/2246 2223/2223 2242/2242
f 2356/2356 2357/2357 2355/2355
f 2603/2603 2418/2418 2601/2601
f 2242/2242 2237/2237 2295/2295
f 2237/2237 2231/2231 2245/2245
f 2245/2245 2231/2231 2354/2354
f 2628/2628 2603/2603 2624/2624
f 3248/3248 3249/3249 3244/3244
f 4892/4892 4891/4891 4860/4860
f 2643/2643 2628/2628 2624/2624
f 4860/4860 4840/4840 4861/4861
f 2651/2651 2628/2628 2643/2643
f 4861/4861 4879/4879 4866/4866
f 4237/4237 4238/4238 4239/4239
f 4238/4238 4295/4295 4239/4239
f 4276/4276 4275/4275 4277/4277
f 3478/3478 3485/3485 3501/3501
f 2818/2818 2849/2849 2851/2851
f 3505/3505 3510/3510 3535/3535
f 2817/2817 2832/2832 2829/2829
f 2801/2801 2817/2817 2829/2829
f 3573/3573 3590/3590 3584/3584
f 2779/2779 2806/2806 2792/2792
f 3584/3584 3602/3602 3595/3595
f 3588/3588 3593/3593 3589/3589
f 3589/3589 3593/3593 3594/3594
f 7024/7024 7022/7022 7023/7023
f 7023/7023 7021/7021 7032/7032
f 2793/2793 2842/2842 2794/2794
f 4631/4631 4618/4618 4623/4623
f 4623/4623 4618/4618 4622/4622
f 6071/6071 6072/6072 6076/6076
f 7092/7092 7090/7090 7093/7093
f 7093/7093 7090/7090 7094/7094
f 7090/7090 7091/7091 7094/7094
f 6073/6073 6076/6076 6077/6077
f 4688/4688 4691/4691 4690/4690
f 4716/4716 4717/4717 4742/4742
f 7768/7768 7695/7695 7694/7694
f 7768/7768 7694/7694 7790/7790
f 7864/7864 7865/7865 7866/7866
f 7713/7713 7714/7714 7715/7715
f 2328/2328 2317/2317 2315/2315
f 2315/2315 2297/2297 2310/2310
f 2310/2310 2298/2298 2247/2247
f 2342/2342 2317/2317 2328/2328
f 2310/2310 2247/2247 2313/2313
f 2246/2246 2242/2242 2307/2307
f 2601/2601 2418/2418 2407/2407
f 2354/2354 2356/2356 2355/2355
f 2353/2353 2354/2354 2355/2355
f 2295/2295 2237/2237 2245/2245
f 2296/2296 2245/2245 2351/2351
f 2353/2353 2355/2355 2696/2696
f 2353/2353 2696/2696 2352/2352
f 2624/2624 2603/2603 2601/2601
f 4889/4889 4860/4860 4865/4865
f 4860/4860 4861/4861 4862/4862
f 4865/4865 4860/4860 4862/4862
f 4862/4862 4861/4861 4866/4866
f 4862/4862 4866/4866 4867/4867
f 2651/2651 2643/2643 2664/2664
f 4237/4237 4239/4239 4240/4240
f 4275/4275 4237/4237 4240/4240
f 2879/2879 2891/2891 2881/2881
f 2849/2849 2879/2879 2881/2881
f 2849/2849 2881/2881 2851/2851
f 2818/2818 2851/2851 2850/2850
f 2818/2818 2850/2850 2832/2832
f 2817/2817 2818/2818 2832/2832
f 3558/3558 3573/3573 3564/3564
f 2798/2798 2801/2801 2812/2812
f 2806/2806 2798/2798 2812/2812
f 3579/3579 3595/3595 3588/3588
f 6522/6522 6528/6528 6524/6524
f 6522/6522 6524/6524 6523/6523
f 4628/4628 4623/4623 4624/4624
f 4624/4624 4623/4623 4622/4622
f 4624/4624 4622/4622 4625/4625
f 7117/7117 7092/7092 7097/7097
f 7097/7097 7092/7092 7095/7095
f 7095/7095 7092/7092 7093/7093
f 7095/7095 7093/7093 7096/7096
f 7093/7093 7094/7094 7096/7096
f 7096/7096 7094/7094 7098/7098
f 4625/4625 4643/4643 4627/4627
f 4640/4640 4643/4643 4645/4645
f 4643/4643 4688/4688 4645/4645
f 4963/4963 4964/4964 4962/4962
f 7695/7695 7679/7679 7693/7693
f 7702/7702 7694/7694 7697/7697
f 7710/7710 7799/7799 7756/7756
f 7710/7710 7756/7756 7711/7711
f 7756/7756 7714/7714 7711/7711
f 7712/7712 7711/7711 7713/7713
f 7713/7713 7711/7711 7714/7714
f 2368/2368 2342/2342 2378/2378
f 2313/2313 2247/2247 2308/2308
f 2407/2407 2368/2368 2378/2378
f 2308/2308 2247/2247 2246/2246
f 2601/2601 2407/2407 2594/2594
f 2307/2307 2242/2242 2295/2295
f 2351/2351 2353/2353 2352/2352
f 2295/2295 2245/2245 2296/2296
f 2624/2624 2601/2601 2623/2623
f 2643/2643 2624/2624 2623/2623
f 3277/3277 3313/3313 3319/3319
f 4240/4240 4239/4239 4241/4241
f 2851/2851 2881/2881 2863/2863
f 2832/2832 2850/2850 2841/2841
f 2801/2801 2829/2829 2826/2826
f 2812/2812 2801/2801 2826/2826
f 3564/3564 3573/3573 3563/3563
f 2806/2806 2812/2812 2813/2813
f 2806/2806 2813/2813 2811/2811
f 2792/2792 2806/2806 2811/2811
f 6529/6529 6528/6528 6522/6522
f 4628/4628 4624/4624 4626/4626
f 4628/4628 4626/4626 4629/4629
f 4626/4626 4624/4624 4625/4625
f 4626/4626 4625/4625 4627/4627
f 7117/7117 7097/7097 7118/7118
f 6055/6055 6056/6056 6054/6054
f 7121/7121 7117/7117 7118/7118
f 7122/7122 7118/7118 7097/7097
f 7811/7811 7813/7813 7812/7812
f 4627/4627 4643/4643 4640/4640
f 4690/4690 4691/4691 4734/4734
f 4760/4760 4691/4691 4716/4716
f 4760/4760 4716/4716 4742/4742
f 7721/7721 7799/7799 7710/7710
f 7679/7679 7678/7678 7693/7693
f 7693/7693 7678/7678 7694/7694
f 7696/7696 7698/7698 7697/7697
f 7697/7697 7698/7698 7699/7699
f 7879/7879 7880/7880 7881/7881
f 7708/7708 7710/7710 7711/7711
f 7712/7712 7708/7708 7711/7711
f 2378/2378 2342/2342 2377/2377
f 2377/2377 2342/2342 2366/2366
f 2342/2342 2328/2328 2366/2366
f 2328/2328 2315/2315 2323/2323
f 2338/2338 2328/2328 2323/2323
f 2323/2323 2315/2315 2310/2310
f 2323/2323 2310/2310 2313/2313
f 2308/2308 2246/2246 2307/2307
f 2594/2594 2407/2407 2378/2378
f 2349/2349 2296/2296 2351/2351
f 2351/2351 2352/2352 2350/2350
f 2349/2349 2351/2351 2350/2350
f 2623/2623 2601/2601 2594/2594
f 2320/2320 2295/2295 2321/2321
f 2320/2320 2321/2321 2322/2322
f 2295/2295 2296/2296 2321/2321
f 2322/2322 2321/2321 2347/2347
f 4865/4865 4894/4894 4889/4889
f 4865/4865 4862/4862 4868/4868
f 4894/4894 4865/4865 4868/4868
f 4868/4868 4862/4862 4867/4867
f 4868/4868 4867/4867 4869/4869
f 2643/2643 2623/2623 2644/2644
f 4869/4869 4870/4870 4871/4871
f 2664/2664 2643/2643 2644/2644
f 2664/2664 2644/2644 2672/2672
f 2672/2672 2644/2644 2657/2657
f 4239/4239 4295/4295 4294/4294
f 4239/4239 4294/4294 4241/4241
f 4277/4277 4275/4275 4274/4274
f 2891/2891 2892/2892 2881/2881
f 2851/2851 2863/2863 2850/2850
f 3486/3486 3526/3526 3522/3522
f 2826/2826 2829/2829 2834/2834
f 2812/2812 2824/2824 2813/2813
f 3578/3578 3583/3583 3577/3577
f 6521/6521 6529/6529 6522/6522
f 6521/6521 6522/6522 6520/6520
f 6520/6520 6522/6522 6523/6523
f 6520/6520 6523/6523 6525/6525
f 2804/2804 2802/2802 2808/2808
f 6534/6534 6525/6525 6545/6545
f 7098/7098 7128/7128 7129/7129
f 7130/7130 7098/7098 7129/7129
f 7817/7817 7818/7818 7814/7814
f 7121/7121 7118/7118 7122/7122
f 7810/7810 7811/7811 7812/7812
f 7812/7812 7817/7817 7814/7814
f 4627/4627 4640/4640 4633/4633
f 6053/6053 6054/6054 6052/6052
f 4645/4645 4688/4688 4646/4646
f 4646/4646 4688/4688 4689/4689
f 4689/4689 4688/4688 4690/4690
f 4734/4734 4691/4691 4775/4775
f 7676/7676 7704/7704 7677/7677
f 4775/4775 4691/4691 4760/4760
f 7678/7678 7720/7720 7696/7696
f 7696/7696 7720/7720 7698/7698
f 7833/7833 7721/7721 7701/7701
f 7721/7721 7710/7710 7701/7701
f 7699/7699 7701/7701 7708/7708
f 7708/7708 7701/7701 7710/7710
f 2377/2377 2366/2366 2379/2379
f 2379/2379 2366/2366 2374/2374
f 2366/2366 2328/2328 2374/2374
f 2374/2374 2328/2328 2338/2338
f 2338/2338 2323/2323 2330/2330
f 2330/2330 2323/2323 2313/2313
f 2330/2330 2313/2313 2326/2326
f 2313/2313 2308/2308 2326/2326
f 2326/2326 2308/2308 2324/2324
f 2324/2324 2308/2308 2307/2307
f 2594/2594 2378/2378 2420/2420
f 2324/2324 2307/2307 2320/2320
f 2615/2615 2594/2594 2420/2420
f 2320/2320 2307/2307 2295/2295
f 2347/2347 2349/2349 2348/2348
f 2348/2348 2349/2349 2350/2350
f 2332/2332 2320/2320 2322/2322
f 2653/2653 2348/2348 2350/2350
f 2348/2348 2653/2653 2346/2346
f 4868/4868 4869/4869 4873/4873
f 4890/4890 4868/4868 4873/4873
f 4873/4873 4869/4869 4871/4871
f 2644/2644 2623/2623 2638/2638
f 4871/4871 4872/4872 4875/4875
f 2644/2644 2638/2638 2657/2657
f 4241/4241 4294/4294 4281/4281
f 4241/4241 4281/4281 4242/4242
f 4240/4240 4241/4241 4242/4242
f 4240/4240 4242/4242 4243/4243
f 4274/4274 4240/4240 4243/4243
f 2881/2881 2892/2892 2893/2893
f 2881/2881 2893/2893 2871/2871
f 2863/2863 2881/2881 2871/2871
f 2850/2850 2863/2863 2871/2871
f 2850/2850 2871/2871 2868/2868
f 2850/2850 2868/2868 2841/2841
f 2834/2834 2841/2841 2840/2840
f 2834/2834 2840/2840 2826/2826
f 2813/2813 2833/2833 2811/2811
f 3550/3550 3577/3577 3551/3551
f 2802/2802 2811/2811 2825/2825
f 2802/2802 2825/2825 2808/2808
f 6512/6512 6521/6521 6520/6520
f 6520/6520 6525/6525 6534/6534
f 6516/6516 6520/6520 6534/6534
f 4635/4635 4626/4626 4632/4632
f 4632/4632 4626/4626 4627/4627
f 4632/4632 4627/4627 4633/4633
f 7123/7123 7121/7121 7122/7122
f 7810/7810 7812/7812 7814/7814
f 7124/7124 7123/7123 7122/7122
f 7809/7809 7811/7811 7810/7810
f 7810/7810 7814/7814 7815/7815
f 7815/7815 7814/7814 7816/7816
f 4640/4640 4645/4645 4638/4638
f 4633/4633 4640/4640 4638/4638
f 4646/4646 4689/4689 4650/4650
f 4752/4752 4690/4690 4734/4734
f 7830/7830 7832/7832 7829/7829
f 7704/7704 7822/7822 7681/7681
f 7829/7829 7832/7832 7833/7833
f 7704/7704 7681/7681 7677/7677
f 7677/7677 7681/7681 7680/7680
f 7680/7680 7683/7683 7720/7720
f 7720/7720 7683/7683 7834/7834
f 7720/7720 7834/7834 7703/7703
f 7677/7677 7680/7680 7678/7678
f 7678/7678 7680/7680 7720/7720
f 7700/7700 7709/7709 7722/7722
f 7700/7700 7722/7722 7701/7701
f 7722/7722 7833/7833 7701/7701
f 2378/2378 2377/2377 2412/2412
f 2420/2420 2378/2378 2412/2412
f 2412/2412 2377/2377 2379/2379
f 2324/2324 2320/2320 2331/2331
f 2322/2322 2347/2347 2341/2341
f 2347/2347 2348/2348 2346/2346
f 2341/2341 2347/2347 2346/2346
f 2331/2331 2320/2320 2332/2332
f 2331/2331 2332/2332 2333/2333
f 2333/2333 2332/2332 2341/2341
f 2623/2623 2594/2594 2625/2625
f 2638/2638 2623/2623 2625/2625
f 4871/4871 4875/4875 4874/4874
f 4873/4873 4871/4871 4874/4874
f 2672/2672 2657/2657 2667/2667
f 2682/2682 2672/2672 2667/2667
f 2892/2892 2912/2912 2893/2893
f 2841/2841 2868/2868 2856/2856
f 2840/2840 2841/2841 2856/2856
f 3481/3481 3506/3506 3523/3523
f 2826/2826 2840/2840 2839/2839
f 2824/2824 2826/2826 2839/2839
f 2824/2824 2839/2839 2838/2838
f 2811/2811 2833/2833 2825/2825
f 6512/6512 6520/6520 6516/6516
f 6515/6515 6512/6512 6516/6516
f 4634/4634 4632/4632 4633/4633
f 7808/7808 7809/7809 7810/7810
f 7819/7819 7810/7810 7815/7815
f 7843/7843 7844/7844 7839/7839
f 7842/7842 7843/7843 7839/7839
f 7839/7839 7844/7844 7845/7845
f 4633/4633 4638/4638 4637/4637
f 6047/6047 6048/6048 6049/6049
f 7807/7807 7809/7809 7808/7808
f 7819/7819 7808/7808 7810/7810
f 7819/7819 7815/7815 7820/7820
f 4638/4638 4645/4645 4637/4637
f 6050/6050 6047/6047 6049/6049
f 4645/4645 4646/4646 4637/4637
f 4648/4648 4646/4646 4650/4650
f 4650/4650 4689/4689 4732/4732
f 4689/4689 4690/4690 4741/4741
f 4741/4741 4690/4690 4773/4773
f 4773/4773 4690/4690 4752/4752
f 7822/7822 7798/7798 7707/7707
f 7822/7822 7707/7707 7681/7681
f 7681/7681 7707/7707 7682/7682
f 7834/7834 7690/7690 7767/7767
f 7826/7826 7830/7830 7829/7829
f 7681/7681 7682/7682 7680/7680
f 7680/7680 7682/7682 7683/7683
f 7834/7834 7683/7683 7690/7690
f 7834/7834 7767/7767 7789/7789
f 7834/7834 7789/7789 7838/7838
f 7860/7860 7861/7861 7862/7862
f 7831/7831 7829/7829 7833/7833
f 7862/7862 7861/7861 7863/7863
f 7709/7709 7838/7838 7722/7722
f 2374/2374 2338/2338 2369/2369
f 2338/2338 2330/2330 2369/2369
f 2374/2374 2369/2369 2375/2375
f 2330/2330 2326/2326 2343/2343
f 2343/2343 2326/2326 2324/2324
f 2412/2412 2379/2379 2374/2374
f 2362/2362 2343/2343 2324/2324
f 2344/2344 2333/2333 2341/2341
f 2344/2344 2341/2341 2345/2345
f 2345/2345 2341/2341 2346/2346
f 2615/2615 2420/2420 2611/2611
f 2331/2331 2333/2333 2334/2334
f 2334/2334 2333/2333 2344/2344
f 2706/2706 2345/2345 2346/2346
f 2594/2594 2615/2615 2625/2625
f 2625/2625 2615/2615 2611/2611
f 2345/2345 2706/2706 2707/2707
f 2638/2638 2625/2625 2650/2650
f 4874/4874 4875/4875 4876/4876
f 2657/2657 2638/2638 2650/2650
f 3303/3303 3336/3336 3326/3326
f 4243/4243 4242/4242 4244/4244
f 4245/4245 4243/4243 4244/4244
f 4245/4245 4244/4244 4246/4246
f 2871/2871 2893/2893 2887/2887
f 3396/3396 3436/3436 3440/3440
f 2871/2871 2887/2887 2870/2870
f 2868/2868 2871/2871 2870/2870
f 2856/2856 2868/2868 2870/2870
f 2840/2840 2856/2856 2852/2852
f 2839/2839 2840/2840 2852/2852
f 2833/2833 2838/2838 2837/2837
f 2825/2825 2833/2833 2837/2837
f 3543/3543 3549/3549 3542/3542
f 6508/6508 6510/6510 6509/6509
f 6509/6509 6510/6510 6512/6512
f 6509/6509 6512/6512 6513/6513
f 2825/2825 2836/2836 2828/2828
f 2828/2828 3188/3188 3180/3180
f 7845/7845 7846/7846 7847/7847
f 4636/4636 4634/4634 4633/4633
f 4636/4636 4633/4633 4637/4637
f 7808/7808 7819/7819 7806/7806
f 7806/7806 7819/7819 7820/7820
f 7807/7807 7808/7808 7806/7806
f 7805/7805 7807/7807 7806/7806
f 7806/7806 7820/7820 7823/7823
f 7842/7842 7839/7839 7841/7841
f 4637/4637 4646/4646 4642/4642
f 4646/4646 4648/4648 4647/4647
f 4642/4642 4646/4646 4647/4647
f 4732/4732 4689/4689 4744/4744
f 4744/4744 4689/4689 4772/4772
f 4772/4772 4689/4689 4741/4741
f 7827/7827 7828/7828 7826/7826
f 7798/7798 7747/7747 7707/7707
f 7707/7707 7747/7747 7682/7682
f 7767/7767 7788/7788 7789/7789
f 7838/7838 7789/7789 7802/7802
f 7838/7838 7802/7802 7831/7831
f 7802/7802 7826/7826 7829/7829
f 7831/7831 7802/7802 7829/7829
f 2369/2369 2330/2330 2343/2343
f 2412/2412 2374/2374 2411/2411
f 2374/2374 2375/2375 2411/2411
f 2420/2420 2412/2412 2593/2593
f 2593/2593 2412/2412 2411/2411
f 2602/2602 2593/2593 2411/2411
f 2362/2362 2324/2324 2363/2363
f 2363/2363 2324/2324 2331/2331
f 2344/2344 2345/2345 2364/2364
f 2611/2611 2420/2420 2593/2593
f 2363/2363 2331/2331 2371/2371
f 2371/2371 2331/2331 2387/2387
f 2387/2387 2331/2331 2334/2334
f 2364/2364 2345/2345 2707/2707
f 4895/4895 4874/4874 4876/4876
f 2639/2639 2625/2625 2611/2611
f 2650/2650 2625/2625 2639/2639
f 4876/4876 4877/4877 4878/4878
f 2657/2657 2650/2650 2667/2667
f 2682/2682 2667/2667 2680/2680
f 4242/4242 4281/4281 4268/4268
f 4242/4242 4268/4268 4244/4244
f 4246/4246 4244/4244 4247/4247
f 2870/2870 2887/2887 2888/2888
f 2852/2852 2856/2856 2870/2870
f 2839/2839 2852/2852 2846/2846
f 2838/2838 2839/2839 2846/2846
f 3534/3534 3541/3541 3542/3542
f 2828/2828 2836/2836 2843/2843
f 2828/2828 2843/2843 2847/2847
f 6540/6540 6513/6513 6547/6547
f 2828/2828 2847/2847 3188/3188
f 6547/6547 6513/6513 6515/6515
f 7835/7835 7836/7836 7741/7741
f 4641/4641 4636/4636 4637/4637
f 7760/7760 7835/7835 7741/7741
f 4641/4641 4637/4637 4642/4642
f 7840/7840 7839/7839 7848/7848
f 7732/7732 7760/7760 7741/7741
f 7732/7732 7741/7741 7740/7740
f 7805/7805 7806/7806 7804/7804
f 7806/7806 7823/7823 7744/7744
f 7804/7804 7806/7806 7744/7744
f 7744/7744 7823/7823 7733/7733
f 7733/7733 7760/7760 7729/7729
f 7738/7738 7805/7805 7804/7804
f 7744/7744 7733/7733 7728/7728
f 7728/7728 7733/7733 7729/7729
f 6061/6061 6057/6057 6060/6060
f 7736/7736 7804/7804 7744/7744
f 4945/4945 4954/4954 4943/4943
f 7738/7738 7804/7804 7736/7736
f 7737/7737 7738/7738 7736/7736
f 4647/4647 4648/4648 4649/4649
f 4648/4648 4650/4650 4649/4649
f 4649/4649 4650/4650 4651/4651
f 4945/4945 4943/4943 4940/4940
f 4651/4651 4650/4650 4732/4732
f 4651/4651 4732/4732 4764/4764
f 4944/4944 4940/4940 4942/4942
f 4764/4764 4732/4732 4769/4769
f 4946/4946 4944/4944 4942/4942
f 4946/4946 4942/4942 4947/4947
f 4769/4769 4732/4732 4744/4744
f 4946/4946 4947/4947 4948/4948
f 7747/7747 7689/7689 7685/7685
f 7685/7685 7689/7689 7687/7687
f 7687/7687 7691/7691 7688/7688
f 7686/7686 7687/7687 7688/7688
f 7854/7854 7855/7855 7853/7853
f 7685/7685 7687/7687 7686/7686
f 7788/7788 7688/7688 7800/7800
f 7747/7747 7685/7685 7682/7682
f 7685/7685 7686/7686 7684/7684
f 7682/7682 7685/7685 7684/7684
f 7684/7684 7686/7686 7690/7690
f 7686/7686 7688/7688 7767/7767
f 7690/7690 7686/7686 7767/7767
f 7767/7767 7688/7688 7788/7788
f 7800/7800 7825/7825 7802/7802
f 7825/7825 7827/7827 7826/7826
f 7802/7802 7825/7825 7826/7826
f 7801/7801 7800/7800 7802/7802
f 2415/2415 2411/2411 2375/2375
f 2375/2375 2369/2369 2406/2406
f 2406/2406 2369/2369 2385/2385
f 2385/2385 2369/2369 2343/2343
f 2385/2385 2343/2343 2362/2362
f 2385/2385 2362/2362 2380/2380
f 2602/2602 2411/2411 2415/2415
f 2415/2415 2375/2375 2406/2406
f 2380/2380 2362/2362 2363/2363
f 2372/2372 2363/2363 2371/2371
f 2387/2387 2334/2334 2365/2365
f 2373/2373 2387/2387 2365/2365
f 2334/2334 2344/2344 2364/2364
f 2365/2365 2334/2334 2364/2364
f 2621/2621 2611/2611 2593/2593
f 2372/2372 2371/2371 2373/2373
f 2364/2364 2708/2708 2686/2686
f 6454/6454 6452/6452 6451/6451
f 2639/2639 2611/2611 2621/2621
f 2650/2650 2639/2639 2663/2663
f 2667/2667 2650/2650 2663/2663
f 2680/2680 2667/2667 2663/2663
f 2680/2680 2663/2663 2681/2681
f 4268/4268 4269/4269 4250/4250
f 4244/4244 4268/4268 4250/4250
f 4244/4244 4250/4250 4247/4247
f 2870/2870 2888/2888 2882/2882
f 2870/2870 2882/2882 2867/2867
f 2852/2852 2870/2870 2867/2867
f 2846/2846 2852/2852 2867/2867
f 2846/2846 2867/2867 2865/2865
f 2846/2846 2865/2865 2858/2858
f 3521/3521 3534/3534 3520/3520
f 2837/2837 2846/2846 2858/2858
f 2837/2837 2858/2858 2848/2848
f 6506/6506 6508/6508 6507/6507
f 6507/6507 6508/6508 6509/6509
f 2836/2836 2837/2837 2848/2848
f 2836/2836 2848/2848 2843/2843
f 6509/6509 6513/6513 6514/6514
f 2847/2847 2843/2843 2884/2884
f 7729/7729 7732/7732 7730/7730
f 7730/7730 7732/7732 7740/7740
f 7730/7730 7740/7740 7743/7743
f 7728/7728 7729/7729 7727/7727
f 7727/7727 7729/7729 7730/7730
f 7731/7731 7727/7727 7730/7730
f 7736/7736 7744/7744 7726/7726
f 7744/7744 7728/7728 7725/7725
f 7725/7725 7728/7728 7727/7727
f 7742/7742 7730/7730 7743/7743
f 7731/7731 7730/7730 7742/7742
f 7735/7735 7736/7736 7726/7726
f 7726/7726 7744/7744 7725/7725
f 7731/7731 7742/7742 7749/7749
f 7737/7737 7736/7736 7735/7735
f 7737/7737 7735/7735 7739/7739
f 7766/7766 7737/7737 7739/7739
f 7739/7739 7735/7735 7734/7734
f 7734/7734 7735/7735 7726/7726
f 7734/7734 7726/7726 7724/7724
f 7726/7726 7725/7725 7724/7724
f 7725/7725 7727/7727 7723/7723
f 7724/7724 7725/7725 7723/7723
f 7766/7766 7739/7739 7824/7824
f 7739/7739 7734/7734 7824/7824
f 7824/7824 7734/7734 7765/7765
f 7765/7765 7734/7734 7724/7724
f 7837/7837 7766/7766 7824/7824
f 7705/7705 7824/7824 7765/7765
f 7765/7765 7724/7724 7692/7692
f 7705/7705 7765/7765 7692/7692
f 7692/7692 7724/7724 7723/7723
f 7751/7751 7754/7754 7752/7752
f 7692/7692 7723/7723 7706/7706
f 7752/7752 7754/7754 7755/7755
f 7837/7837 7824/7824 7689/7689
f 7689/7689 7824/7824 7705/7705
f 7689/7689 7705/7705 7687/7687
f 7687/7687 7705/7705 7692/7692
f 7687/7687 7692/7692 7691/7691
f 7691/7691 7692/7692 7706/7706
f 7796/7796 7752/7752 7755/7755
f 7856/7856 7857/7857 7858/7858
f 7691/7691 7706/7706 7719/7719
f 7719/7719 7706/7706 7796/7796
f 7688/7688 7691/7691 7719/7719
f 7851/7851 7854/7854 7853/7853
f 7849/7849 7850/7850 7851/7851
f 7849/7849 7851/7851 7852/7852
f 7852/7852 7851/7851 7853/7853
f 2381/2381 2380/2380 2363/2363
f 2381/2381 2363/2363 2372/2372
f 2383/2383 2372/2372 2373/2373
f 2383/2383 2373/2373 2386/2386
f 2386/2386 2373/2373 2365/2365
f 2365/2365 2364/2364 2686/2686
f 2621/2621 2593/2593 2620/2620
f 2593/2593 2602/2602 2620/2620
f 2382/2382 2381/2381 2372/2372
f 2382/2382 2372/2372 2383/2383
f 2365/2365 2686/2686 2687/2687
f 2621/2621 2620/2620 2636/2636
f 6451/6451 6452/6452 6453/6453
f 2639/2639 2621/2621 2636/2636
f 6452/6452 6456/6456 6455/6455
f 6453/6453 6452/6452 6455/6455
f 2639/2639 2636/2636 2647/2647
f 2663/2663 2639/2639 2647/2647
f 2663/2663 2647/2647 2676/2676
f 2681/2681 2663/2663 2676/2676
f 3318/3318 3334/3334 3327/3327
f 4250/4250 4269/4269 4265/4265
f 4247/4247 4250/4250 4249/4249
f 4250/4250 4265/4265 4249/4249
f 4246/4246 4247/4247 4248/4248
f 4247/4247 4249/4249 4248/4248
f 2888/2888 2890/2890 2882/2882
f 2882/2882 2890/2890 2889/2889
f 2867/2867 2882/2882 2876/2876
f 2867/2867 2876/2876 2865/2865
f 3518/3518 3519/3519 3520/3520
f 6501/6501 6504/6504 6503/6503
f 2848/2848 2858/2858 2859/2859
f 6503/6503 6504/6504 6506/6506
f 6503/6503 6506/6506 6507/6507
f 2848/2848 2860/2860 2843/2843
f 2843/2843 2860/2860 2884/2884
f 6540/6540 6549/6549 6514/6514
f 7759/7759 7731/7731 7749/7749
f 7759/7759 7749/7749 7750/7750
f 7750/7750 7749/7749 7742/7742
f 7750/7750 7742/7742 7751/7751
f 7753/7753 7759/7759 7750/7750
f 7753/7753 7750/7750 7752/7752
f 7750/7750 7751/7751 7752/7752
f 7859/7859 7856/7856 7858/7858
f 2602/2602 2415/2415 2608/2608
f 2415/2415 2406/2406 2416/2416
f 2416/2416 2406/2406 2413/2413
f 2406/2406 2385/2385 2413/2413
f 2413/2413 2385/2385 2410/2410
f 2410/2410 2385/2385 2380/2380
f 2410/2410 2380/2380 2401/2401
f 2401/2401 2380/2380 2381/2381
f 2384/2384 2383/2383 2386/2386
f 2386/2386 2365/2365 2687/2687
f 2620/2620 2602/2602 2608/2608
f 2608/2608 2415/2415 2416/2416
f 2401/2401 2381/2381 2402/2402
f 2402/2402 2381/2381 2382/2382
f 2382/2382 2383/2383 2384/2384
f 2398/2398 2382/2382 2384/2384
f 2384/2384 2386/2386 2687/2687
f 6548/6548 6453/6453 6455/6455
f 6455/6455 6457/6457 6458/6458
f 2676/2676 2647/2647 2646/2646
f 4270/4270 4284/4284 4278/4278
f 4269/4269 4270/4270 4267/4267
f 4265/4265 4269/4269 4267/4267
f 4270/4270 4278/4278 4267/4267
f 4265/4265 4267/4267 4252/4252
f 4249/4249 4265/4265 4252/4252
f 2889/2889 2890/2890 2902/2902
f 3379/3379 3443/3443 3426/3426
f 2876/2876 2882/2882 2889/2889
f 2858/2858 2865/2865 2866/2866
f 3517/3517 3515/3515 3518/3518
f 2859/2859 2858/2858 2866/2866
f 6501/6501 6503/6503 6502/6502
f 6503/6503 6507/6507 6511/6511
f 2860/2860 2859/2859 3183/3183
f 6549/6549 6536/6536 6514/6514
f 6514/6514 6536/6536 6507/6507
f 2608/2608 2416/2416 2413/2413
f 2402/2402 2382/2382 2403/2403
f 2382/2382 2398/2398 2399/2399
f 2403/2403 2382/2382 2399/2399
f 2398/2398 2384/2384 2400/2400
f 2399/2399 2398/2398 2400/2400
f 6546/6546 6548/6548 6455/6455
f 2620/2620 2608/2608 2635/2635
f 6546/6546 6455/6455 6517/6517
f 2636/2636 2620/2620 2635/2635
f 6455/6455 6458/6458 6517/6517
f 2646/2646 2636/2636 2645/2645
f 2645/2645 2636/2636 2635/2635
f 6517/6517 6458/6458 6461/6461
f 2647/2647 2636/2636 2646/2646
f 6461/6461 6460/6460 6462/6462
f 6462/6462 6460/6460 6463/6463
f 4248/4248 4249/4249 4251/4251
f 4251/4251 4249/4249 4252/4252
f 2889/2889 2902/2902 2886/2886
f 2876/2876 2889/2889 2886/2886
f 2876/2876 2886/2886 2874/2874
f 3496/3496 3516/3516 3498/3498
f 2865/2865 2876/2876 2874/2874
f 2866/2866 2865/2865 2874/2874
f 2866/2866 2874/2874 2873/2873
f 6490/6490 6505/6505 6500/6500
f 6490/6490 6500/6500 6499/6499
f 6499/6499 6500/6500 6501/6501
f 6499/6499 6501/6501 6502/6502
f 2866/2866 2873/2873 2859/2859
f 2859/2859 2873/2873 2875/2875
f 2859/2859 2875/2875 3183/3183
f 6536/6536 6544/6544 6511/6511
f 2619/2619 2413/2413 2410/2410
f 2410/2410 2401/2401 2408/2408
f 2608/2608 2413/2413 2630/2630
f 2413/2413 2619/2619 2630/2630
f 2619/2619 2410/2410 2606/2606
f 2410/2410 2408/2408 2606/2606
f 2408/2408 2401/2401 2402/2402
f 2408/2408 2402/2402 2404/2404
f 2402/2402 2403/2403 2404/2404
f 2403/2403 2399/2399 2405/2405
f 2404/2404 2403/2403 2405/2405
f 2405/2405 2399/2399 2400/2400
f 2405/2405 2400/2400 2622/2622
f 2635/2635 2608/2608 2637/2637
f 2637/2637 2608/2608 2630/2630
f 2645/2645 2635/2635 2637/2637
f 6517/6517 6461/6461 6498/6498
f 6461/6461 6462/6462 6498/6498
f 2659/2659 2646/2646 2645/2645
f 2659/2659 2645/2645 2658/2658
f 2645/2645 2637/2637 2658/2658
f 6498/6498 6462/6462 6463/6463
f 4278/4278 4284/4284 4285/4285
f 4278/4278 4285/4285 4279/4279
f 6466/6466 6469/6469 6470/6470
f 6466/6466 6470/6470 6471/6471
f 4267/4267 4278/4278 4266/4266
f 4266/4266 4278/4278 4279/4279
f 4253/4253 4267/4267 4266/4266
f 4252/4252 4253/4253 4251/4251
f 4251/4251 4253/4253 4254/4254
f 4251/4251 4254/4254 4255/4255
f 2886/2886 2902/2902 2903/2903
f 2886/2886 2903/2903 2894/2894
f 3408/3408 3497/3497 3476/3476
f 6487/6487 6489/6489 6488/6488
f 2874/2874 2886/2886 2894/2894
f 2874/2874 2894/2894 2873/2873
f 6490/6490 6499/6499 6491/6491
f 6499/6499 6502/6502 6491/6491
f 6544/6544 6502/6502 6511/6511
f 2606/2606 2408/2408 2607/2607
f 2408/2408 2404/2404 2409/2409
f 2607/2607 2408/2408 2409/2409
f 2409/2409 2404/2404 2405/2405
f 2409/2409 2405/2405 2622/2622
f 2409/2409 2622/2622 2683/2683
f 2660/2660 2637/2637 2649/2649
f 2649/2649 2637/2637 2630/2630
f 2630/2630 2619/2619 2631/2631
f 2631/2631 2619/2619 2606/2606
f 2631/2631 2606/2606 2632/2632
f 2632/2632 2606/2606 2607/2607
f 2658/2658 2637/2637 2660/2660
f 2649/2649 2630/2630 2631/2631
f 6498/6498 6463/6463 6465/6465
f 6463/6463 6464/6464 6465/6465
f 4279/4279 4285/4285 4288/4288
f 4279/4279 4288/4288 4289/4289
f 2658/2658 2660/2660 2677/2677
f 6466/6466 6471/6471 6472/6472
f 4279/4279 4289/4289 4287/4287
f 4271/4271 4279/4279 4287/4287
f 6472/6472 6471/6471 6473/6473
f 6472/6472 6473/6473 6474/6474
f 4266/4266 4279/4279 4271/4271
f 6474/6474 6473/6473 6475/6475
f 6475/6475 6478/6478 6477/6477
f 4254/4254 4253/4253 4266/4266
f 4266/4266 4271/4271 4256/4256
f 6477/6477 6492/6492 6480/6480
f 6477/6477 6480/6480 6479/6479
f 4254/4254 4266/4266 4256/4256
f 4255/4255 4254/4254 4256/4256
f 6479/6479 6480/6480 6481/6481
f 4257/4257 4255/4255 4256/4256
f 4257/4257 4256/4256 4258/4258
f 6481/6481 6483/6483 6484/6484
f 6484/6484 6483/6483 6485/6485
f 2894/2894 2903/2903 2910/2910
f 6485/6485 6487/6487 6486/6486
f 2894/2894 2910/2910 2911/2911
f 2894/2894 2911/2911 2909/2909
f 6486/6486 6487/6487 6488/6488
f 2894/2894 2909/2909 2895/2895
f 2873/2873 2894/2894 2895/2895
f 2873/2873 2895/2895 2877/2877
f 6539/6539 6543/6543 6491/6491
f 2607/2607 2409/2409 2683/2683
f 2634/2634 2632/2632 2607/2607
f 2648/2648 2649/2649 2631/2631
f 2631/2631 2632/2632 2633/2633
f 2633/2633 2632/2632 2634/2634
f 2634/2634 2607/2607 2683/2683
f 6541/6541 6498/6498 6465/6465
f 2660/2660 2649/2649 2648/2648
f 2648/2648 2631/2631 2633/2633
f 2654/2654 2633/2633 2634/2634
f 2656/2656 2648/2648 2633/2633
f 2656/2656 2633/2633 2655/2655
f 6518/6518 6541/6541 6465/6465
f 2677/2677 2660/2660 2669/2669
f 2660/2660 2648/2648 2669/2669
f 6466/6466 6518/6518 6465/6465
f 6518/6518 6466/6466 6519/6519
f 2669/2669 2648/2648 2668/2668
f 6466/6466 6472/6472 6519/6519
f 2684/2684 2677/2677 2669/2669
f 4287/4287 4289/4289 4286/4286
f 6472/6472 6474/6474 6519/6519
f 6474/6474 6475/6475 6476/6476
f 4271/4271 4287/4287 4286/4286
f 6475/6475 6477/6477 6476/6476
f 4271/4271 4286/4286 4272/4272
f 4256/4256 4271/4271 4272/4272
f 6476/6476 6477/6477 6479/6479
f 4256/4256 4272/4272 4259/4259
f 6479/6479 6481/6481 6493/6493
f 4258/4258 4256/4256 4259/4259
f 6493/6493 6481/6481 6484/6484
f 6493/6493 6484/6484 6494/6494
f 4258/4258 4259/4259 4260/4260
f 4261/4261 4258/4258 4260/4260
f 4261/4261 4263/4263 4313/4313
f 4314/4314 4261/4261 4313/4313
f 2655/2655 2633/2633 2654/2654
f 2655/2655 2654/2654 2661/2661
f 2668/2668 2648/2648 2656/2656
f 2656/2656 2655/2655 2661/2661
f 2668/2668 2656/2656 2662/2662
f 2662/2662 2656/2656 2661/2661
f 2679/2679 2669/2669 2668/2668
f 2678/2678 2668/2668 2662/2662
f 2684/2684 2669/2669 2679/2679
f 2679/2679 2668/2668 2678/2678
f 6474/6474 6476/6476 6535/6535
f 6535/6535 6476/6476 6527/6527
f 4273/4273 4286/4286 4283/4283
f 6476/6476 6479/6479 6527/6527
f 4272/4272 4286/4286 4273/4273
f 4259/4259 4272/4272 4273/4273
f 6530/6530 6479/6479 6493/6493
f 6530/6530 6493/6493 6531/6531
f 4259/4259 4273/4273 4264/4264
f 6493/6493 6494/6494 6531/6531
f 4260/4260 4259/4259 4264/4264
f 4260/4260 4264/4264 4262/4262
f 4261/4261 4260/4260 4262/4262
f 6542/6542 6538/6538 6486/6486
f 6538/6538 6494/6494 6486/6486
f 4261/4261 4262/4262 4263/4263
f 2685/2685 2679/2679 2678/2678
f 4273/4273 4283/4283 4282/4282
f 4273/4273 4282/4282 4280/4280
f 4264/4264 4273/4273 4280/4280
f 4262/4262 4264/4264 4280/4280

