# https://github.com/mikedh/trimesh

o geometry_0
v -0.24766550 -0.38247305 0.14693767
v -0.25690291 -0.36154127 0.14694272
v -0.24887210 -0.38390920 0.15605647
v -0.24766550 -0.39138567 0.14693767
v -0.24779902 -0.38267658 0.13537778
v -0.26190238 -0.36154127 0.15763006
v -0.25695235 -0.36154127 0.14664514
v -0.24887210 -0.38842505 0.15605647
v -0.26202107 -0.36154127 0.15779147
v -0.25776336 -0.37814921 0.15985429
v -0.27564476 -0.38319496 0.17121244
v -0.25323861 -0.39910405 0.14693767
v -0.24779902 -0.39004167 0.13537778
v -0.26009247 -0.36154127 0.13206414
v -0.26123975 -0.38095241 0.12149280
v -0.27564476 -0.38835593 0.17121244
v -0.25843587 -0.39320582 0.15886070
v -0.27283099 -0.36154127 0.16207346
v -0.27301398 -0.36154127 0.16211886
v -0.28239479 -0.38319496 0.17121244
v -0.26428095 -0.40044421 0.15512341
v -0.26102217 -0.40050180 0.14693767
v -0.26135348 -0.40054406 0.13146900
v -0.25350563 -0.39417349 0.13071751
v -0.26185292 -0.39265288 0.12186602
v -0.27302881 -0.36154127 0.12467025
v -0.27301398 -0.39265288 0.11968719
v -0.27436893 -0.37637130 0.12081192
v -0.27385959 -0.36154127 0.12427685
v -0.28239479 -0.38835593 0.17121244
v -0.27301398 -0.40051717 0.15578411
v -0.28541128 -0.36154127 0.15904731
v -0.28557943 -0.36154127 0.15900192
v -0.29745750 -0.38294153 0.15622795
v -0.27301398 -0.40068614 0.14693767
v -0.27301398 -0.40077061 0.13146900
v -0.26472603 -0.40050180 0.12347996
v -0.27301398 -0.40059780 0.12330345
v -0.28139587 -0.40054789 0.12341439
v -0.28410578 -0.39265288 0.12155333
v -0.28371017 -0.37721994 0.12176011
v -0.28086676 -0.36448271 0.12368675
v -0.27616398 -0.36154127 0.12407511
v -0.28752283 -0.39373191 0.16112527
v -0.28227611 -0.40049796 0.15570342
v -0.29745750 -0.38881673 0.15622795
v -0.29184484 -0.36154127 0.14709906
v -0.29191902 -0.36154127 0.14693767
v -0.29818443 -0.38122122 0.14693767
v -0.28417008 -0.40055941 0.14693767
v -0.28350742 -0.40059780 0.13146900
v -0.29195361 -0.39916166 0.14693767
v -0.29147890 -0.39398534 0.13105543
v -0.29769487 -0.38197769 0.13593761
v -0.29769487 -0.38973063 0.13593761
v -0.29191406 -0.37698955 0.13105543
v -0.28637062 -0.36154127 0.13000132
v -0.28576734 -0.36154127 0.12932548
v -0.28443710 -0.36154127 0.12808476
v -0.29818443 -0.39144326 0.14693767
f 1 2 3
f 1 3 8
f 1 8 4
f 1 4 13
f 1 13 5
f 1 5 2
f 2 6 3
f 2 5 7
f 2 7 14
f 2 14 26
f 2 26 29
f 2 29 43
f 2 43 59
f 2 59 58
f 2 58 57
f 2 57 48
f 2 48 47
f 2 47 33
f 2 33 32
f 2 32 19
f 2 19 18
f 2 18 9
f 2 9 6
f 3 6 9
f 3 9 10
f 3 10 11
f 3 11 16
f 3 16 8
f 4 12 13
f 4 8 12
f 5 14 7
f 5 13 15
f 5 15 14
f 8 16 17
f 8 17 12
f 9 18 11
f 9 11 10
f 11 19 20
f 11 20 30
f 11 30 16
f 11 18 19
f 12 17 21
f 12 21 22
f 12 22 23
f 12 23 24
f 12 24 13
f 13 24 25
f 13 25 15
f 14 15 26
f 15 25 27
f 15 27 28
f 15 28 29
f 15 29 26
f 16 30 31
f 16 31 21
f 16 21 17
f 19 32 20
f 20 32 33
f 20 33 34
f 20 34 46
f 20 46 30
f 21 31 35
f 21 35 22
f 22 35 36
f 22 36 23
f 23 36 37
f 23 37 24
f 24 37 25
f 25 37 27
f 27 37 38
f 27 38 39
f 27 39 40
f 27 40 41
f 27 41 28
f 28 41 42
f 28 42 43
f 28 43 29
f 30 44 45
f 30 45 31
f 30 46 44
f 31 45 35
f 33 47 34
f 34 47 48
f 34 48 49
f 34 49 60
f 34 60 46
f 35 50 36
f 35 45 50
f 36 51 39
f 36 39 38
f 36 38 37
f 36 50 51
f 39 51 52
f 39 52 53
f 39 53 40
f 40 54 41
f 40 53 55
f 40 55 54
f 41 54 56
f 41 56 57
f 41 57 58
f 41 58 42
f 42 58 59
f 42 59 43
f 44 46 52
f 44 52 45
f 45 52 50
f 46 60 52
f 48 57 54
f 48 54 49
f 49 54 55
f 49 55 60
f 50 52 51
f 52 60 55
f 52 55 53
f 54 57 56

o geometry_1
v 0.31781116 0.11782195 -0.31731565
v 0.31761259 0.11782195 -0.31834983
v 0.31216061 0.16310612 -0.33123236
v 0.31663771 0.13222980 -0.31731565
v 0.31710711 0.11782195 -0.30288181
v 0.31450748 0.11782195 -0.33278366
v 0.31383953 0.13222980 -0.33278366
v 0.31255778 0.14797293 -0.33415510
v 0.31039142 0.16310612 -0.33896638
v 0.30539078 0.19398243 -0.34827417
v 0.30970544 0.17853603 -0.33541412
v 0.31120380 0.17853603 -0.32768009
v 0.31528376 0.14765971 -0.31731565
v 0.31703488 0.11782195 -0.30184760
v 0.31430891 0.11782195 -0.33334572
v 0.31084276 0.14304393 -0.34080995
v 0.31062612 0.15333054 -0.34020292
v 0.30672670 0.17853603 -0.34827417
v 0.30067901 0.19398243 -0.36371969
v 0.29928893 0.20939587 -0.36371969
v 0.30275508 0.20939587 -0.34827417
v 0.31071639 0.18634991 -0.32513957
v 0.31373123 0.16310612 -0.31731565
v 0.31087886 0.18717414 -0.30883970
v 0.31564482 0.13222980 -0.30184760
v 0.31105939 0.15827602 -0.29321429
v 0.31169124 0.14765971 -0.29161802
v 0.31257582 0.13222980 -0.28927983
v 0.31286469 0.11782195 -0.28597489
v 0.31111356 0.11782195 -0.34139450
v 0.31096913 0.13222980 -0.34110221
v 0.29611164 0.19398243 -0.37271276
v 0.29605748 0.20939587 -0.37275769
v 0.29645462 0.22382020 -0.36322510
v 0.29961390 0.22484226 -0.34827417
v 0.29533534 0.21800100 -0.37183591
v 0.30208713 0.22484226 -0.33278366
v 0.30641982 0.20939587 -0.31731565
v 0.30936243 0.19474074 -0.31731565
v 0.31084276 0.18702578 -0.31731565
v 0.31192594 0.17853603 -0.31731565
v 0.30313418 0.22484226 -0.31731565
v 0.30125669 0.22484226 -0.30184760
v 0.30475894 0.20939587 -0.30184760
v 0.30829732 0.19299334 -0.30294925
v 0.30965127 0.17853603 -0.29838530
v 0.31042755 0.16856263 -0.29539512
v 0.31142046 0.17853603 -0.30611929
v 0.31403810 0.14765971 -0.30184760
v 0.30522831 0.17853603 -0.28635709
v 0.30790015 0.16328745 -0.28739130
v 0.30945267 0.13222980 -0.28154584
v 0.31022898 0.12017930 -0.27976971
v 0.31163707 0.11782195 -0.28280485
v 0.31084276 0.11782195 -0.34191159
v 0.30678087 0.11782195 -0.34912850
v 0.30625733 0.11782195 -0.34991538
v 0.29900009 0.11782195 -0.35996513
v 0.28268032 0.20939587 -0.39015924
v 0.29046107 0.20939587 -0.38049172
v 0.28226508 0.22484226 -0.38997937
v 0.29046107 0.22382020 -0.37788373
v 0.29560614 0.23376063 -0.35771684
v 0.29414386 0.22828762 -0.36803638
v 0.29663516 0.23639822 -0.34827417
v 0.29788081 0.23910174 -0.33278366
v 0.29829601 0.23990950 -0.31731565
v 0.29723090 0.23758513 -0.30184760
v 0.29585888 0.23425516 -0.29238244
v 0.29723090 0.22484226 -0.28909997
v 0.29876539 0.21064872 -0.28494071
v 0.30253844 0.19398243 -0.28635709
v 0.31217868 0.16328745 -0.30106072
v 0.29504650 0.21661627 -0.27884790
v 0.29602135 0.20632966 -0.27729662
v 0.29715870 0.19398243 -0.27561042
v 0.29849461 0.17853603 -0.27360946
v 0.30842369 0.14765971 -0.28388400
v 0.30808065 0.11782195 -0.27585772
v 0.29961390 0.16310612 -0.27190079
v 0.30308002 0.13222980 -0.27088907
v 0.30576992 0.11782195 -0.27217058
v 0.29847655 0.11782195 -0.36048222
v 0.27435794 0.20939587 -0.39789326
v 0.27466484 0.22484226 -0.39771340
v 0.29087631 0.11782195 -0.36769912
v 0.28089307 0.23521129 -0.38851800
v 0.29134568 0.23946441 -0.36322510
v 0.29333148 0.24411317 -0.34827417
v 0.28388984 0.24032163 -0.37941257
v 0.29454103 0.24681669 -0.33278366
v 0.29493820 0.24762448 -0.31731565
v 0.29390918 0.24530008 -0.30184760
v 0.29076797 0.23976115 -0.28687421
v 0.29385502 0.22484226 -0.28136598
v 0.28307746 0.24027219 -0.27412658
v 0.28529796 0.22510602 -0.26971999
v 0.29056940 0.21064872 -0.27163099
v 0.29118321 0.19398243 -0.26787640
v 0.29278990 0.17853603 -0.26587546
v 0.29425219 0.16310612 -0.26416677
v 0.29499236 0.15453394 -0.26331245
v 0.29990273 0.14869827 -0.26945020
v 0.29573251 0.14424732 -0.26252553
v 0.29654489 0.13222980 -0.26167121
v 0.29797107 0.11782195 -0.26128902
v 0.26655910 0.20939587 -0.40445817
v 0.26688406 0.22484226 -0.40481790
v 0.26563841 0.23539262 -0.40382865
v 0.28309553 0.11782195 -0.37410667
v 0.27181250 0.24045350 -0.39474569
v 0.27800462 0.24551440 -0.38471844
v 0.28123607 0.24971805 -0.37439893
v 0.28553266 0.25369092 -0.34827417
v 0.28336630 0.25182813 -0.36371969
v 0.28676025 0.25468002 -0.33278366
v 0.28715742 0.25514162 -0.31731565
v 0.28611034 0.25477895 -0.30184760
v 0.28309553 0.25225674 -0.28635709
v 0.28065839 0.24943781 -0.27713923
v 0.27630766 0.24027219 -0.26639256
v 0.27883504 0.23044715 -0.26378457
v 0.28044176 0.22014405 -0.26241313
v 0.28172351 0.20939587 -0.26133395
v 0.28340243 0.19398243 -0.26000751
v 0.28500912 0.17853603 -0.25888336
v 0.28647141 0.16310612 -0.25784915
v 0.28881828 0.14869827 -0.25775925
v 0.28735599 0.13222980 -0.25452174
v 0.29751974 0.11782195 -0.26068196
v 0.25496916 0.20967611 -0.41302405
v 0.24893951 0.21501723 -0.41821752
v 0.26520514 0.19848282 -0.40335652
v 0.25673835 0.22484226 -0.41255189
v 0.24863261 0.23290340 -0.41801519
v 0.24558169 0.24319003 -0.41558704
v 0.26238890 0.24567925 -0.40095087
v 0.28230119 0.11782195 -0.37437646
v 0.18710849 0.20110393 -0.44926598
v 0.19297566 0.21086302 -0.45065992
v 0.20183962 0.21699542 -0.44888378
v 0.24758556 0.20473062 -0.41738567
v 0.26762424 0.25085551 -0.39065386
v 0.27100012 0.26015302 -0.36416935
v 0.27240824 0.25365796 -0.37941257
v 0.27482731 0.26140588 -0.34827417
v 0.27690338 0.26239499 -0.33278366
v 0.27813099 0.26287305 -0.31731565
v 0.27776992 0.26249390 -0.30184760
v 0.27563969 0.25997169 -0.28635709
v 0.26558425 0.26443913 -0.27632987
v 0.26121545 0.26053220 -0.26601033
v 0.26558425 0.25024557 -0.26203094
v 0.26852686 0.24027219 -0.26025480
v 0.27289565 0.22510602 -0.25872600
v 0.27179443 0.20939587 -0.25501637
v 0.27179443 0.19398243 -0.25274561
v 0.27444821 0.16310612 -0.25011516
v 0.27932248 0.12350925 -0.24777697
v 0.28607424 0.11782195 -0.25182383
v 0.28620061 0.11782195 -0.25191376
v 0.24065326 0.22484226 -0.42383815
v 0.24895758 0.22484226 -0.41823999
v 0.20998145 0.22484226 -0.44420740
v 0.22193244 0.22484226 -0.43645091
v 0.20227289 0.23369468 -0.44913108
v 0.22000080 0.24027219 -0.43519187
v 0.21781640 0.24846520 -0.43370803
v 0.23520128 0.24996533 -0.41961143
v 0.25200852 0.25069066 -0.40526755
v 0.17838896 0.11782195 -0.39921973
v 0.16284545 0.19655408 -0.45326787
v 0.17840701 0.19915870 -0.45088472
v 0.17840701 0.20939587 -0.45605572
v 0.17840701 0.22484226 -0.46008011
v 0.19396858 0.22484226 -0.45333533
v 0.20220068 0.22484226 -0.44910861
v 0.24379447 0.26097729 -0.39755600
v 0.24875900 0.26356542 -0.38725899
v 0.25966293 0.26150481 -0.37918774
v 0.26309295 0.26313681 -0.36963262
v 0.26529541 0.26391161 -0.35931311
v 0.26912260 0.26513147 -0.33278366
v 0.26704653 0.26448857 -0.34827417
v 0.27035021 0.26556011 -0.31731565
v 0.26998914 0.26569198 -0.30184760
v 0.26785891 0.26531283 -0.28635709
v 0.25621481 0.26885709 -0.28635709
v 0.25610651 0.26610408 -0.27106894
v 0.25083507 0.26455451 -0.26187354
v 0.25610651 0.25552076 -0.25971522
v 0.25621481 0.24027219 -0.25436435
v 0.25493306 0.22373777 -0.25029502
v 0.25872415 0.20939587 -0.24910344
v 0.26224447 0.19398243 -0.24813669
v 0.26392339 0.18610263 -0.24768704
v 0.27094595 0.17998671 -0.25045239
v 0.27625350 0.14765971 -0.24914841
v 0.26518708 0.17579953 -0.24719241
v 0.26666743 0.16310612 -0.24660789
v 0.27329282 0.11782195 -0.24510152
v 0.17840701 0.24027219 -0.45931569
v 0.19431158 0.23941497 -0.45194140
v 0.19972744 0.24399779 -0.44755731
v 0.20828450 0.23941497 -0.44335305
v 0.18934704 0.25110279 -0.45061492
v 0.18393118 0.26138940 -0.44722005
v 0.20149662 0.26323571 -0.43310098
v 0.16759335 0.11782195 -0.40176026
v 0.14728389 0.20583511 -0.46253070
v 0.15869329 0.11782195 -0.40367128
v 0.16250245 0.21010472 -0.46115926
v 0.15708660 0.21572609 -0.46482393
v 0.16788220 0.22484226 -0.46358738
v 0.16775582 0.24027219 -0.46343002
v 0.23341406 0.26366433 -0.40288440
v 0.16022778 0.28011631 -0.43712537
v 0.25722576 0.26554360 -0.36416935
v 0.25621481 0.26740640 -0.34827417
v 0.25621481 0.26828011 -0.33278366
v 0.25621481 0.26884061 -0.31731565
v 0.25621481 0.26917029 -0.30184760
v 0.24065326 0.26872520 -0.28635709
v 0.24606910 0.26455451 -0.26187354
v 0.13338320 0.28623222 -0.44117223
v 0.13338320 0.28553985 -0.42561428
v 0.24065326 0.24027219 -0.25243085
v 0.24886731 0.21786912 -0.24757461
v 0.25094337 0.20939587 -0.24708001
v 0.25446369 0.19398243 -0.24633809
v 0.25773127 0.17998671 -0.24586594
v 0.25621481 0.16310612 -0.24417974
v 0.25621481 0.14765971 -0.24303315
v 0.25621481 0.11782195 -0.24085233
v 0.25717163 0.11782195 -0.24107716
v 0.27322062 0.11782195 -0.24507905
v 0.15692412 0.24963562 -0.46486892
v 0.16241218 0.25515810 -0.46073210
v 0.17355080 0.26526336 -0.45043506
v 0.17860559 0.25603180 -0.45333533
v 0.19111622 0.26618651 -0.43690054
v 0.16437994 0.27648962 -0.44180175
v 0.13338320 0.20400529 -0.46327262
v 0.13338320 0.21172024 -0.46642022
v 0.14728389 0.21356655 -0.46565578
v 0.14728389 0.11782195 -0.40591954
v 0.14623682 0.11782195 -0.40612188
v 0.13338320 0.11782195 -0.40859496
v 0.14728389 0.22484226 -0.46810640
v 0.16010141 0.22484226 -0.46558831
v 0.15997504 0.24027219 -0.46561084
v 0.15343992 0.27823703 -0.44742241
v 0.14305953 0.28028116 -0.45039012
v 0.13338320 0.28578713 -0.44247624
v 0.23568872 0.26137292 -0.26661738
v 0.23050755 0.25108631 -0.26092929
v 0.24079769 0.25601529 -0.25904073
v 0.13338320 0.28278687 -0.41180997
v 0.13338320 0.28245719 -0.41021370
v 0.13338320 0.27973716 -0.40029888
v 0.13338320 0.27653909 -0.39254239
v 0.13338320 0.26814824 -0.37808609
v 0.22731220 0.24027219 -0.25834380
v 0.23595952 0.21590742 -0.24784440
v 0.24094210 0.22373777 -0.24874372
v 0.24632187 0.21786912 -0.24757461
v 0.24065326 0.19398243 -0.24537131
v 0.24065326 0.11782195 -0.24056006
v 0.24065326 0.17853603 -0.24438210
v 0.13995443 0.26366433 -0.46441926
v 0.15033482 0.25992225 -0.46293539
v 0.14728389 0.24027219 -0.46833120
v 0.14600214 0.25515810 -0.46563331
v 0.17860559 0.26926920 -0.44166685
v 0.16284545 0.26819768 -0.45288568
v 0.13338320 0.22362237 -0.46943284
v 0.13338320 0.22484226 -0.46970264
v 0.13338320 0.11782195 -0.33350309
v 0.13338320 0.23860721 -0.47019729
v 0.14670620 0.27095066 -0.45666274
v 0.13338320 0.27291237 -0.45999018
v 0.13338320 0.28224287 -0.45234609
v 0.13338320 0.26704374 -0.37651229
v 0.21745534 0.23212861 -0.26333491
v 0.13338320 0.25840561 -0.36742932
v 0.13338320 0.25683956 -0.36605788
v 0.13338320 0.24539899 -0.35749204
v 0.22362942 0.22612809 -0.25672504
v 0.23177125 0.20562080 -0.24716994
v 0.24094210 0.21022011 -0.24690015
v 0.22595823 0.13222980 -0.24505658
v 0.22373773 0.11782195 -0.24498912
v 0.23052561 0.19398243 -0.24669782
v 0.22931606 0.17853603 -0.24629310
v 0.22821485 0.16310612 -0.24586594
v 0.13338320 0.26508203 -0.46502626
v 0.13338320 0.27123093 -0.46122672
v 0.13338320 0.25565263 -0.46765674
v 0.13338320 0.24027219 -0.47021976
v 0.13338320 0.25403711 -0.46797147
v 0.20138830 0.11782195 -0.26266046
v 0.13338320 0.17853603 -0.33793217
v 0.21593890 0.22184200 -0.26160375
v 0.13338320 0.23766756 -0.35346765
v 0.13338320 0.22484226 -0.34800438
v 0.13338320 0.20949477 -0.34303571
v 0.22597628 0.21022011 -0.25144163
v 0.21436830 0.20939587 -0.25998501
v 0.22276289 0.19398243 -0.25078964
v 0.22153529 0.17853603 -0.24984536
v 0.22326836 0.11782195 -0.24516898
v 0.21819551 0.13222980 -0.24809173
v 0.21752755 0.12304768 -0.24777697
v 0.22045212 0.16310612 -0.24921584
v 0.20182157 0.11782195 -0.26223327
v 0.20165909 0.12598200 -0.26302018
v 0.13338320 0.19226799 -0.33923617
v 0.13338320 0.20084017 -0.34096731
v 0.21294213 0.19398243 -0.25852364
v 0.21196727 0.17853603 -0.25757938
v 0.21727481 0.11782195 -0.24759710
v 0.21110074 0.16310612 -0.25694986
v 0.21034251 0.14765971 -0.25638781
v 0.21110074 0.11782195 -0.25335263
v 0.20815811 0.13157039 -0.25721966
v 0.20205626 0.13626861 -0.26360471
f 61 62 63
f 61 63 64
f 61 64 65
f 61 65 74
f 61 74 89
f 61 89 114
f 61 114 139
f 61 139 142
f 61 142 166
f 61 166 190
f 61 190 221
f 61 221 220
f 61 220 261
f 61 261 296
f 61 296 295
f 61 295 294
f 61 294 328
f 61 328 352
f 61 352 371
f 61 371 381
f 61 381 384
f 61 384 375
f 61 375 361
f 61 361 338
f 61 338 308
f 61 308 307
f 61 307 306
f 61 306 271
f 61 271 269
f 61 269 231
f 61 231 198
f 61 198 170
f 61 170 146
f 61 146 143
f 61 143 118
f 61 118 117
f 61 117 116
f 61 116 115
f 61 115 90
f 61 90 75
f 61 75 66
f 61 66 62
f 62 66 67
f 62 67 68
f 62 68 63
f 63 68 69
f 63 69 70
f 63 70 71
f 63 71 72
f 63 72 73
f 63 73 64
f 64 73 65
f 65 73 74
f 66 75 76
f 66 76 77
f 66 77 67
f 67 77 69
f 67 69 68
f 69 77 78
f 69 78 70
f 70 78 79
f 70 79 80
f 70 80 81
f 70 81 82
f 70 82 72
f 70 72 71
f 72 82 73
f 73 83 84
f 73 84 74
f 73 82 83
f 74 84 85
f 74 85 86
f 74 86 87
f 74 87 88
f 74 88 89
f 75 90 91
f 75 91 76
f 76 91 79
f 76 79 77
f 77 79 78
f 79 92 93
f 79 93 80
f 79 91 90
f 79 90 92
f 80 94 95
f 80 95 81
f 80 93 96
f 80 96 94
f 81 97 82
f 81 95 97
f 82 97 98
f 82 98 99
f 82 99 100
f 82 100 101
f 82 101 83
f 83 101 84
f 84 101 100
f 84 100 99
f 84 99 98
f 84 98 102
f 84 102 103
f 84 103 104
f 84 104 105
f 84 105 106
f 84 106 107
f 84 107 108
f 84 108 85
f 85 108 109
f 85 109 86
f 86 109 107
f 86 107 110
f 86 110 111
f 86 111 112
f 86 112 113
f 86 113 87
f 87 113 88
f 88 113 89
f 89 113 114
f 90 115 92
f 92 115 116
f 92 116 117
f 92 117 118
f 92 118 119
f 92 119 120
f 92 120 93
f 93 120 121
f 93 121 122
f 93 122 96
f 94 123 95
f 94 96 124
f 94 124 123
f 95 123 125
f 95 125 97
f 96 122 124
f 97 126 102
f 97 102 98
f 97 125 126
f 102 127 128
f 102 128 103
f 102 126 127
f 103 128 129
f 103 129 130
f 103 130 104
f 104 106 105
f 104 130 131
f 104 131 132
f 104 132 106
f 106 132 107
f 107 109 133
f 107 133 108
f 107 132 110
f 108 133 109
f 110 132 134
f 110 134 135
f 110 135 136
f 110 136 137
f 110 137 112
f 110 112 138
f 110 138 111
f 111 138 112
f 112 137 113
f 113 139 114
f 113 137 140
f 113 140 141
f 113 141 142
f 113 142 139
f 118 143 119
f 119 144 145
f 119 145 121
f 119 121 120
f 119 143 146
f 119 146 144
f 121 147 122
f 121 145 147
f 122 147 124
f 123 124 148
f 123 148 149
f 123 149 125
f 124 147 150
f 124 150 148
f 125 149 126
f 126 151 127
f 126 149 151
f 127 152 153
f 127 153 128
f 127 151 152
f 128 153 129
f 129 153 154
f 129 154 155
f 129 155 130
f 130 155 134
f 130 134 131
f 131 134 132
f 134 155 156
f 134 156 157
f 134 157 158
f 134 158 159
f 134 159 135
f 135 159 160
f 135 160 136
f 136 160 137
f 137 160 161
f 137 161 162
f 137 162 140
f 140 162 163
f 140 163 141
f 141 163 162
f 141 162 164
f 141 164 142
f 142 164 165
f 142 165 166
f 144 146 167
f 144 167 168
f 144 168 145
f 145 168 169
f 145 169 147
f 146 170 167
f 147 169 171
f 147 171 172
f 147 172 150
f 148 150 173
f 148 173 149
f 149 174 151
f 149 173 175
f 149 175 174
f 150 172 173
f 151 176 152
f 151 174 176
f 152 177 178
f 152 178 153
f 152 176 177
f 153 178 179
f 153 179 154
f 154 179 180
f 154 180 156
f 154 156 155
f 156 181 182
f 156 182 157
f 156 180 181
f 157 182 183
f 157 183 158
f 158 183 159
f 159 183 160
f 160 183 184
f 160 184 161
f 161 184 185
f 161 185 162
f 162 185 186
f 162 186 187
f 162 187 188
f 162 188 164
f 164 188 189
f 164 189 165
f 165 189 190
f 165 190 166
f 167 191 192
f 167 192 168
f 167 170 193
f 167 193 191
f 168 192 194
f 168 194 195
f 168 195 169
f 169 195 196
f 169 196 197
f 169 197 171
f 170 198 199
f 170 199 200
f 170 200 201
f 170 201 202
f 170 202 193
f 171 197 172
f 172 197 203
f 172 203 173
f 173 204 175
f 173 203 205
f 173 205 204
f 174 206 207
f 174 207 176
f 174 175 206
f 175 204 206
f 176 207 208
f 176 208 177
f 177 208 209
f 177 209 178
f 178 209 210
f 178 210 179
f 179 210 180
f 180 210 211
f 180 211 212
f 180 212 213
f 180 213 181
f 181 213 182
f 182 213 214
f 182 214 215
f 182 215 183
f 183 215 216
f 183 216 184
f 184 216 185
f 185 216 217
f 185 217 218
f 185 218 186
f 186 218 219
f 186 219 187
f 187 219 189
f 187 189 188
f 189 220 221
f 189 221 190
f 189 219 220
f 191 193 202
f 191 202 192
f 192 222 223
f 192 223 194
f 192 202 201
f 192 201 224
f 192 224 225
f 192 225 222
f 194 223 195
f 195 223 222
f 195 222 225
f 195 225 226
f 195 226 227
f 195 227 228
f 195 228 196
f 196 228 229
f 196 229 197
f 197 229 230
f 197 230 203
f 198 231 232
f 198 232 233
f 198 233 199
f 199 233 234
f 199 234 200
f 200 234 201
f 201 234 235
f 201 235 236
f 201 236 237
f 201 237 224
f 203 238 239
f 203 239 240
f 203 240 205
f 203 230 238
f 204 205 241
f 204 241 206
f 205 240 241
f 206 241 242
f 206 242 207
f 207 243 208
f 207 242 244
f 207 244 243
f 208 245 246
f 208 246 209
f 208 243 245
f 209 246 247
f 209 247 211
f 209 211 210
f 211 247 248
f 211 248 249
f 211 249 250
f 211 250 212
f 212 250 213
f 213 250 251
f 213 251 252
f 213 252 214
f 214 252 215
f 215 252 253
f 215 253 216
f 216 253 254
f 216 254 255
f 216 255 256
f 216 256 217
f 217 257 218
f 217 256 257
f 218 257 256
f 218 256 258
f 218 258 219
f 219 256 259
f 219 259 260
f 219 260 261
f 219 261 220
f 219 258 256
f 224 237 226
f 224 226 225
f 226 237 236
f 226 236 262
f 226 262 263
f 226 263 264
f 226 264 265
f 226 265 227
f 227 265 264
f 227 264 228
f 228 264 266
f 228 266 267
f 228 267 268
f 228 268 229
f 229 268 230
f 230 268 238
f 231 269 232
f 232 270 233
f 232 269 271
f 232 271 270
f 233 270 272
f 233 272 234
f 234 272 273
f 234 273 235
f 235 273 274
f 235 274 275
f 235 275 262
f 235 262 236
f 238 276 239
f 238 268 276
f 239 241 240
f 239 276 277
f 239 277 241
f 241 278 242
f 241 277 278
f 242 279 244
f 242 278 279
f 243 280 245
f 243 244 279
f 243 279 280
f 245 281 282
f 245 282 246
f 245 280 281
f 246 282 248
f 246 248 247
f 248 283 284
f 248 284 250
f 248 250 249
f 248 282 285
f 248 285 286
f 248 286 283
f 250 284 287
f 250 287 252
f 250 252 251
f 252 287 288
f 252 288 253
f 253 288 254
f 254 288 255
f 255 288 289
f 255 289 256
f 256 289 290
f 256 290 291
f 256 291 292
f 256 292 259
f 259 292 293
f 259 293 260
f 260 293 294
f 260 294 295
f 260 295 296
f 260 296 261
f 262 275 297
f 262 297 298
f 262 298 266
f 262 266 263
f 263 266 264
f 266 299 267
f 266 298 300
f 266 300 299
f 267 299 268
f 268 299 301
f 268 301 302
f 268 302 276
f 270 303 304
f 270 304 305
f 270 305 273
f 270 273 272
f 270 271 306
f 270 306 307
f 270 307 308
f 270 308 303
f 273 305 309
f 273 309 310
f 273 310 274
f 274 310 311
f 274 311 275
f 275 311 297
f 276 302 277
f 277 302 312
f 277 312 313
f 277 313 314
f 277 314 285
f 277 285 278
f 278 285 279
f 279 285 280
f 280 285 281
f 281 285 282
f 283 286 284
f 284 315 316
f 284 316 317
f 284 317 287
f 284 286 318
f 284 318 319
f 284 319 320
f 284 320 321
f 284 321 322
f 284 322 315
f 285 314 342
f 285 342 341
f 285 341 357
f 285 357 356
f 285 356 358
f 285 358 360
f 285 360 359
f 285 359 339
f 285 339 337
f 285 337 336
f 285 336 304
f 285 304 303
f 285 303 308
f 285 308 338
f 285 338 362
f 285 362 377
f 285 377 378
f 285 378 366
f 285 366 365
f 285 365 364
f 285 364 347
f 285 347 346
f 285 346 345
f 285 345 343
f 285 343 322
f 285 322 321
f 285 321 320
f 285 320 319
f 285 319 318
f 285 318 286
f 287 317 316
f 287 316 323
f 287 323 324
f 287 324 325
f 287 325 288
f 288 325 326
f 288 326 327
f 288 327 289
f 289 327 294
f 289 294 293
f 289 293 292
f 289 292 290
f 290 292 291
f 294 327 329
f 294 329 328
f 297 330 331
f 297 331 298
f 297 311 332
f 297 332 333
f 297 333 330
f 298 331 299
f 298 299 300
f 299 312 334
f 299 334 301
f 299 331 335
f 299 335 312
f 301 334 312
f 301 312 302
f 304 336 305
f 305 336 337
f 305 337 309
f 309 337 339
f 309 339 332
f 309 332 310
f 310 332 311
f 312 335 313
f 313 335 340
f 313 340 341
f 313 341 342
f 313 342 314
f 315 322 343
f 315 343 316
f 316 344 323
f 316 343 345
f 316 345 346
f 316 346 347
f 316 347 344
f 323 348 349
f 323 349 324
f 323 344 348
f 324 349 350
f 324 350 326
f 324 326 325
f 326 350 327
f 327 350 349
f 327 349 329
f 328 351 352
f 328 329 349
f 328 349 353
f 328 353 354
f 328 354 355
f 328 355 351
f 330 356 357
f 330 357 340
f 330 340 335
f 330 335 331
f 330 333 358
f 330 358 356
f 332 339 359
f 332 359 360
f 332 360 358
f 332 358 333
f 338 361 362
f 340 357 341
f 344 363 348
f 344 347 364
f 344 364 365
f 344 365 366
f 344 366 363
f 348 367 349
f 348 363 368
f 348 368 367
f 349 367 369
f 349 369 370
f 349 370 353
f 351 355 352
f 352 355 354
f 352 354 353
f 352 353 371
f 353 372 373
f 353 373 371
f 353 370 374
f 353 374 372
f 361 375 376
f 361 376 362
f 362 376 377
f 363 366 368
f 366 378 368
f 367 368 369
f 368 379 369
f 368 378 377
f 368 377 379
f 369 379 370
f 370 379 380
f 370 380 374
f 371 373 381
f 372 374 380
f 372 380 373
f 373 380 382
f 373 382 383
f 373 383 381
f 375 384 385
f 375 385 376
f 376 385 383
f 376 383 382
f 376 382 386
f 376 386 377
f 377 386 382
f 377 382 380
f 377 380 379
f 381 383 384
f 383 385 384

o geometry_2
v -0.29192305 -0.36154127 0.14693379
v -0.29183907 -0.36154127 0.14710336
v -0.28390791 -0.34633659 0.15758031
v -0.28882738 -0.34633659 0.14693379
v -0.28570771 -0.34633659 0.13201776
v -0.28636764 -0.36154127 0.13000716
v -0.28557572 -0.36154127 0.15900348
v -0.27301309 -0.34633659 0.16062649
v -0.28189213 -0.33704010 0.15578773
v -0.28336797 -0.33448358 0.14693379
v -0.28312798 -0.33466706 0.13477931
v -0.28443587 -0.36154127 0.12808134
v -0.28576773 -0.36154127 0.12932888
v -0.27771659 -0.33007996 0.13036446
v -0.26714571 -0.32013519 0.12247950
v -0.26982141 -0.33089954 0.12165588
v -0.28540774 -0.36154127 0.15904587
v -0.27301309 -0.36154127 0.16212234
v -0.25932257 -0.33089954 0.15681120
v -0.26106236 -0.32177431 0.15551521
v -0.26671377 -0.32177431 0.15551521
v -0.27235316 -0.33149891 0.15704739
v -0.26956946 -0.31860615 0.14693379
v -0.27735661 -0.32675281 0.14693379
v -0.25049151 -0.29134052 0.12694279
v -0.25049151 -0.29134052 0.12263696
v -0.27616874 -0.36154127 0.12407830
v -0.22057873 -0.25824012 0.10647338
v -0.22313445 -0.26916350 0.10558314
v -0.27282111 -0.36154127 0.16207389
v -0.17666344 -0.23658911 0.12868694
v -0.17911118 -0.23658911 0.12927437
v -0.19458951 -0.23658911 0.12948029
v -0.19595737 -0.23658911 0.12918354
v -0.20630026 -0.24202021 0.12695491
v -0.20399651 -0.23658911 0.12125012
v -0.20612028 -0.23658911 0.11599347
v -0.20842403 -0.23928020 0.11599347
v -0.21619919 -0.24912712 0.11599347
v -0.20691219 -0.24102938 0.10469895
v -0.27385299 -0.36154127 0.12427814
v -0.21076377 -0.26916350 0.10293665
v -0.21156769 -0.25334725 0.10319706
v -0.26201027 -0.36154127 0.15779227
v -0.17115603 -0.23658911 0.12221304
v -0.19665329 -0.23658911 0.10103505
v -0.27302508 -0.36154127 0.12466573
v -0.21076377 -0.28079634 0.10659450
v -0.20244867 -0.27744473 0.10781782
v -0.19518944 -0.25372645 0.10035072
v -0.26189027 -0.36154127 0.15762876
v -0.18689834 -0.26222782 0.12441744
v -0.16934423 -0.23658911 0.11599347
v -0.17906318 -0.23658911 0.10025382
v -0.26009047 -0.36154127 0.13205410
v -0.19643732 -0.26774455 0.10600706
v -0.18724630 -0.26165293 0.10804189
v -0.18443861 -0.25372645 0.10534090
v -0.25689882 -0.36154127 0.14693984
v -0.18689834 -0.26219114 0.11599347
v -0.17477964 -0.23658911 0.10337874
v -0.25694681 -0.36154127 0.14664915
f 387 388 389
f 387 389 390
f 387 390 391
f 387 391 392
f 387 392 399
f 387 399 398
f 387 398 413
f 387 413 427
f 387 427 433
f 387 433 441
f 387 441 448
f 387 448 445
f 387 445 437
f 387 437 430
f 387 430 416
f 387 416 404
f 387 404 403
f 387 403 393
f 387 393 388
f 388 393 389
f 389 393 394
f 389 394 395
f 389 395 390
f 390 395 396
f 390 396 397
f 390 397 391
f 391 398 399
f 391 399 392
f 391 397 400
f 391 400 401
f 391 401 402
f 391 402 398
f 393 403 394
f 394 403 404
f 394 404 405
f 394 405 406
f 394 406 407
f 394 407 408
f 394 408 395
f 395 408 407
f 395 407 409
f 395 409 410
f 395 410 396
f 396 410 411
f 396 411 412
f 396 412 397
f 397 401 400
f 397 412 401
f 398 402 413
f 401 412 414
f 401 414 402
f 402 414 415
f 402 415 413
f 404 416 405
f 405 416 417
f 405 417 418
f 405 418 406
f 406 418 419
f 406 419 407
f 407 419 420
f 407 420 421
f 407 421 409
f 409 421 422
f 409 422 410
f 410 422 423
f 410 423 424
f 410 424 411
f 411 424 412
f 412 424 425
f 412 425 426
f 412 426 414
f 413 415 428
f 413 428 427
f 414 426 429
f 414 429 415
f 415 429 428
f 416 430 417
f 417 431 439
f 417 439 447
f 417 447 440
f 417 440 432
f 417 432 423
f 417 423 422
f 417 422 420
f 417 420 419
f 417 419 418
f 417 430 431
f 420 422 421
f 423 432 426
f 423 426 424
f 424 426 425
f 426 432 429
f 427 428 434
f 427 434 435
f 427 435 433
f 428 429 436
f 428 436 434
f 429 432 436
f 430 437 431
f 431 438 439
f 431 437 438
f 432 440 436
f 433 435 441
f 434 436 435
f 435 436 442
f 435 442 443
f 435 443 441
f 436 440 444
f 436 444 442
f 437 445 438
f 438 445 446
f 438 446 439
f 439 446 443
f 439 443 447
f 440 447 444
f 441 443 448
f 442 444 443
f 443 444 447
f 443 446 445
f 443 445 448

o geometry_3
v -0.13877821 0.25573903 0.43722874
v -0.13877821 0.24750365 0.43703117
v -0.13877821 0.26829899 0.43501588
v -0.14239933 0.26622979 0.43398847
v -0.14422330 0.25573903 0.43481828
v -0.14387460 0.24028221 0.43462070
v -0.13877821 0.24028221 0.43683360
v -0.13877821 0.27618258 0.43276347
v -0.14795171 0.27129931 0.42976031
v -0.16450158 0.27059578 0.42118539
v -0.17257534 0.26507105 0.41818220
v -0.15202883 0.25573903 0.43110383
v -0.15165330 0.24028221 0.43098526
v -0.14191651 0.23132264 0.43375138
v -0.13877821 0.23446779 0.43568765
v -0.13877821 0.27669988 0.43256589
v -0.13912691 0.27651366 0.43248687
v -0.17000031 0.27537562 0.41660160
v -0.17354098 0.25573903 0.41885398
v -0.16407240 0.25573903 0.42450472
v -0.17853006 0.27059578 0.41253146
v -0.19035907 0.27117514 0.40431220
v -0.19247808 0.25573903 0.40585332
v -0.18131967 0.25573903 0.41355887
v -0.16407240 0.24028221 0.42430714
v -0.17246804 0.23159161 0.41814269
v -0.13877821 0.22194921 0.43062963
v -0.13877821 0.22952244 0.43426507
v -0.16342865 0.22581860 0.42039510
v -0.14765666 0.22565306 0.42825870
v -0.13877821 0.27717581 0.43232881
v -0.15961976 0.28189353 0.41956524
v -0.18824002 0.27984504 0.40281062
v -0.17343367 0.24028221 0.41877495
v -0.19813776 0.27117514 0.39862195
v -0.20025680 0.25573903 0.40016307
v -0.19202210 0.24028221 0.40561623
v -0.18123920 0.24028221 0.41336130
v -0.19982762 0.24028221 0.39968889
v -0.18990307 0.22902584 0.40415414
v -0.17928112 0.22515646 0.40984440
v -0.16817635 0.22130777 0.41553465
v -0.13877821 0.21971450 0.42928611
v -0.15779580 0.21619688 0.41849835
v -0.13877821 0.28685959 0.42715224
v -0.14843453 0.28685959 0.42233136
v -0.15355774 0.29217740 0.41616691
v -0.16450158 0.28685959 0.41340081
v -0.17866418 0.28563876 0.40541866
v -0.20524589 0.28187286 0.38870353
v -0.34783756 0.37417924 0.23601506
v -0.20776726 0.27117514 0.39087688
v -0.20943030 0.25573903 0.39241800
v -0.20875972 0.24028221 0.39198334
v -0.20621152 0.22772225 0.38973094
v -0.19631379 0.22323211 0.39546070
v -0.18612101 0.21872128 0.40119047
v -0.17574046 0.21439669 0.40522109
v -0.14851500 0.21385871 0.42067170
v -0.13877821 0.21168605 0.42288457
v -0.13877821 0.20378176 0.41434919
v -0.16342865 0.21191366 0.41023954
v -0.15025850 0.19109765 0.39352444
v -0.14894417 0.19109765 0.39427524
v -0.13877821 0.29701929 0.42019753
v -0.14320402 0.29588125 0.41909106
v -0.17284357 0.29501218 0.40288965
v -0.35035895 0.36377123 0.23858356
v -0.36014938 0.38740134 0.21740318
v -0.37618961 0.38936708 0.20440252
v -0.36280488 0.37920737 0.22080152
v -0.21554597 0.27117514 0.38404068
v -0.21720899 0.25573903 0.38554226
v -0.21653842 0.24028221 0.38483100
v -0.22163481 0.22811540 0.37451741
v -0.20275134 0.21741770 0.38653018
v -0.19237079 0.21381731 0.39087688
v -0.17804725 0.19109765 0.37435935
v -0.13877821 0.19109765 0.39862195
v -0.13877821 0.30035067 0.41672014
v -0.37058357 0.37920737 0.21392581
v -0.35813764 0.36377123 0.23162881
v -0.35746708 0.38740134 0.21740318
v -0.36639918 0.39600916 0.19337766
v -0.36575542 0.38992576 0.20930247
v -0.13877821 0.30461320 0.41209678
v -0.13877821 0.31100700 0.40427269
v -0.13877821 0.31551780 0.39455184
v -0.37720888 0.37920737 0.20618073
v -0.37444611 0.40244432 0.17132792
v -0.37895238 0.39234669 0.19337766
v -0.39013763 0.38783586 0.17180212
v -0.38388783 0.37920737 0.19337766
v -0.22496088 0.25573903 0.37779720
v -0.22415618 0.24028221 0.37708594
v -0.21796005 0.21781085 0.37064488
v -0.23193489 0.24028221 0.36898522
v -0.23920394 0.24028221 0.36124015
v -0.23678988 0.22902584 0.35871114
v -0.25851659 0.19109765 0.30176909
v -0.24314695 0.19109765 0.31674553
v -0.22761636 0.19109765 0.33120825
v -0.21160297 0.19109765 0.34551291
v -0.19521405 0.19109765 0.35989663
v -0.27404719 0.19109765 0.28588380
v -0.27340344 0.19109765 0.28655557
v -0.27182085 0.19109765 0.28817572
v -0.13877821 0.19109765 0.17828268
v -0.26286195 0.25573903 0.33764931
v -0.25508323 0.25573903 0.34618469
v -0.24786783 0.25573903 0.35389024
v -0.24008911 0.25573903 0.36210950
v -0.23273959 0.25573903 0.36985456
v -0.36462885 0.36377123 0.22388375
v -0.35800354 0.34833512 0.23131268
v -0.37396329 0.40244432 0.17132792
v -0.13877821 0.31994588 0.37906172
v -0.37715524 0.36377123 0.20618073
v -0.37240754 0.36377123 0.21388629
v -0.38388783 0.36377123 0.19337766
v -0.39257855 0.39164317 0.13149615
v -0.39190796 0.39096035 0.14694677
v -0.39096915 0.38944984 0.16243691
v -0.38168835 0.39491249 0.17670206
v -0.37444611 0.40244432 0.16808765
v -0.39850644 0.39232602 0.03353686
v -0.39687024 0.39298816 0.05412451
v -0.39630692 0.39302951 0.06957513
v -0.39539495 0.39292608 0.08506526
v -0.39303453 0.37920737 0.16243691
v -0.39070091 0.37920737 0.17377790
v -0.38866234 0.37920737 0.18148345
v -0.40572184 0.37306190 0.08056048
v -0.38871601 0.36377123 0.18243183
v -0.28464232 0.19109765 0.27422669
v -0.27525421 0.19109765 0.28457979
v -0.24698266 0.24028221 0.35270477
v -0.25371525 0.24028221 0.34495971
v -0.25138166 0.23026735 0.34247021
v -0.28807568 0.19109765 0.27035416
v -0.17528448 0.19109765 0.03353686
v -0.13877821 0.19397382 0.17954719
v -0.26946043 0.25573903 0.32990424
v -0.36403873 0.34833512 0.22356762
v -0.35717201 0.33289898 0.23020625
v -0.28356938 0.25573903 0.31283348
v -0.27723915 0.25573903 0.32057855
v -0.37396329 0.40244432 0.16808765
v -0.13877821 0.32112530 0.36357159
v -0.37669923 0.34833512 0.20527187
v -0.38305633 0.34833512 0.19337766
v -0.37181745 0.34833512 0.21301695
v -0.40505128 0.38634606 0.04294157
v -0.40464893 0.38516663 0.05412451
v -0.40408564 0.38293189 0.06957513
v -0.38195656 0.39474695 0.03353686
v -0.40435388 0.38789795 0.03353686
v -0.39400017 0.36377123 0.16243691
v -0.40507808 0.36853036 0.09087407
v -0.40550729 0.35824652 0.09375871
v -0.39113009 0.36377123 0.17468676
v -0.40633879 0.37521382 0.06957513
v -0.40993309 0.36377123 0.05412451
v -0.40816276 0.36377123 0.06957513
v -0.39083502 0.34833512 0.17358033
v -0.38831366 0.34833512 0.18132539
v -0.28260375 0.24421365 0.31164799
v -0.26152080 0.24028221 0.33567353
v -0.26578566 0.23190200 0.32555751
v -0.30068255 0.19109765 0.25518015
v -0.29521061 0.19109765 0.26193732
v -0.13877821 0.21214127 0.19001883
v -0.13877821 0.20645102 0.18642290
v -0.37592137 0.19109765 0.03353686
v -0.17616964 0.19397382 0.03353686
v -0.13877821 0.25317323 0.22261925
v -0.13877821 0.24760711 0.21696851
v -0.13877821 0.24036497 0.21060649
v -0.13877821 0.23914417 0.20953956
v -0.13877821 0.23823372 0.20878877
v -0.13877821 0.23090879 0.20282190
v -0.13877821 0.22484607 0.19847518
v -0.13877821 0.22449431 0.19823810
v -0.36296582 0.33289898 0.22250070
v -0.29649813 0.24768990 0.29414257
v -0.33957605 0.38839455 0.16243691
v -0.13877821 0.32095979 0.34808144
v -0.37576043 0.33289898 0.20365173
v -0.38131283 0.33289898 0.19337766
v -0.38753577 0.33289898 0.17931010
v -0.37074451 0.33289898 0.21139680
v -0.40574867 0.38599429 0.03353686
v -0.40738490 0.38040750 0.03812067
v -0.40714349 0.37744856 0.05412451
v -0.33480154 0.37515177 0.03353686
v -0.39641425 0.34833512 0.14694677
v -0.39365146 0.34833512 0.16243691
v -0.40556090 0.34833512 0.09407483
v -0.40620466 0.36354363 0.08546042
v -0.41105966 0.34833512 0.05412451
v -0.40912839 0.34833512 0.06957513
v -0.40698255 0.34833512 0.08506526
v -0.41135471 0.36377123 0.03863437
v -0.41250812 0.34833512 0.03863437
v -0.39257855 0.33289898 0.16243691
v -0.39019126 0.33289898 0.17156502
v -0.26774376 0.24028221 0.32792846
v -0.31489878 0.19109765 0.23625215
v -0.30934640 0.19109765 0.24399721
v -0.40371013 0.28472834 0.03353686
v -0.37554585 0.19109765 0.03827874
v -0.40548046 0.29368791 0.04792055
v -0.40362966 0.28508010 0.03863437
v -0.18199026 0.20940994 0.03353686
v -0.13877821 0.27783793 0.24846249
v -0.13877821 0.26883697 0.23901825
v -0.36175877 0.31746286 0.22092007
v -0.36009575 0.30202672 0.21866769
v -0.36656012 0.30202672 0.20886780
v -0.35891553 0.29331545 0.21704754
v -0.35738661 0.28301090 0.21459757
v -0.32487698 0.19109765 0.22127571
v -0.32337489 0.19109765 0.22364665
v -0.31618629 0.19109765 0.23435540
v -0.13877821 0.31967687 0.33263083
v -0.37487526 0.32120809 0.20222917
v -0.37801358 0.31661450 0.19468168
v -0.37399010 0.31092422 0.20072758
v -0.38640922 0.31876642 0.17646497
v -0.38981575 0.32478777 0.17037955
v -0.37034216 0.31661450 0.20795894
v -0.40776041 0.38003504 0.03353686
v -0.41167659 0.36377123 0.03353686
v -0.32721060 0.37167552 0.03353686
v -0.40548046 0.33894099 0.09352161
v -0.39563636 0.33289898 0.14694677
v -0.41044274 0.33289898 0.05412451
v -0.40859191 0.33289898 0.06957513
v -0.41183753 0.33289898 0.03863437
v -0.41274950 0.34833512 0.03353686
v -0.41210574 0.33289898 0.03353686
v -0.39099596 0.31876642 0.16223934
v -0.39397333 0.31746286 0.14694677
v -0.40582917 0.29244638 0.03353686
v -0.37527761 0.19109765 0.04108434
v -0.40325414 0.28777003 0.05349226
v -0.40113510 0.28661128 0.06957513
v -0.40491714 0.29658477 0.05823414
v -0.40636560 0.30184050 0.05349226
v -0.40757267 0.30202672 0.03863437
v -0.40572184 0.29279814 0.03863437
v -0.18327776 0.21253441 0.03353686
v -0.13877821 0.28121071 0.25280919
v -0.18628195 0.21965242 0.03353686
v -0.37283672 0.30202672 0.19867276
v -0.36210749 0.28754241 0.20922344
v -0.33040255 0.19109765 0.21214760
v -0.13877821 0.31582819 0.31650844
v -0.38249304 0.30202672 0.17792704
v -0.37677973 0.30202672 0.19092769
v -0.38890378 0.31450392 0.16721830
v -0.39037903 0.30674447 0.15690472
v -0.31988789 0.36598527 0.03353686
v -0.13877821 0.31195880 0.30437713
v -0.40633879 0.33343696 0.08549993
v -0.40499764 0.32865715 0.09095310
v -0.40867241 0.31746286 0.05412451
v -0.40666067 0.31617995 0.07083962
v -0.40588278 0.32048386 0.08063951
v -0.41004036 0.31746286 0.03863437
v -0.41028180 0.31746286 0.03353686
v -0.39134467 0.30177842 0.14714436
v -0.40526585 0.31020002 0.07680649
v -0.40776041 0.30202672 0.03353686
v -0.37474116 0.19109765 0.04645847
v -0.37396329 0.19109765 0.05412451
v -0.37337317 0.19109765 0.05981476
v -0.37227343 0.19109765 0.06993076
v -0.37026169 0.19109765 0.08506526
v -0.39434885 0.27117514 0.08506526
v -0.39893562 0.28661128 0.08506526
v -0.40443435 0.30184050 0.07083962
v -0.40582917 0.30684794 0.06649291
v -0.13877821 0.29106003 0.26663968
v -0.18976895 0.22737049 0.03353686
v -0.19191479 0.23186062 0.03353686
v -0.33171687 0.19109765 0.20989520
v -0.37530444 0.29095657 0.18792451
v -0.37090545 0.28613536 0.19318009
v -0.37774534 0.28613536 0.17855930
v -0.38783084 0.30177842 0.16223934
v -0.38364645 0.28661128 0.16243691
v -0.38927929 0.29648131 0.15243944
v -0.26634895 0.32433254 0.03353686
v -0.13877821 0.30848258 0.29675061
v -0.23579742 0.29606746 0.03353686
v -0.24084017 0.30150942 0.03353686
v -0.24920898 0.31020002 0.03353686
v -0.25698767 0.31673864 0.03353686
v -0.26278148 0.32145639 0.03353686
v -0.39032540 0.29219808 0.14212586
v -0.40228851 0.30202672 0.08506526
v -0.36768669 0.19109765 0.10051588
v -0.39172018 0.27084408 0.09988364
v -0.13877821 0.29652269 0.27493798
v -0.19620650 0.24028221 0.03353686
v -0.19789635 0.24353083 0.03353686
v -0.20162477 0.25035913 0.03353686
v -0.33992477 0.19109765 0.19452362
v -0.34754252 0.19109765 0.17800608
v -0.34365317 0.19109765 0.18689710
v -0.34872273 0.19109765 0.17500288
v -0.35347043 0.19109765 0.16243691
v -0.38772354 0.28688029 0.14714436
v -0.35730614 0.19109765 0.14947577
v -0.13877821 0.30287509 0.28647654
v -0.21777228 0.27492039 0.03353686
v -0.21962308 0.27744479 0.03353686
v -0.22820647 0.28760449 0.03353686
v -0.39075455 0.27576876 0.11320041
v -0.38906472 0.28129347 0.13149615
v -0.36478979 0.19109765 0.11600602
v -0.20629199 0.25807720 0.03353686
v -0.21407069 0.26972671 0.03353686
v -0.36162467 0.19109765 0.13133809
v -0.35926422 0.19109765 0.14169119
f 449 450 455
f 449 455 463
f 449 463 476
f 449 476 475
f 449 475 491
f 449 491 508
f 449 508 509
f 449 509 527
f 449 527 556
f 449 556 590
f 449 590 621
f 449 621 620
f 449 620 631
f 449 631 630
f 449 630 629
f 449 629 628
f 449 628 627
f 449 627 626
f 449 626 625
f 449 625 624
f 449 624 664
f 449 664 663
f 449 663 701
f 449 701 732
f 449 732 753
f 449 753 764
f 449 764 743
f 449 743 712
f 449 712 706
f 449 706 673
f 449 673 635
f 449 635 597
f 449 597 565
f 449 565 536
f 449 536 535
f 449 535 534
f 449 534 528
f 449 528 513
f 449 513 493
f 449 493 479
f 449 479 464
f 449 464 456
f 449 456 451
f 449 451 452
f 449 452 453
f 449 453 454
f 449 454 450
f 450 454 455
f 451 456 452
f 452 456 457
f 452 457 458
f 452 458 459
f 452 459 460
f 452 460 453
f 453 460 461
f 453 461 454
f 454 462 455
f 454 461 462
f 455 462 463
f 456 464 465
f 456 465 457
f 457 465 466
f 457 466 458
f 458 466 459
f 459 467 468
f 459 468 460
f 459 466 469
f 459 469 470
f 459 470 471
f 459 471 472
f 459 472 467
f 460 468 473
f 460 473 461
f 461 473 474
f 461 474 462
f 462 475 476
f 462 476 463
f 462 474 477
f 462 477 478
f 462 478 475
f 464 479 465
f 465 479 480
f 465 480 466
f 466 480 481
f 466 481 469
f 467 472 482
f 467 482 468
f 468 482 473
f 469 481 470
f 470 481 483
f 470 483 484
f 470 484 471
f 471 484 485
f 471 485 486
f 471 486 482
f 471 482 472
f 473 482 474
f 474 482 486
f 474 486 485
f 474 485 487
f 474 487 488
f 474 488 489
f 474 489 490
f 474 490 477
f 475 478 492
f 475 492 491
f 477 490 492
f 477 492 478
f 479 493 480
f 480 493 494
f 480 494 495
f 480 495 496
f 480 496 497
f 480 497 481
f 481 498 483
f 481 497 499
f 481 499 498
f 483 498 500
f 483 500 484
f 484 487 485
f 484 500 501
f 484 501 487
f 487 501 502
f 487 502 503
f 487 503 488
f 488 503 504
f 488 504 505
f 488 505 489
f 489 505 490
f 490 505 506
f 490 506 492
f 491 492 507
f 491 507 508
f 492 509 507
f 492 506 510
f 492 510 511
f 492 511 512
f 492 512 509
f 493 513 514
f 493 514 494
f 494 514 495
f 495 514 515
f 495 515 496
f 496 515 497
f 497 515 499
f 498 499 516
f 498 516 500
f 499 517 518
f 499 518 519
f 499 519 516
f 499 515 514
f 499 514 517
f 500 516 520
f 500 520 501
f 501 520 521
f 501 521 502
f 502 521 522
f 502 522 503
f 503 522 523
f 503 523 524
f 503 524 504
f 504 524 505
f 505 524 506
f 506 524 525
f 506 525 526
f 506 526 511
f 506 511 510
f 507 509 508
f 509 512 527
f 511 526 552
f 511 552 551
f 511 551 550
f 511 550 549
f 511 549 548
f 511 548 555
f 511 555 554
f 511 554 553
f 511 553 584
f 511 584 583
f 511 583 588
f 511 588 619
f 511 619 618
f 511 618 657
f 511 657 656
f 511 656 672
f 511 672 671
f 511 671 670
f 511 670 705
f 511 705 735
f 511 735 757
f 511 757 759
f 511 759 758
f 511 758 760
f 511 760 761
f 511 761 763
f 511 763 774
f 511 774 773
f 511 773 770
f 511 770 751
f 511 751 727
f 511 727 726
f 511 726 725
f 511 725 724
f 511 724 723
f 511 723 693
f 511 693 659
f 511 659 622
f 511 622 589
f 511 589 556
f 511 556 527
f 511 527 512
f 513 528 517
f 513 517 514
f 516 519 529
f 516 529 530
f 516 530 520
f 517 531 532
f 517 532 533
f 517 533 518
f 517 528 534
f 517 534 535
f 517 535 536
f 517 536 531
f 518 537 529
f 518 529 519
f 518 533 532
f 518 532 538
f 518 538 539
f 518 539 540
f 518 540 541
f 518 541 537
f 520 530 521
f 521 542 522
f 521 530 542
f 522 542 543
f 522 543 523
f 523 544 524
f 523 543 545
f 523 545 546
f 523 546 547
f 523 547 544
f 524 548 549
f 524 549 550
f 524 550 551
f 524 551 552
f 524 552 525
f 524 544 553
f 524 553 554
f 524 554 555
f 524 555 548
f 525 552 526
f 529 537 530
f 530 557 558
f 530 558 559
f 530 559 560
f 530 560 561
f 530 561 542
f 530 537 562
f 530 562 563
f 530 563 557
f 531 536 532
f 532 564 538
f 532 536 565
f 532 565 564
f 537 566 567
f 537 567 562
f 537 541 568
f 537 568 566
f 538 569 570
f 538 570 571
f 538 571 572
f 538 572 539
f 538 564 596
f 538 596 573
f 538 573 574
f 538 574 575
f 538 575 576
f 538 576 577
f 538 577 569
f 539 572 540
f 540 578 579
f 540 579 580
f 540 580 541
f 540 572 571
f 540 571 581
f 540 581 578
f 541 580 582
f 541 582 568
f 542 561 543
f 543 561 545
f 544 547 583
f 544 583 584
f 544 584 553
f 545 561 560
f 545 560 559
f 545 559 546
f 546 559 558
f 546 558 557
f 546 557 585
f 546 585 547
f 547 585 586
f 547 586 587
f 547 587 588
f 547 588 583
f 556 589 590
f 557 591 586
f 557 586 585
f 557 563 591
f 562 567 592
f 562 592 563
f 563 592 593
f 563 593 594
f 563 594 595
f 563 595 591
f 564 565 597
f 564 597 596
f 566 598 567
f 566 568 599
f 566 599 598
f 567 600 592
f 567 598 600
f 568 582 599
f 569 577 570
f 570 577 601
f 570 601 602
f 570 602 603
f 570 603 571
f 571 603 581
f 573 596 604
f 573 604 574
f 574 604 643
f 574 643 682
f 574 682 711
f 574 711 742
f 574 742 748
f 574 748 747
f 574 747 746
f 574 746 745
f 574 745 744
f 574 744 767
f 574 767 766
f 574 766 765
f 574 765 772
f 574 772 771
f 574 771 756
f 574 756 755
f 574 755 754
f 574 754 734
f 574 734 733
f 574 733 702
f 574 702 700
f 574 700 662
f 574 662 623
f 574 623 589
f 574 589 622
f 574 622 658
f 574 658 692
f 574 692 722
f 574 722 719
f 574 719 689
f 574 689 688
f 574 688 681
f 574 681 680
f 574 680 640
f 574 640 605
f 574 605 576
f 574 576 575
f 576 605 577
f 577 605 601
f 578 606 579
f 578 581 607
f 578 607 608
f 578 608 606
f 579 609 580
f 579 606 609
f 580 609 582
f 581 603 610
f 581 610 611
f 581 611 612
f 581 612 607
f 582 609 613
f 582 613 614
f 582 614 599
f 586 591 615
f 586 615 616
f 586 616 587
f 587 616 617
f 587 617 618
f 587 618 619
f 587 619 588
f 589 620 621
f 589 621 590
f 589 623 624
f 589 624 625
f 589 625 626
f 589 626 627
f 589 627 628
f 589 628 629
f 589 629 630
f 589 630 631
f 589 631 620
f 591 595 615
f 592 600 632
f 592 632 593
f 593 632 633
f 593 633 594
f 594 633 615
f 594 615 595
f 596 634 604
f 596 597 635
f 596 635 634
f 598 636 600
f 598 599 637
f 598 637 636
f 599 614 638
f 599 638 637
f 600 636 639
f 600 639 632
f 601 605 640
f 601 640 641
f 601 641 602
f 602 641 642
f 602 642 603
f 603 642 610
f 604 634 643
f 606 644 645
f 606 645 609
f 606 608 646
f 606 646 644
f 607 612 647
f 607 647 608
f 608 647 648
f 608 648 649
f 608 649 650
f 608 650 646
f 609 645 613
f 610 642 651
f 610 651 611
f 611 651 652
f 611 652 648
f 611 648 612
f 612 648 647
f 613 645 653
f 613 653 654
f 613 654 614
f 614 654 638
f 615 617 655
f 615 655 616
f 615 633 656
f 615 656 657
f 615 657 618
f 615 618 617
f 616 655 617
f 622 659 660
f 622 660 661
f 622 661 658
f 623 662 663
f 623 663 664
f 623 664 624
f 632 639 665
f 632 665 633
f 633 665 666
f 633 666 667
f 633 667 668
f 633 668 669
f 633 669 670
f 633 670 671
f 633 671 672
f 633 672 656
f 634 635 673
f 634 673 643
f 636 674 639
f 636 637 674
f 637 638 675
f 637 675 676
f 637 676 674
f 638 677 675
f 638 654 678
f 638 678 677
f 639 674 679
f 639 679 665
f 640 680 641
f 641 680 642
f 642 680 681
f 642 681 651
f 643 673 682
f 644 646 683
f 644 683 645
f 645 683 684
f 645 684 653
f 646 650 683
f 648 685 686
f 648 686 649
f 648 652 685
f 649 686 650
f 650 686 683
f 651 681 652
f 652 687 685
f 652 681 688
f 652 688 689
f 652 689 687
f 653 690 678
f 653 678 654
f 653 684 691
f 653 691 690
f 658 661 692
f 659 693 694
f 659 694 660
f 660 694 695
f 660 695 696
f 660 696 697
f 660 697 698
f 660 698 699
f 660 699 661
f 661 699 692
f 662 700 663
f 663 700 702
f 663 702 701
f 665 679 666
f 666 679 676
f 666 676 667
f 667 676 703
f 667 703 704
f 667 704 668
f 668 704 669
f 669 704 670
f 670 704 705
f 673 706 682
f 674 676 679
f 675 677 707
f 675 707 708
f 675 708 676
f 676 708 703
f 677 678 709
f 677 709 707
f 678 690 710
f 678 710 709
f 682 706 712
f 682 712 711
f 683 686 713
f 683 713 714
f 683 714 684
f 684 714 691
f 685 715 716
f 685 716 686
f 685 687 715
f 686 716 717
f 686 717 713
f 687 718 715
f 687 689 718
f 689 719 718
f 690 691 710
f 691 720 710
f 691 714 717
f 691 717 721
f 691 721 720
f 692 699 722
f 693 723 694
f 694 723 724
f 694 724 725
f 694 725 726
f 694 726 695
f 695 726 727
f 695 727 728
f 695 728 729
f 695 729 730
f 695 730 696
f 696 730 721
f 696 721 731
f 696 731 697
f 697 715 718
f 697 718 698
f 697 731 715
f 698 718 719
f 698 719 722
f 698 722 699
f 701 702 733
f 701 733 734
f 701 734 732
f 703 735 705
f 703 705 704
f 703 708 736
f 703 736 737
f 703 737 735
f 707 738 736
f 707 736 708
f 707 709 739
f 707 739 740
f 707 740 738
f 709 710 739
f 710 741 739
f 710 720 741
f 711 712 742
f 712 743 744
f 712 744 745
f 712 745 746
f 712 746 747
f 712 747 748
f 712 748 742
f 713 717 714
f 715 731 721
f 715 721 716
f 716 721 717
f 720 749 741
f 720 721 750
f 720 750 749
f 721 730 750
f 727 751 728
f 728 751 752
f 728 752 729
f 729 750 730
f 729 752 749
f 729 749 750
f 732 734 754
f 732 754 755
f 732 755 756
f 732 756 753
f 735 737 736
f 735 736 757
f 736 738 758
f 736 758 759
f 736 759 757
f 738 760 758
f 738 740 761
f 738 761 760
f 739 741 740
f 740 741 762
f 740 762 763
f 740 763 761
f 741 749 762
f 743 764 765
f 743 765 766
f 743 766 767
f 743 767 744
f 749 768 769
f 749 769 770
f 749 770 762
f 749 752 768
f 751 770 769
f 751 769 752
f 752 769 768
f 753 756 771
f 753 771 772
f 753 772 764
f 762 770 773
f 762 773 774
f 762 774 763
f 764 772 765

o geometry_4
v -0.02812520 -0.23869361 -0.24424515
v -0.02345207 -0.23869361 -0.25542139
v -0.04723414 -0.23869361 -0.24424515
v -0.02982326 -0.24313087 -0.24424515
v -0.03065609 -0.38868519 -0.32429715
v -0.02744968 -0.39336101 -0.33262530
v -0.02242491 -0.25373890 -0.27089524
v -0.02601998 -0.23869361 -0.27146740
v -0.02173088 -0.39266122 -0.34801011
v -0.02164297 -0.39264532 -0.34825171
v -0.04878414 -0.23869361 -0.24505891
v -0.04412026 -0.24286049 -0.24424515
v -0.03916026 -0.24413283 -0.24424515
v -0.04456906 -0.40061326 -0.32462771
v -0.03419101 -0.39897516 -0.32737411
v -0.03042475 -0.40062919 -0.33769846
v -0.02360475 -0.26916588 -0.28636907
v -0.02132371 -0.37720244 -0.34825171
v -0.02674639 -0.23869361 -0.27314574
v -0.02904594 -0.33209839 -0.34759053
v -0.02728311 -0.25440687 -0.28628008
v -0.02908296 -0.40077232 -0.34825171
v -0.02998057 -0.40061326 -0.36371283
v -0.02173088 -0.39264532 -0.34869671
v -0.04916354 -0.23869361 -0.24526235
v -0.04753951 -0.24639120 -0.24744926
v -0.04856667 -0.40061326 -0.32462771
v -0.03943787 -0.40082002 -0.33262530
v -0.03953041 -0.40115403 -0.34825171
v -0.02616804 -0.34633259 -0.34825171
v -0.02481237 -0.39264532 -0.36371283
v -0.02630222 -0.37761595 -0.36387811
v -0.02928654 -0.24273326 -0.28106702
v -0.03384400 -0.23869361 -0.27867667
v -0.03002221 -0.34633259 -0.35792761
v -0.03135475 -0.33804653 -0.35640185
v -0.03953041 -0.40102677 -0.36371283
v -0.03162310 -0.40042243 -0.37154509
v -0.04927921 -0.23869361 -0.24545306
v -0.06337263 -0.38663358 -0.32458958
v -0.05895398 -0.39692352 -0.32891260
v -0.06344203 -0.40061326 -0.33922425
v -0.05428548 -0.40082002 -0.33355348
v -0.05508129 -0.40115403 -0.34825171
v -0.03036460 -0.39264532 -0.37232071
v -0.03003146 -0.38302334 -0.37253685
v -0.03953041 -0.24139732 -0.28214777
v -0.03953041 -0.23869361 -0.27989727
v -0.03060520 -0.26000512 -0.29514223
v -0.03953041 -0.34633259 -0.36204719
v -0.03953041 -0.33629710 -0.35750803
v -0.03953041 -0.32858361 -0.35169741
v -0.04861294 -0.40064509 -0.37190110
v -0.03953041 -0.40062919 -0.37185024
v -0.05430861 -0.40085185 -0.36294994
v -0.03953041 -0.39264532 -0.37412620
v -0.05284189 -0.23869361 -0.25542139
v -0.06550098 -0.39213640 -0.33355348
v -0.05297607 -0.23869361 -0.25582827
v -0.06372890 -0.40075642 -0.34825171
v -0.06859173 -0.39264532 -0.34825171
v -0.06343278 -0.40064509 -0.35726646
v -0.03953041 -0.38049459 -0.37371932
v -0.05039428 -0.33609034 -0.35760975
v -0.04742847 -0.27676804 -0.30963705
v -0.04872399 -0.25984606 -0.29534567
v -0.04925608 -0.24314677 -0.28088904
v -0.05115771 -0.23869361 -0.27217944
v -0.05508129 -0.38148065 -0.37317260
v -0.05898636 -0.39662134 -0.36759081
v -0.06330785 -0.38633140 -0.37181211
v -0.05430861 -0.39194555 -0.37309628
v -0.05155100 -0.23869361 -0.27102239
v -0.05522010 -0.25373890 -0.27089524
v -0.06850382 -0.37721834 -0.34825171
v -0.06541770 -0.37842705 -0.36274650
v -0.06537606 -0.39194555 -0.36294994
v -0.06330785 -0.38435929 -0.37181211
v -0.05538204 -0.34719141 -0.35954239
v -0.06077233 -0.34262692 -0.35354103
v -0.05605294 -0.33058752 -0.34859499
v -0.05133353 -0.31986814 -0.34362353
v -0.06171159 -0.32510060 -0.33762217
v -0.05141682 -0.23869361 -0.27156912
v -0.06396487 -0.33539055 -0.34322938
v -0.06338651 -0.32115638 -0.32731052
v -0.06338651 -0.32115638 -0.32354695
v -0.06316905 -0.35293279 -0.35641458
f 775 776 782
f 775 782 793
f 775 793 808
f 775 808 822
f 775 822 842
f 775 842 858
f 775 858 847
f 775 847 833
f 775 833 831
f 775 831 813
f 775 813 799
f 775 799 785
f 775 785 777
f 775 777 786
f 775 786 787
f 775 787 778
f 775 778 779
f 775 779 780
f 775 780 776
f 776 781 782
f 776 780 783
f 776 783 784
f 776 784 781
f 777 785 786
f 778 787 788
f 778 788 789
f 778 789 779
f 779 789 780
f 780 789 790
f 780 790 783
f 781 791 782
f 781 784 792
f 781 792 791
f 782 791 794
f 782 794 795
f 782 795 793
f 783 790 784
f 784 790 796
f 784 796 797
f 784 797 798
f 784 798 792
f 785 799 800
f 785 800 786
f 786 800 801
f 786 801 787
f 787 801 788
f 788 801 802
f 788 802 790
f 788 790 789
f 790 802 803
f 790 803 796
f 791 792 804
f 791 804 794
f 792 798 805
f 792 805 806
f 792 806 804
f 793 795 807
f 793 807 808
f 794 804 809
f 794 809 810
f 794 810 795
f 795 810 807
f 796 803 811
f 796 811 797
f 797 811 812
f 797 812 805
f 797 805 798
f 799 813 814
f 799 814 800
f 800 814 801
f 801 814 815
f 801 815 816
f 801 816 817
f 801 817 802
f 802 817 818
f 802 818 803
f 803 818 811
f 804 806 809
f 805 812 819
f 805 819 820
f 805 820 806
f 806 820 809
f 807 821 822
f 807 822 808
f 807 810 823
f 807 823 821
f 809 820 810
f 810 820 824
f 810 824 825
f 810 825 826
f 810 826 823
f 811 827 828
f 811 828 812
f 811 818 829
f 811 829 827
f 812 828 830
f 812 830 819
f 813 831 814
f 814 832 816
f 814 816 815
f 814 831 833
f 814 833 832
f 816 834 818
f 816 818 817
f 816 832 835
f 816 835 834
f 818 834 836
f 818 836 829
f 819 830 820
f 820 830 837
f 820 837 824
f 821 823 826
f 821 826 838
f 821 838 839
f 821 839 840
f 821 840 822
f 822 840 841
f 822 841 842
f 824 838 825
f 824 837 843
f 824 843 838
f 825 838 826
f 827 830 828
f 827 829 836
f 827 836 844
f 827 844 845
f 827 845 846
f 827 846 830
f 830 846 843
f 830 843 837
f 832 833 835
f 833 847 848
f 833 848 849
f 833 849 835
f 834 835 836
f 835 849 850
f 835 850 851
f 835 851 836
f 836 851 845
f 836 845 844
f 838 843 852
f 838 852 853
f 838 853 854
f 838 854 855
f 838 855 856
f 838 856 840
f 838 840 839
f 840 856 841
f 841 856 855
f 841 855 857
f 841 857 842
f 842 857 859
f 842 859 858
f 843 846 845
f 843 845 852
f 845 851 852
f 847 858 859
f 847 859 860
f 847 860 848
f 848 860 861
f 848 861 849
f 849 861 860
f 849 860 859
f 849 859 850
f 850 852 851
f 850 859 862
f 850 862 852
f 852 862 854
f 852 854 853
f 854 859 857
f 854 857 855
f 854 862 859

o geometry_5
v 0.24065599 0.10205784 0.17786157
v 0.24065599 0.10202524 0.16239586
v 0.22491373 0.10114487 0.16239586
v 0.22491373 0.10114487 0.16255987
v 0.22510689 0.10114487 0.17786157
v 0.24065599 0.10173178 0.19334367
v 0.25620507 0.10137312 0.19334367
v 0.25620507 0.10153615 0.17786157
v 0.24065599 0.10186221 0.14691375
v 0.25620507 0.10150354 0.16239586
v 0.25620507 0.10140572 0.14691375
v 0.25620507 0.10130790 0.13144804
v 0.25620507 0.10104706 0.10053303
v 0.25620507 0.10046015 0.03863741
v 0.24065599 0.10059056 0.03355324
v 0.22491373 0.10094924 0.14709416
v 0.20946123 0.09915589 0.14689735
v 0.20946123 0.09931893 0.16239586
v 0.22510689 0.10075359 0.19334367
v 0.20946123 0.09922111 0.17786157
v 0.22486544 0.10111227 0.17804198
v 0.24065599 0.10127530 0.20110113
v 0.25620507 0.10098184 0.20110113
v 0.27175416 0.09853637 0.20110113
v 0.27175416 0.09882983 0.19334367
v 0.27175416 0.09896025 0.17786157
v 0.27175416 0.09896025 0.16239586
v 0.27175416 0.09889505 0.14691375
v 0.27175416 0.09876462 0.11599874
v 0.27175416 0.09821031 0.03355324
v 0.26132370 0.09971020 0.03355324
v 0.25620507 0.10039493 0.03355324
v 0.22510689 0.09948196 0.03355324
v 0.20946123 0.09759080 0.03355324
v 0.19898249 0.09612351 0.03355324
v 0.19391214 0.09687345 0.14689735
v 0.19391214 0.09690606 0.16239586
v 0.22491373 0.10072099 0.19350767
v 0.22491373 0.10019928 0.20110113
v 0.20946123 0.09882983 0.19332727
v -0.13875139 0.04206238 0.20110113
v 0.28290893 0.09511272 0.20110113
v 0.28329524 0.09524314 0.19334367
v 0.28353668 0.09537357 0.17786157
v 0.28353668 0.09537357 0.16239586
v 0.28334351 0.09504751 0.03863741
v 0.27556899 0.09716692 0.03355324
v 0.19391214 0.09537357 0.03355324
v 0.18425432 0.09387369 0.03355324
v -0.13875139 0.04206238 0.15358878
v 0.20946123 0.09827552 0.20110113
v -0.13875139 -0.22341757 0.20110113
v 0.29068347 0.09129779 0.20110113
v 0.29102149 0.09152603 0.19334367
v 0.29131122 0.09168906 0.17786157
v 0.29121466 0.09185210 0.10053303
v 0.29131122 0.09172167 0.16239586
v 0.29106978 0.09188470 0.03355324
v 0.28329524 0.09501489 0.03355324
v 0.18174328 0.09344980 0.03355324
v -0.11731104 0.03961691 0.03355324
v -0.12069128 0.03870393 0.03355324
v -0.13290842 0.03531289 0.03355324
v -0.13875139 0.03355215 0.03355324
v -0.07061549 0.05018133 0.03355324
v -0.08172198 0.04796411 0.03355324
v -0.08949652 0.04630118 0.03355324
v -0.10176196 0.04352966 0.03355324
v -0.13875139 -0.22413491 0.18755430
v -0.13290842 -0.22374364 0.20110113
v 0.29623673 0.08741765 0.20110113
v 0.30217629 0.08379836 0.19334367
v 0.30270745 0.08396139 0.17786157
v 0.30290060 0.08432005 0.14691375
v 0.30290060 0.08451570 0.13144804
v 0.30290060 0.08461351 0.11599874
v 0.30290060 0.08464611 0.08506733
v 0.30290060 0.08467873 0.05411951
v 0.30290060 0.08467873 0.03355324
v 0.29498120 0.08950444 0.03355324
v -0.13875139 -0.22729771 0.03355324
v -0.13875139 -0.22550437 0.15660648
v -0.13290842 -0.22550437 0.16239586
v -0.13290842 -0.22413491 0.19332727
v -0.12508559 -0.22406970 0.20110113
v 0.30174168 0.08357011 0.20110113
v 0.30995080 0.07737493 0.19334367
v 0.31048199 0.07792924 0.17786157
v 0.31082002 0.07825529 0.15823013
v 0.31096487 0.07841832 0.14691375
v 0.31115804 0.07858135 0.13144804
v 0.31120633 0.07864657 0.11599874
v 0.31130289 0.07867918 0.03863741
v 0.30565310 0.08272235 0.03355324
v -0.13875139 -0.22729771 0.03673494
v -0.12069128 -0.22811287 0.03355324
v -0.13875139 -0.22602607 0.14110797
v -0.13290842 -0.22605868 0.14689735
v -0.11731104 -0.22589564 0.16239586
v -0.12069128 -0.22537395 0.17449946
v -0.12069128 -0.22475442 0.18999797
v -0.12069128 -0.22433055 0.19939547
v -0.12069128 -0.22423273 0.20110113
v 0.30951619 0.07682062 0.20110113
v 0.31584209 0.06964725 0.19334367
v 0.31661472 0.07020155 0.17786157
v 0.32578964 0.06208261 0.13144804
v 0.32607937 0.06250649 0.11898364
v 0.32627252 0.06273473 0.10870050
v 0.32632081 0.06279994 0.10053303
v 0.32670713 0.06322383 0.03863741
v 0.31907746 0.07095151 0.03355324
v 0.31130289 0.07867918 0.03355324
v -0.12069128 -0.22808027 0.03863741
v -0.13875139 -0.22677602 0.10053303
v -0.10176196 -0.22892803 0.03355324
v -0.13875139 -0.22628692 0.13143165
v -0.12069128 -0.22635214 0.14689735
v -0.12069128 -0.22677602 0.13143165
v -0.07061549 -0.22886281 0.10053303
v -0.10176196 -0.22625432 0.16239586
v -0.10176196 -0.22570001 0.17786157
v -0.10176196 -0.22508049 0.19332727
v -0.10176196 -0.22475442 0.20110113
v -0.11731104 -0.22433055 0.20110113
v 0.31246186 0.07294048 0.20110113
v 0.31535919 0.06909294 0.20110113
v 0.32443755 0.05947411 0.17786157
v 0.32492043 0.06058271 0.16239586
v 0.32535504 0.06136527 0.14691375
v 0.32999079 0.05640912 0.11471950
v 0.33047369 0.05435493 0.13144804
v 0.33129459 0.05500706 0.10053303
v 0.33172920 0.05500706 0.08506733
v 0.33206722 0.05500706 0.06958522
v 0.33235695 0.05500706 0.05411951
v 0.32670713 0.06322383 0.03355324
v 0.33250183 0.05500706 0.03355324
v -0.10176196 -0.22889542 0.03863741
v -0.10176196 -0.22876499 0.05411951
v -0.13875139 -0.22661298 0.11601514
v -0.09128322 -0.22935190 0.03355324
v -0.08616458 -0.22954755 0.03863741
v -0.10176196 -0.22801505 0.10053303
v -0.11731104 -0.22723250 0.11601514
v -0.10176196 -0.22765639 0.11601514
v -0.07061549 -0.22837372 0.11601514
v -0.08616458 -0.22658038 0.16239586
v -0.07061549 -0.22922149 0.08506733
v -0.05501811 -0.22951494 0.08506733
v -0.05501811 -0.22912366 0.10053303
v -0.08616458 -0.22605868 0.17786157
v -0.08616458 -0.22540655 0.19332727
v -0.08616458 -0.22504789 0.20110113
v 0.32342349 0.05595263 0.20110113
v 0.32366492 0.05771338 0.19334367
v 0.32849382 0.05174643 0.17786157
v 0.32921816 0.05285503 0.16239586
v 0.32989421 0.05367019 0.14691375
v 0.33960030 0.04232323 0.06958522
v 0.33902084 0.04043207 0.10053303
v 0.33935886 0.04160589 0.08506733
v 0.33979347 0.04271450 0.05411951
v 0.33979347 0.04294275 0.03863741
v 0.33742731 0.04692070 0.03355324
v -0.08616458 -0.22935190 0.05411951
v -0.10176196 -0.22830851 0.08506733
v -0.08616458 -0.22954755 0.03355324
v -0.07061549 -0.22993881 0.03863741
v -0.07061549 -0.22736293 0.14689735
v -0.07061549 -0.22684123 0.16239586
v -0.07061549 -0.22974318 0.05411951
v -0.03946903 -0.22997143 0.06958522
v -0.02391994 -0.22990621 0.08506733
v -0.02391994 -0.22951494 0.10053303
v -0.07061549 -0.22625432 0.17786157
v -0.07061549 -0.22560220 0.19332727
v -0.07061549 -0.22524352 0.20110113
v 0.32699688 0.04881186 0.20110113
v 0.32752805 0.04998569 0.19334367
v 0.33332272 0.03958430 0.17786157
v 0.33491628 0.03958430 0.16239586
v 0.33626837 0.03958430 0.14691375
v 0.33752390 0.03958430 0.13144804
v 0.34293226 0.03459555 0.06958522
v 0.33911742 0.03811702 0.11494911
v 0.34264253 0.03387821 0.08506733
v 0.34312543 0.03498682 0.05411951
v 0.34327028 0.03521507 0.03863741
v 0.34331857 0.03528028 0.03355324
v 0.34100071 0.04043207 0.03355324
v 0.33979347 0.04297535 0.03355324
v -0.07061549 -0.22993881 0.03355324
v -0.03415723 -0.23055834 0.03355324
v -0.05501811 -0.22755856 0.14689735
v -0.02391994 -0.22840633 0.13143165
v -0.03946903 -0.22710208 0.16239586
v -0.03946903 -0.23019968 0.05411951
v -0.01851157 -0.23055834 0.04837933
v -0.00832257 -0.23081919 0.03863741
v -0.00832257 -0.23003664 0.08506733
v -0.00832257 -0.22964537 0.10053303
v -0.00832257 -0.22909106 0.11601514
v -0.03946903 -0.22648255 0.17786157
v -0.06284095 -0.22530873 0.20110113
v 0.33013567 0.04004079 0.20110113
v 0.33148776 0.03958430 0.19334367
v 0.33728243 0.02412895 0.17786157
v 0.33897257 0.02412895 0.16239586
v 0.34104897 0.02781345 0.13144804
v 0.34153187 0.03022631 0.11937725
v 0.34186990 0.03201966 0.10909411
v 0.34215963 0.03273699 0.10053303
v 0.34611934 0.02412895 0.05411951
v 0.34645736 0.02412895 0.03863741
v 0.34486383 0.02412895 0.08506733
v 0.34558817 0.02412895 0.06958522
v 0.34655394 0.02412895 0.03355324
v -0.00832257 -0.23085181 0.03355324
v -0.02377508 -0.23062355 0.03862100
v -0.02391994 -0.22781942 0.14689735
v -0.00832257 -0.22733033 0.16239586
v 0.00727481 -0.23094962 0.03355324
v 0.00727481 -0.23088439 0.03863741
v 0.00727481 -0.23010185 0.08506733
v 0.02282389 -0.22971058 0.10053303
v 0.00727481 -0.22915627 0.11601514
v 0.00727481 -0.22801505 0.14689735
v -0.02391994 -0.22658038 0.17786157
v -0.02391994 -0.22586304 0.19332727
v -0.02391994 -0.22547177 0.20110113
v 0.33414365 0.02412895 0.20110113
v 0.33539918 0.02412895 0.19334367
v 0.33960030 0.00867360 0.17786157
v 0.34158017 0.01444490 0.15221112
v 0.34206307 0.01780334 0.14189518
v 0.34056610 0.02341161 0.14699576
v 0.34249765 0.02008577 0.13144804
v 0.34283567 0.02471586 0.11494911
v 0.34389803 0.02412895 0.10053303
v 0.34959615 0.00867360 0.03863741
v 0.34974103 0.00867360 0.03355324
v 0.34742313 0.00867360 0.08506733
v 0.34834064 0.00867360 0.06958522
v 0.34901669 0.00867360 0.05411951
v 0.00727481 -0.22739553 0.16239586
v 0.02282389 -0.23098222 0.03355324
v 0.05387378 -0.23098222 0.03863741
v 0.02649386 -0.23052574 0.06231978
v 0.03837298 -0.23068878 0.05411951
v 0.03837298 -0.23039531 0.07053645
v 0.03837298 -0.23010185 0.08506733
v 0.03837298 -0.22971058 0.10053303
v 0.03837298 -0.22915627 0.11601514
v 0.02282389 -0.22860196 0.13143165
v -0.00832257 -0.22664559 0.17786157
v -0.00832257 -0.22589564 0.19332727
v -0.00832257 -0.22550437 0.20110113
v 0.33631666 0.00867360 0.20110113
v 0.33762046 0.00867360 0.19334367
v 0.33916572 -0.00678176 0.19334367
v 0.34109729 -0.00635788 0.17768116
v 0.34167675 -0.00094524 0.16867727
v 0.34220792 0.00417393 0.15836133
v 0.34273911 0.00906487 0.14699576
v 0.34418779 0.00867360 0.13144804
v 0.34529841 0.00867360 0.11599874
v 0.35162431 -0.00678176 0.03863741
v 0.35109311 -0.00166258 0.03355324
v 0.34916157 -0.00678176 0.08506733
v 0.35017563 -0.00678176 0.06958522
v 0.35094826 -0.00678176 0.05411951
v 0.02282389 -0.22736293 0.16239586
v 0.00727481 -0.22667820 0.17786157
v 0.06942287 -0.23098222 0.03355324
v 0.06942287 -0.23098222 0.03863741
v 0.06478711 -0.23052574 0.06261499
v 0.05387378 -0.23006924 0.08506733
v 0.06942287 -0.23000403 0.08506733
v 0.05387378 -0.22964537 0.10053303
v 0.05387378 -0.22909106 0.11601514
v 0.06942287 -0.22716729 0.16239586
v 0.03837298 -0.22729771 0.16239586
v 0.02282389 -0.22550437 0.20110113
v 0.33791019 -0.00678176 0.20110113
v 0.34066269 -0.02331312 0.19206443
v 0.34148358 -0.01887867 0.18271612
v 0.33853797 -0.01444423 0.20110113
v 0.34240109 -0.02331312 0.17768116
v 0.34206307 -0.01124881 0.17240018
v 0.34399462 -0.02217190 0.16239586
v 0.34269082 -0.00635788 0.16306829
v 0.34433264 -0.00678176 0.14691375
v 0.34573302 -0.00678176 0.13144804
v 0.34694026 -0.00678176 0.11599874
v 0.34809921 -0.00678176 0.10053303
v 0.35205889 -0.02217190 0.05411951
v 0.35268667 -0.02217190 0.03863741
v 0.35244520 -0.01711794 0.03355324
v 0.35172087 -0.00678176 0.03355324
v 0.35036878 -0.02217190 0.08506733
v 0.35128629 -0.02217190 0.06958522
v 0.06942287 -0.22651517 0.17786157
v 0.03837298 -0.22661298 0.17786157
v 0.07990160 -0.23091702 0.03355324
v 0.08497195 -0.23088439 0.03863741
v 0.06971260 -0.23065616 0.05538235
v 0.07516926 -0.23049312 0.06140135
v 0.06942287 -0.22954755 0.10053303
v 0.08497195 -0.23046052 0.05976130
v 0.10056933 -0.22977578 0.08506733
v 0.10056933 -0.22928669 0.10053303
v 0.10056933 -0.22869978 0.11601514
v 0.08497195 -0.22706946 0.16239586
v 0.06942287 -0.22778681 0.14689735
v 0.04609923 -0.22543916 0.20110113
v 0.33916572 -0.02269360 0.20110113
v 0.34114556 -0.03762726 0.19578735
v 0.34186990 -0.02918224 0.18604544
v 0.34331857 -0.03762726 0.17786157
v 0.34496039 -0.03762726 0.16239586
v 0.34544329 -0.02217190 0.14691375
v 0.34805091 -0.02217190 0.11599874
v 0.34925812 -0.02217190 0.10053303
v 0.35201062 -0.03762726 0.06958522
v 0.35273493 -0.03762726 0.05411951
v 0.35336271 -0.03762726 0.03863741
v 0.35273493 -0.02217190 0.03355324
v 0.35118970 -0.03762726 0.08506733
v 0.35012734 -0.03762726 0.10053303
v 0.06942287 -0.22534133 0.20110113
v 0.08497195 -0.22638474 0.17786157
v 0.08497195 -0.23088439 0.03355324
v 0.11365567 -0.23059095 0.03355324
v 0.11761537 -0.23046052 0.03981825
v 0.10771611 -0.23049312 0.04575524
v 0.09728567 -0.23055834 0.04921575
v 0.08497195 -0.23062355 0.05203665
v 0.10056933 -0.23010185 0.06958522
v 0.11607013 -0.23023228 0.05411951
v 0.11607013 -0.22990621 0.06958522
v 0.11607013 -0.22954755 0.08506733
v 0.11607013 -0.22905846 0.10053303
v 0.10056933 -0.22749336 0.14689735
v 0.10056933 -0.22687383 0.16239586
v 0.34027634 -0.03762726 0.20110113
v 0.34119385 -0.05308261 0.20110113
v 0.34153187 -0.05308261 0.19890345
v 0.34254594 -0.05308261 0.19117881
v 0.34211136 -0.03762726 0.18806270
v 0.34413950 -0.05308261 0.17786157
v 0.34568473 -0.05308261 0.16239586
v 0.34636077 -0.03762726 0.14691375
v 0.34887181 -0.03762726 0.11599874
v 0.35172087 -0.05308261 0.08506733
v 0.35220377 -0.06844015 0.08506733
v 0.35292811 -0.06844015 0.06958522
v 0.35360415 -0.06844015 0.05411951
v 0.35423190 -0.06844015 0.03863741
v 0.35437678 -0.06844015 0.03355324
v 0.35341101 -0.03762726 0.03355324
v 0.35070680 -0.05308261 0.10053303
v 0.35123799 -0.06844015 0.10053303
v 0.34824406 -0.05308261 0.13144804
v 0.08497195 -0.22560220 0.19332727
v 0.08497195 -0.22514570 0.20110113
v 0.10056933 -0.22615649 0.17786157
v 0.13166750 -0.23026488 0.03355324
v 0.13166750 -0.23023228 0.03863741
v 0.13166750 -0.22990621 0.05411951
v 0.27571384 -0.22530873 0.12682310
v 0.34167675 -0.06289709 0.20110113
v 0.34278741 -0.06791845 0.19455731
v 0.34476725 -0.06844015 0.17786157
v 0.34621592 -0.06844015 0.16239586
v 0.34698855 -0.05308261 0.14691375
v 0.35152772 -0.08386289 0.10053303
v 0.35244520 -0.08386289 0.08506733
v 0.35316954 -0.08386289 0.06958522
v 0.35384559 -0.08386289 0.05411951
v 0.35442507 -0.08386289 0.03863741
v 0.35456992 -0.08386289 0.03355324
v 0.35041707 -0.08386289 0.11599874
v 0.10056933 -0.22527613 0.19332727
v 0.10056933 -0.22478704 0.20110113
v 0.28218459 -0.22530873 0.11599874
v 0.14721659 -0.22971058 0.03355324
v 0.29382226 -0.19919114 0.20110113
v 0.29174583 -0.19987588 0.20110113
v 0.28653061 -0.20147358 0.20110113
v 0.27822488 -0.20349517 0.20110113
v 0.27175416 -0.20502765 0.20110113
v 0.25620507 -0.20770137 0.20110113
v 0.24065599 -0.21014684 0.20110113
v 0.22491373 -0.21259230 0.20110113
v 0.21211711 -0.21448346 0.20110113
v 0.20762624 -0.21513559 0.20110113
v 0.20492204 -0.21552686 0.20110113
v 0.17836306 -0.21901572 0.20110113
v 0.16276568 -0.22071125 0.20110113
v 0.14721659 -0.22211332 0.20110113
v 0.13166750 -0.22331976 0.20110113
v 0.11607013 -0.22420013 0.20110113
v 0.34206307 -0.07212465 0.20110113
v 0.34346345 -0.08386289 0.19334367
v 0.34525015 -0.08386289 0.17786157
v 0.34660224 -0.08386289 0.16239586
v 0.34916157 -0.08386289 0.13144804
v 0.35056195 -0.09931825 0.11599874
v 0.35157602 -0.09931825 0.10053303
v 0.35239691 -0.09931825 0.08506733
v 0.35316954 -0.09931825 0.06958522
v 0.35389388 -0.09931825 0.05411951
v 0.35442507 -0.09931825 0.03863741
v 0.35452163 -0.09423167 0.03355324
v 0.34819576 -0.09931825 0.14691375
v 0.34945130 -0.09931825 0.13144804
v 0.32115389 -0.19593052 0.03355324
v 0.32105730 -0.19586531 0.03863741
v 0.32067099 -0.19553925 0.05411951
v 0.32979765 -0.18784417 0.05411951
v 0.32936304 -0.18738769 0.06958522
v 0.32888014 -0.18689860 0.08506733
v 0.32834897 -0.18637689 0.10053303
v 0.32781778 -0.18578998 0.11599874
v 0.32709344 -0.18507264 0.13144804
v 0.32651395 -0.18448573 0.14138677
v 0.31622838 -0.18869194 0.17786157
v 0.31477973 -0.18761592 0.19334367
v 0.31381395 -0.18689860 0.20110113
v 0.30227284 -0.19446324 0.20110113
v 0.29657476 -0.19765865 0.20110113
v 0.28083250 -0.22530873 0.10806088
v 0.31337935 -0.20127795 0.03355324
v 0.15764702 -0.22912366 0.03355324
v 0.27711425 -0.22530873 0.10210749
v 0.34240109 -0.08386289 0.20110113
v 0.34259423 -0.09553593 0.20110113
v 0.34365659 -0.09931825 0.19334367
v 0.34534671 -0.09931825 0.17786157
v 0.34689197 -0.09931825 0.16239586
v 0.35056195 -0.11474100 0.11599874
v 0.35147943 -0.11474100 0.10053303
v 0.35225206 -0.11474100 0.08506733
v 0.35370074 -0.11474100 0.05411951
v 0.35418361 -0.11474100 0.03863741
v 0.35432849 -0.11474100 0.03355324
v 0.34824406 -0.11474100 0.14691375
v 0.34945130 -0.11474100 0.13144804
v 0.33028052 -0.18820285 0.03355324
v 0.33018394 -0.18813763 0.03863741
v 0.33800677 -0.17871443 0.03863741
v 0.33757216 -0.17822533 0.05411951
v 0.33713755 -0.17757321 0.06958522
v 0.33588205 -0.17649720 0.10053303
v 0.33481969 -0.17649720 0.11599874
v 0.33351589 -0.17649720 0.13144804
v 0.32583791 -0.18376840 0.15170271
v 0.33095657 -0.17776884 0.14668414
v 0.33100486 -0.17529077 0.16239586
v 0.32511360 -0.18301846 0.16239586
v 0.32400295 -0.18171421 0.17786157
v 0.32255427 -0.17995346 0.19334367
v 0.31772537 -0.18305106 0.20110113
v 0.28735151 -0.21092938 0.03355324
v 0.29778197 -0.20760356 0.03355324
v 0.30290060 -0.20590803 0.03355324
v 0.30990254 -0.20284304 0.03355324
v 0.16276568 -0.22883021 0.03355324
v 0.22510689 -0.22224375 0.03355324
v 0.24065599 -0.21996131 0.03355324
v 0.25620507 -0.21741803 0.03355324
v 0.26649065 -0.21559208 0.03355324
v 0.26904995 -0.21510299 0.03355324
v 0.27426517 -0.21399437 0.03355324
v 0.28334351 -0.21190757 0.03355324
v 0.17836306 -0.22755856 0.03355324
v 0.19391214 -0.22592826 0.03355324
v 0.20946123 -0.22416751 0.03355324
v 0.34259423 -0.09931825 0.20110113
v 0.34336686 -0.11474100 0.19334367
v 0.34525015 -0.11474100 0.17786157
v 0.34684367 -0.11474100 0.16239586
v 0.34892010 -0.13019636 0.13144804
v 0.34993417 -0.13019636 0.11599874
v 0.35162431 -0.13019636 0.08506733
v 0.35080339 -0.13019636 0.10053303
v 0.35234865 -0.13019636 0.06958522
v 0.35297640 -0.13019636 0.05411951
v 0.35345927 -0.13019636 0.03863741
v 0.35355586 -0.13019636 0.03355324
v 0.34766460 -0.13019636 0.14691375
v 0.33805506 -0.17881226 0.03355324
v 0.34312543 -0.17101935 0.03863741
v 0.34283567 -0.17049765 0.05411951
v 0.34244938 -0.16984553 0.06958522
v 0.34177331 -0.16870431 0.09226716
v 0.34104897 -0.16700879 0.11599874
v 0.34046951 -0.16580236 0.13144804
v 0.32999079 -0.17401913 0.17786157
v 0.32863867 -0.17222578 0.19334367
v 0.32786607 -0.17108458 0.20110113
v 0.32545162 -0.17411695 0.20110113
v 0.32216796 -0.17809490 0.20110113
v 0.34230450 -0.11474100 0.20110113
v 0.34191819 -0.12276214 0.20110113
v 0.34259423 -0.12898992 0.19339288
v 0.34452581 -0.13019636 0.17786157
v 0.34621592 -0.13019636 0.16239586
v 0.34694026 -0.14565171 0.13144804
v 0.34790603 -0.14565171 0.11599874
v 0.34959615 -0.14565171 0.08506733
v 0.35041707 -0.14565171 0.06958522
v 0.35109311 -0.14565171 0.05411951
v 0.35152772 -0.14565171 0.03863741
v 0.35162431 -0.14565171 0.03355324
v 0.34568473 -0.14565171 0.14691375
v 0.34148358 -0.17362785 0.03355324
v 0.34312543 -0.17108458 0.03355324
v 0.34457410 -0.16775874 0.03355324
v 0.34737487 -0.16104185 0.03355324
v 0.34727828 -0.16104185 0.03863741
v 0.34679538 -0.16104185 0.05411951
v 0.34597449 -0.16104185 0.06958522
v 0.34447752 -0.16257435 0.08629737
v 0.34413950 -0.15928112 0.11599874
v 0.34365659 -0.15807468 0.13144804
v 0.33969688 -0.16400901 0.14691375
v 0.34298055 -0.15631395 0.14691375
v 0.33713755 -0.16104185 0.17786157
v 0.33467481 -0.16104185 0.19334367
v 0.33023223 -0.16668273 0.20110113
v 0.34182160 -0.12422941 0.20110113
v 0.34143529 -0.13335915 0.19857545
v 0.34220792 -0.13978258 0.18825951
v 0.34288396 -0.14288018 0.17786157
v 0.34877525 -0.15598789 0.03355324
v 0.34365659 -0.14692336 0.16346189
v 0.34172505 -0.15295549 0.16934969
v 0.34230450 -0.15458581 0.15903375
v 0.33935886 -0.16025931 0.16346189
v 0.33279156 -0.16175919 0.20110113
v 0.34119385 -0.15060785 0.17786157
v 0.34022808 -0.14522782 0.19339288
v 0.33868282 -0.14542346 0.20110113
v 0.34109729 -0.13215273 0.20110113
v 0.34037293 -0.13632632 0.20110113
f 863 864 865
f 863 865 866
f 863 866 867
f 863 867 868
f 863 868 869
f 863 869 870
f 863 870 872
f 863 872 864
f 864 871 865
f 864 872 873
f 864 873 874
f 864 874 875
f 864 875 876
f 864 876 871
f 865 877 878
f 865 878 879
f 865 879 880
f 865 880 866
f 865 871 877
f 866 880 867
f 867 881 868
f 867 880 882
f 867 882 883
f 867 883 881
f 868 881 884
f 868 884 885
f 868 885 869
f 869 885 886
f 869 886 887
f 869 887 870
f 870 887 888
f 870 888 889
f 870 889 872
f 871 876 877
f 872 889 890
f 872 890 891
f 872 891 873
f 873 891 874
f 874 891 892
f 874 892 875
f 875 892 893
f 875 893 876
f 876 893 894
f 876 894 877
f 877 895 878
f 877 894 893
f 877 893 892
f 877 892 909
f 877 909 921
f 877 921 920
f 877 920 942
f 877 942 941
f 877 941 956
f 877 956 975
f 877 975 974
f 877 974 999
f 877 999 1000
f 877 1000 1027
f 877 1027 1054
f 877 1054 1053
f 877 1053 1052
f 877 1052 1080
f 877 1080 1104
f 877 1104 1131
f 877 1131 1162
f 877 1162 1161
f 877 1161 1190
f 877 1190 1223
f 877 1223 1222
f 877 1222 1244
f 877 1244 1277
f 877 1277 1309
f 877 1309 1353
f 877 1353 1378
f 877 1378 1399
f 877 1399 1383
f 877 1383 1382
f 877 1382 1381
f 877 1381 1380
f 877 1380 1355
f 877 1355 1312
f 877 1312 1280
f 877 1280 1296
f 877 1296 1330
f 877 1330 1329
f 877 1329 1328
f 877 1328 1327
f 877 1327 1338
f 877 1338 1337
f 877 1337 1336
f 877 1336 1335
f 877 1335 1334
f 877 1334 1333
f 877 1333 1332
f 877 1332 1341
f 877 1341 1340
f 877 1340 1339
f 877 1339 1331
f 877 1331 1297
f 877 1297 1249
f 877 1249 1230
f 877 1230 1196
f 877 1196 1195
f 877 1195 1167
f 877 1167 1137
f 877 1137 1109
f 877 1109 1085
f 877 1085 1081
f 877 1081 1056
f 877 1056 1055
f 877 1055 1030
f 877 1030 1004
f 877 1004 978
f 877 978 958
f 877 958 943
f 877 943 926
f 877 926 925
f 877 925 924
f 877 924 923
f 877 923 930
f 877 930 929
f 877 929 928
f 877 928 927
f 877 927 922
f 877 922 911
f 877 911 910
f 877 910 897
f 877 897 896
f 877 896 895
f 878 895 879
f 879 896 897
f 879 897 898
f 879 898 880
f 879 895 896
f 880 898 899
f 880 899 882
f 881 900 901
f 881 901 884
f 881 883 902
f 881 902 900
f 882 899 903
f 882 903 902
f 882 902 883
f 884 901 913
f 884 913 903
f 884 903 914
f 884 914 932
f 884 932 947
f 884 947 965
f 884 965 987
f 884 987 986
f 884 986 1016
f 884 1016 1040
f 884 1040 1067
f 884 1067 1093
f 884 1093 1120
f 884 1120 1146
f 884 1146 1178
f 884 1178 1193
f 884 1193 1228
f 884 1228 1247
f 884 1247 1265
f 884 1265 1264
f 884 1264 1263
f 884 1263 1262
f 884 1262 1261
f 884 1261 1260
f 884 1260 1259
f 884 1259 1258
f 884 1258 1257
f 884 1257 1256
f 884 1256 1255
f 884 1255 1254
f 884 1254 1253
f 884 1253 1252
f 884 1252 1251
f 884 1251 1250
f 884 1250 1294
f 884 1294 1293
f 884 1293 1292
f 884 1292 1326
f 884 1326 1366
f 884 1366 1365
f 884 1365 1364
f 884 1364 1394
f 884 1394 1404
f 884 1404 1407
f 884 1407 1409
f 884 1409 1408
f 884 1408 1395
f 884 1395 1368
f 884 1368 1367
f 884 1367 1342
f 884 1342 1300
f 884 1300 1299
f 884 1299 1266
f 884 1266 1234
f 884 1234 1209
f 884 1209 1208
f 884 1208 1179
f 884 1179 1150
f 884 1150 1147
f 884 1147 1121
f 884 1121 1094
f 884 1094 1068
f 884 1068 1041
f 884 1041 1017
f 884 1017 989
f 884 989 988
f 884 988 966
f 884 966 948
f 884 948 933
f 884 933 915
f 884 915 904
f 884 904 886
f 884 886 885
f 886 904 887
f 887 904 905
f 887 905 906
f 887 906 888
f 888 906 907
f 888 907 889
f 889 907 908
f 889 908 890
f 890 908 891
f 891 908 909
f 891 909 892
f 897 910 898
f 898 910 911
f 898 911 912
f 898 912 899
f 899 912 903
f 900 902 901
f 901 902 913
f 902 903 913
f 903 912 926
f 903 926 943
f 903 943 957
f 903 957 977
f 903 977 1003
f 903 1003 979
f 903 979 959
f 903 959 944
f 903 944 931
f 903 931 914
f 904 915 916
f 904 916 905
f 905 916 917
f 905 917 906
f 906 918 907
f 906 917 919
f 906 919 918
f 907 918 920
f 907 920 908
f 908 921 909
f 908 920 921
f 911 922 912
f 912 923 924
f 912 924 925
f 912 925 926
f 912 922 927
f 912 927 928
f 912 928 929
f 912 929 930
f 912 930 923
f 914 931 932
f 915 933 934
f 915 934 916
f 916 934 935
f 916 935 917
f 917 935 936
f 917 936 937
f 917 937 938
f 917 938 919
f 918 919 938
f 918 938 939
f 918 939 940
f 918 940 941
f 918 941 942
f 918 942 920
f 931 944 945
f 931 945 946
f 931 946 932
f 932 946 947
f 933 948 934
f 934 948 949
f 934 949 950
f 934 950 935
f 935 950 951
f 935 951 952
f 935 952 953
f 935 953 936
f 936 953 937
f 937 953 954
f 937 954 938
f 938 954 955
f 938 955 939
f 939 955 940
f 940 955 956
f 940 956 941
f 943 958 957
f 944 959 960
f 944 960 945
f 945 960 961
f 945 961 962
f 945 962 963
f 945 963 946
f 946 963 964
f 946 964 947
f 947 964 965
f 948 966 949
f 949 967 968
f 949 968 950
f 949 966 967
f 950 968 969
f 950 969 970
f 950 970 971
f 950 971 951
f 951 971 952
f 952 971 953
f 953 971 972
f 953 972 973
f 953 973 954
f 954 973 974
f 954 974 955
f 955 975 956
f 955 974 975
f 957 958 976
f 957 976 977
f 958 978 1001
f 958 1001 976
f 959 979 960
f 960 980 961
f 960 979 981
f 960 981 982
f 960 982 980
f 961 980 983
f 961 983 984
f 961 984 962
f 962 984 963
f 963 984 985
f 963 985 986
f 963 986 964
f 964 987 965
f 964 986 987
f 966 988 967
f 967 988 989
f 967 989 990
f 967 990 991
f 967 991 968
f 968 991 992
f 968 992 969
f 969 993 970
f 969 992 994
f 969 994 993
f 970 993 971
f 971 993 995
f 971 995 996
f 971 996 997
f 971 997 998
f 971 998 972
f 972 998 973
f 973 999 974
f 973 998 1000
f 973 1000 999
f 976 1001 1002
f 976 1002 977
f 977 1002 1003
f 978 1004 1005
f 978 1005 1001
f 979 1003 1006
f 979 1006 1007
f 979 1007 1008
f 979 1008 981
f 980 982 1009
f 980 1009 1010
f 980 1010 983
f 981 1008 982
f 982 1011 1012
f 982 1012 1013
f 982 1013 1009
f 982 1008 1011
f 983 1010 1014
f 983 1014 984
f 984 1014 985
f 985 1014 986
f 986 1014 1015
f 986 1015 1016
f 989 1017 1018
f 989 1018 990
f 990 1018 1019
f 990 1019 1020
f 990 1020 1021
f 990 1021 991
f 991 1021 994
f 991 994 992
f 993 994 1022
f 993 1022 995
f 994 1023 1024
f 994 1024 1022
f 994 1021 1023
f 995 1022 996
f 996 1022 1025
f 996 1025 997
f 997 1025 998
f 998 1025 1026
f 998 1026 1027
f 998 1027 1000
f 1001 1005 1002
f 1002 1005 1003
f 1003 1005 1028
f 1003 1028 1029
f 1003 1029 1006
f 1004 1030 1005
f 1005 1030 1055
f 1005 1055 1031
f 1005 1031 1034
f 1005 1034 1028
f 1006 1029 1011
f 1006 1011 1008
f 1006 1008 1007
f 1009 1013 1032
f 1009 1032 1010
f 1010 1032 1033
f 1010 1033 1014
f 1011 1034 1012
f 1011 1029 1028
f 1011 1028 1034
f 1012 1035 1036
f 1012 1036 1037
f 1012 1037 1013
f 1012 1034 1035
f 1013 1037 1033
f 1013 1033 1032
f 1014 1033 1038
f 1014 1038 1039
f 1014 1039 1015
f 1015 1039 1040
f 1015 1040 1016
f 1017 1041 1018
f 1018 1041 1042
f 1018 1042 1019
f 1019 1042 1043
f 1019 1043 1044
f 1019 1044 1045
f 1019 1045 1046
f 1019 1046 1020
f 1020 1046 1021
f 1021 1046 1023
f 1022 1024 1047
f 1022 1047 1050
f 1022 1050 1025
f 1023 1046 1048
f 1023 1048 1049
f 1023 1049 1024
f 1024 1049 1047
f 1025 1050 1051
f 1025 1051 1052
f 1025 1052 1053
f 1025 1053 1026
f 1026 1053 1054
f 1026 1054 1027
f 1031 1055 1056
f 1031 1056 1034
f 1033 1037 1057
f 1033 1057 1058
f 1033 1058 1059
f 1033 1059 1038
f 1034 1056 1060
f 1034 1060 1035
f 1035 1060 1061
f 1035 1061 1036
f 1036 1061 1062
f 1036 1062 1063
f 1036 1063 1064
f 1036 1064 1037
f 1037 1058 1057
f 1037 1064 1065
f 1037 1065 1058
f 1038 1059 1084
f 1038 1084 1066
f 1038 1066 1039
f 1039 1066 1067
f 1039 1067 1040
f 1041 1068 1069
f 1041 1069 1042
f 1042 1069 1043
f 1043 1069 1070
f 1043 1070 1071
f 1043 1071 1044
f 1044 1071 1072
f 1044 1072 1073
f 1044 1073 1045
f 1045 1073 1074
f 1045 1074 1046
f 1046 1074 1075
f 1046 1075 1049
f 1046 1049 1048
f 1047 1049 1076
f 1047 1076 1077
f 1047 1077 1050
f 1049 1075 1078
f 1049 1078 1079
f 1049 1079 1076
f 1050 1077 1080
f 1050 1080 1051
f 1051 1080 1052
f 1056 1081 1062
f 1056 1062 1082
f 1056 1082 1061
f 1056 1061 1060
f 1058 1083 1059
f 1058 1065 1083
f 1059 1083 1084
f 1061 1082 1062
f 1062 1081 1085
f 1062 1085 1086
f 1062 1086 1087
f 1062 1087 1063
f 1063 1087 1064
f 1064 1087 1088
f 1064 1088 1089
f 1064 1089 1065
f 1065 1089 1090
f 1065 1090 1084
f 1065 1084 1083
f 1066 1091 1067
f 1066 1084 1091
f 1067 1091 1092
f 1067 1092 1093
f 1068 1094 1095
f 1068 1095 1069
f 1069 1095 1070
f 1070 1095 1096
f 1070 1096 1097
f 1070 1097 1071
f 1071 1097 1098
f 1071 1098 1099
f 1071 1099 1072
f 1072 1099 1098
f 1072 1098 1100
f 1072 1100 1073
f 1073 1100 1101
f 1073 1101 1102
f 1073 1102 1074
f 1074 1102 1078
f 1074 1078 1075
f 1076 1079 1103
f 1076 1103 1104
f 1076 1104 1077
f 1077 1104 1080
f 1078 1105 1106
f 1078 1106 1079
f 1078 1102 1105
f 1079 1106 1107
f 1079 1107 1103
f 1084 1090 1108
f 1084 1108 1118
f 1084 1118 1091
f 1085 1109 1110
f 1085 1110 1086
f 1086 1110 1111
f 1086 1111 1087
f 1087 1111 1112
f 1087 1112 1113
f 1087 1113 1114
f 1087 1114 1115
f 1087 1115 1088
f 1088 1115 1116
f 1088 1116 1089
f 1089 1116 1117
f 1089 1117 1090
f 1090 1117 1108
f 1091 1118 1092
f 1092 1118 1136
f 1092 1136 1119
f 1092 1119 1120
f 1092 1120 1093
f 1094 1121 1122
f 1094 1122 1095
f 1095 1122 1096
f 1096 1122 1123
f 1096 1123 1124
f 1096 1124 1125
f 1096 1125 1126
f 1096 1126 1097
f 1097 1126 1127
f 1097 1127 1128
f 1097 1128 1098
f 1098 1128 1100
f 1100 1128 1129
f 1100 1129 1105
f 1100 1105 1102
f 1100 1102 1101
f 1103 1107 1130
f 1103 1130 1104
f 1104 1130 1131
f 1105 1129 1158
f 1105 1158 1132
f 1105 1132 1133
f 1105 1133 1106
f 1106 1133 1134
f 1106 1134 1107
f 1107 1134 1130
f 1108 1117 1135
f 1108 1135 1166
f 1108 1166 1136
f 1108 1136 1118
f 1109 1137 1138
f 1109 1138 1110
f 1110 1138 1113
f 1110 1113 1112
f 1110 1112 1111
f 1113 1138 1139
f 1113 1139 1114
f 1114 1139 1140
f 1114 1140 1115
f 1115 1140 1141
f 1115 1141 1142
f 1115 1142 1143
f 1115 1143 1116
f 1116 1143 1144
f 1116 1144 1145
f 1116 1145 1135
f 1116 1135 1117
f 1119 1136 1120
f 1120 1136 1146
f 1121 1147 1122
f 1122 1147 1123
f 1123 1148 1149
f 1123 1149 1124
f 1123 1147 1150
f 1123 1150 1148
f 1124 1149 1151
f 1124 1151 1152
f 1124 1152 1125
f 1125 1152 1153
f 1125 1153 1154
f 1125 1154 1155
f 1125 1155 1126
f 1126 1155 1156
f 1126 1156 1128
f 1126 1128 1127
f 1128 1156 1157
f 1128 1157 1158
f 1128 1158 1129
f 1130 1134 1159
f 1130 1159 1160
f 1130 1160 1161
f 1130 1161 1162
f 1130 1162 1131
f 1132 1158 1163
f 1132 1163 1133
f 1133 1163 1164
f 1133 1164 1159
f 1133 1159 1134
f 1135 1145 1165
f 1135 1165 1166
f 1136 1166 1146
f 1137 1167 1138
f 1138 1167 1168
f 1138 1168 1169
f 1138 1169 1139
f 1139 1169 1170
f 1139 1170 1141
f 1139 1141 1140
f 1141 1171 1142
f 1141 1170 1172
f 1141 1172 1173
f 1141 1173 1171
f 1142 1171 1143
f 1143 1171 1174
f 1143 1174 1175
f 1143 1175 1176
f 1143 1176 1177
f 1143 1177 1144
f 1144 1165 1145
f 1144 1177 1176
f 1144 1176 1165
f 1146 1166 1178
f 1148 1150 1179
f 1148 1179 1180
f 1148 1180 1181
f 1148 1181 1149
f 1149 1181 1151
f 1151 1182 1153
f 1151 1153 1152
f 1151 1181 1182
f 1153 1182 1183
f 1153 1183 1184
f 1153 1184 1155
f 1153 1155 1154
f 1155 1184 1156
f 1156 1184 1185
f 1156 1185 1157
f 1157 1185 1186
f 1157 1186 1158
f 1158 1186 1163
f 1159 1187 1188
f 1159 1188 1189
f 1159 1189 1160
f 1159 1164 1187
f 1160 1189 1223
f 1160 1223 1190
f 1160 1190 1161
f 1163 1191 1164
f 1163 1186 1192
f 1163 1192 1191
f 1164 1191 1187
f 1165 1193 1178
f 1165 1178 1166
f 1165 1176 1194
f 1165 1194 1193
f 1167 1195 1168
f 1168 1195 1196
f 1168 1196 1197
f 1168 1197 1198
f 1168 1198 1199
f 1168 1199 1200
f 1168 1200 1169
f 1169 1200 1170
f 1170 1200 1172
f 1171 1173 1174
f 1172 1200 1173
f 1173 1200 1201
f 1173 1201 1202
f 1173 1202 1203
f 1173 1203 1204
f 1173 1204 1205
f 1173 1205 1174
f 1174 1205 1175
f 1175 1205 1206
f 1175 1206 1176
f 1176 1206 1207
f 1176 1207 1194
f 1179 1208 1180
f 1180 1209 1210
f 1180 1210 1211
f 1180 1211 1212
f 1180 1212 1181
f 1180 1208 1209
f 1181 1212 1182
f 1182 1212 1213
f 1182 1213 1183
f 1183 1213 1214
f 1183 1214 1215
f 1183 1215 1184
f 1184 1215 1185
f 1185 1215 1216
f 1185 1216 1192
f 1185 1192 1186
f 1187 1217 1218
f 1187 1218 1188
f 1187 1191 1217
f 1188 1218 1219
f 1188 1219 1220
f 1188 1220 1221
f 1188 1221 1189
f 1189 1221 1222
f 1189 1222 1223
f 1191 1192 1224
f 1191 1224 1225
f 1191 1225 1217
f 1192 1216 1238
f 1192 1238 1226
f 1192 1226 1224
f 1193 1194 1227
f 1193 1227 1228
f 1194 1207 1229
f 1194 1229 1227
f 1196 1230 1231
f 1196 1231 1197
f 1197 1231 1202
f 1197 1202 1198
f 1198 1202 1199
f 1199 1201 1200
f 1199 1202 1201
f 1202 1231 1232
f 1202 1232 1203
f 1203 1232 1233
f 1203 1233 1204
f 1204 1233 1205
f 1205 1233 1206
f 1206 1233 1207
f 1207 1233 1229
f 1209 1234 1210
f 1210 1234 1235
f 1210 1235 1211
f 1211 1235 1213
f 1211 1213 1212
f 1213 1236 1214
f 1213 1235 1236
f 1214 1236 1237
f 1214 1237 1238
f 1214 1238 1215
f 1215 1238 1216
f 1217 1225 1218
f 1218 1225 1239
f 1218 1239 1240
f 1218 1240 1241
f 1218 1241 1219
f 1219 1241 1242
f 1219 1242 1220
f 1220 1242 1221
f 1221 1243 1244
f 1221 1244 1222
f 1221 1242 1243
f 1224 1226 1225
f 1225 1245 1239
f 1225 1226 1238
f 1225 1238 1237
f 1225 1237 1245
f 1227 1229 1246
f 1227 1246 1228
f 1228 1246 1247
f 1229 1233 1246
f 1230 1248 1231
f 1230 1249 1248
f 1231 1248 1233
f 1231 1233 1232
f 1233 1248 1250
f 1233 1250 1251
f 1233 1251 1252
f 1233 1252 1253
f 1233 1253 1254
f 1233 1254 1255
f 1233 1255 1256
f 1233 1256 1257
f 1233 1257 1258
f 1233 1258 1259
f 1233 1259 1260
f 1233 1260 1261
f 1233 1261 1262
f 1233 1262 1263
f 1233 1263 1264
f 1233 1264 1265
f 1233 1265 1247
f 1233 1247 1246
f 1234 1266 1235
f 1235 1266 1267
f 1235 1267 1236
f 1236 1267 1268
f 1236 1268 1237
f 1237 1269 1270
f 1237 1270 1245
f 1237 1268 1269
f 1239 1245 1271
f 1239 1271 1272
f 1239 1272 1240
f 1240 1272 1273
f 1240 1273 1274
f 1240 1274 1275
f 1240 1275 1241
f 1241 1275 1242
f 1242 1275 1243
f 1243 1275 1276
f 1243 1276 1244
f 1244 1276 1277
f 1245 1270 1278
f 1245 1278 1279
f 1245 1279 1271
f 1248 1280 1281
f 1248 1281 1282
f 1248 1282 1283
f 1248 1283 1284
f 1248 1284 1285
f 1248 1285 1286
f 1248 1286 1287
f 1248 1287 1288
f 1248 1288 1289
f 1248 1289 1290
f 1248 1290 1291
f 1248 1291 1292
f 1248 1292 1293
f 1248 1293 1294
f 1248 1294 1250
f 1248 1249 1295
f 1248 1295 1296
f 1248 1296 1280
f 1249 1297 1298
f 1249 1298 1295
f 1266 1299 1267
f 1267 1299 1300
f 1267 1300 1301
f 1267 1301 1268
f 1268 1301 1302
f 1268 1302 1303
f 1268 1303 1269
f 1269 1303 1278
f 1269 1278 1270
f 1271 1279 1311
f 1271 1311 1304
f 1271 1304 1272
f 1272 1304 1305
f 1272 1305 1273
f 1273 1305 1306
f 1273 1306 1274
f 1274 1306 1275
f 1275 1306 1307
f 1275 1307 1276
f 1276 1308 1309
f 1276 1309 1277
f 1276 1307 1308
f 1278 1310 1279
f 1278 1303 1310
f 1279 1310 1311
f 1280 1312 1313
f 1280 1313 1281
f 1281 1313 1283
f 1281 1283 1282
f 1283 1313 1314
f 1283 1314 1284
f 1284 1314 1315
f 1284 1315 1285
f 1285 1315 1286
f 1286 1315 1316
f 1286 1316 1287
f 1287 1316 1317
f 1287 1317 1318
f 1287 1318 1288
f 1288 1318 1319
f 1288 1319 1289
f 1289 1320 1290
f 1289 1319 1321
f 1289 1321 1322
f 1289 1322 1320
f 1290 1320 1323
f 1290 1323 1324
f 1290 1324 1291
f 1291 1324 1325
f 1291 1325 1326
f 1291 1326 1292
f 1295 1298 1327
f 1295 1327 1328
f 1295 1328 1329
f 1295 1329 1330
f 1295 1330 1296
f 1297 1331 1298
f 1298 1332 1333
f 1298 1333 1334
f 1298 1334 1335
f 1298 1335 1336
f 1298 1336 1337
f 1298 1337 1338
f 1298 1338 1327
f 1298 1331 1339
f 1298 1339 1340
f 1298 1340 1341
f 1298 1341 1332
f 1300 1342 1301
f 1301 1342 1367
f 1301 1367 1343
f 1301 1343 1344
f 1301 1344 1302
f 1302 1344 1345
f 1302 1345 1303
f 1303 1345 1310
f 1304 1311 1346
f 1304 1346 1347
f 1304 1347 1305
f 1305 1348 1306
f 1305 1347 1349
f 1305 1349 1348
f 1306 1348 1307
f 1307 1348 1350
f 1307 1350 1351
f 1307 1351 1352
f 1307 1352 1308
f 1308 1352 1309
f 1309 1352 1353
f 1310 1346 1311
f 1310 1345 1354
f 1310 1354 1346
f 1312 1355 1314
f 1312 1314 1313
f 1314 1355 1356
f 1314 1356 1357
f 1314 1357 1315
f 1315 1357 1358
f 1315 1358 1316
f 1316 1358 1359
f 1316 1359 1317
f 1317 1359 1318
f 1318 1359 1360
f 1318 1360 1319
f 1319 1360 1361
f 1319 1361 1322
f 1319 1322 1321
f 1320 1322 1323
f 1322 1361 1362
f 1322 1362 1323
f 1323 1362 1324
f 1324 1362 1363
f 1324 1363 1325
f 1325 1363 1364
f 1325 1364 1365
f 1325 1365 1366
f 1325 1366 1326
f 1343 1367 1368
f 1343 1368 1369
f 1343 1369 1370
f 1343 1370 1344
f 1344 1370 1371
f 1344 1371 1345
f 1345 1371 1354
f 1346 1354 1379
f 1346 1379 1372
f 1346 1372 1347
f 1347 1372 1373
f 1347 1373 1349
f 1348 1349 1374
f 1348 1374 1375
f 1348 1375 1350
f 1349 1373 1374
f 1350 1375 1376
f 1350 1376 1351
f 1351 1376 1352
f 1352 1376 1377
f 1352 1377 1378
f 1352 1378 1353
f 1354 1371 1379
f 1355 1380 1356
f 1356 1380 1381
f 1356 1381 1382
f 1356 1382 1383
f 1356 1383 1384
f 1356 1384 1385
f 1356 1385 1357
f 1357 1385 1358
f 1358 1385 1359
f 1359 1385 1386
f 1359 1386 1387
f 1359 1387 1388
f 1359 1388 1360
f 1360 1388 1389
f 1360 1389 1361
f 1361 1390 1362
f 1361 1389 1391
f 1361 1391 1390
f 1362 1390 1392
f 1362 1392 1363
f 1363 1392 1393
f 1363 1393 1364
f 1364 1393 1394
f 1368 1395 1369
f 1369 1395 1396
f 1369 1396 1397
f 1369 1397 1370
f 1370 1397 1371
f 1371 1397 1398
f 1371 1398 1379
f 1372 1379 1391
f 1372 1391 1389
f 1372 1389 1373
f 1373 1389 1374
f 1374 1389 1388
f 1374 1388 1375
f 1375 1388 1385
f 1375 1385 1376
f 1376 1385 1384
f 1376 1384 1377
f 1377 1384 1399
f 1377 1399 1378
f 1379 1398 1400
f 1379 1400 1401
f 1379 1401 1402
f 1379 1402 1391
f 1383 1399 1384
f 1385 1388 1386
f 1386 1388 1387
f 1390 1403 1392
f 1390 1391 1402
f 1390 1402 1403
f 1392 1403 1401
f 1392 1401 1393
f 1393 1404 1394
f 1393 1401 1405
f 1393 1405 1406
f 1393 1406 1407
f 1393 1407 1404
f 1395 1408 1396
f 1396 1408 1409
f 1396 1409 1407
f 1396 1407 1406
f 1396 1406 1397
f 1397 1406 1405
f 1397 1405 1398
f 1398 1405 1401
f 1398 1401 1400
f 1401 1403 1402

o geometry_6
v -0.02173019 0.05624111 0.03353684
v -0.02173019 0.05630000 -0.11611490
v -0.09764536 0.05671226 -0.24423245
v -0.10005269 0.05671226 -0.24159505
v -0.05509545 0.05256023 0.03353684
v -0.02173019 -0.23069116 0.03353684
v -0.02173019 0.05630000 -0.14705670
v -0.10005269 0.05671226 -0.24423245
v -0.02173019 0.05550494 -0.16255480
v -0.02173019 0.05529881 -0.16475715
v -0.02173019 0.05388535 -0.17802569
v -0.02173019 0.05364978 -0.18022804
v -0.02173019 0.05191240 -0.19349658
v -0.02173019 0.05161792 -0.19569895
v -0.02173019 0.04955663 -0.20953847
v -0.02173019 0.04905602 -0.21277404
v -0.02173019 0.04837875 -0.21698844
v -0.02173019 0.04746589 -0.22242637
v -0.02173019 0.04658248 -0.22723892
v -0.02173019 0.04251877 -0.23988212
v -0.02173019 0.04007467 -0.24423245
v -0.08176006 0.04799593 0.03353684
v -0.07812607 0.04873212 0.03353684
v -0.07065109 0.05020446 0.03353684
v -0.06554510 0.05099954 0.03353684
v -0.10005269 0.04396168 0.03353684
v -0.08954938 0.04634689 0.03353684
v -0.08432072 0.04746589 0.03353684
v -0.03418083 -0.23057340 0.03353684
v -0.03916416 -0.24411903 -0.24423245
v -0.02981851 -0.24308839 -0.24423245
v -0.02173019 -0.23075007 0.02535276
v -0.10005269 -0.22179815 -0.24423245
v -0.02173019 -0.22901269 -0.24423245
v -0.10005269 -0.22904213 0.03353684
v -0.07065109 -0.22998443 0.03353684
v -0.04412448 -0.24282336 -0.24423245
v -0.07576474 -0.22986664 0.03353684
v -0.08622205 -0.22960163 0.03353684
v -0.09132804 -0.22939549 0.03353684
v -0.10005269 -0.22907158 0.02486335
v -0.10005269 -0.22907158 -0.02328949
v -0.10005269 -0.22901269 -0.03876039
v -0.02173019 -0.23098564 -0.03655803
v -0.02173019 -0.23104455 -0.02328949
v -0.02173019 -0.23095619 -0.00781859
v -0.10005269 -0.22185704 -0.24374303
v -0.10005269 -0.22886545 -0.05251835
v -0.10005269 -0.22883601 -0.05425848
v -0.10005269 -0.22830595 -0.08520029
v -0.10005269 -0.22801148 -0.10067119
v -0.10005269 -0.22771701 -0.11440195
v -0.10005269 -0.22727531 -0.13158579
v -0.10005269 -0.22683360 -0.14705670
v -0.10005269 -0.22639189 -0.16081465
v -0.10005269 -0.22633299 -0.16255480
v -0.10005269 -0.22574405 -0.17802569
v -0.10005269 -0.22506678 -0.19175645
v -0.10005269 -0.22497843 -0.19349658
v -0.10005269 -0.22412447 -0.20896749
v -0.10005269 -0.22332940 -0.22272544
v -0.10005269 -0.22223986 -0.23990929
f 1410 1411 1412
f 1410 1412 1413
f 1410 1413 1414
f 1410 1414 1434
f 1410 1434 1433
f 1410 1433 1432
f 1410 1432 1431
f 1410 1431 1437
f 1410 1437 1436
f 1410 1436 1435
f 1410 1435 1444
f 1410 1444 1449
f 1410 1449 1448
f 1410 1448 1447
f 1410 1447 1445
f 1410 1445 1438
f 1410 1438 1415
f 1410 1415 1441
f 1410 1441 1455
f 1410 1455 1454
f 1410 1454 1453
f 1410 1453 1443
f 1410 1443 1430
f 1410 1430 1429
f 1410 1429 1428
f 1410 1428 1427
f 1410 1427 1426
f 1410 1426 1425
f 1410 1425 1424
f 1410 1424 1423
f 1410 1423 1422
f 1410 1422 1421
f 1410 1421 1420
f 1410 1420 1419
f 1410 1419 1418
f 1410 1418 1416
f 1410 1416 1411
f 1411 1416 1412
f 1412 1417 1413
f 1412 1416 1418
f 1412 1418 1419
f 1412 1419 1420
f 1412 1420 1421
f 1412 1421 1422
f 1412 1422 1423
f 1412 1423 1424
f 1412 1424 1425
f 1412 1425 1426
f 1412 1426 1427
f 1412 1427 1428
f 1412 1428 1429
f 1412 1429 1430
f 1412 1430 1443
f 1412 1443 1440
f 1412 1440 1439
f 1412 1439 1446
f 1412 1446 1442
f 1412 1442 1417
f 1413 1431 1432
f 1413 1432 1433
f 1413 1433 1434
f 1413 1434 1414
f 1413 1417 1442
f 1413 1442 1456
f 1413 1456 1471
f 1413 1471 1470
f 1413 1470 1469
f 1413 1469 1468
f 1413 1468 1467
f 1413 1467 1466
f 1413 1466 1465
f 1413 1465 1464
f 1413 1464 1463
f 1413 1463 1462
f 1413 1462 1461
f 1413 1461 1460
f 1413 1460 1459
f 1413 1459 1458
f 1413 1458 1457
f 1413 1457 1452
f 1413 1452 1451
f 1413 1451 1450
f 1413 1450 1444
f 1413 1444 1435
f 1413 1435 1436
f 1413 1436 1437
f 1413 1437 1431
f 1415 1438 1439
f 1415 1439 1440
f 1415 1440 1441
f 1438 1445 1439
f 1439 1445 1447
f 1439 1447 1448
f 1439 1448 1449
f 1439 1449 1444
f 1439 1444 1450
f 1439 1450 1451
f 1439 1451 1452
f 1439 1452 1446
f 1440 1443 1453
f 1440 1453 1454
f 1440 1454 1455
f 1440 1455 1441
f 1442 1446 1456
f 1446 1452 1457
f 1446 1457 1458
f 1446 1458 1459
f 1446 1459 1460
f 1446 1460 1461
f 1446 1461 1462
f 1446 1462 1463
f 1446 1463 1464
f 1446 1464 1465
f 1446 1465 1466
f 1446 1466 1467
f 1446 1467 1468
f 1446 1468 1469
f 1446 1469 1470
f 1446 1470 1471
f 1446 1471 1456

o geometry_7
v -0.17905886 -0.23657688 0.10027028
v -0.17477168 -0.23657688 0.10339589
v -0.19664830 -0.23657688 0.10104363
v -0.13877143 -0.22733077 0.03353683
v -0.16936263 -0.23657688 0.11599501
v -0.20612415 -0.23657688 0.11599501
v -0.22633798 -0.22076816 0.03353683
v -0.21588048 -0.22254831 0.03353683
v -0.21077193 -0.22334539 0.03353683
v -0.20031443 -0.22419560 0.03353683
v -0.19520589 -0.22456757 0.03353683
v -0.17963983 -0.22547092 0.03353683
v -0.16407379 -0.22618831 0.03353683
v -0.15361628 -0.22666655 0.03353683
v -0.13877143 0.03357920 0.03353683
v -0.13877143 -0.22730421 0.03862805
v -0.17116565 -0.23657688 0.12221400
v -0.13877143 -0.22682597 0.10052806
v -0.13877143 -0.22663997 0.11599501
v -0.13877143 -0.22632114 0.13149418
v -0.13877143 -0.22605545 0.14116102
v -0.13877143 -0.22586948 0.14696113
v -0.13877143 -0.22552406 0.15662798
v -0.13877143 -0.22528495 0.16242808
v -0.13877143 -0.22485985 0.17209493
v -0.13877143 -0.22416905 0.18759410
v -0.13877143 -0.22337197 0.20302881
v -0.20400060 -0.23657688 0.12127955
v -0.23318945 -0.19876883 0.15231012
v -0.23517278 -0.20057554 0.14199881
v -0.24755349 -0.19757322 0.11599501
v -0.24905600 -0.19908766 0.10581260
v -0.25029809 -0.20025671 0.09550130
v -0.25150009 -0.20137261 0.08506111
v -0.25322297 -0.20286049 0.06959417
v -0.25470546 -0.20402955 0.05409500
v -0.25582733 -0.20493290 0.03862805
v -0.25612783 -0.20519859 0.03353683
v -0.24583062 -0.21290368 0.03353683
v -0.23807762 -0.21699533 0.03353683
v -0.23042482 -0.21951942 0.03353683
v -0.16227075 0.03485452 0.03353683
v -0.14802692 0.03485452 0.10097918
v -0.13877143 0.03485452 0.14493109
v -0.17665484 -0.23657688 0.12869080
v -0.13877143 -0.22209662 0.21849576
v -0.22048819 -0.20137261 0.17402829
v -0.19596717 -0.23657688 0.12920635
v -0.15854452 -0.21593257 0.23476828
v -0.16892189 -0.21386017 0.22813040
v -0.17853800 -0.21037959 0.22349031
v -0.19107898 -0.20240883 0.22429587
v -0.19604729 -0.20527830 0.20921560
v -0.20478191 -0.20123978 0.20431774
v -0.20772683 -0.20371072 0.19339419
v -0.24490907 -0.19465061 0.13149418
v -0.27984755 -0.13734075 0.18363068
v -0.25434486 -0.18984158 0.11599501
v -0.26518299 -0.18418233 0.09260125
v -0.26632490 -0.18564363 0.08228995
v -0.26043506 -0.19124973 0.08647892
v -0.26099598 -0.19502257 0.06959417
v -0.26247847 -0.19666987 0.05409500
v -0.26360034 -0.19789205 0.03862805
v -0.26392089 -0.19823745 0.03353683
v -0.34341393 0.03485452 0.03353683
v -0.13877143 0.03485452 0.36272507
v -0.17911896 -0.23657688 0.12930304
v -0.13877143 -0.22137927 0.22429587
v -0.21788384 -0.19898139 0.18437181
v -0.19458485 -0.23657688 0.12949638
v -0.13877143 -0.21994453 0.23396272
v -0.13877143 -0.21877548 0.23979503
v -0.13877143 -0.21680936 0.24884966
v -0.13877143 -0.21611855 0.25168527
v -0.14311871 -0.21572001 0.24949413
v -0.15349609 -0.21428527 0.24511181
v -0.16387344 -0.21160177 0.23985951
v -0.17915903 -0.20325904 0.23892502
v -0.18825425 -0.20038957 0.23322160
v -0.20181695 -0.19852972 0.21462903
v -0.26680571 -0.13872235 0.20386662
v -0.26273892 -0.13667651 0.21417791
v -0.27738341 -0.13380703 0.19339419
v -0.28088928 -0.12272766 0.20128879
v -0.28249196 -0.12607538 0.19339419
v -0.28463556 -0.13138924 0.17824948
v -0.29707636 -0.12373729 0.14293328
v -0.28139011 -0.13835038 0.17331939
v -0.26766716 -0.18731749 0.06959417
v -0.26892926 -0.18893821 0.05409500
v -0.26979071 -0.19016041 0.03862805
v -0.27005113 -0.19050580 0.03353683
v -0.33548065 -0.00672634 0.03353683
v -0.33518015 -0.00672634 0.03862805
v -0.34313345 0.03485452 0.03753247
v -0.14586330 0.03485452 0.35879388
v -0.14067462 0.00111158 0.35579717
v -0.13877143 -0.00499934 0.35576493
v -0.13877143 -0.21452440 0.25693757
v -0.13877143 -0.21372732 0.25909651
v -0.14838753 -0.21194718 0.25490756
v -0.16409382 -0.20413583 0.25506866
v -0.17366984 -0.20102723 0.24975188
v -0.16930253 -0.19746694 0.26009541
v -0.18404720 -0.19661673 0.24353289
v -0.18937612 -0.18630786 0.24991301
v -0.26770721 -0.12636764 0.21962357
v -0.27245517 -0.12968881 0.20773335
v -0.28968401 -0.09934673 0.19339419
v -0.28609801 -0.11475689 0.19339419
v -0.29152708 -0.11475689 0.17789503
v -0.27756372 -0.11475689 0.21082674
v -0.28191100 -0.11475689 0.20306104
v -0.29607471 -0.12155862 0.15324457
v -0.29879926 -0.11576652 0.14763781
v -0.30168409 -0.11475689 0.13149418
v -0.30346706 -0.11475689 0.11599501
v -0.29793781 -0.12493291 0.13149418
v -0.28100950 -0.16914413 0.06302071
v -0.27608123 -0.17517535 0.06872415
v -0.27672231 -0.17780570 0.05409500
v -0.27758374 -0.17921387 0.03862805
v -0.27782414 -0.17961241 0.03353683
v -0.33241551 -0.02216308 0.03353683
v -0.33211501 -0.02216308 0.03862805
v -0.33397814 -0.00672634 0.05409500
v -0.34074947 0.03485452 0.06981972
v -0.34195148 0.03485452 0.05409500
v -0.34207167 0.03485452 0.05245163
v -0.14826732 0.03485452 0.35740830
v -0.14850772 -0.00672634 0.34993262
v -0.13937243 -0.00672634 0.35512047
v -0.13877143 -0.01023348 0.35479827
v -0.13877143 -0.21160177 0.26389771
v -0.13877143 -0.20841347 0.27024560
v -0.14828736 -0.20402955 0.27066449
v -0.15892515 -0.20142575 0.26547663
v -0.15331577 -0.19720125 0.27578792
v -0.16419398 -0.19217967 0.27082562
v -0.17465149 -0.18715808 0.26589552
v -0.18502885 -0.18104716 0.26022430
v -0.26213789 -0.11475689 0.22970930
v -0.26977067 -0.11475689 0.22197584
v -0.16946280 -0.18125971 0.27620681
v -0.17334931 -0.17097740 0.27994467
v -0.15760296 -0.17055230 0.29508937
v -0.16836094 -0.16106708 0.29064264
v -0.17108551 -0.15187412 0.29318825
v -0.17364981 -0.14156526 0.29557273
v -0.29333011 -0.08372401 0.19252418
v -0.29681594 -0.07846330 0.18678852
v -0.29577421 -0.08877217 0.18382402
v -0.29455216 -0.06847327 0.19690649
v -0.29489272 -0.10067519 0.17837837
v -0.29627503 -0.10667984 0.16983932
v -0.29521326 -0.11576652 0.16378144
v -0.28367393 -0.09934673 0.20612221
v -0.27916641 -0.09934673 0.21385569
v -0.29757722 -0.11127632 0.15952803
v -0.30314654 -0.09934673 0.14696113
v -0.30575088 -0.09934673 0.13149418
v -0.30783438 -0.09934673 0.11599501
v -0.31069919 -0.10208336 0.08506111
v -0.31150052 -0.10532481 0.06959417
v -0.31188115 -0.10689239 0.06144179
v -0.31238198 -0.10787546 0.05113050
v -0.28265224 -0.17188077 0.03353683
v -0.28241183 -0.17148222 0.03862805
v -0.28157042 -0.17010062 0.05409500
v -0.27940679 -0.17708834 0.03353683
v -0.32786791 -0.04397642 0.03353683
v -0.32876941 -0.03831717 0.03785469
v -0.32840882 -0.03414580 0.05409500
v -0.32790796 -0.03180771 0.06666189
v -0.33089296 -0.02216308 0.05409500
v -0.32921015 -0.02362438 0.07091531
v -0.33267596 -0.00672634 0.06959417
v -0.33868602 0.02414712 0.06959417
v -0.32746723 -0.02973531 0.07697318
v -0.33970771 0.03485452 0.08029214
v -0.15365634 0.03485452 0.35428270
v -0.15201359 0.02414712 0.35334824
v -0.14850772 -0.02216308 0.34706477
v -0.16022734 -0.00672634 0.34290806
v -0.15792349 -0.02216308 0.34142579
v -0.13877143 -0.02216308 0.35254268
v -0.13877143 -0.20344503 0.27939689
v -0.14293840 -0.20108037 0.28029911
v -0.14806699 -0.19162170 0.28580922
v -0.15908543 -0.18689238 0.28100802
v -0.26422139 -0.09934673 0.23125600
v -0.15740261 -0.14005081 0.31029855
v -0.16735928 -0.13019362 0.30556179
v -0.16994360 -0.11810461 0.30781741
v -0.17216732 -0.10782232 0.30968633
v -0.18400715 -0.08390999 0.30646404
v -0.18599047 -0.07198041 0.30820409
v -0.18771334 -0.06167154 0.30965409
v -0.18913573 -0.05303654 0.31084636
v -0.19937286 -0.03759980 0.30614181
v -0.20161661 -0.02216308 0.30820409
v -0.21890555 -0.01562704 0.29425160
v -0.22012760 -0.00672634 0.29534716
v -0.22790060 -0.00672634 0.28812926
v -0.22994403 0.00871039 0.29003041
v -0.23807762 0.00871039 0.28229694
v -0.24771376 0.02414712 0.27656128
v -0.28122986 -0.07851644 0.21720685
v -0.28022818 -0.08879873 0.21566016
v -0.26333992 0.02414712 0.26106211
v -0.27926656 -0.03759980 0.23032154
v -0.15317554 -0.18083461 0.29131933
v -0.14894847 -0.16247525 0.30610960
v -0.16058795 -0.16106708 0.29766722
v -0.14818720 -0.17602557 0.29856944
v -0.14053439 -0.16853304 0.30926744
v -0.15443765 -0.15035968 0.30804296
v -0.16423405 -0.14597576 0.30182397
v -0.29781762 -0.06847327 0.18917301
v -0.31001802 -0.02216308 0.18031174
v -0.30500965 -0.05303654 0.17789503
v -0.30190445 -0.06847327 0.17789503
v -0.29857890 -0.08372401 0.17837837
v -0.29741695 -0.09642411 0.17351273
v -0.29565399 -0.05720791 0.19948431
v -0.29891945 -0.05245201 0.19397421
v -0.30645206 -0.06847327 0.16242808
v -0.30314654 -0.08390999 0.16242808
v -0.29913982 -0.10067519 0.16378144
v -0.29667571 -0.04692561 0.20164323
v -0.28461552 -0.08377715 0.20982784
v -0.30655223 -0.08390999 0.14696113
v -0.30977764 -0.08268781 0.13036639
v -0.31204142 -0.07673630 0.12446961
v -0.31083942 -0.08675291 0.11599501
v -0.31150052 -0.08970209 0.10452369
v -0.31208148 -0.09230588 0.09421239
v -0.30999801 -0.09823082 0.09981916
v -0.31260235 -0.09440485 0.08506111
v -0.31334361 -0.09761972 0.06959417
v -0.31384443 -0.10080804 0.05541613
v -0.31546716 -0.09934673 0.03862805
v -0.31574762 -0.09934673 0.03353683
v -0.31284275 -0.10853969 0.03862805
v -0.31296297 -0.10864596 0.03353683
v -0.32716673 -0.04721787 0.03353683
v -0.32219841 -0.06847327 0.03862805
v -0.31771090 -0.08390999 0.05409500
v -0.32103648 -0.06847327 0.05409500
v -0.31977435 -0.06847327 0.06959417
v -0.32700646 -0.02739722 0.08506111
v -0.33109332 -0.00672634 0.08506111
v -0.33714343 0.02414712 0.08506111
v -0.31644880 -0.08390999 0.06959417
v -0.31829189 -0.06847327 0.08506111
v -0.32161745 -0.05303654 0.08506111
v -0.31995467 -0.05303654 0.10052806
v -0.32313999 -0.03759980 0.10052806
v -0.33922693 0.03485452 0.08506111
v -0.15764301 0.03485452 0.35180153
v -0.13877143 -0.02458087 0.35205931
v -0.15654118 -0.03066524 0.34052357
v -0.14910873 -0.03653704 0.34374583
v -0.17136599 0.01822217 0.34004021
v -0.17010387 0.00871039 0.33917017
v -0.16802039 -0.00672634 0.33768794
v -0.16445443 0.03485452 0.34748366
v -0.16233086 0.00871039 0.34426140
v -0.16571653 -0.02216308 0.33604460
v -0.13877143 -0.20179772 0.28232915
v -0.13877143 -0.19810460 0.28674368
v -0.13877143 -0.19531484 0.28957929
v -0.14279817 -0.18604217 0.29547605
v -0.25554687 0.02414712 0.26879557
v -0.14894847 -0.14539123 0.31400417
v -0.13953271 -0.13572002 0.32415436
v -0.14778653 -0.13043275 0.32031985
v -0.15958628 -0.13019362 0.31197413
v -0.16447445 -0.11369412 0.31355305
v -0.15477823 -0.10322584 0.32386434
v -0.16281166 -0.09860278 0.31925650
v -0.16623739 -0.08390999 0.32073876
v -0.17362977 -0.09934673 0.31091078
v -0.17621409 -0.08390999 0.31300527
v -0.18034101 -0.06749021 0.31403641
v -0.17843782 -0.05261143 0.31938539
v -0.19157982 -0.03759980 0.31287637
v -0.19384360 -0.02216308 0.31468087
v -0.20277855 -0.01368749 0.30923520
v -0.22215097 0.00871039 0.29718386
v -0.23188728 0.02414712 0.29183488
v -0.23355006 0.03485452 0.29276936
v -0.23994075 0.02414712 0.28410141
v -0.24905600 0.03485452 0.27772128
v -0.29555381 -0.01004750 0.21527349
v -0.29441190 -0.02216308 0.21340457
v -0.28221150 -0.06847327 0.21859243
v -0.29292944 -0.03759980 0.21092341
v -0.26454193 0.03485452 0.26228658
v -0.25931316 0.03485452 0.26750665
v -0.28032833 -0.02758320 0.23151378
v -0.14406028 -0.15825074 0.31174858
v -0.13877143 -0.16680604 0.31120080
v -0.13877143 -0.18213648 0.30101837
v -0.13877143 -0.17121653 0.30862298
v -0.31111988 -0.00988808 0.18343736
v -0.30196455 -0.03759980 0.19339419
v -0.31382439 -0.00553073 0.17812058
v -0.31278266 -0.02216308 0.17257826
v -0.31202138 -0.03037297 0.17041934
v -0.30871587 -0.03635105 0.17650945
v -0.31103974 -0.04068184 0.16681037
v -0.30987779 -0.05277084 0.16194474
v -0.31236197 -0.04745699 0.15646686
v -0.31130019 -0.05773929 0.15127899
v -0.29753713 -0.03759980 0.20318993
v -0.31154057 0.03419029 0.20025765
v -0.31069919 0.02414712 0.19838874
v -0.30939698 0.00871039 0.19532757
v -0.30480932 -0.02216308 0.19339419
v -0.31005810 -0.06786217 0.14644556
v -0.31224175 -0.06230920 0.14096769
v -0.31117997 -0.07261807 0.13478091
v -0.31889289 -0.03759980 0.13149418
v -0.32760746 0.00039421 0.12446961
v -0.32119675 -0.03759980 0.11599501
v -0.31807149 -0.05303654 0.11599501
v -0.31482607 -0.06847327 0.11599501
v -0.31254225 -0.07902125 0.11599501
v -0.31662911 -0.06847327 0.10052806
v -0.31322339 -0.08430853 0.09981916
v -0.31494629 -0.08390999 0.08506111
v -0.31885281 -0.08390999 0.03862805
v -0.31917335 -0.08390999 0.03353683
v -0.32624518 -0.02181768 0.10097918
v -0.32788795 -0.01645068 0.09614576
v -0.33538047 0.02414712 0.10052806
v -0.32728695 -0.01336866 0.10645706
v -0.33744393 0.03485452 0.10052806
v -0.13877143 -0.03773265 0.34932036
v -0.15469809 -0.04097410 0.33936354
v -0.14470135 -0.05303654 0.34277916
v -0.16267143 -0.03653704 0.33482012
v -0.16116892 -0.06847327 0.32831110
v -0.13877143 -0.05303654 0.34613031
v -0.16775994 0.03485452 0.34532475
v -0.17348954 0.03485452 0.34152245
v -0.18088191 0.03485452 0.33617349
v -0.17857805 0.02366888 0.33578681
v -0.17963983 0.00871039 0.33221006
v -0.18034101 -0.00521190 0.32895556
v -0.17635432 -0.02216308 0.32831110
v -0.17397035 -0.03759980 0.32647440
v -0.17244780 -0.04719130 0.32531436
v -0.17076498 -0.05747360 0.32408991
v -0.16497529 -0.05261143 0.32937445
v -0.13877143 -0.18803486 0.29647498
v -0.13877143 -0.14956260 0.31896648
v -0.13877143 -0.14560379 0.32064208
v -0.13877143 -0.13813783 0.32367103
v -0.13877143 -0.13502922 0.32483106
v -0.13877143 -0.12745698 0.32724775
v -0.14213707 -0.12543772 0.32582993
v -0.15231409 -0.11475689 0.32215655
v -0.14454108 -0.11475689 0.32744109
v -0.14914881 -0.09860278 0.32885888
v -0.15680160 -0.09294354 0.32524995
v -0.15846438 -0.08390999 0.32640998
v -0.16894193 -0.06847327 0.32273657
v -0.18174335 -0.03759980 0.32060987
v -0.18414738 -0.02216308 0.32241434
v -0.18601049 -0.00933013 0.32379992
v -0.18743288 0.00095216 0.32489548
v -0.20408073 -0.00337862 0.31036300
v -0.21533957 0.02414712 0.30665738
v -0.21339633 0.00871039 0.30491736
v -0.22409423 0.02414712 0.29892391
v -0.23320949 0.03485452 0.29309157
v -0.29649540 0.00023480 0.21675574
v -0.29956054 -0.00563700 0.20960228
v -0.29891945 -0.02216308 0.20567110
v -0.28367393 -0.05303654 0.22065470
v -0.26460202 0.03485452 0.26222211
v -0.27087253 0.03485452 0.25539089
v -0.27335668 0.03485452 0.25265194
v -0.27942683 0.03485452 0.24594961
v -0.28147024 0.03485452 0.24356513
v -0.28128996 -0.01730091 0.23257713
v -0.29373076 0.03485452 0.22851706
v -0.29276917 0.02414712 0.22729260
v -0.28515642 -0.03759980 0.22258806
v -0.13877143 -0.15973862 0.31445529
v -0.31202138 0.00039421 0.18588629
v -0.31925349 0.02414712 0.17789503
v -0.31648888 0.00871039 0.17789503
v -0.32580445 0.03485452 0.16436144
v -0.32492296 0.02510361 0.16130029
v -0.32155735 0.00871039 0.16242808
v -0.31867253 -0.00672634 0.16242808
v -0.31574762 -0.02216308 0.16242808
v -0.31314325 -0.03635105 0.16194474
v -0.32766756 0.03086914 0.15537129
v -0.32670596 0.02058683 0.15079564
v -0.32227854 -0.00672634 0.14696113
v -0.31929354 -0.02216308 0.14696113
v -0.31622843 -0.03759980 0.14696113
v -0.31111988 0.03485452 0.20119212
v -0.31198130 0.03485452 0.19954876
v -0.30242532 0.00871039 0.20882892
v -0.31474594 0.03485452 0.19329753
v -0.31408484 0.02414712 0.19068748
v -0.30835524 -0.00553073 0.19197639
v -0.31274258 0.00871039 0.18759410
v -0.32197804 -0.02216308 0.13149418
v -0.33544057 0.03485452 0.11599501
v -0.33339715 0.02414712 0.11599501
v -0.33039214 0.00871039 0.11599501
v -0.32818845 -0.00250183 0.11599501
v -0.32428190 -0.02216308 0.11599501
v -0.32546390 -0.00555730 0.13036639
v -0.32838878 0.00948089 0.13036639
v -0.33101315 0.02414712 0.13149418
v -0.33305660 0.03485452 0.13149418
v -0.33606161 0.03485452 0.11125826
v -0.15249441 -0.05303654 0.33791351
v -0.14055443 -0.07577981 0.34026579
v -0.13877143 -0.06068848 0.34448698
v -0.19170002 0.03485452 0.32815000
v -0.19035777 0.02414712 0.32711886
v -0.13877143 -0.12174460 0.32902001
v -0.13877143 -0.11446463 0.33114671
v -0.13877143 -0.10476685 0.33385343
v -0.13877143 -0.09918731 0.33536790
v -0.13877143 -0.08430853 0.33923465
v -0.14850772 -0.08390999 0.33304786
v -0.18841452 0.00871039 0.32563662
v -0.19947302 0.03485452 0.32212432
v -0.19618753 0.00871039 0.31938539
v -0.20562332 0.00871039 0.31165192
v -0.21666180 0.03485452 0.30778518
v -0.21936632 0.03485452 0.30540069
v -0.22629791 0.03485452 0.29927835
v -0.20888878 0.03485452 0.31439085
v -0.29841863 0.02414712 0.21955913
v -0.30717328 0.03485452 0.20808780
v -0.30498960 0.02414712 0.20882892
v -0.29547371 0.03485452 0.22616480
v -0.28595775 0.03485452 0.23821614
v -0.32113663 0.03485452 0.17789503
v -0.32804822 0.03485452 0.15662798
v -0.33023187 0.03485452 0.14670335
v -0.32552399 0.00948089 0.14615555
v -0.32772768 0.01514015 0.14045213
v -0.32674604 0.00485784 0.13478091
v -0.14796682 -0.06977516 0.33685016
v -0.13877143 -0.08364430 0.33939575
v -0.13877143 -0.07402624 0.34161913
v -0.13877143 -0.06743707 0.34303695
v -0.20237789 0.03485452 0.31973983
v -0.29928008 0.03485452 0.22078359
f 1472 1473 1476
f 1472 1476 1488
f 1472 1488 1516
f 1472 1516 1539
f 1472 1539 1542
f 1472 1542 1519
f 1472 1519 1499
f 1472 1499 1477
f 1472 1477 1474
f 1472 1474 1475
f 1472 1475 1473
f 1473 1475 1476
f 1474 1477 1478
f 1474 1478 1479
f 1474 1479 1480
f 1474 1480 1481
f 1474 1481 1482
f 1474 1482 1483
f 1474 1483 1484
f 1474 1484 1485
f 1474 1485 1475
f 1475 1485 1484
f 1475 1484 1483
f 1475 1483 1482
f 1475 1482 1481
f 1475 1481 1480
f 1475 1480 1479
f 1475 1479 1478
f 1475 1478 1512
f 1475 1512 1511
f 1475 1511 1510
f 1475 1510 1509
f 1475 1509 1536
f 1475 1536 1564
f 1475 1564 1595
f 1475 1595 1642
f 1475 1642 1639
f 1475 1639 1717
f 1475 1717 1715
f 1475 1715 1806
f 1475 1806 1718
f 1475 1718 1643
f 1475 1643 1596
f 1475 1596 1565
f 1475 1565 1537
f 1475 1537 1513
f 1475 1513 1486
f 1475 1486 1515
f 1475 1515 1538
f 1475 1538 1570
f 1475 1570 1605
f 1475 1605 1658
f 1475 1658 1733
f 1475 1733 1812
f 1475 1812 1817
f 1475 1817 1899
f 1475 1899 1930
f 1475 1930 1929
f 1475 1929 1928
f 1475 1928 1906
f 1475 1906 1905
f 1475 1905 1904
f 1475 1904 1903
f 1475 1903 1902
f 1475 1902 1834
f 1475 1834 1833
f 1475 1833 1832
f 1475 1832 1831
f 1475 1831 1830
f 1475 1830 1864
f 1475 1864 1775
f 1475 1775 1777
f 1475 1777 1776
f 1475 1776 1829
f 1475 1829 1744
f 1475 1744 1743
f 1475 1743 1742
f 1475 1742 1659
f 1475 1659 1607
f 1475 1607 1606
f 1475 1606 1572
f 1475 1572 1571
f 1475 1571 1546
f 1475 1546 1545
f 1475 1545 1544
f 1475 1544 1543
f 1475 1543 1540
f 1475 1540 1517
f 1475 1517 1498
f 1475 1498 1497
f 1475 1497 1496
f 1475 1496 1495
f 1475 1495 1494
f 1475 1494 1493
f 1475 1493 1492
f 1475 1492 1491
f 1475 1491 1490
f 1475 1490 1489
f 1475 1489 1487
f 1475 1487 1476
f 1476 1487 1489
f 1476 1489 1490
f 1476 1490 1491
f 1476 1491 1492
f 1476 1492 1493
f 1476 1493 1494
f 1476 1494 1495
f 1476 1495 1496
f 1476 1496 1497
f 1476 1497 1498
f 1476 1498 1488
f 1477 1499 1500
f 1477 1500 1501
f 1477 1501 1502
f 1477 1502 1503
f 1477 1503 1504
f 1477 1504 1505
f 1477 1505 1506
f 1477 1506 1507
f 1477 1507 1508
f 1477 1508 1509
f 1477 1509 1510
f 1477 1510 1511
f 1477 1511 1512
f 1477 1512 1478
f 1486 1513 1514
f 1486 1514 1515
f 1488 1498 1517
f 1488 1517 1516
f 1499 1518 1500
f 1499 1519 1520
f 1499 1520 1521
f 1499 1521 1522
f 1499 1522 1523
f 1499 1523 1524
f 1499 1524 1525
f 1499 1525 1526
f 1499 1526 1518
f 1500 1527 1501
f 1500 1518 1528
f 1500 1528 1527
f 1501 1527 1502
f 1502 1529 1503
f 1502 1527 1528
f 1502 1528 1529
f 1503 1530 1531
f 1503 1531 1532
f 1503 1532 1533
f 1503 1533 1504
f 1503 1529 1530
f 1504 1533 1505
f 1505 1533 1506
f 1506 1533 1534
f 1506 1534 1507
f 1507 1534 1535
f 1507 1535 1536
f 1507 1536 1508
f 1508 1536 1509
f 1513 1537 1567
f 1513 1567 1601
f 1513 1601 1600
f 1513 1600 1599
f 1513 1599 1652
f 1513 1652 1731
f 1513 1731 1811
f 1513 1811 1896
f 1513 1896 1887
f 1513 1887 1895
f 1513 1895 1923
f 1513 1923 1922
f 1513 1922 1868
f 1513 1868 1921
f 1513 1921 1882
f 1513 1882 1880
f 1513 1880 1879
f 1513 1879 1917
f 1513 1917 1932
f 1513 1932 1919
f 1513 1919 1861
f 1513 1861 1920
f 1513 1920 1859
f 1513 1859 1858
f 1513 1858 1857
f 1513 1857 1856
f 1513 1856 1855
f 1513 1855 1771
f 1513 1771 1772
f 1513 1772 1766
f 1513 1766 1764
f 1513 1764 1850
f 1513 1850 1914
f 1513 1914 1913
f 1513 1913 1912
f 1513 1912 1915
f 1513 1915 1931
f 1513 1931 1909
f 1513 1909 1900
f 1513 1900 1820
f 1513 1820 1819
f 1513 1819 1818
f 1513 1818 1739
f 1513 1739 1732
f 1513 1732 1653
f 1513 1653 1602
f 1513 1602 1568
f 1513 1568 1538
f 1513 1538 1515
f 1513 1515 1514
f 1516 1517 1540
f 1516 1540 1539
f 1518 1526 1541
f 1518 1541 1528
f 1519 1542 1543
f 1519 1543 1544
f 1519 1544 1545
f 1519 1545 1546
f 1519 1546 1547
f 1519 1547 1548
f 1519 1548 1520
f 1520 1548 1521
f 1521 1548 1549
f 1521 1549 1550
f 1521 1550 1522
f 1522 1550 1551
f 1522 1551 1523
f 1523 1551 1525
f 1523 1525 1524
f 1525 1551 1552
f 1525 1552 1528
f 1525 1528 1541
f 1525 1541 1526
f 1528 1552 1553
f 1528 1553 1554
f 1528 1554 1555
f 1528 1555 1556
f 1528 1556 1557
f 1528 1557 1558
f 1528 1558 1559
f 1528 1559 1560
f 1528 1560 1530
f 1528 1530 1529
f 1530 1560 1531
f 1531 1561 1533
f 1531 1533 1532
f 1531 1560 1561
f 1533 1561 1534
f 1534 1561 1562
f 1534 1562 1535
f 1535 1563 1536
f 1535 1562 1563
f 1536 1563 1564
f 1537 1565 1566
f 1537 1566 1567
f 1538 1568 1569
f 1538 1569 1570
f 1539 1540 1543
f 1539 1543 1542
f 1546 1571 1547
f 1547 1571 1548
f 1548 1571 1572
f 1548 1572 1573
f 1548 1573 1574
f 1548 1574 1549
f 1549 1574 1550
f 1550 1574 1575
f 1550 1575 1551
f 1551 1575 1576
f 1551 1576 1577
f 1551 1577 1578
f 1551 1578 1554
f 1551 1554 1552
f 1552 1554 1553
f 1554 1578 1579
f 1554 1579 1580
f 1554 1580 1555
f 1555 1580 1556
f 1556 1581 1582
f 1556 1582 1583
f 1556 1583 1557
f 1556 1580 1579
f 1556 1579 1584
f 1556 1584 1585
f 1556 1585 1581
f 1557 1583 1586
f 1557 1586 1558
f 1558 1586 1559
f 1559 1586 1587
f 1559 1587 1588
f 1559 1588 1589
f 1559 1589 1590
f 1559 1590 1591
f 1559 1591 1592
f 1559 1592 1561
f 1559 1561 1560
f 1561 1592 1593
f 1561 1593 1562
f 1562 1593 1594
f 1562 1594 1563
f 1563 1594 1595
f 1563 1595 1564
f 1565 1596 1597
f 1565 1597 1566
f 1566 1597 1598
f 1566 1598 1599
f 1566 1599 1600
f 1566 1600 1601
f 1566 1601 1567
f 1568 1602 1603
f 1568 1603 1569
f 1569 1604 1570
f 1569 1603 1604
f 1570 1604 1605
f 1572 1606 1573
f 1573 1606 1607
f 1573 1607 1608
f 1573 1608 1609
f 1573 1609 1574
f 1574 1609 1575
f 1575 1609 1576
f 1576 1578 1577
f 1576 1609 1610
f 1576 1610 1611
f 1576 1611 1612
f 1576 1612 1578
f 1578 1612 1613
f 1578 1613 1579
f 1579 1614 1615
f 1579 1615 1584
f 1579 1613 1616
f 1579 1616 1617
f 1579 1617 1618
f 1579 1618 1619
f 1579 1619 1620
f 1579 1620 1621
f 1579 1621 1614
f 1581 1622 1623
f 1581 1623 1624
f 1581 1624 1582
f 1581 1585 1625
f 1581 1625 1622
f 1582 1624 1626
f 1582 1626 1583
f 1583 1626 1627
f 1583 1627 1628
f 1583 1628 1586
f 1584 1629 1585
f 1584 1615 1630
f 1584 1630 1629
f 1585 1629 1625
f 1586 1628 1631
f 1586 1631 1587
f 1587 1632 1633
f 1587 1633 1588
f 1587 1631 1632
f 1588 1633 1634
f 1588 1634 1635
f 1588 1635 1589
f 1589 1635 1636
f 1589 1636 1637
f 1589 1637 1590
f 1590 1637 1638
f 1590 1638 1639
f 1590 1639 1640
f 1590 1640 1641
f 1590 1641 1591
f 1591 1641 1593
f 1591 1593 1592
f 1593 1641 1594
f 1594 1641 1640
f 1594 1640 1642
f 1594 1642 1595
f 1596 1643 1597
f 1597 1643 1644
f 1597 1644 1645
f 1597 1645 1646
f 1597 1646 1647
f 1597 1647 1598
f 1598 1647 1648
f 1598 1648 1649
f 1598 1649 1650
f 1598 1650 1599
f 1599 1650 1649
f 1599 1649 1651
f 1599 1651 1652
f 1602 1653 1654
f 1602 1654 1603
f 1603 1655 1604
f 1603 1654 1653
f 1603 1653 1656
f 1603 1656 1657
f 1603 1657 1655
f 1604 1655 1605
f 1605 1655 1658
f 1607 1659 1608
f 1608 1659 1660
f 1608 1660 1609
f 1609 1660 1610
f 1610 1660 1661
f 1610 1661 1662
f 1610 1662 1611
f 1611 1662 1612
f 1612 1662 1616
f 1612 1616 1613
f 1614 1663 1615
f 1614 1621 1664
f 1614 1664 1665
f 1614 1665 1666
f 1614 1666 1667
f 1614 1667 1668
f 1614 1668 1669
f 1614 1669 1670
f 1614 1670 1671
f 1614 1671 1672
f 1614 1672 1673
f 1614 1673 1674
f 1614 1674 1675
f 1614 1675 1676
f 1614 1676 1677
f 1614 1677 1678
f 1614 1678 1679
f 1614 1679 1663
f 1615 1680 1681
f 1615 1681 1630
f 1615 1663 1682
f 1615 1682 1683
f 1615 1683 1680
f 1616 1662 1684
f 1616 1684 1618
f 1616 1618 1617
f 1618 1685 1686
f 1618 1686 1619
f 1618 1684 1687
f 1618 1687 1688
f 1618 1688 1685
f 1619 1686 1620
f 1620 1686 1689
f 1620 1689 1690
f 1620 1690 1621
f 1621 1690 1664
f 1622 1625 1623
f 1623 1691 1692
f 1623 1692 1693
f 1623 1693 1624
f 1623 1625 1691
f 1624 1693 1694
f 1624 1694 1695
f 1624 1695 1696
f 1624 1696 1626
f 1625 1697 1698
f 1625 1698 1691
f 1625 1629 1697
f 1626 1696 1627
f 1627 1696 1699
f 1627 1699 1700
f 1627 1700 1701
f 1627 1701 1631
f 1627 1631 1628
f 1629 1702 1697
f 1629 1630 1681
f 1629 1681 1703
f 1629 1703 1702
f 1631 1701 1632
f 1632 1701 1700
f 1632 1700 1704
f 1632 1704 1705
f 1632 1705 1633
f 1633 1705 1706
f 1633 1706 1707
f 1633 1707 1634
f 1634 1707 1708
f 1634 1708 1709
f 1634 1709 1710
f 1634 1710 1635
f 1635 1711 1636
f 1635 1710 1711
f 1636 1711 1712
f 1636 1712 1637
f 1637 1712 1713
f 1637 1713 1714
f 1637 1714 1638
f 1638 1714 1715
f 1638 1715 1716
f 1638 1716 1639
f 1639 1642 1640
f 1639 1716 1717
f 1643 1718 1719
f 1643 1719 1644
f 1644 1719 1720
f 1644 1720 1721
f 1644 1721 1645
f 1645 1721 1646
f 1646 1721 1722
f 1646 1722 1651
f 1646 1651 1648
f 1646 1648 1647
f 1648 1651 1649
f 1651 1723 1724
f 1651 1724 1725
f 1651 1725 1652
f 1651 1722 1726
f 1651 1726 1727
f 1651 1727 1728
f 1651 1728 1729
f 1651 1729 1730
f 1651 1730 1723
f 1652 1725 1731
f 1653 1732 1656
f 1655 1733 1658
f 1655 1657 1734
f 1655 1734 1735
f 1655 1735 1733
f 1656 1736 1737
f 1656 1737 1738
f 1656 1738 1657
f 1656 1732 1739
f 1656 1739 1740
f 1656 1740 1736
f 1657 1738 1741
f 1657 1741 1734
f 1659 1742 1660
f 1660 1742 1743
f 1660 1743 1661
f 1661 1743 1744
f 1661 1744 1745
f 1661 1745 1662
f 1662 1745 1684
f 1663 1679 1746
f 1663 1746 1682
f 1664 1747 1748
f 1664 1748 1749
f 1664 1749 1750
f 1664 1750 1667
f 1664 1667 1666
f 1664 1666 1665
f 1664 1690 1689
f 1664 1689 1747
f 1667 1750 1751
f 1667 1751 1752
f 1667 1752 1753
f 1667 1753 1754
f 1667 1754 1755
f 1667 1755 1668
f 1668 1755 1669
f 1669 1755 1670
f 1670 1755 1671
f 1671 1755 1756
f 1671 1756 1757
f 1671 1757 1758
f 1671 1758 1759
f 1671 1759 1672
f 1672 1759 1673
f 1673 1675 1674
f 1673 1759 1760
f 1673 1760 1761
f 1673 1761 1675
f 1675 1762 1677
f 1675 1677 1676
f 1675 1761 1762
f 1677 1762 1763
f 1677 1763 1678
f 1678 1763 1764
f 1678 1764 1765
f 1678 1765 1679
f 1679 1765 1764
f 1679 1764 1766
f 1679 1766 1746
f 1680 1767 1768
f 1680 1768 1681
f 1680 1683 1769
f 1680 1769 1767
f 1681 1768 1770
f 1681 1770 1702
f 1681 1702 1703
f 1682 1771 1683
f 1682 1746 1766
f 1682 1766 1772
f 1682 1772 1771
f 1683 1771 1773
f 1683 1773 1769
f 1684 1745 1687
f 1685 1689 1686
f 1685 1688 1774
f 1685 1774 1689
f 1687 1745 1688
f 1688 1775 1774
f 1688 1745 1776
f 1688 1776 1777
f 1688 1777 1775
f 1689 1774 1747
f 1691 1778 1692
f 1691 1698 1779
f 1691 1779 1778
f 1692 1778 1780
f 1692 1780 1781
f 1692 1781 1782
f 1692 1782 1783
f 1692 1783 1693
f 1693 1783 1782
f 1693 1782 1694
f 1694 1782 1784
f 1694 1784 1696
f 1694 1696 1695
f 1696 1784 1699
f 1697 1702 1698
f 1698 1702 1779
f 1699 1785 1786
f 1699 1786 1700
f 1699 1784 1785
f 1700 1786 1787
f 1700 1787 1704
f 1702 1770 1768
f 1702 1768 1788
f 1702 1788 1789
f 1702 1789 1790
f 1702 1790 1791
f 1702 1791 1792
f 1702 1792 1779
f 1704 1793 1794
f 1704 1794 1795
f 1704 1795 1705
f 1704 1787 1793
f 1705 1795 1706
f 1706 1795 1796
f 1706 1796 1797
f 1706 1797 1798
f 1706 1798 1799
f 1706 1799 1800
f 1706 1800 1801
f 1706 1801 1707
f 1707 1801 1708
f 1708 1802 1803
f 1708 1803 1709
f 1708 1801 1802
f 1709 1803 1804
f 1709 1804 1711
f 1709 1711 1710
f 1711 1804 1726
f 1711 1726 1712
f 1712 1726 1713
f 1713 1726 1720
f 1713 1720 1714
f 1714 1805 1806
f 1714 1806 1715
f 1714 1720 1805
f 1715 1717 1716
f 1718 1806 1805
f 1718 1805 1719
f 1719 1805 1720
f 1720 1726 1722
f 1720 1722 1721
f 1723 1730 1807
f 1723 1807 1808
f 1723 1808 1724
f 1724 1808 1809
f 1724 1809 1725
f 1725 1809 1731
f 1726 1804 1727
f 1727 1804 1802
f 1727 1802 1729
f 1727 1729 1728
f 1729 1802 1800
f 1729 1800 1799
f 1729 1799 1730
f 1730 1799 1798
f 1730 1798 1810
f 1730 1810 1807
f 1731 1809 1811
f 1733 1735 1812
f 1734 1813 1814
f 1734 1814 1735
f 1734 1741 1815
f 1734 1815 1816
f 1734 1816 1813
f 1735 1814 1817
f 1735 1817 1812
f 1736 1740 1739
f 1736 1739 1818
f 1736 1818 1819
f 1736 1819 1820
f 1736 1820 1821
f 1736 1821 1822
f 1736 1822 1737
f 1737 1822 1738
f 1738 1822 1823
f 1738 1823 1824
f 1738 1824 1741
f 1741 1824 1825
f 1741 1825 1826
f 1741 1826 1827
f 1741 1827 1828
f 1741 1828 1815
f 1744 1829 1745
f 1745 1829 1776
f 1747 1774 1830
f 1747 1830 1831
f 1747 1831 1748
f 1748 1832 1833
f 1748 1833 1834
f 1748 1834 1835
f 1748 1835 1749
f 1748 1831 1832
f 1749 1835 1836
f 1749 1836 1750
f 1750 1836 1751
f 1751 1836 1752
f 1752 1836 1837
f 1752 1837 1838
f 1752 1838 1839
f 1752 1839 1753
f 1753 1839 1754
f 1754 1839 1840
f 1754 1840 1841
f 1754 1841 1756
f 1754 1756 1755
f 1756 1841 1757
f 1757 1841 1758
f 1758 1842 1759
f 1758 1841 1842
f 1759 1842 1843
f 1759 1843 1760
f 1760 1843 1844
f 1760 1844 1845
f 1760 1845 1761
f 1761 1845 1846
f 1761 1846 1847
f 1761 1847 1848
f 1761 1848 1762
f 1762 1848 1847
f 1762 1847 1849
f 1762 1849 1850
f 1762 1850 1763
f 1763 1850 1764
f 1767 1769 1851
f 1767 1851 1852
f 1767 1852 1853
f 1767 1853 1788
f 1767 1788 1768
f 1769 1854 1851
f 1769 1773 1854
f 1771 1855 1773
f 1773 1855 1856
f 1773 1856 1857
f 1773 1857 1858
f 1773 1858 1859
f 1773 1859 1860
f 1773 1860 1861
f 1773 1861 1862
f 1773 1862 1851
f 1773 1851 1863
f 1773 1863 1854
f 1774 1775 1864
f 1774 1864 1830
f 1778 1779 1865
f 1778 1865 1866
f 1778 1866 1867
f 1778 1867 1780
f 1779 1792 1865
f 1780 1867 1781
f 1781 1868 1782
f 1781 1867 1866
f 1781 1866 1868
f 1782 1868 1869
f 1782 1869 1870
f 1782 1870 1871
f 1782 1871 1872
f 1782 1872 1784
f 1784 1872 1873
f 1784 1873 1786
f 1784 1786 1785
f 1786 1873 1872
f 1786 1872 1874
f 1786 1874 1875
f 1786 1875 1876
f 1786 1876 1877
f 1786 1877 1878
f 1786 1878 1787
f 1787 1878 1794
f 1787 1794 1793
f 1788 1853 1789
f 1789 1879 1880
f 1789 1880 1790
f 1789 1853 1852
f 1789 1852 1881
f 1789 1881 1879
f 1790 1880 1882
f 1790 1882 1883
f 1790 1883 1791
f 1791 1884 1792
f 1791 1883 1885
f 1791 1885 1884
f 1792 1884 1865
f 1794 1878 1796
f 1794 1796 1795
f 1796 1878 1886
f 1796 1886 1797
f 1797 1887 1888
f 1797 1888 1889
f 1797 1889 1890
f 1797 1890 1891
f 1797 1891 1798
f 1797 1886 1892
f 1797 1892 1893
f 1797 1893 1894
f 1797 1894 1895
f 1797 1895 1887
f 1798 1891 1810
f 1800 1802 1801
f 1802 1804 1803
f 1807 1810 1808
f 1808 1810 1809
f 1809 1810 1889
f 1809 1889 1888
f 1809 1888 1811
f 1810 1891 1890
f 1810 1890 1889
f 1811 1888 1896
f 1813 1897 1898
f 1813 1898 1814
f 1813 1816 1840
f 1813 1840 1897
f 1814 1898 1817
f 1815 1828 1816
f 1816 1828 1827
f 1816 1827 1841
f 1816 1841 1840
f 1817 1898 1899
f 1820 1900 1822
f 1820 1822 1821
f 1822 1900 1901
f 1822 1901 1845
f 1822 1845 1823
f 1823 1845 1844
f 1823 1844 1824
f 1824 1844 1843
f 1824 1843 1842
f 1824 1842 1825
f 1825 1842 1826
f 1826 1842 1827
f 1827 1842 1841
f 1834 1902 1835
f 1835 1902 1903
f 1835 1903 1837
f 1835 1837 1836
f 1837 1903 1904
f 1837 1904 1905
f 1837 1905 1838
f 1838 1905 1906
f 1838 1906 1907
f 1838 1907 1839
f 1839 1907 1840
f 1840 1907 1897
f 1845 1901 1908
f 1845 1908 1909
f 1845 1909 1910
f 1845 1910 1846
f 1846 1910 1911
f 1846 1911 1847
f 1847 1912 1913
f 1847 1913 1914
f 1847 1914 1849
f 1847 1911 1915
f 1847 1915 1912
f 1849 1914 1850
f 1851 1916 1917
f 1851 1917 1918
f 1851 1918 1881
f 1851 1881 1852
f 1851 1854 1863
f 1851 1862 1861
f 1851 1861 1919
f 1851 1919 1916
f 1859 1920 1860
f 1860 1920 1861
f 1865 1885 1921
f 1865 1921 1866
f 1865 1884 1885
f 1866 1921 1868
f 1868 1922 1869
f 1869 1922 1874
f 1869 1874 1870
f 1870 1874 1871
f 1871 1874 1872
f 1874 1922 1923
f 1874 1923 1875
f 1875 1923 1924
f 1875 1924 1876
f 1876 1924 1925
f 1876 1925 1877
f 1877 1925 1926
f 1877 1926 1892
f 1877 1892 1886
f 1877 1886 1878
f 1879 1881 1918
f 1879 1918 1917
f 1882 1921 1883
f 1883 1921 1885
f 1887 1896 1888
f 1892 1926 1893
f 1893 1926 1894
f 1894 1926 1925
f 1894 1925 1895
f 1895 1925 1923
f 1897 1907 1927
f 1897 1927 1898
f 1898 1927 1907
f 1898 1907 1906
f 1898 1906 1928
f 1898 1928 1929
f 1898 1929 1930
f 1898 1930 1899
f 1900 1909 1901
f 1901 1909 1908
f 1909 1931 1911
f 1909 1911 1910
f 1911 1931 1915
f 1916 1932 1917
f 1916 1919 1932
f 1923 1925 1924

o geometry_8
v -0.13875142 0.19107696 0.39865537
v -0.14894395 0.19107696 0.39429511
v -0.13875142 0.03485453 0.36270106
v -0.13875142 0.19107696 0.17828332
v -0.15026737 0.19107696 0.39350883
v -0.15365714 0.03485453 0.35430218
v -0.14587923 0.03485453 0.35880539
v -0.13875142 0.03485453 0.14493802
v -0.13875142 0.18205472 0.17403028
v -0.16696083 0.14764786 0.03357258
v -0.16763413 0.15270948 0.03357258
v -0.16902719 0.16309272 0.03357258
v -0.16958441 0.16645694 0.03357258
v -0.17100069 0.17479105 0.03357258
v -0.17211514 0.17997501 0.03357258
v -0.17269559 0.18251348 0.03357258
v -0.17394934 0.18673405 0.03357258
v -0.17529594 0.19107696 0.03357258
v -0.17805885 0.19107696 0.37435224
v -0.17348497 0.03485453 0.34150731
v -0.16445333 0.03485453 0.34747585
v -0.15765056 0.03485453 0.35180039
v -0.16227086 0.03485453 0.03357258
v -0.16489446 0.11677344 0.03357258
v -0.16505699 0.12183506 0.03357258
v -0.13875142 0.14757140 0.16502382
v -0.13875142 0.17725305 0.17202883
v -0.16545168 0.13221829 0.03357258
v -0.16593926 0.13727993 0.03357258
v -0.37594261 0.19107696 0.03357258
v -0.19521666 0.19107696 0.35991335
v -0.20889185 0.03485453 0.31438075
v -0.20236768 0.03485453 0.31974171
v -0.19948871 0.03485453 0.32210057
v -0.19171081 0.03485453 0.32814059
v -0.18446692 0.03485453 0.33350159
v -0.18089141 0.03485453 0.33614632
v -0.17543525 0.03485453 0.34011346
v -0.34339150 0.03485453 0.03357258
v -0.13875142 0.16309272 0.16795450
v -0.13875142 0.17239021 0.17052777
v -0.37459600 0.18413442 0.03357258
v -0.37454954 0.18439438 0.03478774
v -0.37554788 0.19107696 0.03825450
v -0.21160830 0.19107696 0.34554590
v -0.21831820 0.04820440 0.30923421
v -0.21666974 0.03485453 0.30780463
v -0.34346114 0.03509920 0.03357258
v -0.34313612 0.03485453 0.03753971
v -0.36941844 0.15801579 0.03357258
v -0.36999891 0.16309272 0.03864764
v -0.37406197 0.18684110 0.04511656
v -0.37526929 0.19107696 0.04107794
v -0.22760524 0.19107696 0.33121423
v -0.22885899 0.07048474 0.30473099
v -0.21959516 0.05849587 0.31030641
v -0.22737308 0.04013025 0.29947722
v -0.22630507 0.03485453 0.29926280
v -0.35019426 0.06540782 0.03357258
v -0.35098367 0.07048474 0.03864764
v -0.34195201 0.03485453 0.05412300
v -0.36735209 0.14764786 0.03357258
v -0.36693416 0.14764786 0.03864764
v -0.36542503 0.14764786 0.05412300
v -0.37150804 0.17852227 0.05412300
v -0.37396911 0.19107696 0.05412300
v -0.37473528 0.19107696 0.04643894
v -0.24316104 0.19107696 0.31673958
v -0.23561532 0.05503989 0.29533138
v -0.23069319 0.08591431 0.30630355
v -0.23452410 0.04562005 0.29433068
v -0.23327035 0.03532858 0.29315128
v -0.23320069 0.03485453 0.29307978
v -0.35462882 0.08591431 0.03357258
v -0.35425734 0.08591431 0.03864764
v -0.34116262 0.03485453 0.06455905
v -0.34074469 0.03485453 0.06981281
v -0.36321936 0.12714137 0.03357258
v -0.36384622 0.13221829 0.03864764
v -0.36233706 0.13221829 0.05412300
v -0.35906339 0.12233970 0.06566699
v -0.36674842 0.16309272 0.06959836
v -0.37264569 0.19107696 0.06666770
v -0.25848466 0.19107696 0.30176458
v -0.24508811 0.07048474 0.28939857
v -0.23731019 0.07048474 0.29697544
v -0.24339323 0.05503989 0.28775454
v -0.25017278 0.04511543 0.27896253
v -0.24908155 0.03485453 0.27774738
v -0.24376471 0.03485453 0.28289392
v -0.23354896 0.03485453 0.29275813
v -0.35762390 0.10008994 0.03357258
v -0.35748459 0.10178734 0.03964835
v -0.35899375 0.10723127 0.03518088
v -0.35906339 0.10692543 0.03357258
v -0.35822758 0.10294953 0.03357258
v -0.33969992 0.03485453 0.08032034
v -0.35855260 0.10944860 0.04547396
v -0.36092079 0.11594767 0.03357258
v -0.36031714 0.11545833 0.03964835
v -0.35811148 0.11160476 0.05412300
v -0.33921234 0.03485453 0.08507374
v -0.33798180 0.03485453 0.09579570
v -0.35845974 0.12527575 0.07599581
v -0.37227421 0.19107696 0.06992003
v -0.27336717 0.19107696 0.28657513
v -0.26565893 0.04525305 0.26345143
v -0.25124079 0.05503989 0.28003474
v -0.26454446 0.03496158 0.26230775
v -0.26454446 0.03485453 0.26227203
v -0.33742459 0.03485453 0.10054910
v -0.37064898 0.19107696 0.08214307
v -0.33545109 0.03485453 0.11602446
v -0.27522457 0.19107696 0.28460945
v -0.27085967 0.03485453 0.25540996
v -0.28047176 0.18749863 0.27810478
v -0.27991454 0.03959504 0.24651073
v -0.26461413 0.03485453 0.26220053
v -0.37025429 0.19107696 0.08507374
v -0.33305966 0.03485453 0.13149983
v -0.34292716 0.07881885 0.12281504
v -0.28465092 0.19107696 0.27420914
v -0.27942697 0.03485453 0.24593890
v -0.28595113 0.03485453 0.23821907
v -0.28147010 0.03485453 0.24358007
v -0.28808715 0.19107696 0.27034923
v -0.28070393 0.04782210 0.24740423
v -0.36767712 0.19107696 0.10054910
v -0.34392550 0.08911032 0.12871212
v -0.33106295 0.03485453 0.14222179
v -0.34302002 0.09382024 0.13900520
v -0.29417016 0.03959504 0.22906967
v -0.29372901 0.03485453 0.22853358
v -0.29544712 0.19107696 0.26166442
v -0.36479814 0.19107696 0.11602446
v -0.33022711 0.03485453 0.14668928
v -0.33398836 0.05503989 0.14693945
v -0.33689058 0.07048474 0.14693945
v -0.33976956 0.08591431 0.14693945
v -0.34397196 0.10411171 0.14322250
v -0.30933126 0.19107696 0.24397319
v -0.31039927 0.19107696 0.24254361
v -0.29547034 0.03485453 0.22613901
v -0.30067108 0.19107696 0.25515978
v -0.30264457 0.19107696 0.25262225
v -0.36161732 0.19107696 0.13132113
v -0.32804466 0.03485453 0.15662496
v -0.34278785 0.11059550 0.15355132
v -0.34216096 0.09992172 0.14779721
v -0.34506318 0.11614647 0.14779721
v -0.34803502 0.13221829 0.14693945
v -0.31490348 0.19107696 0.23625339
v -0.29927802 0.03485453 0.22077803
v -0.35876155 0.18543424 0.13979148
v -0.35927234 0.19107696 0.14168569
v -0.32581578 0.03485453 0.16438051
v -0.32848578 0.03959504 0.15812603
v -0.32623369 0.03959504 0.16588159
v -0.34369334 0.12087167 0.15680366
v -0.35068183 0.14764786 0.14693945
v -0.32337792 0.19107696 0.22360148
v -0.32488706 0.19107696 0.22124264
v -0.32734813 0.18705517 0.21631054
v -0.30868116 0.05503989 0.21112826
v -0.30717203 0.03485453 0.20812611
v -0.35729885 0.19107696 0.14947699
v -0.35632372 0.17959271 0.14576004
v -0.32114902 0.03485453 0.17789018
v -0.32711596 0.04947362 0.16891947
v -0.34118584 0.11614647 0.16216464
v -0.34469171 0.13221829 0.15980581
v -0.33041285 0.19107696 0.21216471
v -0.31237277 0.04450375 0.20190737
v -0.31111902 0.03485453 0.20122832
v -0.35346796 0.19107696 0.16241482
v -0.32897336 0.07048474 0.17395879
v -0.32802144 0.05976510 0.17152848
v -0.31474096 0.03485453 0.19329407
v -0.32595507 0.07048474 0.18171434
v -0.34220742 0.13221829 0.16756136
v -0.34891729 0.16309272 0.16241482
v -0.33171303 0.19107696 0.20987737
v -0.32776603 0.13815156 0.20162146
v -0.32693022 0.12786009 0.20001316
v -0.31197807 0.03485453 0.19958429
v -0.34870834 0.19107696 0.17499524
v -0.34290395 0.14087353 0.16970575
v -0.34373976 0.15116501 0.17177866
v -0.32997173 0.08635778 0.17856923
v -0.32781249 0.09180170 0.18632479
v -0.32690701 0.08151023 0.18418040
v -0.33990884 0.19107696 0.19450922
v -0.32602474 0.11677344 0.19822617
v -0.34754747 0.19107696 0.17803314
v -0.33285071 0.10135916 0.17789018
v -0.32857866 0.10135916 0.18793309
v -0.34364691 0.19107696 0.18689663
v -0.34422734 0.19107696 0.18560999
f 1933 1934 1935
f 1933 1935 1940
f 1933 1940 1958
f 1933 1958 1972
f 1933 1972 1973
f 1933 1973 1959
f 1933 1959 1941
f 1933 1941 1936
f 1933 1936 1950
f 1933 1950 1962
f 1933 1962 1976
f 1933 1976 1985
f 1933 1985 1999
f 1933 1999 1998
f 1933 1998 2015
f 1933 2015 2037
f 1933 2037 2044
f 1933 2044 2051
f 1933 2051 2060
f 1933 2060 2067
f 1933 2067 2078
f 1933 2078 2087
f 1933 2087 2098
f 1933 2098 2107
f 1933 2107 2118
f 1933 2118 2126
f 1933 2126 2130
f 1933 2130 2129
f 1933 2129 2124
f 1933 2124 2114
f 1933 2114 2104
f 1933 2104 2094
f 1933 2094 2093
f 1933 2093 2084
f 1933 2084 2074
f 1933 2074 2073
f 1933 2073 2077
f 1933 2077 2076
f 1933 2076 2066
f 1933 2066 2058
f 1933 2058 2054
f 1933 2054 2046
f 1933 2046 2038
f 1933 2038 2016
f 1933 2016 2000
f 1933 2000 1986
f 1933 1986 1977
f 1933 1977 1963
f 1933 1963 1951
f 1933 1951 1937
f 1933 1937 1934
f 1934 1937 1938
f 1934 1938 1939
f 1934 1939 1935
f 1935 1939 1938
f 1935 1938 1954
f 1935 1954 1953
f 1935 1953 1952
f 1935 1952 1970
f 1935 1970 1969
f 1935 1969 1968
f 1935 1968 1967
f 1935 1967 1966
f 1935 1966 1965
f 1935 1965 1964
f 1935 1964 1979
f 1935 1979 1990
f 1935 1990 2005
f 1935 2005 2023
f 1935 2023 2022
f 1935 2022 2021
f 1935 2021 2042
f 1935 2042 2050
f 1935 2050 2047
f 1935 2047 2055
f 1935 2055 2057
f 1935 2057 2056
f 1935 2056 2065
f 1935 2065 2075
f 1935 2075 2085
f 1935 2085 2097
f 1935 2097 2106
f 1935 2106 2117
f 1935 2117 2110
f 1935 2110 2100
f 1935 2100 2088
f 1935 2088 2079
f 1935 2079 2068
f 1935 2068 2062
f 1935 2062 2052
f 1935 2052 2045
f 1935 2045 2043
f 1935 2043 2035
f 1935 2035 2034
f 1935 2034 2029
f 1935 2029 2009
f 1935 2009 2008
f 1935 2008 1993
f 1935 1993 1981
f 1935 1981 1971
f 1935 1971 1955
f 1935 1955 1940
f 1936 1941 1942
f 1936 1942 1943
f 1936 1943 1944
f 1936 1944 1945
f 1936 1945 1946
f 1936 1946 1947
f 1936 1947 1948
f 1936 1948 1949
f 1936 1949 1950
f 1937 1951 1952
f 1937 1952 1953
f 1937 1953 1954
f 1937 1954 1938
f 1940 1955 1956
f 1940 1956 1957
f 1940 1957 1958
f 1941 1959 1960
f 1941 1960 1961
f 1941 1961 1942
f 1942 1961 1960
f 1942 1960 1957
f 1942 1957 1956
f 1942 1956 1955
f 1942 1955 1971
f 1942 1971 1980
f 1942 1980 1991
f 1942 1991 2006
f 1942 2006 2024
f 1942 2024 2028
f 1942 2028 2027
f 1942 2027 2031
f 1942 2031 2010
f 1942 2010 1994
f 1942 1994 1982
f 1942 1982 1974
f 1942 1974 1962
f 1942 1962 1950
f 1942 1950 1949
f 1942 1949 1948
f 1942 1948 1947
f 1942 1947 1946
f 1942 1946 1945
f 1942 1945 1944
f 1942 1944 1943
f 1951 1963 1964
f 1951 1964 1965
f 1951 1965 1966
f 1951 1966 1967
f 1951 1967 1968
f 1951 1968 1969
f 1951 1969 1970
f 1951 1970 1952
f 1957 1960 1958
f 1958 1960 1972
f 1959 1973 1960
f 1960 1973 1972
f 1962 1974 1975
f 1962 1975 1976
f 1963 1977 1978
f 1963 1978 1979
f 1963 1979 1964
f 1971 1981 1980
f 1974 1982 1975
f 1975 1983 1976
f 1975 1982 1983
f 1976 1983 1984
f 1976 1984 1985
f 1977 1986 1987
f 1977 1987 1988
f 1977 1988 1978
f 1978 1988 1987
f 1978 1987 1979
f 1979 1987 1989
f 1979 1989 1990
f 1980 1981 1992
f 1980 1992 1991
f 1981 1993 1992
f 1982 1994 1995
f 1982 1995 1983
f 1983 1995 1996
f 1983 1996 1984
f 1984 1996 1997
f 1984 1997 1998
f 1984 1998 1999
f 1984 1999 1985
f 1986 2000 2001
f 1986 2001 2002
f 1986 2002 1987
f 1987 2002 2001
f 1987 2001 2003
f 1987 2003 1989
f 1989 2003 1990
f 1990 2003 2004
f 1990 2004 2005
f 1991 1992 2006
f 1992 2007 2006
f 1992 1993 2008
f 1992 2008 2009
f 1992 2009 2007
f 1994 2010 2011
f 1994 2011 1995
f 1995 2011 2012
f 1995 2012 1996
f 1996 2012 2013
f 1996 2013 2014
f 1996 2014 2015
f 1996 2015 1997
f 1997 2015 1998
f 2000 2016 2017
f 2000 2017 2018
f 2000 2018 2001
f 2001 2018 2017
f 2001 2017 2019
f 2001 2019 2003
f 2003 2019 2020
f 2003 2020 2021
f 2003 2021 2022
f 2003 2022 2004
f 2004 2022 2023
f 2004 2023 2005
f 2006 2007 2024
f 2007 2009 2025
f 2007 2025 2026
f 2007 2026 2027
f 2007 2027 2028
f 2007 2028 2024
f 2009 2029 2030
f 2009 2030 2025
f 2010 2031 2011
f 2011 2031 2032
f 2011 2032 2030
f 2011 2030 2012
f 2012 2030 2033
f 2012 2033 2029
f 2012 2029 2034
f 2012 2034 2013
f 2013 2034 2035
f 2013 2035 2036
f 2013 2036 2014
f 2014 2036 2037
f 2014 2037 2015
f 2016 2038 2039
f 2016 2039 2040
f 2016 2040 2017
f 2017 2040 2020
f 2017 2020 2019
f 2020 2040 2039
f 2020 2039 2041
f 2020 2041 2021
f 2021 2041 2042
f 2025 2032 2026
f 2025 2030 2032
f 2026 2032 2031
f 2026 2031 2027
f 2029 2033 2030
f 2035 2043 2036
f 2036 2043 2037
f 2037 2043 2045
f 2037 2045 2044
f 2038 2046 2039
f 2039 2047 2041
f 2039 2046 2048
f 2039 2048 2049
f 2039 2049 2047
f 2041 2047 2050
f 2041 2050 2042
f 2044 2045 2051
f 2045 2052 2053
f 2045 2053 2051
f 2046 2054 2048
f 2047 2049 2055
f 2048 2054 2049
f 2049 2056 2057
f 2049 2057 2055
f 2049 2054 2058
f 2049 2058 2059
f 2049 2059 2056
f 2051 2053 2061
f 2051 2061 2060
f 2052 2062 2063
f 2052 2063 2061
f 2052 2061 2053
f 2056 2064 2065
f 2056 2059 2066
f 2056 2066 2064
f 2058 2066 2059
f 2060 2061 2063
f 2060 2063 2067
f 2062 2068 2063
f 2063 2068 2069
f 2063 2069 2070
f 2063 2070 2071
f 2063 2071 2072
f 2063 2072 2067
f 2064 2073 2074
f 2064 2074 2075
f 2064 2075 2065
f 2064 2066 2076
f 2064 2076 2077
f 2064 2077 2073
f 2067 2072 2078
f 2068 2079 2069
f 2069 2079 2070
f 2070 2079 2071
f 2071 2079 2080
f 2071 2080 2081
f 2071 2081 2072
f 2072 2081 2080
f 2072 2080 2082
f 2072 2082 2083
f 2072 2083 2078
f 2074 2084 2075
f 2075 2084 2085
f 2078 2086 2087
f 2078 2083 2086
f 2079 2088 2089
f 2079 2089 2080
f 2080 2083 2082
f 2080 2089 2088
f 2080 2088 2090
f 2080 2090 2091
f 2080 2091 2092
f 2080 2092 2083
f 2083 2092 2086
f 2084 2093 2085
f 2085 2093 2094
f 2085 2094 2095
f 2085 2095 2096
f 2085 2096 2097
f 2086 2092 2087
f 2087 2092 2099
f 2087 2099 2098
f 2088 2100 2090
f 2090 2100 2101
f 2090 2101 2091
f 2091 2102 2103
f 2091 2103 2098
f 2091 2098 2092
f 2091 2101 2102
f 2092 2098 2099
f 2094 2104 2095
f 2095 2104 2105
f 2095 2105 2097
f 2095 2097 2096
f 2097 2105 2106
f 2098 2103 2107
f 2100 2108 2109
f 2100 2109 2101
f 2100 2110 2111
f 2100 2111 2108
f 2101 2112 2102
f 2101 2109 2112
f 2102 2112 2103
f 2103 2113 2107
f 2103 2112 2113
f 2104 2114 2105
f 2105 2115 2116
f 2105 2116 2117
f 2105 2117 2106
f 2105 2114 2115
f 2107 2113 2112
f 2107 2112 2119
f 2107 2119 2120
f 2107 2120 2118
f 2108 2119 2112
f 2108 2112 2109
f 2108 2111 2121
f 2108 2121 2119
f 2110 2117 2122
f 2110 2122 2123
f 2110 2123 2111
f 2111 2123 2121
f 2114 2124 2115
f 2115 2124 2116
f 2116 2124 2125
f 2116 2125 2117
f 2117 2125 2122
f 2118 2120 2126
f 2119 2121 2127
f 2119 2127 2122
f 2119 2122 2120
f 2120 2122 2126
f 2121 2123 2127
f 2122 2125 2128
f 2122 2128 2129
f 2122 2129 2130
f 2122 2130 2126
f 2122 2127 2123
f 2124 2129 2128
f 2124 2128 2125

o geometry_9
v -0.02173020 0.23992747 -0.46579845
v -0.02173020 0.25310190 -0.46545140
v -0.02173020 0.23019324 -0.46493085
v -0.03115465 0.23439578 -0.46421508
v -0.02516885 0.23984929 -0.46532129
v -0.03284213 0.24469684 -0.46447538
v -0.03284213 0.24944670 -0.46447538
v -0.02173020 0.25513474 -0.46538637
v -0.02173020 0.22862953 -0.46454046
v -0.03952840 0.22485702 -0.46050605
v -0.05509785 0.22485702 -0.45740433
v -0.05509785 0.24029886 -0.46028914
v -0.03863690 0.23984929 -0.46330408
v -0.02883037 0.25974776 -0.46386802
v -0.02376791 0.25505657 -0.46512609
v -0.05509785 0.25572114 -0.45985534
v -0.03863690 0.25505657 -0.46291367
v -0.02173020 0.25896590 -0.46493085
v -0.02173020 0.22339102 -0.46315225
v -0.02516885 0.22470065 -0.46295703
v -0.05509785 0.21248399 -0.45191669
v -0.07066730 0.21531826 -0.45000795
v -0.07885002 0.21697972 -0.44892344
v -0.08493134 0.22507203 -0.45048514
v -0.09664823 0.23034962 -0.44966093
v -0.08623675 0.24029886 -0.45365192
v -0.08623675 0.25572114 -0.45358687
v -0.02173020 0.26871968 -0.46354269
v -0.03952840 0.27114345 -0.46039758
v -0.05509785 0.27114345 -0.45749111
v -0.09703030 0.26690182 -0.44970429
v -0.02173020 0.20961064 -0.45634151
v -0.05509785 0.20476308 -0.44627724
v -0.02399080 0.20941518 -0.45584262
v -0.03825483 0.20861377 -0.45265418
v -0.04258498 0.20292569 -0.44773047
v -0.06124285 0.16918820 -0.41758102
v -0.07066730 0.16918820 -0.41491313
v -0.07646206 0.16918820 -0.41319959
v -0.10180620 0.21172169 -0.43788312
v -0.08922965 0.22006809 -0.44760034
v -0.10180620 0.22507203 -0.44575666
v -0.11737565 0.22485702 -0.44011718
v -0.14131886 0.23195244 -0.43361013
v -0.11737565 0.24029886 -0.44488906
v -0.10744177 0.24029886 -0.44814261
v -0.09964113 0.24029886 -0.45052853
v -0.09992768 0.25572114 -0.45057189
v -0.02376791 0.27075252 -0.46289198
v -0.02173020 0.27161256 -0.46302211
v -0.03952840 0.28658528 -0.45582093
v -0.02173020 0.28451335 -0.45933476
v -0.07066730 0.28349693 -0.45072372
v -0.08655515 0.27167122 -0.45078881
v -0.09193600 0.27716380 -0.44835950
v -0.08155637 0.28054539 -0.44950907
v -0.10772832 0.25572114 -0.44827272
v -0.11737565 0.25572114 -0.44521441
v -0.11737565 0.27114345 -0.44235130
v -0.10206092 0.27167122 -0.44699301
v -0.02173020 0.20071693 -0.44989951
v -0.02399080 0.20087329 -0.44970429
v -0.04701065 0.16918820 -0.42085624
v -0.05296461 0.16918820 -0.41948976
v -0.03220535 0.20161607 -0.44892344
v -0.08614123 0.16918820 -0.41009787
v -0.11737565 0.21510325 -0.43497662
v -0.12527181 0.21705791 -0.43341491
v -0.13144866 0.22602982 -0.43506337
v -0.13294511 0.24029886 -0.43903269
v -0.13565145 0.22167092 -0.43100729
v -0.14880111 0.22456382 -0.42595345
v -0.16144134 0.22743717 -0.42087794
v -0.17182097 0.23267566 -0.41786299
v -0.15115722 0.24029886 -0.43094221
v -0.14338841 0.24029886 -0.43456448
v -0.13294511 0.25572114 -0.43957494
v -0.05592567 0.28773854 -0.45222035
v -0.05127713 0.29571358 -0.44968260
v -0.02173020 0.30077616 -0.45222035
v -0.02399080 0.28658528 -0.45831532
v -0.02173020 0.28642893 -0.45874912
v -0.06165676 0.29364162 -0.44853302
v -0.08655515 0.28603800 -0.44595188
v -0.12864679 0.28189408 -0.43480309
v -0.11718462 0.28685895 -0.43666846
v -0.10180620 0.28658528 -0.44170058
v -0.14227404 0.26610041 -0.43406563
v -0.13348638 0.27120209 -0.43632141
v -0.13902642 0.27638193 -0.43265575
v -0.02173020 0.16918820 -0.42302528
v -0.02262170 0.16918820 -0.42296020
v -0.03927369 0.16918820 -0.42172385
v -0.09989584 0.16918820 -0.40502236
v -0.11772589 0.16918820 -0.39801640
v -0.11094410 0.16918820 -0.40068432
v -0.12348881 0.16918820 -0.39547864
v -0.13329534 0.16918820 -0.39103215
v -0.14590372 0.21406727 -0.42068272
v -0.15628337 0.21715565 -0.41786299
v -0.14412072 0.25572114 -0.43488984
v -0.16561230 0.22331283 -0.41606270
v -0.16561230 0.23881330 -0.42278667
v -0.17990816 0.22466155 -0.40779872
v -0.18965101 0.22966549 -0.40413306
v -0.19191161 0.24029886 -0.40582491
v -0.17911218 0.23881330 -0.41441425
v -0.17354029 0.24295721 -0.41896918
v -0.16408400 0.25572114 -0.42467374
v -0.15188953 0.25572114 -0.43122421
v -0.03952840 0.30536961 -0.44597357
v -0.02399080 0.30798885 -0.44779556
v -0.02173020 0.30839933 -0.44803414
v -0.08505869 0.30263308 -0.43703718
v -0.07066730 0.29121785 -0.44744850
v -0.10180620 0.29796143 -0.43575747
v -0.12227892 0.29219518 -0.43226531
v -0.13348638 0.28685895 -0.43022644
v -0.11189928 0.29557674 -0.43419576
v -0.17264880 0.26518174 -0.41838354
v -0.16446607 0.27065477 -0.42129005
v -0.14787777 0.27120209 -0.42983602
v -0.16991060 0.27546326 -0.41680017
v -0.15953097 0.28212867 -0.41964159
v -0.14889663 0.28699576 -0.42267823
v -0.02173020 0.16918820 -0.29746036
v -0.13679767 0.16918820 -0.38921017
v -0.16226917 0.16918820 -0.37487291
v -0.17487755 0.21496641 -0.40454517
v -0.14841904 0.16918820 -0.38298506
v -0.18522535 0.21936441 -0.40068432
v -0.19573234 0.22401651 -0.39513159
v -0.20601646 0.22864907 -0.38955719
v -0.21668264 0.24029886 -0.38521915
v -0.20888199 0.24029886 -0.39189976
v -0.19968042 0.24029886 -0.39964319
v -0.19264392 0.25572114 -0.40623702
v -0.20044456 0.25572114 -0.40044571
v -0.18153197 0.25572114 -0.41398045
v -0.17373134 0.25572114 -0.41907765
v -0.07907289 0.30990443 -0.43350166
v -0.02173020 0.31397011 -0.44237299
v -0.07066730 0.31115540 -0.43445604
v -0.05509785 0.31336420 -0.43627802
v -0.03952840 0.31494747 -0.43823014
v -0.08945253 0.30820386 -0.43211350
v -0.10180620 0.30568234 -0.43018305
v -0.14399337 0.29649544 -0.41964159
v -0.13294511 0.29970108 -0.42224443
v -0.11839450 0.30259399 -0.42614867
v -0.19066988 0.27114345 -0.40469700
v -0.17857091 0.27065477 -0.41285254
v -0.18850480 0.28013491 -0.40317868
v -0.16446607 0.28699576 -0.41391536
v -0.15437300 0.29242973 -0.41673512
v -0.02173020 0.17855104 -0.29706995
v -0.10250667 0.16918820 -0.24423248
v -0.17245775 0.16918820 -0.36804047
v -0.17997185 0.16918820 -0.36279144
v -0.19531843 0.16918820 -0.35120882
v -0.20601646 0.16918820 -0.34294484
v -0.21378527 0.16918820 -0.33667637
v -0.22305051 0.16918820 -0.32895463
v -0.20184550 0.21834799 -0.38584817
v -0.22155406 0.22862953 -0.37463430
v -0.24737580 0.16918820 -0.30745957
v -0.25543113 0.16918820 -0.29973784
v -0.21766966 0.25572114 -0.38615184
v -0.22432408 0.24029886 -0.37749741
v -0.20986902 0.25572114 -0.39270228
v -0.19843868 0.27114345 -0.39892739
v -0.20802234 0.27114345 -0.39120565
v -0.10180620 0.31377467 -0.42243965
v -0.08505869 0.31449788 -0.42643064
v -0.02399080 0.31561205 -0.44007382
v -0.02173020 0.31557296 -0.44044254
v -0.07066730 0.31752762 -0.42562809
v -0.05509785 0.31928682 -0.42562809
v -0.11451011 0.31164408 -0.42005372
v -0.12485790 0.30961122 -0.41773286
v -0.13294511 0.30742200 -0.41541199
v -0.33703543 0.36866159 -0.24423248
v -0.18341050 0.29041644 -0.39962149
v -0.17879380 0.28580342 -0.40578152
v -0.34655542 0.36008064 -0.24423248
v -0.34483611 0.36197664 -0.24423248
v -0.17303087 0.29516626 -0.40317868
v -0.02173020 0.19360196 -0.29672289
v -0.30513240 0.16918820 -0.24423248
v -0.02173020 0.19397333 -0.29672289
v -0.02173020 0.20941518 -0.29733022
v -0.10352553 0.17855104 -0.24423248
v -0.23085117 0.16918820 -0.32225233
v -0.23960699 0.16918820 -0.31453059
v -0.24266355 0.16918820 -0.31175423
v -0.23664592 0.22937229 -0.35877872
v -0.23209289 0.24029886 -0.36929852
v -0.25851957 0.16918820 -0.29672289
v -0.26323179 0.16918820 -0.29210288
v -0.27080957 0.16918820 -0.28435945
v -0.27386616 0.16918820 -0.28119267
v -0.27857838 0.16918820 -0.27624730
v -0.21579113 0.27114345 -0.38452507
v -0.22527927 0.25572114 -0.37840841
v -0.24040297 0.25572114 -0.36263960
v -0.23304807 0.25572114 -0.37036131
v -0.03952840 0.32057688 -0.42562809
v -0.02173020 0.32036187 -0.42825262
v -0.33525244 0.36885709 -0.24423248
v -0.24817178 0.25572114 -0.35441898
v -0.34700116 0.34831356 -0.24423248
v -0.33276896 0.26584631 -0.24423248
v -0.29644026 0.24782431 -0.29422850
v -0.28255829 0.24450138 -0.31179762
v -0.30258526 0.16918820 -0.24761614
v -0.02173020 0.21035342 -0.29743866
v -0.10616820 0.19397333 -0.24423248
v -0.10400312 0.18181534 -0.24423248
v -0.23928859 0.24029886 -0.36155509
v -0.28542383 0.16918820 -0.26850387
v -0.24708924 0.24029886 -0.35298744
v -0.02399080 0.32126103 -0.42562809
v -0.02173020 0.32122192 -0.42562809
v -0.31586227 0.36703923 -0.24423248
v -0.25517645 0.25572114 -0.34669725
v -0.34690566 0.34225410 -0.24423248
v -0.26297707 0.25572114 -0.33789099
v -0.33719464 0.28330147 -0.24423248
v -0.34117456 0.30202714 -0.24423248
v -0.34146112 0.30353224 -0.24423248
v -0.34384907 0.31746896 -0.24423248
v -0.34483611 0.32417346 -0.24423248
v -0.28357715 0.25572114 -0.31301227
v -0.27727296 0.25572114 -0.32075570
v -0.26947231 0.25572114 -0.33014759
v -0.25377551 0.24029886 -0.34524401
v -0.26154432 0.24029886 -0.33591718
v -0.26775297 0.24029886 -0.32817378
v -0.29952867 0.16918820 -0.25165052
v -0.02173020 0.22411425 -0.29949926
v -0.10986156 0.21076390 -0.24423248
v -0.28848039 0.16918820 -0.26494665
v -0.02173020 0.32077235 -0.41235365
v -0.28405473 0.35955287 -0.24423248
v -0.02173020 0.31920862 -0.39688852
v -0.02173020 0.32059643 -0.41014126
v -0.34626886 0.33545188 -0.24423248
v -0.34575944 0.33064340 -0.24423248
v -0.29319264 0.16918820 -0.25939395
v -0.02173020 0.22796494 -0.30049700
v -0.11750302 0.23130741 -0.24423248
v -0.26447354 0.35415801 -0.24423248
v -0.02173020 0.31883723 -0.39467612
v -0.02173020 0.24029886 -0.30370716
v -0.12145110 0.24037703 -0.24423248
v -0.25310687 0.35067870 -0.24423248
v -0.02173020 0.31576843 -0.38140166
v -0.02173020 0.24248808 -0.30437955
v -0.12820104 0.25507611 -0.24423248
v -0.23865182 0.34540111 -0.24423248
v -0.02173020 0.31133133 -0.36762836
v -0.02173020 0.31514291 -0.37905912
v -0.02173020 0.25294552 -0.30815365
v -0.13657479 0.27028338 -0.24423248
v -0.23050092 0.34207820 -0.24423248
v -0.02173020 0.30861434 -0.36140325
v -0.02173020 0.25855542 -0.31069143
v -0.14119150 0.27796524 -0.24423248
v -0.21945267 0.33754336 -0.24423248
v -0.02173020 0.30798885 -0.36010182
v -0.02173020 0.26271885 -0.31307736
v -0.15539185 0.29516626 -0.24423248
v -0.14813249 0.28680029 -0.24423248
v -0.14669970 0.28509975 -0.24423248
v -0.14456647 0.28244140 -0.24423248
v -0.20665324 0.33201166 -0.24423248
v -0.02173020 0.30247670 -0.35044966
v -0.19716511 0.32777006 -0.24423248
v -0.18939630 0.32401711 -0.24423248
v -0.02173020 0.27075252 -0.31797934
v -0.15727038 0.29700364 -0.24423248
v -0.02173020 0.27186669 -0.31873850
v -0.02173020 0.27344996 -0.31982302
v -0.02173020 0.30118664 -0.34821557
v -0.18697650 0.32260973 -0.24423248
v -0.02173020 0.29534219 -0.33923581
v -0.02173020 0.29600676 -0.34023356
v -0.16128214 0.30087388 -0.24423248
v -0.02173020 0.28500201 -0.32923660
v -0.17124786 0.31029536 -0.24423248
v -0.17627849 0.31455654 -0.24423248
v -0.02173020 0.28746489 -0.33149238
v -0.02173020 0.28637027 -0.33047295
v -0.17322191 0.31199590 -0.24423248
f 2131 2132 2138
f 2131 2138 2148
f 2131 2148 2158
f 2131 2158 2180
f 2131 2180 2182
f 2131 2182 2212
f 2131 2212 2210
f 2131 2210 2243
f 2131 2243 2272
f 2131 2272 2306
f 2131 2306 2338
f 2131 2338 2353
f 2131 2353 2373
f 2131 2373 2376
f 2131 2376 2375
f 2131 2375 2383
f 2131 2383 2387
f 2131 2387 2392
f 2131 2392 2391
f 2131 2391 2396
f 2131 2396 2400
f 2131 2400 2407
f 2131 2407 2414
f 2131 2414 2417
f 2131 2417 2416
f 2131 2416 2422
f 2131 2422 2423
f 2131 2423 2419
f 2131 2419 2413
f 2131 2413 2412
f 2131 2412 2410
f 2131 2410 2401
f 2131 2401 2397
f 2131 2397 2393
f 2131 2393 2388
f 2131 2388 2384
f 2131 2384 2380
f 2131 2380 2370
f 2131 2370 2346
f 2131 2346 2321
f 2131 2321 2320
f 2131 2320 2318
f 2131 2318 2286
f 2131 2286 2256
f 2131 2256 2221
f 2131 2221 2191
f 2131 2191 2162
f 2131 2162 2149
f 2131 2149 2139
f 2131 2139 2133
f 2131 2133 2134
f 2131 2134 2135
f 2131 2135 2136
f 2131 2136 2137
f 2131 2137 2132
f 2132 2137 2138
f 2133 2139 2140
f 2133 2140 2134
f 2134 2136 2135
f 2134 2140 2141
f 2134 2141 2142
f 2134 2142 2143
f 2134 2143 2136
f 2136 2143 2142
f 2136 2142 2137
f 2137 2144 2145
f 2137 2145 2138
f 2137 2142 2146
f 2137 2146 2147
f 2137 2147 2144
f 2138 2145 2148
f 2139 2149 2150
f 2139 2150 2140
f 2140 2151 2141
f 2140 2150 2149
f 2140 2149 2151
f 2141 2151 2152
f 2141 2152 2153
f 2141 2153 2154
f 2141 2154 2155
f 2141 2155 2142
f 2142 2155 2156
f 2142 2156 2157
f 2142 2157 2146
f 2144 2158 2148
f 2144 2148 2145
f 2144 2147 2159
f 2144 2159 2158
f 2146 2160 2159
f 2146 2159 2147
f 2146 2157 2161
f 2146 2161 2160
f 2149 2162 2151
f 2151 2163 2152
f 2151 2162 2164
f 2151 2164 2165
f 2151 2165 2166
f 2151 2166 2163
f 2152 2163 2167
f 2152 2167 2168
f 2152 2168 2153
f 2153 2169 2170
f 2153 2170 2171
f 2153 2171 2155
f 2153 2155 2154
f 2153 2168 2169
f 2155 2171 2172
f 2155 2172 2173
f 2155 2173 2174
f 2155 2174 2175
f 2155 2175 2176
f 2155 2176 2177
f 2155 2177 2156
f 2156 2177 2178
f 2156 2178 2157
f 2157 2178 2161
f 2158 2179 2180
f 2158 2159 2179
f 2159 2181 2182
f 2159 2182 2180
f 2159 2180 2179
f 2159 2160 2181
f 2160 2183 2181
f 2160 2161 2184
f 2160 2184 2185
f 2160 2185 2186
f 2160 2186 2183
f 2161 2185 2184
f 2161 2178 2187
f 2161 2187 2188
f 2161 2188 2189
f 2161 2189 2190
f 2161 2190 2185
f 2162 2191 2192
f 2162 2192 2164
f 2163 2166 2193
f 2163 2193 2194
f 2163 2194 2167
f 2164 2192 2195
f 2164 2195 2165
f 2165 2195 2166
f 2166 2195 2193
f 2167 2194 2193
f 2167 2193 2223
f 2167 2223 2222
f 2167 2222 2221
f 2167 2221 2256
f 2167 2256 2287
f 2167 2287 2319
f 2167 2319 2345
f 2167 2345 2369
f 2167 2369 2379
f 2167 2379 2372
f 2167 2372 2350
f 2167 2350 2332
f 2167 2332 2331
f 2167 2331 2330
f 2167 2330 2329
f 2167 2329 2328
f 2167 2328 2297
f 2167 2297 2296
f 2167 2296 2325
f 2167 2325 2324
f 2167 2324 2323
f 2167 2323 2293
f 2167 2293 2292
f 2167 2292 2291
f 2167 2291 2290
f 2167 2290 2289
f 2167 2289 2288
f 2167 2288 2258
f 2167 2258 2260
f 2167 2260 2257
f 2167 2257 2228
f 2167 2228 2227
f 2167 2227 2225
f 2167 2225 2226
f 2167 2226 2224
f 2167 2224 2196
f 2167 2196 2169
f 2167 2169 2168
f 2169 2196 2170
f 2170 2196 2197
f 2170 2197 2171
f 2171 2197 2198
f 2171 2198 2172
f 2172 2198 2173
f 2173 2198 2199
f 2173 2199 2174
f 2174 2200 2175
f 2174 2199 2198
f 2174 2198 2201
f 2174 2201 2202
f 2174 2202 2203
f 2174 2203 2204
f 2174 2204 2205
f 2174 2205 2206
f 2174 2206 2200
f 2175 2200 2207
f 2175 2207 2188
f 2175 2188 2176
f 2176 2187 2177
f 2176 2188 2187
f 2177 2187 2178
f 2181 2183 2208
f 2181 2208 2209
f 2181 2209 2210
f 2181 2210 2211
f 2181 2211 2212
f 2181 2212 2182
f 2183 2213 2208
f 2183 2186 2213
f 2185 2214 2186
f 2185 2190 2189
f 2185 2189 2215
f 2185 2215 2216
f 2185 2216 2217
f 2185 2217 2214
f 2186 2214 2213
f 2188 2207 2189
f 2189 2207 2218
f 2189 2218 2219
f 2189 2219 2220
f 2189 2220 2215
f 2191 2221 2222
f 2191 2222 2223
f 2191 2223 2193
f 2191 2193 2192
f 2192 2193 2195
f 2196 2224 2197
f 2197 2225 2198
f 2197 2224 2226
f 2197 2226 2225
f 2198 2225 2227
f 2198 2227 2228
f 2198 2228 2229
f 2198 2229 2230
f 2198 2230 2201
f 2200 2206 2231
f 2200 2231 2207
f 2201 2230 2202
f 2202 2230 2203
f 2203 2230 2232
f 2203 2232 2204
f 2204 2233 2205
f 2204 2232 2234
f 2204 2234 2235
f 2204 2235 2236
f 2204 2236 2237
f 2204 2237 2238
f 2204 2238 2233
f 2205 2233 2238
f 2205 2238 2239
f 2205 2239 2240
f 2205 2240 2231
f 2205 2231 2206
f 2207 2231 2218
f 2208 2213 2209
f 2209 2241 2242
f 2209 2242 2243
f 2209 2243 2210
f 2209 2213 2244
f 2209 2244 2241
f 2210 2212 2211
f 2213 2214 2245
f 2213 2245 2246
f 2213 2246 2244
f 2214 2217 2245
f 2215 2247 2216
f 2215 2220 2248
f 2215 2248 2247
f 2216 2247 2249
f 2216 2249 2217
f 2217 2249 2246
f 2217 2246 2245
f 2218 2231 2240
f 2218 2240 2250
f 2218 2250 2251
f 2218 2251 2252
f 2218 2252 2220
f 2218 2220 2219
f 2220 2252 2253
f 2220 2253 2254
f 2220 2254 2255
f 2220 2255 2248
f 2228 2257 2230
f 2228 2230 2229
f 2230 2258 2259
f 2230 2259 2232
f 2230 2257 2260
f 2230 2260 2258
f 2232 2259 2234
f 2234 2259 2261
f 2234 2261 2235
f 2235 2261 2262
f 2235 2262 2263
f 2235 2263 2264
f 2235 2264 2265
f 2235 2265 2266
f 2235 2266 2236
f 2236 2267 2238
f 2236 2238 2237
f 2236 2266 2268
f 2236 2268 2267
f 2238 2267 2269
f 2238 2269 2270
f 2238 2270 2239
f 2239 2250 2240
f 2239 2270 2250
f 2241 2244 2271
f 2241 2271 2242
f 2242 2271 2243
f 2243 2271 2273
f 2243 2273 2274
f 2243 2274 2275
f 2243 2275 2272
f 2244 2246 2276
f 2244 2276 2271
f 2246 2249 2277
f 2246 2277 2276
f 2247 2248 2278
f 2247 2278 2279
f 2247 2279 2249
f 2248 2255 2278
f 2249 2279 2280
f 2249 2280 2277
f 2250 2253 2251
f 2250 2270 2269
f 2250 2269 2267
f 2250 2267 2281
f 2250 2281 2282
f 2250 2282 2253
f 2251 2253 2252
f 2253 2282 2283
f 2253 2283 2254
f 2254 2283 2284
f 2254 2284 2285
f 2254 2285 2255
f 2255 2285 2278
f 2256 2286 2287
f 2258 2288 2259
f 2259 2289 2261
f 2259 2288 2289
f 2261 2289 2290
f 2261 2290 2291
f 2261 2291 2292
f 2261 2292 2293
f 2261 2293 2294
f 2261 2294 2262
f 2262 2294 2263
f 2263 2295 2264
f 2263 2294 2296
f 2263 2296 2297
f 2263 2297 2295
f 2264 2298 2265
f 2264 2295 2299
f 2264 2299 2298
f 2265 2298 2266
f 2266 2298 2300
f 2266 2300 2268
f 2267 2268 2281
f 2268 2301 2281
f 2268 2300 2302
f 2268 2302 2301
f 2271 2276 2303
f 2271 2303 2304
f 2271 2304 2273
f 2272 2275 2305
f 2272 2305 2306
f 2273 2304 2274
f 2274 2304 2275
f 2275 2304 2307
f 2275 2307 2308
f 2275 2308 2305
f 2276 2277 2309
f 2276 2309 2303
f 2277 2280 2310
f 2277 2310 2309
f 2278 2311 2310
f 2278 2310 2279
f 2278 2285 2312
f 2278 2312 2311
f 2279 2310 2280
f 2281 2283 2282
f 2281 2301 2283
f 2283 2313 2314
f 2283 2314 2284
f 2283 2301 2315
f 2283 2315 2316
f 2283 2316 2313
f 2284 2314 2285
f 2285 2314 2317
f 2285 2317 2312
f 2286 2318 2287
f 2287 2318 2320
f 2287 2320 2321
f 2287 2321 2322
f 2287 2322 2348
f 2287 2348 2347
f 2287 2347 2371
f 2287 2371 2381
f 2287 2381 2385
f 2287 2385 2389
f 2287 2389 2394
f 2287 2394 2398
f 2287 2398 2405
f 2287 2405 2404
f 2287 2404 2403
f 2287 2403 2402
f 2287 2402 2411
f 2287 2411 2418
f 2287 2418 2420
f 2287 2420 2424
f 2287 2424 2421
f 2287 2421 2415
f 2287 2415 2409
f 2287 2409 2408
f 2287 2408 2406
f 2287 2406 2399
f 2287 2399 2395
f 2287 2395 2390
f 2287 2390 2386
f 2287 2386 2382
f 2287 2382 2374
f 2287 2374 2354
f 2287 2354 2339
f 2287 2339 2312
f 2287 2312 2316
f 2287 2316 2315
f 2287 2315 2341
f 2287 2341 2356
f 2287 2356 2377
f 2287 2377 2378
f 2287 2378 2362
f 2287 2362 2361
f 2287 2361 2360
f 2287 2360 2359
f 2287 2359 2358
f 2287 2358 2342
f 2287 2342 2319
f 2293 2323 2294
f 2294 2323 2324
f 2294 2324 2325
f 2294 2325 2296
f 2295 2326 2327
f 2295 2327 2299
f 2295 2297 2328
f 2295 2328 2329
f 2295 2329 2330
f 2295 2330 2331
f 2295 2331 2332
f 2295 2332 2326
f 2298 2333 2302
f 2298 2302 2300
f 2298 2299 2334
f 2298 2334 2315
f 2298 2315 2333
f 2299 2327 2335
f 2299 2335 2336
f 2299 2336 2334
f 2301 2302 2315
f 2302 2333 2315
f 2303 2307 2304
f 2303 2309 2312
f 2303 2312 2307
f 2305 2308 2337
f 2305 2337 2306
f 2306 2337 2338
f 2307 2312 2308
f 2308 2312 2339
f 2308 2339 2337
f 2309 2310 2312
f 2310 2311 2312
f 2312 2317 2316
f 2313 2317 2314
f 2313 2316 2317
f 2315 2340 2341
f 2315 2334 2336
f 2315 2336 2335
f 2315 2335 2340
f 2319 2342 2343
f 2319 2343 2344
f 2319 2344 2345
f 2321 2346 2347
f 2321 2347 2348
f 2321 2348 2322
f 2326 2349 2327
f 2326 2332 2350
f 2326 2350 2351
f 2326 2351 2349
f 2327 2349 2340
f 2327 2340 2335
f 2337 2352 2338
f 2337 2339 2352
f 2338 2352 2353
f 2339 2354 2353
f 2339 2353 2352
f 2340 2351 2355
f 2340 2355 2341
f 2340 2349 2351
f 2341 2355 2357
f 2341 2357 2356
f 2342 2358 2343
f 2343 2358 2359
f 2343 2359 2360
f 2343 2360 2361
f 2343 2361 2362
f 2343 2362 2363
f 2343 2363 2344
f 2344 2363 2364
f 2344 2364 2365
f 2344 2365 2366
f 2344 2366 2367
f 2344 2367 2368
f 2344 2368 2369
f 2344 2369 2345
f 2346 2370 2371
f 2346 2371 2347
f 2350 2372 2366
f 2350 2366 2351
f 2351 2366 2357
f 2351 2357 2355
f 2353 2354 2373
f 2354 2374 2375
f 2354 2375 2376
f 2354 2376 2373
f 2356 2357 2365
f 2356 2365 2364
f 2356 2364 2363
f 2356 2363 2377
f 2357 2366 2365
f 2362 2378 2363
f 2363 2378 2377
f 2366 2372 2379
f 2366 2379 2367
f 2367 2379 2369
f 2367 2369 2368
f 2370 2380 2381
f 2370 2381 2371
f 2374 2382 2383
f 2374 2383 2375
f 2380 2384 2385
f 2380 2385 2381
f 2382 2386 2387
f 2382 2387 2383
f 2384 2388 2389
f 2384 2389 2385
f 2386 2390 2391
f 2386 2391 2392
f 2386 2392 2387
f 2388 2393 2394
f 2388 2394 2389
f 2390 2395 2396
f 2390 2396 2391
f 2393 2397 2398
f 2393 2398 2394
f 2395 2399 2396
f 2396 2399 2400
f 2397 2401 2402
f 2397 2402 2403
f 2397 2403 2404
f 2397 2404 2405
f 2397 2405 2398
f 2399 2406 2400
f 2400 2406 2408
f 2400 2408 2409
f 2400 2409 2407
f 2401 2410 2402
f 2402 2410 2412
f 2402 2412 2413
f 2402 2413 2411
f 2407 2409 2414
f 2409 2415 2416
f 2409 2416 2417
f 2409 2417 2414
f 2411 2413 2418
f 2413 2419 2420
f 2413 2420 2418
f 2415 2421 2422
f 2415 2422 2416
f 2419 2423 2421
f 2419 2421 2424
f 2419 2424 2420
f 2421 2423 2422

o geometry_10
v 0.06943080 0.16464336 -0.42557148
v 0.08499376 0.16464336 -0.42529648
v 0.05388302 0.16464336 -0.42534803
v 0.13169783 0.18659204 -0.44837848
v 0.10055672 0.16464336 -0.42476370
v 0.03832006 0.16464336 -0.42502148
v 0.11613487 0.19443960 -0.45583759
v 0.13338318 0.18665335 -0.44827538
v 0.11560345 0.16464336 -0.42407621
v 0.13169783 0.19430166 -0.45561417
v 0.13338318 0.19353529 -0.45473766
v 0.02274192 0.16464336 -0.42440275
v 0.10055672 0.19471549 -0.45568290
v 0.10055672 0.20340606 -0.46343422
v 0.11613487 0.20320682 -0.46357172
v 0.13338318 0.16464336 -0.42194502
v 0.13169783 0.16464336 -0.42222002
v 0.12940514 0.16464336 -0.42249502
v 0.13338318 0.19437829 -0.45552822
v 0.13169783 0.20378924 -0.46336546
v 0.00572135 0.16464336 -0.42323406
v 0.06943080 0.20412645 -0.46295299
v 0.08499376 0.19522129 -0.45545949
v 0.08499376 0.20375860 -0.46319359
v 0.06943080 0.21183608 -0.46673412
v 0.08499376 0.21146822 -0.46683723
v 0.10055672 0.21113101 -0.46687160
v 0.11613487 0.21093176 -0.46683723
v 0.13338318 0.16464336 -0.33764328
v 0.13338318 0.20283896 -0.46243737
v 0.13338318 0.20401916 -0.46327954
v 0.13169783 0.21151420 -0.46651065
v -0.00839919 0.16464336 -0.42225439
v 0.05388302 0.20483150 -0.46248894
v 0.05388302 0.21255646 -0.46644192
v 0.06943080 0.22484894 -0.47058397
v 0.08499376 0.22484894 -0.47079023
v 0.10055672 0.22484894 -0.47082459
v 0.11613487 0.22484894 -0.47063554
v 0.13338318 0.16476598 -0.33764328
v -0.02173020 0.19359660 -0.29670408
v -0.02173020 0.17831530 -0.29708218
v -0.02173020 0.16464336 -0.29764935
v 0.13338318 0.21090110 -0.46608097
v 0.13338318 0.21174410 -0.46640755
v 0.13169783 0.22484894 -0.46989650
v 0.13338318 0.22363808 -0.46943246
v -0.02173020 0.16464336 -0.42122319
v 0.03832006 0.20596572 -0.46178427
v 0.00717895 0.21623500 -0.46475762
v 0.02274192 0.21494750 -0.46535914
v 0.03832006 0.21369068 -0.46594350
v 0.05388302 0.22484894 -0.47003397
v 0.05388302 0.24028351 -0.47173548
v 0.06943080 0.24028351 -0.47226826
v 0.08499376 0.24028351 -0.47228547
v 0.10055672 0.24028351 -0.47202768
v 0.11613487 0.24028351 -0.47158079
v 0.13338318 0.17854521 -0.33793546
v -0.02173020 0.19672336 -0.29682439
v 0.13169783 0.24028351 -0.47046365
v 0.13338318 0.22484894 -0.46970745
v -0.02173020 0.20070845 -0.44990812
v -0.00838400 0.19971219 -0.45105965
v 0.02274192 0.20722256 -0.46092494
v -0.00123263 0.21695539 -0.46439668
v 0.02274192 0.22484894 -0.46821215
v 0.03832006 0.22484894 -0.46919183
v 0.02274192 0.24028351 -0.47022302
v 0.03832006 0.24028351 -0.47099643
v 0.05388302 0.25571808 -0.47164953
v 0.06943080 0.25571808 -0.47204484
v 0.08499376 0.25571808 -0.47171832
v 0.10055672 0.25571808 -0.47099643
v 0.11613487 0.25571808 -0.46987929
v 0.13338318 0.19226313 -0.33924165
v -0.02173020 0.20941436 -0.29732281
v 0.13169783 0.25571808 -0.46793716
v 0.13338318 0.24028351 -0.47024023
v 0.13338318 0.23862816 -0.47020587
v -0.02173020 0.20961361 -0.45633603
v -0.00721489 0.21085513 -0.45953280
v 0.00717895 0.20851006 -0.45992808
v -0.01161806 0.21946906 -0.46367482
v -0.00721489 0.22471099 -0.46561698
v 0.00717895 0.22484894 -0.46712938
v 0.00717895 0.24028351 -0.46927777
v 0.02274192 0.25571808 -0.47010271
v 0.03832006 0.25571808 -0.47089333
v 0.05388302 0.27115267 -0.47068707
v 0.06943080 0.27115267 -0.47079023
v 0.08499376 0.27115267 -0.46982777
v 0.10055672 0.27115267 -0.46812626
v -0.02173020 0.22411323 -0.29950554
v -0.02173020 0.21034932 -0.29744312
v 0.13338318 0.20084641 -0.34096034
v 0.13338318 0.25564145 -0.46766222
v 0.13338318 0.25404741 -0.46797158
v 0.13169783 0.26545091 -0.46517009
v 0.13338318 0.26508305 -0.46501541
v -0.02173020 0.22337752 -0.46314204
v -0.02173020 0.22863477 -0.46455136
v -0.02074328 0.22975366 -0.46499825
v -0.00838400 0.24028351 -0.46767937
v 0.00717895 0.25571808 -0.46900278
v 0.02274192 0.27115267 -0.46886525
v 0.03832006 0.27115267 -0.46987929
v 0.03832006 0.28658724 -0.46738722
v 0.05388302 0.28658724 -0.46798874
v 0.06997740 0.28782875 -0.46683723
v 0.08499376 0.28388963 -0.46644192
v 0.11482910 0.27107602 -0.46604661
v -0.02173020 0.22796037 -0.30048518
v 0.13338318 0.20950633 -0.34303997
v 0.10877093 0.27903088 -0.46441384
v 0.13338318 0.27122930 -0.46123430
v -0.02173020 0.23019816 -0.46492946
v -0.02173020 0.23993098 -0.46580603
v -0.02173020 0.25308181 -0.46546224
v -0.00838400 0.25571808 -0.46719812
v 0.00717895 0.27115267 -0.46730127
v 0.02290893 0.28749156 -0.46590913
v 0.02819275 0.29484865 -0.46453415
v 0.03832006 0.29587556 -0.46496383
v 0.05388302 0.29638138 -0.46511851
v 0.06516427 0.29553837 -0.46474041
v 0.10055672 0.28054829 -0.46518730
v 0.07554970 0.29379107 -0.46407013
v -0.02173020 0.24028351 -0.30371632
v 0.13338318 0.22484894 -0.34798980
v -0.02173020 0.24249065 -0.30438663
v 0.13338318 0.27291530 -0.45999685
v 0.06997740 0.30120947 -0.46140617
v 0.08027173 0.31117219 -0.45112839
v -0.02173020 0.25512033 -0.46539351
v -0.02173020 0.25895215 -0.46494667
v -0.01842022 0.26534361 -0.46463731
v -0.00753374 0.27075415 -0.46529041
v -0.01216467 0.27562822 -0.46372640
v -0.00177924 0.27944472 -0.46448263
v 0.00717895 0.28235690 -0.46518730
v 0.01782250 0.29322394 -0.46401858
v 0.02290893 0.30081094 -0.46119991
v 0.03832006 0.30358518 -0.46161240
v 0.05388302 0.30410633 -0.46192177
v 0.13338318 0.23769320 -0.35345522
v -0.02173020 0.25292852 -0.30815055
v 0.13338318 0.28223428 -0.45234866
v 0.06943080 0.31276623 -0.45312207
v 0.05388302 0.31805415 -0.44109124
v 0.06943080 0.31485075 -0.44109124
v 0.08074241 0.31146341 -0.44109124
v 0.13338318 0.28621939 -0.44117718
v 0.11091179 0.29552305 -0.45026903
v -0.02173020 0.26870030 -0.46355454
v -0.02173020 0.27075415 -0.46319359
v -0.02173020 0.27161248 -0.46303891
v -0.02173020 0.28451805 -0.45934372
v 0.00717895 0.29006652 -0.46302173
v -0.02173020 0.28641863 -0.45875939
v 0.00717895 0.30202181 -0.45790003
v 0.00717895 0.31342531 -0.45145494
v 0.02274192 0.31497336 -0.45289863
v 0.03832006 0.31534122 -0.45387830
v 0.05388302 0.31446757 -0.45417048
v 0.13338318 0.24538750 -0.35751132
v -0.02084956 0.25944263 -0.31145043
v -0.02173020 0.25853831 -0.31069420
v 0.13338318 0.28577490 -0.44246619
v 0.03832006 0.31989343 -0.44109124
v 0.03832006 0.31722649 -0.42562303
v 0.05388302 0.31466682 -0.42562303
v 0.07885967 0.31060508 -0.43127753
v 0.13338318 0.28554498 -0.42562303
v -0.02173020 0.30076498 -0.45222835
v -0.02173020 0.30729438 -0.44865348
v -0.00525623 0.31144809 -0.44992530
v -0.02173020 0.31397709 -0.44238024
v -0.02173020 0.31557114 -0.44045532
v 0.00717895 0.31875919 -0.44109124
v 0.02274192 0.31993942 -0.44109124
v 0.13338318 0.25685231 -0.36608760
v -0.01673486 0.27855575 -0.32528590
v -0.02173020 0.27345176 -0.31982044
v -0.02173020 0.27075415 -0.31796426
v -0.02173020 0.26269199 -0.31308320
v -0.02173020 0.32121156 -0.42562303
v -0.00838400 0.32090502 -0.42562303
v -0.02173020 0.32078240 -0.41237192
v -0.02173020 0.32058315 -0.41015482
v -0.02173020 0.31921903 -0.39688652
v -0.02173020 0.31883585 -0.39466942
v -0.00838400 0.31698125 -0.39466942
v 0.00717895 0.31449824 -0.39466942
v 0.03953473 0.31267428 -0.40883141
v 0.04554735 0.30962413 -0.40278163
v 0.06842869 0.31158603 -0.42591521
v 0.06258310 0.31003798 -0.41711551
v 0.05388302 0.30836731 -0.40599558
v 0.07295334 0.30839795 -0.42094820
v 0.13338318 0.27975127 -0.40030671
v 0.13338318 0.28246420 -0.41022358
v 0.13338318 0.28280141 -0.41182195
v -0.02173020 0.30839795 -0.44803475
v -0.02173020 0.32035323 -0.42825262
v 0.13338318 0.25840037 -0.36744537
v -0.00961386 0.28704705 -0.33573554
v -0.02173020 0.28637265 -0.33045914
v -0.02173020 0.28500852 -0.32922168
v -0.02173020 0.31577038 -0.38143550
v -0.02173020 0.31514197 -0.37908090
v -0.00774630 0.31244436 -0.37829030
v 0.02224087 0.31172400 -0.39446316
v 0.03516192 0.31074305 -0.39948175
v 0.01672930 0.31014528 -0.38590410
v 0.02709954 0.30891909 -0.38916960
v 0.03953473 0.30787683 -0.39446316
v 0.05388302 0.30369248 -0.39466942
v 0.13338318 0.27654786 -0.39253824
v 0.13338318 0.26702963 -0.37653725
v -0.00524105 0.29250357 -0.34247279
v -0.02173020 0.28747621 -0.33149036
v -0.01562648 0.29448079 -0.34032443
v -0.02173020 0.31132547 -0.36765161
v -0.01251388 0.31057444 -0.36950779
v -0.00214364 0.30937890 -0.37249830
v 0.00717895 0.30818338 -0.37535135
v 0.02224087 0.30625215 -0.38014649
v 0.03945881 0.29978403 -0.37792939
v 0.05388302 0.29734698 -0.38214017
v 0.02184610 0.29776083 -0.36366424
v 0.13338318 0.26814852 -0.37811844
v 0.01604605 0.29478734 -0.35539735
v 0.00717895 0.29639670 -0.35314586
v -0.02173020 0.29533912 -0.33922447
v -0.00961386 0.29799074 -0.34788667
v -0.02173020 0.30862787 -0.36142996
v -0.00774630 0.30692655 -0.36409392
v 0.00717895 0.30255827 -0.36373300
v -0.02173020 0.29601353 -0.34023851
v -0.02173020 0.30119415 -0.34821322
v -0.02173020 0.30798413 -0.36010655
v -0.02173020 0.30248162 -0.35044753
f 2425 2426 2429
f 2425 2429 2433
f 2425 2433 2442
f 2425 2442 2441
f 2425 2441 2440
f 2425 2440 2453
f 2425 2453 2467
f 2425 2467 2472
f 2425 2472 2457
f 2425 2457 2445
f 2425 2445 2436
f 2425 2436 2430
f 2425 2430 2427
f 2425 2427 2428
f 2425 2428 2426
f 2426 2428 2429
f 2427 2430 2431
f 2427 2431 2428
f 2428 2432 2433
f 2428 2433 2429
f 2428 2431 2434
f 2428 2434 2435
f 2428 2435 2432
f 2430 2436 2437
f 2430 2437 2431
f 2431 2437 2438
f 2431 2438 2439
f 2431 2439 2434
f 2432 2440 2441
f 2432 2441 2442
f 2432 2442 2433
f 2432 2435 2443
f 2432 2443 2454
f 2432 2454 2455
f 2432 2455 2468
f 2432 2468 2469
f 2432 2469 2471
f 2432 2471 2486
f 2432 2486 2504
f 2432 2504 2503
f 2432 2503 2522
f 2432 2522 2521
f 2432 2521 2524
f 2432 2524 2540
f 2432 2540 2556
f 2432 2556 2572
f 2432 2572 2593
f 2432 2593 2577
f 2432 2577 2598
f 2432 2598 2627
f 2432 2627 2626
f 2432 2626 2625
f 2432 2625 2643
f 2432 2643 2656
f 2432 2656 2644
f 2432 2644 2630
f 2432 2630 2606
f 2432 2606 2590
f 2432 2590 2570
f 2432 2570 2554
f 2432 2554 2538
f 2432 2538 2520
f 2432 2520 2500
f 2432 2500 2483
f 2432 2483 2464
f 2432 2464 2453
f 2432 2453 2440
f 2434 2443 2435
f 2434 2439 2444
f 2434 2444 2443
f 2436 2445 2446
f 2436 2446 2447
f 2436 2447 2437
f 2437 2447 2446
f 2437 2446 2448
f 2437 2448 2438
f 2438 2448 2449
f 2438 2449 2450
f 2438 2450 2439
f 2439 2450 2451
f 2439 2451 2452
f 2439 2452 2444
f 2443 2444 2454
f 2444 2455 2454
f 2444 2452 2456
f 2444 2456 2455
f 2445 2457 2446
f 2446 2458 2459
f 2446 2459 2449
f 2446 2449 2448
f 2446 2457 2458
f 2449 2459 2460
f 2449 2460 2450
f 2450 2460 2461
f 2450 2461 2451
f 2451 2461 2462
f 2451 2462 2452
f 2452 2462 2463
f 2452 2463 2456
f 2453 2464 2465
f 2453 2465 2466
f 2453 2466 2467
f 2455 2456 2468
f 2456 2469 2468
f 2456 2463 2470
f 2456 2470 2471
f 2456 2471 2469
f 2457 2472 2458
f 2458 2473 2474
f 2458 2474 2475
f 2458 2475 2476
f 2458 2476 2459
f 2458 2472 2473
f 2459 2476 2477
f 2459 2477 2460
f 2460 2477 2478
f 2460 2478 2479
f 2460 2479 2461
f 2461 2479 2462
f 2462 2479 2480
f 2462 2480 2463
f 2463 2480 2481
f 2463 2481 2482
f 2463 2482 2470
f 2464 2483 2465
f 2465 2484 2501
f 2465 2501 2519
f 2465 2519 2518
f 2465 2518 2537
f 2465 2537 2553
f 2465 2553 2555
f 2465 2555 2571
f 2465 2571 2592
f 2465 2592 2610
f 2465 2610 2609
f 2465 2609 2608
f 2465 2608 2633
f 2465 2633 2632
f 2465 2632 2646
f 2465 2646 2659
f 2465 2659 2664
f 2465 2664 2665
f 2465 2665 2667
f 2465 2667 2666
f 2465 2666 2661
f 2465 2661 2648
f 2465 2648 2635
f 2465 2635 2634
f 2465 2634 2616
f 2465 2616 2615
f 2465 2615 2614
f 2465 2614 2613
f 2465 2613 2611
f 2465 2611 2629
f 2465 2629 2603
f 2465 2603 2602
f 2465 2602 2628
f 2465 2628 2600
f 2465 2600 2599
f 2465 2599 2584
f 2465 2584 2582
f 2465 2582 2581
f 2465 2581 2580
f 2465 2580 2579
f 2465 2579 2560
f 2465 2560 2559
f 2465 2559 2543
f 2465 2543 2542
f 2465 2542 2541
f 2465 2541 2526
f 2465 2526 2525
f 2465 2525 2505
f 2465 2505 2487
f 2465 2487 2472
f 2465 2472 2467
f 2465 2467 2466
f 2465 2483 2484
f 2470 2485 2486
f 2470 2486 2471
f 2470 2482 2485
f 2472 2487 2488
f 2472 2488 2489
f 2472 2489 2473
f 2473 2489 2490
f 2473 2490 2474
f 2474 2490 2491
f 2474 2491 2492
f 2474 2492 2475
f 2475 2492 2476
f 2476 2492 2477
f 2477 2492 2493
f 2477 2493 2494
f 2477 2494 2478
f 2478 2495 2479
f 2478 2494 2495
f 2479 2496 2480
f 2479 2495 2496
f 2480 2496 2481
f 2481 2496 2497
f 2481 2497 2482
f 2482 2497 2498
f 2482 2498 2499
f 2482 2499 2485
f 2483 2500 2501
f 2483 2501 2484
f 2485 2499 2502
f 2485 2502 2503
f 2485 2503 2504
f 2485 2504 2486
f 2487 2505 2506
f 2487 2506 2507
f 2487 2507 2488
f 2488 2507 2489
f 2489 2507 2490
f 2490 2507 2506
f 2490 2506 2505
f 2490 2505 2508
f 2490 2508 2509
f 2490 2509 2510
f 2490 2510 2491
f 2491 2510 2511
f 2491 2511 2492
f 2492 2511 2493
f 2493 2511 2512
f 2493 2512 2513
f 2493 2513 2494
f 2494 2513 2495
f 2495 2513 2514
f 2495 2514 2496
f 2496 2514 2515
f 2496 2515 2497
f 2497 2515 2498
f 2498 2515 2516
f 2498 2516 2499
f 2499 2516 2517
f 2499 2517 2502
f 2500 2518 2519
f 2500 2519 2501
f 2500 2520 2518
f 2502 2521 2522
f 2502 2522 2503
f 2502 2517 2523
f 2502 2523 2524
f 2502 2524 2521
f 2505 2525 2508
f 2508 2525 2526
f 2508 2526 2527
f 2508 2527 2509
f 2509 2527 2510
f 2510 2527 2511
f 2511 2527 2528
f 2511 2528 2529
f 2511 2529 2512
f 2512 2529 2530
f 2512 2530 2531
f 2512 2531 2514
f 2512 2514 2513
f 2514 2531 2532
f 2514 2532 2533
f 2514 2533 2515
f 2515 2533 2534
f 2515 2534 2516
f 2516 2534 2535
f 2516 2535 2517
f 2517 2535 2536
f 2517 2536 2523
f 2518 2520 2538
f 2518 2538 2537
f 2523 2536 2539
f 2523 2539 2524
f 2524 2539 2540
f 2526 2541 2527
f 2527 2541 2528
f 2528 2542 2543
f 2528 2543 2544
f 2528 2544 2529
f 2528 2541 2542
f 2529 2544 2545
f 2529 2545 2530
f 2530 2545 2546
f 2530 2546 2532
f 2530 2532 2531
f 2532 2546 2547
f 2532 2547 2548
f 2532 2548 2533
f 2533 2548 2549
f 2533 2549 2534
f 2534 2549 2550
f 2534 2550 2535
f 2535 2551 2536
f 2535 2550 2552
f 2535 2552 2551
f 2536 2551 2539
f 2537 2538 2553
f 2538 2554 2555
f 2538 2555 2553
f 2539 2556 2540
f 2539 2551 2552
f 2539 2552 2557
f 2539 2557 2558
f 2539 2558 2556
f 2543 2559 2544
f 2544 2559 2560
f 2544 2560 2561
f 2544 2561 2545
f 2545 2561 2562
f 2545 2562 2563
f 2545 2563 2564
f 2545 2564 2565
f 2545 2565 2546
f 2546 2565 2566
f 2546 2566 2547
f 2547 2566 2567
f 2547 2567 2568
f 2547 2568 2548
f 2548 2568 2569
f 2548 2569 2549
f 2549 2569 2550
f 2550 2569 2557
f 2550 2557 2552
f 2554 2570 2571
f 2554 2571 2555
f 2556 2558 2572
f 2557 2569 2573
f 2557 2573 2558
f 2558 2573 2574
f 2558 2574 2575
f 2558 2575 2576
f 2558 2576 2577
f 2558 2577 2578
f 2558 2578 2572
f 2560 2579 2561
f 2561 2579 2580
f 2561 2580 2562
f 2562 2580 2581
f 2562 2581 2563
f 2563 2581 2582
f 2563 2582 2583
f 2563 2583 2566
f 2563 2566 2564
f 2564 2566 2565
f 2566 2583 2584
f 2566 2584 2585
f 2566 2585 2567
f 2567 2585 2586
f 2567 2586 2587
f 2567 2587 2568
f 2568 2587 2588
f 2568 2588 2569
f 2569 2588 2589
f 2569 2589 2573
f 2570 2590 2591
f 2570 2591 2592
f 2570 2592 2571
f 2572 2578 2593
f 2573 2589 2574
f 2574 2589 2594
f 2574 2594 2595
f 2574 2595 2596
f 2574 2596 2575
f 2575 2596 2597
f 2575 2597 2576
f 2576 2597 2598
f 2576 2598 2577
f 2577 2593 2578
f 2582 2584 2583
f 2584 2599 2585
f 2585 2599 2600
f 2585 2600 2601
f 2585 2601 2586
f 2586 2601 2602
f 2586 2602 2603
f 2586 2603 2587
f 2587 2603 2604
f 2587 2604 2605
f 2587 2605 2588
f 2588 2605 2594
f 2588 2594 2589
f 2590 2606 2607
f 2590 2607 2608
f 2590 2608 2609
f 2590 2609 2610
f 2590 2610 2591
f 2591 2610 2592
f 2594 2605 2611
f 2594 2611 2612
f 2594 2612 2613
f 2594 2613 2614
f 2594 2614 2615
f 2594 2615 2595
f 2595 2615 2616
f 2595 2616 2617
f 2595 2617 2618
f 2595 2618 2596
f 2596 2619 2620
f 2596 2620 2621
f 2596 2621 2597
f 2596 2618 2619
f 2597 2621 2620
f 2597 2620 2622
f 2597 2622 2623
f 2597 2623 2624
f 2597 2624 2625
f 2597 2625 2626
f 2597 2626 2627
f 2597 2627 2598
f 2600 2628 2601
f 2601 2628 2602
f 2603 2629 2604
f 2604 2629 2611
f 2604 2611 2605
f 2606 2630 2607
f 2607 2631 2632
f 2607 2632 2633
f 2607 2633 2608
f 2607 2630 2631
f 2611 2613 2612
f 2616 2634 2617
f 2617 2634 2618
f 2618 2634 2635
f 2618 2635 2636
f 2618 2636 2637
f 2618 2637 2619
f 2619 2637 2638
f 2619 2638 2620
f 2620 2638 2639
f 2620 2639 2640
f 2620 2640 2641
f 2620 2641 2642
f 2620 2642 2623
f 2620 2623 2622
f 2623 2642 2624
f 2624 2642 2643
f 2624 2643 2625
f 2630 2644 2645
f 2630 2645 2631
f 2631 2645 2632
f 2632 2645 2647
f 2632 2647 2646
f 2635 2648 2649
f 2635 2649 2636
f 2636 2649 2639
f 2636 2639 2637
f 2637 2639 2638
f 2639 2649 2650
f 2639 2650 2640
f 2640 2650 2651
f 2640 2651 2652
f 2640 2652 2641
f 2641 2652 2642
f 2642 2652 2653
f 2642 2653 2654
f 2642 2654 2643
f 2643 2654 2655
f 2643 2655 2656
f 2644 2656 2657
f 2644 2657 2658
f 2644 2658 2645
f 2645 2658 2647
f 2646 2647 2659
f 2647 2658 2660
f 2647 2660 2659
f 2648 2661 2649
f 2649 2661 2662
f 2649 2662 2650
f 2650 2662 2651
f 2651 2662 2663
f 2651 2663 2652
f 2652 2663 2653
f 2653 2663 2655
f 2653 2655 2654
f 2655 2663 2658
f 2655 2658 2657
f 2655 2657 2656
f 2658 2663 2662
f 2658 2662 2660
f 2659 2660 2664
f 2660 2665 2664
f 2660 2662 2665
f 2661 2666 2662
f 2662 2666 2667
f 2662 2667 2665

o geometry_11
v 0.16120934 -0.21849751 0.23600009
v 0.16283941 -0.21832228 0.23600009
v 0.16283941 -0.21807698 0.23978861
v 0.16120934 -0.21821716 0.23978861
v 0.16120934 0.08262679 0.23600009
v 0.17909037 -0.21650006 0.23600009
v 0.16120934 -0.21716587 0.25363061
v 0.17361794 -0.21551883 0.25852615
v 0.16283941 -0.21664023 0.25852615
v 0.16120934 0.08189089 0.23798475
v 0.20781644 0.13950154 0.25852615
v 0.21022831 0.13950154 0.25594387
v 0.21461955 0.13950154 0.25185542
v 0.21876130 0.13950154 0.24820584
v 0.22654578 0.13950154 0.24515824
v 0.23428038 0.13950154 0.24324857
v 0.24066765 0.13950154 0.24175784
v 0.21054434 0.09853631 0.23600009
v 0.18867126 -0.21520345 0.23600009
v 0.18514496 -0.21495816 0.24563897
v 0.17933987 -0.21614962 0.24020318
v 0.16120934 -0.21678038 0.25852615
v 0.18481229 -0.21401199 0.25852615
v 0.16120934 0.07666948 0.24572279
v 0.29105055 0.13950154 0.25852615
v 0.16120934 0.07586350 0.24662249
v 0.16120934 0.06896003 0.25268238
v 0.16120934 0.06794379 0.25349829
v 0.16120934 0.06104032 0.25852615
v 0.24888459 0.13950154 0.24190779
v 0.25621996 0.10586028 0.23600009
v 0.25543820 0.10586028 0.23600009
v 0.24066765 0.10575515 0.23600009
v 0.22511531 0.10316197 0.23600009
v 0.19484230 -0.21432737 0.23600009
v 0.19397736 -0.21271541 0.25852615
v 0.32295364 0.03605468 0.23600009
v 0.31279056 0.06174118 0.23600009
v 0.31165948 0.06408906 0.23600009
v 0.28797336 0.13950154 0.25608059
v 0.30841595 0.05438216 0.25852615
v 0.32450057 0.02904608 0.23600009
v 0.25621996 0.13950154 0.24217905
v 0.27178895 0.10323206 0.23600009
v 0.20954633 -0.21215471 0.23600009
v 0.20954633 -0.21047264 0.25852615
v 0.30984642 0.06668224 0.23600009
v 0.27719483 0.13950154 0.24855206
v 0.31363887 0.02452554 0.25852615
v 0.31395491 0.02224775 0.25852615
v 0.31583449 0.00868611 0.25852615
v 0.32511599 0.02414007 0.23600009
v 0.26368844 0.13950154 0.24408872
v 0.28246766 0.09878160 0.23600009
v 0.27306973 0.10281155 0.23600009
v 0.22128959 -0.21033250 0.23600009
v 0.27479962 -0.20045035 0.25852615
v 0.25987934 -0.20276321 0.25852615
v 0.29836930 0.08087465 0.23600009
v 0.27351884 0.13950154 0.24708560
v 0.29813644 0.08115498 0.23600009
v 0.31616717 0.00546216 0.25852615
v 0.32667954 0.00868611 0.23600009
v 0.26941035 0.13950154 0.24557945
v 0.22511531 -0.20973677 0.23600009
v 0.25241089 -0.20528631 0.23600009
v 0.27564793 -0.20031021 0.25852615
v 0.24066765 -0.20721367 0.23600009
v 0.32789379 -0.00673279 0.23600009
v 0.31738142 -0.00999179 0.25852615
v 0.25621996 -0.20465552 0.23600009
v 0.27950691 -0.19964439 0.25852615
v 0.32887516 -0.02218675 0.23600009
v 0.31827961 -0.02544574 0.25852615
v 0.32955716 -0.03375093 0.23600009
v 0.26924401 -0.20213242 0.23600009
v 0.28346567 -0.19883840 0.25852615
v 0.27280360 -0.20143158 0.23600009
v 0.31899485 -0.04082961 0.25852615
v 0.32970685 -0.03760566 0.23608828
v 0.32974011 -0.03750053 0.23600009
v 0.28586091 -0.19834778 0.25852615
v 0.27736117 -0.20020506 0.23600009
v 0.28853890 -0.19775205 0.25852615
v 0.31964356 -0.05614339 0.25852615
v 0.33037218 -0.05302457 0.23600009
v 0.28191877 -0.19894351 0.23600009
v 0.30292690 -0.19386229 0.25852615
v 0.32203880 -0.11922075 0.25852615
v 0.33073812 -0.06844347 0.23600009
v 0.28669258 -0.19750676 0.23600009
v 0.30292690 -0.19361697 0.25526247
v 0.30628686 -0.19242551 0.25852615
v 0.32238810 -0.13499009 0.25852615
v 0.33097098 -0.08389743 0.23600009
v 0.32285383 -0.16106207 0.25852615
v 0.30064809 -0.19119903 0.23600009
v 0.31526895 -0.18755456 0.25526247
v 0.31610061 -0.18758959 0.25852615
v 0.33112071 -0.09931634 0.23600009
v 0.33078803 -0.11477029 0.23600009
v 0.33080464 -0.11424465 0.23600009
v 0.32195563 -0.17651601 0.25852615
v 0.30374192 -0.18941184 0.23600009
v 0.31285709 -0.18615284 0.24398288
v 0.31743133 -0.17483394 0.23600009
v 0.33007279 -0.12475754 0.23600009
v 0.32443402 -0.15762784 0.23600009
v 0.32609738 -0.15075943 0.23600009
v 0.32712865 -0.14564315 0.23600009
v 0.32954051 -0.13071485 0.23600009
v 0.32959042 -0.13018921 0.23600009
v 0.31024562 -0.18362974 0.23600009
v 0.31556836 -0.17725192 0.23600009
f 2668 2669 2670
f 2668 2670 2671
f 2668 2671 2674
f 2668 2674 2689
f 2668 2689 2696
f 2668 2696 2695
f 2668 2695 2694
f 2668 2694 2693
f 2668 2693 2691
f 2668 2691 2677
f 2668 2677 2672
f 2668 2672 2685
f 2668 2685 2701
f 2668 2701 2700
f 2668 2700 2699
f 2668 2699 2698
f 2668 2698 2711
f 2668 2711 2722
f 2668 2722 2721
f 2668 2721 2728
f 2668 2728 2726
f 2668 2726 2714
f 2668 2714 2706
f 2668 2706 2705
f 2668 2705 2704
f 2668 2704 2709
f 2668 2709 2719
f 2668 2719 2730
f 2668 2730 2736
f 2668 2736 2740
f 2668 2740 2742
f 2668 2742 2748
f 2668 2748 2753
f 2668 2753 2757
f 2668 2757 2762
f 2668 2762 2767
f 2668 2767 2769
f 2668 2769 2768
f 2668 2768 2774
f 2668 2774 2779
f 2668 2779 2778
f 2668 2778 2777
f 2668 2777 2776
f 2668 2776 2775
f 2668 2775 2773
f 2668 2773 2781
f 2668 2781 2780
f 2668 2780 2771
f 2668 2771 2764
f 2668 2764 2758
f 2668 2758 2754
f 2668 2754 2750
f 2668 2750 2745
f 2668 2745 2743
f 2668 2743 2738
f 2668 2738 2733
f 2668 2733 2735
f 2668 2735 2732
f 2668 2732 2723
f 2668 2723 2712
f 2668 2712 2702
f 2668 2702 2686
f 2668 2686 2673
f 2668 2673 2669
f 2669 2673 2670
f 2670 2674 2671
f 2670 2673 2675
f 2670 2675 2676
f 2670 2676 2674
f 2672 2677 2678
f 2672 2678 2679
f 2672 2679 2680
f 2672 2680 2681
f 2672 2681 2682
f 2672 2682 2683
f 2672 2683 2684
f 2672 2684 2685
f 2673 2686 2687
f 2673 2687 2688
f 2673 2688 2675
f 2674 2676 2689
f 2675 2688 2687
f 2675 2687 2690
f 2675 2690 2703
f 2675 2703 2713
f 2675 2713 2725
f 2675 2725 2724
f 2675 2724 2734
f 2675 2734 2739
f 2675 2739 2744
f 2675 2744 2749
f 2675 2749 2751
f 2675 2751 2755
f 2675 2755 2760
f 2675 2760 2766
f 2675 2766 2770
f 2675 2770 2763
f 2675 2763 2761
f 2675 2761 2756
f 2675 2756 2752
f 2675 2752 2746
f 2675 2746 2741
f 2675 2741 2737
f 2675 2737 2729
f 2675 2729 2718
f 2675 2718 2717
f 2675 2717 2716
f 2675 2716 2708
f 2675 2708 2692
f 2675 2692 2678
f 2675 2678 2696
f 2675 2696 2689
f 2675 2689 2676
f 2677 2691 2678
f 2678 2692 2707
f 2678 2707 2715
f 2678 2715 2727
f 2678 2727 2731
f 2678 2731 2720
f 2678 2720 2710
f 2678 2710 2697
f 2678 2697 2684
f 2678 2684 2683
f 2678 2683 2682
f 2678 2682 2681
f 2678 2681 2680
f 2678 2680 2679
f 2678 2691 2693
f 2678 2693 2694
f 2678 2694 2695
f 2678 2695 2696
f 2684 2697 2698
f 2684 2698 2699
f 2684 2699 2700
f 2684 2700 2701
f 2684 2701 2685
f 2686 2702 2703
f 2686 2703 2690
f 2686 2690 2687
f 2692 2704 2705
f 2692 2705 2706
f 2692 2706 2707
f 2692 2708 2709
f 2692 2709 2704
f 2697 2710 2711
f 2697 2711 2698
f 2702 2712 2713
f 2702 2713 2703
f 2706 2714 2715
f 2706 2715 2707
f 2708 2716 2709
f 2709 2716 2717
f 2709 2717 2718
f 2709 2718 2719
f 2710 2720 2721
f 2710 2721 2722
f 2710 2722 2711
f 2712 2723 2724
f 2712 2724 2725
f 2712 2725 2713
f 2714 2726 2715
f 2715 2721 2727
f 2715 2726 2728
f 2715 2728 2721
f 2718 2729 2719
f 2719 2729 2730
f 2720 2731 2721
f 2721 2731 2727
f 2723 2732 2724
f 2724 2733 2734
f 2724 2732 2735
f 2724 2735 2733
f 2729 2736 2730
f 2729 2737 2736
f 2733 2738 2734
f 2734 2738 2739
f 2736 2737 2740
f 2737 2741 2742
f 2737 2742 2740
f 2738 2743 2739
f 2739 2743 2745
f 2739 2745 2744
f 2741 2746 2747
f 2741 2747 2742
f 2742 2747 2748
f 2744 2745 2749
f 2745 2750 2751
f 2745 2751 2749
f 2746 2752 2747
f 2747 2752 2753
f 2747 2753 2748
f 2750 2754 2755
f 2750 2755 2751
f 2752 2756 2753
f 2753 2756 2757
f 2754 2758 2755
f 2755 2759 2760
f 2755 2758 2759
f 2756 2761 2757
f 2757 2761 2763
f 2757 2763 2762
f 2758 2764 2759
f 2759 2764 2765
f 2759 2765 2760
f 2760 2765 2766
f 2762 2763 2767
f 2763 2768 2769
f 2763 2769 2767
f 2763 2770 2768
f 2764 2771 2772
f 2764 2772 2765
f 2765 2772 2773
f 2765 2773 2766
f 2766 2773 2770
f 2768 2770 2774
f 2770 2773 2775
f 2770 2775 2776
f 2770 2776 2777
f 2770 2777 2778
f 2770 2778 2779
f 2770 2779 2774
f 2771 2780 2772
f 2772 2780 2781
f 2772 2781 2773

o geometry_12
v 0.16119272 -0.21676941 0.25852834
v 0.16155824 -0.21676941 0.25852834
v 0.16119272 -0.21561846 0.27395698
v 0.16119272 0.06106264 0.25852834
v 0.16582821 -0.21635088 0.25852834
v 0.16803795 -0.21485116 0.27530974
v 0.16119272 -0.21519993 0.27949263
v 0.16119272 0.03947363 0.29489634
v 0.18611472 0.13946666 0.29489634
v 0.18789250 0.13946666 0.29112641
v 0.18996933 0.13946666 0.28695774
v 0.19438884 0.13946666 0.27834632
v 0.19789454 0.13946666 0.27177831
v 0.20027044 0.13946666 0.26768798
v 0.20244696 0.13946666 0.26403906
v 0.20781349 0.13946666 0.25852834
v 0.17362050 -0.21551383 0.25852834
v 0.17174303 -0.21526969 0.26499313
v 0.17752494 -0.21408386 0.27038639
v 0.17840552 -0.21258414 0.28621018
v 0.16283757 -0.21439776 0.28657685
v 0.16119272 -0.21450238 0.28751665
v 0.16119272 -0.21366534 0.29489634
v 0.31346622 0.13946666 0.29489634
v 0.29103641 0.13946666 0.25852834
v 0.18480217 -0.21401410 0.25852834
v 0.28734795 -0.19817984 0.28621018
v 0.19397346 -0.21052639 0.28621018
v 0.16283757 -0.21349095 0.29489634
v 0.18714485 -0.21035200 0.29489634
v 0.17840552 -0.21150295 0.29489634
v 0.16119272 -0.21373509 0.29439084
v 0.31479540 0.12520187 0.29489634
v 0.31283485 0.13221221 0.28927169
v 0.31238627 0.13946666 0.29026847
v 0.29578821 0.13946666 0.26230894
v 0.30841534 0.05440109 0.25852834
v 0.19726317 -0.21223537 0.25852834
v 0.27933968 -0.19964469 0.27534532
v 0.28586924 -0.19866813 0.27040775
v 0.30291590 -0.19542454 0.28621018
v 0.30291590 -0.19434334 0.29489634
v 0.29608726 -0.19552917 0.29489634
v 0.26543319 -0.19981907 0.29442643
v 0.19397346 -0.20944519 0.29489634
v 0.20954142 -0.21045663 0.25852834
v 0.21283113 -0.20996835 0.25852834
v 0.31833431 0.08589524 0.29489634
v 0.31634055 0.08589524 0.28621018
v 0.31615779 0.00543345 0.25852834
v 0.31584212 0.00871191 0.25852834
v 0.30881409 0.13946666 0.28253278
v 0.29781517 0.13946666 0.26516757
v 0.31363236 0.02454618 0.25852834
v 0.30127105 0.13946666 0.27013364
v 0.27968858 -0.19967957 0.26502872
v 0.27968858 -0.19967957 0.26209181
v 0.27950582 -0.19964469 0.25852834
v 0.28586924 -0.19835423 0.25852834
v 0.28852757 -0.19776131 0.25852834
v 0.30291590 -0.19483164 0.27073881
v 0.31848383 -0.19040222 0.28621018
v 0.31848383 -0.18991395 0.29489634
v 0.31165522 -0.19211121 0.29489634
v 0.22510938 -0.20808498 0.25852834
v 0.32652534 -0.01064495 0.29310928
v 0.31771958 0.07044462 0.28621018
v 0.32652534 -0.01064495 0.29489634
v 0.31738727 -0.00998229 0.25852834
v 0.30482658 0.13946666 0.27591491
v 0.25988388 -0.20274876 0.25852834
v 0.27480387 -0.20044686 0.25852834
v 0.27565121 -0.20030736 0.25852834
v 0.30291590 -0.19388994 0.25852834
v 0.30628867 -0.19242510 0.25852834
v 0.31609132 -0.18761204 0.25852834
v 0.32780467 -0.18572867 0.28621018
v 0.32356795 -0.18761204 0.29489634
v 0.33069565 -0.13020411 0.28621018
v 0.33014736 -0.11475350 0.28621018
v 0.32948276 -0.09933776 0.28621018
v 0.32873509 -0.08388714 0.28621018
v 0.32635919 -0.07478419 0.27823954
v 0.32913385 -0.09933776 0.29489634
v 0.31826787 -0.02543290 0.25852834
v 0.32195630 -0.17652108 0.25852834
v 0.32674133 -0.18475211 0.27659487
v 0.32767176 -0.18555429 0.29489634
v 0.33011413 -0.17652108 0.28621018
v 0.32958243 -0.11475350 0.29489634
v 0.33033012 -0.15430428 0.29489634
v 0.33092823 -0.14565473 0.28621018
v 0.32772161 -0.14565473 0.27356183
v 0.32763852 -0.13020411 0.27434144
v 0.32738929 -0.11475350 0.27528838
v 0.32705701 -0.09933776 0.27634923
v 0.32664166 -0.08388714 0.27751331
v 0.31899891 -0.04084864 0.25852834
v 0.32494695 -0.17652108 0.26683714
v 0.32285349 -0.16107046 0.25852834
v 0.32552847 -0.16107046 0.26562324
v 0.32727300 -0.17652108 0.27457640
v 0.32868527 -0.18150853 0.29489634
v 0.33091161 -0.16107046 0.28621018
v 0.32974860 -0.17652108 0.29489634
v 0.33033012 -0.16107046 0.29489634
v 0.32534571 -0.14565473 0.26582258
v 0.32763852 -0.16107046 0.27336246
v 0.32203939 -0.11921778 0.25852834
v 0.31964687 -0.05612487 0.25852834
v 0.32238829 -0.13498229 0.25852834
v 0.33009751 -0.16975490 0.29489634
f 2782 2783 2784
f 2782 2784 2788
f 2782 2788 2803
f 2782 2803 2813
f 2782 2813 2804
f 2782 2804 2789
f 2782 2789 2785
f 2782 2785 2797
f 2782 2797 2806
f 2782 2806 2818
f 2782 2818 2835
f 2782 2835 2832
f 2782 2832 2831
f 2782 2831 2850
f 2782 2850 2866
f 2782 2866 2879
f 2782 2879 2891
f 2782 2891 2890
f 2782 2890 2892
f 2782 2892 2881
f 2782 2881 2867
f 2782 2867 2857
f 2782 2857 2856
f 2782 2856 2855
f 2782 2855 2841
f 2782 2841 2840
f 2782 2840 2839
f 2782 2839 2854
f 2782 2854 2853
f 2782 2853 2852
f 2782 2852 2846
f 2782 2846 2828
f 2782 2828 2827
f 2782 2827 2819
f 2782 2819 2807
f 2782 2807 2798
f 2782 2798 2786
f 2782 2786 2783
f 2783 2786 2787
f 2783 2787 2788
f 2783 2788 2784
f 2785 2789 2790
f 2785 2790 2791
f 2785 2791 2792
f 2785 2792 2793
f 2785 2793 2794
f 2785 2794 2795
f 2785 2795 2796
f 2785 2796 2797
f 2786 2798 2799
f 2786 2799 2787
f 2787 2799 2800
f 2787 2800 2801
f 2787 2801 2802
f 2787 2802 2803
f 2787 2803 2788
f 2789 2804 2810
f 2789 2810 2812
f 2789 2812 2811
f 2789 2811 2826
f 2789 2826 2824
f 2789 2824 2823
f 2789 2823 2845
f 2789 2845 2844
f 2789 2844 2859
f 2789 2859 2869
f 2789 2869 2884
f 2789 2884 2886
f 2789 2886 2893
f 2789 2893 2887
f 2789 2887 2872
f 2789 2872 2871
f 2789 2871 2865
f 2789 2865 2849
f 2789 2849 2829
f 2789 2829 2814
f 2789 2814 2805
f 2789 2805 2790
f 2790 2805 2816
f 2790 2816 2833
f 2790 2833 2851
f 2790 2851 2836
f 2790 2836 2834
f 2790 2834 2817
f 2790 2817 2806
f 2790 2806 2797
f 2790 2797 2796
f 2790 2796 2795
f 2790 2795 2794
f 2790 2794 2793
f 2790 2793 2792
f 2790 2792 2791
f 2798 2807 2808
f 2798 2808 2800
f 2798 2800 2799
f 2800 2809 2801
f 2800 2808 2809
f 2801 2810 2803
f 2801 2803 2802
f 2801 2809 2811
f 2801 2811 2812
f 2801 2812 2810
f 2803 2810 2813
f 2804 2813 2810
f 2805 2814 2815
f 2805 2815 2816
f 2806 2817 2818
f 2807 2819 2808
f 2808 2820 2821
f 2808 2821 2822
f 2808 2822 2823
f 2808 2823 2824
f 2808 2824 2825
f 2808 2825 2826
f 2808 2826 2811
f 2808 2811 2809
f 2808 2819 2827
f 2808 2827 2828
f 2808 2828 2820
f 2814 2829 2830
f 2814 2830 2815
f 2815 2830 2831
f 2815 2831 2832
f 2815 2832 2816
f 2816 2832 2833
f 2817 2834 2818
f 2818 2834 2836
f 2818 2836 2835
f 2820 2837 2821
f 2820 2828 2837
f 2821 2837 2838
f 2821 2838 2839
f 2821 2839 2840
f 2821 2840 2822
f 2822 2840 2841
f 2822 2841 2842
f 2822 2842 2843
f 2822 2843 2844
f 2822 2844 2845
f 2822 2845 2823
f 2824 2826 2825
f 2828 2846 2837
f 2829 2847 2848
f 2829 2848 2830
f 2829 2849 2847
f 2830 2848 2831
f 2831 2847 2850
f 2831 2848 2847
f 2832 2835 2833
f 2833 2835 2851
f 2835 2836 2851
f 2837 2846 2852
f 2837 2852 2853
f 2837 2853 2838
f 2838 2853 2854
f 2838 2854 2839
f 2841 2855 2842
f 2842 2855 2843
f 2843 2855 2856
f 2843 2856 2857
f 2843 2857 2858
f 2843 2858 2859
f 2843 2859 2844
f 2847 2849 2860
f 2847 2860 2861
f 2847 2861 2862
f 2847 2862 2863
f 2847 2863 2864
f 2847 2864 2850
f 2849 2865 2860
f 2850 2864 2866
f 2857 2867 2868
f 2857 2868 2858
f 2858 2869 2859
f 2858 2868 2870
f 2858 2870 2869
f 2860 2865 2871
f 2860 2871 2872
f 2860 2872 2873
f 2860 2873 2874
f 2860 2874 2875
f 2860 2875 2876
f 2860 2876 2861
f 2861 2876 2877
f 2861 2877 2862
f 2862 2877 2878
f 2862 2878 2863
f 2863 2878 2864
f 2864 2878 2866
f 2866 2878 2877
f 2866 2877 2879
f 2867 2880 2868
f 2867 2881 2882
f 2867 2882 2880
f 2868 2880 2883
f 2868 2883 2870
f 2869 2870 2884
f 2870 2883 2885
f 2870 2885 2886
f 2870 2886 2884
f 2872 2887 2873
f 2873 2885 2874
f 2873 2887 2885
f 2874 2888 2875
f 2874 2885 2889
f 2874 2889 2882
f 2874 2882 2888
f 2875 2888 2890
f 2875 2890 2876
f 2876 2890 2891
f 2876 2891 2879
f 2876 2879 2877
f 2880 2882 2883
f 2881 2892 2888
f 2881 2888 2882
f 2882 2889 2883
f 2883 2889 2885
f 2885 2887 2893
f 2885 2893 2886
f 2888 2892 2890

o geometry_13
v -0.41457775 0.34833440 -0.00781728
v -0.41427149 0.34833440 0.00766513
v -0.41337828 0.36375674 0.00766513
v -0.41360797 0.36375674 -0.00781728
v -0.41371007 0.34833440 -0.02328517
v -0.41296995 0.33287872 -0.02328517
v -0.41363349 0.33287872 -0.00781728
v -0.41340380 0.33287872 0.00766513
v -0.41276578 0.34833440 0.03352234
v -0.41263819 0.33287872 0.02313302
v -0.41210223 0.33287872 0.03352234
v -0.41166841 0.36375674 0.03352234
v -0.40776372 0.38004699 0.03352234
v -0.40863144 0.37921243 0.02313302
v -0.40947360 0.37921243 0.00766513
v -0.41261266 0.36375674 -0.02328517
v -0.40955017 0.37921243 -0.00781728
v -0.40868249 0.37921243 -0.02328517
v -0.41261266 0.34833440 -0.03876758
v -0.41205119 0.33287872 -0.03876758
v -0.41018819 0.31745638 -0.03876758
v -0.41105588 0.31745638 -0.02328517
v -0.41164288 0.31745638 -0.00781728
v -0.41143872 0.31745638 0.00766513
v -0.41080069 0.31745638 0.02313302
v -0.41029026 0.31745638 0.03352234
v -0.40574759 0.38598891 0.03352234
v -0.40541583 0.38709049 0.03262271
v -0.40597728 0.38785828 0.00766513
v -0.41133662 0.36375674 -0.03876758
v -0.40702360 0.37674219 -0.05422096
v -0.40597728 0.38785828 -0.00781728
v -0.40559447 0.38732419 -0.02328517
v -0.40536478 0.38699037 -0.03162855
v -0.40727885 0.38014711 -0.03757774
v -0.41133662 0.34833440 -0.05422096
v -0.41072415 0.33287872 -0.05422096
v -0.40888662 0.31745638 -0.05422096
v -0.40638561 0.30163347 -0.05378566
v -0.40766163 0.30200066 -0.03876758
v -0.40847829 0.30200066 -0.02328517
v -0.40896320 0.30200066 -0.00781728
v -0.40875903 0.30200066 0.00766513
v -0.40817206 0.30200066 0.02313302
v -0.40776372 0.30200066 0.03352234
v -0.40434395 0.38789168 0.03352234
v -0.40561996 0.38739094 0.02313302
v -0.39849970 0.39233143 0.03352234
v -0.39752992 0.39343304 0.02313302
v -0.39752992 0.39393375 0.00766513
v -0.39752992 0.39400053 -0.00781728
v -0.40998403 0.36375674 -0.05422096
v -0.40625799 0.37450563 -0.06970337
v -0.40439497 0.38445336 -0.05422096
v -0.40373145 0.38221677 -0.06970337
v -0.39752992 0.39353318 -0.02328517
v -0.39661116 0.39313259 -0.05422096
v -0.39594764 0.39286554 -0.06970337
v -0.39513097 0.39263185 -0.08517127
v -0.39423773 0.39243158 -0.10065367
v -0.40490540 0.38592216 -0.04193081
v -0.39347212 0.39219791 -0.11469957
v -0.40835070 0.36375674 -0.06970337
v -0.40957569 0.34833440 -0.06970337
v -0.40893767 0.33287872 -0.06970337
v -0.40722780 0.31745638 -0.06970337
v -0.40536478 0.30954491 -0.07762595
v -0.40577311 0.30717483 -0.06970337
v -0.40498197 0.29622564 -0.05864658
v -0.40549237 0.29362188 -0.04832982
v -0.40584965 0.29242013 -0.03876758
v -0.40620694 0.29111825 -0.02328517
v -0.40638561 0.29048398 -0.00781728
v -0.40630904 0.29078443 0.00766513
v -0.40602830 0.29171911 0.02313302
v -0.40582416 0.29242013 0.03352234
v -0.38196227 0.39473491 0.03352234
v -0.38196227 0.39773926 -0.11469957
v -0.38311069 0.39727192 -0.11469957
v -0.40567101 0.37263624 -0.08009269
v -0.40084760 0.37921243 -0.10065367
v -0.40319552 0.37834452 -0.08521480
v -0.39880596 0.37921243 -0.11469957
v -0.40498197 0.36792944 -0.09040945
v -0.40625799 0.36318925 -0.08521480
v -0.40546687 0.35764789 -0.09370328
v -0.40720227 0.34833440 -0.08517127
v -0.40554342 0.33835330 -0.09393544
v -0.40651320 0.33307899 -0.08582422
v -0.40584965 0.31745638 -0.08033936
v -0.39929084 0.30200066 -0.10065367
v -0.40294031 0.30343609 -0.08374926
v -0.39908667 0.28657835 -0.08517127
v -0.40429290 0.29946366 -0.06970337
v -0.40434395 0.31745638 -0.08807331
v -0.40176636 0.31745638 -0.10065367
v -0.39880596 0.31745638 -0.11469957
v -0.40133250 0.28657835 -0.06970337
v -0.34337491 0.05671226 -0.08517127
v -0.34505929 0.05671226 -0.06979043
v -0.34531450 0.05671226 -0.06730918
v -0.34661607 0.05671226 -0.05253778
v -0.34779002 0.05671226 -0.03876758
v -0.34898949 0.05671226 -0.02328517
v -0.34952542 0.05671226 -0.00781728
v -0.34952542 0.05671226 -0.00613409
v -0.34944885 0.05671226 0.00766513
v -0.34939783 0.05671226 0.00934831
v -0.34893845 0.05671226 0.02313302
v -0.34883638 0.05671226 0.02481621
v -0.34824937 0.05671226 0.03352234
v -0.36639461 0.39393375 -0.11469957
v -0.36784930 0.39436772 -0.11469957
v -0.33479996 0.37513990 0.03352234
v -0.40100071 0.36372334 -0.11469957
v -0.40388459 0.36318925 -0.09957991
v -0.40406324 0.34833440 -0.10201763
v -0.40559447 0.34833440 -0.09426917
v -0.40064343 0.33291209 -0.11469957
v -0.40385904 0.33307899 -0.09972502
v -0.40503299 0.32807175 -0.09142517
v -0.40140905 0.34833440 -0.11469957
v -0.39630492 0.30200066 -0.11469957
v -0.39620282 0.28657835 -0.10065367
v -0.33962337 0.05671226 -0.11469957
v -0.39898460 0.31882503 -0.11469957
v -0.34153744 0.05671226 -0.09981208
v -0.16715429 0.05671226 0.03352234
v -0.32152918 0.37427196 -0.11469957
v -0.32722031 0.37166818 0.03352234
v -0.39347212 0.28798038 -0.11469957
v -0.39296172 0.28547675 -0.11469957
v -0.15444497 0.05671226 -0.11469957
v -0.16572513 0.08592122 0.03352234
v -0.32081459 0.37393814 -0.11469957
v -0.31987033 0.36599330 0.03352234
v -0.25065813 0.32436638 -0.11469957
v -0.25719142 0.32940703 -0.11469957
v -0.25882475 0.33064213 -0.11469957
v -0.26875232 0.33805285 -0.11469957
v -0.29542149 0.35764789 -0.11469957
v -0.30402197 0.36385689 -0.11469957
v -0.30514487 0.36465802 -0.11469957
v -0.31374537 0.37053323 -0.11469957
v -0.15429185 0.07049889 -0.11469957
v -0.16501055 0.10641755 0.03352234
v -0.16508712 0.10137691 0.03352234
v -0.16549545 0.09099523 0.03352234
v -0.26632785 0.32433301 0.03352234
v -0.24647271 0.32089469 -0.11469957
v -0.25698725 0.31672199 0.03352234
v -0.15413872 0.08592122 -0.11469957
v -0.15398560 0.10137691 -0.11469957
v -0.16490846 0.11679924 0.03352234
v -0.24302740 0.31802387 -0.11469957
v -0.24920344 0.31017918 0.03352234
v -0.23358475 0.31014580 -0.11469957
v -0.15390904 0.11459605 -0.11469957
v -0.15390904 0.11679924 -0.11469957
v -0.15439393 0.13369037 -0.11469957
v -0.16506159 0.12187325 0.03352234
v -0.24083262 0.30149995 0.03352234
v -0.21773638 0.29512406 -0.11469957
v -0.22539259 0.30250138 -0.11469957
v -0.15521060 0.14500673 -0.11469957
v -0.16544440 0.13222158 0.03352234
v -0.23577952 0.29605874 0.03352234
v -0.21087130 0.28734614 -0.11469957
v -0.22819987 0.28757978 0.03352234
v -0.16592929 0.13729558 0.03352234
v -0.15620590 0.15415332 -0.11469957
v -0.16695012 0.14767728 0.03352234
v -0.21066713 0.28711244 -0.11469957
v -0.21962492 0.27743178 0.03352234
v -0.20326613 0.27843322 -0.11469957
v -0.15730329 0.16309960 -0.11469957
v -0.16904283 0.16309960 0.03352234
v -0.21778742 0.27489478 0.03352234
v -0.21406138 0.26972061 0.03352234
v -0.19857031 0.27162336 -0.11469957
v -0.15748193 0.16436811 -0.11469957
v -0.15906422 0.17555097 -0.11469957
v -0.15944704 0.17788768 -0.11469957
v -0.16960428 0.16650453 0.03352234
v -0.20627757 0.25803704 0.03352234
v -0.19019952 0.25863790 -0.11469957
v -0.16271368 0.19254223 -0.11469957
v -0.17269229 0.18252772 0.03352234
v -0.17098240 0.17481657 0.03352234
v -0.20163280 0.25032587 0.03352234
v -0.18568234 0.25099351 -0.11469957
v -0.16304546 0.19397763 -0.11469957
v -0.16802200 0.21086875 -0.11468505
v -0.17394280 0.18676720 0.03352234
v -0.19788125 0.24348264 0.03352234
v -0.18009331 0.24034476 -0.11469957
v -0.19619688 0.24027799 0.03352234
v -0.16802200 0.21086875 -0.11469957
v -0.17093135 0.21934770 -0.11469957
v -0.17618862 0.19397763 0.03352234
v -0.19190939 0.23183243 0.03352234
v -0.18976566 0.22735928 0.03352234
v -0.17940423 0.23884259 -0.11469957
v -0.17345792 0.22562344 -0.11469957
v -0.17345792 0.22562344 -0.11468505
v -0.18198184 0.20943334 0.03352234
v -0.18626931 0.21968150 0.03352234
f 2894 2895 2896
f 2894 2896 2897
f 2894 2897 2898
f 2894 2898 2899
f 2894 2899 2900
f 2894 2900 2901
f 2894 2901 2895
f 2895 2902 2896
f 2895 2901 2903
f 2895 2903 2904
f 2895 2904 2902
f 2896 2902 2905
f 2896 2905 2906
f 2896 2906 2907
f 2896 2907 2908
f 2896 2908 2897
f 2897 2909 2898
f 2897 2908 2910
f 2897 2910 2911
f 2897 2911 2909
f 2898 2909 2912
f 2898 2912 2913
f 2898 2913 2899
f 2899 2913 2914
f 2899 2914 2915
f 2899 2915 2900
f 2900 2915 2916
f 2900 2916 2917
f 2900 2917 2901
f 2901 2917 2918
f 2901 2918 2919
f 2901 2919 2903
f 2902 2904 2919
f 2902 2919 2938
f 2902 2938 2969
f 2902 2969 3004
f 2902 3004 3021
f 2902 3021 3027
f 2902 3027 3041
f 2902 3041 3040
f 2902 3040 3039
f 2902 3039 3047
f 2902 3047 3054
f 2902 3054 3059
f 2902 3059 3063
f 2902 3063 3065
f 2902 3065 3070
f 2902 3070 3077
f 2902 3077 3082
f 2902 3082 3081
f 2902 3081 3087
f 2902 3087 3093
f 2902 3093 3099
f 2902 3099 3100
f 2902 3100 3095
f 2902 3095 3094
f 2902 3094 3090
f 2902 3090 3088
f 2902 3088 3083
f 2902 3083 3078
f 2902 3078 3072
f 2902 3072 3071
f 2902 3071 3067
f 2902 3067 3062
f 2902 3062 3060
f 2902 3060 3055
f 2902 3055 3049
f 2902 3049 3044
f 2902 3044 3042
f 2902 3042 3029
f 2902 3029 3023
f 2902 3023 3007
f 2902 3007 2970
f 2902 2970 2941
f 2902 2941 2939
f 2902 2939 2920
f 2902 2920 2906
f 2902 2906 2905
f 2903 2919 2904
f 2906 2920 2907
f 2907 2920 2908
f 2908 2920 2921
f 2908 2921 2922
f 2908 2922 2910
f 2909 2923 2912
f 2909 2911 2924
f 2909 2924 2923
f 2910 2922 2925
f 2910 2925 2926
f 2910 2926 2927
f 2910 2927 2911
f 2911 2927 2928
f 2911 2928 2924
f 2912 2923 2929
f 2912 2929 2913
f 2913 2929 2930
f 2913 2930 2931
f 2913 2931 2914
f 2914 2931 2932
f 2914 2932 2933
f 2914 2933 2915
f 2915 2933 2934
f 2915 2934 2916
f 2916 2934 2935
f 2916 2935 2936
f 2916 2936 2917
f 2917 2936 2937
f 2917 2937 2938
f 2917 2938 2918
f 2918 2938 2919
f 2920 2939 2921
f 2921 2939 2940
f 2921 2940 2922
f 2922 2940 2939
f 2922 2939 2941
f 2922 2941 2942
f 2922 2942 2943
f 2922 2943 2944
f 2922 2944 2925
f 2923 2945 2929
f 2923 2924 2946
f 2923 2946 2945
f 2924 2928 2947
f 2924 2947 2948
f 2924 2948 2946
f 2925 2944 2949
f 2925 2949 2950
f 2925 2950 2951
f 2925 2951 2926
f 2926 2951 2952
f 2926 2952 2953
f 2926 2953 2927
f 2927 2954 2928
f 2927 2953 2955
f 2927 2955 2954
f 2928 2954 2947
f 2929 2945 2956
f 2929 2956 2957
f 2929 2957 2930
f 2930 2957 2958
f 2930 2958 2959
f 2930 2959 2931
f 2931 2959 2960
f 2931 2960 2961
f 2931 2961 2932
f 2932 2962 2963
f 2932 2963 2933
f 2932 2961 2962
f 2933 2963 2964
f 2933 2964 2934
f 2934 2964 2965
f 2934 2965 2935
f 2935 2965 2966
f 2935 2966 2967
f 2935 2967 2936
f 2936 2967 2968
f 2936 2968 2969
f 2936 2969 2937
f 2937 2969 2938
f 2941 2970 2942
f 2942 2970 2943
f 2943 2970 2971
f 2943 2971 2944
f 2944 2971 2972
f 2944 2972 2950
f 2944 2950 2949
f 2945 2946 2973
f 2945 2973 2956
f 2946 2948 2973
f 2947 2954 2955
f 2947 2955 2948
f 2948 2974 2975
f 2948 2975 2973
f 2948 2955 2974
f 2950 2972 2951
f 2951 2972 2952
f 2952 2972 2953
f 2953 2972 2955
f 2955 2972 2971
f 2955 2971 3006
f 2955 3006 3005
f 2955 3005 3022
f 2955 3022 3028
f 2955 3028 3037
f 2955 3037 3036
f 2955 3036 3035
f 2955 3035 3034
f 2955 3034 3033
f 2955 3033 3032
f 2955 3032 3031
f 2955 3031 3030
f 2955 3030 3043
f 2955 3043 3048
f 2955 3048 3050
f 2955 3050 3057
f 2955 3057 3056
f 2955 3056 3061
f 2955 3061 3066
f 2955 3066 3068
f 2955 3068 3073
f 2955 3073 3079
f 2955 3079 3084
f 2955 3084 3089
f 2955 3089 3096
f 2955 3096 3097
f 2955 3097 3092
f 2955 3092 3091
f 2955 3091 3085
f 2955 3085 3080
f 2955 3080 3076
f 2955 3076 3075
f 2955 3075 3074
f 2955 3074 3069
f 2955 3069 3064
f 2955 3064 3058
f 2955 3058 3053
f 2955 3053 3052
f 2955 3052 3051
f 2955 3051 3046
f 2955 3046 3045
f 2955 3045 3038
f 2955 3038 3026
f 2955 3026 3018
f 2955 3018 3025
f 2955 3025 3024
f 2955 3024 3016
f 2955 3016 2990
f 2955 2990 3019
f 2955 3019 3012
f 2955 3012 3015
f 2955 3015 3008
f 2955 3008 2976
f 2955 2976 2974
f 2956 2973 2977
f 2956 2977 2978
f 2956 2978 2957
f 2957 2978 2979
f 2957 2979 2980
f 2957 2980 2981
f 2957 2981 2958
f 2958 2981 2982
f 2958 2982 2983
f 2958 2983 2960
f 2958 2960 2959
f 2960 2984 2985
f 2960 2985 2986
f 2960 2986 2987
f 2960 2987 2962
f 2960 2962 2961
f 2960 2983 2988
f 2960 2988 2989
f 2960 2989 2990
f 2960 2990 2984
f 2962 2987 2991
f 2962 2991 2992
f 2962 2992 2963
f 2963 2992 2993
f 2963 2993 2994
f 2963 2994 2995
f 2963 2995 2996
f 2963 2996 2997
f 2963 2997 2964
f 2964 2997 2965
f 2965 2997 2998
f 2965 2998 2966
f 2966 2998 2999
f 2966 2999 3000
f 2966 3000 2967
f 2967 3000 3001
f 2967 3001 2968
f 2968 3001 3002
f 2968 3002 2969
f 2969 3002 3003
f 2969 3003 3004
f 2970 3005 3006
f 2970 3006 2971
f 2970 3007 3005
f 2973 2975 2974
f 2973 2974 2976
f 2973 2976 2977
f 2976 3008 2977
f 2977 3008 3009
f 2977 3009 2979
f 2977 2979 2978
f 2979 3009 3008
f 2979 3008 3010
f 2979 3010 3011
f 2979 3011 2980
f 2980 3011 2981
f 2981 3012 3013
f 2981 3013 3014
f 2981 3014 2982
f 2981 3011 3010
f 2981 3010 3015
f 2981 3015 3012
f 2982 3014 2983
f 2983 3014 2988
f 2984 2990 3016
f 2984 3016 3017
f 2984 3017 2985
f 2985 3017 2986
f 2986 2991 2987
f 2986 3017 3018
f 2986 3018 2991
f 2988 3014 2989
f 2989 3014 3019
f 2989 3019 2990
f 2991 3018 3020
f 2991 3020 2992
f 2992 3020 3018
f 2992 3018 3026
f 2992 3026 3021
f 2992 3021 3004
f 2992 3004 3003
f 2992 3003 3002
f 2992 3002 3001
f 2992 3001 3000
f 2992 3000 2999
f 2992 2999 2998
f 2992 2998 2997
f 2992 2997 2996
f 2992 2996 2995
f 2992 2995 2994
f 2992 2994 2993
f 3005 3007 3022
f 3007 3023 3022
f 3008 3015 3010
f 3012 3019 3013
f 3013 3019 3014
f 3016 3024 3017
f 3017 3024 3025
f 3017 3025 3018
f 3021 3026 3027
f 3022 3023 3028
f 3023 3029 3030
f 3023 3030 3031
f 3023 3031 3032
f 3023 3032 3033
f 3023 3033 3034
f 3023 3034 3035
f 3023 3035 3036
f 3023 3036 3037
f 3023 3037 3028
f 3026 3038 3039
f 3026 3039 3040
f 3026 3040 3041
f 3026 3041 3027
f 3029 3042 3030
f 3030 3042 3044
f 3030 3044 3043
f 3038 3045 3039
f 3039 3045 3046
f 3039 3046 3047
f 3043 3044 3048
f 3044 3049 3050
f 3044 3050 3048
f 3046 3051 3047
f 3047 3052 3053
f 3047 3053 3054
f 3047 3051 3052
f 3049 3055 3056
f 3049 3056 3057
f 3049 3057 3050
f 3053 3058 3059
f 3053 3059 3054
f 3055 3060 3056
f 3056 3060 3062
f 3056 3062 3061
f 3058 3063 3059
f 3058 3064 3065
f 3058 3065 3063
f 3061 3062 3066
f 3062 3067 3068
f 3062 3068 3066
f 3064 3069 3065
f 3065 3069 3070
f 3067 3071 3068
f 3068 3071 3072
f 3068 3072 3073
f 3069 3074 3070
f 3070 3074 3075
f 3070 3075 3076
f 3070 3076 3077
f 3072 3078 3073
f 3073 3078 3079
f 3076 3080 3081
f 3076 3081 3082
f 3076 3082 3077
f 3078 3083 3079
f 3079 3083 3084
f 3080 3085 3081
f 3081 3085 3086
f 3081 3086 3087
f 3083 3088 3084
f 3084 3088 3090
f 3084 3090 3089
f 3085 3091 3086
f 3086 3091 3092
f 3086 3092 3093
f 3086 3093 3087
f 3089 3090 3094
f 3089 3094 3095
f 3089 3095 3096
f 3092 3097 3098
f 3092 3098 3099
f 3092 3099 3093
f 3095 3100 3096
f 3096 3100 3098
f 3096 3098 3097
f 3098 3100 3099

o geometry_14
v -0.40139218 0.34832466 -0.11469956
v -0.40136245 0.34962888 -0.11469956
v -0.39681301 0.36377474 -0.14709547
v -0.39449367 0.36377474 -0.16256434
v -0.39645617 0.34832466 -0.14709547
v -0.40070829 0.33444631 -0.11469956
v -0.40100564 0.36370788 -0.11469956
v -0.39389896 0.37919142 -0.16256434
v -0.39131202 0.36377474 -0.17515501
v -0.39395844 0.34832466 -0.16256434
v -0.39116333 0.37919142 -0.17487606
v -0.39550468 0.33287455 -0.14709547
v -0.40061908 0.33290798 -0.11469956
v -0.39880524 0.37919142 -0.11469956
v -0.39586146 0.37919142 -0.14709547
v -0.39154989 0.39069540 -0.16256434
v -0.39053889 0.38862201 -0.17293611
v -0.38878453 0.36377474 -0.18287677
v -0.39098494 0.34832466 -0.17410262
v -0.38875481 0.37919142 -0.18261049
v -0.39033074 0.33287455 -0.17204854
v -0.39270956 0.33287455 -0.16256434
v -0.39386923 0.31745787 -0.14709547
v -0.39898366 0.31882900 -0.11469956
v -0.39345294 0.39220028 -0.11469956
v -0.39235275 0.39203305 -0.14709547
v -0.38197521 0.39728343 -0.16256434
v -0.38304567 0.39330385 -0.17807126
v -0.37918012 0.39216682 -0.19350212
v -0.37644449 0.38945806 -0.20482483
v -0.38441348 0.37919142 -0.19350212
v -0.38435400 0.36377474 -0.19350212
v -0.38839797 0.34832466 -0.18182438
v -0.38765462 0.33287455 -0.17977031
v -0.38982527 0.32464787 -0.17055237
v -0.39098494 0.31866178 -0.16237416
v -0.39033074 0.30678994 -0.15708684
v -0.39125257 0.30177367 -0.14719690
v -0.39630751 0.30200779 -0.11469956
v -0.39654538 0.30344578 -0.11469956
v -0.39880524 0.31745787 -0.11469956
v -0.38310515 0.39728343 -0.11469956
v -0.38197521 0.39835357 -0.14709547
v -0.36639406 0.39825325 -0.17803323
v -0.36639406 0.39581198 -0.19350212
v -0.36606697 0.38995969 -0.20957961
v -0.36065519 0.38755187 -0.21766908
v -0.35881163 0.37176736 -0.23238986
v -0.37130034 0.37919142 -0.21467674
v -0.37763391 0.37919142 -0.20694229
v -0.37757443 0.36377474 -0.20695498
v -0.38340251 0.34832466 -0.19350212
v -0.38161840 0.33287455 -0.19350212
v -0.38658416 0.31866178 -0.17663849
v -0.38899268 0.31434779 -0.16740788
v -0.38774380 0.30177367 -0.16237416
v -0.38931979 0.29648987 -0.15243350
v -0.39024156 0.29230965 -0.14211245
v -0.39294746 0.28545408 -0.11469956
v -0.38197521 0.39771817 -0.11469956
v -0.38197521 0.39775163 -0.11614502
v -0.38197521 0.39808603 -0.13161389
v -0.36639406 0.39795226 -0.16256434
v -0.35084263 0.39343762 -0.17803323
v -0.35084263 0.39179897 -0.19350212
v -0.35149680 0.38865544 -0.20807076
v -0.35711673 0.38755187 -0.21766908
v -0.33526148 0.37370695 -0.23760113
v -0.33526148 0.36882446 -0.24423245
v -0.33701584 0.36865726 -0.24423245
v -0.35084263 0.37364010 -0.23549634
v -0.35893056 0.36377474 -0.23254203
v -0.36541281 0.36377474 -0.22445257
v -0.37287630 0.36377474 -0.21468941
v -0.34483617 0.36196892 -0.24423245
v -0.34656079 0.36006272 -0.24423245
v -0.34697709 0.34829123 -0.24423245
v -0.37697975 0.34832466 -0.20590259
v -0.37590929 0.33287455 -0.20417819
v -0.37492801 0.32147088 -0.20254254
v -0.37816912 0.31675561 -0.19473202
v -0.37692026 0.30200779 -0.19097892
v -0.38251047 0.30200779 -0.17803323
v -0.32770878 0.05671226 -0.17078060
v -0.33002812 0.05671226 -0.16318564
v -0.33050389 0.05671226 -0.16137249
v -0.33419102 0.05671226 -0.14709547
v -0.33451810 0.05671226 -0.14540910
v -0.33716453 0.05671226 -0.13161389
v -0.33740240 0.05671226 -0.12999094
v -0.33942438 0.05671226 -0.11618305
v -0.33963253 0.05671226 -0.11469956
v -0.36785108 0.39437401 -0.11469956
v -0.36639406 0.39674838 -0.14709547
v -0.35084263 0.39280222 -0.16256434
v -0.33829444 0.38882266 -0.17803323
v -0.33190144 0.38534471 -0.19350212
v -0.33969201 0.38815381 -0.19350212
v -0.34189239 0.38731778 -0.20231431
v -0.26446238 0.35414352 -0.24423245
v -0.31587424 0.36701861 -0.24423245
v -0.28405777 0.35952764 -0.24423245
v -0.34691763 0.34227168 -0.24423245
v -0.35884136 0.35337435 -0.23246596
v -0.36342055 0.34825777 -0.22583462
v -0.37222213 0.34832466 -0.21363702
v -0.37121115 0.33287455 -0.21191262
v -0.37049748 0.31675561 -0.20821023
v -0.37388728 0.31117083 -0.20071670
v -0.31322784 0.05671226 -0.20358224
v -0.31388201 0.05671226 -0.20227627
v -0.31825303 0.05671226 -0.19350212
v -0.31884774 0.05671226 -0.19222149
v -0.32503263 0.05671226 -0.17781769
v -0.32604363 0.05671226 -0.17524376
v -0.15447249 0.05671226 -0.11469956
v -0.36639406 0.39390579 -0.11469956
v -0.36639406 0.39403956 -0.11614502
v -0.36639406 0.39541070 -0.13161389
v -0.33957305 0.38838790 -0.16256434
v -0.33050389 0.38567913 -0.17803323
v -0.23868210 0.34538178 -0.24423245
v -0.31971006 0.38056255 -0.19350212
v -0.25310358 0.35066559 -0.24423245
v -0.34626344 0.33544957 -0.24423245
v -0.35839533 0.34307428 -0.23192074
v -0.36342055 0.33287455 -0.22322266
v -0.36202301 0.31745787 -0.22140951
v -0.36017944 0.30200779 -0.21897505
v -0.30198799 0.05671226 -0.22233510
v -0.30894598 0.05671226 -0.21132937
v -0.30942175 0.05671226 -0.21047985
v -0.09764885 0.05671226 -0.24423245
v -0.15435356 0.06534024 -0.11469956
v -0.33178250 0.38504374 -0.16256434
v -0.34141664 0.38761876 -0.15007512
v -0.32152389 0.37427549 -0.11469956
v -0.21947328 0.33755639 -0.24423245
v -0.23053472 0.34207103 -0.24423245
v -0.31971006 0.38093041 -0.17803323
v -0.20668721 0.33200507 -0.24423245
v -0.34575793 0.33063396 -0.24423245
v -0.34483617 0.32414624 -0.24423245
v -0.34385492 0.31745787 -0.24423245
v -0.35765196 0.33287455 -0.23095710
v -0.35628414 0.31745787 -0.22914395
v -0.35476766 0.30200779 -0.22670950
v -0.29627885 0.05671226 -0.23056405
v -0.30106619 0.05671226 -0.22374252
v -0.15429409 0.07049028 -0.11469956
v -0.28515796 0.05671226 -0.24423245
v -0.10050342 0.13964790 -0.24423245
v -0.15438330 0.13369527 -0.11469956
v -0.15435356 0.13269201 -0.11469956
v -0.15390754 0.11680716 -0.11469956
v -0.15390754 0.11460000 -0.11469956
v -0.15396701 0.10135705 -0.11469956
v -0.31971006 0.37952585 -0.16256434
v -0.32081024 0.37394107 -0.11469956
v -0.30615089 0.37444269 -0.17803323
v -0.19761803 0.32762417 -0.23992144
v -0.19720174 0.32775794 -0.24423245
v -0.34852329 0.31745787 -0.23871691
v -0.34147609 0.30351267 -0.24423245
v -0.34697709 0.30200779 -0.23708127
v -0.29571389 0.05671226 -0.23136284
v -0.28563373 0.05671226 -0.24367457
v -0.33719425 0.28328038 -0.24423245
v -0.10083050 0.14767392 -0.24423245
v -0.10121706 0.15366001 -0.24423245
v -0.10190096 0.16312403 -0.24423245
v -0.15521587 0.14499859 -0.11469956
v -0.31376305 0.37053000 -0.11469956
v -0.30778631 0.37367353 -0.16256434
v -0.18985718 0.32371150 -0.23992144
v -0.18941116 0.32401247 -0.24423245
v -0.34117877 0.30200779 -0.24423245
v -0.28994530 0.05671226 -0.23842529
v -0.10234700 0.16797310 -0.24423245
v -0.15622688 0.15416164 -0.11469956
v -0.30513991 0.36467768 -0.11469956
v -0.20213776 0.32575143 -0.21500640
v -0.20020497 0.32665437 -0.22445257
v -0.18700263 0.32260790 -0.24423245
v -0.17629801 0.31454845 -0.24423245
v -0.10353640 0.17854070 -0.24423245
v -0.15729734 0.16312403 -0.11469956
v -0.30400997 0.36387508 -0.11469956
v -0.25063558 0.32438033 -0.11469956
v -0.23359742 0.31016758 -0.11469956
v -0.18391018 0.31331108 -0.22445257
v -0.19241439 0.32103617 -0.22445257
v -0.29541653 0.35765491 -0.11469956
v -0.26874422 0.33805801 -0.11469956
v -0.25714755 0.32939659 -0.11469956
v -0.17320557 0.31197343 -0.24423245
v -0.10398242 0.18181799 -0.24423245
v -0.15747574 0.16439483 -0.11469956
v -0.22568790 0.30277693 -0.11469956
v -0.16131156 0.30087076 -0.24423245
v -0.17127280 0.31026790 -0.24423245
v -0.15943826 0.17787186 -0.11469956
v -0.15908143 0.17556438 -0.11469956
v -0.10615308 0.19399081 -0.24423245
v -0.21774865 0.29511876 -0.11469956
v -0.15726759 0.29699149 -0.24423245
v -0.10984022 0.21077858 -0.24423245
v -0.16273885 0.19255280 -0.11469956
v -0.15539429 0.29515221 -0.24423245
v -0.21052303 0.28695896 -0.11469956
v -0.17094571 0.21937312 -0.11469956
v -0.16803168 0.21087891 -0.11469956
v -0.16306593 0.19399081 -0.11469956
v -0.11537094 0.22555985 -0.24423245
v -0.14813894 0.28679176 -0.24423245
v -0.20326769 0.27843131 -0.11469956
v -0.11751186 0.23127840 -0.24423245
v -0.17347319 0.22562674 -0.11469956
v -0.14671166 0.28508623 -0.24423245
v -0.19999682 0.27368259 -0.11469956
v -0.14118094 0.27796314 -0.24423245
v -0.14457073 0.28244432 -0.24423245
v -0.12146661 0.24037455 -0.24423245
v -0.18007436 0.24034112 -0.11469956
v -0.19856955 0.27160919 -0.11469956
v -0.13657200 0.27027151 -0.24423245
v -0.19018427 0.25863379 -0.11469956
v -0.12818673 0.25505552 -0.24423245
v -0.18536720 0.25037365 -0.11469956
v -0.18605110 0.25164445 -0.11469956
f 3101 3102 3103
f 3101 3103 3104
f 3101 3104 3105
f 3101 3105 3106
f 3101 3106 3113
f 3101 3113 3124
f 3101 3124 3141
f 3101 3141 3140
f 3101 3140 3139
f 3101 3139 3159
f 3101 3159 3192
f 3101 3192 3216
f 3101 3216 3234
f 3101 3234 3250
f 3101 3250 3257
f 3101 3257 3256
f 3101 3256 3255
f 3101 3255 3254
f 3101 3254 3253
f 3101 3253 3272
f 3101 3272 3280
f 3101 3280 3287
f 3101 3287 3298
f 3101 3298 3303
f 3101 3303 3302
f 3101 3302 3308
f 3101 3308 3313
f 3101 3313 3312
f 3101 3312 3311
f 3101 3311 3318
f 3101 3318 3324
f 3101 3324 3329
f 3101 3329 3330
f 3101 3330 3327
f 3101 3327 3325
f 3101 3325 3320
f 3101 3320 3316
f 3101 3316 3310
f 3101 3310 3305
f 3101 3305 3299
f 3101 3299 3290
f 3101 3290 3289
f 3101 3289 3295
f 3101 3295 3294
f 3101 3294 3293
f 3101 3293 3288
f 3101 3288 3281
f 3101 3281 3273
f 3101 3273 3259
f 3101 3259 3237
f 3101 3237 3217
f 3101 3217 3193
f 3101 3193 3160
f 3101 3160 3142
f 3101 3142 3125
f 3101 3125 3114
f 3101 3114 3107
f 3101 3107 3102
f 3102 3107 3103
f 3103 3108 3104
f 3103 3107 3108
f 3104 3109 3110
f 3104 3110 3105
f 3104 3108 3111
f 3104 3111 3109
f 3105 3110 3112
f 3105 3112 3113
f 3105 3113 3106
f 3107 3114 3115
f 3107 3115 3108
f 3108 3115 3116
f 3108 3116 3117
f 3108 3117 3111
f 3109 3118 3119
f 3109 3119 3110
f 3109 3111 3120
f 3109 3120 3118
f 3110 3119 3121
f 3110 3121 3122
f 3110 3122 3112
f 3111 3117 3120
f 3112 3122 3123
f 3112 3123 3113
f 3113 3123 3124
f 3114 3125 3126
f 3114 3126 3116
f 3114 3116 3115
f 3116 3126 3127
f 3116 3127 3128
f 3116 3128 3129
f 3116 3129 3117
f 3117 3129 3130
f 3117 3130 3131
f 3117 3131 3120
f 3118 3132 3133
f 3118 3133 3119
f 3118 3120 3131
f 3118 3131 3132
f 3119 3133 3121
f 3121 3133 3134
f 3121 3134 3135
f 3121 3135 3122
f 3122 3135 3136
f 3122 3136 3123
f 3123 3136 3137
f 3123 3137 3138
f 3123 3138 3139
f 3123 3139 3140
f 3123 3140 3141
f 3123 3141 3124
f 3125 3142 3143
f 3125 3143 3126
f 3126 3143 3127
f 3127 3143 3144
f 3127 3144 3145
f 3127 3145 3129
f 3127 3129 3128
f 3129 3145 3130
f 3130 3145 3146
f 3130 3146 3147
f 3130 3147 3148
f 3130 3148 3149
f 3130 3149 3150
f 3130 3150 3131
f 3131 3150 3151
f 3131 3151 3132
f 3132 3151 3152
f 3132 3152 3133
f 3133 3152 3134
f 3134 3152 3153
f 3134 3153 3154
f 3134 3154 3135
f 3135 3154 3155
f 3135 3155 3136
f 3136 3155 3137
f 3137 3156 3157
f 3137 3157 3138
f 3137 3155 3156
f 3138 3157 3158
f 3138 3158 3139
f 3139 3158 3159
f 3142 3160 3161
f 3142 3161 3162
f 3142 3162 3143
f 3143 3162 3144
f 3144 3162 3163
f 3144 3163 3164
f 3144 3164 3165
f 3144 3165 3145
f 3145 3165 3166
f 3145 3166 3167
f 3145 3167 3147
f 3145 3147 3146
f 3147 3167 3168
f 3147 3168 3169
f 3147 3169 3170
f 3147 3170 3171
f 3147 3171 3148
f 3148 3172 3173
f 3148 3173 3174
f 3148 3174 3150
f 3148 3150 3149
f 3148 3171 3175
f 3148 3175 3176
f 3148 3176 3177
f 3148 3177 3172
f 3150 3174 3151
f 3151 3174 3178
f 3151 3178 3152
f 3152 3178 3153
f 3153 3178 3179
f 3153 3179 3180
f 3153 3180 3181
f 3153 3181 3154
f 3154 3181 3182
f 3154 3182 3183
f 3154 3183 3155
f 3155 3183 3184
f 3155 3184 3156
f 3156 3184 3185
f 3156 3185 3157
f 3157 3185 3186
f 3157 3186 3187
f 3157 3187 3188
f 3157 3188 3189
f 3157 3189 3158
f 3158 3189 3159
f 3159 3189 3190
f 3159 3190 3191
f 3159 3191 3192
f 3160 3193 3194
f 3160 3194 3163
f 3160 3163 3161
f 3161 3163 3162
f 3163 3194 3195
f 3163 3195 3164
f 3164 3196 3197
f 3164 3197 3198
f 3164 3198 3165
f 3164 3195 3196
f 3165 3198 3199
f 3165 3199 3166
f 3166 3199 3200
f 3166 3200 3167
f 3167 3201 3168
f 3167 3200 3202
f 3167 3202 3201
f 3168 3201 3169
f 3169 3201 3202
f 3169 3202 3200
f 3169 3200 3224
f 3169 3224 3222
f 3169 3222 3239
f 3169 3239 3238
f 3169 3238 3241
f 3169 3241 3262
f 3169 3262 3276
f 3169 3276 3284
f 3169 3284 3285
f 3169 3285 3296
f 3169 3296 3301
f 3169 3301 3300
f 3169 3300 3306
f 3169 3306 3309
f 3169 3309 3315
f 3169 3315 3319
f 3169 3319 3322
f 3169 3322 3321
f 3169 3321 3326
f 3169 3326 3328
f 3169 3328 3323
f 3169 3323 3317
f 3169 3317 3314
f 3169 3314 3307
f 3169 3307 3304
f 3169 3304 3297
f 3169 3297 3286
f 3169 3286 3279
f 3169 3279 3271
f 3169 3271 3270
f 3169 3270 3269
f 3169 3269 3252
f 3169 3252 3233
f 3169 3233 3251
f 3169 3251 3268
f 3169 3268 3277
f 3169 3277 3264
f 3169 3264 3244
f 3169 3244 3243
f 3169 3243 3242
f 3169 3242 3225
f 3169 3225 3203
f 3169 3203 3177
f 3169 3177 3176
f 3169 3176 3175
f 3169 3175 3170
f 3170 3175 3171
f 3172 3177 3203
f 3172 3203 3204
f 3172 3204 3173
f 3173 3204 3174
f 3174 3204 3205
f 3174 3205 3206
f 3174 3206 3178
f 3178 3206 3207
f 3178 3207 3179
f 3179 3207 3180
f 3180 3208 3209
f 3180 3209 3181
f 3180 3207 3208
f 3181 3209 3182
f 3182 3209 3210
f 3182 3210 3211
f 3182 3211 3212
f 3182 3212 3213
f 3182 3213 3183
f 3183 3213 3214
f 3183 3214 3215
f 3183 3215 3184
f 3184 3215 3214
f 3184 3214 3213
f 3184 3213 3212
f 3184 3212 3211
f 3184 3211 3210
f 3184 3210 3232
f 3184 3232 3231
f 3184 3231 3230
f 3184 3230 3249
f 3184 3249 3248
f 3184 3248 3266
f 3184 3266 3278
f 3184 3278 3267
f 3184 3267 3251
f 3184 3251 3233
f 3184 3233 3216
f 3184 3216 3192
f 3184 3192 3191
f 3184 3191 3190
f 3184 3190 3189
f 3184 3189 3188
f 3184 3188 3187
f 3184 3187 3186
f 3184 3186 3185
f 3193 3217 3218
f 3193 3218 3219
f 3193 3219 3194
f 3194 3219 3195
f 3195 3219 3218
f 3195 3218 3217
f 3195 3217 3220
f 3195 3220 3196
f 3196 3221 3222
f 3196 3222 3223
f 3196 3223 3197
f 3196 3220 3221
f 3197 3223 3222
f 3197 3222 3224
f 3197 3224 3198
f 3198 3224 3199
f 3199 3224 3200
f 3203 3225 3226
f 3203 3226 3204
f 3204 3226 3205
f 3205 3226 3227
f 3205 3227 3206
f 3206 3227 3207
f 3207 3227 3228
f 3207 3228 3208
f 3208 3228 3229
f 3208 3229 3230
f 3208 3230 3231
f 3208 3231 3209
f 3209 3231 3232
f 3209 3232 3210
f 3216 3233 3234
f 3217 3235 3236
f 3217 3236 3220
f 3217 3237 3235
f 3220 3236 3235
f 3220 3235 3221
f 3221 3238 3239
f 3221 3239 3222
f 3221 3235 3240
f 3221 3240 3241
f 3221 3241 3238
f 3225 3242 3226
f 3226 3242 3243
f 3226 3243 3244
f 3226 3244 3245
f 3226 3245 3227
f 3227 3245 3246
f 3227 3246 3228
f 3228 3246 3247
f 3228 3247 3248
f 3228 3248 3249
f 3228 3249 3229
f 3229 3249 3230
f 3233 3250 3234
f 3233 3252 3253
f 3233 3253 3254
f 3233 3254 3255
f 3233 3255 3256
f 3233 3256 3257
f 3233 3257 3250
f 3235 3258 3240
f 3235 3237 3258
f 3237 3259 3258
f 3240 3258 3260
f 3240 3260 3261
f 3240 3261 3262
f 3240 3262 3241
f 3244 3263 3245
f 3244 3264 3263
f 3245 3263 3246
f 3246 3263 3264
f 3246 3264 3265
f 3246 3265 3247
f 3247 3265 3266
f 3247 3266 3248
f 3251 3267 3268
f 3252 3269 3253
f 3253 3269 3270
f 3253 3270 3271
f 3253 3271 3272
f 3258 3259 3273
f 3258 3273 3274
f 3258 3274 3261
f 3258 3261 3260
f 3261 3275 3276
f 3261 3276 3262
f 3261 3274 3275
f 3264 3277 3265
f 3265 3277 3268
f 3265 3268 3266
f 3266 3268 3278
f 3267 3278 3268
f 3271 3279 3272
f 3272 3279 3280
f 3273 3281 3282
f 3273 3282 3283
f 3273 3283 3275
f 3273 3275 3274
f 3275 3284 3276
f 3275 3283 3282
f 3275 3282 3285
f 3275 3285 3284
f 3279 3286 3280
f 3280 3286 3287
f 3281 3288 3282
f 3282 3289 3290
f 3282 3290 3291
f 3282 3291 3292
f 3282 3292 3285
f 3282 3288 3293
f 3282 3293 3294
f 3282 3294 3295
f 3282 3295 3289
f 3285 3292 3296
f 3286 3297 3287
f 3287 3297 3298
f 3290 3299 3291
f 3291 3299 3300
f 3291 3300 3301
f 3291 3301 3292
f 3292 3301 3296
f 3297 3302 3303
f 3297 3303 3298
f 3297 3304 3302
f 3299 3305 3306
f 3299 3306 3300
f 3302 3304 3307
f 3302 3307 3308
f 3305 3309 3306
f 3305 3310 3309
f 3307 3311 3312
f 3307 3312 3313
f 3307 3313 3308
f 3307 3314 3311
f 3309 3310 3315
f 3310 3316 3315
f 3311 3314 3317
f 3311 3317 3318
f 3315 3316 3319
f 3316 3320 3321
f 3316 3321 3322
f 3316 3322 3319
f 3317 3323 3318
f 3318 3323 3324
f 3320 3325 3321
f 3321 3325 3327
f 3321 3327 3326
f 3323 3328 3324
f 3324 3328 3329
f 3326 3327 3330
f 3326 3330 3328
f 3328 3330 3329

o geometry_15
v 0.25619800 0.10505711 -0.23583839
v 0.25619800 0.10044599 0.03353684
v 0.26939407 0.10344322 -0.23583839
v 0.24064288 0.10502418 -0.23583839
v 0.24064288 0.10061067 0.03353684
v 0.26132161 0.09972138 0.03353684
v 0.27179001 0.09820630 0.03353684
v 0.27179001 0.10308091 -0.23583839
v 0.22508775 0.09949083 0.03353684
v 0.22508775 0.10294917 -0.23583839
v 0.20953261 0.09764637 0.03353684
v 0.27554978 0.09718527 0.03353684
v 0.28288502 0.09876622 -0.23583839
v 0.28329048 0.09504438 0.03353684
v 0.22261809 0.10252100 -0.23583839
v 0.19394062 0.09708646 -0.14705741
v 0.18432002 0.09392453 0.03353684
v 0.18741630 0.09441858 0.03353684
v 0.19394062 0.09540668 0.03353684
v 0.19906423 0.09616422 0.03353684
v 0.29110488 0.09188247 0.03353684
v 0.28535466 0.09748170 -0.23583839
v -0.02173020 0.04376205 -0.23583839
v -0.01520589 0.04712159 -0.23119762
v -0.02173020 0.04659461 -0.22724241
v -0.02173020 0.04745096 -0.22244344
v -0.02173020 0.04837318 -0.21698527
v -0.02173020 0.04955890 -0.20954951
v -0.02173020 0.05163391 -0.19570632
v -0.02173020 0.05193034 -0.19349141
v -0.02173020 0.05364304 -0.18022832
v -0.02173020 0.05528987 -0.16475031
v -0.02173020 0.05548749 -0.16253541
v -0.02173020 0.05631090 -0.14705741
v 0.18056026 0.09468208 -0.14705741
v 0.18081827 0.09461620 -0.13160579
v 0.16736419 0.09099318 0.03353684
v 0.18173979 0.09349636 0.03353684
v 0.30290026 0.08466934 0.03353684
v 0.30290026 0.08470228 0.02312149
v 0.30566479 0.08272609 0.03353684
v 0.31130445 0.07870781 0.02312149
v 0.31134130 0.07874075 -0.05424214
v 0.31134130 0.07874075 -0.11612778
v 0.31130445 0.07870781 -0.13160579
v 0.31119389 0.07860900 -0.14705741
v 0.31104642 0.07851019 -0.16253541
v 0.31082528 0.07831258 -0.17801340
v 0.31071469 0.07818083 -0.18600291
v 0.31030923 0.07771972 -0.19631279
v 0.30979317 0.07706098 -0.20896941
v 0.30105723 0.08341775 -0.22444742
v 0.30887166 0.07544709 -0.22444742
v 0.29932481 0.08121099 -0.23583839
v -0.02173020 -0.22750401 -0.23583839
v -0.02173020 0.05631090 -0.13160579
v -0.02173020 0.05624504 0.03353684
v 0.14727521 0.08737015 0.03353684
v 0.31130445 0.07867488 0.03353684
v 0.31908203 0.07103358 0.02312149
v 0.31908203 0.07103358 0.00764349
v 0.32674902 0.06329347 -0.00783451
v 0.32649099 0.06299704 -0.10067615
v 0.32638040 0.06289823 -0.11185617
v 0.31513796 0.07172525 -0.19209390
v 0.32619608 0.06263474 -0.12216604
v 0.32597494 0.06230537 -0.13160579
v 0.32560633 0.06167958 -0.14705741
v 0.32520089 0.06092203 -0.16253541
v 0.31521169 0.06935381 -0.20896941
v 0.31377409 0.06770698 -0.22444742
v 0.31222597 0.06526966 -0.23488913
v 0.31093586 0.06619190 -0.23583839
v 0.08501782 -0.23017186 -0.10067615
v 0.06946269 -0.23027069 -0.10067615
v 0.05390756 -0.23030362 -0.10067615
v 0.03831557 -0.23030362 -0.10067615
v 0.00720530 -0.23050124 -0.08944339
v -0.00576960 -0.23060004 -0.08005639
v -0.00989797 -0.23046831 -0.08519815
v -0.02173020 -0.23033655 -0.08519815
v 0.08501782 -0.22361748 -0.23583839
v 0.08501782 -0.22427621 -0.22444742
v 0.10057296 -0.22631829 -0.17801340
v 0.11616496 -0.22832742 -0.13160579
v 0.11616496 -0.22915083 -0.11612778
v 0.10057296 -0.22948021 -0.11612778
v 0.10057296 -0.23000718 -0.10067615
v -0.02173020 -0.23069886 0.03353684
v 0.31653865 0.07350383 0.03353684
v 0.31908203 0.07096770 0.03353684
v 0.32674902 0.06329347 0.02312149
v 0.33257297 0.05502637 -0.00783451
v 0.33253612 0.05502637 -0.02328615
v 0.33242553 0.05502637 -0.05424214
v 0.33224124 0.05502637 -0.06972015
v 0.33194636 0.05502637 -0.08519815
v 0.33157772 0.05502637 -0.10067615
v 0.32464796 0.05990100 -0.17801340
v 0.33010333 0.05650852 -0.11665514
v 0.33043506 0.05456527 -0.13160579
v 0.32988215 0.05397241 -0.14705741
v 0.32929240 0.05321486 -0.16253541
v 0.32398446 0.05828711 -0.19349141
v 0.32354215 0.05440058 -0.20986592
v 0.32026154 0.05502637 -0.22444742
v 0.31255773 0.06326054 -0.23583839
v 0.32497972 0.04326800 -0.22444742
v 0.32634355 0.03220130 -0.23235782
v 0.08501782 -0.23115996 -0.05424214
v 0.09471214 -0.23056710 -0.07876436
v 0.06946269 -0.23089648 -0.06972015
v 0.05390756 -0.23050124 -0.09049811
v 0.03831557 -0.23050124 -0.09033990
v 0.02276043 -0.23050124 -0.09002348
v 0.00720530 -0.23106117 -0.05424214
v 0.06946269 -0.23119289 -0.05424214
v 0.03831557 -0.23112703 -0.05424214
v -0.00838669 -0.23096234 -0.05424214
v -0.00989797 -0.23069886 -0.07124949
v -0.01612740 -0.23053417 -0.07744596
v -0.02173020 -0.23063297 -0.06568585
v -0.02117730 -0.23063297 -0.06713609
v 0.08914620 -0.22345280 -0.23583839
v 0.11616496 -0.22747105 -0.14705741
v 0.13172008 -0.22760281 -0.13160579
v 0.13172008 -0.22845915 -0.11612778
v 0.13172008 -0.22915083 -0.10067615
v 0.11616496 -0.22971076 -0.10067615
v 0.10016749 -0.23036948 -0.08443347
v 0.11616496 -0.23007307 -0.08519815
v 0.10506994 -0.23050124 -0.07496737
v -0.02173020 -0.23096234 -0.00783451
v -0.00838669 -0.23122583 -0.02328615
v -0.00838669 -0.23086355 0.03353684
v 0.32671214 0.06326054 0.03353684
v 0.33249927 0.05502637 0.03353684
v 0.33253612 0.05502637 0.02312149
v 0.33257297 0.05502637 0.00764349
v 0.33987135 0.04310332 -0.00783451
v 0.33987135 0.04307038 -0.02328615
v 0.33987135 0.04300451 -0.03876415
v 0.33983450 0.04293863 -0.05424214
v 0.33972391 0.04257633 -0.06972015
v 0.32866576 0.05216090 -0.17801340
v 0.33946588 0.04165411 -0.08519815
v 0.33913412 0.04036958 -0.10067615
v 0.33747541 0.03957910 -0.13160579
v 0.32778109 0.05057994 -0.19349141
v 0.32693331 0.04883429 -0.20530427
v 0.32608552 0.04672635 -0.21561415
v 0.32302609 0.03562671 -0.23583839
v 0.32733877 0.03552790 -0.22444742
v 0.32516401 0.02413182 -0.23583839
v 0.33305217 0.02413182 -0.20896941
v 0.32955042 0.02413182 -0.22444742
v 0.33139343 0.00871748 -0.22444742
v 0.32685960 0.02413182 -0.23325431
v 0.10057296 -0.23099527 -0.05424214
v 0.10057296 -0.23119289 -0.03876415
v 0.08501782 -0.23132465 -0.03876415
v 0.05390756 -0.23089648 -0.06972015
v 0.00720530 -0.23125879 -0.03876415
v 0.06946269 -0.23132465 -0.03876415
v 0.02276043 -0.23142345 -0.02328615
v -0.00838669 -0.23112703 -0.03876415
v -0.02173020 -0.23096234 -0.03876415
v -0.02173020 -0.23076472 -0.05537597
v 0.10057296 -0.22295876 -0.23583839
v 0.10470133 -0.22276114 -0.23583839
v 0.11616496 -0.22470438 -0.19349141
v 0.13172008 -0.22575837 -0.16253541
v 0.14727521 -0.22658178 -0.13160579
v 0.14727521 -0.22747105 -0.11612778
v 0.14727521 -0.22829449 -0.10067615
v 0.14727521 -0.22895321 -0.08519815
v 0.13172008 -0.22961194 -0.08519815
v 0.12184147 -0.23050124 -0.06022768
v 0.11645984 -0.23040242 -0.06977288
v 0.11144680 -0.23060004 -0.06463112
v -0.02173020 -0.23102821 -0.02107123
v 0.00720530 -0.23139051 -0.02328615
v -0.02173020 -0.23102821 -0.02328615
v 0.00720530 -0.23102821 0.02312149
v 0.00720530 -0.23092941 0.03353684
v 0.33983450 0.04300451 0.03353684
v 0.33983450 0.04310332 0.02312149
v 0.34337310 0.03536321 0.02312149
v 0.34337310 0.03539615 0.00764349
v 0.34333625 0.03539615 -0.00783451
v 0.34329939 0.03536321 -0.02328615
v 0.34322566 0.03523147 -0.05424214
v 0.34304137 0.03486916 -0.06972015
v 0.33629589 0.03957910 -0.14705741
v 0.33500576 0.03957910 -0.16253541
v 0.33364193 0.03957910 -0.17801340
v 0.34263587 0.03394694 -0.08519815
v 0.33917101 0.03809695 -0.11483575
v 0.34186180 0.03193780 -0.10882385
v 0.33183575 0.03957910 -0.19349141
v 0.32885005 0.04076482 -0.20986592
v 0.32767053 0.00871748 -0.23449362
v 0.32645411 0.01187940 -0.23583839
v 0.33559552 0.02413182 -0.19349141
v 0.33784402 0.00871748 -0.19349141
v 0.33519008 0.00871748 -0.20896941
v 0.33272041 -0.00672980 -0.22444742
v 0.33670133 -0.00672980 -0.20896941
v 0.11645984 -0.23069886 -0.05474314
v 0.12600670 -0.23060004 -0.04991780
v 0.11616496 -0.23092941 -0.03876415
v 0.10057296 -0.23125879 -0.02328615
v 0.08501782 -0.23135758 -0.02328615
v 0.06433908 -0.23099527 0.03353684
v 0.03322882 -0.23099527 0.03353684
v 0.02276043 -0.23106117 0.02312149
v 0.11616496 -0.22210239 -0.23583839
v 0.11616496 -0.22282700 -0.22444742
v 0.13172008 -0.22480320 -0.17801340
v 0.14727521 -0.22565954 -0.14705741
v 0.16286720 -0.22628533 -0.11612778
v 0.16286720 -0.22717464 -0.10067615
v 0.16286720 -0.22803098 -0.08519815
v 0.16286720 -0.22862384 -0.06972015
v 0.14727521 -0.22941432 -0.06972015
v 0.13142520 -0.23033655 -0.05474314
v 0.01763683 -0.23096234 0.03353684
v 0.34097716 0.04046839 0.03353684
v 0.34329939 0.03529734 0.03353684
v 0.34676426 0.02413182 0.02312149
v 0.34683800 0.02413182 0.00764349
v 0.34672741 0.02413182 -0.00783451
v 0.34650624 0.02413182 -0.03876415
v 0.34632194 0.02413182 -0.05424214
v 0.34591648 0.02413182 -0.06972015
v 0.34149321 0.03009335 -0.11913373
v 0.34108775 0.02749136 -0.13160579
v 0.33891298 0.02413182 -0.16253541
v 0.33740170 0.02413182 -0.17801340
v 0.34211982 0.03266241 -0.10067615
v 0.34503181 0.02413182 -0.08519815
v 0.32829714 -0.00672980 -0.23536374
v 0.32792856 -0.00570876 -0.23583839
v 0.32678587 0.00871748 -0.23583839
v 0.33389995 -0.02217707 -0.22444742
v 0.33493206 -0.03762435 -0.22444742
v 0.33972391 0.00871748 -0.17801340
v 0.34175124 -0.00004366 -0.16947019
v 0.34130889 -0.00580757 -0.17830345
v 0.33946588 -0.00672980 -0.19349141
v 0.33788088 -0.02217707 -0.20896941
v 0.13573789 -0.23043535 -0.03876415
v 0.12796031 -0.23066593 -0.03876415
v 0.11616496 -0.23096234 -0.02328615
v 0.12246810 -0.23053417 0.02312149
v 0.11491169 -0.23060004 0.03353684
v 0.08501782 -0.23089648 0.03353684
v 0.07993107 -0.23092941 0.03353684
v 0.12025646 -0.22183891 -0.23583839
v 0.13172008 -0.22282700 -0.20896941
v 0.14727521 -0.22467145 -0.16253541
v 0.16286720 -0.22533020 -0.13160579
v 0.17838548 -0.22585716 -0.10067615
v 0.17838548 -0.22674647 -0.08519815
v 0.17838548 -0.22737226 -0.06972015
v 0.17838548 -0.22766867 -0.05424214
v 0.16286720 -0.22888735 -0.05424214
v 0.14727521 -0.22971076 -0.05424214
v 0.34657997 0.02413182 0.03353684
v 0.35000799 0.00871748 0.02312149
v 0.35008172 0.00871748 0.00764349
v 0.34997113 0.00871748 -0.00783451
v 0.34986055 0.00871748 -0.02328615
v 0.34967623 0.00871748 -0.03876415
v 0.34927079 0.00871748 -0.05424214
v 0.34871788 0.00871748 -0.06972015
v 0.34392600 0.02413182 -0.10067615
v 0.34237785 0.01978419 -0.13160579
v 0.34200926 0.01751156 -0.14115099
v 0.34057169 0.02324253 -0.14660915
v 0.34779634 0.00871748 -0.08519815
v 0.32866576 -0.01558975 -0.23583839
v 0.32910808 -0.02260525 -0.23583839
v 0.33891298 -0.03762435 -0.20896941
v 0.33577984 -0.05303869 -0.22444742
v 0.34149321 0.01421790 -0.15146087
v 0.34274649 0.00891510 -0.14660915
v 0.34223044 0.00390874 -0.15913394
v 0.34215670 -0.01031989 -0.17331992
v 0.34576904 -0.00672980 -0.13160579
v 0.34440520 -0.00672980 -0.14705741
v 0.34411032 -0.02217707 -0.16253541
v 0.34252532 -0.02273700 -0.17830345
v 0.34160380 -0.01796118 -0.18365616
v 0.34079287 -0.02273700 -0.19243669
v 0.34119833 -0.03762435 -0.19633915
v 0.14727521 -0.22987545 -0.03876415
v 0.14727521 -0.23000718 -0.02328615
v 0.13592218 -0.23043535 -0.02328615
v 0.12814461 -0.23066593 -0.02328615
v 0.13172008 -0.23033655 0.02312149
v 0.12869752 -0.23033655 0.03353684
v 0.13172008 -0.22104843 -0.23583839
v 0.13172008 -0.22180597 -0.22444742
v 0.14727521 -0.22262938 -0.19349141
v 0.16286720 -0.22430914 -0.14705741
v 0.17838548 -0.22490200 -0.11612778
v 0.19394062 -0.22440796 -0.10067615
v 0.19394062 -0.22529724 -0.08519815
v 0.19394062 -0.22585716 -0.06972015
v 0.17838548 -0.22826153 -0.00783451
v 0.19394062 -0.22615361 -0.05424214
v 0.16286720 -0.22924963 -0.02328615
v 0.34974996 0.00871748 0.03353684
v 0.35107694 -0.00165755 0.03353684
v 0.35192475 -0.00672980 0.02312149
v 0.35192475 -0.00672980 -0.00783451
v 0.35185099 -0.00672980 -0.02328615
v 0.35162985 -0.00672980 -0.03876415
v 0.35107694 -0.00672980 -0.05424214
v 0.35045030 -0.00672980 -0.06972015
v 0.34956567 -0.00672980 -0.08519815
v 0.34657997 0.00871748 -0.10067615
v 0.34407344 0.00871748 -0.13160579
v 0.33659077 -0.06845303 -0.22444742
v 0.32991901 -0.03874420 -0.23583839
v 0.33972391 -0.05303869 -0.20896941
v 0.34156692 -0.05303869 -0.19926600
v 0.34178809 -0.06203039 -0.20082171
v 0.34547416 -0.02217707 -0.14705741
v 0.34705914 -0.00672980 -0.11612778
v 0.34949196 -0.02217707 -0.10067615
v 0.34816498 -0.02217707 -0.11612778
v 0.34506867 -0.03762435 -0.16253541
v 0.34193556 -0.02823741 -0.18658301
v 0.34344681 -0.03762435 -0.17801340
v 0.34219356 -0.03762435 -0.18858696
v 0.16286720 -0.22934845 -0.00783451
v 0.14727521 -0.22980956 0.02312149
v 0.13172008 -0.23027069 0.03353684
v 0.13584846 -0.22071905 -0.23583839
v 0.14727521 -0.21976389 -0.23583839
v 0.15140360 -0.21936865 -0.23583839
v 0.16286720 -0.22114722 -0.19349141
v 0.17838548 -0.22384803 -0.13160579
v 0.19394062 -0.22223415 -0.13160579
v 0.20953261 -0.22147660 -0.11612778
v 0.20953261 -0.22253056 -0.10067615
v 0.17838548 -0.22279407 -0.14705741
v 0.16286720 -0.21821586 -0.23583839
v 0.20953261 -0.22338693 -0.08519815
v 0.20953261 -0.22391390 -0.06972015
v 0.20953261 -0.22427621 -0.05424214
v 0.19394062 -0.22674647 -0.00783451
v 0.17838548 -0.22760281 0.03353684
v 0.16286720 -0.22885439 0.03353684
v 0.20953261 -0.22486907 -0.02328615
v 0.20953261 -0.22513258 -0.00783451
v 0.35170358 -0.00672980 0.03353684
v 0.35244078 -0.01710483 0.03353684
v 0.35277254 -0.02217707 0.03353684
v 0.35291995 -0.02217707 0.02312149
v 0.35291995 -0.02217707 -0.02328615
v 0.35269880 -0.02217707 -0.03876415
v 0.35214590 -0.02217707 -0.05424214
v 0.35067148 -0.02217707 -0.08519815
v 0.35151926 -0.02217707 -0.06972015
v 0.34831239 -0.00672980 -0.10067615
v 0.33714368 -0.08390031 -0.22444742
v 0.33050876 -0.05455378 -0.23583839
v 0.34068228 -0.06766255 -0.20796744
v 0.34071913 -0.08390031 -0.21081517
v 0.34256217 -0.05303869 -0.19151382
v 0.34282019 -0.06766255 -0.19478343
v 0.34200926 -0.07230662 -0.20216647
v 0.34643250 -0.03762435 -0.14705741
v 0.35030289 -0.03762435 -0.10067615
v 0.34904962 -0.03762435 -0.11612778
v 0.34775949 -0.03762435 -0.13160579
v 0.34724343 -0.05303869 -0.14705741
v 0.34576904 -0.05303869 -0.16253541
v 0.34414718 -0.05303869 -0.17801340
v 0.15774361 -0.22915083 0.03353684
v 0.14727521 -0.22974369 0.03353684
v 0.16286720 -0.21900634 -0.22444742
v 0.19394062 -0.22111429 -0.14705741
v 0.20953261 -0.22035674 -0.13160579
v 0.22508775 -0.21933571 -0.11612778
v 0.22508775 -0.22029088 -0.10067615
v 0.17882781 -0.21633849 -0.23583839
v 0.22508775 -0.22111429 -0.08519815
v 0.22508775 -0.22170715 -0.06972015
v 0.22508775 -0.22213532 -0.05424214
v 0.22508775 -0.22292580 -0.02328615
v 0.19394062 -0.22648295 0.00764349
v 0.20953261 -0.22483613 0.00764349
v 0.19394062 -0.22595599 0.03353684
v 0.22508775 -0.22318931 -0.00783451
v 0.35343600 -0.03762435 0.03353684
v 0.35358347 -0.03762435 0.02312149
v 0.35362032 -0.03762435 0.00764349
v 0.35362032 -0.03762435 -0.02328615
v 0.35339915 -0.03762435 -0.03876415
v 0.35288310 -0.03762435 -0.05424214
v 0.35137182 -0.03762435 -0.08519815
v 0.35218275 -0.03762435 -0.06972015
v 0.33710683 -0.09931465 -0.22444742
v 0.33124599 -0.08564595 -0.23583839
v 0.33124599 -0.08390031 -0.23583839
v 0.33098796 -0.07016574 -0.23583839
v 0.34075599 -0.09931465 -0.21110522
v 0.34215670 -0.08390031 -0.20308936
v 0.34223044 -0.09931465 -0.20337940
v 0.34481064 -0.06845303 -0.17801340
v 0.34352054 -0.08390031 -0.19349141
v 0.34971311 -0.05303869 -0.11612778
v 0.34853356 -0.05303869 -0.13160579
v 0.35081892 -0.05303869 -0.10067615
v 0.34779634 -0.06845303 -0.14705741
v 0.34635880 -0.06845303 -0.16253541
v 0.19394062 -0.21996151 -0.16253541
v 0.20953261 -0.21920396 -0.14705741
v 0.22508775 -0.21821586 -0.13160579
v 0.24064288 -0.21696428 -0.11612778
v 0.24064288 -0.21791944 -0.10067615
v 0.18188723 -0.21594325 -0.23583839
v 0.24064288 -0.21870992 -0.08519815
v 0.24064288 -0.21933571 -0.06972015
v 0.24064288 -0.21982978 -0.05424214
v 0.24064288 -0.22025795 -0.03876415
v 0.24064288 -0.22062026 -0.02328615
v 0.22508775 -0.22223415 0.03353684
v 0.21996412 -0.22289287 0.03353684
v 0.20953261 -0.22421034 0.03353684
v 0.24064288 -0.22081788 -0.00783451
v 0.24064288 -0.22055436 0.00764349
v 0.24064288 -0.21996151 0.03353684
v 0.35439440 -0.06845303 0.03353684
v 0.35413637 -0.05303869 0.02312149
v 0.35413637 -0.05303869 0.00764349
v 0.35461555 -0.06845303 0.00764349
v 0.35454181 -0.06845303 -0.00783451
v 0.35443125 -0.06845303 -0.02328615
v 0.35421008 -0.06845303 -0.03876415
v 0.35373088 -0.06845303 -0.05424214
v 0.35306742 -0.06845303 -0.06972015
v 0.35185099 -0.05303869 -0.08519815
v 0.33655392 -0.11476193 -0.22444742
v 0.33058250 -0.11476193 -0.23583839
v 0.33106167 -0.10092855 -0.23583839
v 0.33109855 -0.09931465 -0.23583839
v 0.34208297 -0.11179763 -0.20256199
v 0.34075599 -0.11607940 -0.20823112
v 0.34363113 -0.09931465 -0.19349141
v 0.34528984 -0.08390031 -0.17801340
v 0.34551101 -0.09931465 -0.17801340
v 0.34904962 -0.06845303 -0.13160579
v 0.35129809 -0.06845303 -0.10067615
v 0.34812810 -0.08390031 -0.14705741
v 0.34676426 -0.08390031 -0.16253541
v 0.20953261 -0.21798531 -0.16253541
v 0.22508775 -0.21703014 -0.14705741
v 0.18708456 -0.21525157 -0.23583839
v 0.25619800 -0.20556820 -0.23583839
v 0.24075346 -0.21591032 -0.13023465
v 0.24856789 -0.21511984 -0.12417001
v 0.25011602 -0.21541625 -0.11612778
v 0.25276999 -0.21587738 -0.10067615
v 0.25483417 -0.21627262 -0.08519815
v 0.25759869 -0.21640435 -0.07040572
v 0.25619800 -0.21726072 -0.05424214
v 0.25619800 -0.21778769 -0.03876415
v 0.25619800 -0.21815000 -0.02328615
v 0.25619800 -0.21821586 -0.00783451
v 0.25619800 -0.21801824 0.00764349
v 0.25619800 -0.21775476 0.02312149
v 0.25619800 -0.21745834 0.03353684
v 0.35457869 -0.08390031 0.03353684
v 0.35461555 -0.06845303 0.02312149
v 0.35483672 -0.08390031 0.00764349
v 0.35476298 -0.08390031 -0.00783451
v 0.35468928 -0.08390031 -0.02328615
v 0.35446811 -0.08390031 -0.03876415
v 0.35398891 -0.08390031 -0.05424214
v 0.35332544 -0.08390031 -0.06972015
v 0.35258822 -0.08390031 -0.08519815
v 0.35229334 -0.06845303 -0.08519815
v 0.33946588 -0.13020921 -0.20896941
v 0.33522694 -0.13020921 -0.22444742
v 0.32936610 -0.13027508 -0.23583839
v 0.34525299 -0.11476193 -0.17801340
v 0.34296763 -0.11607940 -0.19494166
v 0.34178809 -0.12207385 -0.20108539
v 0.34705914 -0.09931465 -0.16253541
v 0.34687485 -0.11476193 -0.16253541
v 0.35056089 -0.08390031 -0.11612778
v 0.34938135 -0.08390031 -0.13160579
v 0.35162985 -0.08390031 -0.10067615
v 0.34838612 -0.09931465 -0.14705741
v 0.34967623 -0.09931465 -0.13160579
v 0.20953261 -0.21215554 -0.23583839
v 0.22508775 -0.20998173 -0.23583839
v 0.19242933 -0.21452698 -0.23583839
v 0.27179001 -0.20273566 -0.23583839
v 0.27179001 -0.20471186 -0.20896941
v 0.25789360 -0.21399998 -0.11612778
v 0.26054754 -0.21449405 -0.10067615
v 0.26261174 -0.21485633 -0.08519815
v 0.26368070 -0.21505395 -0.07602209
v 0.26474966 -0.21525157 -0.06571221
v 0.26581861 -0.21548215 -0.05424214
v 0.26710872 -0.21577856 -0.03876415
v 0.26795650 -0.21594325 -0.02328615
v 0.26839882 -0.21597618 -0.00783451
v 0.26817767 -0.21591032 0.00764349
v 0.26729301 -0.21577856 0.02312149
v 0.26286977 -0.21627262 0.03353684
v 0.35454181 -0.09427534 0.03353684
v 0.35479984 -0.08390031 0.02312149
v 0.35479984 -0.09931465 0.00764349
v 0.35479984 -0.09931465 -0.00783451
v 0.35476298 -0.09931465 -0.02328615
v 0.35454181 -0.09931465 -0.03876415
v 0.35398891 -0.09931465 -0.05424214
v 0.35336230 -0.09931465 -0.06972015
v 0.35266192 -0.09931465 -0.08519815
v 0.35181414 -0.09931465 -0.10067615
v 0.33662763 -0.14562355 -0.20896941
v 0.34141951 -0.13020921 -0.19834311
v 0.34204612 -0.13883861 -0.18718947
v 0.33209377 -0.14562355 -0.22444742
v 0.32767053 -0.14562355 -0.23391352
v 0.32626982 -0.14562355 -0.23583839
v 0.34584274 -0.13020921 -0.16253541
v 0.34414718 -0.13020921 -0.17801340
v 0.34252532 -0.13020921 -0.19059094
v 0.34952881 -0.11476193 -0.13160579
v 0.34864415 -0.13020921 -0.13160579
v 0.34728031 -0.13020921 -0.14705741
v 0.35081892 -0.09931465 -0.11612778
v 0.35070833 -0.11476193 -0.11612778
v 0.28130001 -0.20033129 -0.23583839
v 0.28734513 -0.20313090 -0.17801340
v 0.27179001 -0.21017935 -0.13160579
v 0.28734513 -0.20649044 -0.13160579
v 0.28734513 -0.20761029 -0.11612778
v 0.27179001 -0.21126624 -0.11612778
v 0.27179001 -0.21222141 -0.10067615
v 0.27179001 -0.21297895 -0.08519815
v 0.27068420 -0.21386823 -0.07040572
v 0.27359616 -0.21386823 -0.05424214
v 0.27488627 -0.21409881 -0.03876415
v 0.27573408 -0.21429643 -0.02328615
v 0.27617640 -0.21442816 -0.00783451
v 0.27595522 -0.21439522 0.00764349
v 0.26648208 -0.21561387 0.03353684
v 0.27507059 -0.21419760 0.02312149
v 0.27429651 -0.21403292 0.03353684
v 0.35450496 -0.09931465 0.03353684
v 0.35468928 -0.09931465 0.02312149
v 0.35468928 -0.11476193 0.00764349
v 0.35468928 -0.11476193 -0.00783451
v 0.35461555 -0.11476193 -0.02328615
v 0.35428381 -0.11476193 -0.03876415
v 0.35373088 -0.11476193 -0.05424214
v 0.35310427 -0.11476193 -0.06972015
v 0.35244078 -0.11476193 -0.08519815
v 0.35166673 -0.11476193 -0.10067615
v 0.33976076 -0.14463545 -0.19280586
v 0.33393681 -0.16107082 -0.19349141
v 0.33017703 -0.16228948 -0.20981319
v 0.32811285 -0.15711843 -0.22444742
v 0.34259902 -0.14127592 -0.17801340
v 0.34075599 -0.14898309 -0.17801340
v 0.32645411 -0.15375889 -0.23243690
v 0.32321039 -0.15708549 -0.23583839
v 0.34650624 -0.14562355 -0.13160579
v 0.34499496 -0.14562355 -0.14705741
v 0.34993425 -0.13020921 -0.11612778
v 0.34783322 -0.14562355 -0.11612778
v 0.35096636 -0.13020921 -0.10067615
v 0.28907758 -0.19693880 -0.23583839
v 0.29261619 -0.19871738 -0.20896941
v 0.29420119 -0.19934320 -0.19810581
v 0.29556503 -0.19987016 -0.18779593
v 0.28483861 -0.20141819 -0.20896941
v 0.29641281 -0.20026540 -0.17801340
v 0.30057806 -0.20204398 -0.13160579
v 0.30201562 -0.20260391 -0.11612778
v 0.28734513 -0.20853250 -0.10067615
v 0.28734513 -0.20929004 -0.08519815
v 0.28734513 -0.20998173 -0.06972015
v 0.28734513 -0.21060752 -0.05424214
v 0.28734513 -0.21100276 -0.03876415
v 0.28734513 -0.21133210 -0.02328615
v 0.28734513 -0.21159562 -0.00783451
v 0.28734513 -0.21152972 0.00764349
v 0.28734513 -0.21120038 0.02312149
v 0.28734513 -0.21093687 0.03353684
v 0.28332733 -0.21192496 0.03353684
v 0.35432067 -0.11476193 0.03353684
v 0.35454181 -0.11476193 0.02312149
v 0.35409952 -0.13020921 0.00764349
v 0.35413637 -0.13020921 -0.00783451
v 0.35395205 -0.13020921 -0.02328615
v 0.35350974 -0.13020921 -0.03876415
v 0.35291995 -0.13020921 -0.05424214
v 0.35170358 -0.13020921 -0.08519815
v 0.32833400 -0.17170935 -0.19349141
v 0.32722819 -0.17016134 -0.20522517
v 0.34141951 -0.15174976 -0.16688613
v 0.33618528 -0.16107082 -0.17801340
v 0.32597494 -0.16828395 -0.21553505
v 0.31417959 -0.17717683 -0.23583839
v 0.34326251 -0.14621641 -0.16206078
v 0.34337310 -0.15738192 -0.13160579
v 0.34256217 -0.15524105 -0.14705741
v 0.34204612 -0.15385771 -0.15654988
v 0.34893903 -0.14562355 -0.10067615
v 0.34403659 -0.15909462 -0.11612778
v 0.34982369 -0.14562355 -0.08519815
v 0.30363749 -0.18857291 -0.23583839
v 0.30290026 -0.19292054 -0.20896941
v 0.30161013 -0.19585191 -0.19317499
v 0.30422724 -0.19614832 -0.17801340
v 0.30555423 -0.19703762 -0.16253541
v 0.30695492 -0.19779517 -0.14705741
v 0.30979317 -0.19924437 -0.11612778
v 0.31056725 -0.19960668 -0.10774277
v 0.30441156 -0.20260391 -0.10180997
v 0.30290026 -0.20411900 -0.08519815
v 0.30290026 -0.20477772 -0.06972015
v 0.30290026 -0.20537058 -0.05424214
v 0.30290026 -0.20586465 -0.03876415
v 0.30290026 -0.20619399 -0.02328615
v 0.30290026 -0.20639161 -0.00783451
v 0.30290026 -0.20629282 0.00764349
v 0.30290026 -0.20612813 0.02312149
v 0.29781350 -0.20761029 0.03353684
v 0.35358347 -0.13020921 0.03353684
v 0.35380461 -0.13020921 0.02312149
v 0.35229334 -0.14058424 0.03353684
v 0.35210902 -0.14562355 0.00764349
v 0.35225649 -0.14562355 -0.00783451
v 0.35210902 -0.14562355 -0.02328615
v 0.35162985 -0.14562355 -0.03876415
v 0.35045030 -0.14562355 -0.06972015
v 0.34023993 -0.16512204 -0.13160579
v 0.32943981 -0.17338913 -0.17801340
v 0.32483225 -0.18257843 -0.16253541
v 0.32354215 -0.18109630 -0.17801340
v 0.32217831 -0.17944947 -0.19349141
v 0.32155167 -0.17579350 -0.20981319
v 0.31152562 -0.18501576 -0.21880468
v 0.30920342 -0.18287487 -0.23583839
v 0.34097716 -0.16683473 -0.11612778
v 0.34462635 -0.16034622 -0.10067615
v 0.34676426 -0.16107082 -0.05424214
v 0.34610077 -0.16107082 -0.06972015
v 0.31281575 -0.18613561 -0.20896941
v 0.31440076 -0.18742013 -0.19349141
v 0.31576460 -0.18840822 -0.17801340
v 0.31701782 -0.18933046 -0.16253541
v 0.31123074 -0.20000192 -0.09743289
v 0.31849227 -0.19150427 -0.13160579
v 0.31849227 -0.19305230 -0.11612778
v 0.31723899 -0.19522612 -0.10180997
v 0.31178365 -0.20033129 -0.08519815
v 0.31229970 -0.20066064 -0.06972015
v 0.31322119 -0.20122057 -0.03876415
v 0.31358983 -0.20145112 -0.02328615
v 0.31370039 -0.20151701 -0.00783451
v 0.31362668 -0.20145112 0.00764349
v 0.31351607 -0.20138526 0.02312149
v 0.30290026 -0.20593051 0.03353684
v 0.30990376 -0.20286739 0.03353684
v 0.35162985 -0.14562355 0.03353684
v 0.34879159 -0.15599858 0.03353684
v 0.34739090 -0.16107082 0.03353684
v 0.34753834 -0.16107082 0.02312149
v 0.34772263 -0.16107082 0.00764349
v 0.34787007 -0.16107082 -0.00783451
v 0.34779634 -0.16107082 -0.02328615
v 0.34739090 -0.16107082 -0.03876415
v 0.33312588 -0.17651811 -0.13160579
v 0.33047191 -0.17483833 -0.16253541
v 0.32568006 -0.18356653 -0.15074893
v 0.34153006 -0.16808633 -0.10067615
v 0.33471089 -0.17651811 -0.11612778
v 0.34462635 -0.16255298 -0.08630560
v 0.34282019 -0.17052363 -0.05424214
v 0.34245158 -0.16986491 -0.06972015
v 0.34208297 -0.16927205 -0.08187578
v 0.32641726 -0.18438997 -0.14043905
v 0.31970864 -0.18900108 -0.14618727
v 0.31956122 -0.19479794 -0.08519815
v 0.32693331 -0.18491693 -0.13160579
v 0.32778109 -0.18577330 -0.11612778
v 0.32007728 -0.19525905 -0.06972015
v 0.32051957 -0.19558842 -0.05424214
v 0.32099877 -0.19585191 -0.03876415
v 0.32136738 -0.19608246 -0.02328615
v 0.32151482 -0.19618128 -0.00783451
v 0.32140423 -0.19611539 0.00764349
v 0.32129365 -0.19601659 0.02312149
v 0.31336866 -0.20131939 0.03353684
v 0.34458950 -0.16775695 0.03353684
v 0.34322566 -0.17121531 0.02312149
v 0.34329939 -0.17128118 0.00764349
v 0.34337310 -0.17131411 -0.00783451
v 0.34333625 -0.17124824 -0.02328615
v 0.34315193 -0.17098475 -0.03876415
v 0.33050876 -0.17767088 -0.14618727
v 0.34178809 -0.16867919 -0.09218566
v 0.33592728 -0.17651811 -0.10067615
v 0.33777029 -0.17823081 -0.05424214
v 0.33740170 -0.17760501 -0.06972015
v 0.32844461 -0.18643203 -0.10067615
v 0.32907122 -0.18705782 -0.08519815
v 0.32962413 -0.18755188 -0.06972015
v 0.32995586 -0.18788123 -0.05424214
v 0.33014018 -0.18814474 -0.03876415
v 0.33028762 -0.18837529 -0.02328615
v 0.33039821 -0.18844116 -0.00783451
v 0.33039821 -0.18830943 0.02312149
v 0.32114623 -0.19591777 0.03353684
v 0.33028762 -0.18821060 0.03353684
v 0.34315193 -0.17108356 0.03353684
v 0.33817578 -0.17895541 0.02312149
v 0.33821264 -0.17902128 0.00764349
v 0.33817578 -0.17902128 -0.00783451
v 0.33806517 -0.17895541 -0.02328615
v 0.33791776 -0.17869193 -0.03876415
v 0.33283100 -0.18514751 0.03353684
v 0.34149321 -0.17361968 0.03353684
v 0.33806517 -0.17882367 0.03353684
f 3331 3332 3333
f 3331 3333 3338
f 3331 3338 3343
f 3331 3343 3352
f 3331 3352 3384
f 3331 3384 3403
f 3331 3403 3437
f 3331 3437 3482
f 3331 3482 3484
f 3331 3484 3533
f 3331 3533 3574
f 3331 3574 3573
f 3331 3573 3612
f 3331 3612 3613
f 3331 3613 3656
f 3331 3656 3700
f 3331 3700 3740
f 3331 3740 3739
f 3331 3739 3738
f 3331 3738 3781
f 3331 3781 3780
f 3331 3780 3779
f 3331 3779 3820
f 3331 3820 3863
f 3331 3863 3906
f 3331 3906 3944
f 3331 3944 3985
f 3331 3985 3952
f 3331 3952 3912
f 3331 3912 3872
f 3331 3872 3834
f 3331 3834 3794
f 3331 3794 3832
f 3331 3832 3831
f 3331 3831 3833
f 3331 3833 3793
f 3331 3793 3756
f 3331 3756 3720
f 3331 3720 3680
f 3331 3680 3673
f 3331 3673 3672
f 3331 3672 3671
f 3331 3671 3633
f 3331 3633 3589
f 3331 3589 3547
f 3331 3547 3500
f 3331 3500 3499
f 3331 3499 3454
f 3331 3454 3412
f 3331 3412 3385
f 3331 3385 3353
f 3331 3353 3345
f 3331 3345 3340
f 3331 3340 3334
f 3331 3334 3335
f 3331 3335 3332
f 3332 3336 3333
f 3332 3335 3339
f 3332 3339 3341
f 3332 3341 3350
f 3332 3350 3349
f 3332 3349 3348
f 3332 3348 3347
f 3332 3347 3368
f 3332 3368 3367
f 3332 3367 3388
f 3332 3388 3387
f 3332 3387 3419
f 3332 3419 3465
f 3332 3465 3515
f 3332 3515 3557
f 3332 3557 3545
f 3332 3545 3544
f 3332 3544 3588
f 3332 3588 3587
f 3332 3587 3586
f 3332 3586 3632
f 3332 3632 3670
f 3332 3670 3714
f 3332 3714 3713
f 3332 3713 3686
f 3332 3686 3685
f 3332 3685 3727
f 3332 3727 3764
f 3332 3764 3763
f 3332 3763 3762
f 3332 3762 3767
f 3332 3767 3807
f 3332 3807 3847
f 3332 3847 3886
f 3332 3886 3888
f 3332 3888 3930
f 3332 3930 3929
f 3332 3929 3969
f 3332 3969 4005
f 3332 4005 4006
f 3332 4006 4036
f 3332 4036 4056
f 3332 4056 4057
f 3332 4057 4064
f 3332 4064 4066
f 3332 4066 4065
f 3332 4065 4058
f 3332 4058 4037
f 3332 4037 4009
f 3332 4009 4008
f 3332 4008 4007
f 3332 4007 3972
f 3332 3972 3970
f 3332 3970 3931
f 3332 3931 3889
f 3332 3889 3848
f 3332 3848 3808
f 3332 3808 3768
f 3332 3768 3729
f 3332 3729 3691
f 3332 3691 3690
f 3332 3690 3689
f 3332 3689 3645
f 3332 3645 3644
f 3332 3644 3599
f 3332 3599 3559
f 3332 3559 3558
f 3332 3558 3516
f 3332 3516 3467
f 3332 3467 3466
f 3332 3466 3421
f 3332 3421 3420
f 3332 3420 3389
f 3332 3389 3371
f 3332 3371 3369
f 3332 3369 3351
f 3332 3351 3344
f 3332 3344 3342
f 3332 3342 3337
f 3332 3337 3336
f 3333 3337 3338
f 3333 3336 3337
f 3334 3339 3335
f 3334 3340 3341
f 3334 3341 3339
f 3337 3342 3338
f 3338 3342 3344
f 3338 3344 3343
f 3340 3345 3346
f 3340 3346 3347
f 3340 3347 3348
f 3340 3348 3349
f 3340 3349 3350
f 3340 3350 3341
f 3343 3344 3351
f 3343 3351 3352
f 3345 3353 3354
f 3345 3354 3355
f 3345 3355 3356
f 3345 3356 3357
f 3345 3357 3358
f 3345 3358 3359
f 3345 3359 3360
f 3345 3360 3361
f 3345 3361 3362
f 3345 3362 3363
f 3345 3363 3364
f 3345 3364 3365
f 3345 3365 3346
f 3346 3365 3366
f 3346 3366 3367
f 3346 3367 3368
f 3346 3368 3347
f 3351 3369 3352
f 3352 3369 3370
f 3352 3370 3371
f 3352 3371 3372
f 3352 3372 3373
f 3352 3373 3374
f 3352 3374 3375
f 3352 3375 3376
f 3352 3376 3377
f 3352 3377 3378
f 3352 3378 3379
f 3352 3379 3380
f 3352 3380 3381
f 3352 3381 3382
f 3352 3382 3383
f 3352 3383 3384
f 3353 3385 3411
f 3353 3411 3452
f 3353 3452 3498
f 3353 3498 3497
f 3353 3497 3513
f 3353 3513 3511
f 3353 3511 3463
f 3353 3463 3419
f 3353 3419 3387
f 3353 3387 3386
f 3353 3386 3364
f 3353 3364 3363
f 3353 3363 3362
f 3353 3362 3361
f 3353 3361 3360
f 3353 3360 3359
f 3353 3359 3358
f 3353 3358 3357
f 3353 3357 3356
f 3353 3356 3355
f 3353 3355 3354
f 3364 3386 3365
f 3365 3386 3387
f 3365 3387 3388
f 3365 3388 3367
f 3365 3367 3366
f 3369 3371 3370
f 3371 3389 3372
f 3372 3389 3390
f 3372 3390 3373
f 3373 3390 3391
f 3373 3391 3374
f 3374 3391 3392
f 3374 3392 3375
f 3375 3392 3393
f 3375 3393 3376
f 3376 3393 3377
f 3377 3393 3394
f 3377 3394 3378
f 3378 3394 3379
f 3379 3395 3380
f 3379 3394 3396
f 3379 3396 3397
f 3379 3397 3398
f 3379 3398 3399
f 3379 3399 3395
f 3380 3395 3381
f 3381 3395 3400
f 3381 3400 3383
f 3381 3383 3382
f 3383 3400 3401
f 3383 3401 3402
f 3383 3402 3384
f 3384 3402 3403
f 3385 3404 3405
f 3385 3405 3406
f 3385 3406 3407
f 3385 3407 3408
f 3385 3408 3409
f 3385 3409 3410
f 3385 3410 3411
f 3385 3412 3413
f 3385 3413 3414
f 3385 3414 3415
f 3385 3415 3416
f 3385 3416 3417
f 3385 3417 3418
f 3385 3418 3404
f 3389 3420 3390
f 3390 3420 3421
f 3390 3421 3422
f 3390 3422 3392
f 3390 3392 3391
f 3392 3422 3469
f 3392 3469 3423
f 3392 3423 3424
f 3392 3424 3425
f 3392 3425 3393
f 3393 3425 3426
f 3393 3426 3394
f 3394 3426 3427
f 3394 3427 3428
f 3394 3428 3396
f 3395 3429 3400
f 3395 3399 3429
f 3396 3428 3430
f 3396 3430 3397
f 3397 3430 3398
f 3398 3430 3431
f 3398 3431 3399
f 3399 3431 3432
f 3399 3432 3433
f 3399 3433 3429
f 3400 3429 3434
f 3400 3434 3401
f 3401 3434 3435
f 3401 3435 3436
f 3401 3436 3402
f 3402 3437 3403
f 3402 3436 3438
f 3402 3438 3439
f 3402 3439 3437
f 3404 3440 3405
f 3404 3418 3441
f 3404 3441 3440
f 3405 3440 3442
f 3405 3442 3406
f 3406 3442 3443
f 3406 3443 3407
f 3407 3443 3444
f 3407 3444 3445
f 3407 3445 3408
f 3408 3446 3409
f 3408 3445 3447
f 3408 3447 3448
f 3408 3448 3446
f 3409 3446 3449
f 3409 3449 3450
f 3409 3450 3451
f 3409 3451 3410
f 3410 3451 3411
f 3411 3451 3453
f 3411 3453 3452
f 3412 3454 3413
f 3413 3454 3455
f 3413 3455 3414
f 3414 3455 3415
f 3415 3455 3456
f 3415 3456 3457
f 3415 3457 3416
f 3416 3457 3458
f 3416 3458 3459
f 3416 3459 3417
f 3417 3459 3418
f 3418 3460 3441
f 3418 3459 3461
f 3418 3461 3462
f 3418 3462 3460
f 3419 3463 3464
f 3419 3464 3465
f 3421 3466 3422
f 3422 3466 3467
f 3422 3467 3468
f 3422 3468 3469
f 3423 3469 3470
f 3423 3470 3471
f 3423 3471 3424
f 3424 3471 3472
f 3424 3472 3425
f 3425 3472 3473
f 3425 3473 3426
f 3426 3473 3427
f 3427 3473 3474
f 3427 3474 3428
f 3428 3474 3430
f 3429 3433 3475
f 3429 3475 3434
f 3430 3474 3431
f 3431 3474 3476
f 3431 3476 3432
f 3432 3476 3477
f 3432 3477 3433
f 3433 3477 3478
f 3433 3478 3475
f 3434 3475 3479
f 3434 3479 3435
f 3435 3479 3480
f 3435 3480 3481
f 3435 3481 3436
f 3436 3481 3438
f 3437 3439 3482
f 3438 3481 3483
f 3438 3483 3439
f 3439 3484 3482
f 3439 3483 3485
f 3439 3485 3486
f 3439 3486 3487
f 3439 3487 3488
f 3439 3488 3484
f 3440 3441 3489
f 3440 3489 3490
f 3440 3490 3491
f 3440 3491 3447
f 3440 3447 3442
f 3441 3460 3462
f 3441 3462 3489
f 3442 3447 3443
f 3443 3447 3492
f 3443 3492 3444
f 3444 3492 3445
f 3445 3492 3447
f 3446 3493 3449
f 3446 3448 3493
f 3447 3491 3494
f 3447 3494 3495
f 3447 3495 3493
f 3447 3493 3448
f 3449 3496 3497
f 3449 3497 3453
f 3449 3453 3450
f 3449 3493 3496
f 3450 3453 3451
f 3452 3453 3498
f 3453 3497 3498
f 3454 3499 3455
f 3455 3499 3500
f 3455 3500 3501
f 3455 3501 3456
f 3456 3502 3503
f 3456 3503 3504
f 3456 3504 3457
f 3456 3501 3502
f 3457 3504 3505
f 3457 3505 3458
f 3458 3505 3506
f 3458 3506 3555
f 3458 3555 3507
f 3458 3507 3459
f 3459 3507 3508
f 3459 3508 3461
f 3461 3508 3509
f 3461 3509 3462
f 3462 3509 3510
f 3462 3510 3489
f 3463 3511 3464
f 3464 3496 3512
f 3464 3512 3465
f 3464 3511 3513
f 3464 3513 3497
f 3464 3497 3496
f 3465 3512 3514
f 3465 3514 3515
f 3467 3516 3517
f 3467 3517 3468
f 3468 3517 3469
f 3469 3517 3470
f 3470 3517 3518
f 3470 3518 3519
f 3470 3519 3471
f 3471 3519 3472
f 3472 3519 3520
f 3472 3520 3521
f 3472 3521 3522
f 3472 3522 3473
f 3473 3522 3474
f 3474 3522 3523
f 3474 3523 3476
f 3475 3478 3524
f 3475 3524 3525
f 3475 3525 3526
f 3475 3526 3479
f 3476 3523 3527
f 3476 3527 3477
f 3477 3527 3528
f 3477 3528 3478
f 3478 3528 3529
f 3478 3529 3524
f 3479 3526 3530
f 3479 3530 3480
f 3480 3530 3481
f 3481 3530 3531
f 3481 3531 3483
f 3483 3531 3485
f 3484 3488 3532
f 3484 3532 3533
f 3485 3531 3530
f 3485 3530 3534
f 3485 3534 3535
f 3485 3535 3536
f 3485 3536 3486
f 3486 3536 3487
f 3487 3537 3488
f 3487 3536 3538
f 3487 3538 3537
f 3488 3537 3532
f 3489 3510 3508
f 3489 3508 3539
f 3489 3539 3540
f 3489 3540 3541
f 3489 3541 3490
f 3490 3541 3542
f 3490 3542 3491
f 3491 3542 3543
f 3491 3543 3495
f 3491 3495 3494
f 3493 3512 3496
f 3493 3495 3512
f 3495 3543 3544
f 3495 3544 3545
f 3495 3545 3546
f 3495 3546 3514
f 3495 3514 3512
f 3500 3547 3548
f 3500 3548 3502
f 3500 3502 3501
f 3502 3549 3550
f 3502 3550 3503
f 3502 3548 3549
f 3503 3550 3551
f 3503 3551 3552
f 3503 3552 3504
f 3504 3552 3553
f 3504 3553 3505
f 3505 3553 3506
f 3506 3553 3554
f 3506 3554 3555
f 3507 3555 3556
f 3507 3556 3508
f 3508 3510 3509
f 3508 3556 3540
f 3508 3540 3539
f 3514 3557 3515
f 3514 3546 3557
f 3516 3558 3518
f 3516 3518 3517
f 3518 3558 3559
f 3518 3559 3560
f 3518 3560 3561
f 3518 3561 3519
f 3519 3561 3520
f 3520 3561 3521
f 3521 3561 3522
f 3522 3561 3562
f 3522 3562 3563
f 3522 3563 3564
f 3522 3564 3523
f 3523 3564 3565
f 3523 3565 3527
f 3524 3529 3525
f 3525 3529 3566
f 3525 3566 3526
f 3526 3566 3567
f 3526 3567 3568
f 3526 3568 3569
f 3526 3569 3534
f 3526 3534 3530
f 3527 3529 3570
f 3527 3570 3528
f 3527 3565 3529
f 3528 3570 3529
f 3529 3565 3571
f 3529 3571 3566
f 3532 3572 3573
f 3532 3573 3574
f 3532 3574 3533
f 3532 3537 3575
f 3532 3575 3576
f 3532 3576 3572
f 3534 3569 3577
f 3534 3577 3535
f 3535 3577 3578
f 3535 3578 3579
f 3535 3579 3580
f 3535 3580 3536
f 3536 3580 3538
f 3537 3538 3581
f 3537 3581 3575
f 3538 3580 3581
f 3540 3556 3582
f 3540 3582 3583
f 3540 3583 3541
f 3541 3584 3542
f 3541 3583 3584
f 3542 3584 3585
f 3542 3585 3586
f 3542 3586 3587
f 3542 3587 3588
f 3542 3588 3543
f 3543 3588 3544
f 3545 3557 3546
f 3547 3589 3590
f 3547 3590 3549
f 3547 3549 3548
f 3549 3590 3591
f 3549 3591 3550
f 3550 3591 3592
f 3550 3592 3551
f 3551 3592 3593
f 3551 3593 3552
f 3552 3593 3594
f 3552 3594 3553
f 3553 3594 3595
f 3553 3595 3554
f 3554 3595 3596
f 3554 3596 3597
f 3554 3597 3598
f 3554 3598 3555
f 3555 3598 3556
f 3556 3598 3582
f 3559 3599 3560
f 3560 3600 3601
f 3560 3601 3561
f 3560 3599 3600
f 3561 3601 3602
f 3561 3602 3562
f 3562 3602 3563
f 3563 3602 3603
f 3563 3603 3604
f 3563 3604 3564
f 3564 3604 3605
f 3564 3605 3565
f 3565 3605 3606
f 3565 3606 3571
f 3566 3571 3607
f 3566 3607 3567
f 3567 3608 3609
f 3567 3609 3610
f 3567 3610 3568
f 3567 3607 3611
f 3567 3611 3608
f 3568 3610 3609
f 3568 3609 3569
f 3569 3609 3577
f 3571 3606 3611
f 3571 3611 3607
f 3572 3612 3573
f 3572 3576 3612
f 3575 3581 3614
f 3575 3614 3576
f 3576 3613 3612
f 3576 3614 3615
f 3576 3615 3613
f 3577 3609 3616
f 3577 3616 3617
f 3577 3617 3618
f 3577 3618 3578
f 3578 3619 3579
f 3578 3618 3620
f 3578 3620 3621
f 3578 3621 3622
f 3578 3622 3619
f 3579 3619 3623
f 3579 3623 3624
f 3579 3624 3580
f 3580 3624 3625
f 3580 3625 3626
f 3580 3626 3581
f 3581 3626 3614
f 3582 3598 3627
f 3582 3627 3628
f 3582 3628 3629
f 3582 3629 3630
f 3582 3630 3583
f 3583 3630 3584
f 3584 3630 3631
f 3584 3631 3632
f 3584 3632 3585
f 3585 3632 3586
f 3589 3633 3634
f 3589 3634 3590
f 3590 3634 3635
f 3590 3635 3591
f 3591 3635 3592
f 3592 3636 3637
f 3592 3637 3593
f 3592 3635 3636
f 3593 3637 3638
f 3593 3638 3639
f 3593 3639 3594
f 3594 3639 3595
f 3595 3639 3640
f 3595 3640 3642
f 3595 3642 3596
f 3596 3641 3597
f 3596 3642 3684
f 3596 3684 3641
f 3597 3641 3643
f 3597 3643 3598
f 3598 3643 3627
f 3599 3644 3600
f 3600 3644 3645
f 3600 3645 3646
f 3600 3646 3601
f 3601 3646 3647
f 3601 3647 3648
f 3601 3648 3602
f 3602 3648 3603
f 3603 3648 3604
f 3604 3648 3649
f 3604 3649 3605
f 3605 3649 3650
f 3605 3650 3606
f 3606 3650 3651
f 3606 3651 3652
f 3606 3652 3611
f 3608 3611 3609
f 3609 3611 3653
f 3609 3653 3654
f 3609 3654 3617
f 3609 3617 3616
f 3611 3652 3653
f 3613 3615 3655
f 3613 3655 3656
f 3614 3657 3655
f 3614 3655 3615
f 3614 3626 3658
f 3614 3658 3659
f 3614 3659 3657
f 3617 3654 3618
f 3618 3654 3620
f 3619 3622 3623
f 3620 3660 3622
f 3620 3622 3621
f 3620 3654 3661
f 3620 3661 3662
f 3620 3662 3663
f 3620 3663 3660
f 3622 3660 3706
f 3622 3706 3664
f 3622 3664 3623
f 3623 3665 3624
f 3623 3664 3666
f 3623 3666 3665
f 3624 3665 3625
f 3625 3665 3626
f 3626 3665 3667
f 3626 3667 3703
f 3626 3703 3658
f 3627 3643 3628
f 3628 3643 3668
f 3628 3668 3669
f 3628 3669 3629
f 3629 3669 3631
f 3629 3631 3630
f 3631 3669 3714
f 3631 3714 3670
f 3631 3670 3632
f 3633 3671 3635
f 3633 3635 3634
f 3635 3672 3636
f 3635 3671 3672
f 3636 3672 3673
f 3636 3673 3674
f 3636 3674 3675
f 3636 3675 3637
f 3637 3675 3638
f 3638 3676 3677
f 3638 3677 3678
f 3638 3678 3639
f 3638 3675 3679
f 3638 3679 3680
f 3638 3680 3676
f 3639 3678 3681
f 3639 3681 3640
f 3640 3681 3682
f 3640 3682 3683
f 3640 3683 3687
f 3640 3687 3642
f 3641 3684 3685
f 3641 3685 3686
f 3641 3686 3668
f 3641 3668 3643
f 3642 3687 3688
f 3642 3688 3684
f 3645 3689 3646
f 3646 3689 3690
f 3646 3690 3691
f 3646 3691 3692
f 3646 3692 3693
f 3646 3693 3647
f 3647 3693 3648
f 3648 3693 3694
f 3648 3694 3649
f 3649 3694 3695
f 3649 3695 3650
f 3650 3695 3697
f 3650 3697 3651
f 3651 3696 3652
f 3651 3697 3696
f 3652 3662 3698
f 3652 3698 3653
f 3652 3696 3662
f 3653 3698 3654
f 3654 3698 3661
f 3655 3699 3700
f 3655 3700 3656
f 3655 3657 3701
f 3655 3701 3702
f 3655 3702 3699
f 3657 3659 3701
f 3658 3703 3659
f 3659 3703 3704
f 3659 3704 3705
f 3659 3705 3701
f 3660 3663 3706
f 3661 3698 3662
f 3662 3696 3707
f 3662 3707 3708
f 3662 3708 3709
f 3662 3709 3706
f 3662 3706 3663
f 3664 3706 3710
f 3664 3710 3711
f 3664 3711 3712
f 3664 3712 3666
f 3665 3666 3667
f 3666 3712 3703
f 3666 3703 3667
f 3668 3686 3713
f 3668 3713 3714
f 3668 3714 3669
f 3673 3680 3715
f 3673 3715 3674
f 3674 3715 3679
f 3674 3679 3675
f 3676 3716 3717
f 3676 3717 3677
f 3676 3680 3716
f 3677 3717 3753
f 3677 3753 3718
f 3677 3718 3678
f 3678 3718 3719
f 3678 3719 3681
f 3679 3715 3680
f 3680 3720 3716
f 3681 3719 3721
f 3681 3721 3722
f 3681 3722 3682
f 3682 3722 3723
f 3682 3723 3724
f 3682 3724 3683
f 3683 3724 3687
f 3684 3688 3725
f 3684 3725 3685
f 3685 3725 3726
f 3685 3726 3727
f 3687 3724 3728
f 3687 3728 3688
f 3688 3728 3726
f 3688 3726 3725
f 3691 3729 3730
f 3691 3730 3692
f 3692 3730 3731
f 3692 3731 3732
f 3692 3732 3693
f 3693 3732 3733
f 3693 3733 3694
f 3694 3733 3734
f 3694 3734 3695
f 3695 3734 3697
f 3696 3697 3735
f 3696 3735 3707
f 3697 3734 3736
f 3697 3736 3735
f 3699 3737 3738
f 3699 3738 3739
f 3699 3739 3740
f 3699 3740 3700
f 3699 3702 3741
f 3699 3741 3737
f 3701 3705 3702
f 3702 3705 3742
f 3702 3742 3743
f 3702 3743 3741
f 3703 3712 3704
f 3704 3712 3744
f 3704 3744 3745
f 3704 3745 3705
f 3705 3745 3742
f 3706 3709 3710
f 3707 3746 3747
f 3707 3747 3708
f 3707 3735 3748
f 3707 3748 3746
f 3708 3747 3709
f 3709 3747 3710
f 3710 3747 3749
f 3710 3749 3750
f 3710 3750 3711
f 3711 3750 3744
f 3711 3744 3712
f 3716 3751 3717
f 3716 3720 3751
f 3717 3752 3753
f 3717 3751 3752
f 3718 3753 3754
f 3718 3754 3755
f 3718 3755 3719
f 3719 3755 3721
f 3720 3756 3752
f 3720 3752 3751
f 3721 3755 3757
f 3721 3757 3758
f 3721 3758 3722
f 3722 3758 3759
f 3722 3759 3760
f 3722 3760 3723
f 3723 3760 3724
f 3724 3760 3761
f 3724 3761 3728
f 3726 3728 3762
f 3726 3762 3763
f 3726 3763 3764
f 3726 3764 3727
f 3728 3761 3765
f 3728 3765 3766
f 3728 3766 3767
f 3728 3767 3762
f 3729 3768 3809
f 3729 3809 3769
f 3729 3769 3730
f 3730 3769 3731
f 3731 3769 3770
f 3731 3770 3732
f 3732 3770 3771
f 3732 3771 3772
f 3732 3772 3773
f 3732 3773 3774
f 3732 3774 3733
f 3733 3774 3775
f 3733 3775 3734
f 3734 3776 3736
f 3734 3775 3776
f 3735 3736 3777
f 3735 3777 3788
f 3735 3788 3748
f 3736 3776 3817
f 3736 3817 3777
f 3737 3778 3779
f 3737 3779 3780
f 3737 3780 3781
f 3737 3781 3738
f 3737 3741 3778
f 3741 3743 3782
f 3741 3782 3783
f 3741 3783 3778
f 3742 3745 3743
f 3743 3745 3784
f 3743 3784 3782
f 3744 3750 3785
f 3744 3785 3745
f 3745 3785 3786
f 3745 3786 3784
f 3746 3787 3747
f 3746 3748 3788
f 3746 3788 3787
f 3747 3787 3749
f 3749 3787 3827
f 3749 3827 3789
f 3749 3789 3790
f 3749 3790 3750
f 3750 3790 3785
f 3752 3791 3792
f 3752 3792 3753
f 3752 3756 3793
f 3752 3793 3791
f 3753 3792 3794
f 3753 3794 3795
f 3753 3795 3754
f 3754 3795 3796
f 3754 3796 3797
f 3754 3797 3755
f 3755 3797 3798
f 3755 3798 3757
f 3757 3798 3799
f 3757 3799 3800
f 3757 3800 3758
f 3758 3800 3801
f 3758 3801 3802
f 3758 3802 3759
f 3759 3802 3760
f 3760 3802 3803
f 3760 3803 3761
f 3761 3803 3765
f 3765 3804 3805
f 3765 3805 3806
f 3765 3806 3766
f 3765 3803 3804
f 3766 3806 3767
f 3767 3806 3807
f 3768 3808 3849
f 3768 3849 3809
f 3769 3809 3771
f 3769 3771 3770
f 3771 3809 3810
f 3771 3810 3811
f 3771 3811 3772
f 3772 3811 3812
f 3772 3812 3773
f 3773 3812 3813
f 3773 3813 3774
f 3774 3813 3814
f 3774 3814 3775
f 3775 3814 3815
f 3775 3815 3776
f 3776 3815 3816
f 3776 3816 3817
f 3777 3817 3788
f 3778 3818 3819
f 3778 3819 3820
f 3778 3820 3779
f 3778 3783 3818
f 3782 3784 3821
f 3782 3821 3822
f 3782 3822 3823
f 3782 3823 3783
f 3783 3823 3818
f 3784 3786 3821
f 3785 3790 3824
f 3785 3824 3786
f 3786 3824 3825
f 3786 3825 3821
f 3787 3826 3827
f 3787 3788 3826
f 3788 3817 3828
f 3788 3828 3826
f 3789 3829 3824
f 3789 3824 3790
f 3789 3827 3830
f 3789 3830 3829
f 3791 3831 3832
f 3791 3832 3792
f 3791 3793 3833
f 3791 3833 3831
f 3792 3832 3794
f 3794 3834 3835
f 3794 3835 3796
f 3794 3796 3795
f 3796 3835 3836
f 3796 3836 3797
f 3797 3836 3837
f 3797 3837 3798
f 3798 3837 3799
f 3799 3837 3838
f 3799 3838 3800
f 3800 3838 3839
f 3800 3839 3840
f 3800 3840 3841
f 3800 3841 3801
f 3801 3841 3842
f 3801 3842 3802
f 3802 3842 3803
f 3803 3842 3843
f 3803 3843 3844
f 3803 3844 3804
f 3804 3844 3845
f 3804 3845 3805
f 3805 3845 3806
f 3806 3845 3846
f 3806 3846 3847
f 3806 3847 3807
f 3808 3848 3849
f 3809 3849 3810
f 3810 3849 3850
f 3810 3850 3851
f 3810 3851 3852
f 3810 3852 3811
f 3811 3852 3812
f 3812 3852 3853
f 3812 3853 3813
f 3813 3853 3814
f 3814 3854 3855
f 3814 3855 3815
f 3814 3853 3854
f 3815 3855 3856
f 3815 3856 3816
f 3816 3856 3857
f 3816 3857 3828
f 3816 3828 3817
f 3818 3858 3819
f 3818 3823 3859
f 3818 3859 3860
f 3818 3860 3858
f 3819 3858 3861
f 3819 3861 3862
f 3819 3862 3820
f 3820 3862 3863
f 3821 3864 3865
f 3821 3865 3823
f 3821 3823 3822
f 3821 3825 3864
f 3823 3865 3866
f 3823 3866 3859
f 3824 3829 3867
f 3824 3867 3825
f 3825 3867 3868
f 3825 3868 3869
f 3825 3869 3864
f 3826 3830 3827
f 3826 3828 3870
f 3826 3870 3830
f 3828 3857 3870
f 3829 3830 3867
f 3830 3870 3871
f 3830 3871 3867
f 3834 3872 3873
f 3834 3873 3835
f 3835 3874 3836
f 3835 3873 3875
f 3835 3875 3876
f 3835 3876 3874
f 3836 3874 3877
f 3836 3877 3837
f 3837 3877 3878
f 3837 3878 3838
f 3838 3878 3879
f 3838 3879 3839
f 3839 3879 3880
f 3839 3880 3840
f 3840 3880 3841
f 3841 3880 3881
f 3841 3881 3842
f 3842 3881 3882
f 3842 3882 3883
f 3842 3883 3843
f 3843 3883 3884
f 3843 3884 3844
f 3844 3884 3885
f 3844 3885 3845
f 3845 3885 3846
f 3846 3886 3847
f 3846 3885 3887
f 3846 3887 3888
f 3846 3888 3886
f 3848 3889 3890
f 3848 3890 3849
f 3849 3890 3891
f 3849 3891 3850
f 3850 3891 3892
f 3850 3892 3851
f 3851 3892 3852
f 3852 3892 3893
f 3852 3893 3853
f 3853 3893 3894
f 3853 3894 3895
f 3853 3895 3854
f 3854 3895 3896
f 3854 3896 3855
f 3855 3896 3897
f 3855 3897 3856
f 3856 3897 3898
f 3856 3898 3857
f 3857 3898 3871
f 3857 3871 3870
f 3858 3860 3899
f 3858 3899 3900
f 3858 3900 3901
f 3858 3901 3902
f 3858 3902 3861
f 3859 3866 3860
f 3860 3866 3865
f 3860 3865 3864
f 3860 3864 3903
f 3860 3903 3904
f 3860 3904 3899
f 3861 3902 3905
f 3861 3905 3862
f 3862 3905 3906
f 3862 3906 3863
f 3864 3869 3907
f 3864 3907 3908
f 3864 3908 3903
f 3867 3909 3868
f 3867 3871 3909
f 3868 3910 3907
f 3868 3907 3869
f 3868 3909 3910
f 3871 3898 3911
f 3871 3911 3909
f 3872 3912 3913
f 3872 3913 3914
f 3872 3914 3915
f 3872 3915 3916
f 3872 3916 3873
f 3873 3916 3915
f 3873 3915 3875
f 3874 3876 3877
f 3875 3915 3876
f 3876 3915 3917
f 3876 3917 3918
f 3876 3918 3919
f 3876 3919 3920
f 3876 3920 3878
f 3876 3878 3877
f 3878 3920 3921
f 3878 3921 3879
f 3879 3921 3922
f 3879 3922 3880
f 3880 3922 3881
f 3881 3922 3923
f 3881 3923 3882
f 3882 3923 3883
f 3883 3923 3924
f 3883 3924 3925
f 3883 3925 3926
f 3883 3926 3884
f 3884 3926 3927
f 3884 3927 3885
f 3885 3927 3928
f 3885 3928 3929
f 3885 3929 3930
f 3885 3930 3887
f 3887 3930 3888
f 3889 3931 3932
f 3889 3932 3890
f 3890 3932 3891
f 3891 3932 3933
f 3891 3933 3934
f 3891 3934 3892
f 3892 3934 3893
f 3893 3934 3935
f 3893 3935 3894
f 3894 3935 3936
f 3894 3936 3895
f 3895 3936 3937
f 3895 3937 3938
f 3895 3938 3896
f 3896 3938 3897
f 3897 3938 3911
f 3897 3911 3898
f 3899 3904 3900
f 3900 3939 3940
f 3900 3940 3901
f 3900 3904 3941
f 3900 3941 3942
f 3900 3942 3939
f 3901 3940 3943
f 3901 3943 3902
f 3902 3943 3944
f 3902 3944 3905
f 3903 3941 3904
f 3903 3908 3945
f 3903 3945 3941
f 3905 3944 3906
f 3907 3946 3947
f 3907 3947 3948
f 3907 3948 3908
f 3907 3910 3946
f 3908 3948 3945
f 3909 3949 3910
f 3909 3911 3949
f 3910 3949 3950
f 3910 3950 3946
f 3911 3938 3951
f 3911 3951 3949
f 3912 3952 3953
f 3912 3953 3913
f 3913 3953 3914
f 3914 3953 3954
f 3914 3954 3915
f 3915 3954 3955
f 3915 3955 3956
f 3915 3956 3957
f 3915 3957 3958
f 3915 3958 3959
f 3915 3959 3917
f 3917 3959 3918
f 3918 3959 3919
f 3919 3959 3960
f 3919 3960 3961
f 3919 3961 3920
f 3920 3961 3921
f 3921 3961 3922
f 3922 3961 3962
f 3922 3962 3923
f 3923 3962 3963
f 3923 3963 3964
f 3923 3964 3924
f 3924 3964 3965
f 3924 3965 3925
f 3925 3965 3926
f 3926 3965 3966
f 3926 3966 3927
f 3927 3966 3967
f 3927 3967 3968
f 3927 3968 3969
f 3927 3969 3928
f 3928 3969 3929
f 3931 3970 3971
f 3931 3971 3932
f 3932 3971 3933
f 3933 3971 3972
f 3933 3972 3973
f 3933 3973 3974
f 3933 3974 3934
f 3934 3974 3975
f 3934 3975 3935
f 3935 3975 3936
f 3936 3975 3976
f 3936 3976 3977
f 3936 3977 3937
f 3937 3977 3938
f 3938 3977 3951
f 3939 3942 3978
f 3939 3978 3979
f 3939 3979 3980
f 3939 3980 3981
f 3939 3981 3982
f 3939 3982 3940
f 3940 3982 3983
f 3940 3983 3944
f 3940 3944 3943
f 3941 3945 3948
f 3941 3948 3942
f 3942 3948 3978
f 3944 3983 3984
f 3944 3984 3985
f 3946 3950 3986
f 3946 3986 3978
f 3946 3978 3947
f 3947 3978 3948
f 3949 3951 3987
f 3949 3987 3950
f 3950 3987 3986
f 3951 3977 4014
f 3951 4014 3988
f 3951 3988 3989
f 3951 3989 3987
f 3952 3985 3984
f 3952 3984 3990
f 3952 3990 3991
f 3952 3991 3953
f 3953 3991 3955
f 3953 3955 3954
f 3955 3991 3992
f 3955 3992 3956
f 3956 3992 3993
f 3956 3993 3957
f 3957 3993 3958
f 3958 3993 3959
f 3959 3994 3960
f 3959 3993 3995
f 3959 3995 3996
f 3959 3996 3997
f 3959 3997 3994
f 3960 3994 3961
f 3961 3994 3998
f 3961 3998 3962
f 3962 3998 3963
f 3963 3998 3999
f 3963 3999 3964
f 3964 3999 4000
f 3964 4000 4001
f 3964 4001 3965
f 3965 4001 3966
f 3966 4002 3967
f 3966 4001 4002
f 3967 4002 4003
f 3967 4003 4004
f 3967 4004 3968
f 3968 4005 3969
f 3968 4004 4036
f 3968 4036 4006
f 3968 4006 4005
f 3970 3972 3971
f 3972 4007 3973
f 3973 4007 4008
f 3973 4008 4009
f 3973 4009 4010
f 3973 4010 4011
f 3973 4011 4012
f 3973 4012 3974
f 3974 4012 4013
f 3974 4013 3975
f 3975 4013 4014
f 3975 4014 3976
f 3976 4014 3977
f 3978 3986 4015
f 3978 4015 4016
f 3978 4016 3979
f 3979 4016 3980
f 3980 3991 3981
f 3980 4016 4017
f 3980 4017 3991
f 3981 3991 3990
f 3981 3990 3982
f 3982 3990 3984
f 3982 3984 3983
f 3986 4018 4019
f 3986 4019 4015
f 3986 3987 4018
f 3987 3989 4020
f 3987 4020 4018
f 3988 4014 4021
f 3988 4021 4022
f 3988 4022 3989
f 3989 4022 4023
f 3989 4023 4020
f 3991 4017 4024
f 3991 4024 3992
f 3992 4024 3993
f 3993 4025 3995
f 3993 4024 4025
f 3994 3997 4026
f 3994 4026 3998
f 3995 4025 4024
f 3995 4024 4027
f 3995 4027 3996
f 3996 4026 3997
f 3996 4027 4028
f 3996 4028 4026
f 3998 4026 4029
f 3998 4029 3999
f 3999 4029 4030
f 3999 4030 4000
f 4000 4030 4031
f 4000 4031 4032
f 4000 4032 4001
f 4001 4032 4033
f 4001 4033 4002
f 4002 4033 4003
f 4003 4033 4034
f 4003 4034 4004
f 4004 4034 4035
f 4004 4035 4036
f 4009 4037 4010
f 4010 4037 4011
f 4011 4037 4038
f 4011 4038 4012
f 4012 4038 4039
f 4012 4039 4040
f 4012 4040 4041
f 4012 4041 4013
f 4013 4041 4042
f 4013 4042 4014
f 4014 4042 4021
f 4015 4019 4027
f 4015 4027 4024
f 4015 4024 4043
f 4015 4043 4016
f 4016 4043 4024
f 4016 4024 4017
f 4018 4044 4045
f 4018 4045 4019
f 4018 4020 4044
f 4019 4028 4027
f 4019 4045 4028
f 4020 4023 4044
f 4021 4042 4046
f 4021 4046 4047
f 4021 4047 4022
f 4022 4047 4023
f 4023 4047 4044
f 4026 4028 4048
f 4026 4048 4049
f 4026 4049 4050
f 4026 4050 4029
f 4028 4045 4048
f 4029 4050 4030
f 4030 4050 4031
f 4031 4050 4051
f 4031 4051 4032
f 4032 4051 4052
f 4032 4052 4053
f 4032 4053 4033
f 4033 4054 4055
f 4033 4055 4034
f 4033 4053 4054
f 4034 4055 4035
f 4035 4056 4036
f 4035 4055 4057
f 4035 4057 4056
f 4037 4058 4038
f 4038 4058 4059
f 4038 4059 4039
f 4039 4059 4040
f 4040 4059 4060
f 4040 4060 4061
f 4040 4061 4041
f 4041 4061 4062
f 4041 4062 4063
f 4041 4063 4042
f 4042 4063 4046
f 4044 4047 4045
f 4045 4047 4048
f 4046 4063 4051
f 4046 4051 4050
f 4046 4050 4047
f 4047 4050 4049
f 4047 4049 4048
f 4051 4063 4052
f 4052 4063 4062
f 4052 4062 4053
f 4053 4062 4061
f 4053 4061 4054
f 4054 4061 4060
f 4054 4060 4055
f 4055 4060 4059
f 4055 4059 4057
f 4057 4059 4064
f 4058 4065 4059
f 4059 4065 4066
f 4059 4066 4064

o geometry_16
v 0.17386714 0.13950154 0.31439696
v 0.11614269 0.13950154 0.34035002
v 0.11614269 0.17845820 0.33893718
v 0.11614269 0.17853405 0.33893718
v 0.11614269 0.19370408 0.33927505
v 0.17386714 0.16310612 0.31525696
v 0.17386714 0.13950154 0.40343588
v 0.11614269 0.13950154 0.41469242
v 0.11614269 0.19382544 0.33929038
v 0.17386714 0.17853405 0.31610157
v 0.17386714 0.19743592 0.45236274
v 0.16283192 0.19584306 0.45406734
v 0.17107584 0.13950154 0.40417301
v 0.12348256 0.13950154 0.41352530
v 0.13606598 0.20222965 0.46391107
v 0.12569186 0.20153182 0.46427965
v 0.11614269 0.20148632 0.46431037
v 0.11614269 0.20116774 0.34045752
v 0.17386714 0.19516040 0.31871223
v 0.17386714 0.20934440 0.45904296
v 0.16396764 0.20919268 0.46216040
v 0.14726508 0.20374665 0.46326608
v 0.13904940 0.13950154 0.41080716
v 0.14726508 0.13950154 0.40927146
v 0.15461059 0.13950154 0.40781258
v 0.16344215 0.13950154 0.40596976
v 0.14726508 0.21146820 0.46635278
v 0.13120665 0.20819147 0.46656779
v 0.11614269 0.20942024 0.46742781
v 0.11614269 0.20894997 0.34245389
v 0.17386714 0.20942024 0.32414855
v 0.11614269 0.20905617 0.34248460
v 0.11614269 0.22483300 0.34765987
v 0.17386714 0.22336151 0.46257502
v 0.16991186 0.22070674 0.46397250
v 0.15953774 0.21419881 0.46527781
v 0.14726508 0.22483300 0.46879454
v 0.13170388 0.22483300 0.47040700
v 0.11614269 0.22483300 0.47111345
v 0.17386714 0.22563701 0.33310160
v 0.11614269 0.23924454 0.35340331
v 0.11614269 0.23985134 0.35366438
v 0.11614269 0.24632895 0.35659753
v 0.17386714 0.22824625 0.46286682
v 0.17081027 0.23099203 0.46424894
v 0.16396764 0.22543980 0.46564639
v 0.14726508 0.24027608 0.46796529
v 0.13170388 0.24027608 0.46986952
v 0.17081027 0.23296413 0.46424894
v 0.11614269 0.24027608 0.47128235
v 0.11614269 0.25458144 0.36168065
v 0.11614269 0.26535217 0.36949727
v 0.17386714 0.24162624 0.34692273
v 0.17386714 0.23595263 0.46231395
v 0.11614269 0.25571918 0.46930132
v 0.16239684 0.23897147 0.46530853
v 0.15692160 0.24931743 0.46469428
v 0.14726508 0.25218458 0.46552353
v 0.16730138 0.24324943 0.46322001
v 0.11614269 0.27334678 0.38006278
v 0.17386714 0.25837395 0.36499771
v 0.17386714 0.24033679 0.46126969
v 0.11614269 0.27066167 0.46589211
v 0.16239684 0.25496070 0.46022543
v 0.14726508 0.25990613 0.46265181
v 0.12030139 0.27594084 0.46285146
v 0.11614269 0.27158706 0.46553892
v 0.17386714 0.25087994 0.45715407
v 0.11614269 0.27839841 0.38784868
v 0.17386714 0.26694502 0.37895709
v 0.17386714 0.25570403 0.45506553
v 0.17296873 0.26482123 0.44996708
v 0.16283192 0.26770354 0.45220917
v 0.11614269 0.28596824 0.45720014
v 0.11614269 0.28155375 0.39425250
v 0.11614269 0.28169028 0.39454426
v 0.17386714 0.26865923 0.38276556
v 0.17386714 0.26333454 0.45048921
v 0.14314028 0.28050705 0.45050456
v 0.17386714 0.26545836 0.44850817
v 0.15350876 0.27801915 0.44732569
v 0.11614269 0.28643851 0.45684694
v 0.11614269 0.28772796 0.40999324
v 0.17386714 0.27307372 0.39452890
v 0.11614269 0.29447864 0.44095260
v 0.15936822 0.28041601 0.43700591
v 0.17386714 0.27081339 0.44145940
v 0.16386593 0.27589535 0.44167437
v 0.11614269 0.29202111 0.42536543
v 0.17386714 0.27431765 0.39856777
v 0.16974799 0.27851975 0.43006461
v 0.17134141 0.27906588 0.41974482
v 0.17134141 0.27906588 0.41708808
v 0.17386714 0.27729097 0.42736182
v 0.17386714 0.27803430 0.41456959
v 0.17386714 0.27788262 0.42203298
f 4067 4068 4069
f 4067 4069 4070
f 4067 4070 4071
f 4067 4071 4072
f 4067 4072 4076
f 4067 4076 4085
f 4067 4085 4097
f 4067 4097 4106
f 4067 4106 4119
f 4067 4119 4127
f 4067 4127 4136
f 4067 4136 4143
f 4067 4143 4150
f 4067 4150 4156
f 4067 4156 4161
f 4067 4161 4162
f 4067 4162 4160
f 4067 4160 4153
f 4067 4153 4146
f 4067 4146 4144
f 4067 4144 4137
f 4067 4137 4134
f 4067 4134 4128
f 4067 4128 4120
f 4067 4120 4110
f 4067 4110 4100
f 4067 4100 4086
f 4067 4086 4077
f 4067 4077 4073
f 4067 4073 4079
f 4067 4079 4092
f 4067 4092 4091
f 4067 4091 4090
f 4067 4090 4089
f 4067 4089 4080
f 4067 4080 4074
f 4067 4074 4068
f 4068 4074 4083
f 4068 4083 4095
f 4068 4095 4105
f 4068 4105 4116
f 4068 4116 4121
f 4068 4121 4129
f 4068 4129 4133
f 4068 4133 4140
f 4068 4140 4148
f 4068 4148 4151
f 4068 4151 4155
f 4068 4155 4149
f 4068 4149 4142
f 4068 4142 4141
f 4068 4141 4135
f 4068 4135 4126
f 4068 4126 4118
f 4068 4118 4117
f 4068 4117 4109
f 4068 4109 4108
f 4068 4108 4107
f 4068 4107 4099
f 4068 4099 4098
f 4068 4098 4096
f 4068 4096 4084
f 4068 4084 4075
f 4068 4075 4071
f 4068 4071 4070
f 4068 4070 4069
f 4071 4075 4076
f 4071 4076 4072
f 4073 4077 4078
f 4073 4078 4079
f 4074 4080 4081
f 4074 4081 4082
f 4074 4082 4083
f 4075 4084 4085
f 4075 4085 4076
f 4077 4086 4087
f 4077 4087 4088
f 4077 4088 4078
f 4078 4088 4081
f 4078 4081 4080
f 4078 4080 4089
f 4078 4089 4090
f 4078 4090 4091
f 4078 4091 4092
f 4078 4092 4079
f 4081 4088 4093
f 4081 4093 4094
f 4081 4094 4082
f 4082 4094 4095
f 4082 4095 4083
f 4084 4096 4085
f 4085 4096 4098
f 4085 4098 4099
f 4085 4099 4097
f 4086 4100 4101
f 4086 4101 4102
f 4086 4102 4087
f 4087 4102 4088
f 4088 4102 4093
f 4093 4102 4103
f 4093 4103 4104
f 4093 4104 4094
f 4094 4104 4105
f 4094 4105 4095
f 4097 4099 4107
f 4097 4107 4108
f 4097 4108 4109
f 4097 4109 4106
f 4100 4110 4111
f 4100 4111 4101
f 4101 4111 4112
f 4101 4112 4102
f 4102 4112 4103
f 4103 4113 4114
f 4103 4114 4104
f 4103 4112 4115
f 4103 4115 4113
f 4104 4114 4116
f 4104 4116 4105
f 4106 4109 4117
f 4106 4117 4118
f 4106 4118 4119
f 4110 4120 4115
f 4110 4115 4111
f 4111 4115 4112
f 4113 4121 4114
f 4113 4115 4122
f 4113 4122 4123
f 4113 4123 4124
f 4113 4124 4121
f 4114 4121 4116
f 4115 4120 4125
f 4115 4125 4122
f 4118 4126 4127
f 4118 4127 4119
f 4120 4128 4125
f 4121 4124 4129
f 4122 4125 4123
f 4123 4125 4130
f 4123 4130 4131
f 4123 4131 4132
f 4123 4132 4133
f 4123 4133 4129
f 4123 4129 4124
f 4125 4128 4134
f 4125 4134 4130
f 4126 4135 4127
f 4127 4135 4136
f 4130 4134 4137
f 4130 4137 4138
f 4130 4138 4139
f 4130 4139 4132
f 4130 4132 4131
f 4132 4139 4140
f 4132 4140 4133
f 4135 4141 4136
f 4136 4141 4142
f 4136 4142 4143
f 4137 4144 4138
f 4138 4145 4139
f 4138 4144 4146
f 4138 4146 4147
f 4138 4147 4145
f 4139 4145 4140
f 4140 4145 4148
f 4142 4149 4143
f 4143 4149 4150
f 4145 4151 4148
f 4145 4147 4152
f 4145 4152 4151
f 4146 4153 4147
f 4147 4153 4154
f 4147 4154 4152
f 4149 4155 4156
f 4149 4156 4150
f 4151 4152 4157
f 4151 4157 4158
f 4151 4158 4159
f 4151 4159 4155
f 4152 4154 4157
f 4153 4160 4157
f 4153 4157 4154
f 4155 4159 4161
f 4155 4161 4156
f 4157 4160 4162
f 4157 4162 4158
f 4158 4162 4161
f 4158 4161 4159

o geometry_17
v 0.31585364 0.13951509 0.31716320
v 0.31520034 0.14766526 0.31716320
v 0.31139179 0.17854365 0.32939188
v 0.31193390 0.16267728 0.33382885
v 0.31254548 0.14691941 0.33415349
v 0.31280957 0.13951509 0.33415349
v 0.31496405 0.13951509 0.30170960
v 0.31371308 0.16309767 0.31716320
v 0.31089141 0.18750747 0.32636178
v 0.31026592 0.17854365 0.33714032
v 0.31059951 0.16753212 0.33975921
v 0.31076630 0.15723932 0.34051674
v 0.31076630 0.15157083 0.34051674
v 0.31068290 0.13951509 0.34032196
v 0.31390767 0.13951509 0.29683977
v 0.31114162 0.15839201 0.29298719
v 0.31413007 0.14766526 0.30170960
v 0.31078021 0.18682942 0.30902515
v 0.31200340 0.17854365 0.31716320
v 0.31090530 0.18761595 0.31716320
v 0.30980723 0.19534573 0.31716320
v 0.30731916 0.20939491 0.31716320
v 0.30937632 0.19317597 0.33196749
v 0.30672147 0.19397607 0.34811368
v 0.30734696 0.17854365 0.34811368
v 0.30124494 0.19397607 0.36356727
v 0.30761106 0.13951509 0.34666357
v 0.31239258 0.13951509 0.29028172
v 0.31189220 0.14766526 0.29140719
v 0.30533150 0.17854365 0.28623436
v 0.30296851 0.19397607 0.28623436
v 0.31040492 0.16868481 0.29534635
v 0.31218410 0.16335533 0.30099535
v 0.31133621 0.17854365 0.30629807
v 0.30976553 0.17854365 0.29857124
v 0.30866743 0.19276913 0.30300821
v 0.30565120 0.20939491 0.30170960
v 0.30395541 0.22484090 0.31716320
v 0.30616547 0.20939491 0.33263844
v 0.30385810 0.20939491 0.34811368
v 0.29986886 0.20939491 0.36356727
v 0.29612982 0.20939491 0.37280916
v 0.29622713 0.19397607 0.37276585
v 0.29906269 0.13951509 0.36034236
v 0.30882033 0.13951509 0.28255492
v 0.30830606 0.14766526 0.28365875
v 0.29849278 0.17854365 0.27370265
v 0.29726962 0.19397607 0.27549906
v 0.29586573 0.20939491 0.27744701
v 0.29515684 0.21717893 0.27846426
v 0.30024415 0.20939491 0.28623436
v 0.30210673 0.22484090 0.30170960
v 0.29864570 0.23998853 0.31716320
v 0.29811748 0.23935115 0.33263844
v 0.30264883 0.22484090 0.33263844
v 0.30002175 0.22484090 0.34811368
v 0.29574064 0.23410306 0.35772347
v 0.29671362 0.22404080 0.36315605
v 0.29550432 0.21835874 0.37198669
v 0.28224393 0.22484090 0.38979945
v 0.29051429 0.20939491 0.38055760
v 0.29562944 0.18384600 0.37190010
v 0.28273042 0.20939491 0.38999423
v 0.28930502 0.19397607 0.38049265
v 0.29190429 0.13951509 0.36809083
v 0.30483109 0.13951509 0.27593195
v 0.29954918 0.16309767 0.27210101
v 0.29478154 0.15321170 0.26340024
v 0.29391976 0.16309767 0.26435257
v 0.29252979 0.17854365 0.26595421
v 0.29112590 0.19397607 0.26775063
v 0.28970812 0.20939491 0.26969857
v 0.28064545 0.22107094 0.26205835
v 0.28720616 0.22427134 0.27091060
v 0.29376686 0.22747173 0.28158095
v 0.29713061 0.22333562 0.28653736
v 0.29599081 0.23445565 0.29190500
v 0.29754760 0.23764246 0.30170960
v 0.29496225 0.24771831 0.31716320
v 0.29464254 0.24706737 0.33263844
v 0.29343327 0.24445009 0.34811368
v 0.29682482 0.23673389 0.34811368
v 0.29123710 0.23966307 0.36315605
v 0.29400315 0.22865153 0.36802588
v 0.29036139 0.22404080 0.37789540
v 0.28079834 0.23501163 0.38837098
v 0.27476583 0.22484090 0.39754789
v 0.27432103 0.20939491 0.39774269
v 0.28152112 0.19397607 0.38865234
v 0.28412039 0.13951509 0.37540638
v 0.30127275 0.13951509 0.27013143
v 0.29970207 0.14790936 0.26943885
v 0.29555994 0.14291891 0.26255616
v 0.28334200 0.19397607 0.25982905
v 0.28192422 0.20939491 0.26095449
v 0.27914425 0.23136373 0.26335696
v 0.27179126 0.20939491 0.25456961
v 0.27309784 0.22566812 0.25829233
v 0.28331420 0.24027330 0.27374593
v 0.29093131 0.23986646 0.28653736
v 0.29379464 0.24535868 0.30170960
v 0.28717835 0.25441742 0.31716320
v 0.28685864 0.25430893 0.33263844
v 0.28601078 0.25399703 0.30170960
v 0.28564937 0.25356309 0.34811368
v 0.28332811 0.25167810 0.36356727
v 0.28107633 0.24961682 0.37402118
v 0.28364779 0.24020550 0.37912910
v 0.27190246 0.24039536 0.39464764
v 0.26580047 0.23547270 0.40369469
v 0.27800448 0.24530444 0.38434523
v 0.26698193 0.22484090 0.40466866
v 0.26653713 0.20939491 0.40430072
v 0.26521666 0.19836983 0.40319688
v 0.27154106 0.13951509 0.38129348
v 0.24767510 0.20493334 0.41724365
v 0.21852722 0.20034974 0.43393094
v 0.19869221 0.20639794 0.44711196
v 0.18830905 0.20024125 0.44970921
v 0.29782558 0.13951509 0.26517502
v 0.29579622 0.13951509 0.26231807
v 0.28798452 0.13951509 0.25608469
v 0.28869341 0.14790936 0.25775124
v 0.28613586 0.16309767 0.25777288
v 0.28474589 0.17854365 0.25879013
v 0.27719828 0.13951509 0.24857431
v 0.26890012 0.24027330 0.25985069
v 0.26577266 0.25055256 0.26175532
v 0.27668399 0.24027330 0.26599749
v 0.27179126 0.19397607 0.25255675
v 0.26385447 0.18585303 0.24757870
v 0.26215871 0.19397607 0.24801156
v 0.25886444 0.20939491 0.24889897
v 0.25505590 0.22393231 0.24995950
v 0.25622350 0.24027330 0.25392030
v 0.28074273 0.24945410 0.27697084
v 0.28311960 0.25186796 0.28623436
v 0.27658670 0.26213364 0.31716320
v 0.27622530 0.26171325 0.30170960
v 0.27610021 0.26202515 0.33263844
v 0.27469632 0.25958415 0.28623436
v 0.27483533 0.26129286 0.34811368
v 0.27108237 0.26005881 0.36432480
v 0.27240287 0.25371226 0.37912910
v 0.26762132 0.25097294 0.39057862
v 0.26238111 0.24576552 0.40090266
v 0.21781833 0.24843701 0.43354136
v 0.24846741 0.23259779 0.41776312
v 0.25654318 0.22484090 0.41241710
v 0.24884270 0.21521259 0.41802284
v 0.25491692 0.20980175 0.41287163
v 0.17841239 0.19807148 0.45165715
v 0.17386715 0.19743412 0.45237137
v 0.17386715 0.13951509 0.40343497
v 0.24176770 0.20980175 0.42183212
v 0.20198646 0.21666361 0.44882182
v 0.19368827 0.21066966 0.45115935
v 0.17841239 0.20939491 0.45760918
v 0.17386715 0.20932712 0.45903765
v 0.27352875 0.13951509 0.24710253
v 0.25130297 0.26483227 0.26147396
v 0.26168611 0.26084534 0.26617063
v 0.25639028 0.25570571 0.25930958
v 0.25437481 0.19397607 0.24615023
v 0.25109446 0.20939491 0.24688611
v 0.26941439 0.13951509 0.24558748
v 0.26368769 0.13951509 0.24409406
v 0.25622350 0.14766526 0.24277378
v 0.25622350 0.16309767 0.24394256
v 0.25769686 0.17984550 0.24565242
v 0.24909288 0.21818245 0.24736228
v 0.24066960 0.24027330 0.25218880
v 0.26524447 0.26418133 0.27649467
v 0.26880281 0.26526624 0.31716320
v 0.26844140 0.26532048 0.30170960
v 0.26691243 0.26491365 0.28623436
v 0.26831632 0.26496789 0.33263844
v 0.26705143 0.26456105 0.34811368
v 0.26542514 0.26404574 0.35967142
v 0.26325678 0.26320496 0.36997383
v 0.25974014 0.26163187 0.37904254
v 0.24386656 0.26098093 0.39737475
v 0.21748474 0.26350328 0.41784968
v 0.25199794 0.25068815 0.40501497
v 0.23498459 0.24975244 0.41932145
v 0.20097177 0.26290661 0.43243753
v 0.18336072 0.26131997 0.44678729
v 0.18928204 0.25102719 0.45053165
v 0.19966519 0.24382628 0.44730677
v 0.20825527 0.23932404 0.44306458
v 0.21984771 0.24027330 0.43494822
v 0.24066960 0.22484090 0.42345540
v 0.24875928 0.22484090 0.41795790
v 0.20220886 0.23353350 0.44897332
v 0.22954976 0.22484090 0.43096578
v 0.22176588 0.22484090 0.43618189
v 0.21006224 0.22484090 0.44393035
v 0.17386715 0.13951509 0.31441445
v 0.20227835 0.22484090 0.44901660
v 0.19398017 0.22484090 0.45351848
v 0.17696682 0.22545113 0.46146173
v 0.17386715 0.22336274 0.46256556
v 0.24563185 0.26483227 0.26147396
v 0.25622350 0.26831746 0.28623436
v 0.25639028 0.26607987 0.27110540
v 0.25622350 0.13951509 0.24218942
v 0.24066960 0.19397607 0.24504639
v 0.24066960 0.20939491 0.24636667
v 0.24066960 0.21825024 0.24736228
v 0.24066960 0.22598002 0.24868253
v 0.23273282 0.21757220 0.24747047
v 0.22753429 0.24027330 0.25811919
v 0.23066175 0.25101360 0.26073808
v 0.24054451 0.25597692 0.25868191
v 0.25622350 0.26856153 0.31716320
v 0.25622350 0.26871071 0.30170960
v 0.25622350 0.26805980 0.33263844
v 0.25622350 0.26734106 0.34811368
v 0.25733546 0.26560524 0.36432480
v 0.24870370 0.26353042 0.38705070
v 0.17386715 0.27729484 0.42737289
v 0.23348342 0.26367959 0.40274238
v 0.17386715 0.27082622 0.44146297
v 0.19060252 0.26583577 0.43648491
v 0.17386715 0.26546962 0.44849715
v 0.17386715 0.26332700 0.45048838
v 0.17825950 0.25599051 0.45308562
v 0.19427207 0.23932404 0.45178701
v 0.17386715 0.25087801 0.45715465
v 0.17386715 0.24034112 0.46126695
v 0.17696682 0.23897145 0.46033626
v 0.17386715 0.23594736 0.46230584
v 0.17386715 0.14019315 0.31443609
v 0.19789991 0.13951509 0.27177637
v 0.17386715 0.22824469 0.46284695
v 0.23526257 0.26130642 0.26684160
v 0.23224633 0.26385587 0.27716565
v 0.24054451 0.26589004 0.27149498
v 0.24066960 0.26818184 0.28623436
v 0.17386715 0.27802713 0.41455985
v 0.24888440 0.13951509 0.24190806
v 0.24066960 0.17854365 0.24402914
v 0.23178763 0.20939491 0.24703761
v 0.22251647 0.19397607 0.25067375
v 0.22400375 0.20939491 0.25216717
v 0.22517132 0.22461036 0.25498083
v 0.21760984 0.23164851 0.26342188
v 0.21975041 0.24027330 0.26694982
v 0.21715114 0.24823362 0.27816126
v 0.17386715 0.27787795 0.42202692
v 0.17386715 0.25570571 0.45507684
v 0.17386715 0.16309767 0.31525853
v 0.17386715 0.17854365 0.31610264
v 0.20026288 0.13951509 0.26770735
v 0.17386715 0.25837723 0.36497413
v 0.17386715 0.26146914 0.37001710
v 0.17386715 0.26693423 0.37895596
v 0.17386715 0.26865647 0.38274359
v 0.17386715 0.27307736 0.39451778
v 0.17386715 0.27432497 0.39856514
v 0.24066960 0.13951509 0.24175653
v 0.24066960 0.14766526 0.24218942
v 0.24066960 0.16309767 0.24307681
v 0.23030036 0.19397607 0.24643159
v 0.22139059 0.17854365 0.24972142
v 0.21302290 0.19397607 0.25842219
v 0.21451019 0.20939491 0.25989397
v 0.21605305 0.22135572 0.26153888
v 0.20211155 0.21568722 0.27909192
v 0.20372393 0.22484090 0.28199220
v 0.17386715 0.22564099 0.33309296
v 0.20113857 0.23372333 0.29285733
v 0.21499668 0.24027330 0.27469826
v 0.17386715 0.24161584 0.34692329
v 0.17386715 0.19515586 0.31872153
v 0.19917870 0.17854365 0.27424373
v 0.19863661 0.16309767 0.27322648
v 0.20244515 0.13951509 0.26404957
v 0.23427570 0.13951509 0.24324995
v 0.22917447 0.17854365 0.24606364
v 0.21874962 0.13951509 0.24822800
v 0.22036199 0.16309767 0.24905047
v 0.21199431 0.17854365 0.25744822
v 0.20421043 0.17854365 0.26651693
v 0.20523901 0.19397607 0.26788049
v 0.20594790 0.21008653 0.27147335
v 0.20087447 0.20542154 0.27710070
v 0.17386715 0.20939491 0.32415411
v 0.19995709 0.19397607 0.27562893
v 0.20343203 0.16309767 0.26547804
v 0.20277874 0.14766526 0.26454735
v 0.21121593 0.16309767 0.25679891
v 0.21056264 0.14766526 0.25623619
v 0.21022904 0.13951509 0.25595480
v 0.22653350 0.13951509 0.24517625
v 0.22711730 0.14766526 0.24534939
v 0.21462139 0.13951509 0.25186417
f 4163 4164 4165
f 4163 4165 4166
f 4163 4166 4167
f 4163 4167 4168
f 4163 4168 4176
f 4163 4176 4189
f 4163 4189 4206
f 4163 4206 4227
f 4163 4227 4252
f 4163 4252 4277
f 4163 4277 4316
f 4163 4316 4360
f 4163 4360 4396
f 4163 4396 4416
f 4163 4416 4440
f 4163 4440 4456
f 4163 4456 4459
f 4163 4459 4443
f 4163 4443 4457
f 4163 4457 4441
f 4163 4441 4423
f 4163 4423 4403
f 4163 4403 4368
f 4163 4368 4329
f 4163 4329 4328
f 4163 4328 4322
f 4163 4322 4288
f 4163 4288 4284
f 4163 4284 4283
f 4163 4283 4282
f 4163 4282 4253
f 4163 4253 4228
f 4163 4228 4207
f 4163 4207 4190
f 4163 4190 4177
f 4163 4177 4169
f 4163 4169 4164
f 4164 4170 4171
f 4164 4171 4165
f 4164 4169 4170
f 4165 4172 4166
f 4165 4171 4172
f 4166 4172 4173
f 4166 4173 4167
f 4167 4173 4168
f 4168 4173 4174
f 4168 4174 4175
f 4168 4175 4176
f 4169 4177 4178
f 4169 4178 4179
f 4169 4179 4180
f 4169 4180 4170
f 4170 4181 4171
f 4170 4180 4181
f 4171 4181 4182
f 4171 4182 4183
f 4171 4183 4184
f 4171 4184 4185
f 4171 4185 4172
f 4172 4185 4186
f 4172 4186 4173
f 4173 4186 4174
f 4174 4186 4187
f 4174 4187 4188
f 4174 4188 4175
f 4175 4188 4176
f 4176 4188 4189
f 4177 4190 4191
f 4177 4191 4178
f 4178 4191 4192
f 4178 4192 4193
f 4178 4193 4194
f 4178 4194 4195
f 4178 4195 4179
f 4179 4196 4180
f 4179 4195 4196
f 4180 4196 4197
f 4180 4197 4198
f 4180 4198 4199
f 4180 4199 4184
f 4180 4184 4183
f 4180 4183 4182
f 4180 4182 4181
f 4184 4200 4201
f 4184 4201 4185
f 4184 4199 4200
f 4185 4201 4202
f 4185 4202 4186
f 4186 4202 4203
f 4186 4203 4188
f 4186 4188 4187
f 4188 4203 4204
f 4188 4204 4205
f 4188 4205 4189
f 4189 4205 4206
f 4190 4207 4191
f 4191 4207 4208
f 4191 4208 4192
f 4192 4208 4209
f 4192 4209 4210
f 4192 4210 4193
f 4193 4210 4211
f 4193 4211 4212
f 4193 4212 4213
f 4193 4213 4199
f 4193 4199 4194
f 4194 4197 4196
f 4194 4196 4195
f 4194 4199 4197
f 4197 4199 4198
f 4199 4214 4200
f 4199 4213 4214
f 4200 4215 4216
f 4200 4216 4217
f 4200 4217 4201
f 4200 4214 4215
f 4201 4217 4202
f 4202 4218 4219
f 4202 4219 4220
f 4202 4220 4203
f 4202 4217 4218
f 4203 4220 4221
f 4203 4221 4204
f 4204 4221 4222
f 4204 4222 4223
f 4204 4223 4205
f 4205 4224 4206
f 4205 4223 4225
f 4205 4225 4226
f 4205 4226 4224
f 4206 4224 4227
f 4207 4228 4229
f 4207 4229 4209
f 4207 4209 4208
f 4209 4229 4230
f 4209 4230 4231
f 4209 4231 4210
f 4210 4231 4232
f 4210 4232 4233
f 4210 4233 4211
f 4211 4233 4234
f 4211 4234 4212
f 4212 4234 4235
f 4212 4235 4236
f 4212 4236 4237
f 4212 4237 4238
f 4212 4238 4213
f 4213 4238 4214
f 4214 4238 4239
f 4214 4239 4240
f 4214 4240 4215
f 4215 4241 4242
f 4215 4242 4216
f 4215 4240 4241
f 4216 4242 4243
f 4216 4243 4244
f 4216 4244 4217
f 4217 4244 4218
f 4218 4244 4219
f 4219 4244 4243
f 4219 4243 4245
f 4219 4245 4246
f 4219 4246 4221
f 4219 4221 4220
f 4221 4246 4247
f 4221 4247 4222
f 4222 4225 4223
f 4222 4247 4248
f 4222 4248 4249
f 4222 4249 4225
f 4224 4226 4227
f 4225 4249 4250
f 4225 4250 4251
f 4225 4251 4226
f 4226 4251 4227
f 4227 4251 4252
f 4228 4253 4229
f 4229 4253 4254
f 4229 4254 4255
f 4229 4255 4230
f 4230 4255 4256
f 4230 4256 4257
f 4230 4257 4231
f 4231 4257 4232
f 4232 4257 4235
f 4232 4235 4233
f 4233 4235 4234
f 4235 4258 4236
f 4235 4257 4259
f 4235 4259 4260
f 4235 4260 4258
f 4236 4258 4237
f 4237 4258 4261
f 4237 4261 4262
f 4237 4262 4239
f 4237 4239 4238
f 4239 4262 4263
f 4239 4263 4240
f 4240 4263 4241
f 4241 4264 4265
f 4241 4265 4242
f 4241 4263 4266
f 4241 4266 4264
f 4242 4265 4267
f 4242 4267 4243
f 4243 4267 4268
f 4243 4268 4269
f 4243 4269 4245
f 4245 4269 4270
f 4245 4270 4246
f 4246 4270 4248
f 4246 4248 4247
f 4248 4271 4272
f 4248 4272 4249
f 4248 4270 4273
f 4248 4273 4271
f 4249 4272 4274
f 4249 4274 4250
f 4250 4274 4275
f 4250 4275 4251
f 4251 4275 4276
f 4251 4276 4252
f 4252 4276 4278
f 4252 4278 4279
f 4252 4279 4280
f 4252 4280 4281
f 4252 4281 4277
f 4253 4282 4254
f 4254 4282 4255
f 4255 4282 4283
f 4255 4283 4284
f 4255 4284 4285
f 4255 4285 4286
f 4255 4286 4287
f 4255 4287 4256
f 4256 4287 4288
f 4256 4288 4257
f 4257 4288 4259
f 4258 4260 4289
f 4258 4289 4290
f 4258 4290 4291
f 4258 4291 4261
f 4259 4288 4292
f 4259 4292 4293
f 4259 4293 4294
f 4259 4294 4295
f 4259 4295 4296
f 4259 4296 4260
f 4260 4296 4297
f 4260 4297 4289
f 4261 4298 4262
f 4261 4291 4298
f 4262 4299 4263
f 4262 4298 4299
f 4263 4299 4266
f 4264 4300 4265
f 4264 4266 4301
f 4264 4301 4300
f 4265 4300 4302
f 4265 4302 4267
f 4266 4299 4303
f 4266 4303 4301
f 4267 4304 4268
f 4267 4302 4304
f 4268 4305 4269
f 4268 4304 4305
f 4269 4305 4306
f 4269 4306 4307
f 4269 4307 4273
f 4269 4273 4270
f 4271 4273 4308
f 4271 4308 4272
f 4272 4308 4309
f 4272 4309 4310
f 4272 4310 4274
f 4273 4307 4308
f 4274 4310 4311
f 4274 4311 4312
f 4274 4312 4275
f 4275 4312 4313
f 4275 4313 4276
f 4276 4313 4278
f 4277 4281 4314
f 4277 4314 4315
f 4277 4315 4316
f 4278 4313 4312
f 4278 4312 4317
f 4278 4317 4318
f 4278 4318 4279
f 4279 4318 4280
f 4280 4318 4319
f 4280 4319 4281
f 4281 4319 4320
f 4281 4320 4321
f 4281 4321 4314
f 4284 4288 4286
f 4284 4286 4285
f 4286 4288 4287
f 4288 4322 4293
f 4288 4293 4292
f 4289 4297 4290
f 4290 4323 4324
f 4290 4324 4298
f 4290 4298 4291
f 4290 4297 4325
f 4290 4325 4323
f 4293 4326 4327
f 4293 4327 4294
f 4293 4322 4328
f 4293 4328 4329
f 4293 4329 4330
f 4293 4330 4331
f 4293 4331 4332
f 4293 4332 4326
f 4294 4327 4295
f 4295 4327 4333
f 4295 4333 4296
f 4296 4333 4297
f 4297 4333 4334
f 4297 4334 4323
f 4297 4323 4325
f 4298 4324 4335
f 4298 4335 4299
f 4299 4335 4303
f 4300 4336 4302
f 4300 4301 4337
f 4300 4337 4336
f 4301 4303 4335
f 4301 4335 4338
f 4301 4338 4337
f 4302 4336 4339
f 4302 4339 4340
f 4302 4340 4304
f 4304 4340 4341
f 4304 4341 4342
f 4304 4342 4305
f 4305 4342 4306
f 4306 4343 4307
f 4306 4342 4343
f 4307 4343 4344
f 4307 4344 4345
f 4307 4345 4346
f 4307 4346 4308
f 4308 4346 4347
f 4308 4347 4309
f 4309 4348 4349
f 4309 4349 4350
f 4309 4350 4351
f 4309 4351 4352
f 4309 4352 4353
f 4309 4353 4310
f 4309 4347 4348
f 4310 4354 4355
f 4310 4355 4311
f 4310 4353 4356
f 4310 4356 4354
f 4311 4355 4312
f 4312 4355 4354
f 4312 4354 4357
f 4312 4357 4358
f 4312 4358 4359
f 4312 4359 4318
f 4312 4318 4317
f 4314 4321 4315
f 4315 4321 4364
f 4315 4364 4397
f 4315 4397 4394
f 4315 4394 4392
f 4315 4392 4391
f 4315 4391 4413
f 4315 4413 4388
f 4315 4388 4387
f 4315 4387 4385
f 4315 4385 4383
f 4315 4383 4412
f 4315 4412 4402
f 4315 4402 4422
f 4315 4422 4421
f 4315 4421 4420
f 4315 4420 4419
f 4315 4419 4418
f 4315 4418 4417
f 4315 4417 4436
f 4315 4436 4433
f 4315 4433 4450
f 4315 4450 4437
f 4315 4437 4415
f 4315 4415 4414
f 4315 4414 4395
f 4315 4395 4360
f 4315 4360 4316
f 4318 4359 4361
f 4318 4361 4362
f 4318 4362 4363
f 4318 4363 4364
f 4318 4364 4320
f 4318 4320 4319
f 4320 4364 4321
f 4323 4365 4366
f 4323 4366 4367
f 4323 4367 4335
f 4323 4335 4324
f 4323 4334 4365
f 4326 4332 4331
f 4326 4331 4327
f 4327 4331 4330
f 4327 4330 4333
f 4329 4368 4330
f 4330 4368 4369
f 4330 4369 4333
f 4333 4369 4370
f 4333 4370 4371
f 4333 4371 4372
f 4333 4372 4334
f 4334 4372 4373
f 4334 4373 4374
f 4334 4374 4375
f 4334 4375 4376
f 4334 4376 4365
f 4335 4366 4338
f 4335 4367 4366
f 4336 4377 4339
f 4336 4337 4378
f 4336 4378 4377
f 4337 4338 4366
f 4337 4366 4378
f 4339 4377 4379
f 4339 4379 4380
f 4339 4380 4340
f 4340 4380 4341
f 4341 4380 4381
f 4341 4381 4342
f 4342 4382 4343
f 4342 4381 4383
f 4342 4383 4382
f 4343 4382 4344
f 4344 4382 4384
f 4344 4384 4345
f 4345 4384 4383
f 4345 4383 4385
f 4345 4385 4386
f 4345 4386 4348
f 4345 4348 4346
f 4346 4348 4347
f 4348 4386 4349
f 4349 4387 4388
f 4349 4388 4389
f 4349 4389 4350
f 4349 4386 4387
f 4350 4390 4351
f 4350 4389 4391
f 4350 4391 4392
f 4350 4392 4393
f 4350 4393 4390
f 4351 4390 4356
f 4351 4356 4352
f 4352 4356 4353
f 4354 4356 4357
f 4356 4390 4393
f 4356 4393 4394
f 4356 4394 4362
f 4356 4362 4361
f 4356 4361 4359
f 4356 4359 4358
f 4356 4358 4357
f 4360 4395 4396
f 4362 4394 4397
f 4362 4397 4363
f 4363 4397 4364
f 4365 4398 4399
f 4365 4399 4400
f 4365 4400 4401
f 4365 4401 4366
f 4365 4376 4375
f 4365 4375 4398
f 4366 4401 4402
f 4366 4402 4378
f 4368 4403 4404
f 4368 4404 4369
f 4369 4404 4373
f 4369 4373 4370
f 4370 4373 4371
f 4371 4373 4372
f 4373 4404 4405
f 4373 4405 4406
f 4373 4406 4407
f 4373 4407 4408
f 4373 4408 4374
f 4374 4408 4409
f 4374 4409 4375
f 4375 4409 4410
f 4375 4410 4411
f 4375 4411 4398
f 4377 4378 4402
f 4377 4402 4412
f 4377 4412 4379
f 4379 4412 4380
f 4380 4412 4381
f 4381 4412 4383
f 4382 4383 4384
f 4385 4387 4386
f 4388 4413 4389
f 4389 4413 4391
f 4392 4394 4393
f 4395 4414 4396
f 4396 4414 4415
f 4396 4415 4416
f 4398 4411 4417
f 4398 4417 4418
f 4398 4418 4419
f 4398 4419 4399
f 4399 4419 4420
f 4399 4420 4421
f 4399 4421 4422
f 4399 4422 4400
f 4400 4422 4402
f 4400 4402 4401
f 4403 4423 4424
f 4403 4424 4425
f 4403 4425 4404
f 4404 4425 4405
f 4405 4425 4424
f 4405 4424 4426
f 4405 4426 4427
f 4405 4427 4406
f 4406 4427 4428
f 4406 4428 4429
f 4406 4429 4407
f 4407 4429 4430
f 4407 4430 4408
f 4408 4430 4409
f 4409 4430 4431
f 4409 4431 4432
f 4409 4432 4433
f 4409 4433 4434
f 4409 4434 4435
f 4409 4435 4410
f 4410 4435 4411
f 4411 4435 4436
f 4411 4436 4417
f 4415 4437 4438
f 4415 4438 4439
f 4415 4439 4440
f 4415 4440 4416
f 4423 4441 4426
f 4423 4426 4424
f 4426 4441 4442
f 4426 4442 4443
f 4426 4443 4444
f 4426 4444 4427
f 4427 4444 4445
f 4427 4445 4428
f 4428 4445 4446
f 4428 4446 4447
f 4428 4447 4429
f 4429 4447 4448
f 4429 4448 4430
f 4430 4448 4431
f 4431 4448 4449
f 4431 4449 4450
f 4431 4450 4433
f 4431 4433 4432
f 4433 4436 4434
f 4434 4436 4435
f 4437 4450 4449
f 4437 4449 4451
f 4437 4451 4438
f 4438 4451 4446
f 4438 4446 4452
f 4438 4452 4453
f 4438 4453 4440
f 4438 4440 4439
f 4440 4453 4445
f 4440 4445 4454
f 4440 4454 4455
f 4440 4455 4456
f 4441 4457 4458
f 4441 4458 4442
f 4442 4458 4457
f 4442 4457 4443
f 4443 4459 4454
f 4443 4454 4445
f 4443 4445 4444
f 4445 4453 4452
f 4445 4452 4446
f 4446 4451 4447
f 4447 4451 4449
f 4447 4449 4448
f 4454 4459 4455
f 4455 4459 4456

o geometry_18
v 0.06451771 0.16464335 -0.33553698
v -0.02173019 0.16464335 -0.29764470
v -0.02173019 0.11782651 -0.29843281
v 0.06451771 0.11782651 -0.34091620
v 0.06451771 0.16464335 -0.42544510
v -0.02173019 0.16464335 -0.42122928
v -0.02173019 0.11782651 -0.41413621
v 0.06451771 0.11782651 -0.41700098
v 0.05386336 0.11782651 -0.41753888
v 0.04616386 0.11782651 -0.41776407
v 0.03830395 0.11782651 -0.41798923
v 0.02273610 0.11782651 -0.41788917
v 0.05386336 0.16464335 -0.42535752
v -0.00840803 0.16464335 -0.42224257
v 0.00780988 0.11782651 -0.41705101
v -0.00839115 0.11782651 -0.41563740
v -0.00927760 0.11782651 -0.41554982
v 0.01848112 0.11782651 -0.41768900
v 0.02273610 0.16464335 -0.42440679
v 0.03830395 0.16464335 -0.42501977
v 0.00571616 0.16464335 -0.42323088
f 4460 4461 4462
f 4460 4462 4463
f 4460 4463 4467
f 4460 4467 4464
f 4460 4464 4472
f 4460 4472 4479
f 4460 4479 4478
f 4460 4478 4480
f 4460 4480 4473
f 4460 4473 4465
f 4460 4465 4461
f 4461 4465 4466
f 4461 4466 4462
f 4462 4466 4476
f 4462 4476 4475
f 4462 4475 4474
f 4462 4474 4477
f 4462 4477 4471
f 4462 4471 4470
f 4462 4470 4469
f 4462 4469 4468
f 4462 4468 4467
f 4462 4467 4463
f 4464 4467 4468
f 4464 4468 4469
f 4464 4469 4470
f 4464 4470 4471
f 4464 4471 4472
f 4465 4473 4474
f 4465 4474 4475
f 4465 4475 4476
f 4465 4476 4466
f 4471 4477 4478
f 4471 4478 4479
f 4471 4479 4472
f 4473 4480 4474
f 4474 4480 4478
f 4474 4478 4477

o geometry_19
v -0.02173020 0.16916867 -0.42302896
v -0.02397731 0.16916867 -0.42287146
v -0.02173020 0.16916867 -0.29747237
v -0.02173020 0.04374771 -0.40346217
v -0.03929092 0.16916867 -0.42173384
v -0.02175794 0.04374771 -0.28665638
v -0.02173020 0.05504247 -0.28912410
v -0.10248728 0.16916867 -0.24423245
v -0.02173020 0.04374771 -0.33294814
v -0.02652958 0.04374771 -0.40258707
v -0.04700320 0.16916867 -0.42085876
v -0.08747884 0.04374771 -0.24554506
v -0.10234857 0.16796553 -0.24423245
v -0.30514289 0.16916867 -0.24423245
v -0.02963668 0.04374771 -0.40200952
v -0.05294000 0.16916867 -0.41949363
v -0.03970704 0.04374771 -0.39996182
v -0.10190470 0.16309160 -0.24423245
v -0.10121115 0.15362609 -0.24423245
v -0.09377628 0.04374771 -0.24423245
v -0.29953899 0.16916867 -0.25165312
v -0.29582158 0.12741489 -0.24701521
v -0.29831834 0.12975977 -0.24423245
v -0.06126261 0.16916867 -0.41756846
v -0.04372964 0.04374771 -0.39901674
v -0.28286603 0.04374771 -0.24423245
v -0.29321382 0.16916867 -0.25938883
v -0.29487833 0.11677079 -0.24579009
v -0.28206150 0.04374771 -0.24521254
v -0.29604348 0.11677079 -0.24423245
v -0.07066716 0.16916867 -0.41490821
v -0.05510388 0.04374771 -0.39625150
v -0.29365767 0.10330302 -0.24423245
v -0.28849765 0.16916867 -0.26493686
v -0.28075765 0.04754127 -0.24762776
v -0.28039697 0.04374771 -0.24722523
v -0.07646525 0.16916867 -0.41319306
v -0.05929293 0.04374771 -0.39506139
v -0.07066716 0.04374771 -0.39173608
v -0.28541829 0.16916867 -0.26850719
v -0.27859374 0.16916867 -0.27624290
v -0.27240730 0.04374771 -0.25597603
v -0.08242979 0.04374771 -0.38806073
v -0.08614722 0.16916867 -0.41011278
v -0.27387760 0.16916867 -0.28117837
v -0.26666467 0.05504247 -0.26467434
v -0.26708080 0.04374771 -0.26178657
v -0.08484334 0.04374771 -0.38723815
v -0.08989239 0.04374771 -0.38550549
v -0.09455306 0.06164745 -0.38713314
v -0.09987953 0.16916867 -0.40501979
v -0.27079824 0.16916867 -0.28434617
v -0.27018791 0.16309160 -0.28371609
v -0.26566597 0.04513500 -0.26362424
v -0.26552727 0.04374771 -0.26346674
v -0.10148857 0.04374771 -0.38118258
v -0.11771767 0.16916867 -0.39803665
v -0.26322466 0.16916867 -0.29209936
v -0.26386274 0.10135099 -0.27725799
v -0.25609496 0.10135099 -0.28508123
v -0.25448593 0.08591891 -0.28343606
v -0.24666268 0.08591891 -0.29117177
v -0.26333564 0.04374771 -0.26561942
v -0.11788412 0.04374771 -0.37470699
v -0.12542996 0.04374771 -0.37162672
v -0.12348801 0.16916867 -0.39548141
v -0.25545691 0.16916867 -0.29973006
v -0.24932591 0.11069373 -0.29377953
v -0.24832718 0.10135099 -0.29281693
v -0.24494267 0.07047455 -0.28949163
v -0.25007494 0.04554013 -0.27902566
v -0.25770399 0.04374771 -0.27114993
v -0.23886715 0.08591891 -0.29871497
v -0.23440068 0.04595755 -0.29440958
v -0.12767705 0.04374771 -0.37043660
v -0.12579059 0.04547875 -0.37178422
v -0.13328095 0.16916867 -0.39103600
v -0.24738395 0.16916867 -0.30746580
v -0.24055943 0.10135099 -0.30029013
v -0.24322266 0.05504247 -0.28781146
v -0.23739682 0.04374771 -0.29099678
v -0.24702333 0.04374771 -0.28159839
v -0.25248850 0.04374771 -0.27626042
v -0.23237552 0.10135099 -0.30804335
v -0.23060002 0.08591891 -0.30645071
v -0.23415100 0.04374771 -0.29414706
v -0.22682710 0.04374771 -0.30064017
v -0.23162648 0.04374771 -0.29638727
v -0.13261513 0.04374771 -0.36779387
v -0.13796935 0.07047455 -0.36998155
v -0.13980033 0.08086082 -0.37096167
v -0.13680418 0.16916867 -0.38919833
v -0.24266781 0.16916867 -0.31175368
v -0.23084970 0.16916867 -0.32225465
v -0.22457999 0.10135099 -0.31472897
v -0.22280451 0.08591891 -0.31322382
v -0.23958845 0.16916867 -0.31451894
v -0.22089030 0.07047455 -0.31161366
v -0.21939224 0.04374771 -0.30716825
v -0.14754036 0.04374771 -0.35956810
v -0.14840037 0.16916867 -0.38298525
v -0.22305419 0.16916867 -0.32894027
v -0.21539739 0.10135099 -0.32246468
v -0.21359415 0.08591891 -0.32095953
v -0.20299669 0.06260505 -0.32508993
v -0.20962704 0.04374771 -0.31553403
v -0.21334448 0.04374771 -0.31236623
v -0.21756127 0.04374771 -0.30876090
v -0.15511394 0.04374771 -0.35531520
v -0.15589070 0.04849887 -0.35577025
v -0.16227138 0.16916867 -0.37486453
v -0.21378836 0.16916867 -0.33665849
v -0.20582637 0.08591891 -0.32731262
v -0.20396767 0.07047455 -0.32584248
v -0.19533989 0.16916867 -0.35120232
v -0.19517344 0.07047455 -0.33249311
v -0.19314827 0.04374771 -0.32887026
v -0.19531215 0.04374771 -0.32720761
v -0.20052766 0.04374771 -0.32312973
v -0.16379720 0.04374771 -0.34964467
v -0.17456110 0.04374771 -0.34241651
v -0.17242497 0.16916867 -0.36803889
v -0.20602058 0.16916867 -0.34292406
v -0.17994306 0.16916867 -0.36278839
v -0.18382694 0.05504247 -0.33795361
v -0.18235661 0.04374771 -0.33686851
v -0.17666949 0.04374771 -0.34094639
f 4481 4482 4485
f 4481 4485 4491
f 4481 4491 4496
f 4481 4496 4504
f 4481 4504 4511
f 4481 4511 4517
f 4481 4517 4524
f 4481 4524 4531
f 4481 4531 4537
f 4481 4537 4546
f 4481 4546 4557
f 4481 4557 4572
f 4481 4572 4581
f 4481 4581 4591
f 4481 4591 4602
f 4481 4602 4604
f 4481 4604 4595
f 4481 4595 4603
f 4481 4603 4592
f 4481 4592 4582
f 4481 4582 4574
f 4481 4574 4577
f 4481 4577 4573
f 4481 4573 4558
f 4481 4558 4547
f 4481 4547 4538
f 4481 4538 4532
f 4481 4532 4525
f 4481 4525 4521
f 4481 4521 4520
f 4481 4520 4514
f 4481 4514 4507
f 4481 4507 4501
f 4481 4501 4494
f 4481 4494 4488
f 4481 4488 4483
f 4481 4483 4487
f 4481 4487 4489
f 4481 4489 4484
f 4481 4484 4482
f 4482 4484 4485
f 4483 4486 4487
f 4483 4488 4486
f 4484 4489 4486
f 4484 4486 4492
f 4484 4492 4500
f 4484 4500 4506
f 4484 4506 4509
f 4484 4509 4516
f 4484 4516 4522
f 4484 4522 4527
f 4484 4527 4535
f 4484 4535 4543
f 4484 4543 4552
f 4484 4552 4563
f 4484 4563 4562
f 4484 4562 4561
f 4484 4561 4566
f 4484 4566 4568
f 4484 4568 4567
f 4484 4567 4579
f 4484 4579 4588
f 4484 4588 4587
f 4484 4587 4586
f 4484 4586 4599
f 4484 4599 4598
f 4484 4598 4597
f 4484 4597 4606
f 4484 4606 4607
f 4484 4607 4601
f 4484 4601 4600
f 4484 4600 4589
f 4484 4589 4580
f 4484 4580 4569
f 4484 4569 4555
f 4484 4555 4545
f 4484 4545 4544
f 4484 4544 4536
f 4484 4536 4529
f 4484 4529 4528
f 4484 4528 4523
f 4484 4523 4519
f 4484 4519 4518
f 4484 4518 4512
f 4484 4512 4505
f 4484 4505 4497
f 4484 4497 4495
f 4484 4495 4490
f 4484 4490 4491
f 4484 4491 4485
f 4486 4489 4487
f 4486 4488 4493
f 4486 4493 4492
f 4488 4494 4503
f 4488 4503 4510
f 4488 4510 4513
f 4488 4513 4506
f 4488 4506 4500
f 4488 4500 4499
f 4488 4499 4498
f 4488 4498 4493
f 4490 4495 4491
f 4491 4495 4497
f 4491 4497 4496
f 4492 4493 4498
f 4492 4498 4499
f 4492 4499 4500
f 4494 4501 4502
f 4494 4502 4503
f 4496 4497 4504
f 4497 4505 4504
f 4501 4507 4502
f 4502 4508 4503
f 4502 4507 4509
f 4502 4509 4506
f 4502 4506 4508
f 4503 4508 4510
f 4504 4505 4512
f 4504 4512 4511
f 4506 4513 4508
f 4507 4514 4515
f 4507 4515 4509
f 4508 4513 4510
f 4509 4515 4516
f 4511 4512 4518
f 4511 4518 4519
f 4511 4519 4517
f 4514 4520 4515
f 4515 4520 4516
f 4516 4521 4522
f 4516 4520 4521
f 4517 4519 4523
f 4517 4523 4524
f 4521 4525 4526
f 4521 4526 4522
f 4522 4526 4527
f 4523 4528 4524
f 4524 4528 4529
f 4524 4529 4530
f 4524 4530 4531
f 4525 4532 4533
f 4525 4533 4526
f 4526 4534 4527
f 4526 4533 4534
f 4527 4534 4535
f 4529 4536 4530
f 4530 4536 4531
f 4531 4536 4537
f 4532 4538 4533
f 4533 4538 4539
f 4533 4539 4534
f 4534 4539 4540
f 4534 4540 4541
f 4534 4541 4535
f 4535 4541 4542
f 4535 4542 4543
f 4536 4544 4537
f 4537 4544 4545
f 4537 4545 4546
f 4538 4547 4548
f 4538 4548 4540
f 4538 4540 4539
f 4540 4548 4549
f 4540 4549 4541
f 4541 4549 4542
f 4542 4550 4551
f 4542 4551 4552
f 4542 4552 4543
f 4542 4549 4553
f 4542 4553 4554
f 4542 4554 4550
f 4545 4555 4556
f 4545 4556 4546
f 4546 4556 4557
f 4547 4558 4548
f 4548 4558 4559
f 4548 4559 4549
f 4549 4559 4553
f 4550 4554 4560
f 4550 4560 4551
f 4551 4560 4554
f 4551 4554 4561
f 4551 4561 4562
f 4551 4562 4563
f 4551 4563 4552
f 4553 4559 4564
f 4553 4564 4565
f 4553 4565 4554
f 4554 4566 4561
f 4554 4565 4567
f 4554 4567 4568
f 4554 4568 4566
f 4555 4569 4556
f 4556 4569 4570
f 4556 4570 4571
f 4556 4571 4572
f 4556 4572 4557
f 4558 4573 4564
f 4558 4564 4559
f 4564 4574 4582
f 4564 4582 4575
f 4564 4575 4576
f 4564 4576 4565
f 4564 4573 4577
f 4564 4577 4574
f 4565 4576 4578
f 4565 4578 4579
f 4565 4579 4567
f 4569 4580 4570
f 4570 4580 4571
f 4571 4580 4581
f 4571 4581 4572
f 4575 4582 4583
f 4575 4583 4576
f 4576 4583 4584
f 4576 4584 4585
f 4576 4585 4578
f 4578 4585 4586
f 4578 4586 4587
f 4578 4587 4588
f 4578 4588 4579
f 4580 4589 4581
f 4581 4589 4590
f 4581 4590 4591
f 4582 4592 4583
f 4583 4592 4593
f 4583 4593 4584
f 4584 4593 4594
f 4584 4594 4585
f 4585 4594 4595
f 4585 4595 4596
f 4585 4596 4597
f 4585 4597 4598
f 4585 4598 4599
f 4585 4599 4586
f 4589 4600 4590
f 4590 4600 4591
f 4591 4600 4601
f 4591 4601 4602
f 4592 4603 4593
f 4593 4603 4594
f 4594 4603 4595
f 4595 4604 4596
f 4596 4604 4597
f 4597 4604 4605
f 4597 4605 4606
f 4601 4607 4602
f 4602 4607 4604
f 4604 4607 4606
f 4604 4606 4605

o geometry_20
v 0.38076521 -0.39265167 0.11492001
v 0.38076521 -0.40097593 0.12154536
v 0.37089225 -0.40078137 0.12249691
v 0.36550285 -0.39285403 0.11961555
v 0.36519923 -0.38072760 0.11950884
v 0.38105873 -0.37596808 0.11826825
v 0.39502055 -0.37771544 0.11977118
v 0.40568295 -0.38318323 0.12175433
v 0.39768237 -0.39413049 0.11892189
v 0.39339613 -0.40076580 0.12205225
v 0.38076521 -0.40155578 0.13146557
v 0.36550285 -0.40099539 0.13213256
v 0.35707211 -0.40061790 0.13773074
v 0.36051323 -0.39813502 0.12741922
v 0.35648511 -0.38784547 0.12258139
v 0.35648511 -0.38397713 0.12258139
v 0.37402467 -0.36180240 0.12403097
v 0.38101823 -0.36180240 0.12321280
v 0.38908968 -0.36180240 0.12336398
v 0.40726688 -0.38095721 0.13146557
v 0.40568295 -0.38997031 0.12175433
v 0.39428171 -0.36180240 0.13146557
v 0.40377515 -0.40026376 0.12422216
v 0.39768237 -0.40099150 0.13021609
v 0.39689292 -0.40097593 0.14724633
v 0.38076521 -0.40149743 0.14693507
v 0.36592287 -0.40096814 0.14599241
v 0.35707211 -0.40061790 0.14020746
v 0.35573616 -0.39285403 0.13213256
v 0.35556916 -0.38288748 0.13146557
v 0.36881747 -0.36180240 0.13052291
v 0.40691265 -0.38126854 0.14693507
v 0.40659890 -0.39370632 0.14724633
v 0.40688229 -0.39413049 0.13021609
v 0.39374025 -0.36180240 0.14482742
v 0.40452409 -0.40062958 0.13454257
v 0.40452409 -0.40062958 0.14229289
v 0.39208042 -0.40073856 0.15547687
v 0.37160070 -0.40073467 0.15533902
v 0.38076521 -0.40091757 0.15577479
v 0.35600941 -0.39265167 0.14336895
v 0.36061951 -0.39265167 0.15110592
v 0.35588797 -0.38316377 0.14375580
v 0.36850372 -0.36180240 0.14417823
v 0.40521739 -0.38359575 0.15580146
v 0.40521739 -0.38926591 0.15580146
v 0.40245944 -0.39955549 0.15261330
v 0.39632616 -0.38082488 0.15821149
v 0.38076521 -0.36180240 0.14980309
v 0.38076521 -0.39265167 0.16034582
v 0.39689292 -0.39370632 0.15798471
v 0.36840251 -0.39265167 0.15705094
v 0.36826081 -0.38207411 0.15717545
v 0.38076521 -0.37968462 0.15924309
f 4608 4609 4610
f 4608 4610 4611
f 4608 4611 4612
f 4608 4612 4613
f 4608 4613 4614
f 4608 4614 4615
f 4608 4615 4616
f 4608 4616 4617
f 4608 4617 4609
f 4609 4617 4618
f 4609 4618 4610
f 4610 4618 4619
f 4610 4619 4620
f 4610 4620 4621
f 4610 4621 4611
f 4611 4621 4622
f 4611 4622 4612
f 4612 4622 4623
f 4612 4623 4624
f 4612 4624 4613
f 4613 4625 4626
f 4613 4626 4614
f 4613 4624 4625
f 4614 4626 4615
f 4615 4627 4628
f 4615 4628 4616
f 4615 4626 4629
f 4615 4629 4627
f 4616 4628 4630
f 4616 4630 4617
f 4617 4630 4631
f 4617 4631 4618
f 4618 4631 4632
f 4618 4632 4633
f 4618 4633 4634
f 4618 4634 4619
f 4619 4634 4635
f 4619 4635 4620
f 4620 4635 4636
f 4620 4636 4622
f 4620 4622 4621
f 4622 4636 4637
f 4622 4637 4623
f 4623 4637 4638
f 4623 4638 4624
f 4624 4638 4651
f 4624 4651 4656
f 4624 4656 4642
f 4624 4642 4629
f 4624 4629 4626
f 4624 4626 4625
f 4627 4639 4640
f 4627 4640 4641
f 4627 4641 4628
f 4627 4629 4639
f 4628 4641 4630
f 4629 4642 4639
f 4630 4643 4631
f 4630 4641 4643
f 4631 4643 4644
f 4631 4644 4632
f 4632 4644 4645
f 4632 4645 4633
f 4633 4646 4634
f 4633 4645 4647
f 4633 4647 4646
f 4634 4646 4635
f 4635 4648 4636
f 4635 4646 4649
f 4635 4649 4648
f 4636 4648 4637
f 4637 4648 4650
f 4637 4650 4651
f 4637 4651 4638
f 4639 4652 4653
f 4639 4653 4640
f 4639 4642 4652
f 4640 4653 4654
f 4640 4654 4644
f 4640 4644 4641
f 4641 4644 4643
f 4642 4655 4652
f 4642 4656 4655
f 4644 4654 4645
f 4645 4657 4647
f 4645 4654 4658
f 4645 4658 4657
f 4646 4659 4649
f 4646 4647 4657
f 4646 4657 4659
f 4648 4649 4650
f 4649 4659 4660
f 4649 4660 4650
f 4650 4660 4651
f 4651 4660 4656
f 4652 4655 4653
f 4653 4658 4654
f 4653 4655 4658
f 4655 4656 4661
f 4655 4661 4657
f 4655 4657 4658
f 4656 4660 4661
f 4657 4661 4660
f 4657 4660 4659

o geometry_21
v -0.28287644 0.04374771 -0.24424803
v -0.28213513 0.03957301 -0.24424803
v -0.09376525 0.04374771 -0.24424803
v -0.28039689 0.04374771 -0.24722506
v -0.28001347 0.03957301 -0.24678863
v -0.27914431 0.02414601 -0.24424803
v -0.08747689 0.04374771 -0.24554171
v -0.02173020 0.04009830 -0.24424803
v -0.26710440 0.04374771 -0.26178286
v -0.27845412 0.02414601 -0.24505852
v -0.27768728 0.01740015 -0.24424803
v -0.02175575 0.04374771 -0.28664338
v -0.02173020 0.04363711 -0.28664338
v -0.02173020 -0.22901717 -0.24424803
v -0.26551953 0.04374771 -0.26346621
v -0.26457372 0.03481773 -0.26249985
v -0.27065759 0.02414601 -0.25347525
v -0.27571894 0.00871901 -0.24424803
v -0.02173020 0.04374771 -0.33293538
v -0.02812081 -0.23869361 -0.24424803
v -0.02346844 -0.23869361 -0.25542355
v -0.02173020 -0.23407656 -0.25540797
v -0.26334671 0.04374771 -0.26561715
v -0.25248268 0.04374771 -0.27626274
v -0.23740080 0.04374771 -0.29099202
v -0.23415437 0.04374771 -0.29415608
v -0.24887836 0.03523243 -0.27788375
v -0.24754912 0.02414601 -0.27657448
v -0.25547347 0.02414601 -0.26882798
v -0.26327003 0.02414601 -0.26120617
v -0.26891935 0.00871901 -0.25152694
v -0.27203796 -0.00673564 -0.24424803
v -0.02173020 0.04374771 -0.40346444
v -0.04724155 -0.23869361 -0.24424803
v -0.02602469 -0.23869361 -0.27146212
v -0.02173020 -0.21610605 -0.31248586
v -0.22681794 0.04374771 -0.30062451
v -0.22730363 0.04031948 -0.29947109
v -0.22392938 0.02414601 -0.29892558
v -0.23315742 0.03564715 -0.29323649
v -0.23975256 0.02414601 -0.28413396
v -0.23783538 0.00871901 -0.28227915
v -0.24563194 0.00871901 -0.27467292
v -0.25350515 0.00871901 -0.26694202
v -0.26130171 0.00871901 -0.25925784
v -0.26580072 -0.01674384 -0.24826935
v -0.26705327 -0.00673564 -0.24954745
v -0.26912382 -0.01887266 -0.24424803
v -0.02653594 0.04374771 -0.40259158
v -0.02173020 0.04076182 -0.40302801
v -0.04880086 -0.23869361 -0.24505852
v -0.14647508 -0.21649310 -0.24424803
v -0.02676601 -0.23869361 -0.27314544
v -0.02173020 -0.21292664 -0.32023236
v -0.21937925 0.04374771 -0.30717085
v -0.21705307 0.03957301 -0.30832424
v -0.21516145 0.02414601 -0.30665650
v -0.20271253 -0.01353679 -0.30936856
v -0.22193551 0.00871901 -0.29717988
v -0.23170037 0.02414601 -0.29186488
v -0.22970650 0.00871901 -0.29001008
v -0.23584148 -0.00673564 -0.28033085
v -0.24361249 -0.00673564 -0.27270904
v -0.25148573 -0.00673564 -0.26497811
v -0.26148066 -0.04945019 -0.24424803
v -0.26447145 -0.03761729 -0.24424803
v -0.02962900 0.04374771 -0.40199931
v -0.02173020 0.03490067 -0.40215515
v -0.02794188 0.03957301 -0.40168756
v -0.04918430 -0.23869361 -0.24526116
v -0.15309576 -0.21475135 -0.24424803
v -0.05143379 -0.23869361 -0.27157120
v -0.05156160 -0.23869361 -0.27102569
v -0.05299310 -0.23869361 -0.25582882
v -0.05286529 -0.23869361 -0.25542355
v -0.04928655 -0.23869361 -0.24544819
v -0.03384680 -0.23869361 -0.27867866
v -0.03954724 -0.23869361 -0.27989442
v -0.02173020 -0.20441139 -0.33346531
v -0.21756433 0.04374771 -0.30876067
v -0.21334651 0.04374771 -0.31236117
v -0.20739045 0.02414601 -0.31334311
v -0.20401621 -0.00322448 -0.31047518
v -0.21871463 -0.01505737 -0.29426519
v -0.21986494 -0.00673564 -0.29532508
v -0.19657753 -0.00773093 -0.31561874
v -0.18630142 -0.00673564 -0.32417576
v -0.18412860 -0.02216264 -0.32249240
v -0.19366341 -0.02216264 -0.31476148
v -0.19133723 -0.03761729 -0.31289110
v -0.18901104 -0.05304429 -0.31095838
v -0.18770736 -0.06172543 -0.30985172
v -0.20145996 -0.02216264 -0.30821514
v -0.22763594 -0.00673564 -0.28806175
v -0.23456337 -0.01602502 -0.27908393
v -0.25319842 -0.07988949 -0.24424803
v -0.25636816 -0.06847129 -0.24424803
v -0.26053484 -0.05304429 -0.24424803
v -0.03152063 0.04374771 -0.40162522
v -0.02173020 0.02627483 -0.40079912
v -0.02275270 0.02525188 -0.40044064
v -0.02397969 0.00871901 -0.39760390
v -0.03954724 0.03957301 -0.39934959
v -0.03972618 0.04374771 -0.39997305
v -0.15531969 -0.21400487 -0.24424803
v -0.15388819 -0.21436428 -0.24499618
v -0.05117817 -0.23869361 -0.27217908
v -0.11735942 -0.20767373 -0.28636282
v -0.10143400 -0.20394138 -0.30229225
v -0.09598919 -0.20048552 -0.31055313
v -0.08622432 -0.20208903 -0.31281318
v -0.06958315 -0.20355433 -0.31776968
v -0.06365265 -0.19993258 -0.32529799
v -0.05511479 -0.20120434 -0.32680986
v -0.03954724 -0.20325021 -0.32950634
v -0.02305945 -0.20410727 -0.33354326
v -0.02173020 -0.20316726 -0.33517985
v -0.20961439 0.04374771 -0.31554081
v -0.20053971 0.04374771 -0.32311586
v -0.19437915 0.00730902 -0.32055968
v -0.20000291 0.03957301 -0.32269504
v -0.19910821 -0.03761729 -0.30607978
v -0.18732391 0.00122668 -0.32498625
v -0.17850486 -0.00673564 -0.33005188
v -0.17633206 -0.02216264 -0.32844645
v -0.17395474 -0.03761729 -0.32663841
v -0.18172573 -0.03761729 -0.32062202
v -0.19680759 -0.05304429 -0.30388210
v -0.17842818 -0.05262959 -0.31946860
v -0.17070830 -0.05752310 -0.32422252
v -0.18026866 -0.06750365 -0.31415360
v -0.17602530 -0.08392594 -0.31303137
v -0.17334124 -0.09932529 -0.31083369
v -0.17193530 -0.10731527 -0.30966469
v -0.18591799 -0.07201010 -0.30830867
v -0.25117897 -0.08594417 -0.24424803
v -0.02173020 -0.02437440 -0.39275648
v -0.02397969 -0.00673564 -0.39515682
v -0.02397969 -0.03761729 -0.39023146
v -0.03244087 -0.04624314 -0.38708297
v -0.03954724 0.02414601 -0.39687133
v -0.04655136 -0.02882556 -0.38675568
v -0.05511479 0.04374771 -0.39626345
v -0.16380644 -0.20980253 -0.24424803
v -0.16421544 -0.20438373 -0.25551708
v -0.14862233 -0.21209724 -0.25537681
v -0.13694028 -0.21419840 -0.26050476
v -0.13223678 -0.21121252 -0.26982553
v -0.13152103 -0.20258668 -0.28584846
v -0.11735942 -0.20156375 -0.29674345
v -0.10636756 -0.19796963 -0.30776313
v -0.10074381 -0.19138966 -0.31683450
v -0.08622432 -0.19484553 -0.32054410
v -0.07403102 -0.19783140 -0.32322497
v -0.06958315 -0.19238495 -0.32956868
v -0.05575385 -0.19138966 -0.33542922
v -0.03954724 -0.19597905 -0.33723726
v -0.02763513 -0.19827375 -0.33921675
v -0.02173020 -0.19921376 -0.34010519
v -0.19529940 0.04374771 -0.32718395
v -0.19026359 0.02414601 -0.32724629
v -0.18865316 0.01151135 -0.32601495
v -0.18113780 0.00730902 -0.33081560
v -0.17132180 0.01836779 -0.34016753
v -0.16792199 -0.00673564 -0.33779838
v -0.16559581 -0.02216264 -0.33617737
v -0.17242099 -0.04721079 -0.32550060
v -0.16493119 -0.05262959 -0.32944400
v -0.16104569 -0.06847129 -0.32835295
v -0.15831050 -0.08392594 -0.32646696
v -0.16881668 -0.06847129 -0.32281973
v -0.16608149 -0.08392594 -0.32076229
v -0.16444549 -0.11339760 -0.31362367
v -0.15948638 -0.13020696 -0.31214295
v -0.16991586 -0.11762759 -0.30791900
v -0.17901611 -0.11320407 -0.30129473
v -0.18801411 -0.10878056 -0.29468604
v -0.18970123 -0.09932529 -0.29621352
v -0.18111223 -0.09932529 -0.30396002
v -0.18382185 -0.08392594 -0.30643828
v -0.16273280 -0.09846824 -0.31921923
v -0.19235973 -0.08392594 -0.29869178
v -0.24657772 -0.09932529 -0.24424803
v -0.02173020 -0.05572605 -0.38776880
v -0.02173020 -0.06667424 -0.38600750
v -0.02845313 -0.05652781 -0.38625690
v -0.03839693 -0.05204900 -0.38480735
v -0.03555950 -0.03761729 -0.38778438
v -0.03954724 -0.06847129 -0.38181473
v -0.05511479 -0.05304429 -0.38024049
v -0.05511479 -0.03761729 -0.38284347
v -0.05496142 -0.02307499 -0.38533731
v -0.04966998 -0.01854089 -0.38759732
v -0.05511479 0.02414601 -0.39305262
v -0.06004835 -0.00955563 -0.38613222
v -0.06301359 0.00072904 -0.38697389
v -0.07068234 0.04374771 -0.39174336
v -0.16794756 -0.20753548 -0.24424803
v -0.15912850 -0.20148080 -0.26578860
v -0.14834113 -0.20413490 -0.27091658
v -0.17405699 -0.20134257 -0.25042029
v -0.14304971 -0.20106610 -0.28036201
v -0.12541160 -0.19982198 -0.29429638
v -0.11735942 -0.19481787 -0.30448995
v -0.12564167 -0.18461616 -0.30991407
v -0.11735942 -0.18710439 -0.31223646
v -0.09509451 -0.18480969 -0.32550060
v -0.08622432 -0.18713203 -0.32737098
v -0.06140316 -0.18339969 -0.33998050
v -0.05102479 -0.18586027 -0.34169501
v -0.03954724 -0.18826556 -0.34340952
v -0.02305945 -0.19266142 -0.34478115
v -0.02173020 -0.19432024 -0.34387714
v -0.19312660 0.04374771 -0.32885172
v -0.19223191 0.03957301 -0.32872701
v -0.18180241 0.03957301 -0.33647354
v -0.17853043 0.02375896 -0.33588123
v -0.16224712 0.00871901 -0.34442265
v -0.16012543 -0.00673564 -0.34305104
v -0.18233923 0.04374771 -0.33686317
v -0.17666436 0.04374771 -0.34094686
v -0.17456824 0.04374771 -0.34242758
v -0.16380644 0.04374771 -0.34965973
v -0.15779925 -0.02216264 -0.34153914
v -0.15644444 -0.03042908 -0.34063512
v -0.16260500 -0.03640082 -0.33494603
v -0.15457838 -0.04071375 -0.33941939
v -0.14849452 -0.08392594 -0.33299773
v -0.14913357 -0.09846824 -0.32897641
v -0.15667451 -0.09277297 -0.32534473
v -0.15238001 -0.11477994 -0.32230537
v -0.14788102 -0.13087048 -0.32063760
v -0.15726245 -0.14013220 -0.31039726
v -0.16725738 -0.13020696 -0.30556542
v -0.17597417 -0.13020696 -0.29783450
v -0.18609692 -0.11906523 -0.29284682
v -0.15470619 -0.10302999 -0.32394196
v -0.24394480 -0.10493763 -0.24424803
v -0.17344349 -0.14156985 -0.29559006
v -0.17111730 -0.15185452 -0.29345470
v -0.02173020 -0.06930070 -0.38557110
v -0.02354514 -0.06838836 -0.38535288
v -0.02397969 -0.08392594 -0.38267201
v -0.05511479 -0.06847129 -0.37755962
v -0.03954724 -0.08392594 -0.37904033
v -0.07068234 -0.05304429 -0.37539310
v -0.07068234 -0.03761729 -0.37805839
v -0.07068234 -0.02216264 -0.38072368
v -0.06919971 -0.00535329 -0.38402801
v -0.07886233 0.03103010 -0.38708297
v -0.08103514 0.03957301 -0.38779996
v -0.08241551 0.04374771 -0.38804936
v -0.17697111 -0.20253139 -0.24424803
v -0.16950686 -0.19763788 -0.26073858
v -0.15340251 -0.19738906 -0.27610690
v -0.18374517 -0.19708494 -0.24424803
v -0.18425642 -0.19661495 -0.24424803
v -0.14816220 -0.19163849 -0.28603552
v -0.13578996 -0.19617259 -0.29068030
v -0.14287077 -0.18588792 -0.29568356
v -0.15322357 -0.18080087 -0.29170901
v -0.13602003 -0.17925266 -0.30600185
v -0.14085134 -0.16896799 -0.30968027
v -0.13167441 -0.17507796 -0.31195590
v -0.11715492 -0.17626677 -0.32001414
v -0.10547287 -0.18127087 -0.32310029
v -0.10089718 -0.17626677 -0.32810355
v -0.08540633 -0.17554796 -0.33517985
v -0.07068234 -0.18049676 -0.33823481
v -0.07068234 -0.17278327 -0.34270814
v -0.05575385 -0.17756619 -0.34510845
v -0.03901043 -0.17554796 -0.35146777
v -0.02397969 -0.17980558 -0.35338491
v -0.02173020 -0.18030322 -0.35368105
v -0.02173020 -0.19246789 -0.34523316
v -0.18527892 0.04374771 -0.33468108
v -0.14849452 -0.00673564 -0.34998705
v -0.15508963 0.04374771 -0.35531763
v -0.14849452 -0.02216264 -0.34705678
v -0.14903132 -0.03640082 -0.34378361
v -0.14453233 -0.05304429 -0.34284840
v -0.14230839 -0.06507072 -0.34149237
v -0.14039121 -0.07538303 -0.34032340
v -0.14790658 -0.06952188 -0.33686317
v -0.13571328 -0.09932529 -0.33747106
v -0.14463458 -0.11477994 -0.32772949
v -0.14228283 -0.12617049 -0.32610848
v -0.14000777 -0.13645516 -0.32458100
v -0.14915913 -0.14541277 -0.31448092
v -0.15473176 -0.15041687 -0.30837101
v -0.16418987 -0.14599337 -0.30198053
v -0.23998261 -0.11323172 -0.24424803
v -0.16050888 -0.16108860 -0.29785011
v -0.16827986 -0.16108860 -0.29082057
v -0.17622981 -0.16108860 -0.28307407
v -0.18663372 -0.15166099 -0.27780583
v -0.02173020 -0.08389830 -0.38309284
v -0.02173020 -0.08613770 -0.38268759
v -0.02173020 -0.09932529 -0.38027167
v -0.02397969 -0.09932529 -0.37985082
v -0.07060565 -0.06708895 -0.37296158
v -0.05621398 -0.08478300 -0.37417734
v -0.06539091 -0.08022125 -0.37224461
v -0.07576927 -0.07131893 -0.37059242
v -0.03954724 -0.09932529 -0.37609448
v -0.07858114 -0.06103426 -0.37151205
v -0.08484395 0.04374771 -0.38723884
v -0.08622432 -0.02216264 -0.37556455
v -0.17952736 -0.19208083 -0.25543915
v -0.17464492 -0.18735321 -0.26610035
v -0.16434325 -0.19235730 -0.27110361
v -0.15917963 -0.18710439 -0.28139072
v -0.18476767 -0.19608964 -0.24424803
v -0.18939447 -0.18649615 -0.25015531
v -0.16955800 -0.18124323 -0.27641861
v -0.16349969 -0.17587972 -0.28587965
v -0.15744138 -0.17051620 -0.29515363
v -0.15135750 -0.16108860 -0.30559661
v -0.14356096 -0.16108860 -0.31164418
v -0.13210896 -0.16050802 -0.31954655
v -0.12219073 -0.16526329 -0.32342761
v -0.11181236 -0.17095856 -0.32620201
v -0.07968033 -0.16976974 -0.34102479
v -0.07068234 -0.16108860 -0.34828812
v -0.04384174 -0.16623093 -0.35491239
v -0.03346337 -0.16974210 -0.35648663
v -0.02397969 -0.17209208 -0.35767121
v -0.02173020 -0.17399972 -0.35718801
v -0.14057014 0.00147550 -0.35589433
v -0.13916420 -0.00673564 -0.35517737
v -0.13642902 -0.02216264 -0.35377458
v -0.15097407 0.04374771 -0.35764002
v -0.14754870 0.04374771 -0.35957275
v -0.13221121 -0.03836376 -0.35285495
v -0.13292696 -0.05304429 -0.34942593
v -0.13093309 -0.08392594 -0.34378361
v -0.12791672 -0.09932529 -0.34210026
v -0.12599953 -0.10883585 -0.34099363
v -0.13187891 -0.11428230 -0.33589681
v -0.13405171 -0.13087048 -0.32975574
v -0.12027354 -0.13020696 -0.33787630
v -0.12942491 -0.14563395 -0.32752685
v -0.13719590 -0.14563395 -0.32283531
v -0.18402635 -0.16108860 -0.27501582
v -0.18842309 -0.17048857 -0.26432347
v -0.19233416 -0.17599032 -0.25534563
v -0.20294258 -0.16877445 -0.24766147
v -0.20051416 -0.17651560 -0.24424803
v -0.17326455 -0.17095856 -0.28005029
v -0.02173020 -0.10153705 -0.37981967
v -0.02173020 -0.11477994 -0.37704527
v -0.02397969 -0.11477994 -0.37660884
v -0.03924049 -0.11406113 -0.37308629
v -0.05145935 -0.09932529 -0.37272778
v -0.06214447 -0.09050592 -0.37123149
v -0.07060565 -0.08478300 -0.36967282
v -0.07068234 -0.09932529 -0.36668021
v -0.08622432 -0.09932529 -0.36100673
v -0.08622432 -0.08392594 -0.36413960
v -0.04839186 -0.10844879 -0.37179261
v -0.08474170 -0.06708895 -0.36795832
v -0.09407200 -0.03001438 -0.37148086
v -0.08987976 0.04374771 -0.38550876
v -0.18502329 -0.18077323 -0.26047360
v -0.19172066 -0.18859731 -0.24424803
v -0.20043746 -0.17662618 -0.24424803
v -0.17914393 -0.17587972 -0.27037104
v -0.12638297 -0.15497862 -0.32575000
v -0.11715492 -0.16050802 -0.32824384
v -0.09565687 -0.15500626 -0.34128977
v -0.09005869 -0.16529093 -0.33882708
v -0.08540633 -0.16050802 -0.34300427
v -0.08622432 -0.14563395 -0.34861542
v -0.07132140 -0.14621453 -0.35396161
v -0.06107085 -0.15174392 -0.35542674
v -0.05557492 -0.16108860 -0.35335372
v -0.05069248 -0.15594626 -0.35703214
v -0.03901043 -0.16108860 -0.35846612
v -0.02397969 -0.16108860 -0.36245625
v -0.02173020 -0.17275561 -0.35784266
v -0.02173020 -0.16108860 -0.36295503
v -0.13262021 0.04374771 -0.36778686
v -0.12768665 0.04374771 -0.37043658
v -0.12543717 0.04374771 -0.37163673
v -0.12865804 -0.02216264 -0.35778032
v -0.12656190 -0.03374672 -0.35670485
v -0.12461916 -0.04403138 -0.35573849
v -0.11735942 -0.09932529 -0.34749321
v -0.12265085 -0.05304429 -0.35481886
v -0.11784511 -0.11428230 -0.34365892
v -0.12334103 -0.11912052 -0.33955965
v -0.11247698 -0.13020696 -0.34197557
v -0.11004855 -0.13858397 -0.34075981
v -0.11610685 -0.14450043 -0.33528896
v -0.02173020 -0.11696405 -0.37653091
v -0.02346844 -0.13001342 -0.37305510
v -0.03384680 -0.12476050 -0.37205756
v -0.04422518 -0.11873346 -0.37054568
v -0.05925591 -0.09932529 -0.37032747
v -0.07068234 -0.11477994 -0.36317324
v -0.08604539 -0.11348054 -0.35790500
v -0.09427651 -0.10748115 -0.35609697
v -0.09629594 -0.09932529 -0.35692306
v -0.10191968 -0.08248830 -0.35799853
v -0.10179187 -0.06847129 -0.36083527
v -0.10179187 -0.05304429 -0.36387465
v -0.05419454 -0.11406113 -0.36862854
v -0.10028368 -0.03612436 -0.36774010
v -0.10353012 -0.02216264 -0.36894026
v -0.10685324 -0.00673564 -0.37034305
v -0.10887268 0.00266433 -0.37118472
v -0.11787067 0.04374771 -0.37470727
v -0.09575912 -0.02216264 -0.37216666
v -0.10148512 0.04374771 -0.38117569
v -0.10603524 -0.14889630 -0.33881150
v -0.10122950 -0.14450043 -0.34263022
v -0.08604539 -0.13064930 -0.35340049
v -0.07694515 -0.13606811 -0.35547351
v -0.06656678 -0.14145925 -0.35718801
v -0.05557492 -0.14621453 -0.35905839
v -0.03954724 -0.14563395 -0.36415521
v -0.02346844 -0.14480454 -0.36862854
v -0.02173020 -0.14665689 -0.36833240
v -0.12367335 0.03517714 -0.37084182
v -0.11861197 -0.03836376 -0.35946367
v -0.11487985 -0.05304429 -0.35834143
v -0.11145448 -0.06847129 -0.35681395
v -0.11587679 -0.08248830 -0.35181067
v -0.10718556 -0.08669064 -0.35497473
v -0.10406694 -0.09932529 -0.35363428
v -0.10038593 -0.11348054 -0.35195093
v -0.10966511 -0.07640598 -0.35601904
v -0.10179187 -0.13020696 -0.34686975
v -0.02173020 -0.13004107 -0.37338243
v -0.02173020 -0.13286106 -0.37268104
v -0.02832531 -0.13504517 -0.37070156
v -0.03924049 -0.13001342 -0.36908055
v -0.05511479 -0.13020696 -0.36418637
v -0.07132140 -0.13064930 -0.35882460
v -0.08072839 -0.12578344 -0.35689188
v -0.09110676 -0.11776582 -0.35481886
v -0.11735942 -0.02216264 -0.36300179
v -0.02173020 -0.14535747 -0.36881557
v -0.02173020 -0.13761633 -0.37143412
v -0.02173020 -0.14300749 -0.36964167
f 4662 4663 4667
f 4662 4667 4672
f 4662 4672 4679
f 4662 4679 4693
f 4662 4693 4709
f 4662 4709 4727
f 4662 4727 4726
f 4662 4726 4759
f 4662 4759 4758
f 4662 4758 4757
f 4662 4757 4797
f 4662 4797 4844
f 4662 4844 4899
f 4662 4899 4953
f 4662 4953 5009
f 4662 5009 5027
f 4662 5027 5026
f 4662 5026 4974
f 4662 4974 4918
f 4662 4918 4917
f 4662 4917 4914
f 4662 4914 4859
f 4662 4859 4805
f 4662 4805 4766
f 4662 4766 4732
f 4662 4732 4713
f 4662 4713 4695
f 4662 4695 4681
f 4662 4681 4675
f 4662 4675 4669
f 4662 4669 4664
f 4662 4664 4668
f 4662 4668 4673
f 4662 4673 4680
f 4662 4680 4694
f 4662 4694 4710
f 4662 4710 4728
f 4662 4728 4760
f 4662 4760 4765
f 4662 4765 4804
f 4662 4804 4858
f 4662 4858 4913
f 4662 4913 4968
f 4662 4968 5024
f 4662 5024 5075
f 4662 5075 5073
f 4662 5073 5045
f 4662 5045 5044
f 4662 5044 5043
f 4662 5043 4994
f 4662 4994 4993
f 4662 4993 4939
f 4662 4939 4884
f 4662 4884 4883
f 4662 4883 4882
f 4662 4882 4881
f 4662 4881 4937
f 4662 4937 4875
f 4662 4875 4821
f 4662 4821 4780
f 4662 4780 4779
f 4662 4779 4742
f 4662 4742 4741
f 4662 4741 4716
f 4662 4716 4698
f 4662 4698 4687
f 4662 4687 4686
f 4662 4686 4685
f 4662 4685 4684
f 4662 4684 4676
f 4662 4676 4670
f 4662 4670 4665
f 4662 4665 4663
f 4663 4665 4666
f 4663 4666 4667
f 4664 4669 4668
f 4665 4670 4666
f 4666 4670 4671
f 4666 4671 4667
f 4667 4671 4672
f 4668 4669 4673
f 4669 4674 4673
f 4669 4675 4683
f 4669 4683 4697
f 4669 4697 4715
f 4669 4715 4740
f 4669 4740 4778
f 4669 4778 4820
f 4669 4820 4874
f 4669 4874 4936
f 4669 4936 4935
f 4669 4935 4989
f 4669 4989 5041
f 4669 5041 5042
f 4669 5042 5084
f 4669 5084 5104
f 4669 5104 5106
f 4669 5106 5105
f 4669 5105 5096
f 4669 5096 5095
f 4669 5095 5056
f 4669 5056 5012
f 4669 5012 5011
f 4669 5011 4960
f 4669 4960 4959
f 4669 4959 4958
f 4669 4958 4902
f 4669 4902 4846
f 4669 4846 4845
f 4669 4845 4798
f 4669 4798 4761
f 4669 4761 4729
f 4669 4729 4711
f 4669 4711 4694
f 4669 4694 4680
f 4669 4680 4674
f 4670 4676 4677
f 4670 4677 4671
f 4671 4677 4678
f 4671 4678 4672
f 4672 4678 4679
f 4673 4674 4680
f 4675 4681 4682
f 4675 4682 4683
f 4676 4684 4677
f 4677 4684 4685
f 4677 4685 4686
f 4677 4686 4687
f 4677 4687 4688
f 4677 4688 4689
f 4677 4689 4690
f 4677 4690 4691
f 4677 4691 4692
f 4677 4692 4678
f 4678 4692 4679
f 4679 4692 4693
f 4681 4695 4712
f 4681 4712 4731
f 4681 4731 4737
f 4681 4737 4736
f 4681 4736 4735
f 4681 4735 4734
f 4681 4734 4733
f 4681 4733 4768
f 4681 4768 4739
f 4681 4739 4738
f 4681 4738 4714
f 4681 4714 4696
f 4681 4696 4682
f 4682 4696 4697
f 4682 4697 4683
f 4687 4698 4699
f 4687 4699 4700
f 4687 4700 4701
f 4687 4701 4688
f 4688 4701 4689
f 4689 4701 4702
f 4689 4702 4703
f 4689 4703 4704
f 4689 4704 4690
f 4690 4704 4691
f 4691 4704 4705
f 4691 4705 4706
f 4691 4706 4707
f 4691 4707 4708
f 4691 4708 4692
f 4692 4708 4709
f 4692 4709 4693
f 4694 4711 4710
f 4695 4713 4712
f 4696 4714 4715
f 4696 4715 4697
f 4698 4716 4699
f 4699 4716 4717
f 4699 4717 4718
f 4699 4718 4700
f 4700 4718 4719
f 4700 4719 4720
f 4700 4720 4701
f 4701 4720 4721
f 4701 4721 4703
f 4701 4703 4702
f 4703 4721 4722
f 4703 4722 4723
f 4703 4723 4704
f 4704 4723 4724
f 4704 4724 4725
f 4704 4725 4705
f 4705 4725 4726
f 4705 4726 4706
f 4706 4726 4707
f 4707 4709 4708
f 4707 4726 4727
f 4707 4727 4709
f 4710 4711 4729
f 4710 4729 4730
f 4710 4730 4728
f 4712 4713 4731
f 4713 4732 4733
f 4713 4733 4734
f 4713 4734 4735
f 4713 4735 4736
f 4713 4736 4737
f 4713 4737 4731
f 4714 4738 4715
f 4715 4738 4739
f 4715 4739 4740
f 4716 4741 4717
f 4717 4741 4742
f 4717 4742 4743
f 4717 4743 4744
f 4717 4744 4718
f 4718 4744 4719
f 4719 4745 4746
f 4719 4746 4720
f 4719 4744 4747
f 4719 4747 4748
f 4719 4748 4749
f 4719 4749 4750
f 4719 4750 4751
f 4719 4751 4752
f 4719 4752 4753
f 4719 4753 4754
f 4719 4754 4745
f 4720 4722 4721
f 4720 4746 4722
f 4722 4746 4755
f 4722 4755 4723
f 4723 4755 4756
f 4723 4756 4757
f 4723 4757 4758
f 4723 4758 4759
f 4723 4759 4726
f 4723 4726 4724
f 4724 4726 4725
f 4728 4730 4760
f 4729 4761 4762
f 4729 4762 4730
f 4730 4762 4763
f 4730 4763 4764
f 4730 4764 4765
f 4730 4765 4760
f 4732 4766 4767
f 4732 4767 4768
f 4732 4768 4733
f 4739 4768 4769
f 4739 4769 4770
f 4739 4770 4771
f 4739 4771 4772
f 4739 4772 4773
f 4739 4773 4774
f 4739 4774 4775
f 4739 4775 4776
f 4739 4776 4777
f 4739 4777 4740
f 4740 4777 4778
f 4742 4779 4743
f 4743 4779 4780
f 4743 4780 4744
f 4744 4781 4747
f 4744 4780 4782
f 4744 4782 4781
f 4745 4756 4755
f 4745 4755 4746
f 4745 4754 4783
f 4745 4783 4757
f 4745 4757 4756
f 4747 4781 4748
f 4748 4784 4785
f 4748 4785 4786
f 4748 4786 4749
f 4748 4781 4782
f 4748 4782 4784
f 4749 4786 4787
f 4749 4787 4788
f 4749 4788 4751
f 4749 4751 4750
f 4751 4788 4752
f 4752 4788 4753
f 4753 4789 4783
f 4753 4783 4754
f 4753 4788 4790
f 4753 4790 4791
f 4753 4791 4792
f 4753 4792 4793
f 4753 4793 4794
f 4753 4794 4795
f 4753 4795 4796
f 4753 4796 4797
f 4753 4797 4757
f 4753 4757 4789
f 4757 4783 4789
f 4761 4798 4799
f 4761 4799 4763
f 4761 4763 4762
f 4763 4799 4764
f 4764 4799 4800
f 4764 4800 4801
f 4764 4801 4802
f 4764 4802 4803
f 4764 4803 4765
f 4765 4803 4804
f 4766 4805 4806
f 4766 4806 4767
f 4767 4806 4807
f 4767 4807 4808
f 4767 4808 4768
f 4768 4808 4809
f 4768 4809 4769
f 4769 4809 4810
f 4769 4810 4811
f 4769 4811 4770
f 4770 4811 4771
f 4771 4812 4813
f 4771 4813 4814
f 4771 4814 4815
f 4771 4815 4774
f 4771 4774 4772
f 4771 4811 4812
f 4772 4774 4773
f 4774 4815 4816
f 4774 4816 4817
f 4774 4817 4818
f 4774 4818 4819
f 4774 4819 4775
f 4775 4819 4820
f 4775 4820 4776
f 4776 4820 4778
f 4776 4778 4777
f 4780 4821 4822
f 4780 4822 4823
f 4780 4823 4784
f 4780 4784 4782
f 4784 4823 4785
f 4785 4823 4824
f 4785 4824 4825
f 4785 4825 4826
f 4785 4826 4786
f 4786 4826 4827
f 4786 4827 4787
f 4787 4827 4828
f 4787 4828 4788
f 4788 4828 4790
f 4790 4828 4791
f 4791 4828 4829
f 4791 4829 4830
f 4791 4830 4831
f 4791 4831 4832
f 4791 4832 4792
f 4792 4832 4793
f 4793 4832 4833
f 4793 4833 4794
f 4794 4833 4795
f 4795 4834 4835
f 4795 4835 4836
f 4795 4836 4837
f 4795 4837 4838
f 4795 4838 4839
f 4795 4839 4840
f 4795 4840 4841
f 4795 4841 4796
f 4795 4833 4842
f 4795 4842 4834
f 4796 4841 4843
f 4796 4843 4797
f 4797 4843 4844
f 4798 4845 4799
f 4799 4845 4800
f 4800 4845 4846
f 4800 4846 4847
f 4800 4847 4801
f 4801 4847 4848
f 4801 4848 4803
f 4801 4803 4849
f 4801 4849 4802
f 4802 4849 4803
f 4803 4848 4850
f 4803 4850 4851
f 4803 4851 4852
f 4803 4852 4853
f 4803 4853 4854
f 4803 4854 4804
f 4804 4855 4856
f 4804 4856 4857
f 4804 4857 4858
f 4804 4854 4855
f 4805 4859 4806
f 4806 4860 4861
f 4806 4861 4807
f 4806 4859 4862
f 4806 4862 4860
f 4807 4861 4808
f 4808 4861 4809
f 4809 4861 4863
f 4809 4863 4810
f 4810 4863 4864
f 4810 4864 4811
f 4811 4864 4812
f 4812 4864 4865
f 4812 4865 4866
f 4812 4866 4867
f 4812 4867 4813
f 4813 4867 4868
f 4813 4868 4814
f 4814 4868 4869
f 4814 4869 4815
f 4815 4869 4816
f 4816 4869 4870
f 4816 4870 4817
f 4817 4870 4871
f 4817 4871 4818
f 4818 4871 4819
f 4819 4871 4872
f 4819 4872 4873
f 4819 4873 4874
f 4819 4874 4820
f 4821 4875 4822
f 4822 4824 4823
f 4822 4875 4876
f 4822 4876 4824
f 4824 4876 4877
f 4824 4877 4878
f 4824 4878 4825
f 4825 4879 4880
f 4825 4880 4826
f 4825 4878 4877
f 4825 4877 4881
f 4825 4881 4882
f 4825 4882 4883
f 4825 4883 4884
f 4825 4884 4879
f 4826 4880 4885
f 4826 4885 4827
f 4827 4885 4886
f 4827 4886 4887
f 4827 4887 4828
f 4828 4887 4829
f 4829 4887 4830
f 4830 4887 4886
f 4830 4886 4888
f 4830 4888 4831
f 4831 4889 4890
f 4831 4890 4891
f 4831 4891 4832
f 4831 4888 4889
f 4832 4891 4833
f 4833 4891 4842
f 4834 4842 4892
f 4834 4892 4835
f 4835 4892 4893
f 4835 4893 4894
f 4835 4894 4836
f 4836 4894 4895
f 4836 4895 4896
f 4836 4896 4897
f 4836 4897 4837
f 4837 4897 4838
f 4838 4897 4844
f 4838 4844 4839
f 4839 4844 4843
f 4839 4843 4841
f 4839 4841 4840
f 4842 4898 4892
f 4842 4891 4898
f 4844 4897 4896
f 4844 4896 4900
f 4844 4900 4901
f 4844 4901 4899
f 4846 4902 4903
f 4846 4903 4847
f 4847 4903 4904
f 4847 4904 4850
f 4847 4850 4848
f 4850 4905 4851
f 4850 4904 4906
f 4850 4906 4905
f 4851 4905 4907
f 4851 4907 4908
f 4851 4908 4909
f 4851 4909 4857
f 4851 4857 4856
f 4851 4856 4852
f 4852 4856 4853
f 4853 4856 4854
f 4854 4856 4855
f 4857 4909 4910
f 4857 4910 4911
f 4857 4911 4858
f 4858 4911 4912
f 4858 4912 4913
f 4859 4914 4862
f 4860 4862 4915
f 4860 4915 4916
f 4860 4916 4863
f 4860 4863 4861
f 4862 4917 4918
f 4862 4918 4915
f 4862 4914 4917
f 4863 4916 4919
f 4863 4919 4866
f 4863 4866 4920
f 4863 4920 4864
f 4864 4920 4866
f 4864 4866 4865
f 4866 4919 4921
f 4866 4921 4922
f 4866 4922 4923
f 4866 4923 4924
f 4866 4924 4925
f 4866 4925 4926
f 4866 4926 4927
f 4866 4927 4867
f 4867 4927 4868
f 4868 4927 4928
f 4868 4928 4929
f 4868 4929 4930
f 4868 4930 4870
f 4868 4870 4869
f 4870 4930 4931
f 4870 4931 4932
f 4870 4932 4933
f 4870 4933 4871
f 4871 4933 4934
f 4871 4934 4872
f 4872 4934 4935
f 4872 4935 4873
f 4873 4936 4874
f 4873 4935 4936
f 4875 4937 4876
f 4876 4937 4877
f 4877 4937 4881
f 4879 4884 4880
f 4880 4938 4885
f 4880 4884 4939
f 4880 4939 4938
f 4885 4938 4940
f 4885 4940 4886
f 4886 4940 4941
f 4886 4941 4942
f 4886 4942 4943
f 4886 4943 4944
f 4886 4944 4888
f 4888 4944 4945
f 4888 4945 4889
f 4889 4945 4944
f 4889 4944 4946
f 4889 4946 4890
f 4890 4946 4947
f 4890 4947 4891
f 4891 4947 4898
f 4892 4947 4948
f 4892 4948 4893
f 4892 4898 4947
f 4893 4949 4894
f 4893 4948 4949
f 4894 4949 4950
f 4894 4950 4951
f 4894 4951 4952
f 4894 4952 4895
f 4895 4952 4900
f 4895 4900 4896
f 4899 4901 4953
f 4900 4952 4901
f 4901 4952 4951
f 4901 4951 4954
f 4901 4954 4955
f 4901 4955 4956
f 4901 4956 4957
f 4901 4957 4953
f 4902 4958 4904
f 4902 4904 4903
f 4904 4958 4959
f 4904 4959 4960
f 4904 4960 4961
f 4904 4961 4906
f 4905 4962 4907
f 4905 4906 4963
f 4905 4963 4964
f 4905 4964 4965
f 4905 4965 4962
f 4906 4961 4966
f 4906 4966 4963
f 4907 4962 4967
f 4907 4967 4908
f 4908 4967 4909
f 4909 4967 4911
f 4909 4911 4910
f 4911 4968 4913
f 4911 4913 4912
f 4911 4967 4969
f 4911 4969 4968
f 4915 4918 4970
f 4915 4970 4971
f 4915 4971 4972
f 4915 4972 4916
f 4916 4972 4973
f 4916 4973 4919
f 4918 4974 4975
f 4918 4975 4970
f 4919 4973 4921
f 4921 4973 4922
f 4922 4973 4976
f 4922 4976 4977
f 4922 4977 4978
f 4922 4978 4924
f 4922 4924 4923
f 4924 4978 4979
f 4924 4979 4980
f 4924 4980 4981
f 4924 4981 4982
f 4924 4982 4925
f 4925 4982 4926
f 4926 4982 4983
f 4926 4983 4927
f 4927 4983 4928
f 4928 4983 4984
f 4928 4984 4929
f 4929 4984 4930
f 4930 4984 4931
f 4931 4984 4985
f 4931 4985 4986
f 4931 4986 4987
f 4931 4987 4932
f 4932 4987 4933
f 4933 4987 4934
f 4934 4987 4988
f 4934 4988 4989
f 4934 4989 4935
f 4938 4990 4991
f 4938 4991 4992
f 4938 4992 4940
f 4938 4939 4993
f 4938 4993 4994
f 4938 4994 4990
f 4940 4995 4996
f 4940 4996 4941
f 4940 4992 4995
f 4941 4996 4942
f 4942 4996 4943
f 4943 4996 4944
f 4944 4997 4998
f 4944 4998 4946
f 4944 4996 4997
f 4946 4998 4999
f 4946 4999 5000
f 4946 5000 4947
f 4947 5000 4948
f 4948 5000 4949
f 4949 5001 5002
f 4949 5002 5003
f 4949 5003 5004
f 4949 5004 4950
f 4949 5000 4999
f 4949 4999 5001
f 4950 5004 4980
f 4950 4980 4951
f 4951 4980 4979
f 4951 4979 4954
f 4953 4957 5005
f 4953 5005 5006
f 4953 5006 5007
f 4953 5007 5008
f 4953 5008 5009
f 4954 4979 4978
f 4954 4978 4955
f 4955 4978 5010
f 4955 5010 4956
f 4956 5005 4957
f 4956 5010 5005
f 4960 5011 4961
f 4961 5011 5012
f 4961 5012 5013
f 4961 5013 5014
f 4961 5014 4966
f 4962 4965 4967
f 4963 4966 5015
f 4963 5015 5016
f 4963 5016 4964
f 4964 5016 5017
f 4964 5017 4965
f 4965 5017 5018
f 4965 5018 5019
f 4965 5019 5020
f 4965 5020 4967
f 4966 5014 5021
f 4966 5021 5015
f 4967 5020 5022
f 4967 5022 5023
f 4967 5023 4969
f 4968 4969 5024
f 4969 5023 5024
f 4970 4975 4971
f 4971 4975 5025
f 4971 5025 4976
f 4971 4976 4973
f 4971 4973 4972
f 4974 5026 4975
f 4975 5026 5027
f 4975 5027 5009
f 4975 5009 5007
f 4975 5007 5025
f 4976 5025 5028
f 4976 5028 5010
f 4976 5010 4977
f 4977 5010 4978
f 4980 5004 4981
f 4981 5004 5029
f 4981 5029 4982
f 4982 5029 5030
f 4982 5030 4983
f 4983 5030 5031
f 4983 5031 5032
f 4983 5032 4984
f 4984 5032 5033
f 4984 5033 4985
f 4985 5033 5034
f 4985 5034 5035
f 4985 5035 5036
f 4985 5036 5037
f 4985 5037 4986
f 4986 5037 5038
f 4986 5038 5039
f 4986 5039 4987
f 4987 5039 5040
f 4987 5040 4988
f 4988 5041 4989
f 4988 5040 5042
f 4988 5042 5041
f 4990 4994 5043
f 4990 5043 4991
f 4991 5043 5044
f 4991 5044 5045
f 4991 5045 4992
f 4992 5046 5047
f 4992 5047 5048
f 4992 5048 4995
f 4992 5045 5046
f 4995 5048 4996
f 4996 5048 4998
f 4996 4998 4997
f 4998 5049 4999
f 4998 5048 5050
f 4998 5050 5049
f 4999 5051 5052
f 4999 5052 5001
f 4999 5049 5051
f 5001 5052 5002
f 5002 5052 5053
f 5002 5053 5054
f 5002 5054 5003
f 5003 5054 5055
f 5003 5055 5029
f 5003 5029 5004
f 5005 5010 5006
f 5006 5010 5028
f 5006 5028 5025
f 5006 5025 5007
f 5007 5009 5008
f 5012 5056 5013
f 5013 5056 5057
f 5013 5057 5058
f 5013 5058 5014
f 5014 5058 5059
f 5014 5059 5021
f 5015 5021 5060
f 5015 5060 5016
f 5016 5060 5018
f 5016 5018 5017
f 5018 5060 5021
f 5018 5021 5061
f 5018 5061 5062
f 5018 5062 5019
f 5019 5062 5063
f 5019 5063 5020
f 5020 5063 5064
f 5020 5064 5065
f 5020 5065 5066
f 5020 5066 5067
f 5020 5067 5023
f 5020 5023 5022
f 5021 5059 5068
f 5021 5068 5061
f 5023 5067 5069
f 5023 5069 5070
f 5023 5070 5071
f 5023 5071 5072
f 5023 5072 5073
f 5023 5073 5074
f 5023 5074 5075
f 5023 5075 5024
f 5029 5055 5076
f 5029 5076 5030
f 5030 5076 5031
f 5031 5076 5077
f 5031 5077 5034
f 5031 5034 5033
f 5031 5033 5032
f 5034 5077 5078
f 5034 5078 5079
f 5034 5079 5035
f 5035 5079 5080
f 5035 5080 5036
f 5036 5080 5081
f 5036 5081 5082
f 5036 5082 5038
f 5036 5038 5037
f 5038 5082 5039
f 5039 5082 5040
f 5040 5082 5083
f 5040 5083 5084
f 5040 5084 5042
f 5045 5073 5072
f 5045 5072 5085
f 5045 5085 5048
f 5045 5048 5047
f 5045 5047 5046
f 5048 5086 5087
f 5048 5087 5088
f 5048 5088 5050
f 5048 5085 5086
f 5049 5089 5090
f 5049 5090 5091
f 5049 5091 5092
f 5049 5092 5051
f 5049 5050 5089
f 5050 5088 5093
f 5050 5093 5089
f 5051 5092 5053
f 5051 5053 5052
f 5053 5094 5054
f 5053 5092 5094
f 5054 5094 5078
f 5054 5078 5077
f 5054 5077 5076
f 5054 5076 5055
f 5056 5095 5057
f 5057 5095 5096
f 5057 5096 5097
f 5057 5097 5058
f 5058 5097 5098
f 5058 5098 5059
f 5059 5098 5099
f 5059 5099 5068
f 5061 5068 5099
f 5061 5099 5100
f 5061 5100 5101
f 5061 5101 5062
f 5062 5101 5102
f 5062 5102 5063
f 5063 5102 5092
f 5063 5092 5091
f 5063 5091 5090
f 5063 5090 5064
f 5064 5090 5065
f 5065 5093 5066
f 5065 5090 5093
f 5066 5093 5067
f 5067 5093 5088
f 5067 5088 5087
f 5067 5087 5069
f 5069 5087 5070
f 5070 5087 5086
f 5070 5086 5103
f 5070 5103 5085
f 5070 5085 5071
f 5071 5085 5072
f 5073 5075 5074
f 5078 5094 5102
f 5078 5102 5101
f 5078 5101 5079
f 5079 5101 5100
f 5079 5100 5099
f 5079 5099 5080
f 5080 5099 5082
f 5080 5082 5081
f 5082 5099 5098
f 5082 5098 5097
f 5082 5097 5083
f 5083 5104 5084
f 5083 5097 5105
f 5083 5105 5106
f 5083 5106 5104
f 5085 5103 5086
f 5089 5093 5090
f 5092 5102 5094
f 5096 5105 5097

o geometry_22
v -0.09755028 0.06892185 0.24528500
v -0.12499067 0.06892185 0.20110113
v -0.13875140 0.06892185 0.24528500
v -0.09519496 0.04547887 0.24528500
v -0.09516082 0.04542134 0.24526336
v -0.09516082 0.03520998 0.20110113
v -0.13875140 0.06892185 0.20110113
v -0.13875140 -0.21760027 0.24528500
v -0.09516082 0.02960093 0.24528500
v -0.09516082 -0.22493519 0.20110113
v -0.13875140 -0.22346821 0.20110113
v -0.13875140 -0.21877961 0.23982257
v -0.13291856 -0.21984390 0.23978798
v -0.13269241 -0.21869332 0.24528500
v -0.09516082 -0.22223134 0.24528500
v -0.09516082 -0.22456126 0.20884281
v -0.10179157 -0.22444619 0.20884281
v -0.10179157 -0.22479137 0.20110113
v -0.13291856 -0.22378461 0.20110113
v -0.13291856 -0.22338192 0.20884281
v -0.13875140 -0.22335316 0.20304737
v -0.13875140 -0.21995895 0.23399252
v -0.11735294 -0.22070682 0.24528500
v -0.12739293 -0.21958502 0.24528500
v -0.13875140 -0.22136840 0.22431324
v -0.13291856 -0.22208752 0.22431324
v -0.11735294 -0.22156976 0.23978798
v -0.09626168 -0.22217382 0.24528500
v -0.10179157 -0.22246145 0.23978798
v -0.09516082 -0.22266281 0.23978798
v -0.09516082 -0.22421608 0.21542975
v -0.10179157 -0.22355450 0.22431324
v -0.11735294 -0.22404350 0.20884281
v -0.10957438 -0.22459003 0.20110113
v -0.12513575 -0.22410103 0.20110113
v -0.11735294 -0.22306551 0.22431324
v -0.13875140 -0.22208752 0.21852209
v -0.13875140 -0.22289292 0.20884281
v -0.11183158 -0.22128211 0.24528500
v -0.10179157 -0.22185740 0.24528500
v -0.09516082 -0.22329563 0.23090016
v -0.09516082 -0.22369832 0.22431324
v -0.11735294 -0.22438867 0.20110113
f 5107 5108 5113
f 5107 5113 5109
f 5107 5109 5114
f 5107 5114 5120
f 5107 5120 5130
f 5107 5130 5129
f 5107 5129 5145
f 5107 5145 5146
f 5107 5146 5134
f 5107 5134 5121
f 5107 5121 5115
f 5107 5115 5110
f 5107 5110 5111
f 5107 5111 5112
f 5107 5112 5108
f 5108 5112 5116
f 5108 5116 5124
f 5108 5124 5140
f 5108 5140 5149
f 5108 5149 5141
f 5108 5141 5125
f 5108 5125 5117
f 5108 5117 5113
f 5109 5113 5117
f 5109 5117 5127
f 5109 5127 5144
f 5109 5144 5143
f 5109 5143 5131
f 5109 5131 5128
f 5109 5128 5118
f 5109 5118 5114
f 5110 5115 5111
f 5111 5115 5121
f 5111 5121 5136
f 5111 5136 5147
f 5111 5147 5148
f 5111 5148 5137
f 5111 5137 5122
f 5111 5122 5116
f 5111 5116 5112
f 5114 5118 5119
f 5114 5119 5120
f 5116 5122 5123
f 5116 5123 5124
f 5117 5125 5126
f 5117 5126 5127
f 5118 5128 5119
f 5119 5129 5130
f 5119 5130 5120
f 5119 5128 5131
f 5119 5131 5132
f 5119 5132 5133
f 5119 5133 5129
f 5121 5134 5135
f 5121 5135 5136
f 5122 5137 5123
f 5123 5137 5138
f 5123 5138 5139
f 5123 5139 5140
f 5123 5140 5124
f 5125 5141 5139
f 5125 5139 5126
f 5126 5142 5132
f 5126 5132 5143
f 5126 5143 5144
f 5126 5144 5127
f 5126 5139 5142
f 5129 5133 5145
f 5131 5143 5132
f 5132 5142 5133
f 5133 5142 5135
f 5133 5135 5145
f 5134 5146 5135
f 5135 5146 5145
f 5135 5142 5138
f 5135 5138 5147
f 5135 5147 5136
f 5137 5148 5138
f 5138 5148 5147
f 5138 5142 5139
f 5139 5141 5149
f 5139 5149 5140

o geometry_23
v 0.28222745 -0.22532763 0.11599093
v 0.28085143 -0.22532763 0.10804128
v 0.27576611 -0.22532763 0.12684013
v 0.28192831 -0.22845352 0.12564285
v 0.29833590 -0.24326815 0.12659614
v 0.29957732 -0.24170519 0.11599093
v 0.28260138 -0.22751842 0.10530061
v 0.27712719 -0.22532763 0.10208330
v 0.27144361 -0.22532763 0.12803740
v 0.31463880 -0.27432676 0.14000444
v 0.32500385 -0.27753281 0.13867665
v 0.34218919 -0.29197340 0.13949375
v 0.31398071 -0.25828316 0.12736784
v 0.29787223 -0.24301433 0.10586236
v 0.32937122 -0.27345847 0.12836083
v 0.30735484 -0.24973370 0.11599093
v 0.27440506 -0.22532763 0.09980792
v 0.25581377 -0.22532763 0.12893960
v 0.30889540 -0.27432676 0.14000444
v 0.34962270 -0.31545774 0.14550279
v 0.33405271 -0.28868721 0.14076479
v 0.34827660 -0.30128433 0.14124710
v 0.36161804 -0.31545774 0.14204717
v 0.35784894 -0.30726896 0.13965263
v 0.31454906 -0.25744156 0.11599093
v 0.32231164 -0.26591088 0.11599093
v 0.35965871 -0.30525182 0.12068355
v 0.31257476 -0.25928506 0.10675890
v 0.35941939 -0.30551898 0.13145898
v 0.25651676 -0.22532763 0.09184125
v 0.32706789 -0.27596988 0.10768381
v 0.30889540 -0.28011103 0.14000444
v 0.25394419 -0.22532763 0.12735082
v 0.26372590 -0.24634063 0.12405407
v 0.32552733 -0.30871167 0.13983420
v 0.38074776 -0.36178518 0.14980389
v 0.36673328 -0.32936399 0.14528718
v 0.38182465 -0.34542098 0.14571275
v 0.37735259 -0.33347842 0.14285291
v 0.37295529 -0.32319234 0.13913627
v 0.37377791 -0.32205686 0.12882045
v 0.37377791 -0.32205686 0.12269225
v 0.36834860 -0.31632606 0.13297401
v 0.25078831 -0.22532763 0.09227817
v 0.32944601 -0.28459950 0.10747386
v 0.32971523 -0.29360317 0.10778027
v 0.38907869 -0.36178518 0.12336181
v 0.38670056 -0.36178518 0.12331641
v 0.38100203 -0.36178518 0.12320860
v 0.37651499 -0.33090023 0.12109777
v 0.32264067 -0.30002863 0.14102012
v 0.24948707 -0.22984281 0.12104671
v 0.24175442 -0.22532763 0.11615549
v 0.24153005 -0.22532763 0.11593419
v 0.36849815 -0.36178518 0.14417502
v 0.33432193 -0.31449592 0.14234790
v 0.39373025 -0.36178518 0.14482756
v 0.39118760 -0.34996286 0.14219470
v 0.37842945 -0.32936399 0.13297401
v 0.38696978 -0.34245536 0.13145898
v 0.39075385 -0.35017660 0.13145898
v 0.38883939 -0.35296857 0.12351501
v 0.24247233 -0.22532763 0.10146481
v 0.37401721 -0.36178518 0.12402569
v 0.38907869 -0.36177182 0.12336181
v 0.39428366 -0.36178518 0.13145898
v 0.24150015 -0.22532763 0.11567317
v 0.36881226 -0.36178518 0.13051706
v 0.39373025 -0.36177182 0.14482189
v 0.24227790 -0.22532763 0.10179959
v 0.36885713 -0.36178518 0.13045464
f 5150 5151 5157
f 5150 5157 5166
f 5150 5166 5179
f 5150 5179 5193
f 5150 5193 5212
f 5150 5212 5219
f 5150 5219 5216
f 5150 5216 5203
f 5150 5203 5202
f 5150 5202 5182
f 5150 5182 5167
f 5150 5167 5158
f 5150 5158 5152
f 5150 5152 5153
f 5150 5153 5154
f 5150 5154 5155
f 5150 5155 5151
f 5151 5155 5156
f 5151 5156 5157
f 5152 5158 5159
f 5152 5159 5160
f 5152 5160 5153
f 5153 5160 5161
f 5153 5161 5154
f 5154 5162 5155
f 5154 5161 5162
f 5155 5163 5156
f 5155 5162 5164
f 5155 5164 5165
f 5155 5165 5163
f 5156 5163 5157
f 5157 5163 5166
f 5158 5167 5159
f 5159 5167 5168
f 5159 5168 5169
f 5159 5169 5170
f 5159 5170 5160
f 5160 5170 5161
f 5161 5170 5171
f 5161 5171 5172
f 5161 5172 5173
f 5161 5173 5164
f 5161 5164 5162
f 5163 5165 5174
f 5163 5174 5175
f 5163 5175 5176
f 5163 5176 5177
f 5163 5177 5166
f 5164 5173 5178
f 5164 5178 5176
f 5164 5176 5165
f 5165 5176 5174
f 5166 5177 5180
f 5166 5180 5179
f 5167 5181 5168
f 5167 5182 5183
f 5167 5183 5184
f 5167 5184 5181
f 5168 5181 5185
f 5168 5185 5169
f 5169 5185 5186
f 5169 5186 5171
f 5169 5171 5170
f 5171 5186 5172
f 5172 5186 5187
f 5172 5187 5188
f 5172 5188 5173
f 5173 5188 5189
f 5173 5189 5178
f 5174 5176 5175
f 5176 5178 5190
f 5176 5190 5191
f 5176 5191 5180
f 5176 5180 5177
f 5178 5189 5192
f 5178 5192 5190
f 5179 5180 5194
f 5179 5194 5195
f 5179 5195 5196
f 5179 5196 5197
f 5179 5197 5198
f 5179 5198 5193
f 5180 5191 5199
f 5180 5199 5194
f 5181 5184 5200
f 5181 5200 5185
f 5182 5201 5183
f 5182 5202 5201
f 5183 5201 5203
f 5183 5203 5204
f 5183 5204 5184
f 5184 5204 5205
f 5184 5205 5200
f 5185 5200 5205
f 5185 5205 5204
f 5185 5204 5217
f 5185 5217 5220
f 5185 5220 5213
f 5185 5213 5198
f 5185 5198 5197
f 5185 5197 5196
f 5185 5196 5215
f 5185 5215 5206
f 5185 5206 5187
f 5185 5187 5186
f 5187 5206 5207
f 5187 5207 5188
f 5188 5207 5189
f 5189 5190 5192
f 5189 5207 5208
f 5189 5208 5190
f 5190 5208 5209
f 5190 5209 5191
f 5191 5209 5210
f 5191 5210 5211
f 5191 5211 5199
f 5193 5198 5213
f 5193 5213 5212
f 5194 5199 5211
f 5194 5211 5214
f 5194 5214 5196
f 5194 5196 5195
f 5196 5214 5215
f 5201 5202 5203
f 5203 5216 5204
f 5204 5216 5217
f 5206 5215 5218
f 5206 5218 5207
f 5207 5218 5215
f 5207 5215 5210
f 5207 5210 5209
f 5207 5209 5208
f 5210 5215 5211
f 5211 5215 5214
f 5212 5213 5220
f 5212 5220 5217
f 5212 5217 5219
f 5216 5219 5217

o geometry_24
v 0.11614269 0.24027382 0.47127328
v 0.10056574 0.25571518 0.47112463
v 0.08498878 0.25571518 0.47212300
v 0.10056574 0.24027382 0.47205931
v 0.11614269 0.22485041 0.47112463
v 0.11614269 0.25571518 0.46929772
v 0.08498878 0.27115651 0.47093342
v 0.06943200 0.25571518 0.47244167
v 0.08498878 0.24027382 0.47239916
v 0.06943200 0.27115651 0.47182559
v 0.10056574 0.22485041 0.47125208
v 0.11614269 0.20940906 0.46742831
v 0.10056574 0.27115651 0.46880910
v 0.11614269 0.27065436 0.46589881
v 0.08640120 0.28801466 0.46730085
v 0.06943200 0.28657993 0.46978628
v 0.05385504 0.25571518 0.47210175
v 0.05385504 0.24027382 0.47208056
v 0.06943200 0.24027382 0.47239916
v 0.08498878 0.22485041 0.47127328
v 0.05385504 0.27115651 0.47140079
v 0.05385504 0.28657993 0.46948887
v 0.11612251 0.20940906 0.46742831
v 0.11614269 0.20148215 0.46430561
v 0.10056574 0.28331590 0.46575010
v 0.11614269 0.27158695 0.46553770
v 0.10990787 0.27985462 0.46462427
v 0.09251495 0.29411230 0.46407193
v 0.08214377 0.29638994 0.46543150
v 0.06943200 0.29845237 0.46621747
v 0.05385504 0.29970776 0.46615377
v 0.03829827 0.25571518 0.47125208
v 0.02272131 0.24027382 0.47061476
v 0.03829827 0.24027382 0.47146449
v 0.05385504 0.22485041 0.47082722
v 0.06943200 0.22485041 0.47120958
v 0.03829827 0.27115651 0.47014745
v 0.00718471 0.25571518 0.46908526
v 0.02272131 0.25571518 0.47023240
v 0.03829827 0.29784262 0.46526154
v 0.03829827 0.28657993 0.46787442
v -0.03224193 0.26366002 0.46422066
v 0.02272131 0.27115651 0.46868165
v 0.08498878 0.20980361 0.46719465
v 0.10012184 0.20793845 0.46668484
v 0.10500476 0.20157181 0.46424186
v 0.11612251 0.20148215 0.46430561
v 0.03829827 0.13950154 0.42073626
v 0.04564284 0.13950154 0.42052382
v 0.05385504 0.13950154 0.42024767
v 0.06119962 0.13950154 0.41995026
v 0.06967413 0.13950154 0.41956789
v 0.08282979 0.13950154 0.41850573
v 0.09572316 0.13950154 0.41716744
v 0.10720411 0.13950154 0.41591410
v 0.11579967 0.13950154 0.41474574
v 0.11614269 0.13950154 0.41468202
v 0.11614269 0.28597017 0.45718921
v 0.06943200 0.30618201 0.46099170
v 0.11614269 0.28643647 0.45684932
v 0.11154224 0.29603125 0.45094379
v 0.10056574 0.29875726 0.45417271
v 0.08644155 0.30259518 0.45735914
v 0.05385504 0.30743743 0.46294607
v 0.03829827 0.30557226 0.46266991
v 0.00718471 0.24027382 0.46961632
v 0.03829827 0.22485041 0.46999874
v 0.02272131 0.22485041 0.46902156
v 0.05385504 0.21132802 0.46691849
v 0.06943200 0.21035958 0.46715215
v -0.00839224 0.25571518 0.46766202
v -0.00839224 0.24027382 0.46834179
v -0.05508276 0.27115651 0.45895239
v -0.03827498 0.26973972 0.46203261
v -0.04333951 0.25571518 0.46371079
v -0.03557120 0.25571518 0.46462427
v -0.02394902 0.25571518 0.46596256
v 0.09463358 0.20180496 0.46411443
v 0.02272131 0.13950154 0.42063005
v 0.03006589 0.13950154 0.42069378
v 0.11614269 0.13950154 0.34035284
v 0.08034797 0.31093457 0.45064638
v 0.06943200 0.31283560 0.45325926
v 0.05385504 0.31491597 0.45521362
v 0.11614269 0.29447099 0.44095957
v 0.03829827 0.31581267 0.45493746
v 0.02272131 0.31561541 0.45359915
v 0.00718471 0.31407308 0.45187847
v -0.05191490 0.29597745 0.44964795
v -0.06228608 0.29404056 0.44856456
v -0.05629340 0.28797881 0.45260074
v -0.03950580 0.28657993 0.45621203
v -0.00839224 0.22485041 0.46674854
v 0.00718471 0.22485041 0.46795937
v -0.00839224 0.21617025 0.46466672
v 0.00718471 0.21500454 0.46528279
v 0.03829827 0.21260135 0.46642993
v -0.01710888 0.21686969 0.46430561
v 0.06943200 0.20262994 0.46360459
v 0.08498878 0.20209190 0.46394447
v -0.02394902 0.24027382 0.46672728
v -0.03522819 0.23006926 0.46475172
v -0.07063953 0.28412294 0.45107124
v -0.08250384 0.28100241 0.44962669
v -0.08998967 0.27872474 0.44875574
v -0.08998967 0.27494063 0.44979665
v -0.07063953 0.27115651 0.45531982
v -0.07063953 0.25571518 0.45808141
v -0.05508276 0.25571518 0.46167148
v -0.04557920 0.24027382 0.46388075
v -0.03779072 0.24027382 0.46502788
v 0.00682152 0.13950154 0.41973785
v -0.08998967 0.13950154 0.25542340
v 0.11614269 0.17847256 0.33895080
v 0.08811628 0.30752709 0.44095957
v 0.08032781 0.31098840 0.44095957
v 0.06943200 0.31477251 0.44095957
v 0.05385504 0.31886149 0.44095957
v 0.03829827 0.32097773 0.44095957
v 0.11614269 0.29203193 0.42536723
v 0.02272131 0.32169511 0.44095957
v 0.00718471 0.32103153 0.44095957
v -0.00839224 0.31891530 0.44095957
v -0.00839224 0.31158021 0.44996661
v -0.01722995 0.31010961 0.44892570
v -0.03950580 0.31509532 0.43847414
v -0.05508276 0.31315843 0.43645608
v -0.05629340 0.30148325 0.44501697
v -0.08621649 0.30053275 0.43775187
v -0.08998967 0.29979745 0.43722080
v -0.07063953 0.29185258 0.44750240
v -0.02296033 0.22490421 0.46528279
v 0.05385504 0.20361631 0.46296729
v -0.02748007 0.21977503 0.46345588
v -0.05508276 0.21122042 0.45311056
v -0.05508276 0.13950154 0.41236652
v -0.03954615 0.13950154 0.41529806
v -0.03099093 0.13950154 0.41636019
v -0.02566410 0.13950154 0.41701874
v -0.00839224 0.13950154 0.41856946
v -0.05508276 0.24027382 0.46199014
v -0.05508276 0.22485041 0.45952593
v -0.04005059 0.22490421 0.46262741
v -0.08710429 0.28631092 0.44597293
v -0.08998967 0.28211431 0.44720502
v -0.08998967 0.27083371 0.45075258
v -0.08710429 0.27208910 0.45115619
v -0.07063953 0.24027382 0.45818761
v -0.08621649 0.25571518 0.45415146
v -0.08998967 0.14766161 0.25574204
v 0.11614269 0.19369870 0.33926943
v 0.11614269 0.17852637 0.33895080
v -0.08998967 0.13950154 0.40253103
v 0.07822935 0.31021721 0.43184633
v 0.06864509 0.31154435 0.42619570
v 0.05385504 0.31532847 0.42547343
v 0.03829827 0.31818000 0.42547343
v 0.02272131 0.32017069 0.42547343
v 0.00718471 0.32180271 0.42547343
v -0.00839224 0.32271736 0.42547343
v 0.11614269 0.28772772 0.40998732
v -0.02394902 0.32252007 0.42547343
v -0.03950580 0.32126468 0.42547343
v -0.05508276 0.31945333 0.42547343
v -0.06783487 0.31129326 0.43465042
v -0.07820606 0.30966126 0.43314218
v -0.08621649 0.31453937 0.42407141
v -0.07207213 0.30352777 0.43932387
v -0.08998967 0.28636472 0.44516568
v -0.08998967 0.30564400 0.43271731
v -0.07063953 0.21398229 0.45098626
v -0.07063953 0.13950154 0.40850029
v -0.08998967 0.23657939 0.45253699
v -0.08998967 0.22646449 0.45051892
v -0.07063953 0.22485041 0.45536233
v -0.08099055 0.21602678 0.44945676
v -0.08998967 0.25571518 0.45317428
v -0.08621649 0.24027382 0.45408774
v -0.08998967 0.15162506 0.25593322
v 0.11614269 0.20117726 0.34045904
v -0.08998967 0.16310296 0.25659177
v -0.08998967 0.16615176 0.25682545
v -0.08998967 0.17854430 0.25795131
v -0.08998967 0.18023011 0.25816374
v -0.08998967 0.19382424 0.25994815
v -0.08998967 0.19398565 0.25996940
v -0.08486460 0.13950154 0.40425171
v -0.08998967 0.22083316 0.44860704
v 0.07332624 0.30840584 0.42152226
v 0.06295506 0.31018136 0.41650890
v 0.05254351 0.31113186 0.41081579
v 0.04647012 0.30985852 0.40197871
v 0.03829827 0.31400133 0.41000854
v 0.02272131 0.31649420 0.41000854
v -0.00839224 0.31679906 0.39452243
v -0.08621649 0.31895115 0.36359265
v -0.08998967 0.31930984 0.36359265
v -0.08621649 0.32216138 0.39452243
v -0.08621649 0.32101359 0.37905754
v -0.08998967 0.32113913 0.37905754
v 0.11614269 0.28168391 0.39454365
v 0.09229300 0.29411230 0.40276471
v -0.07063953 0.32200000 0.41000854
v -0.08621649 0.32097773 0.41000854
v -0.08998967 0.32033209 0.41000854
v -0.08621649 0.30824444 0.43180386
v -0.08998967 0.31401925 0.42334914
v -0.08998967 0.30750914 0.43108158
v -0.07699542 0.13950154 0.40660969
v -0.08998967 0.24027382 0.45306808
v -0.08619631 0.22468900 0.45098626
v 0.11614269 0.20894277 0.34245588
v -0.08998967 0.20940906 0.26330455
v 0.06864509 0.30603855 0.41081579
v 0.05684130 0.30826238 0.40618482
v 0.05254351 0.30539291 0.39590322
v 0.03829827 0.30776023 0.39176084
v 0.02782620 0.30908737 0.38855314
v 0.01745501 0.31032482 0.38538794
v 0.03829827 0.31071937 0.39949329
v 0.02268096 0.31201064 0.39403384
v 0.00718471 0.31475457 0.39452243
v -0.08998967 0.31581267 0.34812776
v -0.08998967 0.32205377 0.39452243
v 0.11614269 0.28155836 0.39424627
v 0.08192182 0.29610299 0.39845238
v 0.11614269 0.22485041 0.34766042
v -0.08998967 0.21400022 0.26464284
v -0.08998967 0.22117390 0.26678839
v -0.08998967 0.22452760 0.26787180
v 0.06997679 0.29839857 0.39377893
v 0.06515439 0.29565464 0.38462319
v 0.03829827 0.30151913 0.37905754
v 0.02268096 0.30641515 0.37975856
v 0.00718471 0.30820858 0.37485143
v -0.00209689 0.30939223 0.37228102
v -0.01246808 0.31052210 0.36954069
v 0.00718471 0.31122154 0.38258388
v -0.00772639 0.31231551 0.37808036
v -0.08998967 0.31159815 0.33608298
v 0.11614269 0.27840194 0.38783089
v 0.07554575 0.29362807 0.38812830
v 0.11614269 0.23923363 0.35339603
v -0.08998967 0.23977167 0.27354368
v 0.04614728 0.29432751 0.37128262
v 0.05234174 0.29703558 0.37929122
v 0.03829827 0.29578019 0.36907335
v 0.02185368 0.29780676 0.36338022
v 0.00718471 0.30248758 0.36359265
v -0.00772639 0.30677385 0.36405999
v -0.08998967 0.30759883 0.32856297
v 0.11614269 0.27334449 0.38003472
v 0.11614269 0.23986133 0.35367219
v -0.08998967 0.25193106 0.27938549
v 0.11614269 0.24633557 0.35660370
v 0.01610312 0.29474000 0.35532914
v 0.00718471 0.29630028 0.35320482
v -0.00970377 0.29780676 0.34787285
v -0.01575699 0.29445305 0.34020414
v -0.08998967 0.29954636 0.31707053
v 0.11614269 0.26534585 0.36947696
v -0.08998967 0.25698851 0.28204084
v 0.11614269 0.25458531 0.36168079
v -0.08998967 0.27067230 0.29002820
v -0.00538581 0.29226507 0.34254086
v -0.01618072 0.27885029 0.32490918
v -0.08998967 0.28609572 0.30224293
v -0.08998967 0.29389710 0.30989040
v -0.08998967 0.29673069 0.31343799
v 0.01642596 0.27958559 0.33975802
v 0.00718471 0.28173771 0.33780366
v -0.08998967 0.27773839 0.29468042
v -0.08998967 0.28365665 0.29992744
f 5221 5222 5223
f 5221 5223 5224
f 5221 5224 5225
f 5221 5225 5232
f 5221 5232 5244
f 5221 5244 5277
f 5221 5277 5301
f 5221 5301 5334
f 5221 5334 5372
f 5221 5372 5371
f 5221 5371 5400
f 5221 5400 5432
f 5221 5432 5447
f 5221 5447 5463
f 5221 5463 5473
f 5221 5473 5475
f 5221 5475 5483
f 5221 5483 5481
f 5221 5481 5472
f 5221 5472 5461
f 5221 5461 5445
f 5221 5445 5421
f 5221 5421 5381
f 5221 5381 5340
f 5221 5340 5305
f 5221 5305 5280
f 5221 5280 5278
f 5221 5278 5246
f 5221 5246 5234
f 5221 5234 5226
f 5221 5226 5222
f 5222 5227 5223
f 5222 5226 5227
f 5223 5228 5229
f 5223 5229 5224
f 5223 5227 5230
f 5223 5230 5228
f 5224 5229 5225
f 5225 5229 5231
f 5225 5231 5232
f 5226 5233 5227
f 5226 5234 5233
f 5227 5233 5235
f 5227 5235 5236
f 5227 5236 5230
f 5228 5230 5237
f 5228 5237 5238
f 5228 5238 5239
f 5228 5239 5229
f 5229 5239 5240
f 5229 5240 5231
f 5230 5241 5237
f 5230 5236 5242
f 5230 5242 5241
f 5231 5240 5232
f 5232 5240 5243
f 5232 5243 5267
f 5232 5267 5244
f 5233 5234 5245
f 5233 5245 5235
f 5234 5246 5247
f 5234 5247 5245
f 5235 5245 5248
f 5235 5248 5249
f 5235 5249 5236
f 5236 5249 5250
f 5236 5250 5251
f 5236 5251 5242
f 5237 5241 5252
f 5237 5252 5253
f 5237 5253 5254
f 5237 5254 5238
f 5238 5254 5255
f 5238 5255 5256
f 5238 5256 5239
f 5239 5256 5240
f 5240 5256 5243
f 5241 5257 5258
f 5241 5258 5259
f 5241 5259 5252
f 5241 5242 5257
f 5242 5251 5260
f 5242 5260 5261
f 5242 5261 5262
f 5242 5262 5263
f 5242 5263 5257
f 5243 5264 5265
f 5243 5265 5266
f 5243 5266 5267
f 5243 5256 5264
f 5244 5267 5268
f 5244 5268 5269
f 5244 5269 5270
f 5244 5270 5271
f 5244 5271 5272
f 5244 5272 5273
f 5244 5273 5274
f 5244 5274 5275
f 5244 5275 5276
f 5244 5276 5277
f 5245 5247 5248
f 5246 5278 5247
f 5247 5278 5248
f 5248 5279 5249
f 5248 5278 5280
f 5248 5280 5281
f 5248 5281 5282
f 5248 5282 5283
f 5248 5283 5279
f 5249 5279 5284
f 5249 5284 5250
f 5250 5284 5251
f 5251 5284 5285
f 5251 5285 5260
f 5252 5259 5286
f 5252 5286 5253
f 5253 5287 5254
f 5253 5286 5288
f 5253 5288 5287
f 5254 5287 5255
f 5255 5287 5289
f 5255 5289 5290
f 5255 5290 5256
f 5256 5290 5264
f 5257 5263 5291
f 5257 5291 5258
f 5258 5291 5292
f 5258 5292 5286
f 5258 5286 5259
f 5260 5285 5293
f 5260 5293 5294
f 5260 5294 5262
f 5260 5262 5261
f 5262 5295 5296
f 5262 5296 5297
f 5262 5297 5291
f 5262 5291 5263
f 5262 5294 5293
f 5262 5293 5295
f 5264 5290 5266
f 5264 5266 5265
f 5266 5290 5298
f 5266 5298 5299
f 5266 5299 5267
f 5267 5299 5300
f 5267 5300 5268
f 5268 5300 5299
f 5268 5299 5332
f 5268 5332 5360
f 5268 5360 5359
f 5268 5359 5358
f 5268 5358 5357
f 5268 5357 5356
f 5268 5356 5392
f 5268 5392 5429
f 5268 5429 5407
f 5268 5407 5373
f 5268 5373 5333
f 5268 5333 5301
f 5268 5301 5277
f 5268 5277 5276
f 5268 5276 5275
f 5268 5275 5274
f 5268 5274 5273
f 5268 5273 5272
f 5268 5272 5271
f 5268 5271 5270
f 5268 5270 5269
f 5279 5283 5302
f 5279 5302 5303
f 5279 5303 5304
f 5279 5304 5284
f 5280 5305 5281
f 5281 5302 5282
f 5281 5305 5302
f 5282 5302 5283
f 5284 5304 5306
f 5284 5306 5307
f 5284 5307 5285
f 5285 5307 5308
f 5285 5308 5309
f 5285 5309 5310
f 5285 5310 5311
f 5285 5311 5312
f 5285 5312 5293
f 5286 5292 5313
f 5286 5313 5314
f 5286 5314 5288
f 5287 5288 5315
f 5287 5315 5316
f 5287 5316 5317
f 5287 5317 5289
f 5288 5314 5318
f 5288 5318 5315
f 5289 5317 5319
f 5289 5319 5290
f 5290 5319 5320
f 5290 5320 5298
f 5291 5297 5321
f 5291 5321 5292
f 5292 5321 5322
f 5292 5322 5313
f 5293 5312 5311
f 5293 5311 5323
f 5293 5323 5324
f 5293 5324 5325
f 5293 5325 5326
f 5293 5326 5327
f 5293 5327 5328
f 5293 5328 5329
f 5293 5329 5295
f 5295 5329 5330
f 5295 5330 5331
f 5295 5331 5321
f 5295 5321 5296
f 5296 5321 5297
f 5298 5320 5299
f 5299 5320 5319
f 5299 5319 5332
f 5301 5333 5334
f 5302 5305 5335
f 5302 5335 5336
f 5302 5336 5337
f 5302 5337 5338
f 5302 5338 5303
f 5303 5338 5304
f 5304 5338 5339
f 5304 5339 5306
f 5305 5340 5335
f 5306 5339 5341
f 5306 5341 5342
f 5306 5342 5307
f 5307 5342 5343
f 5307 5343 5308
f 5308 5344 5345
f 5308 5345 5310
f 5308 5310 5309
f 5308 5343 5346
f 5308 5346 5347
f 5308 5347 5344
f 5310 5345 5348
f 5310 5348 5349
f 5310 5349 5350
f 5310 5350 5351
f 5310 5351 5324
f 5310 5324 5323
f 5310 5323 5311
f 5313 5322 5352
f 5313 5352 5318
f 5313 5318 5314
f 5315 5318 5353
f 5315 5353 5316
f 5316 5353 5317
f 5317 5353 5319
f 5318 5352 5322
f 5318 5322 5354
f 5318 5354 5355
f 5318 5355 5356
f 5318 5356 5357
f 5318 5357 5358
f 5318 5358 5359
f 5318 5359 5353
f 5319 5353 5360
f 5319 5360 5332
f 5321 5331 5322
f 5322 5331 5330
f 5322 5330 5361
f 5322 5361 5362
f 5322 5362 5363
f 5322 5363 5354
f 5324 5351 5364
f 5324 5364 5365
f 5324 5365 5325
f 5325 5365 5389
f 5325 5389 5350
f 5325 5350 5390
f 5325 5390 5428
f 5325 5428 5427
f 5325 5427 5425
f 5325 5425 5444
f 5325 5444 5420
f 5325 5420 5417
f 5325 5417 5443
f 5325 5443 5460
f 5325 5460 5471
f 5325 5471 5480
f 5325 5480 5489
f 5325 5489 5488
f 5325 5488 5487
f 5325 5487 5493
f 5325 5493 5492
f 5325 5492 5484
f 5325 5484 5482
f 5325 5482 5474
f 5325 5474 5464
f 5325 5464 5450
f 5325 5450 5449
f 5325 5449 5448
f 5325 5448 5433
f 5325 5433 5406
f 5325 5406 5405
f 5325 5405 5404
f 5325 5404 5403
f 5325 5403 5402
f 5325 5402 5401
f 5325 5401 5399
f 5325 5399 5370
f 5325 5370 5333
f 5325 5333 5373
f 5325 5373 5408
f 5325 5408 5394
f 5325 5394 5393
f 5325 5393 5430
f 5325 5430 5397
f 5325 5397 5366
f 5325 5366 5326
f 5326 5366 5367
f 5326 5367 5327
f 5327 5367 5366
f 5327 5366 5328
f 5328 5368 5361
f 5328 5361 5329
f 5328 5366 5369
f 5328 5369 5368
f 5329 5361 5330
f 5333 5370 5371
f 5333 5371 5372
f 5333 5372 5334
f 5335 5340 5374
f 5335 5374 5336
f 5336 5374 5337
f 5337 5374 5375
f 5337 5375 5376
f 5337 5376 5338
f 5338 5376 5377
f 5338 5377 5339
f 5339 5377 5378
f 5339 5378 5379
f 5339 5379 5380
f 5339 5380 5341
f 5340 5381 5374
f 5341 5380 5382
f 5341 5382 5342
f 5342 5382 5383
f 5342 5383 5384
f 5342 5384 5343
f 5343 5384 5346
f 5344 5347 5345
f 5345 5347 5385
f 5345 5385 5386
f 5345 5386 5348
f 5346 5384 5387
f 5346 5387 5347
f 5347 5387 5385
f 5348 5386 5388
f 5348 5388 5349
f 5349 5388 5386
f 5349 5386 5350
f 5350 5389 5351
f 5350 5386 5390
f 5351 5389 5364
f 5353 5359 5360
f 5354 5363 5362
f 5354 5362 5391
f 5354 5391 5355
f 5355 5391 5356
f 5356 5391 5392
f 5361 5368 5362
f 5362 5368 5393
f 5362 5393 5394
f 5362 5394 5395
f 5362 5395 5396
f 5362 5396 5391
f 5364 5389 5365
f 5366 5397 5369
f 5368 5369 5397
f 5368 5397 5398
f 5368 5398 5393
f 5370 5399 5371
f 5371 5399 5401
f 5371 5401 5402
f 5371 5402 5403
f 5371 5403 5404
f 5371 5404 5405
f 5371 5405 5406
f 5371 5406 5400
f 5373 5407 5396
f 5373 5396 5408
f 5374 5381 5409
f 5374 5409 5375
f 5375 5409 5410
f 5375 5410 5376
f 5376 5410 5411
f 5376 5411 5412
f 5376 5412 5413
f 5376 5413 5377
f 5377 5413 5414
f 5377 5414 5415
f 5377 5415 5378
f 5378 5415 5416
f 5378 5416 5379
f 5379 5416 5417
f 5379 5417 5380
f 5380 5418 5382
f 5380 5417 5419
f 5380 5419 5420
f 5380 5420 5418
f 5381 5421 5422
f 5381 5422 5409
f 5382 5418 5423
f 5382 5423 5424
f 5382 5424 5383
f 5383 5424 5384
f 5384 5424 5425
f 5384 5425 5387
f 5385 5387 5386
f 5386 5426 5390
f 5386 5387 5427
f 5386 5427 5426
f 5387 5425 5427
f 5390 5426 5428
f 5391 5396 5392
f 5392 5396 5429
f 5393 5398 5430
f 5394 5408 5431
f 5394 5431 5395
f 5395 5431 5396
f 5396 5431 5408
f 5396 5407 5429
f 5397 5430 5398
f 5400 5406 5433
f 5400 5433 5432
f 5409 5422 5434
f 5409 5434 5410
f 5410 5434 5435
f 5410 5435 5412
f 5410 5412 5411
f 5412 5436 5437
f 5412 5437 5438
f 5412 5438 5439
f 5412 5439 5440
f 5412 5440 5413
f 5412 5435 5436
f 5413 5440 5439
f 5413 5439 5441
f 5413 5441 5442
f 5413 5442 5414
f 5414 5442 5415
f 5415 5442 5443
f 5415 5443 5416
f 5416 5443 5417
f 5417 5420 5419
f 5418 5444 5423
f 5418 5420 5444
f 5421 5445 5422
f 5422 5445 5446
f 5422 5446 5434
f 5423 5444 5424
f 5424 5444 5425
f 5426 5427 5428
f 5432 5433 5448
f 5432 5448 5449
f 5432 5449 5450
f 5432 5450 5447
f 5434 5446 5451
f 5434 5451 5435
f 5435 5451 5436
f 5436 5451 5452
f 5436 5452 5453
f 5436 5453 5437
f 5437 5453 5454
f 5437 5454 5438
f 5438 5454 5455
f 5438 5455 5439
f 5439 5455 5456
f 5439 5456 5457
f 5439 5457 5458
f 5439 5458 5441
f 5441 5458 5442
f 5442 5458 5459
f 5442 5459 5443
f 5443 5459 5457
f 5443 5457 5460
f 5445 5451 5446
f 5445 5461 5462
f 5445 5462 5451
f 5447 5450 5464
f 5447 5464 5463
f 5451 5462 5452
f 5452 5462 5461
f 5452 5461 5465
f 5452 5465 5466
f 5452 5466 5453
f 5453 5466 5467
f 5453 5467 5468
f 5453 5468 5469
f 5453 5469 5454
f 5454 5469 5455
f 5455 5469 5470
f 5455 5470 5456
f 5456 5470 5457
f 5457 5459 5458
f 5457 5470 5460
f 5460 5470 5471
f 5461 5472 5465
f 5463 5464 5473
f 5464 5474 5475
f 5464 5475 5473
f 5465 5467 5466
f 5465 5472 5476
f 5465 5476 5467
f 5467 5476 5468
f 5468 5476 5477
f 5468 5477 5469
f 5469 5477 5478
f 5469 5478 5470
f 5470 5478 5471
f 5471 5478 5479
f 5471 5479 5480
f 5472 5481 5476
f 5474 5482 5475
f 5475 5482 5484
f 5475 5484 5483
f 5476 5481 5485
f 5476 5485 5479
f 5476 5479 5477
f 5477 5479 5478
f 5479 5485 5486
f 5479 5486 5487
f 5479 5487 5488
f 5479 5488 5489
f 5479 5489 5480
f 5481 5490 5491
f 5481 5491 5485
f 5481 5483 5486
f 5481 5486 5490
f 5483 5484 5492
f 5483 5492 5486
f 5485 5491 5486
f 5486 5492 5493
f 5486 5493 5487
f 5486 5491 5490

o geometry_25
v 0.13337645 0.11782651 -0.33349373
v 0.13337645 0.16464335 -0.33763979
v 0.06451771 0.16464335 -0.33553072
v 0.06451771 0.11782651 -0.34091158
v 0.13337645 0.11782651 -0.40859153
v 0.13337645 0.16464335 -0.42194004
v 0.06451771 0.16464335 -0.42543716
v 0.06451771 0.11782651 -0.41700081
v 0.13169796 0.11782651 -0.40891600
v 0.11613311 0.11782651 -0.41190837
v 0.13169796 0.16464335 -0.42222846
v 0.06943860 0.16464335 -0.42556334
v 0.08501018 0.16464335 -0.42529294
v 0.10056827 0.16464335 -0.42477017
v 0.11560058 0.16464335 -0.42408517
v 0.06732195 0.11782651 -0.41686561
v 0.10056827 0.11782651 -0.41407154
v 0.12941277 0.16464335 -0.42249886
v 0.08499670 0.11782651 -0.41544154
v 0.08383725 0.11782651 -0.41554069
v 0.06831960 0.11782651 -0.41681154
f 5494 5495 5496
f 5494 5496 5497
f 5494 5497 5501
f 5494 5501 5509
f 5494 5509 5514
f 5494 5514 5513
f 5494 5513 5512
f 5494 5512 5510
f 5494 5510 5503
f 5494 5503 5502
f 5494 5502 5498
f 5494 5498 5499
f 5494 5499 5495
f 5495 5499 5504
f 5495 5504 5511
f 5495 5511 5508
f 5495 5508 5507
f 5495 5507 5506
f 5495 5506 5505
f 5495 5505 5500
f 5495 5500 5496
f 5496 5500 5501
f 5496 5501 5497
f 5498 5502 5499
f 5499 5502 5503
f 5499 5503 5504
f 5500 5505 5501
f 5501 5505 5506
f 5501 5506 5507
f 5501 5507 5508
f 5501 5508 5509
f 5503 5510 5504
f 5504 5510 5511
f 5508 5511 5510
f 5508 5510 5512
f 5508 5512 5513
f 5508 5513 5514
f 5508 5514 5509

o geometry_26
v -0.02173019 0.05272634 -0.28861716
v -0.01681036 0.04219274 -0.28861716
v -0.02173019 0.11782195 -0.29844130
v -0.02173019 -0.22164548 -0.28861716
v -0.01681036 0.11782195 -0.30172424
v -0.02143688 0.11782195 -0.29862642
v -0.01681036 -0.22134642 -0.28861716
v -0.02173019 0.11782195 -0.41413399
v -0.02173019 -0.21858841 -0.30183532
v -0.01681036 -0.21629562 -0.31330091
v -0.01681036 -0.21888747 -0.30183532
v -0.01681036 0.11782195 -0.41470172
v -0.02173019 0.11456550 -0.41368968
v -0.02173019 -0.21609623 -0.31248635
v -0.01681036 -0.21337146 -0.32103925
v -0.01681036 0.10968084 -0.41359095
v -0.01681036 0.03109426 -0.40250796
v -0.02015623 0.03956765 -0.40313740
v -0.02173019 0.04398711 -0.40349530
v -0.02173019 -0.21290624 -0.32022469
v -0.01681036 -0.20562910 -0.33323301
v -0.02173019 0.02624283 -0.40079243
v -0.02173019 0.03491560 -0.40215003
v -0.02173019 0.04076390 -0.40302632
v -0.01681036 -0.06600087 -0.38710530
v -0.01807223 -0.06314317 -0.38732745
v -0.02173019 -0.20439963 -0.33349221
v -0.01681036 -0.20034570 -0.34040365
v -0.02173019 -0.02439816 -0.39275787
v -0.01681036 -0.07214823 -0.38605623
v -0.02173019 -0.08387806 -0.38309419
v -0.02173019 -0.06929054 -0.38556255
v -0.02173019 -0.06663221 -0.38600687
v -0.02173019 -0.06081714 -0.38695721
v -0.02173019 -0.20313692 -0.33519537
v -0.01681036 -0.20001340 -0.34084797
v -0.01681036 -0.08384484 -0.38401982
v -0.01681036 -0.08524046 -0.38377300
v -0.02173019 -0.08610441 -0.38269924
v -0.02173019 -0.19921591 -0.34011980
v -0.01724961 -0.19994696 -0.34079860
v -0.01681036 -0.19243719 -0.34648819
v -0.01681036 -0.09098907 -0.38274861
v -0.01681036 -0.09932955 -0.38123057
v -0.02173019 -0.09932955 -0.38028025
v -0.02173019 -0.19429803 -0.34388405
v -0.02173019 -0.19247043 -0.34525400
v -0.01681036 -0.19180585 -0.34695719
v -0.01681036 -0.10640733 -0.37976189
v -0.02173019 -0.10152266 -0.37982359
v -0.02173019 -0.18030861 -0.35368351
v -0.01681036 -0.18140516 -0.35432529
v -0.01681036 -0.11474781 -0.37800933
v -0.02173019 -0.11474781 -0.37704668
v -0.02173019 -0.17399510 -0.35718860
v -0.01681036 -0.17821517 -0.35611487
v -0.01681036 -0.12185882 -0.37634319
v -0.02173019 -0.11697414 -0.37652831
v -0.02173019 -0.17276563 -0.35784272
v -0.01681036 -0.17758383 -0.35644809
v -0.01681036 -0.13009960 -0.37435615
v -0.02173019 -0.13003314 -0.37339347
v -0.02173019 -0.16106902 -0.36296460
v -0.01681036 -0.16106902 -0.36408772
v -0.01681036 -0.17422769 -0.35821298
v -0.01681036 -0.13943694 -0.37196181
v -0.01793304 -0.13910466 -0.37185074
v -0.02173019 -0.13285761 -0.37267764
v -0.02173019 -0.14664765 -0.36833332
v -0.01681036 -0.14781065 -0.36903680
v -0.01681036 -0.14033413 -0.37166562
v -0.02173019 -0.14302568 -0.36964156
v -0.02173019 -0.13760934 -0.37143114
v -0.02173019 -0.14535170 -0.36881466
v -0.01681036 -0.14697992 -0.36933299
f 5515 5516 5517
f 5515 5517 5522
f 5515 5522 5527
f 5515 5527 5533
f 5515 5533 5538
f 5515 5538 5537
f 5515 5537 5536
f 5515 5536 5543
f 5515 5543 5548
f 5515 5548 5547
f 5515 5547 5546
f 5515 5546 5545
f 5515 5545 5553
f 5515 5553 5559
f 5515 5559 5564
f 5515 5564 5568
f 5515 5568 5572
f 5515 5572 5576
f 5515 5576 5582
f 5515 5582 5587
f 5515 5587 5586
f 5515 5586 5588
f 5515 5588 5583
f 5515 5583 5577
f 5515 5577 5573
f 5515 5573 5569
f 5515 5569 5565
f 5515 5565 5561
f 5515 5561 5560
f 5515 5560 5554
f 5515 5554 5549
f 5515 5549 5541
f 5515 5541 5534
f 5515 5534 5528
f 5515 5528 5523
f 5515 5523 5518
f 5515 5518 5521
f 5515 5521 5516
f 5516 5519 5520
f 5516 5520 5517
f 5516 5521 5525
f 5516 5525 5524
f 5516 5524 5529
f 5516 5529 5535
f 5516 5535 5542
f 5516 5542 5550
f 5516 5550 5556
f 5516 5556 5562
f 5516 5562 5566
f 5516 5566 5570
f 5516 5570 5574
f 5516 5574 5579
f 5516 5579 5578
f 5516 5578 5584
f 5516 5584 5589
f 5516 5589 5585
f 5516 5585 5580
f 5516 5580 5575
f 5516 5575 5571
f 5516 5571 5567
f 5516 5567 5563
f 5516 5563 5558
f 5516 5558 5557
f 5516 5557 5552
f 5516 5552 5551
f 5516 5551 5544
f 5516 5544 5539
f 5516 5539 5531
f 5516 5531 5530
f 5516 5530 5526
f 5516 5526 5519
f 5517 5520 5519
f 5517 5519 5526
f 5517 5526 5522
f 5518 5523 5524
f 5518 5524 5525
f 5518 5525 5521
f 5522 5526 5530
f 5522 5530 5527
f 5523 5528 5524
f 5524 5528 5529
f 5527 5530 5531
f 5527 5531 5532
f 5527 5532 5533
f 5528 5534 5529
f 5529 5534 5535
f 5531 5536 5537
f 5531 5537 5538
f 5531 5538 5532
f 5531 5539 5540
f 5531 5540 5536
f 5532 5538 5533
f 5534 5541 5535
f 5535 5541 5542
f 5536 5540 5543
f 5539 5544 5545
f 5539 5545 5546
f 5539 5546 5547
f 5539 5547 5540
f 5540 5547 5548
f 5540 5548 5543
f 5541 5549 5542
f 5542 5549 5550
f 5544 5551 5545
f 5545 5551 5552
f 5545 5552 5553
f 5549 5554 5555
f 5549 5555 5550
f 5550 5555 5556
f 5552 5557 5553
f 5553 5557 5558
f 5553 5558 5559
f 5554 5560 5555
f 5555 5560 5561
f 5555 5561 5556
f 5556 5561 5562
f 5558 5563 5559
f 5559 5563 5564
f 5561 5565 5566
f 5561 5566 5562
f 5563 5567 5568
f 5563 5568 5564
f 5565 5569 5570
f 5565 5570 5566
f 5567 5571 5572
f 5567 5572 5568
f 5569 5573 5570
f 5570 5573 5574
f 5571 5575 5576
f 5571 5576 5572
f 5573 5577 5578
f 5573 5578 5579
f 5573 5579 5574
f 5575 5580 5581
f 5575 5581 5576
f 5576 5581 5582
f 5577 5583 5584
f 5577 5584 5578
f 5580 5585 5581
f 5581 5585 5586
f 5581 5586 5587
f 5581 5587 5582
f 5583 5588 5584
f 5584 5588 5589
f 5585 5589 5586
f 5586 5589 5588

o geometry_27
v -0.09515537 -0.22491628 0.20110113
v -0.09400487 -0.22494302 0.20110113
v -0.09515537 -0.22478266 0.20439675
v -0.09515537 0.03520643 0.20110113
v -0.08622403 -0.22510337 0.20110113
v -0.09515537 -0.22456885 0.20884281
v -0.08622403 -0.22475593 0.20884281
v -0.09515537 0.04544243 0.24526336
v -0.08622403 0.03790575 0.20110113
v -0.07843772 -0.22521027 0.20110113
v -0.09515537 -0.22422141 0.21542975
v -0.07065688 -0.22494302 0.20884281
v -0.07065688 -0.22416797 0.22431324
v -0.08622403 -0.22390070 0.22431324
v -0.09196561 0.04391906 0.24528500
v -0.03945714 0.03619529 0.24528500
v -0.03945714 0.03876098 0.23978798
v -0.03945714 0.03878770 0.23971877
v -0.03945714 0.04317073 0.22424403
v -0.03945714 0.04608386 0.20914125
v -0.03945714 0.04755378 0.20110113
v -0.04417909 0.04680545 0.20110113
v -0.04722709 0.04627094 0.20110113
v -0.05532964 0.04480102 0.20110113
v -0.07065688 0.04180773 0.20110113
v -0.09515537 0.02959401 0.24528500
v -0.07065688 -0.22529045 0.20110113
v -0.09515537 -0.22371363 0.22431324
v -0.05509517 -0.22430159 0.22431324
v -0.05509517 -0.22504992 0.20884281
v -0.05509517 -0.22347310 0.23978798
v -0.06513340 -0.22301876 0.24528500
v -0.07065688 -0.22325929 0.23978798
v -0.03945714 -0.22323255 0.24528500
v -0.03945714 -0.21075158 0.20110113
v -0.09515537 -0.22221698 0.24528500
v -0.05509517 -0.22539736 0.20110113
v -0.07065688 -0.22291185 0.24528500
v -0.09515537 -0.22328601 0.23090016
v -0.03945714 -0.22432832 0.22437811
v -0.03945714 -0.22352654 0.23985284
v -0.04956625 -0.22320583 0.24528500
v -0.03945714 -0.22510337 0.20890769
v -0.03952802 -0.22547753 0.20110113
v -0.05509517 -0.22315238 0.24528500
v -0.03952802 -0.22323255 0.24528500
v -0.03945714 -0.22545080 0.20113573
v -0.09515537 -0.22264459 0.23978798
v -0.08069510 -0.22267132 0.24528500
v -0.08622403 -0.22291185 0.23978798
f 5590 5591 5592
f 5590 5592 5595
f 5590 5595 5600
f 5590 5600 5617
f 5590 5617 5628
f 5590 5628 5637
f 5590 5637 5625
f 5590 5625 5615
f 5590 5615 5597
f 5590 5597 5593
f 5590 5593 5598
f 5590 5598 5614
f 5590 5614 5613
f 5590 5613 5612
f 5590 5612 5611
f 5590 5611 5610
f 5590 5610 5624
f 5590 5624 5633
f 5590 5633 5626
f 5590 5626 5616
f 5590 5616 5599
f 5590 5599 5594
f 5590 5594 5591
f 5591 5594 5592
f 5592 5594 5596
f 5592 5596 5595
f 5593 5597 5598
f 5594 5599 5596
f 5595 5596 5600
f 5596 5601 5602
f 5596 5602 5603
f 5596 5603 5600
f 5596 5599 5601
f 5597 5604 5605
f 5597 5605 5606
f 5597 5606 5607
f 5597 5607 5608
f 5597 5608 5609
f 5597 5609 5610
f 5597 5610 5611
f 5597 5611 5612
f 5597 5612 5613
f 5597 5613 5614
f 5597 5614 5598
f 5597 5615 5604
f 5599 5616 5601
f 5600 5603 5617
f 5601 5618 5602
f 5601 5616 5626
f 5601 5626 5619
f 5601 5619 5618
f 5602 5618 5620
f 5602 5620 5621
f 5602 5621 5622
f 5602 5622 5603
f 5603 5622 5617
f 5604 5615 5625
f 5604 5625 5638
f 5604 5638 5627
f 5604 5627 5621
f 5604 5621 5634
f 5604 5634 5631
f 5604 5631 5635
f 5604 5635 5623
f 5604 5623 5605
f 5605 5623 5630
f 5605 5630 5629
f 5605 5629 5632
f 5605 5632 5636
f 5605 5636 5624
f 5605 5624 5610
f 5605 5610 5609
f 5605 5609 5608
f 5605 5608 5607
f 5605 5607 5606
f 5617 5622 5627
f 5617 5627 5628
f 5618 5629 5630
f 5618 5630 5631
f 5618 5631 5620
f 5618 5619 5632
f 5618 5632 5629
f 5619 5626 5633
f 5619 5633 5632
f 5620 5631 5634
f 5620 5634 5621
f 5621 5627 5622
f 5623 5635 5630
f 5624 5636 5633
f 5625 5637 5638
f 5627 5638 5639
f 5627 5639 5628
f 5628 5639 5637
f 5630 5635 5631
f 5632 5633 5636
f 5637 5639 5638

o geometry_28
v 0.10351503 -0.21951705 -0.28862939
v 0.10351503 -0.21852644 -0.29933965
v 0.11614052 -0.21740371 -0.30183664
v 0.11614052 -0.21859247 -0.28862939
v 0.10351503 0.01235398 -0.28862939
v 0.10351503 -0.21829528 -0.30183664
v 0.13178903 -0.21601687 -0.30203250
v 0.13172234 -0.21733768 -0.28862939
v 0.12943287 -0.21753580 -0.28862939
v 0.12663214 -0.21542249 -0.31123717
v 0.18811475 0.11782193 -0.28862939
v 0.10351503 0.11782193 -0.34054037
v 0.10351503 -0.21608290 -0.31699009
v 0.11614052 -0.21581873 -0.31358731
v 0.13701261 -0.21482811 -0.30732028
v 0.14272521 -0.21545551 -0.29700174
v 0.14670402 -0.21588478 -0.28862939
v 0.11614052 -0.21443185 -0.32132316
v 0.13178903 -0.21380446 -0.31675755
v 0.14728195 -0.21179023 -0.31730834
v 0.17840113 -0.21066750 -0.30183664
v 0.31352509 0.11782193 -0.28862939
v 0.10351503 0.11782193 -0.41365149
v 0.10351503 -0.21512530 -0.32236357
v 0.16284153 -0.21254968 -0.30183664
v 0.14765981 -0.21426675 -0.30203250
v 0.15310568 -0.21489414 -0.29193428
v 0.14972701 -0.21558759 -0.28862939
v 0.10453752 -0.21482811 -0.32357537
v 0.10351503 -0.21426675 -0.32527677
v 0.11614052 -0.20977596 -0.33279230
v 0.20954253 -0.20660596 -0.30183664
v 0.16284153 -0.20954480 -0.31730834
v 0.26755760 -0.20010091 -0.29542276
v 0.27793807 -0.19947352 -0.29184861
v 0.17840113 -0.21225252 -0.28862939
v 0.31703708 0.11782193 -0.30183664
v 0.31492544 0.10359003 -0.28862939
v 0.10351503 0.11762381 -0.41363923
v 0.11509581 0.11782193 -0.41204800
v 0.15919615 -0.21456394 -0.28862939
v 0.10351503 -0.21162510 -0.33173963
v 0.10351503 -0.20505399 -0.34249880
v 0.11614052 -0.20270952 -0.34347803
v 0.13172234 -0.20746451 -0.33279230
v 0.16284153 -0.20363410 -0.32996477
v 0.23648287 -0.20036506 -0.31062516
v 0.28736273 -0.19491667 -0.30183664
v 0.30292231 -0.19204386 -0.30183664
v 0.28320609 -0.19891215 -0.28862939
v 0.27884940 -0.19960560 -0.28862939
v 0.27453716 -0.20019995 -0.28862939
v 0.31710377 0.11782193 -0.30287708
v 0.31845967 0.10131161 -0.30183664
v 0.31623689 0.08813638 -0.28862939
v 0.10351503 0.06753148 -0.40896346
v 0.11614052 0.11782193 -0.41190112
v 0.10351503 -0.20370016 -0.34453070
v 0.10351503 -0.19676580 -0.35079771
v 0.10351503 -0.19508177 -0.35225432
v 0.11614052 -0.19369490 -0.35121388
v 0.13172234 -0.20115758 -0.34196024
v 0.14657065 -0.20412944 -0.33367360
v 0.14092474 -0.20006789 -0.34090757
v 0.30292231 -0.18659544 -0.31400348
v 0.30292231 -0.19435531 -0.28862939
v 0.31263594 -0.18520860 -0.31155541
v 0.31808182 -0.18725588 -0.30156738
v 0.32766207 -0.18534066 -0.29623062
v 0.31779284 0.11782193 -0.31730834
v 0.31750386 0.07271572 -0.28862939
v 0.31874865 0.05726206 -0.28862939
v 0.32652843 -0.02611508 -0.29325622
v 0.31968222 0.08589097 -0.30183664
v 0.31788175 0.11676528 -0.31730834
v 0.10351503 0.05501666 -0.40778840
v 0.14728195 0.11782193 -0.40594010
v 0.11614052 0.05501666 -0.40594010
v 0.11047239 0.01278324 -0.40281885
v 0.10351503 -0.18735492 -0.35815413
v 0.11614052 -0.18600110 -0.35722385
v 0.13138894 -0.19075606 -0.35056516
v 0.12600975 -0.18484536 -0.35640376
v 0.30003269 -0.17285888 -0.32762688
v 0.28736273 -0.18167538 -0.32274302
v 0.30430045 -0.17741572 -0.32225341
v 0.32639507 -0.18580295 -0.28862939
v 0.31041316 -0.16681609 -0.32481164
v 0.31503656 -0.17652416 -0.31475014
v 0.32281636 -0.17652416 -0.30618194
v 0.32912912 -0.17652416 -0.29844609
v 0.32904021 -0.17741572 -0.28862939
v 0.32788436 -0.18408588 -0.28862939
v 0.32766207 -0.18534066 -0.28932710
v 0.31761504 0.11782193 -0.31836101
v 0.32741757 -0.05398451 -0.28862939
v 0.32755093 -0.05302692 -0.28942502
v 0.32879569 -0.08162280 -0.28862939
v 0.32730643 -0.03760627 -0.30183664
v 0.32617279 -0.01584566 -0.29883778
v 0.32403891 0.02414235 -0.30183664
v 0.32310534 0.03956299 -0.30183664
v 0.32201617 0.05501666 -0.30183664
v 0.32086032 0.07043730 -0.30183664
v 0.31899315 0.10131161 -0.31730834
v 0.10351503 0.05214386 -0.40750688
v 0.15984076 0.11782193 -0.40344311
v 0.12607644 0.04299714 -0.40284333
v 0.11745197 0.03853935 -0.40410406
v 0.11351762 0.02414235 -0.40341862
v 0.12129742 0.02414235 -0.40190083
v 0.13172234 0.00868868 -0.39820426
v 0.11585156 0.00806129 -0.40123984
v 0.11614052 -0.00673196 -0.39942829
v 0.10642690 0.00248080 -0.40224356
v 0.10351503 0.02074122 -0.40439785
v 0.10351503 0.03606280 -0.40591564
v 0.10351503 -0.17830726 -0.36303799
v 0.10351503 -0.17652416 -0.36398050
v 0.11614052 -0.17652416 -0.36220564
v 0.13138894 -0.17731665 -0.35913333
v 0.13636800 -0.18302924 -0.35532663
v 0.14728195 -0.17292491 -0.35799499
v 0.13172234 -0.16107049 -0.36624494
v 0.28736273 -0.16107049 -0.33509346
v 0.29578715 -0.13957406 -0.34089534
v 0.32446124 -0.16107049 -0.30733254
v 0.29689853 -0.13019619 -0.34164199
v 0.30470054 -0.13019619 -0.33517913
v 0.30607868 -0.11477553 -0.33602371
v 0.31274708 -0.13019619 -0.32744328
v 0.32968481 -0.16107049 -0.29959669
v 0.33059616 -0.16107049 -0.28862939
v 0.31450311 0.11782193 -0.33279230
v 0.32759538 -0.05639502 -0.28862939
v 0.32946255 -0.09707647 -0.28862939
v 0.32795105 -0.05302692 -0.30183664
v 0.32628393 -0.01426067 -0.30959698
v 0.32628393 -0.01426067 -0.30914409
v 0.31999341 0.08589097 -0.31730834
v 0.16706486 0.11782193 -0.40188859
v 0.16284153 0.02414235 -0.39350399
v 0.14728195 0.02414235 -0.39677216
v 0.12349799 0.03269470 -0.40232923
v 0.13172234 0.02414235 -0.39984447
v 0.14728195 0.00868868 -0.39511972
v 0.14728195 -0.00673196 -0.39332040
v 0.13172234 -0.00673196 -0.39639270
v 0.11614052 -0.02218563 -0.39748209
v 0.10351503 -0.00234021 -0.40191306
v 0.10351503 0.00545266 -0.40281885
v 0.11614052 -0.03760627 -0.39537675
v 0.10351503 -0.02509144 -0.39886524
v 0.10351503 -0.02218563 -0.39925692
v 0.10351503 -0.16675003 -0.36832576
v 0.11678514 -0.16050914 -0.36909690
v 0.11202835 -0.15496167 -0.37210803
v 0.12240882 -0.15251814 -0.37119001
v 0.13172234 -0.14990952 -0.37036989
v 0.28736273 -0.14908399 -0.33938978
v 0.14694852 -0.14492340 -0.36897451
v 0.14152489 -0.13927687 -0.37187545
v 0.14694852 -0.13016316 -0.37308723
v 0.14728195 -0.11477553 -0.37667364
v 0.16284153 -0.09932187 -0.37657571
v 0.16284153 -0.08390122 -0.37931754
v 0.17840113 -0.08390122 -0.37591473
v 0.20262963 -0.07739616 -0.37169185
v 0.20518585 -0.06844756 -0.37237730
v 0.19398295 -0.05302692 -0.37719998
v 0.20954253 -0.03760627 -0.37563320
v 0.20954253 -0.02218563 -0.37765287
v 0.28033869 0.07515926 -0.37191217
v 0.32526146 -0.14564985 -0.30804247
v 0.32019346 -0.13019619 -0.31730834
v 0.29829888 -0.11477553 -0.34271915
v 0.29932138 -0.09932187 -0.34363717
v 0.30712343 -0.09932187 -0.33685606
v 0.30801252 -0.08390122 -0.33772510
v 0.30883497 -0.06844756 -0.33854520
v 0.31352509 -0.11477553 -0.32828786
v 0.32592829 -0.13019619 -0.30886256
v 0.32341653 -0.05302692 -0.31839773
v 0.32659512 -0.06844756 -0.31041707
v 0.32666181 -0.05302692 -0.31064965
v 0.32661736 -0.03760627 -0.31056395
v 0.32906243 -0.11477553 -0.30140824
v 0.32866233 -0.08390122 -0.30183664
v 0.33015159 -0.12788474 -0.28862939
v 0.31430306 0.11782193 -0.33334309
v 0.32083808 0.07043730 -0.31730834
v 0.32157160 0.05501666 -0.31730834
v 0.32228288 0.03956299 -0.31730834
v 0.31454756 0.11676528 -0.33279230
v 0.32990709 -0.11477553 -0.28862939
v 0.32839560 -0.06844756 -0.30183664
v 0.32641731 -0.02218563 -0.31000090
v 0.32283860 0.02414235 -0.31730834
v 0.17742310 0.11782193 -0.39945278
v 0.28136119 0.08589097 -0.37259762
v 0.19709487 0.02414235 -0.38589056
v 0.18931506 0.02414235 -0.38764091
v 0.17840113 0.02414235 -0.39006449
v 0.18713672 0.01459938 -0.38715132
v 0.16284153 0.00868868 -0.39185155
v 0.16284153 -0.00673196 -0.39001554
v 0.14728195 -0.02218563 -0.39130076
v 0.13172234 -0.02218563 -0.39439755
v 0.13172234 -0.03760627 -0.39230445
v 0.10351503 -0.04054511 -0.39666200
v 0.10351503 -0.03760627 -0.39710264
v 0.14052463 -0.06204155 -0.38713906
v 0.11614052 -0.05302692 -0.39305110
v 0.10351503 -0.16374516 -0.36963550
v 0.10351503 -0.15628250 -0.37260987
v 0.10351503 -0.14802734 -0.37532722
v 0.10351503 -0.14581495 -0.37600043
v 0.11678514 -0.14667348 -0.37399302
v 0.13172234 -0.14218268 -0.37278124
v 0.13172234 -0.13019619 -0.37596371
v 0.13172234 -0.11477553 -0.37952563
v 0.14728195 -0.09932187 -0.37979490
v 0.14728195 -0.08390122 -0.38242657
v 0.14634836 -0.06768809 -0.38514391
v 0.16284153 -0.06844756 -0.38170438
v 0.17840113 -0.06844756 -0.37837503
v 0.19398295 -0.06844756 -0.37499671
v 0.15441713 -0.04440852 -0.38680858
v 0.19398295 -0.03760627 -0.37928082
v 0.19398295 -0.02218563 -0.38123925
v 0.19398295 -0.00673196 -0.38312427
v 0.20954253 -0.00673196 -0.37948891
v 0.19298269 0.00915097 -0.38521735
v 0.31416968 -0.09932187 -0.32912021
v 0.31476985 -0.08390122 -0.32998926
v 0.31528108 -0.06844756 -0.33080935
v 0.30021050 -0.08390122 -0.34451847
v 0.30105517 -0.06844756 -0.34537528
v 0.30956849 -0.05302692 -0.33931634
v 0.31563672 -0.05302692 -0.33158049
v 0.32306089 -0.06844756 -0.31815292
v 0.32363882 -0.03760627 -0.31829980
v 0.31585901 -0.03760627 -0.33227819
v 0.31637025 -0.00673196 -0.33279230
v 0.31654808 0.00868868 -0.33279230
v 0.32370548 -0.02218563 -0.31773675
v 0.32323869 0.00868868 -0.31730834
v 0.31110220 0.11782193 -0.34138496
v 0.31516994 0.10131161 -0.33279230
v 0.31565896 0.08589097 -0.33279230
v 0.17840113 0.11782193 -0.39922020
v 0.28236142 0.10131161 -0.37340548
v 0.18451382 0.00429693 -0.38656378
v 0.15759572 -0.03410609 -0.38751852
v 0.14368101 -0.05302692 -0.38777555
v 0.10351503 -0.05302692 -0.39471580
v 0.15146080 -0.05302692 -0.38620881
v 0.13619017 -0.07234400 -0.38633120
v 0.11614052 -0.06844756 -0.39057857
v 0.10351503 -0.05593273 -0.39425065
v 0.10351503 -0.13019619 -0.38024779
v 0.11614052 -0.13019619 -0.37861984
v 0.11614052 -0.11477553 -0.38205935
v 0.11569597 -0.09872750 -0.38532751
v 0.13172234 -0.09932187 -0.38258568
v 0.13127779 -0.08353800 -0.38538872
v 0.12580970 -0.07815564 -0.38727371
v 0.31023533 -0.03760627 -0.34001404
v 0.31059097 -0.02809632 -0.34039350
v 0.30178869 -0.05302692 -0.34609745
v 0.29552038 0.01268418 -0.35629360
v 0.31087994 -0.01779388 -0.34072397
v 0.31641470 0.02414235 -0.33279230
v 0.31610351 0.05501666 -0.33279230
v 0.31594791 0.07043730 -0.33279230
v 0.31110220 -0.00673196 -0.34100550
v 0.31130228 0.00868868 -0.34126254
v 0.31130228 0.08589097 -0.34167871
v 0.31125780 0.10131161 -0.34162976
v 0.31083549 0.11782193 -0.34189903
v 0.31112444 0.11676528 -0.34139719
v 0.28229476 0.11782193 -0.37438471
v 0.28309494 0.11782193 -0.37411541
v 0.29607610 0.02414235 -0.35677095
v 0.10351503 -0.06844756 -0.39219429
v 0.11569597 -0.08353800 -0.38806934
v 0.11018343 -0.09318003 -0.38723699
v 0.10351503 -0.11768136 -0.38306306
v 0.10351503 -0.11477553 -0.38371179
v 0.10351503 -0.10585996 -0.38553560
v 0.12056390 -0.08845808 -0.38639241
v 0.30245552 -0.03760627 -0.34668499
v 0.29672072 0.03956299 -0.35733401
v 0.29727641 0.05501666 -0.35783588
v 0.29087475 0.11782193 -0.36770153
v 0.29829888 0.08589097 -0.35883957
v 0.29869900 0.10131161 -0.35936590
v 0.29898795 0.11676528 -0.35991670
v 0.29898795 0.11782193 -0.35996568
v 0.30650102 0.10131161 -0.34936561
v 0.30625652 0.11782193 -0.34990418
v 0.30676776 0.11676528 -0.34913303
v 0.30676776 0.11782193 -0.34912080
v 0.29036351 0.11782193 -0.36812993
v 0.10351503 -0.08674100 -0.38907303
v 0.10351503 -0.10278904 -0.38614760
v 0.10351503 -0.09519429 -0.38757973
v 0.29847672 0.11782193 -0.36047975
f 5640 5641 5642
f 5640 5642 5643
f 5640 5643 5648
f 5640 5648 5647
f 5640 5647 5656
f 5640 5656 5667
f 5640 5667 5680
f 5640 5680 5675
f 5640 5675 5691
f 5640 5691 5690
f 5640 5690 5689
f 5640 5689 5705
f 5640 5705 5726
f 5640 5726 5732
f 5640 5732 5731
f 5640 5731 5772
f 5640 5772 5828
f 5640 5828 5834
f 5640 5834 5775
f 5640 5775 5737
f 5640 5737 5774
f 5640 5774 5735
f 5640 5735 5711
f 5640 5711 5710
f 5640 5710 5694
f 5640 5694 5677
f 5640 5677 5661
f 5640 5661 5650
f 5640 5650 5644
f 5640 5644 5651
f 5640 5651 5662
f 5640 5662 5678
f 5640 5678 5695
f 5640 5695 5715
f 5640 5715 5745
f 5640 5745 5756
f 5640 5756 5755
f 5640 5755 5790
f 5640 5790 5789
f 5640 5789 5793
f 5640 5793 5792
f 5640 5792 5850
f 5640 5850 5849
f 5640 5849 5895
f 5640 5895 5899
f 5640 5899 5924
f 5640 5924 5944
f 5640 5944 5946
f 5640 5946 5945
f 5640 5945 5929
f 5640 5929 5928
f 5640 5928 5927
f 5640 5927 5900
f 5640 5900 5856
f 5640 5856 5855
f 5640 5855 5854
f 5640 5854 5853
f 5640 5853 5794
f 5640 5794 5758
f 5640 5758 5757
f 5640 5757 5719
f 5640 5719 5699
f 5640 5699 5698
f 5640 5698 5697
f 5640 5697 5682
f 5640 5682 5681
f 5640 5681 5669
f 5640 5669 5663
f 5640 5663 5652
f 5640 5652 5645
f 5640 5645 5641
f 5641 5645 5642
f 5642 5646 5647
f 5642 5647 5648
f 5642 5648 5643
f 5642 5645 5649
f 5642 5649 5646
f 5644 5650 5651
f 5645 5652 5653
f 5645 5653 5649
f 5646 5649 5654
f 5646 5654 5655
f 5646 5655 5647
f 5647 5655 5656
f 5649 5653 5657
f 5649 5657 5658
f 5649 5658 5659
f 5649 5659 5660
f 5649 5660 5654
f 5650 5661 5676
f 5650 5676 5692
f 5650 5692 5709
f 5650 5709 5734
f 5650 5734 5773
f 5650 5773 5829
f 5650 5829 5887
f 5650 5887 5919
f 5650 5919 5942
f 5650 5942 5940
f 5650 5940 5938
f 5650 5938 5947
f 5650 5947 5934
f 5650 5934 5943
f 5650 5943 5922
f 5650 5922 5921
f 5650 5921 5890
f 5650 5890 5838
f 5650 5838 5780
f 5650 5780 5746
f 5650 5746 5716
f 5650 5716 5696
f 5650 5696 5679
f 5650 5679 5662
f 5650 5662 5651
f 5652 5663 5653
f 5653 5663 5657
f 5654 5660 5664
f 5654 5664 5665
f 5654 5665 5655
f 5655 5665 5666
f 5655 5666 5667
f 5655 5667 5656
f 5657 5663 5668
f 5657 5668 5669
f 5657 5669 5670
f 5657 5670 5659
f 5657 5659 5658
f 5659 5671 5660
f 5659 5670 5672
f 5659 5672 5673
f 5659 5673 5674
f 5659 5674 5671
f 5660 5675 5664
f 5660 5671 5674
f 5660 5674 5675
f 5661 5677 5676
f 5662 5679 5678
f 5663 5669 5668
f 5664 5675 5680
f 5664 5680 5666
f 5664 5666 5665
f 5666 5680 5667
f 5669 5681 5670
f 5670 5682 5683
f 5670 5683 5684
f 5670 5684 5672
f 5670 5681 5682
f 5672 5684 5685
f 5672 5685 5686
f 5672 5686 5673
f 5673 5686 5687
f 5673 5687 5674
f 5674 5687 5688
f 5674 5688 5689
f 5674 5689 5690
f 5674 5690 5691
f 5674 5691 5675
f 5676 5677 5693
f 5676 5693 5692
f 5677 5694 5693
f 5678 5679 5695
f 5679 5696 5695
f 5682 5697 5683
f 5683 5697 5698
f 5683 5698 5699
f 5683 5699 5700
f 5683 5700 5701
f 5683 5701 5684
f 5684 5701 5702
f 5684 5702 5685
f 5685 5702 5701
f 5685 5701 5703
f 5685 5703 5704
f 5685 5704 5686
f 5686 5704 5687
f 5687 5704 5688
f 5688 5705 5689
f 5688 5704 5706
f 5688 5706 5707
f 5688 5707 5708
f 5688 5708 5705
f 5692 5693 5709
f 5693 5694 5710
f 5693 5710 5711
f 5693 5711 5712
f 5693 5712 5713
f 5693 5713 5714
f 5693 5714 5709
f 5695 5696 5715
f 5696 5716 5717
f 5696 5717 5718
f 5696 5718 5715
f 5699 5719 5720
f 5699 5720 5700
f 5700 5721 5701
f 5700 5720 5722
f 5700 5722 5721
f 5701 5721 5703
f 5703 5721 5723
f 5703 5723 5724
f 5703 5724 5704
f 5704 5724 5725
f 5704 5725 5706
f 5705 5708 5726
f 5706 5708 5707
f 5706 5725 5727
f 5706 5727 5728
f 5706 5728 5708
f 5708 5728 5729
f 5708 5729 5730
f 5708 5730 5731
f 5708 5731 5732
f 5708 5732 5733
f 5708 5733 5726
f 5709 5714 5734
f 5711 5735 5712
f 5712 5735 5736
f 5712 5736 5737
f 5712 5737 5738
f 5712 5738 5739
f 5712 5739 5740
f 5712 5740 5741
f 5712 5741 5742
f 5712 5742 5743
f 5712 5743 5713
f 5713 5743 5714
f 5714 5744 5734
f 5714 5743 5742
f 5714 5742 5744
f 5715 5718 5745
f 5716 5746 5747
f 5716 5747 5748
f 5716 5748 5717
f 5717 5748 5749
f 5717 5749 5718
f 5718 5749 5750
f 5718 5750 5751
f 5718 5751 5752
f 5718 5752 5753
f 5718 5753 5754
f 5718 5754 5755
f 5718 5755 5756
f 5718 5756 5745
f 5719 5757 5720
f 5720 5757 5758
f 5720 5758 5759
f 5720 5759 5722
f 5721 5722 5723
f 5722 5759 5760
f 5722 5760 5761
f 5722 5761 5723
f 5723 5727 5725
f 5723 5725 5724
f 5723 5761 5760
f 5723 5760 5762
f 5723 5762 5763
f 5723 5763 5764
f 5723 5764 5765
f 5723 5765 5727
f 5726 5733 5732
f 5727 5766 5730
f 5727 5730 5729
f 5727 5729 5728
f 5727 5765 5767
f 5727 5767 5768
f 5727 5768 5769
f 5727 5769 5770
f 5727 5770 5766
f 5730 5766 5771
f 5730 5771 5772
f 5730 5772 5731
f 5734 5744 5773
f 5735 5774 5736
f 5736 5774 5737
f 5737 5775 5738
f 5738 5775 5776
f 5738 5776 5777
f 5738 5777 5778
f 5738 5778 5739
f 5739 5778 5740
f 5740 5777 5741
f 5740 5778 5777
f 5741 5777 5779
f 5741 5779 5744
f 5741 5744 5742
f 5744 5779 5773
f 5746 5780 5781
f 5746 5781 5782
f 5746 5782 5747
f 5747 5782 5783
f 5747 5783 5748
f 5748 5783 5750
f 5748 5750 5749
f 5750 5783 5784
f 5750 5784 5751
f 5751 5785 5786
f 5751 5786 5787
f 5751 5787 5752
f 5751 5784 5782
f 5751 5782 5785
f 5752 5787 5753
f 5753 5787 5788
f 5753 5788 5754
f 5754 5789 5790
f 5754 5790 5755
f 5754 5788 5791
f 5754 5791 5792
f 5754 5792 5793
f 5754 5793 5789
f 5758 5794 5759
f 5759 5794 5795
f 5759 5795 5763
f 5759 5763 5760
f 5760 5763 5762
f 5763 5795 5796
f 5763 5796 5797
f 5763 5797 5798
f 5763 5798 5764
f 5764 5798 5799
f 5764 5799 5765
f 5765 5799 5798
f 5765 5798 5800
f 5765 5800 5801
f 5765 5801 5802
f 5765 5802 5803
f 5765 5803 5804
f 5765 5804 5805
f 5765 5805 5806
f 5765 5806 5807
f 5765 5807 5808
f 5765 5808 5809
f 5765 5809 5810
f 5765 5810 5811
f 5765 5811 5812
f 5765 5812 5767
f 5766 5813 5771
f 5766 5770 5814
f 5766 5814 5813
f 5767 5815 5768
f 5767 5812 5815
f 5768 5815 5769
f 5769 5815 5816
f 5769 5816 5817
f 5769 5817 5770
f 5770 5817 5818
f 5770 5818 5819
f 5770 5819 5820
f 5770 5820 5814
f 5771 5813 5821
f 5771 5821 5822
f 5771 5822 5823
f 5771 5823 5824
f 5771 5824 5825
f 5771 5825 5826
f 5771 5826 5772
f 5772 5826 5827
f 5772 5827 5828
f 5773 5779 5830
f 5773 5830 5831
f 5773 5831 5832
f 5773 5832 5833
f 5773 5833 5829
f 5775 5834 5835
f 5775 5835 5776
f 5776 5835 5777
f 5777 5835 5836
f 5777 5836 5837
f 5777 5837 5832
f 5777 5832 5831
f 5777 5831 5830
f 5777 5830 5779
f 5780 5838 5839
f 5780 5839 5812
f 5780 5812 5840
f 5780 5840 5841
f 5780 5841 5842
f 5780 5842 5781
f 5781 5842 5843
f 5781 5843 5844
f 5781 5844 5785
f 5781 5785 5782
f 5782 5784 5783
f 5785 5844 5786
f 5786 5844 5845
f 5786 5845 5846
f 5786 5846 5847
f 5786 5847 5788
f 5786 5788 5787
f 5788 5847 5848
f 5788 5848 5791
f 5791 5849 5850
f 5791 5850 5792
f 5791 5848 5851
f 5791 5851 5852
f 5791 5852 5849
f 5794 5853 5795
f 5795 5853 5796
f 5796 5854 5855
f 5796 5855 5856
f 5796 5856 5857
f 5796 5857 5797
f 5796 5853 5854
f 5797 5857 5858
f 5797 5858 5798
f 5798 5858 5801
f 5798 5801 5800
f 5801 5858 5859
f 5801 5859 5802
f 5802 5859 5803
f 5803 5859 5860
f 5803 5860 5861
f 5803 5861 5804
f 5804 5861 5805
f 5805 5807 5806
f 5805 5861 5862
f 5805 5862 5863
f 5805 5863 5864
f 5805 5864 5865
f 5805 5865 5866
f 5805 5866 5807
f 5807 5866 5808
f 5808 5866 5809
f 5809 5866 5865
f 5809 5865 5864
f 5809 5864 5867
f 5809 5867 5868
f 5809 5868 5810
f 5810 5868 5811
f 5811 5868 5869
f 5811 5869 5870
f 5811 5870 5871
f 5811 5871 5812
f 5812 5871 5872
f 5812 5872 5840
f 5812 5839 5815
f 5813 5814 5821
f 5814 5820 5873
f 5814 5873 5874
f 5814 5874 5875
f 5814 5875 5821
f 5815 5839 5816
f 5816 5876 5817
f 5816 5839 5876
f 5817 5876 5818
f 5818 5876 5877
f 5818 5877 5819
f 5819 5877 5878
f 5819 5878 5820
f 5820 5878 5873
f 5821 5875 5879
f 5821 5879 5880
f 5821 5880 5822
f 5822 5881 5823
f 5822 5880 5882
f 5822 5882 5883
f 5822 5883 5884
f 5822 5884 5881
f 5823 5881 5824
f 5824 5881 5825
f 5825 5881 5885
f 5825 5885 5886
f 5825 5886 5836
f 5825 5836 5835
f 5825 5835 5827
f 5825 5827 5826
f 5827 5835 5828
f 5828 5835 5834
f 5829 5833 5888
f 5829 5888 5887
f 5832 5837 5888
f 5832 5888 5833
f 5836 5886 5837
f 5837 5886 5889
f 5837 5889 5888
f 5838 5890 5891
f 5838 5891 5839
f 5839 5891 5876
f 5840 5872 5843
f 5840 5843 5841
f 5841 5843 5842
f 5843 5872 5892
f 5843 5892 5844
f 5844 5892 5845
f 5845 5892 5870
f 5845 5870 5869
f 5845 5869 5868
f 5845 5868 5846
f 5846 5868 5893
f 5846 5893 5867
f 5846 5867 5848
f 5846 5848 5847
f 5848 5867 5894
f 5848 5894 5851
f 5849 5852 5895
f 5851 5894 5896
f 5851 5896 5864
f 5851 5864 5863
f 5851 5863 5862
f 5851 5862 5897
f 5851 5897 5852
f 5852 5897 5898
f 5852 5898 5899
f 5852 5899 5895
f 5856 5900 5901
f 5856 5901 5857
f 5857 5901 5858
f 5858 5901 5859
f 5859 5901 5860
f 5860 5901 5902
f 5860 5902 5903
f 5860 5903 5904
f 5860 5904 5861
f 5861 5904 5905
f 5861 5905 5862
f 5862 5905 5906
f 5862 5906 5897
f 5864 5896 5867
f 5867 5893 5868
f 5867 5896 5894
f 5870 5892 5872
f 5870 5872 5871
f 5873 5878 5874
f 5874 5878 5907
f 5874 5907 5875
f 5875 5907 5908
f 5875 5908 5879
f 5876 5891 5877
f 5877 5909 5878
f 5877 5891 5910
f 5877 5910 5909
f 5878 5909 5907
f 5879 5908 5911
f 5879 5911 5882
f 5879 5882 5880
f 5881 5884 5912
f 5881 5912 5913
f 5881 5913 5914
f 5881 5914 5885
f 5882 5911 5915
f 5882 5915 5883
f 5883 5915 5916
f 5883 5916 5884
f 5884 5916 5917
f 5884 5917 5918
f 5884 5918 5912
f 5885 5914 5889
f 5885 5889 5886
f 5887 5888 5889
f 5887 5889 5920
f 5887 5920 5919
f 5889 5914 5920
f 5890 5921 5891
f 5891 5921 5922
f 5891 5922 5923
f 5891 5923 5910
f 5897 5906 5898
f 5898 5924 5899
f 5898 5906 5925
f 5898 5925 5926
f 5898 5926 5924
f 5900 5927 5901
f 5901 5927 5928
f 5901 5928 5902
f 5902 5928 5929
f 5902 5929 5926
f 5902 5926 5903
f 5903 5926 5930
f 5903 5930 5904
f 5904 5930 5906
f 5904 5906 5905
f 5906 5930 5925
f 5907 5931 5923
f 5907 5923 5932
f 5907 5932 5908
f 5907 5909 5931
f 5908 5932 5933
f 5908 5933 5934
f 5908 5934 5935
f 5908 5935 5936
f 5908 5936 5911
f 5909 5910 5923
f 5909 5923 5931
f 5911 5936 5937
f 5911 5937 5915
f 5912 5918 5913
f 5913 5918 5914
f 5914 5918 5920
f 5915 5937 5938
f 5915 5938 5916
f 5916 5938 5939
f 5916 5939 5940
f 5916 5940 5941
f 5916 5941 5917
f 5917 5941 5918
f 5918 5941 5942
f 5918 5942 5919
f 5918 5919 5920
f 5922 5943 5923
f 5923 5943 5932
f 5924 5926 5944
f 5925 5930 5926
f 5926 5929 5945
f 5926 5945 5946
f 5926 5946 5944
f 5932 5943 5934
f 5932 5934 5933
f 5934 5947 5936
f 5934 5936 5935
f 5936 5947 5937
f 5937 5947 5938
f 5938 5940 5939
f 5940 5942 5941

o geometry_29
v -0.13875139 0.22849618 0.20109648
v -0.13731357 0.22482847 0.20109648
v -0.13875139 0.22482847 0.19844650
v -0.13875139 0.04209979 0.20109648
v -0.13225767 0.21004814 0.20109648
v -0.13875139 0.21212834 0.19000840
v -0.13875139 0.04209979 0.15360603
v -0.12094856 0.04209979 0.20109648
v -0.13875139 0.20643517 0.18639141
v -0.12841826 0.19395400 0.20109648
v -0.13875139 0.19395400 0.17952935
v -0.13875139 0.14764230 0.16502883
v -0.13849694 0.04209979 0.15379663
v -0.12143828 0.04209979 0.19804668
v -0.12479843 0.15977677 0.20109648
v -0.12611425 0.17851678 0.20109648
v -0.13875139 0.17725770 0.17199783
v -0.13875139 0.18205675 0.17402948
v -0.13875139 0.16307953 0.16792522
v -0.12522541 0.16970331 0.20109648
v -0.13447104 0.04209979 0.16150019
v -0.12514176 0.16776910 0.20109648
v -0.12524285 0.16988579 0.20109648
v -0.13875139 0.17238567 0.17049617
f 5948 5949 5950
f 5948 5950 5953
f 5948 5953 5956
f 5948 5956 5958
f 5948 5958 5965
f 5948 5965 5964
f 5948 5964 5971
f 5948 5971 5966
f 5948 5966 5959
f 5948 5959 5954
f 5948 5954 5951
f 5948 5951 5955
f 5948 5955 5962
f 5948 5962 5969
f 5948 5969 5967
f 5948 5967 5970
f 5948 5970 5963
f 5948 5963 5957
f 5948 5957 5952
f 5948 5952 5949
f 5949 5952 5953
f 5949 5953 5950
f 5951 5954 5960
f 5951 5960 5968
f 5951 5968 5961
f 5951 5961 5955
f 5952 5956 5953
f 5952 5957 5958
f 5952 5958 5956
f 5954 5959 5960
f 5955 5961 5962
f 5957 5963 5964
f 5957 5964 5965
f 5957 5965 5958
f 5959 5966 5967
f 5959 5967 5968
f 5959 5968 5960
f 5961 5968 5962
f 5962 5968 5969
f 5963 5970 5966
f 5963 5966 5971
f 5963 5971 5964
f 5966 5970 5967
f 5967 5969 5968

o geometry_30
v -0.13874663 0.13950154 0.20110113
v -0.13874663 0.22852996 0.20110113
v -0.12428422 0.13950154 0.20110113
v -0.13874663 0.13950154 0.38233569
v -0.13731471 0.22484874 0.20110113
v -0.13874663 0.23088879 0.20282835
v -0.08998966 0.27772610 0.29466703
v -0.08998966 0.27066744 0.29002820
v -0.08998966 0.25699688 0.28203365
v -0.12440832 0.14616706 0.20110113
v -0.08998966 0.13950154 0.25543447
v -0.13470861 0.13950154 0.38448240
v -0.13874663 0.22195378 0.43062379
v -0.13722403 0.22459856 0.20110113
v -0.08998966 0.25192182 0.27939348
v -0.13874663 0.23821550 0.20877491
v -0.08998966 0.28364108 0.29992270
v -0.13874663 0.23912689 0.20953982
v -0.13874663 0.24035989 0.21060082
v -0.13874663 0.24759726 0.21696686
v -0.12443696 0.14766814 0.20110113
v -0.08998966 0.14766814 0.25573058
v -0.08998966 0.13950154 0.40251949
v -0.12760628 0.13950154 0.38796150
v -0.13654624 0.22102455 0.43121598
v -0.13874663 0.22953067 0.43430030
v -0.13225526 0.21007023 0.20110113
v -0.08998966 0.24877668 0.27786365
v -0.08998966 0.23977021 0.27354561
v -0.08998966 0.28608926 0.30224210
v -0.13874663 0.25313696 0.22261732
v -0.08998966 0.29389848 0.30989120
v -0.12476630 0.15890838 0.20110113
v -0.08998966 0.15161741 0.25592796
v -0.08998966 0.22084585 0.44861155
v -0.09137386 0.21943411 0.44774793
v -0.09241916 0.13950154 0.40172989
v -0.12377827 0.13950154 0.38961469
v -0.12616958 0.21655705 0.43365877
v -0.13198319 0.22565288 0.43546000
v -0.11735371 0.22484874 0.44076504
v -0.09701086 0.22972724 0.44962321
v -0.13874663 0.23444494 0.43570674
v -0.12841293 0.19398722 0.20110113
v -0.08998966 0.22452708 0.26787047
v -0.13874663 0.26276890 0.23268455
v -0.08998966 0.29673980 0.31344435
v -0.13874663 0.26882684 0.23905057
v -0.13874663 0.27781546 0.24852561
v -0.12479494 0.15978401 0.20110113
v -0.08998966 0.16310783 0.25659417
v -0.08998966 0.22645704 0.45051148
v -0.10203691 0.22468790 0.44604537
v -0.10154051 0.13950154 0.39844817
v -0.11801716 0.13950154 0.39205748
v -0.08998966 0.23658933 0.45253477
v -0.08998966 0.24027056 0.45307763
v -0.09982220 0.24027056 0.45041278
v -0.10760232 0.24027056 0.44806869
v -0.11735371 0.24027056 0.44503371
v -0.13291871 0.24027056 0.43933391
v -0.13874663 0.24027056 0.43684176
v -0.12611231 0.17854753 0.20110113
v -0.08998966 0.22118537 0.26678476
v -0.08998966 0.20940903 0.26330566
v -0.13874663 0.28119288 0.25284367
v -0.08998966 0.29954539 0.31707152
v -0.12521974 0.16971974 0.20110113
v -0.08998966 0.16614573 0.25684094
v -0.08998966 0.25571024 0.45317633
v -0.10022791 0.25571024 0.45046214
v -0.10800802 0.25571024 0.44824142
v -0.11735371 0.25571024 0.44542853
v -0.13291871 0.25571024 0.43975338
v -0.13874663 0.24747218 0.43703917
v -0.12523883 0.16991631 0.20110113
v -0.08998966 0.19398722 0.25997460
v -0.13874663 0.29103927 0.26666140
v -0.08998966 0.30758690 0.32854517
v -0.08998966 0.19382638 0.25994992
v -0.08998966 0.17854753 0.25795128
v -0.08998966 0.27082829 0.45073354
v -0.09755022 0.26755806 0.44967254
v -0.11735371 0.27114994 0.44281302
v -0.13351534 0.27127504 0.43649634
v -0.13874663 0.26829074 0.43501585
v -0.13874663 0.25571024 0.43721189
v -0.13874663 0.29650748 0.27497671
v -0.08998966 0.31158979 0.33607091
v -0.13874663 0.30288710 0.28652441
v -0.13874663 0.30848040 0.29676437
v -0.08998966 0.27495625 0.44979593
v -0.09290124 0.27785120 0.44841414
v -0.10236148 0.27207919 0.44720507
v -0.12872794 0.28185409 0.43479379
v -0.13874663 0.27668964 0.43259777
v -0.13874663 0.27617142 0.43277047
v -0.08998966 0.31580710 0.34811210
v -0.13874663 0.31194718 0.30438878
v -0.08998966 0.27872682 0.44875959
v -0.08998966 0.28210426 0.44720507
v -0.10179348 0.28658964 0.44180136
v -0.11700050 0.28683982 0.43666907
v -0.12195496 0.29214720 0.43190688
v -0.13351534 0.28683982 0.42973552
v -0.13874663 0.28683982 0.42714469
v -0.13874663 0.31582499 0.31652867
v -0.11735371 0.31645042 0.33261647
v -0.10179348 0.31782641 0.34811210
v -0.08998966 0.31932751 0.36358305
v -0.08998966 0.28637518 0.44515710
v -0.10179348 0.29749036 0.43555870
v -0.11158306 0.29531019 0.43395485
v -0.13291871 0.29852679 0.42166692
v -0.13874663 0.29700783 0.42021114
v -0.13874663 0.31968491 0.33261647
v -0.13291871 0.31909519 0.33261647
v -0.10179348 0.32048905 0.36358305
v -0.08998966 0.32113237 0.37905397
v -0.11735371 0.31980998 0.34811210
v -0.08998966 0.29979557 0.43723657
v -0.08998966 0.30563906 0.43269645
v -0.08998966 0.30751544 0.43109262
v -0.10179348 0.30521020 0.42887190
v -0.11704346 0.30199357 0.42541748
v -0.12250385 0.30867697 0.41633722
v -0.13291871 0.30624666 0.41357367
v -0.13874663 0.30034954 0.41673201
v -0.13874663 0.32095368 0.34811210
v -0.13291871 0.32086433 0.34811210
v -0.08998966 0.32206161 0.39452492
v -0.08998966 0.31402010 0.42334479
v -0.10179348 0.31237607 0.42112410
v -0.11213197 0.31066054 0.41890337
v -0.13874663 0.31101793 0.40427136
v -0.13874663 0.30460262 0.41209321
v -0.13874663 0.32113237 0.36358305
v -0.13291871 0.32129322 0.36358305
v -0.11735371 0.32152551 0.37905397
v -0.10179348 0.32172208 0.39452492
v -0.08998966 0.32032822 0.40999587
v -0.10179348 0.31832677 0.40999587
v -0.11732985 0.31382353 0.41071145
v -0.13291871 0.31196504 0.40585055
v -0.13874663 0.31550331 0.39457428
v -0.13874663 0.31995294 0.37905397
v -0.13291871 0.32079283 0.37905397
v -0.11735371 0.32014951 0.39452492
v -0.13291871 0.31720098 0.39452492
f 5972 5973 5976
f 5972 5976 5985
f 5972 5985 5998
f 5972 5998 6015
f 5972 6015 6034
f 5972 6034 6047
f 5972 6047 6039
f 5972 6039 6021
f 5972 6021 6004
f 5972 6004 5992
f 5972 5992 5981
f 5972 5981 5974
f 5972 5974 5982
f 5972 5982 5994
f 5972 5994 6008
f 5972 6008 6025
f 5972 6025 6026
f 5972 6026 6009
f 5972 6009 5995
f 5972 5995 5983
f 5972 5983 5975
f 5972 5975 5984
f 5972 5984 5997
f 5972 5997 6014
f 5972 6014 6033
f 5972 6033 6046
f 5972 6046 6058
f 5972 6058 6057
f 5972 6057 6068
f 5972 6068 6067
f 5972 6067 6077
f 5972 6077 6086
f 5972 6086 6099
f 5972 6099 6107
f 5972 6107 6106
f 5972 6106 6116
f 5972 6116 6117
f 5972 6117 6108
f 5972 6108 6100
f 5972 6100 6087
f 5972 6087 6078
f 5972 6078 6070
f 5972 6070 6062
f 5972 6062 6061
f 5972 6061 6059
f 5972 6059 6049
f 5972 6049 6037
f 5972 6037 6020
f 5972 6020 6019
f 5972 6019 6017
f 5972 6017 6002
f 5972 6002 5991
f 5972 5991 5990
f 5972 5990 5989
f 5972 5989 5987
f 5972 5987 5977
f 5972 5977 5973
f 5973 5977 5978
f 5973 5978 5979
f 5973 5979 5980
f 5973 5980 5976
f 5974 5981 5982
f 5975 5983 5984
f 5976 5980 5986
f 5976 5986 5985
f 5977 5987 5978
f 5978 5988 6001
f 5978 6001 6003
f 5978 6003 6018
f 5978 6018 6038
f 5978 6038 6050
f 5978 6050 6060
f 5978 6060 6069
f 5978 6069 6081
f 5978 6081 6090
f 5978 6090 6102
f 5978 6102 6112
f 5978 6112 6103
f 5978 6103 6094
f 5978 6094 6093
f 5978 6093 6092
f 5978 6092 6082
f 5978 6082 6072
f 5978 6072 6071
f 5978 6071 6063
f 5978 6063 6053
f 5978 6053 6041
f 5978 6041 6028
f 5978 6028 6027
f 5978 6027 6023
f 5978 6023 6006
f 5978 6006 5994
f 5978 5994 5982
f 5978 5982 5993
f 5978 5993 6005
f 5978 6005 6022
f 5978 6022 6040
f 5978 6040 6052
f 5978 6052 6051
f 5978 6051 6048
f 5978 6048 6036
f 5978 6036 6035
f 5978 6035 6016
f 5978 6016 6000
f 5978 6000 5999
f 5978 5999 5986
f 5978 5986 5980
f 5978 5980 5979
f 5978 5987 5989
f 5978 5989 5990
f 5978 5990 5991
f 5978 5991 5988
f 5981 5992 5982
f 5982 5992 5993
f 5983 5995 5996
f 5983 5996 5984
f 5984 5996 5997
f 5985 5986 5999
f 5985 5999 6000
f 5985 6000 5998
f 5988 5991 6001
f 5991 6002 6003
f 5991 6003 6001
f 5992 6004 5993
f 5993 6004 6005
f 5994 6006 6007
f 5994 6007 6008
f 5995 6009 6010
f 5995 6010 5996
f 5996 6010 6011
f 5996 6011 5997
f 5997 6011 6012
f 5997 6012 6013
f 5997 6013 6014
f 5998 6000 6016
f 5998 6016 6015
f 6002 6017 6003
f 6003 6017 6019
f 6003 6019 6020
f 6003 6020 6018
f 6004 6021 6005
f 6005 6021 6022
f 6006 6023 6007
f 6007 6023 6013
f 6007 6013 6024
f 6007 6024 6012
f 6007 6012 6010
f 6007 6010 6008
f 6008 6010 6025
f 6009 6026 6010
f 6010 6012 6011
f 6010 6026 6025
f 6012 6024 6013
f 6013 6023 6027
f 6013 6027 6028
f 6013 6028 6029
f 6013 6029 6030
f 6013 6030 6031
f 6013 6031 6014
f 6014 6032 6033
f 6014 6031 6032
f 6015 6016 6035
f 6015 6035 6036
f 6015 6036 6034
f 6018 6020 6037
f 6018 6037 6038
f 6021 6039 6022
f 6022 6039 6040
f 6028 6041 6042
f 6028 6042 6029
f 6029 6042 6043
f 6029 6043 6044
f 6029 6044 6030
f 6030 6044 6031
f 6031 6044 6045
f 6031 6045 6032
f 6032 6045 6046
f 6032 6046 6033
f 6034 6036 6048
f 6034 6048 6047
f 6037 6049 6038
f 6038 6049 6050
f 6039 6047 6051
f 6039 6051 6052
f 6039 6052 6040
f 6041 6053 6054
f 6041 6054 6042
f 6042 6054 6043
f 6043 6054 6044
f 6044 6054 6055
f 6044 6055 6045
f 6045 6055 6056
f 6045 6056 6057
f 6045 6057 6058
f 6045 6058 6046
f 6047 6048 6051
f 6049 6059 6050
f 6050 6059 6061
f 6050 6061 6062
f 6050 6062 6060
f 6053 6063 6054
f 6054 6063 6064
f 6054 6064 6065
f 6054 6065 6055
f 6055 6066 6056
f 6055 6065 6064
f 6055 6064 6066
f 6056 6066 6067
f 6056 6067 6068
f 6056 6068 6057
f 6060 6062 6070
f 6060 6070 6069
f 6063 6071 6064
f 6064 6071 6072
f 6064 6072 6073
f 6064 6073 6074
f 6064 6074 6066
f 6066 6074 6075
f 6066 6075 6076
f 6066 6076 6077
f 6066 6077 6067
f 6069 6070 6078
f 6069 6078 6079
f 6069 6079 6080
f 6069 6080 6081
f 6072 6082 6073
f 6073 6083 6084
f 6073 6084 6074
f 6073 6082 6083
f 6074 6084 6075
f 6075 6085 6086
f 6075 6086 6077
f 6075 6077 6076
f 6075 6084 6085
f 6078 6087 6088
f 6078 6088 6079
f 6079 6088 6080
f 6080 6088 6081
f 6081 6089 6090
f 6081 6088 6087
f 6081 6087 6091
f 6081 6091 6089
f 6082 6092 6083
f 6083 6092 6093
f 6083 6093 6094
f 6083 6094 6084
f 6084 6094 6095
f 6084 6095 6096
f 6084 6096 6085
f 6085 6097 6098
f 6085 6098 6099
f 6085 6099 6086
f 6085 6096 6097
f 6087 6100 6101
f 6087 6101 6089
f 6087 6089 6091
f 6089 6101 6090
f 6090 6101 6102
f 6094 6103 6104
f 6094 6104 6105
f 6094 6105 6095
f 6095 6105 6096
f 6096 6105 6097
f 6097 6105 6106
f 6097 6106 6098
f 6098 6107 6099
f 6098 6106 6107
f 6100 6108 6109
f 6100 6109 6102
f 6100 6102 6101
f 6102 6109 6110
f 6102 6110 6111
f 6102 6111 6112
f 6103 6112 6113
f 6103 6113 6104
f 6104 6113 6114
f 6104 6114 6105
f 6105 6114 6115
f 6105 6115 6106
f 6106 6115 6116
f 6108 6117 6118
f 6108 6118 6111
f 6108 6111 6110
f 6108 6110 6109
f 6111 6118 6119
f 6111 6119 6112
f 6112 6119 6113
f 6113 6119 6120
f 6113 6120 6115
f 6113 6115 6114
f 6115 6120 6116
f 6116 6120 6117
f 6117 6120 6119
f 6117 6119 6118

o geometry_31
v -0.10005620 0.04395508 0.03353684
v -0.10005620 0.05671226 -0.24159505
v -0.13590087 0.05671226 -0.17519797
v -0.10179316 0.04356340 0.03353684
v -0.10005620 -0.22903749 0.03353684
v -0.10005620 0.05671226 -0.24423245
v -0.13590087 0.05671226 -0.24423245
v -0.13590087 0.03444314 0.03353684
v -0.13292170 0.03536636 0.03353684
v -0.11735918 0.03967471 0.03353684
v -0.11735918 -0.22828214 0.03353684
v -0.10179316 -0.22900951 0.02312322
v -0.10005620 -0.22906547 0.02486335
v -0.10005620 -0.22179163 -0.24423245
v -0.13590087 -0.21835056 -0.24423245
v -0.13590087 -0.22744284 0.03353684
v -0.12246481 -0.22805832 0.03353684
v -0.11735918 -0.22839403 -0.02328949
v -0.10005620 -0.22909344 -0.02328949
v -0.13292170 -0.22763868 0.02312322
v -0.13292170 -0.22769463 -0.00781859
v -0.10005620 -0.22184759 -0.24374303
v -0.10179316 -0.22173568 -0.24423245
v -0.13272170 -0.21885413 -0.24423245
v -0.13292170 -0.21972139 -0.23990929
v -0.13590087 -0.21902198 -0.24086093
v -0.13590087 -0.22747082 0.03152481
v -0.13292170 -0.22758273 0.03353684
v -0.10179316 -0.22895356 -0.03876039
v -0.13292170 -0.22766666 -0.02328949
v -0.11735918 -0.22828214 -0.03876039
v -0.10005620 -0.22900951 -0.03876039
v -0.13590087 -0.22749880 0.02312322
v -0.13590087 -0.22755475 -0.00781859
v -0.10005620 -0.22223925 -0.23990929
v -0.10179316 -0.22215532 -0.23990929
v -0.11735918 -0.22120413 -0.23990929
v -0.11735918 -0.22056067 -0.24423245
v -0.13590087 -0.21918984 -0.23990929
v -0.13292170 -0.22162377 -0.22443840
v -0.13590087 -0.22126008 -0.22443840
v -0.10179316 -0.22878571 -0.05425848
v -0.10005620 -0.22886963 -0.05251835
v -0.13590087 -0.22752677 -0.02328949
v -0.13590087 -0.22724702 -0.05425848
v -0.13590087 -0.22721904 -0.05719496
v -0.10005620 -0.22235116 -0.23819636
v -0.11735918 -0.22251902 -0.22443840
v -0.13292170 -0.22279878 -0.20896749
v -0.13590087 -0.22257498 -0.20896749
v -0.11735918 -0.22786248 -0.06972938
v -0.10005620 -0.22858987 -0.06972938
v -0.10005620 -0.22884166 -0.05425848
v -0.13292170 -0.22719106 -0.06972938
v -0.13590087 -0.22705118 -0.06972938
v -0.10005620 -0.22333033 -0.22272544
v -0.10179316 -0.22316247 -0.22443840
v -0.11735918 -0.22347021 -0.20896749
v -0.13292170 -0.22372199 -0.19349658
v -0.13590087 -0.22355414 -0.19349658
v -0.11735918 -0.22758273 -0.08520029
v -0.13590087 -0.22674344 -0.08816396
v -0.13590087 -0.22651963 -0.10067119
v -0.10005620 -0.22833808 -0.08346015
v -0.10005620 -0.22422557 -0.20725455
v -0.11735918 -0.22436545 -0.19349658
v -0.13590087 -0.22416961 -0.18098936
v -0.11735918 -0.22517677 -0.17802569
v -0.13292170 -0.22447736 -0.17802569
v -0.10179316 -0.22794641 -0.10067119
v -0.13590087 -0.22646367 -0.10363486
v -0.10005620 -0.22800237 -0.10067119
v -0.10005620 -0.22498093 -0.19349658
v -0.10179316 -0.22495295 -0.19349658
v -0.13590087 -0.22430950 -0.17802569
v -0.10179316 -0.22570832 -0.17802569
v -0.11735918 -0.22576426 -0.16255480
v -0.13292170 -0.22506486 -0.16255480
v -0.13590087 -0.22492498 -0.16255480
v -0.10005620 -0.22772261 -0.11440195
v -0.13292170 -0.22635176 -0.11611490
v -0.13590087 -0.22615594 -0.11907857
v -0.10005620 -0.22573628 -0.17802569
v -0.10005620 -0.22582022 -0.17628556
v -0.10179316 -0.22629581 -0.16255480
v -0.11735918 -0.22621189 -0.14705670
v -0.13292170 -0.22556844 -0.14705670
v -0.10005620 -0.22688331 -0.14534376
v -0.10179316 -0.22677141 -0.14705670
v -0.10179316 -0.22721904 -0.13158579
v -0.13590087 -0.22542855 -0.14705670
v -0.10005620 -0.22733093 -0.12987285
v -0.13590087 -0.22587617 -0.13158579
v -0.10005620 -0.22640772 -0.16081465
f 6121 6122 6123
f 6121 6123 6124
f 6121 6124 6130
f 6121 6130 6129
f 6121 6129 6128
f 6121 6128 6136
f 6121 6136 6148
f 6121 6148 6137
f 6121 6137 6131
f 6121 6131 6125
f 6121 6125 6133
f 6121 6133 6139
f 6121 6139 6152
f 6121 6152 6163
f 6121 6163 6173
f 6121 6173 6172
f 6121 6172 6184
f 6121 6184 6192
f 6121 6192 6200
f 6121 6200 6212
f 6121 6212 6208
f 6121 6208 6214
f 6121 6214 6204
f 6121 6204 6203
f 6121 6203 6193
f 6121 6193 6185
f 6121 6185 6176
f 6121 6176 6167
f 6121 6167 6155
f 6121 6155 6142
f 6121 6142 6134
f 6121 6134 6126
f 6121 6126 6122
f 6122 6126 6127
f 6122 6127 6123
f 6123 6127 6135
f 6123 6135 6146
f 6123 6146 6159
f 6123 6159 6161
f 6123 6161 6170
f 6123 6170 6180
f 6123 6180 6187
f 6123 6187 6195
f 6123 6195 6199
f 6123 6199 6211
f 6123 6211 6213
f 6123 6213 6202
f 6123 6202 6191
f 6123 6191 6183
f 6123 6183 6182
f 6123 6182 6175
f 6123 6175 6166
f 6123 6166 6165
f 6123 6165 6164
f 6123 6164 6154
f 6123 6154 6153
f 6123 6153 6147
f 6123 6147 6136
f 6123 6136 6128
f 6123 6128 6129
f 6123 6129 6130
f 6123 6130 6124
f 6125 6131 6132
f 6125 6132 6133
f 6126 6134 6143
f 6126 6143 6158
f 6126 6158 6144
f 6126 6144 6135
f 6126 6135 6127
f 6131 6137 6132
f 6132 6138 6139
f 6132 6139 6133
f 6132 6137 6140
f 6132 6140 6141
f 6132 6141 6138
f 6134 6142 6143
f 6135 6144 6145
f 6135 6145 6146
f 6136 6147 6148
f 6137 6148 6147
f 6137 6147 6140
f 6138 6149 6139
f 6138 6141 6150
f 6138 6150 6151
f 6138 6151 6149
f 6139 6149 6152
f 6140 6147 6153
f 6140 6153 6154
f 6140 6154 6141
f 6141 6154 6164
f 6141 6164 6150
f 6142 6155 6143
f 6143 6155 6156
f 6143 6156 6157
f 6143 6157 6158
f 6144 6158 6145
f 6145 6159 6146
f 6145 6158 6157
f 6145 6157 6160
f 6145 6160 6161
f 6145 6161 6159
f 6149 6151 6162
f 6149 6162 6163
f 6149 6163 6152
f 6150 6164 6151
f 6151 6164 6165
f 6151 6165 6166
f 6151 6166 6162
f 6155 6167 6168
f 6155 6168 6156
f 6156 6168 6160
f 6156 6160 6157
f 6160 6168 6169
f 6160 6169 6170
f 6160 6170 6161
f 6162 6171 6172
f 6162 6172 6173
f 6162 6173 6163
f 6162 6166 6174
f 6162 6174 6171
f 6166 6175 6174
f 6167 6176 6177
f 6167 6177 6168
f 6168 6177 6178
f 6168 6178 6169
f 6169 6178 6179
f 6169 6179 6180
f 6169 6180 6170
f 6171 6181 6172
f 6171 6174 6182
f 6171 6182 6183
f 6171 6183 6181
f 6172 6181 6184
f 6174 6175 6182
f 6176 6185 6186
f 6176 6186 6178
f 6176 6178 6177
f 6178 6186 6179
f 6179 6187 6180
f 6179 6186 6188
f 6179 6188 6189
f 6179 6189 6187
f 6181 6190 6184
f 6181 6183 6190
f 6183 6191 6190
f 6184 6190 6192
f 6185 6193 6194
f 6185 6194 6186
f 6186 6194 6188
f 6187 6189 6195
f 6188 6194 6196
f 6188 6196 6205
f 6188 6205 6197
f 6188 6197 6198
f 6188 6198 6189
f 6189 6198 6199
f 6189 6199 6195
f 6190 6200 6192
f 6190 6191 6201
f 6190 6201 6200
f 6191 6202 6201
f 6193 6203 6196
f 6193 6196 6194
f 6196 6203 6204
f 6196 6204 6214
f 6196 6214 6205
f 6197 6206 6207
f 6197 6207 6198
f 6197 6205 6208
f 6197 6208 6209
f 6197 6209 6210
f 6197 6210 6206
f 6198 6207 6211
f 6198 6211 6199
f 6200 6201 6213
f 6200 6213 6212
f 6201 6202 6213
f 6205 6214 6208
f 6206 6213 6207
f 6206 6210 6213
f 6207 6213 6211
f 6208 6212 6210
f 6208 6210 6209
f 6210 6212 6213

o geometry_32
v -0.01680988 0.04216461 -0.28861716
v 0.10351503 0.01234712 -0.28861716
v -0.01680988 0.11782193 -0.30172524
v -0.01680988 -0.22133960 -0.28861716
v 0.10351503 0.11782193 -0.34053019
v 0.10351503 -0.21951131 -0.28861716
v -0.01680988 0.11782193 -0.41469528
v -0.01680988 -0.21887975 -0.30183922
v -0.00838855 -0.21937836 -0.30183922
v 0.00718208 -0.22010966 -0.30183922
v 0.02274093 -0.22050857 -0.30183922
v 0.03831156 -0.22067477 -0.30183922
v 0.02274093 -0.22167201 -0.28861716
v 0.10351503 0.11782193 -0.41365678
v 0.10055873 -0.21971078 -0.28861716
v 0.10351503 -0.21854733 -0.29934424
v -0.00927190 0.11782193 -0.41555649
v 0.00718208 0.08587699 -0.41315017
v -0.00838855 0.10133422 -0.41344147
v -0.01680988 0.10967779 -0.41359344
v -0.01680988 -0.21628690 -0.31330086
v -0.00838855 -0.21665257 -0.31469399
v 0.00798299 -0.21671904 -0.31832880
v 0.02274093 -0.21768304 -0.31731562
v 0.03831156 -0.21818166 -0.31731562
v 0.05387041 -0.21824816 -0.31731562
v 0.05387041 -0.22057504 -0.30183922
v 0.03831156 -0.22177174 -0.28861716
v 0.10055873 0.07045300 -0.40966736
v 0.10055873 0.11782193 -0.41406205
v 0.10351503 0.05502901 -0.40779297
v 0.08499989 -0.21951131 -0.30183922
v 0.10055873 -0.21851407 -0.30183922
v 0.08499989 -0.22064154 -0.28861716
v 0.10351503 -0.21831463 -0.30183922
v 0.00780632 0.11782193 -0.41705093
v 0.00762965 0.11762248 -0.41701293
v 0.00718208 0.10133422 -0.41510055
v 0.02274093 0.07045300 -0.41259293
v 0.02274093 0.05502901 -0.41060456
v 0.02274093 0.03957179 -0.40851485
v 0.00718208 0.07045300 -0.41106050
v 0.00718208 0.03957179 -0.40684310
v -0.00838855 0.05502901 -0.40707108
v -0.00838855 0.03957179 -0.40490539
v -0.01680988 0.03119496 -0.40252440
v -0.01680988 -0.21336166 -0.32103906
v -0.00838855 -0.21412622 -0.32243219
v 0.00334242 -0.21482428 -0.32416726
v 0.01371892 -0.21518995 -0.32521843
v 0.02274093 -0.21542263 -0.32581370
v 0.03831156 -0.21578828 -0.32690286
v 0.05387041 -0.21592125 -0.32762475
v 0.06942926 -0.21578828 -0.32735880
v 0.06942926 -0.21791575 -0.31731562
v 0.06942926 -0.22020939 -0.30183922
v 0.06715609 -0.22133960 -0.28861716
v 0.05387041 -0.22163877 -0.28861716
v 0.05159723 -0.22167201 -0.28861716
v 0.08499989 0.07045300 -0.41108581
v 0.09953404 0.11782193 -0.41416335
v 0.10055873 0.05502901 -0.40822356
v 0.10351503 0.03604820 -0.40591858
v 0.08499989 -0.21725089 -0.31731562
v 0.09982849 -0.21618719 -0.31797417
v 0.10351503 -0.21608745 -0.31698633
v 0.08272671 -0.22074125 -0.28861716
v 0.01848904 0.11782193 -0.41768418
v 0.02274093 0.10133422 -0.41615175
v 0.02274093 0.08587699 -0.41444200
v 0.03831156 0.05502901 -0.41137711
v 0.03831156 0.03957179 -0.40942673
v 0.03831156 0.02414780 -0.40741301
v 0.03831156 0.00869057 -0.40533599
v 0.02274093 0.02414780 -0.40642515
v 0.00718208 0.02414780 -0.40470276
v -0.00118036 0.01587070 -0.40249908
v -0.00717541 0.02524476 -0.40301833
v -0.01155685 0.02085690 -0.40172652
v -0.00838855 -0.00673342 -0.39791443
v -0.00838855 -0.02215741 -0.39550811
v -0.00838855 -0.03761464 -0.39308912
v -0.01680988 -0.06600275 -0.38709869
v -0.01680988 -0.20561643 -0.33322261
v -0.00838855 -0.20771063 -0.33279199
v 0.00798299 -0.21100154 -0.33134822
v 0.02274093 -0.21130072 -0.33355190
v 0.03831156 -0.21223145 -0.33464106
v 0.05387041 -0.21296278 -0.33536295
v 0.06942926 -0.21299601 -0.33509700
v 0.08499989 -0.21548913 -0.32624429
v 0.06942926 -0.22127310 -0.28861716
v 0.06942926 0.07045300 -0.41228896
v 0.06849879 0.11782193 -0.41679765
v 0.08382207 0.11782193 -0.41554381
v 0.08498810 0.11782193 -0.41544251
v 0.08499989 0.05502901 -0.40961669
v 0.10351503 0.02075718 -0.40438614
v 0.10055873 0.03957179 -0.40665314
v 0.09415146 -0.21518995 -0.32537043
v 0.10351503 -0.21512345 -0.32236885
v 0.02274093 0.11782193 -0.41788682
v 0.02274093 0.11340083 -0.41743088
v 0.03831156 0.07045300 -0.41312485
v 0.05387041 0.05502901 -0.41133912
v 0.05387041 0.03957179 -0.40954071
v 0.05387041 0.02414780 -0.40765364
v 0.05387041 0.00869057 -0.40569059
v 0.05265726 -0.00822928 -0.40338561
v 0.04666222 -0.01434569 -0.40239777
v 0.03831156 -0.00553673 -0.40334761
v 0.02577968 -0.00264474 -0.40296769
v 0.02145712 0.00736091 -0.40394288
v 0.00718208 0.01241359 -0.40301833
v 0.00718208 0.00466836 -0.40184050
v 0.00718208 -0.03761464 -0.39535611
v -0.00310019 -0.07860123 -0.38733932
v -0.00838855 -0.05300538 -0.39061949
v -0.01347668 -0.07344882 -0.38650343
v -0.01680988 -0.07175351 -0.38612350
v -0.01680988 -0.20481863 -0.33431178
v -0.01680988 -0.20033105 -0.34040354
v -0.00838855 -0.20096263 -0.34183467
v 0.00718208 -0.20245852 -0.34349375
v 0.02274093 -0.20358872 -0.34487421
v 0.03831156 -0.20451946 -0.34597605
v 0.05387041 -0.20525078 -0.34644466
v 0.06942926 -0.20528402 -0.34624203
v 0.08499989 -0.20475216 -0.34572275
v 0.08499989 -0.21249740 -0.33398249
v 0.05387041 0.07045300 -0.41292222
v 0.05387041 0.11782193 -0.41754486
v 0.06831034 0.11782193 -0.41681030
v 0.06942926 0.05502901 -0.41076920
v 0.10055873 0.02414780 -0.40505736
v 0.10095918 0.00805898 -0.40332230
v 0.08499989 0.03957179 -0.40797026
v 0.10351503 0.00546616 -0.40281569
v 0.09982849 -0.21219822 -0.33143688
v 0.10351503 -0.21425919 -0.32528177
v 0.02904220 0.11782193 -0.41793748
v 0.03831156 0.11782193 -0.41800080
v 0.06942926 0.03957179 -0.40905945
v 0.06942926 0.02414780 -0.40732436
v 0.06942926 0.00869057 -0.40555130
v 0.06942926 -0.00673342 -0.40361359
v 0.05703871 -0.01524321 -0.40252440
v 0.05265726 -0.02109369 -0.40156188
v 0.05387041 -0.03761464 -0.39910490
v 0.03831156 -0.02215741 -0.40086531
v 0.03831156 -0.01324873 -0.40223313
v 0.01540318 0.00134423 -0.40235975
v 0.03831156 -0.03761464 -0.39845900
v 0.02274093 -0.03761464 -0.39725585
v 0.02274093 -0.02215741 -0.39963682
v 0.00718208 -0.05300538 -0.39289916
v 0.00718208 -0.06846261 -0.39039154
v 0.00303620 -0.08890605 -0.38649075
v -0.00832966 -0.08382012 -0.38562957
v -0.01680988 -0.09096701 -0.38275464
v -0.01680988 -0.08385336 -0.38402112
v -0.01680988 -0.19999863 -0.34084681
v 0.00718208 -0.19338361 -0.35123195
v 0.02274093 -0.19531161 -0.35261241
v 0.03831156 -0.19674099 -0.35370158
v 0.05387041 -0.19730610 -0.35417019
v 0.06942926 -0.19713990 -0.35396756
v 0.10055873 -0.20395437 -0.34477291
v 0.08499989 -0.19657478 -0.35344830
v 0.10351503 -0.20505134 -0.34250592
v 0.10351503 -0.21163313 -0.33174082
v 0.08499989 0.00869057 -0.40467744
v 0.09604773 -0.00131508 -0.40268904
v 0.10351503 -0.00234556 -0.40190384
v 0.10351503 -0.21269684 -0.32914454
v 0.08346873 -0.00656722 -0.40299301
v 0.07726168 -0.01447866 -0.40241042
v 0.06942926 -0.01507700 -0.40249908
v 0.06942926 -0.02278900 -0.40142258
v 0.06942926 -0.03761464 -0.39925690
v 0.06942926 -0.05300538 -0.39677459
v 0.05387041 -0.05300538 -0.39660995
v 0.03831156 -0.05300538 -0.39595138
v 0.02274093 -0.05300538 -0.39477355
v 0.02274093 -0.06846261 -0.39222794
v 0.01341269 -0.09266232 -0.38712401
v 0.00780632 -0.08382012 -0.38792188
v 0.00780632 -0.09841307 -0.38538894
v -0.00838855 -0.09931059 -0.38284330
v -0.01680988 -0.09931059 -0.38122221
v -0.01680988 -0.19182128 -0.34696391
v -0.00728141 -0.19055811 -0.35026944
v -0.00135703 -0.18447493 -0.35614589
v 0.00718208 -0.18563837 -0.35689312
v 0.02274093 -0.18759961 -0.35812161
v 0.03831156 -0.18902899 -0.35895748
v 0.05387041 -0.18959411 -0.35937542
v 0.06942926 -0.18942790 -0.35941342
v 0.08499989 -0.18886278 -0.35912212
v 0.10055873 -0.19537811 -0.35251111
v 0.10351503 -0.19677422 -0.35080136
v 0.10351503 -0.20372169 -0.34453228
v 0.10055873 -0.18766611 -0.35837489
v 0.10095918 -0.00656722 -0.40161255
v 0.10055873 -0.02215741 -0.39967481
v 0.08764995 -0.01161990 -0.40206849
v 0.10351503 -0.02215741 -0.39925690
v 0.08346873 -0.02062831 -0.40114393
v 0.08499989 -0.03761464 -0.39861097
v 0.08499989 -0.05300538 -0.39617933
v 0.08499989 -0.06846261 -0.39357038
v 0.06942926 -0.06846261 -0.39412765
v 0.05387041 -0.08388660 -0.39139204
v 0.05387041 -0.06846261 -0.39401367
v 0.03831156 -0.06846261 -0.39340573
v 0.02274093 -0.08388660 -0.38965698
v 0.02274093 -0.09548783 -0.38764326
v 0.02274093 -0.10319982 -0.38623748
v 0.00718208 -0.11476782 -0.38207075
v -0.00838855 -0.11476782 -0.37965178
v -0.01680988 -0.10642423 -0.37975309
v -0.01680988 -0.18141673 -0.35433484
v -0.01173352 -0.18254693 -0.35500606
v -0.00728141 -0.17702888 -0.35890681
v 0.00718208 -0.17649702 -0.36190839
v 0.02274093 -0.17649702 -0.36415006
v 0.03831156 -0.17649702 -0.36568250
v 0.05387041 -0.17649702 -0.36654371
v 0.06942926 -0.17649702 -0.36658170
v 0.08499989 -0.17649702 -0.36583447
v 0.10351503 -0.19507893 -0.35227048
v 0.10055873 -0.17649702 -0.36439069
v 0.10351503 -0.17829205 -0.36303555
v 0.10351503 -0.18733370 -0.35814693
v 0.10351503 -0.02508265 -0.39886427
v 0.10055873 -0.03761464 -0.39750915
v 0.10055873 -0.05300538 -0.39510284
v 0.10055873 -0.06846261 -0.39256987
v 0.08931066 -0.10625803 -0.38679472
v 0.08499989 -0.08388660 -0.39089811
v 0.06942926 -0.08388660 -0.39146803
v 0.03831156 -0.08388660 -0.39080945
v 0.05387041 -0.09931059 -0.38865644
v 0.03954826 -0.10024135 -0.38797255
v 0.03517859 -0.10602534 -0.38674406
v 0.02274093 -0.11476782 -0.38389447
v 0.02274093 -0.13019180 -0.38043698
v 0.00718208 -0.13019180 -0.37853727
v -0.01680988 -0.11476782 -0.37800535
v -0.00838855 -0.13019180 -0.37601698
v -0.01680988 -0.17819232 -0.35610790
v -0.01680988 -0.17420335 -0.35821027
v -0.00838855 -0.16107303 -0.36602443
v 0.00674629 -0.16030847 -0.36911467
v 0.02274093 -0.16423095 -0.36976057
v 0.03831156 -0.16612570 -0.37045711
v 0.05387041 -0.16728916 -0.37088773
v 0.06942926 -0.16728916 -0.37088773
v 0.08499989 -0.16609247 -0.37043179
v 0.10055873 -0.16446364 -0.36974790
v 0.10351503 -0.17649702 -0.36398542
v 0.10351503 -0.03761464 -0.39710388
v 0.10351503 -0.04053988 -0.39666059
v 0.10351503 -0.05593062 -0.39425430
v 0.10351503 -0.06846261 -0.39218992
v 0.10351503 -0.07138785 -0.39169599
v 0.10351503 -0.08674536 -0.38907439
v 0.10055873 -0.08388660 -0.38988493
v 0.08446987 -0.11340492 -0.38547757
v 0.07893417 -0.10735500 -0.38701003
v 0.08446987 -0.10040756 -0.38802321
v 0.10055873 -0.09605293 -0.38773192
v 0.10055873 -0.10379817 -0.38633878
v 0.10055873 -0.11476782 -0.38409711
v 0.10055873 -0.13019180 -0.38062697
v 0.08499989 -0.13019180 -0.38167815
v 0.06942926 -0.09931059 -0.38871978
v 0.06942926 -0.10788686 -0.38712401
v 0.05387041 -0.10772065 -0.38708602
v 0.04554330 -0.10715555 -0.38695936
v 0.03954826 -0.11327196 -0.38540159
v 0.03831156 -0.13019180 -0.38156417
v 0.03831156 -0.14564903 -0.37749874
v 0.02274093 -0.14564903 -0.37621961
v 0.00674629 -0.14667952 -0.37383861
v -0.00838855 -0.14202572 -0.37278744
v -0.01680988 -0.11616395 -0.37767606
v -0.01680988 -0.13009208 -0.37435789
v -0.01680988 -0.12184823 -0.37633359
v -0.01680988 -0.13943290 -0.37196425
v -0.01680988 -0.16107303 -0.36408673
v -0.01680988 -0.14780972 -0.36903866
v -0.00838855 -0.14973772 -0.37022915
v 0.00126948 -0.15253000 -0.37119167
v 0.01165775 -0.15465744 -0.37195158
v 0.02274093 -0.15651895 -0.37264814
v 0.03831156 -0.15841370 -0.37334471
v 0.05387041 -0.15957716 -0.37374998
v 0.06942926 -0.15954391 -0.37374998
v 0.08499989 -0.15838047 -0.37335736
v 0.10055873 -0.15675165 -0.37277480
v 0.10351503 -0.16672405 -0.36832944
v 0.10351503 -0.15628626 -0.37261015
v 0.10351503 -0.16373232 -0.36963392
v 0.10351503 -0.09518866 -0.38757995
v 0.06942926 -0.13019180 -0.38218472
v 0.06942926 -0.11559885 -0.38542693
v 0.10351503 -0.10280093 -0.38613615
v 0.10351503 -0.10585913 -0.38552824
v 0.10351503 -0.11476782 -0.38371718
v 0.10351503 -0.13019180 -0.38024702
v 0.10055873 -0.14564903 -0.37644757
v 0.08499989 -0.14564903 -0.37754941
v 0.06942926 -0.14564903 -0.37825865
v 0.05387041 -0.11543264 -0.38538894
v 0.05387041 -0.13019180 -0.38212141
v 0.05387041 -0.14564903 -0.37820798
v -0.01680988 -0.14033042 -0.37166028
v -0.01680988 -0.14697868 -0.36934262
v 0.10351503 -0.14804241 -0.37533308
v 0.10351503 -0.14581524 -0.37600430
f 6215 6216 6217
f 6215 6217 6221
f 6215 6221 6234
f 6215 6234 6260
f 6215 6260 6297
f 6215 6297 6334
f 6215 6334 6375
f 6215 6375 6374
f 6215 6374 6404
f 6215 6404 6435
f 6215 6435 6463
f 6215 6463 6501
f 6215 6501 6503
f 6215 6503 6502
f 6215 6502 6504
f 6215 6504 6532
f 6215 6532 6533
f 6215 6533 6506
f 6215 6506 6505
f 6215 6505 6466
f 6215 6466 6465
f 6215 6465 6436
f 6215 6436 6405
f 6215 6405 6376
f 6215 6376 6336
f 6215 6336 6335
f 6215 6335 6298
f 6215 6298 6261
f 6215 6261 6235
f 6215 6235 6222
f 6215 6222 6218
f 6215 6218 6227
f 6215 6227 6242
f 6215 6242 6273
f 6215 6273 6272
f 6215 6272 6271
f 6215 6271 6306
f 6215 6306 6281
f 6215 6281 6248
f 6215 6248 6229
f 6215 6229 6220
f 6215 6220 6216
f 6216 6219 6217
f 6216 6220 6230
f 6216 6230 6249
f 6216 6249 6280
f 6216 6280 6315
f 6216 6315 6354
f 6216 6354 6389
f 6216 6389 6385
f 6216 6385 6384
f 6216 6384 6416
f 6216 6416 6415
f 6216 6415 6445
f 6216 6445 6448
f 6216 6448 6447
f 6216 6447 6475
f 6216 6475 6516
f 6216 6516 6518
f 6216 6518 6517
f 6216 6517 6534
f 6216 6534 6535
f 6216 6535 6525
f 6216 6525 6524
f 6216 6524 6523
f 6216 6523 6522
f 6216 6522 6519
f 6216 6519 6481
f 6216 6481 6480
f 6216 6480 6479
f 6216 6479 6478
f 6216 6478 6477
f 6216 6477 6476
f 6216 6476 6449
f 6216 6449 6421
f 6216 6421 6388
f 6216 6388 6352
f 6216 6352 6312
f 6216 6312 6277
f 6216 6277 6245
f 6216 6245 6228
f 6216 6228 6219
f 6217 6219 6228
f 6217 6228 6244
f 6217 6244 6275
f 6217 6275 6310
f 6217 6310 6309
f 6217 6309 6308
f 6217 6308 6347
f 6217 6347 6346
f 6217 6346 6356
f 6217 6356 6355
f 6217 6355 6316
f 6217 6316 6282
f 6217 6282 6250
f 6217 6250 6231
f 6217 6231 6221
f 6218 6222 6223
f 6218 6223 6224
f 6218 6224 6225
f 6218 6225 6226
f 6218 6226 6227
f 6220 6229 6230
f 6221 6231 6232
f 6221 6232 6233
f 6221 6233 6234
f 6222 6235 6236
f 6222 6236 6223
f 6223 6236 6237
f 6223 6237 6238
f 6223 6238 6224
f 6224 6238 6239
f 6224 6239 6225
f 6225 6239 6226
f 6226 6239 6240
f 6226 6240 6241
f 6226 6241 6242
f 6226 6242 6227
f 6228 6243 6244
f 6228 6245 6243
f 6229 6246 6247
f 6229 6247 6230
f 6229 6248 6246
f 6230 6247 6249
f 6231 6250 6251
f 6231 6251 6252
f 6231 6252 6232
f 6232 6253 6254
f 6232 6254 6255
f 6232 6255 6289
f 6232 6289 6256
f 6232 6256 6233
f 6232 6252 6253
f 6233 6256 6234
f 6234 6256 6257
f 6234 6257 6258
f 6234 6258 6259
f 6234 6259 6260
f 6235 6261 6262
f 6235 6262 6263
f 6235 6263 6236
f 6236 6263 6237
f 6237 6263 6264
f 6237 6264 6238
f 6238 6264 6265
f 6238 6265 6266
f 6238 6266 6239
f 6239 6266 6267
f 6239 6267 6240
f 6240 6267 6268
f 6240 6268 6269
f 6240 6269 6241
f 6241 6269 6270
f 6241 6270 6271
f 6241 6271 6272
f 6241 6272 6273
f 6241 6273 6242
f 6243 6274 6275
f 6243 6275 6244
f 6243 6245 6276
f 6243 6276 6274
f 6245 6277 6276
f 6246 6248 6270
f 6246 6270 6278
f 6246 6278 6247
f 6247 6278 6279
f 6247 6279 6280
f 6247 6280 6249
f 6248 6281 6270
f 6250 6282 6283
f 6250 6283 6284
f 6250 6284 6252
f 6250 6252 6251
f 6252 6284 6253
f 6253 6284 6285
f 6253 6285 6286
f 6253 6286 6254
f 6254 6286 6287
f 6254 6287 6288
f 6254 6288 6255
f 6255 6288 6289
f 6256 6289 6257
f 6257 6289 6290
f 6257 6290 6258
f 6258 6290 6291
f 6258 6291 6259
f 6259 6291 6292
f 6259 6292 6260
f 6260 6292 6291
f 6260 6291 6293
f 6260 6293 6294
f 6260 6294 6295
f 6260 6295 6296
f 6260 6296 6297
f 6261 6298 6299
f 6261 6299 6262
f 6262 6299 6263
f 6263 6299 6300
f 6263 6300 6301
f 6263 6301 6302
f 6263 6302 6264
f 6264 6302 6303
f 6264 6303 6265
f 6265 6303 6266
f 6266 6303 6267
f 6267 6303 6304
f 6267 6304 6268
f 6268 6304 6305
f 6268 6305 6269
f 6269 6305 6278
f 6269 6278 6270
f 6270 6281 6306
f 6270 6306 6271
f 6274 6307 6308
f 6274 6308 6309
f 6274 6309 6310
f 6274 6310 6275
f 6274 6276 6311
f 6274 6311 6307
f 6276 6277 6312
f 6276 6312 6313
f 6276 6313 6311
f 6278 6305 6314
f 6278 6314 6279
f 6279 6314 6315
f 6279 6315 6280
f 6282 6316 6317
f 6282 6317 6283
f 6283 6318 6284
f 6283 6317 6318
f 6284 6318 6285
f 6285 6318 6319
f 6285 6319 6320
f 6285 6320 6321
f 6285 6321 6286
f 6286 6321 6322
f 6286 6322 6287
f 6287 6322 6288
f 6288 6322 6323
f 6288 6323 6324
f 6288 6324 6325
f 6288 6325 6326
f 6288 6326 6289
f 6289 6326 6327
f 6289 6327 6290
f 6290 6327 6328
f 6290 6328 6291
f 6291 6328 6329
f 6291 6329 6330
f 6291 6330 6295
f 6291 6295 6294
f 6291 6294 6293
f 6295 6330 6296
f 6296 6330 6331
f 6296 6331 6332
f 6296 6332 6333
f 6296 6333 6297
f 6297 6333 6334
f 6298 6335 6299
f 6299 6335 6336
f 6299 6336 6337
f 6299 6337 6338
f 6299 6338 6300
f 6300 6338 6339
f 6300 6339 6301
f 6301 6339 6340
f 6301 6340 6302
f 6302 6340 6303
f 6303 6340 6341
f 6303 6341 6342
f 6303 6342 6304
f 6304 6342 6343
f 6304 6343 6344
f 6304 6344 6305
f 6305 6344 6314
f 6307 6345 6346
f 6307 6346 6347
f 6307 6347 6308
f 6307 6311 6348
f 6307 6348 6345
f 6311 6313 6349
f 6311 6349 6350
f 6311 6350 6351
f 6311 6351 6348
f 6312 6352 6313
f 6313 6352 6349
f 6314 6344 6353
f 6314 6353 6354
f 6314 6354 6315
f 6316 6355 6317
f 6317 6355 6318
f 6318 6355 6356
f 6318 6356 6319
f 6319 6348 6357
f 6319 6357 6358
f 6319 6358 6359
f 6319 6359 6320
f 6319 6356 6345
f 6319 6345 6348
f 6320 6359 6321
f 6321 6359 6360
f 6321 6360 6322
f 6322 6360 6361
f 6322 6361 6323
f 6323 6361 6324
f 6324 6361 6362
f 6324 6362 6363
f 6324 6363 6364
f 6324 6364 6365
f 6324 6365 6325
f 6325 6365 6326
f 6326 6366 6327
f 6326 6365 6364
f 6326 6364 6367
f 6326 6367 6368
f 6326 6368 6369
f 6326 6369 6366
f 6327 6366 6328
f 6328 6366 6329
f 6329 6366 6330
f 6330 6366 6369
f 6330 6369 6368
f 6330 6368 6370
f 6330 6370 6331
f 6331 6371 6372
f 6331 6372 6373
f 6331 6373 6333
f 6331 6333 6332
f 6331 6370 6371
f 6333 6373 6374
f 6333 6374 6375
f 6333 6375 6334
f 6336 6376 6337
f 6337 6376 6377
f 6337 6377 6378
f 6337 6378 6338
f 6338 6378 6339
f 6339 6378 6379
f 6339 6379 6340
f 6340 6379 6341
f 6341 6380 6342
f 6341 6379 6380
f 6342 6380 6381
f 6342 6381 6343
f 6343 6382 6344
f 6343 6381 6383
f 6343 6383 6382
f 6344 6382 6384
f 6344 6384 6385
f 6344 6385 6353
f 6345 6356 6346
f 6348 6351 6386
f 6348 6386 6357
f 6349 6352 6350
f 6350 6352 6387
f 6350 6387 6386
f 6350 6386 6351
f 6352 6388 6387
f 6353 6385 6389
f 6353 6389 6354
f 6357 6386 6358
f 6358 6386 6359
f 6359 6386 6390
f 6359 6390 6391
f 6359 6391 6360
f 6360 6391 6392
f 6360 6392 6361
f 6361 6392 6393
f 6361 6393 6394
f 6361 6394 6363
f 6361 6363 6362
f 6363 6367 6364
f 6363 6394 6395
f 6363 6395 6396
f 6363 6396 6367
f 6367 6396 6397
f 6367 6397 6398
f 6367 6398 6368
f 6368 6398 6370
f 6370 6398 6371
f 6371 6399 6400
f 6371 6400 6401
f 6371 6401 6372
f 6371 6398 6399
f 6372 6400 6402
f 6372 6402 6403
f 6372 6403 6373
f 6372 6401 6400
f 6373 6403 6374
f 6374 6403 6404
f 6376 6405 6406
f 6376 6406 6377
f 6377 6406 6407
f 6377 6407 6408
f 6377 6408 6378
f 6378 6408 6409
f 6378 6409 6379
f 6379 6409 6410
f 6379 6410 6380
f 6380 6410 6411
f 6380 6411 6412
f 6380 6412 6381
f 6381 6412 6413
f 6381 6413 6383
f 6382 6383 6414
f 6382 6414 6415
f 6382 6415 6416
f 6382 6416 6384
f 6383 6413 6417
f 6383 6417 6414
f 6386 6387 6390
f 6387 6388 6418
f 6387 6418 6419
f 6387 6419 6420
f 6387 6420 6390
f 6388 6421 6419
f 6388 6419 6418
f 6390 6420 6391
f 6391 6422 6423
f 6391 6423 6394
f 6391 6394 6393
f 6391 6393 6392
f 6391 6420 6422
f 6394 6423 6424
f 6394 6424 6395
f 6395 6424 6425
f 6395 6425 6426
f 6395 6426 6427
f 6395 6427 6428
f 6395 6428 6396
f 6396 6428 6429
f 6396 6429 6397
f 6397 6429 6399
f 6397 6399 6398
f 6399 6429 6430
f 6399 6430 6400
f 6400 6431 6432
f 6400 6432 6402
f 6400 6430 6431
f 6402 6432 6433
f 6402 6433 6403
f 6403 6433 6434
f 6403 6434 6404
f 6404 6434 6435
f 6405 6436 6437
f 6405 6437 6406
f 6406 6437 6407
f 6407 6437 6438
f 6407 6438 6439
f 6407 6439 6408
f 6408 6439 6409
f 6409 6439 6440
f 6409 6440 6410
f 6410 6440 6441
f 6410 6441 6442
f 6410 6442 6411
f 6411 6443 6412
f 6411 6442 6443
f 6412 6443 6413
f 6413 6443 6444
f 6413 6444 6417
f 6414 6417 6445
f 6414 6445 6415
f 6417 6444 6446
f 6417 6446 6447
f 6417 6447 6448
f 6417 6448 6445
f 6419 6421 6449
f 6419 6449 6450
f 6419 6450 6422
f 6419 6422 6420
f 6422 6450 6423
f 6423 6450 6451
f 6423 6451 6424
f 6424 6451 6452
f 6424 6452 6425
f 6425 6452 6453
f 6425 6453 6454
f 6425 6454 6455
f 6425 6455 6426
f 6426 6455 6427
f 6427 6456 6428
f 6427 6455 6457
f 6427 6457 6458
f 6427 6458 6456
f 6428 6456 6429
f 6429 6456 6430
f 6430 6456 6459
f 6430 6459 6431
f 6431 6459 6432
f 6432 6459 6460
f 6432 6460 6433
f 6433 6460 6461
f 6433 6461 6462
f 6433 6462 6434
f 6434 6463 6435
f 6434 6462 6464
f 6434 6464 6463
f 6436 6465 6437
f 6437 6465 6466
f 6437 6466 6438
f 6438 6466 6467
f 6438 6467 6439
f 6439 6467 6468
f 6439 6468 6469
f 6439 6469 6440
f 6440 6469 6470
f 6440 6470 6441
f 6441 6470 6471
f 6441 6471 6442
f 6442 6471 6443
f 6443 6471 6472
f 6443 6472 6444
f 6444 6472 6473
f 6444 6473 6474
f 6444 6474 6446
f 6446 6474 6475
f 6446 6475 6447
f 6449 6476 6450
f 6450 6476 6477
f 6450 6477 6478
f 6450 6478 6451
f 6451 6478 6452
f 6452 6478 6479
f 6452 6479 6480
f 6452 6480 6481
f 6452 6481 6482
f 6452 6482 6453
f 6453 6483 6484
f 6453 6484 6485
f 6453 6485 6454
f 6453 6482 6486
f 6453 6486 6487
f 6453 6487 6488
f 6453 6488 6489
f 6453 6489 6490
f 6453 6490 6483
f 6454 6485 6484
f 6454 6484 6455
f 6455 6484 6491
f 6455 6491 6457
f 6456 6458 6459
f 6457 6491 6492
f 6457 6492 6493
f 6457 6493 6494
f 6457 6494 6458
f 6458 6494 6459
f 6459 6494 6495
f 6459 6495 6496
f 6459 6496 6460
f 6460 6496 6461
f 6461 6496 6497
f 6461 6497 6498
f 6461 6498 6462
f 6462 6498 6499
f 6462 6499 6500
f 6462 6500 6464
f 6463 6464 6501
f 6464 6502 6503
f 6464 6503 6501
f 6464 6500 6504
f 6464 6504 6502
f 6466 6505 6467
f 6467 6505 6506
f 6467 6506 6507
f 6467 6507 6508
f 6467 6508 6468
f 6468 6508 6509
f 6468 6509 6469
f 6469 6509 6510
f 6469 6510 6511
f 6469 6511 6470
f 6470 6511 6471
f 6471 6511 6512
f 6471 6512 6472
f 6472 6512 6513
f 6472 6513 6514
f 6472 6514 6473
f 6473 6514 6515
f 6473 6515 6474
f 6474 6516 6475
f 6474 6515 6517
f 6474 6517 6518
f 6474 6518 6516
f 6481 6519 6486
f 6481 6486 6482
f 6483 6490 6520
f 6483 6520 6484
f 6484 6520 6521
f 6484 6521 6492
f 6484 6492 6491
f 6486 6519 6487
f 6487 6522 6523
f 6487 6523 6524
f 6487 6524 6488
f 6487 6519 6522
f 6488 6524 6525
f 6488 6525 6489
f 6489 6525 6526
f 6489 6526 6527
f 6489 6527 6490
f 6490 6527 6528
f 6490 6528 6520
f 6492 6521 6529
f 6492 6529 6493
f 6493 6529 6494
f 6494 6529 6530
f 6494 6530 6495
f 6495 6530 6496
f 6496 6530 6531
f 6496 6531 6497
f 6497 6531 6512
f 6497 6512 6511
f 6497 6511 6498
f 6498 6511 6510
f 6498 6510 6509
f 6498 6509 6499
f 6499 6509 6508
f 6499 6508 6500
f 6500 6508 6507
f 6500 6507 6504
f 6504 6507 6532
f 6506 6533 6507
f 6507 6533 6532
f 6512 6531 6528
f 6512 6528 6513
f 6513 6528 6527
f 6513 6527 6514
f 6514 6527 6526
f 6514 6526 6515
f 6515 6526 6517
f 6517 6526 6534
f 6520 6530 6521
f 6520 6528 6531
f 6520 6531 6530
f 6521 6530 6529
f 6525 6535 6526
f 6526 6535 6534

o geometry_33
v -0.13875140 0.06892187 0.20110114
v -0.13875140 0.13949464 0.20110114
v -0.12498916 0.06892187 0.20110114
v -0.13875140 0.06892187 0.36903204
v -0.12428340 0.13949464 0.20110114
v -0.13875140 0.13949464 0.38233234
v -0.12496010 0.06973018 0.20110114
v -0.09633961 0.06892187 0.24665758
v -0.13793770 0.06892187 0.36948059
v -0.13784638 0.07047633 0.36983162
v -0.13875140 0.07549898 0.37029965
v -0.12415056 0.13221283 0.20110114
v -0.09639773 0.13949464 0.24993390
v -0.09633961 0.13945318 0.24999243
v -0.13787544 0.13949464 0.38280037
v -0.12423773 0.11492716 0.20110114
v -0.12421282 0.11677870 0.20110114
v -0.12414225 0.13020237 0.20110114
v -0.09633961 0.06892187 0.38742233
v -0.13757652 0.06892187 0.36967559
v -0.12979245 0.06892187 0.37365399
v -0.13470784 0.13949464 0.38447756
v -0.09633961 0.13949464 0.25574547
v -0.09633961 0.13814052 0.40007906
v -0.10153730 0.13949464 0.39846040
v -0.10727468 0.08282915 0.38594017
v -0.10419842 0.07047633 0.38478958
v -0.10378741 0.06892187 0.38465307
v -0.11835921 0.06892187 0.37880249
v -0.12477328 0.12531099 0.38664225
v -0.12684903 0.13559810 0.38759784
v -0.12760461 0.13949464 0.38794888
v -0.09633961 0.13949464 0.40031310
v -0.11801463 0.13949464 0.39206378
v -0.10980295 0.09312317 0.38687629
v -0.10551444 0.06892187 0.38398999
v -0.11735870 0.06892187 0.37925104
v -0.12377692 0.13949464 0.38962603
f 6536 6537 6540
f 6536 6540 6547
f 6536 6547 6553
f 6536 6553 6552
f 6536 6552 6551
f 6536 6551 6542
f 6536 6542 6538
f 6536 6538 6543
f 6536 6543 6554
f 6536 6554 6563
f 6536 6563 6571
f 6536 6571 6572
f 6536 6572 6564
f 6536 6564 6556
f 6536 6556 6555
f 6536 6555 6544
f 6536 6544 6539
f 6536 6539 6546
f 6536 6546 6541
f 6536 6541 6537
f 6537 6541 6550
f 6537 6550 6557
f 6537 6557 6567
f 6537 6567 6573
f 6537 6573 6569
f 6537 6569 6560
f 6537 6560 6568
f 6537 6568 6558
f 6537 6558 6548
f 6537 6548 6540
f 6538 6542 6543
f 6539 6544 6545
f 6539 6545 6546
f 6540 6548 6549
f 6540 6549 6543
f 6540 6543 6547
f 6541 6546 6550
f 6542 6551 6543
f 6543 6551 6552
f 6543 6552 6553
f 6543 6553 6547
f 6543 6549 6558
f 6543 6558 6568
f 6543 6568 6559
f 6543 6559 6554
f 6544 6555 6545
f 6545 6555 6556
f 6545 6556 6557
f 6545 6557 6546
f 6546 6557 6550
f 6548 6558 6549
f 6554 6559 6560
f 6554 6560 6561
f 6554 6561 6562
f 6554 6562 6563
f 6556 6564 6565
f 6556 6565 6566
f 6556 6566 6557
f 6557 6566 6567
f 6559 6568 6560
f 6560 6569 6570
f 6560 6570 6561
f 6561 6571 6562
f 6561 6570 6572
f 6561 6572 6571
f 6562 6571 6563
f 6564 6572 6565
f 6565 6570 6569
f 6565 6569 6573
f 6565 6573 6566
f 6565 6572 6570
f 6566 6573 6567

o geometry_34
v 0.02375806 -0.22480628 -0.23583841
v 0.02375806 -0.22459726 -0.23967179
v 0.03830685 -0.22283551 -0.27088133
v 0.03830685 -0.22367159 -0.25540830
v 0.02686371 -0.22477641 -0.23583841
v 0.02375806 0.05223490 -0.23583841
v 0.02375806 -0.22376118 -0.25441120
v 0.03830685 -0.22193972 -0.28635435
v 0.05388290 -0.22182027 -0.28635435
v 0.04242782 -0.22459726 -0.23583841
v 0.03830685 -0.22465697 -0.23583841
v 0.05388290 -0.22265635 -0.27088133
v 0.05793220 0.06017766 -0.23583841
v 0.02375806 0.05214531 -0.23616388
v 0.02375806 -0.22286537 -0.26987905
v 0.02375806 -0.22280565 -0.27088133
v 0.02375806 -0.22188000 -0.28635435
v 0.03830685 -0.22176055 -0.28861202
v 0.05160144 -0.22167098 -0.28861202
v 0.05388290 -0.22164111 -0.28861202
v 0.06716554 -0.22134251 -0.28861202
v 0.06944701 -0.22146195 -0.28635435
v 0.05388290 -0.22343271 -0.25540830
v 0.05799193 -0.22432852 -0.23583841
v 0.06944701 -0.22229804 -0.27088133
v 0.06944701 -0.22388061 -0.23993528
v 0.06944701 -0.22408963 -0.23583841
v 0.14576249 0.08024359 -0.23583841
v 0.02375806 0.05071204 -0.24095820
v 0.02375806 -0.22170083 -0.28861202
v 0.06944701 -0.22128279 -0.28861202
v 0.08499917 -0.22173070 -0.27088133
v 0.08499917 -0.22364173 -0.23583841
v 0.08499917 -0.22083489 -0.28635435
v 0.14576249 0.07525696 -0.24343801
v 0.02735345 0.04787533 -0.24841313
v 0.02375806 0.04972666 -0.24306603
v 0.14576249 -0.21987937 -0.23583841
v 0.02375806 0.01586540 -0.28861202
v 0.08499917 -0.22065573 -0.28861202
v 0.10056327 -0.22274593 -0.23993528
v 0.08912013 -0.22346257 -0.23583841
v 0.10056327 -0.21990924 -0.28635435
v 0.10056327 -0.22089462 -0.27088133
v 0.02375806 0.04390396 -0.25269082
v 0.14576249 0.06743365 -0.25207088
v 0.02375806 0.01894099 -0.28536242
v 0.13169148 -0.22107377 -0.23583841
v 0.14576249 -0.21987937 -0.23623622
v 0.14576249 0.05811732 -0.25980481
v 0.14575055 0.02207629 -0.28861202
v 0.09829376 -0.21984951 -0.28861202
v 0.11612738 -0.22211887 -0.23583841
v 0.10468423 -0.22274593 -0.23583841
v 0.10056327 -0.22295495 -0.23583841
v 0.11612738 -0.22086475 -0.25540830
v 0.12024834 -0.22185013 -0.23583841
v 0.10056327 -0.21970022 -0.28861202
v 0.11612738 -0.21880441 -0.28635435
v 0.11612738 -0.21984951 -0.27088133
v 0.13169148 -0.21975994 -0.25540830
v 0.13169148 -0.21871484 -0.27088133
v 0.14576249 -0.21856553 -0.25540830
v 0.14576249 0.02210614 -0.28858617
v 0.14576249 0.02174783 -0.28861202
v 0.11612738 -0.21859539 -0.28861202
v 0.12942197 -0.21755029 -0.28861202
v 0.13169148 -0.21755029 -0.28635435
v 0.14576249 -0.21749057 -0.27088133
v 0.14576249 -0.21596771 -0.28861202
v 0.13170342 -0.21734127 -0.28861202
v 0.14576249 -0.21617673 -0.28657132
v 0.14576249 -0.21737113 -0.27236403
v 0.14576249 -0.21599757 -0.28842601
v 0.14557138 -0.21599757 -0.28861202
f 6574 6575 6576
f 6574 6576 6577
f 6574 6577 6578
f 6574 6578 6584
f 6574 6584 6583
f 6574 6583 6597
f 6574 6597 6600
f 6574 6600 6606
f 6574 6606 6615
f 6574 6615 6628
f 6574 6628 6627
f 6574 6627 6626
f 6574 6626 6630
f 6574 6630 6621
f 6574 6621 6611
f 6574 6611 6601
f 6574 6601 6586
f 6574 6586 6579
f 6574 6579 6587
f 6574 6587 6602
f 6574 6602 6610
f 6574 6610 6618
f 6574 6618 6620
f 6574 6620 6612
f 6574 6612 6603
f 6574 6603 6590
f 6574 6590 6589
f 6574 6589 6588
f 6574 6588 6580
f 6574 6580 6575
f 6575 6580 6576
f 6576 6580 6581
f 6576 6581 6582
f 6576 6582 6585
f 6576 6585 6577
f 6577 6583 6584
f 6577 6584 6578
f 6577 6585 6583
f 6579 6586 6587
f 6580 6588 6581
f 6581 6588 6589
f 6581 6589 6590
f 6581 6590 6603
f 6581 6603 6591
f 6581 6591 6592
f 6581 6592 6582
f 6582 6592 6593
f 6582 6593 6594
f 6582 6594 6595
f 6582 6595 6598
f 6582 6598 6585
f 6583 6585 6596
f 6583 6596 6597
f 6585 6598 6599
f 6585 6599 6600
f 6585 6600 6596
f 6586 6601 6602
f 6586 6602 6587
f 6591 6603 6612
f 6591 6612 6624
f 6591 6624 6638
f 6591 6638 6643
f 6591 6643 6648
f 6591 6648 6644
f 6591 6644 6640
f 6591 6640 6639
f 6591 6639 6631
f 6591 6631 6625
f 6591 6625 6613
f 6591 6613 6604
f 6591 6604 6594
f 6591 6594 6593
f 6591 6593 6592
f 6594 6604 6595
f 6595 6605 6606
f 6595 6606 6598
f 6595 6604 6613
f 6595 6613 6607
f 6595 6607 6605
f 6596 6600 6597
f 6598 6606 6599
f 6599 6606 6600
f 6601 6608 6609
f 6601 6609 6610
f 6601 6610 6602
f 6601 6611 6622
f 6601 6622 6636
f 6601 6636 6642
f 6601 6642 6646
f 6601 6646 6645
f 6601 6645 6647
f 6601 6647 6643
f 6601 6643 6638
f 6601 6638 6637
f 6601 6637 6623
f 6601 6623 6619
f 6601 6619 6608
f 6605 6607 6614
f 6605 6614 6606
f 6606 6614 6615
f 6607 6613 6616
f 6607 6616 6617
f 6607 6617 6614
f 6608 6618 6609
f 6608 6619 6620
f 6608 6620 6618
f 6609 6618 6610
f 6611 6621 6622
f 6612 6620 6619
f 6612 6619 6623
f 6612 6623 6624
f 6613 6625 6616
f 6614 6626 6627
f 6614 6627 6628
f 6614 6628 6615
f 6614 6617 6626
f 6616 6629 6630
f 6616 6630 6626
f 6616 6626 6617
f 6616 6625 6631
f 6616 6631 6639
f 6616 6639 6632
f 6616 6632 6633
f 6616 6633 6629
f 6621 6630 6629
f 6621 6629 6633
f 6621 6633 6634
f 6621 6634 6622
f 6622 6634 6635
f 6622 6635 6636
f 6623 6637 6624
f 6624 6637 6638
f 6632 6639 6640
f 6632 6640 6641
f 6632 6641 6635
f 6632 6635 6634
f 6632 6634 6633
f 6635 6641 6642
f 6635 6642 6636
f 6640 6644 6641
f 6641 6644 6645
f 6641 6645 6646
f 6641 6646 6642
f 6643 6647 6648
f 6644 6648 6647
f 6644 6647 6645

o geometry_35
v 0.02374611 0.05225340 -0.23583841
v 0.02374611 0.05070908 -0.24095820
v -0.02173019 0.05275882 -0.28861202
v 0.00102577 0.04868741 -0.23583841
v 0.02374611 -0.22479845 -0.23583841
v 0.02374611 0.04972633 -0.24306603
v -0.02173019 0.04377365 -0.23583841
v -0.01206158 0.04601994 -0.23583841
v -0.00601202 0.04733964 -0.23583841
v 0.02374611 0.04388598 -0.25269082
v 0.02141354 0.01965411 -0.28861202
v -0.02173019 -0.22162557 -0.28861202
v -0.02173019 -0.22752208 -0.23583841
v -0.02173019 -0.23409248 -0.25540830
v 0.02374611 -0.22460191 -0.23967179
v 0.02374611 0.01895214 -0.28536242
v 0.02374611 0.01586350 -0.28861202
v 0.02273563 -0.22168173 -0.28861202
v 0.02374611 -0.22168173 -0.28861202
v 0.02374611 -0.22170980 -0.28846735
v 0.02374611 -0.22187828 -0.28635435
v 0.02374611 -0.22280488 -0.27088133
v 0.02374611 -0.22370339 -0.25540830
f 6649 6650 6651
f 6649 6651 6652
f 6649 6652 6657
f 6649 6657 6656
f 6649 6656 6655
f 6649 6655 6661
f 6649 6661 6653
f 6649 6653 6663
f 6649 6663 6671
f 6649 6671 6670
f 6649 6670 6669
f 6649 6669 6668
f 6649 6668 6667
f 6649 6667 6665
f 6649 6665 6664
f 6649 6664 6658
f 6649 6658 6654
f 6649 6654 6650
f 6650 6654 6651
f 6651 6655 6656
f 6651 6656 6657
f 6651 6657 6652
f 6651 6654 6658
f 6651 6658 6659
f 6651 6659 6665
f 6651 6665 6667
f 6651 6667 6666
f 6651 6666 6660
f 6651 6660 6662
f 6651 6662 6661
f 6651 6661 6655
f 6653 6661 6662
f 6653 6662 6663
f 6658 6664 6659
f 6659 6664 6665
f 6660 6666 6662
f 6662 6667 6668
f 6662 6668 6669
f 6662 6669 6670
f 6662 6670 6671
f 6662 6671 6663
f 6662 6666 6667

o geometry_36
v 0.07011250 0.13949464 0.41952860
v 0.06967254 0.13949464 0.41956269
v 0.07011250 0.08591045 0.41380226
v 0.07011250 0.13949464 0.41528497
v 0.06119921 0.13949464 0.41995466
v 0.06942811 0.08591045 0.41385337
v 0.06950959 0.06892187 0.41201277
v 0.07011250 0.07047633 0.41213209
v 0.07011250 0.13948772 0.34193323
v 0.07009620 0.13949464 0.34193323
v 0.05386651 0.13949464 0.42024440
v 0.05386651 0.10134458 0.41612006
v 0.05386651 0.06892187 0.41255814
v 0.07011250 0.06892187 0.41196163
v 0.05386651 0.08591045 0.41444988
v 0.05386651 0.07047633 0.41274561
v 0.07011250 0.06892187 0.32707201
v -0.09632332 0.13945318 0.24998795
v -0.09159781 0.13949464 0.25402706
v 0.04563760 0.13949464 0.42053412
v 0.03830491 0.06892187 0.41284786
v 0.03830491 0.11049175 0.41758572
v 0.03830491 0.10134458 0.41658021
v 0.03830491 0.08591045 0.41485889
v 0.03830491 0.07047633 0.41303533
v -0.09632332 0.06892187 0.24664759
v -0.09632332 0.13949464 0.25574837
v 0.03830491 0.13949464 0.42073861
v 0.02272701 0.10134458 0.41635864
v 0.02272701 0.08591045 0.41448397
v 0.02272701 0.07047633 0.41254109
v 0.02272701 0.06892187 0.41233658
v 0.02272701 0.13221283 0.41985241
v 0.02272701 0.11877533 0.41836968
v 0.02272701 0.11105826 0.41751757
v -0.09632332 0.06892187 0.38742017
v -0.09632332 0.13949464 0.40032148
v 0.03007600 0.13949464 0.42068750
v 0.01110877 0.12176681 0.41804587
v 0.00641585 0.11668198 0.41702330
v 0.00074523 0.12535935 0.41763686
v -0.02566876 0.13949464 0.41702330
v 0.00716541 0.07047633 0.41105839
v 0.00716541 0.06892187 0.41083682
v 0.02272701 0.13949464 0.42063636
v 0.00679063 0.13949464 0.41975014
v -0.08771963 0.06892187 0.39048785
v -0.09241255 0.13949464 0.40171899
v -0.09508491 0.13949464 0.40076458
v 0.00641585 0.13119033 0.41877871
v -0.00839619 0.13949464 0.41857422
v -0.03099718 0.13949464 0.41637569
v 0.00560110 0.06892187 0.41064935
v -0.08623680 0.06892187 0.39101618
v -0.07986550 0.12180136 0.40274155
v -0.08485173 0.13949464 0.40424131
v -0.08622050 0.07047633 0.39130590
v -0.03955199 0.13949464 0.41530202
v -0.00839619 0.06892187 0.40891099
v -0.07235356 0.06892187 0.39548137
v -0.07689983 0.11150733 0.40182124
v -0.07064260 0.13949464 0.40850198
v -0.07699760 0.13949464 0.40662728
v -0.05508100 0.13949464 0.41237067
v -0.03951940 0.13221283 0.41414312
v -0.02395780 0.06892187 0.40676362
v -0.07064260 0.06892187 0.39602672
v -0.06935531 0.08704348 0.39962273
v -0.06329362 0.09294355 0.40238365
v -0.05508100 0.13221283 0.41112654
v -0.03956828 0.06892187 0.40386636
v -0.02501696 0.06892187 0.40657615
v -0.05468992 0.06892187 0.40028739
v -0.05508100 0.11677870 0.40846789
v -0.05213163 0.06892187 0.40091799
f 6672 6673 6674
f 6672 6674 6679
f 6672 6679 6685
f 6672 6685 6688
f 6672 6688 6680
f 6672 6680 6675
f 6672 6675 6681
f 6672 6681 6690
f 6672 6690 6698
f 6672 6698 6708
f 6672 6708 6720
f 6672 6720 6719
f 6672 6719 6727
f 6672 6727 6734
f 6672 6734 6733
f 6672 6733 6735
f 6672 6735 6729
f 6672 6729 6723
f 6672 6723 6713
f 6672 6713 6722
f 6672 6722 6717
f 6672 6717 6716
f 6672 6716 6709
f 6672 6709 6699
f 6672 6699 6691
f 6672 6691 6682
f 6672 6682 6676
f 6672 6676 6673
f 6673 6676 6677
f 6673 6677 6674
f 6674 6677 6678
f 6674 6678 6679
f 6675 6680 6681
f 6676 6682 6677
f 6677 6682 6683
f 6677 6683 6678
f 6678 6684 6692
f 6678 6692 6703
f 6678 6703 6715
f 6678 6715 6724
f 6678 6724 6730
f 6678 6730 6737
f 6678 6737 6743
f 6678 6743 6742
f 6678 6742 6746
f 6678 6746 6744
f 6678 6744 6738
f 6678 6738 6731
f 6678 6731 6725
f 6678 6725 6718
f 6678 6718 6707
f 6678 6707 6697
f 6678 6697 6688
f 6678 6688 6685
f 6678 6685 6679
f 6678 6683 6686
f 6678 6686 6687
f 6678 6687 6684
f 6680 6688 6689
f 6680 6689 6681
f 6681 6689 6690
f 6682 6691 6683
f 6683 6691 6686
f 6684 6687 6696
f 6684 6696 6692
f 6686 6691 6693
f 6686 6693 6694
f 6686 6694 6687
f 6687 6694 6695
f 6687 6695 6696
f 6688 6697 6689
f 6689 6697 6707
f 6689 6707 6708
f 6689 6708 6698
f 6689 6698 6690
f 6691 6699 6693
f 6692 6696 6700
f 6692 6700 6701
f 6692 6701 6702
f 6692 6702 6703
f 6693 6699 6704
f 6693 6704 6694
f 6694 6704 6705
f 6694 6705 6706
f 6694 6706 6695
f 6695 6706 6696
f 6696 6706 6700
f 6699 6709 6704
f 6700 6706 6710
f 6700 6710 6701
f 6701 6710 6711
f 6701 6711 6702
f 6702 6711 6712
f 6702 6712 6713
f 6702 6713 6703
f 6703 6713 6714
f 6703 6714 6715
f 6704 6709 6716
f 6704 6716 6717
f 6704 6717 6710
f 6704 6710 6705
f 6705 6710 6706
f 6707 6718 6719
f 6707 6719 6720
f 6707 6720 6708
f 6710 6712 6711
f 6710 6717 6721
f 6710 6721 6722
f 6710 6722 6712
f 6712 6722 6713
f 6713 6723 6724
f 6713 6724 6715
f 6713 6715 6714
f 6717 6722 6721
f 6718 6725 6719
f 6719 6726 6727
f 6719 6725 6728
f 6719 6728 6726
f 6723 6729 6730
f 6723 6730 6724
f 6725 6731 6732
f 6725 6732 6728
f 6726 6732 6733
f 6726 6733 6734
f 6726 6734 6727
f 6726 6728 6732
f 6729 6735 6736
f 6729 6736 6737
f 6729 6737 6730
f 6731 6738 6732
f 6732 6738 6739
f 6732 6739 6740
f 6732 6740 6733
f 6733 6740 6735
f 6735 6741 6742
f 6735 6742 6736
f 6735 6740 6741
f 6736 6742 6743
f 6736 6743 6737
f 6738 6744 6740
f 6738 6740 6739
f 6740 6745 6741
f 6740 6744 6746
f 6740 6746 6745
f 6741 6745 6746
f 6741 6746 6742

o geometry_37
v 0.16119272 0.03946140 0.29489634
v 0.16119272 0.07669798 0.24572179
v 0.09365245 0.06259181 0.24727340
v 0.07012879 0.05316717 0.25291985
v 0.07012879 0.05276678 0.25337892
v 0.07012879 0.04562130 0.26080651
v 0.07012879 0.01208067 0.29489634
v 0.16119272 -0.21367951 0.29489634
v 0.16119272 0.08190308 0.23799120
v 0.08500601 0.06179102 0.24568504
v 0.07012879 0.06099023 0.24069047
v 0.07012879 -0.21980861 0.29489634
v 0.15620096 -0.21429550 0.29489634
v 0.16119272 -0.21374111 0.29438218
v 0.16119272 0.08643061 0.22552312
v 0.14726037 0.08039391 0.23576934
v 0.13562779 0.07906954 0.23365767
v 0.07012879 0.06142143 0.23977237
v 0.07012879 -0.22045539 0.28621090
v 0.07817801 -0.21959300 0.29489634
v 0.15174404 -0.21481909 0.29489634
v 0.15336635 -0.21497308 0.29197669
v 0.16119272 -0.21451109 0.28751463
v 0.16119272 0.08680021 0.22432039
v 0.12525207 0.07783755 0.23012291
v 0.07012879 0.06360819 0.23423608
v 0.07241966 0.06385459 0.23500730
v 0.07012879 0.06228382 0.23766067
v 0.08500601 -0.22002420 0.28621090
v 0.08500601 -0.21940820 0.29489634
v 0.07012879 -0.22224176 0.25594965
v 0.08500601 -0.22384333 0.22432039
v 0.10057852 -0.22482891 0.20111030
v 0.14738516 -0.21521948 0.29489634
v 0.14397116 -0.21552747 0.29489634
v 0.14074434 -0.21580467 0.29489634
v 0.13169679 -0.21728304 0.28621090
v 0.13169679 -0.21851502 0.27073140
v 0.14726037 -0.21715984 0.27073140
v 0.16119272 -0.21561988 0.27395399
v 0.16119272 -0.21518868 0.27949025
v 0.16119272 0.08849418 0.21047512
v 0.14726037 0.08572222 0.20884088
v 0.14726037 0.08381266 0.22432039
v 0.13093910 0.08008591 0.22470600
v 0.07012879 0.06551776 0.22539459
v 0.10057852 -0.21931581 0.28621090
v 0.11613319 -0.22424373 0.20111030
v 0.11613319 -0.22375094 0.20884088
v 0.10057852 -0.21866903 0.29489634
v 0.07012879 -0.22408972 0.22432039
v 0.08500601 -0.22519851 0.20111030
v 0.13173243 -0.21651306 0.29489634
v 0.11613319 -0.21771423 0.29489634
v 0.11613319 -0.21842263 0.28621090
v 0.13169679 -0.21965460 0.25526106
v 0.14726037 -0.21833023 0.25526106
v 0.16119272 -0.21703664 0.25526106
v 0.16119272 0.08867897 0.20884088
v 0.14726037 0.08633821 0.20111030
v 0.13169679 0.08288867 0.20111030
v 0.13169679 0.08224188 0.20884088
v 0.12174000 0.07869994 0.21980323
v 0.07012879 0.06579495 0.22353998
v 0.11613319 -0.22060939 0.25526106
v 0.11613319 -0.21956221 0.27073140
v 0.13169679 -0.22338134 0.20111030
v 0.07012879 -0.22492132 0.20952946
v 0.07012879 -0.22538331 0.20111030
v 0.14726037 -0.22057859 0.22432039
v 0.14726037 -0.21946980 0.23979072
v 0.13169679 -0.22181057 0.22432039
v 0.16119272 -0.21833023 0.23815645
v 0.16119272 -0.21820703 0.23979072
v 0.16119272 0.08926416 0.20111030
v 0.07012879 0.06881331 0.20111030
v 0.07012879 0.06795092 0.20884088
v 0.14726037 -0.22218017 0.20111030
v 0.16119272 -0.22045539 0.20802375
v 0.16119272 -0.21943901 0.22268613
v 0.16119272 -0.22091739 0.20111030
f 6747 6748 6749
f 6747 6749 6750
f 6747 6750 6751
f 6747 6751 6752
f 6747 6752 6753
f 6747 6753 6758
f 6747 6758 6766
f 6747 6766 6776
f 6747 6776 6796
f 6747 6796 6800
f 6747 6800 6799
f 6747 6799 6782
f 6747 6782 6781
f 6747 6781 6780
f 6747 6780 6767
f 6747 6767 6759
f 6747 6759 6754
f 6747 6754 6760
f 6747 6760 6769
f 6747 6769 6787
f 6747 6787 6786
f 6747 6786 6804
f 6747 6804 6820
f 6747 6820 6819
f 6747 6819 6826
f 6747 6826 6825
f 6747 6825 6827
f 6747 6827 6821
f 6747 6821 6805
f 6747 6805 6788
f 6747 6788 6770
f 6747 6770 6761
f 6747 6761 6755
f 6747 6755 6748
f 6748 6755 6749
f 6749 6755 6756
f 6749 6756 6750
f 6750 6756 6757
f 6750 6757 6764
f 6750 6764 6774
f 6750 6774 6772
f 6750 6772 6792
f 6750 6792 6810
f 6750 6810 6823
f 6750 6823 6822
f 6750 6822 6815
f 6750 6815 6814
f 6750 6814 6797
f 6750 6797 6777
f 6750 6777 6765
f 6750 6765 6758
f 6750 6758 6753
f 6750 6753 6752
f 6750 6752 6751
f 6754 6759 6760
f 6755 6761 6762
f 6755 6762 6756
f 6756 6762 6763
f 6756 6763 6757
f 6757 6763 6764
f 6758 6765 6766
f 6759 6767 6768
f 6759 6768 6760
f 6760 6768 6769
f 6761 6770 6763
f 6761 6763 6762
f 6763 6770 6771
f 6763 6771 6772
f 6763 6772 6773
f 6763 6773 6774
f 6763 6774 6764
f 6765 6775 6776
f 6765 6776 6766
f 6765 6777 6778
f 6765 6778 6779
f 6765 6779 6775
f 6767 6780 6768
f 6768 6780 6781
f 6768 6781 6782
f 6768 6782 6783
f 6768 6783 6784
f 6768 6784 6785
f 6768 6785 6786
f 6768 6786 6787
f 6768 6787 6769
f 6770 6788 6789
f 6770 6789 6790
f 6770 6790 6771
f 6771 6790 6791
f 6771 6791 6792
f 6771 6792 6772
f 6772 6774 6773
f 6775 6793 6776
f 6775 6779 6794
f 6775 6794 6795
f 6775 6795 6793
f 6776 6793 6796
f 6777 6797 6778
f 6778 6797 6798
f 6778 6798 6779
f 6779 6798 6815
f 6779 6815 6822
f 6779 6822 6807
f 6779 6807 6806
f 6779 6806 6821
f 6779 6821 6827
f 6779 6827 6824
f 6779 6824 6813
f 6779 6813 6794
f 6782 6799 6783
f 6783 6799 6800
f 6783 6800 6801
f 6783 6801 6784
f 6784 6801 6802
f 6784 6802 6817
f 6784 6817 6803
f 6784 6803 6785
f 6785 6803 6820
f 6785 6820 6804
f 6785 6804 6786
f 6788 6805 6789
f 6789 6805 6806
f 6789 6806 6807
f 6789 6807 6808
f 6789 6808 6809
f 6789 6809 6790
f 6790 6809 6791
f 6791 6809 6792
f 6792 6809 6810
f 6793 6795 6811
f 6793 6811 6812
f 6793 6812 6801
f 6793 6801 6796
f 6794 6813 6795
f 6795 6813 6818
f 6795 6818 6811
f 6796 6801 6800
f 6797 6814 6798
f 6798 6814 6815
f 6801 6812 6802
f 6802 6816 6817
f 6802 6812 6818
f 6802 6818 6816
f 6803 6817 6819
f 6803 6819 6820
f 6805 6821 6806
f 6807 6822 6808
f 6808 6822 6823
f 6808 6823 6809
f 6809 6823 6810
f 6811 6818 6812
f 6813 6824 6818
f 6816 6825 6826
f 6816 6826 6819
f 6816 6819 6817
f 6816 6818 6824
f 6816 6824 6825
f 6824 6827 6825

o geometry_38
v 0.07012879 0.13950154 0.41953574
v 0.07542932 0.12543264 0.41764469
v 0.08285370 0.13950154 0.41849871
v 0.07012879 0.13950154 0.41528998
v 0.07012879 0.08589904 0.41380155
v 0.07903197 -0.01543222 0.40241855
v 0.08500798 0.00869595 0.40462685
v 0.09574292 0.13950154 0.41716886
v 0.09574292 -0.00164470 0.40255275
v 0.10611271 0.00313873 0.40205254
v 0.07782703 0.13950154 0.34262434
v 0.07012879 0.13946637 0.34195332
v 0.07012879 0.05568607 0.41054403
v 0.07012879 -0.00674467 0.40361419
v 0.07012879 -0.01581911 0.40246736
v 0.07012879 -0.02295908 0.40141812
v 0.07012879 -0.03685212 0.39934405
v 0.07012879 -0.03762591 0.39922205
v 0.08500798 -0.05299618 0.39620855
v 0.08500798 -0.03762591 0.39862424
v 0.08453332 -0.02120047 0.40111313
v 0.10057485 -0.02218529 0.39962467
v 0.08940785 -0.01195016 0.40199155
v 0.08453332 -0.00677984 0.40297978
v 0.07012879 0.05501780 0.41047084
v 0.07012879 0.00869595 0.40539547
v 0.10057485 0.13950154 0.41665644
v 0.10078785 -0.00677984 0.40152792
v 0.11613563 -0.02218529 0.39744080
v 0.11613563 -0.00674467 0.39931965
v 0.11003790 0.01340903 0.40256496
v 0.11580701 0.13950154 0.41474098
v 0.10720811 0.13950154 0.41591222
v 0.13229887 0.13950154 0.33624353
v 0.07012879 0.01207248 0.29489634
v 0.07012879 -0.05232791 0.39687957
v 0.07012879 -0.05299618 0.39676977
v 0.08500798 -0.06843679 0.39365867
v 0.10057485 -0.06843679 0.39251184
v 0.10057485 -0.05299618 0.39493971
v 0.10057485 -0.03762591 0.39730659
v 0.11613563 -0.03762591 0.39524473
v 0.13170249 -0.02218529 0.39437848
v 0.13170249 -0.03762591 0.39234102
v 0.13229887 -0.00614674 0.39614756
v 0.13229887 0.00929388 0.39790440
v 0.13170249 0.02413656 0.39963687
v 0.13229887 0.13950154 0.41198368
v 0.13170249 0.13950154 0.41209348
v 0.11558793 0.00844974 0.40103991
v 0.12347482 0.13950154 0.41352093
v 0.13229887 0.00982146 0.29489634
v 0.08500798 0.01196697 0.29489634
v 0.07598310 0.01203731 0.29489634
v 0.07012879 -0.21981816 0.29489634
v 0.07012879 -0.06843679 0.39415888
v 0.08094892 -0.10821661 0.38705826
v 0.08500798 -0.08387741 0.39102337
v 0.10057485 -0.08387741 0.38993756
v 0.11079251 -0.09400702 0.38721684
v 0.11613563 -0.06843679 0.39054757
v 0.11613563 -0.05299618 0.39291445
v 0.13150775 -0.06790921 0.38791227
v 0.13229887 -0.06745197 0.38783908
v 0.13170249 -0.05299618 0.39009614
v 0.13229887 -0.05299618 0.38998634
v 0.13229887 -0.02218529 0.39425648
v 0.13229887 -0.03766108 0.39220682
v 0.13229887 -0.03702798 0.39229221
v 0.13229887 0.02413656 0.39951487
v 0.13229887 -0.21647680 0.29489634
v 0.08500798 -0.21939610 0.29489634
v 0.08500798 -0.21890368 0.30169197
v 0.07012879 -0.21929058 0.30169197
v 0.07012879 -0.08387741 0.39149921
v 0.07012879 -0.10860351 0.38713145
v 0.07012879 -0.11584899 0.38553318
v 0.07012879 -0.12949583 0.38247089
v 0.07012879 -0.13019927 0.38231228
v 0.08500798 -0.13019927 0.38183648
v 0.08568957 -0.11391451 0.38545999
v 0.10057485 -0.11475865 0.38423994
v 0.09133088 -0.10645800 0.38669222
v 0.08568957 -0.10051389 0.38810749
v 0.07012879 -0.09864976 0.38893710
v 0.10057485 -0.09682080 0.38770488
v 0.12116838 -0.08883670 0.38631401
v 0.11603825 -0.08377190 0.38808309
v 0.10057485 -0.10455870 0.38635062
v 0.11613563 -0.11475865 0.38230008
v 0.11603825 -0.09924768 0.38536240
v 0.12619506 -0.07853124 0.38720464
v 0.13229887 -0.07508435 0.38665564
v 0.13229887 -0.06864783 0.38765606
v 0.13229887 -0.21577336 0.30254599
v 0.13176943 -0.21587886 0.30199699
v 0.11613563 -0.21714507 0.30169197
v 0.11613563 -0.21770783 0.29489634
v 0.10057485 -0.21865748 0.29489634
v 0.07012879 -0.21922023 0.30238738
v 0.10057485 -0.21816507 0.30169197
v 0.10057485 -0.21630093 0.31607625
v 0.08635289 -0.21647680 0.31866273
v 0.07012879 -0.21721541 0.31723528
v 0.07012879 -0.14493644 0.37856676
v 0.07012879 -0.14563989 0.37838374
v 0.08500798 -0.14563989 0.37779814
v 0.10057485 -0.13019927 0.38076283
v 0.13150775 -0.08377190 0.38535019
v 0.13170249 -0.09931803 0.38256849
v 0.13170249 -0.11475865 0.37954278
v 0.11613563 -0.13019927 0.37882297
v 0.13170249 -0.13019927 0.37612669
v 0.13229887 -0.08204846 0.38549660
v 0.13229887 -0.21510508 0.30884141
v 0.12662105 -0.21535129 0.31063487
v 0.11613563 -0.21577336 0.31317257
v 0.10057485 -0.21489405 0.32381132
v 0.09244454 -0.21510508 0.32482395
v 0.07012879 -0.21714507 0.31762570
v 0.08206258 -0.21531612 0.32551938
v 0.07012879 -0.15925155 0.37395499
v 0.10057485 -0.14563989 0.37657809
v 0.07012879 -0.15984948 0.37375980
v 0.08500798 -0.15893500 0.37343038
v 0.13229887 -0.09931803 0.38245869
v 0.13229887 -0.08377190 0.38520379
v 0.13229887 -0.11475865 0.37943298
v 0.13229887 -0.12960134 0.37615106
v 0.11717017 -0.14690608 0.37400381
v 0.13170249 -0.14286128 0.37283257
v 0.13229887 -0.14268541 0.37278375
v 0.13229887 -0.13019927 0.37601689
v 0.13229887 -0.21366302 0.31636906
v 0.13176943 -0.21373337 0.31634466
v 0.11613563 -0.21433129 0.32090761
v 0.11613563 -0.20975889 0.33264441
v 0.10057485 -0.21127131 0.33264441
v 0.08635289 -0.21271337 0.33146097
v 0.07012879 -0.21260785 0.33376684
v 0.07012879 -0.21549197 0.32609278
v 0.10057485 -0.15717638 0.37275938
v 0.11267294 -0.15513639 0.37201513
v 0.07012879 -0.16723565 0.37099030
v 0.08500798 -0.16667289 0.37052670
v 0.12305491 -0.15292055 0.37118552
v 0.13170249 -0.15056400 0.37044128
v 0.13229887 -0.14996608 0.37051449
v 0.13229887 -0.20740236 0.33268102
v 0.13170249 -0.20754305 0.33264441
v 0.11613563 -0.20282996 0.34363697
v 0.10057485 -0.20377962 0.34489363
v 0.08500798 -0.20441271 0.34580866
v 0.07012879 -0.21225613 0.33438906
v 0.10057485 -0.16487910 0.36980686
v 0.11717017 -0.16058809 0.36919685
v 0.13170249 -0.16108051 0.36672016
v 0.07012879 -0.16758737 0.37085609
v 0.08500798 -0.17652112 0.36592713
v 0.10057485 -0.17652112 0.36443867
v 0.13229887 -0.15035297 0.37039249
v 0.13229887 -0.16108051 0.36659816
v 0.13229887 -0.20131756 0.34198992
v 0.13170249 -0.20138791 0.34206314
v 0.11613563 -0.19379069 0.35137204
v 0.10057485 -0.19544379 0.35262868
v 0.08500798 -0.19667482 0.35354371
v 0.07012879 -0.20486995 0.34634548
v 0.07012879 -0.19734309 0.35408053
v 0.11613563 -0.17652112 0.36224260
v 0.13150167 -0.17750595 0.35930231
v 0.13229887 -0.17729491 0.35926570
v 0.07012879 -0.17652112 0.36662256
v 0.07012879 -0.18964037 0.35933892
v 0.08500798 -0.18893693 0.35898509
v 0.10057485 -0.18774107 0.35821646
v 0.11613563 -0.18605280 0.35706963
v 0.13229887 -0.19090657 0.35040820
v 0.13150167 -0.19080105 0.35067661
v 0.12617680 -0.18489212 0.35627660
v 0.07012879 -0.19699137 0.35432454
v 0.13229887 -0.17842043 0.35866789
v 0.13229887 -0.18960520 0.35139645
v 0.13229887 -0.18394247 0.35569100
f 6828 6829 6830
f 6828 6830 6835
f 6828 6835 6854
f 6828 6854 6860
f 6828 6860 6859
f 6828 6859 6878
f 6828 6878 6876
f 6828 6876 6875
f 6828 6875 6861
f 6828 6861 6838
f 6828 6838 6831
f 6828 6831 6839
f 6828 6839 6862
f 6828 6862 6882
f 6828 6882 6901
f 6828 6901 6927
f 6828 6927 6931
f 6828 6931 6947
f 6828 6947 6968
f 6828 6968 6967
f 6828 6967 6981
f 6828 6981 6995
f 6828 6995 6996
f 6828 6996 7008
f 6828 7008 7001
f 6828 7001 7000
f 6828 7000 6985
f 6828 6985 6971
f 6828 6971 6951
f 6828 6951 6949
f 6828 6949 6933
f 6828 6933 6932
f 6828 6932 6906
f 6828 6906 6905
f 6828 6905 6904
f 6828 6904 6903
f 6828 6903 6912
f 6828 6912 6902
f 6828 6902 6883
f 6828 6883 6864
f 6828 6864 6863
f 6828 6863 6845
f 6828 6845 6844
f 6828 6844 6843
f 6828 6843 6842
f 6828 6842 6841
f 6828 6841 6853
f 6828 6853 6852
f 6828 6852 6840
f 6828 6840 6832
f 6828 6832 6833
f 6828 6833 6834
f 6828 6834 6829
f 6829 6834 6830
f 6830 6834 6836
f 6830 6836 6837
f 6830 6837 6835
f 6831 6838 6839
f 6832 6840 6833
f 6833 6841 6842
f 6833 6842 6843
f 6833 6843 6844
f 6833 6844 6845
f 6833 6845 6846
f 6833 6846 6847
f 6833 6847 6848
f 6833 6848 6849
f 6833 6849 6850
f 6833 6850 6851
f 6833 6851 6834
f 6833 6840 6852
f 6833 6852 6853
f 6833 6853 6841
f 6834 6851 6850
f 6834 6850 6836
f 6835 6837 6854
f 6836 6850 6855
f 6836 6855 6837
f 6837 6855 6849
f 6837 6849 6856
f 6837 6856 6857
f 6837 6857 6858
f 6837 6858 6859
f 6837 6859 6860
f 6837 6860 6854
f 6838 6861 6839
f 6839 6861 6862
f 6845 6863 6846
f 6846 6863 6864
f 6846 6864 6865
f 6846 6865 6866
f 6846 6866 6867
f 6846 6867 6847
f 6847 6867 6868
f 6847 6868 6849
f 6847 6849 6848
f 6849 6855 6850
f 6849 6868 6869
f 6849 6869 6856
f 6856 6870 6857
f 6856 6869 6871
f 6856 6871 6870
f 6857 6872 6873
f 6857 6873 6874
f 6857 6874 6875
f 6857 6875 6876
f 6857 6876 6877
f 6857 6877 6858
f 6857 6870 6872
f 6858 6877 6876
f 6858 6876 6878
f 6858 6878 6859
f 6861 6875 6897
f 6861 6897 6873
f 6861 6873 6872
f 6861 6872 6894
f 6861 6894 6896
f 6861 6896 6895
f 6861 6895 6893
f 6861 6893 6891
f 6861 6891 6921
f 6861 6921 6920
f 6861 6920 6941
f 6861 6941 6954
f 6861 6954 6953
f 6861 6953 6955
f 6861 6955 6956
f 6861 6956 6960
f 6861 6960 6959
f 6861 6959 6975
f 6861 6975 6988
f 6861 6988 6989
f 6861 6989 6999
f 6861 6999 7009
f 6861 7009 7011
f 6861 7011 7010
f 6861 7010 7005
f 6861 7005 6990
f 6861 6990 6976
f 6861 6976 6961
f 6861 6961 6942
f 6861 6942 6922
f 6861 6922 6898
f 6861 6898 6879
f 6861 6879 6880
f 6861 6880 6881
f 6861 6881 6862
f 6862 6881 6880
f 6862 6880 6879
f 6862 6879 6898
f 6862 6898 6925
f 6862 6925 6926
f 6862 6926 6899
f 6862 6899 6882
f 6864 6883 6865
f 6865 6883 6884
f 6865 6884 6885
f 6865 6885 6886
f 6865 6886 6866
f 6866 6886 6887
f 6866 6887 6867
f 6867 6887 6888
f 6867 6888 6868
f 6868 6888 6889
f 6868 6889 6869
f 6869 6889 6890
f 6869 6890 6891
f 6869 6891 6892
f 6869 6892 6893
f 6869 6893 6871
f 6870 6894 6872
f 6870 6871 6894
f 6871 6895 6896
f 6871 6896 6894
f 6871 6893 6895
f 6873 6897 6874
f 6874 6897 6875
f 6882 6899 6900
f 6882 6900 6901
f 6883 6902 6884
f 6884 6903 6904
f 6884 6904 6905
f 6884 6905 6906
f 6884 6906 6907
f 6884 6907 6908
f 6884 6908 6909
f 6884 6909 6910
f 6884 6910 6911
f 6884 6911 6885
f 6884 6902 6912
f 6884 6912 6903
f 6885 6911 6910
f 6885 6910 6886
f 6886 6910 6913
f 6886 6913 6887
f 6887 6914 6915
f 6887 6915 6888
f 6887 6913 6916
f 6887 6916 6917
f 6887 6917 6918
f 6887 6918 6914
f 6888 6919 6890
f 6888 6890 6889
f 6888 6915 6919
f 6890 6919 6920
f 6890 6920 6921
f 6890 6921 6891
f 6891 6893 6892
f 6898 6922 6923
f 6898 6923 6924
f 6898 6924 6925
f 6899 6926 6928
f 6899 6928 6900
f 6900 6927 6901
f 6900 6928 6929
f 6900 6929 6930
f 6900 6930 6931
f 6900 6931 6927
f 6906 6932 6907
f 6907 6932 6933
f 6907 6933 6934
f 6907 6934 6935
f 6907 6935 6908
f 6908 6935 6909
f 6909 6935 6939
f 6909 6939 6917
f 6909 6917 6916
f 6909 6916 6910
f 6910 6916 6913
f 6914 6936 6919
f 6914 6919 6915
f 6914 6918 6937
f 6914 6937 6936
f 6917 6938 6918
f 6917 6939 6940
f 6917 6940 6938
f 6918 6938 6937
f 6919 6941 6920
f 6919 6936 6941
f 6922 6942 6923
f 6923 6942 6924
f 6924 6928 6925
f 6924 6942 6943
f 6924 6943 6944
f 6924 6944 6928
f 6925 6928 6926
f 6928 6944 6929
f 6929 6944 6945
f 6929 6945 6946
f 6929 6946 6930
f 6930 6947 6931
f 6930 6946 6948
f 6930 6948 6947
f 6933 6949 6934
f 6934 6950 6935
f 6934 6949 6951
f 6934 6951 6952
f 6934 6952 6950
f 6935 6950 6939
f 6936 6937 6953
f 6936 6953 6954
f 6936 6954 6941
f 6937 6938 6955
f 6937 6955 6953
f 6938 6940 6956
f 6938 6956 6955
f 6939 6950 6957
f 6939 6957 6958
f 6939 6958 6959
f 6939 6959 6940
f 6940 6960 6956
f 6940 6959 6960
f 6942 6961 6962
f 6942 6962 6943
f 6943 6962 6963
f 6943 6963 6944
f 6944 6963 6945
f 6945 6963 6964
f 6945 6964 6965
f 6945 6965 6946
f 6946 6965 6966
f 6946 6966 6967
f 6946 6967 6948
f 6947 6948 6968
f 6948 6967 6968
f 6950 6952 6969
f 6950 6969 6970
f 6950 6970 6957
f 6951 6971 6952
f 6952 6971 6972
f 6952 6972 6969
f 6957 6970 6973
f 6957 6973 6958
f 6958 6973 6974
f 6958 6974 6959
f 6959 6974 6975
f 6961 6963 6962
f 6961 6976 6977
f 6961 6977 6963
f 6963 6977 6964
f 6964 6977 6978
f 6964 6978 6979
f 6964 6979 6965
f 6965 6979 6980
f 6965 6980 6981
f 6965 6981 6967
f 6965 6967 6966
f 6969 6972 6982
f 6969 6982 6970
f 6970 6982 6983
f 6970 6983 6984
f 6970 6984 6973
f 6971 6985 6972
f 6972 6985 6986
f 6972 6986 6987
f 6972 6987 6982
f 6973 6984 6974
f 6974 6988 6975
f 6974 6984 6989
f 6974 6989 6988
f 6976 6990 6991
f 6976 6991 6977
f 6977 6991 6978
f 6978 6991 6992
f 6978 6992 6993
f 6978 6993 6979
f 6979 6993 6994
f 6979 6994 6980
f 6980 6995 6981
f 6980 6994 6996
f 6980 6996 6995
f 6982 6987 6997
f 6982 6997 6983
f 6983 6997 6984
f 6984 6997 6998
f 6984 6998 6999
f 6984 6999 6989
f 6985 7000 6986
f 6986 7000 7001
f 6986 7001 7002
f 6986 7002 7003
f 6986 7003 6987
f 6987 7003 7004
f 6987 7004 6997
f 6990 7005 7006
f 6990 7006 6991
f 6991 7006 6992
f 6992 7006 7007
f 6992 7007 7004
f 6992 7004 6993
f 6993 7004 7003
f 6993 7003 6994
f 6994 7003 7002
f 6994 7002 6996
f 6996 7002 7008
f 6997 7004 7007
f 6997 7007 6998
f 6998 7009 6999
f 6998 7007 7009
f 7001 7008 7002
f 7005 7010 7006
f 7006 7010 7011
f 7006 7011 7007
f 7007 7011 7009

o geometry_39
v 0.14577443 -0.21817300 -0.26109925
v 0.14577443 -0.21748233 -0.27088243
v 0.14727752 -0.21735078 -0.27088243
v 0.15711098 -0.21702189 -0.26109925
v 0.14577443 0.05618779 -0.26109925
v 0.14577443 -0.21616677 -0.28683937
v 0.14765782 -0.21600232 -0.28660234
v 0.15774480 -0.21541032 -0.28161109
v 0.16288790 -0.21573921 -0.27023058
v 0.17147181 -0.21521299 -0.26463864
v 0.16286979 -0.21639700 -0.26109925
v 0.20300045 0.11782194 -0.26109925
v 0.20182332 0.11782194 -0.26222787
v 0.20138870 0.11782194 -0.26265346
v 0.19733217 0.11782194 -0.26999355
v 0.19689755 0.11782194 -0.27079355
v 0.18938210 0.11782194 -0.28581042
v 0.18811443 0.11782194 -0.28861716
v 0.14577443 0.02211469 -0.28858753
v 0.14577443 -0.21600232 -0.28842593
v 0.14669801 -0.21590366 -0.28861716
v 0.15919356 -0.21455520 -0.28861716
v 0.16288790 -0.21432498 -0.28660234
v 0.17840774 -0.21251608 -0.28635454
v 0.16812154 -0.21481832 -0.27495248
v 0.17527480 -0.21498277 -0.26109925
v 0.17243160 -0.21534454 -0.26109925
v 0.17735739 -0.21402898 -0.27023058
v 0.27235984 -0.20064311 -0.28655118
v 0.28087130 -0.19991956 -0.28152221
v 0.29783989 0.11782194 -0.26109925
v 0.31352272 0.11782194 -0.28861716
v 0.14691532 0.02435114 -0.28861716
v 0.14577443 0.02175291 -0.28861716
v 0.14577443 -0.21596943 -0.28861716
v 0.17840774 -0.21225297 -0.28861716
v 0.27455108 -0.20018267 -0.28861716
v 0.19398191 -0.21251608 -0.26109925
v 0.25622425 -0.20383336 -0.27088243
v 0.27886115 -0.19962356 -0.28861716
v 0.28320742 -0.19893289 -0.28861716
v 0.28657579 -0.19857110 -0.28655118
v 0.28139648 -0.20008400 -0.27088243
v 0.27178032 -0.20169557 -0.27088243
v 0.30577184 0.11782194 -0.27215653
v 0.30816232 0.06220649 -0.26109925
v 0.31491715 0.10358097 -0.28861716
v 0.31285266 0.11782194 -0.28597204
v 0.25622425 -0.20426091 -0.26109925
v 0.30292865 -0.19436130 -0.28861716
v 0.30292865 -0.19475597 -0.28635454
v 0.27178032 -0.20192579 -0.26109925
v 0.28918355 -0.19824221 -0.27088243
v 0.28405857 -0.19945911 -0.26109925
v 0.28119727 -0.20011689 -0.26109925
v 0.30807175 0.11782194 -0.27584136
v 0.31078817 0.10986279 -0.27846764
v 0.31643836 -0.00672904 -0.26109925
v 0.31453684 0.10131162 -0.28635454
v 0.31511636 0.10131162 -0.28861716
v 0.31163933 0.11782194 -0.28278551
v 0.31290699 0.11571704 -0.28549259
v 0.32639858 -0.18581014 -0.28861716
v 0.28898434 -0.19771599 -0.26109925
v 0.31993348 -0.18814526 -0.28503737
v 0.30292865 -0.19353907 -0.27088243
v 0.31788712 -0.02218692 -0.26109925
v 0.31585884 0.08588664 -0.28635454
v 0.31926342 -0.03761190 -0.26109925
v 0.31623915 0.08815598 -0.28861716
v 0.31397545 -0.18633636 -0.26109925
v 0.30292865 -0.19209196 -0.26109925
v 0.32788355 -0.18409991 -0.28861716
v 0.32607261 -0.18370524 -0.27900097
v 0.31714463 0.07046165 -0.28635454
v 0.32170821 -0.06872498 -0.26109925
v 0.31837606 0.05500378 -0.28635454
v 0.31750681 0.07269810 -0.28861716
v 0.31654700 -0.18291591 -0.26109925
v 0.32904255 -0.17742342 -0.28861716
v 0.32900634 -0.17771943 -0.28503737
v 0.32703240 -0.17341095 -0.27687303
v 0.31908233 -0.17696297 -0.26109925
v 0.31768791 0.07046165 -0.28861716
v 0.32205230 -0.07895349 -0.26109925
v 0.32701431 -0.09931183 -0.27671140
v 0.32960395 -0.09931183 -0.28635454
v 0.32667022 -0.08388686 -0.27764608
v 0.32887958 -0.08388686 -0.28635454
v 0.32638046 -0.07494102 -0.27833296
v 0.32777489 -0.06925121 -0.28557070
v 0.32759379 -0.05639157 -0.28861716
v 0.32741270 -0.05399067 -0.28861716
v 0.31891936 0.05500378 -0.28861716
v 0.33058186 -0.16107755 -0.28861716
v 0.33078107 -0.16107755 -0.28635454
v 0.32735837 -0.16107755 -0.27589256
v 0.32223339 -0.14565256 -0.26109925
v 0.32130979 -0.16107755 -0.26109925
v 0.32221527 -0.08388686 -0.26109925
v 0.32726782 -0.11476970 -0.27591948
v 0.33005668 -0.11476970 -0.28635454
v 0.32945907 -0.09707538 -0.28861716
v 0.32880713 -0.08165039 -0.28861716
v 0.33014725 -0.12789245 -0.28861716
v 0.32741270 -0.14565256 -0.27533498
v 0.33034643 -0.13019470 -0.28635454
v 0.32744892 -0.13019470 -0.27520299
v 0.32274046 -0.13019470 -0.26109925
v 0.32248691 -0.09931183 -0.26109925
v 0.32991182 -0.11476970 -0.28861716
v 0.32263179 -0.11476970 -0.26109925
f 7012 7013 7014
f 7012 7014 7015
f 7012 7015 7022
f 7012 7022 7038
f 7012 7038 7037
f 7012 7037 7049
f 7012 7049 7060
f 7012 7060 7063
f 7012 7063 7066
f 7012 7066 7065
f 7012 7065 7075
f 7012 7075 7083
f 7012 7083 7082
f 7012 7082 7090
f 7012 7090 7094
f 7012 7094 7110
f 7012 7110 7109
f 7012 7109 7120
f 7012 7120 7123
f 7012 7123 7121
f 7012 7121 7111
f 7012 7111 7096
f 7012 7096 7087
f 7012 7087 7080
f 7012 7080 7078
f 7012 7078 7069
f 7012 7069 7057
f 7012 7057 7042
f 7012 7042 7023
f 7012 7023 7016
f 7012 7016 7030
f 7012 7030 7045
f 7012 7045 7046
f 7012 7046 7031
f 7012 7031 7017
f 7012 7017 7013
f 7013 7017 7014
f 7014 7017 7018
f 7014 7018 7019
f 7014 7019 7020
f 7014 7020 7015
f 7015 7020 7021
f 7015 7021 7022
f 7016 7023 7024
f 7016 7024 7025
f 7016 7025 7026
f 7016 7026 7027
f 7016 7027 7028
f 7016 7028 7029
f 7016 7029 7030
f 7017 7031 7032
f 7017 7032 7018
f 7018 7032 7033
f 7018 7033 7019
f 7019 7033 7034
f 7019 7034 7035
f 7019 7035 7036
f 7019 7036 7020
f 7020 7036 7021
f 7021 7037 7038
f 7021 7038 7022
f 7021 7036 7039
f 7021 7039 7040
f 7021 7040 7041
f 7021 7041 7037
f 7023 7042 7056
f 7023 7056 7067
f 7023 7067 7072
f 7023 7072 7059
f 7023 7059 7043
f 7023 7043 7029
f 7023 7029 7028
f 7023 7028 7027
f 7023 7027 7026
f 7023 7026 7025
f 7023 7025 7024
f 7029 7043 7058
f 7029 7058 7071
f 7029 7071 7081
f 7029 7081 7089
f 7029 7089 7095
f 7029 7095 7105
f 7029 7105 7104
f 7029 7104 7103
f 7029 7103 7115
f 7029 7115 7114
f 7029 7114 7122
f 7029 7122 7116
f 7029 7116 7106
f 7029 7106 7091
f 7029 7091 7084
f 7029 7084 7074
f 7029 7074 7061
f 7029 7061 7052
f 7029 7052 7051
f 7029 7051 7048
f 7029 7048 7047
f 7029 7047 7033
f 7029 7033 7032
f 7029 7032 7046
f 7029 7046 7045
f 7029 7045 7044
f 7029 7044 7030
f 7030 7044 7045
f 7031 7046 7032
f 7033 7047 7035
f 7033 7035 7034
f 7035 7047 7048
f 7035 7048 7040
f 7035 7040 7036
f 7036 7040 7039
f 7037 7041 7050
f 7037 7050 7049
f 7040 7048 7051
f 7040 7051 7041
f 7041 7051 7052
f 7041 7052 7053
f 7041 7053 7054
f 7041 7054 7055
f 7041 7055 7050
f 7042 7057 7056
f 7043 7059 7058
f 7049 7050 7060
f 7050 7055 7060
f 7052 7061 7053
f 7053 7061 7062
f 7053 7062 7054
f 7054 7063 7055
f 7054 7062 7064
f 7054 7064 7065
f 7054 7065 7066
f 7054 7066 7063
f 7055 7063 7060
f 7056 7057 7067
f 7057 7068 7067
f 7057 7069 7068
f 7058 7070 7071
f 7058 7059 7070
f 7059 7072 7073
f 7059 7073 7070
f 7061 7074 7062
f 7062 7075 7065
f 7062 7065 7064
f 7062 7074 7076
f 7062 7076 7077
f 7062 7077 7075
f 7067 7068 7072
f 7068 7069 7072
f 7069 7078 7073
f 7069 7073 7072
f 7070 7079 7071
f 7070 7073 7078
f 7070 7078 7080
f 7070 7080 7079
f 7071 7079 7081
f 7074 7082 7083
f 7074 7083 7076
f 7074 7084 7085
f 7074 7085 7082
f 7075 7077 7083
f 7076 7083 7077
f 7079 7086 7081
f 7079 7080 7086
f 7080 7087 7088
f 7080 7088 7086
f 7081 7086 7089
f 7082 7085 7090
f 7084 7091 7092
f 7084 7092 7085
f 7085 7092 7093
f 7085 7093 7094
f 7085 7094 7090
f 7086 7088 7105
f 7086 7105 7095
f 7086 7095 7089
f 7087 7096 7097
f 7087 7097 7098
f 7087 7098 7099
f 7087 7099 7100
f 7087 7100 7101
f 7087 7101 7102
f 7087 7102 7103
f 7087 7103 7104
f 7087 7104 7088
f 7088 7104 7105
f 7091 7106 7107
f 7091 7107 7092
f 7092 7107 7093
f 7093 7107 7108
f 7093 7108 7109
f 7093 7109 7110
f 7093 7110 7094
f 7096 7111 7097
f 7097 7111 7112
f 7097 7112 7098
f 7098 7113 7114
f 7098 7114 7115
f 7098 7115 7100
f 7098 7100 7099
f 7098 7112 7113
f 7100 7102 7101
f 7100 7115 7103
f 7100 7103 7102
f 7106 7116 7107
f 7107 7117 7108
f 7107 7116 7118
f 7107 7118 7119
f 7107 7119 7117
f 7108 7117 7120
f 7108 7120 7109
f 7111 7121 7119
f 7111 7119 7112
f 7112 7119 7113
f 7113 7119 7118
f 7113 7118 7122
f 7113 7122 7114
f 7116 7122 7118
f 7117 7119 7120
f 7119 7121 7123
f 7119 7123 7120

o geometry_40
v -0.34047798 0.05671226 -0.10811569
v -0.18281985 0.05671226 -0.10811569
v -0.33943666 0.05671226 -0.11618996
v -0.33913630 0.05502189 -0.11613666
v -0.33735405 0.03958690 -0.10811569
v -0.15626648 0.05671226 -0.10820896
v -0.15626648 0.05668455 -0.10811569
v -0.33741412 0.05671226 -0.12999350
v -0.33631274 0.03958690 -0.11613666
v -0.33443037 0.02415190 -0.10811569
v -0.13590089 0.05671226 -0.17522807
v -0.13590089 0.03060854 -0.10811569
v -0.33717382 0.05671226 -0.13161901
v -0.33396979 0.03958690 -0.13161901
v -0.33336904 0.02415190 -0.11613666
v -0.33294852 0.01669765 -0.10811569
v -0.13590089 0.05671226 -0.24421914
v -0.13590089 -0.22638281 -0.10811569
v -0.33419008 0.05671226 -0.14708804
v -0.33388968 0.05502189 -0.14708804
v -0.32774199 0.01511813 -0.14059931
v -0.33098604 0.02415190 -0.13161901
v -0.32832270 0.00946509 -0.13027331
v -0.32754172 0.00070843 -0.12422427
v -0.33028517 0.00871689 -0.11613666
v -0.32812246 -0.00209037 -0.11613666
v -0.32409739 -0.02218081 -0.11613666
v -0.32710118 -0.01248198 -0.10811569
v -0.13590089 -0.21834662 -0.24421914
v -0.28516848 0.05671226 -0.24421914
v -0.14042657 -0.22618883 -0.10811569
v -0.14849670 -0.22569003 -0.11613666
v -0.13590089 -0.22616112 -0.11909456
v -0.33050545 0.05671226 -0.16137124
v -0.32764184 0.03107963 -0.15533551
v -0.33102610 0.03958690 -0.14708804
v -0.32848291 0.02523262 -0.14628860
v -0.32549916 0.00946509 -0.14628860
v -0.32225508 -0.00671810 -0.14708804
v -0.31923128 -0.02218081 -0.14708804
v -0.32189462 -0.02218081 -0.13161901
v -0.32674072 0.00483736 -0.13453694
v -0.31877070 -0.03761581 -0.13161901
v -0.32095345 -0.03761581 -0.11613666
v -0.32660055 -0.01492055 -0.10811569
v -0.13590089 -0.21865144 -0.24280680
v -0.13738274 -0.21809723 -0.24421914
v -0.28562905 0.05671226 -0.24367286
v -0.28490814 0.05521587 -0.24421914
v -0.14849670 -0.22582858 -0.10811569
v -0.16405627 -0.22508039 -0.10811569
v -0.14849670 -0.22535750 -0.13161901
v -0.13590089 -0.22585629 -0.13161901
v -0.33002483 0.05671226 -0.16318329
v -0.32966440 0.05485562 -0.16327656
v -0.31204226 -0.03052181 -0.17065798
v -0.31570684 -0.02218081 -0.16257039
v -0.32668066 0.02079887 -0.15091199
v -0.31230257 -0.04717609 -0.15640144
v -0.31610735 -0.03761581 -0.14708804
v -0.31218243 -0.06197374 -0.14077251
v -0.31274313 -0.06765448 -0.13014007
v -0.31194211 -0.07630030 -0.12399775
v -0.31875068 -0.05305081 -0.10811569
v -0.32193468 -0.03761581 -0.10811569
v -0.13590089 -0.21920567 -0.23991552
v -0.14863689 -0.21696108 -0.23986222
v -0.14647416 -0.21648999 -0.24421914
v -0.28789189 0.05671226 -0.24095477
v -0.28414717 0.05086524 -0.24421914
v -0.16405627 -0.22488641 -0.11613666
v -0.17963585 -0.22399967 -0.10811569
v -0.13590089 -0.22544063 -0.14708804
v -0.16405627 -0.22444303 -0.13161901
v -0.14849670 -0.22485870 -0.14708804
v -0.32770193 0.05671226 -0.17079122
v -0.32706113 0.04961826 -0.16889923
v -0.31280320 -0.02218081 -0.17276315
v -0.31005975 -0.02218081 -0.18049100
v -0.30879817 -0.03642424 -0.17669371
v -0.30505346 -0.05305081 -0.17802609
v -0.30188948 -0.06848581 -0.17802609
v -0.29858533 -0.08375455 -0.17850574
v -0.29742388 -0.09591965 -0.17368250
v -0.31102096 -0.04080257 -0.16671411
v -0.31308355 -0.03642424 -0.16195749
v -0.30981945 -0.05260744 -0.16195749
v -0.30637512 -0.06848581 -0.16257039
v -0.30315108 -0.08392081 -0.16257039
v -0.31124124 -0.05748456 -0.15108520
v -0.30997967 -0.06765448 -0.14639519
v -0.30643519 -0.08392081 -0.14708804
v -0.30961921 -0.08242442 -0.13014007
v -0.31108102 -0.07225450 -0.13431044
v -0.31242273 -0.07848946 -0.11613666
v -0.31454539 -0.06848581 -0.11613666
v -0.31076065 -0.08616540 -0.11613666
v -0.31550660 -0.06848581 -0.10811569
v -0.13590089 -0.22125627 -0.22444649
v -0.14849670 -0.21970447 -0.22444649
v -0.16367578 -0.21662855 -0.22375365
v -0.15820892 -0.21571409 -0.23465259
v -0.16405627 -0.21928880 -0.20897747
v -0.15312252 -0.21474421 -0.24421914
v -0.28995448 0.05671226 -0.23843658
v -0.28645009 0.03958690 -0.23903616
v -0.28212466 0.03958690 -0.24421914
v -0.19519540 -0.22253098 -0.10811569
v -0.17963585 -0.22375026 -0.11613666
v -0.13590089 -0.22491413 -0.16257039
v -0.17963585 -0.22319605 -0.13161901
v -0.16405627 -0.22383339 -0.14708804
v -0.14849670 -0.22424906 -0.16257039
v -0.13590089 -0.22480328 -0.16552829
v -0.32603985 0.05671226 -0.17524140
v -0.31112108 -0.00984944 -0.18352886
v -0.30196959 -0.03761581 -0.19349512
v -0.29784440 -0.06848581 -0.18923147
v -0.29682312 -0.07851718 -0.18689979
v -0.29578181 -0.08877023 -0.18398186
v -0.29486065 -0.10035341 -0.17850574
v -0.29153649 -0.11476310 -0.17802609
v -0.29614226 -0.10620042 -0.16951213
v -0.29912601 -0.10035341 -0.16363630
v -0.30297085 -0.09932810 -0.14708804
v -0.30543395 -0.09932810 -0.13161901
v -0.31448532 -0.07330752 -0.10811569
v -0.31011984 -0.09278831 -0.10811569
v -0.31120118 -0.08832685 -0.10811569
v -0.31178192 -0.08569431 -0.10811569
v -0.31276315 -0.08123285 -0.10811569
v -0.30755662 -0.09932810 -0.11613666
v -0.13590089 -0.22258640 -0.20897747
v -0.14849670 -0.22164423 -0.20897747
v -0.17288737 -0.21549240 -0.21813097
v -0.16405627 -0.22122857 -0.19349512
v -0.17963585 -0.22000929 -0.17802609
v -0.18081734 -0.21759843 -0.19445444
v -0.17607136 -0.21643458 -0.20897747
v -0.15532529 -0.21399601 -0.24421914
v -0.29572174 0.05671226 -0.23136159
v -0.29558157 0.05502189 -0.23117505
v -0.29423986 0.03958690 -0.22944295
v -0.28506836 0.02415190 -0.23730405
v -0.27914091 0.02415190 -0.24421914
v -0.19519540 -0.22222617 -0.11613666
v -0.21075495 -0.21998157 -0.10811569
v -0.17963585 -0.22244784 -0.14708804
v -0.16405627 -0.22316833 -0.16257039
v -0.14849670 -0.22361171 -0.17802609
v -0.13590089 -0.22430449 -0.17802609
v -0.32539904 0.05671226 -0.17689356
v -0.32493844 0.05485562 -0.17727995
v -0.31202222 0.00045903 -0.18598045
v -0.30475307 -0.02218081 -0.19349512
v -0.29658280 -0.04653874 -0.20168930
v -0.29560158 -0.05681950 -0.19957080
v -0.29892574 -0.05221948 -0.19405471
v -0.29450019 -0.06848581 -0.19697264
v -0.29333874 -0.08375455 -0.19262906
v -0.28981431 -0.09932810 -0.19349512
v -0.28618975 -0.11476310 -0.19349512
v -0.28246508 -0.12573664 -0.19349512
v -0.28466784 -0.13125112 -0.17803942
v -0.29598208 -0.12130288 -0.15264410
v -0.29506089 -0.11559442 -0.16363630
v -0.29752400 -0.11099441 -0.15919944
v -0.29856531 -0.11559442 -0.14732787
v -0.30114855 -0.11476310 -0.13161901
v -0.30865800 -0.09869075 -0.10811569
v -0.30293080 -0.11476310 -0.11613666
v -0.30627500 -0.10664379 -0.10811569
v -0.13590089 -0.22355628 -0.19349512
v -0.14849670 -0.22286351 -0.19349512
v -0.18680485 -0.21488276 -0.20023700
v -0.18384113 -0.21349721 -0.20897747
v -0.16858195 -0.21394059 -0.22844366
v -0.17963585 -0.22139483 -0.16257039
v -0.16405627 -0.22236471 -0.17802609
v -0.19519540 -0.22012013 -0.14708804
v -0.19519540 -0.21831892 -0.16257039
v -0.19485497 -0.21643458 -0.17650716
v -0.20300521 -0.21513216 -0.17033821
v -0.18944818 -0.21588035 -0.18992431
v -0.16367578 -0.21188997 -0.23986222
v -0.16381596 -0.20978394 -0.24421914
v -0.30108849 0.05671226 -0.22374032
v -0.29984693 0.03958690 -0.22171510
v -0.29858533 0.02415190 -0.21991637
v -0.29285812 0.02415190 -0.22764422
v -0.28360651 0.00871689 -0.23543868
v -0.27767907 0.01739042 -0.24421914
v -0.27000941 -0.11476310 -0.22208816
v -0.19519540 -0.22136712 -0.13161901
v -0.22258983 -0.21668397 -0.10811569
v -0.21075495 -0.21942736 -0.11613666
v -0.13590089 -0.22416593 -0.18098399
v -0.32503859 0.05671226 -0.17779959
v -0.31272309 0.00871689 -0.18764593
v -0.30829754 -0.00549882 -0.19208278
v -0.29742388 -0.03761581 -0.20324820
v -0.30929881 0.00871689 -0.19538711
v -0.28374669 -0.09932810 -0.20667243
v -0.28190438 -0.11476310 -0.20335479
v -0.28080299 -0.12249446 -0.20126294
v -0.27231232 -0.12972701 -0.20773835
v -0.27906080 -0.13709812 -0.18320908
v -0.28138371 -0.13837282 -0.17290973
v -0.29684314 -0.12335349 -0.14231809
v -0.29758406 -0.12443422 -0.13161901
v -0.30357160 -0.11476310 -0.10811569
v -0.19982122 -0.21363577 -0.18065090
v -0.19485497 -0.21200082 -0.19445444
v -0.19621667 -0.20554417 -0.20967030
v -0.19133055 -0.20263452 -0.22444649
v -0.17869466 -0.21061527 -0.22375365
v -0.21179627 -0.21745987 -0.13199208
v -0.20773115 -0.21682253 -0.14708804
v -0.20450710 -0.21574181 -0.16257039
v -0.21766363 -0.21477191 -0.13740158
v -0.21552094 -0.21366347 -0.14708804
v -0.21229690 -0.21141889 -0.16257039
v -0.21051465 -0.20753936 -0.17754642
v -0.20793140 -0.20365983 -0.19349512
v -0.17941556 -0.20352127 -0.23915606
v -0.17699251 -0.20255139 -0.24421914
v -0.16798120 -0.20751165 -0.24421914
v -0.30102842 0.05502189 -0.22344720
v -0.30200964 0.05671226 -0.22232800
v -0.30893835 0.05671226 -0.21132246
v -0.29726369 0.00871689 -0.21802438
v -0.30881819 0.05502189 -0.21109596
v -0.28128358 -0.07890513 -0.21735819
v -0.29652273 0.00007107 -0.21694514
v -0.27573661 0.00871689 -0.24421914
v -0.26418208 -0.09932810 -0.23136159
v -0.26215954 -0.11476310 -0.22982933
v -0.26780664 -0.12662338 -0.21974316
v -0.27779920 -0.11476310 -0.21109596
v -0.27942126 -0.09932810 -0.21440028
v -0.28034242 -0.08915818 -0.21599915
v -0.22661489 -0.21504902 -0.10811569
v -0.22134827 -0.21629602 -0.11613666
v -0.31885081 0.05671226 -0.19221602
v -0.31408481 0.02415190 -0.19061716
v -0.31058039 0.02415190 -0.19835833
v -0.29882565 -0.02218081 -0.20581971
v -0.29446014 -0.02218081 -0.21354756
v -0.26225969 -0.13693186 -0.21421375
v -0.26642491 -0.13848367 -0.20390107
v -0.20208405 -0.19881040 -0.21529298
v -0.21802409 -0.19911523 -0.18476798
v -0.23334334 -0.19886583 -0.15295055
v -0.24515819 -0.19465377 -0.13161901
v -0.24768136 -0.19761883 -0.11613666
v -0.25428967 -0.18988749 -0.11613666
v -0.25935602 -0.18606337 -0.10811569
v -0.26312075 -0.18096455 -0.10811569
v -0.29834503 -0.12504386 -0.11613666
v -0.30136883 -0.11972336 -0.10811569
v -0.20490761 -0.20133211 -0.20498030
v -0.18832677 -0.20041764 -0.23348008
v -0.21956602 -0.21560325 -0.12708890
v -0.23037962 -0.21313697 -0.10811569
v -0.22911804 -0.21230564 -0.11613666
v -0.22537332 -0.21097551 -0.13199208
v -0.22741589 -0.20535020 -0.14751441
v -0.22339083 -0.20368753 -0.16257039
v -0.22058731 -0.20147067 -0.17446861
v -0.18378105 -0.19709234 -0.24421914
v -0.30941894 0.05671226 -0.21048306
v -0.30819742 0.03978087 -0.20783162
v -0.31322372 0.05671226 -0.20359461
v -0.30503344 0.02415190 -0.20897747
v -0.29558157 -0.01023740 -0.21542622
v -0.29952652 -0.00574822 -0.20975024
v -0.30243016 0.00871689 -0.20897747
v -0.27205199 -0.00671810 -0.24421914
v -0.26912831 -0.01888321 -0.24421914
v -0.25438979 -0.11476310 -0.23534542
v -0.25208690 -0.12601374 -0.23367995
v -0.26448247 -0.03761581 -0.24421914
v -0.26147871 -0.04944839 -0.24421914
v -0.26053752 -0.05305081 -0.24421914
v -0.25637227 -0.06848581 -0.24421914
v -0.25320830 -0.07987501 -0.24421914
v -0.19173104 -0.18858507 -0.24421914
v -0.18478231 -0.19609474 -0.24421914
v -0.31827007 0.05671226 -0.19349512
v -0.31798972 0.05502189 -0.19349512
v -0.31498593 0.03978087 -0.19446776
v -0.31146152 0.03476519 -0.20026365
v -0.18444189 -0.19678750 -0.24379275
v -0.23534586 -0.20080559 -0.14262455
v -0.23738844 -0.20246826 -0.13161901
v -0.23989157 -0.20460199 -0.11613666
v -0.24876271 -0.19875499 -0.10811569
v -0.25022455 -0.19703691 -0.10811569
v -0.25483035 -0.19157785 -0.10811569
v -0.26804696 -0.17326091 -0.10811569
v -0.29850522 -0.12496073 -0.10811569
v -0.23556614 -0.20942370 -0.10811569
v -0.18426166 -0.19662124 -0.24421914
v -0.31228255 0.04504595 -0.20190249
v -0.31388457 0.05671226 -0.20227555
v -0.25118576 -0.08591600 -0.24421914
v -0.24657998 -0.09932810 -0.24421914
v -0.24395669 -0.10492571 -0.24421914
v -0.23999169 -0.11323899 -0.24421914
v -0.20064225 -0.17636455 -0.24421914
v -0.20046202 -0.17664164 -0.24421914
v -0.24155365 -0.20490682 -0.10811569
v -0.24704056 -0.20027910 -0.10811569
f 7124 7125 7129
f 7124 7129 7134
f 7124 7134 7140
f 7124 7140 7153
f 7124 7153 7171
f 7124 7171 7192
f 7124 7192 7228
f 7124 7228 7264
f 7124 7264 7310
f 7124 7310 7352
f 7124 7352 7353
f 7124 7353 7394
f 7124 7394 7396
f 7124 7396 7428
f 7124 7428 7412
f 7124 7412 7367
f 7124 7367 7321
f 7124 7321 7275
f 7124 7275 7238
f 7124 7238 7199
f 7124 7199 7177
f 7124 7177 7157
f 7124 7157 7142
f 7124 7142 7136
f 7124 7136 7131
f 7124 7131 7126
f 7124 7126 7127
f 7124 7127 7128
f 7124 7128 7133
f 7124 7133 7139
f 7124 7139 7151
f 7124 7151 7168
f 7124 7168 7188
f 7124 7188 7187
f 7124 7187 7221
f 7124 7221 7250
f 7124 7250 7254
f 7124 7254 7253
f 7124 7253 7252
f 7124 7252 7251
f 7124 7251 7293
f 7124 7293 7295
f 7124 7295 7334
f 7124 7334 7383
f 7124 7383 7424
f 7124 7424 7423
f 7124 7423 7381
f 7124 7381 7380
f 7124 7380 7422
f 7124 7422 7421
f 7124 7421 7420
f 7124 7420 7436
f 7124 7436 7435
f 7124 7435 7425
f 7124 7425 7387
f 7124 7387 7365
f 7124 7365 7318
f 7124 7318 7270
f 7124 7270 7231
f 7124 7231 7195
f 7124 7195 7174
f 7124 7174 7173
f 7124 7173 7154
f 7124 7154 7141
f 7124 7141 7135
f 7124 7135 7130
f 7124 7130 7125
f 7125 7130 7129
f 7126 7131 7127
f 7127 7132 7128
f 7127 7131 7132
f 7128 7132 7133
f 7129 7130 7134
f 7130 7135 7134
f 7131 7136 7132
f 7132 7136 7137
f 7132 7137 7138
f 7132 7138 7133
f 7133 7138 7139
f 7134 7135 7141
f 7134 7141 7156
f 7134 7156 7176
f 7134 7176 7196
f 7134 7196 7233
f 7134 7233 7237
f 7134 7237 7274
f 7134 7274 7320
f 7134 7320 7296
f 7134 7296 7256
f 7134 7256 7222
f 7134 7222 7189
f 7134 7189 7169
f 7134 7169 7152
f 7134 7152 7140
f 7136 7142 7143
f 7136 7143 7144
f 7136 7144 7137
f 7137 7144 7145
f 7137 7145 7138
f 7138 7145 7146
f 7138 7146 7147
f 7138 7147 7148
f 7138 7148 7139
f 7139 7148 7149
f 7139 7149 7150
f 7139 7150 7151
f 7140 7152 7170
f 7140 7170 7191
f 7140 7191 7227
f 7140 7227 7263
f 7140 7263 7309
f 7140 7309 7350
f 7140 7350 7349
f 7140 7349 7393
f 7140 7393 7426
f 7140 7426 7411
f 7140 7411 7410
f 7140 7410 7434
f 7140 7434 7433
f 7140 7433 7432
f 7140 7432 7431
f 7140 7431 7430
f 7140 7430 7429
f 7140 7429 7409
f 7140 7409 7408
f 7140 7408 7407
f 7140 7407 7406
f 7140 7406 7405
f 7140 7405 7402
f 7140 7402 7401
f 7140 7401 7358
f 7140 7358 7315
f 7140 7315 7268
f 7140 7268 7230
f 7140 7230 7193
f 7140 7193 7172
f 7140 7172 7153
f 7141 7154 7155
f 7141 7155 7156
f 7142 7157 7158
f 7142 7158 7143
f 7143 7158 7159
f 7143 7159 7144
f 7144 7159 7160
f 7144 7160 7161
f 7144 7161 7162
f 7144 7162 7163
f 7144 7163 7164
f 7144 7164 7165
f 7144 7165 7145
f 7145 7165 7146
f 7146 7165 7164
f 7146 7164 7147
f 7147 7149 7148
f 7147 7164 7150
f 7147 7150 7149
f 7150 7164 7166
f 7150 7166 7167
f 7150 7167 7151
f 7151 7167 7168
f 7152 7169 7170
f 7153 7172 7171
f 7154 7173 7155
f 7155 7173 7174
f 7155 7174 7175
f 7155 7175 7156
f 7156 7175 7176
f 7157 7177 7158
f 7158 7177 7178
f 7158 7178 7179
f 7158 7179 7180
f 7158 7180 7181
f 7158 7181 7159
f 7159 7181 7160
f 7160 7181 7161
f 7161 7181 7162
f 7162 7181 7180
f 7162 7180 7182
f 7162 7182 7163
f 7163 7182 7183
f 7163 7183 7166
f 7163 7166 7164
f 7166 7183 7184
f 7166 7184 7185
f 7166 7185 7186
f 7166 7186 7167
f 7167 7186 7187
f 7167 7187 7188
f 7167 7188 7168
f 7169 7189 7190
f 7169 7190 7191
f 7169 7191 7170
f 7171 7172 7193
f 7171 7193 7192
f 7174 7194 7175
f 7174 7195 7194
f 7175 7196 7176
f 7175 7194 7197
f 7175 7197 7198
f 7175 7198 7196
f 7177 7199 7200
f 7177 7200 7178
f 7178 7200 7179
f 7179 7201 7202
f 7179 7202 7203
f 7179 7203 7204
f 7179 7204 7205
f 7179 7205 7206
f 7179 7206 7207
f 7179 7207 7208
f 7179 7208 7209
f 7179 7209 7180
f 7179 7200 7199
f 7179 7199 7201
f 7180 7209 7182
f 7182 7209 7208
f 7182 7208 7210
f 7182 7210 7211
f 7182 7211 7212
f 7182 7212 7213
f 7182 7213 7183
f 7183 7213 7214
f 7183 7214 7184
f 7184 7214 7215
f 7184 7215 7216
f 7184 7216 7217
f 7184 7217 7186
f 7184 7186 7185
f 7186 7218 7219
f 7186 7219 7187
f 7186 7217 7216
f 7186 7216 7220
f 7186 7220 7218
f 7187 7219 7221
f 7189 7222 7223
f 7189 7223 7190
f 7190 7224 7225
f 7190 7225 7191
f 7190 7223 7226
f 7190 7226 7224
f 7191 7225 7227
f 7192 7193 7229
f 7192 7229 7228
f 7193 7230 7229
f 7194 7195 7197
f 7195 7231 7232
f 7195 7232 7197
f 7196 7198 7233
f 7197 7232 7234
f 7197 7234 7235
f 7197 7235 7236
f 7197 7236 7198
f 7198 7236 7237
f 7198 7237 7233
f 7199 7238 7239
f 7199 7239 7202
f 7199 7202 7201
f 7202 7239 7240
f 7202 7240 7241
f 7202 7241 7203
f 7203 7241 7242
f 7203 7242 7204
f 7204 7242 7243
f 7204 7243 7205
f 7205 7243 7206
f 7206 7243 7207
f 7207 7212 7208
f 7207 7243 7244
f 7207 7244 7245
f 7207 7245 7246
f 7207 7246 7247
f 7207 7247 7212
f 7208 7211 7210
f 7208 7212 7211
f 7212 7247 7248
f 7212 7248 7215
f 7212 7215 7213
f 7213 7215 7214
f 7215 7248 7216
f 7216 7248 7249
f 7216 7249 7220
f 7218 7250 7219
f 7218 7220 7250
f 7219 7250 7221
f 7220 7251 7252
f 7220 7252 7253
f 7220 7253 7254
f 7220 7254 7250
f 7220 7249 7255
f 7220 7255 7251
f 7222 7256 7257
f 7222 7257 7223
f 7223 7257 7226
f 7224 7258 7225
f 7224 7226 7258
f 7225 7258 7227
f 7226 7257 7259
f 7226 7259 7260
f 7226 7260 7261
f 7226 7261 7262
f 7226 7262 7258
f 7227 7258 7263
f 7228 7229 7265
f 7228 7265 7264
f 7229 7266 7265
f 7229 7230 7267
f 7229 7267 7266
f 7230 7268 7267
f 7231 7269 7234
f 7231 7234 7232
f 7231 7270 7269
f 7234 7269 7271
f 7234 7271 7272
f 7234 7272 7235
f 7235 7272 7273
f 7235 7273 7236
f 7236 7273 7274
f 7236 7274 7237
f 7238 7275 7276
f 7238 7276 7277
f 7238 7277 7239
f 7239 7277 7240
f 7240 7277 7278
f 7240 7278 7279
f 7240 7279 7280
f 7240 7280 7281
f 7240 7281 7241
f 7241 7281 7282
f 7241 7282 7283
f 7241 7283 7242
f 7242 7283 7284
f 7242 7284 7243
f 7243 7284 7285
f 7243 7285 7245
f 7243 7245 7244
f 7245 7285 7286
f 7245 7286 7287
f 7245 7287 7288
f 7245 7288 7289
f 7245 7289 7290
f 7245 7290 7246
f 7246 7290 7247
f 7247 7290 7248
f 7248 7290 7291
f 7248 7291 7249
f 7249 7291 7292
f 7249 7292 7255
f 7251 7255 7293
f 7255 7292 7294
f 7255 7294 7295
f 7255 7295 7293
f 7256 7296 7297
f 7256 7297 7257
f 7257 7297 7259
f 7258 7298 7299
f 7258 7299 7300
f 7258 7300 7263
f 7258 7262 7298
f 7259 7301 7260
f 7259 7297 7302
f 7259 7302 7301
f 7260 7301 7303
f 7260 7303 7304
f 7260 7304 7261
f 7261 7304 7305
f 7261 7305 7306
f 7261 7306 7307
f 7261 7307 7298
f 7261 7298 7262
f 7263 7300 7308
f 7263 7308 7309
f 7264 7265 7311
f 7264 7311 7310
f 7265 7266 7312
f 7265 7312 7311
f 7266 7267 7313
f 7266 7313 7312
f 7267 7268 7314
f 7267 7314 7313
f 7268 7315 7316
f 7268 7316 7314
f 7269 7270 7317
f 7269 7317 7271
f 7270 7318 7319
f 7270 7319 7317
f 7271 7302 7272
f 7271 7317 7301
f 7271 7301 7302
f 7272 7302 7297
f 7272 7297 7273
f 7273 7320 7274
f 7273 7297 7320
f 7275 7321 7276
f 7276 7321 7277
f 7277 7322 7323
f 7277 7323 7278
f 7277 7321 7322
f 7278 7324 7279
f 7278 7323 7325
f 7278 7325 7324
f 7279 7324 7326
f 7279 7326 7280
f 7280 7282 7281
f 7280 7326 7282
f 7282 7326 7284
f 7282 7284 7283
f 7284 7326 7327
f 7284 7327 7285
f 7285 7327 7328
f 7285 7328 7286
f 7286 7328 7329
f 7286 7329 7330
f 7286 7330 7287
f 7287 7330 7331
f 7287 7331 7288
f 7288 7332 7292
f 7288 7292 7291
f 7288 7291 7290
f 7288 7290 7289
f 7288 7331 7332
f 7292 7332 7294
f 7294 7332 7333
f 7294 7333 7334
f 7294 7334 7295
f 7296 7320 7297
f 7298 7307 7306
f 7298 7306 7335
f 7298 7335 7336
f 7298 7336 7337
f 7298 7337 7299
f 7299 7337 7338
f 7299 7338 7339
f 7299 7339 7300
f 7300 7339 7308
f 7301 7317 7303
f 7303 7317 7319
f 7303 7319 7340
f 7303 7340 7341
f 7303 7341 7304
f 7304 7341 7342
f 7304 7342 7306
f 7304 7306 7305
f 7306 7343 7344
f 7306 7344 7345
f 7306 7345 7346
f 7306 7346 7347
f 7306 7347 7335
f 7306 7342 7343
f 7308 7339 7348
f 7308 7348 7349
f 7308 7349 7350
f 7308 7350 7309
f 7310 7351 7352
f 7310 7311 7351
f 7311 7353 7352
f 7311 7352 7351
f 7311 7312 7353
f 7312 7313 7354
f 7312 7354 7355
f 7312 7355 7353
f 7313 7314 7356
f 7313 7356 7357
f 7313 7357 7354
f 7314 7316 7356
f 7315 7358 7316
f 7316 7359 7360
f 7316 7360 7361
f 7316 7361 7362
f 7316 7362 7363
f 7316 7363 7364
f 7316 7364 7356
f 7316 7358 7359
f 7318 7365 7366
f 7318 7366 7319
f 7319 7366 7340
f 7321 7367 7368
f 7321 7368 7322
f 7322 7368 7323
f 7323 7368 7325
f 7324 7325 7369
f 7324 7369 7370
f 7324 7370 7371
f 7324 7371 7363
f 7324 7363 7326
f 7325 7368 7369
f 7326 7363 7362
f 7326 7362 7327
f 7327 7362 7328
f 7328 7362 7361
f 7328 7361 7329
f 7329 7361 7372
f 7329 7372 7330
f 7330 7372 7373
f 7330 7373 7374
f 7330 7374 7375
f 7330 7375 7376
f 7330 7376 7377
f 7330 7377 7331
f 7331 7377 7378
f 7331 7378 7379
f 7331 7379 7380
f 7331 7380 7381
f 7331 7381 7332
f 7332 7381 7333
f 7333 7382 7383
f 7333 7383 7334
f 7333 7381 7382
f 7335 7347 7336
f 7336 7347 7337
f 7337 7347 7384
f 7337 7384 7338
f 7338 7384 7374
f 7338 7374 7385
f 7338 7385 7348
f 7338 7348 7339
f 7340 7366 7386
f 7340 7386 7341
f 7341 7386 7342
f 7342 7386 7343
f 7343 7386 7387
f 7343 7387 7388
f 7343 7388 7389
f 7343 7389 7344
f 7344 7389 7390
f 7344 7390 7345
f 7345 7390 7391
f 7345 7391 7346
f 7346 7391 7392
f 7346 7392 7347
f 7347 7392 7384
f 7348 7385 7349
f 7349 7385 7393
f 7353 7355 7394
f 7354 7357 7355
f 7355 7395 7396
f 7355 7396 7394
f 7355 7357 7397
f 7355 7397 7395
f 7356 7364 7357
f 7357 7398 7399
f 7357 7399 7400
f 7357 7400 7397
f 7357 7364 7398
f 7358 7401 7359
f 7359 7401 7402
f 7359 7402 7360
f 7360 7403 7404
f 7360 7404 7361
f 7360 7402 7405
f 7360 7405 7406
f 7360 7406 7407
f 7360 7407 7408
f 7360 7408 7409
f 7360 7409 7403
f 7361 7404 7410
f 7361 7410 7411
f 7361 7411 7372
f 7363 7371 7398
f 7363 7398 7364
f 7365 7386 7366
f 7365 7387 7386
f 7367 7412 7413
f 7367 7413 7414
f 7367 7414 7368
f 7368 7414 7369
f 7369 7414 7413
f 7369 7413 7415
f 7369 7415 7370
f 7370 7415 7400
f 7370 7400 7399
f 7370 7399 7398
f 7370 7398 7371
f 7372 7411 7416
f 7372 7416 7385
f 7372 7385 7374
f 7372 7374 7373
f 7374 7384 7375
f 7375 7384 7392
f 7375 7392 7376
f 7376 7392 7391
f 7376 7391 7417
f 7376 7417 7377
f 7377 7417 7378
f 7378 7417 7418
f 7378 7418 7419
f 7378 7419 7420
f 7378 7420 7379
f 7379 7420 7421
f 7379 7421 7422
f 7379 7422 7380
f 7381 7423 7382
f 7382 7424 7383
f 7382 7423 7424
f 7385 7416 7393
f 7387 7425 7419
f 7387 7419 7388
f 7388 7419 7389
f 7389 7419 7418
f 7389 7418 7390
f 7390 7418 7417
f 7390 7417 7391
f 7393 7416 7426
f 7395 7427 7396
f 7395 7397 7427
f 7396 7427 7428
f 7397 7400 7415
f 7397 7415 7427
f 7403 7409 7429
f 7403 7429 7430
f 7403 7430 7404
f 7404 7430 7431
f 7404 7431 7432
f 7404 7432 7433
f 7404 7433 7434
f 7404 7434 7410
f 7411 7426 7416
f 7412 7428 7427
f 7412 7427 7415
f 7412 7415 7413
f 7419 7435 7436
f 7419 7436 7420
f 7419 7425 7435

o geometry_41
v 0.13229887 -0.21647877 0.29489634
v 0.14077032 -0.21578186 0.29489634
v 0.14299965 -0.21543341 0.29705121
v 0.13229887 -0.21578186 0.30254156
v 0.13229887 0.00984191 0.29489634
v 0.14740015 -0.21522433 0.29489634
v 0.15176187 -0.21480620 0.29489634
v 0.13700953 -0.21491073 0.30736712
v 0.13229887 -0.21508496 0.30884573
v 0.13229887 0.13950154 0.33624015
v 0.18611290 0.13950154 0.29489634
v 0.15622053 -0.21428351 0.29489634
v 0.16285035 -0.21271547 0.30169336
v 0.14782663 -0.21442290 0.30200286
v 0.14728384 -0.21191403 0.31716721
v 0.13229887 -0.21365630 0.31636486
v 0.13229887 0.13950154 0.41199323
v 0.31345595 0.13950154 0.29489634
v 0.16285035 -0.21348207 0.29489634
v 0.17841687 -0.21149588 0.29489634
v 0.17841687 -0.21069444 0.30169336
v 0.19398340 -0.20860372 0.30169336
v 0.30292963 -0.19348083 0.30169336
v 0.16285035 -0.20971877 0.31716721
v 0.13229887 -0.20738413 0.33268692
v 0.13906440 0.13950154 0.41081264
v 0.13229887 0.02412852 0.39952245
v 0.31390180 0.13950154 0.29683343
v 0.31715855 0.11674751 0.30169336
v 0.31479353 0.12521494 0.29489634
v 0.18714032 -0.21034599 0.29489634
v 0.19398340 -0.20944000 0.29489634
v 0.29608657 -0.19553671 0.29489634
v 0.30292963 -0.19435197 0.29489634
v 0.31849616 -0.18954330 0.30169336
v 0.31849616 -0.18598907 0.31245630
v 0.30292963 -0.18780104 0.31561984
v 0.16285035 -0.20369053 0.33023403
v 0.13229887 -0.20710537 0.33314540
v 0.14728384 0.13950154 0.40927672
v 0.13229887 0.00928439 0.39790631
v 0.31496800 0.13950154 0.30169336
v 0.31570464 0.13221886 0.30169336
v 0.31855431 0.10131101 0.30169336
v 0.31585973 0.13950154 0.31716721
v 0.31832170 0.08587451 0.29489634
v 0.31165310 -0.19212185 0.29489634
v 0.31849616 -0.18992660 0.29489634
v 0.32754918 -0.18539670 0.30169336
v 0.32638603 -0.18435133 0.30954493
v 0.30292963 -0.18058804 0.32335674
v 0.13229887 -0.20132104 0.34199413
v 0.14699305 -0.20421320 0.33369556
v 0.15461153 0.13950154 0.40780956
v 0.14728384 0.02412852 0.39658817
v 0.13229887 -0.00615211 0.39614114
v 0.14728384 0.00869202 0.39486884
v 0.31987253 0.08587451 0.30169336
v 0.31281623 0.13950154 0.33415405
v 0.31644131 0.13221886 0.31716721
v 0.32652175 -0.01064716 0.29489634
v 0.32357513 -0.18759196 0.29489634
v 0.32766547 -0.18553609 0.29489634
v 0.32867352 -0.18149402 0.29489634
v 0.32975910 -0.17651113 0.29489634
v 0.32946831 -0.17651113 0.30169336
v 0.31095521 -0.16992536 0.32516776
v 0.32661867 -0.17651113 0.30978561
v 0.31068382 -0.01416655 0.34035505
v 0.31043181 -0.02218098 0.34005704
v 0.30988901 -0.03761748 0.33946102
v 0.30922991 -0.05301913 0.33878474
v 0.30845450 -0.06845563 0.33802824
v 0.30764031 -0.08389213 0.33730613
v 0.30680672 -0.09932863 0.33656111
v 0.30595376 -0.11476513 0.33570145
v 0.13656368 -0.18327113 0.35527872
v 0.13229887 -0.18393320 0.35567990
v 0.13229887 -0.18961299 0.35140453
v 0.13229887 -0.19090226 0.35040732
v 0.30292963 -0.17288721 0.32704755
v 0.14728384 -0.17351443 0.35840787
v 0.16345130 0.13950154 0.40597563
v 0.16285035 0.00869202 0.39169385
v 0.13229887 -0.00674448 0.39607238
v 0.13229887 -0.02218098 0.39424989
v 0.14728384 -0.02218098 0.39120097
v 0.32105505 0.07043802 0.30169336
v 0.31068382 0.13950154 0.34032066
v 0.31487108 0.10131101 0.33264107
v 0.31423136 0.11674751 0.33264107
v 0.32045410 0.07043802 0.31716721
v 0.31962051 0.08587451 0.31716721
v 0.31861246 0.10131101 0.31716721
v 0.31754628 0.11674751 0.31716721
v 0.32652175 -0.01064716 0.29809427
v 0.32785934 -0.05301913 0.30169336
v 0.32958463 -0.11476513 0.29489634
v 0.32533923 0.00869202 0.30169336
v 0.33008866 -0.16975114 0.29489634
v 0.33032127 -0.16107463 0.29489634
v 0.32987542 -0.16107463 0.30169336
v 0.29587333 -0.14009771 0.34082499
v 0.29816082 -0.11476513 0.34256726
v 0.29699767 -0.13020163 0.34163880
v 0.32659927 -0.05301913 0.31017533
v 0.31616990 0.00869202 0.33264107
v 0.31114908 0.00869202 0.34096255
v 0.31095521 -0.00388716 0.34069892
v 0.29792818 0.07043802 0.35848811
v 0.29750170 0.05500152 0.35797232
v 0.29697830 0.03956502 0.35743359
v 0.29631921 0.02412852 0.35681464
v 0.30143694 -0.05301913 0.34562764
v 0.30066153 -0.06845563 0.34483674
v 0.13229887 -0.17727773 0.35926753
v 0.13229887 -0.17839278 0.35867152
v 0.28736312 -0.14974988 0.33950685
v 0.28736312 -0.16107463 0.33528881
v 0.14728384 -0.16107463 0.36380652
v 0.16005885 -0.17086619 0.35699805
v 0.13229887 -0.16107463 0.36660328
v 0.27154459 0.13950154 0.38128623
v 0.18731479 0.01430212 0.38704021
v 0.19309166 0.00897078 0.38516043
v 0.16285035 -0.00674448 0.38980258
v 0.18146038 -0.00674448 0.38580231
v 0.18458145 0.00398789 0.38644420
v 0.17899843 0.00897078 0.38824375
v 0.13229887 -0.03765233 0.39220964
v 0.14866020 -0.03883707 0.38878245
v 0.15781013 -0.03458594 0.38741848
v 0.30760154 0.13950154 0.34665922
v 0.31109090 0.10131101 0.34114595
v 0.31535571 0.08587451 0.33264107
v 0.32299358 0.00869202 0.31716721
v 0.32239264 0.02412852 0.31716721
v 0.32113257 0.05500152 0.31716721
v 0.32621156 -0.01758139 0.30841016
v 0.32673496 -0.02249459 0.30263327
v 0.32733591 -0.03761748 0.30169336
v 0.32607587 -0.00597788 0.30263327
v 0.32828582 -0.06845563 0.30169336
v 0.33034067 -0.15431464 0.29489634
v 0.32915815 -0.11476513 0.30169336
v 0.20954991 -0.02218098 0.37756105
v 0.20954991 -0.03761748 0.37556665
v 0.20542081 -0.06845563 0.37227704
v 0.20278438 -0.07768966 0.37158930
v 0.19384769 -0.08326491 0.37264382
v 0.17841687 -0.08389213 0.37589906
v 0.16285035 -0.08389213 0.37928037
v 0.16285035 -0.09932863 0.37660972
v 0.16329622 -0.11518328 0.37333153
v 0.15841108 -0.12577626 0.37208218
v 0.15282807 -0.13605566 0.37089010
v 0.14245686 -0.13978411 0.37188732
v 0.14749708 -0.14521999 0.36918226
v 0.28046191 0.07500276 0.37180707
v 0.29566009 0.01179326 0.35626445
v 0.29503977 0.00151387 0.35579451
v 0.28280752 0.10131101 0.37361810
v 0.28166380 0.08587451 0.37262088
v 0.32642480 -0.03761748 0.30983146
v 0.32328437 -0.00674448 0.31716721
v 0.31613112 0.02412852 0.33264107
v 0.31120722 0.08587451 0.34129496
v 0.31118785 0.02412852 0.34106571
v 0.29905256 0.13950154 0.36035645
v 0.29823837 0.08587451 0.35890075
v 0.29189931 0.13950154 0.36809335
v 0.28412574 0.13950154 0.37541764
v 0.28336973 0.11674751 0.37435166
v 0.13229887 -0.15037711 0.37038579
v 0.19398340 -0.00674448 0.38310872
v 0.20954991 -0.00674448 0.37942938
v 0.19398340 -0.02218098 0.38120601
v 0.13229887 -0.05301913 0.38998598
v 0.14075094 -0.06239254 0.38705167
v 0.14410462 -0.05301913 0.38771650
v 0.15476662 -0.04486532 0.38673074
v 0.19398340 -0.03761748 0.37920013
v 0.31582096 0.05500152 0.33264107
v 0.31562709 0.07043802 0.33264107
v 0.32630848 -0.02786078 0.30954493
v 0.19398340 -0.05301913 0.37707966
v 0.19398340 -0.06845563 0.37490185
v 0.16285035 -0.06845563 0.38164156
v 0.14646965 -0.06789811 0.38509166
v 0.14728384 -0.08389213 0.38243246
v 0.14728384 -0.09932863 0.37975032
v 0.14728384 -0.11476513 0.37670139
v 0.14749708 -0.13061978 0.37314816
v 0.13229887 -0.13020163 0.37601368
v 0.13229887 -0.14267628 0.37278135
v 0.31599543 0.03956502 0.33264107
v 0.13229887 -0.06699213 0.38789988
v 0.13658307 -0.07270677 0.38627225
v 0.15189758 -0.05301913 0.38615764
v 0.13229887 -0.08204533 0.38549284
v 0.13229887 -0.08375275 0.38520628
v 0.13229887 -0.09932863 0.38245537
v 0.13229887 -0.11476513 0.37942938
v 0.13229887 -0.12960927 0.37615123
v 0.13229887 -0.06866470 0.38764771
v 0.13229887 -0.07511110 0.38665052
f 7437 7438 7439
f 7437 7439 7440
f 7437 7440 7445
f 7437 7445 7452
f 7437 7452 7461
f 7437 7461 7475
f 7437 7475 7488
f 7437 7488 7516
f 7437 7516 7515
f 7437 7515 7514
f 7437 7514 7553
f 7437 7553 7552
f 7437 7552 7558
f 7437 7558 7610
f 7437 7610 7631
f 7437 7631 7630
f 7437 7630 7640
f 7437 7640 7639
f 7437 7639 7638
f 7437 7638 7637
f 7437 7637 7636
f 7437 7636 7642
f 7437 7642 7641
f 7437 7641 7633
f 7437 7633 7614
f 7437 7614 7566
f 7437 7566 7522
f 7437 7522 7521
f 7437 7521 7492
f 7437 7492 7477
f 7437 7477 7463
f 7437 7463 7453
f 7437 7453 7446
f 7437 7446 7441
f 7437 7441 7447
f 7437 7447 7454
f 7437 7454 7466
f 7437 7466 7482
f 7437 7482 7497
f 7437 7497 7534
f 7437 7534 7580
f 7437 7580 7537
f 7437 7537 7536
f 7437 7536 7501
f 7437 7501 7500
f 7437 7500 7499
f 7437 7499 7498
f 7437 7498 7484
f 7437 7484 7483
f 7437 7483 7470
f 7437 7470 7469
f 7437 7469 7468
f 7437 7468 7467
f 7437 7467 7456
f 7437 7456 7455
f 7437 7455 7448
f 7437 7448 7443
f 7437 7443 7442
f 7437 7442 7438
f 7438 7442 7439
f 7439 7442 7443
f 7439 7443 7444
f 7439 7444 7440
f 7440 7444 7445
f 7441 7446 7447
f 7443 7448 7449
f 7443 7449 7450
f 7443 7450 7444
f 7444 7450 7449
f 7444 7449 7451
f 7444 7451 7452
f 7444 7452 7445
f 7446 7453 7462
f 7446 7462 7476
f 7446 7476 7490
f 7446 7490 7519
f 7446 7519 7559
f 7446 7559 7608
f 7446 7608 7607
f 7446 7607 7605
f 7446 7605 7569
f 7446 7569 7525
f 7446 7525 7495
f 7446 7495 7481
f 7446 7481 7478
f 7446 7478 7464
f 7446 7464 7454
f 7446 7454 7447
f 7448 7455 7449
f 7449 7456 7457
f 7449 7457 7451
f 7449 7455 7456
f 7451 7457 7458
f 7451 7458 7459
f 7451 7459 7460
f 7451 7460 7461
f 7451 7461 7452
f 7453 7463 7462
f 7454 7464 7465
f 7454 7465 7466
f 7456 7467 7457
f 7457 7467 7468
f 7457 7468 7458
f 7458 7468 7469
f 7458 7469 7459
f 7459 7469 7470
f 7459 7470 7471
f 7459 7471 7472
f 7459 7472 7473
f 7459 7473 7460
f 7460 7474 7461
f 7460 7473 7474
f 7461 7474 7475
f 7462 7463 7476
f 7463 7477 7476
f 7464 7478 7479
f 7464 7479 7465
f 7465 7480 7466
f 7465 7479 7481
f 7465 7481 7480
f 7466 7480 7482
f 7470 7483 7471
f 7471 7483 7484
f 7471 7484 7485
f 7471 7485 7486
f 7471 7486 7472
f 7472 7486 7487
f 7472 7487 7473
f 7473 7488 7474
f 7473 7487 7488
f 7474 7488 7489
f 7474 7489 7475
f 7475 7489 7488
f 7476 7477 7491
f 7476 7491 7490
f 7477 7492 7493
f 7477 7493 7491
f 7478 7481 7479
f 7480 7494 7482
f 7480 7481 7494
f 7481 7495 7496
f 7481 7496 7494
f 7482 7494 7497
f 7484 7498 7485
f 7485 7498 7499
f 7485 7499 7500
f 7485 7500 7501
f 7485 7501 7502
f 7485 7502 7486
f 7486 7503 7487
f 7486 7502 7504
f 7486 7504 7505
f 7486 7505 7506
f 7486 7506 7507
f 7486 7507 7508
f 7486 7508 7509
f 7486 7509 7510
f 7486 7510 7511
f 7486 7511 7512
f 7486 7512 7503
f 7487 7513 7514
f 7487 7514 7515
f 7487 7515 7516
f 7487 7516 7488
f 7487 7503 7517
f 7487 7517 7518
f 7487 7518 7513
f 7490 7491 7520
f 7490 7520 7519
f 7491 7493 7520
f 7492 7521 7493
f 7493 7521 7522
f 7493 7522 7523
f 7493 7523 7520
f 7494 7496 7524
f 7494 7524 7497
f 7495 7525 7526
f 7495 7526 7527
f 7495 7527 7528
f 7495 7528 7529
f 7495 7529 7530
f 7495 7530 7531
f 7495 7531 7496
f 7496 7531 7524
f 7497 7532 7533
f 7497 7533 7534
f 7497 7524 7535
f 7497 7535 7532
f 7501 7536 7502
f 7502 7536 7537
f 7502 7537 7538
f 7502 7538 7504
f 7503 7539 7517
f 7503 7512 7540
f 7503 7540 7541
f 7503 7541 7539
f 7504 7538 7542
f 7504 7542 7543
f 7504 7543 7544
f 7504 7544 7545
f 7504 7545 7505
f 7505 7545 7546
f 7505 7546 7547
f 7505 7547 7506
f 7506 7547 7548
f 7506 7548 7507
f 7507 7548 7549
f 7507 7549 7508
f 7508 7550 7510
f 7508 7510 7509
f 7508 7549 7550
f 7510 7550 7551
f 7510 7551 7511
f 7511 7551 7540
f 7511 7540 7512
f 7513 7518 7552
f 7513 7552 7553
f 7513 7553 7514
f 7517 7539 7554
f 7517 7554 7555
f 7517 7555 7556
f 7517 7556 7557
f 7517 7557 7518
f 7518 7557 7556
f 7518 7556 7558
f 7518 7558 7552
f 7519 7520 7560
f 7519 7560 7561
f 7519 7561 7559
f 7520 7562 7563
f 7520 7563 7564
f 7520 7564 7565
f 7520 7565 7560
f 7520 7523 7562
f 7522 7566 7567
f 7522 7567 7523
f 7523 7567 7568
f 7523 7568 7562
f 7524 7531 7535
f 7525 7569 7570
f 7525 7570 7571
f 7525 7571 7526
f 7526 7571 7572
f 7526 7572 7573
f 7526 7573 7574
f 7526 7574 7527
f 7527 7574 7528
f 7528 7574 7575
f 7528 7575 7529
f 7529 7535 7530
f 7529 7575 7535
f 7530 7535 7531
f 7532 7575 7576
f 7532 7576 7577
f 7532 7577 7533
f 7532 7535 7578
f 7532 7578 7575
f 7533 7577 7575
f 7533 7575 7579
f 7533 7579 7534
f 7534 7579 7580
f 7535 7575 7578
f 7537 7580 7538
f 7538 7580 7581
f 7538 7581 7542
f 7539 7582 7583
f 7539 7583 7584
f 7539 7584 7585
f 7539 7585 7586
f 7539 7586 7587
f 7539 7587 7588
f 7539 7588 7589
f 7539 7589 7590
f 7539 7590 7591
f 7539 7591 7592
f 7539 7592 7593
f 7539 7593 7594
f 7539 7594 7554
f 7539 7541 7595
f 7539 7595 7582
f 7540 7551 7596
f 7540 7596 7597
f 7540 7597 7598
f 7540 7598 7541
f 7541 7598 7599
f 7541 7599 7595
f 7542 7581 7600
f 7542 7600 7572
f 7542 7572 7601
f 7542 7601 7602
f 7542 7602 7543
f 7543 7602 7603
f 7543 7603 7604
f 7543 7604 7544
f 7544 7604 7605
f 7544 7605 7545
f 7545 7605 7606
f 7545 7606 7546
f 7546 7606 7607
f 7546 7607 7608
f 7546 7608 7547
f 7547 7608 7548
f 7548 7608 7609
f 7548 7609 7549
f 7549 7609 7598
f 7549 7598 7596
f 7549 7596 7550
f 7550 7596 7551
f 7554 7594 7556
f 7554 7556 7555
f 7556 7594 7610
f 7556 7610 7558
f 7559 7561 7595
f 7559 7595 7599
f 7559 7599 7598
f 7559 7598 7609
f 7559 7609 7608
f 7560 7565 7561
f 7561 7565 7564
f 7561 7564 7611
f 7561 7611 7612
f 7561 7612 7595
f 7562 7568 7613
f 7562 7613 7563
f 7563 7611 7564
f 7563 7613 7611
f 7566 7614 7615
f 7566 7615 7616
f 7566 7616 7617
f 7566 7617 7567
f 7567 7617 7568
f 7568 7618 7613
f 7568 7617 7618
f 7569 7605 7603
f 7569 7603 7570
f 7570 7603 7619
f 7570 7619 7620
f 7570 7620 7571
f 7571 7620 7601
f 7571 7601 7572
f 7572 7600 7621
f 7572 7621 7575
f 7572 7575 7573
f 7573 7575 7574
f 7575 7621 7579
f 7575 7577 7576
f 7579 7621 7581
f 7579 7581 7580
f 7581 7621 7600
f 7582 7613 7583
f 7582 7595 7612
f 7582 7612 7611
f 7582 7611 7613
f 7583 7613 7618
f 7583 7618 7622
f 7583 7622 7584
f 7584 7622 7585
f 7585 7622 7623
f 7585 7623 7624
f 7585 7624 7588
f 7585 7588 7587
f 7585 7587 7586
f 7588 7624 7625
f 7588 7625 7626
f 7588 7626 7589
f 7589 7626 7627
f 7589 7627 7628
f 7589 7628 7590
f 7590 7628 7591
f 7591 7628 7629
f 7591 7629 7592
f 7592 7629 7630
f 7592 7630 7593
f 7593 7631 7610
f 7593 7610 7594
f 7593 7630 7631
f 7596 7598 7597
f 7601 7620 7619
f 7601 7619 7632
f 7601 7632 7602
f 7602 7632 7603
f 7603 7605 7604
f 7603 7632 7619
f 7605 7607 7606
f 7614 7633 7634
f 7614 7634 7615
f 7615 7625 7635
f 7615 7635 7616
f 7615 7634 7625
f 7616 7635 7617
f 7617 7623 7622
f 7617 7622 7618
f 7617 7635 7624
f 7617 7624 7623
f 7624 7635 7625
f 7625 7634 7626
f 7626 7634 7636
f 7626 7636 7637
f 7626 7637 7627
f 7627 7638 7639
f 7627 7639 7628
f 7627 7637 7638
f 7628 7639 7640
f 7628 7640 7629
f 7629 7640 7630
f 7633 7641 7634
f 7634 7641 7642
f 7634 7642 7636

o geometry_42
v 0.14577444 -0.21990671 -0.23583839
v 0.14577444 -0.21845213 -0.25689076
v 0.14673670 -0.21808849 -0.26109678
v 0.14728138 -0.21977449 -0.23583839
v 0.14577444 0.08023410 -0.23583839
v 0.14577444 -0.21815461 -0.26109678
v 0.16285903 -0.21640250 -0.26109678
v 0.16284087 -0.21683225 -0.25540717
v 0.16284087 -0.21792320 -0.23993315
v 0.16284087 -0.21818768 -0.23583839
v 0.22264598 0.10251573 -0.23583839
v 0.24065649 0.11782195 -0.24056120
v 0.22373533 0.11782195 -0.24497246
v 0.22326328 0.11782195 -0.24515791
v 0.21727187 0.11782195 -0.24758609
v 0.21135308 0.11782195 -0.25310509
v 0.21084473 0.11782195 -0.25358480
v 0.20300143 0.11782195 -0.26109678
v 0.14577444 0.07557281 -0.24295476
v 0.14577444 0.05620035 -0.26109678
v 0.17242712 -0.21534462 -0.26109678
v 0.17887241 -0.21633636 -0.23583839
v 0.16696223 -0.21772483 -0.23583839
v 0.22511517 0.10294550 -0.23583839
v 0.24065649 0.10499514 -0.23583839
v 0.25588921 0.10502819 -0.23583839
v 0.25621598 0.10502819 -0.23583839
v 0.25621598 0.11782195 -0.24083074
v 0.29782903 0.11782195 -0.26109678
v 0.14577444 0.05811777 -0.25980357
v 0.14577444 0.06744035 -0.25206659
v 0.14577444 0.07524222 -0.24343693
v 0.17527757 -0.21498096 -0.26109678
v 0.18192259 -0.21593966 -0.23583839
v 0.26939708 0.10344137 -0.23583839
v 0.25717825 0.11782195 -0.24106316
v 0.27179366 0.10307772 -0.23583839
v 0.28288682 0.09878008 -0.23583839
v 0.32302924 0.03563778 -0.23583839
v 0.32517161 0.02413332 -0.23583839
v 0.30815965 0.06221706 -0.26109678
v 0.29752038 0.11782195 -0.26066406
v 0.31093748 0.06621717 -0.23583839
v 0.31257150 0.06324187 -0.23583839
v 0.20381845 -0.21121225 -0.26109678
v 0.18539034 -0.21547684 -0.23583839
v 0.25621598 -0.20426991 -0.26109678
v 0.27317350 0.11782195 -0.24505902
v 0.28537417 0.09749079 -0.23583839
v 0.27330059 0.11782195 -0.24510105
v 0.27322794 0.11782195 -0.24507631
v 0.32680563 0.00869486 -0.23583839
v 0.31643869 -0.00674360 -0.26109678
v 0.28626379 0.11782195 -0.25194046
v 0.29935412 0.08119280 -0.23583839
v 0.18711513 -0.21524544 -0.23583839
v 0.27179366 -0.20192274 -0.26109678
v 0.25621598 -0.20559227 -0.23583839
v 0.20953751 -0.21217097 -0.23583839
v 0.19445007 -0.21425367 -0.23583839
v 0.28608223 0.11782195 -0.25180941
v 0.32794944 -0.00571878 -0.23583839
v 0.31927099 -0.03762051 -0.26109678
v 0.31789115 -0.02218206 -0.26109678
v 0.27179366 -0.20274922 -0.23583839
v 0.28119833 -0.20013757 -0.26109678
v 0.32867567 -0.01560335 -0.23583839
v 0.32170387 -0.06872884 -0.26109678
v 0.28128912 -0.20033590 -0.23583839
v 0.28406695 -0.19944332 -0.26109678
v 0.32909327 -0.02218206 -0.23583839
v 0.32992841 -0.03874451 -0.23583839
v 0.33050940 -0.05454662 -0.23583839
v 0.32204882 -0.07894401 -0.26109678
v 0.28898715 -0.19772426 -0.26109678
v 0.30291262 -0.19210428 -0.26109678
v 0.28907795 -0.19693085 -0.23583839
v 0.33098145 -0.07015037 -0.23583839
v 0.32221221 -0.08390283 -0.26109678
v 0.31396949 -0.18631899 -0.26109678
v 0.30365703 -0.18856698 -0.23583839
v 0.33123563 -0.08390283 -0.23583839
v 0.32248457 -0.09934128 -0.26109678
v 0.31654761 -0.18291393 -0.26109678
v 0.31420553 -0.17716171 -0.23583839
v 0.31119166 -0.18469911 -0.24603819
v 0.30921268 -0.18288086 -0.23583839
v 0.33123563 -0.08565494 -0.23583839
v 0.32273873 -0.13018515 -0.26109678
v 0.32262981 -0.11477974 -0.26109678
v 0.31908943 -0.17696334 -0.26109678
v 0.32322895 -0.15709502 -0.23583839
v 0.30944872 -0.18261639 -0.23583839
v 0.33112669 -0.09934128 -0.23583839
v 0.32223039 -0.14562361 -0.26109678
v 0.32130445 -0.16106207 -0.26109678
v 0.32938375 -0.13021820 -0.23583839
v 0.32626097 -0.14562361 -0.23583839
v 0.33060017 -0.11477974 -0.23583839
f 7643 7644 7645
f 7643 7645 7646
f 7643 7646 7652
f 7643 7652 7665
f 7643 7665 7664
f 7643 7664 7676
f 7643 7676 7688
f 7643 7688 7698
f 7643 7698 7702
f 7643 7702 7701
f 7643 7701 7700
f 7643 7700 7707
f 7643 7707 7711
f 7643 7711 7719
f 7643 7719 7723
f 7643 7723 7729
f 7643 7729 7735
f 7643 7735 7727
f 7643 7727 7734
f 7643 7734 7740
f 7643 7740 7739
f 7643 7739 7741
f 7643 7741 7736
f 7643 7736 7730
f 7643 7730 7724
f 7643 7724 7720
f 7643 7720 7715
f 7643 7715 7714
f 7643 7714 7713
f 7643 7713 7709
f 7643 7709 7704
f 7643 7704 7694
f 7643 7694 7682
f 7643 7682 7681
f 7643 7681 7686
f 7643 7686 7685
f 7643 7685 7697
f 7643 7697 7691
f 7643 7691 7680
f 7643 7680 7679
f 7643 7679 7677
f 7643 7677 7669
f 7643 7669 7668
f 7643 7668 7667
f 7643 7667 7666
f 7643 7666 7653
f 7643 7653 7647
f 7643 7647 7661
f 7643 7661 7674
f 7643 7674 7673
f 7643 7673 7672
f 7643 7672 7662
f 7643 7662 7648
f 7643 7648 7644
f 7644 7648 7645
f 7645 7649 7650
f 7645 7650 7651
f 7645 7651 7646
f 7645 7648 7662
f 7645 7662 7660
f 7645 7660 7671
f 7645 7671 7683
f 7645 7683 7695
f 7645 7695 7706
f 7645 7706 7705
f 7645 7705 7710
f 7645 7710 7716
f 7645 7716 7721
f 7645 7721 7725
f 7645 7725 7732
f 7645 7732 7731
f 7645 7731 7737
f 7645 7737 7738
f 7645 7738 7733
f 7645 7733 7726
f 7645 7726 7722
f 7645 7722 7718
f 7645 7718 7717
f 7645 7717 7712
f 7645 7712 7708
f 7645 7708 7699
f 7645 7699 7689
f 7645 7689 7687
f 7645 7687 7675
f 7645 7675 7663
f 7645 7663 7649
f 7646 7651 7652
f 7647 7653 7654
f 7647 7654 7655
f 7647 7655 7656
f 7647 7656 7657
f 7647 7657 7658
f 7647 7658 7659
f 7647 7659 7660
f 7647 7660 7661
f 7649 7663 7650
f 7650 7663 7651
f 7651 7664 7665
f 7651 7665 7652
f 7651 7663 7664
f 7653 7666 7654
f 7654 7666 7667
f 7654 7667 7668
f 7654 7668 7669
f 7654 7669 7670
f 7654 7670 7678
f 7654 7678 7690
f 7654 7690 7693
f 7654 7693 7692
f 7654 7692 7703
f 7654 7703 7696
f 7654 7696 7684
f 7654 7684 7671
f 7654 7671 7660
f 7654 7660 7659
f 7654 7659 7658
f 7654 7658 7657
f 7654 7657 7656
f 7654 7656 7655
f 7660 7662 7672
f 7660 7672 7673
f 7660 7673 7674
f 7660 7674 7661
f 7663 7675 7664
f 7664 7675 7676
f 7669 7677 7670
f 7670 7677 7679
f 7670 7679 7680
f 7670 7680 7678
f 7671 7681 7682
f 7671 7682 7683
f 7671 7684 7685
f 7671 7685 7686
f 7671 7686 7681
f 7675 7687 7676
f 7676 7687 7689
f 7676 7689 7688
f 7678 7680 7690
f 7680 7691 7692
f 7680 7692 7693
f 7680 7693 7690
f 7682 7694 7695
f 7682 7695 7683
f 7684 7696 7691
f 7684 7691 7697
f 7684 7697 7685
f 7688 7689 7698
f 7689 7699 7700
f 7689 7700 7701
f 7689 7701 7702
f 7689 7702 7698
f 7691 7696 7703
f 7691 7703 7692
f 7694 7704 7705
f 7694 7705 7706
f 7694 7706 7695
f 7699 7707 7700
f 7699 7708 7707
f 7704 7709 7710
f 7704 7710 7705
f 7707 7708 7712
f 7707 7712 7711
f 7709 7713 7710
f 7710 7713 7714
f 7710 7714 7715
f 7710 7715 7716
f 7711 7712 7717
f 7711 7717 7718
f 7711 7718 7719
f 7715 7720 7721
f 7715 7721 7716
f 7718 7722 7719
f 7719 7722 7723
f 7720 7724 7721
f 7721 7724 7725
f 7722 7726 7727
f 7722 7727 7728
f 7722 7728 7723
f 7723 7728 7729
f 7724 7730 7731
f 7724 7731 7732
f 7724 7732 7725
f 7726 7733 7734
f 7726 7734 7727
f 7727 7735 7728
f 7728 7735 7729
f 7730 7736 7731
f 7731 7736 7737
f 7733 7738 7739
f 7733 7739 7740
f 7733 7740 7734
f 7736 7741 7737
f 7737 7741 7738
f 7738 7741 7739

o geometry_43
v -0.34954772 0.05671225 -0.00781083
v -0.34946404 0.05671225 0.00766335
v -0.34904580 0.05671225 -0.02160726
v -0.33296374 -0.02217525 -0.02328501
v -0.33014049 -0.03761883 -0.00781083
v -0.33014049 -0.03761883 0.00766335
v -0.34894123 0.05671225 0.02313753
v -0.33300555 -0.02217525 0.02313753
v -0.34898306 0.05671225 -0.02328501
v -0.33193899 -0.02217525 -0.03874533
v -0.32756819 -0.04563280 -0.03188178
v -0.32974312 -0.03761883 -0.02328501
v -0.32802826 -0.04785891 -0.00781083
v -0.32800736 -0.04777543 0.00766335
v -0.32978496 -0.03761883 0.02313753
v -0.34883665 0.05671225 0.02481528
v -0.33239909 -0.02217525 0.03353684
v -0.32758909 -0.04577194 0.03215026
v -0.33135343 -0.02723963 0.03353684
v -0.34793740 0.05671225 -0.03708144
v -0.33382116 -0.00673166 -0.05423337
v -0.33068421 -0.02217525 -0.05423337
v -0.32666891 -0.04140321 -0.05423337
v -0.32867656 -0.03817536 -0.03771926
v -0.32616700 -0.05453721 -0.02328501
v -0.32779821 -0.04682933 -0.02328501
v -0.32714992 -0.04371279 -0.04218403
v -0.32581150 -0.05169893 -0.03771926
v -0.31763452 -0.08392177 -0.05423337
v -0.31435119 -0.09933752 -0.05423337
v -0.31556413 -0.09933752 -0.03874533
v -0.31989312 -0.08392177 -0.02328501
v -0.32637615 -0.05559461 -0.00781083
v -0.32781914 -0.04682933 0.02313753
v -0.32635521 -0.05548331 0.00766335
v -0.34825110 0.05671225 0.03353684
v -0.32788188 -0.04396322 0.03353684
v -0.31983039 -0.08392177 0.02313753
v -0.31918209 -0.08392177 0.03353684
v -0.34661989 0.05671225 -0.05254175
v -0.33566149 0.00871193 -0.06970755
v -0.33256638 -0.00673166 -0.06970755
v -0.32737997 -0.02932660 -0.07603034
v -0.32625067 -0.03697883 -0.07040083
v -0.32294643 -0.05303459 -0.06970755
v -0.32420118 -0.05303459 -0.05423337
v -0.31966307 -0.06847818 -0.06970755
v -0.31198804 -0.10718453 -0.06251122
v -0.31654705 -0.09933752 -0.02328501
v -0.32024866 -0.08392177 -0.00781083
v -0.32022772 -0.08392177 0.00766335
v -0.16716574 0.05671225 0.03353684
v -0.31631700 -0.09933752 0.02313753
v -0.31575235 -0.09933752 0.03353684
v -0.34647350 0.05671225 -0.05423337
v -0.33716723 0.02415551 -0.08518173
v -0.33413485 0.00871193 -0.08518173
v -0.34530237 0.05671225 -0.06730878
v -0.34507234 0.05671225 -0.06979075
v -0.32846744 -0.01914219 -0.08518173
v -0.32466129 -0.03761883 -0.08518173
v -0.32146160 -0.05303459 -0.08518173
v -0.33099790 -0.00673166 -0.08518173
v -0.31815734 -0.06847818 -0.08518173
v -0.31200894 -0.09196356 -0.09366757
v -0.31144429 -0.08940354 -0.10398369
v -0.31138155 -0.10470799 -0.07282734
v -0.30866287 -0.09866969 -0.10811568
v -0.30627879 -0.10665583 -0.10811568
v -0.30358101 -0.11475329 -0.10811568
v -0.30138515 -0.11973419 -0.10811568
v -0.28247983 -0.17163021 -0.03874533
v -0.31232264 -0.10782454 -0.05423337
v -0.31474853 -0.08392177 -0.08518173
v -0.31292912 -0.10871498 -0.03874533
v -0.31334736 -0.10910455 -0.02328501
v -0.31677708 -0.09933752 -0.00781083
v -0.31665160 -0.09933752 0.00766335
v -0.15627010 0.05668443 -0.10811568
v -0.15687656 0.05671225 -0.10416394
v -0.13590086 0.03445124 0.03353684
v -0.31320098 -0.10885411 0.02313753
v -0.31295003 -0.10865933 0.03353684
v -0.33541054 0.02415551 -0.10065591
v -0.34011596 0.03957127 -0.08518173
v -0.33231542 0.00871193 -0.10065591
v -0.32784005 -0.01613695 -0.09581676
v -0.34360844 0.05671225 -0.08300481
v -0.32286276 -0.03761883 -0.10065591
v -0.31966307 -0.05303459 -0.10065591
v -0.31640064 -0.06847818 -0.10065591
v -0.31121424 -0.08831832 -0.10811568
v -0.31012677 -0.09277052 -0.10811568
v -0.30985491 -0.09800187 -0.09956051
v -0.29849915 -0.12496552 -0.10811568
v -0.28097409 -0.16909800 -0.06288560
v -0.28162241 -0.17018324 -0.05423337
v -0.27775350 -0.17933808 -0.03874533
v -0.27840179 -0.18036765 -0.02328501
v -0.28310722 -0.17265977 -0.02328501
v -0.28358823 -0.17346672 -0.00781083
v -0.31338920 -0.10893759 -0.00781083
v -0.28363003 -0.17355021 0.00766335
v -0.18280865 0.05671225 -0.10811568
v -0.13590086 0.03453471 0.02313753
v -0.13590086 0.03461819 0.00766335
v -0.13590086 0.03467384 -0.00306875
v -0.13590086 0.03470166 -0.01854293
v -0.13590086 0.03464601 -0.03394778
v -0.13590086 0.03459036 -0.03874533
v -0.13590086 0.03445124 -0.04928330
v -0.13590086 0.03433992 -0.05423337
v -0.13590086 0.03383906 -0.06625498
v -0.13590086 0.03372775 -0.06854282
v -0.13590086 0.03250339 -0.08518173
v -0.13590086 0.03125122 -0.10065591
v -0.13590086 0.03058338 -0.10811568
v -0.13590086 -0.22744971 0.03353684
v -0.28314905 -0.17271542 0.02313753
v -0.28266805 -0.17188063 0.03353684
v -0.33442764 0.02415551 -0.10811568
v -0.33294281 0.01669806 -0.10811568
v -0.32723356 -0.01313171 -0.10613288
v -0.34335749 0.05671225 -0.08518173
v -0.33831743 0.03957127 -0.10065591
v -0.33735544 0.03957127 -0.10811568
v -0.32194261 -0.03761883 -0.10811568
v -0.31719535 -0.06049204 -0.10811568
v -0.31550139 -0.06847818 -0.10811568
v -0.31447667 -0.07329213 -0.10811568
v -0.31276181 -0.08122261 -0.10811568
v -0.26802898 -0.17324412 -0.10811568
v -0.26907461 -0.17480239 -0.10065591
v -0.27030849 -0.17791894 -0.08624939
v -0.27585043 -0.17516415 -0.06870922
v -0.27674968 -0.17789111 -0.05423337
v -0.26897007 -0.18899379 -0.05423337
v -0.26995296 -0.19030163 -0.03874533
v -0.27886190 -0.18117461 -0.00781083
v -0.27062218 -0.19121989 -0.02328501
v -0.27884097 -0.18125809 0.00766335
v -0.34047149 0.05671225 -0.10811568
v -0.13590086 -0.22636450 -0.10811568
v -0.13803398 -0.22736624 0.03353684
v -0.13590086 -0.22750537 0.02313753
v -0.27833905 -0.18045113 0.02313753
v -0.27783714 -0.17961634 0.03353684
v -0.32740087 -0.01096126 -0.10811568
v -0.32660617 -0.01491259 -0.10811568
v -0.34162170 0.05671225 -0.09918614
v -0.34032508 0.05584965 -0.10811568
v -0.26311444 -0.18097983 -0.10811568
v -0.26407642 -0.18251027 -0.10065591
v -0.26503841 -0.18398507 -0.09211460
v -0.26618862 -0.18548768 -0.08179848
v -0.26750614 -0.18710161 -0.06970755
v -0.26248705 -0.19670168 -0.05423337
v -0.26369999 -0.19803734 -0.03874533
v -0.26453650 -0.19892778 -0.02328501
v -0.26997389 -0.19339034 -0.00754739
v -0.26535211 -0.19979039 -0.00220907
v -0.26503841 -0.19948431 -0.01252519
v -0.26995296 -0.19339034 0.00759402
v -0.27055945 -0.19121989 0.02313753
v -0.26535211 -0.19979039 0.00239436
v -0.13590086 -0.22650363 -0.10065591
v -0.14849047 -0.22583580 -0.10811568
v -0.15361415 -0.22667058 0.03353684
v -0.14849047 -0.22694883 0.02313753
v -0.13590086 -0.22756102 -0.00781083
v -0.27003663 -0.19049641 0.03353684
v -0.25937100 -0.18607204 -0.10811568
v -0.25483289 -0.19158165 -0.10811568
v -0.25531389 -0.19313992 -0.10066978
v -0.24906093 -0.19906690 -0.10582784
v -0.26087673 -0.19483731 -0.06970755
v -0.25023204 -0.20023562 -0.09551172
v -0.25138224 -0.20129300 -0.08518173
v -0.25309713 -0.20282347 -0.06970755
v -0.25470741 -0.20407563 -0.05423337
v -0.25592035 -0.20502175 -0.03874533
v -0.25675689 -0.20580088 -0.02328501
v -0.25889002 -0.20510522 -0.00754739
v -0.25891092 -0.20510522 0.00759402
v -0.26508025 -0.19951214 0.01271048
v -0.26455743 -0.19892778 0.02313753
v -0.13590086 -0.22706016 -0.06970755
v -0.14849047 -0.22597492 -0.10065591
v -0.16407063 -0.22555752 -0.08518173
v -0.16407063 -0.22525144 -0.10065591
v -0.16407063 -0.22508449 -0.10811568
v -0.16407063 -0.22619753 0.03353684
v -0.16407063 -0.22625318 0.02313753
v -0.13590086 -0.22750537 -0.02328501
v -0.17962988 -0.22555752 -0.00781083
v -0.26390911 -0.19823212 0.03353684
v -0.25023204 -0.19703560 -0.10811568
v -0.24876813 -0.19876083 -0.10811568
v -0.24703235 -0.20029127 -0.10811568
v -0.24157408 -0.20491042 -0.10811568
v -0.24307982 -0.20521652 -0.10066978
v -0.24048659 -0.20997483 -0.08450231
v -0.24282886 -0.21053133 -0.06970755
v -0.24402090 -0.21181134 -0.05423337
v -0.24525475 -0.21272960 -0.03874533
v -0.24653043 -0.21350876 -0.02328501
v -0.24751335 -0.21409309 -0.00781083
v -0.25677780 -0.20571740 0.02313753
v -0.24751335 -0.21406527 0.00766335
v -0.25612950 -0.20518870 0.03353684
v -0.14849047 -0.22625318 -0.08518173
v -0.13590086 -0.22722711 -0.05718678
v -0.16407063 -0.22578015 -0.06970755
v -0.17962988 -0.22491754 -0.06970755
v -0.17962988 -0.22461143 -0.08518173
v -0.17962988 -0.22422188 -0.10065591
v -0.17962988 -0.22399925 -0.10811568
v -0.17962988 -0.22547404 0.03353684
v -0.13590086 -0.22739406 -0.03874533
v -0.14849047 -0.22692101 -0.02328501
v -0.19518912 -0.22469491 -0.00781083
v -0.17962988 -0.22544622 -0.02328501
v -0.23557204 -0.20941829 -0.10811568
v -0.23153585 -0.21389832 -0.10065591
v -0.23314615 -0.21470528 -0.08921667
v -0.23435909 -0.21526181 -0.07890055
v -0.23507013 -0.21562356 -0.06970755
v -0.23626217 -0.21615224 -0.05423337
v -0.23749605 -0.21665312 -0.03874533
v -0.23877173 -0.21707053 -0.02328501
v -0.23975465 -0.21723748 -0.00781083
v -0.23973375 -0.21726530 0.00766335
v -0.24657227 -0.21345309 0.02313753
v -0.23881356 -0.21718183 0.02313753
v -0.23806070 -0.21701485 0.03353684
v -0.24584031 -0.21292441 0.03353684
v -0.13590086 -0.22725494 -0.05423337
v -0.14849047 -0.22667058 -0.05423337
v -0.16407063 -0.22591927 -0.05423337
v -0.17962988 -0.22511231 -0.05423337
v -0.19518912 -0.22450013 -0.02328501
v -0.19518912 -0.22424971 -0.03874533
v -0.19518912 -0.22397143 -0.05423337
v -0.19518912 -0.22366535 -0.06970755
v -0.19518912 -0.22327577 -0.08518173
v -0.19518912 -0.22280274 -0.10065591
v -0.19518912 -0.22252446 -0.10811568
v -0.19518912 -0.22455578 0.03353684
v -0.20031280 -0.22419406 0.03353684
v -0.21076928 -0.22349840 0.00766335
v -0.21076928 -0.22341489 -0.00781083
v -0.23036473 -0.21311918 -0.10811568
v -0.22662131 -0.21503921 -0.10811568
v -0.22258511 -0.21668095 -0.10811568
v -0.22375623 -0.21704270 -0.10065591
v -0.22731144 -0.21718183 -0.08450231
v -0.22632853 -0.21857314 -0.06970755
v -0.22632853 -0.21949140 -0.05423337
v -0.22632853 -0.22018706 -0.03874533
v -0.22632853 -0.22074359 -0.02328501
v -0.22632853 -0.22102184 -0.00781083
v -0.22632853 -0.22110532 0.00766335
v -0.22632853 -0.22102184 0.02313753
v -0.23042747 -0.21951923 0.03353684
v -0.21076928 -0.22319229 -0.02328501
v -0.21076928 -0.22288622 -0.03874533
v -0.21076928 -0.22252446 -0.05423337
v -0.21076928 -0.22196793 -0.06970755
v -0.21076928 -0.22127227 -0.08518173
v -0.21076928 -0.22049314 -0.10065591
v -0.21076928 -0.21999228 -0.10811568
v -0.21076928 -0.22333142 0.03353684
v -0.21076928 -0.22344275 0.02313753
v -0.22632853 -0.22077142 0.03353684
v -0.21587205 -0.22255229 0.03353684
f 7742 7743 7748
f 7742 7748 7757
f 7742 7757 7777
f 7742 7777 7793
f 7742 7793 7821
f 7742 7821 7845
f 7742 7845 7883
f 7742 7883 7891
f 7742 7891 7865
f 7742 7865 7829
f 7742 7829 7800
f 7742 7800 7799
f 7742 7799 7796
f 7742 7796 7781
f 7742 7781 7761
f 7742 7761 7750
f 7742 7750 7744
f 7742 7744 7745
f 7742 7745 7746
f 7742 7746 7747
f 7742 7747 7743
f 7743 7747 7749
f 7743 7749 7748
f 7744 7750 7745
f 7745 7751 7752
f 7745 7752 7753
f 7745 7753 7754
f 7745 7754 7746
f 7745 7750 7751
f 7746 7754 7747
f 7747 7754 7755
f 7747 7755 7756
f 7747 7756 7749
f 7748 7749 7758
f 7748 7758 7757
f 7749 7756 7759
f 7749 7759 7760
f 7749 7760 7758
f 7750 7761 7751
f 7751 7762 7763
f 7751 7763 7764
f 7751 7764 7765
f 7751 7765 7752
f 7751 7761 7762
f 7752 7766 7767
f 7752 7767 7753
f 7752 7765 7768
f 7752 7768 7769
f 7752 7769 7770
f 7752 7770 7771
f 7752 7771 7772
f 7752 7772 7773
f 7752 7773 7766
f 7753 7767 7754
f 7754 7767 7766
f 7754 7766 7773
f 7754 7773 7774
f 7754 7774 7755
f 7755 7775 7756
f 7755 7774 7776
f 7755 7776 7775
f 7756 7775 7759
f 7757 7758 7777
f 7758 7760 7778
f 7758 7778 7780
f 7758 7780 7795
f 7758 7795 7824
f 7758 7824 7861
f 7758 7861 7888
f 7758 7888 7912
f 7758 7912 7937
f 7758 7937 7951
f 7758 7951 7977
f 7758 7977 7976
f 7758 7976 8005
f 7758 8005 8015
f 7758 8015 8016
f 7758 8016 8013
f 7758 8013 7990
f 7758 7990 7989
f 7758 7989 7959
f 7758 7959 7933
f 7758 7933 7909
f 7758 7909 7885
f 7758 7885 7859
f 7758 7859 7822
f 7758 7822 7793
f 7758 7793 7777
f 7759 7778 7760
f 7759 7775 7779
f 7759 7779 7780
f 7759 7780 7778
f 7761 7781 7782
f 7761 7782 7783
f 7761 7783 7762
f 7762 7783 7763
f 7763 7784 7785
f 7763 7785 7764
f 7763 7783 7784
f 7764 7768 7765
f 7764 7785 7786
f 7764 7786 7787
f 7764 7787 7768
f 7768 7787 7769
f 7769 7787 7770
f 7770 7787 7786
f 7770 7786 7788
f 7770 7788 7771
f 7771 7789 7772
f 7771 7788 7789
f 7772 7789 7790
f 7772 7790 7773
f 7773 7790 7791
f 7773 7791 7774
f 7774 7791 7792
f 7774 7792 7776
f 7775 7776 7779
f 7776 7792 7779
f 7779 7792 7794
f 7779 7794 7795
f 7779 7795 7780
f 7781 7796 7782
f 7782 7797 7798
f 7782 7798 7783
f 7782 7796 7799
f 7782 7799 7800
f 7782 7800 7797
f 7783 7798 7784
f 7784 7801 7802
f 7784 7802 7803
f 7784 7803 7786
f 7784 7786 7785
f 7784 7798 7804
f 7784 7804 7801
f 7786 7803 7788
f 7788 7803 7805
f 7788 7805 7789
f 7789 7806 7807
f 7789 7807 7808
f 7789 7808 7809
f 7789 7809 7810
f 7789 7810 7811
f 7789 7811 7812
f 7789 7812 7813
f 7789 7813 7814
f 7789 7814 7790
f 7789 7805 7815
f 7789 7815 7806
f 7790 7814 7816
f 7790 7816 7817
f 7790 7817 7818
f 7790 7818 7791
f 7791 7818 7792
f 7792 7818 7819
f 7792 7819 7794
f 7793 7820 7821
f 7793 7822 7820
f 7794 7819 7823
f 7794 7823 7824
f 7794 7824 7795
f 7797 7825 7798
f 7797 7800 7826
f 7797 7826 7825
f 7798 7825 7827
f 7798 7827 7828
f 7798 7828 7804
f 7800 7829 7826
f 7801 7828 7830
f 7801 7830 7802
f 7801 7804 7828
f 7802 7830 7831
f 7802 7831 7803
f 7803 7831 7832
f 7803 7832 7805
f 7805 7832 7833
f 7805 7833 7807
f 7805 7807 7815
f 7806 7815 7807
f 7807 7833 7834
f 7807 7834 7808
f 7808 7834 7835
f 7808 7835 7809
f 7809 7835 7834
f 7809 7834 7833
f 7809 7833 7872
f 7809 7872 7871
f 7809 7871 7870
f 7809 7870 7869
f 7809 7869 7868
f 7809 7868 7890
f 7809 7890 7889
f 7809 7889 7863
f 7809 7863 7862
f 7809 7862 7867
f 7809 7867 7892
f 7809 7892 7883
f 7809 7883 7845
f 7809 7845 7820
f 7809 7820 7858
f 7809 7858 7884
f 7809 7884 7908
f 7809 7908 7932
f 7809 7932 7958
f 7809 7958 7988
f 7809 7988 8012
f 7809 8012 7995
f 7809 7995 7994
f 7809 7994 7993
f 7809 7993 7964
f 7809 7964 7941
f 7809 7941 7940
f 7809 7940 7939
f 7809 7939 7938
f 7809 7938 7914
f 7809 7914 7913
f 7809 7913 7893
f 7809 7893 7873
f 7809 7873 7836
f 7809 7836 7812
f 7809 7812 7811
f 7809 7811 7810
f 7812 7836 7837
f 7812 7837 7838
f 7812 7838 7813
f 7813 7838 7839
f 7813 7839 7840
f 7813 7840 7841
f 7813 7841 7814
f 7814 7841 7816
f 7816 7841 7842
f 7816 7842 7817
f 7817 7843 7818
f 7817 7842 7844
f 7817 7844 7843
f 7818 7843 7823
f 7818 7823 7819
f 7820 7845 7821
f 7820 7822 7846
f 7820 7846 7847
f 7820 7847 7848
f 7820 7848 7849
f 7820 7849 7850
f 7820 7850 7851
f 7820 7851 7852
f 7820 7852 7853
f 7820 7853 7854
f 7820 7854 7855
f 7820 7855 7856
f 7820 7856 7857
f 7820 7857 7858
f 7822 7859 7886
f 7822 7886 7911
f 7822 7911 7935
f 7822 7935 7960
f 7822 7960 7978
f 7822 7978 7953
f 7822 7953 7928
f 7822 7928 7907
f 7822 7907 7884
f 7822 7884 7858
f 7822 7858 7857
f 7822 7857 7856
f 7822 7856 7855
f 7822 7855 7854
f 7822 7854 7853
f 7822 7853 7852
f 7822 7852 7851
f 7822 7851 7850
f 7822 7850 7849
f 7822 7849 7848
f 7822 7848 7847
f 7822 7847 7846
f 7823 7843 7844
f 7823 7844 7824
f 7824 7844 7860
f 7824 7860 7861
f 7825 7862 7863
f 7825 7863 7864
f 7825 7864 7827
f 7825 7826 7865
f 7825 7865 7866
f 7825 7866 7867
f 7825 7867 7862
f 7826 7829 7865
f 7827 7864 7828
f 7828 7864 7830
f 7830 7868 7869
f 7830 7869 7831
f 7830 7864 7868
f 7831 7869 7832
f 7832 7869 7870
f 7832 7870 7871
f 7832 7871 7872
f 7832 7872 7833
f 7836 7873 7874
f 7836 7874 7837
f 7837 7874 7875
f 7837 7875 7876
f 7837 7876 7877
f 7837 7877 7838
f 7838 7877 7839
f 7839 7877 7878
f 7839 7878 7879
f 7839 7879 7840
f 7840 7880 7842
f 7840 7842 7841
f 7840 7879 7881
f 7840 7881 7880
f 7842 7880 7844
f 7844 7880 7882
f 7844 7882 7860
f 7859 7885 7886
f 7860 7882 7887
f 7860 7887 7861
f 7861 7887 7888
f 7863 7889 7864
f 7864 7889 7890
f 7864 7890 7868
f 7865 7891 7866
f 7866 7891 7892
f 7866 7892 7867
f 7873 7893 7874
f 7874 7893 7894
f 7874 7894 7875
f 7875 7894 7895
f 7875 7895 7876
f 7876 7895 7896
f 7876 7896 7897
f 7876 7897 7877
f 7877 7897 7878
f 7878 7897 7898
f 7878 7898 7899
f 7878 7899 7879
f 7879 7899 7900
f 7879 7900 7881
f 7880 7881 7901
f 7880 7901 7902
f 7880 7902 7882
f 7881 7900 7903
f 7881 7903 7901
f 7882 7904 7905
f 7882 7905 7887
f 7882 7902 7906
f 7882 7906 7904
f 7883 7892 7891
f 7884 7907 7929
f 7884 7929 7908
f 7885 7909 7934
f 7885 7934 7910
f 7885 7910 7886
f 7886 7910 7911
f 7887 7905 7912
f 7887 7912 7888
f 7893 7913 7894
f 7894 7913 7895
f 7895 7913 7914
f 7895 7914 7915
f 7895 7915 7896
f 7896 7915 7916
f 7896 7916 7917
f 7896 7917 7897
f 7897 7917 7898
f 7898 7918 7919
f 7898 7919 7920
f 7898 7920 7921
f 7898 7921 7899
f 7898 7917 7918
f 7899 7921 7922
f 7899 7922 7900
f 7900 7922 7923
f 7900 7923 7903
f 7901 7903 7902
f 7902 7903 7924
f 7902 7924 7925
f 7902 7925 7906
f 7903 7923 7924
f 7904 7906 7926
f 7904 7926 7905
f 7905 7926 7927
f 7905 7927 7912
f 7906 7925 7926
f 7907 7928 7952
f 7907 7952 7929
f 7908 7929 7930
f 7908 7930 7931
f 7908 7931 7932
f 7909 7933 7934
f 7910 7934 7911
f 7911 7934 7936
f 7911 7936 7935
f 7912 7927 7937
f 7914 7938 7915
f 7915 7938 7916
f 7916 7938 7939
f 7916 7939 7940
f 7916 7940 7941
f 7916 7941 7942
f 7916 7942 7918
f 7916 7918 7917
f 7918 7942 7919
f 7919 7942 7920
f 7920 7942 7943
f 7920 7943 7921
f 7921 7943 7944
f 7921 7944 7945
f 7921 7945 7922
f 7922 7945 7946
f 7922 7946 7947
f 7922 7947 7923
f 7923 7947 7948
f 7923 7948 7924
f 7924 7948 7925
f 7925 7949 7926
f 7925 7948 7950
f 7925 7950 7949
f 7926 7949 7927
f 7927 7949 7951
f 7927 7951 7937
f 7928 7953 7954
f 7928 7954 7930
f 7928 7930 7952
f 7929 7952 7930
f 7930 7954 7955
f 7930 7955 7956
f 7930 7956 7931
f 7931 7956 7932
f 7932 7956 7957
f 7932 7957 7958
f 7933 7959 7934
f 7934 7959 7936
f 7935 7936 7961
f 7935 7961 7960
f 7936 7959 7962
f 7936 7962 7963
f 7936 7963 7961
f 7941 7964 7965
f 7941 7965 7942
f 7942 7965 7966
f 7942 7966 7943
f 7943 7966 7944
f 7944 7966 7945
f 7945 7966 7967
f 7945 7967 7946
f 7946 7967 7947
f 7947 7967 7968
f 7947 7968 7969
f 7947 7969 7970
f 7947 7970 7948
f 7948 7970 7971
f 7948 7971 7972
f 7948 7972 7973
f 7948 7973 7950
f 7949 7950 7974
f 7949 7974 7951
f 7950 7973 7975
f 7950 7975 7976
f 7950 7976 7974
f 7951 7974 7977
f 7953 7978 7979
f 7953 7979 7954
f 7954 7980 7963
f 7954 7963 7981
f 7954 7981 7955
f 7954 7979 7980
f 7955 7981 7962
f 7955 7962 7982
f 7955 7982 7983
f 7955 7983 7984
f 7955 7984 7985
f 7955 7985 7956
f 7956 7985 7986
f 7956 7986 7957
f 7957 7986 7958
f 7958 7986 7987
f 7958 7987 7988
f 7959 7989 7962
f 7960 7961 7963
f 7960 7963 7979
f 7960 7979 7978
f 7962 7989 7990
f 7962 7990 7991
f 7962 7991 7992
f 7962 7992 7982
f 7962 7981 7963
f 7963 7980 7979
f 7964 7993 7965
f 7965 7993 7994
f 7965 7994 7966
f 7966 7994 7995
f 7966 7995 7996
f 7966 7996 7967
f 7967 7996 7997
f 7967 7997 7998
f 7967 7998 7968
f 7968 7998 7969
f 7969 7998 7999
f 7969 7999 7970
f 7970 7999 7971
f 7971 7999 8000
f 7971 8000 8001
f 7971 8001 7972
f 7972 8001 8002
f 7972 8002 8003
f 7972 8003 7973
f 7973 8003 8004
f 7973 8004 8005
f 7973 8005 7975
f 7974 7976 7977
f 7975 8005 7976
f 7982 7992 8006
f 7982 8006 7983
f 7983 8006 7984
f 7984 8006 7985
f 7985 8006 8007
f 7985 8007 8008
f 7985 8008 7986
f 7986 8008 7987
f 7987 8008 8009
f 7987 8009 7988
f 7988 8009 8010
f 7988 8010 8011
f 7988 8011 8012
f 7990 8013 8014
f 7990 8014 7991
f 7991 8014 8003
f 7991 8003 8002
f 7991 8002 7992
f 7992 8002 8006
f 7995 8012 7996
f 7996 7998 7997
f 7996 8012 7998
f 7998 8012 8011
f 7998 8011 7999
f 7999 8011 8010
f 7999 8010 8009
f 7999 8009 8000
f 8000 8009 8001
f 8001 8009 8008
f 8001 8008 8007
f 8001 8007 8006
f 8001 8006 8002
f 8003 8014 8004
f 8004 8015 8005
f 8004 8014 8016
f 8004 8016 8015
f 8013 8016 8014

o geometry_44
v -0.03945714 -0.22545654 0.20113577
v -0.03173378 -0.22548536 0.20110114
v -0.02395678 -0.22551417 0.20110114
v -0.03945714 -0.22511073 0.20884472
v -0.03945714 -0.21075984 0.20110114
v -0.00839206 -0.22554298 0.20110114
v -0.02395678 -0.22513955 0.20884472
v -0.03945714 -0.22433267 0.22438728
v -0.03945714 0.04752753 0.20110114
v 0.00718339 -0.22557180 0.20110114
v -0.02395678 -0.22436149 0.22431802
v 0.00718339 -0.22283418 0.25525771
v -0.00839206 -0.22280536 0.25525771
v -0.03945714 -0.22352580 0.23985367
v -0.03945714 0.04744107 0.20178685
v 0.07012879 0.06795882 0.20884472
v 0.07012879 0.06882333 0.20110114
v 0.02273738 -0.22554298 0.20110114
v 0.02273738 -0.22439031 0.22431802
v 0.02273738 -0.22361224 0.23978441
v 0.02273738 -0.22280536 0.25525771
v 0.00718339 -0.22199849 0.27073795
v -0.00725501 -0.22191204 0.27185308
v -0.00839206 -0.22196967 0.27073795
v -0.03945714 -0.22269010 0.25532697
v -0.03945714 0.04620194 0.20854690
v 0.07012879 0.06553819 0.22539160
v 0.07012879 -0.22537008 0.20110114
v 0.04607910 -0.22548536 0.20110114
v 0.05386682 -0.22545654 0.20110114
v 0.07012879 -0.22496665 0.20884472
v 0.03830210 -0.22269010 0.25525771
v 0.02273738 -0.22194085 0.27073795
v 0.00830971 -0.22191204 0.27185308
v -0.02283046 -0.22182559 0.27185308
v -0.03945714 -0.22173913 0.27080030
v -0.03945714 0.04317614 0.22424876
v 0.06202999 0.06265649 0.23150750
v 0.07012879 0.06360745 0.23423647
v 0.07012879 -0.22404450 0.22500373
v 0.06943154 -0.22410213 0.22431802
v 0.03830210 -0.22179677 0.27073795
v 0.02386371 -0.22185441 0.27185308
v -0.03839518 -0.22165269 0.27185308
v -0.03945714 -0.22162387 0.27185308
v -0.03945714 0.03196631 0.27185308
v 0.07012879 0.06228186 0.23765804
v 0.07012879 -0.22315118 0.24047010
v 0.06943154 -0.22320880 0.23978441
v 0.06943154 -0.22139333 0.27073795
v 0.03942843 -0.22171033 0.27185308
v 0.07012879 0.03372415 0.27185308
v 0.07012879 0.03772972 0.26827220
v 0.07012879 0.03807553 0.26796051
v 0.07012879 0.04536625 0.26105502
v 0.07012879 0.04562560 0.26080568
v 0.07012879 0.05277224 0.25338069
v 0.07012879 0.05317567 0.25292356
v 0.07012879 0.06098509 0.24068483
v 0.07012879 0.06141734 0.23975671
v 0.07012879 -0.22228666 0.25525771
v 0.07010734 -0.22130687 0.27185308
v 0.05499315 -0.22150859 0.27185308
v 0.07012879 -0.20998177 0.27185308
v 0.07012879 -0.22136451 0.27073795
v 0.07012879 -0.22130687 0.27142365
f 8017 8018 8019
f 8017 8019 8020
f 8017 8020 8024
f 8017 8024 8030
f 8017 8030 8041
f 8017 8041 8052
f 8017 8052 8061
f 8017 8061 8062
f 8017 8062 8053
f 8017 8053 8042
f 8017 8042 8031
f 8017 8031 8025
f 8017 8025 8021
f 8017 8021 8018
f 8018 8021 8025
f 8018 8025 8033
f 8018 8033 8044
f 8018 8044 8046
f 8018 8046 8045
f 8018 8045 8034
f 8018 8034 8026
f 8018 8026 8022
f 8018 8022 8019
f 8019 8022 8023
f 8019 8023 8020
f 8020 8023 8024
f 8022 8026 8023
f 8023 8027 8024
f 8023 8026 8027
f 8024 8028 8029
f 8024 8029 8030
f 8024 8027 8028
f 8025 8031 8032
f 8025 8032 8033
f 8026 8034 8035
f 8026 8035 8036
f 8026 8036 8028
f 8026 8028 8027
f 8028 8036 8037
f 8028 8037 8038
f 8028 8038 8039
f 8028 8039 8029
f 8029 8039 8040
f 8029 8040 8030
f 8030 8040 8041
f 8031 8042 8043
f 8031 8043 8032
f 8032 8043 8055
f 8032 8055 8063
f 8032 8063 8076
f 8032 8076 8075
f 8032 8075 8074
f 8032 8074 8073
f 8032 8073 8072
f 8032 8072 8071
f 8032 8071 8070
f 8032 8070 8069
f 8032 8069 8068
f 8032 8068 8080
f 8032 8080 8082
f 8032 8082 8081
f 8032 8081 8077
f 8032 8077 8064
f 8032 8064 8056
f 8032 8056 8047
f 8032 8047 8044
f 8032 8044 8033
f 8034 8045 8035
f 8035 8045 8036
f 8036 8045 8046
f 8036 8046 8044
f 8036 8044 8047
f 8036 8047 8037
f 8037 8048 8049
f 8037 8049 8038
f 8037 8047 8048
f 8038 8049 8059
f 8038 8059 8050
f 8038 8050 8039
f 8039 8041 8040
f 8039 8050 8059
f 8039 8059 8067
f 8039 8067 8079
f 8039 8079 8078
f 8039 8078 8080
f 8039 8080 8068
f 8039 8068 8062
f 8039 8062 8061
f 8039 8061 8060
f 8039 8060 8051
f 8039 8051 8041
f 8041 8051 8052
f 8042 8053 8043
f 8043 8054 8055
f 8043 8053 8054
f 8047 8056 8057
f 8047 8057 8048
f 8048 8057 8058
f 8048 8058 8049
f 8049 8058 8067
f 8049 8067 8059
f 8051 8060 8052
f 8052 8060 8061
f 8053 8062 8054
f 8054 8062 8055
f 8055 8062 8063
f 8056 8064 8065
f 8056 8065 8057
f 8057 8065 8058
f 8058 8066 8079
f 8058 8079 8067
f 8058 8065 8066
f 8062 8068 8069
f 8062 8069 8070
f 8062 8070 8071
f 8062 8071 8072
f 8062 8072 8073
f 8062 8073 8074
f 8062 8074 8075
f 8062 8075 8076
f 8062 8076 8063
f 8064 8077 8065
f 8065 8077 8066
f 8066 8078 8079
f 8066 8077 8078
f 8077 8081 8078
f 8078 8081 8082
f 8078 8082 8080

o geometry_45
v 0.16119272 -0.22092802 0.20110113
v 0.16284456 -0.22076805 0.20110113
v 0.16284456 -0.22025624 0.20884202
v 0.16119272 -0.22051216 0.20720912
v 0.16119272 0.08923704 0.20110113
v 0.17840372 -0.21904065 0.20110113
v 0.16284456 -0.21916863 0.22431357
v 0.16119272 -0.21932857 0.22431357
v 0.17840372 -0.21852884 0.20884202
v 0.16119272 0.08869323 0.20884202
v 0.22511679 0.10315224 0.23600006
v 0.16284456 0.08958892 0.20110113
v 0.20046366 -0.21616165 0.20110113
v 0.17840372 -0.21744120 0.22431357
v 0.16284456 -0.21833691 0.23600006
v 0.16119272 -0.21849685 0.23600006
v 0.20390942 -0.21542591 0.20523803
v 0.19518847 -0.21625761 0.20977461
v 0.16119272 0.08680589 0.22431357
v 0.21055227 0.09854583 0.23600006
v 0.24067597 0.10574335 0.23600006
v 0.20152936 0.09704235 0.20110113
v 0.19343006 0.09566682 0.20110113
v 0.18774635 0.09464318 0.20110113
v 0.18179619 0.09349158 0.20110113
v 0.16119272 0.08642202 0.22551945
v 0.20499288 -0.21555386 0.20110113
v 0.20119190 -0.21504205 0.21555467
v 0.18790620 -0.21536193 0.23532027
v 0.17909644 -0.21648153 0.23600006
v 0.17497573 -0.21696138 0.23600006
v 0.16119272 0.08261532 0.23600006
v 0.20771041 -0.21516999 0.20110113
v 0.21218634 -0.21453021 0.20110113
v 0.25543589 0.10587131 0.23600006
v 0.24067597 0.10129688 0.20110113
v 0.22511679 0.10024125 0.20110113
v 0.20953986 0.09835390 0.20110113
v 0.19485100 -0.21430628 0.23600006
v 0.18868771 -0.21520199 0.23600006
v 0.22511679 -0.21197109 0.20884202
v 0.20953986 -0.21309070 0.22431357
v 0.20689337 -0.21254689 0.23600006
v 0.22511679 -0.21257888 0.20110113
v 0.25621740 0.10583932 0.23600006
v 0.25621740 0.10100898 0.20110113
v 0.24067597 -0.20957191 0.20884202
v 0.22511679 -0.20973188 0.23600006
v 0.24845558 -0.20893215 0.20110113
v 0.27179435 0.10321623 0.23600006
v 0.27179435 0.09857782 0.20110113
v 0.25621740 -0.20771657 0.20110113
v 0.25621740 -0.20710877 0.20884202
v 0.24067597 -0.20720473 0.23600006
v 0.27307318 0.10283236 0.23600006
v 0.28293089 0.09512301 0.20110113
v 0.27179435 -0.20506147 0.20110113
v 0.27179435 -0.20438972 0.20884202
v 0.25621740 -0.20467760 0.23600006
v 0.28246908 0.09876976 0.23600006
v 0.29071047 0.09131633 0.20110113
v 0.27825956 -0.20349401 0.20110113
v 0.28474255 -0.20128676 0.20884202
v 0.27280675 -0.20144673 0.23600006
v 0.30175821 0.08357499 0.20110113
v 0.29626986 0.08744566 0.20110113
v 0.29813482 0.08114383 0.23600006
v 0.29825916 0.08104786 0.23591467
v 0.30809908 0.07484200 0.22431357
v 0.30031950 0.08277528 0.22431357
v 0.30909375 0.07628151 0.20884202
v 0.30953779 0.07682532 0.20110113
v 0.28655424 -0.20147873 0.20110113
v 0.29175841 -0.19991124 0.20110113
v 0.28667858 -0.19751209 0.23600006
v 0.28191846 -0.19895157 0.23600006
v 0.27737150 -0.20019915 0.23600006
v 0.29824140 0.08101588 0.23600006
v 0.31221979 0.06508538 0.23439790
v 0.31364071 0.06710068 0.22431357
v 0.31484851 0.06857217 0.20884202
v 0.31248622 0.07298664 0.20110113
v 0.29383651 -0.19920749 0.20110113
v 0.29252216 -0.19872767 0.20884202
v 0.30063921 -0.19121026 0.23600006
v 0.30983974 0.06668482 0.23600006
v 0.32005267 0.05500884 0.22431357
v 0.31166919 0.06409372 0.23600006
v 0.31278817 0.06172653 0.23600006
v 0.32648239 0.03258457 0.23241315
v 0.32316095 0.05411315 0.20918704
v 0.32342738 0.05596852 0.20110113
v 0.31536361 0.06911599 0.20110113
v 0.29658956 -0.19767203 0.20110113
v 0.30229105 -0.19447312 0.20110113
v 0.30374749 -0.18941887 0.23600006
v 0.32490158 0.04323691 0.22431357
v 0.32596728 0.04633984 0.21457766
v 0.32294780 0.03607138 0.23600006
v 0.32740599 0.03552757 0.22431357
v 0.32449306 0.02903380 0.23600006
v 0.32511471 0.02413949 0.23600006
v 0.32697971 0.02413949 0.23324326
v 0.33291208 -0.00672986 0.22431357
v 0.33143788 0.00868882 0.22431357
v 0.32955513 0.02413949 0.22431357
v 0.33287656 0.02413949 0.20884202
v 0.32676655 0.04835514 0.20426103
v 0.32699747 0.04883498 0.20110113
v 0.32541666 0.05200188 0.20110113
v 0.31383611 -0.18689175 0.20110113
v 0.31024824 -0.18362886 0.23600006
v 0.32872034 0.04054983 0.20918704
v 0.33014126 0.04003801 0.20110113
v 0.32667776 0.00868882 0.23600006
v 0.32777898 0.00868882 0.23440474
v 0.33664202 -0.00672986 0.20884202
v 0.33415539 -0.02218054 0.22431357
v 0.33790309 -0.02218054 0.20884202
v 0.33504348 0.00868882 0.20884202
v 0.33634007 0.00868882 0.20110113
v 0.33413763 0.02413949 0.20110113
v 0.31772590 -0.18305306 0.20110113
v 0.32220183 -0.17812676 0.20110113
v 0.31557674 -0.17726307 0.23600006
v 0.32790331 -0.00672986 0.23600006
v 0.32847167 -0.00672986 0.23522120
v 0.33534543 -0.03759922 0.22431357
v 0.33856029 -0.01443921 0.20110113
v 0.33792087 -0.00672986 0.20110113
v 0.33713934 0.00097948 0.20110113
v 0.33903985 -0.03759922 0.20884202
v 0.34031868 -0.03759922 0.20110113
v 0.32548772 -0.17416012 0.20110113
v 0.32786777 -0.17112118 0.20110113
v 0.32735269 -0.17038544 0.20610571
v 0.31742395 -0.17483190 0.23600006
v 0.32888019 -0.02218054 0.23600006
v 0.32909332 -0.02218054 0.23573702
v 0.33632231 -0.05304989 0.22431357
v 0.33991015 -0.05304989 0.20884202
v 0.34120677 -0.05304989 0.20110113
v 0.33024784 -0.16670671 0.20110113
v 0.32623372 -0.16872200 0.21642236
v 0.32859600 -0.15826160 0.22431357
v 0.32699747 -0.15480681 0.23309638
v 0.32442202 -0.15762183 0.23600006
v 0.32955513 -0.03376054 0.23600006
v 0.33703279 -0.06843659 0.22431357
v 0.32975050 -0.03759922 0.23600006
v 0.34085151 -0.08388726 0.21075505
v 0.34078048 -0.06792477 0.20783427
v 0.34168633 -0.06287050 0.20110113
v 0.33278774 -0.16174841 0.20110113
v 0.33051428 -0.16258013 0.21029386
v 0.33721040 -0.14562597 0.20884202
v 0.33294760 -0.14562597 0.22431357
v 0.32832960 -0.14562597 0.23447649
v 0.32609162 -0.15074420 0.23600006
v 0.33037218 -0.05304989 0.23600006
v 0.33749459 -0.08388726 0.22431357
v 0.34216589 -0.08388726 0.20301757
v 0.34198828 -0.07272311 0.20200297
v 0.34085151 -0.09933793 0.21133920
v 0.34230798 -0.09933793 0.20360172
v 0.34207707 -0.07214731 0.20110113
v 0.33872014 -0.14543403 0.20110113
v 0.34042526 -0.13638117 0.20110113
v 0.34030092 -0.12902369 0.20747900
v 0.33593154 -0.13020729 0.22431357
v 0.32712180 -0.14562597 0.23600006
v 0.32978604 -0.13020729 0.23577803
v 0.32953737 -0.13071911 0.23600006
v 0.33074516 -0.06843659 0.23600006
v 0.33097605 -0.08388726 0.23600006
v 0.33111817 -0.09933793 0.23600006
v 0.33760117 -0.09933793 0.22431357
v 0.34243232 -0.08388726 0.20110113
v 0.33722816 -0.11475661 0.22431357
v 0.34072721 -0.11475661 0.21033486
v 0.34213037 -0.11475661 0.20259738
v 0.34264545 -0.09933793 0.20110113
v 0.34113571 -0.13215861 0.20110113
v 0.34184618 -0.12422535 0.20110113
v 0.34188170 -0.12307374 0.20141540
v 0.33007023 -0.12476917 0.23600006
v 0.32959067 -0.13020729 0.23600006
v 0.33079847 -0.11424479 0.23600006
v 0.33078068 -0.11475661 0.23600006
v 0.34232574 -0.11475661 0.20110113
v 0.34237902 -0.11226148 0.20110113
v 0.34195276 -0.12275386 0.20110113
v 0.34191721 -0.12332966 0.20110113
f 8083 8084 8085
f 8083 8085 8086
f 8083 8086 8090
f 8083 8090 8098
f 8083 8098 8114
f 8083 8114 8108
f 8083 8108 8101
f 8083 8101 8092
f 8083 8092 8087
f 8083 8087 8094
f 8083 8094 8107
f 8083 8107 8106
f 8083 8106 8105
f 8083 8105 8104
f 8083 8104 8120
f 8083 8120 8119
f 8083 8119 8118
f 8083 8118 8128
f 8083 8128 8133
f 8083 8133 8138
f 8083 8138 8143
f 8083 8143 8148
f 8083 8148 8147
f 8083 8147 8154
f 8083 8154 8164
f 8083 8164 8175
f 8083 8175 8174
f 8083 8174 8192
f 8083 8192 8191
f 8083 8191 8196
f 8083 8196 8204
f 8083 8204 8203
f 8083 8203 8213
f 8083 8213 8212
f 8083 8212 8211
f 8083 8211 8215
f 8083 8215 8224
f 8083 8224 8235
f 8083 8235 8248
f 8083 8248 8260
f 8083 8260 8264
f 8083 8264 8273
f 8083 8273 8272
f 8083 8272 8274
f 8083 8274 8275
f 8083 8275 8266
f 8083 8266 8265
f 8083 8265 8250
f 8083 8250 8249
f 8083 8249 8236
f 8083 8236 8225
f 8083 8225 8217
f 8083 8217 8216
f 8083 8216 8206
f 8083 8206 8205
f 8083 8205 8193
f 8083 8193 8177
f 8083 8177 8176
f 8083 8176 8165
f 8083 8165 8156
f 8083 8156 8155
f 8083 8155 8144
f 8083 8144 8139
f 8083 8139 8134
f 8083 8134 8131
f 8083 8131 8126
f 8083 8126 8116
f 8083 8116 8115
f 8083 8115 8109
f 8083 8109 8095
f 8083 8095 8088
f 8083 8088 8084
f 8084 8088 8091
f 8084 8091 8085
f 8085 8089 8090
f 8085 8090 8086
f 8085 8091 8096
f 8085 8096 8089
f 8087 8092 8093
f 8087 8093 8094
f 8088 8095 8091
f 8089 8096 8097
f 8089 8097 8098
f 8089 8098 8090
f 8091 8095 8099
f 8091 8099 8100
f 8091 8100 8096
f 8092 8101 8093
f 8093 8102 8114
f 8093 8114 8098
f 8093 8098 8097
f 8093 8097 8113
f 8093 8113 8112
f 8093 8112 8122
f 8093 8122 8121
f 8093 8121 8125
f 8093 8125 8130
f 8093 8130 8136
f 8093 8136 8141
f 8093 8141 8146
f 8093 8146 8159
f 8093 8159 8158
f 8093 8158 8157
f 8093 8157 8167
f 8093 8167 8178
f 8093 8178 8194
f 8093 8194 8207
f 8093 8207 8219
f 8093 8219 8229
f 8093 8229 8241
f 8093 8241 8253
f 8093 8253 8255
f 8093 8255 8269
f 8093 8269 8268
f 8093 8268 8271
f 8093 8271 8270
f 8093 8270 8258
f 8093 8258 8257
f 8093 8257 8256
f 8093 8256 8242
f 8093 8242 8232
f 8093 8232 8230
f 8093 8230 8220
f 8093 8220 8208
f 8093 8208 8197
f 8093 8197 8184
f 8093 8184 8183
f 8093 8183 8181
f 8093 8181 8171
f 8093 8171 8170
f 8093 8170 8168
f 8093 8168 8160
f 8093 8160 8149
f 8093 8149 8142
f 8093 8142 8137
f 8093 8137 8132
f 8093 8132 8127
f 8093 8127 8117
f 8093 8117 8103
f 8093 8103 8104
f 8093 8104 8105
f 8093 8105 8106
f 8093 8106 8107
f 8093 8107 8094
f 8093 8101 8108
f 8093 8108 8102
f 8095 8109 8099
f 8096 8100 8099
f 8096 8099 8110
f 8096 8110 8111
f 8096 8111 8112
f 8096 8112 8113
f 8096 8113 8097
f 8099 8109 8115
f 8099 8115 8116
f 8099 8116 8110
f 8102 8108 8114
f 8103 8117 8118
f 8103 8118 8119
f 8103 8119 8120
f 8103 8120 8104
f 8110 8121 8122
f 8110 8122 8111
f 8110 8116 8123
f 8110 8123 8124
f 8110 8124 8125
f 8110 8125 8121
f 8111 8122 8112
f 8116 8126 8123
f 8117 8127 8128
f 8117 8128 8118
f 8123 8125 8124
f 8123 8126 8129
f 8123 8129 8125
f 8125 8129 8130
f 8126 8131 8129
f 8127 8132 8133
f 8127 8133 8128
f 8129 8131 8134
f 8129 8134 8135
f 8129 8135 8130
f 8130 8135 8136
f 8132 8137 8133
f 8133 8137 8138
f 8134 8139 8135
f 8135 8139 8140
f 8135 8140 8141
f 8135 8141 8136
f 8137 8142 8138
f 8138 8142 8143
f 8139 8144 8145
f 8139 8145 8140
f 8140 8145 8146
f 8140 8146 8141
f 8142 8147 8148
f 8142 8148 8143
f 8142 8149 8150
f 8142 8150 8151
f 8142 8151 8152
f 8142 8152 8153
f 8142 8153 8154
f 8142 8154 8147
f 8144 8155 8145
f 8145 8155 8156
f 8145 8156 8157
f 8145 8157 8158
f 8145 8158 8159
f 8145 8159 8146
f 8149 8160 8150
f 8150 8160 8161
f 8150 8161 8151
f 8151 8161 8162
f 8151 8162 8163
f 8151 8163 8153
f 8151 8153 8152
f 8153 8163 8164
f 8153 8164 8154
f 8156 8165 8157
f 8157 8165 8166
f 8157 8166 8167
f 8160 8168 8161
f 8161 8169 8162
f 8161 8168 8170
f 8161 8170 8171
f 8161 8171 8172
f 8161 8172 8169
f 8162 8169 8173
f 8162 8173 8174
f 8162 8174 8163
f 8163 8174 8175
f 8163 8175 8164
f 8165 8176 8167
f 8165 8167 8166
f 8167 8177 8178
f 8167 8176 8177
f 8169 8172 8179
f 8169 8179 8180
f 8169 8180 8173
f 8171 8181 8172
f 8172 8182 8179
f 8172 8181 8183
f 8172 8183 8184
f 8172 8184 8185
f 8172 8185 8186
f 8172 8186 8187
f 8172 8187 8188
f 8172 8188 8189
f 8172 8189 8182
f 8173 8180 8190
f 8173 8190 8191
f 8173 8191 8192
f 8173 8192 8174
f 8177 8193 8178
f 8178 8193 8194
f 8179 8182 8180
f 8180 8182 8195
f 8180 8195 8196
f 8180 8196 8190
f 8182 8189 8195
f 8184 8197 8198
f 8184 8198 8185
f 8185 8198 8186
f 8186 8199 8187
f 8186 8198 8200
f 8186 8200 8201
f 8186 8201 8199
f 8187 8199 8202
f 8187 8202 8188
f 8188 8202 8189
f 8189 8202 8203
f 8189 8203 8204
f 8189 8204 8195
f 8190 8196 8191
f 8193 8205 8194
f 8194 8205 8206
f 8194 8206 8207
f 8195 8204 8196
f 8197 8208 8209
f 8197 8209 8198
f 8198 8209 8210
f 8198 8210 8200
f 8199 8201 8211
f 8199 8211 8212
f 8199 8212 8213
f 8199 8213 8203
f 8199 8203 8202
f 8200 8210 8201
f 8201 8210 8214
f 8201 8214 8215
f 8201 8215 8211
f 8206 8216 8207
f 8207 8216 8217
f 8207 8217 8218
f 8207 8218 8219
f 8208 8220 8221
f 8208 8221 8209
f 8209 8221 8222
f 8209 8222 8210
f 8210 8222 8214
f 8214 8222 8223
f 8214 8223 8224
f 8214 8224 8215
f 8217 8225 8218
f 8218 8225 8226
f 8218 8226 8219
f 8219 8226 8227
f 8219 8227 8228
f 8219 8228 8229
f 8220 8230 8221
f 8221 8230 8222
f 8222 8231 8223
f 8222 8230 8232
f 8222 8232 8231
f 8223 8231 8233
f 8223 8233 8234
f 8223 8234 8235
f 8223 8235 8224
f 8225 8236 8226
f 8226 8236 8237
f 8226 8237 8227
f 8227 8237 8238
f 8227 8238 8239
f 8227 8239 8228
f 8228 8239 8240
f 8228 8240 8229
f 8229 8240 8241
f 8231 8232 8242
f 8231 8242 8243
f 8231 8243 8233
f 8233 8244 8245
f 8233 8245 8234
f 8233 8243 8246
f 8233 8246 8247
f 8233 8247 8244
f 8234 8245 8235
f 8235 8245 8248
f 8236 8249 8238
f 8236 8238 8237
f 8238 8249 8250
f 8238 8250 8251
f 8238 8251 8252
f 8238 8252 8239
f 8239 8252 8240
f 8240 8253 8241
f 8240 8252 8254
f 8240 8254 8255
f 8240 8255 8253
f 8242 8256 8243
f 8243 8256 8257
f 8243 8257 8258
f 8243 8258 8259
f 8243 8259 8246
f 8244 8247 8260
f 8244 8260 8245
f 8245 8260 8248
f 8246 8259 8261
f 8246 8261 8262
f 8246 8262 8247
f 8247 8262 8263
f 8247 8263 8264
f 8247 8264 8260
f 8250 8265 8251
f 8251 8266 8267
f 8251 8267 8262
f 8251 8262 8261
f 8251 8261 8252
f 8251 8265 8266
f 8252 8261 8254
f 8254 8261 8268
f 8254 8268 8269
f 8254 8269 8255
f 8258 8270 8259
f 8259 8270 8261
f 8261 8270 8271
f 8261 8271 8268
f 8262 8267 8263
f 8263 8272 8273
f 8263 8273 8264
f 8263 8267 8274
f 8263 8274 8272
f 8266 8275 8267
f 8267 8275 8274

o geometry_46
v -0.13875140 -0.19558283 0.28935603
v -0.13707481 -0.19691528 0.28935603
v -0.13623650 -0.19631994 0.29062545
v -0.13875140 -0.19532769 0.28960992
v -0.13875140 0.06889352 0.28935603
v -0.12934608 -0.20181982 0.28935603
v -0.12587019 -0.20011882 0.29445791
v -0.13875140 -0.18804175 0.29647692
v -0.13875140 0.06889352 0.36902772
v -0.02605097 0.06889352 0.28935603
v -0.12713785 -0.20272701 0.28935603
v -0.11646485 -0.20700785 0.28935603
v -0.11734404 -0.20204662 0.29690007
v -0.10609854 -0.19787917 0.30769624
v -0.11869350 -0.19240764 0.30547172
v -0.12478653 -0.18395937 0.30921954
v -0.13179964 -0.19150044 0.29815739
v -0.13875140 -0.18211662 0.30104685
v -0.13793356 0.06889352 0.36948714
v -0.13875140 -0.00674406 0.35546298
v 0.07012879 0.06889352 0.32707616
v 0.07010834 0.01273234 0.28935603
v -0.10125275 -0.20428626 0.30219540
v -0.10174346 -0.21196909 0.28935603
v -0.09571178 -0.20043067 0.31023510
v -0.07403862 -0.19751063 0.32296563
v -0.10125275 -0.19240764 0.31457533
v -0.11439977 -0.18758815 0.31218155
v -0.11797788 -0.17709869 0.31754941
v -0.13012302 -0.17366835 0.31260470
v -0.13875140 -0.17123026 0.30865134
v -0.13435543 -0.17789248 0.30705549
v -0.13756551 0.06889352 0.36968057
v -0.13157473 -0.00674406 0.35925917
v -0.13875140 -0.01023110 0.35482223
v -0.13664543 -0.02216641 0.35374623
v 0.07012879 0.01256224 0.28935603
v 0.07012879 0.06889352 0.41197065
v -0.08620422 -0.20224506 0.31244753
v -0.08475252 -0.21043819 0.30018849
v -0.07064452 -0.21247938 0.30365826
v -0.10029177 -0.21239433 0.28935603
v -0.06365185 -0.20000543 0.32522643
v -0.06956086 -0.19220919 0.32908307
v -0.08334171 -0.18721961 0.32719706
v -0.09372848 -0.18404441 0.32477909
v -0.10178435 -0.18135118 0.32300191
v -0.11118968 -0.17026636 0.32579465
v -0.12155600 -0.16442628 0.32291729
v -0.13875140 -0.16680767 0.31122645
v -0.12572706 0.04547648 0.37162701
v -0.13057286 0.06889352 0.37324705
v -0.12887580 -0.02216641 0.35779630
v -0.12376420 0.03518547 0.37073238
v -0.13875140 -0.02216641 0.35256144
v -0.13875140 -0.02457615 0.35206576
v -0.13290375 -0.05303946 0.34944228
v -0.13229034 -0.03846761 0.35280323
v -0.12666759 -0.03390328 0.35663569
v 0.07012879 -0.22021892 0.28935603
v 0.06949495 0.06889352 0.41201899
v 0.07012879 0.05503041 0.41047151
v -0.06956086 -0.20394606 0.31754941
v -0.05508483 -0.20839700 0.31717463
v -0.09751106 -0.21310308 0.28935603
v -0.08898492 -0.21415203 0.29143547
v -0.05508483 -0.21429378 0.30723681
v -0.05508483 -0.20150797 0.32684646
v -0.03952513 -0.19586633 0.33729204
v -0.05526884 -0.19130199 0.33526095
v -0.06058490 -0.18291043 0.33956490
v -0.07064452 -0.17976358 0.33761845
v -0.08640867 -0.17667344 0.33281880
v -0.10178435 -0.17361165 0.32799499
v -0.07910932 -0.16930247 0.34066508
v -0.08947563 -0.16462473 0.33845266
v -0.10082337 -0.16011709 0.33551483
v -0.10538292 -0.14855033 0.33847684
v -0.11677155 -0.16000369 0.32759602
v -0.12572706 -0.15413526 0.32526270
v -0.13310819 -0.16133614 0.31734389
v -0.13875140 -0.15974854 0.31446653
v -0.11734404 0.06889352 0.37924360
v -0.11834592 0.06889352 0.37880836
v -0.12977544 0.06889352 0.37364602
v -0.11734404 -0.02216641 0.36315210
v -0.11734404 -0.00674406 0.36600528
v -0.12147421 0.02412900 0.36976521
v -0.13875140 -0.04606539 0.34760461
v -0.12276234 -0.05303946 0.35473758
v -0.12466384 -0.04422264 0.35562016
v -0.13875140 -0.05303946 0.34615383
v -0.13875140 -0.06069394 0.34452173
v -0.13875140 -0.07404675 0.34165646
v -0.13437589 -0.06976592 0.34501740
v -0.11942959 -0.06849017 0.35311757
v 0.07012879 -0.21931171 0.30169969
v 0.05700221 -0.22038901 0.28935603
v 0.05385348 0.06889352 0.41256304
v 0.06943361 0.05503041 0.41051988
v 0.07012879 0.00870665 0.40539381
v -0.04060879 -0.21216754 0.31635252
v -0.03952513 -0.20377596 0.32955456
v -0.09143848 -0.21449222 0.28935603
v -0.07859816 -0.21514428 0.29402270
v -0.04653824 -0.21503087 0.30912283
v -0.01736126 -0.20003378 0.34072554
v -0.02774802 -0.19824773 0.33915385
v -0.03952513 -0.18812680 0.34317976
v -0.05021859 -0.18571707 0.34139048
v -0.03893219 -0.17553945 0.35119528
v -0.05526884 -0.17726878 0.34467890
v -0.07064452 -0.17205242 0.34222466
v -0.04373709 -0.16621232 0.35467715
v -0.05555509 -0.16108099 0.35298458
v -0.07064452 -0.16108099 0.34762879
v -0.08505922 -0.16011709 0.34240602
v -0.09501660 -0.15433371 0.34082225
v -0.10977888 -0.13825931 0.34050791
v -0.11593324 -0.14429784 0.33468063
v -0.12856911 -0.14563029 0.32694318
v -0.13635918 -0.14563029 0.32224026
v -0.13875140 -0.14954257 0.31898809
v -0.10550559 0.06889352 0.38398279
v -0.11368414 0.02412900 0.37299317
v -0.11123058 0.01250554 0.37198973
v -0.10902237 0.00221451 0.37110716
v -0.10178435 -0.03761711 0.36676693
v -0.10703907 -0.00674406 0.37033341
v -0.11499271 -0.05303946 0.35826782
v -0.11163950 -0.06849017 0.35676868
v -0.10981978 -0.07676834 0.35597075
v -0.10178435 -0.05303946 0.36386538
v -0.13875140 -0.08362902 0.33940776
v -0.12781259 -0.09933488 0.34188616
v -0.13104312 -0.08388417 0.34365125
v -0.11734404 -0.09933488 0.34726611
v -0.11595369 -0.08269348 0.35169098
v 0.05385348 -0.21945346 0.30169969
v 0.04144252 -0.22053076 0.28935603
v 0.07012879 -0.21724217 0.31723509
v 0.06943361 -0.21727052 0.31717463
v 0.05385348 -0.21744062 0.31717463
v 0.03829378 0.06889352 0.41284110
v 0.06943361 0.00870665 0.40543006
v 0.07012879 -0.00674406 0.40361660
v -0.02396544 -0.21315978 0.32018498
v -0.02312714 -0.20451305 0.33345958
v -0.08229895 -0.21593807 0.28935603
v -0.08023386 -0.21624992 0.28935603
v -0.07064452 -0.21576797 0.29592078
v -0.00840575 -0.21426543 0.32239743
v -0.05508483 -0.21664681 0.29949936
v -0.03615148 -0.21556953 0.31064613
v -0.00840575 -0.20108271 0.34178945
v 0.00715395 -0.19334319 0.35117110
v -0.00707673 -0.19050820 0.35011929
v -0.02312714 -0.19263444 0.34464263
v -0.02396544 -0.17967854 0.35317801
v -0.03337077 -0.16975606 0.35635762
v -0.03893219 -0.16108099 0.35842497
v -0.05068885 -0.15592131 0.35695004
v -0.06107562 -0.15172553 0.35524538
v -0.07115568 -0.14619728 0.35358906
v -0.08620422 -0.14563029 0.34784643
v -0.10082337 -0.14429784 0.34212795
v -0.07667620 -0.13582121 0.35519701
v -0.08599974 -0.13049143 0.35303293
v -0.10178435 -0.13020794 0.34643190
v -0.11217111 -0.13020794 0.34172899
v -0.12319170 -0.11881127 0.33931102
v -0.11994074 -0.13020794 0.33747337
v -0.13875140 -0.13502742 0.32486374
v -0.13875140 -0.13811757 0.32370313
v -0.13875140 -0.14560194 0.32068065
v -0.10376765 0.06889352 0.38465983
v -0.09924900 -0.00674406 0.37338004
v -0.09207232 -0.03761711 0.37059939
v -0.09397383 -0.02982089 0.37131270
v -0.10164123 -0.02366896 0.36941459
v -0.08620422 -0.08388417 0.36421600
v -0.09636606 -0.01952987 0.37224361
v -0.10734577 -0.08705936 0.35488266
v -0.10200926 -0.08269348 0.35805019
v -0.10178435 -0.06849017 0.36092758
v -0.13875140 -0.08388417 0.33934730
v -0.12584973 -0.10852025 0.34078598
v -0.10421747 -0.09933488 0.35349235
v -0.11773253 -0.11410518 0.34343364
v 0.03829378 -0.21956686 0.30169969
v 0.02588283 -0.22064416 0.28935603
v 0.07012879 -0.21548448 0.32608481
v 0.06943361 -0.21551283 0.32612106
v 0.05385348 -0.21559788 0.32647169
v 0.03829378 -0.21744062 0.31717463
v 0.02273409 -0.21959521 0.30169969
v 0.02273409 0.06889352 0.41234543
v 0.03829378 0.05503041 0.41112435
v 0.06943361 -0.00674406 0.40365288
v 0.07012879 -0.01581603 0.40246808
v -0.00840575 -0.20797174 0.33264956
v -0.07064452 -0.21732722 0.28935603
v -0.02396544 -0.21613652 0.31244753
v 0.00402565 -0.21483242 0.32390864
v 0.00840118 -0.21117528 0.33113833
v -0.06698462 -0.21772412 0.28935603
v -0.05508483 -0.21877307 0.28935603
v -0.04060879 -0.21698702 0.30305376
v 0.00715395 -0.20267031 0.34344574
v 0.02273409 -0.19529934 0.35254934
v 0.00715395 -0.18563202 0.35674449
v -0.00100416 -0.18438461 0.35593447
v -0.01137047 -0.18234343 0.35472552
v -0.02396544 -0.17193900 0.35756661
v -0.02396544 -0.16108099 0.36248716
v -0.03952513 -0.14563029 0.36415554
v -0.05555509 -0.14619728 0.35894485
v -0.06628944 -0.14143451 0.35705884
v -0.07115568 -0.13049143 0.35869094
v -0.08066324 -0.12553020 0.35675659
v -0.09105000 -0.11779068 0.35461669
v -0.10039400 -0.11348148 0.35171514
v -0.13177918 -0.11410518 0.33559945
v -0.13875140 -0.12173131 0.32904680
v -0.13376248 -0.13043473 0.32934905
v -0.13875140 -0.12745799 0.32726961
v -0.09683633 0.06889352 0.38723494
v -0.08620422 -0.00674406 0.37821597
v -0.08828975 -0.05303946 0.36917280
v -0.07853682 -0.06097744 0.37136104
v -0.08049967 -0.05303946 0.37207435
v -0.08428226 -0.03761711 0.37346466
v -0.08775813 -0.02366896 0.37468574
v -0.09642740 -0.09933488 0.35687748
v -0.08620422 -0.09933488 0.36100011
v -0.07064452 -0.09933488 0.36668231
v -0.07054229 -0.08493312 0.36960804
v -0.07565388 -0.07129681 0.37043012
v -0.08473208 -0.06707268 0.36791547
v -0.13875140 -0.08428107 0.33925059
v -0.13560267 -0.09933488 0.33735248
v -0.09426008 -0.10749965 0.35595866
v 0.01030269 -0.22070086 0.28935603
v 0.07012879 -0.21539943 0.32633870
v 0.06943361 -0.21262113 0.33385854
v 0.05385348 -0.21273453 0.33420914
v 0.03829378 -0.21556953 0.32624196
v 0.02273409 -0.21721382 0.31717463
v 0.00715395 -0.21948181 0.30169969
v 0.00715395 0.06889352 0.41084629
v 0.02273409 0.05503041 0.41050778
v 0.03508370 -0.01366144 0.40216583
v 0.03829378 0.00870665 0.40518827
v 0.03829378 0.03957970 0.40916581
v 0.05385348 -0.00674406 0.40350780
v 0.06943361 -0.01584438 0.40246808
v 0.06943361 -0.02355555 0.40134371
v 0.07012879 -0.02296021 0.40141627
v 0.02273409 -0.20386101 0.34482398
v -0.02396544 -0.21846121 0.30169969
v -0.00840575 -0.21659012 0.31465995
v 0.01441241 -0.21514428 0.32498463
v 0.02273409 -0.21157218 0.33322985
v -0.05238590 -0.21897152 0.28935603
v 0.03829378 -0.19651839 0.35345607
v 0.02273409 -0.18758815 0.35802600
v 0.00715395 -0.17650334 0.36173757
v -0.00707673 -0.17692859 0.35875140
v -0.00840575 -0.16108099 0.36604155
v -0.00840575 -0.15008122 0.37021252
v -0.02361785 -0.14489320 0.36862876
v -0.02856587 -0.13531092 0.37059939
v -0.03934112 -0.13017959 0.36897938
v -0.05508483 -0.13020794 0.36407092
v -0.07064452 -0.11475723 0.36307954
v -0.08599974 -0.11348148 0.35776006
v -0.13875140 -0.11447373 0.33116251
v -0.09601847 0.06889352 0.38753719
v -0.07064452 -0.02216641 0.38081527
v -0.07902753 0.03059278 0.38700524
v -0.08624511 0.06889352 0.39101906
v -0.08771724 0.06889352 0.39049917
v -0.07064452 -0.03761711 0.37808299
v -0.05943991 -0.09933488 0.37029714
v -0.06234329 -0.09074486 0.37116762
v -0.05420563 -0.11410518 0.36854414
v -0.06528756 -0.08045383 0.37208644
v -0.13875140 -0.09916477 0.33538184
v -0.13875140 -0.10477806 0.33387064
v -0.00525700 -0.22058746 0.28935603
v 0.07012879 -0.21262113 0.33376181
v 0.07012879 -0.21225259 0.33439050
v 0.06943361 -0.20490996 0.34637147
v 0.05385348 -0.20502336 0.34631101
v 0.03829378 -0.21233763 0.33397944
v 0.02273409 -0.21534273 0.32549240
v 0.00840118 -0.21653342 0.31811763
v -0.00840575 -0.21914161 0.30169969
v -0.02081670 -0.22030397 0.28935603
v -0.00840575 -0.22053076 0.28935603
v -0.00840575 0.06889352 0.40891193
v 0.00715395 0.03957970 0.40678412
v 0.01482134 0.00085372 0.40228672
v 0.02273409 -0.00237817 0.40272196
v 0.02273409 0.03957970 0.40842835
v 0.02273409 -0.01008935 0.40162178
v 0.02273409 -0.02216641 0.39974786
v 0.02273409 -0.03761711 0.39723318
v 0.03829378 -0.03761711 0.39850263
v 0.03947967 -0.02069222 0.40121073
v 0.05385348 -0.03761711 0.39902249
v 0.05385348 -0.02290351 0.40125910
v 0.04547046 -0.01454028 0.40228672
v 0.03947967 -0.00779300 0.40304837
v 0.05385348 -0.01516398 0.40237134
v 0.06943361 -0.03761711 0.39925219
v 0.07012879 -0.03761711 0.39922800
v 0.03829378 -0.20462645 0.34573071
v -0.03635594 -0.21982201 0.28935603
v 0.05385348 -0.19728383 0.35403640
v 0.03829378 -0.18880720 0.35882393
v 0.03829378 -0.17650334 0.36564259
v 0.02273409 -0.17650334 0.36408301
v 0.02273409 -0.16453968 0.36963222
v 0.00639743 -0.16040058 0.36901563
v 0.00069289 -0.15280281 0.37113134
v -0.00840575 -0.14237005 0.37273929
v -0.01817911 -0.13925155 0.37176000
v -0.02361785 -0.13017959 0.37300526
v -0.03404550 -0.12501990 0.37198973
v -0.04441182 -0.11878292 0.37044222
v -0.05508483 -0.05303946 0.38004153
v -0.06015552 -0.00997595 0.38606223
v -0.06320203 0.00031507 0.38689643
v -0.06929506 -0.00558171 0.38403114
v -0.07632861 0.02030176 0.38614685
v -0.07064452 0.06889352 0.39603629
v -0.05508483 -0.06849017 0.37730922
v -0.05167028 -0.09933488 0.37260630
v -0.04843975 -0.10849190 0.37165120
v -0.05633206 -0.08493312 0.37398455
v 0.07012879 -0.20488161 0.34633519
v 0.07012879 -0.20454140 0.34668579
v 0.06943361 -0.19736888 0.35409683
v -0.02396544 0.06889352 0.40675994
v -0.00840575 0.05503041 0.40695339
v -0.00124951 0.01579412 0.40235928
v 0.00715395 0.02412900 0.40460795
v 0.00864653 0.00986899 0.40278240
v 0.00443458 0.00550310 0.40158551
v 0.00864653 -0.00526986 0.40052163
v 0.00715395 -0.02216641 0.39772889
v 0.00715395 -0.03761711 0.39526255
v 0.00349405 -0.08861861 0.38630402
v 0.01388081 -0.09236080 0.38692062
v 0.02273409 -0.09550764 0.38745257
v 0.03440897 -0.10633731 0.38666671
v 0.03829378 -0.06849017 0.39335238
v 0.05385348 -0.05303946 0.39653199
v 0.06943361 -0.05303946 0.39679797
v 0.07012879 -0.05235907 0.39688259
v 0.05385348 -0.18957266 0.35930754
v 0.05385348 -0.17650334 0.36657350
v 0.05385348 -0.16754476 0.37084118
v 0.03829378 -0.16649582 0.37039387
v 0.02273409 -0.15680015 0.37266676
v 0.01107965 -0.15478731 0.37186883
v 0.02273409 -0.14563029 0.37637830
v 0.00639743 -0.14684932 0.37380319
v 0.00715395 -0.13020794 0.37850611
v -0.00840575 -0.13020794 0.37601561
v -0.02396544 -0.11475723 0.37648713
v -0.03952513 -0.09933488 0.37597934
v -0.03934112 -0.11410518 0.37295689
v -0.05508483 -0.03761711 0.38272544
v -0.03952513 -0.08388417 0.37891716
v -0.03952513 -0.06849017 0.38161320
v -0.05500304 -0.02301691 0.38526430
v -0.04976877 -0.01842422 0.38745257
v -0.05500304 -0.00558171 0.38816585
v -0.05469634 0.06889352 0.40029190
v -0.05508483 0.00870665 0.39046292
v 0.07012879 -0.19734053 0.35406058
v 0.07012879 -0.19700033 0.35431446
v 0.07012879 -0.18962936 0.35934382
v 0.06943361 -0.18965771 0.35935588
v -0.02502865 0.06889352 0.40657861
v -0.03202131 0.04689398 0.40233509
v -0.02396544 0.05503041 0.40475303
v -0.01672742 0.03124482 0.40235928
v -0.00721986 0.02531970 0.40287914
v -0.00840575 0.03957970 0.40476512
v -0.01163627 0.02095381 0.40158551
v -0.00721986 0.00986899 0.40056997
v -0.00840575 -0.00674406 0.39786187
v -0.00840575 -0.02216641 0.39545600
v -0.00840575 -0.03761711 0.39298969
v -0.00286478 -0.07832759 0.38715032
v -0.00818084 -0.08362902 0.38540938
v -0.00840575 -0.09933488 0.38255620
v 0.00807404 -0.09822923 0.38519178
v 0.02273409 -0.10321881 0.38614685
v 0.02273409 -0.11475723 0.38387399
v 0.02273409 -0.13020794 0.38051302
v 0.03829378 -0.13020794 0.38172200
v 0.03907074 -0.11333973 0.38537311
v 0.04477528 -0.10724450 0.38683597
v 0.05385348 -0.09933488 0.38854063
v 0.05385348 -0.08388417 0.39128503
v 0.03829378 -0.08388417 0.39071681
v 0.05385348 -0.06849017 0.39394476
v 0.07012879 -0.05303946 0.39677379
v 0.06943361 -0.06849017 0.39417449
v 0.07012879 -0.06780977 0.39427120
v 0.06943361 -0.17650334 0.36664603
v 0.06943361 -0.16762981 0.37087746
v 0.06943361 -0.15989029 0.37377901
v 0.05385348 -0.15983359 0.37370648
v 0.03829378 -0.15875630 0.37338004
v 0.03829378 -0.14563029 0.37772027
v 0.00715395 -0.11475723 0.38191545
v -0.00840575 -0.11475723 0.37948539
v -0.02396544 -0.09933488 0.37964256
v -0.04647690 -0.02871524 0.38659418
v -0.02396544 -0.08388417 0.38253202
v -0.02850453 -0.05681001 0.38615894
v -0.03257336 -0.04651899 0.38699315
v -0.03844148 -0.05221732 0.38461146
v -0.04338950 -0.03761711 0.38585672
v -0.03952513 0.00870665 0.39436791
v -0.05214055 0.06889352 0.40092059
v -0.03952513 0.02412900 0.39684631
v 0.07012879 -0.17650334 0.36662185
v -0.03956602 0.06889352 0.40385839
v -0.03459756 0.05503041 0.40293957
v -0.02396544 -0.00674406 0.39516584
v -0.02273866 0.04088379 0.40286704
v -0.04030209 0.06889352 0.40368915
v -0.02357696 -0.05221732 0.38787569
v -0.02396544 -0.03761711 0.39017276
v -0.01811777 -0.06304699 0.38717450
v -0.00840575 -0.05303946 0.39045083
v -0.01323109 -0.07333800 0.38631611
v -0.00818084 -0.06832007 0.38796034
v 0.05385348 -0.14563029 0.37827641
v 0.05385348 -0.13020794 0.38215724
v 0.05385348 -0.11560772 0.38532476
v 0.05385348 -0.10789655 0.38696896
v 0.06943361 -0.09933488 0.38883079
v 0.06943361 -0.10860530 0.38713823
v 0.06943361 -0.08388417 0.39151473
v 0.07012879 -0.08320378 0.39161144
v 0.07012879 -0.16757311 0.37085327
v 0.07012879 -0.16723291 0.37098626
v 0.07012879 -0.15986194 0.37375482
v 0.07012879 -0.14563029 0.37838521
v 0.06943361 -0.14563029 0.37840940
v -0.02357696 -0.06832007 0.38524012
v 0.06943361 -0.13020794 0.38233857
v 0.06943361 -0.11634483 0.38543357
v 0.07012879 -0.09939158 0.38880661
v 0.07012879 -0.10857695 0.38713823
v 0.07012879 -0.14494990 0.37856657
v 0.07012879 -0.13020794 0.38231441
v 0.07012879 -0.11583452 0.38553028
f 8276 8277 8278
f 8276 8278 8279
f 8276 8279 8283
f 8276 8283 8293
f 8276 8293 8306
f 8276 8306 8325
f 8276 8325 8357
f 8276 8357 8398
f 8276 8398 8450
f 8276 8450 8449
f 8276 8449 8448
f 8276 8448 8501
f 8276 8501 8499
f 8276 8499 8552
f 8276 8552 8564
f 8276 8564 8563
f 8276 8563 8515
f 8276 8515 8461
f 8276 8461 8409
f 8276 8409 8369
f 8276 8369 8368
f 8276 8368 8367
f 8276 8367 8364
f 8276 8364 8331
f 8276 8331 8330
f 8276 8330 8310
f 8276 8310 8295
f 8276 8295 8284
f 8276 8284 8280
f 8276 8280 8285
f 8276 8285 8297
f 8276 8297 8312
f 8276 8312 8335
f 8276 8335 8373
f 8276 8373 8415
f 8276 8415 8466
f 8276 8466 8518
f 8276 8518 8565
f 8276 8565 8575
f 8276 8575 8574
f 8276 8574 8594
f 8276 8594 8539
f 8276 8539 8482
f 8276 8482 8481
f 8276 8481 8477
f 8276 8477 8425
f 8276 8425 8424
f 8276 8424 8379
f 8276 8379 8340
f 8276 8340 8317
f 8276 8317 8299
f 8276 8299 8287
f 8276 8287 8286
f 8276 8286 8281
f 8276 8281 8277
f 8277 8281 8282
f 8277 8282 8278
f 8278 8283 8279
f 8278 8282 8283
f 8280 8284 8294
f 8280 8294 8308
f 8280 8308 8327
f 8280 8327 8360
f 8280 8360 8359
f 8280 8359 8358
f 8280 8358 8399
f 8280 8399 8451
f 8280 8451 8502
f 8280 8502 8553
f 8280 8553 8557
f 8280 8557 8556
f 8280 8556 8612
f 8280 8612 8656
f 8280 8656 8706
f 8280 8706 8713
f 8280 8713 8709
f 8280 8709 8662
f 8280 8662 8620
f 8280 8620 8576
f 8280 8576 8525
f 8280 8525 8472
f 8280 8472 8419
f 8280 8419 8374
f 8280 8374 8336
f 8280 8336 8313
f 8280 8313 8296
f 8280 8296 8285
f 8281 8286 8282
f 8282 8286 8287
f 8282 8287 8288
f 8282 8288 8289
f 8282 8289 8290
f 8282 8290 8291
f 8282 8291 8292
f 8282 8292 8283
f 8283 8291 8293
f 8283 8292 8291
f 8284 8295 8294
f 8285 8296 8297
f 8287 8298 8288
f 8287 8299 8298
f 8288 8300 8289
f 8288 8298 8300
f 8289 8301 8302
f 8289 8302 8303
f 8289 8303 8290
f 8289 8300 8301
f 8290 8303 8291
f 8291 8303 8304
f 8291 8304 8305
f 8291 8305 8306
f 8291 8306 8307
f 8291 8307 8293
f 8293 8307 8306
f 8294 8295 8309
f 8294 8309 8308
f 8295 8310 8311
f 8295 8311 8309
f 8296 8312 8297
f 8296 8313 8337
f 8296 8337 8376
f 8296 8376 8421
f 8296 8421 8475
f 8296 8475 8533
f 8296 8533 8592
f 8296 8592 8636
f 8296 8636 8687
f 8296 8687 8689
f 8296 8689 8727
f 8296 8727 8736
f 8296 8736 8737
f 8296 8737 8740
f 8296 8740 8739
f 8296 8739 8738
f 8296 8738 8731
f 8296 8731 8730
f 8296 8730 8729
f 8296 8729 8728
f 8296 8728 8708
f 8296 8708 8660
f 8296 8660 8659
f 8296 8659 8658
f 8296 8658 8618
f 8296 8618 8617
f 8296 8617 8567
f 8296 8567 8566
f 8296 8566 8519
f 8296 8519 8467
f 8296 8467 8416
f 8296 8416 8372
f 8296 8372 8335
f 8296 8335 8312
f 8298 8314 8300
f 8298 8299 8315
f 8298 8315 8316
f 8298 8316 8314
f 8299 8317 8315
f 8300 8314 8318
f 8300 8318 8301
f 8301 8319 8320
f 8301 8320 8302
f 8301 8318 8319
f 8302 8320 8303
f 8303 8320 8321
f 8303 8321 8322
f 8303 8322 8323
f 8303 8323 8304
f 8304 8323 8305
f 8305 8323 8324
f 8305 8324 8325
f 8305 8325 8306
f 8308 8326 8327
f 8308 8309 8326
f 8309 8311 8328
f 8309 8328 8329
f 8309 8329 8326
f 8310 8330 8311
f 8311 8330 8331
f 8311 8331 8332
f 8311 8332 8333
f 8311 8333 8334
f 8311 8334 8328
f 8313 8336 8337
f 8314 8316 8338
f 8314 8338 8318
f 8315 8317 8316
f 8316 8339 8338
f 8316 8317 8340
f 8316 8340 8341
f 8316 8341 8342
f 8316 8342 8339
f 8318 8338 8343
f 8318 8343 8344
f 8318 8344 8345
f 8318 8345 8319
f 8319 8345 8346
f 8319 8346 8320
f 8320 8346 8347
f 8320 8347 8348
f 8320 8348 8321
f 8321 8348 8322
f 8322 8348 8349
f 8322 8349 8323
f 8323 8349 8350
f 8323 8350 8351
f 8323 8351 8352
f 8323 8352 8353
f 8323 8353 8354
f 8323 8354 8324
f 8324 8354 8355
f 8324 8355 8356
f 8324 8356 8325
f 8325 8356 8357
f 8326 8329 8358
f 8326 8358 8359
f 8326 8359 8360
f 8326 8360 8327
f 8328 8361 8362
f 8328 8362 8363
f 8328 8363 8329
f 8328 8334 8361
f 8329 8363 8358
f 8331 8364 8332
f 8332 8365 8366
f 8332 8366 8333
f 8332 8364 8367
f 8332 8367 8368
f 8332 8368 8369
f 8332 8369 8370
f 8332 8370 8371
f 8332 8371 8365
f 8333 8366 8334
f 8334 8366 8361
f 8335 8372 8373
f 8336 8374 8375
f 8336 8375 8337
f 8337 8375 8376
f 8338 8339 8343
f 8339 8342 8377
f 8339 8377 8378
f 8339 8378 8343
f 8340 8379 8341
f 8341 8379 8380
f 8341 8380 8342
f 8342 8381 8377
f 8342 8380 8381
f 8343 8382 8383
f 8343 8383 8344
f 8343 8378 8382
f 8344 8384 8385
f 8344 8385 8345
f 8344 8383 8384
f 8345 8385 8346
f 8346 8385 8386
f 8346 8386 8387
f 8346 8387 8388
f 8346 8388 8350
f 8346 8350 8347
f 8347 8350 8348
f 8348 8350 8349
f 8350 8389 8390
f 8350 8390 8391
f 8350 8391 8392
f 8350 8392 8351
f 8350 8388 8389
f 8351 8392 8393
f 8351 8393 8352
f 8352 8393 8353
f 8353 8393 8394
f 8353 8394 8354
f 8354 8394 8395
f 8354 8395 8355
f 8355 8395 8396
f 8355 8396 8397
f 8355 8397 8398
f 8355 8398 8357
f 8355 8357 8356
f 8358 8363 8400
f 8358 8400 8401
f 8358 8401 8402
f 8358 8402 8399
f 8361 8403 8404
f 8361 8404 8362
f 8361 8366 8405
f 8361 8405 8406
f 8361 8406 8407
f 8361 8407 8408
f 8361 8408 8403
f 8362 8404 8402
f 8362 8402 8363
f 8363 8402 8401
f 8363 8401 8400
f 8365 8371 8407
f 8365 8407 8366
f 8366 8407 8406
f 8366 8406 8405
f 8369 8409 8410
f 8369 8410 8411
f 8369 8411 8370
f 8370 8411 8371
f 8371 8411 8410
f 8371 8410 8412
f 8371 8412 8413
f 8371 8413 8407
f 8372 8414 8415
f 8372 8415 8373
f 8372 8416 8417
f 8372 8417 8418
f 8372 8418 8414
f 8374 8419 8420
f 8374 8420 8375
f 8375 8420 8376
f 8376 8420 8474
f 8376 8474 8421
f 8377 8381 8422
f 8377 8422 8378
f 8378 8423 8382
f 8378 8422 8423
f 8379 8424 8380
f 8380 8424 8425
f 8380 8425 8426
f 8380 8426 8381
f 8381 8427 8422
f 8381 8426 8428
f 8381 8428 8429
f 8381 8429 8427
f 8382 8423 8430
f 8382 8430 8431
f 8382 8431 8432
f 8382 8432 8433
f 8382 8433 8383
f 8383 8433 8384
f 8384 8433 8434
f 8384 8434 8386
f 8384 8386 8385
f 8386 8434 8435
f 8386 8435 8387
f 8387 8435 8388
f 8388 8435 8389
f 8389 8435 8436
f 8389 8436 8437
f 8389 8437 8390
f 8390 8437 8438
f 8390 8438 8391
f 8391 8438 8392
f 8392 8438 8439
f 8392 8439 8393
f 8393 8439 8440
f 8393 8440 8441
f 8393 8441 8394
f 8394 8441 8440
f 8394 8440 8442
f 8394 8442 8443
f 8394 8443 8444
f 8394 8444 8445
f 8394 8445 8446
f 8394 8446 8447
f 8394 8447 8448
f 8394 8448 8396
f 8394 8396 8395
f 8396 8448 8449
f 8396 8449 8397
f 8397 8449 8450
f 8397 8450 8398
f 8399 8402 8452
f 8399 8452 8451
f 8402 8404 8452
f 8403 8453 8454
f 8403 8454 8455
f 8403 8455 8404
f 8403 8408 8456
f 8403 8456 8453
f 8404 8455 8457
f 8404 8457 8452
f 8407 8413 8458
f 8407 8458 8459
f 8407 8459 8460
f 8407 8460 8408
f 8408 8460 8456
f 8409 8461 8410
f 8410 8461 8462
f 8410 8462 8412
f 8412 8463 8458
f 8412 8458 8413
f 8412 8462 8464
f 8412 8464 8463
f 8414 8465 8466
f 8414 8466 8415
f 8414 8418 8465
f 8416 8467 8468
f 8416 8468 8417
f 8417 8468 8418
f 8418 8468 8469
f 8418 8469 8470
f 8418 8470 8471
f 8418 8471 8465
f 8419 8472 8473
f 8419 8473 8474
f 8419 8474 8420
f 8421 8474 8475
f 8422 8427 8476
f 8422 8476 8423
f 8423 8476 8430
f 8425 8477 8426
f 8426 8477 8428
f 8427 8429 8478
f 8427 8478 8479
f 8427 8479 8480
f 8427 8480 8476
f 8428 8477 8481
f 8428 8481 8482
f 8428 8482 8483
f 8428 8483 8478
f 8428 8478 8429
f 8430 8476 8484
f 8430 8484 8485
f 8430 8485 8431
f 8431 8485 8486
f 8431 8486 8487
f 8431 8487 8432
f 8432 8487 8433
f 8433 8487 8488
f 8433 8488 8434
f 8434 8489 8435
f 8434 8488 8489
f 8435 8490 8436
f 8435 8489 8490
f 8436 8490 8491
f 8436 8491 8437
f 8437 8491 8438
f 8438 8491 8492
f 8438 8492 8493
f 8438 8493 8439
f 8439 8493 8442
f 8439 8442 8440
f 8442 8493 8494
f 8442 8494 8495
f 8442 8495 8443
f 8443 8495 8444
f 8444 8495 8496
f 8444 8496 8497
f 8444 8497 8445
f 8445 8497 8464
f 8445 8464 8446
f 8446 8464 8462
f 8446 8462 8498
f 8446 8498 8499
f 8446 8499 8500
f 8446 8500 8447
f 8447 8500 8448
f 8448 8500 8501
f 8451 8452 8502
f 8452 8457 8503
f 8452 8503 8502
f 8453 8456 8504
f 8453 8504 8505
f 8453 8505 8454
f 8454 8505 8506
f 8454 8506 8507
f 8454 8507 8508
f 8454 8508 8457
f 8454 8457 8455
f 8456 8509 8510
f 8456 8510 8511
f 8456 8511 8512
f 8456 8512 8513
f 8456 8513 8505
f 8456 8505 8514
f 8456 8514 8504
f 8456 8460 8459
f 8456 8459 8509
f 8457 8508 8503
f 8458 8463 8509
f 8458 8509 8459
f 8461 8515 8462
f 8462 8515 8516
f 8462 8516 8498
f 8463 8464 8497
f 8463 8497 8517
f 8463 8517 8509
f 8465 8471 8518
f 8465 8518 8466
f 8467 8519 8468
f 8468 8519 8520
f 8468 8520 8521
f 8468 8521 8469
f 8469 8522 8470
f 8469 8521 8522
f 8470 8522 8523
f 8470 8523 8524
f 8470 8524 8471
f 8471 8524 8518
f 8472 8525 8526
f 8472 8526 8527
f 8472 8527 8528
f 8472 8528 8529
f 8472 8529 8473
f 8473 8529 8530
f 8473 8530 8474
f 8474 8530 8531
f 8474 8531 8475
f 8475 8531 8532
f 8475 8532 8533
f 8476 8534 8484
f 8476 8480 8534
f 8478 8483 8535
f 8478 8535 8536
f 8478 8536 8479
f 8479 8537 8538
f 8479 8538 8480
f 8479 8536 8537
f 8480 8538 8534
f 8482 8539 8483
f 8483 8539 8535
f 8484 8534 8485
f 8485 8540 8541
f 8485 8541 8486
f 8485 8534 8540
f 8486 8541 8542
f 8486 8542 8487
f 8487 8542 8543
f 8487 8543 8488
f 8488 8543 8489
f 8489 8543 8544
f 8489 8544 8490
f 8490 8544 8545
f 8490 8545 8546
f 8490 8546 8491
f 8491 8546 8547
f 8491 8547 8548
f 8491 8548 8549
f 8491 8549 8493
f 8491 8493 8492
f 8493 8549 8494
f 8494 8549 8550
f 8494 8550 8495
f 8495 8550 8551
f 8495 8551 8496
f 8496 8551 8517
f 8496 8517 8497
f 8498 8552 8499
f 8498 8516 8552
f 8499 8501 8500
f 8502 8503 8553
f 8503 8508 8507
f 8503 8507 8506
f 8503 8506 8505
f 8503 8505 8554
f 8503 8554 8555
f 8503 8555 8556
f 8503 8556 8557
f 8503 8557 8553
f 8504 8514 8505
f 8505 8513 8558
f 8505 8558 8554
f 8509 8517 8510
f 8510 8517 8551
f 8510 8551 8550
f 8510 8550 8511
f 8511 8559 8560
f 8511 8560 8512
f 8511 8550 8561
f 8511 8561 8559
f 8512 8560 8562
f 8512 8562 8558
f 8512 8558 8513
f 8515 8563 8516
f 8516 8563 8564
f 8516 8564 8552
f 8518 8524 8565
f 8519 8566 8520
f 8520 8566 8567
f 8520 8567 8568
f 8520 8568 8521
f 8521 8568 8569
f 8521 8569 8570
f 8521 8570 8522
f 8522 8571 8523
f 8522 8570 8571
f 8523 8571 8572
f 8523 8572 8573
f 8523 8573 8524
f 8524 8573 8574
f 8524 8574 8575
f 8524 8575 8565
f 8525 8576 8577
f 8525 8577 8578
f 8525 8578 8579
f 8525 8579 8580
f 8525 8580 8526
f 8526 8580 8527
f 8527 8579 8581
f 8527 8581 8582
f 8527 8582 8583
f 8527 8583 8584
f 8527 8584 8585
f 8527 8585 8586
f 8527 8586 8587
f 8527 8587 8588
f 8527 8588 8589
f 8527 8589 8528
f 8527 8580 8579
f 8528 8589 8530
f 8528 8530 8529
f 8530 8589 8588
f 8530 8588 8590
f 8530 8590 8531
f 8531 8587 8532
f 8531 8590 8587
f 8532 8587 8591
f 8532 8591 8533
f 8533 8591 8592
f 8534 8538 8593
f 8534 8593 8540
f 8535 8539 8594
f 8535 8594 8573
f 8535 8573 8536
f 8536 8573 8572
f 8536 8572 8537
f 8537 8570 8538
f 8537 8572 8571
f 8537 8571 8570
f 8538 8570 8593
f 8540 8595 8596
f 8540 8596 8541
f 8540 8593 8595
f 8541 8596 8597
f 8541 8597 8598
f 8541 8598 8542
f 8542 8598 8599
f 8542 8599 8600
f 8542 8600 8544
f 8542 8544 8543
f 8544 8600 8601
f 8544 8601 8545
f 8545 8601 8602
f 8545 8602 8603
f 8545 8603 8546
f 8546 8603 8547
f 8547 8603 8604
f 8547 8604 8605
f 8547 8605 8548
f 8548 8605 8606
f 8548 8606 8549
f 8549 8606 8561
f 8549 8561 8550
f 8554 8558 8613
f 8554 8613 8607
f 8554 8607 8608
f 8554 8608 8609
f 8554 8609 8610
f 8554 8610 8611
f 8554 8611 8555
f 8555 8612 8556
f 8555 8611 8612
f 8558 8562 8560
f 8558 8560 8613
f 8559 8614 8560
f 8559 8561 8615
f 8559 8615 8614
f 8560 8616 8613
f 8560 8614 8616
f 8561 8606 8615
f 8567 8617 8568
f 8568 8617 8618
f 8568 8618 8619
f 8568 8619 8569
f 8569 8593 8570
f 8569 8619 8595
f 8569 8595 8593
f 8573 8594 8574
f 8576 8620 8621
f 8576 8621 8622
f 8576 8622 8577
f 8577 8622 8623
f 8577 8623 8578
f 8578 8624 8622
f 8578 8622 8625
f 8578 8625 8626
f 8578 8626 8627
f 8578 8627 8581
f 8578 8581 8579
f 8578 8623 8624
f 8581 8627 8582
f 8582 8627 8628
f 8582 8628 8583
f 8583 8628 8629
f 8583 8629 8630
f 8583 8630 8631
f 8583 8631 8632
f 8583 8632 8633
f 8583 8633 8584
f 8584 8634 8586
f 8584 8586 8585
f 8584 8633 8634
f 8586 8634 8635
f 8586 8635 8591
f 8586 8591 8587
f 8587 8590 8588
f 8591 8635 8636
f 8591 8636 8592
f 8595 8619 8637
f 8595 8637 8596
f 8596 8637 8638
f 8596 8638 8597
f 8597 8638 8639
f 8597 8639 8640
f 8597 8640 8598
f 8598 8640 8599
f 8599 8640 8641
f 8599 8641 8642
f 8599 8642 8600
f 8600 8642 8601
f 8601 8642 8643
f 8601 8643 8644
f 8601 8644 8602
f 8602 8644 8645
f 8602 8645 8646
f 8602 8646 8603
f 8603 8646 8604
f 8604 8646 8647
f 8604 8647 8605
f 8605 8647 8648
f 8605 8648 8649
f 8605 8649 8615
f 8605 8615 8606
f 8607 8650 8608
f 8607 8613 8651
f 8607 8651 8652
f 8607 8652 8650
f 8608 8650 8653
f 8608 8653 8654
f 8608 8654 8655
f 8608 8655 8612
f 8608 8612 8609
f 8609 8612 8610
f 8610 8612 8611
f 8612 8655 8657
f 8612 8657 8656
f 8613 8616 8651
f 8614 8648 8651
f 8614 8651 8616
f 8614 8615 8648
f 8615 8649 8648
f 8618 8658 8619
f 8619 8658 8659
f 8619 8659 8660
f 8619 8660 8661
f 8619 8661 8637
f 8620 8662 8663
f 8620 8663 8664
f 8620 8664 8665
f 8620 8665 8666
f 8620 8666 8667
f 8620 8667 8621
f 8621 8667 8622
f 8622 8667 8666
f 8622 8666 8665
f 8622 8665 8668
f 8622 8668 8669
f 8622 8669 8670
f 8622 8670 8627
f 8622 8627 8625
f 8622 8624 8623
f 8625 8627 8626
f 8627 8670 8671
f 8627 8671 8672
f 8627 8672 8628
f 8628 8672 8673
f 8628 8673 8629
f 8629 8673 8674
f 8629 8674 8675
f 8629 8675 8676
f 8629 8676 8677
f 8629 8677 8630
f 8630 8677 8631
f 8631 8677 8632
f 8632 8677 8678
f 8632 8678 8679
f 8632 8679 8680
f 8632 8680 8681
f 8632 8681 8682
f 8632 8682 8683
f 8632 8683 8684
f 8632 8684 8685
f 8632 8685 8633
f 8633 8685 8686
f 8633 8686 8634
f 8634 8686 8635
f 8635 8687 8636
f 8635 8686 8688
f 8635 8688 8689
f 8635 8689 8687
f 8637 8661 8638
f 8638 8690 8691
f 8638 8691 8639
f 8638 8661 8690
f 8639 8691 8692
f 8639 8692 8693
f 8639 8693 8694
f 8639 8694 8640
f 8640 8694 8641
f 8641 8694 8643
f 8641 8643 8642
f 8643 8694 8695
f 8643 8695 8679
f 8643 8679 8645
f 8643 8645 8644
f 8645 8679 8696
f 8645 8696 8697
f 8645 8697 8646
f 8646 8697 8647
f 8647 8697 8698
f 8647 8698 8648
f 8648 8698 8651
f 8650 8652 8699
f 8650 8699 8653
f 8651 8698 8700
f 8651 8700 8652
f 8652 8700 8701
f 8652 8701 8702
f 8652 8702 8703
f 8652 8703 8704
f 8652 8704 8699
f 8653 8699 8654
f 8654 8657 8655
f 8654 8699 8705
f 8654 8705 8656
f 8654 8656 8657
f 8656 8705 8707
f 8656 8707 8706
f 8660 8708 8661
f 8661 8708 8690
f 8662 8709 8710
f 8662 8710 8663
f 8663 8711 8672
f 8663 8672 8671
f 8663 8671 8670
f 8663 8670 8665
f 8663 8665 8712
f 8663 8712 8664
f 8663 8710 8709
f 8663 8709 8713
f 8663 8713 8706
f 8663 8706 8707
f 8663 8707 8705
f 8663 8705 8702
f 8663 8702 8701
f 8663 8701 8714
f 8663 8714 8715
f 8663 8715 8716
f 8663 8716 8711
f 8664 8712 8665
f 8665 8670 8668
f 8668 8670 8669
f 8672 8717 8673
f 8672 8711 8716
f 8672 8716 8718
f 8672 8718 8717
f 8673 8719 8718
f 8673 8718 8674
f 8673 8717 8719
f 8674 8718 8700
f 8674 8700 8675
f 8675 8700 8698
f 8675 8698 8697
f 8675 8697 8696
f 8675 8696 8676
f 8676 8696 8677
f 8677 8696 8678
f 8678 8696 8679
f 8679 8695 8680
f 8680 8695 8720
f 8680 8720 8721
f 8680 8721 8722
f 8680 8722 8681
f 8681 8722 8723
f 8681 8723 8682
f 8682 8723 8683
f 8683 8724 8684
f 8683 8723 8725
f 8683 8725 8724
f 8684 8724 8726
f 8684 8726 8688
f 8684 8688 8686
f 8684 8686 8685
f 8688 8726 8727
f 8688 8727 8689
f 8690 8708 8691
f 8691 8728 8729
f 8691 8729 8730
f 8691 8730 8692
f 8691 8708 8728
f 8692 8730 8731
f 8692 8731 8732
f 8692 8732 8693
f 8693 8732 8720
f 8693 8720 8695
f 8693 8695 8694
f 8699 8704 8702
f 8699 8702 8705
f 8700 8718 8716
f 8700 8716 8733
f 8700 8733 8701
f 8701 8733 8716
f 8701 8716 8714
f 8702 8704 8703
f 8714 8716 8715
f 8717 8718 8719
f 8720 8732 8734
f 8720 8734 8721
f 8721 8734 8735
f 8721 8735 8725
f 8721 8725 8722
f 8722 8725 8723
f 8724 8736 8726
f 8724 8725 8737
f 8724 8737 8736
f 8725 8735 8737
f 8726 8736 8727
f 8731 8738 8732
f 8732 8738 8734
f 8734 8738 8739
f 8734 8739 8740
f 8734 8740 8735
f 8735 8740 8737

o geometry_47
v 0.00712906 -0.22190719 0.27186000
v 0.00717840 -0.22193221 0.27186000
v 0.00712906 -0.22095623 0.28621203
v 0.00712906 0.02691942 0.27186000
v 0.02387348 -0.22185714 0.27186000
v 0.02274486 -0.22090617 0.28621203
v 0.00717840 -0.22095623 0.28621203
v 0.01032376 -0.22068094 0.28934394
v 0.00717840 -0.22065592 0.28934394
v 0.00712906 -0.22065592 0.28933368
v 0.00712906 0.02499247 0.28930800
v 0.07012879 0.03372630 0.27186000
v 0.03942760 -0.22170698 0.27186000
v 0.03831131 -0.22080608 0.28621203
v 0.03831131 -0.22055581 0.28934394
v 0.02589021 -0.22063090 0.28934394
v 0.00712906 -0.20684195 0.28934394
v 0.01768761 0.02163908 0.28934394
v 0.07011029 0.01273007 0.28934394
v 0.07012879 0.02942195 0.27570214
v 0.00712906 0.00612339 0.28934394
v 0.07012879 -0.20997012 0.27186000
v 0.05499406 -0.22150678 0.27186000
v 0.07012879 -0.22045572 0.28621203
v 0.05386542 -0.22065592 0.28621203
v 0.05701695 -0.22038064 0.28934394
v 0.04145050 -0.22053079 0.28934394
v 0.07012879 0.01255489 0.28934394
v 0.07012879 0.02897149 0.27606668
v 0.07010412 -0.22130658 0.27186000
v 0.07012879 -0.22020546 0.28934394
v 0.06943188 -0.22023050 0.28934394
f 8741 8742 8743
f 8741 8743 8750
f 8741 8750 8757
f 8741 8757 8761
f 8741 8761 8751
f 8741 8751 8744
f 8741 8744 8752
f 8741 8752 8762
f 8741 8762 8770
f 8741 8770 8763
f 8741 8763 8753
f 8741 8753 8745
f 8741 8745 8742
f 8742 8745 8746
f 8742 8746 8747
f 8742 8747 8743
f 8743 8747 8748
f 8743 8748 8749
f 8743 8749 8750
f 8744 8751 8752
f 8745 8753 8765
f 8745 8765 8754
f 8745 8754 8746
f 8746 8754 8755
f 8746 8755 8756
f 8746 8756 8748
f 8746 8748 8747
f 8748 8756 8755
f 8748 8755 8767
f 8748 8767 8766
f 8748 8766 8772
f 8748 8772 8771
f 8748 8771 8768
f 8748 8768 8759
f 8748 8759 8758
f 8748 8758 8761
f 8748 8761 8757
f 8748 8757 8749
f 8749 8757 8750
f 8751 8758 8759
f 8751 8759 8760
f 8751 8760 8752
f 8751 8761 8758
f 8752 8760 8769
f 8752 8769 8768
f 8752 8768 8771
f 8752 8771 8764
f 8752 8764 8762
f 8753 8763 8764
f 8753 8764 8765
f 8754 8765 8766
f 8754 8766 8767
f 8754 8767 8755
f 8759 8768 8769
f 8759 8769 8760
f 8762 8764 8770
f 8763 8770 8764
f 8764 8771 8772
f 8764 8772 8765
f 8765 8772 8766

o geometry_48
v -0.13875140 -0.21758608 0.24528500
v -0.13640900 -0.21801508 0.24528500
v -0.13875140 -0.21681390 0.24887742
v -0.13875140 0.06889327 0.24528500
v -0.13228794 -0.21667091 0.25491245
v -0.13268644 -0.21867286 0.24528500
v -0.12667981 -0.21552693 0.26427457
v -0.13875140 -0.21609892 0.25169202
v -0.13875140 0.06889327 0.27186000
v -0.09754078 0.06889327 0.24528500
v -0.12738933 -0.21958803 0.24528500
v -0.11734909 -0.21915905 0.25526363
v -0.11593977 -0.21615612 0.26995323
v -0.11459848 -0.21595592 0.27186000
v -0.12190754 -0.21418277 0.27186000
v -0.13705049 -0.21403978 0.25983414
v -0.13875140 -0.21452596 0.25694668
v -0.05935293 0.06889327 0.27186000
v -0.13875140 -0.20751913 0.27186000
v -0.03945715 0.03617565 0.24528500
v -0.11734909 -0.22073201 0.24528500
v -0.10178820 -0.22078921 0.25526363
v -0.10178820 -0.21812947 0.27073624
v -0.10178820 -0.21787208 0.27186000
v -0.12732128 -0.21232381 0.27186000
v -0.13875140 -0.21372518 0.25909797
v -0.13228794 -0.21138004 0.26995323
v -0.03945715 0.03197156 0.27186000
v -0.13875140 -0.20840571 0.27024978
v -0.13222962 -0.21037906 0.27186000
v -0.03945715 -0.22324874 0.24528500
v -0.11181871 -0.22130400 0.24528500
v -0.08622730 -0.22170439 0.25526363
v -0.07066641 -0.22070341 0.27073624
v -0.08622730 -0.21973104 0.27073624
v -0.10055383 -0.21801508 0.27186000
v -0.08509985 -0.21961663 0.27186000
v -0.13017882 -0.21120844 0.27186000
v -0.13875140 -0.21160882 0.26391039
v -0.03945715 -0.22161860 0.27186000
v -0.03945715 -0.22267677 0.25533386
v -0.04956541 -0.22319155 0.24528500
v -0.09625781 -0.22219057 0.24528500
v -0.07066641 -0.22224777 0.25526363
v -0.05509580 -0.22136120 0.27073624
v -0.06953895 -0.22061762 0.27186000
v -0.03953490 -0.22161860 0.27186000
v -0.03945715 -0.22173299 0.27080387
v -0.05509580 -0.22253376 0.25526363
v -0.05509580 -0.22313435 0.24528500
v -0.08069692 -0.22267677 0.24528500
v -0.07066641 -0.22290555 0.24528500
v -0.06513602 -0.22301996 0.24528500
v -0.05396834 -0.22127539 0.27186000
f 8773 8774 8775
f 8773 8775 8780
f 8773 8780 8789
f 8773 8789 8798
f 8773 8798 8811
f 8773 8811 8801
f 8773 8801 8791
f 8773 8791 8781
f 8773 8781 8776
f 8773 8776 8782
f 8773 8782 8792
f 8773 8792 8803
f 8773 8803 8814
f 8773 8814 8822
f 8773 8822 8825
f 8773 8825 8824
f 8773 8824 8823
f 8773 8823 8815
f 8773 8815 8804
f 8773 8804 8793
f 8773 8793 8783
f 8773 8783 8778
f 8773 8778 8774
f 8774 8777 8775
f 8774 8778 8777
f 8775 8777 8779
f 8775 8779 8780
f 8776 8781 8790
f 8776 8790 8782
f 8777 8778 8783
f 8777 8783 8784
f 8777 8784 8785
f 8777 8785 8779
f 8779 8785 8786
f 8779 8786 8787
f 8779 8787 8788
f 8779 8788 8789
f 8779 8789 8780
f 8781 8791 8802
f 8781 8802 8810
f 8781 8810 8797
f 8781 8797 8787
f 8781 8787 8786
f 8781 8786 8796
f 8781 8796 8808
f 8781 8808 8809
f 8781 8809 8818
f 8781 8818 8826
f 8781 8826 8819
f 8781 8819 8812
f 8781 8812 8800
f 8781 8800 8790
f 8782 8790 8792
f 8783 8793 8784
f 8784 8793 8794
f 8784 8794 8795
f 8784 8795 8786
f 8784 8786 8785
f 8786 8795 8796
f 8787 8797 8788
f 8788 8798 8789
f 8788 8797 8799
f 8788 8799 8798
f 8790 8800 8792
f 8791 8801 8802
f 8792 8800 8812
f 8792 8812 8820
f 8792 8820 8813
f 8792 8813 8803
f 8793 8804 8794
f 8794 8804 8805
f 8794 8805 8806
f 8794 8806 8807
f 8794 8807 8795
f 8795 8808 8796
f 8795 8807 8809
f 8795 8809 8808
f 8797 8810 8799
f 8798 8799 8811
f 8799 8810 8802
f 8799 8802 8801
f 8799 8801 8811
f 8803 8813 8814
f 8804 8815 8805
f 8805 8815 8816
f 8805 8816 8817
f 8805 8817 8806
f 8806 8817 8826
f 8806 8826 8818
f 8806 8818 8807
f 8807 8818 8809
f 8812 8819 8820
f 8813 8821 8814
f 8813 8820 8821
f 8814 8821 8822
f 8815 8823 8816
f 8816 8820 8817
f 8816 8823 8824
f 8816 8824 8825
f 8816 8825 8821
f 8816 8821 8820
f 8817 8820 8826
f 8819 8826 8820
f 8821 8825 8822

o geometry_49
v -0.13875140 -0.20752610 0.27186000
v -0.13222589 -0.21037314 0.27186000
v -0.13875140 -0.20345483 0.27940226
v -0.13875140 0.06892185 0.27186000
v -0.13018401 -0.21119878 0.27186000
v -0.11594784 -0.21000302 0.28475733
v -0.13179752 -0.20302777 0.28576022
v -0.13875140 -0.20180353 0.28235447
v -0.13875140 0.06892185 0.28934394
v -0.05936015 0.06892185 0.27186000
v -0.12731392 -0.21233759 0.27186000
v -0.11207822 -0.20849409 0.28934394
v -0.11647616 -0.20698516 0.28934394
v -0.12935582 -0.20183201 0.28934394
v -0.12018870 -0.21370418 0.27459314
v -0.10982214 -0.21518464 0.27863039
v -0.10178306 -0.21259383 0.28830339
v -0.13875140 -0.19810238 0.28675967
v -0.02604723 0.06892185 0.28934394
v -0.13875140 -0.19556851 0.28934394
v -0.03872699 0.06892185 0.28254272
v 0.00712289 0.02692796 0.27186000
v -0.12190218 -0.21418818 0.27186000
v -0.10174023 -0.21196749 0.28934394
v -0.13706648 -0.19690663 0.28934394
v -0.11459133 -0.21595335 0.27186000
v -0.10178306 -0.21786087 0.27186000
v -0.10178306 -0.21581100 0.28056774
v -0.09143079 -0.21447289 0.28934394
v -0.09752792 -0.21310631 0.28934394
v -0.10029804 -0.21239454 0.28934394
v 0.00696582 0.02504891 0.28934394
v 0.00712289 0.02499197 0.28930800
v 0.00712289 -0.22193214 0.27186000
v -0.10055507 -0.21800321 0.27186000
v -0.08476249 -0.21646581 0.28624626
v -0.08230651 -0.21592488 0.28934394
v -0.08023605 -0.21623805 0.28934394
v 0.00712289 0.00614453 0.28934394
v 0.00712289 -0.22096414 0.28621203
v -0.00839838 -0.22190367 0.27186000
v -0.07065484 -0.21806016 0.28621203
v -0.08509090 -0.21959756 0.27186000
v -0.07065484 -0.21731992 0.28934394
v 0.00712289 -0.20684281 0.28934394
v -0.00839838 -0.22087873 0.28621203
v 0.00712289 -0.22065097 0.28933368
v -0.00525700 -0.22059403 0.28934394
v -0.02283446 -0.22181826 0.27186000
v -0.05510500 -0.21942674 0.28621203
v -0.05510500 -0.21877192 0.28934394
v -0.06698513 -0.21771851 0.28934394
v -0.06952680 -0.22062249 0.27186000
v -0.03839857 -0.22164743 0.27186000
v -0.00839838 -0.22053708 0.28934394
v -0.02396250 -0.22059403 0.28621203
v -0.05240627 -0.21897121 0.28934394
v -0.03952661 -0.22016696 0.28621203
v -0.03638523 -0.21982532 0.28934394
v -0.05397696 -0.22127732 0.27186000
v -0.02082111 -0.22030932 0.28934394
f 8827 8828 8829
f 8827 8829 8834
f 8827 8834 8844
f 8827 8844 8846
f 8827 8846 8835
f 8827 8835 8830
f 8827 8830 8836
f 8827 8836 8848
f 8827 8848 8860
f 8827 8860 8867
f 8827 8867 8875
f 8827 8875 8880
f 8827 8880 8886
f 8827 8886 8879
f 8827 8879 8869
f 8827 8869 8861
f 8827 8861 8853
f 8827 8853 8852
f 8827 8852 8849
f 8827 8849 8837
f 8827 8837 8831
f 8827 8831 8828
f 8828 8831 8832
f 8828 8832 8833
f 8828 8833 8829
f 8829 8833 8834
f 8830 8835 8845
f 8830 8845 8847
f 8830 8847 8836
f 8831 8837 8832
f 8832 8838 8839
f 8832 8839 8840
f 8832 8840 8833
f 8832 8837 8841
f 8832 8841 8842
f 8832 8842 8843
f 8832 8843 8838
f 8833 8840 8834
f 8834 8840 8844
f 8835 8846 8851
f 8835 8851 8840
f 8835 8840 8839
f 8835 8839 8838
f 8835 8838 8850
f 8835 8850 8857
f 8835 8857 8856
f 8835 8856 8855
f 8835 8855 8863
f 8835 8863 8864
f 8835 8864 8870
f 8835 8870 8878
f 8835 8878 8877
f 8835 8877 8883
f 8835 8883 8885
f 8835 8885 8887
f 8835 8887 8881
f 8835 8881 8874
f 8835 8874 8871
f 8835 8871 8865
f 8835 8865 8858
f 8835 8858 8845
f 8836 8847 8848
f 8837 8849 8841
f 8838 8843 8850
f 8840 8851 8844
f 8841 8849 8842
f 8842 8852 8853
f 8842 8853 8854
f 8842 8854 8855
f 8842 8855 8856
f 8842 8856 8843
f 8842 8849 8852
f 8843 8856 8857
f 8843 8857 8850
f 8844 8851 8846
f 8845 8848 8847
f 8845 8858 8859
f 8845 8859 8848
f 8848 8859 8865
f 8848 8865 8871
f 8848 8871 8873
f 8848 8873 8866
f 8848 8866 8860
f 8853 8861 8862
f 8853 8862 8854
f 8854 8863 8855
f 8854 8862 8864
f 8854 8864 8863
f 8858 8865 8859
f 8860 8866 8867
f 8861 8868 8862
f 8861 8869 8868
f 8862 8868 8870
f 8862 8870 8864
f 8866 8872 8867
f 8866 8873 8874
f 8866 8874 8872
f 8867 8872 8875
f 8868 8876 8877
f 8868 8877 8878
f 8868 8878 8870
f 8868 8869 8876
f 8869 8879 8876
f 8871 8874 8873
f 8872 8880 8875
f 8872 8874 8881
f 8872 8881 8882
f 8872 8882 8880
f 8876 8883 8877
f 8876 8879 8884
f 8876 8884 8885
f 8876 8885 8883
f 8879 8886 8884
f 8880 8882 8886
f 8881 8887 8882
f 8882 8887 8884
f 8882 8884 8886
f 8884 8887 8885

