# https://github.com/mikedh/trimesh

o geometry_0
v 0.37044161 -0.50687861 0.14936961
v 0.36772165 -0.50687861 0.14936961
v 0.37042091 -0.51683326 0.14936016
v 0.37950583 -0.51683326 0.14114094
v 0.38945369 -0.51683326 0.13205354
v 0.38914995 -0.50467419 0.13176101
v 0.37835986 -0.49974325 0.13873462
v 0.37416946 -0.48818751 0.13360113
v 0.35455678 -0.45116496 0.11420904
v 0.34275879 -0.45086330 0.11435058
v 0.35880928 -0.51683326 0.14770877
v 0.36788732 -0.51683326 0.14936016
v 0.33181681 -0.45229039 0.11336918
v 0.37012405 -0.52620781 0.14912424
v 0.38891523 -0.52847025 0.13155340
v 0.39417566 -0.51683326 0.12176771
v 0.39130382 -0.50192447 0.12176771
v 0.38598126 -0.49286318 0.12176771
v 0.37055895 -0.45270805 0.09578890
v 0.36073536 -0.44820643 0.10254547
v 0.33797469 -0.43459707 0.09577002
v 0.32458890 -0.43459707 0.09569453
v 0.32365003 -0.43464349 0.09561904
v 0.34416018 -0.51683326 0.13862137
v 0.34712867 -0.53495584 0.13562999
v 0.36241979 -0.53333154 0.14419838
v 0.36947511 -0.52620781 0.14912424
v 0.34703891 -0.49872228 0.13582816
v 0.32365003 -0.44529426 0.10481023
v 0.32365003 -0.46111964 0.10996259
v 0.37466652 -0.54640721 0.13461084
v 0.37845650 -0.53337796 0.13914039
v 0.38635405 -0.54057130 0.12176771
v 0.39105529 -0.53151001 0.12176771
v 0.39137977 -0.50307307 0.10870753
v 0.39128312 -0.53080227 0.10898118
v 0.39290542 -0.51683326 0.10692403
v 0.37055895 -0.45270805 0.09304287
v 0.34870265 -0.43660424 0.08542757
v 0.33961772 -0.43388932 0.08542757
v 0.32458890 -0.43207940 0.08542757
v 0.32365003 -0.43207940 0.08550307
v 0.33507522 -0.51683326 0.12814681
v 0.33197559 -0.52951444 0.11692676
v 0.33835437 -0.53531552 0.12249432
v 0.35059418 -0.54507296 0.13225170
v 0.36092864 -0.54660442 0.13471465
v 0.32365003 -0.46250028 0.11000977
v 0.36092864 -0.55058398 0.12176771
v 0.37726913 -0.54788069 0.12176771
v 0.37400379 -0.54623319 0.10359292
v 0.36765952 -0.46250028 0.08047339
v 0.37225723 -0.46250028 0.08957022
v 0.38511144 -0.51683326 0.09784607
v 0.37031734 -0.54421438 0.09421299
v 0.37311324 -0.53495584 0.09126879
v 0.35570275 -0.44877492 0.07313176
v 0.36141881 -0.44677934 0.08636179
v 0.33729815 -0.43414459 0.07418865
v 0.32365003 -0.43279874 0.06828137
v 0.33127835 -0.51683326 0.11905942
v 0.33197559 -0.52951444 0.10943414
v 0.34784660 -0.54672046 0.12176771
v 0.32365003 -0.48029801 0.10399869
v 0.32365003 -0.48090132 0.10261153
v 0.32365003 -0.48478807 0.08556912
v 0.32365003 -0.48486928 0.08421026
v 0.32365003 -0.46917153 0.10780162
v 0.34776377 -0.54656963 0.10700895
v 0.36079749 -0.54732377 0.10200758
v 0.36588533 -0.48061127 0.07852002
v 0.35858148 -0.46250028 0.07174459
v 0.37601959 -0.51683326 0.08867374
v 0.36676897 -0.54421438 0.09421299
v 0.36079749 -0.53655696 0.08967402
v 0.32365003 -0.47276822 0.05581570
v 0.33393617 -0.47172403 0.05802385
v 0.33453676 -0.45248761 0.05770301
v 0.32365003 -0.43778766 0.05992059
v 0.32365003 -0.43285676 0.06775293
v 0.34179918 -0.53659175 0.10215857
v 0.32365003 -0.47925382 0.06724336
v 0.32365003 -0.47898699 0.06652618
v 0.32365003 -0.47342955 0.05620260
v 0.35466031 -0.54366909 0.09490187
v 0.34360791 -0.46250028 0.06265719
v 0.32365003 -0.46244230 0.05297530
v 0.32458890 -0.46250028 0.05338107
v 0.33451606 -0.46250028 0.05771245
v 0.32365003 -0.46168813 0.05301304
v 0.32365003 -0.44610642 0.05516458
v 0.32365003 -0.44566553 0.05523063
v 0.32365003 -0.44559592 0.05525894
f 1 2 12
f 1 12 3
f 1 3 4
f 1 4 5
f 1 5 6
f 1 6 7
f 1 7 8
f 1 8 9
f 1 9 10
f 1 10 2
f 2 11 12
f 2 10 13
f 2 13 11
f 3 12 27
f 3 27 14
f 3 14 4
f 4 14 5
f 5 14 15
f 5 15 16
f 5 16 6
f 6 17 18
f 6 18 19
f 6 19 8
f 6 8 7
f 6 16 17
f 8 19 9
f 9 19 20
f 9 20 21
f 9 21 10
f 10 21 22
f 10 22 23
f 10 23 13
f 11 24 25
f 11 25 26
f 11 26 27
f 11 27 12
f 11 13 28
f 11 28 24
f 13 23 29
f 13 29 30
f 13 30 24
f 13 24 28
f 14 27 26
f 14 26 31
f 14 31 32
f 14 32 15
f 15 32 31
f 15 31 33
f 15 33 34
f 15 34 16
f 16 35 17
f 16 34 36
f 16 36 37
f 16 37 35
f 17 35 38
f 17 38 19
f 17 19 18
f 19 38 39
f 19 39 20
f 20 39 21
f 21 39 40
f 21 40 41
f 21 41 42
f 21 42 22
f 22 42 23
f 23 42 60
f 23 60 80
f 23 80 79
f 23 79 93
f 23 93 92
f 23 92 91
f 23 91 90
f 23 90 87
f 23 87 76
f 23 76 84
f 23 84 83
f 23 83 82
f 23 82 67
f 23 67 66
f 23 66 65
f 23 65 64
f 23 64 68
f 23 68 48
f 23 48 30
f 23 30 29
f 24 43 25
f 24 30 43
f 25 44 45
f 25 45 46
f 25 46 26
f 25 43 44
f 26 46 47
f 26 47 31
f 30 48 43
f 31 47 49
f 31 49 50
f 31 50 33
f 33 50 51
f 33 51 36
f 33 36 34
f 35 37 52
f 35 52 53
f 35 53 38
f 36 54 37
f 36 51 55
f 36 55 56
f 36 56 54
f 37 54 52
f 38 53 52
f 38 52 57
f 38 57 58
f 38 58 39
f 39 59 40
f 39 58 57
f 39 57 59
f 40 59 41
f 41 60 42
f 41 59 60
f 43 61 44
f 43 48 61
f 44 62 63
f 44 63 45
f 44 61 64
f 44 64 65
f 44 65 66
f 44 66 67
f 44 67 62
f 45 63 46
f 46 63 49
f 46 49 47
f 48 68 61
f 49 63 69
f 49 69 70
f 49 70 51
f 49 51 50
f 51 70 55
f 52 71 72
f 52 72 57
f 52 54 71
f 54 56 73
f 54 73 71
f 55 70 74
f 55 74 75
f 55 75 76
f 55 76 56
f 56 76 77
f 56 77 73
f 57 78 79
f 57 79 59
f 57 72 78
f 59 79 80
f 59 80 60
f 61 68 64
f 62 81 69
f 62 69 63
f 62 67 82
f 62 82 83
f 62 83 84
f 62 84 81
f 69 81 85
f 69 85 70
f 70 85 74
f 71 73 72
f 72 86 78
f 72 73 86
f 73 77 86
f 74 85 75
f 75 85 84
f 75 84 76
f 76 87 77
f 77 87 88
f 77 88 89
f 77 89 86
f 78 87 90
f 78 90 91
f 78 91 92
f 78 92 93
f 78 93 79
f 78 86 89
f 78 89 88
f 78 88 87
f 81 84 85

o geometry_1
v 0.19111510 -0.44825813 -0.25546778
v 0.18864121 -0.45199729 -0.25039572
v 0.19111510 -0.44916795 -0.25546778
v 0.19111510 -0.44531781 -0.25660464
v 0.07117511 -0.40700519 -0.04480205
v 0.18864121 -0.45407214 -0.25039572
v 0.07130764 -0.40909115 -0.04480205
v 0.19111510 -0.45792228 -0.25584674
v 0.19111510 -0.44358693 -0.25739168
v 0.05722997 -0.38889742 -0.04480205
v 0.19111510 -0.43590887 -0.26395038
v 0.19058499 -0.43339019 -0.26514553
v 0.07018849 -0.42653319 -0.04480205
v 0.19111510 -0.46229387 -0.25884916
v 0.04714293 -0.37681443 -0.04480205
v 0.19111510 -0.43315721 -0.26695282
v 0.04078148 -0.36923625 -0.04480205
v 0.06995289 -0.42698814 -0.04480205
v 0.19111510 -0.47325621 -0.26671963
v 0.19111510 -0.43113783 -0.27386134
v 0.04067840 -0.36915856 -0.04480205
v 0.06416573 -0.43519876 -0.04480205
v 0.19071751 -0.47361125 -0.26651556
v 0.19111510 -0.47375550 -0.26730260
v 0.19111510 -0.43063854 -0.27811720
v 0.04067840 -0.37903353 -0.08529115
v 0.04067840 -0.45898743 -0.04480205
v 0.19111510 -0.42981747 -0.28829047
v 0.19111510 -0.43258024 -0.30974475
v 0.19111510 -0.47719508 -0.27852530
v 0.07702117 -0.39823979 -0.16180943
v 0.05198766 -0.38672270 -0.11455756
v 0.04067840 -0.38523591 -0.10464663
v 0.19111510 -0.43344568 -0.31306782
v 0.04067840 -0.44937878 -0.11435351
v 0.04452178 -0.45275178 -0.11455756
v 0.05876143 -0.45511513 -0.14638917
v 0.13238942 -0.47237965 -0.25368965
v 0.13031311 -0.47270143 -0.24176737
v 0.16101597 -0.47784973 -0.27811720
v 0.17918737 -0.48064577 -0.29630669
v 0.19111510 -0.48249871 -0.31446702
v 0.17918737 -0.47985800 -0.27811720
v 0.19111510 -0.48073453 -0.29630669
v 0.05793680 -0.39728556 -0.14507742
v 0.19111510 -0.43597544 -0.32195855
v 0.04067840 -0.39360189 -0.12111627
v 0.04067840 -0.44124577 -0.13271791
v 0.04712821 -0.44893494 -0.13271791
v 0.06194216 -0.45230795 -0.15851548
v 0.07716843 -0.45545906 -0.18192280
v 0.09578159 -0.45547017 -0.21704833
v 0.15098785 -0.47232416 -0.28858197
v 0.19111510 -0.48064577 -0.33411400
v 0.04067840 -0.39680846 -0.12709198
v 0.19111510 -0.43606420 -0.32210426
v 0.17110301 -0.43585338 -0.30464353
v 0.09869725 -0.41861104 -0.21334630
v 0.04067840 -0.43839424 -0.13679887
v 0.04234239 -0.43624172 -0.14268714
v 0.07840538 -0.43787276 -0.19748880
v 0.13212436 -0.45700134 -0.27129615
v 0.14876429 -0.46248250 -0.29126375
v 0.15581784 -0.46248250 -0.30035852
v 0.16745107 -0.47372220 -0.30895771
v 0.18407626 -0.47499817 -0.32930429
v 0.19111510 -0.46631042 -0.34259659
v 0.04067840 -0.39741873 -0.12784988
v 0.19111510 -0.44482963 -0.33160712
v 0.18326636 -0.44809169 -0.32910025
v 0.15269602 -0.43598655 -0.28662895
v 0.13425957 -0.43635270 -0.26855606
v 0.05865835 -0.41378451 -0.16309202
v 0.04583236 -0.40305521 -0.13898512
v 0.04067840 -0.43393390 -0.14038431
v 0.04178282 -0.42625584 -0.14350334
v 0.07840538 -0.43283544 -0.19748880
v 0.11641215 -0.44437472 -0.24992933
v 0.13212436 -0.44843565 -0.27129615
v 0.18136675 -0.46248250 -0.33204435
v 0.16490354 -0.46248250 -0.31172693
v 0.18896516 -0.46248250 -0.34110995
v 0.19111510 -0.46248250 -0.34256747
v 0.04067840 -0.40667234 -0.13504988
v 0.16581652 -0.44793636 -0.31026944
v 0.14866120 -0.44805839 -0.29126375
v 0.09511893 -0.43068292 -0.21760218
v 0.11177358 -0.43051647 -0.23774470
v 0.08105598 -0.42077465 -0.19454466
v 0.04197425 -0.41512709 -0.14318268
v 0.04067840 -0.41315208 -0.14000536
v 0.04067840 -0.42625584 -0.14169604
f 94 95 99
f 94 99 96
f 94 96 101
f 94 101 107
f 94 107 112
f 94 112 117
f 94 117 123
f 94 123 137
f 94 137 135
f 94 135 147
f 94 147 160
f 94 160 176
f 94 176 162
f 94 162 149
f 94 149 139
f 94 139 127
f 94 127 122
f 94 122 121
f 94 121 118
f 94 118 113
f 94 113 109
f 94 109 104
f 94 104 102
f 94 102 97
f 94 97 98
f 94 98 95
f 95 98 100
f 95 100 99
f 96 99 101
f 97 102 98
f 98 103 108
f 98 108 110
f 98 110 114
f 98 114 120
f 98 120 115
f 98 115 111
f 98 111 106
f 98 106 100
f 98 102 104
f 98 104 105
f 98 105 103
f 99 100 106
f 99 106 101
f 101 106 107
f 103 105 108
f 104 109 105
f 105 109 110
f 105 110 108
f 106 111 112
f 106 112 107
f 109 113 110
f 110 113 114
f 111 115 112
f 112 116 117
f 112 115 116
f 113 118 114
f 114 119 126
f 114 126 140
f 114 140 148
f 114 148 161
f 114 161 177
f 114 177 184
f 114 184 185
f 114 185 168
f 114 168 152
f 114 152 141
f 114 141 128
f 114 128 120
f 114 118 121
f 114 121 122
f 114 122 119
f 115 120 116
f 116 120 117
f 117 120 123
f 119 124 125
f 119 125 126
f 119 122 127
f 119 127 124
f 120 128 129
f 120 129 130
f 120 130 131
f 120 131 132
f 120 132 133
f 120 133 134
f 120 134 135
f 120 135 136
f 120 136 123
f 123 136 137
f 124 138 126
f 124 126 125
f 124 127 139
f 124 139 138
f 126 138 140
f 128 141 142
f 128 142 130
f 128 130 129
f 130 142 143
f 130 143 144
f 130 144 131
f 131 144 145
f 131 145 146
f 131 146 147
f 131 147 133
f 131 133 132
f 133 147 135
f 133 135 134
f 135 137 136
f 138 148 140
f 138 139 149
f 138 149 150
f 138 150 151
f 138 151 148
f 141 152 143
f 141 143 142
f 143 152 153
f 143 153 145
f 143 145 144
f 145 154 155
f 145 155 146
f 145 153 154
f 146 155 156
f 146 156 157
f 146 157 158
f 146 158 147
f 147 158 159
f 147 159 160
f 148 151 161
f 149 162 163
f 149 163 150
f 150 163 164
f 150 164 151
f 151 164 165
f 151 165 166
f 151 166 167
f 151 167 161
f 152 168 153
f 153 168 169
f 153 169 154
f 154 170 171
f 154 171 155
f 154 169 170
f 155 172 173
f 155 173 174
f 155 174 157
f 155 157 156
f 155 171 172
f 157 174 160
f 157 160 159
f 157 159 158
f 160 175 176
f 160 174 173
f 160 173 175
f 161 167 177
f 162 176 163
f 163 176 175
f 163 175 178
f 163 178 165
f 163 165 164
f 165 178 179
f 165 179 172
f 165 172 180
f 165 180 181
f 165 181 182
f 165 182 166
f 166 183 167
f 166 182 180
f 166 180 183
f 167 183 184
f 167 184 177
f 168 185 169
f 169 185 183
f 169 183 170
f 170 183 180
f 170 180 171
f 171 180 172
f 172 179 173
f 173 179 175
f 175 179 178
f 180 182 181
f 183 185 184

o geometry_2
v 0.04070609 -0.45898558 -0.04480205
v 0.04070609 -0.46063927 -0.04181665
v 0.04070609 -0.36916216 -0.04480205
v 0.06416702 -0.43519338 -0.04480205
v 0.24792132 -0.45642353 0.01996761
v 0.28041209 -0.47187742 0.03957733
v 0.04070609 -0.46167575 -0.03549728
v 0.30639364 -0.47514984 0.05327686
v 0.32365003 -0.47896966 0.06652175
v 0.32365003 -0.47923749 0.06723400
v 0.30639364 -0.48035548 0.06723400
v 0.32365003 -0.48485075 0.08420687
v 0.04078918 -0.36923203 -0.04480205
v 0.04070609 -0.36903404 -0.04448381
v 0.24761664 -0.41573337 0.03704655
v 0.31691922 -0.43450630 0.05721698
v 0.28298809 -0.43280600 0.03798613
v 0.06995609 -0.42699481 -0.04480205
v 0.15380056 -0.43687036 -0.01523593
v 0.23371179 -0.44437022 0.01366340
v 0.24944477 -0.44437022 0.01920989
v 0.29783470 -0.45444376 0.03972887
v 0.32365003 -0.47275083 0.05580763
v 0.32365003 -0.47341465 0.05618649
v 0.04070609 -0.46182713 -0.02364659
v 0.32365003 -0.48476922 0.08555560
v 0.15213863 -0.41703769 -0.01462975
v 0.05724230 -0.38889000 -0.04480205
v 0.24650868 -0.43230525 0.02019493
v 0.04070609 -0.36819555 -0.04181665
v 0.32362234 -0.43280600 0.06776441
v 0.32365003 -0.43777872 0.05991446
v 0.32362234 -0.44561629 0.05520146
v 0.29512020 -0.44022432 0.04150193
v 0.07020538 -0.42654061 -0.04480205
v 0.07131333 -0.40908367 -0.04480205
v 0.14285951 -0.42624949 -0.01911544
v 0.25852999 -0.44437022 0.02289240
v 0.07117484 -0.40701073 -0.04480205
v 0.29783470 -0.45230095 0.03972887
v 0.32365003 -0.46243271 0.05297377
v 0.04070609 -0.46088385 -0.01914575
v 0.32365003 -0.48089118 0.10260424
v 0.28872176 -0.44549984 0.03684955
v 0.27005272 -0.44437022 0.02827219
v 0.04070609 -0.36590133 -0.02364659
v 0.30639364 -0.42831076 0.06723400
v 0.32365003 -0.43206067 0.08549499
v 0.32365003 -0.43279437 0.06826450
v 0.32365003 -0.43285261 0.06773410
v 0.32365003 -0.44558137 0.05524692
v 0.32365003 -0.44565125 0.05521661
v 0.32365003 -0.46167575 0.05300408
v 0.04070609 -0.45605087 -0.00652218
v 0.32365003 -0.48028561 0.10399843
v 0.04070609 -0.37320323 -0.00500675
v 0.32365003 -0.43463439 0.09560293
v 0.04070609 -0.44253020 0.01058707
v 0.32365003 -0.46916395 0.10780218
v 0.04070609 -0.42627278 0.01831579
v 0.04070609 -0.43657923 0.01436050
v 0.04070609 -0.38989153 0.01219343
v 0.31334604 -0.43507692 0.09481491
v 0.32365003 -0.44527858 0.10481678
v 0.32365003 -0.46249095 0.11001471
v 0.04070609 -0.42371069 0.01846733
v 0.04070609 -0.40810543 0.01928567
v 0.30124165 -0.43622986 0.09384503
v 0.32365003 -0.46110510 0.10995410
f 186 187 192
f 186 192 210
f 186 210 227
f 186 227 239
f 186 239 243
f 186 243 246
f 186 246 245
f 186 245 251
f 186 251 252
f 186 252 247
f 186 247 241
f 186 241 231
f 186 231 215
f 186 215 199
f 186 199 188
f 186 188 198
f 186 198 213
f 186 213 224
f 186 224 221
f 186 221 220
f 186 220 203
f 186 203 189
f 186 189 190
f 186 190 191
f 186 191 187
f 187 191 193
f 187 193 194
f 187 194 195
f 187 195 196
f 187 196 197
f 187 197 192
f 188 199 200
f 188 200 201
f 188 201 202
f 188 202 198
f 189 203 204
f 189 204 190
f 190 205 206
f 190 206 207
f 190 207 208
f 190 208 191
f 190 204 205
f 191 208 209
f 191 209 193
f 192 197 210
f 193 209 194
f 194 209 208
f 194 208 226
f 194 226 238
f 194 238 237
f 194 237 236
f 194 236 217
f 194 217 235
f 194 235 234
f 194 234 233
f 194 233 242
f 194 242 249
f 194 249 254
f 194 254 250
f 194 250 244
f 194 244 240
f 194 240 228
f 194 228 211
f 194 211 197
f 194 197 195
f 195 197 196
f 197 211 210
f 198 212 213
f 198 202 214
f 198 214 212
f 199 215 200
f 200 216 201
f 200 215 216
f 201 216 217
f 201 217 218
f 201 218 202
f 202 218 219
f 202 219 214
f 203 220 204
f 204 220 221
f 204 221 222
f 204 222 206
f 204 206 205
f 206 214 223
f 206 223 207
f 206 222 221
f 206 221 224
f 206 224 212
f 206 212 214
f 207 223 225
f 207 225 226
f 207 226 208
f 210 211 227
f 211 228 227
f 212 224 213
f 214 219 229
f 214 229 230
f 214 230 223
f 215 231 216
f 216 232 233
f 216 233 234
f 216 234 235
f 216 235 217
f 216 231 232
f 217 236 218
f 218 236 237
f 218 237 238
f 218 238 225
f 218 225 219
f 219 225 229
f 223 230 225
f 225 230 229
f 225 238 226
f 227 228 239
f 228 240 239
f 231 241 242
f 231 242 233
f 231 233 232
f 239 240 243
f 240 244 245
f 240 245 246
f 240 246 243
f 241 247 248
f 241 248 242
f 242 248 249
f 244 250 245
f 245 250 251
f 247 252 249
f 247 249 253
f 247 253 248
f 248 253 249
f 249 252 254
f 250 252 251
f 250 254 252

o geometry_3
v -0.06410475 -0.40815072 -0.05674447
v -0.05674779 -0.38946062 -0.05674447
v -0.06381260 -0.42752734 -0.05674447
v -0.28956783 -0.45896806 0.03773493
v -0.28930224 -0.44436474 0.03781443
v -0.04341495 -0.37754913 -0.05674447
v -0.29838557 -0.44436474 0.04202800
v -0.31469308 -0.44457181 0.04973963
v -0.28563704 -0.43438220 0.03932496
v -0.05531359 -0.44242492 -0.05674447
v -0.28260925 -0.47103216 0.04056518
v -0.31469308 -0.46269520 0.04876972
v -0.05284355 -0.44468078 -0.05674447
v -0.04341495 -0.45276711 -0.05674447
v -0.04341495 -0.37227449 -0.04284763
v -0.31469308 -0.43345585 0.05578174
v -0.16088736 -0.39772132 0.00154592
v -0.31469308 -0.44134600 0.05123426
v -0.31469308 -0.47447591 0.05463692
v -0.04341495 -0.45930590 -0.04190952
v -0.31145283 -0.47472658 0.05420761
v -0.04341495 -0.36900508 -0.02686786
v -0.17849627 -0.39815725 0.01840020
v -0.31469308 -0.43006659 0.06743663
v -0.25020674 -0.41642230 0.03835504
v -0.31469308 -0.47926014 0.06702323
v -0.04341495 -0.45968734 -0.04051029
v -0.04341495 -0.36835120 -0.02364011
v -0.31145283 -0.42923833 0.06722993
v -0.31469308 -0.42988132 0.07047358
v -0.17849627 -0.39815725 0.02441050
v -0.31469308 -0.47966338 0.08540394
v -0.04341495 -0.46243362 -0.02341750
v -0.04341495 -0.36836212 -0.02359240
v -0.31469308 -0.43129805 0.08540394
v -0.29328616 -0.42517338 0.06722993
v -0.31469308 -0.43162500 0.08723247
v -0.16611957 -0.39695847 0.02647754
v -0.31469308 -0.47491184 0.09895097
v -0.04341495 -0.45868471 -0.00823275
v -0.04341495 -0.37399637 -0.00548200
v -0.31469308 -0.43460015 0.09548471
v -0.30024474 -0.47224185 0.09542111
v -0.31469308 -0.46543059 0.10448426
v -0.04341495 -0.44346024 0.01259661
v -0.04341495 -0.37494451 -0.00325596
v -0.31469308 -0.43652909 0.09737685
v -0.31145283 -0.43460015 0.09545291
v -0.31469308 -0.46248813 0.10569268
v -0.04341495 -0.42625227 0.02111915
v -0.04341495 -0.39050686 0.01186519
v -0.30128055 -0.43503607 0.09476920
v -0.31469308 -0.44449552 0.10278293
v -0.31469308 -0.44842969 0.10391185
v -0.28128130 -0.45622178 0.09561191
v -0.28128130 -0.45036955 0.09561191
v -0.04341495 -0.40815072 0.02075344
v -0.04341495 -0.39535645 0.01463184
v -0.31145283 -0.44436474 0.10206742
f 255 256 260
f 255 260 268
f 255 268 267
f 255 267 264
f 255 264 257
f 255 257 258
f 255 258 259
f 255 259 256
f 256 259 261
f 256 261 262
f 256 262 263
f 256 263 260
f 257 264 258
f 258 265 266
f 258 266 259
f 258 264 267
f 258 267 268
f 258 268 265
f 259 266 261
f 260 269 276
f 260 276 282
f 260 282 288
f 260 288 295
f 260 295 300
f 260 300 305
f 260 305 312
f 260 312 311
f 260 311 304
f 260 304 299
f 260 299 294
f 260 294 287
f 260 287 281
f 260 281 274
f 260 274 268
f 260 263 270
f 260 270 271
f 260 271 269
f 261 266 262
f 262 266 273
f 262 273 280
f 262 280 286
f 262 286 293
f 262 293 298
f 262 298 303
f 262 303 308
f 262 308 307
f 262 307 301
f 262 301 296
f 262 296 291
f 262 291 289
f 262 289 284
f 262 284 278
f 262 278 270
f 262 270 272
f 262 272 263
f 263 272 270
f 265 273 266
f 265 268 273
f 268 274 275
f 268 275 273
f 269 271 277
f 269 277 276
f 270 278 279
f 270 279 271
f 271 279 277
f 273 275 280
f 274 281 280
f 274 280 275
f 276 277 282
f 277 279 278
f 277 278 283
f 277 283 284
f 277 284 285
f 277 285 282
f 278 284 283
f 280 281 287
f 280 287 286
f 282 285 288
f 284 289 290
f 284 290 285
f 285 290 289
f 285 289 291
f 285 291 292
f 285 292 288
f 286 287 294
f 286 294 293
f 288 292 295
f 291 296 295
f 291 295 292
f 293 297 298
f 293 294 299
f 293 299 297
f 295 296 300
f 296 301 302
f 296 302 300
f 297 299 298
f 298 299 304
f 298 304 303
f 300 302 306
f 300 306 305
f 301 307 306
f 301 306 302
f 303 304 309
f 303 309 310
f 303 310 308
f 304 311 310
f 304 310 309
f 305 306 312
f 306 307 313
f 306 313 312
f 307 308 313
f 308 310 313
f 310 311 313
f 311 312 313

o geometry_4
v 0.05198299 0.15735479 -0.33267985
v 0.07014653 0.15064617 -0.31699125
v 0.07014653 0.15692360 -0.33267985
v 0.07014653 0.15662559 -0.35085169
v 0.05198299 0.15704408 -0.35085169
v 0.03381945 0.15712017 -0.35085169
v 0.01565590 0.15717090 -0.35085169
v -0.00252664 0.15716457 -0.35085169
v -0.02069018 0.15713920 -0.35085169
v -0.03887272 0.15710749 -0.35085169
v -0.05703626 0.15705678 -0.35085169
v 0.03381945 0.15728504 -0.33267985
v 0.05198299 0.15081737 -0.31696694
v 0.08832907 0.13533935 -0.31124156
v 0.08832907 0.14945408 -0.31768945
v 0.08832907 0.15444433 -0.33267985
v 0.08832907 0.15420972 -0.35085169
v 0.07014653 0.15034814 -0.36620029
v 0.08832907 0.14921313 -0.36527744
v 0.05198299 0.15050666 -0.36653421
v 0.03381945 0.15055106 -0.36666173
v 0.01565590 0.15058909 -0.36674673
v -0.00252664 0.15062714 -0.36683173
v -0.02069018 0.15066519 -0.36691065
v -0.03887272 0.15069055 -0.36699565
v -0.05703626 0.15070323 -0.36708065
v -0.06003819 0.15069690 -0.36709277
v -0.06003819 0.15704408 -0.35085169
v 0.01565590 0.15719627 -0.33267985
v 0.07014653 0.13533935 -0.31126588
v 0.03381945 0.15071591 -0.31703981
v 0.10649261 0.11722987 -0.31224944
v 0.10763258 0.13660117 -0.31644481
v 0.10235071 0.14711432 -0.32008158
v 0.10483965 0.14841418 -0.33267985
v 0.10485865 0.14828737 -0.35085169
v 0.10238871 0.14694311 -0.36304920
v 0.08832907 0.13533935 -0.37097246
v 0.07014653 0.13533935 -0.37165850
v 0.10767058 0.13665190 -0.36625493
v -0.06003819 0.13533935 -0.37326138
v -0.06003819 0.15634025 -0.33267985
v -0.05703626 0.15638463 -0.33267985
v -0.03887272 0.15664461 -0.33267985
v -0.02069018 0.15686654 -0.33267985
v -0.00252664 0.15705678 -0.33267985
v 0.01565590 0.15062081 -0.31716125
v 0.01565590 0.13533935 -0.31189124
v 0.10660660 0.09257664 -0.31722802
v 0.12558713 0.09257664 -0.31795661
v 0.12209122 0.11722987 -0.31747694
v -0.00252664 0.13533935 -0.31221300
v -0.02069018 0.13533935 -0.31266836
v -0.03887272 0.13533935 -0.31314801
v -0.06003819 0.13533935 -0.31373088
v 0.11907029 0.13140802 -0.31984482
v 0.11392142 0.14306251 -0.33267985
v 0.11395942 0.14312592 -0.35085169
v 0.11920329 0.13149045 -0.36348636
v 0.10649261 0.11722987 -0.36995850
v 0.12224321 0.11722987 -0.36577529
v -0.06003819 0.12394483 -0.36729921
v 0.11188847 0.09257664 -0.36650385
v 0.10628362 0.09257664 -0.36607885
v -0.06003819 0.14999940 -0.31841194
v -0.03887272 0.15022767 -0.31799910
v -0.02069018 0.15038619 -0.31767125
v -0.00252664 0.15051935 -0.31737374
v 0.09862680 0.09257664 -0.33267985
v -0.06003819 0.13310102 -0.31453229
v -0.06003819 0.12180796 -0.31890374
v -0.06003819 0.12092025 -0.32115018
v -0.06003819 0.11645629 -0.33267985
v 0.13134398 0.09257664 -0.32189695
v 0.12596712 0.09747177 -0.31834518
v 0.12085624 0.13400777 -0.33267985
v 0.12879805 0.11722987 -0.33267985
v 0.12097024 0.13407118 -0.35085169
v 0.12893104 0.11722987 -0.35085169
v 0.13390892 0.09257664 -0.35961276
v 0.13305394 0.09257664 -0.36097276
v 0.12556812 0.09257664 -0.36598777
v 0.12600512 0.09834681 -0.36525921
v -0.06003819 0.12167481 -0.36610921
v 0.09843682 0.09257664 -0.35085169
v -0.06003819 0.11632313 -0.35085169
v -0.06003819 0.11721085 -0.35338346
v -0.06003819 0.11641824 -0.33566698
v 0.13371892 0.09257664 -0.33267985
v 0.13259795 0.10031247 -0.33267985
v 0.13263595 0.10140310 -0.35085169
v 0.13406092 0.09257664 -0.35085169
v 0.12883604 0.09257664 -0.36390528
f 314 315 316
f 314 316 317
f 314 317 318
f 314 318 319
f 314 319 320
f 314 320 321
f 314 321 322
f 314 322 323
f 314 323 324
f 314 324 325
f 314 325 326
f 314 326 315
f 315 326 327
f 315 327 328
f 315 328 316
f 316 328 329
f 316 329 330
f 316 330 317
f 317 331 318
f 317 330 332
f 317 332 331
f 318 331 333
f 318 333 334
f 318 334 319
f 319 334 335
f 319 335 336
f 319 336 337
f 319 337 338
f 319 338 320
f 320 338 339
f 320 339 321
f 321 339 340
f 321 340 322
f 322 340 323
f 323 340 324
f 324 340 341
f 324 341 325
f 325 341 342
f 325 342 326
f 326 343 327
f 326 342 344
f 326 344 343
f 327 343 345
f 327 345 346
f 327 346 328
f 328 346 347
f 328 347 329
f 329 347 348
f 329 348 349
f 329 349 330
f 330 349 350
f 330 350 332
f 331 332 351
f 331 351 352
f 331 352 333
f 332 350 353
f 332 353 351
f 333 352 354
f 333 354 334
f 334 354 335
f 335 354 336
f 336 354 338
f 336 338 337
f 338 354 339
f 339 354 340
f 340 354 375
f 340 375 397
f 340 397 400
f 340 400 399
f 340 399 401
f 340 401 386
f 340 386 385
f 340 385 384
f 340 384 383
f 340 383 368
f 340 368 378
f 340 378 355
f 340 355 341
f 341 355 356
f 341 356 357
f 341 357 358
f 341 358 359
f 341 359 342
f 342 359 344
f 343 344 360
f 343 360 361
f 343 361 345
f 344 359 360
f 345 362 363
f 345 363 364
f 345 364 346
f 345 361 365
f 345 365 366
f 345 366 367
f 345 367 368
f 345 368 362
f 346 369 347
f 346 364 369
f 347 369 370
f 347 370 348
f 348 370 371
f 348 371 349
f 349 371 350
f 350 371 372
f 350 372 353
f 351 353 373
f 351 373 352
f 352 373 354
f 353 372 374
f 353 374 373
f 354 373 376
f 354 376 377
f 354 377 375
f 355 378 379
f 355 379 380
f 355 380 356
f 356 380 381
f 356 381 357
f 357 381 358
f 358 381 360
f 358 360 359
f 360 381 361
f 361 381 365
f 362 382 398
f 362 398 377
f 362 377 376
f 362 376 395
f 362 395 406
f 362 406 394
f 362 394 393
f 362 393 405
f 362 405 402
f 362 402 387
f 362 387 363
f 362 368 383
f 362 383 384
f 362 384 385
f 362 385 386
f 362 386 382
f 363 387 388
f 363 388 364
f 364 388 387
f 364 387 369
f 365 381 380
f 365 380 379
f 365 379 378
f 365 378 366
f 366 378 367
f 367 378 368
f 369 389 370
f 369 387 390
f 369 390 389
f 370 389 391
f 370 391 371
f 371 391 372
f 372 391 392
f 372 392 393
f 372 393 394
f 372 394 374
f 373 374 395
f 373 395 376
f 374 394 396
f 374 396 395
f 375 377 397
f 377 398 399
f 377 399 400
f 377 400 397
f 382 386 401
f 382 401 399
f 382 399 398
f 387 402 403
f 387 403 390
f 389 390 391
f 390 403 404
f 390 404 392
f 390 392 391
f 392 404 393
f 393 404 405
f 394 406 396
f 395 396 406
f 402 405 403
f 403 405 404

o geometry_5
v 0.25251045 -0.48317578 -0.33343091
v 0.22947517 -0.44787381 -0.33266860
v 0.25249844 -0.48317578 -0.33266860
v 0.24902482 -0.48317578 -0.34497276
v 0.21492562 -0.43934469 -0.33182812
v 0.21851944 -0.43903656 -0.31449091
v 0.22875400 -0.44809315 -0.31449091
v 0.22720350 -0.45072553 -0.34422024
v 0.25188545 -0.48317578 -0.33162292
v 0.22623593 -0.45101802 -0.30269496
v 0.24382040 -0.48317578 -0.34959538
v 0.20845916 -0.43479551 -0.32520207
v 0.21555063 -0.44841175 -0.34585235
v 0.20943275 -0.43409039 -0.31449091
v 0.20842912 -0.43420533 -0.30021263
v 0.20612138 -0.43563640 -0.28809417
v 0.23785875 -0.48317578 -0.35177473
v 0.21555063 -0.46248765 -0.35217545
v 0.24286485 -0.48317578 -0.31739350
v 0.19112110 -0.43316593 -0.26698458
v 0.19112110 -0.43591843 -0.26396473
v 0.19112110 -0.44359098 -0.25739730
v 0.19112110 -0.44533022 -0.25662525
v 0.19112110 -0.44826030 -0.25548181
v 0.19732915 -0.43331740 -0.31546820
v 0.19112110 -0.42981802 -0.28830916
v 0.20336292 -0.43479551 -0.32520207
v 0.20109724 -0.44944590 -0.34475778
v 0.19112110 -0.43064848 -0.27814528
v 0.19431226 -0.43170874 -0.27814528
v 0.23419280 -0.48317578 -0.35253703
v 0.21967331 -0.48317578 -0.35531256
v 0.21555063 -0.48060608 -0.35434502
v 0.19806835 -0.46248765 -0.34730850
v 0.19112110 -0.44917430 -0.25548181
v 0.19112110 -0.45792798 -0.25586296
v 0.19112110 -0.46229960 -0.25885349
v 0.19112110 -0.47154424 -0.26550886
v 0.19112110 -0.47326259 -0.26675002
v 0.19112110 -0.47375877 -0.26731686
v 0.23308702 -0.48317578 -0.31291748
v 0.19112110 -0.43113945 -0.27389407
v 0.19112110 -0.43258620 -0.30975102
v 0.19124731 -0.43601768 -0.32217246
v 0.19112110 -0.43598111 -0.32197701
v 0.19112110 -0.43345320 -0.31308361
v 0.19112110 -0.46248765 -0.34258817
v 0.19112110 -0.44483404 -0.33161314
v 0.21556867 -0.48317578 -0.35458936
v 0.20147586 -0.48317578 -0.34919469
v 0.19912005 -0.48060608 -0.34806102
v 0.19112110 -0.47720071 -0.27855575
v 0.21545448 -0.48317578 -0.30772802
v 0.19112110 -0.43606990 -0.32211382
v 0.19112110 -0.46631084 -0.34258817
v 0.19946259 -0.48317578 -0.34794374
v 0.19112110 -0.48073666 -0.29632301
v 0.19731113 -0.48317578 -0.30615459
v 0.19268963 -0.48317578 -0.33597188
v 0.19112110 -0.48065309 -0.33411500
v 0.19265959 -0.48317578 -0.31445181
v 0.19112110 -0.48250723 -0.31449091
v 0.19219084 -0.48317578 -0.33408568
f 407 408 409
f 407 409 415
f 407 415 425
f 407 425 447
f 407 447 459
f 407 459 464
f 407 464 467
f 407 467 469
f 407 469 465
f 407 465 462
f 407 462 456
f 407 456 455
f 407 455 438
f 407 438 437
f 407 437 423
f 407 423 417
f 407 417 410
f 407 410 408
f 408 411 412
f 408 412 413
f 408 413 409
f 408 410 414
f 408 414 411
f 409 413 416
f 409 416 415
f 410 417 414
f 411 418 412
f 411 414 419
f 411 419 418
f 412 418 420
f 412 420 421
f 412 421 422
f 412 422 413
f 413 422 416
f 414 417 423
f 414 423 424
f 414 424 419
f 415 416 425
f 416 422 426
f 416 426 427
f 416 427 428
f 416 428 429
f 416 429 430
f 416 430 425
f 418 431 432
f 418 432 420
f 418 419 433
f 418 433 431
f 419 424 434
f 419 434 433
f 420 432 421
f 421 432 435
f 421 435 436
f 421 436 422
f 422 436 426
f 423 437 424
f 424 437 438
f 424 438 439
f 424 439 440
f 424 440 434
f 425 430 441
f 425 441 442
f 425 442 443
f 425 443 444
f 425 444 445
f 425 445 446
f 425 446 447
f 426 436 448
f 426 448 435
f 426 435 432
f 426 432 449
f 426 449 452
f 426 452 451
f 426 451 460
f 426 460 454
f 426 454 453
f 426 453 461
f 426 461 466
f 426 466 468
f 426 468 463
f 426 463 458
f 426 458 446
f 426 446 445
f 426 445 444
f 426 444 443
f 426 443 442
f 426 442 441
f 426 441 430
f 426 430 429
f 426 429 428
f 426 428 427
f 431 433 449
f 431 449 432
f 433 450 451
f 433 451 452
f 433 452 449
f 433 434 450
f 434 440 453
f 434 453 454
f 434 454 450
f 435 448 436
f 438 455 439
f 439 455 440
f 440 455 456
f 440 456 457
f 440 457 453
f 446 458 447
f 447 458 459
f 450 454 460
f 450 460 451
f 453 457 461
f 456 462 457
f 457 462 461
f 458 463 464
f 458 464 459
f 461 465 466
f 461 462 465
f 463 467 464
f 463 468 467
f 465 469 466
f 466 469 468
f 467 468 469

o geometry_6
v -0.00252633 -0.48087340 0.30305097
v 0.00700526 -0.47186051 0.21828689
v 0.01713491 -0.47653534 0.30305097
v -0.00284405 -0.48077437 0.30305097
v -0.01129788 -0.45336922 0.05863517
v -0.00301225 -0.45223024 0.03475833
v 0.00158534 -0.45290371 0.03475833
v 0.00473139 -0.45364654 0.03783158
v 0.00686198 -0.45364654 0.03783158
v 0.02474150 -0.47173177 0.30305097
v -0.01612597 -0.47523785 0.30305097
v -0.01239433 -0.45404272 0.07074432
v -0.01853067 -0.44463365 0.03475833
v -0.00820167 -0.45282451 0.04907392
v 0.00268801 -0.45290371 0.03475833
v 0.01029460 -0.45052669 0.03475833
v 0.02904006 -0.46404603 0.30305097
v 0.01281766 -0.44849633 0.03475833
v 0.02613074 -0.43676968 0.03475833
v -0.02520902 -0.46471954 0.30305097
v -0.02981907 -0.45347819 0.23943195
v -0.02099767 -0.44254387 0.03475833
v 0.02934532 -0.46095589 0.28537318
v 0.03171264 -0.44436624 0.23084259
v 0.03180609 -0.44436624 0.24901945
v 0.03125163 -0.44436624 0.26719633
v 0.03039192 -0.44436624 0.28537318
v 0.02904006 -0.46363997 0.30305097
v 0.02943253 -0.42840055 0.03475833
v -0.02539591 -0.46448183 0.30305097
v -0.03054173 -0.45497373 0.28537318
v -0.03098404 -0.43747286 0.12178139
v -0.03065386 -0.43675977 0.10360452
v -0.03023023 -0.43601694 0.09010321
v -0.03003711 -0.42626121 0.03475833
v 0.03160673 -0.42626121 0.10360452
v 0.03190576 -0.42626121 0.12178139
v 0.03196183 -0.42626121 0.13995825
v 0.03167526 -0.42626121 0.15813513
v 0.03106474 -0.42626121 0.17628572
v 0.02890300 -0.44307870 0.30305097
v 0.02894661 -0.44335599 0.30305097
v 0.03009912 -0.42626121 0.19448885
v 0.02886562 -0.42926221 0.23084259
v 0.02980632 -0.42626121 0.03475833
v -0.03068501 -0.45566703 0.30305097
v -0.03138275 -0.43888916 0.15813513
v -0.03120209 -0.43815628 0.13995825
v -0.03130176 -0.42626121 0.10360452
v -0.03042959 -0.41232590 0.03475833
v 0.03080932 -0.41197925 0.03475833
v 0.03091523 -0.40814631 0.03475833
v 0.02724588 -0.39626119 0.03475833
v 0.02800591 -0.41240514 0.13995825
v 0.02499069 -0.43508593 0.29614272
v 0.02359521 -0.43565049 0.30305097
v 0.02819903 -0.43105490 0.24901945
v 0.02709013 -0.43280794 0.26719633
v 0.02742654 -0.41374224 0.15813513
v 0.02660420 -0.41509910 0.17628572
v -0.03068501 -0.45112096 0.30305097
v -0.03168178 -0.42626121 0.13995825
v -0.03143882 -0.43955276 0.17628572
v -0.03154473 -0.42626121 0.12178139
v -0.03034237 -0.40814631 0.03475833
v 0.01664276 -0.38698088 0.03475833
v 0.02557006 -0.39788546 0.06725079
v 0.02506545 -0.39864812 0.07949128
v 0.02485986 -0.41707997 0.20426023
v 0.00658164 -0.41719882 0.23995729
v 0.01653062 -0.43358048 0.30305097
v 0.00698034 -0.39892541 0.14986097
v 0.02553268 -0.41637675 0.19448885
v -0.03058534 -0.45088326 0.30305097
v -0.03026139 -0.43453131 0.24468538
v -0.03066009 -0.43363992 0.23084259
v -0.03126438 -0.43072804 0.19448885
v -0.03143882 -0.42845997 0.17628572
v -0.03026139 -0.41626781 0.13995825
v -0.03123947 -0.42482512 0.15884433
v -0.02793767 -0.40532358 0.06725079
v -0.02148983 -0.39072467 0.03475833
v -0.03007449 -0.41668379 0.15324943
v 0.00957817 -0.38140478 0.03475833
v 0.00782137 -0.38013700 0.03475833
v 0.02423065 -0.39971777 0.09160043
v 0.00698034 -0.38076098 0.04153525
v 0.00881813 -0.39809347 0.13995825
v 0.00602096 -0.41719882 0.23995729
v -0.00252633 -0.43101528 0.30305097
v 0.01601978 -0.43344183 0.30305097
v -0.00252633 -0.38483163 0.06725079
v 0.00332345 -0.39892541 0.14986097
v -0.02446144 -0.44205854 0.30305097
v -0.01829394 -0.41279140 0.19448885
v -0.02962595 -0.41782280 0.16535858
v -0.01767719 -0.43150058 0.28537318
v -0.01808836 -0.38695115 0.03475833
v -0.01800114 -0.39370587 0.08542765
v -0.01884840 -0.39218063 0.06725079
v -0.00252633 -0.37969133 0.03475833
v -0.00252633 -0.38211787 0.05072875
v -0.00252633 -0.41171184 0.21266573
v -0.00103118 -0.41573299 0.23239234
v -0.00608977 -0.41730776 0.23948448
v -0.01497346 -0.43315459 0.30305097
v -0.01176512 -0.38087983 0.04061590
v -0.00878727 -0.39924236 0.14820614
v -0.01537840 -0.43326356 0.30305097
v -0.01604499 -0.41456427 0.21266573
v -0.01324158 -0.39816279 0.13609698
v -0.01505445 -0.39689505 0.12178139
v -0.01677387 -0.39528065 0.10360452
v -0.01218251 -0.38052327 0.03475833
v -0.00618322 -0.37981018 0.03475833
v -0.01370258 -0.41604002 0.22734905
f 470 471 472
f 470 472 479
f 470 479 486
f 470 486 497
f 470 497 511
f 470 511 510
f 470 510 525
f 470 525 540
f 470 540 560
f 470 560 559
f 470 559 575
f 470 575 578
f 470 578 563
f 470 563 543
f 470 543 530
f 470 530 515
f 470 515 499
f 470 499 489
f 470 489 480
f 470 480 473
f 470 473 474
f 470 474 475
f 470 475 476
f 470 476 477
f 470 477 478
f 470 478 471
f 471 478 472
f 472 478 479
f 473 480 474
f 474 481 482
f 474 482 483
f 474 483 475
f 474 480 481
f 475 483 482
f 475 482 491
f 475 491 504
f 475 504 519
f 475 519 534
f 475 534 551
f 475 551 567
f 475 567 583
f 475 583 584
f 475 584 570
f 475 570 554
f 475 554 553
f 475 553 535
f 475 535 522
f 475 522 521
f 475 521 520
f 475 520 514
f 475 514 498
f 475 498 488
f 475 488 487
f 475 487 485
f 475 485 484
f 475 484 476
f 476 484 478
f 476 478 477
f 478 484 485
f 478 485 479
f 479 485 487
f 479 487 488
f 479 488 486
f 480 489 490
f 480 490 491
f 480 491 481
f 481 491 482
f 486 492 493
f 486 493 494
f 486 494 495
f 486 495 496
f 486 496 497
f 486 488 498
f 486 498 492
f 489 499 490
f 490 499 500
f 490 500 501
f 490 501 502
f 490 502 503
f 490 503 491
f 491 503 504
f 492 498 493
f 493 498 505
f 493 505 506
f 493 506 494
f 494 506 507
f 494 507 508
f 494 508 495
f 495 508 509
f 495 509 496
f 496 510 511
f 496 511 497
f 496 509 512
f 496 512 513
f 496 513 510
f 498 514 505
f 499 515 500
f 500 515 516
f 500 516 517
f 500 517 501
f 501 517 518
f 501 518 504
f 501 504 502
f 502 504 503
f 504 518 519
f 505 514 520
f 505 520 521
f 505 521 506
f 506 521 507
f 507 521 508
f 508 521 509
f 509 521 522
f 509 522 523
f 509 523 512
f 510 524 525
f 510 513 526
f 510 526 527
f 510 527 524
f 512 523 528
f 512 528 513
f 513 528 529
f 513 529 526
f 515 530 531
f 515 531 532
f 515 532 516
f 516 532 531
f 516 531 533
f 516 533 517
f 517 533 518
f 518 533 519
f 519 533 534
f 522 535 536
f 522 536 537
f 522 537 528
f 522 528 523
f 524 527 538
f 524 538 525
f 525 539 540
f 525 538 541
f 525 541 539
f 526 529 542
f 526 542 538
f 526 538 527
f 528 537 529
f 529 537 542
f 530 543 544
f 530 544 545
f 530 545 546
f 530 546 547
f 530 547 531
f 531 548 534
f 531 534 533
f 531 547 549
f 531 549 548
f 534 550 551
f 534 548 552
f 534 552 550
f 535 553 537
f 535 537 536
f 537 553 554
f 537 554 555
f 537 555 538
f 537 538 542
f 538 555 554
f 538 554 556
f 538 556 557
f 538 557 541
f 539 558 559
f 539 559 560
f 539 560 540
f 539 541 562
f 539 562 558
f 541 557 556
f 541 556 561
f 541 561 562
f 543 563 544
f 544 564 565
f 544 565 552
f 544 552 545
f 544 563 566
f 544 566 564
f 545 547 546
f 545 552 547
f 547 552 549
f 548 549 552
f 550 552 551
f 551 552 565
f 551 565 568
f 551 568 569
f 551 569 567
f 554 570 556
f 556 570 571
f 556 571 561
f 558 562 572
f 558 572 573
f 558 573 574
f 558 574 559
f 559 574 575
f 561 571 576
f 561 576 577
f 561 577 562
f 562 577 572
f 563 578 566
f 564 566 579
f 564 579 580
f 564 580 581
f 564 581 565
f 565 581 582
f 565 582 568
f 566 578 579
f 567 569 568
f 567 568 583
f 568 582 576
f 568 576 583
f 570 584 576
f 570 576 571
f 572 574 573
f 572 577 574
f 574 585 575
f 574 577 585
f 575 585 578
f 576 584 583
f 576 582 581
f 576 581 580
f 576 580 577
f 577 580 585
f 578 585 579
f 579 585 580

o geometry_7
v 0.25250921 -0.48317578 -0.33343490
v 0.25249464 -0.48317578 -0.33267471
v 0.26211107 -0.48847530 -0.33267471
v 0.26216935 -0.48840867 -0.34530474
v 0.24902690 -0.48317578 -0.34497133
v 0.25188997 -0.48317578 -0.33162776
v 0.26129514 -0.48933524 -0.32295878
v 0.26487944 -0.49872776 -0.33267471
v 0.26348068 -0.49872776 -0.34842559
v 0.25345628 -0.49694122 -0.35796814
v 0.25188997 -0.48581555 -0.34891905
v 0.24381801 -0.48317578 -0.34959924
v 0.24286365 -0.48317578 -0.31739730
v 0.25956126 -0.51684616 -0.30774807
v 0.26237334 -0.49872776 -0.31999798
v 0.24765729 -0.50419391 -0.30245999
v 0.26661332 -0.51684616 -0.33267471
v 0.26423106 -0.51684616 -0.34959924
v 0.26022422 -0.51684616 -0.35868832
v 0.24844408 -0.50179412 -0.36416977
v 0.23785873 -0.48317578 -0.35177980
v 0.23308694 -0.48317578 -0.31292944
v 0.25329601 -0.53657108 -0.30906842
v 0.26268661 -0.53495121 -0.31878435
v 0.26334954 -0.51684616 -0.31683715
v 0.25047665 -0.51684616 -0.30053947
v 0.24818182 -0.53161151 -0.30187314
v 0.21545682 -0.48317578 -0.30773471
v 0.19730944 -0.48317578 -0.30616096
v 0.23788059 -0.50419391 -0.30245999
v 0.26463902 -0.53495121 -0.33267471
v 0.26293429 -0.53495121 -0.34632503
v 0.25335429 -0.53661773 -0.35614764
v 0.24826924 -0.53169149 -0.36389638
v 0.25113232 -0.51684616 -0.36608363
v 0.23419428 -0.48317578 -0.35253336
v 0.23371347 -0.51684616 -0.36866432
v 0.23371347 -0.50098754 -0.36443651
v 0.21967492 -0.48317578 -0.35532075
v 0.26163026 -0.54492368 -0.32202521
v 0.25188997 -0.54673685 -0.31815749
v 0.23258426 -0.51862599 -0.30151306
v 0.23371347 -0.53019164 -0.30275341
v 0.23371347 -0.53925082 -0.30811482
v 0.19266151 -0.48317578 -0.31446319
v 0.20683118 -0.52508541 -0.32449919
v 0.21987164 -0.53315136 -0.31461654
v 0.22462885 -0.52590534 -0.30540743
v 0.26176867 -0.54509699 -0.33267471
v 0.26138255 -0.54454370 -0.34273740
v 0.25188997 -0.54672350 -0.34682515
v 0.23371347 -0.54159062 -0.35772140
v 0.23371347 -0.53253143 -0.36415645
v 0.22195519 -0.52895175 -0.36160911
v 0.22054187 -0.51684616 -0.36251602
v 0.22185320 -0.50471387 -0.36170912
v 0.21557338 -0.48317578 -0.35458725
v 0.25188997 -0.54944992 -0.33267471
v 0.23371347 -0.54751677 -0.31720393
v 0.23371347 -0.55127644 -0.33267471
v 0.22239959 -0.54596360 -0.32075154
v 0.19219525 -0.48317578 -0.33409508
v 0.20493703 -0.52945169 -0.33660910
v 0.21026248 -0.53527784 -0.33140771
v 0.23371347 -0.54776342 -0.34863229
v 0.22071671 -0.54593691 -0.34515138
v 0.21528197 -0.53523784 -0.35083957
v 0.20493703 -0.52945169 -0.34440451
v 0.21145725 -0.51684616 -0.35530076
v 0.19945856 -0.48317578 -0.34794546
v 0.20147657 -0.48317578 -0.34919245
v 0.22001733 -0.54691683 -0.33267471
v 0.19269064 -0.48317578 -0.33596892
v 0.20331972 -0.51684616 -0.34621165
f 586 587 588
f 586 588 589
f 586 589 590
f 586 590 597
f 586 597 606
f 586 606 621
f 586 621 624
f 586 624 642
f 586 642 656
f 586 656 655
f 586 655 658
f 586 658 647
f 586 647 630
f 586 630 614
f 586 614 613
f 586 613 607
f 586 607 598
f 586 598 591
f 586 591 587
f 587 591 592
f 587 592 588
f 588 593 589
f 588 592 593
f 589 593 594
f 589 594 595
f 589 595 596
f 589 596 590
f 590 596 597
f 591 598 592
f 592 599 600
f 592 600 593
f 592 598 601
f 592 601 599
f 593 602 594
f 593 600 602
f 594 602 603
f 594 603 604
f 594 604 595
f 595 604 605
f 595 605 596
f 596 605 597
f 597 605 606
f 598 607 601
f 599 608 609
f 599 609 610
f 599 610 600
f 599 601 611
f 599 611 612
f 599 612 608
f 600 610 602
f 601 607 613
f 601 613 614
f 601 614 615
f 601 615 611
f 602 610 609
f 602 609 616
f 602 616 617
f 602 617 603
f 603 617 604
f 604 618 619
f 604 619 620
f 604 620 605
f 604 617 618
f 605 621 606
f 605 620 622
f 605 622 623
f 605 623 624
f 605 624 621
f 608 625 609
f 608 612 626
f 608 626 625
f 609 625 616
f 611 615 614
f 611 614 627
f 611 627 612
f 612 627 628
f 612 628 629
f 612 629 626
f 614 630 631
f 614 631 632
f 614 632 633
f 614 633 628
f 614 628 627
f 616 625 634
f 616 634 635
f 616 635 617
f 617 635 618
f 618 635 636
f 618 636 619
f 619 636 637
f 619 637 638
f 619 638 622
f 619 622 620
f 622 638 639
f 622 639 640
f 622 640 641
f 622 641 642
f 622 642 623
f 623 642 624
f 625 626 643
f 625 643 634
f 626 629 644
f 626 644 645
f 626 645 643
f 628 633 629
f 629 633 646
f 629 646 644
f 630 647 648
f 630 648 631
f 631 648 649
f 631 649 646
f 631 646 632
f 632 646 633
f 634 643 635
f 635 643 636
f 636 643 645
f 636 645 650
f 636 650 637
f 637 650 651
f 637 651 639
f 637 639 638
f 639 651 652
f 639 652 653
f 639 653 654
f 639 654 640
f 640 654 655
f 640 655 656
f 640 656 641
f 641 656 642
f 644 646 645
f 645 646 657
f 645 657 651
f 645 651 650
f 646 649 657
f 647 658 653
f 647 653 648
f 648 653 657
f 648 657 649
f 651 657 653
f 651 653 652
f 653 658 659
f 653 659 654
f 654 659 655
f 655 659 658

o geometry_8
v 0.06870084 -0.07670446 -0.33267640
v 0.06916749 -0.07670446 -0.35169522
v 0.07242737 -0.07670446 -0.31642752
v 0.09863974 0.09257664 -0.33267640
v 0.09845976 0.09257664 -0.35084837
v 0.07464063 -0.07670446 -0.36377455
v 0.07376066 -0.07670446 -0.31517488
v 0.10660612 0.09257664 -0.31722733
v 0.10628614 0.09257664 -0.36607986
v 0.08802014 -0.07670446 -0.36850865
v 0.08827346 -0.07670446 -0.30974094
v 0.12467880 0.08097750 -0.31703325
v 0.12559210 0.09257664 -0.31795655
v 0.08833345 -0.07670446 -0.30972333
v 0.11189260 0.09257664 -0.36650327
v 0.10650613 -0.04581761 -0.36979659
v 0.10446620 -0.07670446 -0.36513891
v 0.12467880 0.06286628 -0.31632753
v 0.13134523 0.09257664 -0.32189675
v 0.13475844 0.06286628 -0.32205554
v 0.13415178 0.08097750 -0.32295531
v 0.10747276 -0.07670446 -0.31517488
v 0.10650613 -0.04581761 -0.31360470
v 0.12467880 0.02662727 -0.31593943
v 0.12467880 0.04475506 -0.31578652
v 0.12556544 0.09257664 -0.36598576
v 0.12467880 0.08097750 -0.36743833
v 0.12467880 0.06286628 -0.36823226
v 0.12201890 -0.02768982 -0.36583285
v 0.11953898 -0.04581761 -0.36446849
v 0.12467880 0.02662727 -0.36783824
v 0.12467880 0.00851605 -0.36727955
v 0.11728574 -0.05902406 -0.36220437
v 0.11125262 -0.07670446 -0.35084837
v 0.13511842 0.04475506 -0.32160860
v 0.13373180 0.09257664 -0.33267640
v 0.13379847 0.09033966 -0.32351988
v 0.13667169 0.04475506 -0.33267640
v 0.13596506 0.06286628 -0.33267640
v 0.11041932 -0.07670446 -0.32242015
v 0.11703908 -0.05887493 -0.32144981
v 0.11919900 -0.04581761 -0.31919742
v 0.12161225 -0.02768982 -0.31777426
v 0.13497843 0.02662727 -0.32179089
v 0.12346551 -0.00957860 -0.31749196
v 0.12883864 0.09257664 -0.36390392
v 0.13452511 0.08097750 -0.36117520
v 0.13508509 0.06286628 -0.36199263
v 0.13523842 0.04475506 -0.36221610
v 0.13389846 -0.00132665 -0.36020486
v 0.13447844 0.00851605 -0.36116932
v 0.13509175 0.02662727 -0.36208673
v 0.11806571 -0.06107877 -0.35084837
v 0.11427251 -0.07012609 -0.35084837
v 0.12339885 -0.04581761 -0.35084837
v 0.11142595 -0.07670446 -0.34083321
v 0.13409846 0.09232809 -0.35084837
v 0.13405179 0.09257664 -0.35031318
v 0.13392513 0.09125102 -0.33267640
v 0.13476510 0.08097750 -0.33267640
v 0.13640504 0.02662727 -0.33267640
v 0.13679836 0.04475506 -0.35084837
v 0.13629171 0.06286628 -0.35084837
v 0.13513842 0.08097750 -0.35084837
v 0.11131929 -0.07670446 -0.33267640
v 0.11787905 -0.06096277 -0.33267640
v 0.12305886 -0.04581761 -0.33267640
v 0.12804534 -0.02768982 -0.33267640
v 0.13442511 0.01270831 -0.32256717
v 0.13306516 0.09257664 -0.36097526
v 0.13402513 0.09178127 -0.36039303
v 0.13387180 -0.00116094 -0.35084837
v 0.13220519 -0.01022484 -0.35084837
v 0.12845200 -0.02768982 -0.35084837
v 0.13651837 0.02662727 -0.35084837
v 0.13508509 0.00851605 -0.35084837
v 0.13391180 0.09257664 -0.35961087
v 0.13405845 0.09257664 -0.35084837
v 0.13464511 0.00742242 -0.33431718
v 0.13218519 -0.00780559 -0.33431718
v 0.13353848 0.00064521 -0.32935373
v 0.13377180 -0.00056442 -0.34146835
f 660 661 665
f 660 665 669
f 660 669 676
f 660 676 693
f 660 693 715
f 660 715 724
f 660 724 699
f 660 699 681
f 660 681 673
f 660 673 670
f 660 670 666
f 660 666 662
f 660 662 663
f 660 663 664
f 660 664 661
f 661 664 665
f 662 666 667
f 662 667 663
f 663 667 672
f 663 672 678
f 663 678 695
f 663 695 717
f 663 717 737
f 663 737 736
f 663 736 729
f 663 729 705
f 663 705 685
f 663 685 674
f 663 674 668
f 663 668 664
f 664 668 665
f 665 668 669
f 666 670 667
f 667 671 672
f 667 670 673
f 667 673 671
f 668 674 675
f 668 675 669
f 669 675 676
f 671 677 672
f 671 673 677
f 672 677 679
f 672 679 680
f 672 680 678
f 673 681 682
f 673 682 683
f 673 683 684
f 673 684 677
f 674 685 686
f 674 686 687
f 674 687 675
f 675 688 689
f 675 689 676
f 675 687 690
f 675 690 691
f 675 691 688
f 676 692 693
f 676 689 692
f 677 684 694
f 677 694 679
f 678 680 696
f 678 696 695
f 679 694 697
f 679 697 698
f 679 698 680
f 680 698 696
f 681 699 700
f 681 700 701
f 681 701 702
f 681 702 683
f 681 683 682
f 683 703 694
f 683 694 684
f 683 702 704
f 683 704 703
f 685 705 686
f 686 706 707
f 686 707 687
f 686 705 706
f 687 707 708
f 687 708 690
f 688 709 689
f 688 691 710
f 688 710 709
f 689 709 692
f 690 708 711
f 690 711 691
f 691 711 710
f 692 712 713
f 692 713 693
f 692 709 714
f 692 714 712
f 693 713 715
f 694 703 697
f 695 716 717
f 695 696 718
f 695 718 716
f 696 698 719
f 696 719 718
f 697 703 720
f 697 720 721
f 697 721 722
f 697 722 698
f 698 722 723
f 698 723 719
f 699 724 725
f 699 725 700
f 700 726 727
f 700 727 728
f 700 728 701
f 700 725 726
f 701 728 702
f 702 728 703
f 702 703 704
f 703 728 720
f 705 729 706
f 706 722 707
f 706 729 730
f 706 730 722
f 707 722 721
f 707 721 708
f 708 721 711
f 709 731 732
f 709 732 733
f 709 733 714
f 709 710 734
f 709 734 735
f 709 735 731
f 710 711 734
f 711 721 734
f 712 714 725
f 712 725 715
f 712 715 713
f 714 733 726
f 714 726 725
f 715 725 724
f 716 730 736
f 716 736 737
f 716 737 717
f 716 718 723
f 716 723 730
f 718 719 723
f 720 728 738
f 720 738 735
f 720 735 734
f 720 734 721
f 722 730 723
f 726 733 727
f 727 733 732
f 727 732 739
f 727 739 740
f 727 740 728
f 728 740 738
f 729 736 730
f 731 735 738
f 731 738 741
f 731 741 732
f 732 741 739
f 738 740 741
f 739 741 740

o geometry_9
v -0.26721684 -0.51682873 -0.33267400
v -0.26696298 -0.53495533 -0.34636326
v -0.26680677 -0.53496705 -0.33117188
v -0.26609403 -0.52894832 -0.32339038
v -0.26610378 -0.51682873 -0.32337491
v -0.26606472 -0.50725509 -0.32350652
v -0.26701179 -0.50021562 -0.33185325
v -0.26703132 -0.49946476 -0.35205421
v -0.26696298 -0.51553818 -0.35134186
v -0.26610378 -0.50863952 -0.36014541
v -0.26562538 -0.52071217 -0.35772192
v -0.26659197 -0.54485747 -0.34404816
v -0.26659197 -0.54485747 -0.33622795
v -0.26591828 -0.54102100 -0.32411046
v -0.26167112 -0.51682873 -0.31428486
v -0.26531294 -0.49518241 -0.32524092
v -0.26682630 -0.48868266 -0.33735837
v -0.26682630 -0.48868266 -0.34679684
v -0.26552774 -0.49392704 -0.35892206
v -0.26610378 -0.50599972 -0.36014541
v -0.26218859 -0.51553818 -0.36733071
v -0.26439517 -0.53495533 -0.35545327
v -0.25214188 -0.54646480 -0.36334318
v -0.25769736 -0.54786099 -0.35040498
v -0.25869325 -0.54800178 -0.33117188
v -0.25543220 -0.53501399 -0.36925093
v -0.25380170 -0.54668774 -0.31992936
v -0.25107765 -0.52899526 -0.30359980
v -0.25259101 -0.51682873 -0.30248485
v -0.25095074 -0.50456836 -0.30331334
v -0.23015432 -0.45265240 -0.30469154
v -0.23305411 -0.44901535 -0.31450167
v -0.23631514 -0.44666888 -0.33267400
v -0.23450888 -0.44951985 -0.34673492
v -0.25128268 -0.50395828 -0.38073350
v -0.25245431 -0.51682873 -0.38152324
v -0.25056018 -0.52901871 -0.38003663
v -0.23877556 -0.54753245 -0.36458203
v -0.23877556 -0.55170922 -0.35084633
v -0.23775038 -0.54895209 -0.33167519
v -0.24312035 -0.54668774 -0.31992936
v -0.24429197 -0.52899526 -0.30359980
v -0.24207564 -0.51682873 -0.30248485
v -0.19042635 -0.48014145 -0.30243067
v -0.20363646 -0.47962522 -0.30243067
v -0.21204290 -0.47883918 -0.30243067
v -0.21700279 -0.47608205 -0.30243067
v -0.22491129 -0.46511222 -0.30243067
v -0.22586813 -0.46231991 -0.30243067
v -0.22768414 -0.45700513 -0.30243067
v -0.22693234 -0.45018860 -0.30243067
v -0.22094728 -0.44319606 -0.30243067
v -0.21332193 -0.43474874 -0.30243067
v -0.22411067 -0.43995791 -0.31450167
v -0.21504032 -0.43415039 -0.31450167
v -0.21485482 -0.43454929 -0.32600745
v -0.22078130 -0.43823325 -0.33231007
v -0.22060555 -0.44733762 -0.34825250
v -0.24399906 -0.50395828 -0.38073350
v -0.24244666 -0.51682873 -0.38152324
v -0.24450677 -0.52901871 -0.38003663
v -0.22662967 -0.54626539 -0.36272376
v -0.22455004 -0.54752072 -0.35084633
v -0.22589740 -0.54644135 -0.33706417
v -0.23100376 -0.54225288 -0.32494668
v -0.17352562 -0.47264444 -0.30243067
v -0.23765274 -0.53562407 -0.31393644
v -0.17632777 -0.47420487 -0.30243067
v -0.21296067 -0.43451407 -0.30243067
v -0.20311899 -0.43254302 -0.30243067
v -0.20230862 -0.43311792 -0.31544629
v -0.20827417 -0.43454929 -0.32600745
v -0.20726851 -0.44921480 -0.34543411
v -0.22162097 -0.46318811 -0.35693988
v -0.20544272 -0.46249591 -0.34791182
v -0.23335678 -0.51682873 -0.37515869
v -0.22443287 -0.53495533 -0.36500788
v -0.20975823 -0.52912432 -0.34495407
v -0.20975823 -0.52912432 -0.33917019
v -0.16786274 -0.46269536 -0.30243067
v -0.18502710 -0.43185082 -0.30243067
v -0.18823932 -0.43321176 -0.31001087
v -0.19615757 -0.43648513 -0.32213605
v -0.17612272 -0.43616835 -0.30464509
v -0.18928402 -0.44855778 -0.32790443
v -0.17208060 -0.44825275 -0.30924430
v -0.19636260 -0.46249591 -0.33788488
v -0.21424946 -0.49871389 -0.35730381
v -0.22350534 -0.51682873 -0.36606864
v -0.21442522 -0.51682873 -0.35629726
v -0.20826440 -0.51682873 -0.34721495
v -0.17251998 -0.46249591 -0.30877201
v -0.16747220 -0.45576149 -0.30243067
v -0.17831952 -0.43452580 -0.30243067
v -0.17292026 -0.43816285 -0.30243067
v -0.16825329 -0.44523751 -0.30243067
v -0.17953997 -0.46249591 -0.31786202
v -0.18862009 -0.46249591 -0.32879487
f 742 743 744
f 742 744 745
f 742 745 746
f 742 746 747
f 742 747 748
f 742 748 749
f 742 749 743
f 743 749 750
f 743 750 751
f 743 751 752
f 743 752 753
f 743 753 754
f 743 754 744
f 744 754 755
f 744 755 745
f 745 756 746
f 745 755 756
f 746 756 747
f 747 757 748
f 747 756 757
f 748 757 758
f 748 758 749
f 749 758 759
f 749 759 760
f 749 760 761
f 749 761 751
f 749 751 750
f 751 762 752
f 751 761 762
f 752 763 753
f 752 762 763
f 753 764 765
f 753 765 766
f 753 766 754
f 753 763 767
f 753 767 764
f 754 766 755
f 755 766 768
f 755 768 769
f 755 769 770
f 755 770 756
f 756 770 771
f 756 771 757
f 757 771 772
f 757 772 773
f 757 773 758
f 758 773 774
f 758 774 759
f 759 774 775
f 759 775 760
f 760 776 777
f 760 777 761
f 760 775 776
f 761 777 762
f 762 777 778
f 762 778 763
f 763 778 767
f 764 779 780
f 764 780 765
f 764 767 778
f 764 778 779
f 765 780 766
f 766 780 768
f 768 780 781
f 768 781 782
f 768 782 783
f 768 783 769
f 769 783 784
f 769 784 770
f 770 784 785
f 770 785 786
f 770 786 787
f 770 787 788
f 770 788 789
f 770 789 790
f 770 790 791
f 770 791 792
f 770 792 771
f 771 792 772
f 772 792 773
f 773 792 793
f 773 793 794
f 773 794 795
f 773 795 774
f 774 795 796
f 774 796 797
f 774 797 798
f 774 798 775
f 775 798 799
f 775 799 776
f 776 800 801
f 776 801 777
f 776 799 800
f 777 801 802
f 777 802 778
f 778 802 779
f 779 803 780
f 779 802 803
f 780 803 804
f 780 804 805
f 780 805 781
f 781 805 782
f 782 805 806
f 782 806 807
f 782 807 808
f 782 808 783
f 783 808 807
f 783 807 784
f 784 807 809
f 784 809 785
f 785 809 807
f 785 807 821
f 785 821 834
f 785 834 837
f 785 837 836
f 785 836 835
f 785 835 822
f 785 822 811
f 785 811 810
f 785 810 794
f 785 794 793
f 785 793 792
f 785 792 791
f 785 791 790
f 785 790 789
f 785 789 788
f 785 788 787
f 785 787 786
f 794 810 795
f 795 810 796
f 796 810 811
f 796 811 797
f 797 811 812
f 797 812 813
f 797 813 799
f 797 799 798
f 799 813 814
f 799 814 815
f 799 815 800
f 800 815 814
f 800 814 816
f 800 816 801
f 801 817 818
f 801 818 802
f 801 816 817
f 802 818 803
f 803 818 819
f 803 819 804
f 804 819 820
f 804 820 805
f 805 820 807
f 805 807 806
f 807 819 821
f 807 820 819
f 811 822 812
f 812 822 813
f 813 822 823
f 813 823 824
f 813 824 814
f 814 824 825
f 814 825 826
f 814 826 816
f 816 826 827
f 816 827 828
f 816 828 829
f 816 829 817
f 817 829 830
f 817 830 818
f 818 830 831
f 818 831 832
f 818 832 819
f 819 832 821
f 821 833 834
f 821 832 831
f 821 831 833
f 822 835 825
f 822 825 823
f 823 825 824
f 825 835 836
f 825 836 837
f 825 837 827
f 825 827 826
f 827 837 834
f 827 834 833
f 827 833 838
f 827 838 839
f 827 839 828
f 828 839 829
f 829 831 830
f 829 839 838
f 829 838 831
f 831 838 833

o geometry_10
v -0.00253135 -0.51683705 0.39087539
v -0.01604671 -0.51683705 0.38749791
v -0.01477925 -0.52970252 0.38692208
v -0.00253135 -0.53279451 0.38833153
v 0.00988852 -0.53127814 0.38775570
v 0.01142348 -0.51683705 0.38872685
v 0.00970381 -0.50480082 0.38744632
v -0.00253135 -0.50393602 0.38789323
v -0.01435889 -0.50563011 0.38664706
v -0.02504634 -0.51683705 0.37626530
v -0.02941559 -0.53495060 0.36623590
v -0.02048602 -0.53542446 0.37707315
v -0.01726322 -0.54635894 0.37154709
v -0.00253135 -0.54184537 0.38367348
v 0.01563987 -0.54653665 0.37186505
v 0.02509171 -0.54454642 0.36792033
v 0.02051228 -0.51683705 0.37821618
v 0.02527004 -0.50512068 0.36859929
v 0.02218100 -0.45724832 0.34758650
v 0.01006685 -0.45159745 0.35029366
v -0.00253135 -0.45080373 0.35094681
v -0.01353726 -0.45176331 0.35030228
v -0.02780419 -0.49872348 0.36269508
v -0.03003340 -0.45294796 0.33136927
v -0.02970220 -0.51683705 0.36678591
v -0.03133907 -0.53495060 0.35714325
v -0.03077859 -0.54539936 0.35416106
v -0.02226939 -0.54778052 0.35936912
v -0.00253135 -0.55204534 0.35808859
v -0.00253135 -0.54789902 0.37458942
v 0.01563987 -0.55050526 0.35808859
v 0.02675406 -0.54615751 0.35808859
v 0.02917434 -0.53495060 0.35808859
v 0.02536558 -0.53495060 0.36861645
v 0.02549297 -0.51683705 0.36913211
v 0.02956923 -0.51683705 0.35808859
v 0.02846100 -0.46297026 0.34089163
v 0.02789414 -0.44947690 0.33547730
v 0.02532737 -0.46933192 0.34963193
v 0.01592648 -0.44643230 0.34089163
v -0.00253135 -0.44216751 0.33992048
v -0.00253135 -0.43574661 0.32864491
v -0.01321881 -0.43456195 0.31672479
v -0.02004018 -0.44875425 0.33842510
v -0.01984273 -0.44175287 0.32237118
v -0.01537795 -0.43327066 0.30308582
v -0.02440306 -0.44208459 0.30355850
v -0.02446038 -0.44207273 0.30308582
v -0.03038370 -0.45213056 0.32174380
v -0.03313518 -0.51683705 0.33992048
v -0.03144098 -0.51683705 0.35770184
v -0.03067031 -0.49872348 0.35360243
v -0.03077859 -0.54539936 0.34625441
v -0.03177855 -0.53498613 0.34008379
v -0.02029495 -0.54692759 0.34008379
v -0.00253135 -0.54945090 0.33992048
v 0.01520040 -0.54767395 0.33937047
v 0.02706615 -0.54633523 0.34506841
v 0.02886225 -0.53502167 0.33937047
v 0.03116152 -0.51683705 0.33992048
v 0.03191945 -0.46249640 0.32174380
v 0.02969661 -0.44650337 0.32174380
v 0.02255041 -0.43607832 0.30826810
v 0.01614940 -0.43712083 0.32299855
v 0.01042990 -0.43443163 0.31777327
v -0.00253135 -0.43101978 0.30308582
v -0.01497669 -0.43316402 0.30308582
v -0.03058751 -0.45088666 0.30308582
v -0.03068942 -0.45113541 0.30355850
v -0.03103335 -0.52896805 0.32908324
v -0.03068942 -0.45113541 0.30308582
v -0.03068942 -0.45567270 0.30308582
v -0.02608451 -0.54103979 0.33413660
v -0.01397037 -0.54492550 0.32971061
v -0.00253135 -0.54531643 0.32924651
v 0.00885034 -0.54483071 0.32983953
v 0.02096449 -0.54111086 0.33295060
v 0.02654388 -0.52902726 0.32932387
v 0.02904059 -0.46406013 0.30308582
v 0.02904059 -0.46365737 0.30308582
v 0.02894505 -0.44336403 0.30308582
v 0.02890684 -0.44309153 0.30308582
v 0.02359496 -0.43566368 0.30308582
v 0.01653155 -0.43359052 0.30308582
v 0.01602202 -0.43344834 0.30308582
v -0.02029495 -0.53498613 0.32636745
v -0.02539665 -0.46449848 0.30308582
v -0.02521194 -0.46473541 0.30308582
v -0.00253135 -0.53495060 0.32245712
v 0.01520040 -0.53502167 0.32664248
v 0.02474140 -0.47173679 0.30308582
v -0.01612314 -0.47524339 0.30308582
v -0.00253135 -0.48088240 0.30308582
v 0.01713662 -0.47654651 0.30308582
v -0.00284344 -0.48078762 0.30308582
f 840 841 842
f 840 842 843
f 840 843 844
f 840 844 845
f 840 845 846
f 840 846 847
f 840 847 848
f 840 848 841
f 841 848 849
f 841 849 842
f 842 850 851
f 842 851 852
f 842 852 853
f 842 853 843
f 842 849 850
f 843 853 844
f 844 853 854
f 844 854 855
f 844 855 845
f 845 855 856
f 845 856 846
f 846 856 857
f 846 857 858
f 846 858 859
f 846 859 860
f 846 860 847
f 847 860 861
f 847 861 848
f 848 862 849
f 848 861 863
f 848 863 862
f 849 864 850
f 849 862 864
f 850 865 866
f 850 866 852
f 850 852 851
f 850 864 865
f 852 867 868
f 852 868 869
f 852 869 853
f 852 866 867
f 853 869 854
f 854 869 870
f 854 870 855
f 855 870 871
f 855 871 872
f 855 872 873
f 855 873 856
f 856 874 857
f 856 873 874
f 857 874 875
f 857 875 876
f 857 876 877
f 857 877 878
f 857 878 858
f 858 878 877
f 858 877 879
f 858 879 859
f 859 879 880
f 859 880 860
f 860 880 861
f 861 880 881
f 861 881 882
f 861 882 883
f 861 883 863
f 862 863 864
f 863 883 882
f 863 882 884
f 863 884 885
f 863 885 886
f 863 886 887
f 863 887 888
f 863 888 889
f 863 889 890
f 863 890 891
f 863 891 864
f 864 890 865
f 864 891 890
f 865 890 889
f 865 889 866
f 866 892 867
f 866 889 893
f 866 893 892
f 867 892 868
f 868 870 869
f 868 892 894
f 868 894 895
f 868 895 870
f 870 895 896
f 870 896 897
f 870 897 871
f 871 897 872
f 872 897 898
f 872 898 899
f 872 899 875
f 872 875 873
f 873 875 874
f 875 899 900
f 875 900 876
f 876 900 877
f 877 901 902
f 877 902 903
f 877 903 879
f 877 900 901
f 879 903 881
f 879 881 880
f 881 903 904
f 881 904 905
f 881 905 882
f 882 905 906
f 882 906 885
f 882 885 884
f 885 906 905
f 885 905 924
f 885 924 923
f 885 923 922
f 885 922 921
f 885 921 920
f 885 920 919
f 885 919 918
f 885 918 930
f 885 930 933
f 885 933 932
f 885 932 934
f 885 934 931
f 885 931 927
f 885 927 926
f 885 926 911
f 885 911 910
f 885 910 907
f 885 907 887
f 885 887 886
f 887 907 888
f 888 907 908
f 888 908 889
f 889 909 893
f 889 908 910
f 889 910 911
f 889 911 909
f 892 893 909
f 892 909 912
f 892 912 913
f 892 913 894
f 894 913 895
f 895 913 914
f 895 914 915
f 895 915 896
f 896 915 897
f 897 915 916
f 897 916 917
f 897 917 898
f 898 917 918
f 898 918 899
f 899 918 900
f 900 918 919
f 900 919 920
f 900 920 901
f 901 920 921
f 901 921 922
f 901 922 902
f 902 904 903
f 902 922 923
f 902 923 924
f 902 924 904
f 904 924 905
f 907 910 908
f 909 925 912
f 909 911 926
f 909 926 927
f 909 927 925
f 912 925 913
f 913 925 928
f 913 928 914
f 914 928 915
f 915 928 929
f 915 929 916
f 916 929 917
f 917 929 930
f 917 930 918
f 925 927 931
f 925 931 928
f 928 932 933
f 928 933 929
f 928 931 934
f 928 934 932
f 929 933 930

o geometry_11
v -0.36598913 -0.51683744 0.13651909
v -0.35403266 -0.50640679 0.13169265
v -0.36598913 -0.50383534 0.13329860
v -0.37775306 -0.50389569 0.13327284
v -0.37902217 -0.51683744 0.13452669
v -0.37766753 -0.53113129 0.13334154
v -0.36598913 -0.53267656 0.13408011
v -0.34782269 -0.52988781 0.13271462
v -0.33806217 -0.52741297 0.13151230
v -0.33806217 -0.52330830 0.13151230
v -0.34791540 -0.51709096 0.13284344
v -0.33471124 -0.45157341 0.11384684
v -0.34330964 -0.45157341 0.11384684
v -0.37717558 -0.48775476 0.11581349
v -0.38002743 -0.49819746 0.12183366
v -0.38411274 -0.51683744 0.12177354
v -0.35542294 -0.45657144 0.11212925
v -0.36124074 -0.44892953 0.10001162
v -0.38048374 -0.53628624 0.12319056
v -0.37819511 -0.54698253 0.11808072
v -0.36598913 -0.54174303 0.12919355
v -0.34782269 -0.53894220 0.12688339
v -0.33763439 -0.54547341 0.11500622
v -0.31471963 -0.47492166 0.09896389
v -0.31471963 -0.46545683 0.10448596
v -0.31471963 -0.46249905 0.10570544
v -0.31471963 -0.44844663 0.10391056
v -0.31471963 -0.44451100 0.10280271
v -0.31471963 -0.43654315 0.09739229
v -0.31471963 -0.43461155 0.09549435
v -0.32964917 -0.43461155 0.09565752
v -0.33975905 -0.43505823 0.09505636
v -0.34759457 -0.44420919 0.10359281
v -0.37918614 -0.48403643 0.10359281
v -0.38479720 -0.49871658 0.10359281
v -0.38604489 -0.51683744 0.10359281
v -0.38541749 -0.53494622 0.10359281
v -0.34978337 -0.43777455 0.08542925
v -0.36312298 -0.44682894 0.08542925
v -0.37159304 -0.46249905 0.08542925
v -0.38006308 -0.54855196 0.10359281
v -0.36598913 -0.55321192 0.10359281
v -0.36598913 -0.54849158 0.12009889
v -0.34782269 -0.54736879 0.11779731
v -0.34782269 -0.55000062 0.10359281
v -0.33774134 -0.54535271 0.10359281
v -0.31471963 -0.47927983 0.06704240
v -0.31471963 -0.47967825 0.08542925
v -0.31471963 -0.43164172 0.08724989
v -0.31471963 -0.43132782 0.08542925
v -0.32964917 -0.43283690 0.08542925
v -0.34070017 -0.43476850 0.08542925
v -0.38038395 -0.48151325 0.08542925
v -0.38669371 -0.49871658 0.08542925
v -0.38755638 -0.51683744 0.08542925
v -0.38533193 -0.53494622 0.08542925
v -0.34033654 -0.43485298 0.07508073
v -0.36085576 -0.44913478 0.07254729
v -0.37966383 -0.48328793 0.06724850
v -0.37916476 -0.54735674 0.08542925
v -0.36598913 -0.55090611 0.08542925
v -0.34754465 -0.54704284 0.08655426
v -0.33851136 -0.54433865 0.09335595
v -0.31471963 -0.47448706 0.05465854
v -0.31471963 -0.42987912 0.07049476
v -0.38484712 -0.49871658 0.06724850
v -0.38498256 -0.51683744 0.06724850
v -0.38000605 -0.53413734 0.06810730
v -0.37700445 -0.54538893 0.07474580
v -0.31471963 -0.43007229 0.06744603
v -0.32179227 -0.43479263 0.05755268
v -0.37750353 -0.48643884 0.05641907
v -0.36598913 -0.54619781 0.07386983
v -0.35340525 -0.54554585 0.07464275
v -0.31471963 -0.46271635 0.04878436
v -0.35511637 -0.52776305 0.05635896
v -0.37877975 -0.49871658 0.05551734
v -0.37838761 -0.51683744 0.05586085
v -0.37699019 -0.52755783 0.05688282
v -0.36598913 -0.53760215 0.06478375
v -0.31471963 -0.43346467 0.05580074
v -0.31471963 -0.44137214 0.05125770
v -0.31471963 -0.44458344 0.04975481
v -0.36598913 -0.49871658 0.05108594
v -0.36598913 -0.51683744 0.05233978
v -0.36598913 -0.52854776 0.05585227
f 935 936 937
f 935 937 938
f 935 938 939
f 935 939 940
f 935 940 941
f 935 941 942
f 935 942 943
f 935 943 944
f 935 944 945
f 935 945 936
f 936 945 946
f 936 946 937
f 937 946 947
f 937 947 938
f 938 948 949
f 938 949 950
f 938 950 939
f 938 947 951
f 938 951 952
f 938 952 948
f 939 950 940
f 940 953 954
f 940 954 955
f 940 955 941
f 940 950 953
f 941 955 942
f 942 955 956
f 942 956 943
f 943 956 957
f 943 957 958
f 943 958 959
f 943 959 960
f 943 960 944
f 944 960 961
f 944 961 946
f 944 946 945
f 946 961 962
f 946 962 963
f 946 963 964
f 946 964 965
f 946 965 947
f 947 965 966
f 947 966 967
f 947 967 951
f 948 952 968
f 948 968 949
f 949 968 969
f 949 969 950
f 950 969 970
f 950 970 971
f 950 971 953
f 951 967 952
f 952 967 966
f 952 966 972
f 952 972 973
f 952 973 974
f 952 974 968
f 953 971 954
f 954 975 976
f 954 976 977
f 954 977 955
f 954 971 975
f 955 977 978
f 955 978 956
f 956 978 957
f 957 978 979
f 957 979 980
f 957 980 981
f 957 981 982
f 957 982 958
f 958 982 981
f 958 981 998
f 958 998 1009
f 958 1009 1017
f 958 1017 1016
f 958 1016 1015
f 958 1015 1004
f 958 1004 999
f 958 999 984
f 958 984 983
f 958 983 964
f 958 964 963
f 958 963 962
f 958 962 961
f 958 961 960
f 958 960 959
f 964 983 965
f 965 983 966
f 966 983 984
f 966 984 985
f 966 985 986
f 966 986 972
f 968 974 987
f 968 987 969
f 969 988 970
f 969 987 988
f 970 988 989
f 970 989 971
f 971 990 975
f 971 989 990
f 972 986 991
f 972 991 992
f 972 992 973
f 973 992 993
f 973 993 974
f 974 993 987
f 975 990 994
f 975 994 976
f 976 995 979
f 976 979 978
f 976 978 977
f 976 994 995
f 979 995 996
f 979 996 997
f 979 997 980
f 980 997 981
f 981 997 998
f 984 999 985
f 985 999 986
f 986 999 991
f 987 993 988
f 988 1000 989
f 988 993 1000
f 989 1000 1001
f 989 1001 990
f 990 1002 1003
f 990 1003 994
f 990 1001 1002
f 991 999 1004
f 991 1004 1005
f 991 1005 992
f 992 1005 1006
f 992 1006 993
f 993 1006 1000
f 994 1003 995
f 995 1003 1007
f 995 1007 1008
f 995 1008 996
f 996 1008 997
f 997 1008 998
f 998 1008 1010
f 998 1010 1009
f 1000 1011 1001
f 1000 1006 1011
f 1001 1011 1012
f 1001 1012 1013
f 1001 1013 1002
f 1002 1013 1003
f 1003 1014 1007
f 1003 1013 1014
f 1004 1015 1005
f 1005 1015 1016
f 1005 1016 1006
f 1006 1016 1017
f 1006 1017 1018
f 1006 1018 1011
f 1007 1014 1008
f 1008 1014 1010
f 1009 1010 1019
f 1009 1019 1018
f 1009 1018 1017
f 1010 1014 1020
f 1010 1020 1019
f 1011 1018 1012
f 1012 1018 1019
f 1012 1019 1013
f 1013 1020 1014
f 1013 1019 1020

o geometry_12
v -0.04338840 -0.37754664 -0.05674447
v -0.08583709 -0.39765796 -0.10250857
v -0.05675622 -0.38945505 -0.05674447
v -0.04338840 -0.45276361 -0.05674447
v -0.04338840 -0.37640960 -0.06225155
v -0.21285841 -0.43452026 -0.30189388
v -0.21026062 -0.43647962 -0.28979753
v -0.06700307 -0.39799298 -0.06751814
v -0.06409859 -0.40815525 -0.05674447
v -0.22692980 -0.45018497 -0.30242293
v -0.12031198 -0.41829721 -0.14252511
v -0.04733921 -0.45386005 -0.12475334
v -0.04338840 -0.45160626 -0.10087328
v -0.05284148 -0.44468253 -0.05674447
v -0.14033665 -0.45500723 -0.17612073
v -0.19456560 -0.47258053 -0.26731226
v -0.17742737 -0.47285462 -0.24788115
v -0.15361425 -0.47050951 -0.21678658
v -0.15956753 -0.47253991 -0.22890697
v -0.14150926 -0.47202215 -0.21183261
v -0.12976506 -0.47211354 -0.21082257
v -0.12013158 -0.47181911 -0.21224143
v -0.04338840 -0.38038923 -0.08985911
v -0.04991896 -0.38038923 -0.08985911
v -0.21293056 -0.43451012 -0.30242293
v -0.21330940 -0.43474362 -0.30242293
v -0.22094042 -0.44316985 -0.30242293
v -0.10481541 -0.41358661 -0.11999176
v -0.06380995 -0.42753563 -0.05674447
v -0.12209796 -0.43036805 -0.13983169
v -0.12209796 -0.43763697 -0.13983169
v -0.22768748 -0.45698690 -0.30242293
v -0.19427696 -0.45013421 -0.24946836
v -0.15749292 -0.43452026 -0.19547970
v -0.06642579 -0.45312908 -0.15955138
v -0.05098334 -0.44955555 -0.13687373
v -0.04380332 -0.44386021 -0.13155904
v -0.04338840 -0.44390083 -0.13052497
v -0.04338840 -0.45004286 -0.11482135
v -0.12013158 -0.47181911 -0.21558416
v -0.13842437 -0.47184956 -0.25148842
v -0.05529496 -0.44242877 -0.05674447
v -0.15715015 -0.45362655 -0.19610496
v -0.21071162 -0.47059072 -0.28794579
v -0.21698961 -0.47606271 -0.30242293
v -0.21202855 -0.47882408 -0.30242293
v -0.20360377 -0.47961592 -0.30242293
v -0.14769706 -0.47308811 -0.22313536
v -0.16606202 -0.47638756 -0.25995345
v -0.19041634 -0.48012354 -0.30242293
v -0.04338840 -0.39588134 -0.12492168
v -0.05668405 -0.39419610 -0.13329053
v -0.06249301 -0.39729249 -0.14519449
v -0.08249963 -0.39851074 -0.16149930
v -0.18500429 -0.43185027 -0.30242293
v -0.20309863 -0.43253045 -0.30242293
v -0.19427696 -0.45498691 -0.24946836
v -0.22489124 -0.46509842 -0.30242293
v -0.04667172 -0.43748468 -0.14384778
v -0.10142384 -0.45479404 -0.21618537
v -0.04338840 -0.44273331 -0.13165524
v -0.15444410 -0.47329116 -0.27296365
v -0.17349460 -0.47263129 -0.30242293
v -0.15857533 -0.46919988 -0.28508403
v -0.11728122 -0.45753510 -0.23744416
v -0.18424659 -0.47775809 -0.27811001
v -0.17630889 -0.47418456 -0.30242293
v -0.04338840 -0.39774934 -0.12701389
v -0.04463318 -0.39663259 -0.12763915
v -0.17289927 -0.43815472 -0.30242293
v -0.17831135 -0.43452026 -0.30242293
v -0.13818986 -0.45449961 -0.26983733
v -0.08369029 -0.43725119 -0.19709093
v -0.04566146 -0.42626662 -0.14505020
v -0.04338840 -0.42626662 -0.14168343
v -0.16782997 -0.46269238 -0.30242293
v -0.04338840 -0.40077467 -0.12973136
v -0.05038801 -0.40173910 -0.13975955
v -0.06325070 -0.41350540 -0.16344722
v -0.16824489 -0.44522060 -0.30242293
v -0.15511161 -0.45711887 -0.28960513
v -0.13818986 -0.45170778 -0.26983733
v -0.08369029 -0.43376901 -0.19709093
v -0.06133844 -0.42626662 -0.16669375
v -0.04620268 -0.41382011 -0.14411230
v -0.04338840 -0.41776928 -0.14050504
v -0.16745113 -0.45574834 -0.30242293
v -0.04338840 -0.40649029 -0.13480558
v -0.15511161 -0.44963676 -0.28960513
v -0.06837413 -0.42626662 -0.17578404
v -0.04338840 -0.41048008 -0.13795592
f 1021 1022 1023
f 1021 1023 1029
f 1021 1029 1049
f 1021 1049 1062
f 1021 1062 1034
f 1021 1034 1024
f 1021 1024 1033
f 1021 1033 1059
f 1021 1059 1058
f 1021 1058 1081
f 1021 1081 1095
f 1021 1095 1106
f 1021 1106 1111
f 1021 1111 1108
f 1021 1108 1097
f 1021 1097 1088
f 1021 1088 1071
f 1021 1071 1043
f 1021 1043 1025
f 1021 1025 1026
f 1021 1026 1027
f 1021 1027 1022
f 1022 1027 1023
f 1023 1028 1029
f 1023 1027 1030
f 1023 1030 1031
f 1023 1031 1028
f 1024 1032 1033
f 1024 1034 1035
f 1024 1035 1036
f 1024 1036 1037
f 1024 1037 1038
f 1024 1038 1039
f 1024 1039 1040
f 1024 1040 1041
f 1024 1041 1042
f 1024 1042 1032
f 1025 1043 1044
f 1025 1044 1045
f 1025 1045 1026
f 1026 1045 1046
f 1026 1046 1027
f 1027 1046 1047
f 1027 1047 1030
f 1028 1031 1048
f 1028 1048 1029
f 1029 1048 1031
f 1029 1031 1050
f 1029 1050 1051
f 1029 1051 1049
f 1030 1047 1046
f 1030 1046 1045
f 1030 1045 1076
f 1030 1076 1075
f 1030 1075 1091
f 1030 1091 1090
f 1030 1090 1100
f 1030 1100 1107
f 1030 1107 1096
f 1030 1096 1083
f 1030 1083 1087
f 1030 1087 1070
f 1030 1070 1067
f 1030 1067 1066
f 1030 1066 1065
f 1030 1065 1078
f 1030 1078 1052
f 1030 1052 1053
f 1030 1053 1054
f 1030 1054 1031
f 1031 1054 1050
f 1032 1055 1056
f 1032 1056 1057
f 1032 1057 1058
f 1032 1058 1059
f 1032 1059 1033
f 1032 1042 1060
f 1032 1060 1061
f 1032 1061 1055
f 1034 1062 1035
f 1035 1063 1036
f 1035 1062 1063
f 1036 1064 1065
f 1036 1065 1066
f 1036 1066 1037
f 1036 1063 1064
f 1037 1066 1039
f 1037 1039 1038
f 1039 1066 1040
f 1040 1066 1067
f 1040 1067 1068
f 1040 1068 1041
f 1041 1068 1069
f 1041 1069 1070
f 1041 1070 1042
f 1042 1070 1060
f 1043 1071 1072
f 1043 1072 1073
f 1043 1073 1074
f 1043 1074 1075
f 1043 1075 1044
f 1044 1075 1076
f 1044 1076 1045
f 1049 1051 1063
f 1049 1063 1062
f 1050 1054 1053
f 1050 1053 1077
f 1050 1077 1051
f 1051 1077 1063
f 1052 1078 1077
f 1052 1077 1053
f 1055 1079 1057
f 1055 1057 1056
f 1055 1061 1080
f 1055 1080 1079
f 1057 1081 1058
f 1057 1079 1081
f 1060 1070 1061
f 1061 1070 1082
f 1061 1082 1083
f 1061 1083 1084
f 1061 1084 1085
f 1061 1085 1080
f 1063 1077 1064
f 1064 1077 1078
f 1064 1078 1065
f 1067 1070 1086
f 1067 1086 1068
f 1068 1086 1070
f 1068 1070 1069
f 1070 1087 1082
f 1071 1088 1089
f 1071 1089 1073
f 1071 1073 1072
f 1073 1089 1090
f 1073 1090 1091
f 1073 1091 1075
f 1073 1075 1074
f 1079 1080 1092
f 1079 1092 1093
f 1079 1093 1094
f 1079 1094 1095
f 1079 1095 1081
f 1080 1085 1092
f 1082 1087 1083
f 1083 1096 1092
f 1083 1092 1084
f 1084 1092 1085
f 1088 1097 1098
f 1088 1098 1089
f 1089 1098 1090
f 1090 1099 1100
f 1090 1098 1099
f 1092 1096 1101
f 1092 1101 1109
f 1092 1109 1102
f 1092 1102 1103
f 1092 1103 1093
f 1093 1103 1104
f 1093 1104 1094
f 1094 1105 1106
f 1094 1106 1095
f 1094 1104 1105
f 1096 1107 1101
f 1097 1108 1098
f 1098 1108 1105
f 1098 1105 1099
f 1099 1105 1100
f 1100 1109 1107
f 1100 1105 1109
f 1101 1107 1109
f 1102 1109 1110
f 1102 1110 1103
f 1103 1110 1104
f 1104 1110 1105
f 1105 1108 1111
f 1105 1111 1106
f 1105 1110 1109

o geometry_13
v -0.00781640 -0.17967977 0.18259591
v -0.04258194 -0.22698484 0.20898543
v -0.04587030 -0.23886773 0.20659337
v -0.00781640 -0.18851071 0.17624002
v -0.00781640 -0.17967977 0.15373761
v -0.00783664 -0.17967977 0.18259591
v -0.04778261 -0.19961584 0.20364925
v -0.04401870 -0.20887010 0.20678503
v -0.06363756 -0.23314780 0.22303891
v -0.06357685 -0.24508975 0.22324591
v -0.06522609 -0.25574200 0.22246388
v -0.00781640 -0.19936971 0.15373761
v -0.00781640 -0.19794220 0.15802342
v -0.00781640 -0.19254715 0.17006815
v -0.06290906 -0.25838045 0.21265789
v -0.06961731 -0.26743782 0.21265789
v -0.03402210 -0.17967977 0.15373761
v -0.03733069 -0.17967977 0.17620168
v -0.04816709 -0.19961584 0.20364925
v -0.07522270 -0.23276385 0.22362159
v -0.07522270 -0.24508975 0.22672669
v -0.09338456 -0.26320449 0.23205520
v -0.07502034 -0.26235782 0.22621300
v -0.08093938 -0.27522520 0.22503997
v -0.01252129 -0.20174235 0.15373761
v -0.07870331 -0.27680040 0.21265789
v -0.08020077 -0.27535319 0.20026815
v -0.03932394 -0.17967977 0.16837377
v -0.04271348 -0.19020405 0.15373761
v -0.05204230 -0.19567785 0.16163455
v -0.06631883 -0.19959614 0.18484997
v -0.06631883 -0.19959614 0.18581600
v -0.06028849 -0.20219522 0.19792208
v -0.07179269 -0.21427500 0.20762839
v -0.08665607 -0.23456548 0.22294690
v -0.09298996 -0.24456796 0.22651969
v -0.10568808 -0.25026820 0.22507064
v -0.10753968 -0.26320449 0.22701804
v -0.10602197 -0.27476248 0.22545398
v -0.09338456 -0.27635737 0.22699504
v -0.09338456 -0.28025598 0.21265789
v -0.02008957 -0.20386887 0.15373761
v -0.09338456 -0.27615063 0.19929445
v -0.08023112 -0.25589952 0.18442063
v -0.03920252 -0.20746227 0.15373761
v -0.06709793 -0.21957159 0.16651070
v -0.06709793 -0.21591910 0.16651070
v -0.06416369 -0.20383932 0.17273624
v -0.08992420 -0.22814656 0.19448729
v -0.08355996 -0.21908919 0.19448729
v -0.09902030 -0.23888742 0.21265789
v -0.08992420 -0.23060780 0.21265789
v -0.10663918 -0.24794479 0.21265789
v -0.11118217 -0.26320449 0.21265789
v -0.10701354 -0.27570761 0.21265789
v -0.10497982 -0.27435885 0.20117284
v -0.08615017 -0.25589952 0.18442063
v -0.08744528 -0.24508975 0.18306359
v -0.08664595 -0.23126741 0.18327825
v -0.10481793 -0.24975626 0.20063617
v -0.10611304 -0.26320449 0.19957046
f 1112 1113 1114
f 1112 1114 1115
f 1112 1115 1125
f 1112 1125 1124
f 1112 1124 1123
f 1112 1123 1116
f 1112 1116 1128
f 1112 1128 1139
f 1112 1139 1129
f 1112 1129 1117
f 1112 1117 1130
f 1112 1130 1118
f 1112 1118 1119
f 1112 1119 1120
f 1112 1120 1113
f 1113 1120 1121
f 1113 1121 1122
f 1113 1122 1114
f 1114 1123 1124
f 1114 1124 1125
f 1114 1125 1115
f 1114 1122 1126
f 1114 1126 1127
f 1114 1127 1123
f 1116 1123 1136
f 1116 1136 1153
f 1116 1153 1156
f 1116 1156 1140
f 1116 1140 1128
f 1117 1129 1130
f 1118 1130 1131
f 1118 1131 1120
f 1118 1120 1119
f 1120 1131 1132
f 1120 1132 1121
f 1121 1132 1133
f 1121 1133 1134
f 1121 1134 1122
f 1122 1134 1135
f 1122 1135 1127
f 1122 1127 1126
f 1123 1127 1137
f 1123 1137 1138
f 1123 1138 1136
f 1127 1135 1137
f 1128 1140 1141
f 1128 1141 1142
f 1128 1142 1139
f 1129 1139 1143
f 1129 1143 1144
f 1129 1144 1130
f 1130 1144 1145
f 1130 1145 1146
f 1130 1146 1131
f 1131 1146 1147
f 1131 1147 1133
f 1131 1133 1132
f 1133 1148 1149
f 1133 1149 1150
f 1133 1150 1151
f 1133 1151 1135
f 1133 1135 1134
f 1133 1147 1148
f 1135 1151 1152
f 1135 1152 1137
f 1136 1138 1153
f 1137 1152 1138
f 1138 1152 1154
f 1138 1154 1155
f 1138 1155 1153
f 1139 1142 1143
f 1140 1156 1157
f 1140 1157 1158
f 1140 1158 1141
f 1141 1158 1159
f 1141 1159 1142
f 1142 1159 1160
f 1142 1160 1161
f 1142 1161 1143
f 1143 1161 1162
f 1143 1162 1163
f 1143 1163 1145
f 1143 1145 1144
f 1145 1163 1146
f 1146 1163 1148
f 1146 1148 1147
f 1148 1164 1165
f 1148 1165 1149
f 1148 1163 1162
f 1148 1162 1164
f 1149 1165 1150
f 1150 1165 1166
f 1150 1166 1152
f 1150 1152 1151
f 1152 1166 1167
f 1152 1167 1154
f 1153 1155 1156
f 1154 1167 1168
f 1154 1168 1155
f 1155 1168 1156
f 1156 1168 1157
f 1157 1168 1169
f 1157 1169 1158
f 1158 1169 1170
f 1158 1170 1159
f 1159 1170 1160
f 1160 1170 1171
f 1160 1171 1164
f 1160 1164 1161
f 1161 1164 1162
f 1164 1171 1165
f 1165 1171 1172
f 1165 1172 1167
f 1165 1167 1166
f 1167 1172 1168
f 1168 1172 1169
f 1169 1172 1170
f 1170 1172 1171

o geometry_14
v -0.19656002 -0.03835221 -0.30288190
v -0.19721678 -0.03835221 -0.30203863
v -0.19653392 -0.03065414 -0.30053654
v -0.19653392 -0.03835221 -0.29262207
v -0.20189246 -0.03835221 -0.29596883
v -0.19653392 -0.02672051 -0.29900810
v -0.19653392 -0.03835221 -0.21315231
v -0.19653392 -0.01256912 -0.29291195
v -0.20969831 -0.03835221 -0.28281022
v -0.19653392 -0.00694361 -0.21315231
v -0.21134386 -0.03835221 -0.21315231
v -0.19653392 -0.00958415 -0.29144500
v -0.21106114 -0.03835221 -0.27977972
v -0.19653392 0.00995709 -0.27985000
v -0.19653392 0.00847670 -0.28073719
v -0.20878348 0.00132245 -0.21315231
v -0.19653392 0.01908118 -0.25087124
v -0.21134386 0.00158227 -0.21315231
v -0.21134386 -0.03835221 -0.27912092
v -0.21134386 -0.03745188 -0.27851480
v -0.21134386 -0.03542162 -0.27708299
v -0.21134386 -0.03099856 -0.27394708
v -0.19653392 0.01201152 -0.27817223
v -0.19653392 0.02337735 -0.25995399
v -0.21134386 0.00075446 -0.21833492
v -0.21134386 -0.02163278 -0.26592718
v -0.21082483 -0.02074454 -0.26680559
v -0.21134386 -0.01918559 -0.26349399
v -0.21134386 -0.01299209 -0.25672145
v -0.21134386 -0.01012797 -0.25329564
v -0.21134386 0.00036170 -0.21985457
f 1173 1174 1175
f 1173 1175 1176
f 1173 1176 1179
f 1173 1179 1183
f 1173 1183 1191
f 1173 1191 1185
f 1173 1185 1181
f 1173 1181 1177
f 1173 1177 1174
f 1174 1177 1175
f 1175 1177 1178
f 1175 1178 1180
f 1175 1180 1184
f 1175 1184 1187
f 1175 1187 1186
f 1175 1186 1195
f 1175 1195 1196
f 1175 1196 1189
f 1175 1189 1182
f 1175 1182 1179
f 1175 1179 1176
f 1177 1180 1178
f 1177 1181 1180
f 1179 1182 1188
f 1179 1188 1190
f 1179 1190 1183
f 1180 1181 1184
f 1181 1185 1186
f 1181 1186 1187
f 1181 1187 1184
f 1182 1189 1188
f 1183 1190 1197
f 1183 1197 1203
f 1183 1203 1202
f 1183 1202 1201
f 1183 1201 1200
f 1183 1200 1198
f 1183 1198 1194
f 1183 1194 1193
f 1183 1193 1192
f 1183 1192 1191
f 1185 1191 1192
f 1185 1192 1186
f 1186 1192 1193
f 1186 1193 1194
f 1186 1194 1195
f 1188 1189 1190
f 1189 1196 1190
f 1190 1196 1197
f 1194 1198 1199
f 1194 1199 1195
f 1195 1199 1200
f 1195 1200 1201
f 1195 1201 1202
f 1195 1202 1196
f 1196 1202 1203
f 1196 1203 1197
f 1198 1200 1199

o geometry_15
v 0.11574065 0.09911196 0.31270937
v 0.11569003 0.10861170 0.31269669
v 0.10658075 0.11732841 0.31269669
v 0.09783836 0.12658438 0.31269035
v 0.11532314 0.09911196 0.31270937
v 0.11568371 0.08766204 0.31268398
v 0.12293952 0.08115406 0.30629343
v 0.12936662 0.08115406 0.30026459
v 0.13426287 0.08115406 0.29565729
v 0.13388332 0.09072767 0.29474979
v 0.12061791 0.11568110 0.30464979
v 0.11877707 0.13101661 0.29932536
v 0.10994613 0.12068213 0.31144015
v 0.09657951 0.12658438 0.31269035
v 0.10594816 0.13483571 0.30508132
v 0.08964633 0.13370549 0.31123706
v 0.07017522 0.13533803 0.31180824
v 0.11549394 0.08766204 0.31268398
v 0.09657951 0.12603774 0.31269035
v 0.10887705 0.08115406 0.30530977
v 0.13479425 0.08115406 0.28537652
v 0.13397188 0.09122259 0.28537652
v 0.13232082 0.10027911 0.28537652
v 0.12801921 0.11722499 0.28537652
v 0.12037120 0.13328443 0.28537652
v 0.11316601 0.14234094 0.28537652
v 0.10195652 0.14684705 0.29872246
v 0.08833687 0.14919613 0.30218748
v 0.07017522 0.15050364 0.30350747
v 0.07017522 0.12147993 0.30275863
v 0.09904028 0.08115406 0.28556057
v 0.13478792 0.08115406 0.28521153
v 0.13392127 0.09093451 0.27543847
v 0.12619735 0.11722499 0.26720119
v 0.11966902 0.13246447 0.26720119
v 0.11248281 0.14152098 0.26720119
v 0.10339883 0.14780736 0.26720119
v 0.10407570 0.14811761 0.28537652
v 0.08833687 0.15402724 0.28537652
v 0.07017522 0.15662010 0.28537018
v 0.07017522 0.11691474 0.28537652
v 0.09896437 0.08115406 0.28537652
v 0.13429450 0.08115406 0.27362348
v 0.13068873 0.09783400 0.26850849
v 0.13140356 0.08115406 0.26454215
v 0.11997267 0.11722499 0.25445178
v 0.11783452 0.12992333 0.25599389
v 0.10104559 0.14644076 0.25584793
v 0.08833687 0.15333288 0.26720119
v 0.07017522 0.15580753 0.26719483
v 0.07017522 0.11785290 0.26720119
v 0.10119741 0.08115406 0.26720119
v 0.13132133 0.08115406 0.26440888
v 0.10650484 0.11722499 0.25085352
v 0.10685909 0.13571477 0.25341102
v 0.12154782 0.09911196 0.25421062
v 0.08833687 0.13533803 0.24884813
v 0.08833687 0.14849436 0.25382351
v 0.07017522 0.14968368 0.25273832
v 0.07017522 0.12241070 0.25326506
v 0.10949066 0.08115406 0.25462313
v 0.12231325 0.08115406 0.25462313
v 0.07017522 0.13533064 0.24788352
f 1204 1205 1206
f 1204 1206 1207
f 1204 1207 1217
f 1204 1217 1208
f 1204 1208 1221
f 1204 1221 1209
f 1204 1209 1210
f 1204 1210 1205
f 1205 1210 1211
f 1205 1211 1212
f 1205 1212 1213
f 1205 1213 1214
f 1205 1214 1215
f 1205 1215 1216
f 1205 1216 1207
f 1205 1207 1206
f 1207 1216 1218
f 1207 1218 1219
f 1207 1219 1220
f 1207 1220 1217
f 1208 1217 1222
f 1208 1222 1221
f 1209 1221 1210
f 1210 1223 1234
f 1210 1234 1245
f 1210 1245 1255
f 1210 1255 1264
f 1210 1264 1265
f 1210 1265 1256
f 1210 1256 1248
f 1210 1248 1246
f 1210 1246 1235
f 1210 1235 1224
f 1210 1224 1212
f 1210 1212 1211
f 1210 1221 1223
f 1212 1224 1213
f 1213 1225 1226
f 1213 1226 1227
f 1213 1227 1215
f 1213 1215 1214
f 1213 1224 1225
f 1215 1227 1228
f 1215 1228 1229
f 1215 1229 1230
f 1215 1230 1218
f 1215 1218 1216
f 1217 1220 1222
f 1218 1230 1231
f 1218 1231 1219
f 1219 1231 1232
f 1219 1232 1220
f 1220 1232 1243
f 1220 1243 1253
f 1220 1253 1262
f 1220 1262 1266
f 1220 1266 1263
f 1220 1263 1254
f 1220 1254 1244
f 1220 1244 1233
f 1220 1233 1223
f 1220 1223 1221
f 1220 1221 1222
f 1223 1233 1234
f 1224 1235 1236
f 1224 1236 1225
f 1225 1236 1226
f 1226 1236 1227
f 1227 1237 1238
f 1227 1238 1228
f 1227 1236 1237
f 1228 1239 1229
f 1228 1238 1239
f 1229 1239 1240
f 1229 1240 1241
f 1229 1241 1230
f 1230 1241 1242
f 1230 1242 1231
f 1231 1242 1243
f 1231 1243 1232
f 1233 1244 1245
f 1233 1245 1234
f 1235 1246 1236
f 1236 1247 1237
f 1236 1246 1248
f 1236 1248 1247
f 1237 1249 1250
f 1237 1250 1238
f 1237 1247 1249
f 1238 1250 1239
f 1239 1251 1240
f 1239 1250 1251
f 1240 1252 1242
f 1240 1242 1241
f 1240 1251 1252
f 1242 1252 1243
f 1243 1252 1253
f 1244 1254 1245
f 1245 1254 1255
f 1247 1248 1249
f 1248 1256 1249
f 1249 1257 1258
f 1249 1258 1250
f 1249 1256 1259
f 1249 1259 1257
f 1250 1258 1251
f 1251 1258 1260
f 1251 1260 1261
f 1251 1261 1252
f 1252 1261 1253
f 1253 1261 1262
f 1254 1263 1255
f 1255 1263 1264
f 1256 1265 1259
f 1257 1266 1260
f 1257 1260 1258
f 1257 1259 1265
f 1257 1265 1266
f 1260 1266 1262
f 1260 1262 1261
f 1263 1266 1264
f 1264 1266 1265

o geometry_16
v -0.23935217 0.39217655 -0.13273624
v -0.22186022 0.39217655 -0.21778726
v -0.25377547 0.39217655 -0.13273624
v -0.20935911 0.29642121 -0.13273624
v -0.18391068 0.28027785 -0.21778726
v -0.18971157 0.29843224 -0.21778726
v -0.24660158 0.39217655 -0.21778726
v -0.25377547 0.39217655 -0.19060257
v -0.25377547 0.33593439 -0.13273624
v -0.20450558 0.28027785 -0.13273624
v -0.20423099 0.27930547 -0.13273624
v -0.18364294 0.27929443 -0.21778726
v -0.24767939 0.39217655 -0.21427366
v -0.25377547 0.35124905 -0.21778726
v -0.25050775 0.39217655 -0.20449050
v -0.25377547 0.31336018 -0.21778726
v -0.22917142 0.27929443 -0.13273624
v -0.20436141 0.27929443 -0.13273624
v -0.20907765 0.27929443 -0.21778726
v -0.24928578 0.39217655 -0.20895328
v -0.22313025 0.27929443 -0.16907963
v -0.22680300 0.27929443 -0.15134506
f 1267 1268 1273
f 1267 1273 1279
f 1267 1279 1286
f 1267 1286 1281
f 1267 1281 1274
f 1267 1274 1269
f 1267 1269 1275
f 1267 1275 1283
f 1267 1283 1284
f 1267 1284 1277
f 1267 1277 1276
f 1267 1276 1270
f 1267 1270 1271
f 1267 1271 1272
f 1267 1272 1268
f 1268 1272 1271
f 1268 1271 1278
f 1268 1278 1285
f 1268 1285 1282
f 1268 1282 1280
f 1268 1280 1273
f 1269 1274 1280
f 1269 1280 1282
f 1269 1282 1275
f 1270 1276 1271
f 1271 1276 1277
f 1271 1277 1278
f 1273 1280 1279
f 1274 1281 1280
f 1275 1282 1283
f 1277 1284 1278
f 1278 1284 1283
f 1278 1283 1288
f 1278 1288 1287
f 1278 1287 1285
f 1279 1280 1286
f 1280 1281 1286
f 1282 1285 1287
f 1282 1287 1288
f 1282 1288 1283

o geometry_17
v -0.16300352 0.11101078 -0.21016918
v -0.13523729 0.11101078 -0.21016918
v -0.16485659 0.11101078 -0.20541817
v -0.20130040 0.24380907 -0.21016918
v -0.13597452 0.11723802 -0.21016918
v -0.16521525 0.13534314 -0.02973630
v -0.16428872 0.12330052 -0.02973630
v -0.16384039 0.11723802 -0.02973630
v -0.16372084 0.11101078 -0.02973630
v -0.17027634 0.11101078 -0.18724418
v -0.20660059 0.26293558 -0.21016918
v -0.17672226 0.11101078 -0.16521992
v -0.21842640 0.26214481 -0.16907020
v -0.13701066 0.12338289 -0.21016918
v -0.16862253 0.15346472 -0.02973630
v -0.13803682 0.12936301 -0.21016918
v -0.19090923 0.11101078 -0.02973630
v -0.21257826 0.27929443 -0.20423483
v -0.21070526 0.27929443 -0.21016918
v -0.22312884 0.27929443 -0.16907020
v -0.21778879 0.27929443 -0.18719118
v -0.17937234 0.11101078 -0.15520567
v -0.21211996 0.23323264 -0.16209378
v -0.17318546 0.17161926 -0.02973630
v -0.13871428 0.13269079 -0.21016918
v -0.13967071 0.13654574 -0.21016918
v -0.14048766 0.13982411 -0.21016918
v -0.19090923 0.11101078 -0.02991293
v -0.23701693 0.27929443 -0.02973630
v -0.18607729 0.27929443 -0.21016918
v -0.22645640 0.27929443 -0.15298029
v -0.18049814 0.11101078 -0.15087855
v -0.18401499 0.11101078 -0.13270456
v -0.21723086 0.24402323 -0.15087855
v -0.22679512 0.27929443 -0.15133774
v -0.17474963 0.17779706 -0.02973630
v -0.14417388 0.15346472 -0.21016918
v -0.17762886 0.18914778 -0.02973630
v -0.23684756 0.27929443 -0.04183464
v -0.23682764 0.27929443 -0.04296499
v -0.19034136 0.11101078 -0.06000862
v -0.21116354 0.27929443 -0.02973630
v -0.14992241 0.17232765 -0.21016918
v -0.18355672 0.20779653 -0.02973630
v -0.18641603 0.11101078 -0.11454823
v -0.22917623 0.27929443 -0.13270456
v -0.23641916 0.27929443 -0.06000862
v -0.19017199 0.11101078 -0.06626090
v -0.18850821 0.11101078 -0.09637425
v -0.23154737 0.27929443 -0.11294102
v -0.23002307 0.27929443 -0.12597541
v -0.23632949 0.27929443 -0.06131559
v -0.18982329 0.11101078 -0.07818261
v -0.23512400 0.27929443 -0.07818261
f 1289 1290 1297
f 1289 1297 1305
f 1289 1305 1316
f 1289 1316 1329
f 1289 1329 1336
f 1289 1336 1341
f 1289 1341 1337
f 1289 1337 1333
f 1289 1333 1321
f 1289 1321 1320
f 1289 1320 1310
f 1289 1310 1300
f 1289 1300 1298
f 1289 1298 1291
f 1289 1291 1292
f 1289 1292 1299
f 1289 1299 1307
f 1289 1307 1318
f 1289 1318 1331
f 1289 1331 1325
f 1289 1325 1315
f 1289 1315 1314
f 1289 1314 1313
f 1289 1313 1304
f 1289 1304 1302
f 1289 1302 1293
f 1289 1293 1290
f 1290 1293 1294
f 1290 1294 1295
f 1290 1295 1296
f 1290 1296 1297
f 1291 1298 1292
f 1292 1298 1300
f 1292 1300 1301
f 1292 1301 1299
f 1293 1302 1294
f 1294 1303 1312
f 1294 1312 1324
f 1294 1324 1326
f 1294 1326 1332
f 1294 1332 1330
f 1294 1330 1317
f 1294 1317 1305
f 1294 1305 1297
f 1294 1297 1296
f 1294 1296 1295
f 1294 1302 1304
f 1294 1304 1303
f 1299 1306 1307
f 1299 1301 1308
f 1299 1308 1309
f 1299 1309 1306
f 1300 1310 1311
f 1300 1311 1301
f 1301 1311 1308
f 1303 1304 1313
f 1303 1313 1314
f 1303 1314 1315
f 1303 1315 1312
f 1305 1317 1316
f 1306 1309 1308
f 1306 1308 1319
f 1306 1319 1323
f 1306 1323 1334
f 1306 1334 1339
f 1306 1339 1338
f 1306 1338 1342
f 1306 1342 1340
f 1306 1340 1335
f 1306 1335 1328
f 1306 1328 1327
f 1306 1327 1317
f 1306 1317 1330
f 1306 1330 1318
f 1306 1318 1307
f 1308 1311 1319
f 1310 1320 1311
f 1311 1320 1321
f 1311 1321 1322
f 1311 1322 1323
f 1311 1323 1319
f 1312 1315 1324
f 1315 1325 1326
f 1315 1326 1324
f 1316 1317 1327
f 1316 1327 1328
f 1316 1328 1329
f 1318 1330 1332
f 1318 1332 1331
f 1321 1323 1322
f 1321 1333 1323
f 1323 1333 1334
f 1325 1331 1326
f 1326 1331 1332
f 1328 1335 1329
f 1329 1335 1336
f 1333 1337 1338
f 1333 1338 1339
f 1333 1339 1334
f 1335 1340 1341
f 1335 1341 1336
f 1337 1341 1342
f 1337 1342 1338
f 1340 1342 1341

o geometry_18
v -0.00093501 -0.47853623 -0.02365607
v 0.01564355 -0.47748164 -0.02365607
v -0.00093501 -0.47511492 -0.00745728
v -0.00093501 -0.47832777 -0.04184084
v 0.01564355 -0.47767785 -0.04184084
v 0.02801433 -0.47401128 -0.02365607
v 0.02597358 -0.47262559 -0.01305260
v 0.01564355 -0.47414617 -0.00973686
v 0.02840945 -0.47431786 -0.04184084
v 0.00269435 -0.45289487 0.03473207
v 0.00158640 -0.45289487 0.03473207
v -0.00093501 -0.45253925 0.03473207
v -0.00093501 -0.47520076 -0.05715887
v -0.00093501 -0.47490646 -0.05848862
v 0.01564355 -0.47434238 -0.05683075
v 0.02649904 -0.47304250 -0.05330777
v 0.04067839 -0.46182211 -0.02365607
v 0.04067839 -0.46089016 -0.01916600
v 0.04067839 -0.45604636 -0.00654200
v 0.01030338 -0.45052815 0.03473207
v 0.03749710 -0.46461802 -0.04184084
v 0.04067839 -0.46167498 -0.03552020
v 0.04067839 -0.44937544 -0.11432087
v -0.00093501 -0.37979670 0.03473207
v -0.00093501 -0.47070034 -0.06677797
v 0.04067839 -0.44124525 -0.13271288
v 0.04067839 -0.44253286 0.01057206
v 0.02613244 -0.43676935 0.03473207
v 0.01282479 -0.44849254 0.03473207
v -0.00093501 -0.35326017 0.00903507
v 0.00782271 -0.38014008 0.03473207
v -0.00093501 -0.47018531 -0.06757237
v 0.04067839 -0.43838806 -0.13677120
v 0.04067839 -0.43658542 0.01433681
v 0.02943593 -0.42838167 0.03473207
v -0.00093501 -0.35326017 -0.06964471
v 0.01315066 -0.35326017 0.00673823
v 0.00958647 -0.38141541 0.03473207
v 0.02223424 -0.35326017 0.00197185
v 0.01341950 -0.35326017 0.00660007
v -0.00093501 -0.46113542 -0.07454925
v 0.04067839 -0.43392440 -0.14036324
v 0.04067839 -0.42627245 0.01829151
v 0.02980661 -0.42624793 0.03473207
v -0.00061729 -0.35326017 -0.06966198
v 0.04067839 -0.39680512 -0.12706575
v 0.04067839 -0.39741824 -0.12782561
v 0.04067839 -0.40667662 -0.13502699
v 0.04067839 -0.41315133 -0.13996607
v -0.00093501 -0.39393565 -0.09140427
v 0.01664967 -0.38698266 0.03473207
v 0.02248679 -0.35326017 0.00171281
v 0.02724447 -0.39626556 0.03473207
v -0.00093501 -0.43955302 -0.09067894
v -0.00093501 -0.42743741 -0.09577344
v -0.00093501 -0.42624793 -0.09625698
v 0.04067839 -0.42624793 -0.14169302
v 0.04067839 -0.42369728 0.01844694
v 0.03081273 -0.41198638 0.03473207
v 0.00799379 -0.35326017 -0.06966198
v 0.04067839 -0.39360455 -0.12109051
v 0.01681260 -0.35326017 -0.06536188
v 0.01708144 -0.35326017 -0.06522372
v 0.02894306 -0.35326017 -0.05641628
v 0.02930966 -0.35326017 -0.05613997
v -0.00093501 -0.40814816 -0.09712046
v -0.00093501 -0.39579957 -0.09219865
v 0.03049093 -0.35326017 -0.00711190
v 0.03091863 -0.40814816 0.03473207
v 0.04067839 -0.38990122 0.01217812
v -0.00093501 -0.41007341 -0.09705138
v 0.04067839 -0.40809911 0.01927588
v 0.04067839 -0.38524138 -0.10463269
v 0.03692276 -0.35326017 -0.04184084
v 0.04067839 -0.37319938 -0.00502229
v 0.03071497 -0.35326017 -0.00759544
v 0.04067839 -0.38671289 0.00889692
v 0.04067839 -0.37903641 -0.08527359
v 0.03810403 -0.35326017 -0.02365607
v 0.04067839 -0.36589077 -0.02365607
v 0.04067839 -0.36819617 -0.04184084
f 1343 1344 1345
f 1343 1345 1354
f 1343 1354 1366
f 1343 1366 1372
f 1343 1372 1378
f 1343 1378 1392
f 1343 1392 1409
f 1343 1409 1408
f 1343 1408 1413
f 1343 1413 1398
f 1343 1398 1397
f 1343 1397 1396
f 1343 1396 1383
f 1343 1383 1374
f 1343 1374 1367
f 1343 1367 1356
f 1343 1356 1355
f 1343 1355 1346
f 1343 1346 1347
f 1343 1347 1344
f 1344 1348 1349
f 1344 1349 1350
f 1344 1350 1345
f 1344 1347 1351
f 1344 1351 1348
f 1345 1350 1352
f 1345 1352 1353
f 1345 1353 1354
f 1346 1355 1347
f 1347 1355 1356
f 1347 1356 1357
f 1347 1357 1358
f 1347 1358 1351
f 1348 1359 1360
f 1348 1360 1349
f 1348 1351 1359
f 1349 1360 1361
f 1349 1361 1362
f 1349 1362 1350
f 1350 1362 1352
f 1351 1363 1364
f 1351 1364 1359
f 1351 1358 1365
f 1351 1365 1363
f 1352 1362 1371
f 1352 1371 1370
f 1352 1370 1377
f 1352 1377 1386
f 1352 1386 1401
f 1352 1401 1411
f 1352 1411 1395
f 1352 1395 1393
f 1352 1393 1380
f 1352 1380 1373
f 1352 1373 1366
f 1352 1366 1354
f 1352 1354 1353
f 1356 1367 1368
f 1356 1368 1365
f 1356 1365 1357
f 1357 1365 1358
f 1359 1364 1365
f 1359 1365 1368
f 1359 1368 1375
f 1359 1375 1384
f 1359 1384 1399
f 1359 1399 1391
f 1359 1391 1390
f 1359 1390 1389
f 1359 1389 1388
f 1359 1388 1403
f 1359 1403 1415
f 1359 1415 1420
f 1359 1420 1423
f 1359 1423 1422
f 1359 1422 1417
f 1359 1417 1419
f 1359 1419 1412
f 1359 1412 1414
f 1359 1414 1400
f 1359 1400 1385
f 1359 1385 1376
f 1359 1376 1369
f 1359 1369 1361
f 1359 1361 1360
f 1361 1369 1370
f 1361 1370 1371
f 1361 1371 1362
f 1363 1365 1364
f 1366 1373 1372
f 1367 1374 1368
f 1368 1374 1375
f 1369 1376 1370
f 1370 1376 1377
f 1372 1373 1379
f 1372 1379 1382
f 1372 1382 1381
f 1372 1381 1394
f 1372 1394 1410
f 1372 1410 1418
f 1372 1418 1421
f 1372 1421 1416
f 1372 1416 1407
f 1372 1407 1406
f 1372 1406 1405
f 1372 1405 1404
f 1372 1404 1402
f 1372 1402 1387
f 1372 1387 1378
f 1373 1380 1381
f 1373 1381 1382
f 1373 1382 1379
f 1374 1383 1384
f 1374 1384 1375
f 1376 1385 1377
f 1377 1385 1386
f 1378 1387 1388
f 1378 1388 1389
f 1378 1389 1390
f 1378 1390 1391
f 1378 1391 1392
f 1380 1393 1381
f 1381 1393 1395
f 1381 1395 1394
f 1383 1396 1384
f 1384 1396 1397
f 1384 1397 1398
f 1384 1398 1399
f 1385 1400 1401
f 1385 1401 1386
f 1387 1402 1388
f 1388 1402 1404
f 1388 1404 1405
f 1388 1405 1406
f 1388 1406 1407
f 1388 1407 1403
f 1391 1399 1408
f 1391 1408 1409
f 1391 1409 1392
f 1394 1395 1410
f 1395 1411 1412
f 1395 1412 1410
f 1398 1413 1399
f 1399 1413 1408
f 1400 1414 1401
f 1401 1414 1411
f 1403 1407 1415
f 1407 1416 1415
f 1410 1417 1418
f 1410 1412 1419
f 1410 1419 1417
f 1411 1414 1412
f 1415 1416 1420
f 1416 1421 1420
f 1417 1422 1421
f 1417 1421 1418
f 1420 1421 1423
f 1421 1422 1423

o geometry_19
v 0.31742151 -0.13179011 -0.11137405
v 0.31659474 -0.12806069 -0.11137405
v 0.26245109 -0.13179011 -0.11137405
v 0.31707867 -0.13179011 -0.12334369
v 0.31554613 -0.12722859 -0.14254230
v 0.31607042 -0.12622606 -0.11137405
v 0.31572762 -0.12685765 -0.13271778
v 0.31603009 -0.12630626 -0.11454880
v 0.11143372 -0.10990483 -0.11137405
v 0.11143372 -0.13179011 -0.27515220
v 0.31647373 -0.13179011 -0.13767295
v 0.31584860 -0.13179011 -0.14582432
v 0.31520333 -0.13179011 -0.15416874
v 0.31508234 -0.13123371 -0.15466211
v 0.30491907 -0.11828099 -0.20543655
v 0.30723805 -0.11828099 -0.18726759
v 0.30852863 -0.11828099 -0.16907715
v 0.31060565 -0.12002540 -0.14953533
v 0.31002085 -0.11716818 -0.11137405
v 0.30987969 -0.11779977 -0.13271778
v 0.31002085 -0.11724838 -0.11454880
v 0.11143372 -0.08343295 -0.11137405
v 0.11143372 -0.13179011 -0.31936267
v 0.31512267 -0.13179011 -0.15498388
v 0.31502183 -0.13179011 -0.15599206
v 0.31028300 -0.13179011 -0.19187954
v 0.29957528 -0.12074722 -0.24177449
v 0.29638917 -0.11168933 -0.24177449
v 0.29711510 -0.10960907 -0.23126353
v 0.29790157 -0.10856644 -0.21916517
v 0.29878885 -0.10767920 -0.20543655
v 0.29983743 -0.10689221 -0.18726759
v 0.30251939 -0.10812031 -0.11137405
v 0.30038187 -0.10659647 -0.16907715
v 0.30060369 -0.10647616 -0.15090819
v 0.30078518 -0.10636087 -0.13271778
v 0.12468227 -0.08344798 -0.11137405
v 0.11143372 -0.08121735 -0.22360553
v 0.11143372 -0.12252671 -0.32217275
v 0.13103432 -0.12823112 -0.32391027
v 0.12784822 -0.13179011 -0.32191531
v 0.30796401 -0.13179011 -0.20543655
v 0.29816372 -0.12420596 -0.25325077
v 0.29394917 -0.11821081 -0.25955735
v 0.28136608 -0.10683708 -0.27813391
v 0.28505633 -0.10375429 -0.25994347
v 0.28729466 -0.10261641 -0.24177449
v 0.28822226 -0.10046597 -0.20543655
v 0.28822226 -0.09969403 -0.18726759
v 0.30094652 -0.10629069 -0.11137405
v 0.30092634 -0.10629570 -0.11454880
v 0.28822226 -0.09940830 -0.16907715
v 0.14287131 -0.08379887 -0.11137405
v 0.14287131 -0.08244545 -0.16907715
v 0.14287131 -0.08206449 -0.18726759
v 0.12468227 -0.08267603 -0.15090819
v 0.11143372 -0.08086145 -0.24177449
v 0.11143372 -0.11914317 -0.32281628
v 0.11143372 -0.09242567 -0.32588377
v 0.17920905 -0.11828099 -0.32916575
v 0.14287131 -0.13002065 -0.32461816
v 0.14287131 -0.13179011 -0.32384591
v 0.13490604 -0.13179011 -0.32283774
v 0.30713722 -0.13179011 -0.20991982
v 0.29816372 -0.13167984 -0.25325077
v 0.28090226 -0.13179011 -0.28963162
v 0.28620572 -0.11828099 -0.27813391
v 0.30332601 -0.13179011 -0.22894683
v 0.27924873 -0.10910279 -0.28735781
v 0.26856116 -0.09707240 -0.27703989
v 0.27172709 -0.09469640 -0.25994347
v 0.27255388 -0.09355853 -0.24177449
v 0.27251355 -0.09313245 -0.22360553
v 0.28822226 -0.09906745 -0.11137405
v 0.28822226 -0.09915266 -0.13271778
v 0.28822226 -0.09907246 -0.11454880
v 0.28822226 -0.09927296 -0.15090819
v 0.16104018 -0.08418485 -0.11137405
v 0.16104018 -0.08287654 -0.16907715
v 0.17920905 -0.08459087 -0.11137405
v 0.16104018 -0.08251562 -0.18726759
v 0.14287131 -0.08173867 -0.20543655
v 0.12468227 -0.08125745 -0.22360553
v 0.11143372 -0.08058074 -0.25994347
v 0.11143372 -0.08354322 -0.31290591
v 0.21552662 -0.08932784 -0.30876590
v 0.19737791 -0.09518263 -0.31901946
v 0.21552662 -0.10524806 -0.32620553
v 0.19737791 -0.10424051 -0.32667744
v 0.19737791 -0.11828099 -0.33051717
v 0.15581738 -0.13179011 -0.32539041
v 0.29820405 -0.13179011 -0.25303626
v 0.29808303 -0.13179011 -0.25335802
v 0.28061997 -0.13179011 -0.28999629
v 0.27354197 -0.11828099 -0.29823345
v 0.28053931 -0.11828099 -0.28913826
v 0.26249142 -0.10770427 -0.30683530
v 0.26914595 -0.10524305 -0.29458679
v 0.25857938 -0.09214997 -0.28238118
v 0.26150333 -0.09089179 -0.27026139
v 0.26263258 -0.09048577 -0.25994347
v 0.26345935 -0.09028024 -0.24177449
v 0.27235222 -0.09295700 -0.20543655
v 0.27120280 -0.09294698 -0.11137405
v 0.19737791 -0.08529264 -0.11137405
v 0.17920905 -0.08351315 -0.16907715
v 0.17920905 -0.08288155 -0.20543655
v 0.16104018 -0.08190408 -0.22360553
v 0.16104018 -0.08131259 -0.25994347
v 0.14287131 -0.08145294 -0.22360553
v 0.14287131 -0.08088651 -0.25994347
v 0.12468227 -0.08097674 -0.24177449
v 0.11143372 -0.08083137 -0.27813391
v 0.11143372 -0.08216474 -0.29630285
v 0.14287131 -0.08118226 -0.27813391
v 0.16104018 -0.08151810 -0.27813391
v 0.17920905 -0.08198930 -0.27813391
v 0.17920905 -0.08375877 -0.29630285
v 0.19737791 -0.08456580 -0.29630285
v 0.21552662 -0.08592423 -0.29630285
v 0.22815004 -0.09015994 -0.30704980
v 0.21552662 -0.09619017 -0.31786111
v 0.21552662 -0.11828099 -0.32989509
v 0.22913814 -0.10733834 -0.32483266
v 0.21552662 -0.13179011 -0.32820045
v 0.21092895 -0.13179011 -0.32835063
v 0.19715609 -0.13179011 -0.32800741
v 0.17920905 -0.13179011 -0.32708502
v 0.16104018 -0.13179011 -0.32577650
v 0.26372151 -0.13179011 -0.30814382
v 0.26444745 -0.11828099 -0.30880877
v 0.24026934 -0.09198455 -0.30327443
v 0.25226765 -0.09496708 -0.29686060
v 0.25095691 -0.11770954 -0.31871914
v 0.24125745 -0.11128832 -0.32305224
v 0.25188452 -0.10421545 -0.31061068
v 0.24646007 -0.08985918 -0.29115464
v 0.25226765 -0.08925766 -0.27703989
v 0.25188452 -0.08814986 -0.25994347
v 0.25188452 -0.08809974 -0.24177449
v 0.26210829 -0.09085670 -0.11137405
v 0.26370134 -0.09121761 -0.11137405
v 0.21552662 -0.08634029 -0.11137405
v 0.21552662 -0.08388910 -0.24177449
v 0.19737791 -0.08325249 -0.22360553
v 0.19737791 -0.08294170 -0.24177449
v 0.19737791 -0.08263593 -0.25994347
v 0.12468227 -0.08096170 -0.27813391
v 0.19737791 -0.08265598 -0.27813391
v 0.21552662 -0.08386403 -0.27813391
v 0.23399795 -0.08862105 -0.29686060
v 0.23371565 -0.08573376 -0.27813391
v 0.23470374 -0.09966395 -0.31505100
v 0.23460292 -0.11770954 -0.32611972
v 0.24428223 -0.12336884 -0.32438217
v 0.24428223 -0.12941411 -0.32438217
v 0.23974505 -0.13179011 -0.32476830
v 0.22825088 -0.13179011 -0.32644149
v 0.24674238 -0.13179011 -0.32172227
v 0.23371565 -0.08530768 -0.25994347
v 0.25188452 -0.08948825 -0.11137405
v 0.23371565 -0.08763857 -0.11137405
v 0.21552662 -0.08357330 -0.25994347
f 1424 1425 1429
f 1424 1429 1442
f 1424 1442 1456
f 1424 1456 1473
f 1424 1473 1497
f 1424 1497 1527
f 1424 1527 1565
f 1424 1565 1564
f 1424 1564 1584
f 1424 1584 1585
f 1424 1585 1566
f 1424 1566 1528
f 1424 1528 1503
f 1424 1503 1501
f 1424 1501 1476
f 1424 1476 1460
f 1424 1460 1445
f 1424 1445 1432
f 1424 1432 1426
f 1424 1426 1433
f 1424 1433 1446
f 1424 1446 1464
f 1424 1464 1486
f 1424 1486 1485
f 1424 1485 1514
f 1424 1514 1552
f 1424 1552 1551
f 1424 1551 1550
f 1424 1550 1549
f 1424 1549 1548
f 1424 1548 1581
f 1424 1581 1580
f 1424 1580 1582
f 1424 1582 1553
f 1424 1553 1517
f 1424 1517 1489
f 1424 1489 1516
f 1424 1516 1515
f 1424 1515 1491
f 1424 1491 1487
f 1424 1487 1465
f 1424 1465 1449
f 1424 1449 1448
f 1424 1448 1447
f 1424 1447 1436
f 1424 1436 1435
f 1424 1435 1434
f 1424 1434 1427
f 1424 1427 1428
f 1424 1428 1425
f 1425 1428 1430
f 1425 1430 1431
f 1425 1431 1429
f 1426 1432 1433
f 1427 1434 1428
f 1428 1434 1435
f 1428 1435 1436
f 1428 1436 1437
f 1428 1437 1438
f 1428 1438 1439
f 1428 1439 1440
f 1428 1440 1441
f 1428 1441 1430
f 1429 1431 1443
f 1429 1443 1444
f 1429 1444 1442
f 1430 1441 1443
f 1430 1443 1431
f 1432 1445 1461
f 1432 1461 1480
f 1432 1480 1507
f 1432 1507 1536
f 1432 1536 1537
f 1432 1537 1508
f 1432 1508 1482
f 1432 1482 1481
f 1432 1481 1462
f 1432 1462 1446
f 1432 1446 1433
f 1436 1447 1437
f 1437 1447 1448
f 1437 1448 1449
f 1437 1449 1438
f 1438 1449 1450
f 1438 1450 1451
f 1438 1451 1452
f 1438 1452 1439
f 1439 1452 1453
f 1439 1453 1454
f 1439 1454 1455
f 1439 1455 1440
f 1440 1455 1443
f 1440 1443 1441
f 1442 1444 1457
f 1442 1457 1458
f 1442 1458 1459
f 1442 1459 1456
f 1443 1455 1457
f 1443 1457 1444
f 1445 1460 1461
f 1446 1462 1463
f 1446 1463 1464
f 1449 1465 1450
f 1450 1466 1451
f 1450 1465 1466
f 1451 1466 1467
f 1451 1467 1468
f 1451 1468 1469
f 1451 1469 1452
f 1452 1469 1470
f 1452 1470 1453
f 1453 1470 1454
f 1454 1470 1455
f 1455 1470 1471
f 1455 1471 1472
f 1455 1472 1457
f 1456 1459 1474
f 1456 1474 1473
f 1457 1472 1475
f 1457 1475 1458
f 1458 1475 1459
f 1459 1475 1474
f 1460 1476 1477
f 1460 1477 1478
f 1460 1478 1479
f 1460 1479 1480
f 1460 1480 1461
f 1462 1481 1463
f 1463 1482 1483
f 1463 1483 1484
f 1463 1484 1485
f 1463 1485 1486
f 1463 1486 1464
f 1463 1481 1482
f 1465 1487 1466
f 1466 1488 1489
f 1466 1489 1490
f 1466 1490 1467
f 1466 1487 1491
f 1466 1491 1488
f 1467 1490 1492
f 1467 1492 1468
f 1468 1493 1469
f 1468 1492 1493
f 1469 1493 1494
f 1469 1494 1470
f 1470 1494 1495
f 1470 1495 1471
f 1471 1495 1472
f 1472 1495 1496
f 1472 1496 1475
f 1473 1474 1498
f 1473 1498 1499
f 1473 1499 1497
f 1474 1475 1500
f 1474 1500 1498
f 1475 1496 1500
f 1476 1501 1477
f 1477 1502 1478
f 1477 1501 1503
f 1477 1503 1502
f 1478 1502 1504
f 1478 1504 1505
f 1478 1505 1506
f 1478 1506 1479
f 1479 1506 1480
f 1480 1506 1535
f 1480 1535 1507
f 1482 1508 1509
f 1482 1509 1510
f 1482 1510 1511
f 1482 1511 1512
f 1482 1512 1513
f 1482 1513 1483
f 1483 1513 1514
f 1483 1514 1484
f 1484 1514 1485
f 1488 1491 1515
f 1488 1515 1516
f 1488 1516 1489
f 1489 1517 1518
f 1489 1518 1519
f 1489 1519 1490
f 1490 1519 1492
f 1492 1519 1518
f 1492 1518 1520
f 1492 1520 1521
f 1492 1521 1522
f 1492 1522 1493
f 1493 1523 1494
f 1493 1522 1523
f 1494 1523 1524
f 1494 1524 1495
f 1495 1524 1525
f 1495 1525 1496
f 1496 1525 1526
f 1496 1526 1498
f 1496 1498 1500
f 1497 1499 1526
f 1497 1526 1527
f 1498 1526 1499
f 1502 1503 1504
f 1503 1528 1529
f 1503 1529 1504
f 1504 1529 1530
f 1504 1530 1569
f 1504 1569 1570
f 1504 1570 1531
f 1504 1531 1505
f 1505 1531 1532
f 1505 1532 1533
f 1505 1533 1506
f 1506 1533 1534
f 1506 1534 1535
f 1507 1535 1534
f 1507 1534 1536
f 1508 1537 1538
f 1508 1538 1539
f 1508 1539 1540
f 1508 1540 1541
f 1508 1541 1542
f 1508 1542 1509
f 1509 1542 1543
f 1509 1543 1544
f 1509 1544 1545
f 1509 1545 1510
f 1510 1545 1511
f 1511 1546 1512
f 1511 1545 1547
f 1511 1547 1546
f 1512 1546 1513
f 1513 1546 1548
f 1513 1548 1549
f 1513 1549 1550
f 1513 1550 1551
f 1513 1551 1552
f 1513 1552 1514
f 1517 1553 1554
f 1517 1554 1518
f 1518 1554 1520
f 1520 1555 1556
f 1520 1556 1521
f 1520 1554 1557
f 1520 1557 1558
f 1520 1558 1559
f 1520 1559 1555
f 1521 1556 1522
f 1522 1556 1560
f 1522 1560 1523
f 1523 1560 1561
f 1523 1561 1524
f 1524 1561 1562
f 1524 1562 1525
f 1525 1562 1563
f 1525 1563 1564
f 1525 1564 1565
f 1525 1565 1527
f 1525 1527 1526
f 1528 1566 1567
f 1528 1567 1568
f 1528 1568 1529
f 1529 1568 1530
f 1530 1568 1569
f 1531 1570 1532
f 1532 1534 1533
f 1532 1570 1540
f 1532 1540 1539
f 1532 1539 1534
f 1534 1539 1538
f 1534 1538 1571
f 1534 1571 1536
f 1536 1571 1537
f 1537 1571 1538
f 1540 1570 1572
f 1540 1572 1541
f 1541 1572 1542
f 1542 1572 1573
f 1542 1573 1543
f 1543 1574 1544
f 1543 1573 1575
f 1543 1575 1574
f 1544 1574 1560
f 1544 1560 1555
f 1544 1555 1576
f 1544 1576 1545
f 1545 1576 1547
f 1546 1547 1577
f 1546 1577 1578
f 1546 1578 1579
f 1546 1579 1580
f 1546 1580 1581
f 1546 1581 1548
f 1547 1576 1558
f 1547 1558 1577
f 1553 1582 1579
f 1553 1579 1554
f 1554 1579 1578
f 1554 1578 1557
f 1555 1559 1576
f 1555 1560 1556
f 1557 1578 1558
f 1558 1576 1559
f 1558 1578 1577
f 1560 1574 1575
f 1560 1575 1561
f 1561 1575 1562
f 1562 1575 1583
f 1562 1583 1563
f 1563 1583 1564
f 1564 1583 1584
f 1566 1585 1567
f 1567 1586 1568
f 1567 1585 1586
f 1568 1586 1569
f 1569 1586 1570
f 1570 1586 1572
f 1572 1586 1573
f 1573 1586 1583
f 1573 1583 1575
f 1579 1582 1580
f 1583 1586 1585
f 1583 1585 1584

o geometry_20
v -0.00253477 -0.47863678 -0.02365303
v -0.00093501 -0.47852635 -0.02365303
v -0.00253477 -0.47521275 -0.00723061
v -0.02070549 -0.47728682 -0.02365303
v -0.00253477 -0.47837908 -0.04183685
v -0.00093501 -0.47831770 -0.04183685
v -0.00093501 -0.47511456 -0.00745510
v -0.02070549 -0.47407141 -0.01007992
v -0.00093501 -0.45253303 0.03473206
v -0.00253477 -0.47029143 0.00185267
v -0.03068630 -0.47241461 -0.01344730
v -0.03204090 -0.47367866 -0.02365303
v -0.02070549 -0.47678364 -0.04183685
v -0.00253477 -0.47496730 -0.05863919
v -0.00093501 -0.47520047 -0.05717136
v -0.00301677 -0.45223847 0.03473206
v -0.00093501 -0.37979346 0.03473206
v -0.04338046 -0.45869384 -0.00824945
v -0.01853647 -0.44462947 0.03473206
v -0.04338046 -0.44346360 0.01257646
v -0.04338046 -0.46243698 -0.02342854
v -0.03163368 -0.47329822 -0.04183685
v -0.03014612 -0.47189915 -0.05140366
v -0.02070549 -0.47356823 -0.05485737
v -0.00093501 -0.47490594 -0.05848377
v -0.04338046 -0.45004169 -0.11479665
v -0.04338046 -0.44390540 -0.13051105
v -0.00253477 -0.37969528 0.03473206
v -0.00093501 -0.35327241 0.00903640
v -0.00253477 -0.35327241 0.00927816
v -0.02100466 -0.44254316 0.03473206
v -0.03004224 -0.42625742 0.03473206
v -0.04338046 -0.42625742 0.02110715
v -0.00093501 -0.47069645 -0.06677269
v -0.04338046 -0.44272722 -0.13163351
v -0.00093501 -0.47019328 -0.06756706
v -0.00618719 -0.37980574 0.03473206
v -0.00093501 -0.35327241 -0.06963928
v -0.01612230 -0.35327241 0.00615255
v -0.01218316 -0.38052982 0.03473206
v -0.03043283 -0.41232807 0.03473206
v -0.04338046 -0.40815538 0.02074451
v -0.04338046 -0.42625742 -0.14168383
v -0.00093501 -0.43956092 -0.09067242
v -0.00093501 -0.46112382 -0.07456083
v -0.00093501 -0.39393147 -0.09141498
v -0.04338046 -0.41047490 -0.13795382
v -0.04338046 -0.40648630 -0.13479367
v -0.04338046 -0.39773597 -0.12700553
v -0.04338046 -0.39588279 -0.12488150
v -0.00971081 -0.35327241 -0.06894854
v -0.02520558 -0.35327241 -0.00021956
v -0.01809602 -0.38696064 0.03473206
v -0.03034142 -0.40815538 0.03473206
v -0.04338046 -0.39535509 0.01461416
v -0.04338046 -0.41775253 -0.14047503
v -0.00093501 -0.40815538 -0.09713087
v -0.00093501 -0.41008218 -0.09704453
v -0.00093501 -0.42625742 -0.09625017
v -0.00093501 -0.42743560 -0.09576666
v -0.00093501 -0.39580916 -0.09219205
v -0.04338046 -0.38038255 -0.08984353
v -0.03187053 -0.35327241 -0.05352769
v -0.02103375 -0.35327241 -0.06221379
v -0.02070549 -0.35327241 -0.06247282
v -0.03322513 -0.35327241 -0.00904381
v -0.04338046 -0.39050741 0.01185119
v -0.02149498 -0.39072833 0.03473206
v -0.03703546 -0.35327241 -0.04183685
v -0.03202012 -0.35327241 -0.05319959
v -0.04338046 -0.36835542 -0.02360123
v -0.03863521 -0.35327241 -0.02365303
v -0.03347444 -0.35327241 -0.00932011
v -0.04338046 -0.37494578 -0.00325883
v -0.04338046 -0.37398853 -0.00548648
f 1587 1588 1589
f 1587 1589 1590
f 1587 1590 1591
f 1587 1591 1592
f 1587 1592 1588
f 1588 1593 1589
f 1588 1592 1601
f 1588 1601 1611
f 1588 1611 1620
f 1588 1620 1622
f 1588 1622 1631
f 1588 1631 1630
f 1588 1630 1646
f 1588 1646 1645
f 1588 1645 1644
f 1588 1644 1643
f 1588 1643 1647
f 1588 1647 1632
f 1588 1632 1624
f 1588 1624 1615
f 1588 1615 1603
f 1588 1603 1595
f 1588 1595 1593
f 1589 1594 1590
f 1589 1593 1595
f 1589 1595 1596
f 1589 1596 1594
f 1590 1594 1597
f 1590 1597 1598
f 1590 1598 1599
f 1590 1599 1591
f 1591 1599 1600
f 1591 1600 1592
f 1592 1600 1601
f 1594 1596 1602
f 1594 1602 1597
f 1595 1603 1614
f 1595 1614 1623
f 1595 1623 1626
f 1595 1626 1639
f 1595 1639 1654
f 1595 1654 1640
f 1595 1640 1627
f 1595 1627 1618
f 1595 1618 1617
f 1595 1617 1605
f 1595 1605 1602
f 1595 1602 1596
f 1597 1604 1598
f 1597 1602 1605
f 1597 1605 1606
f 1597 1606 1604
f 1598 1604 1607
f 1598 1607 1608
f 1598 1608 1599
f 1599 1608 1609
f 1599 1609 1610
f 1599 1610 1600
f 1600 1611 1601
f 1600 1610 1612
f 1600 1612 1613
f 1600 1613 1611
f 1603 1615 1616
f 1603 1616 1614
f 1604 1606 1619
f 1604 1619 1628
f 1604 1628 1641
f 1604 1641 1653
f 1604 1653 1660
f 1604 1660 1661
f 1604 1661 1657
f 1604 1657 1648
f 1604 1648 1636
f 1604 1636 1635
f 1604 1635 1634
f 1604 1634 1633
f 1604 1633 1642
f 1604 1642 1629
f 1604 1629 1621
f 1604 1621 1613
f 1604 1613 1612
f 1604 1612 1607
f 1605 1617 1606
f 1606 1617 1618
f 1606 1618 1619
f 1607 1612 1608
f 1608 1612 1609
f 1609 1612 1610
f 1611 1613 1620
f 1613 1621 1622
f 1613 1622 1620
f 1614 1616 1623
f 1615 1624 1637
f 1615 1637 1651
f 1615 1651 1650
f 1615 1650 1649
f 1615 1649 1656
f 1615 1656 1655
f 1615 1655 1658
f 1615 1658 1659
f 1615 1659 1652
f 1615 1652 1638
f 1615 1638 1625
f 1615 1625 1616
f 1616 1625 1626
f 1616 1626 1623
f 1618 1627 1619
f 1619 1627 1628
f 1621 1629 1630
f 1621 1630 1631
f 1621 1631 1622
f 1624 1632 1633
f 1624 1633 1634
f 1624 1634 1635
f 1624 1635 1636
f 1624 1636 1637
f 1625 1638 1626
f 1626 1638 1639
f 1627 1640 1628
f 1628 1640 1641
f 1629 1642 1643
f 1629 1643 1644
f 1629 1644 1645
f 1629 1645 1646
f 1629 1646 1630
f 1632 1647 1633
f 1633 1647 1643
f 1633 1643 1642
f 1636 1648 1649
f 1636 1649 1650
f 1636 1650 1651
f 1636 1651 1637
f 1638 1652 1653
f 1638 1653 1654
f 1638 1654 1639
f 1640 1654 1641
f 1641 1654 1653
f 1648 1655 1656
f 1648 1656 1649
f 1648 1657 1658
f 1648 1658 1655
f 1652 1659 1653
f 1653 1659 1660
f 1657 1661 1658
f 1658 1661 1660
f 1658 1660 1659

o geometry_21
v 0.06799520 -0.07942388 0.28537370
v 0.06921691 -0.07942388 0.27293475
v 0.06840019 -0.07942388 0.28754518
v 0.09896300 0.08115406 0.28537370
v 0.07182231 -0.07942388 0.25507621
v 0.10119716 0.08115406 0.26720494
v 0.07228129 -0.07942388 0.29921771
v 0.09903724 0.08115406 0.28555618
v 0.07274027 -0.07942388 0.25314802
v 0.10948584 0.08115406 0.25462002
v 0.07389448 -0.07942388 0.30036126
v 0.10887836 0.08115406 0.30530642
v 0.08477505 -0.07942388 0.24602528
v 0.12216859 0.08115406 0.25462002
v 0.08833891 -0.07827645 0.24602528
v 0.08815667 -0.07942388 0.30640736
v 0.12293806 0.08115406 0.30629181
v 0.10650245 -0.02769502 0.30775163
v 0.10127816 -0.07942388 0.24602528
v 0.12231709 0.08115406 0.25462610
v 0.08901388 -0.07829216 0.24602528
v 0.09134929 -0.07942388 0.30631612
v 0.10650245 -0.04581819 0.30815914
v 0.12936381 0.08115406 0.30026394
v 0.12467950 0.04475053 0.30632831
v 0.12467950 0.06287371 0.30589642
v 0.13491884 0.06287371 0.29700972
v 0.10162914 -0.07942388 0.24619559
v 0.12232383 0.08098115 0.25462610
v 0.12274232 0.06287371 0.25498497
v 0.12251283 0.00851989 0.25537426
v 0.13132124 0.08115406 0.26440694
v 0.13182747 0.06287371 0.26210163
v 0.13215821 0.04475053 0.26054449
v 0.10411304 -0.07942388 0.30106685
v 0.10795365 -0.06493162 0.30275170
v 0.11986018 -0.04581819 0.30041600
v 0.12224283 -0.02769502 0.30227726
v 0.12467950 0.00851989 0.30492322
v 0.12467950 0.02664307 0.30597550
v 0.13425737 0.08115406 0.29565940
v 0.13526983 0.04475053 0.29755109
v 0.13426412 0.08098115 0.29567156
v 0.13694376 0.04475053 0.28537370
v 0.10756216 -0.07942388 0.24910917
v 0.13225270 0.02664307 0.26025251
v 0.12316755 0.02664307 0.25552632
v 0.12125063 -0.00958756 0.25505188
v 0.13140223 0.08115406 0.26454075
v 0.13140898 0.08098115 0.26450426
v 0.13488510 0.06287371 0.27118905
v 0.13543858 0.04475053 0.26963190
v 0.10632021 -0.07942388 0.29689416
v 0.11754502 -0.05955597 0.29762406
v 0.13409538 -0.00218425 0.29516062
v 0.12594170 -0.00877021 0.30174808
v 0.13457461 0.00851989 0.29620682
v 0.13508759 0.02664307 0.29722870
v 0.13604605 0.06287371 0.28537370
v 0.13480410 0.08098115 0.28537370
v 0.13479060 0.08115406 0.28537370
v 0.13677503 0.02664307 0.28537370
v 0.13545207 0.02664307 0.26933994
v 0.13429787 0.08098115 0.27359168
v 0.11650556 -0.05790555 0.25724162
v 0.11316444 -0.07942388 0.26630472
v 0.13159797 0.00851989 0.26246658
v 0.13429112 0.08115406 0.27362210
v 0.11139601 -0.07942388 0.28537370
v 0.11498687 -0.07159617 0.28537370
v 0.11867897 -0.06252672 0.28537370
v 0.12444326 -0.04581819 0.28537370
v 0.12930981 -0.02769502 0.28537370
v 0.13263068 -0.01263691 0.28537370
v 0.13429787 -0.00356746 0.28537370
v 0.13557357 0.00851989 0.28537370
v 0.13479060 0.08115406 0.28521556
v 0.13475685 0.00851989 0.27155401
v 0.13066651 -0.00921032 0.26790445
v 0.12677866 -0.02769502 0.26720494
v 0.12247233 -0.04581819 0.26720494
v 0.13414263 -0.00293873 0.27443108
f 1662 1663 1666
f 1662 1666 1670
f 1662 1670 1674
f 1662 1674 1680
f 1662 1680 1689
f 1662 1689 1706
f 1662 1706 1727
f 1662 1727 1730
f 1662 1730 1714
f 1662 1714 1696
f 1662 1696 1683
f 1662 1683 1677
f 1662 1677 1672
f 1662 1672 1668
f 1662 1668 1664
f 1662 1664 1665
f 1662 1665 1663
f 1663 1665 1667
f 1663 1667 1666
f 1664 1668 1665
f 1665 1669 1673
f 1665 1673 1678
f 1665 1678 1685
f 1665 1685 1702
f 1665 1702 1722
f 1665 1722 1738
f 1665 1738 1729
f 1665 1729 1710
f 1665 1710 1693
f 1665 1693 1681
f 1665 1681 1675
f 1665 1675 1671
f 1665 1671 1667
f 1665 1668 1669
f 1666 1667 1670
f 1667 1671 1670
f 1668 1672 1673
f 1668 1673 1669
f 1670 1671 1674
f 1671 1675 1676
f 1671 1676 1674
f 1672 1677 1673
f 1673 1677 1679
f 1673 1679 1678
f 1674 1676 1682
f 1674 1682 1680
f 1675 1681 1680
f 1675 1680 1682
f 1675 1682 1676
f 1677 1683 1684
f 1677 1684 1679
f 1678 1679 1684
f 1678 1684 1686
f 1678 1686 1687
f 1678 1687 1688
f 1678 1688 1685
f 1680 1681 1690
f 1680 1690 1691
f 1680 1691 1692
f 1680 1692 1689
f 1681 1693 1694
f 1681 1694 1695
f 1681 1695 1690
f 1683 1696 1684
f 1684 1697 1698
f 1684 1698 1699
f 1684 1699 1700
f 1684 1700 1701
f 1684 1701 1686
f 1684 1696 1697
f 1685 1688 1702
f 1686 1701 1703
f 1686 1703 1687
f 1687 1703 1688
f 1688 1704 1702
f 1688 1703 1705
f 1688 1705 1704
f 1689 1692 1706
f 1690 1695 1707
f 1690 1707 1691
f 1691 1707 1708
f 1691 1708 1692
f 1692 1708 1707
f 1692 1707 1709
f 1692 1709 1706
f 1693 1710 1711
f 1693 1711 1694
f 1694 1711 1712
f 1694 1712 1713
f 1694 1713 1695
f 1695 1713 1707
f 1696 1714 1715
f 1696 1715 1698
f 1696 1698 1697
f 1698 1715 1716
f 1698 1716 1699
f 1699 1716 1717
f 1699 1717 1700
f 1700 1717 1718
f 1700 1718 1719
f 1700 1719 1701
f 1701 1719 1703
f 1702 1704 1705
f 1702 1705 1720
f 1702 1720 1721
f 1702 1721 1722
f 1703 1719 1723
f 1703 1723 1705
f 1705 1723 1724
f 1705 1724 1713
f 1705 1713 1712
f 1705 1712 1725
f 1705 1725 1720
f 1706 1726 1727
f 1706 1709 1707
f 1706 1707 1728
f 1706 1728 1726
f 1707 1713 1724
f 1707 1724 1728
f 1710 1729 1711
f 1711 1725 1712
f 1711 1729 1725
f 1714 1730 1715
f 1715 1730 1731
f 1715 1731 1732
f 1715 1732 1733
f 1715 1733 1716
f 1716 1733 1734
f 1716 1734 1735
f 1716 1735 1736
f 1716 1736 1737
f 1716 1737 1723
f 1716 1723 1718
f 1716 1718 1717
f 1718 1723 1719
f 1720 1725 1729
f 1720 1729 1738
f 1720 1738 1721
f 1721 1738 1722
f 1723 1737 1739
f 1723 1739 1724
f 1724 1739 1728
f 1726 1740 1741
f 1726 1741 1742
f 1726 1742 1727
f 1726 1728 1740
f 1727 1731 1730
f 1727 1742 1733
f 1727 1733 1732
f 1727 1732 1731
f 1728 1739 1743
f 1728 1743 1740
f 1733 1742 1734
f 1734 1742 1743
f 1734 1743 1735
f 1735 1743 1736
f 1736 1743 1737
f 1737 1743 1739
f 1740 1743 1741
f 1741 1743 1742

o geometry_22
v -0.02069312 0.13534322 0.24621877
v -0.03886807 0.13534322 0.24623808
v -0.00253091 0.14991265 0.25215703
v 0.01563130 0.14990851 0.25214414
v 0.03380625 0.14990851 0.25222144
v -0.00253091 0.13534322 0.24637333
v -0.05704302 0.12076966 0.25179634
v -0.02069312 0.14985888 0.25223431
v -0.05704302 0.13534322 0.24636689
v -0.02069312 0.15628134 0.26720234
v -0.00253091 0.15636819 0.26720234
v 0.01563130 0.15638887 0.26720234
v 0.03380625 0.15636819 0.26720234
v 0.05198120 0.15625653 0.26720234
v 0.05198120 0.14987543 0.25242754
v 0.01563130 0.13534322 0.24657299
v -0.03886807 0.12110877 0.25192516
v 0.07015616 0.12242386 0.25325838
v 0.07016890 0.12241973 0.25326481
v -0.05704302 0.11497166 0.26720234
v -0.06003819 0.11492204 0.26720234
v -0.06003819 0.12076139 0.25182212
v -0.03886807 0.14971001 0.25242754
v -0.05704302 0.14935849 0.25269159
v -0.06003819 0.13534322 0.24648282
v -0.02069312 0.15703815 0.28537782
v -0.03886807 0.15603322 0.26720234
v -0.05704302 0.15672798 0.28537782
v -0.03886807 0.15691821 0.28537782
v -0.00253091 0.15708776 0.28537782
v 0.01563130 0.15712913 0.28537782
v 0.03380625 0.15712913 0.28537782
v 0.05198120 0.15706296 0.28537782
v 0.07015616 0.15662046 0.28537782
v 0.07015616 0.15580989 0.26720234
v 0.07015616 0.14969346 0.25274313
v 0.03380625 0.13534322 0.24684995
v 0.05198120 0.13534322 0.24732011
v 0.07016890 0.13533495 0.24788688
v 0.07016890 0.11784998 0.26720234
v 0.07016890 0.11691535 0.28537782
v -0.06003819 0.11488895 0.28537782
v -0.05704302 0.15552455 0.26720234
v -0.06003819 0.14924682 0.25277532
v -0.06003819 0.15055365 0.30345023
v -0.05704302 0.15056606 0.30345667
v -0.06003819 0.15565275 0.27019081
v -0.06003819 0.15666181 0.28537782
v -0.06003819 0.15570238 0.28834695
v -0.03886807 0.15059500 0.30346310
v -0.02069312 0.15061569 0.30347601
v -0.00253091 0.15063222 0.30348888
v 0.01563130 0.15064876 0.30349532
v 0.05198120 0.15068185 0.30350819
v 0.07015616 0.15050402 0.30351466
v 0.07016890 0.15050402 0.30350819
v 0.07016890 0.15661631 0.28536492
v 0.07016890 0.15580576 0.26719591
v 0.07016890 0.14968520 0.25274313
v 0.07015616 0.13534322 0.24788688
v 0.07016890 0.12148510 0.30276110
v -0.06003819 0.11973164 0.30012043
v -0.06003819 0.15535913 0.26720234
v -0.06003819 0.14806407 0.30486075
v -0.06003819 0.13534322 0.31200983
v 0.07016890 0.13534322 0.31181019
v -0.05704302 0.13534322 0.31200983
v -0.03886807 0.13534322 0.31199052
v -0.06003819 0.12072830 0.30302517
v -0.06003819 0.13291567 0.31053492
f 1744 1745 1746
f 1744 1746 1747
f 1744 1747 1748
f 1744 1748 1749
f 1744 1749 1750
f 1744 1750 1745
f 1745 1751 1746
f 1745 1750 1752
f 1745 1752 1751
f 1746 1751 1753
f 1746 1753 1754
f 1746 1754 1755
f 1746 1755 1747
f 1747 1755 1756
f 1747 1756 1748
f 1748 1756 1757
f 1748 1757 1758
f 1748 1758 1759
f 1748 1759 1749
f 1749 1759 1750
f 1750 1759 1760
f 1750 1760 1761
f 1750 1761 1762
f 1750 1762 1763
f 1750 1763 1764
f 1750 1764 1765
f 1750 1765 1752
f 1751 1752 1766
f 1751 1766 1753
f 1752 1767 1766
f 1752 1765 1768
f 1752 1768 1767
f 1753 1769 1754
f 1753 1766 1770
f 1753 1770 1771
f 1753 1771 1772
f 1753 1772 1769
f 1754 1769 1773
f 1754 1773 1774
f 1754 1774 1755
f 1755 1774 1775
f 1755 1775 1756
f 1756 1775 1776
f 1756 1776 1757
f 1757 1776 1777
f 1757 1777 1778
f 1757 1778 1779
f 1757 1779 1758
f 1758 1780 1759
f 1758 1779 1780
f 1759 1780 1760
f 1760 1780 1761
f 1761 1780 1781
f 1761 1781 1782
f 1761 1782 1762
f 1762 1782 1802
f 1762 1802 1801
f 1762 1801 1800
f 1762 1800 1799
f 1762 1799 1809
f 1762 1809 1804
f 1762 1804 1784
f 1762 1784 1783
f 1762 1783 1763
f 1763 1783 1784
f 1763 1784 1764
f 1764 1784 1785
f 1764 1785 1805
f 1764 1805 1812
f 1764 1812 1813
f 1764 1813 1808
f 1764 1808 1807
f 1764 1807 1788
f 1764 1788 1792
f 1764 1792 1791
f 1764 1791 1790
f 1764 1790 1806
f 1764 1806 1787
f 1764 1787 1768
f 1764 1768 1765
f 1766 1767 1770
f 1767 1786 1770
f 1767 1768 1787
f 1767 1787 1786
f 1769 1772 1788
f 1769 1788 1789
f 1769 1789 1773
f 1770 1786 1790
f 1770 1790 1791
f 1770 1791 1771
f 1771 1791 1792
f 1771 1792 1772
f 1772 1792 1788
f 1773 1789 1774
f 1774 1789 1793
f 1774 1793 1794
f 1774 1794 1795
f 1774 1795 1796
f 1774 1796 1797
f 1774 1797 1775
f 1775 1797 1776
f 1776 1797 1798
f 1776 1798 1777
f 1777 1798 1799
f 1777 1799 1800
f 1777 1800 1778
f 1778 1800 1801
f 1778 1801 1779
f 1779 1801 1802
f 1779 1802 1782
f 1779 1782 1803
f 1779 1803 1781
f 1779 1781 1780
f 1781 1803 1782
f 1784 1804 1785
f 1785 1804 1805
f 1786 1787 1806
f 1786 1806 1790
f 1788 1807 1789
f 1789 1794 1793
f 1789 1807 1794
f 1794 1807 1808
f 1794 1808 1795
f 1795 1808 1796
f 1796 1808 1797
f 1797 1809 1798
f 1797 1808 1810
f 1797 1810 1811
f 1797 1811 1809
f 1798 1809 1799
f 1804 1809 1812
f 1804 1812 1805
f 1808 1813 1810
f 1809 1811 1813
f 1809 1813 1812
f 1810 1813 1811

o geometry_23
v 0.31895256 -0.15452105 -0.11139528
v 0.31864784 -0.13955663 -0.11139528
v 0.31655539 -0.16578618 -0.11139528
v 0.31641315 -0.16543832 -0.11453892
v 0.31870877 -0.15452105 -0.11453892
v 0.31570214 -0.14614579 -0.16150229
v 0.31570214 -0.14331613 -0.16150229
v 0.31738830 -0.13640586 -0.13272103
v 0.31848530 -0.13640586 -0.11139528
v 0.30972949 -0.17483707 -0.11139528
v 0.31578341 -0.16414725 -0.12549916
v 0.31700231 -0.15481539 -0.13204132
v 0.31631160 -0.14861421 -0.15090314
v 0.31226890 -0.15312294 -0.16817189
v 0.30832774 -0.15452105 -0.18726734
v 0.30899817 -0.13640586 -0.20542821
v 0.31210638 -0.13640586 -0.18726734
v 0.31436135 -0.13692765 -0.16817189
v 0.31519426 -0.13179680 -0.15417421
v 0.31618971 -0.13692765 -0.14952249
v 0.31647412 -0.13179680 -0.13767012
v 0.31706327 -0.13179680 -0.12333260
v 0.31742892 -0.13179680 -0.11139528
v 0.30062832 -0.18380771 -0.11139528
v 0.30034391 -0.18365385 -0.11453892
v 0.29853590 -0.18252333 -0.13272103
v 0.29743886 -0.18178079 -0.14227937
v 0.30944509 -0.17448923 -0.11453892
v 0.30284267 -0.16992698 -0.16908525
v 0.30093307 -0.16776627 -0.18726734
v 0.29902343 -0.16557212 -0.20215714
v 0.30278174 -0.15625364 -0.20710623
v 0.30062832 -0.15199242 -0.22358908
v 0.29875934 -0.14825967 -0.23758675
v 0.30489450 -0.13640586 -0.22358908
v 0.29819053 -0.13179680 -0.25305004
v 0.30333024 -0.13179680 -0.22894175
v 0.30712916 -0.13179680 -0.20993126
v 0.30796210 -0.13179680 -0.20542821
v 0.31027803 -0.13179680 -0.19189784
v 0.31501144 -0.13179680 -0.15597968
v 0.31511302 -0.13179680 -0.15498136
v 0.31584434 -0.13179680 -0.14582659
v 0.26243593 -0.13179680 -0.11139528
v 0.29063331 -0.18853719 -0.11139528
v 0.28823614 -0.18938007 -0.11453892
v 0.28823614 -0.18744011 -0.13272103
v 0.28457939 -0.18487803 -0.16908525
v 0.28232442 -0.18377426 -0.18726734
v 0.28049606 -0.18263705 -0.20043664
v 0.29368056 -0.17898458 -0.16908525
v 0.29140528 -0.17682387 -0.18726734
v 0.28884557 -0.17335870 -0.20736111
v 0.28654998 -0.17057587 -0.22358908
v 0.29721539 -0.16344485 -0.21428562
v 0.29305079 -0.15438727 -0.24289695
v 0.29693098 -0.14376432 -0.24971523
v 0.29563081 -0.16105001 -0.22358908
v 0.29999858 -0.13719522 -0.24289695
v 0.29808895 -0.13179680 -0.25336865
v 0.11143372 -0.15335708 -0.11139528
v 0.11143372 -0.13179680 -0.27516169
v 0.28823614 -0.18964095 -0.11139528
v 0.27005410 -0.19499925 -0.11453892
v 0.27005410 -0.19345397 -0.13272103
v 0.27005410 -0.19182843 -0.15090314
v 0.27005410 -0.19014936 -0.16908525
v 0.27005410 -0.18824286 -0.18726734
v 0.27129332 -0.18519912 -0.20606544
v 0.26672242 -0.18427598 -0.22358908
v 0.26300476 -0.18269725 -0.24177118
v 0.26111544 -0.18176072 -0.25109588
v 0.27818013 -0.18115197 -0.21256511
v 0.28319798 -0.16763249 -0.24177118
v 0.28061795 -0.16515736 -0.25432449
v 0.28520916 -0.15545758 -0.26020818
v 0.29437126 -0.13719522 -0.25957095
v 0.28208063 -0.15003908 -0.27443950
v 0.27868801 -0.14444665 -0.28654675
v 0.28476224 -0.13760329 -0.27955853
v 0.28092267 -0.13236540 -0.28964791
v 0.28090236 -0.13179680 -0.28962665
v 0.11143372 -0.18716585 -0.11139528
v 0.11143372 -0.13179680 -0.31934249
v 0.27322325 -0.19427678 -0.11139528
v 0.25187208 -0.19700610 -0.11453892
v 0.25187208 -0.19549427 -0.13272103
v 0.27005410 -0.19518656 -0.11139528
v 0.25187208 -0.18897870 -0.20542821
v 0.25187208 -0.18714578 -0.22358908
v 0.25187208 -0.18222229 -0.25321996
v 0.25187208 -0.17940601 -0.26231101
v 0.25353791 -0.17083006 -0.27979217
v 0.26564571 -0.16727124 -0.27482182
v 0.26942432 -0.17224825 -0.25878505
v 0.27208561 -0.17669676 -0.24177118
v 0.27582358 -0.17963346 -0.22358908
v 0.25187208 -0.18441646 -0.24177118
v 0.27775352 -0.16212033 -0.26645296
v 0.27216686 -0.15671521 -0.28068430
v 0.26536131 -0.15003239 -0.29631751
v 0.26119671 -0.14571096 -0.30559973
v 0.27360923 -0.13760329 -0.29593516
v 0.26349231 -0.13640586 -0.30789373
v 0.26373610 -0.13179680 -0.30812737
v 0.28061795 -0.13179680 -0.28998774
v 0.18773727 -0.20013010 -0.12401231
v 0.18765601 -0.20011672 -0.11453892
v 0.18777790 -0.20004315 -0.11139528
v 0.11143372 -0.17303761 -0.27813540
v 0.12784833 -0.13179680 -0.32191265
v 0.11143372 -0.13606470 -0.31804681
v 0.18885461 -0.20013010 -0.12401231
v 0.25504124 -0.19683887 -0.11139528
v 0.25187208 -0.19717334 -0.11139528
v 0.23905324 -0.18232932 -0.25375099
v 0.23371036 -0.17662986 -0.27813540
v 0.23275555 -0.16810074 -0.29691225
v 0.24856071 -0.16663575 -0.29126219
v 0.26068883 -0.16338464 -0.28695033
v 0.25187208 -0.14884166 -0.30867963
v 0.23700140 -0.14149658 -0.32167900
v 0.25095790 -0.13583726 -0.31717594
v 0.25353791 -0.15892274 -0.29691225
v 0.24675266 -0.13179680 -0.32172149
v 0.18887492 -0.20011672 -0.11453892
v 0.18875303 -0.20004315 -0.11139528
v 0.11143372 -0.16785324 -0.29408722
v 0.19738696 -0.17059593 -0.29631751
v 0.13491799 -0.13179680 -0.32282600
v 0.11143372 -0.15200579 -0.30955050
v 0.14286120 -0.13179680 -0.32384555
v 0.14286120 -0.13908166 -0.32061694
v 0.21552834 -0.17067621 -0.29631751
v 0.21552834 -0.16501020 -0.30691666
v 0.22607189 -0.16409373 -0.30593957
v 0.23817970 -0.16179924 -0.30336944
v 0.23153665 -0.15367817 -0.31379866
v 0.22487329 -0.14555042 -0.32365439
v 0.23974396 -0.13179680 -0.32475890
v 0.11143372 -0.16106339 -0.30317828
v 0.14989023 -0.16378602 -0.30559973
v 0.16104322 -0.16428104 -0.30613076
v 0.17920493 -0.16497675 -0.30689540
v 0.19738696 -0.16547845 -0.30744766
v 0.14343001 -0.15597936 -0.31042137
v 0.16104322 -0.14156348 -0.32165775
v 0.17920493 -0.14369074 -0.32265607
v 0.19078454 -0.14494168 -0.32329329
v 0.20291265 -0.14595849 -0.32397300
v 0.15582224 -0.13179680 -0.32537487
v 0.16104322 -0.13250588 -0.32569348
v 0.21552834 -0.15495586 -0.31600769
v 0.21552834 -0.14589828 -0.32393052
v 0.21552834 -0.13640586 -0.32762642
v 0.23204452 -0.13583726 -0.32541739
v 0.22824560 -0.13179680 -0.32643693
v 0.17920493 -0.13463315 -0.32664932
v 0.19706191 -0.13790432 -0.32688297
v 0.16104322 -0.13179680 -0.32577845
v 0.17920493 -0.13179680 -0.32709539
v 0.19716348 -0.13179680 -0.32800874
v 0.21093714 -0.13179680 -0.32834861
v 0.21552834 -0.13179680 -0.32819993
f 1814 1815 1822
f 1814 1822 1836
f 1814 1836 1857
f 1814 1857 1874
f 1814 1874 1896
f 1814 1896 1922
f 1814 1922 1940
f 1814 1940 1928
f 1814 1928 1927
f 1814 1927 1901
f 1814 1901 1898
f 1814 1898 1876
f 1814 1876 1858
f 1814 1858 1837
f 1814 1837 1823
f 1814 1823 1816
f 1814 1816 1817
f 1814 1817 1818
f 1814 1818 1819
f 1814 1819 1820
f 1814 1820 1821
f 1814 1821 1815
f 1815 1821 1822
f 1816 1823 1817
f 1817 1824 1818
f 1817 1823 1824
f 1818 1824 1825
f 1818 1825 1826
f 1818 1826 1819
f 1819 1827 1828
f 1819 1828 1829
f 1819 1829 1830
f 1819 1830 1820
f 1819 1826 1824
f 1819 1824 1827
f 1820 1830 1831
f 1820 1831 1832
f 1820 1832 1833
f 1820 1833 1821
f 1821 1833 1834
f 1821 1834 1822
f 1822 1835 1836
f 1822 1834 1835
f 1823 1837 1838
f 1823 1838 1839
f 1823 1839 1840
f 1823 1840 1841
f 1823 1841 1824
f 1824 1841 1842
f 1824 1842 1843
f 1824 1843 1828
f 1824 1828 1827
f 1824 1826 1825
f 1828 1843 1844
f 1828 1844 1845
f 1828 1845 1846
f 1828 1846 1847
f 1828 1847 1829
f 1829 1847 1848
f 1829 1848 1849
f 1829 1849 1850
f 1829 1850 1851
f 1829 1851 1852
f 1829 1852 1853
f 1829 1853 1830
f 1830 1854 1831
f 1830 1853 1854
f 1831 1854 1855
f 1831 1855 1832
f 1832 1855 1854
f 1832 1854 1853
f 1832 1853 1852
f 1832 1852 1851
f 1832 1851 1850
f 1832 1850 1849
f 1832 1849 1873
f 1832 1873 1895
f 1832 1895 1919
f 1832 1919 1918
f 1832 1918 1938
f 1832 1938 1953
f 1832 1953 1970
f 1832 1970 1977
f 1832 1977 1976
f 1832 1976 1975
f 1832 1975 1974
f 1832 1974 1973
f 1832 1973 1964
f 1832 1964 1945
f 1832 1945 1943
f 1832 1943 1924
f 1832 1924 1897
f 1832 1897 1875
f 1832 1875 1857
f 1832 1857 1836
f 1832 1836 1835
f 1832 1835 1834
f 1832 1834 1856
f 1832 1856 1833
f 1833 1856 1834
f 1837 1858 1838
f 1838 1859 1860
f 1838 1860 1839
f 1838 1858 1859
f 1839 1860 1861
f 1839 1861 1862
f 1839 1862 1840
f 1840 1862 1863
f 1840 1863 1864
f 1840 1864 1843
f 1840 1843 1842
f 1840 1842 1841
f 1843 1864 1865
f 1843 1865 1844
f 1844 1866 1867
f 1844 1867 1868
f 1844 1868 1845
f 1844 1865 1866
f 1845 1868 1846
f 1846 1868 1847
f 1847 1869 1870
f 1847 1870 1848
f 1847 1868 1871
f 1847 1871 1869
f 1848 1870 1872
f 1848 1872 1849
f 1849 1872 1870
f 1849 1870 1873
f 1857 1875 1874
f 1858 1876 1859
f 1859 1877 1878
f 1859 1878 1879
f 1859 1879 1880
f 1859 1880 1881
f 1859 1881 1862
f 1859 1862 1860
f 1859 1876 1877
f 1860 1862 1861
f 1862 1881 1863
f 1863 1882 1883
f 1863 1883 1884
f 1863 1884 1885
f 1863 1885 1886
f 1863 1886 1866
f 1863 1866 1865
f 1863 1865 1864
f 1863 1881 1882
f 1866 1886 1867
f 1867 1886 1887
f 1867 1887 1868
f 1868 1887 1888
f 1868 1888 1871
f 1869 1888 1889
f 1869 1889 1870
f 1869 1871 1888
f 1870 1890 1873
f 1870 1889 1891
f 1870 1891 1892
f 1870 1892 1893
f 1870 1893 1890
f 1873 1890 1894
f 1873 1894 1895
f 1874 1875 1897
f 1874 1897 1925
f 1874 1925 1944
f 1874 1944 1954
f 1874 1954 1941
f 1874 1941 1923
f 1874 1923 1896
f 1876 1898 1877
f 1877 1899 1900
f 1877 1900 1878
f 1877 1898 1901
f 1877 1901 1899
f 1878 1900 1879
f 1879 1900 1902
f 1879 1902 1880
f 1880 1902 1903
f 1880 1903 1881
f 1881 1903 1884
f 1881 1884 1883
f 1881 1883 1882
f 1884 1903 1885
f 1885 1904 1905
f 1885 1905 1906
f 1885 1906 1907
f 1885 1907 1908
f 1885 1908 1888
f 1885 1888 1909
f 1885 1909 1910
f 1885 1910 1886
f 1885 1903 1911
f 1885 1911 1904
f 1886 1910 1887
f 1887 1909 1888
f 1887 1910 1909
f 1888 1908 1912
f 1888 1912 1889
f 1889 1912 1891
f 1890 1893 1894
f 1891 1912 1892
f 1892 1912 1913
f 1892 1913 1914
f 1892 1914 1915
f 1892 1915 1916
f 1892 1916 1894
f 1892 1894 1893
f 1894 1916 1917
f 1894 1917 1918
f 1894 1918 1919
f 1894 1919 1895
f 1896 1920 1921
f 1896 1921 1922
f 1896 1923 1920
f 1897 1924 1925
f 1899 1926 1900
f 1899 1901 1927
f 1899 1927 1928
f 1899 1928 1926
f 1900 1926 1902
f 1902 1926 1903
f 1903 1929 1911
f 1903 1926 1920
f 1903 1920 1929
f 1904 1911 1929
f 1904 1929 1930
f 1904 1930 1905
f 1905 1930 1906
f 1906 1931 1932
f 1906 1932 1933
f 1906 1933 1907
f 1906 1930 1931
f 1907 1933 1912
f 1907 1912 1908
f 1912 1933 1913
f 1913 1933 1914
f 1914 1933 1915
f 1915 1934 1935
f 1915 1935 1936
f 1915 1936 1917
f 1915 1917 1916
f 1915 1933 1937
f 1915 1937 1934
f 1917 1936 1938
f 1917 1938 1918
f 1920 1926 1939
f 1920 1939 1921
f 1920 1923 1929
f 1921 1939 1940
f 1921 1940 1922
f 1923 1941 1942
f 1923 1942 1930
f 1923 1930 1929
f 1924 1943 1925
f 1925 1943 1945
f 1925 1945 1946
f 1925 1946 1944
f 1926 1928 1939
f 1928 1940 1939
f 1930 1942 1947
f 1930 1947 1931
f 1931 1947 1948
f 1931 1948 1949
f 1931 1949 1950
f 1931 1950 1932
f 1932 1950 1937
f 1932 1937 1933
f 1934 1937 1950
f 1934 1950 1951
f 1934 1951 1935
f 1935 1952 1953
f 1935 1953 1938
f 1935 1938 1936
f 1935 1951 1952
f 1941 1954 1955
f 1941 1955 1956
f 1941 1956 1957
f 1941 1957 1942
f 1942 1957 1958
f 1942 1958 1947
f 1944 1959 1954
f 1944 1946 1960
f 1944 1960 1961
f 1944 1961 1962
f 1944 1962 1963
f 1944 1963 1959
f 1945 1964 1965
f 1945 1965 1946
f 1946 1965 1960
f 1947 1958 1948
f 1948 1958 1966
f 1948 1966 1952
f 1948 1952 1949
f 1949 1952 1951
f 1949 1951 1950
f 1952 1967 1968
f 1952 1968 1969
f 1952 1969 1953
f 1952 1966 1967
f 1953 1969 1970
f 1954 1959 1955
f 1955 1959 1963
f 1955 1963 1956
f 1956 1963 1957
f 1957 1963 1958
f 1958 1963 1967
f 1958 1967 1966
f 1960 1965 1961
f 1961 1965 1971
f 1961 1971 1962
f 1962 1971 1963
f 1963 1971 1972
f 1963 1972 1968
f 1963 1968 1967
f 1964 1973 1965
f 1965 1973 1974
f 1965 1974 1971
f 1968 1972 1975
f 1968 1975 1976
f 1968 1976 1977
f 1968 1977 1969
f 1969 1977 1970
f 1971 1974 1975
f 1971 1975 1972

o geometry_24
v -0.22061907 0.39219217 -0.33068954
v -0.23879288 0.46143737 -0.33213998
v -0.22061907 0.40708512 -0.33169596
v -0.20377939 0.39219217 -0.32855827
v -0.22325768 0.39219217 -0.33000870
v -0.23879288 0.44332516 -0.33068954
v -0.25400197 0.46143737 -0.32808464
v -0.25696670 0.49766180 -0.32994951
v -0.23879288 0.47953394 -0.33089673
v -0.22061907 0.42521294 -0.33068954
v -0.20174855 0.39219217 -0.32799583
v -0.23553168 0.40708512 -0.32772942
v -0.23298200 0.39219217 -0.32648618
v -0.25111135 0.44332516 -0.32669340
v -0.26801033 0.49766180 -0.32559818
v -0.25696670 0.51577398 -0.32829186
v -0.26892938 0.51577398 -0.32607177
v -0.24450001 0.51577398 -0.32577579
v -0.23803688 0.49725548 -0.32764062
v -0.22688948 0.47953394 -0.32630857
v -0.20834507 0.42521294 -0.32657498
v -0.19325460 0.39219217 -0.31852350
v -0.23459779 0.39219217 -0.32476931
v -0.24902122 0.43083884 -0.32485811
v -0.26670584 0.48597247 -0.32429571
v -0.28410882 0.50741331 -0.30520307
v -0.28496860 0.51949332 -0.30647593
v -0.27918738 0.51438314 -0.31331375
v -0.26793620 0.52661945 -0.32494691
v -0.25696670 0.52632252 -0.32468050
v -0.24767226 0.52502543 -0.32370370
v -0.28496860 0.52916673 -0.30647593
v -0.22889068 0.49094199 -0.32453254
v -0.21031663 0.43782431 -0.32497656
v -0.20908628 0.44143425 -0.31446819
v -0.19243929 0.39219217 -0.31446819
v -0.24663461 0.41877445 -0.32192763
v -0.24200962 0.39219217 -0.31355055
v -0.25243066 0.42496293 -0.31529700
v -0.26308888 0.46143737 -0.31796110
v -0.26497147 0.47389244 -0.32192763
v -0.28289330 0.49766180 -0.30242059
v -0.30232712 0.50708513 -0.26885307
v -0.29948095 0.51418000 -0.27752616
v -0.28907477 0.51438314 -0.29801004
v -0.29948095 0.53388620 -0.28169992
v -0.28228553 0.54124673 -0.30478867
v -0.27015975 0.54352831 -0.30629832
v -0.26402277 0.54352831 -0.30629832
v -0.25191182 0.54144991 -0.30156214
v -0.24487059 0.52838535 -0.31446819
v -0.23713264 0.51577398 -0.31446819
v -0.28962324 0.53468319 -0.29774363
v -0.23104012 0.50391277 -0.31446819
v -0.22761585 0.49484886 -0.31446819
v -0.23336742 0.51577398 -0.29629317
v -0.23000245 0.50574119 -0.29629317
v -0.20311233 0.42521294 -0.29629317
v -0.19229106 0.39219217 -0.30549909
v -0.24258774 0.39219217 -0.31254413
v -0.24814662 0.39720856 -0.30591350
v -0.24976240 0.40708512 -0.30908080
v -0.28732557 0.49766180 -0.29333308
v -0.30601819 0.51418000 -0.26166002
v -0.30326099 0.51916516 -0.27107314
v -0.24988098 0.39219217 -0.29866127
v -0.25111135 0.39219217 -0.29596756
v -0.25921990 0.39219217 -0.27811817
v -0.32013032 0.50874164 -0.21258159
v -0.31313356 0.51577398 -0.24176817
v -0.30382431 0.53388620 -0.27261240
v -0.30342406 0.54407532 -0.27178356
v -0.28822980 0.54532548 -0.29265226
v -0.27577793 0.54598185 -0.29774363
v -0.27512570 0.55057631 -0.27811817
v -0.25755964 0.54493480 -0.29581957
v -0.24712379 0.54359083 -0.28942573
v -0.24285457 0.53480823 -0.29581957
v -0.24666424 0.54412216 -0.27811817
v -0.24172798 0.53388620 -0.27811817
v -0.24782050 0.54302828 -0.25064847
v -0.19715322 0.40708512 -0.29629317
v -0.19232071 0.39219217 -0.29629317
v -0.19377341 0.39673976 -0.29629317
v -0.24344752 0.39219217 -0.31103448
v -0.24727202 0.39219217 -0.30416704
v -0.30850859 0.53388620 -0.25994318
v -0.26135450 0.39219217 -0.25961756
v -0.33855614 0.50756958 -0.10329476
v -0.33805213 0.51019500 -0.11454314
v -0.32276893 0.50291260 -0.18724316
v -0.32141999 0.50513170 -0.20047480
v -0.33077372 0.51577398 -0.16909775
v -0.32717157 0.51577398 -0.18724316
v -0.32291718 0.51516452 -0.20606937
v -0.32134587 0.52080602 -0.21740656
v -0.31851455 0.51516452 -0.22350436
v -0.31439356 0.53388620 -0.24176817
v -0.29389244 0.54684133 -0.27794057
v -0.32115317 0.54352831 -0.21699214
v -0.30545490 0.54577867 -0.25994318
v -0.29329948 0.55035752 -0.25994318
v -0.25696670 0.54773210 -0.27811817
v -0.27512570 0.55173278 -0.25994318
v -0.25696670 0.54790405 -0.25994318
v -0.24718308 0.54370026 -0.25994318
v -0.28069939 0.54634129 -0.02973631
v -0.27706760 0.53388620 -0.02973631
v -0.24589342 0.39219217 -0.02976591
v -0.27223508 0.39219217 -0.06001812
v -0.34015709 0.50411591 -0.06001812
v -0.33956414 0.50505356 -0.07819313
v -0.33904531 0.50602247 -0.09118796
v -0.34217312 0.51577398 -0.07819313
v -0.34048322 0.51447692 -0.09690095
v -0.33980133 0.51925891 -0.11454314
v -0.33911943 0.52258757 -0.12694595
v -0.33716271 0.51624282 -0.13289574
v -0.33419800 0.51577398 -0.15092274
v -0.32425131 0.53388620 -0.20541815
v -0.32158306 0.53388620 -0.21853139
v -0.31881101 0.53388620 -0.22761889
v -0.32193882 0.54416907 -0.20541815
v -0.30810833 0.54673197 -0.24176817
v -0.33911943 0.52732269 -0.12694595
v -0.33717753 0.53965274 -0.11454314
v -0.33817071 0.54210624 -0.10172591
v -0.33886742 0.54305951 -0.08961911
v -0.31147330 0.54787276 -0.20541815
v -0.29329948 0.55134204 -0.24176817
v -0.27512570 0.55182653 -0.24176817
v -0.27512570 0.55127952 -0.22359316
v -0.29329948 0.54970115 -0.02973631
v -0.28905992 0.54859165 -0.02973631
v -0.24776120 0.39839626 -0.02973631
v -0.26357806 0.39219217 -0.02973631
v -0.27266497 0.39219217 -0.04184312
v -0.34040910 0.50375650 -0.04184312
v -0.34313666 0.51577398 -0.06001812
v -0.34361100 0.51577398 -0.04184312
v -0.33980133 0.53058880 -0.11454314
v -0.32294682 0.54476292 -0.18724316
v -0.34037946 0.53519890 -0.09595372
v -0.32545201 0.54534115 -0.15092274
v -0.32410306 0.54515359 -0.16909775
v -0.34155053 0.53388620 -0.07819313
v -0.34192111 0.53388620 -0.06001812
v -0.34215830 0.53388620 -0.04184312
v -0.34226206 0.53388620 -0.02973631
v -0.33894155 0.54310641 -0.07819313
v -0.32964712 0.54563801 -0.07819313
v -0.33112949 0.54502855 -0.09595372
v -0.31147330 0.54840409 -0.18724316
v -0.31147330 0.54871662 -0.16909775
v -0.31147330 0.54882605 -0.15092274
v -0.31147330 0.54876353 -0.06001812
v -0.31147330 0.54874792 -0.04184312
v -0.31147330 0.54873230 -0.02973631
v -0.30538078 0.54906046 -0.02973631
v -0.27273909 0.39219217 -0.02973631
v -0.34043874 0.50370963 -0.02973631
v -0.34264746 0.51174211 -0.02973631
v -0.34371476 0.51577398 -0.02973631
v -0.34275122 0.52782276 -0.02973631
v -0.33897122 0.54313764 -0.02973631
v -0.33897122 0.54313764 -0.04184312
v -0.33585822 0.54396589 -0.02973631
v -0.32964712 0.54562240 -0.06001812
v -0.32964712 0.54559117 -0.04184312
v -0.32964712 0.54555988 -0.02973631
f 1978 1979 1980
f 1978 1980 1981
f 1978 1981 1988
f 1978 1988 1999
f 1978 1999 2013
f 1978 2013 2036
f 1978 2036 2060
f 1978 2060 2086
f 1978 2086 2113
f 1978 2113 2137
f 1978 2137 2114
f 1978 2114 2087
f 1978 2087 2065
f 1978 2065 2045
f 1978 2045 2044
f 1978 2044 2043
f 1978 2043 2063
f 1978 2063 2062
f 1978 2062 2037
f 1978 2037 2015
f 1978 2015 2000
f 1978 2000 1990
f 1978 1990 1982
f 1978 1982 1983
f 1978 1983 1979
f 1979 1983 1984
f 1979 1984 1985
f 1979 1985 1986
f 1979 1986 1987
f 1979 1987 1980
f 1980 1987 1981
f 1981 1987 1988
f 1982 1989 1984
f 1982 1984 1983
f 1982 1990 1989
f 1984 1989 1991
f 1984 1991 1992
f 1984 1992 1985
f 1985 1993 1986
f 1985 1992 1994
f 1985 1994 1993
f 1986 1988 1987
f 1986 1993 1995
f 1986 1995 1996
f 1986 1996 1997
f 1986 1997 1998
f 1986 1998 1988
f 1988 1998 1999
f 1989 1990 1991
f 1990 2000 2001
f 1990 2001 1991
f 1991 2001 2002
f 1991 2002 1992
f 1992 2002 2003
f 1992 2003 2004
f 1992 2004 2005
f 1992 2005 1994
f 1993 1994 2006
f 1993 2006 2007
f 1993 2007 2008
f 1993 2008 1995
f 1994 2005 2004
f 1994 2004 2009
f 1994 2009 2006
f 1995 2008 2010
f 1995 2010 1996
f 1996 2010 1997
f 1997 2010 2011
f 1997 2011 1998
f 1998 2011 1999
f 1999 2011 2012
f 1999 2012 2013
f 2000 2014 2001
f 2000 2015 2014
f 2001 2014 2016
f 2001 2016 2017
f 2001 2017 2018
f 2001 2018 2002
f 2002 2018 2003
f 2003 2019 2020
f 2003 2020 2021
f 2003 2021 2022
f 2003 2022 2004
f 2003 2018 2019
f 2004 2022 2023
f 2004 2023 2009
f 2006 2009 2024
f 2006 2024 2025
f 2006 2025 2026
f 2006 2026 2007
f 2007 2026 2008
f 2008 2026 2027
f 2008 2027 2028
f 2008 2028 2029
f 2008 2029 2010
f 2009 2023 2030
f 2009 2030 2024
f 2010 2029 2031
f 2010 2031 2032
f 2010 2032 2011
f 2011 2032 2012
f 2012 2032 2033
f 2012 2033 2013
f 2013 2033 2034
f 2013 2034 2035
f 2013 2035 2036
f 2014 2015 2037
f 2014 2037 2038
f 2014 2038 2016
f 2016 2038 2039
f 2016 2039 2017
f 2017 2039 2038
f 2017 2038 2019
f 2017 2019 2018
f 2019 2038 2040
f 2019 2040 2020
f 2020 2041 2042
f 2020 2042 2021
f 2020 2040 2038
f 2020 2038 2043
f 2020 2043 2044
f 2020 2044 2045
f 2020 2045 2046
f 2020 2046 2047
f 2020 2047 2041
f 2021 2042 2023
f 2021 2023 2022
f 2023 2042 2048
f 2023 2048 2049
f 2023 2049 2030
f 2024 2030 2049
f 2024 2049 2050
f 2024 2050 2025
f 2025 2050 2051
f 2025 2051 2026
f 2026 2051 2052
f 2026 2052 2053
f 2026 2053 2027
f 2027 2053 2054
f 2027 2054 2028
f 2028 2054 2055
f 2028 2055 2029
f 2029 2055 2031
f 2031 2055 2033
f 2031 2033 2032
f 2033 2055 2056
f 2033 2056 2057
f 2033 2057 2058
f 2033 2058 2034
f 2034 2058 2035
f 2035 2059 2036
f 2035 2058 2059
f 2036 2059 2061
f 2036 2061 2060
f 2037 2062 2038
f 2038 2062 2063
f 2038 2063 2043
f 2041 2047 2042
f 2042 2047 2064
f 2042 2064 2048
f 2045 2065 2066
f 2045 2066 2067
f 2045 2067 2068
f 2045 2068 2069
f 2045 2069 2046
f 2046 2069 2070
f 2046 2070 2071
f 2046 2071 2072
f 2046 2072 2073
f 2046 2073 2074
f 2046 2074 2047
f 2047 2074 2073
f 2047 2073 2075
f 2047 2075 2064
f 2048 2064 2049
f 2049 2076 2050
f 2049 2064 2075
f 2049 2075 2077
f 2049 2077 2078
f 2049 2078 2076
f 2050 2076 2079
f 2050 2079 2052
f 2050 2052 2051
f 2052 2080 2053
f 2052 2079 2081
f 2052 2081 2080
f 2053 2080 2054
f 2054 2080 2056
f 2054 2056 2055
f 2056 2080 2082
f 2056 2082 2083
f 2056 2083 2057
f 2057 2083 2058
f 2058 2061 2059
f 2058 2083 2084
f 2058 2084 2061
f 2060 2061 2084
f 2060 2084 2085
f 2060 2085 2086
f 2065 2087 2088
f 2065 2088 2089
f 2065 2089 2090
f 2065 2090 2066
f 2066 2090 2091
f 2066 2091 2092
f 2066 2092 2067
f 2067 2092 2093
f 2067 2093 2094
f 2067 2094 2095
f 2067 2095 2096
f 2067 2096 2068
f 2068 2096 2069
f 2069 2096 2070
f 2070 2096 2094
f 2070 2094 2097
f 2070 2097 2071
f 2071 2097 2073
f 2071 2073 2072
f 2073 2097 2098
f 2073 2098 2099
f 2073 2099 2075
f 2075 2099 2077
f 2076 2078 2079
f 2077 2100 2101
f 2077 2101 2078
f 2077 2099 2098
f 2077 2098 2097
f 2077 2097 2102
f 2077 2102 2103
f 2077 2103 2104
f 2077 2104 2105
f 2077 2105 2100
f 2078 2101 2079
f 2079 2101 2106
f 2079 2106 2107
f 2079 2107 2081
f 2080 2081 2082
f 2081 2107 2108
f 2081 2108 2082
f 2082 2108 2109
f 2082 2109 2110
f 2082 2110 2111
f 2082 2111 2084
f 2082 2084 2083
f 2084 2111 2110
f 2084 2110 2136
f 2084 2136 2135
f 2084 2135 2147
f 2084 2147 2144
f 2084 2144 2142
f 2084 2142 2126
f 2084 2126 2141
f 2084 2141 2140
f 2084 2140 2139
f 2084 2139 2138
f 2084 2138 2137
f 2084 2137 2113
f 2084 2113 2112
f 2084 2112 2085
f 2085 2112 2086
f 2086 2112 2113
f 2087 2114 2115
f 2087 2115 2088
f 2088 2116 2089
f 2088 2115 2117
f 2088 2117 2116
f 2089 2116 2091
f 2089 2091 2090
f 2091 2116 2118
f 2091 2118 2102
f 2091 2102 2094
f 2091 2094 2093
f 2091 2093 2092
f 2094 2102 2097
f 2094 2096 2095
f 2100 2119 2106
f 2100 2106 2101
f 2100 2105 2119
f 2102 2118 2104
f 2102 2104 2103
f 2104 2118 2120
f 2104 2120 2105
f 2105 2121 2122
f 2105 2122 2119
f 2105 2120 2123
f 2105 2123 2124
f 2105 2124 2125
f 2105 2125 2126
f 2105 2126 2127
f 2105 2127 2128
f 2105 2128 2129
f 2105 2129 2130
f 2105 2130 2121
f 2106 2119 2122
f 2106 2122 2121
f 2106 2121 2130
f 2106 2130 2107
f 2107 2130 2131
f 2107 2131 2132
f 2107 2132 2133
f 2107 2133 2134
f 2107 2134 2135
f 2107 2135 2136
f 2107 2136 2110
f 2107 2110 2108
f 2108 2110 2109
f 2114 2137 2115
f 2115 2137 2138
f 2115 2138 2139
f 2115 2139 2117
f 2116 2123 2118
f 2116 2117 2123
f 2117 2125 2124
f 2117 2124 2123
f 2117 2139 2140
f 2117 2140 2141
f 2117 2141 2125
f 2118 2123 2120
f 2125 2141 2126
f 2126 2142 2143
f 2126 2143 2127
f 2127 2143 2128
f 2128 2143 2142
f 2128 2142 2144
f 2128 2144 2145
f 2128 2145 2134
f 2128 2134 2133
f 2128 2133 2132
f 2128 2132 2131
f 2128 2131 2129
f 2129 2131 2130
f 2134 2145 2135
f 2135 2145 2146
f 2135 2146 2147
f 2144 2147 2146
f 2144 2146 2145

o geometry_25
v 0.11143372 -0.08343476 -0.11137405
v 0.10649902 -0.08342598 -0.11137405
v 0.11143372 -0.10990378 -0.11137405
v 0.11143372 -0.08121766 -0.22361752
v 0.11141693 -0.07670884 -0.34081253
v 0.11131623 -0.07670884 -0.33265261
v 0.11040985 -0.07670884 -0.32239583
v 0.10747254 -0.07670884 -0.31517062
v 0.08832126 -0.07670884 -0.30971380
v 0.08832126 -0.08368939 -0.11137405
v 0.08825412 -0.07670884 -0.30971380
v 0.07375220 -0.07670884 -0.31517062
v -0.06003819 -0.11449601 -0.11137405
v 0.11143372 -0.12155120 -0.27515402
v 0.11143372 -0.08086205 -0.24178161
v 0.11143372 -0.08354452 -0.31289694
v 0.11143372 -0.09242167 -0.32588211
v 0.11143372 -0.11914533 -0.32282529
v 0.11143372 -0.12155120 -0.32234529
v 0.11124909 -0.07670884 -0.35084197
v 0.11143372 -0.08058108 -0.25994572
v 0.11143372 -0.08082693 -0.27813508
v 0.11143372 -0.08216157 -0.29629915
v 0.07014349 -0.08398355 -0.11137405
v 0.07240942 -0.07670884 -0.31640850
v 0.05198251 -0.08447087 -0.11137405
v 0.06698798 -0.08406257 -0.11137405
v -0.06003819 -0.09108263 -0.11137405
v -0.06003819 -0.12155120 -0.26643830
v 0.08214452 -0.12155120 -0.36246294
v 0.09976839 -0.09487145 -0.36256400
v 0.10300783 -0.08205621 -0.36478714
v 0.10446809 -0.07670884 -0.36511557
v 0.06868323 -0.07670884 -0.33265261
v -0.00251722 -0.08166108 -0.27813508
v -0.00251722 -0.08651235 -0.11137405
v 0.01564376 -0.08579234 -0.11137405
v 0.03380474 -0.08512063 -0.11137405
v 0.04881022 -0.08458062 -0.11137405
v -0.05515385 -0.09054263 -0.11137405
v -0.03887276 -0.08509868 -0.25994572
v -0.05705052 -0.08749577 -0.25994572
v -0.06003819 -0.08796553 -0.25676258
v -0.06003819 -0.12155120 -0.31246745
v 0.06995886 -0.12155120 -0.36685871
v 0.08315159 -0.11828483 -0.36322083
v 0.08919406 -0.10060954 -0.36572185
v 0.08832126 -0.08205621 -0.36946078
v 0.08800236 -0.07670884 -0.36850079
v 0.06915320 -0.07670884 -0.35167566
v -0.02069499 -0.08292109 -0.27813508
v -0.02069499 -0.08330305 -0.25994572
v -0.00568952 -0.08670991 -0.11137405
v -0.02386728 -0.08793480 -0.11137405
v -0.03887276 -0.08521283 -0.27813508
v -0.06003819 -0.08794358 -0.25994572
v -0.06003819 -0.11838142 -0.31246745
v 0.04409373 -0.12155120 -0.36306926
v 0.05137827 -0.12155120 -0.36493871
v 0.07014349 -0.11828483 -0.36781867
v 0.05122720 -0.11793361 -0.36483765
v 0.07306402 -0.08205621 -0.36458502
v 0.07462500 -0.07670884 -0.36375134
v -0.02069499 -0.08768456 -0.11137405
v -0.05852757 -0.08886115 -0.27947402
v -0.06003819 -0.08904115 -0.27881716
v -0.06003819 -0.11565504 -0.31173486
v -0.06003819 -0.10497788 -0.30829909
v -0.06003819 -0.09515243 -0.29675389
v -0.05852757 -0.09444998 -0.29670338
v -0.06003819 -0.09377388 -0.29450550
v -0.05345861 -0.08989725 -0.29091813
v -0.06003819 -0.08937481 -0.28093927
f 2148 2149 2157
f 2148 2157 2171
f 2148 2171 2174
f 2148 2174 2173
f 2148 2173 2186
f 2148 2186 2185
f 2148 2185 2184
f 2148 2184 2183
f 2148 2183 2200
f 2148 2200 2211
f 2148 2211 2201
f 2148 2201 2187
f 2148 2187 2175
f 2148 2175 2160
f 2148 2160 2150
f 2148 2150 2161
f 2148 2161 2166
f 2148 2166 2165
f 2148 2165 2164
f 2148 2164 2163
f 2148 2163 2170
f 2148 2170 2169
f 2148 2169 2168
f 2148 2168 2162
f 2148 2162 2151
f 2148 2151 2152
f 2148 2152 2153
f 2148 2153 2154
f 2148 2154 2155
f 2148 2155 2156
f 2148 2156 2149
f 2149 2156 2158
f 2149 2158 2159
f 2149 2159 2157
f 2150 2160 2161
f 2151 2162 2152
f 2152 2163 2164
f 2152 2164 2165
f 2152 2165 2166
f 2152 2166 2167
f 2152 2167 2180
f 2152 2180 2196
f 2152 2196 2210
f 2152 2210 2197
f 2152 2197 2181
f 2152 2181 2172
f 2152 2172 2159
f 2152 2159 2158
f 2152 2158 2156
f 2152 2156 2155
f 2152 2155 2154
f 2152 2154 2153
f 2152 2162 2168
f 2152 2168 2169
f 2152 2169 2170
f 2152 2170 2163
f 2157 2159 2171
f 2159 2172 2173
f 2159 2173 2174
f 2159 2174 2171
f 2160 2175 2190
f 2160 2190 2203
f 2160 2203 2213
f 2160 2213 2220
f 2160 2220 2218
f 2160 2218 2216
f 2160 2216 2215
f 2160 2215 2214
f 2160 2214 2204
f 2160 2204 2191
f 2160 2191 2176
f 2160 2176 2161
f 2161 2176 2191
f 2161 2191 2205
f 2161 2205 2206
f 2161 2206 2192
f 2161 2192 2177
f 2161 2177 2166
f 2166 2177 2178
f 2166 2178 2179
f 2166 2179 2180
f 2166 2180 2167
f 2172 2181 2182
f 2172 2182 2183
f 2172 2183 2184
f 2172 2184 2185
f 2172 2185 2186
f 2172 2186 2173
f 2175 2187 2188
f 2175 2188 2189
f 2175 2189 2190
f 2177 2192 2193
f 2177 2193 2178
f 2178 2193 2194
f 2178 2194 2179
f 2179 2194 2195
f 2179 2195 2180
f 2180 2195 2196
f 2181 2197 2198
f 2181 2198 2182
f 2182 2198 2199
f 2182 2199 2183
f 2183 2199 2200
f 2187 2201 2199
f 2187 2199 2188
f 2188 2199 2198
f 2188 2198 2202
f 2188 2202 2189
f 2189 2203 2190
f 2189 2202 2203
f 2191 2204 2205
f 2192 2206 2207
f 2192 2207 2193
f 2193 2207 2194
f 2194 2207 2195
f 2195 2207 2208
f 2195 2208 2196
f 2196 2208 2209
f 2196 2209 2210
f 2197 2210 2198
f 2198 2210 2202
f 2199 2201 2211
f 2199 2211 2200
f 2202 2212 2213
f 2202 2213 2203
f 2202 2210 2212
f 2204 2214 2205
f 2205 2214 2210
f 2205 2210 2209
f 2205 2209 2208
f 2205 2208 2206
f 2206 2208 2207
f 2210 2214 2215
f 2210 2215 2216
f 2210 2216 2217
f 2210 2217 2218
f 2210 2218 2219
f 2210 2219 2220
f 2210 2220 2213
f 2210 2213 2212
f 2216 2218 2217
f 2218 2220 2219

o geometry_26
v -0.19091404 0.11099433 -0.02973630
v -0.16372381 0.11099433 -0.02973630
v -0.19099931 0.11099433 -0.02364158
v -0.22300230 0.23743029 -0.02973630
v -0.16376170 0.11308612 -0.02973630
v -0.12626382 0.11099433 0.17990563
v -0.19124563 0.11099433 -0.00546003
v -0.22302124 0.23743029 -0.02585784
v -0.19649420 0.23743029 -0.02973630
v -0.16383750 0.11723257 -0.02973630
v -0.12645330 0.11723257 0.17990563
v -0.15288561 0.11099433 0.17990563
v -0.19079088 0.11099433 0.01272153
v -0.22295492 0.23743029 -0.00546003
v -0.22303071 0.23743029 -0.02364158
v -0.19021297 0.22375318 -0.02973630
v -0.16017108 0.23743029 0.17990563
v -0.16429225 0.12329754 -0.02973630
v -0.12936180 0.13539034 0.17990563
v -0.16521122 0.13534083 -0.02973630
v -0.18496440 0.22572120 0.17990563
v -0.17706312 0.11099433 0.10073584
v -0.18998559 0.11099433 0.03090308
v -0.22186542 0.23743029 0.01272153
v -0.18354331 0.20779861 -0.02973630
v -0.18797711 0.23743029 0.17990563
v -0.16005739 0.23713324 0.17990563
v -0.13391877 0.15336244 0.17990563
v -0.16862183 0.15346146 -0.02973630
v -0.17317880 0.17161922 -0.02973630
v -0.17473254 0.17778321 -0.02973630
v -0.19535732 0.23743029 0.15501372
v -0.19637102 0.23743029 0.15158673
v -0.19978165 0.23743029 0.13976666
v -0.18119376 0.11099433 0.08540670
v -0.18890555 0.11099433 0.04282575
v -0.21923166 0.23743029 0.04245637
v -0.22086118 0.23743029 0.02427482
v -0.17762209 0.18912099 -0.02973630
v -0.15615413 0.22591924 0.17990563
v -0.15459092 0.22140146 0.17990563
v -0.15027080 0.20838034 0.17990563
v -0.13675149 0.16340059 0.17990563
v -0.20478390 0.23743029 0.12115417
v -0.21347151 0.23743029 0.08306731
v -0.18518230 0.11099433 0.06724566
v -0.20883874 0.23743029 0.10358826
v -0.18830870 0.11099433 0.04908463
v -0.21859690 0.23743029 0.04906411
v -0.14452011 0.18967797 0.17990563
v -0.21625684 0.23743029 0.06724566
v -0.18628128 0.11099433 0.06100730
f 2221 2222 2226
f 2221 2226 2232
f 2221 2232 2242
f 2221 2242 2255
f 2221 2255 2266
f 2221 2266 2272
f 2221 2272 2268
f 2221 2268 2256
f 2221 2256 2243
f 2221 2243 2233
f 2221 2233 2227
f 2221 2227 2223
f 2221 2223 2224
f 2221 2224 2229
f 2221 2229 2236
f 2221 2236 2245
f 2221 2245 2259
f 2221 2259 2251
f 2221 2251 2250
f 2221 2250 2249
f 2221 2249 2240
f 2221 2240 2238
f 2221 2238 2230
f 2221 2230 2225
f 2221 2225 2222
f 2222 2225 2226
f 2223 2227 2224
f 2224 2227 2228
f 2224 2228 2235
f 2224 2235 2234
f 2224 2234 2244
f 2224 2244 2258
f 2224 2258 2257
f 2224 2257 2269
f 2224 2269 2271
f 2224 2271 2265
f 2224 2265 2267
f 2224 2267 2264
f 2224 2264 2254
f 2224 2254 2253
f 2224 2253 2252
f 2224 2252 2246
f 2224 2246 2237
f 2224 2237 2229
f 2225 2230 2226
f 2226 2231 2239
f 2226 2239 2248
f 2226 2248 2263
f 2226 2263 2270
f 2226 2270 2262
f 2226 2262 2261
f 2226 2261 2260
f 2226 2260 2247
f 2226 2247 2237
f 2226 2237 2246
f 2226 2246 2241
f 2226 2241 2232
f 2226 2230 2231
f 2227 2233 2234
f 2227 2234 2235
f 2227 2235 2228
f 2229 2237 2236
f 2230 2238 2231
f 2231 2238 2240
f 2231 2240 2239
f 2232 2241 2242
f 2233 2243 2234
f 2234 2243 2244
f 2236 2237 2245
f 2237 2247 2245
f 2239 2240 2249
f 2239 2249 2250
f 2239 2250 2251
f 2239 2251 2248
f 2241 2246 2252
f 2241 2252 2253
f 2241 2253 2242
f 2242 2253 2254
f 2242 2254 2255
f 2243 2256 2257
f 2243 2257 2258
f 2243 2258 2244
f 2245 2247 2260
f 2245 2260 2261
f 2245 2261 2262
f 2245 2262 2259
f 2248 2251 2259
f 2248 2259 2263
f 2254 2264 2255
f 2255 2265 2266
f 2255 2264 2267
f 2255 2267 2265
f 2256 2268 2257
f 2257 2268 2269
f 2259 2262 2270
f 2259 2270 2263
f 2265 2271 2272
f 2265 2272 2266
f 2268 2272 2271
f 2268 2271 2269

o geometry_27
v 0.06420992 -0.21344045 -0.07139311
v 0.07015337 -0.21344045 -0.07083592
v 0.10069817 -0.23311979 -0.06997728
v 0.10069817 -0.23869408 -0.06997728
v 0.09765121 -0.23869408 -0.07007776
v 0.08824702 -0.23869408 -0.07027871
v -0.02069107 -0.21344045 -0.07088158
v 0.08809656 -0.21344045 -0.06704511
v 0.09165134 -0.21344045 -0.06625955
v 0.10777012 -0.21344045 -0.05898851
v 0.10664161 -0.22704123 -0.06459707
v 0.11749405 -0.23869408 -0.06024907
v 0.10316207 -0.23869408 -0.06887200
v 0.07600277 -0.23869408 -0.06984939
v -0.02669095 -0.21344045 -0.07020564
v 0.11175749 -0.21344045 -0.05609288
v 0.11941250 -0.22698190 -0.05534386
v 0.12202687 -0.23869408 -0.05696979
v -0.01644039 -0.23869408 -0.05449435
v -0.04376895 -0.21344045 -0.06822346
v 0.11645958 -0.21344045 -0.05209199
v 0.12853456 -0.23869408 -0.04716851
v -0.02447156 -0.23869408 -0.04182484
v -0.06003820 -0.21563061 -0.05981061
v -0.06003820 -0.21495576 -0.06111684
v -0.06003820 -0.21344045 -0.06347353
v 0.12116167 -0.21344045 -0.04303973
v 0.13028373 -0.23869408 -0.04303973
v -0.02753733 -0.23869408 -0.02365639
v -0.06003820 -0.21806303 -0.04557911
v -0.06003820 -0.21344045 0.01355743
v 0.12334345 -0.21344045 -0.02365639
v 0.13207053 -0.23869408 -0.02440541
v -0.02398254 -0.23869408 -0.01422048
v -0.06003820 -0.21862416 0.00499844
v -0.06003820 -0.21913586 -0.00546966
v -0.06003820 -0.21913092 -0.00908691
v -0.05704766 -0.21344045 0.01409637
v -0.02007040 -0.23869408 -0.00704993
v -0.00252219 -0.23869408 -0.00111252
v 0.09443497 -0.23869408 0.02129433
v 0.12215852 -0.21344045 -0.01831272
v 0.12781984 -0.23869408 -0.00430045
v 0.13210815 -0.23869408 -0.02365639
v -0.03885996 -0.21344045 0.01619729
v 0.09571395 -0.23869408 0.02129433
v 0.09631581 -0.23677089 0.02192460
v 0.11907395 -0.21344045 -0.00639224
v 0.12093598 -0.23869408 0.00924596
v 0.11901753 -0.23048467 0.00811329
v -0.02069107 -0.21344045 0.01675450
v 0.09631581 -0.23556456 0.02192460
v 0.09808380 -0.23677089 0.02192460
v 0.10002106 -0.23869408 0.02114818
v 0.11482326 -0.21344045 0.00221242
v 0.09808380 -0.23556456 0.02192460
v 0.11252863 -0.21344045 0.00495276
v 0.10573881 -0.21344045 0.01025076
v 0.08798371 -0.21344045 0.01795111
f 2273 2274 2275
f 2273 2275 2276
f 2273 2276 2277
f 2273 2277 2278
f 2273 2278 2279
f 2273 2279 2287
f 2273 2287 2292
f 2273 2292 2298
f 2273 2298 2303
f 2273 2303 2310
f 2273 2310 2317
f 2273 2317 2323
f 2273 2323 2331
f 2273 2331 2330
f 2273 2330 2329
f 2273 2329 2327
f 2273 2327 2320
f 2273 2320 2314
f 2273 2314 2304
f 2273 2304 2299
f 2273 2299 2293
f 2273 2293 2288
f 2273 2288 2282
f 2273 2282 2281
f 2273 2281 2280
f 2273 2280 2274
f 2274 2280 2275
f 2275 2281 2282
f 2275 2282 2283
f 2275 2283 2284
f 2275 2284 2285
f 2275 2285 2276
f 2275 2280 2281
f 2276 2285 2284
f 2276 2284 2290
f 2276 2290 2294
f 2276 2294 2300
f 2276 2300 2305
f 2276 2305 2316
f 2276 2316 2315
f 2276 2315 2321
f 2276 2321 2326
f 2276 2326 2318
f 2276 2318 2313
f 2276 2313 2312
f 2276 2312 2311
f 2276 2311 2306
f 2276 2306 2301
f 2276 2301 2295
f 2276 2295 2291
f 2276 2291 2286
f 2276 2286 2278
f 2276 2278 2277
f 2278 2286 2279
f 2279 2286 2287
f 2282 2288 2289
f 2282 2289 2283
f 2283 2289 2284
f 2284 2289 2290
f 2286 2291 2292
f 2286 2292 2287
f 2288 2293 2289
f 2289 2293 2294
f 2289 2294 2290
f 2291 2295 2296
f 2291 2296 2297
f 2291 2297 2298
f 2291 2298 2292
f 2293 2299 2294
f 2294 2299 2300
f 2295 2301 2302
f 2295 2302 2296
f 2296 2302 2309
f 2296 2309 2308
f 2296 2308 2307
f 2296 2307 2303
f 2296 2303 2298
f 2296 2298 2297
f 2299 2304 2300
f 2300 2304 2305
f 2301 2306 2307
f 2301 2307 2308
f 2301 2308 2309
f 2301 2309 2302
f 2303 2307 2311
f 2303 2311 2312
f 2303 2312 2313
f 2303 2313 2310
f 2304 2314 2315
f 2304 2315 2316
f 2304 2316 2305
f 2306 2311 2307
f 2310 2313 2317
f 2313 2318 2325
f 2313 2325 2319
f 2313 2319 2317
f 2314 2320 2315
f 2315 2320 2322
f 2315 2322 2321
f 2317 2319 2324
f 2317 2324 2323
f 2318 2326 2325
f 2319 2325 2328
f 2319 2328 2324
f 2320 2327 2322
f 2321 2322 2328
f 2321 2328 2326
f 2322 2327 2329
f 2322 2329 2330
f 2322 2330 2328
f 2323 2324 2331
f 2324 2328 2331
f 2325 2326 2328
f 2328 2330 2331

o geometry_28
v -0.06005073 -0.11821251 0.25578543
v -0.07523411 -0.11828021 0.25216979
v -0.07523411 -0.12636265 0.25200291
v -0.06534200 -0.12636265 0.25428355
v -0.06005073 -0.12098063 0.25567420
v -0.06005073 -0.10174672 0.24682970
v -0.07523411 -0.10380777 0.24493843
v -0.08925629 -0.10651195 0.24243530
v -0.09453501 -0.11737380 0.24488282
v -0.12358365 -0.12636265 0.23648334
v -0.10243111 -0.12636265 0.24393719
v -0.08333735 -0.12636265 0.25000038
v -0.06005073 -0.12636265 0.25522918
v -0.06005073 -0.09417953 0.23804087
v -0.10135779 -0.11072806 0.23909777
v -0.06005073 -0.09263375 0.23559332
v -0.09453501 -0.10204384 0.23214456
v -0.11156374 -0.10527081 0.22680450
v -0.12326354 -0.10781326 0.22324443
v -0.12416739 -0.10806525 0.22296632
v -0.12416739 -0.12636265 0.23620522
v -0.06005073 -0.12636265 0.20794739
v -0.12416739 -0.10923493 0.22385634
v -0.12416739 -0.11398135 0.22736075
v -0.07516506 -0.09441271 0.23014203
v -0.06005073 -0.08982802 0.22658197
v -0.06907037 -0.09055767 0.22357819
v -0.12416739 -0.10284118 0.21284242
v -0.12416739 -0.10735818 0.22174255
v -0.12416739 -0.12636265 0.18836715
v -0.06005073 -0.12148836 -0.31243069
v -0.11156374 -0.09852352 0.21261993
v -0.06005073 -0.08854551 0.21534559
v -0.06005073 -0.08827848 0.21239743
v -0.07516506 -0.09029816 0.21100678
v -0.08454248 -0.09108045 0.20388672
v -0.08118444 -0.09176871 0.21601311
v -0.12416739 -0.09795185 0.19448596
v -0.12416739 -0.12148836 -0.28600850
v -0.07945206 -0.12148836 -0.30714624
v -0.07537847 -0.12148836 -0.30831440
v -0.06005073 -0.11837799 -0.31248631
v -0.07704180 -0.09021165 0.19281719
v -0.06005073 -0.08794375 -0.25992007
v -0.08454248 -0.09108045 0.19776787
v -0.12416739 -0.09675207 -0.00548828
v -0.12416739 -0.09675960 0.01264569
v -0.12416739 -0.09688747 0.13991720
v -0.12416739 -0.09703415 0.15810678
v -0.12416739 -0.09721469 0.17629637
v -0.12416739 -0.11618908 -0.28205906
v -0.10389359 -0.10838494 -0.28801103
v -0.06945953 -0.10736946 -0.30670125
v -0.08157359 -0.11324043 -0.30386433
v -0.07540358 -0.11888197 -0.30803626
v -0.06005073 -0.11565125 -0.31170755
v -0.06005073 -0.08904573 -0.27877714
v -0.07045125 -0.09031696 -0.27427148
v -0.07357078 -0.08995966 -0.25992007
v -0.12416739 -0.09710937 -0.21096948
v -0.12416739 -0.09697022 -0.19277989
v -0.12416739 -0.09693261 -0.17459030
v -0.12416739 -0.11015638 -0.27666339
v -0.09339265 -0.10574094 -0.29129294
v -0.12416739 -0.10653451 -0.27338147
v -0.07540358 -0.10229960 -0.29724488
v -0.06005073 -0.09514988 -0.29674424
v -0.06005073 -0.10498121 -0.30825876
v -0.06005073 -0.08937294 -0.28089093
v -0.06559307 -0.09127226 -0.28639787
v -0.08265319 -0.09155809 -0.25992007
v -0.12416739 -0.09823769 -0.24729304
v -0.12416739 -0.09773371 -0.24173045
v -0.12416739 -0.09725982 -0.22915907
v -0.12416739 -0.10295401 -0.26526013
v -0.06005073 -0.09377334 -0.29446360
v -0.12416739 -0.10079142 -0.25992007
v -0.11156374 -0.09754189 -0.25992007
f 2332 2333 2334
f 2332 2334 2335
f 2332 2335 2336
f 2332 2336 2344
f 2332 2344 2353
f 2332 2353 2362
f 2332 2362 2373
f 2332 2373 2387
f 2332 2387 2399
f 2332 2399 2398
f 2332 2398 2407
f 2332 2407 2400
f 2332 2400 2388
f 2332 2388 2375
f 2332 2375 2365
f 2332 2365 2364
f 2332 2364 2357
f 2332 2357 2347
f 2332 2347 2345
f 2332 2345 2337
f 2332 2337 2338
f 2332 2338 2333
f 2333 2338 2339
f 2333 2339 2340
f 2333 2340 2341
f 2333 2341 2342
f 2333 2342 2343
f 2333 2343 2334
f 2334 2343 2342
f 2334 2342 2341
f 2334 2341 2352
f 2334 2352 2361
f 2334 2361 2353
f 2334 2353 2344
f 2334 2344 2335
f 2335 2344 2336
f 2337 2345 2338
f 2338 2345 2339
f 2339 2346 2341
f 2339 2341 2340
f 2339 2345 2347
f 2339 2347 2348
f 2339 2348 2349
f 2339 2349 2350
f 2339 2350 2351
f 2339 2351 2346
f 2341 2346 2352
f 2346 2351 2354
f 2346 2354 2355
f 2346 2355 2352
f 2347 2356 2348
f 2347 2357 2358
f 2347 2358 2356
f 2348 2356 2349
f 2349 2356 2359
f 2349 2359 2360
f 2349 2360 2350
f 2350 2360 2351
f 2351 2360 2359
f 2351 2359 2369
f 2351 2369 2381
f 2351 2381 2380
f 2351 2380 2379
f 2351 2379 2378
f 2351 2378 2377
f 2351 2377 2393
f 2351 2393 2392
f 2351 2392 2391
f 2351 2391 2405
f 2351 2405 2404
f 2351 2404 2403
f 2351 2403 2408
f 2351 2408 2406
f 2351 2406 2396
f 2351 2396 2394
f 2351 2394 2382
f 2351 2382 2370
f 2351 2370 2361
f 2351 2361 2352
f 2351 2352 2355
f 2351 2355 2354
f 2353 2361 2362
f 2356 2358 2363
f 2356 2363 2359
f 2357 2364 2358
f 2358 2364 2365
f 2358 2365 2366
f 2358 2366 2367
f 2358 2367 2368
f 2358 2368 2363
f 2359 2363 2369
f 2361 2370 2371
f 2361 2371 2372
f 2361 2372 2362
f 2362 2372 2373
f 2363 2368 2369
f 2365 2374 2367
f 2365 2367 2366
f 2365 2375 2374
f 2367 2374 2375
f 2367 2375 2376
f 2367 2376 2377
f 2367 2377 2378
f 2367 2378 2379
f 2367 2379 2380
f 2367 2380 2381
f 2367 2381 2369
f 2367 2369 2368
f 2370 2382 2383
f 2370 2383 2384
f 2370 2384 2385
f 2370 2385 2371
f 2371 2385 2386
f 2371 2386 2373
f 2371 2373 2372
f 2373 2386 2384
f 2373 2384 2387
f 2375 2388 2389
f 2375 2389 2390
f 2375 2390 2391
f 2375 2391 2392
f 2375 2392 2393
f 2375 2393 2377
f 2375 2377 2376
f 2382 2394 2383
f 2383 2395 2384
f 2383 2394 2396
f 2383 2396 2395
f 2384 2395 2397
f 2384 2397 2398
f 2384 2398 2399
f 2384 2399 2387
f 2384 2386 2385
f 2388 2400 2401
f 2388 2401 2389
f 2389 2402 2390
f 2389 2401 2403
f 2389 2403 2404
f 2389 2404 2402
f 2390 2404 2405
f 2390 2405 2391
f 2390 2402 2404
f 2395 2398 2397
f 2395 2396 2398
f 2396 2406 2401
f 2396 2401 2407
f 2396 2407 2398
f 2400 2407 2401
f 2401 2406 2408
f 2401 2408 2409
f 2401 2409 2403
f 2403 2409 2408

o geometry_29
v 0.32246665 -0.15452032 -0.00544347
v 0.31883951 -0.17107848 -0.00544347
v 0.31885712 -0.17095896 -0.02363498
v 0.32244904 -0.15452032 -0.02363498
v 0.32068827 -0.13900191 -0.00544347
v 0.32065308 -0.13900191 0.01271306
v 0.32229059 -0.15452032 0.01271306
v 0.31410307 -0.18013735 -0.00544347
v 0.31864583 -0.17063031 0.01271306
v 0.31399743 -0.18001784 -0.02363498
v 0.31871625 -0.17067214 -0.04179151
v 0.32229059 -0.15452032 -0.04179151
v 0.32056505 -0.13900191 -0.05735925
v 0.32065308 -0.13900191 -0.03920272
v 0.32067069 -0.13900191 -0.02363498
v 0.32042418 -0.13900191 0.03090458
v 0.32188559 -0.15452032 0.03090458
v 0.30501763 -0.18584995 -0.00544347
v 0.30491195 -0.18588579 -0.02363498
v 0.30473589 -0.18591568 -0.04179151
v 0.31369811 -0.17968918 0.01271306
v 0.30461263 -0.18563482 0.01271306
v 0.31838170 -0.16969813 0.03090458
v 0.31382136 -0.17973102 -0.04179151
v 0.31852257 -0.17006263 -0.05998302
v 0.32206169 -0.15452032 -0.05998302
v 0.32052982 -0.13900191 -0.05998302
v 0.31971989 -0.13900191 0.04909609
v 0.32098763 -0.15452032 0.04909609
v 0.31790632 -0.16841340 0.04909609
v 0.28822005 -0.19317592 -0.00544347
v 0.28822005 -0.19327750 -0.02363498
v 0.28822005 -0.19303848 -0.04179151
v 0.30424289 -0.18580213 -0.05998302
v 0.31265927 -0.17875103 0.03090458
v 0.30355618 -0.18498350 0.03090458
v 0.28822005 -0.19250667 0.01271306
v 0.31332837 -0.17912152 -0.05998302
v 0.31804715 -0.16905277 -0.07817455
v 0.32142782 -0.15452032 -0.07817455
v 0.32014247 -0.13900191 -0.07817455
v 0.32023050 -0.13900191 -0.07555077
v 0.31662097 -0.13900191 0.10332079
v 0.31589907 -0.14254539 0.11535518
v 0.31589907 -0.14706886 0.11535518
v 0.31949099 -0.15452032 0.06725262
v 0.31699071 -0.16641758 0.06725262
v 0.27004911 -0.19774720 -0.00544347
v 0.27004911 -0.19780097 -0.02363498
v 0.28822005 -0.19266801 -0.05998302
v 0.28822005 -0.19195693 -0.07817455
v 0.30338012 -0.18532409 -0.07817455
v 0.31107460 -0.17746630 0.04909609
v 0.30003468 -0.18311316 0.06725262
v 0.30198912 -0.18406327 0.04909609
v 0.28822005 -0.18981170 0.04909609
v 0.28822005 -0.19132948 0.03090458
v 0.27004911 -0.19700623 0.01271306
v 0.27004911 -0.19487297 0.04909609
v 0.27004911 -0.19597247 0.03090458
v 0.31246560 -0.17810567 -0.07817455
v 0.31729003 -0.16744536 -0.09633108
v 0.32019527 -0.15452032 -0.09633108
v 0.31862822 -0.13900191 -0.11133907
v 0.31952621 -0.13900191 -0.09374227
v 0.31660335 -0.13900191 0.10356568
v 0.31496584 -0.13900191 0.11895850
v 0.31139154 -0.13900191 0.13994871
v 0.31276492 -0.15367179 0.12154729
v 0.31427917 -0.15949195 0.10356568
v 0.31522997 -0.16256337 0.09282569
v 0.31660335 -0.15043307 0.10356568
v 0.30779962 -0.13900191 0.15828016
v 0.30716575 -0.13900191 0.16128875
v 0.30323925 -0.13900191 0.17927037
v 0.30848629 -0.15452032 0.13994871
v 0.31739570 -0.15572140 0.08621378
v 0.31609274 -0.16470260 0.08068636
v 0.25187817 -0.19921717 -0.00544347
v 0.25187817 -0.19873913 0.01271306
v 0.25187817 -0.19922314 -0.02363498
v 0.25187817 -0.19906180 -0.04179151
v 0.25187817 -0.19881681 -0.05998302
v 0.25187817 -0.19846426 -0.07817455
v 0.27004911 -0.19741855 -0.04179151
v 0.27004911 -0.19658794 -0.07817455
v 0.27004911 -0.19606807 -0.09633108
v 0.27004911 -0.19518967 -0.11133907
v 0.27321847 -0.19428140 -0.11133907
v 0.28822005 -0.19085742 -0.09633108
v 0.30200674 -0.18452935 -0.09633108
v 0.30338012 -0.16954277 0.12175719
v 0.29846762 -0.18232440 0.08040648
v 0.28822005 -0.18811466 0.06725262
v 0.27004911 -0.19054072 0.10356568
v 0.27004911 -0.19217204 0.08540915
v 0.27004911 -0.19361811 0.06725262
v 0.25187817 -0.19697037 0.04909609
v 0.25187817 -0.19789659 0.03090458
v 0.25187817 -0.19582906 0.06725262
v 0.30063335 -0.18380632 -0.11133907
v 0.31109218 -0.17649826 -0.09633108
v 0.31656813 -0.16578417 -0.11133907
v 0.31896276 -0.15452032 -0.11133907
v 0.31864583 -0.13955763 -0.11133907
v 0.26672130 -0.13900191 -0.11133907
v 0.29889020 -0.16524039 0.15397717
v 0.30102071 -0.16734975 0.13994871
v 0.29857327 -0.14780384 0.18931068
v 0.29938320 -0.13900191 0.19354371
v 0.30038684 -0.15131147 0.17629676
v 0.30260538 -0.15598433 0.15925970
v 0.18799814 -0.19990436 -0.10528689
v 0.18776926 -0.20004777 -0.11133907
v 0.18875527 -0.20004777 -0.11133907
v 0.25187817 -0.19795634 -0.09633108
v 0.25504751 -0.19683892 -0.11133907
v 0.28822005 -0.18963843 -0.11133907
v 0.29063227 -0.18853892 -0.11133907
v 0.29230500 -0.17860165 0.12175719
v 0.29498135 -0.18035247 0.10356568
v 0.29665405 -0.18135636 0.09251084
v 0.28321952 -0.18386011 0.12175719
v 0.28589587 -0.18494764 0.10356568
v 0.28964627 -0.18538386 0.08603886
v 0.27004911 -0.18847917 0.12175719
v 0.25187817 -0.18920818 0.13994871
v 0.25187817 -0.19123986 0.12175719
v 0.25187817 -0.19297873 0.10356568
v 0.25187817 -0.19448456 0.08540915
v 0.14258840 -0.17620547 0.19448826
v 0.30971883 -0.17483707 -0.11133907
v 0.14287012 -0.14984747 -0.11133907
v 0.14258840 -0.13900191 0.19805660
v 0.28751576 -0.17737666 0.14134806
v 0.29684773 -0.16299360 0.16608152
v 0.28563174 -0.16874205 0.17629676
v 0.28976950 -0.17076178 0.15925970
v 0.29799220 -0.13900191 0.19847642
v 0.29654840 -0.14164309 0.20141503
v 0.28154682 -0.14831774 0.22558876
v 0.29158310 -0.15411399 0.19501302
v 0.29471722 -0.16036437 0.17629676
v 0.14258840 -0.18989536 -0.02363498
v 0.14258840 -0.18977586 -0.04182649
v 0.14258840 -0.18832979 -0.07817455
v 0.14258840 -0.18737370 -0.09633108
v 0.14258840 -0.18734980 -0.09661094
v 0.14258840 -0.18580213 -0.11133907
v 0.25187817 -0.19716757 -0.11133907
v 0.27878243 -0.18155355 0.14834479
v 0.28096576 -0.18271280 0.13624044
v 0.27165139 -0.18510300 0.14134806
v 0.26351673 -0.18276060 0.17629676
v 0.26147426 -0.18194793 0.18654697
v 0.25187817 -0.18697335 0.15810524
v 0.23946488 -0.18250365 0.19098990
v 0.14258840 -0.17481317 0.21264479
v 0.14258840 -0.14987735 -0.11133907
v 0.14258840 -0.13900191 0.24598425
v 0.27939870 -0.16379431 0.20400383
v 0.28163485 -0.16559295 0.19448826
v 0.27260220 -0.17779495 0.17629676
v 0.27649345 -0.18037040 0.15810524
v 0.27015476 -0.16835364 0.21107054
v 0.26855247 -0.17527925 0.19336880
v 0.29681250 -0.13900191 0.20214969
v 0.29519264 -0.13900191 0.20610285
v 0.29061469 -0.13900191 0.21505867
v 0.28358926 -0.13900191 0.22835247
v 0.27696886 -0.13900191 0.23723833
v 0.27575394 -0.13900191 0.23884758
v 0.26136861 -0.16396761 0.24038686
v 0.28390623 -0.15442471 0.21107054
v 0.25187817 -0.18067515 0.19956091
v 0.25187817 -0.18249171 0.19046514
v 0.25187817 -0.18456521 0.17629676
v 0.26365759 -0.16611281 0.23083632
v 0.25187817 -0.17133541 0.23083632
v 0.25187817 -0.17726314 0.21264479
v 0.23370723 -0.17833274 0.21264479
v 0.14258840 -0.17078567 0.23083632
v 0.14258840 -0.15987438 0.24598425
v 0.26717909 -0.13900191 0.24598425
v 0.26436189 -0.15452032 0.24262581
v 0.26797143 -0.13900191 0.24556445
v 0.25837534 -0.15452032 0.24598425
v 0.25187817 -0.16074083 0.24598425
v 0.25187817 -0.16568856 0.24308060
v 0.23370723 -0.17423354 0.23083632
v 0.23585535 -0.16742145 0.24598425
v 0.23370723 -0.16781584 0.24598425
v 0.21555388 -0.16757084 0.24598425
v 0.14258840 -0.16568856 0.24178621
v 0.14258840 -0.15995804 0.24594925
v 0.14258840 -0.16561088 0.24192614
f 2410 2411 2412
f 2410 2412 2413
f 2410 2413 2424
f 2410 2424 2414
f 2410 2414 2415
f 2410 2415 2416
f 2410 2416 2411
f 2411 2417 2412
f 2411 2416 2418
f 2411 2418 2417
f 2412 2417 2419
f 2412 2419 2420
f 2412 2420 2421
f 2412 2421 2413
f 2413 2421 2422
f 2413 2422 2423
f 2413 2423 2424
f 2414 2424 2423
f 2414 2423 2422
f 2414 2422 2436
f 2414 2436 2451
f 2414 2451 2450
f 2414 2450 2474
f 2414 2474 2473
f 2414 2473 2515
f 2414 2515 2543
f 2414 2543 2569
f 2414 2569 2593
f 2414 2593 2595
f 2414 2595 2581
f 2414 2581 2580
f 2414 2580 2579
f 2414 2579 2578
f 2414 2578 2577
f 2414 2577 2576
f 2414 2576 2548
f 2414 2548 2519
f 2414 2519 2484
f 2414 2484 2483
f 2414 2483 2482
f 2414 2482 2477
f 2414 2477 2476
f 2414 2476 2475
f 2414 2475 2452
f 2414 2452 2437
f 2414 2437 2425
f 2414 2425 2415
f 2415 2425 2416
f 2416 2425 2426
f 2416 2426 2418
f 2417 2427 2428
f 2417 2428 2429
f 2417 2429 2419
f 2417 2418 2430
f 2417 2430 2431
f 2417 2431 2427
f 2418 2426 2432
f 2418 2432 2430
f 2419 2429 2433
f 2419 2433 2420
f 2420 2433 2434
f 2420 2434 2435
f 2420 2435 2421
f 2421 2435 2422
f 2422 2435 2436
f 2425 2437 2426
f 2426 2437 2438
f 2426 2438 2439
f 2426 2439 2432
f 2427 2440 2441
f 2427 2441 2428
f 2427 2431 2440
f 2428 2441 2429
f 2429 2441 2442
f 2429 2442 2443
f 2429 2443 2433
f 2430 2432 2439
f 2430 2439 2444
f 2430 2444 2445
f 2430 2445 2431
f 2431 2446 2440
f 2431 2445 2446
f 2433 2443 2447
f 2433 2447 2434
f 2434 2447 2448
f 2434 2448 2449
f 2434 2449 2435
f 2435 2449 2450
f 2435 2450 2451
f 2435 2451 2436
f 2437 2452 2438
f 2438 2452 2453
f 2438 2453 2454
f 2438 2454 2455
f 2438 2455 2456
f 2438 2456 2439
f 2439 2456 2444
f 2440 2457 2441
f 2440 2446 2457
f 2441 2457 2458
f 2441 2458 2442
f 2442 2459 2443
f 2442 2458 2459
f 2443 2459 2460
f 2443 2460 2461
f 2443 2461 2447
f 2444 2456 2462
f 2444 2462 2463
f 2444 2463 2464
f 2444 2464 2445
f 2445 2464 2465
f 2445 2465 2466
f 2445 2466 2446
f 2446 2467 2457
f 2446 2466 2468
f 2446 2468 2469
f 2446 2469 2467
f 2447 2461 2470
f 2447 2470 2448
f 2448 2470 2471
f 2448 2471 2449
f 2449 2471 2472
f 2449 2472 2473
f 2449 2473 2474
f 2449 2474 2450
f 2452 2475 2453
f 2453 2475 2476
f 2453 2476 2477
f 2453 2477 2454
f 2454 2478 2479
f 2454 2479 2480
f 2454 2480 2481
f 2454 2481 2455
f 2454 2477 2482
f 2454 2482 2483
f 2454 2483 2484
f 2454 2484 2485
f 2454 2485 2478
f 2455 2481 2486
f 2455 2486 2487
f 2455 2487 2456
f 2456 2487 2462
f 2457 2488 2458
f 2457 2467 2489
f 2457 2489 2488
f 2458 2488 2490
f 2458 2490 2491
f 2458 2491 2492
f 2458 2492 2493
f 2458 2493 2494
f 2458 2494 2459
f 2459 2494 2495
f 2459 2495 2496
f 2459 2496 2460
f 2460 2496 2497
f 2460 2497 2498
f 2460 2498 2499
f 2460 2499 2461
f 2461 2499 2500
f 2461 2500 2470
f 2462 2487 2501
f 2462 2501 2502
f 2462 2502 2463
f 2463 2503 2464
f 2463 2502 2503
f 2464 2503 2465
f 2465 2503 2504
f 2465 2504 2505
f 2465 2505 2466
f 2466 2505 2506
f 2466 2506 2468
f 2467 2469 2507
f 2467 2507 2508
f 2467 2508 2489
f 2468 2506 2509
f 2468 2509 2507
f 2468 2507 2469
f 2470 2500 2510
f 2470 2510 2511
f 2470 2511 2512
f 2470 2512 2471
f 2471 2512 2472
f 2472 2512 2513
f 2472 2513 2514
f 2472 2514 2473
f 2473 2514 2513
f 2473 2513 2512
f 2473 2512 2541
f 2473 2541 2510
f 2473 2510 2528
f 2473 2528 2527
f 2473 2527 2498
f 2473 2498 2497
f 2473 2497 2526
f 2473 2526 2559
f 2473 2559 2524
f 2473 2524 2523
f 2473 2523 2558
f 2473 2558 2568
f 2473 2568 2542
f 2473 2542 2515
f 2478 2485 2479
f 2479 2485 2480
f 2480 2487 2486
f 2480 2486 2481
f 2480 2485 2516
f 2480 2516 2517
f 2480 2517 2501
f 2480 2501 2487
f 2484 2518 2485
f 2484 2519 2518
f 2485 2518 2520
f 2485 2520 2521
f 2485 2521 2516
f 2488 2489 2522
f 2488 2522 2523
f 2488 2523 2524
f 2488 2524 2490
f 2489 2508 2522
f 2490 2524 2491
f 2491 2524 2492
f 2492 2524 2493
f 2493 2495 2494
f 2493 2524 2525
f 2493 2525 2495
f 2495 2525 2496
f 2496 2525 2526
f 2496 2526 2497
f 2498 2527 2499
f 2499 2527 2528
f 2499 2528 2500
f 2500 2528 2510
f 2501 2517 2529
f 2501 2529 2530
f 2501 2530 2531
f 2501 2531 2502
f 2502 2531 2532
f 2502 2532 2533
f 2502 2533 2534
f 2502 2534 2503
f 2503 2534 2533
f 2503 2533 2504
f 2504 2533 2532
f 2504 2532 2535
f 2504 2535 2536
f 2504 2536 2537
f 2504 2537 2538
f 2504 2538 2505
f 2505 2538 2539
f 2505 2539 2506
f 2506 2539 2509
f 2507 2509 2522
f 2507 2522 2508
f 2509 2539 2540
f 2509 2540 2522
f 2510 2541 2511
f 2511 2541 2512
f 2515 2542 2543
f 2516 2544 2517
f 2516 2521 2545
f 2516 2545 2546
f 2516 2546 2547
f 2516 2547 2544
f 2517 2544 2529
f 2518 2519 2548
f 2518 2548 2549
f 2518 2549 2550
f 2518 2550 2551
f 2518 2551 2552
f 2518 2552 2545
f 2518 2545 2520
f 2520 2545 2521
f 2522 2540 2553
f 2522 2553 2523
f 2523 2553 2554
f 2523 2554 2555
f 2523 2555 2556
f 2523 2556 2557
f 2523 2557 2558
f 2524 2559 2525
f 2525 2559 2526
f 2529 2544 2560
f 2529 2560 2561
f 2529 2561 2530
f 2530 2561 2531
f 2531 2561 2532
f 2532 2561 2535
f 2535 2561 2562
f 2535 2562 2563
f 2535 2563 2564
f 2535 2564 2536
f 2536 2564 2565
f 2536 2565 2566
f 2536 2566 2567
f 2536 2567 2537
f 2537 2567 2538
f 2538 2567 2539
f 2539 2567 2540
f 2540 2567 2591
f 2540 2591 2603
f 2540 2603 2605
f 2540 2605 2604
f 2540 2604 2592
f 2540 2592 2569
f 2540 2569 2543
f 2540 2543 2568
f 2540 2568 2558
f 2540 2558 2557
f 2540 2557 2556
f 2540 2556 2555
f 2540 2555 2554
f 2540 2554 2553
f 2542 2568 2543
f 2544 2547 2560
f 2545 2552 2570
f 2545 2570 2571
f 2545 2571 2546
f 2546 2572 2573
f 2546 2573 2547
f 2546 2571 2574
f 2546 2574 2575
f 2546 2575 2572
f 2547 2573 2560
f 2548 2576 2549
f 2549 2576 2577
f 2549 2577 2578
f 2549 2578 2550
f 2550 2578 2579
f 2550 2579 2580
f 2550 2580 2581
f 2550 2581 2582
f 2550 2582 2583
f 2550 2583 2551
f 2551 2583 2570
f 2551 2570 2552
f 2560 2573 2564
f 2560 2564 2561
f 2561 2564 2563
f 2561 2563 2562
f 2564 2584 2585
f 2564 2585 2586
f 2564 2586 2565
f 2564 2573 2572
f 2564 2572 2575
f 2564 2575 2587
f 2564 2587 2582
f 2564 2582 2588
f 2564 2588 2589
f 2564 2589 2584
f 2565 2586 2566
f 2566 2586 2585
f 2566 2585 2590
f 2566 2590 2567
f 2567 2590 2591
f 2569 2592 2602
f 2569 2602 2601
f 2569 2601 2600
f 2569 2600 2597
f 2569 2597 2596
f 2569 2596 2593
f 2570 2583 2582
f 2570 2582 2587
f 2570 2587 2571
f 2571 2587 2574
f 2574 2587 2575
f 2581 2594 2582
f 2581 2595 2594
f 2582 2594 2596
f 2582 2596 2597
f 2582 2597 2598
f 2582 2598 2588
f 2584 2589 2599
f 2584 2599 2590
f 2584 2590 2585
f 2588 2598 2600
f 2588 2600 2601
f 2588 2601 2599
f 2588 2599 2589
f 2590 2599 2591
f 2591 2599 2602
f 2591 2602 2603
f 2592 2604 2602
f 2593 2596 2595
f 2594 2595 2596
f 2597 2600 2598
f 2599 2601 2602
f 2602 2604 2605
f 2602 2605 2603

o geometry_30
v 0.11280738 -0.07942386 0.26891717
v 0.11139841 -0.07942386 0.28538055
v 0.11106104 -0.11712585 0.26891717
v 0.06987323 -0.07942386 0.26891717
v 0.10631814 -0.07942386 0.29689748
v 0.10410545 -0.07942386 0.30106922
v 0.10341088 -0.08205631 0.30076751
v 0.09995789 -0.09547732 0.29770578
v 0.07971624 -0.12786980 0.29494199
v 0.06618210 -0.16634812 0.26891717
v 0.06920843 -0.07942386 0.27293245
v 0.01597484 -0.11881240 0.26891717
v 0.09134526 -0.07942386 0.30631739
v 0.08832886 -0.08205631 0.30696550
v 0.08936079 -0.10097423 0.30141562
v 0.08315930 -0.11828591 0.29753071
v 0.06847417 -0.13490156 0.29632016
v 0.06131021 -0.14565442 0.29464402
v 0.06117130 -0.16364430 0.27635178
v 0.05158627 -0.17058682 0.26891717
v 0.06798797 -0.07942386 0.28538055
v 0.01144031 -0.13761431 0.26891717
v 0.02008271 -0.13640071 0.28392417
v 0.02219617 -0.12513919 0.28112317
v 0.07227444 -0.07942386 0.29922174
v 0.06839479 -0.07942386 0.28754837
v 0.08815026 -0.07942386 0.30640678
v 0.03818113 -0.12293508 0.29623448
v 0.07015105 -0.10017111 0.30366909
v 0.07015105 -0.11828591 0.30196317
v 0.05199309 -0.13640071 0.29817134
v 0.05199309 -0.14608275 0.29502023
v 0.03975879 -0.14610060 0.29502767
v 0.05736110 -0.16364430 0.27635178
v 0.04524587 -0.16352828 0.27625493
v 0.03652410 -0.16967661 0.26891717
v 0.01648088 -0.15573804 0.26891717
v 0.02106502 -0.15072300 0.28163720
v 0.02792139 -0.13640071 0.29300886
v 0.07388187 -0.07942386 0.30036152
v 0.03700037 -0.13640071 0.29621215
v 0.03374583 -0.15260586 0.28676991
v 0.03381529 -0.16941782 0.26891717
v 0.02622466 -0.16608934 0.26891717
f 2606 2607 2608
f 2606 2608 2615
f 2606 2615 2625
f 2606 2625 2641
f 2606 2641 2648
f 2606 2648 2649
f 2606 2649 2642
f 2606 2642 2627
f 2606 2627 2617
f 2606 2617 2609
f 2606 2609 2616
f 2606 2616 2626
f 2606 2626 2631
f 2606 2631 2630
f 2606 2630 2645
f 2606 2645 2632
f 2606 2632 2618
f 2606 2618 2611
f 2606 2611 2610
f 2606 2610 2607
f 2607 2610 2608
f 2608 2610 2611
f 2608 2611 2612
f 2608 2612 2613
f 2608 2613 2614
f 2608 2614 2615
f 2609 2617 2616
f 2611 2618 2612
f 2612 2618 2619
f 2612 2619 2620
f 2612 2620 2613
f 2613 2620 2621
f 2613 2621 2614
f 2614 2621 2622
f 2614 2622 2623
f 2614 2623 2615
f 2615 2623 2624
f 2615 2624 2625
f 2616 2617 2626
f 2617 2627 2628
f 2617 2628 2629
f 2617 2629 2630
f 2617 2630 2631
f 2617 2631 2626
f 2618 2632 2619
f 2619 2632 2633
f 2619 2633 2634
f 2619 2634 2635
f 2619 2635 2620
f 2620 2635 2621
f 2621 2635 2622
f 2622 2635 2623
f 2623 2636 2637
f 2623 2637 2624
f 2623 2635 2636
f 2624 2637 2638
f 2624 2638 2639
f 2624 2639 2625
f 2625 2639 2638
f 2625 2638 2640
f 2625 2640 2641
f 2627 2642 2643
f 2627 2643 2628
f 2628 2643 2644
f 2628 2644 2629
f 2629 2644 2633
f 2629 2633 2630
f 2630 2633 2645
f 2632 2645 2633
f 2633 2644 2646
f 2633 2646 2634
f 2634 2646 2636
f 2634 2636 2635
f 2636 2646 2638
f 2636 2638 2637
f 2638 2646 2644
f 2638 2644 2643
f 2638 2643 2647
f 2638 2647 2648
f 2638 2648 2641
f 2638 2641 2640
f 2642 2649 2643
f 2643 2649 2647
f 2647 2649 2648

o geometry_31
v -0.03887233 -0.20014118 -0.12422157
v -0.02487995 -0.20003347 -0.12404091
v -0.03887233 -0.20014118 -0.12243497
v -0.05104406 -0.20001809 -0.12400076
v 0.00962368 -0.17789474 -0.27811096
v 0.00962368 -0.19943346 -0.11454578
v 0.00962368 -0.19950270 -0.11243798
v 0.00962368 -0.19953346 -0.11139412
v -0.02487995 -0.20003347 -0.12261564
v -0.05104406 -0.20001809 -0.12305727
v 0.00315254 -0.19954116 -0.11139412
v -0.00258215 -0.19946424 -0.11139412
v -0.06003819 -0.19681806 -0.11874130
v -0.06003819 -0.19585650 -0.13138809
v -0.06003819 -0.17264853 -0.27813101
v 0.00962368 -0.17787166 -0.27825148
v 0.00962368 -0.16248685 -0.11139412
v -0.06003819 -0.19664881 -0.11577031
v -0.01549033 -0.19908731 -0.11139412
v -0.05278970 -0.19654112 -0.11139412
v -0.06003819 -0.19585650 -0.11139412
v -0.06003819 -0.16940232 -0.29629824
v 0.00962368 -0.17192544 -0.29545513
v -0.01151491 -0.16239455 -0.11139412
v 0.00962368 -0.16095607 -0.11587068
v -0.06003819 -0.16291763 -0.11139412
v -0.06003819 -0.16497920 -0.30655618
v -0.05705151 -0.16509458 -0.30665656
v 0.00962368 -0.17026388 -0.29655922
v -0.04342054 -0.16460227 -0.30627515
v -0.00253442 -0.15550216 -0.13273307
v -0.02893719 -0.16240993 -0.11139412
v 0.00962368 -0.15567908 -0.13273307
v -0.05891307 -0.16286378 -0.11139412
v -0.06003819 -0.12156328 -0.26644779
v -0.06003819 -0.15451752 -0.30970786
v -0.05705151 -0.15451752 -0.31002904
v 0.00962368 -0.13518652 -0.31219708
v 0.00962368 -0.13134801 -0.31356212
v 0.00962368 -0.13210955 -0.31330114
v -0.02070678 -0.15586369 -0.13273307
v 0.00962368 -0.12156328 -0.28545813
v -0.00348225 -0.12156328 -0.27925519
v -0.03887233 -0.12156328 -0.27084407
v -0.05705151 -0.12156328 -0.26674892
v -0.06003819 -0.12156328 -0.31245803
v -0.06003819 -0.13640192 -0.31271901
v -0.05705151 -0.13640192 -0.31328108
v -0.03887233 -0.13640192 -0.31408405
v 0.00962368 -0.12156328 -0.31643272
v -0.05768567 -0.12156328 -0.31314056
v -0.05705151 -0.12156328 -0.31332122
v -0.03887233 -0.12156328 -0.31577027
v -0.02070678 -0.12156328 -0.31613163
f 2650 2651 2658
f 2650 2658 2652
f 2650 2652 2659
f 2650 2659 2653
f 2650 2653 2654
f 2650 2654 2651
f 2651 2655 2656
f 2651 2656 2657
f 2651 2657 2658
f 2651 2654 2655
f 2652 2658 2657
f 2652 2657 2660
f 2652 2660 2661
f 2652 2661 2659
f 2653 2659 2662
f 2653 2662 2663
f 2653 2663 2664
f 2653 2664 2665
f 2653 2665 2654
f 2654 2665 2672
f 2654 2672 2678
f 2654 2678 2687
f 2654 2687 2689
f 2654 2689 2688
f 2654 2688 2699
f 2654 2699 2691
f 2654 2691 2682
f 2654 2682 2674
f 2654 2674 2666
f 2654 2666 2657
f 2654 2657 2656
f 2654 2656 2655
f 2657 2666 2673
f 2657 2673 2681
f 2657 2681 2683
f 2657 2683 2675
f 2657 2675 2670
f 2657 2670 2669
f 2657 2669 2668
f 2657 2668 2661
f 2657 2661 2660
f 2659 2667 2662
f 2659 2661 2668
f 2659 2668 2669
f 2659 2669 2670
f 2659 2670 2667
f 2662 2667 2670
f 2662 2670 2675
f 2662 2675 2684
f 2662 2684 2695
f 2662 2695 2696
f 2662 2696 2685
f 2662 2685 2676
f 2662 2676 2671
f 2662 2671 2664
f 2662 2664 2663
f 2664 2671 2665
f 2665 2671 2672
f 2666 2674 2673
f 2671 2676 2677
f 2671 2677 2672
f 2672 2677 2679
f 2672 2679 2678
f 2673 2680 2681
f 2673 2674 2680
f 2674 2682 2680
f 2675 2683 2684
f 2676 2685 2686
f 2676 2686 2677
f 2677 2686 2679
f 2678 2679 2687
f 2679 2686 2688
f 2679 2688 2689
f 2679 2689 2687
f 2680 2684 2690
f 2680 2690 2683
f 2680 2683 2681
f 2680 2682 2684
f 2682 2691 2692
f 2682 2692 2693
f 2682 2693 2694
f 2682 2694 2684
f 2683 2690 2684
f 2684 2694 2693
f 2684 2693 2692
f 2684 2692 2691
f 2684 2691 2699
f 2684 2699 2703
f 2684 2703 2702
f 2684 2702 2701
f 2684 2701 2700
f 2684 2700 2695
f 2685 2696 2697
f 2685 2697 2686
f 2686 2697 2698
f 2686 2698 2699
f 2686 2699 2688
f 2695 2700 2696
f 2696 2700 2701
f 2696 2701 2697
f 2697 2701 2702
f 2697 2702 2698
f 2698 2702 2703
f 2698 2703 2699

o geometry_32
v -0.18426695 0.29838802 -0.33393015
v -0.20244328 0.35272969 -0.33295250
v -0.18426695 0.31650928 -0.33322531
v -0.16488698 0.27929443 -0.33084944
v -0.18599803 0.27929443 -0.33030378
v -0.19781805 0.29838802 -0.32810976
v -0.21642717 0.35272969 -0.32798472
v -0.23296709 0.39217655 -0.32648416
v -0.22325682 0.39217655 -0.33000821
v -0.20244328 0.37083989 -0.33213400
v -0.22061962 0.39217655 -0.33070164
v -0.18975773 0.37083989 -0.32722306
v -0.16366982 0.27929443 -0.33029240
v -0.18652548 0.27929443 -0.33007641
v -0.19530258 0.28340486 -0.32592713
v -0.23241261 0.38896114 -0.32621132
v -0.23457645 0.39217655 -0.32479034
v -0.20378217 0.39217655 -0.32855313
v -0.20174004 0.39217655 -0.32799609
v -0.19185395 0.38443082 -0.32535875
v -0.17174368 0.31650928 -0.32763233
v -0.16184406 0.27929443 -0.32914426
v -0.18752626 0.27929443 -0.32948530
v -0.19462639 0.27929443 -0.32510866
v -0.23037047 0.37812154 -0.32439248
v -0.28539985 0.32445391 -0.23418810
v -0.24198764 0.39217655 -0.31357021
v -0.19324693 0.39217655 -0.31854937
v -0.19085317 0.38772359 -0.31449101
v -0.15610987 0.27929443 -0.32261908
v -0.17390753 0.32926045 -0.32535875
v -0.19243549 0.39217655 -0.31449101
v -0.21687346 0.27929443 -0.29490410
v -0.28871325 0.32152577 -0.22361595
v -0.29143161 0.32532683 -0.21780694
v -0.29270286 0.33431008 -0.21780694
v -0.29055253 0.33461948 -0.22361595
v -0.28545396 0.33461948 -0.23469965
v -0.21722508 0.27929443 -0.29441530
v -0.22581287 0.27929443 -0.28234257
v -0.22629972 0.27929443 -0.28158092
v -0.23157411 0.27929443 -0.27252067
v -0.24343470 0.39217655 -0.31105791
v -0.15454107 0.27929443 -0.31449101
v -0.19230024 0.39217655 -0.30551037
v -0.29048490 0.32075232 -0.21780694
v -0.28667113 0.34553644 -0.21780694
v -0.26134056 0.39217655 -0.25962948
v -0.25920376 0.39217655 -0.27812506
v -0.25108933 0.39217655 -0.29597270
v -0.24985864 0.39217655 -0.29866690
v -0.24724849 0.39217655 -0.30418031
v -0.23483340 0.27929443 -0.26090269
v -0.15458164 0.27929443 -0.31286541
v -0.19232729 0.39217655 -0.29631371
v -0.26884642 0.30832159 -0.21780694
v -0.23504979 0.27929443 -0.25997052
v -0.23316994 0.27929443 -0.24740898
v -0.24659933 0.39217655 -0.21780694
v -0.15524432 0.27929443 -0.29631371
v -0.19500505 0.39217655 -0.28377493
v -0.19189452 0.38435347 -0.28283138
v -0.20908360 0.27929443 -0.21780694
v -0.22187736 0.39217655 -0.21780694
v -0.17385342 0.32961403 -0.28320652
v -0.15924745 0.27929443 -0.27942100
v -0.19584354 0.39217655 -0.27989846
v -0.19638451 0.39217655 -0.27743164
v -0.19393666 0.37811050 -0.27072455
v -0.18364484 0.27929443 -0.21780694
v -0.19050155 0.30075263 -0.21780694
v -0.17589557 0.32337107 -0.27109969
v -0.17168957 0.31700653 -0.27754531
v -0.16560376 0.29838802 -0.27813644
v -0.16000480 0.28043253 -0.27825011
v -0.15984251 0.27929443 -0.27771583
v -0.18971716 0.29843224 -0.21780694
v -0.18391533 0.28027785 -0.21780694
f 2704 2705 2706
f 2704 2706 2707
f 2704 2707 2708
f 2704 2708 2709
f 2704 2709 2710
f 2704 2710 2711
f 2704 2711 2712
f 2704 2712 2705
f 2705 2713 2706
f 2705 2712 2714
f 2705 2714 2713
f 2706 2715 2707
f 2706 2713 2715
f 2707 2716 2725
f 2707 2725 2733
f 2707 2733 2747
f 2707 2747 2757
f 2707 2757 2763
f 2707 2763 2769
f 2707 2769 2779
f 2707 2779 2773
f 2707 2773 2766
f 2707 2766 2761
f 2707 2761 2760
f 2707 2760 2756
f 2707 2756 2745
f 2707 2745 2744
f 2707 2744 2743
f 2707 2743 2742
f 2707 2742 2736
f 2707 2736 2727
f 2707 2727 2726
f 2707 2726 2717
f 2707 2717 2708
f 2707 2715 2716
f 2708 2717 2709
f 2709 2717 2718
f 2709 2718 2719
f 2709 2719 2711
f 2709 2711 2710
f 2711 2719 2720
f 2711 2720 2730
f 2711 2730 2746
f 2711 2746 2755
f 2711 2755 2754
f 2711 2754 2753
f 2711 2753 2752
f 2711 2752 2751
f 2711 2751 2762
f 2711 2762 2767
f 2711 2767 2771
f 2711 2771 2770
f 2711 2770 2764
f 2711 2764 2758
f 2711 2758 2748
f 2711 2748 2735
f 2711 2735 2731
f 2711 2731 2722
f 2711 2722 2721
f 2711 2721 2714
f 2711 2714 2712
f 2713 2721 2722
f 2713 2722 2715
f 2713 2714 2721
f 2715 2722 2723
f 2715 2723 2724
f 2715 2724 2716
f 2716 2724 2725
f 2717 2726 2718
f 2718 2726 2727
f 2718 2727 2728
f 2718 2728 2719
f 2719 2728 2729
f 2719 2729 2720
f 2720 2729 2730
f 2722 2731 2723
f 2723 2732 2733
f 2723 2733 2734
f 2723 2734 2724
f 2723 2731 2735
f 2723 2735 2732
f 2724 2734 2733
f 2724 2733 2725
f 2727 2736 2729
f 2727 2729 2728
f 2729 2737 2738
f 2729 2738 2739
f 2729 2739 2740
f 2729 2740 2741
f 2729 2741 2730
f 2729 2736 2742
f 2729 2742 2743
f 2729 2743 2744
f 2729 2744 2745
f 2729 2745 2737
f 2730 2741 2746
f 2732 2747 2733
f 2732 2735 2748
f 2732 2748 2747
f 2737 2749 2738
f 2737 2745 2749
f 2738 2749 2759
f 2738 2759 2766
f 2738 2766 2773
f 2738 2773 2781
f 2738 2781 2780
f 2738 2780 2774
f 2738 2774 2767
f 2738 2767 2762
f 2738 2762 2750
f 2738 2750 2739
f 2739 2750 2751
f 2739 2751 2752
f 2739 2752 2740
f 2740 2752 2753
f 2740 2753 2754
f 2740 2754 2741
f 2741 2754 2755
f 2741 2755 2746
f 2745 2756 2749
f 2747 2748 2758
f 2747 2758 2757
f 2749 2756 2760
f 2749 2760 2761
f 2749 2761 2759
f 2750 2762 2751
f 2757 2758 2763
f 2758 2764 2765
f 2758 2765 2763
f 2759 2761 2766
f 2763 2765 2768
f 2763 2768 2769
f 2764 2770 2765
f 2765 2770 2771
f 2765 2771 2772
f 2765 2772 2775
f 2765 2775 2768
f 2767 2774 2772
f 2767 2772 2771
f 2768 2775 2776
f 2768 2776 2777
f 2768 2777 2769
f 2769 2778 2779
f 2769 2777 2778
f 2772 2774 2780
f 2772 2780 2775
f 2773 2779 2781
f 2775 2780 2781
f 2775 2781 2779
f 2775 2779 2777
f 2775 2777 2776
f 2777 2779 2778

o geometry_33
v 0.11315631 -0.07943452 0.26630041
v 0.10755485 -0.07943452 0.24910509
v 0.11280219 -0.07943452 0.26891343
v 0.22270666 -0.09323146 0.24602145
v 0.21552777 -0.09232587 0.24602145
v 0.11045216 -0.08008441 0.24602145
v 0.10163147 -0.07943452 0.24619402
v 0.11106381 -0.11711773 0.26891343
v 0.21552777 -0.11828968 0.26324143
v 0.23371643 -0.11828968 0.26147326
v 0.24324535 -0.10896742 0.25827085
v 0.23426369 -0.09720540 0.24805854
v 0.23255750 -0.09513852 0.24602145
v 0.06988988 -0.07943452 0.26891343
v 0.10127735 -0.07943452 0.24602145
v 0.06621995 -0.16634989 0.26891343
v 0.21552777 -0.13639083 0.26165703
v 0.23374861 -0.13731772 0.26020037
v 0.24607827 -0.13190549 0.25921657
v 0.24559538 -0.11828968 0.25905968
v 0.25467361 -0.11828968 0.25541803
v 0.26275387 -0.10840276 0.24602145
v 0.25847229 -0.10472712 0.24602145
v 0.25032765 -0.10355518 0.24929334
v 0.23555140 -0.09606542 0.24602145
v 0.07185360 -0.07943452 0.25507740
v -0.04226806 -0.09699232 0.24602145
v -0.05549908 -0.09965582 0.24602145
v -0.06000601 -0.10101953 0.24602145
v -0.06000601 -0.10174400 0.24687080
v -0.04329820 -0.11211035 0.25763217
v 0.01596779 -0.11881172 0.26891343
v 0.08479490 -0.07943452 0.24602145
v 0.05160465 -0.17057953 0.26891343
v 0.23374861 -0.15393797 0.25578108
v 0.22769648 -0.14751360 0.25850616
v 0.23980078 -0.14397648 0.25770836
v 0.25203384 -0.13731772 0.25550544
v 0.26858068 -0.13639083 0.24606851
v 0.26848410 -0.11828968 0.24632847
v 0.26812997 -0.11695792 0.24602145
v 0.25058518 -0.10168008 0.24602145
v 0.07275499 -0.07943452 0.25314789
v -0.02069923 -0.09379612 0.24602145
v -0.06000601 -0.15858312 0.24602145
v -0.06000601 -0.11822575 0.25578556
v -0.05726966 -0.11820444 0.25642874
v -0.05137847 -0.12419199 0.25856218
v 0.01146087 -0.13761604 0.26891343
v 0.03653866 -0.16967393 0.26891343
v 0.05199096 -0.18124418 0.25754027
v 0.23371643 -0.16763901 0.24640915
v 0.23584112 -0.16741528 0.24602145
v 0.25187287 -0.16073522 0.24602145
v 0.25187287 -0.15451328 0.24969224
v 0.25837571 -0.15451328 0.24602145
v 0.26851629 -0.13664652 0.24602145
v 0.26861287 -0.13639083 0.24602145
v 0.26880602 -0.11828968 0.24602145
v 0.02234187 -0.18425927 0.24602145
v 0.03383452 -0.18063690 0.25671335
v 0.03383452 -0.17158101 0.26663432
v 0.03383452 -0.16941825 0.26891343
v 0.02623713 -0.16609419 0.26891343
v -0.06000601 -0.15654820 0.24695372
v -0.06000601 -0.12099579 0.25571833
v -0.05137847 -0.12854948 0.25856218
v 0.01648287 -0.15573849 0.26891343
v 0.03383452 -0.18665642 0.24762602
v 0.05199096 -0.18705061 0.24845520
v 0.23371643 -0.16780949 0.24602145
v 0.05199096 -0.18826518 0.24602145
v 0.02684879 -0.18561232 0.24602145
v -0.06000601 -0.13547458 0.25451266
v -0.06000601 -0.13824462 0.25378882
v 0.03383452 -0.18744481 0.24602145
f 2782 2783 2788
f 2782 2788 2796
f 2782 2796 2814
f 2782 2814 2824
f 2782 2824 2807
f 2782 2807 2795
f 2782 2795 2784
f 2782 2784 2785
f 2782 2785 2786
f 2782 2786 2783
f 2783 2787 2788
f 2783 2786 2787
f 2784 2789 2790
f 2784 2790 2791
f 2784 2791 2792
f 2784 2792 2793
f 2784 2793 2794
f 2784 2794 2785
f 2784 2795 2813
f 2784 2813 2830
f 2784 2830 2849
f 2784 2849 2845
f 2784 2845 2844
f 2784 2844 2831
f 2784 2831 2815
f 2784 2815 2797
f 2784 2797 2789
f 2785 2794 2806
f 2785 2806 2823
f 2785 2823 2804
f 2785 2804 2803
f 2785 2803 2822
f 2785 2822 2840
f 2785 2840 2839
f 2785 2839 2838
f 2785 2838 2837
f 2785 2837 2835
f 2785 2835 2834
f 2785 2834 2852
f 2785 2852 2853
f 2785 2853 2857
f 2785 2857 2854
f 2785 2854 2841
f 2785 2841 2826
f 2785 2826 2810
f 2785 2810 2809
f 2785 2809 2808
f 2785 2808 2825
f 2785 2825 2814
f 2785 2814 2796
f 2785 2796 2787
f 2785 2787 2786
f 2787 2796 2788
f 2789 2797 2790
f 2790 2798 2799
f 2790 2799 2791
f 2790 2797 2798
f 2791 2799 2800
f 2791 2800 2801
f 2791 2801 2792
f 2792 2801 2802
f 2792 2802 2803
f 2792 2803 2804
f 2792 2804 2805
f 2792 2805 2793
f 2793 2805 2806
f 2793 2806 2794
f 2795 2807 2808
f 2795 2808 2809
f 2795 2809 2810
f 2795 2810 2811
f 2795 2811 2812
f 2795 2812 2813
f 2797 2815 2816
f 2797 2816 2817
f 2797 2817 2799
f 2797 2799 2798
f 2799 2817 2818
f 2799 2818 2800
f 2800 2818 2819
f 2800 2819 2802
f 2800 2802 2801
f 2802 2819 2820
f 2802 2820 2821
f 2802 2821 2822
f 2802 2822 2803
f 2804 2823 2805
f 2805 2823 2806
f 2807 2824 2808
f 2808 2824 2825
f 2810 2826 2846
f 2810 2846 2856
f 2810 2856 2855
f 2810 2855 2847
f 2810 2847 2827
f 2810 2827 2811
f 2811 2827 2812
f 2812 2827 2828
f 2812 2828 2829
f 2812 2829 2813
f 2813 2829 2830
f 2814 2825 2824
f 2815 2831 2832
f 2815 2832 2833
f 2815 2833 2816
f 2816 2833 2834
f 2816 2834 2835
f 2816 2835 2836
f 2816 2836 2818
f 2816 2818 2817
f 2818 2836 2819
f 2819 2836 2837
f 2819 2837 2838
f 2819 2838 2820
f 2820 2838 2839
f 2820 2839 2840
f 2820 2840 2821
f 2821 2840 2822
f 2826 2841 2842
f 2826 2842 2843
f 2826 2843 2844
f 2826 2844 2845
f 2826 2845 2846
f 2827 2847 2848
f 2827 2848 2829
f 2827 2829 2828
f 2829 2848 2830
f 2830 2848 2849
f 2831 2844 2843
f 2831 2843 2832
f 2832 2843 2842
f 2832 2842 2850
f 2832 2850 2851
f 2832 2851 2833
f 2833 2852 2834
f 2833 2851 2853
f 2833 2853 2852
f 2835 2837 2836
f 2841 2854 2850
f 2841 2850 2842
f 2845 2849 2848
f 2845 2848 2855
f 2845 2855 2856
f 2845 2856 2846
f 2847 2855 2848
f 2850 2857 2853
f 2850 2853 2851
f 2850 2854 2857

o geometry_34
v -0.11251080 0.16721296 0.26719969
v -0.12207738 0.19530898 0.26719969
v -0.11961231 0.18389733 0.27767999
v -0.11377448 0.16721296 0.27304286
v -0.11325833 0.16721296 0.25458802
v -0.12181930 0.19444279 0.24901516
v -0.12617988 0.20779990 0.24901516
v -0.13283643 0.22591418 0.24901516
v -0.13782885 0.23743580 0.26124216
v -0.13513241 0.22627851 0.26724128
v -0.13704572 0.22048333 0.27776314
v -0.11574119 0.16721296 0.28145413
v -0.11421054 0.16721296 0.24919192
v -0.12010177 0.18274242 0.23782788
v -0.12952596 0.20779990 0.23085143
v -0.13814032 0.23683086 0.23671539
v -0.13725931 0.23743580 0.24901516
v -0.13789114 0.23743580 0.24201792
v -0.13787335 0.23743580 0.26132534
v -0.15202297 0.23743580 0.27753440
v -0.12974842 0.16721296 0.28611201
v -0.13398442 0.20779990 0.27947868
v -0.14325733 0.23743580 0.27067233
v -0.14202034 0.23256179 0.27333399
v -0.11685358 0.16721296 0.23503107
v -0.12368812 0.18914945 0.23140247
v -0.12180150 0.17634916 0.22571526
v -0.13589774 0.22650537 0.23073706
v -0.13755297 0.22086142 0.21882199
v -0.13949299 0.23293990 0.22461316
v -0.13967097 0.23743580 0.23073706
v -0.13847849 0.23743580 0.23615395
v -0.13830940 0.23743580 0.23743280
v -0.15932027 0.23743580 0.27729526
v -0.14694157 0.16721296 0.28219232
v -0.12059122 0.16721296 0.22184754
v -0.13053156 0.18969252 0.21267730
v -0.14044520 0.23743580 0.22726444
v -0.14203814 0.22650537 0.21272927
v -0.14566009 0.23743580 0.21268770
v -0.14288356 0.23743580 0.21976812
v -0.13579984 0.20707121 0.21272927
v -0.15026984 0.20837736 0.17990564
v -0.15930248 0.22591418 0.27753440
v -0.16840628 0.23743580 0.27240865
v -0.18098077 0.23743580 0.26332157
v -0.15734465 0.16721296 0.27324041
v -0.12224646 0.16721296 0.21754315
v -0.13825601 0.20054732 0.20225940
v -0.12473822 0.17081519 0.21380018
v -0.13722371 0.16721296 0.18143401
v -0.13728600 0.16776980 0.18166274
v -0.14452101 0.18969252 0.17990564
v -0.15459482 0.22140451 0.17990564
v -0.15537794 0.22591418 0.18158996
v -0.15692640 0.23518097 0.18522895
v -0.15631235 0.23743580 0.18848325
v -0.16445507 0.16721296 0.26644071
v -0.19006678 0.23743580 0.25398497
v -0.13790893 0.16721296 0.17990564
v -0.15615218 0.22591418 0.17990564
v -0.16005000 0.23714020 0.17990564
v -0.15875073 0.23743580 0.18296238
v -0.17497385 0.18177312 0.25784231
v -0.17384366 0.17157826 0.25618916
v -0.17347879 0.16721296 0.25532621
v -0.19678564 0.23743580 0.24489792
v -0.16662646 0.16721296 0.17990564
v -0.16015678 0.23743580 0.17990564
v -0.17864030 0.16721296 0.24623915
v -0.20330870 0.23743580 0.22999886
v -0.19360864 0.21569868 0.24038558
v -0.18496758 0.22572856 0.17990564
v -0.17752790 0.16721296 0.20086619
v -0.18797550 0.23743580 0.17990564
v -0.18342803 0.16721296 0.23085143
v -0.20341550 0.23743580 0.21227182
v -0.19796923 0.23743580 0.20080381
v -0.18130113 0.16721296 0.20958935
v -0.18225335 0.16721296 0.21229260
f 2858 2859 2860
f 2858 2860 2861
f 2858 2861 2869
f 2858 2869 2878
f 2858 2878 2892
f 2858 2892 2904
f 2858 2904 2915
f 2858 2915 2923
f 2858 2923 2927
f 2858 2927 2933
f 2858 2933 2937
f 2858 2937 2936
f 2858 2936 2931
f 2858 2931 2925
f 2858 2925 2917
f 2858 2917 2908
f 2858 2908 2905
f 2858 2905 2893
f 2858 2893 2882
f 2858 2882 2870
f 2858 2870 2862
f 2858 2862 2863
f 2858 2863 2864
f 2858 2864 2859
f 2859 2864 2865
f 2859 2865 2866
f 2859 2866 2860
f 2860 2867 2868
f 2860 2868 2869
f 2860 2869 2861
f 2860 2866 2867
f 2862 2870 2871
f 2862 2871 2863
f 2863 2871 2872
f 2863 2872 2864
f 2864 2872 2873
f 2864 2873 2865
f 2865 2874 2866
f 2865 2873 2875
f 2865 2875 2874
f 2866 2874 2875
f 2866 2875 2890
f 2866 2890 2889
f 2866 2889 2888
f 2866 2888 2895
f 2866 2895 2898
f 2866 2898 2897
f 2866 2897 2914
f 2866 2914 2920
f 2866 2920 2926
f 2866 2926 2932
f 2866 2932 2935
f 2866 2935 2934
f 2866 2934 2928
f 2866 2928 2924
f 2866 2924 2916
f 2866 2916 2903
f 2866 2903 2902
f 2866 2902 2891
f 2866 2891 2877
f 2866 2877 2880
f 2866 2880 2876
f 2866 2876 2868
f 2866 2868 2867
f 2868 2877 2878
f 2868 2878 2879
f 2868 2879 2869
f 2868 2876 2880
f 2868 2880 2881
f 2868 2881 2877
f 2869 2879 2878
f 2870 2882 2871
f 2871 2883 2872
f 2871 2882 2884
f 2871 2884 2883
f 2872 2885 2873
f 2872 2883 2886
f 2872 2886 2887
f 2872 2887 2885
f 2873 2885 2888
f 2873 2888 2889
f 2873 2889 2890
f 2873 2890 2875
f 2877 2891 2878
f 2877 2881 2880
f 2878 2891 2892
f 2882 2893 2884
f 2883 2884 2886
f 2884 2893 2894
f 2884 2894 2886
f 2885 2887 2895
f 2885 2895 2888
f 2886 2896 2897
f 2886 2897 2898
f 2886 2898 2887
f 2886 2894 2899
f 2886 2899 2900
f 2886 2900 2896
f 2887 2898 2895
f 2891 2901 2892
f 2891 2902 2901
f 2892 2901 2902
f 2892 2902 2903
f 2892 2903 2904
f 2893 2905 2894
f 2894 2906 2899
f 2894 2905 2907
f 2894 2907 2908
f 2894 2908 2909
f 2894 2909 2910
f 2894 2910 2906
f 2896 2900 2897
f 2897 2900 2911
f 2897 2911 2912
f 2897 2912 2913
f 2897 2913 2914
f 2899 2906 2900
f 2900 2910 2917
f 2900 2917 2925
f 2900 2925 2930
f 2900 2930 2932
f 2900 2932 2926
f 2900 2926 2919
f 2900 2919 2918
f 2900 2918 2911
f 2900 2906 2910
f 2903 2915 2904
f 2903 2916 2915
f 2905 2908 2907
f 2908 2917 2910
f 2908 2910 2909
f 2911 2918 2912
f 2912 2918 2919
f 2912 2919 2913
f 2913 2919 2920
f 2913 2920 2914
f 2915 2916 2921
f 2915 2921 2922
f 2915 2922 2923
f 2916 2924 2921
f 2919 2926 2920
f 2921 2924 2923
f 2921 2923 2922
f 2923 2924 2927
f 2924 2928 2929
f 2924 2929 2927
f 2925 2931 2930
f 2927 2929 2928
f 2927 2928 2933
f 2928 2934 2933
f 2930 2931 2934
f 2930 2934 2935
f 2930 2935 2932
f 2931 2936 2934
f 2933 2934 2937
f 2934 2936 2937

o geometry_35
v 0.11143372 -0.15335634 -0.11137405
v 0.00962368 -0.15567555 -0.13273201
v 0.00962368 -0.16095903 -0.11585072
v 0.00962368 -0.16248724 -0.11137405
v 0.11143372 -0.18716144 -0.11137405
v 0.11143372 -0.12155559 -0.27516013
v 0.05198805 -0.12155559 -0.27425978
v 0.03289369 -0.12155559 -0.27658567
v 0.00962368 -0.12155559 -0.28543895
v 0.00962368 -0.19953309 -0.11137405
v 0.07331475 -0.19714477 -0.11137405
v 0.07015560 -0.19828901 -0.13273201
v 0.07106249 -0.19865762 -0.25995446
v 0.08469562 -0.18947296 -0.27813625
v 0.11143372 -0.17303886 -0.27813625
v 0.11143372 -0.12155559 -0.32235273
v 0.00962368 -0.12155559 -0.31645053
v 0.01564299 -0.19951773 -0.11137405
v 0.00962368 -0.19950236 -0.11242444
v 0.02465202 -0.19985562 -0.26945800
v 0.03382050 -0.19997082 -0.25995446
v 0.05198805 -0.20000922 -0.25995446
v 0.07015560 -0.19791272 -0.11137405
v 0.07015560 -0.19799720 -0.11455023
v 0.07015560 -0.19854243 -0.18725234
v 0.05198805 -0.19881122 -0.11137405
v 0.06136582 -0.19982491 -0.24827511
v 0.06197373 -0.19987867 -0.25995446
v 0.06198370 -0.19987867 -0.27000821
v 0.06887999 -0.19853475 -0.27688578
v 0.08303135 -0.18682354 -0.29629300
v 0.11143372 -0.16785521 -0.29409220
v 0.11143372 -0.12253088 -0.32217766
v 0.08214439 -0.12155559 -0.36246769
v 0.03383047 -0.12155559 -0.34966292
v 0.03980991 -0.12374424 -0.36201753
v 0.02430322 -0.12683140 -0.34278535
v 0.02320698 -0.13640772 -0.34481108
v 0.02311730 -0.14964714 -0.34478609
v 0.00962368 -0.13134693 -0.31357444
v 0.03404971 -0.19919519 -0.11137405
v 0.00962368 -0.19943325 -0.11455023
v 0.00962368 -0.17789229 -0.27811122
v 0.01981863 -0.19204559 -0.27656064
v 0.01963925 -0.18770668 -0.29629300
v 0.02198120 -0.18451970 -0.31007314
v 0.03382050 -0.19456446 -0.29629300
v 0.03382050 -0.19886498 -0.27943673
v 0.05198805 -0.19918751 -0.27983687
v 0.03382050 -0.19992475 -0.27033332
v 0.05198805 -0.19994778 -0.27075849
v 0.05198805 -0.19529401 -0.29629300
v 0.07015560 -0.19356614 -0.29629300
v 0.08053991 -0.18342152 -0.30807241
v 0.11143372 -0.16105887 -0.30317058
v 0.11143372 -0.13606214 -0.31805114
v 0.07999179 -0.12848249 -0.36089208
v 0.06918893 -0.13527883 -0.36284283
v 0.06996625 -0.12155559 -0.36686933
v 0.11143372 -0.15200476 -0.30954796
v 0.04411512 -0.12155559 -0.36306792
v 0.03876351 -0.13640772 -0.36239267
v 0.02967475 -0.13640772 -0.35391449
v 0.04047762 -0.14677503 -0.36114217
v 0.02863832 -0.16171161 -0.34050949
v 0.02191144 -0.16845421 -0.32840497
v 0.00962368 -0.17192534 -0.29546771
v 0.00962368 -0.17025889 -0.29656812
v 0.00962368 -0.13518667 -0.31219896
v 0.00962368 -0.17786926 -0.27823626
v 0.03382050 -0.18070299 -0.32235273
v 0.03382050 -0.18644725 -0.31327435
v 0.05198805 -0.18685426 -0.31427472
v 0.07015560 -0.18551802 -0.31189881
v 0.06181428 -0.16400011 -0.34221014
v 0.06249195 -0.14655232 -0.36094214
v 0.05198805 -0.13640772 -0.36531876
v 0.05139011 -0.12155559 -0.36494362
v 0.05198805 -0.14726651 -0.36159237
v 0.04075666 -0.16410761 -0.34231016
v 0.03434869 -0.17035873 -0.33373197
v 0.05198805 -0.18154005 -0.32335310
v 0.05198805 -0.15632063 -0.35161364
f 2938 2939 2940
f 2938 2940 2941
f 2938 2941 2947
f 2938 2947 2955
f 2938 2955 2978
f 2938 2978 2963
f 2938 2963 2960
f 2938 2960 2948
f 2938 2948 2942
f 2938 2942 2952
f 2938 2952 2969
f 2938 2969 2992
f 2938 2992 2997
f 2938 2997 2993
f 2938 2993 2970
f 2938 2970 2953
f 2938 2953 2943
f 2938 2943 2944
f 2938 2944 2945
f 2938 2945 2939
f 2939 2945 2946
f 2939 2946 2954
f 2939 2954 2977
f 2939 2977 3006
f 2939 3006 3005
f 2939 3005 3004
f 2939 3004 3007
f 2939 3007 2980
f 2939 2980 2979
f 2939 2979 2956
f 2939 2956 2947
f 2939 2947 2941
f 2939 2941 2940
f 2942 2948 2949
f 2942 2949 2950
f 2942 2950 2951
f 2942 2951 2952
f 2943 2953 2971
f 2943 2971 2996
f 2943 2996 3015
f 2943 3015 2998
f 2943 2998 2972
f 2943 2972 2954
f 2943 2954 2946
f 2943 2946 2945
f 2943 2945 2944
f 2947 2956 2957
f 2947 2957 2958
f 2947 2958 2959
f 2947 2959 2955
f 2948 2960 2961
f 2948 2961 2949
f 2949 2962 2950
f 2949 2961 2963
f 2949 2963 2964
f 2949 2964 2965
f 2949 2965 2962
f 2950 2965 2966
f 2950 2966 2967
f 2950 2967 2951
f 2950 2962 2965
f 2951 2967 2968
f 2951 2968 2952
f 2952 2968 2969
f 2953 2970 2971
f 2954 2972 2973
f 2954 2973 2974
f 2954 2974 2975
f 2954 2975 2976
f 2954 2976 2977
f 2955 2959 2964
f 2955 2964 2978
f 2956 2979 2957
f 2957 2980 2981
f 2957 2981 2982
f 2957 2982 2983
f 2957 2983 2984
f 2957 2984 2985
f 2957 2985 2986
f 2957 2986 2987
f 2957 2987 2958
f 2957 2979 2980
f 2958 2987 2959
f 2959 2987 2988
f 2959 2988 2966
f 2959 2966 2965
f 2959 2965 2964
f 2960 2963 2961
f 2963 2978 2964
f 2966 2988 2986
f 2966 2986 2967
f 2967 2986 2989
f 2967 2989 2990
f 2967 2990 2968
f 2968 2990 2991
f 2968 2991 2969
f 2969 2991 2992
f 2970 2993 2971
f 2971 2994 2995
f 2971 2995 2996
f 2971 2993 2997
f 2971 2997 2994
f 2972 2998 2973
f 2973 2998 2999
f 2973 2999 3000
f 2973 3000 2974
f 2974 3000 2975
f 2975 3000 2976
f 2976 3000 2999
f 2976 2999 3001
f 2976 3001 3002
f 2976 3002 3003
f 2976 3003 3004
f 2976 3004 3005
f 2976 3005 3006
f 2976 3006 2977
f 2980 3007 2981
f 2981 3007 2982
f 2982 3007 3004
f 2982 3004 2983
f 2983 3003 3008
f 2983 3008 3009
f 2983 3009 2984
f 2983 3004 3003
f 2984 3009 3010
f 2984 3010 2989
f 2984 2989 2985
f 2985 2989 2986
f 2986 2988 2987
f 2989 3010 2990
f 2990 3010 3011
f 2990 3011 2991
f 2991 3011 3012
f 2991 3012 3013
f 2991 3013 2992
f 2992 3013 2994
f 2992 2994 2997
f 2994 3013 2995
f 2995 3013 2996
f 2996 3013 3014
f 2996 3014 3015
f 2998 3015 2999
f 2999 3015 3014
f 2999 3014 3001
f 3001 3014 3016
f 3001 3016 3017
f 3001 3017 3008
f 3001 3008 3018
f 3001 3018 3002
f 3002 3018 3008
f 3002 3008 3003
f 3008 3017 3019
f 3008 3019 3009
f 3009 3019 3010
f 3010 3019 3011
f 3011 3019 3012
f 3012 3019 3020
f 3012 3020 3016
f 3012 3016 3013
f 3013 3016 3014
f 3016 3020 3017
f 3017 3020 3019

o geometry_36
v -0.14126467 0.11099431 0.13629802
v -0.16363455 0.11099431 -0.03264496
v -0.16591484 0.11099431 0.13629802
v -0.14061763 0.09909000 0.13629802
v -0.16358236 0.10808094 -0.03264496
v -0.19085200 0.11099431 -0.03264496
v -0.14020540 0.08097305 0.13629802
v -0.17706064 0.11099431 0.10073630
v -0.19351322 -0.00667902 0.13629802
v -0.16354583 0.10499393 -0.03264496
v -0.19090941 0.11099431 -0.02988272
v -0.19351322 0.06235446 -0.03264496
v -0.16347800 0.09909000 -0.03264496
v -0.14101943 0.06287539 0.13629802
v -0.18119857 0.11099431 0.08541995
v -0.19351322 -0.08611191 0.13629802
v -0.18517996 0.11099431 0.06724212
v -0.18628097 0.11099431 0.06098988
v -0.18831079 0.11099431 0.04908083
v -0.18891088 0.11099431 0.04282859
v -0.18998580 0.11099431 0.03090301
v -0.19078938 0.11099431 0.01272518
v -0.19351322 0.03999286 0.04878311
v -0.19099810 0.11099431 -0.02364701
v -0.19351322 0.06287539 -0.02364701
v -0.19124857 0.11099431 -0.00546919
v -0.19351322 -0.05937060 -0.03264496
v -0.16392675 0.08996400 -0.03264496
v -0.14324753 0.04522150 0.13629802
v -0.16449030 0.08097305 -0.03264496
v -0.19351322 -0.08528226 0.12759780
v -0.18767941 -0.08144280 0.13629802
v -0.19351322 0.05830275 0.01315523
v -0.19351322 0.06196858 -0.00546919
v -0.19261571 -0.05690098 -0.03264496
v -0.16593049 -0.04580700 0.13629802
v -0.17197824 -0.06164727 0.13629802
v -0.17280791 -0.06346090 0.13629802
v -0.17650752 -0.07071539 0.13629802
v -0.18849865 -0.07760331 0.10359778
v -0.19351322 -0.08111479 0.09464945
v -0.14686366 0.02664150 0.13629802
v -0.17458728 0.01481435 -0.03264496
v -0.17361670 0.02060251 -0.03264496
v -0.17260962 0.02664150 -0.03264496
v -0.17119552 0.03561315 -0.03264496
v -0.16834646 0.05373010 -0.03264496
v -0.16692714 0.06287539 -0.03264496
v -0.16569046 0.07184704 -0.03264496
v -0.19351322 -0.08352653 0.11082590
v -0.18559740 -0.07966776 0.13629802
v -0.19084679 -0.05130576 -0.03264496
v -0.18911439 -0.04580700 -0.03264496
v -0.16050891 -0.02722700 0.13629802
v -0.18672973 -0.07878024 0.12177561
v -0.15085548 0.00842808 0.13629802
v -0.18409459 -0.02769005 -0.03264496
v -0.15518126 -0.00818395 0.13629802
f 3021 3022 3026
f 3021 3026 3031
f 3021 3031 3044
f 3021 3044 3046
f 3021 3046 3042
f 3021 3042 3041
f 3021 3041 3040
f 3021 3040 3039
f 3021 3039 3038
f 3021 3038 3037
f 3021 3037 3035
f 3021 3035 3028
f 3021 3028 3023
f 3021 3023 3029
f 3021 3029 3036
f 3021 3036 3052
f 3021 3052 3071
f 3021 3071 3059
f 3021 3059 3058
f 3021 3058 3057
f 3021 3057 3056
f 3021 3056 3074
f 3021 3074 3078
f 3021 3078 3076
f 3021 3076 3062
f 3021 3062 3049
f 3021 3049 3034
f 3021 3034 3027
f 3021 3027 3024
f 3021 3024 3022
f 3022 3025 3030
f 3022 3030 3033
f 3022 3033 3048
f 3022 3048 3050
f 3022 3050 3069
f 3022 3069 3068
f 3022 3068 3067
f 3022 3067 3066
f 3022 3066 3065
f 3022 3065 3064
f 3022 3064 3063
f 3022 3063 3077
f 3022 3077 3073
f 3022 3073 3072
f 3022 3072 3055
f 3022 3055 3047
f 3022 3047 3032
f 3022 3032 3026
f 3022 3024 3027
f 3022 3027 3025
f 3023 3028 3029
f 3025 3027 3030
f 3026 3032 3031
f 3027 3033 3030
f 3027 3034 3033
f 3028 3035 3029
f 3029 3035 3037
f 3029 3037 3038
f 3029 3038 3039
f 3029 3039 3040
f 3029 3040 3041
f 3029 3041 3042
f 3029 3042 3043
f 3029 3043 3053
f 3029 3053 3054
f 3029 3054 3045
f 3029 3045 3032
f 3029 3032 3047
f 3029 3047 3061
f 3029 3061 3070
f 3029 3070 3051
f 3029 3051 3036
f 3031 3032 3044
f 3032 3045 3046
f 3032 3046 3044
f 3033 3034 3048
f 3034 3049 3050
f 3034 3050 3048
f 3036 3051 3052
f 3042 3046 3053
f 3042 3053 3043
f 3045 3054 3046
f 3046 3054 3053
f 3047 3055 3056
f 3047 3056 3057
f 3047 3057 3058
f 3047 3058 3059
f 3047 3059 3060
f 3047 3060 3061
f 3049 3062 3063
f 3049 3063 3064
f 3049 3064 3065
f 3049 3065 3066
f 3049 3066 3067
f 3049 3067 3068
f 3049 3068 3069
f 3049 3069 3050
f 3051 3070 3052
f 3052 3070 3071
f 3055 3072 3056
f 3056 3072 3073
f 3056 3073 3074
f 3059 3071 3075
f 3059 3075 3060
f 3060 3075 3061
f 3061 3075 3070
f 3062 3076 3063
f 3063 3076 3077
f 3070 3075 3071
f 3073 3077 3078
f 3073 3078 3074
f 3076 3078 3077

o geometry_37
v -0.16363794 0.11099431 -0.03266149
v -0.14149310 0.11099431 -0.19383623
v -0.19085101 0.11099431 -0.03266149
v -0.16358206 0.10807811 -0.03266149
v -0.13944793 0.09336103 -0.19383623
v -0.13973291 0.09816304 -0.19383623
v -0.16825355 0.11099431 -0.19383623
v -0.19034810 0.11099431 -0.06001828
v -0.19653391 0.05060955 -0.07019425
v -0.19653391 0.05226206 -0.06001828
v -0.19653391 0.05379793 -0.04782290
v -0.19653391 0.05416731 -0.04182775
v -0.19653391 0.05438117 -0.03632168
v -0.19653391 0.05451726 -0.03266149
v -0.16347590 0.09909622 -0.03266149
v -0.13947588 0.08677042 -0.19383623
v -0.17027078 0.11099431 -0.18724158
v -0.19653391 -0.01671577 -0.19383623
v -0.19017488 0.11099431 -0.06626585
v -0.19653391 0.04433000 -0.09636780
v -0.19653391 0.04942363 -0.07530591
v -0.19653391 -0.06782702 -0.03266149
v -0.16392852 0.08995880 -0.03266149
v -0.16449290 0.08097691 -0.03266149
v -0.14045375 0.07891612 -0.19383623
v -0.17671922 0.11099431 -0.16521730
v -0.19653391 -0.08761830 -0.19383623
v -0.19653391 0.02409158 -0.13266998
v -0.18850969 0.11099431 -0.09636780
v -0.18641981 0.11099431 -0.11452677
v -0.18400584 0.11099431 -0.13270153
v -0.18049664 0.11099431 -0.15089205
v -0.17936229 0.11099431 -0.15519911
v -0.18982284 0.11099431 -0.07819304
v -0.19653391 0.04246363 -0.10046974
v -0.19653391 -0.08761830 -0.11421124
v -0.19652832 -0.08761830 -0.11425857
v -0.17352294 -0.05789251 -0.19383623
v -0.17136601 -0.05277944 -0.19383623
v -0.16883470 -0.04581944 -0.19383623
v -0.19585778 -0.06596066 -0.03266149
v -0.16568870 0.07185892 -0.03266149
v -0.14261627 0.06285759 -0.19383623
v -0.19073367 -0.08761830 -0.19383623
v -0.19653391 0.03867257 -0.10834231
v -0.18486637 -0.07822813 -0.19383623
v -0.16671129 -0.03915107 -0.19383623
v -0.19261119 -0.05690100 -0.03266149
v -0.16693481 0.06285759 -0.03266149
v -0.14391825 0.05362295 -0.19383623
v -0.16319091 -0.02740850 -0.19383623
v -0.18911319 -0.04581944 -0.03266149
v -0.16834295 0.05373961 -0.03266149
v -0.17261210 0.02663839 -0.03266149
v -0.14530405 0.04483548 -0.19383623
v -0.15609988 -0.00372896 -0.19383623
v -0.18409524 -0.02770012 -0.03266149
v -0.17361794 0.02059214 -0.03266149
v -0.17458465 0.01481806 -0.03266149
v -0.14745539 0.03301515 -0.19383623
v -0.15579253 -0.00258193 -0.19383623
v -0.15295388 0.00849963 -0.19383623
v -0.14878530 0.02663839 -0.19383623
f 3079 3080 3085
f 3079 3085 3095
f 3079 3095 3104
f 3079 3104 3111
f 3079 3111 3110
f 3079 3110 3109
f 3079 3109 3108
f 3079 3108 3107
f 3079 3107 3112
f 3079 3112 3097
f 3079 3097 3086
f 3079 3086 3081
f 3079 3081 3092
f 3079 3092 3100
f 3079 3100 3119
f 3079 3119 3126
f 3079 3126 3130
f 3079 3130 3135
f 3079 3135 3137
f 3079 3137 3136
f 3079 3136 3132
f 3079 3132 3131
f 3079 3131 3127
f 3079 3127 3120
f 3079 3120 3102
f 3079 3102 3101
f 3079 3101 3093
f 3079 3093 3082
f 3079 3082 3083
f 3079 3083 3084
f 3079 3084 3080
f 3080 3084 3083
f 3080 3083 3094
f 3080 3094 3103
f 3080 3103 3121
f 3080 3121 3128
f 3080 3128 3133
f 3080 3133 3138
f 3080 3138 3141
f 3080 3141 3140
f 3080 3140 3139
f 3080 3139 3134
f 3080 3134 3129
f 3080 3129 3125
f 3080 3125 3118
f 3080 3118 3117
f 3080 3117 3116
f 3080 3116 3124
f 3080 3124 3122
f 3080 3122 3105
f 3080 3105 3096
f 3080 3096 3085
f 3081 3086 3087
f 3081 3087 3088
f 3081 3088 3089
f 3081 3089 3090
f 3081 3090 3091
f 3081 3091 3092
f 3082 3093 3083
f 3083 3093 3094
f 3085 3096 3095
f 3086 3097 3098
f 3086 3098 3099
f 3086 3099 3087
f 3087 3099 3098
f 3087 3098 3113
f 3087 3113 3123
f 3087 3123 3106
f 3087 3106 3096
f 3087 3096 3105
f 3087 3105 3114
f 3087 3114 3100
f 3087 3100 3092
f 3087 3092 3091
f 3087 3091 3090
f 3087 3090 3089
f 3087 3089 3088
f 3093 3101 3094
f 3094 3101 3102
f 3094 3102 3103
f 3095 3096 3104
f 3096 3106 3107
f 3096 3107 3108
f 3096 3108 3109
f 3096 3109 3110
f 3096 3110 3111
f 3096 3111 3104
f 3097 3112 3098
f 3098 3112 3113
f 3100 3114 3115
f 3100 3115 3116
f 3100 3116 3117
f 3100 3117 3118
f 3100 3118 3119
f 3102 3120 3103
f 3103 3120 3121
f 3105 3122 3115
f 3105 3115 3114
f 3106 3123 3107
f 3107 3123 3112
f 3112 3123 3113
f 3115 3122 3124
f 3115 3124 3116
f 3118 3125 3126
f 3118 3126 3119
f 3120 3127 3121
f 3121 3127 3128
f 3125 3129 3130
f 3125 3130 3126
f 3127 3131 3128
f 3128 3131 3132
f 3128 3132 3133
f 3129 3134 3130
f 3130 3134 3135
f 3132 3136 3133
f 3133 3136 3137
f 3133 3137 3138
f 3134 3139 3135
f 3135 3139 3140
f 3135 3140 3141
f 3135 3141 3137
f 3137 3141 3138

o geometry_38
v -0.19352014 -0.07314557 0.25208833
v -0.19352014 -0.08204520 0.25126589
v -0.19352014 -0.05354809 0.25186902
v -0.20245328 -0.08204520 0.24852440
v -0.19352014 -0.08761348 0.25060793
v -0.19352014 -0.04351553 0.25033379
v -0.20346589 -0.06499321 0.24633124
v -0.21229497 -0.08204520 0.24090312
v -0.21226030 -0.08761348 0.24090312
v -0.20681581 -0.08761348 0.24507018
v -0.20289022 -0.08761348 0.24770196
v -0.19352014 -0.08761348 0.14873492
v -0.19755669 -0.04351553 0.24731818
v -0.19352014 -0.04351553 -0.03264071
v -0.19654409 -0.03836185 -0.03264071
v -0.21189270 -0.03836185 -0.03264071
v -0.19902012 -0.04582962 0.24655055
v -0.21186497 -0.07172337 0.24024516
v -0.21730946 -0.08204520 0.23081452
v -0.21662283 -0.08761348 0.23108867
v -0.19352014 -0.08352525 0.11073815
v -0.19654409 -0.08761348 -0.30777460
v -0.19863866 -0.04351553 0.24616676
v -0.19352014 -0.05938154 -0.03264071
v -0.19654409 -0.06393259 -0.30804874
v -0.19654409 -0.05802201 -0.30766492
v -0.19654409 -0.04594532 -0.30558143
v -0.19654409 -0.03852576 -0.30294961
v -0.19657183 -0.03836185 -0.30283994
v -0.19654409 -0.03836185 -0.29258686
v -0.22566000 -0.03836185 -0.20540813
v -0.22565307 -0.04351553 0.17625928
v -0.22348220 -0.04351553 0.19440782
v -0.21626217 -0.04351553 0.21359810
v -0.21212159 -0.04351553 0.22297393
v -0.20823067 -0.04351553 0.23108867
v -0.20776599 -0.04351553 0.23191111
v -0.21020041 -0.05966115 0.23733922
v -0.21456988 -0.06499321 0.23108867
v -0.22179684 -0.06393741 0.21261115
v -0.22346139 -0.08204520 0.21261115
v -0.22251814 -0.08761348 0.21261115
v -0.19352014 -0.08110991 0.09461830
v -0.19754283 -0.08761348 -0.30771976
v -0.19654409 -0.08204037 -0.30793907
v -0.19709201 -0.06393259 -0.30793907
v -0.19768848 -0.08204037 -0.30782943
v -0.20617772 -0.06393259 -0.29856327
v -0.19723072 -0.03836185 -0.30201750
v -0.20504721 -0.04681311 -0.29488970
v -0.22562531 -0.03836185 -0.21281010
v -0.26023428 -0.08145221 -0.07814911
v -0.25108613 -0.07053258 -0.04179722
v -0.25103758 -0.07056632 -0.03264071
v -0.25098210 -0.07060489 -0.02370352
v -0.22638130 -0.04351553 0.13848182
v -0.25952684 -0.08204520 -0.00555499
v -0.25909682 -0.08204520 0.01264837
v -0.25795937 -0.08204520 0.03079690
v -0.26145494 -0.08761348 0.02262732
v -0.22403705 -0.04582962 0.19440782
v -0.21643557 -0.04462436 0.21403672
v -0.21314806 -0.04986000 0.22522193
v -0.20858439 -0.04462436 0.23108867
v -0.22605534 -0.06393741 0.19440782
v -0.26013718 -0.08761348 0.03079690
v -0.20383347 -0.08761348 -0.30256579
v -0.20677418 -0.08204037 -0.30037262
v -0.21403584 -0.08204037 -0.29127094
v -0.21291919 -0.06393259 -0.28946159
v -0.21194819 -0.05350470 -0.28792635
v -0.20190536 -0.03836185 -0.29593145
v -0.22472368 -0.03836185 -0.22344699
v -0.26431938 -0.08761348 -0.09635246
v -0.26009555 -0.08145703 -0.09635246
v -0.25985281 -0.08204520 -0.02370352
v -0.26437486 -0.08761348 -0.07814911
v -0.26230803 -0.08761348 0.00387566
v -0.26207916 -0.08761348 0.01264837
v -0.20662853 -0.08761348 -0.30015331
v -0.21391099 -0.08761348 -0.29110646
v -0.22004212 -0.08204037 -0.27811190
v -0.21800996 -0.06393259 -0.27811190
v -0.21107431 -0.03836185 -0.27975678
v -0.21010331 -0.04142802 -0.28408831
v -0.21423003 -0.04681311 -0.27805706
v -0.20970798 -0.03836185 -0.28277238
v -0.22375270 -0.03836185 -0.23402907
v -0.21976468 -0.03836185 -0.25245175
v -0.22293428 -0.06393259 -0.25990853
v -0.26164222 -0.08761348 -0.10775698
v -0.21807238 -0.08761348 -0.28194994
v -0.21954275 -0.08761348 -0.27811190
v -0.21933468 -0.04582962 -0.25990853
v -0.21337694 -0.03836185 -0.27432866
f 3142 3143 3146
f 3142 3146 3153
f 3142 3153 3162
f 3142 3162 3184
f 3142 3184 3165
f 3142 3165 3155
f 3142 3155 3147
f 3142 3147 3144
f 3142 3144 3145
f 3142 3145 3143
f 3143 3145 3146
f 3144 3147 3148
f 3144 3148 3145
f 3145 3148 3149
f 3145 3149 3150
f 3145 3150 3151
f 3145 3151 3152
f 3145 3152 3146
f 3146 3152 3151
f 3146 3151 3150
f 3146 3150 3161
f 3146 3161 3183
f 3146 3183 3207
f 3146 3207 3201
f 3146 3201 3220
f 3146 3220 3219
f 3146 3219 3218
f 3146 3218 3215
f 3146 3215 3232
f 3146 3232 3234
f 3146 3234 3233
f 3146 3233 3222
f 3146 3222 3221
f 3146 3221 3208
f 3146 3208 3185
f 3146 3185 3163
f 3146 3163 3153
f 3147 3154 3148
f 3147 3155 3171
f 3147 3171 3156
f 3147 3156 3157
f 3147 3157 3154
f 3148 3154 3158
f 3148 3158 3159
f 3148 3159 3149
f 3149 3159 3160
f 3149 3160 3150
f 3150 3160 3161
f 3153 3163 3162
f 3154 3164 3158
f 3154 3157 3164
f 3155 3165 3166
f 3155 3166 3167
f 3155 3167 3168
f 3155 3168 3169
f 3155 3169 3170
f 3155 3170 3171
f 3156 3171 3170
f 3156 3170 3190
f 3156 3190 3213
f 3156 3213 3228
f 3156 3228 3225
f 3156 3225 3236
f 3156 3236 3230
f 3156 3230 3229
f 3156 3229 3214
f 3156 3214 3192
f 3156 3192 3172
f 3156 3172 3157
f 3157 3172 3173
f 3157 3173 3174
f 3157 3174 3175
f 3157 3175 3176
f 3157 3176 3177
f 3157 3177 3178
f 3157 3178 3164
f 3158 3164 3159
f 3159 3179 3180
f 3159 3180 3160
f 3159 3164 3179
f 3160 3180 3181
f 3160 3181 3182
f 3160 3182 3161
f 3161 3182 3183
f 3162 3163 3184
f 3163 3185 3186
f 3163 3186 3165
f 3163 3165 3184
f 3164 3178 3179
f 3165 3186 3166
f 3166 3187 3167
f 3166 3186 3188
f 3166 3188 3187
f 3167 3187 3189
f 3167 3189 3168
f 3168 3190 3169
f 3168 3189 3191
f 3168 3191 3190
f 3169 3190 3170
f 3172 3192 3193
f 3172 3193 3194
f 3172 3194 3195
f 3172 3195 3196
f 3172 3196 3197
f 3172 3197 3173
f 3173 3197 3196
f 3173 3196 3198
f 3173 3198 3199
f 3173 3199 3200
f 3173 3200 3201
f 3173 3201 3174
f 3174 3201 3202
f 3174 3202 3181
f 3174 3181 3203
f 3174 3203 3175
f 3175 3203 3176
f 3176 3203 3204
f 3176 3204 3177
f 3177 3204 3205
f 3177 3205 3179
f 3177 3179 3178
f 3179 3205 3204
f 3179 3204 3180
f 3180 3204 3203
f 3180 3203 3181
f 3181 3202 3206
f 3181 3206 3182
f 3182 3206 3207
f 3182 3207 3183
f 3185 3188 3186
f 3185 3208 3188
f 3187 3188 3209
f 3187 3209 3189
f 3188 3208 3209
f 3189 3210 3211
f 3189 3211 3212
f 3189 3212 3191
f 3189 3209 3210
f 3190 3191 3213
f 3191 3212 3213
f 3192 3214 3215
f 3192 3215 3216
f 3192 3216 3193
f 3193 3217 3196
f 3193 3196 3195
f 3193 3195 3194
f 3193 3216 3215
f 3193 3215 3218
f 3193 3218 3217
f 3196 3217 3198
f 3198 3217 3218
f 3198 3218 3199
f 3199 3218 3219
f 3199 3219 3220
f 3199 3220 3201
f 3199 3201 3200
f 3201 3207 3202
f 3202 3207 3206
f 3208 3221 3209
f 3209 3221 3222
f 3209 3222 3210
f 3210 3222 3223
f 3210 3223 3211
f 3211 3223 3224
f 3211 3224 3212
f 3212 3225 3226
f 3212 3226 3213
f 3212 3224 3227
f 3212 3227 3225
f 3213 3226 3228
f 3214 3229 3215
f 3215 3229 3230
f 3215 3230 3231
f 3215 3231 3232
f 3222 3233 3223
f 3223 3232 3231
f 3223 3231 3224
f 3223 3233 3234
f 3223 3234 3232
f 3224 3231 3235
f 3224 3235 3227
f 3225 3228 3226
f 3225 3227 3236
f 3227 3235 3236
f 3230 3235 3231
f 3230 3236 3235

o geometry_39
v -0.21639442 0.46303657 0.24900778
v -0.21641936 0.46303657 0.24739484
v -0.22968870 0.50677547 0.23974075
v -0.22968870 0.50677547 0.24029794
v -0.22149513 0.47955007 0.24900778
v -0.23000049 0.50598039 0.25240959
v -0.22798016 0.49389673 0.26029830
v -0.22577275 0.47955007 0.26249775
v -0.22324111 0.46303657 0.26390541
v -0.21681844 0.46303657 0.23082562
v -0.23961578 0.53388733 0.23082562
v -0.22190669 0.47955007 0.23082562
v -0.22769332 0.49850126 0.23255587
v -0.23022497 0.50508920 0.22762908
v -0.24091278 0.53388733 0.21264348
v -0.22751873 0.49902550 0.24739484
v -0.24476638 0.52895947 0.26109010
v -0.23288133 0.51399250 0.24739484
v -0.24270863 0.53455135 0.24915441
v -0.24122457 0.51577489 0.26408136
v -0.23714649 0.49902550 0.26537170
v -0.23879267 0.47955007 0.26912544
v -0.23879267 0.46303657 0.26874419
v -0.21711775 0.46303657 0.22924202
v -0.27707923 0.53388733 -0.02973630
v -0.28069588 0.54634667 -0.02973630
v -0.24636270 0.54447694 0.24317189
v -0.24562689 0.54581372 0.21264348
v -0.24536499 0.54578755 0.23082562
v -0.24671188 0.54452061 0.19827372
v -0.25696321 0.54096451 0.25522489
v -0.25696321 0.53190393 0.26267372
v -0.25696321 0.51577489 0.26906679
v -0.25696321 0.49767123 0.26982927
v -0.25696321 0.47955007 0.26654475
v -0.25716275 0.46303657 0.26202855
v -0.22038519 0.46303657 0.21252617
v -0.26989581 0.46303657 -0.02973630
v -0.28905160 0.54859217 -0.02973630
v -0.25696321 0.55061926 0.21264348
v -0.25696321 0.54561275 0.24613383
v -0.25696321 0.54966687 0.23082562
v -0.27060670 0.53013900 0.26120741
v -0.27513373 0.54554284 0.24519539
v -0.27280161 0.51577489 0.26308427
v -0.27119283 0.49767123 0.26240978
v -0.26802515 0.47955007 0.25991706
v -0.26627920 0.46988661 0.25833346
v -0.25736228 0.46303657 0.26188192
v -0.29606038 0.46303657 -0.02973630
v -0.29329178 0.54971054 -0.02973630
v -0.27513373 0.55220943 0.19446132
v -0.27513373 0.55228808 0.21264348
v -0.27513373 0.55012123 0.23082562
v -0.28188066 0.51577489 0.25528354
v -0.28587144 0.54438080 0.24194019
v -0.28770470 0.53388733 0.24475550
v -0.28025940 0.49767123 0.25205768
v -0.28595872 0.49767123 0.24299594
v -0.28428758 0.48842717 0.24006332
v -0.26883579 0.46303657 0.24883182
v -0.34043289 0.50371743 -0.02973630
v -0.29607286 0.46303657 -0.02885652
v -0.31147480 0.54873198 -0.02973630
v -0.29329178 0.55014741 0.03090996
v -0.29329178 0.55061926 0.17630851
v -0.29329178 0.55049694 0.19446132
v -0.29462620 0.54761360 0.21358191
v -0.28938829 0.54623310 0.23082562
v -0.28815367 0.51577489 0.24619247
v -0.30410430 0.54467785 0.20815659
v -0.30156018 0.53716380 0.22026826
v -0.29741976 0.53222723 0.22903673
v -0.30240823 0.52508885 0.22179321
v -0.29770660 0.51749615 0.22903673
v -0.30146042 0.51261199 0.21927117
v -0.29147100 0.49767123 0.23082562
v -0.26896048 0.46303657 0.24859721
v -0.30368029 0.50412809 0.20715950
v -0.27570741 0.46303657 0.23082562
v -0.34265276 0.51174700 -0.02973630
v -0.34044537 0.50369123 -0.02363648
v -0.34378765 0.51577489 -0.02363648
v -0.29608534 0.46303657 -0.02363648
v -0.32964530 0.54556908 -0.02973630
v -0.31147480 0.54873198 -0.02363648
v -0.31147480 0.54865333 0.03090996
v -0.31147480 0.54861841 0.04909212
v -0.31147480 0.54854850 0.06724494
v -0.31147480 0.54839994 0.10360924
v -0.30606228 0.54599720 0.19446132
v -0.31147480 0.54806796 0.12176206
v -0.32267392 0.54455553 0.12176206
v -0.30240823 0.52468694 0.22179321
v -0.32061617 0.54300904 0.14935787
v -0.31110064 0.53388733 0.19446132
v -0.30481518 0.53222723 0.21358191
v -0.30455326 0.51749615 0.21299539
v -0.31096347 0.51577489 0.19446132
v -0.31660043 0.51577489 0.17630851
v -0.32112749 0.50571829 0.15170394
v -0.27841365 0.46303657 0.21457900
v -0.32222495 0.50400577 0.13994421
v -0.32383373 0.50194376 0.12176206
v -0.34372529 0.51577489 -0.02973630
v -0.34043289 0.50368248 -0.00545433
v -0.34363798 0.51577489 -0.00545433
v -0.34231604 0.53388733 -0.02363648
v -0.34226615 0.53388733 -0.02973630
v -0.29602298 0.46303657 -0.02114377
v -0.33585595 0.54396142 -0.02973630
v -0.33897375 0.54313136 -0.00545433
v -0.32964530 0.54555159 -0.02363648
v -0.32964530 0.54549917 -0.00545433
v -0.33124163 0.54486133 0.01287445
v -0.33887399 0.54307020 0.00692126
v -0.32135198 0.54363813 0.13994421
v -0.32362173 0.54488757 0.10360924
v -0.33837514 0.54261587 0.01903292
v -0.33767677 0.54173342 0.03090996
v -0.33652940 0.53938306 0.04909212
v -0.33921071 0.52740426 0.06161434
v -0.32727578 0.53388733 0.12176206
v -0.32399586 0.53388733 0.13994421
v -0.32142678 0.53388733 0.15308228
v -0.31571498 0.53388733 0.17630851
v -0.31980555 0.51577489 0.16393292
v -0.32181342 0.51577489 0.15484183
v -0.32486883 0.51577489 0.13994421
v -0.32843560 0.51577489 0.12176206
v -0.33179036 0.51577489 0.10360924
v -0.33833774 0.50931802 0.05492800
v -0.33904859 0.50613766 0.04281634
v -0.27871297 0.46303657 0.21264348
v -0.32544252 0.50053707 0.10360924
v -0.29558649 0.46303657 -0.00545433
v -0.34015852 0.50414555 0.01272782
v -0.34286476 0.51577489 0.01272782
v -0.34075713 0.53267284 0.03090996
v -0.34216639 0.53388733 -0.00545433
v -0.33898623 0.54314010 -0.02363648
v -0.33897375 0.54314010 -0.02973630
v -0.34098162 0.53550370 0.01287445
v -0.33992156 0.53032252 0.04909212
v -0.34158026 0.51577489 0.03090996
v -0.33921071 0.52139297 0.06161434
v -0.33482085 0.51577489 0.08542709
v -0.33751464 0.51552154 0.06750887
v -0.33987168 0.51552154 0.04894549
v -0.33955991 0.50521152 0.03090996
v -0.29544929 0.46303657 -0.00319623
f 3237 3238 3239
f 3237 3239 3240
f 3237 3240 3241
f 3237 3241 3242
f 3237 3242 3243
f 3237 3243 3244
f 3237 3244 3245
f 3237 3245 3259
f 3237 3259 3272
f 3237 3272 3285
f 3237 3285 3297
f 3237 3297 3314
f 3237 3314 3316
f 3237 3316 3338
f 3237 3338 3370
f 3237 3370 3387
f 3237 3387 3372
f 3237 3372 3346
f 3237 3346 3320
f 3237 3320 3299
f 3237 3299 3286
f 3237 3286 3274
f 3237 3274 3273
f 3237 3273 3260
f 3237 3260 3246
f 3237 3246 3238
f 3238 3246 3239
f 3239 3247 3240
f 3239 3246 3248
f 3239 3248 3249
f 3239 3249 3250
f 3239 3250 3251
f 3239 3251 3247
f 3240 3252 3241
f 3240 3247 3242
f 3240 3242 3252
f 3241 3252 3242
f 3242 3253 3243
f 3242 3247 3254
f 3242 3254 3255
f 3242 3255 3253
f 3243 3253 3256
f 3243 3256 3244
f 3244 3256 3257
f 3244 3257 3245
f 3245 3257 3258
f 3245 3258 3259
f 3246 3251 3248
f 3246 3260 3261
f 3246 3261 3262
f 3246 3262 3251
f 3247 3263 3254
f 3247 3251 3264
f 3247 3264 3265
f 3247 3265 3263
f 3248 3251 3250
f 3248 3250 3249
f 3251 3266 3264
f 3251 3262 3266
f 3253 3255 3263
f 3253 3263 3267
f 3253 3267 3268
f 3253 3268 3269
f 3253 3269 3256
f 3254 3263 3255
f 3256 3269 3258
f 3256 3258 3257
f 3258 3269 3270
f 3258 3270 3259
f 3259 3270 3271
f 3259 3271 3272
f 3260 3273 3261
f 3261 3274 3286
f 3261 3286 3298
f 3261 3298 3317
f 3261 3317 3341
f 3261 3341 3345
f 3261 3345 3378
f 3261 3378 3347
f 3261 3347 3321
f 3261 3321 3300
f 3261 3300 3287
f 3261 3287 3275
f 3261 3275 3262
f 3261 3273 3274
f 3262 3275 3276
f 3262 3276 3264
f 3262 3264 3266
f 3263 3277 3267
f 3263 3265 3278
f 3263 3278 3277
f 3264 3276 3265
f 3265 3276 3278
f 3267 3279 3268
f 3267 3277 3280
f 3267 3280 3279
f 3268 3279 3269
f 3269 3279 3281
f 3269 3281 3270
f 3270 3281 3282
f 3270 3282 3271
f 3271 3282 3283
f 3271 3283 3272
f 3272 3283 3284
f 3272 3284 3285
f 3275 3287 3276
f 3276 3288 3289
f 3276 3289 3278
f 3276 3287 3288
f 3277 3278 3290
f 3277 3290 3280
f 3278 3289 3290
f 3279 3291 3281
f 3279 3280 3292
f 3279 3292 3293
f 3279 3293 3291
f 3280 3290 3292
f 3281 3291 3282
f 3282 3291 3294
f 3282 3294 3283
f 3283 3294 3284
f 3284 3294 3295
f 3284 3295 3296
f 3284 3296 3297
f 3284 3297 3285
f 3286 3299 3298
f 3287 3300 3301
f 3287 3301 3288
f 3288 3301 3300
f 3288 3300 3289
f 3289 3302 3303
f 3289 3303 3290
f 3289 3300 3302
f 3290 3304 3305
f 3290 3305 3292
f 3290 3303 3304
f 3291 3293 3306
f 3291 3306 3294
f 3292 3305 3307
f 3292 3307 3308
f 3292 3308 3293
f 3293 3308 3309
f 3293 3309 3310
f 3293 3310 3306
f 3294 3306 3295
f 3295 3306 3311
f 3295 3311 3312
f 3295 3312 3313
f 3295 3313 3296
f 3296 3314 3297
f 3296 3313 3315
f 3296 3315 3316
f 3296 3316 3314
f 3298 3299 3318
f 3298 3318 3319
f 3298 3319 3317
f 3299 3320 3318
f 3300 3321 3322
f 3300 3322 3302
f 3302 3322 3323
f 3302 3323 3324
f 3302 3324 3325
f 3302 3325 3326
f 3302 3326 3303
f 3303 3327 3304
f 3303 3326 3328
f 3303 3328 3329
f 3303 3329 3327
f 3304 3327 3307
f 3304 3307 3305
f 3306 3310 3330
f 3306 3330 3311
f 3307 3327 3331
f 3307 3331 3332
f 3307 3332 3308
f 3308 3332 3333
f 3308 3333 3310
f 3308 3310 3309
f 3310 3333 3332
f 3310 3332 3330
f 3311 3330 3312
f 3312 3330 3334
f 3312 3334 3335
f 3312 3335 3315
f 3312 3315 3313
f 3315 3335 3336
f 3315 3336 3337
f 3315 3337 3316
f 3316 3337 3339
f 3316 3339 3340
f 3316 3340 3338
f 3317 3319 3341
f 3318 3320 3342
f 3318 3342 3319
f 3319 3342 3343
f 3319 3343 3376
f 3319 3376 3344
f 3319 3344 3345
f 3319 3345 3341
f 3320 3346 3342
f 3321 3347 3348
f 3321 3348 3349
f 3321 3349 3324
f 3321 3324 3323
f 3321 3323 3322
f 3324 3349 3350
f 3324 3350 3325
f 3325 3350 3326
f 3326 3350 3351
f 3326 3351 3352
f 3326 3352 3328
f 3327 3329 3353
f 3327 3353 3331
f 3328 3352 3354
f 3328 3354 3329
f 3329 3354 3352
f 3329 3352 3355
f 3329 3355 3353
f 3330 3332 3335
f 3330 3335 3334
f 3331 3353 3356
f 3331 3356 3357
f 3331 3357 3358
f 3331 3358 3359
f 3331 3359 3360
f 3331 3360 3361
f 3331 3361 3362
f 3331 3362 3332
f 3332 3362 3363
f 3332 3363 3336
f 3332 3336 3335
f 3336 3363 3337
f 3337 3363 3364
f 3337 3364 3365
f 3337 3365 3366
f 3337 3366 3367
f 3337 3367 3368
f 3337 3368 3369
f 3337 3369 3339
f 3338 3340 3370
f 3339 3369 3340
f 3340 3369 3371
f 3340 3371 3370
f 3342 3346 3372
f 3342 3372 3373
f 3342 3373 3343
f 3343 3373 3374
f 3343 3374 3375
f 3343 3375 3376
f 3344 3376 3348
f 3344 3348 3377
f 3344 3377 3378
f 3344 3378 3345
f 3347 3378 3377
f 3347 3377 3348
f 3348 3376 3352
f 3348 3352 3350
f 3348 3350 3349
f 3350 3352 3351
f 3352 3376 3379
f 3352 3379 3355
f 3353 3355 3356
f 3355 3379 3375
f 3355 3375 3356
f 3356 3375 3380
f 3356 3380 3357
f 3357 3380 3358
f 3358 3380 3374
f 3358 3374 3381
f 3358 3381 3382
f 3358 3382 3367
f 3358 3367 3366
f 3358 3366 3360
f 3358 3360 3359
f 3360 3366 3361
f 3361 3366 3365
f 3361 3365 3364
f 3361 3364 3363
f 3361 3363 3362
f 3367 3382 3383
f 3367 3383 3368
f 3368 3383 3384
f 3368 3384 3382
f 3368 3382 3385
f 3368 3385 3369
f 3369 3385 3381
f 3369 3381 3374
f 3369 3374 3386
f 3369 3386 3370
f 3369 3370 3371
f 3370 3386 3373
f 3370 3373 3387
f 3372 3387 3373
f 3373 3386 3374
f 3374 3380 3375
f 3375 3379 3376
f 3381 3385 3382
f 3382 3384 3383

o geometry_40
v -0.00780633 -0.19935442 0.15373761
v -0.00780633 -0.19865568 0.15585133
v -0.00780633 -0.17967132 0.15373761
v 0.03382129 -0.20069683 0.15373761
v 0.03382129 -0.20081117 0.15813670
v 0.03382129 -0.20116264 0.17631119
v 0.03382129 -0.20094032 0.19449472
v 0.02363109 -0.20032205 0.19449472
v 0.02420561 -0.20004467 0.20511758
v 0.01748270 -0.18794389 0.23084371
v -0.00780633 -0.19793366 0.15801928
v -0.00780633 -0.17967132 0.18259820
v 0.09499271 -0.17967132 0.15373761
v 0.05198423 -0.20087257 0.15373761
v 0.05198423 -0.20130027 0.17631119
v 0.05198423 -0.20110971 0.19449472
v 0.05198423 -0.20027759 0.20929988
v 0.03382129 -0.20020771 0.20728551
v 0.02086936 -0.18473608 0.24464620
v 0.03382129 -0.19907068 0.21638180
v 0.03382129 -0.19497993 0.23084371
v 0.00810893 -0.17967132 0.23084371
v -0.00780633 -0.19253435 0.17006033
v -0.00780633 -0.18850076 0.17622990
v -0.00058953 -0.17967132 0.21274148
v 0.09515398 -0.17967132 0.15379181
v 0.09501287 -0.17969673 0.15373761
v 0.07015726 -0.20091280 0.15373761
v 0.07015726 -0.20117746 0.17631119
v 0.07015726 -0.20089798 0.19449472
v 0.07015726 -0.20015054 0.20770103
v 0.05198423 -0.19951956 0.21839617
v 0.02683632 -0.18562325 0.24601922
v 0.02234094 -0.18427025 0.24601922
v 0.01934738 -0.18219523 0.24601922
v 0.03382129 -0.18745689 0.24601922
v 0.05198423 -0.19582263 0.23084371
v 0.00083166 -0.17967132 0.21572239
v 0.01723072 -0.17967132 0.24601922
v 0.09372272 -0.17967132 0.19449472
v 0.07982333 -0.20021406 0.19449472
v 0.08007531 -0.20040464 0.17631119
v 0.08000475 -0.20034746 0.15373761
v 0.08169808 -0.19803530 0.15373761
v 0.07944031 -0.19993669 0.20483755
v 0.07015726 -0.19905798 0.21678829
v 0.05198423 -0.18826574 0.24601922
v 0.07015726 -0.19426425 0.23084371
v 0.07945039 -0.17967132 0.24601922
v 0.09288613 -0.17967132 0.21256082
v 0.08977162 -0.17967132 0.23084371
v 0.08336117 -0.18717317 0.23084371
v 0.08119412 -0.18381291 0.24283960
v 0.07015726 -0.18620342 0.24601922
v 0.07155828 -0.18568678 0.24601922
v 0.08285721 -0.17967132 0.24451070
v 0.08760457 -0.17967132 0.23600158
f 3388 3389 3398
f 3388 3398 3410
f 3388 3410 3411
f 3388 3411 3399
f 3388 3399 3390
f 3388 3390 3400
f 3388 3400 3414
f 3388 3414 3431
f 3388 3431 3430
f 3388 3430 3415
f 3388 3415 3401
f 3388 3401 3391
f 3388 3391 3392
f 3388 3392 3393
f 3388 3393 3394
f 3388 3394 3395
f 3388 3395 3396
f 3388 3396 3397
f 3388 3397 3389
f 3389 3397 3398
f 3390 3399 3412
f 3390 3412 3425
f 3390 3425 3409
f 3390 3409 3426
f 3390 3426 3436
f 3390 3436 3443
f 3390 3443 3444
f 3390 3444 3438
f 3390 3438 3437
f 3390 3437 3427
f 3390 3427 3413
f 3390 3413 3400
f 3391 3401 3392
f 3392 3401 3393
f 3393 3401 3402
f 3393 3402 3403
f 3393 3403 3394
f 3394 3403 3404
f 3394 3404 3405
f 3394 3405 3396
f 3394 3396 3395
f 3396 3406 3397
f 3396 3405 3407
f 3396 3407 3408
f 3396 3408 3406
f 3397 3406 3409
f 3397 3409 3398
f 3398 3409 3410
f 3399 3411 3412
f 3400 3413 3414
f 3401 3415 3402
f 3402 3415 3416
f 3402 3416 3403
f 3403 3416 3417
f 3403 3417 3404
f 3404 3417 3418
f 3404 3418 3419
f 3404 3419 3405
f 3405 3419 3407
f 3406 3408 3420
f 3406 3420 3421
f 3406 3421 3422
f 3406 3422 3409
f 3407 3419 3408
f 3408 3423 3420
f 3408 3419 3424
f 3408 3424 3423
f 3409 3425 3410
f 3409 3422 3426
f 3410 3425 3412
f 3410 3412 3411
f 3413 3427 3428
f 3413 3428 3429
f 3413 3429 3430
f 3413 3430 3431
f 3413 3431 3414
f 3415 3430 3416
f 3416 3430 3429
f 3416 3429 3428
f 3416 3428 3417
f 3417 3428 3432
f 3417 3432 3418
f 3418 3432 3433
f 3418 3433 3419
f 3419 3433 3424
f 3420 3423 3434
f 3420 3434 3441
f 3420 3441 3442
f 3420 3442 3436
f 3420 3436 3426
f 3420 3426 3422
f 3420 3422 3421
f 3423 3424 3434
f 3424 3433 3435
f 3424 3435 3434
f 3427 3437 3428
f 3428 3437 3432
f 3432 3437 3438
f 3432 3438 3439
f 3432 3439 3440
f 3432 3440 3435
f 3432 3435 3433
f 3434 3435 3441
f 3435 3440 3442
f 3435 3442 3441
f 3436 3442 3443
f 3438 3444 3440
f 3438 3440 3439
f 3440 3444 3443
f 3440 3443 3442

o geometry_41
v -0.10667922 0.15918070 -0.33267949
v -0.11161760 0.15918070 -0.35084555
v -0.13801845 0.23674435 -0.32598671
v -0.13248947 0.22591578 -0.31448487
v -0.12526411 0.20780936 -0.31448487
v -0.12131844 0.19654576 -0.31448487
v -0.11002173 0.15918070 -0.31438498
v -0.12871972 0.15918070 -0.35594003
v -0.13844569 0.21775613 -0.34195514
v -0.15534676 0.27547328 -0.32634348
v -0.15611328 0.27929443 -0.32261895
v -0.15454255 0.27929443 -0.31448487
v -0.15458025 0.27929443 -0.31285806
v -0.15524624 0.27929443 -0.29630454
v -0.13805614 0.23672083 -0.30301159
v -0.11974770 0.18388302 -0.30278325
v -0.13334395 0.15918070 -0.24206325
v -0.12975011 0.15918070 -0.35594003
v -0.16609057 0.26215213 -0.33531947
v -0.16488425 0.27929443 -0.33085288
v -0.16366535 0.27929443 -0.33029633
v -0.16184330 0.27929443 -0.32914043
v -0.15924218 0.27929443 -0.27943709
v -0.15600018 0.27448565 -0.28437461
v -0.12963703 0.20780936 -0.29630454
v -0.13820694 0.16436572 -0.23124638
v -0.13746556 0.15918070 -0.22946260
v -0.14705330 0.15918070 -0.35000357
v -0.18598230 0.27929443 -0.33029633
v -0.15984534 0.27929443 -0.27773894
v -0.18607027 0.27929443 -0.21016919
v -0.14993087 0.17232548 -0.21016919
v -0.14596006 0.15918070 -0.21016919
v -0.14815909 0.15918070 -0.34890478
v -0.19461505 0.27929443 -0.32511623
v -0.18750278 0.27929443 -0.32948293
v -0.18651007 0.27929443 -0.33008229
v -0.21069933 0.27929443 -0.21016919
v -0.17329080 0.15918070 -0.21016919
v -0.16312502 0.15918070 -0.32692854
v -0.22581605 0.27929443 -0.28236249
v -0.21722102 0.27929443 -0.29442089
v -0.20660286 0.26292811 -0.21016919
v -0.23316708 0.27929443 -0.24741461
v -0.23173458 0.26711374 -0.24864184
v -0.19427577 0.22101294 -0.21016919
v -0.18509012 0.15918070 -0.27815276
v -0.22629356 0.27929443 -0.28159190
v -0.17520081 0.15918070 -0.30530910
v -0.23017641 0.26988850 -0.26994736
v -0.23158378 0.27929443 -0.27251599
v -0.20130007 0.24382232 -0.21016919
v -0.23503939 0.27929443 -0.25997243
v -0.19619834 0.22671528 -0.21016919
v -0.23158378 0.26714902 -0.25997243
v -0.18134550 0.15918070 -0.29199492
v -0.17986274 0.15918070 -0.29693244
v -0.23483834 0.27929443 -0.26090001
f 3445 3446 3447
f 3445 3447 3448
f 3445 3448 3449
f 3445 3449 3450
f 3445 3450 3451
f 3445 3451 3461
f 3445 3461 3471
f 3445 3471 3477
f 3445 3477 3483
f 3445 3483 3491
f 3445 3491 3500
f 3445 3500 3501
f 3445 3501 3493
f 3445 3493 3484
f 3445 3484 3478
f 3445 3478 3472
f 3445 3472 3462
f 3445 3462 3452
f 3445 3452 3446
f 3446 3452 3453
f 3446 3453 3454
f 3446 3454 3447
f 3447 3454 3455
f 3447 3455 3456
f 3447 3456 3448
f 3448 3456 3457
f 3448 3457 3458
f 3448 3458 3449
f 3449 3458 3459
f 3449 3459 3450
f 3450 3459 3460
f 3450 3460 3451
f 3451 3460 3461
f 3452 3462 3463
f 3452 3463 3464
f 3452 3464 3453
f 3453 3464 3465
f 3453 3465 3466
f 3453 3466 3454
f 3454 3466 3455
f 3455 3466 3465
f 3455 3465 3464
f 3455 3464 3473
f 3455 3473 3481
f 3455 3481 3480
f 3455 3480 3479
f 3455 3479 3486
f 3455 3486 3485
f 3455 3485 3492
f 3455 3492 3495
f 3455 3495 3502
f 3455 3502 3497
f 3455 3497 3488
f 3455 3488 3482
f 3455 3482 3475
f 3455 3475 3474
f 3455 3474 3467
f 3455 3467 3458
f 3455 3458 3457
f 3455 3457 3456
f 3458 3467 3468
f 3458 3468 3459
f 3459 3468 3469
f 3459 3469 3460
f 3460 3469 3470
f 3460 3470 3471
f 3460 3471 3461
f 3462 3472 3473
f 3462 3473 3463
f 3463 3473 3464
f 3467 3474 3470
f 3467 3470 3469
f 3467 3469 3468
f 3470 3475 3476
f 3470 3476 3477
f 3470 3477 3471
f 3470 3474 3475
f 3472 3478 3479
f 3472 3479 3480
f 3472 3480 3481
f 3472 3481 3473
f 3475 3482 3487
f 3475 3487 3496
f 3475 3496 3498
f 3475 3498 3490
f 3475 3490 3483
f 3475 3483 3477
f 3475 3477 3476
f 3478 3484 3485
f 3478 3485 3486
f 3478 3486 3479
f 3482 3488 3489
f 3482 3489 3487
f 3483 3490 3489
f 3483 3489 3491
f 3484 3492 3485
f 3484 3493 3494
f 3484 3494 3495
f 3484 3495 3492
f 3487 3489 3496
f 3488 3497 3489
f 3489 3490 3498
f 3489 3498 3496
f 3489 3497 3499
f 3489 3499 3491
f 3491 3499 3494
f 3491 3494 3500
f 3493 3501 3494
f 3494 3499 3502
f 3494 3502 3495
f 3494 3501 3500
f 3497 3502 3499

o geometry_42
v -0.19106784 0.38711646 0.23133824
v -0.19106784 0.38711646 0.23084150
v -0.21639139 0.46302783 0.24901591
v -0.19113982 0.38711646 0.24901591
v -0.19268205 0.38711646 0.22131600
v -0.21682322 0.46302783 0.23084150
v -0.21642223 0.46302783 0.24740885
v -0.21018131 0.43868269 0.25985628
v -0.22323893 0.46302783 0.26391776
v -0.19790509 0.38711646 0.26260289
v -0.21047948 0.43737478 0.21795580
v -0.21711110 0.46302783 0.22923443
v -0.24433675 0.38711646 -0.02970709
v -0.24489196 0.38896688 -0.02970709
v -0.24775025 0.39838240 -0.02970709
v -0.24967289 0.40440923 -0.02970709
v -0.25067021 0.40744123 -0.02970709
v -0.25663354 0.42519477 -0.02970709
v -0.20822781 0.42519477 0.26198928
v -0.23878470 0.46302783 0.26876817
v -0.22299217 0.46143008 0.26406385
v -0.20544150 0.40708453 0.26394698
v -0.20122605 0.38925671 0.26426839
v -0.20136999 0.38711646 0.26467746
v -0.22039093 0.46302783 0.21252098
v -0.27116141 0.38711646 -0.02970709
v -0.25873098 0.43123647 -0.02970709
v -0.23878470 0.46143008 0.26870972
v -0.22061713 0.40708453 0.26789159
v -0.22061713 0.42519477 0.26727798
v -0.25715789 0.46302783 0.26201850
v -0.22061713 0.38896688 0.26704422
v -0.22075079 0.38711646 0.26669359
v -0.26713105 0.45537355 -0.02970709
v -0.26988649 0.46302783 -0.02970709
v -0.28828027 0.43903941 -0.02970709
v -0.27122312 0.38711646 -0.02362948
v -0.23878470 0.44331243 0.26672282
v -0.25735324 0.46302783 0.26190163
v -0.23284194 0.38711646 0.26038222
v -0.29606344 0.46302783 -0.02970709
v -0.28966828 0.44331243 -0.02970709
v -0.28970942 0.44331243 -0.02362948
v -0.27109973 0.38711646 -0.00545506
v -0.26881721 0.46302783 0.24884059
v -0.26334740 0.45779617 0.25442148
v -0.24696885 0.41835047 0.25731420
v -0.24498449 0.40708453 0.25506431
v -0.24322634 0.38711646 0.24889904
v -0.29607371 0.46302783 -0.02885974
v -0.29609428 0.46302783 -0.02362948
v -0.28530890 0.43097638 -0.00545506
v -0.25780564 0.38711646 0.21255021
v -0.26894059 0.46302783 0.24860683
v -0.26887892 0.46287179 0.24863606
v -0.24952895 0.39222181 0.24273376
v -0.24341140 0.38711646 0.24863606
v -0.29559046 0.46302783 -0.00545506
v -0.28927758 0.44331243 -0.00545506
v -0.25225357 0.38711646 0.23233169
v -0.27569558 0.46302783 0.23084150
v -0.27839965 0.46302783 0.21459557
v -0.27869783 0.46302783 0.21263787
v -0.29544653 0.46302783 -0.00320517
v -0.26719273 0.44882649 0.24229546
v -0.25205822 0.38711646 0.23274076
f 3503 3504 3505
f 3503 3505 3506
f 3503 3506 3512
f 3503 3512 3526
f 3503 3526 3535
f 3503 3535 3542
f 3503 3542 3551
f 3503 3551 3559
f 3503 3559 3568
f 3503 3568 3562
f 3503 3562 3555
f 3503 3555 3546
f 3503 3546 3539
f 3503 3539 3528
f 3503 3528 3515
f 3503 3515 3507
f 3503 3507 3504
f 3504 3507 3508
f 3504 3508 3509
f 3504 3509 3505
f 3505 3510 3506
f 3505 3509 3508
f 3505 3508 3514
f 3505 3514 3527
f 3505 3527 3537
f 3505 3537 3543
f 3505 3543 3552
f 3505 3552 3553
f 3505 3553 3560
f 3505 3560 3566
f 3505 3566 3565
f 3505 3565 3564
f 3505 3564 3563
f 3505 3563 3556
f 3505 3556 3547
f 3505 3547 3541
f 3505 3541 3533
f 3505 3533 3522
f 3505 3522 3511
f 3505 3511 3510
f 3506 3510 3512
f 3507 3513 3514
f 3507 3514 3508
f 3507 3515 3516
f 3507 3516 3517
f 3507 3517 3518
f 3507 3518 3519
f 3507 3519 3520
f 3507 3520 3513
f 3510 3511 3521
f 3510 3521 3512
f 3511 3522 3523
f 3511 3523 3524
f 3511 3524 3521
f 3512 3521 3524
f 3512 3524 3525
f 3512 3525 3526
f 3513 3520 3527
f 3513 3527 3514
f 3515 3528 3538
f 3515 3538 3544
f 3515 3544 3543
f 3515 3543 3537
f 3515 3537 3536
f 3515 3536 3529
f 3515 3529 3520
f 3515 3520 3519
f 3515 3519 3518
f 3515 3518 3517
f 3515 3517 3516
f 3520 3529 3527
f 3522 3530 3531
f 3522 3531 3532
f 3522 3532 3523
f 3522 3533 3530
f 3523 3532 3524
f 3524 3532 3526
f 3524 3526 3525
f 3526 3532 3531
f 3526 3531 3534
f 3526 3534 3535
f 3527 3529 3536
f 3527 3536 3537
f 3528 3539 3538
f 3530 3533 3540
f 3530 3540 3534
f 3530 3534 3531
f 3533 3541 3542
f 3533 3542 3535
f 3533 3535 3534
f 3533 3534 3540
f 3538 3539 3545
f 3538 3545 3544
f 3539 3546 3545
f 3541 3547 3548
f 3541 3548 3549
f 3541 3549 3542
f 3542 3549 3550
f 3542 3550 3551
f 3543 3544 3552
f 3544 3545 3552
f 3545 3553 3552
f 3545 3546 3554
f 3545 3554 3553
f 3546 3555 3554
f 3547 3556 3557
f 3547 3557 3558
f 3547 3558 3548
f 3548 3558 3551
f 3548 3551 3550
f 3548 3550 3549
f 3551 3558 3559
f 3553 3554 3561
f 3553 3561 3560
f 3554 3555 3561
f 3555 3562 3563
f 3555 3563 3564
f 3555 3564 3565
f 3555 3565 3566
f 3555 3566 3560
f 3555 3560 3561
f 3556 3558 3557
f 3556 3563 3567
f 3556 3567 3558
f 3558 3567 3562
f 3558 3562 3568
f 3558 3568 3559
f 3562 3567 3563

o geometry_43
v -0.21354796 -0.04350886 -0.03265833
v -0.19351322 -0.04350886 -0.03265833
v -0.21354796 -0.04350886 0.10188724
v -0.21354796 -0.04004101 -0.03265833
v -0.21134367 -0.03834354 -0.21315231
v -0.19351322 0.06234882 -0.03265833
v -0.19351322 -0.04350886 0.10188724
v -0.19653529 -0.03834354 -0.21315231
v -0.21354796 0.01726688 0.10188724
v -0.21354796 0.02625411 0.03142274
v -0.21134367 0.00158349 -0.21315231
v -0.19653529 0.04432229 -0.09630766
v -0.21134367 0.02595211 -0.13300471
v -0.19351322 0.06287993 -0.02365368
v -0.19653529 -0.00693511 -0.21315231
v -0.19351322 -0.00978853 0.10188724
v -0.21317927 0.01716275 0.10188724
v -0.19351322 0.04000051 0.04875361
v -0.19351322 0.05829780 0.01313589
v -0.21354796 0.03004478 0.05985524
v -0.21354796 0.02961781 0.04437463
v -0.21134367 0.01867277 -0.16100548
v -0.20878246 0.00132314 -0.21315231
v -0.21354796 0.03053424 0.04896948
v -0.19351322 0.06198433 -0.00549018
v -0.19351322 0.00791517 0.08477223
v -0.20665465 0.00960223 0.10188724
v -0.20742929 0.01062279 0.10188724
f 3569 3570 3575
f 3569 3575 3571
f 3569 3571 3577
f 3569 3577 3588
f 3569 3588 3592
f 3569 3592 3589
f 3569 3589 3578
f 3569 3578 3572
f 3569 3572 3579
f 3569 3579 3573
f 3569 3573 3576
f 3569 3576 3570
f 3570 3574 3582
f 3570 3582 3593
f 3570 3593 3587
f 3570 3587 3586
f 3570 3586 3594
f 3570 3594 3584
f 3570 3584 3575
f 3570 3576 3583
f 3570 3583 3574
f 3571 3575 3584
f 3571 3584 3595
f 3571 3595 3596
f 3571 3596 3585
f 3571 3585 3577
f 3572 3578 3579
f 3573 3579 3591
f 3573 3591 3583
f 3573 3583 3576
f 3574 3580 3581
f 3574 3581 3582
f 3574 3583 3580
f 3577 3585 3586
f 3577 3586 3587
f 3577 3587 3588
f 3578 3589 3581
f 3578 3581 3590
f 3578 3590 3579
f 3579 3590 3580
f 3579 3580 3591
f 3580 3590 3581
f 3580 3583 3591
f 3581 3589 3592
f 3581 3592 3582
f 3582 3592 3588
f 3582 3588 3593
f 3584 3594 3595
f 3585 3596 3586
f 3586 3596 3594
f 3587 3593 3588
f 3594 3596 3595

o geometry_44
v -0.06003818 -0.11449414 -0.11137405
v -0.06003818 -0.11454363 -0.09934359
v -0.06003818 -0.09108064 -0.11137405
v 0.26672622 -0.13900191 -0.11137405
v -0.06003818 -0.11458213 -0.08114815
v -0.06003818 -0.08977194 0.14333718
v -0.05996365 -0.08976094 0.14361173
v -0.05515610 -0.09054176 -0.11137405
v 0.31860306 -0.13900191 -0.11137405
v 0.26381934 -0.13900191 0.14361173
v -0.06003818 -0.11466461 -0.02364157
v -0.06003818 -0.11464811 -0.04181205
v -0.06003818 -0.11462062 -0.05998254
v -0.06003818 -0.11458763 -0.07817797
v -0.06003818 -0.09027782 0.14361173
v -0.05701949 -0.08951350 0.14361173
v -0.02385111 -0.08793537 -0.11137405
v 0.31845397 -0.13640102 -0.11137405
v 0.31875216 -0.13900191 -0.10872835
v -0.06003818 -0.11360885 0.14361173
v -0.06003818 -0.11375732 0.13694756
v -0.06003818 -0.11406525 0.12177221
v -0.06003818 -0.11411474 0.11877708
v -0.06003818 -0.11431269 0.10357676
v -0.06003818 -0.11434018 0.10060659
v -0.06003818 -0.11443366 0.08540628
v -0.06003818 -0.11445016 0.08241115
v -0.06003818 -0.11454363 0.06424067
v -0.06003818 -0.11460962 0.04904036
v -0.06003818 -0.11462062 0.04607019
v -0.06003818 -0.11467011 0.03086988
v -0.06003818 -0.11468661 0.01272435
v 0.31044142 -0.13900191 0.14361173
v -0.03887005 -0.08811132 0.14361173
v -0.02068334 -0.08768243 -0.11137405
v 0.31659058 -0.12805947 -0.11137405
v 0.31919937 -0.13640102 -0.09634846
v 0.31953476 -0.13900191 -0.09372772
v 0.31137308 -0.13900191 0.13994269
v 0.31107496 -0.13691790 0.14361173
v -0.02068334 -0.08680263 0.14361173
v -0.00566441 -0.08670916 -0.11137405
v 0.31606883 -0.12622840 -0.11137405
v 0.31990746 -0.13640102 -0.07817797
v 0.32024285 -0.13900191 -0.07555724
v 0.31189484 -0.13640102 0.13994269
v 0.31122405 -0.13640102 0.14361173
v 0.31495083 -0.13900191 0.11897675
v -0.00249663 -0.08578538 0.14361173
v -0.00249663 -0.08651671 -0.11137405
v 0.31629246 -0.12584899 -0.09634846
v 0.31003145 -0.11716652 -0.11137405
v 0.32028012 -0.13640102 -0.05998254
v 0.31655334 -0.12545308 -0.07817797
v 0.32050373 -0.13900191 -0.05998254
v 0.30637921 -0.11828276 0.14361173
v 0.31427998 -0.13646150 0.12157253
v 0.31506262 -0.13000052 0.10357676
v 0.31655334 -0.13900191 0.10402604
v 0.01565280 -0.08491658 0.14361173
v 0.01248504 -0.08591734 -0.11137405
v 0.03018725 -0.08422374 0.14361173
v 0.03383950 -0.08406428 0.14361173
v 0.30250334 -0.10812664 -0.11137405
v 0.31010599 -0.11679261 -0.09634846
v 0.31670240 -0.12521664 -0.05998254
v 0.31677691 -0.12517815 -0.04181205
v 0.32035467 -0.13640102 -0.02364157
v 0.32065279 -0.13900191 -0.03919131
v 0.32054100 -0.13900191 -0.05738675
v 0.31018054 -0.11639120 -0.07817797
v 0.30678915 -0.11828276 0.13994269
v 0.29952192 -0.10715886 0.14361173
v 0.31659058 -0.13900191 0.10357676
v 0.31714961 -0.13484488 0.08615507
v 0.31539804 -0.12776804 0.09269445
v 0.01565280 -0.08579087 -0.11137405
v 0.04833669 -0.08355289 0.14361173
v 0.04885845 -0.08458116 -0.11137405
v 0.03383950 -0.08512003 -0.11137405
v 0.30093810 -0.10629557 -0.11137405
v 0.31018054 -0.11616026 -0.05998254
v 0.31677691 -0.12518364 -0.02364157
v 0.32039191 -0.13640102 -0.00544613
v 0.31021778 -0.11611626 -0.04181205
v 0.32069006 -0.13900191 -0.00544613
v 0.30801900 -0.11828276 0.12177221
v 0.29967098 -0.10704339 0.13994269
v 0.29736038 -0.10578418 0.14361173
v 0.31852852 -0.13640102 0.06723580
v 0.31972109 -0.13900191 0.04904036
v 0.31949749 -0.13640102 0.04904036
v 0.31569616 -0.12692673 0.08058911
v 0.05198894 -0.08447118 -0.11137405
v 0.05198894 -0.08344292 0.14361173
v 0.30101265 -0.10626807 -0.09634846
v 0.28822977 -0.09906476 -0.11137405
v 0.30108716 -0.10624058 -0.07817797
v 0.31673967 -0.12527712 0.01272435
v 0.31021778 -0.11612726 -0.02364157
v 0.31021778 -0.11616026 -0.00544613
v 0.31021778 -0.11621524 0.01272435
v 0.31021778 -0.11628673 0.03086988
v 0.32035467 -0.13640102 0.01272435
v 0.30112447 -0.10621309 -0.05998254
v 0.30112447 -0.10615810 -0.02364157
v 0.30112447 -0.10613061 -0.00544613
v 0.30112447 -0.10610861 0.01272435
v 0.30112447 -0.10610311 0.03086988
v 0.32065279 -0.13900191 0.01272435
v 0.30902524 -0.11828276 0.10357676
v 0.30000641 -0.10680145 0.12177221
v 0.28822977 -0.10013151 0.13994269
v 0.28822977 -0.10026349 0.14361173
v 0.31003145 -0.11729849 0.06723580
v 0.31018054 -0.11662765 0.04904036
v 0.32042918 -0.13900191 0.03086988
v 0.32016830 -0.13640102 0.03086988
v 0.31599431 -0.12635487 0.06723580
v 0.06700788 -0.08406428 -0.11137405
v 0.07017565 -0.08310200 0.14361173
v 0.07017565 -0.08398729 -0.11137405
v 0.27119837 -0.09294469 -0.11137405
v 0.28822977 -0.09896029 -0.05998254
v 0.31666513 -0.12534310 0.03086988
v 0.30108716 -0.10613611 0.04904036
v 0.30093810 -0.10625158 0.06723580
v 0.28822977 -0.09890530 -0.02364157
v 0.28822977 -0.09888881 -0.00544613
v 0.28822977 -0.09887781 0.01272435
v 0.28822977 -0.09889980 0.03086988
v 0.31640425 -0.12568403 0.04904036
v 0.30034183 -0.10660350 0.10357676
v 0.28822977 -0.09984008 0.12177221
v 0.28461477 -0.09876233 0.14361173
v 0.30067722 -0.10642204 0.08540628
v 0.08836235 -0.08288755 0.14361173
v 0.10651179 -0.08342643 -0.11137405
v 0.08836235 -0.08369037 -0.11137405
v 0.08519459 -0.08373985 -0.11137405
v 0.27119837 -0.09293920 -0.09634846
v 0.26367028 -0.09121810 -0.11137405
v 0.28822977 -0.09897678 0.04904036
v 0.28822977 -0.09914174 0.06723580
v 0.28822977 -0.09936169 0.08540628
v 0.28822977 -0.09959264 0.10357676
v 0.27112384 -0.09291721 -0.05998254
v 0.27101203 -0.09291721 -0.02364157
v 0.27097476 -0.09292820 -0.00544613
v 0.27090023 -0.09293920 0.01272435
v 0.27086296 -0.09296669 0.03086988
v 0.27052755 -0.09325812 0.13994269
v 0.27045302 -0.09327462 0.14361173
v 0.10285955 -0.08283257 0.14361173
v 0.10651179 -0.08283257 0.14361173
v 0.12469850 -0.08344842 -0.11137405
v 0.27116111 -0.09292820 -0.07817797
v 0.26210501 -0.09086068 -0.11137405
v 0.26210501 -0.09086068 -0.09634846
v 0.26203048 -0.09088268 -0.05998254
v 0.26199322 -0.09089367 -0.04181205
v 0.26188140 -0.09091567 -0.00544613
v 0.26143419 -0.09100365 0.13994269
v 0.26139692 -0.09101465 0.14361173
v 0.12104625 -0.08299203 0.14361173
v 0.12469850 -0.08304702 0.14361173
v 0.14284793 -0.08380034 -0.11137405
v 0.25185636 -0.08948600 -0.11137405
v 0.25185636 -0.08978843 0.13994269
v 0.25185636 -0.08979393 0.14361173
v 0.25949627 -0.09076721 0.14361173
v 0.13919568 -0.08335494 0.14361173
v 0.16099737 -0.08418525 -0.11137405
v 0.23370692 -0.08763843 -0.11137405
v 0.24820412 -0.08942552 0.14361173
v 0.14284793 -0.08344292 0.14361173
v 0.17918407 -0.08459215 -0.11137405
v 0.17601631 -0.08452067 -0.11137405
v 0.23370692 -0.08801785 0.14361173
v 0.21552022 -0.08634074 -0.11137405
v 0.21552022 -0.08667617 0.14361173
v 0.23005469 -0.08773741 0.14361173
v 0.15734512 -0.08383883 0.14361173
v 0.16099737 -0.08395430 0.14361173
v 0.19737079 -0.08529599 -0.11137405
v 0.19737079 -0.08555443 0.14361173
v 0.21186797 -0.08642872 0.14361173
v 0.17553182 -0.08453167 0.14361173
v 0.17918407 -0.08468563 0.14361173
v 0.19368127 -0.08536748 0.14361173
f 3597 3598 3601
f 3597 3601 3610
f 3597 3610 3609
f 3597 3609 3608
f 3597 3608 3607
f 3597 3607 3628
f 3597 3628 3627
f 3597 3627 3626
f 3597 3626 3625
f 3597 3625 3624
f 3597 3624 3623
f 3597 3623 3622
f 3597 3622 3621
f 3597 3621 3620
f 3597 3620 3619
f 3597 3619 3618
f 3597 3618 3617
f 3597 3617 3616
f 3597 3616 3611
f 3597 3611 3602
f 3597 3602 3599
f 3597 3599 3604
f 3597 3604 3613
f 3597 3613 3631
f 3597 3631 3638
f 3597 3638 3646
f 3597 3646 3657
f 3597 3657 3673
f 3597 3673 3676
f 3597 3676 3675
f 3597 3675 3690
f 3597 3690 3716
f 3597 3716 3718
f 3597 3718 3736
f 3597 3736 3735
f 3597 3735 3734
f 3597 3734 3752
f 3597 3752 3763
f 3597 3763 3769
f 3597 3769 3774
f 3597 3774 3773
f 3597 3773 3781
f 3597 3781 3776
f 3597 3776 3770
f 3597 3770 3764
f 3597 3764 3754
f 3597 3754 3738
f 3597 3738 3719
f 3597 3719 3693
f 3597 3693 3677
f 3597 3677 3660
f 3597 3660 3648
f 3597 3648 3639
f 3597 3639 3632
f 3597 3632 3614
f 3597 3614 3605
f 3597 3605 3600
f 3597 3600 3598
f 3598 3600 3601
f 3599 3602 3603
f 3599 3603 3604
f 3600 3605 3615
f 3600 3615 3634
f 3600 3634 3641
f 3600 3641 3651
f 3600 3651 3666
f 3600 3666 3665
f 3600 3665 3682
f 3600 3682 3706
f 3600 3706 3713
f 3600 3713 3687
f 3600 3687 3670
f 3600 3670 3655
f 3600 3655 3644
f 3600 3644 3635
f 3600 3635 3629
f 3600 3629 3606
f 3600 3606 3607
f 3600 3607 3608
f 3600 3608 3609
f 3600 3609 3610
f 3600 3610 3601
f 3602 3611 3603
f 3603 3611 3616
f 3603 3616 3606
f 3603 3606 3629
f 3603 3629 3636
f 3603 3636 3643
f 3603 3643 3652
f 3603 3652 3669
f 3603 3669 3685
f 3603 3685 3710
f 3603 3710 3731
f 3603 3731 3749
f 3603 3749 3760
f 3603 3760 3767
f 3603 3767 3766
f 3603 3766 3771
f 3603 3771 3775
f 3603 3775 3778
f 3603 3778 3777
f 3603 3777 3783
f 3603 3783 3782
f 3603 3782 3786
f 3603 3786 3785
f 3603 3785 3784
f 3603 3784 3780
f 3603 3780 3779
f 3603 3779 3772
f 3603 3772 3768
f 3603 3768 3762
f 3603 3762 3761
f 3603 3761 3751
f 3603 3751 3750
f 3603 3750 3733
f 3603 3733 3717
f 3603 3717 3691
f 3603 3691 3674
f 3603 3674 3659
f 3603 3659 3658
f 3603 3658 3656
f 3603 3656 3645
f 3603 3645 3637
f 3603 3637 3630
f 3603 3630 3612
f 3603 3612 3604
f 3604 3612 3613
f 3605 3614 3615
f 3606 3616 3617
f 3606 3617 3618
f 3606 3618 3619
f 3606 3619 3620
f 3606 3620 3621
f 3606 3621 3622
f 3606 3622 3623
f 3606 3623 3624
f 3606 3624 3625
f 3606 3625 3626
f 3606 3626 3627
f 3606 3627 3628
f 3606 3628 3607
f 3612 3630 3631
f 3612 3631 3613
f 3614 3632 3633
f 3614 3633 3634
f 3614 3634 3615
f 3629 3635 3636
f 3630 3637 3631
f 3631 3637 3638
f 3632 3639 3640
f 3632 3640 3633
f 3633 3640 3641
f 3633 3641 3634
f 3635 3642 3643
f 3635 3643 3636
f 3635 3644 3642
f 3637 3645 3646
f 3637 3646 3638
f 3639 3647 3640
f 3639 3648 3647
f 3640 3649 3641
f 3640 3647 3650
f 3640 3650 3649
f 3641 3649 3651
f 3642 3652 3643
f 3642 3644 3653
f 3642 3653 3654
f 3642 3654 3652
f 3644 3655 3653
f 3645 3656 3646
f 3646 3656 3658
f 3646 3658 3659
f 3646 3659 3657
f 3647 3648 3650
f 3648 3660 3661
f 3648 3661 3650
f 3649 3650 3662
f 3649 3662 3663
f 3649 3663 3664
f 3649 3664 3665
f 3649 3665 3666
f 3649 3666 3651
f 3650 3661 3667
f 3650 3667 3662
f 3652 3654 3668
f 3652 3668 3669
f 3653 3655 3654
f 3654 3655 3670
f 3654 3670 3671
f 3654 3671 3672
f 3654 3672 3668
f 3657 3659 3673
f 3659 3674 3675
f 3659 3675 3676
f 3659 3676 3673
f 3660 3667 3661
f 3660 3677 3667
f 3662 3667 3678
f 3662 3678 3663
f 3663 3679 3680
f 3663 3680 3664
f 3663 3678 3681
f 3663 3681 3679
f 3664 3680 3665
f 3665 3680 3682
f 3667 3677 3678
f 3668 3683 3669
f 3668 3672 3683
f 3669 3684 3685
f 3669 3683 3684
f 3670 3686 3671
f 3670 3687 3686
f 3671 3686 3672
f 3672 3686 3688
f 3672 3688 3689
f 3672 3689 3683
f 3674 3690 3675
f 3674 3691 3690
f 3677 3692 3678
f 3677 3693 3692
f 3678 3692 3694
f 3678 3694 3681
f 3679 3695 3680
f 3679 3681 3696
f 3679 3696 3697
f 3679 3697 3698
f 3679 3698 3699
f 3679 3699 3695
f 3680 3695 3700
f 3680 3700 3706
f 3680 3706 3682
f 3681 3694 3701
f 3681 3701 3702
f 3681 3702 3703
f 3681 3703 3704
f 3681 3704 3705
f 3681 3705 3696
f 3683 3707 3684
f 3683 3689 3707
f 3684 3708 3709
f 3684 3709 3710
f 3684 3710 3685
f 3684 3707 3711
f 3684 3711 3712
f 3684 3712 3708
f 3686 3687 3688
f 3687 3713 3688
f 3688 3713 3714
f 3688 3714 3689
f 3689 3714 3715
f 3689 3715 3707
f 3690 3691 3716
f 3691 3717 3718
f 3691 3718 3716
f 3692 3693 3694
f 3693 3719 3720
f 3693 3720 3701
f 3693 3701 3694
f 3695 3721 3700
f 3695 3699 3721
f 3696 3705 3697
f 3697 3705 3698
f 3698 3705 3699
f 3699 3705 3722
f 3699 3722 3723
f 3699 3723 3712
f 3699 3712 3721
f 3700 3721 3714
f 3700 3714 3706
f 3701 3720 3724
f 3701 3724 3702
f 3702 3724 3703
f 3703 3724 3704
f 3704 3724 3725
f 3704 3725 3726
f 3704 3726 3705
f 3705 3726 3727
f 3705 3727 3722
f 3706 3714 3713
f 3707 3715 3728
f 3707 3728 3711
f 3708 3729 3709
f 3708 3712 3729
f 3709 3730 3731
f 3709 3731 3710
f 3709 3729 3732
f 3709 3732 3723
f 3709 3723 3730
f 3711 3728 3712
f 3712 3723 3732
f 3712 3732 3729
f 3712 3728 3721
f 3714 3721 3728
f 3714 3728 3715
f 3717 3733 3734
f 3717 3734 3735
f 3717 3735 3736
f 3717 3736 3718
f 3719 3737 3726
f 3719 3726 3725
f 3719 3725 3724
f 3719 3724 3720
f 3719 3738 3737
f 3722 3727 3739
f 3722 3739 3740
f 3722 3740 3723
f 3723 3740 3741
f 3723 3741 3742
f 3723 3742 3730
f 3726 3737 3743
f 3726 3743 3744
f 3726 3744 3727
f 3727 3744 3745
f 3727 3745 3746
f 3727 3746 3747
f 3727 3747 3748
f 3727 3748 3739
f 3730 3742 3749
f 3730 3749 3731
f 3733 3750 3734
f 3734 3750 3751
f 3734 3751 3752
f 3737 3738 3753
f 3737 3753 3743
f 3738 3754 3743
f 3738 3743 3753
f 3739 3748 3740
f 3740 3748 3741
f 3741 3748 3749
f 3741 3749 3742
f 3743 3754 3755
f 3743 3755 3744
f 3744 3755 3745
f 3745 3755 3756
f 3745 3756 3757
f 3745 3757 3758
f 3745 3758 3759
f 3745 3759 3746
f 3746 3759 3747
f 3747 3759 3748
f 3748 3759 3760
f 3748 3760 3749
f 3751 3761 3752
f 3752 3761 3762
f 3752 3762 3763
f 3754 3764 3755
f 3755 3764 3756
f 3756 3764 3757
f 3757 3764 3758
f 3758 3764 3759
f 3759 3764 3765
f 3759 3765 3766
f 3759 3766 3767
f 3759 3767 3760
f 3762 3768 3769
f 3762 3769 3763
f 3764 3770 3765
f 3765 3770 3771
f 3765 3771 3766
f 3768 3772 3773
f 3768 3773 3774
f 3768 3774 3769
f 3770 3775 3771
f 3770 3776 3777
f 3770 3777 3778
f 3770 3778 3775
f 3772 3779 3773
f 3773 3779 3780
f 3773 3780 3781
f 3776 3782 3783
f 3776 3783 3777
f 3776 3781 3782
f 3780 3784 3781
f 3781 3784 3785
f 3781 3785 3786
f 3781 3786 3782

o geometry_45
v -0.14149138 0.11099431 -0.19383623
v -0.16825373 0.11099431 -0.19383623
v -0.13972932 0.09816304 -0.19383623
v -0.13225364 0.11099431 -0.21731256
v -0.17674128 0.11099431 -0.26595616
v -0.19652518 0.01907571 -0.25087834
v -0.19652518 -0.00967801 -0.20479937
v -0.19652518 -0.01671577 -0.19383623
v -0.13945017 0.09336103 -0.19383623
v -0.12884293 0.09909622 -0.22361143
v -0.12982864 0.11099431 -0.22361143
v -0.17772699 0.11099431 -0.27813114
v -0.19652518 0.02337225 -0.25996730
v -0.19652518 -0.08761830 -0.19383623
v -0.13947635 0.08677042 -0.19383623
v -0.13868255 0.08861734 -0.19579494
v -0.13868255 0.09151411 -0.19579494
v -0.12297231 0.09909622 -0.24052114
v -0.12507457 0.11099431 -0.23671645
v -0.17615684 0.11099431 -0.28978475
v -0.19652518 0.01199907 -0.27817343
v -0.19490270 0.02337225 -0.27384736
v -0.19652518 -0.08761830 -0.30779361
v -0.19073308 -0.08761830 -0.19383623
v -0.12968034 0.08097691 -0.22361143
v -0.14045333 0.07891612 -0.19383623
v -0.12039029 0.08848126 -0.24984966
v -0.12031178 0.09909622 -0.24961011
v -0.12046006 0.11062494 -0.25021604
v -0.12312932 0.11099431 -0.24232483
v -0.17228380 0.11099431 -0.29887373
v -0.19652518 -0.02670862 -0.29900056
v -0.19652518 -0.01255533 -0.29291305
v -0.19652518 -0.00958080 -0.29143346
v -0.19652518 0.00848019 -0.28073806
v -0.19652518 0.00997717 -0.27985032
v -0.18426056 -0.08761830 -0.30872364
v -0.19652518 -0.08203864 -0.30793452
v -0.14867919 0.11099431 -0.33231271
v -0.14702179 0.11099431 -0.33281998
v -0.12975013 0.11099431 -0.33779426
v -0.17043451 -0.08761830 -0.24211347
v -0.18487118 -0.07822813 -0.19383623
v -0.12347825 0.08185176 -0.24298714
v -0.14261666 0.06285759 -0.19383623
v -0.14392511 0.05362295 -0.19383623
v -0.14530335 0.04483548 -0.19383623
v -0.13275959 0.06285759 -0.22361143
v -0.12149811 0.07640819 -0.25399253
v -0.11895098 0.08185176 -0.26002368
v -0.11495581 0.08097691 -0.27813114
v -0.11309780 0.09909622 -0.27813114
v -0.11749422 0.09909622 -0.25996730
v -0.11476390 0.11099431 -0.27187458
v -0.12034667 0.11099431 -0.25070923
v -0.12061709 0.11099431 -0.24982148
v -0.16319435 0.11099431 -0.31481115
v -0.19652518 -0.04593609 -0.30563763
v -0.19652518 -0.03065520 -0.30053651
v -0.13663263 0.03081828 -0.32466106
v -0.18112898 -0.08761830 -0.30807543
v -0.19652518 -0.06391932 -0.30807543
v -0.15627696 0.11099431 -0.32356191
v -0.19652518 -0.05800915 -0.30768088
v -0.19539991 -0.04581944 -0.30706085
v -0.11150147 0.11099431 -0.33269318
v -0.13024735 0.04594363 -0.32578836
v -0.16772162 -0.08761830 -0.25372481
v -0.15649504 -0.02029298 -0.21240873
v -0.16670104 -0.03915107 -0.19383623
v -0.16883819 -0.04581944 -0.19383623
v -0.17135915 -0.05277944 -0.19383623
v -0.17352247 -0.05789251 -0.19383623
v -0.12741235 0.06285759 -0.24178936
v -0.14745795 0.03301515 -0.19383623
v -0.11991924 0.06888440 -0.26609708
v -0.11869801 0.06285759 -0.27841299
v -0.11567983 0.06285759 -0.29630909
v -0.11213827 0.08097691 -0.29630909
v -0.11008834 0.09909622 -0.29630909
v -0.10756738 0.11099431 -0.30827270
v -0.11325482 0.11099431 -0.27813114
v -0.12025944 0.05278698 -0.32402693
v -0.17373182 -0.08761830 -0.30638446
v -0.11095193 0.11099431 -0.33136857
v -0.14677755 -0.00958080 -0.24178936
v -0.15517787 -0.02439510 -0.22361143
v -0.16665741 -0.08761830 -0.25972775
v -0.12879932 0.02663839 -0.27813114
v -0.13227109 0.02663839 -0.25996730
v -0.15071165 -0.00958080 -0.22361143
v -0.15481149 -0.00946416 -0.20598304
v -0.15609378 -0.00372896 -0.19383623
v -0.14878386 0.02663839 -0.19383623
v -0.13649306 0.04499101 -0.22331551
v -0.13152963 0.04475771 -0.24178936
v -0.12140216 0.05681133 -0.27255094
v -0.12725533 0.04475771 -0.25996730
v -0.12012859 0.05195100 -0.28466959
v -0.11589790 0.06285759 -0.31448704
v -0.11222550 0.08097691 -0.31448704
v -0.11918650 0.04895703 -0.29630909
v -0.10741909 0.11099431 -0.31424748
v -0.11929117 0.04957916 -0.31448704
v -0.16911731 -0.08761830 -0.29630909
v -0.17214423 -0.08761830 -0.30338300
v -0.13818533 0.01528466 -0.24793322
v -0.16552341 -0.08761830 -0.27267777
v -0.12191682 0.03989738 -0.29630909
v -0.12322528 0.04543816 -0.27841299
v -0.13643200 0.02632733 -0.24184573
v -0.15577976 -0.00258193 -0.19383623
v -0.15294475 0.00849963 -0.19383623
v -0.13785385 0.03215973 -0.22919164
v -0.12636558 0.02663839 -0.29630909
v -0.16604679 -0.08761830 -0.27813114
v -0.16794843 -0.08761830 -0.29072889
f 3787 3788 3794
f 3787 3794 3800
f 3787 3800 3810
f 3787 3810 3829
f 3787 3829 3859
f 3787 3859 3858
f 3787 3858 3857
f 3787 3857 3856
f 3787 3856 3879
f 3787 3879 3898
f 3787 3898 3899
f 3787 3899 3880
f 3787 3880 3861
f 3787 3861 3833
f 3787 3833 3832
f 3787 3832 3831
f 3787 3831 3812
f 3787 3812 3801
f 3787 3801 3795
f 3787 3795 3789
f 3787 3789 3790
f 3787 3790 3797
f 3787 3797 3805
f 3787 3805 3816
f 3787 3816 3842
f 3787 3842 3841
f 3787 3841 3840
f 3787 3840 3868
f 3787 3868 3867
f 3787 3867 3889
f 3787 3889 3871
f 3787 3871 3852
f 3787 3852 3827
f 3787 3827 3826
f 3787 3826 3825
f 3787 3825 3849
f 3787 3849 3843
f 3787 3843 3817
f 3787 3817 3806
f 3787 3806 3798
f 3787 3798 3791
f 3787 3791 3788
f 3788 3791 3792
f 3788 3792 3793
f 3788 3793 3794
f 3789 3795 3796
f 3789 3796 3797
f 3789 3797 3790
f 3791 3798 3799
f 3791 3799 3792
f 3792 3799 3807
f 3792 3807 3822
f 3792 3822 3821
f 3792 3821 3820
f 3792 3820 3819
f 3792 3819 3818
f 3792 3818 3845
f 3792 3845 3844
f 3792 3844 3850
f 3792 3850 3848
f 3792 3848 3824
f 3792 3824 3809
f 3792 3809 3800
f 3792 3800 3794
f 3792 3794 3793
f 3795 3801 3802
f 3795 3802 3803
f 3795 3803 3796
f 3796 3803 3802
f 3796 3802 3804
f 3796 3804 3805
f 3796 3805 3797
f 3798 3806 3807
f 3798 3807 3808
f 3798 3808 3799
f 3799 3808 3807
f 3800 3809 3823
f 3800 3823 3847
f 3800 3847 3870
f 3800 3870 3892
f 3800 3892 3891
f 3800 3891 3903
f 3800 3903 3902
f 3800 3902 3894
f 3800 3894 3874
f 3800 3874 3854
f 3800 3854 3828
f 3800 3828 3810
f 3801 3811 3802
f 3801 3812 3811
f 3802 3813 3804
f 3802 3811 3813
f 3804 3814 3815
f 3804 3815 3816
f 3804 3816 3805
f 3804 3813 3814
f 3806 3817 3818
f 3806 3818 3819
f 3806 3819 3820
f 3806 3820 3821
f 3806 3821 3822
f 3806 3822 3807
f 3809 3824 3825
f 3809 3825 3826
f 3809 3826 3827
f 3809 3827 3823
f 3810 3828 3829
f 3811 3830 3813
f 3811 3812 3831
f 3811 3831 3832
f 3811 3832 3833
f 3811 3833 3834
f 3811 3834 3830
f 3813 3830 3835
f 3813 3835 3836
f 3813 3836 3837
f 3813 3837 3838
f 3813 3838 3839
f 3813 3839 3814
f 3814 3839 3815
f 3815 3839 3840
f 3815 3840 3841
f 3815 3841 3842
f 3815 3842 3816
f 3817 3843 3844
f 3817 3844 3845
f 3817 3845 3818
f 3823 3827 3846
f 3823 3846 3847
f 3824 3848 3825
f 3825 3848 3850
f 3825 3850 3851
f 3825 3851 3849
f 3827 3852 3853
f 3827 3853 3846
f 3828 3854 3855
f 3828 3855 3856
f 3828 3856 3857
f 3828 3857 3858
f 3828 3858 3859
f 3828 3859 3829
f 3830 3834 3860
f 3830 3860 3835
f 3833 3861 3834
f 3834 3861 3860
f 3835 3860 3862
f 3835 3862 3836
f 3836 3862 3837
f 3837 3862 3863
f 3837 3863 3864
f 3837 3864 3865
f 3837 3865 3866
f 3837 3866 3838
f 3838 3866 3867
f 3838 3867 3868
f 3838 3868 3840
f 3838 3840 3839
f 3843 3849 3851
f 3843 3851 3844
f 3844 3851 3850
f 3846 3853 3869
f 3846 3869 3870
f 3846 3870 3847
f 3852 3871 3869
f 3852 3869 3853
f 3854 3872 3873
f 3854 3873 3855
f 3854 3874 3875
f 3854 3875 3876
f 3854 3876 3872
f 3855 3873 3877
f 3855 3877 3878
f 3855 3878 3856
f 3856 3878 3879
f 3860 3861 3880
f 3860 3880 3881
f 3860 3881 3882
f 3860 3882 3862
f 3862 3883 3863
f 3862 3882 3884
f 3862 3884 3883
f 3863 3883 3885
f 3863 3885 3864
f 3864 3886 3887
f 3864 3887 3865
f 3864 3885 3888
f 3864 3888 3886
f 3865 3887 3889
f 3865 3889 3867
f 3865 3867 3866
f 3869 3871 3887
f 3869 3887 3886
f 3869 3886 3890
f 3869 3890 3891
f 3869 3891 3892
f 3869 3892 3870
f 3871 3889 3887
f 3872 3893 3877
f 3872 3877 3873
f 3872 3876 3893
f 3874 3894 3895
f 3874 3895 3875
f 3875 3895 3885
f 3875 3885 3896
f 3875 3896 3876
f 3876 3897 3893
f 3876 3896 3884
f 3876 3884 3897
f 3877 3893 3897
f 3877 3897 3878
f 3878 3897 3879
f 3879 3897 3898
f 3880 3899 3881
f 3881 3899 3900
f 3881 3900 3882
f 3882 3900 3897
f 3882 3897 3884
f 3883 3884 3885
f 3884 3896 3885
f 3885 3895 3888
f 3886 3888 3890
f 3888 3895 3890
f 3890 3895 3901
f 3890 3901 3894
f 3890 3894 3902
f 3890 3902 3903
f 3890 3903 3891
f 3894 3901 3895
f 3897 3900 3898
f 3898 3900 3899

o geometry_46
v -0.06003820 0.13534509 0.31201474
v -0.09339878 0.13534509 0.31201474
v -0.11157680 0.12027787 0.30309108
v -0.06003820 0.13291826 0.31054042
v -0.06003820 0.14806251 0.30486289
v -0.11157680 0.13534509 0.31200184
v -0.09339878 0.12041545 0.30306521
v -0.12974274 0.12034942 0.30293587
v -0.12974274 0.11099982 0.28942107
v -0.07523284 0.12057504 0.30303937
v -0.06003820 0.12072912 0.30302643
v -0.06003820 0.15054988 0.30345322
v -0.07523284 0.15048933 0.30344028
v -0.11157680 0.14968040 0.30337560
v -0.12974274 0.14968589 0.30289710
v -0.12974274 0.13534509 0.31136812
v -0.14790867 0.12253410 0.29949576
v -0.14629017 0.11099982 0.28371767
v -0.13002055 0.11099982 0.28934345
v -0.11170966 0.11099982 0.28514028
v -0.06003820 0.11488494 0.28537308
v -0.06003820 0.11973308 0.30011653
v -0.12974274 0.16721296 0.28611026
v -0.06003820 0.15570068 0.28834763
v -0.11574385 0.16721296 0.28145442
v -0.14790867 0.14774335 0.29950869
v -0.14693033 0.16721296 0.28219160
v -0.14790867 0.13534509 0.30453957
v -0.15794585 0.12515353 0.29561591
v -0.14813816 0.11099982 0.28229506
v -0.10593618 0.11099982 0.26718947
v -0.06003820 0.11492346 0.26718947
v -0.06003820 0.15666371 0.28537308
v -0.11377507 0.16721296 0.27303513
v -0.15789753 0.14539906 0.29588749
v -0.15732984 0.16721296 0.27324205
v -0.15838066 0.13534509 0.29640480
v -0.16481846 0.11099982 0.26105930
v -0.16196795 0.11099982 0.26561167
v -0.16268057 0.13534509 0.28537308
v -0.17454159 0.11099982 0.23662914
v -0.17150990 0.11099982 0.24486736
v -0.10681791 0.11099982 0.24868256
v -0.11005492 0.11099982 0.23084815
v -0.11458433 0.11099982 0.21267749
v -0.11905334 0.11099982 0.19900746
v -0.12625207 0.11099982 0.17990563
v -0.06003820 0.12076213 0.25181232
v -0.06003820 0.15565665 0.27017696
v -0.11685506 0.16721296 0.23503840
v -0.11420989 0.16721296 0.24918695
v -0.11325570 0.16721296 0.25459288
v -0.11250684 0.16721296 0.26718947
v -0.16445611 0.16721296 0.26643937
v -0.17347868 0.16721296 0.25533004
v -0.17863616 0.16721296 0.24623825
v -0.18343130 0.16721296 0.23084815
v -0.17521798 0.11099982 0.23349939
v -0.15287290 0.11099982 0.17990563
v -0.12644533 0.11722921 0.17990563
v -0.06003820 0.13534509 0.24647104
v -0.06003820 0.15535949 0.26718947
v -0.12059937 0.16721296 0.22184689
v -0.17629295 0.11099982 0.22753735
v -0.18224761 0.16721296 0.21228950
v -0.17629295 0.11099982 0.21641508
v -0.16107415 0.14055643 0.17990563
v -0.17386519 0.11099982 0.20732329
v -0.12934415 0.13538360 0.17990563
v -0.13390979 0.15335090 0.17990563
v -0.13673613 0.16338837 0.17990563
v -0.13789568 0.16721296 0.17990563
v -0.06003820 0.14924566 0.25276934
v -0.13720720 0.16721296 0.18144465
v -0.12222996 0.16721296 0.21755317
v -0.18129341 0.16721296 0.20959948
v -0.17549577 0.11099982 0.21328534
v -0.16386426 0.15313628 0.17990563
v -0.17752496 0.16721296 0.20086980
v -0.16663023 0.16721296 0.17990563
f 3904 3905 3906
f 3904 3906 3907
f 3904 3907 3914
f 3904 3914 3925
f 3904 3925 3924
f 3904 3924 3935
f 3904 3935 3951
f 3904 3951 3964
f 3904 3964 3976
f 3904 3976 3965
f 3904 3965 3952
f 3904 3952 3936
f 3904 3936 3927
f 3904 3927 3915
f 3904 3915 3908
f 3904 3908 3905
f 3905 3908 3909
f 3905 3909 3906
f 3906 3910 3907
f 3906 3909 3911
f 3906 3911 3912
f 3906 3912 3910
f 3907 3910 3913
f 3907 3913 3914
f 3908 3915 3909
f 3909 3915 3916
f 3909 3916 3917
f 3909 3917 3918
f 3909 3918 3919
f 3909 3919 3911
f 3910 3912 3913
f 3911 3919 3920
f 3911 3920 3921
f 3911 3921 3922
f 3911 3922 3912
f 3912 3922 3921
f 3912 3921 3933
f 3912 3933 3942
f 3912 3942 3941
f 3912 3941 3945
f 3912 3945 3944
f 3912 3944 3961
f 3912 3961 3967
f 3912 3967 3969
f 3912 3969 3980
f 3912 3980 3971
f 3912 3971 3962
f 3912 3962 3950
f 3912 3950 3949
f 3912 3949 3948
f 3912 3948 3947
f 3912 3947 3946
f 3912 3946 3934
f 3912 3934 3923
f 3912 3923 3924
f 3912 3924 3925
f 3912 3925 3914
f 3912 3914 3913
f 3915 3926 3916
f 3915 3927 3928
f 3915 3928 3926
f 3916 3926 3917
f 3917 3926 3918
f 3918 3929 3919
f 3918 3926 3930
f 3918 3930 3929
f 3919 3929 3931
f 3919 3931 3920
f 3920 3931 3932
f 3920 3932 3933
f 3920 3933 3921
f 3923 3934 3924
f 3924 3934 3935
f 3926 3928 3937
f 3926 3937 3956
f 3926 3956 3955
f 3926 3955 3954
f 3926 3954 3953
f 3926 3953 3966
f 3926 3966 3978
f 3926 3978 3977
f 3926 3977 3975
f 3926 3975 3983
f 3926 3983 3982
f 3926 3982 3979
f 3926 3979 3968
f 3926 3968 3960
f 3926 3960 3959
f 3926 3959 3958
f 3926 3958 3957
f 3926 3957 3939
f 3926 3939 3930
f 3927 3936 3928
f 3928 3936 3937
f 3929 3938 3931
f 3929 3930 3938
f 3930 3939 3938
f 3931 3938 3940
f 3931 3940 3932
f 3932 3941 3942
f 3932 3942 3933
f 3932 3940 3943
f 3932 3943 3944
f 3932 3944 3945
f 3932 3945 3941
f 3934 3946 3935
f 3935 3946 3947
f 3935 3947 3948
f 3935 3948 3949
f 3935 3949 3950
f 3935 3950 3951
f 3936 3952 3953
f 3936 3953 3954
f 3936 3954 3955
f 3936 3955 3956
f 3936 3956 3937
f 3938 3939 3957
f 3938 3957 3958
f 3938 3958 3959
f 3938 3959 3940
f 3940 3959 3943
f 3943 3959 3960
f 3943 3960 3944
f 3944 3960 3961
f 3950 3962 3970
f 3950 3970 3981
f 3950 3981 3983
f 3950 3983 3975
f 3950 3975 3974
f 3950 3974 3973
f 3950 3973 3972
f 3950 3972 3963
f 3950 3963 3964
f 3950 3964 3951
f 3952 3965 3966
f 3952 3966 3953
f 3960 3967 3961
f 3960 3968 3969
f 3960 3969 3967
f 3962 3971 3970
f 3963 3972 3964
f 3964 3972 3973
f 3964 3973 3974
f 3964 3974 3975
f 3964 3975 3976
f 3965 3976 3975
f 3965 3975 3977
f 3965 3977 3978
f 3965 3978 3966
f 3968 3979 3971
f 3968 3971 3980
f 3968 3980 3969
f 3970 3971 3981
f 3971 3979 3982
f 3971 3982 3983
f 3971 3983 3981

o geometry_47
v -0.12417718 -0.15451346 0.24503527
v -0.18425738 -0.08761830 0.25363126
v -0.18425738 -0.10017700 0.25243961
v -0.12975031 -0.15451346 0.24513938
v -0.12417718 -0.16593890 0.24183056
v -0.12417718 -0.14905020 0.24447994
v -0.20286716 -0.08761830 0.24773091
v -0.12417718 -0.13886794 0.24328829
v -0.17057429 -0.08761830 0.24629631
v -0.20386621 -0.10039688 0.24581041
v -0.18425738 -0.11829197 0.24975554
v -0.16609815 -0.13639848 0.24744168
v -0.14752754 -0.15524075 0.24364694
v -0.12975031 -0.16560063 0.24164545
v -0.12417718 -0.17097930 0.23083971
v -0.20679480 -0.08761830 0.24512781
v -0.21220143 -0.09451079 0.24087031
v -0.12417718 -0.12679129 0.23654337
v -0.16583370 -0.08761830 0.23083971
v -0.12417718 -0.11398734 0.22740362
v -0.12417718 -0.10924294 0.22389812
v -0.12417718 -0.10807587 0.22298415
v -0.12417718 -0.10736548 0.22179251
v -0.12417718 -0.10284097 0.21288413
v -0.12417718 -0.09795279 0.19450049
v -0.19879260 -0.11829197 0.24421384
v -0.21088895 -0.10658744 0.23852173
v -0.19517838 -0.12948909 0.24161075
v -0.18346402 -0.13587415 0.24373949
v -0.16609815 -0.14957455 0.24270984
v -0.14121001 -0.16442511 0.24074305
v -0.12975031 -0.17025201 0.23083971
v -0.12417718 -0.17401538 0.21266431
v -0.21224061 -0.08761830 0.24090500
v -0.21660900 -0.08761830 0.23112894
v -0.21504186 -0.10039688 0.23181153
v -0.16626466 -0.08761830 0.21230567
v -0.12417718 -0.09721703 0.17631353
v -0.12417718 -0.09703099 0.15813813
v -0.12417718 -0.09688721 0.13996275
v -0.21312213 -0.11226211 0.22639710
v -0.20750001 -0.11830043 0.23181153
v -0.17688202 -0.14672453 0.24100913
v -0.19788170 -0.13238985 0.23083971
v -0.18879229 -0.14144733 0.23083971
v -0.15332596 -0.16176113 0.23524762
v -0.14752754 -0.16579514 0.22984474
v -0.12975031 -0.17321196 0.21266431
v -0.12904510 -0.16766414 0.19297334
v -0.12417718 -0.16993908 0.19846876
v -0.22250537 -0.08761830 0.21266431
v -0.22037993 -0.10017700 0.21266431
v -0.16999641 -0.08761830 0.19468560
v -0.12417718 -0.09692950 0.13543915
v -0.21442481 -0.11422414 0.21266431
v -0.20879290 -0.12328162 0.21266431
v -0.17970288 -0.14877113 0.23083971
v -0.16468773 -0.15788781 0.22984474
v -0.19970349 -0.13410663 0.21266431
v -0.19065327 -0.14316412 0.21266431
v -0.15768458 -0.16390922 0.22312298
v -0.14791933 -0.16807854 0.21266431
v -0.15790006 -0.16403607 0.20202055
v -0.14791933 -0.16593890 0.19823737
v -0.12417718 -0.16838299 0.19340142
v -0.18104474 -0.13313407 0.13543915
v -0.22422922 -0.08761830 0.13543915
v -0.19550160 -0.08761830 0.13543915
v -0.12417718 -0.12088828 0.13543915
v -0.18156386 -0.15013272 0.21266431
v -0.21873444 -0.09375811 0.13543915
v -0.19746053 -0.13184860 0.19450049
v -0.18860618 -0.14090609 0.19450049
v -0.17951679 -0.14859352 0.19450049
v -0.16727350 -0.15919020 0.21266431
v -0.15819389 -0.16417985 0.21266431
v -0.16998662 -0.13352309 0.13543915
v -0.12417718 -0.16472955 0.18723497
v -0.16569657 -0.13322709 0.13543915
f 3984 3985 3986
f 3984 3986 3987
f 3984 3987 3988
f 3984 3988 3998
f 3984 3998 4016
f 3984 4016 4033
f 3984 4033 4048
f 3984 4048 4061
f 3984 4061 4052
f 3984 4052 4037
f 3984 4037 4023
f 3984 4023 4022
f 3984 4022 4021
f 3984 4021 4008
f 3984 4008 4007
f 3984 4007 4006
f 3984 4006 4005
f 3984 4005 4004
f 3984 4004 4003
f 3984 4003 4001
f 3984 4001 3991
f 3984 3991 3989
f 3984 3989 3985
f 3985 3990 3986
f 3985 3989 3991
f 3985 3991 3992
f 3985 3992 4002
f 3985 4002 4020
f 3985 4020 4036
f 3985 4036 4051
f 3985 4051 4050
f 3985 4050 4034
f 3985 4034 4018
f 3985 4018 4017
f 3985 4017 3999
f 3985 3999 3990
f 3986 3990 3993
f 3986 3993 3994
f 3986 3994 3995
f 3986 3995 3987
f 3987 3995 3996
f 3987 3996 3997
f 3987 3997 3988
f 3988 3997 3998
f 3990 3999 4000
f 3990 4000 3993
f 3991 4001 3992
f 3992 4001 4003
f 3992 4003 4004
f 3992 4004 4005
f 3992 4005 4006
f 3992 4006 4007
f 3992 4007 4008
f 3992 4008 4002
f 3993 4009 3994
f 3993 4000 4010
f 3993 4010 4009
f 3994 4009 4011
f 3994 4011 4012
f 3994 4012 3995
f 3995 4012 4013
f 3995 4013 3996
f 3996 4013 4014
f 3996 4014 3997
f 3997 4014 4015
f 3997 4015 3998
f 3998 4015 4016
f 3999 4017 4000
f 4000 4017 4018
f 4000 4018 4019
f 4000 4019 4010
f 4002 4008 4021
f 4002 4021 4022
f 4002 4022 4023
f 4002 4023 4020
f 4009 4010 4011
f 4010 4019 4024
f 4010 4024 4025
f 4010 4025 4011
f 4011 4026 4012
f 4011 4025 4027
f 4011 4027 4028
f 4011 4028 4026
f 4012 4026 4013
f 4013 4026 4014
f 4014 4029 4030
f 4014 4030 4015
f 4014 4026 4029
f 4015 4030 4031
f 4015 4031 4016
f 4016 4031 4032
f 4016 4032 4033
f 4018 4034 4019
f 4019 4034 4035
f 4019 4035 4024
f 4020 4023 4037
f 4020 4037 4036
f 4024 4035 4038
f 4024 4038 4039
f 4024 4039 4027
f 4024 4027 4025
f 4026 4028 4040
f 4026 4040 4041
f 4026 4041 4029
f 4027 4039 4042
f 4027 4042 4043
f 4027 4043 4028
f 4028 4043 4040
f 4029 4041 4044
f 4029 4044 4030
f 4030 4044 4031
f 4031 4044 4045
f 4031 4045 4046
f 4031 4046 4047
f 4031 4047 4032
f 4032 4048 4033
f 4032 4047 4049
f 4032 4049 4048
f 4034 4050 4035
f 4035 4050 4038
f 4036 4037 4051
f 4037 4052 4062
f 4037 4062 4060
f 4037 4060 4049
f 4037 4049 4054
f 4037 4054 4050
f 4037 4050 4051
f 4038 4050 4039
f 4039 4050 4042
f 4040 4043 4053
f 4040 4053 4044
f 4040 4044 4041
f 4042 4050 4054
f 4042 4054 4055
f 4042 4055 4056
f 4042 4056 4043
f 4043 4056 4057
f 4043 4057 4053
f 4044 4053 4058
f 4044 4058 4059
f 4044 4059 4045
f 4045 4059 4046
f 4046 4059 4058
f 4046 4058 4053
f 4046 4053 4057
f 4046 4057 4049
f 4046 4049 4047
f 4048 4049 4060
f 4048 4060 4061
f 4049 4057 4056
f 4049 4056 4055
f 4049 4055 4054
f 4052 4061 4062
f 4060 4062 4061

o geometry_48
v -0.12416739 -0.09708790 -0.20534680
v -0.18970868 -0.08761830 -0.20542777
v -0.18972801 -0.08765115 -0.20534680
v -0.12416739 -0.12062636 -0.20534680
v -0.12416739 -0.09708790 -0.20542777
v -0.16553337 -0.08761830 -0.27267706
v -0.16666523 -0.08761830 -0.25972311
v -0.16772936 -0.08761830 -0.25373189
v -0.17044775 -0.08761830 -0.24211380
v -0.22010435 -0.08761830 -0.20534680
v -0.15398263 -0.12860940 -0.20534680
v -0.12416739 -0.16761295 -0.24666794
v -0.12416739 -0.09711253 -0.21101417
v -0.16605576 -0.08761830 -0.27813189
v -0.12416739 -0.09726037 -0.22919021
v -0.22051066 -0.08761830 -0.20534680
v -0.16608478 -0.13168928 -0.20534680
v -0.12974928 -0.16738299 -0.24683997
v -0.12416739 -0.17152234 -0.25995586
v -0.16795186 -0.08761830 -0.29073165
v -0.12416739 -0.09773673 -0.24178995
v -0.22085892 -0.08761830 -0.21098381
v -0.22081055 -0.10017599 -0.25995586
v -0.21487071 -0.11457338 -0.25995586
v -0.21361309 -0.11247906 -0.24649589
v -0.19723503 -0.13173034 -0.24497785
v -0.17825467 -0.13043269 -0.20534680
v -0.14792671 -0.16542008 -0.24869198
v -0.12974928 -0.17101314 -0.25995586
v -0.12416739 -0.17104599 -0.27813189
v -0.16912242 -0.08761830 -0.29630792
v -0.12416739 -0.09823772 -0.24736624
v -0.22299687 -0.08761830 -0.25995586
v -0.21840173 -0.10017599 -0.27813189
v -0.21396137 -0.11334964 -0.27813189
v -0.20825371 -0.12240037 -0.27813189
v -0.20871806 -0.12363232 -0.25995586
v -0.19963418 -0.13411211 -0.25995586
v -0.19064705 -0.14317105 -0.25995586
v -0.17929945 -0.14827954 -0.24576723
v -0.15746526 -0.16381033 -0.25043268
v -0.14792671 -0.16702983 -0.25995586
v -0.12974928 -0.17046286 -0.27813189
v -0.12974928 -0.16683271 -0.29372727
v -0.12416739 -0.16852459 -0.28894037
v -0.17215038 -0.08761830 -0.30338202
v -0.12416739 -0.10079196 -0.25995586
v -0.22225196 -0.08761830 -0.26554226
v -0.21952390 -0.08761830 -0.27813189
v -0.21805347 -0.08761830 -0.28198771
v -0.21361309 -0.10017599 -0.29068104
v -0.21240385 -0.11083646 -0.28870761
v -0.19916983 -0.13361112 -0.27813189
v -0.19662558 -0.13105687 -0.29277595
v -0.19023107 -0.14266185 -0.27813189
v -0.18113751 -0.14971682 -0.27813189
v -0.18156316 -0.14993858 -0.25995586
v -0.16669425 -0.15899750 -0.25995586
v -0.15761038 -0.16386782 -0.25995586
v -0.15734917 -0.16372820 -0.27109829
v -0.14918432 -0.16584715 -0.27754492
v -0.14396037 -0.16521475 -0.29095431
v -0.12416739 -0.16713660 -0.29414219
v -0.17316615 -0.14392665 -0.30493042
v -0.16105431 -0.14623450 -0.30577041
v -0.17372724 -0.08761830 -0.30638774
v -0.12416739 -0.10296019 -0.26526902
v -0.21389365 -0.08761830 -0.29112636
v -0.20660913 -0.08761830 -0.30021436
v -0.20628021 -0.10017599 -0.29976907
v -0.19553241 -0.11438448 -0.30672170
v -0.20213007 -0.11864702 -0.29679371
v -0.19155640 -0.12645759 -0.30488992
v -0.18514254 -0.13749587 -0.29884811
v -0.17873836 -0.14797565 -0.29281645
v -0.16447891 -0.15953136 -0.27754492
v -0.15608187 -0.16323542 -0.28321227
v -0.16670393 -0.15085843 -0.29784622
v -0.12416739 -0.15859507 -0.29956666
v -0.17943490 -0.13184532 -0.30595257
v -0.18499743 -0.11956688 -0.30678242
v -0.18426221 -0.10017599 -0.30819927
v -0.15467915 -0.14623450 -0.30577041
v -0.12416739 -0.15451321 -0.30190445
v -0.18112785 -0.08761830 -0.30807783
v -0.12416739 -0.10654107 -0.27345633
v -0.12416739 -0.11619134 -0.28208893
v -0.12416739 -0.12447826 -0.28841412
v -0.12416739 -0.13639533 -0.29623709
v -0.20382302 -0.08761830 -0.30258250
v -0.19719634 -0.10017599 -0.30750097
v -0.18426221 -0.08761830 -0.30872553
v -0.15467915 -0.14379524 -0.30577041
v -0.19752525 -0.08761830 -0.30773374
f 4063 4064 4065
f 4063 4065 4072
f 4063 4072 4078
f 4063 4078 4089
f 4063 4089 4079
f 4063 4079 4073
f 4063 4073 4066
f 4063 4066 4074
f 4063 4074 4081
f 4063 4081 4092
f 4063 4092 4107
f 4063 4107 4125
f 4063 4125 4141
f 4063 4141 4146
f 4063 4146 4151
f 4063 4151 4150
f 4063 4150 4149
f 4063 4149 4148
f 4063 4148 4129
f 4063 4129 4109
f 4063 4109 4094
f 4063 4094 4083
f 4063 4083 4077
f 4063 4077 4075
f 4063 4075 4067
f 4063 4067 4068
f 4063 4068 4069
f 4063 4069 4070
f 4063 4070 4071
f 4063 4071 4064
f 4064 4072 4065
f 4064 4071 4070
f 4064 4070 4069
f 4064 4069 4068
f 4064 4068 4076
f 4064 4076 4082
f 4064 4082 4093
f 4064 4093 4108
f 4064 4108 4128
f 4064 4128 4147
f 4064 4147 4154
f 4064 4154 4156
f 4064 4156 4152
f 4064 4152 4131
f 4064 4131 4130
f 4064 4130 4112
f 4064 4112 4111
f 4064 4111 4110
f 4064 4110 4095
f 4064 4095 4084
f 4064 4084 4078
f 4064 4078 4072
f 4066 4073 4074
f 4067 4075 4068
f 4068 4075 4077
f 4068 4077 4076
f 4073 4079 4074
f 4074 4079 4080
f 4074 4080 4081
f 4076 4077 4083
f 4076 4083 4082
f 4078 4084 4085
f 4078 4085 4086
f 4078 4086 4087
f 4078 4087 4088
f 4078 4088 4089
f 4079 4089 4080
f 4080 4090 4091
f 4080 4091 4081
f 4080 4089 4090
f 4081 4091 4092
f 4082 4083 4093
f 4083 4094 4093
f 4084 4095 4085
f 4085 4095 4096
f 4085 4096 4097
f 4085 4097 4086
f 4086 4097 4098
f 4086 4098 4099
f 4086 4099 4087
f 4087 4099 4088
f 4088 4099 4100
f 4088 4100 4101
f 4088 4101 4102
f 4088 4102 4089
f 4089 4102 4103
f 4089 4103 4090
f 4090 4103 4091
f 4091 4104 4105
f 4091 4105 4092
f 4091 4103 4104
f 4092 4105 4106
f 4092 4106 4107
f 4093 4094 4108
f 4094 4109 4108
f 4095 4110 4096
f 4096 4111 4112
f 4096 4112 4113
f 4096 4113 4114
f 4096 4114 4097
f 4096 4110 4111
f 4097 4114 4098
f 4098 4115 4099
f 4098 4114 4116
f 4098 4116 4115
f 4099 4115 4100
f 4100 4115 4117
f 4100 4117 4101
f 4101 4117 4118
f 4101 4118 4119
f 4101 4119 4102
f 4102 4119 4103
f 4103 4119 4120
f 4103 4120 4121
f 4103 4121 4104
f 4104 4121 4122
f 4104 4122 4123
f 4104 4123 4105
f 4105 4123 4124
f 4105 4124 4106
f 4106 4125 4107
f 4106 4124 4126
f 4106 4126 4127
f 4106 4127 4125
f 4108 4109 4128
f 4109 4129 4128
f 4112 4130 4113
f 4113 4130 4131
f 4113 4131 4132
f 4113 4132 4114
f 4114 4132 4133
f 4114 4133 4134
f 4114 4134 4116
f 4115 4116 4117
f 4116 4134 4135
f 4116 4135 4136
f 4116 4136 4137
f 4116 4137 4117
f 4117 4137 4118
f 4118 4138 4120
f 4118 4120 4119
f 4118 4137 4139
f 4118 4139 4138
f 4120 4138 4122
f 4120 4122 4121
f 4122 4138 4139
f 4122 4139 4123
f 4123 4139 4124
f 4124 4139 4137
f 4124 4137 4140
f 4124 4140 4126
f 4125 4127 4141
f 4126 4136 4135
f 4126 4135 4133
f 4126 4133 4142
f 4126 4142 4127
f 4126 4140 4137
f 4126 4137 4136
f 4127 4142 4133
f 4127 4133 4143
f 4127 4143 4144
f 4127 4144 4145
f 4127 4145 4146
f 4127 4146 4141
f 4128 4129 4148
f 4128 4148 4149
f 4128 4149 4150
f 4128 4150 4151
f 4128 4151 4146
f 4128 4146 4147
f 4131 4152 4153
f 4131 4153 4132
f 4132 4153 4133
f 4133 4153 4144
f 4133 4144 4143
f 4133 4135 4134
f 4144 4153 4154
f 4144 4154 4145
f 4145 4155 4146
f 4145 4154 4155
f 4146 4155 4154
f 4146 4154 4147
f 4152 4156 4153
f 4153 4156 4154

o geometry_49
v -0.12416739 -0.09692422 0.13543914
v -0.19549645 -0.08762299 0.13543914
v -0.12416739 -0.12088389 0.13543914
v -0.12416739 -0.09689134 0.12176765
v -0.22422079 -0.08762299 0.13543914
v -0.12416739 -0.09675988 0.01272346
v -0.12416739 -0.09675049 -0.00545838
v -0.12416739 -0.09675518 -0.01104559
v -0.12416739 -0.09676927 -0.02399916
v -0.20087267 -0.08762299 -0.02399916
v -0.16569688 -0.13323230 0.13543914
v -0.12416739 -0.12102005 0.12176765
v -0.22828437 -0.08762299 0.12982072
v -0.22269869 -0.08932735 0.13543914
v -0.12416739 -0.12085572 -0.02399916
v -0.26288762 -0.08762299 -0.02399916
v -0.12416739 -0.12109987 0.10358582
v -0.16999784 -0.13352341 0.13543914
v -0.18426924 -0.13541558 0.06723775
v -0.18426924 -0.13498362 0.04907152
v -0.12416739 -0.12095901 0.00011322
v -0.12416739 -0.12114682 0.04907152
v -0.12416739 -0.12119378 0.06723775
v -0.12416739 -0.12115621 0.08541958
v -0.21873287 -0.09375494 0.13543914
v -0.26013668 -0.08762299 0.03085847
v -0.26491243 -0.09983055 0.03076483
v -0.26637867 -0.11027271 0.02461578
v -0.26234301 -0.11709955 0.03076483
v -0.25089239 -0.12942918 0.04438951
v -0.18426924 -0.13213832 -0.02399916
v -0.26294348 -0.08771220 -0.02399916
v -0.26288762 -0.08762299 -0.02364021
v -0.18105749 -0.13313370 0.13543914
v -0.23877147 -0.13471130 0.03088969
v -0.20242270 -0.13558460 0.03088969
v -0.20242270 -0.13539680 -0.02399916
v -0.26146328 -0.08762299 0.02268055
v -0.26570839 -0.09438410 0.01272346
v -0.26637867 -0.10564322 0.02461578
v -0.26660208 -0.11098638 0.01272346
v -0.26223131 -0.12004345 0.01272346
v -0.25270773 -0.13056072 0.03088969
v -0.26582009 -0.09301310 -0.02399916
v -0.26272005 -0.08762299 -0.01468195
v -0.25314061 -0.13071567 0.01272346
v -0.23877147 -0.13497892 0.01272346
v -0.23877147 -0.13513856 -0.00545838
v -0.23877147 -0.13526533 -0.02364021
v -0.22095316 -0.13543436 -0.02399916
v -0.22060405 -0.13543436 -0.02399916
v -0.20278576 -0.13540149 -0.02399916
v -0.26209166 -0.08762299 0.01272346
v -0.26660208 -0.10344117 0.01272346
v -0.26576423 -0.09361409 -0.00545838
v -0.26682552 -0.10207017 -0.02399916
v -0.26671380 -0.10267585 -0.00545838
v -0.26671380 -0.11136199 -0.00545838
v -0.26263626 -0.12073364 -0.02364021
v -0.26244076 -0.12041907 -0.00545838
v -0.26582009 -0.09302718 -0.02364021
v -0.26253851 -0.08762299 -0.00545838
v -0.25336404 -0.13086122 -0.00545838
v -0.25354558 -0.13100678 -0.02364021
v -0.23906471 -0.13518551 -0.02399916
v -0.23877147 -0.13526533 -0.02399916
v -0.26231510 -0.08762299 0.00396809
v -0.26682552 -0.11168127 -0.02399916
v -0.26272005 -0.12056462 -0.02399916
v -0.26263626 -0.12073834 -0.02399916
v -0.25354558 -0.13100678 -0.02399916
f 4157 4158 4161
f 4157 4161 4170
f 4157 4170 4181
f 4157 4181 4190
f 4157 4190 4174
f 4157 4174 4167
f 4157 4167 4159
f 4157 4159 4168
f 4157 4168 4173
f 4157 4173 4180
f 4157 4180 4179
f 4157 4179 4178
f 4157 4178 4177
f 4157 4177 4171
f 4157 4171 4165
f 4157 4165 4164
f 4157 4164 4163
f 4157 4163 4162
f 4157 4162 4160
f 4157 4160 4158
f 4158 4160 4162
f 4158 4162 4163
f 4158 4163 4164
f 4158 4164 4165
f 4158 4165 4166
f 4158 4166 4172
f 4158 4172 4189
f 4158 4189 4201
f 4158 4201 4218
f 4158 4218 4223
f 4158 4223 4209
f 4158 4209 4194
f 4158 4194 4182
f 4158 4182 4169
f 4158 4169 4161
f 4159 4167 4168
f 4161 4169 4170
f 4165 4171 4187
f 4165 4187 4193
f 4165 4193 4208
f 4165 4208 4207
f 4165 4207 4206
f 4165 4206 4222
f 4165 4222 4221
f 4165 4221 4227
f 4165 4227 4226
f 4165 4226 4225
f 4165 4225 4224
f 4165 4224 4212
f 4165 4212 4200
f 4165 4200 4188
f 4165 4188 4172
f 4165 4172 4166
f 4167 4173 4168
f 4167 4174 4175
f 4167 4175 4176
f 4167 4176 4171
f 4167 4171 4177
f 4167 4177 4178
f 4167 4178 4179
f 4167 4179 4180
f 4167 4180 4173
f 4169 4181 4170
f 4169 4182 4183
f 4169 4183 4184
f 4169 4184 4185
f 4169 4185 4186
f 4169 4186 4181
f 4171 4176 4187
f 4172 4188 4189
f 4174 4190 4175
f 4175 4190 4191
f 4175 4191 4192
f 4175 4192 4193
f 4175 4193 4176
f 4176 4193 4187
f 4181 4186 4190
f 4182 4194 4183
f 4183 4194 4195
f 4183 4195 4196
f 4183 4196 4184
f 4184 4196 4210
f 4184 4210 4197
f 4184 4197 4198
f 4184 4198 4185
f 4185 4198 4199
f 4185 4199 4186
f 4186 4199 4191
f 4186 4191 4190
f 4188 4200 4201
f 4188 4201 4189
f 4191 4199 4202
f 4191 4202 4203
f 4191 4203 4192
f 4192 4203 4204
f 4192 4204 4205
f 4192 4205 4206
f 4192 4206 4207
f 4192 4207 4208
f 4192 4208 4193
f 4194 4209 4195
f 4195 4210 4196
f 4195 4209 4211
f 4195 4211 4212
f 4195 4212 4213
f 4195 4213 4210
f 4197 4210 4213
f 4197 4213 4214
f 4197 4214 4215
f 4197 4215 4216
f 4197 4216 4198
f 4198 4202 4199
f 4198 4216 4202
f 4200 4212 4217
f 4200 4217 4211
f 4200 4211 4218
f 4200 4218 4201
f 4202 4216 4215
f 4202 4215 4219
f 4202 4219 4203
f 4203 4219 4220
f 4203 4220 4204
f 4204 4220 4221
f 4204 4221 4205
f 4205 4221 4222
f 4205 4222 4206
f 4209 4223 4211
f 4211 4217 4212
f 4211 4223 4218
f 4212 4224 4214
f 4212 4214 4213
f 4214 4224 4225
f 4214 4225 4215
f 4215 4220 4219
f 4215 4225 4226
f 4215 4226 4220
f 4220 4226 4227
f 4220 4227 4221

o geometry_50
v -0.10607679 0.13533749 -0.30934773
v -0.10756198 0.11099903 -0.30827985
v -0.10734539 0.11205087 -0.30934773
v -0.10989030 0.15364794 -0.30934773
v -0.11910307 0.13197917 -0.26393296
v -0.12100596 0.12271545 -0.25182690
v -0.11846104 0.11689498 -0.25871968
v -0.11333252 0.11722515 -0.27813599
v -0.11324744 0.11099903 -0.27813599
v -0.10753877 0.11099903 -0.30934773
v -0.11198658 0.15918070 -0.30934773
v -0.11890968 0.15918070 -0.28717429
v -0.13333605 0.15918070 -0.24205077
v -0.13171164 0.15345455 -0.24178865
v -0.12686159 0.13533749 -0.24178865
v -0.13035022 0.11722515 -0.22361497
v -0.12321052 0.11689498 -0.24320604
v -0.12061919 0.11099903 -0.24981730
v -0.12034846 0.11099903 -0.25070075
v -0.11476356 0.11099903 -0.27188394
v -0.16612607 0.11099903 -0.30934773
v -0.17249223 0.15918070 -0.30934773
v -0.13746671 0.15918070 -0.22945928
v -0.13664677 0.15345455 -0.22748853
v -0.13445767 0.13653083 -0.22213933
v -0.13763689 0.13129051 -0.21182926
v -0.13700259 0.12338052 -0.21016918
v -0.13597379 0.11722515 -0.21016918
v -0.13536270 0.11206031 -0.21016918
v -0.13225311 0.11099903 -0.21731438
v -0.12983195 0.11099903 -0.22361497
v -0.12507473 0.11099903 -0.23671128
v -0.12313317 0.11099903 -0.24231289
v -0.16993184 0.13533749 -0.30934773
v -0.17228337 0.11099903 -0.29888234
v -0.17345141 0.15918070 -0.30793036
v -0.17087555 0.14204000 -0.30934773
v -0.14594463 0.15918070 -0.21016918
v -0.14416550 0.15345455 -0.21016918
v -0.13922264 0.14336541 -0.21509121
v -0.14048348 0.13980898 -0.21016918
v -0.13871211 0.13269139 -0.21016918
v -0.13803140 0.12935665 -0.21016918
v -0.13523894 0.11099903 -0.21016918
v -0.17615877 0.11099903 -0.28978579
v -0.17987173 0.15918070 -0.29694070
v -0.17519959 0.15918070 -0.30531885
v -0.17329670 0.15918070 -0.21016918
v -0.16300100 0.11099903 -0.21016918
v -0.18509306 0.15918070 -0.27813599
v -0.18134916 0.15918070 -0.29199924
v -0.17772903 0.11099903 -0.27813599
v -0.17674666 0.11099903 -0.26595226
f 4228 4229 4230
f 4228 4230 4237
f 4228 4237 4248
f 4228 4248 4261
f 4228 4261 4264
f 4228 4264 4249
f 4228 4249 4238
f 4228 4238 4231
f 4228 4231 4232
f 4228 4232 4233
f 4228 4233 4234
f 4228 4234 4235
f 4228 4235 4236
f 4228 4236 4229
f 4229 4237 4230
f 4229 4236 4247
f 4229 4247 4246
f 4229 4246 4245
f 4229 4245 4260
f 4229 4260 4259
f 4229 4259 4258
f 4229 4258 4257
f 4229 4257 4271
f 4229 4271 4276
f 4229 4276 4280
f 4229 4280 4279
f 4229 4279 4272
f 4229 4272 4262
f 4229 4262 4248
f 4229 4248 4237
f 4231 4238 4239
f 4231 4239 4240
f 4231 4240 4241
f 4231 4241 4242
f 4231 4242 4232
f 4232 4242 4233
f 4233 4242 4243
f 4233 4243 4244
f 4233 4244 4245
f 4233 4245 4246
f 4233 4246 4234
f 4234 4246 4235
f 4235 4247 4236
f 4235 4246 4247
f 4238 4249 4263
f 4238 4263 4274
f 4238 4274 4273
f 4238 4273 4278
f 4238 4278 4277
f 4238 4277 4275
f 4238 4275 4265
f 4238 4265 4250
f 4238 4250 4240
f 4238 4240 4239
f 4240 4250 4241
f 4241 4250 4242
f 4242 4250 4251
f 4242 4251 4252
f 4242 4252 4243
f 4243 4252 4253
f 4243 4253 4254
f 4243 4254 4255
f 4243 4255 4256
f 4243 4256 4257
f 4243 4257 4258
f 4243 4258 4259
f 4243 4259 4244
f 4244 4259 4260
f 4244 4260 4245
f 4248 4262 4261
f 4249 4264 4263
f 4250 4265 4266
f 4250 4266 4251
f 4251 4266 4267
f 4251 4267 4252
f 4252 4267 4253
f 4253 4267 4268
f 4253 4268 4269
f 4253 4269 4270
f 4253 4270 4254
f 4254 4270 4269
f 4254 4269 4268
f 4254 4268 4266
f 4254 4266 4265
f 4254 4265 4275
f 4254 4275 4276
f 4254 4276 4271
f 4254 4271 4256
f 4254 4256 4255
f 4256 4271 4257
f 4261 4262 4264
f 4262 4272 4273
f 4262 4273 4264
f 4263 4264 4274
f 4264 4273 4274
f 4266 4268 4267
f 4272 4277 4278
f 4272 4278 4273
f 4272 4279 4277
f 4275 4277 4280
f 4275 4280 4276
f 4277 4279 4280

o geometry_51
v -0.23148122 0.38710904 0.10654051
v -0.24496663 0.38710904 0.10654051
v -0.23073732 0.38508752 0.10654051
v -0.24433519 0.38710904 -0.02973630
v -0.26467142 0.38710904 0.04992747
v -0.24496663 0.34900760 0.10654051
v -0.23051241 0.38444297 0.10654051
v -0.27115894 0.38710904 -0.02973630
v -0.22805581 0.37725040 0.10654051
v -0.18285935 0.23747195 0.10654051
v -0.19650911 0.23747195 -0.02973630
v -0.26773353 0.38710904 0.02883765
v -0.25646254 0.35271375 0.04992747
v -0.24496663 0.34749878 0.10480637
v -0.24105682 0.33460788 0.10654051
v -0.26749133 0.37511171 -0.02973630
v -0.26752594 0.37496522 -0.02364013
v -0.27122815 0.38710904 -0.02364013
v -0.20814342 0.23747195 0.10654051
v -0.22301283 0.23747195 -0.02973630
v -0.26786328 0.38710904 0.02787720
v -0.25190396 0.33564793 0.04992747
v -0.24496663 0.33421235 0.08709146
v -0.24496663 0.33428559 0.08719817
v -0.26975764 0.38710904 0.01271013
v -0.21310854 0.24869290 0.10359246
v -0.21275388 0.24967437 0.10654051
v -0.25484498 0.33460788 -0.02973630
v -0.25495744 0.33460788 -0.02364013
v -0.25508718 0.33460788 -0.00545833
v -0.26748269 0.37502382 -0.00545833
v -0.27109840 0.38710904 -0.00545833
v -0.20884407 0.23747195 0.10359246
v -0.22304743 0.23747195 -0.02364013
v -0.23208672 0.26373717 -0.02364013
v -0.23205213 0.26383972 -0.02973630
v -0.25415298 0.33460788 0.01271013
v -0.24955981 0.32035462 0.01271013
v -0.23643770 0.28029029 0.01271013
v -0.23158503 0.26548038 0.01271013
v -0.24845260 0.32532058 0.04992747
v -0.21848021 0.24406389 0.06724220
v -0.24496663 0.32118961 0.06252000
v -0.21348914 0.23747195 0.08307624
v -0.21476069 0.24290664 0.08603763
v -0.25322743 0.32955404 -0.02973630
v -0.24995771 0.31908020 -0.02364013
v -0.25000096 0.31894836 -0.00545833
v -0.22296959 0.23747195 -0.00545833
v -0.23207808 0.26388366 -0.00545833
v -0.22187967 0.23747195 0.01271013
v -0.22086763 0.23747195 0.02427552
v -0.21924141 0.23747195 0.04244398
v -0.21860131 0.23747195 0.04904706
v -0.21860131 0.23777958 0.04992747
v -0.21626580 0.23747195 0.06724220
v -0.21848887 0.23747195 0.04992747
f 4281 4282 4286
f 4281 4286 4295
f 4281 4295 4307
f 4281 4307 4299
f 4281 4299 4290
f 4281 4290 4289
f 4281 4289 4287
f 4281 4287 4283
f 4281 4283 4284
f 4281 4284 4288
f 4281 4288 4298
f 4281 4298 4312
f 4281 4312 4305
f 4281 4305 4301
f 4281 4301 4292
f 4281 4292 4285
f 4281 4285 4282
f 4282 4285 4286
f 4283 4287 4284
f 4284 4287 4289
f 4284 4289 4290
f 4284 4290 4291
f 4284 4291 4300
f 4284 4300 4316
f 4284 4316 4326
f 4284 4326 4308
f 4284 4308 4296
f 4284 4296 4288
f 4285 4292 4293
f 4285 4293 4294
f 4285 4294 4286
f 4286 4294 4295
f 4288 4296 4297
f 4288 4297 4298
f 4290 4299 4313
f 4290 4313 4324
f 4290 4324 4336
f 4290 4336 4337
f 4290 4337 4334
f 4290 4334 4333
f 4290 4333 4332
f 4290 4332 4331
f 4290 4331 4329
f 4290 4329 4314
f 4290 4314 4300
f 4290 4300 4291
f 4292 4301 4293
f 4293 4302 4303
f 4293 4303 4304
f 4293 4304 4294
f 4293 4301 4305
f 4293 4305 4302
f 4294 4304 4295
f 4295 4304 4303
f 4295 4303 4306
f 4295 4306 4307
f 4296 4308 4309
f 4296 4309 4297
f 4297 4309 4310
f 4297 4310 4311
f 4297 4311 4298
f 4298 4311 4312
f 4299 4307 4306
f 4299 4306 4313
f 4300 4314 4315
f 4300 4315 4316
f 4302 4317 4318
f 4302 4318 4319
f 4302 4319 4320
f 4302 4320 4321
f 4302 4321 4322
f 4302 4322 4323
f 4302 4323 4303
f 4302 4305 4312
f 4302 4312 4317
f 4303 4323 4322
f 4303 4322 4324
f 4303 4324 4325
f 4303 4325 4306
f 4306 4325 4324
f 4306 4324 4313
f 4308 4326 4309
f 4309 4326 4327
f 4309 4327 4310
f 4310 4317 4311
f 4310 4327 4315
f 4310 4315 4328
f 4310 4328 4318
f 4310 4318 4317
f 4311 4317 4312
f 4314 4329 4330
f 4314 4330 4315
f 4315 4330 4328
f 4315 4327 4316
f 4316 4327 4326
f 4318 4328 4330
f 4318 4330 4319
f 4319 4330 4320
f 4320 4330 4329
f 4320 4329 4331
f 4320 4331 4332
f 4320 4332 4333
f 4320 4333 4321
f 4321 4333 4334
f 4321 4334 4335
f 4321 4335 4336
f 4321 4336 4322
f 4322 4336 4324
f 4334 4337 4335
f 4335 4337 4336

o geometry_52
v 0.08826227 -0.23869410 -0.07028134
v 0.09764339 -0.23869410 -0.07007515
v 0.10069836 -0.24143783 -0.06997654
v 0.08819647 -0.24652509 -0.07018273
v 0.07628677 -0.24510258 -0.06978828
v 0.07601417 -0.23869410 -0.06985103
v 0.10069836 -0.23869410 -0.06997654
v 0.10665791 -0.24652509 -0.06731404
v 0.09416542 -0.25351704 -0.06897250
v 0.08205832 -0.25439947 -0.06917869
v 0.07885295 -0.25439947 -0.06917869
v 0.06719705 -0.24510258 -0.06689270
v 0.06808064 -0.23869410 -0.06726025
v 0.10317994 -0.23869410 -0.06886493
v 0.10649812 -0.26321899 -0.06195318
v 0.12345557 -0.24510258 -0.05786531
v 0.12161318 -0.26321899 -0.05524763
v 0.08819647 -0.26155056 -0.06552111
v 0.08832807 -0.27734277 -0.05562415
v 0.07372059 -0.27559235 -0.05419877
v 0.03995608 -0.28066032 -0.04010635
v 0.06090850 -0.23869410 -0.06430192
v 0.11749602 -0.23869410 -0.06024990
v 0.10649812 -0.27612278 -0.05430635
v 0.11761822 -0.27396733 -0.05244170
v 0.12853152 -0.23869410 -0.04717049
v 0.13254529 -0.24384885 -0.04357567
v 0.13567546 -0.24905183 -0.03868098
v 0.13567546 -0.25829087 -0.03868098
v 0.12202678 -0.23869410 -0.05696885
v 0.13059011 -0.26387962 -0.04357567
v 0.08832807 -0.28542932 -0.04181860
v 0.03995608 -0.28112323 -0.02492922
v 0.03995608 -0.23869410 -0.04595130
v 0.05341677 -0.23869410 -0.05868109
v 0.08832807 -0.28795124 -0.02365624
v 0.10649812 -0.28335101 -0.04181860
v 0.12074839 -0.27653749 -0.04181860
v 0.13028931 -0.23869410 -0.04303779
v 0.13207529 -0.23869410 -0.02440030
v 0.13237609 -0.23920040 -0.02365624
v 0.13597626 -0.24825620 -0.02365624
v 0.13597626 -0.25967962 -0.02365624
v 0.13190609 -0.26873540 -0.02365624
v 0.10649812 -0.28664929 -0.02365624
v 0.07740536 -0.27360086 0.00482443
v 0.07087242 -0.26185918 0.00706559
v 0.06069231 -0.25491543 0.00402658
v 0.03995608 -0.23869410 -0.00864046
v 0.08832807 -0.28283024 -0.00547594
v 0.10649812 -0.28248787 -0.00547594
v 0.12281637 -0.27826377 -0.02365624
v 0.13210349 -0.23869410 -0.02365624
v 0.13481067 -0.25140016 -0.00958175
v 0.12782653 -0.23869410 -0.00430158
v 0.13111650 -0.24525689 -0.00430158
v 0.13481067 -0.25738914 -0.00958175
v 0.13029871 -0.26333954 -0.00430158
v 0.12059799 -0.27636871 -0.00547594
v 0.08832807 -0.27523071 0.00620498
v 0.08832807 -0.26321899 0.01310776
v 0.07016742 -0.24510258 0.01272228
v 0.05657514 -0.23869410 0.00635738
v 0.10649812 -0.27533680 0.00624084
v 0.11746782 -0.27374070 0.00486029
v 0.12244978 -0.24510258 0.01013150
v 0.12094579 -0.23869410 0.00924400
v 0.12129358 -0.26321899 0.00769311
v 0.10649812 -0.26321899 0.01317947
v 0.08948426 -0.24372831 0.01966988
v 0.07016742 -0.23869410 0.01316155
v 0.10508813 -0.24372831 0.01914096
v 0.10003097 -0.23869410 0.02114904
v 0.09571641 -0.23869410 0.02130144
v 0.09442862 -0.23869410 0.02130144
v 0.09370482 -0.23869410 0.02105939
f 4338 4339 4340
f 4338 4340 4341
f 4338 4341 4342
f 4338 4342 4343
f 4338 4343 4350
f 4338 4350 4359
f 4338 4359 4372
f 4338 4372 4371
f 4338 4371 4386
f 4338 4386 4400
f 4338 4400 4408
f 4338 4408 4413
f 4338 4413 4412
f 4338 4412 4411
f 4338 4411 4410
f 4338 4410 4404
f 4338 4404 4392
f 4338 4392 4390
f 4338 4390 4377
f 4338 4377 4376
f 4338 4376 4363
f 4338 4363 4367
f 4338 4367 4360
f 4338 4360 4351
f 4338 4351 4344
f 4338 4344 4339
f 4339 4344 4340
f 4340 4344 4345
f 4340 4345 4346
f 4340 4346 4341
f 4341 4347 4348
f 4341 4348 4342
f 4341 4346 4347
f 4342 4348 4349
f 4342 4349 4343
f 4343 4349 4350
f 4344 4351 4345
f 4345 4352 4346
f 4345 4351 4353
f 4345 4353 4354
f 4345 4354 4352
f 4346 4352 4355
f 4346 4355 4347
f 4347 4355 4348
f 4348 4355 4356
f 4348 4356 4357
f 4348 4357 4358
f 4348 4358 4349
f 4349 4359 4350
f 4349 4358 4359
f 4351 4360 4353
f 4352 4361 4355
f 4352 4354 4362
f 4352 4362 4361
f 4353 4363 4364
f 4353 4364 4365
f 4353 4365 4366
f 4353 4366 4354
f 4353 4360 4367
f 4353 4367 4363
f 4354 4366 4368
f 4354 4368 4362
f 4355 4361 4356
f 4356 4369 4358
f 4356 4358 4357
f 4356 4361 4369
f 4358 4370 4386
f 4358 4386 4371
f 4358 4371 4372
f 4358 4372 4359
f 4358 4369 4373
f 4358 4373 4370
f 4361 4374 4369
f 4361 4362 4374
f 4362 4368 4375
f 4362 4375 4374
f 4363 4376 4364
f 4364 4376 4365
f 4365 4376 4377
f 4365 4377 4378
f 4365 4378 4379
f 4365 4379 4380
f 4365 4380 4366
f 4366 4380 4381
f 4366 4381 4368
f 4368 4381 4375
f 4369 4374 4382
f 4369 4382 4373
f 4370 4383 4384
f 4370 4384 4385
f 4370 4385 4386
f 4370 4373 4387
f 4370 4387 4383
f 4373 4382 4388
f 4373 4388 4387
f 4374 4375 4382
f 4375 4389 4382
f 4375 4381 4389
f 4377 4390 4378
f 4378 4391 4379
f 4378 4390 4392
f 4378 4392 4393
f 4378 4393 4391
f 4379 4391 4394
f 4379 4394 4380
f 4380 4394 4381
f 4381 4395 4396
f 4381 4396 4389
f 4381 4394 4395
f 4382 4389 4396
f 4382 4396 4388
f 4383 4387 4397
f 4383 4397 4398
f 4383 4398 4384
f 4384 4398 4399
f 4384 4399 4385
f 4385 4399 4400
f 4385 4400 4386
f 4387 4388 4401
f 4387 4401 4397
f 4388 4396 4402
f 4388 4402 4401
f 4391 4393 4403
f 4391 4403 4394
f 4392 4404 4393
f 4393 4404 4403
f 4394 4403 4395
f 4395 4403 4405
f 4395 4405 4402
f 4395 4402 4396
f 4397 4401 4398
f 4398 4401 4406
f 4398 4406 4407
f 4398 4407 4399
f 4399 4408 4400
f 4399 4407 4408
f 4401 4402 4406
f 4402 4405 4406
f 4403 4409 4405
f 4403 4404 4410
f 4403 4410 4409
f 4405 4409 4406
f 4406 4409 4410
f 4406 4410 4411
f 4406 4411 4407
f 4407 4411 4412
f 4407 4412 4413
f 4407 4413 4408

o geometry_53
v -0.23209190 0.27404421 0.20099083
v -0.23209190 0.27877000 0.20638065
v -0.25970644 0.30356104 0.18965257
v -0.24926617 0.28832119 0.18737284
v -0.24926617 0.28832119 0.18349277
v -0.25970644 0.30403695 0.14796821
v -0.23209190 0.30837536 0.10654053
v -0.23209190 0.28027516 0.20755826
v -0.25970644 0.30227723 0.18699539
v -0.23209190 0.29947715 0.22066293
v -0.25970644 0.31607830 0.19745801
v -0.25970644 0.29875777 0.17680455
v -0.25970644 0.29791666 0.17284899
v -0.25970644 0.30812081 0.13951358
v -0.25970644 0.31595657 0.12405369
v -0.25146939 0.35655187 0.10654053
v -0.23209190 0.38710904 0.10654053
v -0.23209190 0.33461624 0.24173913
v -0.25970644 0.31650992 0.19771466
v -0.25970644 0.33349842 0.12201552
v -0.25544870 0.37196880 0.10654053
v -0.25584068 0.38710904 0.10654053
v -0.23209190 0.38710904 0.26077714
v -0.23209190 0.33753803 0.24321868
v -0.25970644 0.33333243 0.20612400
v -0.25970644 0.33380833 0.12207591
v -0.25970644 0.36875925 0.19161524
v -0.25970644 0.36926835 0.19375910
v -0.25781142 0.38710904 0.21255555
v -0.23283803 0.38710904 0.26038461
v -0.23209190 0.38197376 0.25987130
v -0.23209190 0.35273361 0.24951437
v -0.23459789 0.35273361 0.24646467
v -0.25970644 0.33710641 0.20790551
v -0.25970644 0.37056325 0.21169499
v -0.25225607 0.38710904 0.23233334
v -0.24321882 0.38710904 0.24889536
v -0.23209190 0.37451433 0.25774254
v -0.23209190 0.35754796 0.25150724
v -0.23209190 0.36599240 0.25479851
v -0.23670379 0.36998773 0.25052591
v -0.24332425 0.38710904 0.24875948
v -0.25970644 0.34862758 0.21207243
v -0.25970644 0.36999881 0.21189127
v -0.25970644 0.35185929 0.21244986
v -0.25206142 0.38710904 0.23274099
v -0.24340534 0.38710904 0.24863871
v -0.24779828 0.38013656 0.23974624
f 4414 4415 4416
f 4414 4416 4417
f 4414 4417 4418
f 4414 4418 4419
f 4414 4419 4420
f 4414 4420 4430
f 4414 4430 4436
f 4414 4436 4444
f 4414 4444 4451
f 4414 4451 4453
f 4414 4453 4452
f 4414 4452 4445
f 4414 4445 4437
f 4414 4437 4431
f 4414 4431 4423
f 4414 4423 4421
f 4414 4421 4415
f 4415 4421 4416
f 4416 4422 4417
f 4416 4421 4423
f 4416 4423 4424
f 4416 4424 4432
f 4416 4432 4438
f 4416 4438 4447
f 4416 4447 4456
f 4416 4456 4458
f 4416 4458 4457
f 4416 4457 4448
f 4416 4448 4441
f 4416 4441 4440
f 4416 4440 4439
f 4416 4439 4433
f 4416 4433 4428
f 4416 4428 4427
f 4416 4427 4419
f 4416 4419 4426
f 4416 4426 4425
f 4416 4425 4422
f 4417 4422 4425
f 4417 4425 4426
f 4417 4426 4418
f 4418 4426 4419
f 4419 4427 4420
f 4420 4427 4428
f 4420 4428 4429
f 4420 4429 4434
f 4420 4434 4435
f 4420 4435 4430
f 4423 4431 4424
f 4424 4431 4432
f 4428 4433 4434
f 4428 4434 4429
f 4430 4435 4442
f 4430 4442 4449
f 4430 4449 4459
f 4430 4459 4460
f 4430 4460 4455
f 4430 4455 4450
f 4430 4450 4443
f 4430 4443 4436
f 4431 4437 4432
f 4432 4437 4438
f 4433 4439 4435
f 4433 4435 4434
f 4435 4439 4440
f 4435 4440 4441
f 4435 4441 4442
f 4436 4443 4444
f 4437 4445 4446
f 4437 4446 4447
f 4437 4447 4438
f 4441 4448 4442
f 4442 4448 4449
f 4443 4450 4444
f 4444 4450 4451
f 4445 4452 4446
f 4446 4452 4453
f 4446 4453 4454
f 4446 4454 4450
f 4446 4450 4455
f 4446 4455 4447
f 4447 4455 4456
f 4448 4457 4449
f 4449 4457 4458
f 4449 4458 4456
f 4449 4456 4459
f 4450 4454 4453
f 4450 4453 4451
f 4455 4460 4456
f 4456 4460 4461
f 4456 4461 4459
f 4459 4461 4460

o geometry_54
v -0.06001835 -0.19585597 -0.11137405
v -0.06001835 -0.16292084 -0.11137405
v -0.05277886 -0.19654042 -0.11137405
v -0.04377411 -0.21344043 -0.06822171
v -0.06001835 -0.21344043 -0.06346575
v -0.06001835 -0.16432088 0.03110956
v 0.14256856 -0.15082451 0.03110956
v 0.14256856 -0.14987871 -0.11137405
v -0.01547065 -0.19909161 -0.11137405
v -0.02669683 -0.21344043 -0.07020220
v -0.06001835 -0.21344043 0.01356410
v -0.06001835 -0.20056008 0.03110956
v 0.14256856 -0.18588769 0.03110956
v 0.14256856 -0.18580058 -0.11137405
v -0.00257840 -0.19946495 -0.11137405
v -0.02068706 -0.21344043 -0.07088561
v -0.05704322 -0.21344043 0.01409409
v -0.06001835 -0.21322264 0.01396856
v -0.06001835 -0.20419396 0.02620017
v -0.05704322 -0.21309820 0.01462408
v -0.03887505 -0.21344043 0.01620010
v -0.02042921 -0.20337883 0.03110956
v 0.06848768 -0.20179211 0.03110956
v 0.08798473 -0.21344043 0.01795744
v 0.10573637 -0.21344043 0.01024469
v 0.11253952 -0.21344043 0.00494479
v 0.11482046 -0.21344043 0.00221116
v 0.11908482 -0.21344043 -0.00639421
v 0.12215912 -0.21344043 -0.01831898
v 0.12334918 -0.21344043 -0.02366072
v 0.14256856 -0.18595614 0.03062141
v 0.14256856 -0.18734994 -0.09661801
v 0.12116743 -0.21344043 -0.04303324
v 0.11644687 -0.21344043 -0.05208491
v 0.11176599 -0.21344043 -0.05608773
v 0.10775947 -0.21344043 -0.05898873
v 0.09163423 -0.21344043 -0.06625517
v 0.07015376 -0.19791557 -0.11137405
v 0.00317353 -0.19953962 -0.11137405
v 0.06420348 -0.21344043 -0.07138770
v -0.02068706 -0.21344043 0.01674404
v -0.01963585 -0.20339128 0.03110956
v 0.05216410 -0.20256369 0.03110956
v 0.03401577 -0.20313616 0.03110956
v 0.01590711 -0.20327304 0.03110956
v -0.00224122 -0.20334149 0.03110956
v 0.14256856 -0.18737484 -0.09635302
v 0.14256856 -0.18832687 -0.07817994
v 0.14256856 -0.18977669 -0.04184774
v 0.14256856 -0.18989491 -0.02366072
v 0.08808391 -0.21344043 -0.06703620
v 0.07015376 -0.21344043 -0.07082982
v 0.05198559 -0.19881159 -0.11137405
v 0.01564927 -0.19952094 -0.11137405
v 0.03405544 -0.19919115 -0.11137405
f 4462 4463 4469
f 4462 4469 4475
f 4462 4475 4499
f 4462 4499 4514
f 4462 4514 4516
f 4462 4516 4515
f 4462 4515 4500
f 4462 4500 4476
f 4462 4476 4470
f 4462 4470 4464
f 4462 4464 4465
f 4462 4465 4466
f 4462 4466 4472
f 4462 4472 4479
f 4462 4479 4480
f 4462 4480 4473
f 4462 4473 4467
f 4462 4467 4463
f 4463 4467 4468
f 4463 4468 4469
f 4464 4470 4465
f 4465 4470 4471
f 4465 4471 4477
f 4465 4477 4501
f 4465 4501 4513
f 4465 4513 4512
f 4465 4512 4498
f 4465 4498 4497
f 4465 4497 4496
f 4465 4496 4495
f 4465 4495 4494
f 4465 4494 4491
f 4465 4491 4490
f 4465 4490 4489
f 4465 4489 4488
f 4465 4488 4487
f 4465 4487 4486
f 4465 4486 4485
f 4465 4485 4502
f 4465 4502 4482
f 4465 4482 4478
f 4465 4478 4472
f 4465 4472 4466
f 4467 4473 4483
f 4467 4483 4503
f 4467 4503 4507
f 4467 4507 4506
f 4467 4506 4505
f 4467 4505 4504
f 4467 4504 4484
f 4467 4484 4474
f 4467 4474 4468
f 4468 4474 4492
f 4468 4492 4511
f 4468 4511 4510
f 4468 4510 4509
f 4468 4509 4508
f 4468 4508 4493
f 4468 4493 4475
f 4468 4475 4469
f 4470 4476 4477
f 4470 4477 4471
f 4472 4478 4479
f 4473 4480 4481
f 4473 4481 4482
f 4473 4482 4483
f 4474 4484 4485
f 4474 4485 4486
f 4474 4486 4487
f 4474 4487 4488
f 4474 4488 4489
f 4474 4489 4490
f 4474 4490 4491
f 4474 4491 4492
f 4475 4493 4491
f 4475 4491 4494
f 4475 4494 4495
f 4475 4495 4496
f 4475 4496 4497
f 4475 4497 4498
f 4475 4498 4499
f 4476 4500 4477
f 4477 4500 4501
f 4478 4482 4481
f 4478 4481 4479
f 4479 4481 4480
f 4482 4502 4483
f 4483 4502 4503
f 4484 4504 4485
f 4485 4504 4505
f 4485 4505 4506
f 4485 4506 4507
f 4485 4507 4503
f 4485 4503 4502
f 4491 4493 4508
f 4491 4508 4509
f 4491 4509 4510
f 4491 4510 4511
f 4491 4511 4492
f 4498 4512 4499
f 4499 4512 4513
f 4499 4513 4514
f 4500 4515 4501
f 4501 4516 4514
f 4501 4514 4513
f 4501 4515 4516

o geometry_55
v -0.12974258 0.13533749 -0.37473662
v -0.12974258 0.12101742 -0.36715112
v -0.14790624 0.12225793 -0.36521793
v -0.14790624 0.13533749 -0.37056299
v -0.14790624 0.14892646 -0.36528833
v -0.12974258 0.15062921 -0.36752879
v -0.06004919 0.15069998 -0.36709349
v -0.06004919 0.13533749 -0.37326431
v -0.06004919 0.12167305 -0.36610771
v -0.12974258 0.11521109 -0.35084711
v -0.11157893 0.11544694 -0.35084711
v -0.14790624 0.11715911 -0.35084711
v -0.15889249 0.12446537 -0.36206850
v -0.15976215 0.13533749 -0.36305431
v -0.15878241 0.14629923 -0.36196611
v -0.14704759 0.15918070 -0.35000214
v -0.12974258 0.15918070 -0.35594891
v -0.12871881 0.15918070 -0.35594891
v -0.06004919 0.15704401 -0.35084711
v -0.06004919 0.11721100 -0.35338200
v -0.12974258 0.11099903 -0.33779494
v -0.14701456 0.11099903 -0.33283396
v -0.14866580 0.11099903 -0.33232828
v -0.06004919 0.11632425 -0.35084711
v -0.15627253 0.11099903 -0.32357774
v -0.16319673 0.11099903 -0.31482084
v -0.16612493 0.11099903 -0.30934777
v -0.16082994 0.12263527 -0.35084711
v -0.16467184 0.13533749 -0.35084711
v -0.17249873 0.15918070 -0.30934777
v -0.16310866 0.15918070 -0.32693842
v -0.14814841 0.15918070 -0.34890751
v -0.11162296 0.15918070 -0.35085351
v -0.06004919 0.15634121 -0.33268034
v -0.10668024 0.15918070 -0.33268674
v -0.11002676 0.15918070 -0.31439193
v -0.11198623 0.15918070 -0.30934777
v -0.11150187 0.11099903 -0.33270595
v -0.06004919 0.11641858 -0.33566331
v -0.10753889 0.11099903 -0.30934777
v -0.10742881 0.11099903 -0.31425753
v -0.11095145 0.11099903 -0.33138089
v -0.16993379 0.13533749 -0.30934777
v -0.17088050 0.14204000 -0.30934777
v -0.06004919 0.14999717 -0.31841194
v -0.11138078 0.15758172 -0.30934777
v -0.06004919 0.13533749 -0.31373261
v -0.06004919 0.11645632 -0.33268034
v -0.06004919 0.12091837 -0.32115168
v -0.06004919 0.12180512 -0.31890484
v -0.06004919 0.13311119 -0.31453278
v -0.10734074 0.11205087 -0.30934777
v -0.10989467 0.15364794 -0.30934777
v -0.10607479 0.13533749 -0.30934777
f 4517 4518 4519
f 4517 4519 4520
f 4517 4520 4521
f 4517 4521 4522
f 4517 4522 4523
f 4517 4523 4524
f 4517 4524 4525
f 4517 4525 4518
f 4518 4526 4519
f 4518 4525 4527
f 4518 4527 4526
f 4519 4526 4528
f 4519 4528 4529
f 4519 4529 4520
f 4520 4529 4530
f 4520 4530 4531
f 4520 4531 4521
f 4521 4532 4533
f 4521 4533 4522
f 4521 4531 4532
f 4522 4533 4534
f 4522 4534 4523
f 4523 4535 4550
f 4523 4550 4561
f 4523 4561 4563
f 4523 4563 4567
f 4523 4567 4566
f 4523 4566 4565
f 4523 4565 4564
f 4523 4564 4555
f 4523 4555 4540
f 4523 4540 4536
f 4523 4536 4525
f 4523 4525 4524
f 4523 4534 4535
f 4525 4536 4527
f 4526 4537 4538
f 4526 4538 4539
f 4526 4539 4528
f 4526 4527 4537
f 4527 4536 4540
f 4527 4540 4537
f 4528 4539 4529
f 4529 4541 4542
f 4529 4542 4543
f 4529 4543 4544
f 4529 4544 4545
f 4529 4545 4530
f 4529 4539 4541
f 4530 4545 4531
f 4531 4545 4546
f 4531 4546 4547
f 4531 4547 4548
f 4531 4548 4532
f 4532 4548 4547
f 4532 4547 4546
f 4532 4546 4553
f 4532 4553 4552
f 4532 4552 4551
f 4532 4551 4549
f 4532 4549 4534
f 4532 4534 4533
f 4534 4549 4535
f 4535 4549 4551
f 4535 4551 4552
f 4535 4552 4553
f 4535 4553 4550
f 4537 4540 4554
f 4537 4554 4558
f 4537 4558 4557
f 4537 4557 4556
f 4537 4556 4543
f 4537 4543 4542
f 4537 4542 4541
f 4537 4541 4539
f 4537 4539 4538
f 4540 4555 4556
f 4540 4556 4557
f 4540 4557 4558
f 4540 4558 4554
f 4543 4559 4545
f 4543 4545 4544
f 4543 4556 4568
f 4543 4568 4570
f 4543 4570 4569
f 4543 4569 4562
f 4543 4562 4553
f 4543 4553 4546
f 4543 4546 4560
f 4543 4560 4559
f 4545 4559 4560
f 4545 4560 4546
f 4550 4553 4561
f 4553 4562 4563
f 4553 4563 4561
f 4555 4564 4556
f 4556 4564 4565
f 4556 4565 4566
f 4556 4566 4567
f 4556 4567 4563
f 4556 4563 4568
f 4562 4569 4563
f 4563 4570 4568
f 4563 4569 4570

o geometry_56
v 0.31123442 -0.13639804 0.14361173
v 0.31046163 -0.13900191 0.14361173
v 0.30640670 -0.11828343 0.14361173
v 0.30482642 -0.11828343 0.15813683
v 0.30216944 -0.11828343 0.17632078
v 0.30860350 -0.13639804 0.15813683
v 0.30780465 -0.13900191 0.15828720
v 0.26382561 -0.13900191 0.14361173
v 0.29954717 -0.10716196 0.14361173
v 0.29897411 -0.10762748 0.15813683
v 0.29794086 -0.10857901 0.17632078
v 0.29740250 -0.10913661 0.18575358
v 0.29895675 -0.11921960 0.19289083
v 0.29771508 -0.12588021 0.20479960
v 0.30462670 -0.13639804 0.17632078
v 0.30324614 -0.13900191 0.17928795
v 0.30717082 -0.13900191 0.16131451
v 0.22252957 -0.11139262 0.14361173
v 0.24755379 -0.13900191 0.16003141
v 0.29738515 -0.10578584 0.14361173
v 0.28823334 -0.10078271 0.15813683
v 0.28823334 -0.10202582 0.17632078
v 0.28904084 -0.10455296 0.19289083
v 0.28421312 -0.10483944 0.21265859
v 0.28153012 -0.10687037 0.22530917
v 0.29563120 -0.11380211 0.19786284
v 0.29304367 -0.11921960 0.21158600
v 0.28416103 -0.11828343 0.22892791
v 0.28417839 -0.13639804 0.22914845
v 0.29771508 -0.12955838 0.20479960
v 0.29966874 -0.13591716 0.19502598
v 0.29938222 -0.13900191 0.19355242
v 0.22252957 -0.08718526 0.14361173
v 0.22252957 -0.13900191 0.18910167
v 0.28823334 -0.10026092 0.14361173
v 0.27030307 -0.09332407 0.15813683
v 0.27005995 -0.09459787 0.19449470
v 0.27005995 -0.09654694 0.21265859
v 0.27065039 -0.10255786 0.23116332
v 0.26499779 -0.10565795 0.24341292
v 0.27758805 -0.11828343 0.23800986
v 0.27766621 -0.13639804 0.23823039
v 0.28360532 -0.13900191 0.22837658
v 0.29361674 -0.13591716 0.21158600
v 0.29681208 -0.13900191 0.20217326
v 0.29799295 -0.13900191 0.19848435
v 0.22252957 -0.08674019 0.20567171
v 0.23006635 -0.08773264 0.14361173
v 0.22252957 -0.13900191 0.24601922
v 0.28462992 -0.09876202 0.14361173
v 0.26825390 -0.09317059 0.17464673
v 0.27047673 -0.09327291 0.14361173
v 0.26122940 -0.09105782 0.15813683
v 0.26099497 -0.09110898 0.16746938
v 0.25989224 -0.09131361 0.19449470
v 0.25779096 -0.09188144 0.21265859
v 0.25173028 -0.09334964 0.23141393
v 0.24072900 -0.09151823 0.23784948
v 0.25850296 -0.10472179 0.24601922
v 0.26276629 -0.10839996 0.24601922
v 0.26812365 -0.11694824 0.24601922
v 0.26883566 -0.11828343 0.24601922
v 0.26863595 -0.13639804 0.24601922
v 0.26852306 -0.13664870 0.24601922
v 0.27575596 -0.13900191 0.23886193
v 0.29061244 -0.13900191 0.21506441
v 0.29519706 -0.13900191 0.20612279
v 0.22252957 -0.08675043 0.21265859
v 0.23372187 -0.08782984 0.21265859
v 0.23372187 -0.08780937 0.19449470
v 0.23372187 -0.08801400 0.14361173
v 0.26718590 -0.13900191 0.24601922
v 0.22252957 -0.09320129 0.24601922
v 0.26140306 -0.09101178 0.14361173
v 0.25189525 -0.08982494 0.15813683
v 0.25080120 -0.08985564 0.19449470
v 0.24869992 -0.08997330 0.21265859
v 0.24555671 -0.09043371 0.22573019
v 0.23428626 -0.08942593 0.23141393
v 0.22860762 -0.09042348 0.24134793
v 0.23256704 -0.09514012 0.24601922
v 0.23558003 -0.09606606 0.24601922
v 0.25060150 -0.10167796 0.24601922
v 0.26797604 -0.13900191 0.24556813
v 0.22252957 -0.08745128 0.22385565
v 0.25189525 -0.08979425 0.14361173
v 0.24823973 -0.08942593 0.14361173
v 0.22273797 -0.09322687 0.24601922
v 0.22252957 -0.09130849 0.24352319
v 0.25952755 -0.09076623 0.14361173
v 0.22252957 -0.08803957 0.23105304
v 0.22252957 -0.09011654 0.24194939
f 4571 4572 4578
f 4571 4578 4588
f 4571 4588 4603
f 4571 4603 4618
f 4571 4618 4641
f 4571 4641 4657
f 4571 4657 4656
f 4571 4656 4660
f 4571 4660 4644
f 4571 4644 4622
f 4571 4622 4620
f 4571 4620 4605
f 4571 4605 4590
f 4571 4590 4579
f 4571 4579 4573
f 4571 4573 4574
f 4571 4574 4575
f 4571 4575 4576
f 4571 4576 4577
f 4571 4577 4572
f 4572 4577 4587
f 4572 4587 4586
f 4572 4586 4602
f 4572 4602 4616
f 4572 4616 4615
f 4572 4615 4637
f 4572 4637 4636
f 4572 4636 4613
f 4572 4613 4635
f 4572 4635 4654
f 4572 4654 4642
f 4572 4642 4619
f 4572 4619 4604
f 4572 4604 4589
f 4572 4589 4578
f 4573 4579 4580
f 4573 4580 4581
f 4573 4581 4582
f 4573 4582 4574
f 4574 4582 4575
f 4575 4582 4583
f 4575 4583 4584
f 4575 4584 4576
f 4576 4585 4586
f 4576 4586 4587
f 4576 4587 4577
f 4576 4584 4585
f 4578 4589 4588
f 4579 4590 4591
f 4579 4591 4580
f 4580 4591 4592
f 4580 4592 4581
f 4581 4592 4582
f 4582 4592 4593
f 4582 4593 4594
f 4582 4594 4595
f 4582 4595 4596
f 4582 4596 4583
f 4583 4596 4584
f 4584 4596 4597
f 4584 4597 4598
f 4584 4598 4599
f 4584 4599 4600
f 4584 4600 4585
f 4585 4600 4601
f 4585 4601 4586
f 4586 4601 4602
f 4588 4589 4604
f 4588 4604 4619
f 4588 4619 4643
f 4588 4643 4659
f 4588 4659 4662
f 4588 4662 4661
f 4588 4661 4655
f 4588 4655 4638
f 4588 4638 4617
f 4588 4617 4603
f 4590 4605 4591
f 4591 4605 4606
f 4591 4606 4607
f 4591 4607 4592
f 4592 4607 4608
f 4592 4608 4593
f 4593 4608 4594
f 4594 4608 4595
f 4595 4609 4610
f 4595 4610 4611
f 4595 4611 4598
f 4595 4598 4597
f 4595 4597 4596
f 4595 4608 4609
f 4598 4611 4612
f 4598 4612 4599
f 4599 4613 4614
f 4599 4614 4600
f 4599 4612 4613
f 4600 4615 4616
f 4600 4616 4601
f 4600 4614 4615
f 4601 4616 4602
f 4603 4617 4618
f 4605 4620 4606
f 4606 4621 4607
f 4606 4620 4622
f 4606 4622 4623
f 4606 4623 4624
f 4606 4624 4625
f 4606 4625 4621
f 4607 4625 4626
f 4607 4626 4608
f 4607 4621 4625
f 4608 4626 4627
f 4608 4627 4609
f 4609 4627 4610
f 4610 4627 4628
f 4610 4628 4629
f 4610 4629 4630
f 4610 4630 4631
f 4610 4631 4632
f 4610 4632 4611
f 4611 4632 4612
f 4612 4632 4633
f 4612 4633 4634
f 4612 4634 4635
f 4612 4635 4613
f 4613 4636 4614
f 4614 4636 4637
f 4614 4637 4615
f 4617 4638 4639
f 4617 4639 4640
f 4617 4640 4641
f 4617 4641 4618
f 4619 4642 4634
f 4619 4634 4633
f 4619 4633 4632
f 4619 4632 4631
f 4619 4631 4630
f 4619 4630 4629
f 4619 4629 4653
f 4619 4653 4652
f 4619 4652 4651
f 4619 4651 4658
f 4619 4658 4643
f 4622 4644 4623
f 4623 4644 4645
f 4623 4645 4646
f 4623 4646 4624
f 4624 4646 4625
f 4625 4646 4647
f 4625 4647 4626
f 4626 4647 4648
f 4626 4648 4627
f 4627 4648 4628
f 4628 4648 4649
f 4628 4649 4650
f 4628 4650 4651
f 4628 4651 4652
f 4628 4652 4653
f 4628 4653 4629
f 4634 4642 4654
f 4634 4654 4635
f 4638 4655 4639
f 4639 4648 4647
f 4639 4647 4646
f 4639 4646 4645
f 4639 4645 4656
f 4639 4656 4640
f 4639 4655 4649
f 4639 4649 4648
f 4640 4656 4657
f 4640 4657 4641
f 4643 4658 4659
f 4644 4660 4645
f 4645 4660 4656
f 4649 4655 4661
f 4649 4661 4650
f 4650 4662 4659
f 4650 4659 4658
f 4650 4658 4651
f 4650 4661 4662

o geometry_57
v -0.19351322 -0.08761830 0.14877916
v -0.19351322 -0.08703613 0.14360796
v -0.16998787 -0.08761830 0.19470207
v -0.19351322 -0.08761830 0.25060471
v -0.19351322 -0.08610466 0.13632798
v -0.16624978 -0.08761830 0.21231100
v -0.18767517 -0.08144730 0.13632798
v -0.18559687 -0.07967492 0.13632798
v -0.17651145 -0.07072244 0.13632798
v -0.17280224 -0.06347767 0.13632798
v -0.17197958 -0.06165354 0.13632798
v -0.18426183 -0.08761830 0.25362685
v -0.19351322 -0.08204241 0.25131660
v -0.19351322 -0.00669673 0.13632798
v -0.12604741 0.02664218 0.23083329
v -0.13228957 0.00851731 0.23083329
v -0.16582402 -0.08761830 0.23083329
v -0.16514568 -0.04581852 0.13996797
v -0.16165297 -0.04581852 0.15814103
v -0.15704169 -0.03662024 0.16746262
v -0.16592505 -0.04581852 0.13632798
v -0.15765509 -0.03646500 0.25780410
v -0.15445824 -0.02438174 0.26014122
v -0.14792021 0.00851731 0.26689735
v -0.14792021 0.02664218 0.27155814
v -0.17628775 -0.05594827 0.25830108
v -0.18310721 -0.06276612 0.25623260
v -0.18426183 -0.08204241 0.25415068
v -0.17056518 -0.08761830 0.24630658
v -0.19351322 -0.07314168 0.25210907
v -0.16764976 0.04454714 0.13632798
v -0.19351322 0.02373134 0.19776449
v -0.18725662 0.04454714 0.21266022
v -0.12911436 0.02664218 0.21266022
v -0.12193408 0.03999328 0.23083329
v -0.12160212 0.03864782 0.24901978
v -0.12569381 0.02664218 0.24901978
v -0.13281636 0.00851731 0.24901978
v -0.13881315 -0.00057748 0.25812647
v -0.15963238 -0.02709853 0.14015601
v -0.15645717 -0.02066879 0.14634802
v -0.15786436 -0.03364471 0.15814103
v -0.16050556 -0.02722791 0.13632798
v -0.13653279 0.00851731 0.26092026
v -0.13262152 0.02664218 0.26508407
v -0.12951126 0.04454714 0.26829425
v -0.14678725 0.04454714 0.27353260
v -0.17772380 -0.04581852 0.25886521
v -0.17843823 -0.02769364 0.25975169
v -0.19351322 -0.05352904 0.25190759
v -0.18680921 -0.04581852 0.25565503
v -0.14338834 0.04454714 0.13632798
v -0.19351322 0.02639638 0.21266022
v -0.18374948 0.04454714 0.23056466
v -0.12388249 0.04454714 0.21323778
v -0.12061349 0.04454714 0.23083329
v -0.12010112 0.04454714 0.24155177
v -0.11979082 0.04454714 0.24901978
v -0.12054853 0.04454714 0.25495659
v -0.15517988 -0.00818449 0.13632798
v -0.12943909 0.04454714 0.26824052
v -0.12948239 0.04452126 0.26826738
v -0.14704704 0.04454714 0.27342514
v -0.16608381 0.00851731 0.26531241
v -0.17772380 -0.00959464 0.26007406
v -0.19351322 -0.03715066 0.24959734
v -0.17645372 0.00851731 0.25934875
v -0.14686662 0.02664218 0.13632798
v -0.13701628 0.04454714 0.15855741
v -0.19351322 0.01809076 0.22165945
v -0.18368452 0.04454714 0.23081985
v -0.13805544 0.03289081 0.16421215
v -0.13262873 0.04454714 0.17632753
v -0.15085727 0.00841381 0.13632798
v -0.16401272 0.04454714 0.26414386
v -0.16739718 0.02607295 0.26352600
v -0.19351322 -0.02227300 0.24507086
v -0.17555890 0.01966909 0.25851597
v -0.17432491 0.03173940 0.25679673
v -0.19351322 0.01785789 0.22190122
v -0.19351322 0.01197151 0.22586356
v -0.19351322 0.00087148 0.23298235
v -0.19351322 -0.00501490 0.23654175
v -0.17785370 0.04454714 0.24511117
v -0.16414260 0.04454714 0.26402298
v -0.19351322 -0.01519640 0.24186070
v -0.17308369 0.04454714 0.25440588
v -0.17312699 0.04454714 0.25432530
v -0.19351322 -0.01113415 0.23995339
v -0.17774546 0.04454714 0.24533951
f 4663 4664 4665
f 4663 4665 4668
f 4663 4668 4679
f 4663 4679 4691
f 4663 4691 4674
f 4663 4674 4666
f 4663 4666 4675
f 4663 4675 4692
f 4663 4692 4712
f 4663 4712 4728
f 4663 4728 4739
f 4663 4739 4748
f 4663 4748 4751
f 4663 4751 4745
f 4663 4745 4744
f 4663 4744 4743
f 4663 4743 4742
f 4663 4742 4732
f 4663 4732 4715
f 4663 4715 4694
f 4663 4694 4676
f 4663 4676 4667
f 4663 4667 4664
f 4664 4667 4665
f 4665 4667 4669
f 4665 4669 4670
f 4665 4670 4671
f 4665 4671 4672
f 4665 4672 4673
f 4665 4673 4668
f 4666 4674 4675
f 4667 4676 4693
f 4667 4693 4714
f 4667 4714 4730
f 4667 4730 4736
f 4667 4736 4722
f 4667 4722 4705
f 4667 4705 4683
f 4667 4683 4673
f 4667 4673 4672
f 4667 4672 4671
f 4667 4671 4670
f 4667 4670 4669
f 4668 4677 4678
f 4668 4678 4679
f 4668 4673 4680
f 4668 4680 4681
f 4668 4681 4682
f 4668 4682 4677
f 4673 4683 4680
f 4674 4684 4685
f 4674 4685 4686
f 4674 4686 4687
f 4674 4687 4688
f 4674 4688 4689
f 4674 4689 4690
f 4674 4690 4675
f 4674 4691 4684
f 4675 4690 4689
f 4675 4689 4692
f 4676 4694 4695
f 4676 4695 4693
f 4677 4682 4696
f 4677 4696 4697
f 4677 4697 4698
f 4677 4698 4699
f 4677 4699 4678
f 4678 4699 4679
f 4679 4699 4700
f 4679 4700 4701
f 4679 4701 4691
f 4680 4683 4702
f 4680 4702 4703
f 4680 4703 4704
f 4680 4704 4681
f 4681 4704 4682
f 4682 4704 4696
f 4683 4705 4702
f 4684 4706 4707
f 4684 4707 4685
f 4684 4691 4706
f 4685 4707 4686
f 4686 4707 4687
f 4687 4707 4708
f 4687 4708 4709
f 4687 4709 4688
f 4688 4709 4689
f 4689 4709 4710
f 4689 4710 4711
f 4689 4711 4692
f 4691 4701 4706
f 4692 4711 4713
f 4692 4713 4712
f 4693 4695 4716
f 4693 4716 4733
f 4693 4733 4746
f 4693 4746 4752
f 4693 4752 4750
f 4693 4750 4749
f 4693 4749 4747
f 4693 4747 4737
f 4693 4737 4725
f 4693 4725 4709
f 4693 4709 4708
f 4693 4708 4723
f 4693 4723 4721
f 4693 4721 4720
f 4693 4720 4719
f 4693 4719 4718
f 4693 4718 4717
f 4693 4717 4735
f 4693 4735 4731
f 4693 4731 4714
f 4694 4715 4695
f 4695 4715 4716
f 4696 4717 4718
f 4696 4718 4697
f 4696 4704 4703
f 4696 4703 4717
f 4697 4718 4719
f 4697 4719 4720
f 4697 4720 4698
f 4698 4720 4721
f 4698 4721 4699
f 4699 4721 4701
f 4699 4701 4700
f 4701 4721 4706
f 4702 4705 4703
f 4703 4705 4722
f 4703 4722 4717
f 4706 4721 4707
f 4707 4723 4724
f 4707 4724 4708
f 4707 4721 4723
f 4708 4724 4723
f 4709 4725 4726
f 4709 4726 4711
f 4709 4711 4710
f 4711 4726 4727
f 4711 4727 4713
f 4712 4713 4727
f 4712 4727 4729
f 4712 4729 4728
f 4714 4731 4730
f 4715 4732 4733
f 4715 4733 4716
f 4717 4722 4734
f 4717 4734 4735
f 4722 4736 4734
f 4725 4737 4738
f 4725 4738 4726
f 4726 4738 4727
f 4727 4738 4737
f 4727 4737 4729
f 4728 4729 4740
f 4728 4740 4741
f 4728 4741 4739
f 4729 4737 4740
f 4730 4731 4734
f 4730 4734 4736
f 4731 4735 4734
f 4732 4742 4733
f 4733 4742 4743
f 4733 4743 4744
f 4733 4744 4745
f 4733 4745 4746
f 4737 4747 4740
f 4739 4741 4749
f 4739 4749 4750
f 4739 4750 4748
f 4740 4747 4741
f 4741 4747 4749
f 4745 4751 4746
f 4746 4751 4752
f 4748 4750 4752
f 4748 4752 4751

o geometry_58
v -0.18524004 -0.10329380 -0.02399916
v -0.20089241 -0.08762304 -0.02399916
v -0.18524004 -0.13231196 -0.02399916
v -0.18524004 -0.10184763 -0.09636732
v -0.18973981 -0.08764675 -0.20533670
v -0.26289701 -0.08762304 -0.02399916
v -0.19023978 -0.08762304 -0.19793480
v -0.20244070 -0.13539869 -0.02399916
v -0.18524004 -0.13420383 -0.09636732
v -0.18524004 -0.10217480 -0.11454368
v -0.18524004 -0.10302827 -0.13270228
v -0.18524004 -0.10622406 -0.15075438
v -0.18524004 -0.10632837 -0.15109163
v -0.18524004 -0.11373465 -0.16940999
v -0.18524004 -0.11780288 -0.17903068
v -0.18524004 -0.12374402 -0.17750415
v -0.19263480 -0.09190465 -0.20533670
v -0.22011713 -0.08762304 -0.20533670
v -0.26582427 -0.09301416 -0.02399916
v -0.26437273 -0.08762304 -0.07819096
v -0.26631618 -0.09052486 -0.07819096
v -0.26613878 -0.09089469 -0.06557047
v -0.22061712 -0.13543663 -0.02399916
v -0.20244070 -0.13605303 -0.07819096
v -0.18524004 -0.13489610 -0.13270228
v -0.18524004 -0.13458789 -0.11463242
v -0.20243264 -0.09346460 -0.20533670
v -0.18524004 -0.13176669 -0.16992475
v -0.22052034 -0.08762304 -0.20533670
v -0.26682422 -0.10207048 -0.02399916
v -0.26760643 -0.10017387 -0.07819096
v -0.26432436 -0.08762304 -0.09636732
v -0.26631618 -0.09052486 -0.09636732
v -0.23877738 -0.13526593 -0.02399916
v -0.23877738 -0.13580647 -0.07819096
v -0.20244070 -0.13578750 -0.09636732
v -0.18524004 -0.13431289 -0.15087863
v -0.21477067 -0.09267278 -0.20533670
v -0.21489969 -0.09264432 -0.20533670
v -0.23877738 -0.13514265 -0.09636732
v -0.25130896 -0.12930109 -0.10735478
v -0.26646134 -0.11063369 -0.10593476
v -0.26642907 -0.10017387 -0.10589925
v -0.26613878 -0.09089944 -0.10557975
v -0.26164708 -0.08762304 -0.10776304
v -0.26682422 -0.11168631 -0.02399916
v -0.26731611 -0.10017387 -0.09636732
v -0.26733227 -0.11294755 -0.07819096
v -0.23906770 -0.13518533 -0.02399916
v -0.25381687 -0.13127830 -0.06001461
v -0.25397009 -0.13132098 -0.07819096
v -0.25355076 -0.13079467 -0.09636732
v -0.25369591 -0.13115028 -0.04183826
v -0.26263896 -0.12131635 -0.09636732
v -0.26704195 -0.11225529 -0.09636732
v -0.26263896 -0.12073789 -0.02399916
v -0.26305830 -0.12200861 -0.07819096
v -0.25355076 -0.13100804 -0.02399916
f 4753 4754 4758
f 4753 4758 4771
f 4753 4771 4782
f 4753 4782 4798
f 4753 4798 4808
f 4753 4808 4810
f 4753 4810 4801
f 4753 4801 4786
f 4753 4786 4775
f 4753 4775 4760
f 4753 4760 4755
f 4753 4755 4761
f 4753 4761 4778
f 4753 4778 4777
f 4753 4777 4789
f 4753 4789 4780
f 4753 4780 4768
f 4753 4768 4767
f 4753 4767 4766
f 4753 4766 4765
f 4753 4765 4764
f 4753 4764 4763
f 4753 4763 4762
f 4753 4762 4756
f 4753 4756 4757
f 4753 4757 4754
f 4754 4757 4759
f 4754 4759 4770
f 4754 4770 4781
f 4754 4781 4797
f 4754 4797 4784
f 4754 4784 4772
f 4754 4772 4758
f 4755 4760 4761
f 4756 4762 4757
f 4757 4762 4763
f 4757 4763 4764
f 4757 4764 4765
f 4757 4765 4766
f 4757 4766 4767
f 4757 4767 4768
f 4757 4768 4769
f 4757 4769 4779
f 4757 4779 4790
f 4757 4790 4791
f 4757 4791 4781
f 4757 4781 4770
f 4757 4770 4759
f 4758 4772 4773
f 4758 4773 4774
f 4758 4774 4771
f 4760 4775 4776
f 4760 4776 4777
f 4760 4777 4778
f 4760 4778 4761
f 4768 4779 4769
f 4768 4780 4779
f 4771 4774 4773
f 4771 4773 4783
f 4771 4783 4782
f 4772 4784 4785
f 4772 4785 4773
f 4773 4785 4783
f 4775 4786 4787
f 4775 4787 4776
f 4776 4787 4788
f 4776 4788 4777
f 4777 4788 4787
f 4777 4787 4789
f 4779 4780 4790
f 4780 4791 4790
f 4780 4789 4792
f 4780 4792 4793
f 4780 4793 4791
f 4781 4794 4795
f 4781 4795 4796
f 4781 4796 4797
f 4781 4791 4793
f 4781 4793 4794
f 4782 4783 4798
f 4783 4785 4799
f 4783 4799 4800
f 4783 4800 4798
f 4784 4796 4785
f 4784 4797 4796
f 4785 4796 4799
f 4786 4801 4787
f 4787 4802 4803
f 4787 4803 4804
f 4787 4804 4792
f 4787 4792 4789
f 4787 4801 4805
f 4787 4805 4802
f 4792 4804 4793
f 4793 4804 4806
f 4793 4806 4794
f 4794 4799 4795
f 4794 4806 4807
f 4794 4807 4799
f 4795 4799 4796
f 4798 4800 4808
f 4799 4807 4800
f 4800 4807 4809
f 4800 4809 4808
f 4801 4810 4805
f 4802 4809 4803
f 4802 4805 4809
f 4803 4809 4804
f 4804 4809 4806
f 4805 4810 4809
f 4806 4809 4807
f 4808 4809 4810

o geometry_59
v -0.00252660 -0.35326017 0.00928924
v -0.01612075 -0.35326017 0.00615875
v -0.00207269 -0.35326017 0.00921967
v 0.01236773 -0.29944235 0.00594232
v 0.01172918 -0.28133114 0.00557903
v -0.00252660 -0.29944235 0.00782061
v -0.01532064 -0.29944235 0.00549400
v -0.02520659 -0.35326017 -0.00021818
v -0.02440648 -0.29944235 -0.00048871
v -0.02469114 -0.31755359 -0.00039596
v 0.01314476 -0.35326017 0.00673847
v 0.01270623 -0.31755359 0.00620512
v 0.02145357 -0.29944235 0.00178379
v 0.03995608 -0.23870529 -0.00863571
v 0.00970583 -0.27057654 0.00476742
v -0.00252660 -0.28133114 0.00697808
v -0.01449745 -0.28133114 0.00501477
v -0.03346925 -0.35326017 -0.00930819
v -0.03321537 -0.29944235 -0.00957873
v -0.02358329 -0.28133114 -0.00108389
v -0.03273838 -0.28133114 -0.01017390
v 0.01341402 -0.35326017 0.00660706
v 0.02179208 -0.31755359 0.00188428
v 0.03995608 -0.28112929 -0.02493745
v 0.03995608 -0.23870529 -0.04595424
v 0.00687468 -0.23870529 -0.00181820
v 0.02204596 -0.33567601 0.00193838
v 0.02223060 -0.35326017 0.00198476
v 0.02248448 -0.35326017 0.00171422
v 0.03048556 -0.35326017 -0.00710525
v 0.03071637 -0.35326017 -0.00759222
v 0.03810198 -0.35326017 -0.02365433
v -0.00252660 -0.27015040 0.00498385
v -0.00252660 -0.23870529 -0.00110708
v -0.01308187 -0.27113727 0.00428818
v -0.03863918 -0.35326017 -0.02365433
v -0.03827759 -0.29944235 -0.02365433
v -0.02007513 -0.23870529 -0.00705114
v -0.03716975 -0.28133114 -0.02365433
v -0.03145359 -0.26963454 -0.01199809
v 0.03995608 -0.28066949 -0.04011066
v 0.01179073 -0.23870529 -0.05409351
v 0.03692490 -0.35326017 -0.04181890
v 0.02930848 -0.35326017 -0.05614958
v 0.02928540 -0.31755359 -0.05601045
v 0.02926232 -0.29944235 -0.05594861
v 0.02903921 -0.28133114 -0.05563943
v 0.01682987 -0.29944235 -0.06503863
v 0.01426029 -0.28090499 -0.06547148
v 0.00728242 -0.28665797 -0.06936720
v -0.03703127 -0.35326017 -0.04181890
v -0.03660813 -0.29944235 -0.04181890
v -0.03576956 -0.28133114 -0.04181890
v -0.02398335 -0.23870529 -0.01421649
v -0.02753768 -0.23870529 -0.02365433
v 0.00546679 -0.23870529 -0.05519884
v 0.01707606 -0.35326017 -0.06523187
v 0.00774402 -0.29944235 -0.06954499
v -0.00258814 -0.28090499 -0.06842419
v -0.00252660 -0.23870529 -0.05630417
v 0.00342806 -0.28665797 -0.06936720
v -0.03202290 -0.35326017 -0.05318141
v -0.03154591 -0.29944235 -0.05312731
v -0.03186903 -0.35326017 -0.05352925
v -0.03134588 -0.28133114 -0.05287996
v -0.03239218 -0.26800846 -0.04181890
v -0.03072272 -0.27103634 -0.05209927
v -0.02447572 -0.23870529 -0.04181890
v 0.00799021 -0.35326017 -0.06967639
v 0.00141240 -0.29944235 -0.06954499
v -0.02069829 -0.28133114 -0.06129750
v -0.01644387 -0.23870529 -0.05449545
v -0.00893516 -0.23870529 -0.05573218
v -0.00766575 -0.29944235 -0.06871792
v -0.02069829 -0.29944235 -0.06184630
v -0.02102910 -0.35326017 -0.06221732
v -0.00061865 -0.35326017 -0.06967639
v -0.00837354 -0.31755359 -0.06880294
v -0.00970449 -0.35326017 -0.06894981
v -0.01005839 -0.35326017 -0.06875656
v -0.02069829 -0.35326017 -0.06248013
f 4811 4812 4818
f 4811 4818 4828
f 4811 4828 4846
f 4811 4846 4861
f 4811 4861 4872
f 4811 4872 4874
f 4811 4874 4886
f 4811 4886 4891
f 4811 4891 4890
f 4811 4890 4889
f 4811 4889 4887
f 4811 4887 4879
f 4811 4879 4867
f 4811 4867 4854
f 4811 4854 4853
f 4811 4853 4842
f 4811 4842 4841
f 4811 4841 4840
f 4811 4840 4839
f 4811 4839 4838
f 4811 4838 4832
f 4811 4832 4821
f 4811 4821 4813
f 4811 4813 4814
f 4811 4814 4815
f 4811 4815 4816
f 4811 4816 4817
f 4811 4817 4812
f 4812 4817 4819
f 4812 4819 4820
f 4812 4820 4818
f 4813 4821 4822
f 4813 4822 4814
f 4814 4822 4823
f 4814 4823 4824
f 4814 4824 4815
f 4815 4824 4825
f 4815 4825 4826
f 4815 4826 4816
f 4816 4826 4827
f 4816 4827 4817
f 4817 4827 4819
f 4818 4820 4829
f 4818 4829 4828
f 4819 4829 4820
f 4819 4827 4830
f 4819 4830 4831
f 4819 4831 4829
f 4821 4832 4823
f 4821 4823 4822
f 4823 4832 4833
f 4823 4833 4824
f 4824 4834 4851
f 4824 4851 4835
f 4824 4835 4852
f 4824 4852 4866
f 4824 4866 4870
f 4824 4870 4883
f 4824 4883 4882
f 4824 4882 4878
f 4824 4878 4865
f 4824 4865 4864
f 4824 4864 4848
f 4824 4848 4844
f 4824 4844 4836
f 4824 4836 4825
f 4824 4833 4837
f 4824 4837 4838
f 4824 4838 4839
f 4824 4839 4840
f 4824 4840 4841
f 4824 4841 4842
f 4824 4842 4834
f 4825 4843 4826
f 4825 4836 4844
f 4825 4844 4843
f 4826 4843 4845
f 4826 4845 4827
f 4827 4845 4830
f 4828 4829 4846
f 4829 4847 4846
f 4829 4831 4847
f 4830 4845 4848
f 4830 4848 4831
f 4831 4849 4847
f 4831 4848 4850
f 4831 4850 4849
f 4832 4838 4837
f 4832 4837 4833
f 4834 4842 4851
f 4835 4851 4853
f 4835 4853 4854
f 4835 4854 4855
f 4835 4855 4856
f 4835 4856 4857
f 4835 4857 4858
f 4835 4858 4859
f 4835 4859 4860
f 4835 4860 4852
f 4842 4853 4851
f 4843 4844 4845
f 4844 4848 4845
f 4846 4847 4861
f 4847 4862 4861
f 4847 4849 4863
f 4847 4863 4862
f 4848 4864 4850
f 4849 4850 4865
f 4849 4865 4863
f 4850 4864 4865
f 4852 4860 4866
f 4854 4867 4856
f 4854 4856 4855
f 4856 4867 4858
f 4856 4858 4857
f 4858 4868 4860
f 4858 4860 4859
f 4858 4867 4868
f 4860 4869 4870
f 4860 4870 4866
f 4860 4868 4880
f 4860 4880 4871
f 4860 4871 4869
f 4861 4862 4872
f 4862 4873 4874
f 4862 4874 4872
f 4862 4863 4875
f 4862 4875 4873
f 4863 4865 4876
f 4863 4876 4877
f 4863 4877 4875
f 4865 4878 4876
f 4867 4879 4868
f 4868 4879 4887
f 4868 4887 4880
f 4869 4881 4882
f 4869 4882 4883
f 4869 4883 4870
f 4869 4871 4884
f 4869 4884 4881
f 4871 4880 4884
f 4873 4885 4874
f 4873 4875 4885
f 4874 4885 4886
f 4875 4881 4885
f 4875 4877 4881
f 4876 4878 4877
f 4877 4878 4882
f 4877 4882 4881
f 4880 4888 4884
f 4880 4887 4889
f 4880 4889 4888
f 4881 4884 4885
f 4884 4888 4885
f 4885 4888 4889
f 4885 4889 4890
f 4885 4890 4891
f 4885 4891 4886

o geometry_60
v -0.12417337 -0.09677200 -0.02399916
v -0.12974425 -0.09710551 -0.02399916
v -0.12417337 -0.12085532 -0.02399916
v -0.12417337 -0.09677575 -0.02923551
v -0.12974425 -0.09713173 -0.04183826
v -0.18522601 -0.10184947 -0.09636732
v -0.14756872 -0.09880300 -0.02399916
v -0.12417337 -0.09692939 -0.17464634
v -0.18425767 -0.13213816 -0.02399916
v -0.18425767 -0.13468626 -0.11454368
v -0.18425767 -0.13504974 -0.13270228
v -0.16429932 -0.13131752 -0.18556281
v -0.15398240 -0.12860454 -0.20533670
v -0.12417337 -0.12066795 -0.19983409
v -0.12974425 -0.09716171 -0.06001461
v -0.18522601 -0.10329215 -0.02399916
v -0.14792138 -0.09883672 -0.02399916
v -0.12974425 -0.09727038 -0.11454368
v -0.12417337 -0.09696686 -0.19282270
v -0.12417337 -0.09708677 -0.20533670
v -0.12974425 -0.09763012 -0.20533670
v -0.18522601 -0.10217548 -0.11454368
v -0.18461034 -0.13220186 -0.02399916
v -0.18522601 -0.13458883 -0.11463242
v -0.18522601 -0.13231053 -0.02399916
v -0.18522601 -0.13420287 -0.09636732
v -0.18522601 -0.13489986 -0.13270228
v -0.18425767 -0.13455511 -0.15087863
v -0.16608056 -0.13168849 -0.20533670
v -0.12417337 -0.12061550 -0.20533670
v -0.12983988 -0.09764136 -0.20533670
v -0.14792138 -0.10043303 -0.20533670
v -0.18522601 -0.10302985 -0.13270228
v -0.18522601 -0.13431154 -0.15087863
v -0.18094025 -0.13175594 -0.18724909
v -0.17825641 -0.13042943 -0.20533670
v -0.14801104 -0.10045551 -0.20533670
v -0.18522601 -0.10622621 -0.15075438
v -0.16753903 -0.10630490 -0.20533670
v -0.17498084 -0.10972985 -0.20533670
v -0.18522601 -0.13176719 -0.16992475
v -0.17826239 -0.13036198 -0.20533670
v -0.18522601 -0.12374441 -0.17750415
v -0.18522601 -0.10633114 -0.15109163
v -0.17786191 -0.11717930 -0.20533670
v -0.18522601 -0.11780508 -0.17903068
v -0.18522601 -0.11373562 -0.16940999
f 4892 4893 4898
f 4892 4898 4908
f 4892 4908 4907
f 4892 4907 4916
f 4892 4916 4914
f 4892 4914 4900
f 4892 4900 4894
f 4892 4894 4905
f 4892 4905 4921
f 4892 4921 4911
f 4892 4911 4910
f 4892 4910 4899
f 4892 4899 4895
f 4892 4895 4893
f 4893 4896 4897
f 4893 4897 4898
f 4893 4895 4899
f 4893 4899 4896
f 4894 4900 4901
f 4894 4901 4902
f 4894 4902 4903
f 4894 4903 4904
f 4894 4904 4905
f 4896 4906 4897
f 4896 4899 4906
f 4897 4907 4908
f 4897 4908 4898
f 4897 4906 4909
f 4897 4909 4899
f 4897 4899 4910
f 4897 4910 4911
f 4897 4911 4912
f 4897 4912 4913
f 4897 4913 4924
f 4897 4924 4929
f 4897 4929 4935
f 4897 4935 4938
f 4897 4938 4937
f 4897 4937 4934
f 4897 4934 4932
f 4897 4932 4925
f 4897 4925 4918
f 4897 4918 4915
f 4897 4915 4917
f 4897 4917 4916
f 4897 4916 4907
f 4899 4909 4906
f 4900 4914 4901
f 4901 4915 4902
f 4901 4914 4916
f 4901 4916 4917
f 4901 4917 4915
f 4902 4915 4918
f 4902 4918 4919
f 4902 4919 4920
f 4902 4920 4903
f 4903 4920 4904
f 4904 4920 4927
f 4904 4927 4933
f 4904 4933 4936
f 4904 4936 4931
f 4904 4931 4930
f 4904 4930 4928
f 4904 4928 4923
f 4904 4923 4922
f 4904 4922 4912
f 4904 4912 4911
f 4904 4911 4921
f 4904 4921 4905
f 4912 4922 4913
f 4913 4922 4923
f 4913 4923 4924
f 4918 4925 4919
f 4919 4925 4926
f 4919 4926 4920
f 4920 4926 4927
f 4923 4928 4924
f 4924 4928 4930
f 4924 4930 4931
f 4924 4931 4929
f 4925 4932 4926
f 4926 4932 4927
f 4927 4932 4934
f 4927 4934 4933
f 4929 4931 4935
f 4931 4936 4937
f 4931 4937 4938
f 4931 4938 4935
f 4933 4934 4937
f 4933 4937 4936

o geometry_61
v -0.10592947 0.11098782 0.26719573
v -0.11170133 0.11098782 0.28513511
v -0.11952716 0.05027737 0.26073635
v -0.11521220 0.06287605 0.24901653
v -0.11178094 0.08099032 0.24901653
v -0.10681317 0.11098782 0.24867183
v -0.12974930 0.11098782 0.28942140
v -0.13747961 0.05085624 0.27671245
v -0.12951047 0.04454714 0.26828978
v -0.12943882 0.04454714 0.26822982
v -0.12054619 0.04454714 0.25495138
v -0.11881861 0.04772120 0.24901653
v -0.11930424 0.04906758 0.23083734
v -0.11635861 0.06287605 0.23083734
v -0.11320599 0.08099032 0.23083734
v -0.11071414 0.09910459 0.23083734
v -0.11006133 0.11098782 0.23083734
v -0.13002795 0.11098782 0.28934644
v -0.13995554 0.05085624 0.27671245
v -0.14678621 0.04454714 0.27352021
v -0.11979783 0.04454714 0.24901653
v -0.12010037 0.04454714 0.24153804
v -0.12061784 0.04454714 0.23083734
v -0.12016405 0.05207253 0.21973201
v -0.11936794 0.06433300 0.21327263
v -0.11676464 0.08099032 0.21267314
v -0.11464696 0.09910459 0.21267314
v -0.11458327 0.11098782 0.21267314
v -0.14629263 0.11098782 0.28371136
v -0.14703302 0.04454714 0.27341532
v -0.12330076 0.04454714 0.21637492
v -0.12172445 0.05926621 0.20763752
v -0.12388192 0.04454714 0.21324264
v -0.13258348 0.04454714 0.17652459
v -0.13257552 0.04476178 0.17631477
v -0.13701786 0.04454714 0.15855522
v -0.13693824 0.04539269 0.15815057
v -0.12055415 0.07134456 0.20315642
v -0.11988541 0.08099032 0.20101329
v -0.13784583 0.06287605 0.14569640
v -0.11894600 0.09910459 0.19849548
v -0.11904949 0.11098782 0.19900503
v -0.14814758 0.11098782 0.28228759
v -0.16401420 0.04454714 0.26413839
v -0.13263125 0.04454714 0.17632975
v -0.14338680 0.04454714 0.13632954
v -0.13845883 0.05185139 0.14770464
v -0.14101437 0.06287605 0.13632954
v -0.13732038 0.08099032 0.14416772
v -0.13275067 0.09910459 0.15813558
v -0.13740000 0.09910459 0.14467727
v -0.13770252 0.11098782 0.14565144
v -0.16196818 0.11098782 0.26560710
v -0.17308198 0.04454714 0.25441184
v -0.16414158 0.04454714 0.26401849
v -0.16765246 0.04454714 0.13632954
v -0.14325145 0.04524309 0.13632954
v -0.14021029 0.08099032 0.13632954
v -0.14061631 0.09910459 0.13632954
v -0.14126913 0.11098782 0.13632954
v -0.16481828 0.11098782 0.26105106
v -0.17312973 0.04454714 0.25432192
v -0.18726083 0.04454714 0.21267314
v -0.16590896 0.11098782 0.13632954
v -0.17151362 0.11098782 0.24486514
v -0.17785071 0.04454714 0.24510494
v -0.17774723 0.04454714 0.24532974
v -0.18374994 0.04454714 0.23056758
v -0.17522352 0.11098782 0.23349003
v -0.17629033 0.11098782 0.22752523
v -0.17629033 0.11098782 0.21640489
v -0.17453886 0.11098782 0.23660733
v -0.18368626 0.04454714 0.23082236
f 4939 4940 4941
f 4939 4941 4942
f 4939 4942 4943
f 4939 4943 4944
f 4939 4944 4955
f 4939 4955 4966
f 4939 4966 4980
f 4939 4980 4990
f 4939 4990 4998
f 4939 4998 5002
f 4939 5002 5009
f 4939 5009 5008
f 4939 5008 5007
f 4939 5007 5010
f 4939 5010 5003
f 4939 5003 4999
f 4939 4999 4991
f 4939 4991 4981
f 4939 4981 4967
f 4939 4967 4956
f 4939 4956 4945
f 4939 4945 4940
f 4940 4945 4946
f 4940 4946 4947
f 4940 4947 4948
f 4940 4948 4941
f 4941 4948 4949
f 4941 4949 4950
f 4941 4950 4942
f 4942 4950 4951
f 4942 4951 4952
f 4942 4952 4943
f 4943 4952 4953
f 4943 4953 4944
f 4944 4953 4954
f 4944 4954 4955
f 4945 4956 4957
f 4945 4957 4946
f 4946 4957 4958
f 4946 4958 4947
f 4947 4958 4968
f 4947 4968 4982
f 4947 4982 4993
f 4947 4993 4992
f 4947 4992 5000
f 4947 5000 5005
f 4947 5005 5004
f 4947 5004 5011
f 4947 5011 5006
f 4947 5006 5001
f 4947 5001 4994
f 4947 4994 4984
f 4947 4984 4974
f 4947 4974 4983
f 4947 4983 4972
f 4947 4972 4971
f 4947 4971 4969
f 4947 4969 4961
f 4947 4961 4960
f 4947 4960 4959
f 4947 4959 4949
f 4947 4949 4948
f 4949 4959 4950
f 4950 4959 4960
f 4950 4960 4951
f 4951 4960 4961
f 4951 4961 4962
f 4951 4962 4952
f 4952 4962 4953
f 4953 4962 4963
f 4953 4963 4964
f 4953 4964 4954
f 4954 4964 4965
f 4954 4965 4955
f 4955 4965 4966
f 4956 4967 4958
f 4956 4958 4957
f 4958 4967 4968
f 4961 4969 4962
f 4962 4970 4963
f 4962 4969 4971
f 4962 4971 4972
f 4962 4972 4973
f 4962 4973 4974
f 4962 4974 4975
f 4962 4975 4970
f 4963 4970 4976
f 4963 4976 4964
f 4964 4976 4977
f 4964 4977 4965
f 4965 4977 4978
f 4965 4978 4979
f 4965 4979 4966
f 4966 4979 4980
f 4967 4981 4982
f 4967 4982 4968
f 4970 4975 4976
f 4972 4983 4973
f 4973 4983 4974
f 4974 4984 4975
f 4975 4984 4985
f 4975 4985 4976
f 4976 4985 4977
f 4977 4985 4978
f 4978 4985 4986
f 4978 4986 4987
f 4978 4987 4979
f 4979 4987 4988
f 4979 4988 4980
f 4980 4988 4989
f 4980 4989 4990
f 4981 4991 4992
f 4981 4992 4993
f 4981 4993 4982
f 4984 4994 5002
f 4984 5002 4998
f 4984 4998 4997
f 4984 4997 4996
f 4984 4996 4986
f 4984 4986 4995
f 4984 4995 4985
f 4985 4995 4986
f 4986 4996 4987
f 4987 4996 4989
f 4987 4989 4988
f 4989 4996 4997
f 4989 4997 4998
f 4989 4998 4990
f 4991 4999 4992
f 4992 4999 5000
f 4994 5001 5002
f 4999 5003 5004
f 4999 5004 5005
f 4999 5005 5000
f 5001 5006 5007
f 5001 5007 5008
f 5001 5008 5009
f 5001 5009 5002
f 5003 5010 5011
f 5003 5011 5004
f 5006 5011 5010
f 5006 5010 5007

o geometry_62
v -0.20813929 0.23745731 0.10654053
v -0.21274361 0.24966091 0.10654053
v -0.18286193 0.23745731 0.10654053
v -0.20330290 0.23745731 0.22998256
v -0.22981490 0.27107950 0.20377102
v -0.23208921 0.27405348 0.20099252
v -0.23208921 0.30837890 0.10654053
v -0.22806042 0.37726410 0.10654053
v -0.15540308 0.27582615 0.21846689
v -0.14288043 0.23745731 0.21975570
v -0.19678629 0.23745731 0.24489605
v -0.21267864 0.26873548 0.24148151
v -0.23208921 0.27877084 0.20638212
v -0.23208921 0.38710904 0.10654053
v -0.23051111 0.38445735 0.10654053
v -0.19394573 0.37780616 0.20541133
v -0.19541242 0.38710904 0.21066702
v -0.19434489 0.38710904 0.21411504
v -0.19211699 0.38357834 0.21752956
v -0.15751030 0.28789792 0.22688605
v -0.14044831 0.23745731 0.22725430
v -0.19007474 0.23745731 0.25398473
v -0.20604136 0.28027983 0.25276286
v -0.22906298 0.36337573 0.25760012
v -0.23208921 0.36598346 0.25480488
v -0.23208921 0.35754495 0.25150750
v -0.23208921 0.35272502 0.24951570
v -0.23208921 0.33754743 0.24322224
v -0.23159721 0.33461738 0.24260294
v -0.23208921 0.33461738 0.24173258
v -0.22995413 0.32478711 0.24032660
v -0.23208921 0.29948622 0.22065955
v -0.23208921 0.28027983 0.20755377
v -0.23148582 0.38710904 0.10654053
v -0.23208921 0.38710904 0.26076357
v -0.23073389 0.38510196 0.10654053
v -0.19267396 0.38710904 0.22132907
v -0.13848033 0.23745731 0.23615886
v -0.13966853 0.23745731 0.23073578
v -0.19276680 0.25481779 0.25748294
v -0.18099606 0.23745731 0.26330774
v -0.21094273 0.30903815 0.25756664
v -0.23113307 0.37544747 0.25922368
v -0.23208921 0.37450986 0.25773400
v -0.23208921 0.38196683 0.25987646
v -0.16840843 0.23745731 0.27239642
v -0.15932974 0.23745731 0.27728389
v -0.22074549 0.38710904 0.26668880
v -0.19104945 0.38710904 0.23083620
v -0.13831323 0.23745731 0.23743093
v -0.15202409 0.23745731 0.27753495
v -0.15933902 0.24404989 0.27714997
v -0.15838289 0.25453944 0.27663112
v -0.15638706 0.25453944 0.27663112
v -0.20243030 0.37084731 0.26779349
v -0.20136277 0.38710904 0.26468024
v -0.19113300 0.38710904 0.24901357
v -0.19099375 0.38672812 0.24901357
v -0.13725498 0.23745731 0.24901357
v -0.14326102 0.23745731 0.27067242
v -0.19215412 0.38340254 0.25972582
v -0.19789096 0.38710904 0.26260474
v -0.13783052 0.23745731 0.26123224
v -0.13783982 0.23748661 0.26121550
v -0.13787694 0.23745731 0.26131592
f 5012 5013 5018
f 5012 5018 5025
f 5012 5025 5045
f 5012 5045 5047
f 5012 5047 5026
f 5012 5026 5019
f 5012 5019 5014
f 5012 5014 5021
f 5012 5021 5032
f 5012 5032 5050
f 5012 5050 5049
f 5012 5049 5061
f 5012 5061 5070
f 5012 5070 5074
f 5012 5074 5076
f 5012 5076 5071
f 5012 5071 5062
f 5012 5062 5058
f 5012 5058 5057
f 5012 5057 5052
f 5012 5052 5033
f 5012 5033 5022
f 5012 5022 5015
f 5012 5015 5016
f 5012 5016 5017
f 5012 5017 5013
f 5013 5017 5018
f 5014 5019 5020
f 5014 5020 5021
f 5015 5022 5023
f 5015 5023 5016
f 5016 5023 5024
f 5016 5024 5017
f 5017 5024 5044
f 5017 5044 5043
f 5017 5043 5041
f 5017 5041 5039
f 5017 5039 5038
f 5017 5038 5037
f 5017 5037 5036
f 5017 5036 5055
f 5017 5055 5056
f 5017 5056 5046
f 5017 5046 5025
f 5017 5025 5018
f 5019 5026 5027
f 5019 5027 5020
f 5020 5027 5028
f 5020 5028 5029
f 5020 5029 5030
f 5020 5030 5031
f 5020 5031 5032
f 5020 5032 5021
f 5022 5033 5023
f 5023 5033 5034
f 5023 5034 5035
f 5023 5035 5036
f 5023 5036 5037
f 5023 5037 5038
f 5023 5038 5039
f 5023 5039 5040
f 5023 5040 5041
f 5023 5041 5042
f 5023 5042 5043
f 5023 5043 5044
f 5023 5044 5024
f 5025 5046 5059
f 5025 5059 5067
f 5025 5067 5073
f 5025 5073 5068
f 5025 5068 5060
f 5025 5060 5048
f 5025 5048 5029
f 5025 5029 5028
f 5025 5028 5045
f 5026 5047 5027
f 5027 5047 5028
f 5028 5047 5045
f 5029 5048 5030
f 5030 5048 5049
f 5030 5049 5031
f 5031 5050 5032
f 5031 5049 5050
f 5033 5051 5034
f 5033 5052 5051
f 5034 5051 5053
f 5034 5053 5035
f 5035 5053 5052
f 5035 5052 5054
f 5035 5054 5036
f 5036 5054 5055
f 5039 5041 5040
f 5041 5043 5042
f 5046 5056 5057
f 5046 5057 5058
f 5046 5058 5059
f 5048 5060 5049
f 5049 5060 5061
f 5051 5052 5053
f 5052 5057 5054
f 5054 5057 5056
f 5054 5056 5055
f 5058 5062 5063
f 5058 5063 5059
f 5059 5063 5064
f 5059 5064 5065
f 5059 5065 5066
f 5059 5066 5067
f 5060 5068 5069
f 5060 5069 5070
f 5060 5070 5061
f 5062 5065 5064
f 5062 5064 5063
f 5062 5071 5065
f 5065 5071 5072
f 5065 5072 5073
f 5065 5073 5067
f 5065 5067 5066
f 5068 5073 5072
f 5068 5072 5074
f 5068 5074 5069
f 5069 5074 5075
f 5069 5075 5070
f 5070 5075 5074
f 5071 5076 5072
f 5072 5076 5074

o geometry_63
v -0.06004445 -0.21913373 -0.00548873
v -0.06674943 -0.21807098 -0.00548873
v -0.06669930 -0.21806426 -0.01716692
v -0.06004445 -0.21912700 -0.00909566
v -0.06004445 -0.21862254 0.00497729
v -0.06639225 -0.21797681 0.00385382
v -0.07583562 -0.21536032 -0.00548873
v -0.07522779 -0.21495674 -0.04182414
v -0.06310242 -0.21770104 -0.04182414
v -0.06004445 -0.21805754 -0.04557890
v -0.06004445 -0.19557849 0.08539415
v -0.07522779 -0.19676230 0.08539415
v -0.11156627 -0.19526236 0.03087624
v -0.09339389 -0.19656724 0.06724122
v -0.11156627 -0.19719951 0.01269376
v -0.11156627 -0.19779142 -0.00548873
v -0.11185452 -0.19851114 -0.05849882
v -0.10598296 -0.20048864 -0.07059091
v -0.07522779 -0.21351733 -0.05997707
v -0.06004445 -0.21562263 -0.05979968
v -0.06004445 -0.18983430 0.10059056
v -0.06004445 -0.18357219 0.11206178
v -0.07354841 -0.18685459 0.10360620
v -0.08919545 -0.18585238 0.09757494
v -0.09450303 -0.19057418 0.08663588
v -0.12385455 -0.18764828 0.03087624
v -0.11156627 -0.19216158 0.04905873
v -0.10639654 -0.18654518 0.08137330
v -0.11209891 -0.18811239 0.06614731
v -0.12405508 -0.18853614 0.01269376
v -0.12384202 -0.18918185 -0.05997707
v -0.12376682 -0.18844870 -0.07815956
v -0.11185452 -0.19682957 -0.07727260
v -0.12400495 -0.18881191 -0.00548873
v -0.09339389 -0.19676904 -0.13270702
v -0.07522779 -0.19621076 -0.13270702
v -0.06004445 -0.19585426 -0.13137659
v -0.06004445 -0.18252961 0.11356960
v -0.06637345 -0.18186372 0.11277135
v -0.08915785 -0.17263534 0.09763406
v -0.12385455 -0.17561507 0.03087624
v -0.12248849 -0.18515958 0.04905873
v -0.10639654 -0.17618007 0.08137330
v -0.12111617 -0.18279866 0.05937693
v -0.12405508 -0.17535274 0.01269376
v -0.12384202 -0.17598501 -0.05997707
v -0.12395481 -0.18892626 -0.02367122
v -0.12376682 -0.17627424 -0.07815956
v -0.12353497 -0.18685459 -0.09634205
v -0.11239969 -0.18803168 -0.13140616
v -0.09339389 -0.19165710 -0.15088950
v -0.07522779 -0.19113246 -0.15088950
v -0.06004445 -0.19502695 -0.13433310
v -0.06004445 -0.17516442 0.11427917
v -0.06637345 -0.17996693 0.11277135
v -0.08589936 -0.16281506 0.09562364
v -0.07354841 -0.17340886 0.10750878
v -0.06532071 -0.16788663 0.11197309
v -0.11156627 -0.16745616 0.03087624
v -0.12248849 -0.17784817 0.04905873
v -0.11156627 -0.16964891 0.04905873
v -0.11209891 -0.17432363 0.06614731
v -0.12111617 -0.18044450 0.05937693
v -0.11156627 -0.16714003 0.01269376
v -0.11156627 -0.16720728 -0.00548873
v -0.12400495 -0.17544019 -0.00548873
v -0.12389842 -0.17579667 -0.04182414
v -0.11156627 -0.16757722 -0.04182414
v -0.11156627 -0.16781265 -0.05997707
v -0.12395481 -0.17561507 -0.02367122
v -0.11156627 -0.16832384 -0.07815956
v -0.12353497 -0.17684596 -0.09634205
v -0.12218771 -0.18431879 -0.11452453
v -0.12091564 -0.18228748 -0.12448795
v -0.10581377 -0.18556315 -0.15088950
v -0.10251141 -0.18174938 -0.15999554
v -0.09339389 -0.18392195 -0.16179901
v -0.06004445 -0.17219815 -0.18775709
v -0.06004445 -0.17477429 0.11427917
v -0.06004445 -0.15799908 0.08539415
v -0.07522779 -0.16030618 0.08539415
v -0.08801738 -0.16272090 0.08539415
v -0.06004445 -0.16512215 0.11297831
v -0.07522779 -0.16154381 0.09934884
v -0.06004445 -0.17209052 0.11401308
v -0.06004445 -0.15042536 -0.18403191
v -0.11156627 -0.16737544 -0.02367122
v -0.11156627 -0.16913099 -0.09634205
v -0.11156627 -0.17114213 -0.11452453
v -0.12218771 -0.17897146 -0.11452453
v -0.12091564 -0.18104313 -0.12448795
v -0.10251141 -0.18160813 -0.15999554
v -0.07022099 -0.16794044 -0.18775709
v -0.06895518 -0.16847182 -0.18775709
v -0.06004445 -0.15066751 -0.18775709
v -0.06004445 -0.15820760 0.08770022
v -0.06004445 -0.15973445 0.10443402
v -0.08656986 -0.16263345 -0.16126682
v -0.11239969 -0.17490209 -0.13140616
v -0.10581377 -0.17761947 -0.15088950
v -0.07022099 -0.15688926 -0.18775709
v -0.06985127 -0.15664711 -0.18775709
f 5077 5078 5079
f 5077 5079 5080
f 5077 5080 5086
f 5077 5086 5096
f 5077 5096 5113
f 5077 5113 5129
f 5077 5129 5154
f 5077 5154 5171
f 5077 5171 5162
f 5077 5162 5156
f 5077 5156 5172
f 5077 5172 5173
f 5077 5173 5159
f 5077 5159 5161
f 5077 5161 5155
f 5077 5155 5130
f 5077 5130 5114
f 5077 5114 5098
f 5077 5098 5097
f 5077 5097 5087
f 5077 5087 5081
f 5077 5081 5082
f 5077 5082 5078
f 5078 5083 5079
f 5078 5082 5083
f 5079 5083 5084
f 5079 5084 5085
f 5079 5085 5086
f 5079 5086 5080
f 5081 5087 5088
f 5081 5088 5082
f 5082 5089 5083
f 5082 5088 5090
f 5082 5090 5089
f 5083 5089 5091
f 5083 5091 5092
f 5083 5092 5093
f 5083 5093 5084
f 5084 5093 5094
f 5084 5094 5095
f 5084 5095 5085
f 5085 5095 5086
f 5086 5095 5096
f 5087 5097 5088
f 5088 5097 5098
f 5088 5098 5099
f 5088 5099 5100
f 5088 5100 5101
f 5088 5101 5090
f 5089 5102 5091
f 5089 5090 5103
f 5089 5103 5102
f 5090 5101 5104
f 5090 5104 5105
f 5090 5105 5103
f 5091 5102 5106
f 5091 5106 5092
f 5092 5106 5093
f 5093 5107 5108
f 5093 5108 5109
f 5093 5109 5094
f 5093 5106 5110
f 5093 5110 5107
f 5094 5109 5111
f 5094 5111 5095
f 5095 5111 5096
f 5096 5111 5112
f 5096 5112 5113
f 5098 5114 5099
f 5099 5114 5115
f 5099 5115 5100
f 5100 5116 5104
f 5100 5104 5101
f 5100 5115 5116
f 5102 5117 5121
f 5102 5121 5106
f 5102 5103 5118
f 5102 5118 5136
f 5102 5136 5117
f 5103 5105 5118
f 5104 5116 5119
f 5104 5119 5139
f 5104 5139 5120
f 5104 5120 5105
f 5105 5120 5118
f 5106 5121 5142
f 5106 5142 5146
f 5106 5146 5123
f 5106 5123 5110
f 5107 5122 5124
f 5107 5124 5108
f 5107 5110 5123
f 5107 5123 5146
f 5107 5146 5143
f 5107 5143 5122
f 5108 5124 5148
f 5108 5148 5125
f 5108 5125 5109
f 5109 5125 5126
f 5109 5126 5111
f 5111 5126 5127
f 5111 5127 5128
f 5111 5128 5112
f 5112 5128 5113
f 5113 5128 5129
f 5114 5130 5115
f 5115 5130 5155
f 5115 5155 5131
f 5115 5131 5116
f 5116 5132 5119
f 5116 5131 5133
f 5116 5133 5134
f 5116 5134 5132
f 5117 5135 5121
f 5117 5136 5137
f 5117 5137 5135
f 5118 5120 5139
f 5118 5139 5136
f 5119 5132 5138
f 5119 5138 5139
f 5121 5135 5140
f 5121 5140 5141
f 5121 5141 5142
f 5122 5143 5144
f 5122 5144 5145
f 5122 5145 5124
f 5124 5147 5148
f 5124 5145 5147
f 5125 5148 5166
f 5125 5166 5149
f 5125 5149 5126
f 5126 5149 5150
f 5126 5150 5151
f 5126 5151 5127
f 5127 5152 5153
f 5127 5153 5154
f 5127 5154 5128
f 5127 5151 5152
f 5128 5154 5129
f 5131 5134 5133
f 5131 5155 5134
f 5132 5156 5157
f 5132 5157 5158
f 5132 5158 5135
f 5132 5135 5137
f 5132 5137 5138
f 5132 5134 5159
f 5132 5159 5160
f 5132 5160 5156
f 5134 5155 5161
f 5134 5161 5159
f 5135 5158 5162
f 5135 5162 5140
f 5136 5139 5138
f 5136 5138 5137
f 5140 5162 5141
f 5141 5163 5142
f 5141 5162 5163
f 5142 5163 5144
f 5142 5144 5146
f 5143 5146 5144
f 5144 5162 5145
f 5144 5163 5162
f 5145 5162 5147
f 5147 5164 5148
f 5147 5162 5164
f 5148 5164 5165
f 5148 5165 5166
f 5149 5166 5167
f 5149 5167 5150
f 5150 5167 5168
f 5150 5168 5152
f 5150 5152 5151
f 5152 5168 5177
f 5152 5177 5169
f 5152 5169 5153
f 5153 5169 5170
f 5153 5170 5154
f 5154 5170 5169
f 5154 5169 5177
f 5154 5177 5178
f 5154 5178 5171
f 5156 5162 5157
f 5156 5160 5172
f 5157 5162 5158
f 5159 5173 5160
f 5160 5173 5172
f 5162 5171 5164
f 5164 5171 5165
f 5165 5171 5174
f 5165 5174 5175
f 5165 5175 5166
f 5166 5175 5167
f 5167 5175 5176
f 5167 5176 5168
f 5168 5176 5177
f 5171 5178 5174
f 5174 5178 5177
f 5174 5177 5175
f 5175 5177 5176

o geometry_64
v -0.06004446 -0.12636267 0.25526272
v -0.06533625 -0.12636267 0.25433837
v -0.12416739 -0.15451634 0.24503952
v -0.06004446 -0.13547830 0.25451082
v -0.06004446 -0.12636267 0.20797528
v -0.07522932 -0.12636267 0.25202056
v -0.12416739 -0.13887760 0.24329427
v -0.12416739 -0.14905582 0.24448767
v -0.12416739 -0.16593918 0.24183876
v -0.06004446 -0.13824792 0.25378650
v -0.06004446 -0.14762920 0.18759789
v -0.12416739 -0.12636267 0.18838428
v -0.08333335 -0.12636267 0.25002006
v -0.10243527 -0.12636267 0.24399100
v -0.12416739 -0.12678574 0.23654090
v -0.11156878 -0.16670169 0.24227335
v -0.12416739 -0.17098648 0.23084295
v -0.11156878 -0.17264431 0.23084295
v -0.06004446 -0.15655298 0.24695034
v -0.09339592 -0.16707555 0.24247340
v -0.06004446 -0.14925752 0.18610096
v -0.12416739 -0.12636267 0.23623737
v -0.06004446 -0.15830919 0.18479720
v -0.12416739 -0.14259175 0.18694945
v -0.12358987 -0.12636267 0.23648571
v -0.09339592 -0.17345601 0.23084295
v -0.12416739 -0.17401190 0.21267299
v -0.11156878 -0.17581732 0.21267299
v -0.07522932 -0.16691813 0.24245958
v -0.06004446 -0.16660822 0.24232852
v -0.06004446 -0.16457650 0.18479720
v -0.11156878 -0.16100503 0.18518349
v -0.12416739 -0.15695636 0.18573536
v -0.09339592 -0.17661425 0.21267299
v -0.07522932 -0.17321495 0.23084295
v -0.12416739 -0.16994357 0.19846951
v -0.12416739 -0.16838411 0.19339930
v -0.11156878 -0.17022397 0.19448922
v -0.06004446 -0.16764621 0.24041771
v -0.11156878 -0.16392222 0.18518349
v -0.06004446 -0.17053881 0.19448922
v -0.09339592 -0.17078478 0.19448922
v -0.12251645 -0.16200859 0.18530077
v -0.12416739 -0.16033600 0.18545942
v -0.07522932 -0.17619118 0.21267299
v -0.06004446 -0.17269841 0.23084295
v -0.12416739 -0.16472900 0.18723916
v -0.12251645 -0.16374020 0.18530077
v -0.06004446 -0.17562547 0.21267299
v -0.12416739 -0.16162979 0.18545942
v -0.06004446 -0.17318544 0.22785601
f 5179 5180 5181
f 5179 5181 5182
f 5179 5182 5188
f 5179 5188 5197
f 5179 5197 5208
f 5179 5208 5217
f 5179 5217 5224
f 5179 5224 5229
f 5179 5229 5227
f 5179 5227 5219
f 5179 5219 5209
f 5179 5209 5201
f 5179 5201 5199
f 5179 5199 5189
f 5179 5189 5183
f 5179 5183 5190
f 5179 5190 5200
f 5179 5200 5203
f 5179 5203 5192
f 5179 5192 5191
f 5179 5191 5184
f 5179 5184 5180
f 5180 5184 5185
f 5180 5185 5186
f 5180 5186 5181
f 5181 5186 5185
f 5181 5185 5193
f 5181 5193 5200
f 5181 5200 5190
f 5181 5190 5202
f 5181 5202 5211
f 5181 5211 5222
f 5181 5222 5228
f 5181 5228 5225
f 5181 5225 5215
f 5181 5215 5214
f 5181 5214 5205
f 5181 5205 5195
f 5181 5195 5187
f 5181 5187 5188
f 5181 5188 5182
f 5183 5189 5190
f 5184 5191 5185
f 5185 5191 5192
f 5185 5192 5193
f 5187 5194 5188
f 5187 5195 5196
f 5187 5196 5194
f 5188 5194 5198
f 5188 5198 5197
f 5189 5199 5190
f 5190 5199 5201
f 5190 5201 5202
f 5192 5203 5193
f 5193 5203 5200
f 5194 5196 5204
f 5194 5204 5198
f 5195 5205 5206
f 5195 5206 5196
f 5196 5206 5204
f 5197 5198 5207
f 5197 5207 5208
f 5198 5204 5207
f 5201 5209 5218
f 5201 5218 5210
f 5201 5210 5202
f 5202 5210 5211
f 5204 5206 5212
f 5204 5212 5213
f 5204 5213 5207
f 5205 5214 5206
f 5206 5214 5215
f 5206 5215 5216
f 5206 5216 5212
f 5207 5213 5217
f 5207 5217 5208
f 5209 5219 5220
f 5209 5220 5218
f 5210 5218 5226
f 5210 5226 5221
f 5210 5221 5222
f 5210 5222 5211
f 5212 5223 5213
f 5212 5216 5220
f 5212 5220 5219
f 5212 5219 5223
f 5213 5223 5224
f 5213 5224 5217
f 5215 5225 5226
f 5215 5226 5216
f 5216 5226 5220
f 5218 5220 5226
f 5219 5227 5223
f 5221 5226 5228
f 5221 5228 5222
f 5223 5227 5229
f 5223 5229 5224
f 5225 5228 5226

o geometry_65
v -0.06003818 -0.11361107 0.14361173
v -0.06003818 -0.13899597 0.19663989
v -0.06003818 -0.09027669 0.14361173
v 0.22252957 -0.11138819 0.14361173
v 0.22252957 -0.13899597 0.18910167
v -0.06003818 -0.13899597 0.24601922
v -0.06003818 -0.08939705 0.15813683
v -0.05998286 -0.08976555 0.14361173
v 0.22252957 -0.08718605 0.14361173
v 0.22252957 -0.13899597 0.24601922
v -0.06003818 -0.10101075 0.24601922
v -0.06003818 -0.08883835 0.17632078
v -0.05705098 -0.08795872 0.19449470
v -0.03885113 -0.08624697 0.19449470
v -0.05705098 -0.08951592 0.14361173
v -0.06003818 -0.08829749 0.19425412
v 0.21553177 -0.08608055 0.21265859
v 0.22252957 -0.08674028 0.20567171
v 0.21553177 -0.08667490 0.14361173
v 0.19735958 -0.08470759 0.21265859
v 0.22252957 -0.09320092 0.24601922
v -0.06003818 -0.09417566 0.23807001
v -0.05550205 -0.09964967 0.24601922
v -0.04770212 -0.09114445 0.23983428
v -0.05705098 -0.08788145 0.21265859
v -0.03885113 -0.08592602 0.21265859
v -0.02067895 -0.08459466 0.21265859
v -0.02067895 -0.08494533 0.19449470
v -0.02067895 -0.08560507 0.17632078
v -0.03885113 -0.08811324 0.14361173
v -0.06003818 -0.08827966 0.21239797
v 0.21553177 -0.08721577 0.23084254
v 0.22252957 -0.08675217 0.21265859
v 0.08899031 -0.07830044 0.24601922
v 0.21188074 -0.08643122 0.14361173
v 0.19735958 -0.08489778 0.19449470
v 0.17918739 -0.08367935 0.21265859
v 0.22252957 -0.09011622 0.24194939
v 0.21553177 -0.08975960 0.24264106
v 0.21553177 -0.09232128 0.24601922
v -0.06003818 -0.09263628 0.23563411
v -0.05705098 -0.09227967 0.23671674
v -0.04228089 -0.09699291 0.24601922
v -0.04053835 -0.08870166 0.23259678
v -0.05705098 -0.08958130 0.22763478
v -0.06003818 -0.08982499 0.22663237
v -0.02067895 -0.09378934 0.24601922
v 0.08832648 -0.07828262 0.24601922
v -0.06003818 -0.08854712 0.21538518
v -0.02067895 -0.08649660 0.23084254
v -0.00250677 -0.08336435 0.21265859
v -0.00250677 -0.08388143 0.19449470
v -0.02067895 -0.08680566 0.14361173
v 0.22252957 -0.08804192 0.23105304
v 0.22252957 -0.08745351 0.22385565
v 0.11045395 -0.08008350 0.24601922
v 0.16101521 -0.08395276 0.14361173
v 0.15736418 -0.08383983 0.14361173
v 0.14284304 -0.08344161 0.14361173
v 0.17918739 -0.08389927 0.19449470
v 0.19735958 -0.08555157 0.14361173
v 0.19370855 -0.08536732 0.14361173
v 0.17918739 -0.08468381 0.14361173
v 0.17553636 -0.08452929 0.14361173
v 0.19735958 -0.08512958 0.17632078
v 0.13919200 -0.08335841 0.14361173
v 0.12467085 -0.08304933 0.14361173
v 0.12101981 -0.08298991 0.14361173
v 0.10649867 -0.08283537 0.14361173
v 0.10284764 -0.08282943 0.14361173
v 0.08832648 -0.08288886 0.14361173
v 0.07018196 -0.08310283 0.14361173
v 0.05200978 -0.08344756 0.14361173
v 0.04835875 -0.08355454 0.14361173
v 0.03383760 -0.08406568 0.14361173
v 0.01566541 -0.08296019 0.19449470
v 0.01566541 -0.08240744 0.21265859
v 0.01566541 -0.08363181 0.17632078
v -0.00250677 -0.08455900 0.17632078
v -0.00250677 -0.08578337 0.14361173
v 0.03015891 -0.08422616 0.14361173
v 0.01566541 -0.08491561 0.14361173
f 5230 5231 5235
f 5230 5235 5240
f 5230 5240 5251
f 5230 5251 5270
f 5230 5270 5275
f 5230 5275 5278
f 5230 5278 5260
f 5230 5260 5245
f 5230 5245 5241
f 5230 5241 5236
f 5230 5236 5232
f 5230 5232 5237
f 5230 5237 5244
f 5230 5244 5259
f 5230 5259 5282
f 5230 5282 5309
f 5230 5309 5311
f 5230 5311 5310
f 5230 5310 5304
f 5230 5304 5303
f 5230 5303 5302
f 5230 5302 5301
f 5230 5301 5300
f 5230 5300 5299
f 5230 5299 5298
f 5230 5298 5297
f 5230 5297 5296
f 5230 5296 5295
f 5230 5295 5288
f 5230 5288 5287
f 5230 5287 5286
f 5230 5286 5293
f 5230 5293 5292
f 5230 5292 5291
f 5230 5291 5290
f 5230 5290 5264
f 5230 5264 5248
f 5230 5248 5238
f 5230 5238 5233
f 5230 5233 5234
f 5230 5234 5231
f 5231 5234 5239
f 5231 5239 5235
f 5232 5236 5237
f 5233 5238 5247
f 5233 5247 5262
f 5233 5262 5284
f 5233 5284 5283
f 5233 5283 5267
f 5233 5267 5250
f 5233 5250 5239
f 5233 5239 5234
f 5235 5239 5250
f 5235 5250 5269
f 5235 5269 5285
f 5235 5285 5263
f 5235 5263 5277
f 5235 5277 5276
f 5235 5276 5272
f 5235 5272 5252
f 5235 5252 5240
f 5236 5241 5237
f 5237 5242 5243
f 5237 5243 5244
f 5237 5241 5245
f 5237 5245 5242
f 5238 5246 5247
f 5238 5248 5249
f 5238 5249 5246
f 5240 5252 5253
f 5240 5253 5251
f 5242 5245 5254
f 5242 5254 5255
f 5242 5255 5243
f 5243 5255 5256
f 5243 5256 5257
f 5243 5257 5258
f 5243 5258 5259
f 5243 5259 5244
f 5245 5260 5254
f 5246 5261 5262
f 5246 5262 5247
f 5246 5249 5263
f 5246 5263 5261
f 5248 5264 5265
f 5248 5265 5249
f 5249 5265 5266
f 5249 5266 5263
f 5250 5267 5268
f 5250 5268 5269
f 5251 5253 5271
f 5251 5271 5270
f 5252 5272 5253
f 5253 5273 5274
f 5253 5274 5275
f 5253 5275 5271
f 5253 5272 5276
f 5253 5276 5277
f 5253 5277 5273
f 5254 5274 5255
f 5254 5260 5278
f 5254 5278 5274
f 5255 5274 5279
f 5255 5279 5277
f 5255 5277 5256
f 5256 5280 5257
f 5256 5277 5280
f 5257 5280 5281
f 5257 5281 5258
f 5258 5282 5259
f 5258 5281 5282
f 5261 5267 5283
f 5261 5283 5284
f 5261 5284 5262
f 5261 5263 5285
f 5261 5285 5267
f 5263 5286 5287
f 5263 5287 5288
f 5263 5288 5277
f 5263 5266 5265
f 5263 5265 5289
f 5263 5289 5290
f 5263 5290 5291
f 5263 5291 5292
f 5263 5292 5293
f 5263 5293 5286
f 5264 5294 5265
f 5264 5290 5294
f 5265 5294 5289
f 5267 5285 5268
f 5268 5285 5269
f 5270 5271 5275
f 5273 5277 5279
f 5273 5279 5274
f 5274 5278 5275
f 5277 5288 5295
f 5277 5295 5296
f 5277 5296 5297
f 5277 5297 5298
f 5277 5298 5299
f 5277 5299 5300
f 5277 5300 5301
f 5277 5301 5302
f 5277 5302 5303
f 5277 5303 5304
f 5277 5304 5305
f 5277 5305 5306
f 5277 5306 5280
f 5280 5306 5281
f 5281 5306 5305
f 5281 5305 5307
f 5281 5307 5308
f 5281 5308 5282
f 5282 5308 5309
f 5289 5294 5290
f 5304 5310 5307
f 5304 5307 5305
f 5307 5310 5311
f 5307 5311 5309
f 5307 5309 5308

o geometry_66
v -0.26356735 0.39217655 -0.02973631
v -0.27273493 0.39217655 -0.02973631
v -0.24587602 0.39215446 -0.02973631
v -0.24587602 0.39217655 -0.02976656
v -0.27266786 0.39217655 -0.04183497
v -0.25588860 0.33892881 -0.13272616
v -0.27174910 0.38896114 -0.02973631
v -0.22261842 0.31650928 -0.02973631
v -0.23935074 0.39217655 -0.13272616
v -0.21117740 0.27929443 -0.02973631
v -0.20935328 0.29642121 -0.13272616
v -0.27223865 0.39217655 -0.06001321
v -0.25955696 0.35289545 -0.13272616
v -0.25556669 0.33791225 -0.13272616
v -0.25484911 0.33461948 -0.02973631
v -0.26749055 0.37512709 -0.02973631
v -0.26430506 0.39217655 -0.13272616
v -0.23701694 0.27929443 -0.02973631
v -0.20423634 0.27929443 -0.13270599
v -0.20422964 0.27930547 -0.13272616
v -0.20450459 0.28027785 -0.13272616
v -0.27072973 0.39217655 -0.07936098
v -0.26789295 0.39217655 -0.10455645
v -0.26702784 0.39217655 -0.11197695
v -0.26671263 0.39217655 -0.11452776
v -0.26565974 0.39217655 -0.12278509
v -0.26458001 0.39217655 -0.13103235
v -0.25533868 0.33731558 -0.13272616
v -0.23642678 0.27929443 -0.06001321
v -0.23683587 0.27929443 -0.04296418
v -0.23686270 0.27929443 -0.04183497
v -0.24991323 0.31926064 -0.02973631
v -0.25323289 0.32958090 -0.02973631
v -0.20436375 0.27929443 -0.13272616
v -0.22917723 0.27929443 -0.13272616
v -0.22918394 0.27929443 -0.13270599
v -0.23002894 0.27929443 -0.12597107
v -0.23155798 0.27929443 -0.11293477
v -0.23495810 0.27929443 -0.07984493
v -0.23512575 0.27929443 -0.07819145
v -0.23633961 0.27929443 -0.06130373
f 5312 5313 5318
f 5312 5318 5327
f 5312 5327 5326
f 5312 5326 5344
f 5312 5344 5343
f 5312 5343 5329
f 5312 5329 5321
f 5312 5321 5319
f 5312 5319 5314
f 5312 5314 5315
f 5312 5315 5320
f 5312 5320 5328
f 5312 5328 5338
f 5312 5338 5337
f 5312 5337 5336
f 5312 5336 5335
f 5312 5335 5334
f 5312 5334 5333
f 5312 5333 5323
f 5312 5323 5316
f 5312 5316 5313
f 5313 5316 5317
f 5313 5317 5318
f 5314 5319 5315
f 5315 5319 5321
f 5315 5321 5322
f 5315 5322 5320
f 5316 5323 5317
f 5317 5324 5328
f 5317 5328 5320
f 5317 5320 5322
f 5317 5322 5332
f 5317 5332 5331
f 5317 5331 5345
f 5317 5345 5346
f 5317 5346 5339
f 5317 5339 5325
f 5317 5325 5326
f 5317 5326 5327
f 5317 5327 5318
f 5317 5323 5324
f 5321 5329 5342
f 5321 5342 5341
f 5321 5341 5340
f 5321 5340 5352
f 5321 5352 5351
f 5321 5351 5350
f 5321 5350 5349
f 5321 5349 5348
f 5321 5348 5347
f 5321 5347 5346
f 5321 5346 5345
f 5321 5345 5330
f 5321 5330 5331
f 5321 5331 5332
f 5321 5332 5322
f 5323 5333 5324
f 5324 5333 5334
f 5324 5334 5335
f 5324 5335 5336
f 5324 5336 5337
f 5324 5337 5338
f 5324 5338 5328
f 5325 5339 5340
f 5325 5340 5341
f 5325 5341 5342
f 5325 5342 5329
f 5325 5329 5343
f 5325 5343 5344
f 5325 5344 5326
f 5330 5345 5331
f 5339 5346 5347
f 5339 5347 5348
f 5339 5348 5349
f 5339 5349 5350
f 5339 5350 5351
f 5339 5351 5352
f 5339 5352 5340

o geometry_67
v -0.21354948 -0.04350886 0.09934185
v -0.24973213 -0.00168484 -0.03266149
v -0.23877617 -0.00396868 -0.03266149
v -0.23289569 -0.00343021 -0.03266149
v -0.22692049 -0.00279891 -0.03266149
v -0.22134995 0.00851818 -0.03266149
v -0.21749277 0.02663109 -0.03266149
v -0.21355380 0.00926089 0.03146218
v -0.21355380 0.02625974 0.03146218
v -0.21354948 -0.03799421 0.10070092
v -0.21354948 -0.04350886 0.21978068
v -0.21895644 -0.04350886 0.10398742
v -0.25560830 0.00851818 -0.03266149
v -0.22059229 -0.04350886 0.10734804
v -0.22578399 -0.04350886 0.12343456
v -0.22581413 -0.04350886 0.12397819
v -0.22637376 -0.04350886 0.13840910
v -0.24973213 -0.00276177 0.04910546
v -0.22023930 0.03485664 -0.03266149
v -0.21355380 0.03053033 0.04905604
v -0.21355380 0.02962051 0.04445989
v -0.21354948 -0.03799421 0.21580230
v -0.21354948 -0.04085366 0.21787798
v -0.21355380 -0.02633362 0.20794436
v -0.21376904 -0.02769835 0.20843857
v -0.21538769 -0.03799421 0.21184862
v -0.21625296 -0.04350886 0.21367720
v -0.25538015 0.00851818 -0.02361746
v -0.25745941 0.02663109 -0.02361746
v -0.25665440 0.01765355 -0.03266149
v -0.22637376 -0.04350886 0.13855737
v -0.24894433 -0.00248325 0.06726765
v -0.25414034 0.00851818 0.01273164
v -0.25476885 0.00851818 -0.00543055
v -0.22564194 -0.04350886 0.17629026
v -0.22306761 0.04324929 -0.03266149
v -0.22308053 0.04328643 -0.02361746
v -0.22304609 0.04302648 -0.00543055
v -0.21355380 0.03005686 0.05992864
v -0.21355380 0.00122103 0.15590412
v -0.21355380 -0.01261200 0.19447716
v -0.21355380 -0.01498868 0.19786250
v -0.21355380 -0.01913859 0.20270575
v -0.21965814 -0.02769835 0.19447716
v -0.22214637 -0.03799421 0.19447716
v -0.22347227 -0.04350886 0.19447716
v -0.25652095 0.02663109 -0.00543055
v -0.25117857 0.04259014 -0.00543055
v -0.25165212 0.04373205 -0.02361746
v -0.25459667 0.03525585 -0.03266149
v -0.25752398 0.02663109 -0.03266149
v -0.24808765 -0.00135990 0.07725068
v -0.25148853 0.00851818 0.04910546
v -0.25303398 0.00851818 0.03089384
v -0.23098431 0.04730636 -0.03266149
v -0.23877617 0.05133558 -0.02361746
v -0.22303317 0.04212594 0.01273164
v -0.22336464 0.04070550 0.03089384
v -0.22496176 0.03875588 0.04910546
v -0.22740694 0.03694552 0.06143598
v -0.23023956 0.01798777 0.11377276
v -0.24661108 0.03377970 0.05617265
v -0.23111777 0.00211228 0.13519674
v -0.22744139 0.01798777 0.11377276
v -0.23255130 -0.00931621 0.14070718
v -0.23816919 -0.00957616 0.12175424
v -0.24808765 0.00084967 0.07725068
v -0.25488939 0.02663109 0.01273164
v -0.25042521 0.04048269 0.01273164
v -0.23877617 0.04991514 -0.00543055
v -0.25164781 0.04339784 -0.03266149
v -0.25257336 0.02663109 0.03089384
v -0.24911653 0.00752480 0.06711939
v -0.23877617 0.05096422 -0.03266149
v -0.23877617 0.04690715 0.01273164
v -0.23877617 0.04329571 0.03089384
v -0.23450571 0.03694552 0.06143598
v -0.23984379 0.03870017 0.04969851
v -0.24847510 0.03662986 0.04406452
v -0.24963742 0.02729953 0.04969851
v -0.24851384 0.02170133 0.06094177
v -0.24698990 0.01290947 0.07307461
v -0.24937913 0.03828240 0.03089384
f 5353 5354 5355
f 5353 5355 5356
f 5353 5356 5357
f 5353 5357 5358
f 5353 5358 5359
f 5353 5359 5360
f 5353 5360 5361
f 5353 5361 5362
f 5353 5362 5374
f 5353 5374 5375
f 5353 5375 5363
f 5353 5363 5379
f 5353 5379 5398
f 5353 5398 5387
f 5353 5387 5383
f 5353 5383 5369
f 5353 5369 5368
f 5353 5368 5367
f 5353 5367 5366
f 5353 5366 5364
f 5353 5364 5354
f 5354 5365 5382
f 5354 5382 5403
f 5354 5403 5402
f 5354 5402 5423
f 5354 5423 5426
f 5354 5426 5407
f 5354 5407 5388
f 5354 5388 5371
f 5354 5371 5359
f 5354 5359 5358
f 5354 5358 5357
f 5354 5357 5356
f 5354 5356 5355
f 5354 5364 5366
f 5354 5366 5367
f 5354 5367 5368
f 5354 5368 5369
f 5354 5369 5370
f 5354 5370 5365
f 5359 5371 5372
f 5359 5372 5373
f 5359 5373 5361
f 5359 5361 5360
f 5361 5373 5362
f 5362 5373 5372
f 5362 5372 5374
f 5363 5375 5376
f 5363 5376 5377
f 5363 5377 5378
f 5363 5378 5379
f 5365 5370 5380
f 5365 5380 5381
f 5365 5381 5382
f 5369 5383 5370
f 5370 5384 5385
f 5370 5385 5386
f 5370 5386 5380
f 5370 5383 5387
f 5370 5387 5384
f 5371 5388 5372
f 5372 5388 5389
f 5372 5389 5390
f 5372 5390 5391
f 5372 5391 5374
f 5374 5392 5393
f 5374 5393 5394
f 5374 5394 5395
f 5374 5395 5376
f 5374 5376 5375
f 5374 5391 5392
f 5376 5395 5377
f 5377 5395 5396
f 5377 5396 5378
f 5378 5396 5379
f 5379 5396 5397
f 5379 5397 5398
f 5380 5386 5381
f 5381 5386 5385
f 5381 5385 5399
f 5381 5399 5400
f 5381 5400 5401
f 5381 5401 5402
f 5381 5402 5403
f 5381 5403 5382
f 5384 5404 5405
f 5384 5405 5406
f 5384 5406 5385
f 5384 5387 5404
f 5385 5406 5399
f 5387 5398 5404
f 5388 5407 5408
f 5388 5408 5389
f 5389 5408 5390
f 5390 5408 5409
f 5390 5409 5391
f 5391 5409 5410
f 5391 5410 5411
f 5391 5411 5412
f 5391 5412 5392
f 5392 5412 5393
f 5393 5413 5414
f 5393 5414 5415
f 5393 5415 5394
f 5393 5412 5416
f 5393 5416 5413
f 5394 5415 5395
f 5395 5415 5396
f 5396 5417 5397
f 5396 5415 5417
f 5397 5417 5398
f 5398 5417 5418
f 5398 5418 5419
f 5398 5419 5404
f 5399 5406 5405
f 5399 5405 5420
f 5399 5420 5421
f 5399 5421 5400
f 5400 5421 5422
f 5400 5422 5401
f 5401 5422 5408
f 5401 5408 5423
f 5401 5423 5402
f 5404 5419 5405
f 5405 5424 5420
f 5405 5419 5425
f 5405 5425 5424
f 5407 5426 5408
f 5408 5426 5423
f 5408 5422 5409
f 5409 5422 5410
f 5410 5422 5411
f 5411 5422 5427
f 5411 5427 5412
f 5412 5427 5428
f 5412 5428 5429
f 5412 5429 5413
f 5412 5413 5416
f 5413 5429 5414
f 5414 5429 5430
f 5414 5430 5431
f 5414 5431 5432
f 5414 5432 5433
f 5414 5433 5415
f 5415 5433 5417
f 5417 5433 5418
f 5418 5433 5434
f 5418 5434 5419
f 5419 5434 5433
f 5419 5433 5425
f 5420 5424 5431
f 5420 5431 5435
f 5420 5435 5421
f 5421 5435 5422
f 5422 5435 5431
f 5422 5431 5427
f 5424 5425 5432
f 5424 5432 5431
f 5425 5433 5432
f 5427 5431 5428
f 5428 5431 5430
f 5428 5430 5429

o geometry_68
v -0.21134531 -0.03835221 -0.27912238
v -0.21336915 -0.03835221 -0.27438902
v -0.22946286 -0.00071764 -0.21440446
v -0.21134531 -0.03745078 -0.27850274
v -0.21134531 -0.03835221 -0.17877517
v -0.21975688 -0.03835221 -0.25246066
v -0.24089754 -0.00958426 -0.18726079
v -0.23376352 -0.00789020 -0.20717533
v -0.21134531 -0.01012823 -0.25328685
v -0.21134531 -0.01298792 -0.25671207
v -0.21134531 -0.01918135 -0.26349369
v -0.21134531 -0.02162919 -0.26592061
v -0.21134531 -0.03099314 -0.27394149
v -0.21134531 -0.03542257 -0.27707412
v -0.24628601 0.00852198 -0.15565918
v -0.24798097 0.01790148 -0.14225086
v -0.24638720 0.03405722 -0.12089051
v -0.23040732 0.01803359 -0.17917107
v -0.21134531 -0.02474532 -0.15187250
v -0.23181136 -0.00483623 -0.10328242
v -0.23878094 -0.00626608 -0.10328242
v -0.23264619 -0.02025373 -0.13889448
v -0.21979905 -0.03835221 -0.18588382
v -0.22374553 -0.03835221 -0.23406080
v -0.24476391 -0.00958426 -0.16908471
v -0.24934706 -0.00344523 -0.14772436
v -0.24906457 0.00852198 -0.14657113
v -0.21134531 0.00037029 -0.21984352
v -0.22810520 0.01803359 -0.17917107
v -0.22699210 0.03697132 -0.12784424
v -0.25173350 0.00852198 -0.13273252
v -0.24879050 0.02111864 -0.13273252
v -0.24837308 0.03636518 -0.10877311
v -0.23970854 0.03843225 -0.11472854
v -0.23427369 0.03697132 -0.12784424
v -0.21134531 -0.00921903 -0.13328329
v -0.22672225 -0.00339861 -0.10328242
v -0.25110526 -0.00339861 -0.10328242
v -0.22565131 -0.03835221 -0.20541968
v -0.23550485 -0.02206436 -0.15090861
v -0.22471528 -0.03835221 -0.22344088
v -0.23593492 -0.02434901 -0.18726079
v -0.25081013 -0.00496834 -0.13273252
v -0.25390491 0.00852198 -0.11453921
v -0.21134531 0.01867080 -0.16101218
v -0.23342200 0.04103551 -0.10328242
v -0.22471107 0.03861098 -0.11453921
v -0.21134531 0.02595992 -0.13304234
v -0.25341160 0.01974319 -0.10328242
v -0.25197803 0.02695460 -0.10328242
v -0.25011021 0.02746748 -0.11472854
v -0.24876099 0.03694023 -0.10328242
v -0.23913089 0.04098111 -0.10328242
v -0.21134531 0.00911257 -0.11500394
v -0.22345039 0.00185453 -0.10328242
v -0.25349170 0.00362630 -0.10328242
v -0.25147630 -0.00431558 -0.11453921
v -0.22561758 -0.03835221 -0.21285536
v -0.23699322 -0.02354860 -0.16908471
v -0.25441508 0.00852198 -0.10328242
v -0.22397742 0.03981548 -0.10328242
v -0.21134531 0.02634070 -0.11495229
v -0.21134531 0.01560906 -0.11493508
v -0.21716384 0.02651943 -0.10328242
v -0.21988337 0.00873957 -0.10328242
f 5436 5437 5438
f 5436 5438 5439
f 5436 5439 5449
f 5436 5449 5448
f 5436 5448 5447
f 5436 5447 5446
f 5436 5446 5445
f 5436 5445 5444
f 5436 5444 5463
f 5436 5463 5480
f 5436 5480 5483
f 5436 5483 5497
f 5436 5497 5498
f 5436 5498 5489
f 5436 5489 5471
f 5436 5471 5454
f 5436 5454 5440
f 5436 5440 5458
f 5436 5458 5474
f 5436 5474 5493
f 5436 5493 5476
f 5436 5476 5459
f 5436 5459 5441
f 5436 5441 5437
f 5437 5441 5442
f 5437 5442 5443
f 5437 5443 5438
f 5438 5444 5445
f 5438 5445 5446
f 5438 5446 5447
f 5438 5447 5448
f 5438 5448 5449
f 5438 5449 5439
f 5438 5443 5442
f 5438 5442 5450
f 5438 5450 5451
f 5438 5451 5452
f 5438 5452 5453
f 5438 5453 5444
f 5440 5454 5455
f 5440 5455 5456
f 5440 5456 5457
f 5440 5457 5458
f 5441 5459 5442
f 5442 5459 5460
f 5442 5460 5461
f 5442 5461 5462
f 5442 5462 5450
f 5444 5453 5464
f 5444 5464 5465
f 5444 5465 5463
f 5450 5462 5451
f 5451 5462 5466
f 5451 5466 5467
f 5451 5467 5468
f 5451 5468 5452
f 5452 5468 5469
f 5452 5469 5470
f 5452 5470 5453
f 5453 5470 5465
f 5453 5465 5464
f 5454 5471 5472
f 5454 5472 5455
f 5455 5472 5490
f 5455 5490 5500
f 5455 5500 5499
f 5455 5499 5496
f 5455 5496 5481
f 5455 5481 5488
f 5455 5488 5487
f 5455 5487 5485
f 5455 5485 5484
f 5455 5484 5495
f 5455 5495 5491
f 5455 5491 5473
f 5455 5473 5456
f 5456 5473 5457
f 5457 5473 5458
f 5458 5473 5475
f 5458 5475 5474
f 5459 5476 5477
f 5459 5477 5460
f 5460 5478 5461
f 5460 5477 5478
f 5461 5478 5479
f 5461 5479 5466
f 5461 5466 5462
f 5463 5465 5480
f 5465 5470 5481
f 5465 5481 5482
f 5465 5482 5483
f 5465 5483 5480
f 5466 5479 5484
f 5466 5484 5485
f 5466 5485 5486
f 5466 5486 5467
f 5467 5486 5468
f 5468 5485 5487
f 5468 5487 5488
f 5468 5488 5469
f 5468 5486 5485
f 5469 5488 5470
f 5470 5488 5481
f 5471 5489 5472
f 5472 5489 5490
f 5473 5491 5492
f 5473 5492 5474
f 5473 5474 5475
f 5474 5492 5494
f 5474 5494 5493
f 5476 5493 5477
f 5477 5493 5478
f 5478 5492 5491
f 5478 5491 5495
f 5478 5495 5479
f 5478 5493 5494
f 5478 5494 5492
f 5479 5495 5484
f 5481 5496 5482
f 5482 5496 5483
f 5483 5496 5497
f 5489 5498 5499
f 5489 5499 5500
f 5489 5500 5490
f 5496 5499 5497
f 5497 5499 5498

o geometry_69
v -0.03401567 -0.17966524 0.15373761
v -0.03931141 -0.17966524 0.16836211
v -0.06001835 -0.17053738 0.19449472
v -0.06001835 -0.16457820 0.18480226
v -0.06001835 -0.15831251 0.18480226
v -0.06001835 -0.14925632 0.18610302
v -0.03375783 -0.17898453 0.15373761
v 0.09498622 -0.17966524 0.15373761
v -0.03732798 -0.17966524 0.17620279
v -0.06001835 -0.17562479 0.21266017
v -0.06001835 -0.14762819 0.18759346
v -0.00251889 -0.15050230 0.15373761
v -0.01493513 -0.15864690 0.15373761
v -0.01711690 -0.16097962 0.15373761
v 0.14256856 -0.17731262 0.15373761
v 0.09514490 -0.17966524 0.15379181
v 0.01723601 -0.17966524 0.24601922
v -0.06001835 -0.17318857 0.22785377
v -0.06001835 -0.14008070 0.19519026
v 0.00186447 -0.14959867 0.15373761
v -0.06001835 -0.13900193 0.19665362
v 0.14256856 -0.14541490 0.15373761
v 0.14256856 -0.17687871 0.17631119
v 0.08976982 -0.17966524 0.23084371
v 0.09288379 -0.17966524 0.21256082
v 0.09371683 -0.17966524 0.19449472
v -0.06001835 -0.15858718 0.24601922
v -0.06001835 -0.16660839 0.24232470
v -0.06001835 -0.16764339 0.24041873
v -0.06001835 -0.17269893 0.23084371
v 0.07945602 -0.17966524 0.24601922
v 0.01564927 -0.14744906 0.15373761
v -0.06001835 -0.13900193 0.24601922
v -0.05918532 -0.13900193 0.19663555
v 0.14022813 -0.14542683 0.15373761
v 0.13429769 -0.14546665 0.15373761
v 0.10649008 -0.14567365 0.15373761
v 0.09193175 -0.14583288 0.15373761
v 0.08832192 -0.14588861 0.15373761
v 0.14256856 -0.13900193 0.19806277
v -0.02483241 -0.13900193 0.19629230
v 0.14256856 -0.17621791 0.19423276
v 0.08760789 -0.17966524 0.23600158
v 0.08284767 -0.17966524 0.24451070
v 0.14256856 -0.16560923 0.24194532
v 0.14256856 -0.15987297 0.24601922
v 0.14256856 -0.13900193 0.24601922
v 0.14256856 -0.17620597 0.19449472
v 0.14256856 -0.17481271 0.21266017
v 0.14256856 -0.17078419 0.23084371
f 5501 5502 5503
f 5501 5503 5504
f 5501 5504 5505
f 5501 5505 5506
f 5501 5506 5507
f 5501 5507 5514
f 5501 5514 5513
f 5501 5513 5512
f 5501 5512 5520
f 5501 5520 5532
f 5501 5532 5539
f 5501 5539 5538
f 5501 5538 5537
f 5501 5537 5536
f 5501 5536 5535
f 5501 5535 5522
f 5501 5522 5515
f 5501 5515 5508
f 5501 5508 5516
f 5501 5516 5526
f 5501 5526 5525
f 5501 5525 5524
f 5501 5524 5543
f 5501 5543 5544
f 5501 5544 5531
f 5501 5531 5517
f 5501 5517 5509
f 5501 5509 5502
f 5502 5509 5510
f 5502 5510 5503
f 5503 5510 5518
f 5503 5518 5530
f 5503 5530 5529
f 5503 5529 5528
f 5503 5528 5527
f 5503 5527 5533
f 5503 5533 5521
f 5503 5521 5519
f 5503 5519 5511
f 5503 5511 5506
f 5503 5506 5505
f 5503 5505 5504
f 5506 5511 5512
f 5506 5512 5513
f 5506 5513 5514
f 5506 5514 5507
f 5508 5515 5516
f 5509 5517 5510
f 5510 5517 5518
f 5511 5519 5512
f 5512 5519 5521
f 5512 5521 5520
f 5515 5522 5540
f 5515 5540 5547
f 5515 5547 5546
f 5515 5546 5545
f 5515 5545 5550
f 5515 5550 5549
f 5515 5549 5548
f 5515 5548 5542
f 5515 5542 5523
f 5515 5523 5524
f 5515 5524 5525
f 5515 5525 5526
f 5515 5526 5516
f 5517 5527 5528
f 5517 5528 5529
f 5517 5529 5530
f 5517 5530 5518
f 5517 5531 5546
f 5517 5546 5547
f 5517 5547 5533
f 5517 5533 5527
f 5520 5521 5532
f 5521 5533 5547
f 5521 5547 5540
f 5521 5540 5541
f 5521 5541 5534
f 5521 5534 5522
f 5521 5522 5535
f 5521 5535 5536
f 5521 5536 5537
f 5521 5537 5538
f 5521 5538 5539
f 5521 5539 5532
f 5522 5534 5541
f 5522 5541 5540
f 5523 5542 5524
f 5524 5542 5543
f 5531 5544 5545
f 5531 5545 5546
f 5542 5548 5543
f 5543 5548 5544
f 5544 5548 5549
f 5544 5549 5550
f 5544 5550 5545

o geometry_70
v -0.09339869 -0.17327812 -0.25996972
v -0.08179146 -0.17323756 -0.25996972
v -0.08179146 -0.17066762 -0.24792921
v -0.11156869 -0.17266479 -0.25996972
v -0.11156869 -0.17236064 -0.27813680
v -0.09339869 -0.17292836 -0.27813680
v -0.08179146 -0.17292329 -0.27813680
v -0.08179146 -0.16897966 -0.24290688
v -0.12416324 -0.16761106 -0.24666135
v -0.12416324 -0.17151920 -0.25996972
v -0.12416324 -0.17104271 -0.27813680
v -0.12416324 -0.16852852 -0.28894219
v -0.11156869 -0.16782395 -0.29509331
v -0.08179146 -0.16835619 -0.29689285
v -0.08179146 -0.15798514 -0.23877613
v -0.12416324 -0.12149388 -0.22434716
v -0.12416324 -0.16713457 -0.29414446
v -0.08179146 -0.16396142 -0.30570235
v -0.08179146 -0.15451292 -0.23751647
v -0.12416324 -0.12149388 -0.28606291
v -0.08179146 -0.14071021 -0.24334040
v -0.08725906 -0.12149388 -0.25390038
v -0.12416324 -0.15859849 -0.29956761
v -0.08567851 -0.16369276 -0.30548151
v -0.08179146 -0.15451292 -0.30697023
v -0.08179146 -0.12149388 -0.30606227
v -0.12416324 -0.12447949 -0.28841867
v -0.08179146 -0.12149388 -0.25937259
v -0.12416324 -0.15451292 -0.30190698
v -0.08179146 -0.13640162 -0.30789451
v -0.08179146 -0.12300442 -0.30671663
v -0.12416324 -0.13640162 -0.29623846
v -0.08179146 -0.12924935 -0.30732193
f 5551 5552 5553
f 5551 5553 5554
f 5551 5554 5555
f 5551 5555 5556
f 5551 5556 5557
f 5551 5557 5552
f 5552 5557 5564
f 5552 5564 5568
f 5552 5568 5575
f 5552 5575 5580
f 5552 5580 5583
f 5552 5583 5581
f 5552 5581 5576
f 5552 5576 5578
f 5552 5578 5571
f 5552 5571 5569
f 5552 5569 5565
f 5552 5565 5558
f 5552 5558 5553
f 5553 5558 5559
f 5553 5559 5554
f 5554 5559 5560
f 5554 5560 5555
f 5555 5561 5562
f 5555 5562 5563
f 5555 5563 5564
f 5555 5564 5556
f 5555 5560 5561
f 5556 5564 5557
f 5558 5565 5566
f 5558 5566 5559
f 5559 5566 5570
f 5559 5570 5577
f 5559 5577 5582
f 5559 5582 5579
f 5559 5579 5573
f 5559 5573 5567
f 5559 5567 5562
f 5559 5562 5561
f 5559 5561 5560
f 5562 5567 5563
f 5563 5567 5568
f 5563 5568 5564
f 5565 5569 5566
f 5566 5569 5571
f 5566 5571 5572
f 5566 5572 5578
f 5566 5578 5576
f 5566 5576 5570
f 5567 5573 5574
f 5567 5574 5568
f 5568 5574 5575
f 5570 5576 5577
f 5571 5578 5572
f 5573 5579 5574
f 5574 5579 5575
f 5575 5579 5580
f 5576 5581 5582
f 5576 5582 5577
f 5579 5582 5581
f 5579 5581 5583
f 5579 5583 5580

o geometry_71
v -0.08178731 -0.17324046 -0.25995192
v -0.07522382 -0.17321513 -0.25995192
v -0.06004031 -0.17304798 -0.24477168
v -0.06004031 -0.17219195 -0.18775711
v -0.06895201 -0.16846393 -0.18775711
v -0.07022085 -0.16793207 -0.18775711
v -0.08178731 -0.17067237 -0.24793984
v -0.08178731 -0.17292135 -0.27812906
v -0.07522382 -0.17292135 -0.27812906
v -0.06004031 -0.17302771 -0.25995192
v -0.06004031 -0.15065957 -0.18775711
v -0.07022085 -0.15688477 -0.18775711
v -0.08178731 -0.15451423 -0.23751795
v -0.08178731 -0.15798392 -0.23877787
v -0.08178731 -0.16897551 -0.24290015
v -0.08178731 -0.16835756 -0.29689337
v -0.07522382 -0.16901604 -0.29630620
v -0.06004031 -0.16940607 -0.29630620
v -0.06004031 -0.17264783 -0.27812906
v -0.06004031 -0.17297707 -0.26294882
v -0.08178731 -0.12149893 -0.25936477
v -0.06985041 -0.15664164 -0.18775711
v -0.06004031 -0.12149893 -0.26632492
v -0.08178731 -0.14071143 -0.24334051
v -0.08178731 -0.16396092 -0.30570059
v -0.07522382 -0.16441173 -0.30605532
v -0.06004031 -0.16498410 -0.30656909
v -0.08178731 -0.12149893 -0.30606757
v -0.06004031 -0.12149893 -0.31247727
v -0.08178731 -0.15451423 -0.30697273
v -0.07522382 -0.15451423 -0.30812259
v -0.06004031 -0.15451423 -0.30971276
v -0.07944549 -0.12149893 -0.30721740
v -0.08178731 -0.12300332 -0.30671585
v -0.06004031 -0.13640596 -0.31270968
v -0.07522382 -0.13640596 -0.30981064
v -0.07536859 -0.12149893 -0.30834275
v -0.08178731 -0.13640596 -0.30790241
v -0.08178731 -0.12924876 -0.30731524
f 5584 5585 5586
f 5584 5586 5587
f 5584 5587 5588
f 5584 5588 5589
f 5584 5589 5590
f 5584 5590 5598
f 5584 5598 5597
f 5584 5597 5596
f 5584 5596 5607
f 5584 5607 5604
f 5584 5604 5611
f 5584 5611 5617
f 5584 5617 5622
f 5584 5622 5621
f 5584 5621 5613
f 5584 5613 5608
f 5584 5608 5599
f 5584 5599 5591
f 5584 5591 5592
f 5584 5592 5585
f 5585 5593 5586
f 5585 5592 5593
f 5586 5593 5603
f 5586 5603 5602
f 5586 5602 5601
f 5586 5601 5610
f 5586 5610 5615
f 5586 5615 5618
f 5586 5618 5612
f 5586 5612 5606
f 5586 5606 5594
f 5586 5594 5587
f 5587 5594 5605
f 5587 5605 5595
f 5587 5595 5589
f 5587 5589 5588
f 5589 5595 5596
f 5589 5596 5597
f 5589 5597 5598
f 5589 5598 5590
f 5591 5599 5600
f 5591 5600 5601
f 5591 5601 5592
f 5592 5601 5602
f 5592 5602 5603
f 5592 5603 5593
f 5594 5604 5605
f 5594 5606 5604
f 5595 5605 5604
f 5595 5604 5607
f 5595 5607 5596
f 5599 5608 5609
f 5599 5609 5600
f 5600 5609 5610
f 5600 5610 5601
f 5604 5606 5612
f 5604 5612 5620
f 5604 5620 5616
f 5604 5616 5611
f 5608 5613 5614
f 5608 5614 5615
f 5608 5615 5609
f 5609 5615 5610
f 5611 5616 5617
f 5612 5618 5619
f 5612 5619 5620
f 5613 5621 5619
f 5613 5619 5618
f 5613 5618 5614
f 5614 5618 5615
f 5616 5620 5617
f 5617 5620 5622
f 5619 5621 5622
f 5619 5622 5620

o geometry_72
v -0.25971073 0.29790917 0.17283829
v -0.25971073 0.29875550 0.17678817
v -0.26914529 0.30480067 0.17630090
v -0.27295503 0.30340672 0.15813771
v -0.28473966 0.30701960 0.13434515
v -0.28473966 0.30701960 0.12819745
v -0.27512960 0.30665689 0.12739918
v -0.26518996 0.30682757 0.12892314
v -0.25971073 0.30403970 0.14796756
v -0.25971073 0.30227594 0.18698941
v -0.25971073 0.30355609 0.18965375
v -0.26633288 0.30704805 0.18571426
v -0.28604526 0.32275833 0.17011174
v -0.28203856 0.31019864 0.15813771
v -0.28352395 0.30788012 0.14646432
v -0.29015468 0.31495653 0.14023368
v -0.29120342 0.31505607 0.12199790
v -0.29240630 0.31785820 0.10654053
v -0.28913160 0.31661362 0.10654053
v -0.27512960 0.31358392 0.10654053
v -0.27512960 0.30950164 0.11831757
v -0.27285231 0.31482138 0.10654053
v -0.26292549 0.32087367 0.10654053
v -0.25971073 0.30812195 0.13950797
v -0.25971073 0.31608021 0.19746022
v -0.25984771 0.31650691 0.19759498
v -0.26905537 0.31650691 0.18850302
v -0.29238488 0.33461394 0.15813771
v -0.28860936 0.31925212 0.15813771
v -0.28225261 0.33461394 0.18238641
v -0.28701695 0.33461394 0.17329443
v -0.30150266 0.32941510 0.10654053
v -0.26035711 0.33452149 0.10654053
v -0.25971073 0.31595932 0.12405060
v -0.25971073 0.31650691 0.19771938
v -0.26358043 0.32996985 0.20134788
v -0.26688509 0.34203881 0.20431287
v -0.27224873 0.33544605 0.19496173
v -0.28611802 0.34555921 0.17242359
v -0.30280826 0.34411550 0.11477202
v -0.30280826 0.33985544 0.11477202
v -0.29643009 0.33461394 0.13996413
v -0.30042821 0.33414455 0.12121000
v -0.26730887 0.35272807 0.20513188
v -0.26688938 0.36306883 0.20491416
v -0.30343751 0.33813434 0.10654053
v -0.26029717 0.33590119 0.10654053
v -0.25971073 0.33350447 0.12200827
v -0.25971073 0.33334801 0.20613749
v -0.25971073 0.33710311 0.20791027
v -0.25971073 0.34862447 0.21206748
v -0.25971073 0.35186752 0.21245107
v -0.30343751 0.34491913 0.10654053
v -0.25971073 0.37055771 0.21169427
v -0.25971073 0.37000299 0.21189123
v -0.26051977 0.34734432 0.10654053
v -0.25971073 0.33381740 0.12207048
v -0.25971073 0.36927043 0.19375915
v -0.29580513 0.34789904 0.10654053
v -0.27343447 0.35138390 0.10654053
v -0.25971073 0.36875837 0.19161315
v -0.27625543 0.35131989 0.10654053
v -0.29337371 0.34867426 0.10654053
f 5623 5624 5625
f 5623 5625 5626
f 5623 5626 5627
f 5623 5627 5628
f 5623 5628 5629
f 5623 5629 5630
f 5623 5630 5631
f 5623 5631 5646
f 5623 5646 5656
f 5623 5656 5670
f 5623 5670 5679
f 5623 5679 5683
f 5623 5683 5680
f 5623 5680 5676
f 5623 5676 5677
f 5623 5677 5674
f 5623 5674 5673
f 5623 5673 5672
f 5623 5672 5671
f 5623 5671 5657
f 5623 5657 5647
f 5623 5647 5633
f 5623 5633 5632
f 5623 5632 5624
f 5624 5632 5625
f 5625 5632 5633
f 5625 5633 5634
f 5625 5634 5635
f 5625 5635 5636
f 5625 5636 5637
f 5625 5637 5626
f 5626 5637 5627
f 5627 5638 5639
f 5627 5639 5628
f 5627 5637 5638
f 5628 5639 5640
f 5628 5640 5641
f 5628 5641 5642
f 5628 5642 5643
f 5628 5643 5629
f 5629 5643 5630
f 5630 5643 5642
f 5630 5642 5644
f 5630 5644 5645
f 5630 5645 5646
f 5630 5646 5631
f 5633 5647 5634
f 5634 5647 5648
f 5634 5648 5649
f 5634 5649 5635
f 5635 5650 5651
f 5635 5651 5636
f 5635 5649 5652
f 5635 5652 5653
f 5635 5653 5650
f 5636 5651 5637
f 5637 5651 5638
f 5638 5654 5639
f 5638 5651 5654
f 5639 5654 5640
f 5640 5654 5668
f 5640 5668 5675
f 5640 5675 5681
f 5640 5681 5685
f 5640 5685 5684
f 5640 5684 5682
f 5640 5682 5678
f 5640 5678 5669
f 5640 5669 5655
f 5640 5655 5645
f 5640 5645 5644
f 5640 5644 5642
f 5640 5642 5641
f 5645 5655 5656
f 5645 5656 5646
f 5647 5657 5648
f 5648 5657 5658
f 5648 5658 5649
f 5649 5658 5659
f 5649 5659 5660
f 5649 5660 5652
f 5650 5653 5661
f 5650 5661 5662
f 5650 5662 5663
f 5650 5663 5664
f 5650 5664 5651
f 5651 5664 5665
f 5651 5665 5654
f 5652 5661 5653
f 5652 5660 5659
f 5652 5659 5666
f 5652 5666 5667
f 5652 5667 5661
f 5654 5665 5663
f 5654 5663 5668
f 5655 5669 5656
f 5656 5669 5670
f 5657 5671 5658
f 5658 5671 5672
f 5658 5672 5659
f 5659 5672 5673
f 5659 5673 5674
f 5659 5674 5666
f 5661 5667 5662
f 5662 5675 5668
f 5662 5668 5663
f 5662 5667 5676
f 5662 5676 5675
f 5663 5665 5664
f 5666 5674 5677
f 5666 5677 5667
f 5667 5677 5676
f 5669 5678 5679
f 5669 5679 5670
f 5675 5676 5680
f 5675 5680 5681
f 5678 5682 5683
f 5678 5683 5679
f 5680 5682 5684
f 5680 5684 5685
f 5680 5685 5681
f 5680 5683 5682

o geometry_73
v -0.21354796 -0.04350201 0.10190177
v -0.21354796 0.01727739 0.10190177
v -0.19351322 -0.04350201 0.10190177
v -0.21354796 -0.04350201 0.21976996
v -0.21354796 0.01705155 0.10296285
v -0.19351322 0.02640012 0.21266210
v -0.21318122 0.01716789 0.10190177
v -0.19351322 -0.00980335 0.10190177
v -0.19351322 -0.04350201 0.25036714
v -0.21211046 -0.04350201 0.22302590
v -0.21354796 -0.02769978 0.20891195
v -0.21354796 0.00121509 0.15591560
v -0.21354796 -0.01261614 0.19447822
v -0.21354796 -0.01499777 0.19789406
v -0.19529391 0.02174636 0.21266210
v -0.19351322 0.01809180 0.22165956
v -0.19351322 0.02373790 0.19776324
v -0.20743320 0.01062526 0.10190177
v -0.20665660 0.00959869 0.10190177
v -0.19351322 -0.03715100 0.24959675
v -0.19753938 -0.04350201 0.24737282
v -0.20899816 -0.04350201 0.22947964
v -0.19351322 0.01196663 0.22586031
v -0.19351322 0.01786595 0.22189213
v -0.21354796 -0.02633787 0.20796715
v -0.21354796 -0.01914508 0.20273437
v -0.19351322 -0.02227268 0.24506169
v -0.19862781 -0.04350201 0.24620999
v -0.20821764 -0.04350201 0.23109309
v -0.19351322 0.00087975 0.23298269
v -0.21207320 -0.01707827 0.20472573
v -0.19351322 -0.01518255 0.24184934
v -0.19605875 -0.02769978 0.24381162
v -0.20775287 -0.04350201 0.23195068
v -0.19351322 -0.00500588 0.23654389
v -0.19351322 -0.01112420 0.23995973
v -0.19414470 -0.01577111 0.24119524
f 5686 5687 5692
f 5686 5692 5703
f 5686 5703 5704
f 5686 5704 5693
f 5686 5693 5688
f 5686 5688 5694
f 5686 5694 5706
f 5686 5706 5713
f 5686 5713 5719
f 5686 5719 5714
f 5686 5714 5707
f 5686 5707 5695
f 5686 5695 5689
f 5686 5689 5696
f 5686 5696 5710
f 5686 5710 5711
f 5686 5711 5699
f 5686 5699 5698
f 5686 5698 5697
f 5686 5697 5690
f 5686 5690 5687
f 5687 5690 5691
f 5687 5691 5692
f 5688 5693 5702
f 5688 5702 5691
f 5688 5691 5701
f 5688 5701 5709
f 5688 5709 5708
f 5688 5708 5715
f 5688 5715 5720
f 5688 5720 5721
f 5688 5721 5717
f 5688 5717 5712
f 5688 5712 5705
f 5688 5705 5694
f 5689 5695 5696
f 5690 5697 5691
f 5691 5697 5698
f 5691 5698 5699
f 5691 5699 5700
f 5691 5700 5701
f 5691 5702 5692
f 5692 5702 5703
f 5693 5704 5702
f 5694 5705 5706
f 5695 5707 5708
f 5695 5708 5709
f 5695 5709 5696
f 5696 5709 5710
f 5699 5711 5700
f 5700 5711 5701
f 5701 5711 5709
f 5702 5704 5703
f 5705 5712 5706
f 5706 5712 5713
f 5707 5714 5715
f 5707 5715 5708
f 5709 5711 5716
f 5709 5716 5710
f 5710 5716 5711
f 5712 5717 5718
f 5712 5718 5713
f 5713 5718 5719
f 5714 5719 5720
f 5714 5720 5715
f 5717 5721 5722
f 5717 5722 5718
f 5718 5722 5719
f 5719 5722 5721
f 5719 5721 5720

o geometry_74
v -0.30436485 0.33785051 0.08542038
v -0.30366134 0.33752660 0.10359854
v -0.30436485 0.34663123 0.08542038
v -0.30374856 0.34029759 0.07194605
v -0.30045775 0.32878905 0.08542038
v -0.30171941 0.32846518 0.10359854
v -0.30343459 0.33813839 0.10654051
v -0.30366134 0.34521337 0.10359854
v -0.30374856 0.34600505 0.07194605
v -0.26311913 0.38710904 0.06786829
v -0.26468315 0.38710904 0.04994498
v -0.25190942 0.33567689 0.04994498
v -0.29394005 0.33440296 0.06851097
v -0.28830614 0.32321111 0.07307075
v -0.25647354 0.35272739 0.04994498
v -0.29137019 0.32070645 0.08542038
v -0.29263185 0.31838891 0.10359854
v -0.29240513 0.31785629 0.10654051
v -0.30150429 0.32941523 0.10654051
v -0.30343459 0.34492545 0.10654051
v -0.26022949 0.38710904 0.08542038
v -0.24497312 0.38710904 0.04994498
v -0.24846742 0.32534154 0.04994498
v -0.24497312 0.31706461 0.04994498
v -0.27512541 0.31358830 0.10654051
v -0.28913173 0.31661115 0.10654051
v -0.25584560 0.38710904 0.10654051
v -0.25707239 0.38710904 0.10147656
v -0.24497312 0.38710904 0.10654051
v -0.24497312 0.32121025 0.06253285
v -0.26292726 0.32087199 0.10654051
v -0.27285205 0.31481905 0.10654051
v -0.24497312 0.34902075 0.10654051
v -0.24497312 0.33423023 0.08709913
v -0.24497312 0.34752369 0.10481190
f 5723 5724 5730
f 5723 5730 5725
f 5723 5725 5731
f 5723 5731 5726
f 5723 5726 5727
f 5723 5727 5728
f 5723 5728 5724
f 5724 5729 5742
f 5724 5742 5730
f 5724 5728 5729
f 5725 5730 5732
f 5725 5732 5733
f 5725 5733 5731
f 5726 5734 5735
f 5726 5735 5736
f 5726 5736 5727
f 5726 5731 5733
f 5726 5733 5737
f 5726 5737 5734
f 5727 5736 5738
f 5727 5738 5739
f 5727 5739 5740
f 5727 5740 5728
f 5728 5741 5729
f 5728 5740 5741
f 5729 5741 5740
f 5729 5740 5748
f 5729 5748 5747
f 5729 5747 5754
f 5729 5754 5753
f 5729 5753 5755
f 5729 5755 5751
f 5729 5751 5749
f 5729 5749 5742
f 5730 5742 5743
f 5730 5743 5732
f 5732 5743 5750
f 5732 5750 5749
f 5732 5749 5751
f 5732 5751 5744
f 5732 5744 5733
f 5733 5744 5746
f 5733 5746 5745
f 5733 5745 5734
f 5733 5734 5737
f 5734 5745 5735
f 5735 5745 5746
f 5735 5746 5736
f 5736 5746 5738
f 5738 5746 5747
f 5738 5747 5748
f 5738 5748 5739
f 5739 5748 5740
f 5742 5749 5750
f 5742 5750 5743
f 5744 5751 5755
f 5744 5755 5757
f 5744 5757 5756
f 5744 5756 5752
f 5744 5752 5746
f 5746 5752 5753
f 5746 5753 5754
f 5746 5754 5747
f 5752 5756 5753
f 5753 5756 5757
f 5753 5757 5755

o geometry_75
v -0.25378033 0.39217652 -0.13273624
v -0.25378033 0.39217652 -0.19060257
v -0.26431197 0.39217652 -0.13273624
v -0.25378033 0.33594447 -0.13273624
v -0.25458259 0.39217652 -0.18724716
v -0.25378033 0.35124720 -0.21778726
v -0.26189543 0.35142203 -0.21778726
v -0.27923908 0.34916575 -0.21778726
v -0.28666860 0.34554405 -0.21778726
v -0.30246604 0.34377066 -0.16037887
v -0.25956154 0.35289567 -0.13273624
v -0.26423903 0.39217652 -0.13318585
v -0.30255358 0.34389554 -0.15089545
v -0.30252928 0.34387889 -0.14157023
v -0.29346603 0.33612765 -0.13876433
v -0.25534598 0.33732656 -0.13273624
v -0.28751463 0.32362238 -0.13980510
v -0.28096518 0.32362238 -0.13980510
v -0.27779983 0.32091650 -0.15089545
v -0.26524551 0.30712906 -0.21332449
v -0.25378033 0.31336507 -0.21778726
v -0.25519524 0.39217652 -0.18414153
v -0.29270266 0.33431264 -0.21778726
v -0.29738986 0.33362990 -0.20509831
v -0.30298630 0.32692769 -0.19882043
v -0.30344823 0.32854289 -0.18724716
v -0.26186139 0.39217652 -0.14726527
v -0.25880790 0.39217652 -0.16464182
v -0.25801535 0.39217652 -0.16904632
v -0.25589055 0.33894173 -0.13273624
v -0.30252928 0.34317121 -0.14157023
v -0.25557450 0.33791769 -0.13273624
v -0.29346603 0.32178239 -0.15254401
v -0.29330072 0.31726150 -0.16907963
v -0.27513048 0.31261576 -0.18724716
v -0.29963134 0.33109889 -0.14758998
v -0.30247579 0.32546237 -0.15970444
v -0.26723419 0.30712906 -0.21332449
v -0.26524551 0.30712906 -0.21622195
v -0.26197322 0.30856111 -0.21778726
v -0.29143847 0.32532916 -0.21778726
v -0.30298630 0.32477134 -0.19882043
v -0.30344823 0.32417188 -0.18724716
v -0.30305926 0.32468808 -0.16907963
v -0.29330072 0.31557973 -0.18724716
v -0.26723419 0.30712906 -0.21622195
v -0.26359236 0.30785343 -0.21778726
v -0.29049033 0.32074999 -0.21778726
v -0.29437039 0.31904321 -0.20509831
v -0.26885331 0.30832797 -0.21778726
f 5758 5759 5762
f 5758 5762 5779
f 5758 5779 5786
f 5758 5786 5785
f 5758 5785 5784
f 5758 5784 5769
f 5758 5769 5760
f 5758 5760 5768
f 5758 5768 5787
f 5758 5787 5789
f 5758 5789 5773
f 5758 5773 5761
f 5758 5761 5778
f 5758 5778 5763
f 5758 5763 5759
f 5759 5763 5764
f 5759 5764 5765
f 5759 5765 5766
f 5759 5766 5767
f 5759 5767 5762
f 5760 5769 5767
f 5760 5767 5770
f 5760 5770 5771
f 5760 5771 5772
f 5760 5772 5768
f 5761 5773 5774
f 5761 5774 5775
f 5761 5775 5776
f 5761 5776 5777
f 5761 5777 5778
f 5762 5767 5779
f 5763 5778 5797
f 5763 5797 5804
f 5763 5804 5807
f 5763 5807 5805
f 5763 5805 5798
f 5763 5798 5780
f 5763 5780 5766
f 5763 5766 5765
f 5763 5765 5764
f 5766 5780 5781
f 5766 5781 5767
f 5767 5781 5782
f 5767 5782 5783
f 5767 5783 5770
f 5767 5769 5784
f 5767 5784 5785
f 5767 5785 5786
f 5767 5786 5779
f 5768 5772 5787
f 5770 5783 5771
f 5771 5783 5800
f 5771 5800 5788
f 5771 5788 5772
f 5772 5773 5789
f 5772 5789 5787
f 5772 5788 5774
f 5772 5774 5773
f 5774 5790 5791
f 5774 5791 5792
f 5774 5792 5776
f 5774 5776 5775
f 5774 5788 5793
f 5774 5793 5794
f 5774 5794 5790
f 5776 5792 5777
f 5777 5792 5795
f 5777 5795 5803
f 5777 5803 5796
f 5777 5796 5797
f 5777 5797 5778
f 5780 5798 5799
f 5780 5799 5782
f 5780 5782 5781
f 5782 5799 5800
f 5782 5800 5783
f 5788 5800 5801
f 5788 5801 5794
f 5788 5794 5793
f 5790 5794 5791
f 5791 5802 5795
f 5791 5795 5792
f 5791 5794 5801
f 5791 5801 5802
f 5795 5802 5803
f 5796 5804 5797
f 5796 5803 5804
f 5798 5805 5799
f 5799 5805 5806
f 5799 5806 5802
f 5799 5802 5800
f 5800 5802 5801
f 5802 5806 5803
f 5803 5807 5804
f 5803 5806 5807
f 5805 5807 5806

o geometry_76
v -0.06001835 -0.20055757 0.03110956
v -0.03919240 -0.20745001 0.15373761
v -0.06001835 -0.20028429 0.06199464
v -0.06001835 -0.16431604 0.03110956
v -0.02042921 -0.20338135 0.03110956
v -0.04270307 -0.19019157 0.15373761
v -0.06001835 -0.18252182 0.11356180
v -0.06001835 -0.18356632 0.11206136
v -0.06001835 -0.18983328 0.10060999
v -0.06001835 -0.19557801 0.08542552
v -0.06001835 -0.19874185 0.07061317
v -0.06001835 -0.19915479 0.06830849
v -0.01963585 -0.20339348 0.03110956
v -0.00224122 -0.20333883 0.03110956
v 0.01590711 -0.20327204 0.03110956
v 0.03401577 -0.20313844 0.03110956
v 0.05216410 -0.20256154 0.03110956
v 0.06848768 -0.20179031 0.03110956
v 0.07999154 -0.20034503 0.15373761
v -0.06001835 -0.15800049 0.08542552
v -0.05704322 -0.15755112 0.08542552
v -0.03887505 -0.15593580 0.08542552
v 0.14256856 -0.15082263 0.03110956
v -0.06001835 -0.17516785 0.11427001
v -0.03375783 -0.17898754 0.15373761
v -0.06001835 -0.16512371 0.11299763
v -0.06001835 -0.17208903 0.11401793
v -0.06001835 -0.17477313 0.11427001
v 0.14256856 -0.18588607 0.03110956
v 0.07953535 -0.19999888 0.05684513
v 0.07973369 -0.20013855 0.06725218
v 0.07979319 -0.20019320 0.08542552
v 0.14256856 -0.17731150 0.15373761
v -0.06001835 -0.15820696 0.08771820
v -0.00251889 -0.15050685 0.15373761
v 0.00186447 -0.14960203 0.15373761
v 0.01564927 -0.14744624 0.15373761
v 0.08832192 -0.14700901 0.10358687
v 0.10649008 -0.14768914 0.08542552
v 0.14256856 -0.15081656 0.03115757
v -0.01711690 -0.16098824 0.15373761
v -0.06001835 -0.15973727 0.10443912
v -0.01493513 -0.15865027 0.15373761
v 0.14256856 -0.14541797 0.15373761
v 0.08832192 -0.14589164 0.15373761
v 0.08832192 -0.14624994 0.12177221
v 0.10649008 -0.14637746 0.10358687
v 0.12467807 -0.14680862 0.08542552
v 0.14256856 -0.14781061 0.06751626
v 0.14256856 -0.14609205 0.10358687
v 0.12467807 -0.14612848 0.10358687
v 0.14022813 -0.14543012 0.15373761
v 0.09193175 -0.14583092 0.15373761
v 0.10649008 -0.14567910 0.15373761
v 0.10649008 -0.14606775 0.12177221
v 0.14256856 -0.14658999 0.08568960
v 0.14256856 -0.14660214 0.08542552
v 0.13429769 -0.14546657 0.15373761
f 5808 5809 5810
f 5808 5810 5819
f 5808 5819 5818
f 5808 5818 5817
f 5808 5817 5816
f 5808 5816 5815
f 5808 5815 5814
f 5808 5814 5831
f 5808 5831 5835
f 5808 5835 5834
f 5808 5834 5833
f 5808 5833 5849
f 5808 5849 5841
f 5808 5841 5827
f 5808 5827 5811
f 5808 5811 5830
f 5808 5830 5836
f 5808 5836 5825
f 5808 5825 5824
f 5808 5824 5823
f 5808 5823 5822
f 5808 5822 5821
f 5808 5821 5820
f 5808 5820 5812
f 5808 5812 5809
f 5809 5813 5814
f 5809 5814 5815
f 5809 5815 5816
f 5809 5816 5817
f 5809 5817 5818
f 5809 5818 5819
f 5809 5819 5810
f 5809 5812 5820
f 5809 5820 5821
f 5809 5821 5822
f 5809 5822 5823
f 5809 5823 5824
f 5809 5824 5825
f 5809 5825 5826
f 5809 5826 5840
f 5809 5840 5851
f 5809 5851 5859
f 5809 5859 5865
f 5809 5865 5861
f 5809 5861 5860
f 5809 5860 5852
f 5809 5852 5844
f 5809 5844 5843
f 5809 5843 5842
f 5809 5842 5850
f 5809 5850 5848
f 5809 5848 5832
f 5809 5832 5813
f 5811 5827 5828
f 5811 5828 5829
f 5811 5829 5830
f 5813 5831 5814
f 5813 5832 5833
f 5813 5833 5834
f 5813 5834 5835
f 5813 5835 5831
f 5825 5836 5837
f 5825 5837 5838
f 5825 5838 5839
f 5825 5839 5826
f 5826 5839 5836
f 5826 5836 5840
f 5827 5841 5842
f 5827 5842 5843
f 5827 5843 5844
f 5827 5844 5828
f 5828 5844 5829
f 5829 5844 5845
f 5829 5845 5846
f 5829 5846 5847
f 5829 5847 5830
f 5830 5847 5856
f 5830 5856 5864
f 5830 5864 5863
f 5830 5863 5857
f 5830 5857 5851
f 5830 5851 5840
f 5830 5840 5836
f 5832 5848 5833
f 5833 5848 5850
f 5833 5850 5849
f 5836 5839 5838
f 5836 5838 5837
f 5841 5849 5842
f 5842 5849 5850
f 5844 5852 5853
f 5844 5853 5845
f 5845 5853 5854
f 5845 5854 5855
f 5845 5855 5846
f 5846 5855 5847
f 5847 5855 5856
f 5851 5857 5858
f 5851 5858 5859
f 5852 5860 5853
f 5853 5860 5861
f 5853 5861 5862
f 5853 5862 5858
f 5853 5858 5854
f 5854 5858 5855
f 5855 5858 5863
f 5855 5863 5864
f 5855 5864 5856
f 5857 5863 5858
f 5858 5862 5861
f 5858 5861 5865
f 5858 5865 5859

o geometry_77
v -0.23877837 0.05096445 -0.03266840
v -0.23098304 0.04730959 -0.03266840
v -0.22302474 0.04295524 -0.06000843
v -0.23877837 0.05059722 -0.04182783
v -0.25164838 0.04306891 -0.04182783
v -0.25165291 0.04340991 -0.03266840
v -0.22306547 0.04326127 -0.03266840
v -0.22305190 0.04322630 -0.04182783
v -0.22313790 0.04212459 -0.07817521
v -0.21716238 0.02651713 -0.10328242
v -0.22352269 0.04055947 -0.09635581
v -0.23877837 0.04885722 -0.06000843
v -0.25124549 0.04159997 -0.06000843
v -0.25681811 0.02663954 -0.06000843
v -0.25759222 0.02663954 -0.04182783
v -0.25459993 0.03526080 -0.03266840
v -0.22024068 0.03486734 -0.03266840
v -0.22397539 0.03981626 -0.10328242
v -0.21749285 0.02663954 -0.03266840
v -0.21134531 -0.03780136 -0.03266840
v -0.21134531 -0.03815985 -0.04182783
v -0.21134531 -0.03834346 -0.04459986
v -0.21988306 0.00874123 -0.10328242
v -0.23877837 0.04616417 -0.07817521
v -0.25044875 0.03973757 -0.07817521
v -0.25535592 0.02663954 -0.07817521
v -0.25441885 0.00852264 -0.10328242
v -0.25473122 0.00852264 -0.09635581
v -0.25527444 0.00852264 -0.07817521
v -0.25580861 0.00852264 -0.06000843
v -0.25584031 0.00852264 -0.04182783
v -0.25665968 0.01765978 -0.03266840
v -0.25752432 0.02663954 -0.03266840
v -0.23342757 0.04103163 -0.10328242
v -0.21134531 -0.03834346 -0.03266840
v -0.21153996 -0.03834346 -0.04182783
v -0.25110516 -0.00339499 -0.10328242
v -0.23877837 -0.00626291 -0.10328242
v -0.23181146 -0.00483770 -0.10328242
v -0.22671869 -0.00339499 -0.10328242
v -0.22345027 0.00185996 -0.10328242
v -0.23877837 0.04251806 -0.09635581
v -0.24876021 0.03693959 -0.10328242
v -0.24925365 0.03765657 -0.09635581
v -0.25311057 0.02663954 -0.09635581
v -0.25341387 0.01974078 -0.10328242
v -0.25349084 0.00363493 -0.10328242
v -0.25560944 0.00852264 -0.03266840
v -0.23913148 0.04097917 -0.10328242
v -0.21188401 -0.03834346 -0.03266840
v -0.24973803 -0.00169872 -0.03266840
v -0.25197885 0.02695431 -0.10328242
f 5866 5867 5868
f 5866 5868 5869
f 5866 5869 5870
f 5866 5870 5871
f 5866 5871 5881
f 5866 5881 5898
f 5866 5898 5897
f 5866 5897 5913
f 5866 5913 5916
f 5866 5916 5915
f 5866 5915 5900
f 5866 5900 5885
f 5866 5885 5884
f 5866 5884 5882
f 5866 5882 5872
f 5866 5872 5867
f 5867 5872 5873
f 5867 5873 5868
f 5868 5874 5869
f 5868 5873 5875
f 5868 5875 5874
f 5869 5874 5876
f 5869 5876 5877
f 5869 5877 5878
f 5869 5878 5870
f 5870 5878 5879
f 5870 5879 5880
f 5870 5880 5871
f 5871 5880 5881
f 5872 5882 5875
f 5872 5875 5873
f 5874 5875 5876
f 5875 5883 5876
f 5875 5882 5884
f 5875 5884 5885
f 5875 5885 5886
f 5875 5886 5887
f 5875 5887 5888
f 5875 5888 5906
f 5875 5906 5905
f 5875 5905 5904
f 5875 5904 5903
f 5875 5903 5902
f 5875 5902 5912
f 5875 5912 5892
f 5875 5892 5911
f 5875 5911 5917
f 5875 5917 5908
f 5875 5908 5914
f 5875 5914 5899
f 5875 5899 5883
f 5876 5883 5877
f 5877 5883 5889
f 5877 5889 5890
f 5877 5890 5878
f 5878 5890 5891
f 5878 5891 5879
f 5879 5891 5892
f 5879 5892 5893
f 5879 5893 5880
f 5880 5893 5894
f 5880 5894 5895
f 5880 5895 5896
f 5880 5896 5897
f 5880 5897 5898
f 5880 5898 5881
f 5883 5899 5889
f 5885 5900 5887
f 5885 5887 5886
f 5887 5900 5915
f 5887 5915 5901
f 5887 5901 5902
f 5887 5902 5903
f 5887 5903 5904
f 5887 5904 5905
f 5887 5905 5906
f 5887 5906 5888
f 5889 5899 5907
f 5889 5907 5908
f 5889 5908 5890
f 5890 5908 5909
f 5890 5909 5891
f 5891 5910 5911
f 5891 5911 5892
f 5891 5909 5908
f 5891 5908 5910
f 5892 5912 5893
f 5893 5912 5894
f 5894 5912 5895
f 5895 5912 5902
f 5895 5902 5896
f 5896 5902 5913
f 5896 5913 5897
f 5899 5914 5907
f 5901 5915 5902
f 5902 5915 5916
f 5902 5916 5913
f 5907 5914 5908
f 5908 5917 5910
f 5910 5917 5911

