# https://github.com/mikedh/trimesh
mtllib material.mtl
usemtl material_0
v 0.18427516 0.03792304 0.28339423
v 0.17617705 0.11586043 0.28841262
v 0.18304600 0.06605888 0.28451514
v -0.06401561 -0.13121696 0.04574798
v -0.04634130 -0.13036785 0.03274966
v -0.03269213 -0.13124020 0.04501961
v -0.03122783 -0.13086613 0.03192654
v -0.00101612 -0.13282669 0.04094925
v -0.00089573 -0.13240372 0.02860712
v -0.04605277 -0.13094869 0.01493111
v -0.04757695 -0.13069767 -0.04157712
v -0.12950403 -0.13130191 0.04589501
v -0.17457047 -0.13179206 -0.04705337
v -0.09904005 -0.13046754 -0.07579488
v -0.17232054 -0.13119036 -0.07631719
v -0.17431979 -0.13197799 0.01053940
v -0.17098437 -0.13133852 0.04615220
v -0.03025207 -0.13141626 0.01213087
v -0.03141050 -0.13110359 -0.02393705
v -0.06337434 -0.13019477 -0.05978926
v -0.04966987 -0.12979654 -0.05480188
v -0.01617599 -0.13355751 0.01355483
v 0.00087639 -0.13476773 0.01105674
v -0.06468402 -0.12830322 -0.07367868
v -0.18539576 -0.12854554 -0.07743706
v -0.18812543 -0.12792158 0.04606972
v -0.02332366 -0.13568169 -0.00177456
v -0.02962755 -0.12795136 -0.03742754
v -0.00981031 -0.13886953 0.00364623
v -0.02919932 -0.13297988 -0.00959060
v 0.00297891 -0.13953680 0.00187167
v -0.19979753 -0.12025454 0.04585997
v -0.19924474 -0.11981420 -0.05190276
v -0.20043887 -0.11917336 -0.07796602
v 0.01886354 -0.13320118 0.00221898
v 0.01192395 -0.13715641 -0.00848926
v 0.02215567 -0.13427959 -0.01505365
v 0.02062137 -0.13466189 -0.03240630
v 0.01417147 -0.13505797 -0.04242942
v 0.00999173 -0.13834644 -0.03288974
v 0.00030711 -0.14363947 -0.03624754
v 0.00506869 -0.13612491 -0.05515884
v -0.00753995 -0.13985888 -0.04831201
v -0.00264145 -0.13566617 -0.06156691
v -0.01811633 -0.13592508 -0.06370098
v -0.02599999 -0.13586542 -0.05697616
v -0.02754626 -0.13846698 -0.04001101
v -0.00978990 -0.14534514 -0.03934696
v -0.21370648 -0.10553794 -0.01645395
v -0.21381072 -0.10530344 -0.07760538
v -0.21491837 -0.10282584 0.04599009
v -0.01035155 -0.13002758 0.04433237
v -0.00874947 -0.13165660 0.05067785
v -0.00095979 -0.13144187 0.05394533
v -0.00550330 -0.13545964 0.06746572
v -0.01117648 -0.13359903 0.08760004
v -0.01057558 -0.13746843 0.10500069
v -0.00595004 -0.13922224 0.10390305
v -0.00861387 -0.14395457 0.11898429
v -0.01312449 -0.14627860 0.12923153
v -0.00211341 -0.14054708 0.11998071
v -0.01356923 -0.15241021 0.13141577
v 0.00654098 -0.14686321 -0.02465446
v 0.00090539 -0.14735869 -0.00767748
v -0.01233121 -0.15905628 0.13669659
v -0.02894976 -0.17054191 0.15475956
v -0.02817704 -0.17335766 0.16829522
v -0.01339441 -0.16012695 0.15432868
v -0.00124749 -0.15714068 0.16144085
v -0.00231572 -0.15701616 0.14335309
v 0.01033607 -0.15845070 0.15269850
v 0.00820185 -0.15875480 0.16960815
v 0.00067568 -0.17007523 0.20321617
v 0.01439685 -0.16943681 0.19930105
v 0.01052772 -0.17881931 0.22339933
v 0.02289766 -0.18479497 0.22909185
v 0.01416517 -0.16152782 0.16982192
v -0.01036129 -0.16704371 0.18513168
v 0.02322634 -0.17782085 0.21166511
v -0.00103241 -0.18413594 0.23078993
v 0.01121221 -0.18576627 0.23443747
v -0.01716376 -0.17462509 0.19519868
v 0.02844521 -0.17992027 0.20201247
v -0.01702064 -0.18449279 0.21364278
v 0.01970013 -0.19378853 0.23913016
v 0.03285127 -0.19016311 0.21819526
v -0.03312637 -0.18414925 0.18639056
v -0.00138579 -0.19305670 0.23780272
v -0.00188291 -0.19202075 0.24133184
v -0.01843476 -0.19413745 0.22077302
v 0.02846006 -0.19267662 0.23088250
v 0.03389882 -0.19109546 0.22862089
v 0.01663230 -0.19003897 0.24316452
v -0.04440857 -0.19585567 0.17775460
v -0.03845796 -0.18699334 0.16617137
v -0.04872566 -0.19373572 0.17924158
v -0.03536634 -0.12110608 0.01972078
v -0.18710274 0.24935450 0.00220657
v -0.17062401 0.19199952 0.00248163
v -0.18164219 0.23243332 -0.04011254
v -0.17041394 0.19126054 -0.03135456
v -0.18900834 0.25441618 -0.04288123
v -0.16818414 0.19166680 -0.07417794
v -0.17859438 0.22878108 -0.08446371
v -0.18742975 0.25410376 -0.08305867
v -0.17809520 0.22638259 0.04137197
v -0.18531985 0.24945558 0.04786848
v -0.16667595 0.18895529 0.04338005
v -0.16576034 0.16803876 0.00560301
v -0.16524891 0.16379411 -0.02490822
v -0.16500648 0.17262307 -0.06566168
v -0.16355392 0.16526522 0.03287014
v -0.16831718 0.19908414 -0.09246854
v -0.18344361 0.25395090 -0.11515860
v -0.15764506 0.17032947 -0.11794354
v -0.16243051 0.15606142 -0.06802376
v -0.16447690 0.20313706 -0.12280339
v -0.21386211 0.30980123 0.00407330
v -0.21491116 0.31211363 -0.04481038
v -0.20592991 0.29500116 -0.08256094
v -0.23514674 0.36197322 -0.04572930
v -0.23477777 0.36147503 0.01486242
v -0.24089975 0.37878671 -0.07617681
v -0.21908602 0.33054067 -0.09867020
v -0.20296396 0.30127956 -0.12547615
v -0.21284067 0.30925767 0.03305929
v -0.26159794 0.42109238 -0.03859056
v -0.25772770 0.41082726 0.00324791
v -0.27096681 0.44430297 -0.04506458
v -0.26923721 0.43973511 0.00405764
v -0.27158882 0.44921879 -0.08077715
v -0.26262352 0.42644524 -0.07683175
v -0.26332438 0.43433927 -0.10863024
v -0.28098860 0.47273100 -0.02006772
v -0.28042607 0.47556626 -0.08374659
v -0.26444071 0.44118066 -0.12382768
v -0.26604316 0.43596899 0.04583859
v -0.25881786 0.41830354 0.04631588
v -0.27662293 0.47727380 -0.12438809
v -0.21778780 0.32462785 0.05320653
v -0.23580374 0.36995898 0.05047351
v -0.27928248 0.47498164 0.04620517
v -0.29038870 0.49468739 -0.08478395
v -0.23253304 0.37482666 -0.12568439
v -0.29161483 0.49329435 -0.03649199
v -0.29034517 0.49284409 0.01663427
v -0.29173730 0.49755012 0.06659989
v -0.28082815 0.48765595 0.08774415
v -0.27540893 0.47506377 0.08326189
v -0.26405235 0.44074765 0.08101717
v -0.28613718 0.49488887 -0.12672629
v -0.21846597 0.35542197 -0.16131979
v -0.24720115 0.41990077 -0.16391197
v -0.26292075 0.44901904 -0.14967923
v -0.25277844 0.41675927 0.08710479
v -0.16915639 0.21446742 0.07834429
v -0.18246702 0.25296042 0.08155102
v -0.16152458 0.19547824 0.08993399
v -0.15931681 0.17467074 0.07527847
v -0.19490169 0.28436064 0.08895203
v -0.27081109 0.47344300 0.11212056
v -0.17232870 0.23870887 0.10747690
v -0.16228007 0.20887658 0.10471241
v -0.25424940 0.42933590 0.11074682
v -0.21891764 0.35187730 0.10312454
v -0.21936880 0.34322383 0.08073672
v -0.20423420 0.33093365 0.13293224
v -0.19344094 0.30245633 0.13045153
v -0.22568037 0.37891349 0.13435510
v -0.27033319 0.48611478 0.14236115
v -0.28492871 0.49444549 0.08683495
v -0.20094515 0.33417280 0.15371656
v -0.26183704 0.47150036 0.14959945
v -0.17742875 0.26417536 0.12843465
v -0.16052540 0.22194996 0.12856867
v -0.27530090 0.49388218 0.14078087
v -0.24274687 0.43579950 0.16834001
v -0.22687312 0.41182727 0.18813026
v -0.17799665 0.28804228 0.16709565
v -0.15345105 0.23476166 0.17132919
v -0.15286919 0.19753354 0.12909511
v -0.24805219 0.47394054 0.20449154
v -0.24350807 0.47414204 0.22518687
v -0.25988106 0.49335515 0.19605926
v -0.25271446 0.49455015 0.23707738
v -0.25321738 0.49805215 0.25409422
v -0.22643264 0.43806954 0.25314941
v -0.22168106 0.42223662 0.22270188
v -0.19828086 0.37382355 0.23414015
v -0.19604556 0.36642496 0.22189806
v -0.17184803 0.31416839 0.22149480
v -0.20138872 0.38290103 0.25345658
v -0.17380537 0.32154580 0.25419501
v -0.15878364 0.28700991 0.25406071
v -0.15436652 0.27418536 0.22196594
v -0.13997901 0.24372903 0.22342216
v -0.14134177 0.24940267 0.25469922
v -0.12516659 0.20974059 0.25595955
v -0.11782711 0.18821889 0.22036485
v -0.10890288 0.16188144 0.25283991
v -0.11014051 0.16213032 0.22117618
v -0.11204072 0.16807485 0.21990936
v -0.14667015 0.20678492 0.16153542
v -0.18489151 0.31420039 0.18018159
v -0.13893871 0.22003124 0.19791210
v -0.14917505 0.17673331 0.12595289
v -0.13875768 0.20578178 0.18448158
v -0.14104728 0.17769540 0.15826659
v -0.13359101 0.17851471 0.17964434
v -0.15666364 0.14956161 0.07313316
v -0.17658984 0.25599396 -0.15647038
v -0.19141328 0.28935621 -0.15803583
v -0.16897184 0.23233340 -0.14834483
v -0.15743829 0.20116966 -0.15364491
v -0.26689348 0.47300987 -0.16957173
v -0.26994209 0.48567361 -0.18432045
v -0.11023872 0.16157089 0.26044150
v -0.27224508 0.49407424 -0.19785537
v -0.16259047 0.13223391 -0.00362918
v -0.14357012 0.15011894 0.13846305
v -0.24351263 0.43056787 -0.20284429
v -0.21174109 0.36620937 -0.21197207
v -0.19028159 0.31204483 -0.20233652
v -0.17835724 0.28843713 -0.20592513
v -0.26262540 0.49041354 -0.22678864
v -0.24443106 0.47094221 -0.26157004
v -0.25782927 0.49432091 -0.26038275
v -0.25170958 0.49262376 -0.29503095
v -0.22731419 0.43788948 -0.29320131
v -0.22512524 0.42911554 -0.25960968
v -0.19969573 0.37841831 -0.29367835
v -0.19837975 0.37175493 -0.25854319
v -0.17779654 0.32503082 -0.26043575
v -0.17341527 0.31782248 -0.29360266
v -0.15603026 0.28106825 -0.29412003
v -0.15846310 0.28232891 -0.26001457
v -0.13648191 0.23702746 -0.25971809
v -0.13237527 0.23128107 -0.29552762
v -0.12084534 0.19533526 -0.25498974
v -0.11720371 0.18660279 -0.29622840
v -0.11030087 0.16284185 -0.25479091
v -0.11050887 0.16234881 -0.27196577
v -0.11080343 0.15996458 -0.29869087
v -0.24375982 0.46464546 -0.25526703
v -0.22279363 0.39922696 -0.22835753
v -0.22702790 0.42513766 -0.25283273
v -0.16340424 0.23703476 -0.17597673
v -0.16650100 0.25788267 -0.19519911
v -0.14924922 0.17512668 -0.15929521
v -0.14623764 0.23857750 -0.22835649
v -0.13001214 0.20140839 -0.23067883
v -0.12136896 0.17335359 -0.22787099
v -0.18311571 0.33089245 -0.25477241
v -0.19869682 0.36477562 -0.25329860
v -0.14708099 0.22149492 -0.20642660
v -0.15318866 0.13625523 -0.11837186
v -0.16185106 0.13351029 -0.05253648
v -0.14244316 0.20078244 -0.19864687
v -0.16021070 0.12645544 0.03581077
v -0.15949459 0.13457259 -0.07944265
v -0.14554689 0.15262216 -0.16060125
v -0.14082365 0.17525377 -0.18645745
v -0.11085508 0.16136494 -0.25190108
v -0.15581046 0.12671343 0.06992160
v -0.14325860 0.13374856 -0.16404877
v -0.14333688 0.12832634 0.13486834
v -0.13622833 0.15577430 -0.18904196
v -0.13232341 0.15087302 0.17670275
v -0.13315763 0.12708161 0.17277115
v -0.16292130 0.10593215 -0.05275737
v -0.11769517 0.15040927 -0.22930732
v -0.26252813 0.49749361 0.20319940
v -0.16140473 0.09819547 -0.07659414
v -0.14474792 0.10947984 -0.15667334
v -0.15371999 0.09679629 -0.11860920
v -0.16419386 0.10792725 -0.00308807
v -0.13432533 0.13305307 -0.19043289
v -0.13120412 0.10697112 -0.19950877
v -0.10984639 0.13564944 -0.25244184
v -0.25692554 0.49741093 -0.29419422
v -0.16432465 0.08139162 0.03221013
v -0.15853052 0.07847541 0.07574429
v -0.14672044 0.10792141 0.12367822
v -0.14759206 0.07054555 0.13575614
v -0.14656478 0.07068276 -0.15948004
v -0.16697406 0.04868797 -0.07730913
v -0.15692534 0.07012634 -0.11670618
v -0.14889843 0.05481856 -0.15691002
v -0.14053876 0.06493654 0.16902396
v -0.16940214 0.05161625 -0.05441004
v -0.16964480 0.06579931 -0.01880285
v -0.16947892 0.06396801 0.00965111
v -0.16289655 0.04750633 0.07835504
v -0.15282410 0.05102617 0.12519331
v -0.11676176 0.12400449 -0.23414821
v -0.16233456 0.02096308 -0.12352473
v -0.15283401 0.01586329 -0.16315266
v -0.14458897 0.01142490 -0.19062444
v -0.13337459 0.07138692 -0.20183855
v -0.12460544 0.05555190 -0.23777665
v -0.17679607 0.02806032 -0.01072099
v -0.17642715 0.01948288 0.02422928
v -0.16821364 0.01309738 0.09039741
v -0.12246631 0.14170384 0.19760022
v -0.12534898 0.06533845 -0.22791685
v -0.11305019 0.10840706 -0.25872635
v -0.12295550 0.05791675 -0.25338017
v -0.12118129 0.06946776 -0.28637131
v -0.11160851 0.12457674 -0.30035249
v -0.10963949 0.12801720 -0.25912951
v -0.11445336 0.13649589 0.21631779
v -0.13458398 0.07301548 0.18489431
v -0.12493573 0.07786055 0.20703050
v -0.12026384 0.09315565 0.21848505
v -0.17606923 0.00362411 -0.07683325
v -0.16491641 -0.00255363 -0.13178193
v -0.15762049 -0.00667044 -0.16272197
v -0.17931826 0.00807539 -0.05334601
v -0.12640072 0.04608660 -0.28045333
v -0.15945783 0.01284575 0.12921799
v -0.14711196 0.01931088 0.17676825
v -0.15827509 -0.02296305 0.15244982
v -0.15363803 -0.02443283 0.17661806
v -0.14154911 0.03096926 0.20452781
v -0.14342781 0.00634923 0.20617037
v -0.14805761 -0.01915264 0.20324450
v -0.13981077 0.04360138 0.19435385
v -0.14139649 -0.00582508 0.22066055
v -0.14059432 0.00706249 -0.21122932
v -0.11155291 0.14956587 0.21901821
v -0.12584388 0.07187434 0.22027794
v -0.11673485 0.11448419 0.22991385
v -0.11337042 0.12699044 0.22082561
v -0.11295609 0.09122913 0.25557918
v -0.12303145 0.04290254 0.24446939
v -0.10979623 0.12594215 0.25320131
v -0.11178544 0.12377870 0.26766447
v -0.27730225 0.49735689 0.15231326
v -0.13356109 0.02314444 -0.23529913
v -0.18767435 0.35002786 -0.29407505
v -0.29668484 0.49740575 -0.03264688
v -0.26689949 0.49678723 -0.24331488
v -0.17568892 -0.00937407 0.08293587
v -0.18179980 -0.00134972 0.02837884
v -0.16764233 -0.00088023 0.10934032
v -0.16939029 -0.02797615 0.12547714
v -0.18383617 0.00067259 0.00213460
v -0.18160929 0.00872998 -0.02539681
v -0.13294319 0.03886404 0.21897070
v -0.13299360 0.01042052 0.23219205
v -0.13433092 0.02097029 -0.27238179
v -0.14000395 0.00429845 -0.22933178
v -0.15536825 -0.02021625 -0.18478933
v -0.17924007 -0.02816053 0.09595783
v -0.18607190 -0.02734279 0.06222262
v -0.14014100 0.23874033 0.25870317
v -0.12830134 0.02849101 0.24216995
v -0.15740231 0.27648867 -0.29792618
v -0.23441372 0.44211282 -0.29826430
v -0.20931502 0.38760885 -0.29802505
v -0.17428588 0.30964998 -0.29790001
v -0.18874056 0.34126851 -0.29800646
v -0.25518075 0.49079927 -0.29863683
v -0.12561401 0.20211799 -0.29865656
v -0.10652712 0.13200909 0.27275421
v -0.10707701 0.13016765 0.24888498
v -0.10584161 0.13282294 -0.30399326
v -0.11754340 0.10479565 -0.29671428
v 0.05795653 0.16394541 0.28089945
v 0.09392164 0.16328637 0.22122692
v 0.06504180 0.16580545 0.21940171
v 0.10024912 0.16207112 0.28329913
v 0.01242877 0.16702045 0.21907267
v -0.02786334 0.16672080 0.22119703
v -0.01778229 0.16369294 0.27712358
v -0.06541812 0.16256917 0.27222193
v -0.09532104 0.16352196 0.22015664
v -0.10890288 0.16188144 0.25283991
v -0.11023872 0.16157089 0.26044150
v -0.11014051 0.16213032 0.22117618
v -0.10597769 0.16056515 0.26801198
v 0.11079322 0.16025101 0.21904015
v 0.11490789 0.15943138 0.28512522
v -0.12264064 0.15825206 0.26304378
v 0.12837835 0.15479150 0.22067623
v 0.12872894 0.15480359 0.28292924
v 0.08232498 0.16016380 0.28814652
v 0.14528707 0.14651495 0.28655986
v 0.14615321 0.14614363 0.22142121
v -0.00821403 0.15976179 0.28506981
v -0.05826019 0.15847209 0.28059388
v -0.11139972 0.15687147 0.27097078
v 0.15845655 0.13708003 0.22067392
v 0.15955515 0.13657744 0.28541485
v 0.12673139 0.15154079 0.28930175
v 0.13678878 0.14834109 0.21736168
v 0.17572454 0.12117665 0.22081591
v 0.17877560 0.11810887 0.28481355
v -0.04214869 0.16309487 0.21735801
v 0.19419061 0.09974755 0.22067524
v 0.19294600 0.09702941 0.21678030
v 0.09323718 0.16165884 -0.31643372
v 0.03491516 0.16649046 -0.25065576
v 0.07356630 0.16417439 -0.25786235
v 0.05369150 0.16271255 -0.31418900
v -0.01766537 0.16678608 -0.25126722
v -0.02479282 0.16236975 -0.30957312
v -0.05115238 0.16612273 -0.25208802
v -0.11050887 0.16234881 -0.27196577
v -0.09849831 0.15985051 -0.30523896
v -0.11080343 0.15996458 -0.29869087
v -0.11030087 0.16284185 -0.25479091
v 0.09827367 0.16195548 -0.25144108
v 0.11421788 0.15864474 -0.31706507
v 0.11242364 0.15925679 -0.24930985
v 0.12803441 0.15476647 -0.25121642
v 0.12941062 0.15422544 -0.31373926
v -0.11993776 0.15773995 -0.30056895
v -0.02183561 0.15987275 -0.31481780
v -0.06326046 0.15873895 -0.31164728
v 0.14379816 0.14728618 -0.31738628
v 0.14734568 0.14535486 -0.25202153
v -0.11085508 0.16136494 -0.25190108
v 0.15616554 0.13912415 -0.31663150
v 0.06666824 0.15938750 -0.31899871
v 0.16064888 0.13570157 -0.25119814
v 0.17791843 0.11915763 -0.31589325
v -0.10668899 0.15669766 -0.30621232
v 0.17795470 0.11935526 -0.25147218
v 0.11914183 0.15377567 -0.32000284
v 0.19040941 0.10465072 -0.25125537
v 0.15396451 0.13736587 -0.31965330
v 0.05677538 0.14314114 0.22010397
v 0.07867105 0.14166792 0.22008228
v 0.07921438 0.14158017 0.28538801
v 0.01093501 0.14312664 0.25906554
v 0.00967915 0.14386066 0.22033248
v -0.01481553 0.14232456 0.28077186
v -0.06818105 0.14136279 0.27763517
v -0.02998927 0.14289852 0.21942801
v -0.06421213 0.14109861 0.21847805
v -0.09059212 0.13823045 0.27573579
v 0.10556996 0.14029309 0.21726046
v 0.10345068 0.13756833 0.28477160
v -0.08044143 0.13827801 0.21922402
v 0.09625530 0.13819725 0.22073282
v -0.09742633 0.13384566 0.21940772
v 0.11148269 0.13319711 0.22002978
v -0.10652712 0.13200909 0.27275421
v -0.05821871 0.14338797 0.28017335
v -0.01835267 0.14370559 0.28391100
v 0.13382938 0.12521941 0.28505650
v 0.13339045 0.12384501 0.22231220
v -0.10707701 0.13016765 0.24888498
v -0.11337042 0.12699044 0.22082561
v 0.04741837 0.14388064 0.28714373
v 0.15353659 0.10956271 0.22049694
v 0.14973680 0.11370831 0.28450119
v 0.14430583 0.12298688 0.21759165
v 0.10266631 0.14382222 0.28845149
v 0.16116490 0.10239998 0.28432965
v 0.16828252 0.09295394 0.22371528
v 0.17480701 0.08515035 0.21963992
v 0.17438807 0.08258788 0.28321065
v -0.04485263 0.14324401 -0.31291730
v 0.06666824 0.15938750 -0.31899871
v 0.09861402 0.14336285 -0.31889364
v -0.02183561 0.15987275 -0.31481780
v 0.11914183 0.15377567 -0.32000284
v 0.14909666 0.12099268 -0.31919777
v 0.15396451 0.13736587 -0.31965330
v 0.17517660 0.11670543 -0.31944313
v 0.18407024 0.07577686 -0.31721951
v -0.06326046 0.15873895 -0.31164728
v 0.20259497 0.07965386 -0.31670255
v 0.20563539 0.03941079 -0.31498383
v 0.18447944 0.02746400 -0.31417027
v 0.18204375 -0.01442451 -0.31188591
v 0.17035436 0.00305881 -0.31256204
v -0.10668899 0.15669766 -0.30621232
v -0.10607015 0.13850914 -0.30572631
v 0.17074494 -0.04507598 -0.31191840
v 0.18349121 -0.07195866 -0.31087760
v 0.15460051 -0.02099683 -0.31178202
v 0.12430072 -0.06960942 -0.31128723
v -0.12594486 0.14352136 -0.29933114
v -0.11754340 0.10479565 -0.29671428
v -0.10584161 0.13282294 -0.30399326
v -0.08835074 0.13866825 -0.30566501
v 0.20518860 0.02561570 -0.31269246
v 0.12936613 -0.05008565 -0.30916159
v -0.11993776 0.15773995 -0.30056895
v -0.13775558 0.19137719 -0.29824419
v -0.12561401 0.20211799 -0.29865656
v -0.14623676 0.22448579 -0.29861423
v -0.15740231 0.27648867 -0.29792618
v -0.16716772 0.26681403 -0.29790439
v -0.17428588 0.30964998 -0.29790001
v -0.20042037 0.33825091 -0.29815622
v -0.25518075 0.49079927 -0.29863683
v -0.23441372 0.44211282 -0.29826430
v -0.26043699 0.46091761 -0.29844191
v -0.27413134 0.48860684 -0.29852334
v -0.23617331 0.40959305 -0.29830967
v -0.20931502 0.38760885 -0.29802505
v -0.18874056 0.34126851 -0.29800646
v -0.11080343 0.15996458 -0.29869087
v -0.27582507 0.47849308 -0.29566764
v -0.13220241 0.10228594 -0.28970813
v -0.13501462 0.07896533 -0.28530760
v -0.12946407 0.04222599 -0.28038374
v -0.13615785 0.04708076 -0.27942065
v -0.14732703 0.01082745 -0.26689524
v -0.13433092 0.02097029 -0.27238179
v 0.13303644 -0.07244224 -0.31004060
v -0.14567102 -0.00248563 -0.26038996
v 0.19037355 -0.06097362 -0.30867126
v 0.19161105 -0.07083044 -0.30855233
v -0.16029002 -0.01267817 -0.25097170
v 0.18609538 -0.01724821 -0.30984091
v -0.15384478 0.04339815 -0.26644137
v -0.12640072 0.04608660 -0.28045333
v -0.12118129 0.06946776 -0.28637131
v -0.15383072 -0.01613529 -0.24941992
v -0.16696025 -0.02677011 -0.23997062
v -0.16434582 0.02583388 -0.25516222
v 0.14379816 0.14728618 -0.31738628
v 0.11925639 -0.06353073 -0.30526697
v -0.13237527 0.23128107 -0.29552762
v 0.09323718 0.16165884 -0.31643372
v -0.25692554 0.49741093 -0.29419422
v 0.20898093 0.04843276 -0.31279887
v 0.11421788 0.15864474 -0.31706507
v -0.09849831 0.15985051 -0.30523896
v 0.13759985 0.12314994 -0.31604223
v 0.16558727 0.09678930 -0.31505735
v 0.18036663 0.06983434 -0.31465729
v 0.18326927 0.05305608 -0.31437106
v 0.18105304 0.03283740 -0.31177258
v 0.17583204 0.02023973 -0.30959219
v 0.10094069 0.13803727 -0.31544359
v 0.15507528 -0.01204263 -0.30676926
v 0.19576950 0.09642594 -0.31488328
v 0.11855037 -0.07214117 -0.30292600
v 0.17791843 0.11915763 -0.31589325
v 0.15616554 0.13912415 -0.31663150
v -0.20344138 0.07234976 0.04274895
v -0.20445123 0.07053132 -0.04566262
v -0.21080359 0.05331187 0.01625545
v -0.22456213 0.02430530 -0.05178021
v -0.22207915 0.02535278 0.03603546
v -0.20799278 0.06066325 -0.07396070
v -0.21667331 0.04185112 -0.07521664
v -0.19724920 0.08875738 -0.07330892
v -0.22451665 0.02632332 -0.07582493
v -0.21351293 0.04183556 0.04307690
v -0.21955780 0.02765074 0.04431921
v -0.19595804 0.09774415 0.01807308
v -0.19651028 0.09258174 0.04171491
v -0.19472233 0.10109831 -0.04122470
v -0.19003925 0.11568944 -0.07351909
v -0.18958747 0.12294643 0.04215280
v -0.19078631 0.12106120 0.02901091
v -0.19060788 0.11914669 -0.05049851
v -0.22908343 -0.00948475 0.00379564
v -0.23026559 -0.01214217 -0.05478306
v -0.22561338 0.02513011 -0.07919000
v -0.22899194 -0.00148225 -0.07526032
v -0.22728741 0.02480214 -0.12151186
v -0.22360804 0.01296014 0.03644355
v -0.22831793 -0.01731656 0.02898400
v -0.22898608 0.00948917 -0.12766791
v -0.22493020 0.02564265 -0.14444002
v -0.18877214 0.13984289 0.01454115
v -0.18876359 0.13848084 -0.07081844
v -0.18942858 0.12947282 0.04044177
v -0.23059759 -0.04435386 0.03669959
v -0.23200068 -0.04580871 -0.01605482
v -0.23134443 -0.04048931 -0.07552845
v -0.22706868 0.00291667 -0.14582221
v -0.18899511 0.16560306 0.03876446
v -0.22405979 0.02616224 0.04649025
v -0.22874628 -0.00933169 -0.12676058
v -0.18954589 0.16569826 -0.07249516
v -0.21887526 0.02610767 -0.16857396
v -0.22303133 -0.00097972 0.03713653
v -0.22860617 0.02570041 0.08046640
v -0.18568023 0.16560980 -0.07401227
v -0.22582877 0.00496694 0.06207083
v -0.22645721 -0.00649262 0.08583692
v -0.22400608 -0.01332889 0.11015256
v -0.22481789 0.02524517 0.11193062
v -0.22021534 0.02462944 0.12997745
v -0.22004314 -0.01623992 0.12596003
v -0.22786799 -0.06553860 0.04453508
v -0.22696322 -0.07277630 -0.07695325
v -0.21405487 0.02675705 0.14647321
v -0.22659817 -0.07625679 -0.01175241
v -0.22054813 -0.02083752 0.05430806
v -0.21972437 -0.01762383 0.03562441
v -0.21774338 -0.03499431 0.03541484
v -0.21995723 -0.03898594 0.06937546
v -0.21891339 -0.04150902 0.09440882
v -0.20958627 -0.00368330 0.15525631
v -0.21569825 -0.04159945 0.12375368
v -0.20872063 -0.03880081 0.14986284
v -0.22194351 -0.09025362 0.04525118
v -0.19949029 0.03130015 0.17417462
v -0.22211264 -0.09145457 -0.01673813
v -0.22237923 -0.08937842 -0.07779003
v -0.19466515 -0.03348125 0.17923563
v -0.20079887 -0.00245487 0.17104502
v -0.17891829 -0.02576436 0.20189060
v -0.18511262 0.03924274 0.19498677
v -0.17605957 0.00888774 0.20560714
v -0.17128536 0.04386655 0.21129595
v -0.17098474 0.04752459 0.20546259
v -0.16572005 0.05748998 0.20722323
v -0.15946381 0.07323062 0.21486185
v -0.15791272 0.06780964 0.22473718
v -0.14683145 0.11670901 0.23455559
v -0.15092640 0.10321249 0.22000207
v -0.14549384 0.14092363 0.22001817
v -0.14575485 0.15399467 0.23411582
v -0.14589580 0.16952334 0.21860129
v -0.14700941 0.17448320 0.23589283
v -0.13898651 0.14002809 0.24318922
v -0.13035458 0.15541750 0.25510456
v -0.11731583 0.11806317 0.26756812
v -0.16226650 -0.01259148 0.22119308
v -0.12184547 0.08774153 0.26303821
v -0.15082682 0.00139693 0.23261113
v -0.12956647 0.05652191 0.25375389
v -0.14114403 0.01763390 0.24227672
v -0.12264064 0.15825206 0.26304378
v -0.21381072 -0.10530344 -0.07760538
v -0.21491837 -0.10282584 0.04599009
v -0.21370648 -0.10553794 -0.01645395
v -0.13202638 0.18175409 0.26084605
v 0.07500681 0.14174435 -0.25108499
v 0.07876077 0.14185080 -0.27510125
v 0.09638973 0.13831314 -0.25219362
v 0.10094069 0.13803727 -0.31544359
v 0.07981655 0.14136732 -0.31441584
v 0.11383013 0.13394783 -0.31399095
v 0.11268355 0.13314585 -0.25177659
v 0.13206155 0.12499801 -0.25135064
v 0.12821543 0.12716577 -0.30052951
v 0.13759985 0.12314994 -0.31604223
v 0.14095701 0.11928966 -0.28555292
v 0.14895184 0.11420160 -0.25218990
v 0.15289939 0.11010579 -0.31038534
v 0.04272648 0.14278093 -0.25207301
v 0.02929172 0.14303392 -0.27488739
v 0.01298421 0.14178742 -0.31204186
v -0.06680972 0.14093263 -0.30872042
v -0.06717172 0.14112401 -0.25257302
v -0.08835074 0.13866825 -0.30566501
v -0.09003419 0.13792203 -0.25167086
v 0.11374075 0.13698984 -0.24913753
v -0.04485263 0.14324401 -0.31291730
v -0.10607015 0.13850914 -0.30572631
v -0.10417463 0.13299360 -0.25605560
v -0.10584161 0.13282294 -0.30399326
v -0.07258589 0.14375299 -0.24986839
v 0.09861402 0.14336285 -0.31889364
v -0.10984639 0.13564944 -0.25244184
v -0.10963949 0.12801720 -0.25912951
v 0.33278536 -0.03383183 0.03749125
v 0.34420688 -0.06051940 0.03240635
v 0.34001789 -0.05040358 -0.08422520
v 0.33593139 -0.03858411 0.08763661
v 0.34415871 -0.05799411 0.18551936
v 0.33695954 -0.04010371 0.18679252
v 0.34506822 -0.06179463 0.20140521
v 0.34403085 -0.06092141 -0.21054244
v 0.33584723 -0.04172178 -0.20713763
v 0.33042057 -0.03130223 -0.20159552
v 0.33244259 -0.03151006 0.17749576
v 0.34456381 -0.06610837 -0.22317815
v 0.32995731 -0.03463492 -0.22845463
v 0.33134209 -0.03438978 0.20844518
v 0.33699594 -0.05408779 -0.23347174
v 0.32530473 -0.02756344 -0.21952409
v 0.33950007 -0.05871501 0.21426543
v 0.34407324 -0.06671482 0.03986242
v 0.32855175 -0.02953747 0.02954477
v 0.31942672 -0.02697365 -0.23786534
v 0.33558963 -0.06482907 -0.24235435
v 0.32367564 -0.03569553 0.22361799
v 0.33924423 -0.06589067 0.21724501
v 0.32043219 -0.03704849 -0.24671579
v 0.32763679 -0.02798384 0.17933512
v 0.31912577 -0.02632345 0.21631043
v 0.32643657 -0.02832841 -0.12640247
v 0.30850414 -0.02515494 0.23080543
v 0.34454730 -0.06659278 0.20156783
v 0.33247193 -0.06449755 0.22710014
v -0.21242802 0.02622727 -0.03751419
v -0.20905402 0.03246296 0.02402379
v -0.21176889 0.02588883 -0.01723995
v -0.21079131 0.02247499 0.01087030
v -0.21517432 0.00370887 -0.05152392
v -0.21285675 0.00804516 -0.00242637
v -0.21696896 -0.00999495 -0.04642803
v -0.21682721 -0.00653646 -0.06756626
v -0.21615336 -0.00952026 0.00925985
v -0.21233442 0.00805157 0.01972278
v -0.21745678 -0.04528758 0.01572861
v -0.21593914 -0.01999921 0.01916529
v -0.21601603 -0.02354659 0.02302013
v -0.21590772 -0.03220594 0.02859910
v -0.21733903 -0.03372736 -0.06715234
v -0.21717632 0.00479954 -0.07278549
v -0.21744231 -0.06680262 0.04499058
v -0.21709734 -0.06524190 -0.07616660
v -0.21712655 -0.03754038 0.03301634
v -0.21623412 -0.01562587 -0.07237579
v -0.21597245 -0.02281993 -0.06206348
v -0.21620622 -0.08118198 -0.02378901
v -0.21821130 -0.03820427 -0.07545226
v -0.20556285 0.04426713 0.04356115
v -0.20596716 0.04204704 -0.06758183
v -0.21156711 0.02400793 -0.07404918
v -0.21451523 -0.08583877 -0.07615642
v -0.20868933 0.01322278 0.01890138
v -0.20753638 0.01493452 0.02926643
v -0.20949474 0.03124519 0.04636198
v -0.21402558 -0.08850275 0.04523656
v -0.20739924 0.04306986 -0.07514159
v -0.20434465 0.04948797 -0.04380238
v -0.21774338 -0.03499431 0.03541484
v -0.21855576 -0.04358865 0.03898419
v -0.22093948 -0.00811883 -0.08631136
v -0.21703406 0.00898131 -0.08938276
v -0.21467384 0.02183082 -0.07748664
v -0.21299805 0.02230501 -0.09995331
v -0.21257020 0.01434641 -0.13307457
v -0.21806910 -0.01038774 -0.09669631
v -0.21395756 -0.00848484 -0.13478460
v -0.21095550 0.00026775 -0.14787981
v -0.21026945 0.02151027 -0.13043982
v -0.20232146 0.01786365 -0.16779781
v -0.20645878 0.02068395 -0.14985004
v -0.21210314 0.02193264 0.04870444
v -0.21579156 0.00547816 0.05058773
v -0.21996389 -0.00753082 0.07151134
v -0.21421283 0.01588511 0.07870836
v -0.21870403 -0.00426052 0.05052562
v -0.21753085 -0.01364797 0.04935979
v -0.20817310 -0.00405147 0.11834954
v -0.20650745 0.02190200 0.10281692
v -0.21082386 0.02182255 0.08492743
v -0.19905706 0.05746745 -0.07214520
v -0.19292580 0.08131917 -0.05103396
v -0.18773363 0.09393429 -0.06281565
v -0.18969839 0.08944302 -0.07162320
v -0.18427296 0.10769326 -0.07049340
v -0.18726163 0.10173788 -0.04678799
v -0.18354810 0.12349036 -0.04882560
v -0.18639476 0.10517438 0.00846851
v -0.18289353 0.12329774 0.00286102
v -0.19218533 0.08257169 0.00258621
v -0.18889689 0.09851008 0.02996948
v -0.18489160 0.12469815 0.02744703
v -0.20030613 0.05690886 -0.00550399
v -0.20185918 0.05695697 0.02872038
v -0.19786350 0.06695165 0.03597991
v -0.19340661 0.08224744 0.04220353
v -0.18974666 0.09846464 0.04270281
v -0.18155280 0.14914713 -0.02691213
v -0.17981387 0.15916105 0.00764026
v -0.18079058 0.16036506 -0.07192566
v -0.18324000 0.14368928 -0.05159564
v -0.18504761 0.13219344 0.04048667
v -0.18212857 0.16022538 0.03667159
v -0.18302416 0.12987112 -0.07227350
v -0.18270303 0.15657189 -0.07215776
v -0.18958747 0.12294643 0.04215280
v -0.20479754 0.06026949 0.04456663
v -0.20156973 0.02187160 0.11714964
v -0.19739215 0.01627266 0.13647949
v -0.19749687 0.02187482 0.12932892
v -0.19485687 0.02509477 0.14323146
v -0.20270343 -0.00393805 0.13283319
v -0.19209333 0.01351139 0.15690084
v -0.18594763 0.03001884 0.16721301
v -0.18506649 0.01591775 0.17425240
v -0.19716400 0.07452952 0.04395584
v -0.19786241 -0.00315291 0.14465358
v -0.18087442 0.16400689 0.00891018
v -0.17654584 0.03609285 0.18411768
v -0.20711868 -0.01186181 0.11978304
v -0.21601709 -0.01107020 0.08339399
v -0.18192087 0.16393532 -0.06879624
v -0.21349379 -0.09163633 -0.02120899
v -0.19796805 -0.00045912 -0.18029110
v -0.20301706 -0.00594011 0.02239492
v -0.20740736 0.00571657 0.03270284
v -0.18831859 0.01844588 -0.19865764
v -0.20692377 0.02507320 -0.15359119
v -0.19875936 0.02370958 -0.17439620
v -0.19443158 0.02662321 -0.18570098
v -0.18820170 0.00185353 0.16187162
v -0.18419670 0.16607553 0.03932114
v -0.18963910 0.03087792 -0.20101591
v -0.18631871 0.11140673 -0.07453844
v -0.20313793 -0.00723863 -0.16379291
v -0.21123107 -0.01745706 -0.13029676
v -0.20350070 -0.00422468 0.03314017
v -0.21621009 0.02554927 -0.07653227
v -0.20944771 -0.01660369 0.10222842
v -0.21771211 -0.01573107 -0.08602443
v -0.21609924 -0.01523218 0.07490584
v -0.19849082 0.06477196 -0.07418179
v -0.19759350 -0.01761537 0.02859087
v -0.20022841 -0.01511772 0.03970745
v -0.20716977 -0.10161443 -0.07685914
v -0.21267137 0.02582446 0.05009392
v -0.21396996 0.02495124 0.08720777
v -0.19852510 -0.01437175 0.02093045
v -0.21325101 -0.00815722 0.04569246
v -0.21328758 -0.01998406 -0.07531644
v -0.20714654 -0.10110592 0.04570930
v -0.17948477 0.02847943 -0.21630248
v -0.18063705 0.03739076 -0.21432122
v -0.17353435 0.03247672 -0.22734365
v -0.17856300 0.04301080 -0.22240580
v -0.20685263 -0.10189211 -0.02499537
v -0.02563124 -0.41619027 0.00122606
v -0.02395598 -0.41638799 -0.03738861
v 0.01773220 -0.41617590 -0.00350617
v 0.01923022 -0.41622479 -0.03229871
v 0.00025477 -0.41621436 -0.04506178
v -0.01067664 -0.41608337 0.00919101
v 0.00597170 -0.41602427 0.00658628
v 0.02257090 -0.41611504 -0.01546215
v -0.03194614 -0.41603324 -0.01155495
v -0.02991343 -0.41611122 -0.02826667
v -0.01386904 -0.41576434 -0.04333829
v 0.06380275 -0.19329939 -0.02854899
v 0.10758287 -0.19300316 -0.00158913
v 0.09814504 -0.19303416 0.00762859
v 0.10064244 -0.19310889 -0.03803738
v 0.06682537 -0.19317434 0.00552754
v 0.07997608 -0.19308060 -0.04245164
v 0.06771426 -0.19313825 -0.03701678
v 0.08878513 -0.19287796 0.01120982
v 0.10762288 -0.19271997 -0.03030023
v 0.07897382 -0.19263333 0.01119512
v 0.06306637 -0.19263988 -0.00137816
v 0.11064391 -0.19211160 -0.01527548
v 0.11064636 -0.08200610 -0.26245157
v 0.08577968 -0.06760408 -0.29160083
v 0.11551835 -0.07464046 -0.27650699
v 0.03826845 -0.08433608 -0.26068662
v 0.11596093 -0.06732687 -0.29205118
v 0.12054680 -0.07076892 -0.28496068
v 0.00317521 -0.07962080 -0.26862686
v -0.01456998 -0.08959768 -0.24799362
v -0.03798928 -0.08226216 -0.26027198
v -0.03180036 -0.08761114 -0.25167291
v 0.00933955 -0.09582722 -0.23497021
v 0.06242326 -0.09514313 -0.23404188
v 0.07027497 -0.08926469 -0.24467041
v 0.10866114 -0.08655785 -0.25074841
v 0.10937352 -0.09386954 -0.23198132
v 0.10873651 -0.09753413 -0.21986068
v 0.03163184 -0.06341830 -0.29437555
v -0.02874712 -0.09265197 -0.24410735
v -0.03018240 -0.09887489 -0.23532745
v 0.00980740 -0.09895606 -0.22074924
v -0.02173816 -0.06718305 -0.28186440
v -0.00667509 -0.06076856 -0.29375292
v -0.05210443 -0.05611311 -0.28814834
v -0.07257466 -0.05754944 -0.27782595
v -0.09230487 -0.07023803 -0.25746318
v -0.05727577 -0.08252631 -0.25444415
v -0.07621689 -0.08107603 -0.24927567
v -0.09899048 -0.08255268 -0.24680626
v 0.11202209 -0.09876403 -0.22290580
v -0.10087104 -0.07541522 -0.24934482
v -0.11277619 -0.08910320 -0.23821106
v 0.12272674 -0.07304044 -0.29660960
v 0.10545685 -0.10649234 -0.02503962
v 0.11212587 -0.10614582 -0.04255933
v 0.11376884 -0.10578847 0.01232465
v 0.11998913 -0.10557842 -0.05951074
v 0.13610986 -0.10334206 -0.02858748
v 0.13194356 -0.10267482 0.00908603
v 0.12864220 -0.10358734 -0.10431441
v 0.12129481 -0.10298325 -0.15009757
v 0.12644832 -0.10236279 0.09321641
v 0.11154003 -0.10400426 0.07539290
v 0.11163969 -0.10379142 0.12977450
v 0.10653593 -0.10678916 -0.00838090
v 0.09606162 -0.10646488 -0.03843865
v 0.11289180 -0.10226938 -0.17461130
v 0.12939856 -0.09953682 -0.20218514
v 0.14297924 -0.09115893 -0.26606392
v 0.13704184 -0.09826078 -0.16109483
v 0.12418376 -0.10077846 0.12780779
v 0.13802633 -0.10030031 -0.11212282
v 0.13774892 -0.09736137 0.12001494
v 0.12497872 -0.09647116 0.19014788
v 0.11118995 -0.10124501 0.13750630
v 0.11068979 -0.09744810 0.20220211
v 0.14267647 -0.09246220 0.22312777
v 0.16312897 -0.09014439 0.19544350
v 0.17253596 -0.08845287 0.21470746
v 0.17512521 -0.08807139 0.23050686
v 0.13784570 -0.09966992 0.02959525
v 0.14492576 -0.09099930 0.16639850
v 0.13791573 -0.10081434 -0.05174202
v 0.13834486 -0.09399595 0.16297153
v 0.14054138 -0.09333914 -0.24203156
v 0.18411327 -0.08768755 -0.25453495
v 0.16938272 -0.08886867 -0.23391063
v 0.15739864 -0.09120014 -0.22995834
v 0.14741886 -0.09141388 -0.16528138
v 0.14009463 -0.09423216 -0.21547182
v 0.14168661 -0.09257990 -0.15035870
v 0.14446487 -0.09023825 -0.06488192
v 0.13952676 -0.09203688 -0.04550329
v 0.16301643 -0.08288087 0.15493091
v 0.14152819 -0.08903742 0.14060060
v 0.14098292 -0.09145057 0.05365008
v 0.16588508 -0.08394270 0.07780007
v 0.16435681 -0.08603245 0.04147991
v 0.13878511 -0.09086788 0.00228822
v 0.16566275 -0.08671022 -0.04186965
v 0.13866490 -0.09001976 -0.03462828
v 0.16590424 -0.08957168 -0.10401283
v 0.15688140 -0.09052516 -0.16408013
v 0.16755672 -0.09074924 -0.22264534
v 0.18600594 -0.08603142 -0.26961347
v 0.14758642 -0.09067360 0.23344213
v 0.16637903 -0.09079368 -0.17997868
v 0.11165264 -0.09451835 0.22357636
v 0.11100258 -0.09530555 -0.24649489
v 0.07929443 -0.10550818 -0.05402010
v 0.07524449 -0.10753789 -0.04513049
v 0.06217213 -0.10724216 -0.05227966
v 0.11025169 -0.10346271 -0.10143435
v 0.08186912 -0.10326161 -0.11100131
v 0.10769951 -0.10032641 -0.17115954
v 0.07476641 -0.09967003 -0.20101655
v 0.10674063 -0.09905112 -0.20650218
v 0.03967205 -0.10701202 -0.06033930
v 0.02062156 -0.10659018 -0.08462830
v 0.04202301 -0.10176247 -0.18014790
v -0.03552045 -0.10197521 -0.21005651
v -0.02205109 -0.10308403 -0.17349971
v -0.00204135 -0.10707341 -0.08247694
v -0.04643300 -0.10398758 -0.17864401
v -0.05315619 -0.10470169 -0.16152924
v -0.06012780 -0.10619271 -0.13586435
v -0.06622460 -0.10691398 -0.08829722
v 0.01848235 -0.10717949 -0.07991400
v 0.02894756 -0.10740427 -0.07253794
v 0.11889205 -0.09074428 -0.26948088
v 0.18630956 -0.08186605 -0.28646787
v -0.06452229 -0.10725487 -0.11683181
v 0.16258732 -0.08336664 -0.28621590
v 0.12400987 -0.08065422 -0.29204662
v 0.11236003 -0.08931869 -0.26757971
v -0.02423851 -0.10758208 -0.08338935
v -0.06354661 -0.10752810 -0.08134016
v 0.18173403 -0.07736970 -0.29400251
v 0.18629586 -0.07370321 -0.29711658
v 0.18246681 -0.08017248 -0.23757135
v 0.18349121 -0.07195866 -0.31087760
v 0.13303644 -0.07244224 -0.31004060
v 0.19161105 -0.07083044 -0.30855233
v 0.11855037 -0.07214117 -0.30292600
v -0.14059805 -0.04941313 0.07010022
v -0.15000537 -0.06278869 0.02477162
v -0.14777970 -0.06345793 0.06712917
v -0.14199684 -0.04921548 0.02872820
v -0.13611584 -0.04902838 0.11415128
v -0.14394332 -0.05483649 -0.06296538
v -0.14980981 -0.06384636 -0.03636955
v -0.13865747 -0.04852811 -0.07636775
v -0.13730932 -0.04848572 -0.13351768
v -0.14401578 -0.06344244 -0.13081816
v -0.14695544 -0.06485853 -0.08296962
v -0.13487874 -0.05057499 -0.16096509
v -0.14219898 -0.06482478 0.11409515
v -0.12096647 -0.03884609 -0.18215750
v -0.11587603 -0.03841660 -0.20339465
v -0.12681975 -0.05181678 -0.19445647
v -0.10364976 -0.03071544 -0.20559588
v -0.08574595 -0.02296860 -0.24648277
v -0.12014163 -0.03970307 0.12262297
v -0.12248294 -0.04016549 -0.15051957
v -0.12776929 -0.04715138 0.14318249
v -0.12242435 -0.04309198 0.16601384
v -0.09994544 -0.02949664 0.19872532
v -0.12233071 -0.04112854 0.06801866
v -0.07581881 -0.01848897 -0.24151670
v -0.11778399 -0.04053500 -0.05911224
v -0.06616199 -0.01727655 -0.26298775
v -0.11833872 -0.04257011 0.17951326
v -0.07607962 -0.02661166 -0.26699534
v -0.09473262 -0.03112554 -0.24187266
v -0.09791187 -0.03485487 0.21685410
v -0.08525772 -0.02362336 0.22059088
v -0.07918343 -0.02535199 0.23791800
v -0.05588913 -0.01539427 0.24290009
v -0.06694960 -0.02464778 0.24748665
v -0.05233317 -0.01738252 -0.27536407
v -0.11022640 -0.05023068 0.20573518
v -0.13591931 -0.06312938 -0.17669795
v -0.11455162 -0.05200830 -0.22022854
v -0.13617697 -0.06918714 0.14382782
v -0.08261983 -0.03645449 0.24072602
v -0.09962121 -0.04580856 0.22185997
v -0.08373815 -0.03885738 -0.26291333
v -0.12397623 -0.07284142 0.18588949
v -0.14231287 -0.08509093 -0.16869403
v -0.14865900 -0.08362272 -0.11801008
v -0.13336863 -0.08845503 -0.20307377
v -0.12958433 -0.08978784 0.17882742
v -0.11963291 -0.08876994 0.20479121
v -0.15284944 -0.08407809 0.02801953
v -0.11193514 -0.07708266 0.21458273
v -0.15221067 -0.08402602 -0.04414763
v -0.14713414 -0.08711120 0.09777990
v -0.09820865 -0.06600281 0.23231152
v -0.14267849 -0.08978890 0.12690391
v -0.14708992 -0.09411564 0.09260690
v 0.16143417 -0.01088278 -0.05946201
v 0.16210522 -0.01061604 0.01762918
v 0.19519961 -0.01016804 -0.10056491
v 0.19287028 -0.01038129 0.01045220
v 0.17746847 -0.00939388 0.06471832
v 0.17168135 -0.00954309 -0.14948488
v 0.19642773 -0.00836151 -0.20683711
v 0.12372773 -0.00968303 -0.21459175
v 0.13505135 -0.00969925 -0.23442870
v 0.22697653 -0.00915408 -0.19536813
v 0.13548232 -0.01144447 -0.13223816
v 0.12032574 -0.01406696 -0.00946985
v -0.01092581 -0.02478632 0.03256892
v 0.11557936 -0.01424500 0.03012143
v -0.02294360 -0.02552881 -0.06836673
v 0.06785351 -0.01820037 -0.04808291
v 0.05077126 -0.01806036 -0.11200174
v -0.01379089 -0.02320543 -0.11666048
v 0.07806293 -0.01393822 -0.16087774
v -0.01310743 -0.02040850 -0.15592014
v 0.03683154 -0.01703500 -0.15049183
v -0.04216374 -0.02791576 0.03866410
v 0.05542624 -0.01788471 0.08608646
v -0.00956144 -0.02233792 0.10137747
v 0.11584127 -0.01135534 0.12717137
v -0.04505447 -0.02656339 0.09480411
v 0.13643318 -0.00952895 0.14983852
v 0.10804757 -0.00911297 0.19652644
v 0.16500918 -0.00881294 0.15211862
v 0.07309497 -0.01036740 0.17924032
v 0.05241115 -0.01382502 0.14933535
v -0.05545868 -0.02960801 -0.06778057
v -0.08795327 -0.03425430 0.06753033
v -0.04205084 -0.02670279 -0.11787817
v -0.02203324 -0.02048632 0.13574955
v -0.09612226 -0.03597924 -0.04791037
v -0.10302293 -0.03675683 0.09179515
v -0.09656703 -0.03509267 -0.14689388
v -0.04386141 -0.02445633 -0.15864816
v -0.05198431 -0.02378262 0.14203478
v 0.04610918 -0.00969441 0.20382374
v -0.01094048 -0.01173240 0.20190012
v -0.01510565 -0.01114444 0.23480476
v -0.04477146 -0.01409143 0.20753080
v -0.05574901 -0.01530866 0.21271393
v 0.19966262 -0.00888118 0.13569794
v 0.04949526 -0.01008534 0.23467888
v 0.14889281 -0.00924759 0.19674868
v 0.17983748 -0.00961917 0.18866915
v 0.23546130 -0.01063969 0.17739937
v 0.09468938 -0.00933432 -0.23182652
v 0.18478976 -0.01116325 -0.24988853
v 0.15515537 -0.01084348 -0.24968348
v 0.08323400 -0.01167717 -0.19633441
v 0.01743315 -0.01404166 -0.19511237
v -0.01660862 -0.01200161 -0.23304667
v 0.06269243 -0.00822576 -0.25381988
v -0.00212849 -0.00959740 -0.23898285
v -0.01230628 -0.00872277 -0.26695527
v 0.05223266 -0.00837361 -0.26673308
v -0.06118812 -0.01599648 -0.23525614
v -0.04607758 -0.01264323 -0.26485001
v 0.14126900 -0.01068883 0.22601193
v 0.15809712 -0.01072505 0.21978998
v 0.22350580 -0.01141814 -0.09874937
v 0.24843321 -0.01098971 -0.22258931
v -0.01512708 -0.01259207 0.24774003
v 0.25554013 -0.01358477 -0.25141242
v 0.22808387 -0.01269729 0.02101448
v 0.23179963 -0.01132410 0.11042745
v 0.26180744 -0.01237092 0.17770885
v 0.22574149 -0.01204098 0.20050304
v 0.25303695 -0.01322995 0.21689898
v 0.22313738 -0.01574314 0.23129058
v 0.17742843 -0.01244038 0.21716601
v 0.26323469 -0.01234864 -0.18877158
v 0.25413376 -0.01485284 -0.08309864
v 0.25422704 -0.01512096 0.03936650
v 0.05455496 -0.01156801 0.24573795
v 0.28099416 -0.01488116 0.15028138
v -0.09590731 -0.03271798 0.13604390
v 0.26730580 -0.01537623 0.23284029
v 0.28214530 -0.01494979 0.19120949
v 0.27986624 -0.01778337 0.08355773
v 0.28143554 -0.01885735 0.01936260
v 0.28296062 -0.01885427 -0.08862155
v 0.29437472 -0.01728276 -0.18887824
v 0.28114499 -0.01493965 -0.22830367
v 0.15393604 -0.01290952 -0.26435265
v 0.03109464 -0.01056669 -0.27893226
v 0.06348081 -0.01231030 -0.27888579
v -0.09817819 -0.03068451 -0.19170464
v -0.07783950 -0.02595414 0.16578272
v 0.27826010 -0.01636854 -0.25025975
v -0.07648930 -0.02055260 0.21568107
v 0.22597968 -0.01511213 -0.26497388
v 0.25767009 -0.01589936 -0.26598075
v 0.18568777 -0.01437690 -0.27183700
v -0.01113155 -0.01082701 -0.27782607
v 0.30309505 -0.02242578 0.01490297
v 0.30413647 -0.02136912 0.09807420
v 0.30422787 -0.02224581 -0.09927581
v 0.29358437 -0.01955645 0.23026468
v 0.29943971 -0.01824391 0.17946426
v 0.18370911 -0.01816453 0.24204379
v 0.26291334 -0.01867568 0.24413502
v 0.32007249 -0.02586991 0.02891184
v 0.31824793 -0.02430450 0.11768573
v 0.31973124 -0.02584054 -0.09336989
v 0.31761800 -0.02392078 -0.16139253
v 0.31041624 -0.02195372 -0.22935680
v 0.15430128 -0.01547115 0.23954160
v 0.32080016 -0.02464852 0.17048355
v 0.31912577 -0.02632345 0.21631043
v 0.28045056 -0.02080903 -0.26528576
v 0.30136521 -0.02393226 -0.25410820
v 0.18350732 -0.01844821 -0.28289111
v 0.32530473 -0.02756344 -0.21952409
v 0.30850414 -0.02515494 0.23080543
v 0.31942672 -0.02697365 -0.23786534
v 0.32763679 -0.02798384 0.17933512
v 0.32855175 -0.02953747 0.02954477
v 0.32643657 -0.02832841 -0.12640247
v 0.28368663 -0.02321686 0.24392495
v 0.25057692 -0.02079852 -0.27687515
v 0.11697829 -0.01554198 -0.27529772
v 0.14738578 -0.02171713 -0.28125071
v 0.06061819 -0.01454519 0.24997845
v 0.24802975 -0.02229042 0.24955772
v 0.18646938 -0.02326376 0.25181883
v 0.01797190 -0.01543691 -0.28592979
v -0.04776318 -0.02147969 0.25341660
v -0.00193448 -0.01889608 0.25556414
v -0.02083423 -0.01685000 -0.28379077
v -0.08232928 -0.11822024 0.15124375
v -0.06755694 -0.11784673 0.14490110
v -0.04455943 -0.11601119 0.19252992
v -0.10305798 -0.11611682 0.20156023
v -0.08241874 -0.11539987 0.20920498
v -0.09769343 -0.11737803 0.15549635
v -0.04775247 -0.11633650 0.16050285
v -0.04098027 -0.11355882 0.21245502
v -0.07000483 -0.11682086 0.06926524
v -0.08862288 -0.11740539 0.04747996
v -0.07044711 -0.11624458 0.04838165
v -0.02923472 -0.11443979 0.17112848
v -0.05569751 -0.11585915 0.12001236
v -0.09697110 -0.11642200 0.04961380
v -0.11537405 -0.11513328 0.19294841
v -0.04015733 -0.11491241 0.15865966
v -0.05071794 -0.11520470 0.14006258
v -0.06518885 -0.11522214 0.05959212
v -0.03367615 -0.11340563 0.18895332
v -0.06394799 -0.11542494 0.08418679
v -0.09949788 -0.10934735 0.22627706
v -0.03766804 -0.10926993 0.22693509
v -0.11272986 -0.10853276 0.23702297
v -0.03928212 -0.10868496 0.23589541
v -0.10355817 -0.10859841 0.24170620
v -0.11737634 -0.10880735 0.22627055
v -0.11928333 -0.10938417 0.21421167
v -0.04878814 -0.10725890 0.24185562
v -0.10254090 -0.11523979 0.08770069
v -0.10317658 -0.11511677 0.14365391
v -0.10657304 -0.11471794 0.16563176
v -0.05901146 -0.11533757 0.09975899
v -0.03462475 -0.10760768 0.22448242
v -0.07166806 -0.11186443 0.04416565
v -0.16066916 -0.12700827 -0.02709618
v -0.13061721 -0.12649911 0.02668457
v -0.12862168 -0.12639812 -0.05573123
v -0.18174270 -0.12630529 0.02685695
v -0.18179223 -0.12609949 -0.05815710
v -0.12653174 -0.12583637 0.00287067
v -0.14217485 -0.12472268 0.03431342
v -0.17423757 -0.12424362 0.03505568
v -0.10711697 -0.12032703 0.02827306
v -0.11073009 -0.11919978 0.04004851
v -0.09124552 -0.11632246 0.04519024
v -0.12866537 -0.12041566 0.04606049
v -0.06987051 -0.11662878 0.03359607
v -0.05159451 -0.11327732 0.04233822
v -0.15265393 -0.12008280 0.04270146
v -0.11967026 -0.12272300 -0.00651314
v -0.11875317 -0.12233619 -0.05196246
v -0.06434945 -0.11291524 0.02448067
v -0.12396310 -0.12398453 -0.06306623
v -0.07923322 -0.11635464 0.03149060
v -0.09244066 -0.11628369 0.02661191
v -0.10434611 -0.11632363 0.01991577
v -0.10785438 -0.11498654 0.01211959
v -0.11454662 -0.11710564 -0.00409301
v -0.18438977 -0.12017363 0.03915231
v -0.18679392 -0.12346483 -0.05653535
v -0.19055168 -0.11770285 0.04599330
v -0.18713751 -0.12328791 0.02643706
v -0.17143797 -0.11837747 -0.07086188
v -0.19703150 -0.11225593 0.04180446
v -0.18937998 -0.11914220 0.02931573
v -0.18579942 -0.11784280 -0.06834711
v -0.17602541 -0.11657450 -0.07702634
v -0.11640881 -0.11755657 -0.06994381
v -0.11683285 -0.11727399 -0.07575014
v -0.19231818 -0.11428738 -0.07619016
v -0.18991304 -0.11888689 -0.05473661
v -0.10613327 -0.11248615 -0.07143648
v -0.10446397 -0.11189738 -0.05982370
v -0.11293145 -0.11433789 -0.05095626
v -0.09883580 -0.11499108 -0.07719034
v -0.20342488 -0.10516235 -0.07331108
v -0.20716977 -0.10161443 -0.07685914
v -0.20685263 -0.10189211 -0.02499537
v -0.10277088 -0.10805171 -0.06793399
v -0.20714654 -0.10110592 0.04570930
v -0.11609327 -0.11704574 -0.03117201
v 0.17673306 0.01452203 0.28153548
v 0.15567094 -0.02177187 0.27978458
v 0.18534718 -0.01646866 0.28020415
v 0.20496310 0.04023291 0.28384656
v 0.18427516 0.03792304 0.28339423
v 0.19459695 0.08981994 0.28658885
v 0.17617705 0.11586043 0.28841262
v 0.13146056 -0.06125824 0.27954629
v 0.18947262 -0.06345650 0.27943257
v 0.13590487 -0.06784730 0.28021604
v 0.19153454 -0.07059451 0.27828128
v 0.20553294 0.07375233 0.28373390
v 0.12313426 -0.06300014 0.27707123
v 0.12084419 -0.06983986 0.27567910
v 0.19516519 -0.06690089 0.27657620
v 0.20592376 0.02861856 0.28047505
v 0.19075236 -0.04479196 0.27691614
v 0.19234227 0.10141807 0.28341421
v 0.17099959 0.01262589 0.27782792
v 0.15038162 -0.02408287 0.27663170
v 0.17931389 0.03147808 0.27955237
v 0.17877560 0.11810887 0.28481355
v 0.15955515 0.13657744 0.28541485
v -0.02111504 -0.34677913 0.16552461
v -0.01978227 -0.36858042 0.25671752
v -0.00625845 -0.34466294 0.16321397
v -0.00619027 -0.36616188 0.25195528
v -0.01766049 -0.33843433 0.12625688
v -0.00590460 -0.32838601 0.08106854
v -0.02160168 -0.37665377 0.28507749
v -0.02146722 -0.32850950 0.06704058
v -0.00556767 -0.31907143 0.02034078
v -0.01749501 -0.32167324 0.01882685
v -0.00188903 -0.37934641 0.29392070
v -0.02580546 -0.38557935 0.30281658
v -0.02384898 -0.34233175 0.13341198
v 0.00211516 -0.36438109 0.23871872
v 0.00238581 -0.35394792 0.19558368
v -0.02308006 -0.35702978 0.20404226
v 0.00407833 -0.32127149 0.01932485
v 0.00276415 -0.33909315 0.12313963
v 0.00311625 -0.32939376 0.07219879
v -0.01943364 -0.39065920 0.31080092
v -0.00186289 -0.38974388 0.30994065
v -0.02699936 -0.37486634 0.26862400
v 0.00273801 -0.37868363 0.28560774
v -0.02699119 -0.35229295 0.17105449
v -0.02503428 -0.33233068 0.07127800
v -0.02815004 -0.36131692 0.20066960
v -0.02474104 -0.32972190 0.01581779
v -0.02964005 -0.38987209 0.29964428
v -0.02789346 -0.34262468 0.10430093
v -0.02954360 -0.35630440 0.16189444
v -0.02805079 -0.39934600 0.31348889
v -0.02990664 -0.37801074 0.25838363
v -0.03031705 -0.38582670 0.27077433
v -0.02853457 -0.34172708 0.01469231
v -0.02989907 -0.36831915 0.20426497
v -0.02980956 -0.40401101 0.30655030
v -0.02982861 -0.35774539 0.10902668
v -0.03043577 -0.43478089 0.31339842
v -0.02986248 -0.37899000 0.23457314
v -0.02982041 -0.39868894 0.29475503
v -0.02916808 -0.36943553 0.13175151
v -0.02955743 -0.44059982 0.30392338
v -0.02790926 -0.41883351 0.29804495
v -0.01475041 -0.03370286 0.26001715
v 0.00432691 -0.06303485 0.26378683
v 0.04511883 -0.04200875 0.26123640
v -0.03494791 -0.05670149 0.26254000
v 0.05926248 -0.06375306 0.26289605
v 0.09629412 -0.04085937 0.25829268
v 0.12133641 -0.06165554 0.25882406
v 0.13540116 -0.04433271 0.25584989
v 0.14531077 -0.03077805 0.25251927
v 0.05309914 -0.02191245 0.25633709
v -0.05176935 -0.03880379 0.25810580
v -0.05827356 -0.05345296 0.25941598
v -0.00193448 -0.01889608 0.25556414
v -0.04776318 -0.02147969 0.25341660
v 0.12150496 -0.02153410 0.25029383
v 0.15180366 -0.02047907 0.24717678
v -0.06479813 -0.03654168 0.25361182
v 0.11655975 -0.06791027 0.25802947
v -0.06694960 -0.02464778 0.24748665
v 0.06061819 -0.01454519 0.24997845
v -0.07850243 -0.05416087 0.24918067
v -0.01512708 -0.01259207 0.24774003
v -0.08261983 -0.03645449 0.24072602
v 0.15430128 -0.01547115 0.23954160
v -0.07918343 -0.02535199 0.23791800
v -0.05588913 -0.01539427 0.24290009
v 0.15983542 -0.00623625 0.22509753
v -0.09820865 -0.06600281 0.23231152
v -0.09962121 -0.04580856 0.22185997
v 0.16849783 0.12561253 -0.24874384
v 0.14315643 0.12540906 -0.24940109
v 0.17751813 0.09189301 -0.24909275
v 0.19771559 0.08813840 -0.24855977
v 0.13059191 0.15086759 -0.24866222
v 0.20400578 0.05026911 -0.24835462
v 0.11374075 0.13698984 -0.24913753
v 0.07552035 0.14611412 -0.24874813
v 0.11242364 0.15925679 -0.24930985
v 0.03162165 0.16236438 -0.24830800
v -0.07258589 0.14375299 -0.24986839
v -0.06617978 0.16168237 -0.24987429
v -0.11085508 0.16136494 -0.25190108
v -0.10984639 0.13564944 -0.25244184
v 0.19152271 0.06158519 -0.24900878
v 0.19189907 0.01028828 -0.24899111
v 0.18552517 0.03705543 -0.25037466
v 0.17420732 0.01290236 -0.25061829
v 0.15515537 -0.01084348 -0.24968348
v 0.18478976 -0.01116325 -0.24988853
v -0.09003419 0.13792203 -0.25167086
v 0.20403963 0.02463364 -0.25112938
v 0.20862003 0.06240382 -0.25080782
v 0.18683240 0.05891907 -0.25072539
v 0.17763512 0.07998474 -0.25308929
v 0.19418792 0.00322936 -0.25116415
v 0.13206155 0.12499801 -0.25135064
v 0.14895184 0.11420160 -0.25218990
v -0.01766537 0.16678608 -0.25126722
v 0.07500681 0.14174435 -0.25108499
v 0.03491516 0.16649046 -0.25065576
v 0.16761945 0.09543388 -0.25253056
v 0.19040941 0.10465072 -0.25125537
v 0.16064888 0.13570157 -0.25119814
v -0.05115238 0.16612273 -0.25208802
v 0.11268355 0.13314585 -0.25177659
v 0.20274107 0.08431515 -0.25122369
v 0.14734568 0.14535486 -0.25202153
v 0.17795470 0.11935526 -0.25147218
v 0.12803441 0.15476647 -0.25121642
v -0.05012632 -0.36329518 -0.05846174
v -0.02166990 -0.36288247 -0.05448465
v -0.03566257 -0.36198418 -0.03527196
v -0.02306318 -0.36207320 -0.06455958
v -0.04616863 -0.36511565 -0.07710180
v -0.06807425 -0.36782396 -0.08110388
v -0.07020493 -0.37050055 -0.10906191
v -0.09211388 -0.37490856 -0.11766906
v -0.04268548 -0.36449728 -0.09465559
v -0.07606465 -0.37425459 -0.13861010
v -0.08446188 -0.37325562 -0.13624189
v -0.09849901 -0.37409592 -0.15339238
v -0.01333633 -0.36106471 -0.05937938
v -0.09479672 -0.37978925 -0.16147135
v -0.00838220 -0.36628819 -0.04360174
v -0.10343006 -0.37840795 -0.13477514
v -0.10667730 -0.37616192 -0.16165309
v -0.12099503 -0.38242870 -0.15639447
v -0.12185768 -0.38102611 -0.18469703
v -0.14157187 -0.38522165 -0.20685904
v -0.14905564 -0.38630013 -0.19071880
v -0.16641959 -0.39076966 -0.21903060
v -0.16100316 -0.39145246 -0.23371955
v -0.19315401 -0.40166996 -0.25103956
v -0.17522133 -0.39556840 -0.24657020
v -0.19139818 -0.40073860 -0.26752555
v -0.18288364 -0.40027640 -0.27288648
v -0.16122521 -0.39841116 -0.25338133
v -0.12793767 -0.38743892 -0.20761945
v -0.14144018 -0.39234268 -0.22715539
v -0.11763622 -0.38413223 -0.19974160
v -0.16574274 -0.40144402 -0.26463507
v -0.18773940 -0.40699079 -0.28358083
v -0.19368174 -0.41183910 -0.29298893
v -0.20509047 -0.41019825 -0.28111862
v -0.10919385 -0.38375177 -0.18087429
v 0.00404364 -0.36080831 -0.06714637
v 0.00719617 -0.36561378 -0.04162690
v 0.01735421 -0.36169535 -0.06076594
v 0.01927622 -0.36286351 -0.07563872
v 0.05843195 -0.36415013 -0.08791183
v 0.03394032 -0.35951931 -0.04726541
v 0.04417400 -0.36781009 -0.11057204
v 0.07720416 -0.37621644 -0.14244990
v 0.10742743 -0.37614905 -0.15206439
v 0.10028887 -0.37805820 -0.15979970
v 0.12714819 -0.38174848 -0.18115063
v 0.11463599 -0.38406111 -0.19379168
v 0.12353250 -0.38671355 -0.21004714
v 0.15232035 -0.39059369 -0.22038705
v 0.13827473 -0.39310761 -0.24895259
v 0.17663669 -0.40002794 -0.25120958
v 0.10277356 -0.38258173 -0.20149056
v 0.15890979 -0.40118469 -0.28096573
v 0.02958707 -0.36004849 -0.03623345
v 0.05023903 -0.37001708 -0.12939469
v 0.07966826 -0.37713909 -0.16604750
v 0.02309581 -0.36288446 -0.08788269
v 0.19384440 -0.40172376 -0.26163566
v 0.19157534 -0.40852099 -0.26604917
v 0.16638502 -0.40571097 -0.29176263
v -0.17278390 -0.39024820 -0.22388497
v 0.15780438 -0.38926236 -0.22173474
v -0.18301163 -0.40947806 -0.28599583
v -0.20364621 -0.41626608 -0.29275260
v 0.01707686 -0.36502255 -0.03315773
v 0.02986344 -0.36190804 -0.01866710
v 0.02048239 -0.36493202 -0.02478897
v 0.02118404 -0.36444899 -0.01323662
v 0.02228532 -0.36065885 0.01043232
v 0.03854886 -0.36141026 0.00991572
v 0.04818124 -0.36350316 0.00117972
v 0.05430226 -0.36343038 -0.00614892
v 0.07117155 -0.36797613 0.01559592
v 0.07503245 -0.36496776 0.02784263
v 0.10400688 -0.37471287 0.02114481
v 0.09035580 -0.37015474 0.02814278
v 0.14716261 -0.38006116 0.04259172
v 0.16830819 -0.38461981 0.03336316
v 0.18485478 -0.38704708 0.04506332
v 0.21380230 -0.39231408 0.04648248
v 0.18988106 -0.38596761 0.05806002
v 0.23213165 -0.39546044 0.06147426
v 0.26483106 -0.40276215 0.06328112
v 0.26576885 -0.40154737 0.07800061
v 0.11450247 -0.37528619 0.01518556
v 0.27936773 -0.40387109 0.05605822
v 0.22287141 -0.38938018 0.07055788
v 0.01505362 -0.36531471 -0.00161295
v 0.00610576 -0.36456565 0.00503634
v 0.00837578 -0.36161930 0.01755037
v -0.00531179 -0.36432836 0.00814769
v -0.01854488 -0.36533575 0.00414374
v 0.11933514 -0.37269957 0.04042302
v 0.16344419 -0.37921069 0.05417275
v 0.13948269 -0.37714154 0.01634830
v 0.20888375 -0.38876528 0.03713823
v 0.25019675 -0.39654182 0.04783039
v -0.02575576 -0.35844654 0.01373611
v -0.02417654 -0.35888161 0.02542443
v -0.02668175 -0.36015326 0.04606657
v -0.00584719 -0.36228653 0.03975723
v 0.00821433 -0.36243620 0.04295650
v 0.00330322 -0.37003814 0.09066255
v -0.02209919 -0.37410537 0.11983898
v -0.00409139 -0.37570260 0.13182093
v -0.02229824 -0.38247833 0.16136541
v -0.00238787 -0.38516612 0.18465411
v -0.02183450 -0.39236666 0.22466839
v -0.00593018 -0.39569325 0.24279682
v 0.00675421 -0.37435302 0.14647333
v -0.02122214 -0.40150620 0.26325495
v -0.00619519 -0.41033543 0.28982323
v -0.02648603 -0.37253279 0.11906752
v 0.00288264 -0.38085818 0.17048831
v -0.02101355 -0.40906274 0.28478239
v 0.05890378 -0.36114793 -0.01079201
v 0.16840350 -0.38033514 0.02317466
v 0.09893968 -0.36817535 0.00234484
v 0.27399888 -0.40661498 0.07568354
v 0.27875046 -0.40847651 0.06534002
v -0.04334752 -0.36256183 0.00429445
v -0.02582754 -0.36573586 -0.00286944
v -0.03002106 -0.36627791 -0.01258451
v -0.03867336 -0.36401920 -0.01547439
v -0.02906049 -0.36660426 -0.02477137
v -0.05181953 -0.36206492 -0.01635310
v -0.06469657 -0.36353750 -0.00100868
v -0.06612257 -0.36333314 0.01441411
v -0.08735978 -0.36417649 -0.00433786
v -0.10159745 -0.36956498 0.01370801
v -0.13866634 -0.37699780 0.03297312
v -0.13640176 -0.37525925 0.01689547
v -0.18490277 -0.38492943 0.03056498
v -0.16052777 -0.37977085 0.04267558
v -0.18632656 -0.38570510 0.04532872
v -0.21138415 -0.39070064 0.04745168
v -0.10125582 -0.36755790 0.00332417
v -0.22022028 -0.38844231 0.03437202
v -0.04000395 -0.36031232 0.01019432
v -0.19749164 -0.38556531 0.05437209
v -0.23753074 -0.39473491 0.05987799
v -0.24436869 -0.39599796 0.04705970
v -0.27449328 -0.40431512 0.06371539
v -0.28508735 -0.40438920 0.05078742
v -0.09215749 -0.36550650 0.02915557
v -0.05574085 -0.35986855 0.01600203
v -0.08050238 -0.35874082 0.02790886
v -0.27654459 -0.40134819 0.07481869
v -0.03964330 -0.36066528 -0.02404355
v -0.02156412 -0.36610194 -0.03710709
v -0.13807584 -0.37340290 0.04067564
v -0.25809951 -0.39494119 0.04255699
v -0.02519075 -0.41318373 0.29189665
v -0.00168733 -0.39292768 0.23986633
v -0.00139087 -0.40841649 0.29577459
v -0.07080071 -0.35942163 -0.01383013
v 0.00272941 -0.38364512 0.20338012
v -0.19352039 -0.38218536 0.02583109
v -0.02739660 -0.37979247 0.16408007
v -0.02663078 -0.38894583 0.22807359
v -0.02695846 -0.40126260 0.27796430
v -0.03859875 -0.35988518 -0.03579324
v -0.20582537 -0.41165189 -0.27121169
v -0.20984582 -0.41162479 -0.27106739
v -0.14266372 -0.37174036 0.01282620
v -0.28638859 -0.41205610 0.06544658
v -0.06980305 -0.37044086 -0.13591926
v 0.14315507 -0.38219883 -0.19821054
v 0.20595827 -0.42971447 -0.28208757
v -0.02916808 -0.36943553 0.13175151
v -0.02880419 -0.36020319 0.07631826
v -0.19270267 -0.42664090 -0.30049492
v -0.29027900 0.47043382 0.04906038
v -0.29371338 0.46943056 -0.00548080
v -0.28721019 0.47032315 0.00601927
v -0.28910179 0.47157732 -0.08291779
v -0.29280783 0.47076539 -0.08640816
v -0.29061409 0.47267261 -0.09826980
v -0.28359284 0.46983011 0.05740215
v -0.28258792 0.46890531 0.08635308
v -0.28569520 0.47166666 -0.11125733
v -0.29035530 0.46984906 -0.11862923
v -0.28367312 0.47102288 -0.13979852
v -0.28632168 0.46945462 -0.06390997
v -0.29131111 0.46659679 -0.14181851
v -0.28171097 0.46828798 -0.16404691
v -0.29879264 0.46429714 -0.14442885
v -0.30293953 0.46331580 -0.09090415
v -0.28828424 0.46396521 -0.19280792
v -0.26732991 0.46807496 -0.22892166
v -0.28245423 0.46369680 -0.22165579
v -0.27658784 0.46312985 -0.24978280
v -0.27456778 0.46862137 -0.19162313
v -0.27133702 0.46898414 -0.18855579
v -0.27533751 0.46858333 -0.16429094
v -0.28038883 0.46867494 -0.13634345
v -0.26722353 0.46472051 -0.25890002
v -0.27924822 0.46518488 -0.26650715
v -0.26939550 0.46400507 -0.27209714
v -0.25391267 0.46431413 -0.25476056
v -0.30929186 0.46428514 -0.08868480
v -0.30579772 0.46406099 -0.03773632
v -0.29844438 0.46657703 -0.03508465
v -0.30544246 0.46409391 0.03897957
v -0.30051294 0.46537122 0.07348524
v -0.30739627 0.46513686 0.07362874
v -0.29953553 0.46600773 0.11561321
v -0.28860536 0.46691191 0.11389100
v -0.28359629 0.46621577 0.14731198
v -0.28023487 0.46915233 0.10638302
v -0.27377586 0.46923915 0.15597159
v -0.27731259 0.46616113 0.18209227
v -0.29124670 0.46644265 0.15793475
v -0.26429047 0.46769640 0.18438644
v -0.26809983 0.46925538 0.16230927
v -0.27450781 0.46840140 0.12836087
v -0.27280863 0.46455945 0.21088190
v -0.26620966 0.46458981 0.21959395
v -0.26971753 0.46450342 0.22561693
v -0.25209909 0.46521032 0.21571925
v -0.31356682 0.46583880 -0.00856465
v -0.28859126 0.46500253 -0.21596974
v -0.30337564 0.46558158 -0.14519698
v -0.28737052 0.47121264 0.19405122
v -0.26218780 0.46551961 -0.21990031
v -0.29949877 0.46906877 0.14913067
v -0.29521675 0.46729476 -0.10330955
v -0.31790526 0.46858470 0.00273051
v -0.31286057 0.46977274 0.07629832
v -0.27171432 0.46714861 0.23449687
v -0.31720988 0.46931467 -0.04770005
v 0.00276415 -0.33909315 0.12313963
v 0.00720625 -0.34700460 0.12815406
v 0.00724962 -0.33622497 0.08089441
v 0.00238581 -0.35394792 0.19558368
v 0.00311625 -0.32939376 0.07219879
v 0.00407833 -0.32127149 0.01932485
v 0.00961001 -0.32924665 0.02347920
v 0.00721787 -0.35955986 0.17880703
v 0.00211516 -0.36438109 0.23871872
v 0.00615425 -0.36760232 0.22037273
v 0.00565780 -0.37920562 0.26266723
v 0.00273801 -0.37868363 0.28560774
v 0.01513818 -0.33832336 0.01701242
v 0.01299906 -0.34192757 0.02339892
v 0.00979965 -0.35446369 0.11016363
v 0.00370880 -0.39590579 0.30792786
v 0.00658677 -0.37005926 0.20644730
v -0.00186289 -0.38974388 0.30994065
v 0.00675421 -0.37435302 0.14647333
v 0.00297082 -0.39639811 0.27422924
v 0.00299096 -0.40525401 0.30653243
v 0.00019220 -0.40988037 0.31653110
v -0.00197198 -0.43642668 0.31605588
v -0.00197438 -0.43653441 0.30928352
v 0.00679196 -0.36727430 0.09541832
v 0.00821433 -0.36243620 0.04295650
v 0.01136307 -0.35671492 0.01724178
v 0.00263632 -0.38834984 0.24869296
v 0.00272941 -0.38364512 0.20338012
v -0.00898789 -0.46587013 0.31840802
v -0.01201453 -0.46512199 0.30338931
v -0.01309976 -0.47516917 0.31421278
v -0.00413286 -0.43545416 0.30315527
v -0.00139087 -0.40841649 0.29577459
v -0.01519134 -0.47553851 0.32444094
v -0.01711920 -0.48109684 0.32348539
v -0.01959193 -0.48720804 0.33123379
v -0.01616614 -0.47284227 0.33756694
v -0.02194656 -0.48992300 0.34330969
v -0.01557704 -0.44569844 0.32228965
v -0.01766209 -0.44668372 0.33740330
v -0.02234630 -0.48354170 0.35053383
v 0.00837578 -0.36161930 0.01755037
v -0.00168733 -0.39292768 0.23986633
v -0.02505800 -0.45700335 0.35663535
v 0.00288264 -0.38085818 0.17048831
v -0.03226204 -0.49240949 0.35775262
v -0.02217842 -0.48114620 0.30581510
v 0.00330322 -0.37003814 0.09066255
v -0.02642282 -0.44204563 0.35230849
v -0.03168269 -0.49876606 0.34754091
v -0.00725755 -0.44386913 0.32023426
v -0.02391901 -0.43840030 0.33692030
v -0.29554728 -0.40074021 0.08552784
v -0.30279939 -0.42868926 0.08306064
v -0.28114766 -0.39902495 0.08026032
v -0.30978177 -0.42527886 0.08304556
v -0.30886278 -0.44805841 0.08115683
v -0.31460917 -0.44122168 0.08086945
v 0.00063420 -0.30971987 0.01800205
v -0.02162769 -0.30982899 0.01473113
v -0.00556767 -0.31907143 0.02034078
v -0.01749501 -0.32167324 0.01882685
v 0.00407833 -0.32127149 0.01932485
v -0.02474104 -0.32972190 0.01581779
v -0.03343344 -0.32790740 0.00963574
v -0.02853457 -0.34172708 0.01469231
v -0.03786656 -0.34043795 0.01270604
v -0.02575576 -0.35844654 0.01373611
v -0.04000395 -0.36031232 0.01019432
v -0.03683457 -0.31880090 0.00302269
v -0.03301933 -0.30996311 0.00366995
v -0.15805474 -0.34590260 0.04450396
v -0.15435283 -0.35787108 0.04912807
v -0.12290171 -0.34161322 0.03880827
v -0.20641213 -0.36180171 0.06002164
v -0.21522923 -0.37383916 0.06615965
v -0.25605464 -0.37353800 0.07392875
v -0.24730497 -0.38279703 0.07565794
v -0.27082074 -0.38772772 0.08122752
v -0.09402161 -0.34298241 0.03348982
v -0.09832845 -0.33127481 0.02796716
v -0.08026997 -0.32894049 0.02295898
v -0.29230618 -0.38636416 0.08147161
v -0.05178276 -0.32983752 0.01422763
v -0.12514199 -0.36628461 0.04124770
v -0.05641404 -0.32358352 0.01204635
v -0.08050238 -0.35874082 0.02790886
v -0.19420549 -0.35591116 0.05468893
v -0.24875610 -0.36806607 0.06811797
v -0.27194234 -0.37461858 0.07388190
v -0.24787704 -0.39133325 0.07111830
v -0.21643509 -0.38456991 0.06312398
v -0.16428404 -0.37526098 0.04969237
v -0.13807584 -0.37340290 0.04067564
v -0.09215749 -0.36550650 0.02915557
v -0.05574085 -0.35986855 0.01600203
v -0.19749164 -0.38556531 0.05437209
v -0.16052777 -0.37977085 0.04267558
v -0.23753074 -0.39473491 0.05987799
v -0.27654459 -0.40134819 0.07481869
v -0.29073505 -0.41482343 0.07622978
v -0.03496916 -0.32134238 -0.03799562
v -0.04602926 -0.32276272 -0.05758121
v -0.04917207 -0.32494952 -0.05667484
v -0.03080228 -0.31759657 -0.04319056
v -0.07898524 -0.33048371 -0.09740791
v -0.03492344 -0.31869067 -0.06012055
v -0.06945502 -0.32662660 -0.10631333
v -0.08846802 -0.33294533 -0.11380678
v -0.08985030 -0.33319236 -0.13544164
v -0.11068156 -0.34199728 -0.14318723
v -0.11216300 -0.34188563 -0.16503534
v -0.13951818 -0.35219526 -0.18739220
v -0.14250723 -0.35332603 -0.19538542
v -0.16965523 -0.36792173 -0.21936753
v -0.13183511 -0.35085959 -0.16952709
v -0.17953644 -0.36954793 -0.24624590
v -0.18626935 -0.37400318 -0.24214372
v -0.20828518 -0.38221813 -0.27810459
v -0.10687437 -0.34263314 -0.13354456
v -0.19196691 -0.38103693 -0.28692891
v -0.21039453 -0.38609199 -0.29048522
v -0.17287671 -0.37314214 -0.26324931
v -0.14638245 -0.36262644 -0.22980015
v -0.12439544 -0.35387594 -0.20077502
v -0.01990133 -0.31859999 -0.05452426
v -0.03284353 -0.32352671 -0.07497702
v -0.20561351 -0.39269210 -0.30387154
v -0.06821609 -0.33358654 -0.12590667
v -0.07692842 -0.33742718 -0.14008387
v -0.10357555 -0.34845624 -0.17660289
v -0.21437938 -0.39605587 -0.30337376
v -0.05092418 -0.33055262 -0.10398395
v -0.18047017 -0.38466235 -0.28681025
v -0.19452515 -0.39333603 -0.30289172
v -0.16191291 -0.37893104 -0.26347769
v -0.22188341 -0.39755891 -0.29030338
v -0.11619627 -0.35648184 -0.19739889
v -0.13136437 -0.36755832 -0.22287090
v -0.36479984 -0.47817119 0.03521896
v -0.31888452 -0.46437698 0.02650603
v -0.32050169 -0.48243429 0.02684860
v -0.36298348 -0.45028965 0.03500241
v -0.33064428 -0.44210972 0.02982279
v -0.33463775 -0.49189900 0.03022747
v -0.36752861 -0.46448667 0.03610793
v -0.35828401 -0.44405214 0.03539195
v -0.31767978 -0.44609925 0.02938775
v -0.35652167 -0.48849501 0.03550100
v -0.34714583 -0.43711682 0.03633518
v -0.30880341 -0.46234980 0.03114117
v -0.34511870 -0.49662657 0.03725395
v -0.32123285 -0.49610770 0.03526905
v -0.33130182 -0.49803463 0.03550817
v -0.30062689 -0.48122729 0.03907996
v -0.30989826 -0.49053118 0.03702274
v -0.30720939 -0.44677487 0.03631199
v -0.29886033 -0.45991809 0.03907614
v -0.04673948 -0.08640700 0.23915128
v -0.10186900 -0.10290117 0.24143207
v -0.04348532 -0.10139874 0.23932932
v -0.10255567 -0.08259289 0.24100724
v -0.10355817 -0.10859841 0.24170620
v -0.04878814 -0.10725890 0.24185562
v -0.11012475 -0.08257614 0.23838461
v -0.03927194 -0.08724427 0.23534524
v -0.11272986 -0.10853276 0.23702297
v -0.03928212 -0.10868496 0.23589541
v -0.11497769 -0.08611585 0.23204631
v -0.20718021 -0.03827415 -0.10401181
v -0.16655954 -0.03307628 -0.20313950
v -0.19863780 -0.03511832 -0.10882449
v -0.18304736 -0.03884411 -0.19089066
v -0.20091966 -0.04304822 -0.17166491
v -0.21226534 -0.03499896 -0.07512002
v -0.18410070 -0.02675785 -0.10884376
v -0.19106361 -0.02220309 -0.06466274
v -0.20485440 -0.02847980 -0.06701696
v -0.19823950 -0.02363054 -0.05516472
v -0.15877409 -0.02772509 -0.20169722
v -0.17591804 -0.02117942 -0.11089154
v -0.16907612 -0.02087599 -0.13881923
v -0.15536825 -0.02021625 -0.18478933
v -0.18965800 -0.00966262 -0.03236831
v -0.15476948 -0.02445451 -0.21801552
v -0.16299004 -0.02962348 -0.22482871
v -0.18963198 -0.04106396 -0.20383155
v -0.22067948 -0.04025956 -0.09359509
v -0.21821130 -0.03820427 -0.07545226
v -0.21504672 -0.04152050 -0.11683879
v -0.21733903 -0.03372736 -0.06715234
v -0.17974816 -0.03537134 -0.22275563
v -0.19515732 -0.01569976 -0.04095995
v -0.15285441 -0.02186667 -0.20442935
v -0.15383072 -0.01613529 -0.24941992
v -0.19376423 -0.01519222 -0.01814182
v -0.20036306 -0.01578873 -0.00026852
v -0.21222852 -0.02673875 -0.06347721
v -0.16696025 -0.02677011 -0.23997062
v -0.18732828 -0.01543445 -0.06064841
v -0.18383617 0.00067259 0.00213460
v -0.14567102 -0.00248563 -0.26038996
v -0.14409075 -0.00348113 -0.24339352
v -0.14000395 0.00429845 -0.22933178
v -0.13433092 0.02097029 -0.27238179
v -0.19259992 -0.01616964 -0.00062101
v -0.14059432 0.00706249 -0.21122932
v -0.17931826 0.00807539 -0.05334601
v -0.18160929 0.00872998 -0.02539681
v -0.17606923 0.00362411 -0.07683325
v -0.19341564 -0.02634997 0.01974097
v -0.18179980 -0.00134972 0.02837884
v -0.16491641 -0.00255363 -0.13178193
v -0.15762049 -0.00667044 -0.16272197
v -0.18607190 -0.02734279 0.06222262
v -0.20434801 -0.01953822 -0.04897159
v -0.20224670 -0.04216272 -0.17864293
v -0.21290446 -0.04140840 -0.14241877
v -0.20280361 -0.01336770 -0.04091453
v -0.20297028 -0.01370596 -0.00580209
v -0.22431105 -0.03567961 -0.07617556
v 0.01200624 -0.31734799 -0.05534940
v 0.01831938 -0.31738125 -0.05097439
v 0.03316139 -0.32039382 -0.07710391
v 0.02766284 -0.32045254 -0.03592955
v 0.03361466 -0.32240006 -0.05054804
v 0.04974545 -0.32644201 -0.07379428
v 0.05855555 -0.32632077 -0.11228254
v 0.06639068 -0.33088184 -0.09753618
v 0.06988246 -0.33004638 -0.12524243
v 0.08968052 -0.33846993 -0.13089187
v 0.11359279 -0.34835287 -0.17717919
v 0.11296885 -0.34865289 -0.16060583
v 0.13954959 -0.35938681 -0.19767427
v 0.14504116 -0.36018955 -0.21577975
v 0.15984989 -0.36915648 -0.22583762
v 0.18861971 -0.37995969 -0.26780731
v 0.16845231 -0.37491678 -0.26341779
v 0.18927669 -0.38359140 -0.27980258
v 0.17435793 -0.38440162 -0.29130310
v 0.16068129 -0.37850092 -0.27926104
v 0.13988780 -0.36703918 -0.24395379
v 0.09211714 -0.34552452 -0.17221395
v 0.10845774 -0.35407989 -0.20068589
v 0.07524419 -0.34170003 -0.15993784
v 0.19405245 -0.39464817 -0.29824464
v 0.20341573 -0.39286553 -0.28281199
v 0.04115770 -0.32842433 -0.11053399
v 0.02390210 -0.32444742 -0.08461893
v 0.17930151 -0.39561938 -0.30369744
v 0.00442026 -0.32133374 -0.05912728
v 0.05705660 -0.33588235 -0.13606590
v 0.13319973 -0.36925890 -0.24173287
v 0.10784706 -0.35841226 -0.20667391
v 0.09029085 -0.35233835 -0.18415171
v 0.01499889 -0.30956528 -0.05108133
v -0.00074509 -0.31044450 -0.05579147
v -0.01430572 -0.30879370 -0.05260271
v 0.00223344 -0.30792762 -0.04093549
v 0.00880584 -0.30808629 -0.03596816
v 0.02563060 -0.30936477 -0.03485904
v 0.01566594 -0.30811536 -0.01918843
v -0.01706589 -0.30789056 -0.04119778
v 0.02942990 -0.30951782 -0.01130913
v 0.01771762 -0.30939637 0.00945023
v 0.01367618 -0.30800720 -0.00990714
v 0.00389593 -0.30844444 0.00139759
v 0.00063420 -0.30971987 0.01800205
v -0.00312109 -0.30857977 0.00434151
v -0.02162769 -0.30982899 0.01473113
v -0.01789477 -0.30867290 0.00193126
v -0.03301933 -0.30996311 0.00366995
v -0.02689491 -0.30988181 -0.04481873
v -0.02411890 -0.30746721 -0.03576211
v -0.02603963 -0.30808507 -0.00582182
v -0.02961197 -0.30786863 -0.01560989
v -0.03782946 -0.30945986 -0.01592167
v -0.02894836 -0.30769221 -0.02665384
v 0.20518860 0.02561570 -0.31269246
v 0.20554843 0.02584820 -0.27855163
v 0.19434565 0.00011039 -0.29945143
v 0.20403963 0.02463364 -0.25112938
v 0.19418792 0.00322936 -0.25116415
v 0.18609538 -0.01724821 -0.30984091
v 0.20847688 0.04361792 -0.25348015
v 0.20975271 0.04952773 -0.29190428
v 0.20898093 0.04843276 -0.31279887
v 0.18707686 -0.01708476 -0.30575125
v 0.18350732 -0.01844821 -0.28289111
v 0.18557721 -0.00894984 -0.25224868
v 0.18478976 -0.01116325 -0.24988853
v 0.20862003 0.06240382 -0.25080782
v 0.20868414 0.06390709 -0.31052655
v 0.18473317 -0.02429885 -0.28896297
v 0.18823456 -0.05825394 -0.29426985
v 0.19037355 -0.06097362 -0.30867126
v 0.20492682 0.07886519 -0.30905059
v 0.20274107 0.08431515 -0.25122369
v 0.20259497 0.07965386 -0.31670255
v 0.19576950 0.09642594 -0.31488328
v 0.19201314 -0.06561537 -0.29412078
v 0.19161105 -0.07083044 -0.30855233
v 0.18894152 -0.07012708 -0.29179054
v 0.18629586 -0.07370321 -0.29711658
v 0.18630956 -0.08186605 -0.28646787
v 0.18889484 -0.07606537 -0.27532212
v 0.18600594 -0.08603142 -0.26961347
v 0.18809547 -0.07905055 -0.25455339
v 0.18411327 -0.08768755 -0.25453495
v 0.18246681 -0.08017248 -0.23757135
v 0.20563539 0.03941079 -0.31498383
v 0.19040941 0.10465072 -0.25125537
v 0.17791843 0.11915763 -0.31589325
v 0.29783189 -0.42483760 0.08834172
v 0.29354895 -0.44854170 0.08246001
v 0.29973163 -0.44113198 0.08742060
v 0.28827286 -0.42708827 0.07860995
v 0.28459709 -0.40484411 0.08671125
v 0.29014153 -0.39933155 0.09028398
v 0.28163442 -0.41367844 0.07700925
v 0.26112094 -0.38943411 0.08586431
v 0.26576885 -0.40154737 0.07800061
v 0.22287141 -0.38938018 0.07055788
v 0.28213333 -0.38766619 0.08679508
v 0.30820992 -0.43732324 0.08569655
v 0.30594978 -0.41276232 0.08653608
v 0.25710033 -0.37669762 0.08130738
v 0.22576199 -0.37619192 0.07746893
v 0.29803224 -0.39612382 0.08702374
v 0.12635225 -0.35650063 0.04873605
v 0.08157253 -0.36158585 0.03356161
v 0.11966137 -0.36668622 0.04514980
v 0.07488713 -0.34480144 0.03311004
v 0.16921153 -0.36316428 0.06062240
v 0.15200387 -0.37266891 0.05371191
v 0.19904263 -0.37471641 0.07073443
v 0.03686674 -0.35460489 0.01601281
v 0.02117837 -0.33953096 0.01323004
v 0.02228532 -0.36065885 0.01043232
v 0.19232477 -0.37987895 0.06649861
v 0.23140766 -0.38623403 0.07700337
v 0.16344419 -0.37921069 0.05417275
v 0.11933514 -0.37269957 0.04042302
v 0.07503245 -0.36496776 0.02784263
v 0.04877999 -0.35817348 0.01929887
v 0.03854886 -0.36141026 0.00991572
v 0.10380035 -0.34227273 0.03929826
v 0.14099638 -0.34807450 0.04805167
v 0.19292172 -0.36146332 0.06464734
v 0.05486344 -0.32843827 0.01910207
v 0.02145259 -0.32765942 0.01032237
v 0.09358480 -0.33143276 0.02852836
v 0.23758539 -0.36686225 0.07187337
v 0.01040494 -0.03803655 -0.29253454
v 0.03163184 -0.06341830 -0.29437555
v -0.00667509 -0.06076856 -0.29375292
v 0.07139206 -0.03668608 -0.29152566
v 0.10397604 -0.06260439 -0.29203587
v 0.10703375 -0.03896542 -0.28984180
v 0.12802988 -0.04582782 -0.29060569
v 0.11596093 -0.06732687 -0.29205118
v -0.02767607 -0.03163371 -0.28901027
v 0.00819285 -0.02385929 -0.28960973
v -0.05210443 -0.05611311 -0.28814834
v 0.08577968 -0.06760408 -0.29160083
v -0.04631746 -0.03932002 -0.28717000
v 0.07679943 -0.02392676 -0.28746943
v 0.11897866 -0.02243029 -0.28261901
v 0.14738578 -0.02171713 -0.28125071
v 0.01797190 -0.01543691 -0.28592979
v -0.02083423 -0.01685000 -0.28379077
v -0.04701157 -0.02159279 -0.28125998
v -0.06536565 -0.03115860 -0.27813623
v -0.07257466 -0.05754944 -0.27782595
v -0.07526123 -0.04459562 -0.27425773
v 0.06348081 -0.01231030 -0.27888579
v -0.05233317 -0.01738252 -0.27536407
v 0.11697829 -0.01554198 -0.27529772
v -0.07607962 -0.02661166 -0.26699534
v -0.08373815 -0.03885738 -0.26291333
v -0.09230487 -0.07023803 -0.25746318
v -0.10087104 -0.07541522 -0.24934482
v -0.11455162 -0.05200830 -0.22022854
v 0.18494935 0.05736349 -0.25537887
v 0.18448885 0.04894018 -0.28441030
v 0.18249453 0.03582956 -0.25461605
v 0.18105304 0.03283740 -0.31177258
v 0.18326927 0.05305608 -0.31437106
v 0.18036663 0.06983434 -0.31465729
v 0.18167661 0.07045776 -0.25593860
v 0.18683240 0.05891907 -0.25072539
v 0.17647243 0.07933667 -0.31128142
v 0.17763512 0.07998474 -0.25308929
v 0.16558727 0.09678930 -0.31505735
v 0.16761945 0.09543388 -0.25253056
v 0.16083456 0.10241815 -0.25744784
v 0.14895184 0.11420160 -0.25218990
v 0.15289939 0.11010579 -0.31038534
v 0.13759985 0.12314994 -0.31604223
v 0.18552517 0.03705543 -0.25037466
v -0.21719581 -0.40061170 -0.27454369
v -0.22699915 -0.41653587 -0.29421837
v -0.21962183 -0.43212417 -0.28294772
v -0.22550443 -0.44517001 -0.28988094
v -0.22823376 -0.43729745 -0.29632936
v -0.22188341 -0.39755891 -0.29030338
v -0.21067468 -0.38725935 -0.27169854
v -0.20676434 -0.39215598 -0.25963479
v -0.20984582 -0.41162479 -0.27106739
v -0.17278390 -0.39024820 -0.22388497
v -0.17919407 -0.38041727 -0.22701046
v -0.16370922 -0.37672991 -0.20605457
v -0.14905564 -0.38630013 -0.19071880
v -0.13947627 -0.36692047 -0.17051709
v -0.15817863 -0.36680050 -0.19951639
v -0.11007410 -0.36954537 -0.13416715
v -0.13205850 -0.36060972 -0.16133786
v -0.10105116 -0.35494019 -0.11600876
v -0.08708218 -0.36827842 -0.10291535
v -0.07258526 -0.35495318 -0.07903096
v -0.08381760 -0.34293778 -0.09464530
v -0.06110355 -0.34095940 -0.06317204
v -0.04709975 -0.33915065 -0.04618473
v -0.04385381 -0.35749101 -0.04332327
v -0.03937554 -0.34257446 -0.03264996
v -0.03859875 -0.35988518 -0.03579324
v -0.03772779 -0.33136787 -0.03333054
v -0.16965523 -0.36792173 -0.21936753
v -0.04917207 -0.32494952 -0.05667484
v -0.18626935 -0.37400318 -0.24214372
v -0.10687437 -0.34263314 -0.13354456
v -0.05012632 -0.36329518 -0.05846174
v -0.06807425 -0.36782396 -0.08110388
v -0.07898524 -0.33048371 -0.09740791
v -0.13183511 -0.35085959 -0.16952709
v -0.03496916 -0.32134238 -0.03799562
v -0.21882657 -0.44981318 -0.28723281
v -0.12099503 -0.38242870 -0.15639447
v -0.10343006 -0.37840795 -0.13477514
v -0.13951818 -0.35219526 -0.18739220
v -0.03964330 -0.36066528 -0.02404355
v -0.20828518 -0.38221813 -0.27810459
v -0.09211388 -0.37490856 -0.11766906
v -0.03993798 -0.32406777 -0.02120900
v -0.04061192 -0.31809539 -0.01180091
v -0.03782946 -0.30945986 -0.01592167
v -0.03301933 -0.30996311 0.00366995
v -0.03683457 -0.31880090 0.00302269
v -0.04186760 -0.33962080 -0.02684648
v -0.20064953 0.36916197 0.25817727
v -0.20243309 0.34563049 0.25943924
v -0.18646016 0.34024097 0.25794636
v -0.21959983 0.38663823 0.25926404
v -0.18499072 0.31416246 0.25967403
v -0.17389597 0.30942676 0.25831851
v -0.16897355 0.27746486 0.25952921
v -0.15415199 0.26665051 0.25867120
v -0.14014100 0.23874033 0.25870317
v -0.15513359 0.24589486 0.25985691
v -0.13895929 0.20966677 0.26101506
v -0.12724174 0.20648662 0.25918081
v -0.13202638 0.18175409 0.26084605
v -0.21895726 0.40705880 0.25863042
v -0.24394199 0.46329003 0.25939676
v -0.11745927 0.17549351 0.26083864
v -0.12264064 0.15825206 0.26304378
v -0.11023872 0.16157089 0.26044150
v -0.25679852 0.46101166 0.25895794
v -0.25601338 0.49101606 0.25900712
v -0.26858887 0.48338990 0.25865041
v -0.26578612 0.49239642 0.25635851
v -0.18323830 0.30010696 0.25770687
v -0.23174550 0.40686031 0.25845019
v -0.21343314 0.36433867 0.25800490
v -0.27378806 0.49143677 0.25408493
v -0.27680159 0.48909568 0.25489045
v -0.16070747 0.25090080 0.25811939
v -0.14340556 0.21309274 0.25919901
v -0.25011636 0.44078971 0.25713412
v -0.25321738 0.49805215 0.25409422
v -0.17380537 0.32154580 0.25419501
v -0.15878364 0.28700991 0.25406071
v -0.20138872 0.38290103 0.25345658
v -0.22643264 0.43806954 0.25314941
v -0.14134177 0.24940267 0.25469922
v -0.12516659 0.20974059 0.25595955
v -0.01235535 -0.21271144 0.00383371
v -0.01789477 -0.30867290 0.00193126
v -0.00807180 -0.30472817 0.00472225
v -0.01997468 -0.21216670 0.00030043
v -0.00324581 -0.21243713 0.00445249
v -0.00312109 -0.30857977 0.00434151
v -0.02533874 -0.21265726 -0.00469715
v -0.02603963 -0.30808507 -0.00582182
v -0.26064377 0.25579442 -0.02794385
v -0.26517204 0.25816771 -0.06042455
v -0.25500460 0.26027285 -0.06659678
v -0.26472771 0.26303148 -0.09247510
v -0.25720462 0.26523270 -0.09776399
v -0.25666853 0.27008075 -0.12437181
v -0.25013484 0.27163131 -0.11827471
v -0.24981412 0.27327040 -0.16038739
v -0.24415066 0.27375503 -0.15668729
v -0.24180211 0.27175663 -0.18170839
v -0.26587463 0.25625114 -0.02744155
v -0.26541359 0.25726311 0.00452683
v -0.25839858 0.27312505 -0.13505858
v -0.23563579 0.27001366 -0.18703043
v 0.33337019 -0.45659054 0.13371144
v 0.33854604 -0.47744239 0.13222297
v 0.36756128 -0.47208817 0.11546411
v 0.36535916 -0.44810208 0.11474475
v 0.34987203 -0.44276293 0.12165477
v 0.35074711 -0.48955553 0.12136913
v 0.37193210 -0.47582066 0.11352286
v 0.37239633 -0.44959303 0.11353936
v 0.37812904 -0.46581680 0.10983145
v 0.33948884 -0.49021659 0.12661350
v 0.32974582 -0.47674400 0.13266076
v 0.33117484 -0.43977991 0.12574588
v 0.36078585 -0.43547949 0.10898158
v 0.32853712 -0.48836273 0.12854292
v 0.37009684 -0.48636919 0.10697430
v 0.32515553 -0.44875775 0.12890598
v 0.37381494 -0.44655117 0.10803465
v 0.21998130 -0.03828071 -0.28927557
v 0.25256626 -0.03061794 -0.28172736
v 0.26677433 -0.05351990 -0.28292611
v 0.23930640 -0.06420547 -0.28843478
v 0.19201314 -0.06561537 -0.29412078
v 0.18823456 -0.05825394 -0.29426985
v 0.26037605 -0.06834530 -0.28419115
v 0.18473317 -0.02429885 -0.28896297
v 0.22252854 -0.02926776 -0.28655217
v 0.29839419 -0.06827030 -0.27412375
v 0.28840470 -0.05172387 -0.27611881
v 0.28235846 -0.03302925 -0.27313315
v 0.26421108 -0.02380269 -0.27502719
v 0.30732100 -0.05162898 -0.26594804
v 0.31485868 -0.06532399 -0.26341555
v 0.25057692 -0.02079852 -0.27687515
v 0.30211841 -0.03537514 -0.26249643
v 0.28045056 -0.02080903 -0.26528576
v 0.21270892 -0.06870613 -0.29014522
v 0.30136521 -0.02393226 -0.25410820
v 0.32043219 -0.03704849 -0.24671579
v 0.33558963 -0.06482907 -0.24235435
v 0.31942672 -0.02697365 -0.23786534
v 0.18350732 -0.01844821 -0.28289111
v 0.18894152 -0.07012708 -0.29179054
v 0.31562091 -0.07027343 -0.25873204
v -0.21405487 0.02675705 0.14647321
v -0.19485687 0.02509477 0.14323146
v -0.20677310 0.02418964 0.11866550
v -0.22481789 0.02524517 0.11193062
v -0.21396996 0.02495124 0.08720777
v -0.22860617 0.02570041 0.08046640
v -0.22405979 0.02616224 0.04649025
v -0.21267137 0.02582446 0.05009392
v -0.19157332 0.02768092 0.15577866
v -0.19949029 0.03130015 0.17417462
v -0.18594763 0.03001884 0.16721301
v -0.17654584 0.03609285 0.18411768
v -0.18511262 0.03924274 0.19498677
v -0.17195091 0.04050125 0.19361742
v -0.16417246 0.04579478 0.20298770
v -0.21955780 0.02765074 0.04431921
v -0.17098474 0.04752459 0.20546259
v -0.20650745 0.02190200 0.10281692
v -0.20156973 0.02187160 0.11714964
v -0.19749687 0.02187482 0.12932892
v 0.23868937 -0.44255627 -0.29240533
v 0.22370454 -0.46050008 -0.27971534
v 0.25585734 -0.44757002 -0.30595154
v 0.23432995 -0.49045745 -0.28785654
v 0.26303282 -0.47128388 -0.31286728
v 0.25378664 -0.48817246 -0.30533293
v 0.21886642 -0.47700399 -0.27784276
v 0.26481268 -0.45221048 -0.31763732
v 0.22257032 -0.44770610 -0.28250553
v 0.26548724 -0.47572506 -0.31860723
v 0.22795111 -0.49228232 -0.28579021
v 0.26686572 -0.46426491 -0.32099669
v 0.24278049 -0.49800916 -0.30218138
v 0.21525840 -0.46017468 -0.27806052
v 0.25702973 -0.49094629 -0.31638119
v 0.24618981 -0.43641311 -0.30734151
v 0.23017854 -0.43775402 -0.29257481
v 0.25814081 -0.44432240 -0.31643151
v 0.20861473 -0.45047347 -0.28374736
v 0.06446220 0.15592844 0.28898111
v -0.01835267 0.14370559 0.28391100
v 0.04741837 0.14388064 0.28714373
v -0.00821403 0.15976179 0.28506981
v -0.05826019 0.15847209 0.28059388
v -0.05821871 0.14338797 0.28017335
v -0.09059212 0.13823045 0.27573579
v -0.09654785 0.15475579 0.27520593
v -0.10652712 0.13200909 0.27275421
v 0.10266631 0.14382222 0.28845149
v 0.12673139 0.15154079 0.28930175
v 0.15251513 0.13225693 0.28932064
v 0.15414151 0.11763199 0.28748049
v 0.17617705 0.11586043 0.28841262
v 0.18304600 0.06605888 0.28451514
v -0.11139972 0.15687147 0.27097078
v 0.08232498 0.16016380 0.28814652
v -0.11731583 0.11806317 0.26756812
v 0.14528707 0.14651495 0.28655986
v -0.12264064 0.15825206 0.26304378
v 0.13382938 0.12521941 0.28505650
v 0.14973680 0.11370831 0.28450119
v 0.16116490 0.10239998 0.28432965
v 0.10345068 0.13756833 0.28477160
v 0.15955515 0.13657744 0.28541485
v 0.11490789 0.15943138 0.28512522
v -0.10595945 -0.10476572 -0.16002116
v -0.11052187 -0.10420329 -0.19942901
v -0.11016164 -0.11707695 -0.19497642
v -0.11348010 -0.10419914 -0.22329323
v -0.10506087 -0.11775109 -0.15866185
v -0.10430378 -0.10539494 -0.10597136
v -0.10330378 -0.11770891 -0.10417597
v -0.11180906 -0.11791042 -0.22413069
v -0.11306073 -0.10710356 -0.25249743
v -0.09956617 -0.10777598 -0.08743048
v -0.11435811 -0.10098634 -0.23622038
v -0.09883580 -0.11499108 -0.07719034
v -0.09697083 -0.10753919 -0.07755815
v -0.10990807 -0.08573279 -0.26135473
v -0.11101769 -0.08349744 -0.24811928
v -0.11277619 -0.08910320 -0.23821106
v -0.10554130 -0.10870379 -0.27534503
v -0.10486130 -0.08123509 -0.27480182
v -0.10277088 -0.10805171 -0.06793399
v -0.09918164 -0.11960715 -0.08995990
v -0.09905805 -0.11994381 -0.07634865
v -0.10698986 -0.11712504 -0.25810759
v -0.10689540 -0.10884969 -0.26517642
v -0.12386340 -0.09830077 -0.22572592
v -0.10087104 -0.07541522 -0.24934482
v -0.11455162 -0.05200830 -0.22022854
v -0.13336863 -0.08845503 -0.20307377
v -0.13253934 -0.10109087 -0.20117465
v -0.14231287 -0.08509093 -0.16869403
v -0.14115619 -0.09890001 -0.16270218
v -0.14865900 -0.08362272 -0.11801008
v -0.14580353 -0.09883609 -0.11767337
v -0.00367438 -0.21263973 -0.04379517
v 0.00223344 -0.30792762 -0.04093549
v -0.00651323 -0.30691104 -0.04331118
v 0.00504199 -0.21216503 -0.03979324
v 0.00880584 -0.30808629 -0.03596816
v -0.01220994 -0.21265337 -0.04349485
v -0.01706589 -0.30789056 -0.04119778
v -0.02303218 -0.21229268 -0.03789535
v -0.02411890 -0.30746721 -0.03576211
v 0.01356579 -0.21222416 -0.02850683
v 0.01407904 -0.30725193 -0.02741905
v -0.09689481 -0.08103100 -0.25874962
v -0.07621689 -0.08107603 -0.24927567
v -0.07926856 -0.08113763 -0.27494976
v -0.05727577 -0.08252631 -0.25444415
v -0.03804704 -0.08433369 -0.27255095
v -0.09884655 -0.07903164 -0.27529668
v -0.09899048 -0.08255268 -0.24680626
v -0.11101769 -0.08349744 -0.24811928
v -0.03798928 -0.08226216 -0.26027198
v -0.10486130 -0.08123509 -0.27480182
v -0.11277619 -0.08910320 -0.23821106
v -0.05342853 -0.08417733 -0.27489968
v 0.20494741 0.02452618 0.24687870
v 0.20592376 0.02861856 0.28047505
v 0.20042979 0.01251182 0.27602706
v 0.19789748 0.01104229 0.22001807
v 0.19346367 -0.00084970 0.25800055
v 0.18954594 -0.01450888 0.27699616
v 0.20875957 0.04143992 0.22057468
v 0.18700104 -0.01443958 0.25366300
v 0.18370911 -0.01816453 0.24204379
v 0.18323333 -0.01270062 0.21979784
v 0.20984808 0.05017746 0.27902513
v 0.21006499 0.05243035 0.22630010
v 0.18646938 -0.02326376 0.25181883
v 0.20915406 0.06468142 0.21979964
v 0.19075236 -0.04479196 0.27691614
v 0.20916012 0.06451632 0.27882145
v 0.18817651 -0.04017026 0.25847178
v 0.18534718 -0.01646866 0.28020415
v 0.19516519 -0.06690089 0.27657620
v 0.19315809 -0.06336422 0.26028944
v 0.20495899 0.08037770 0.22087133
v 0.20450631 0.08018292 0.28110113
v 0.20553294 0.07375233 0.28373390
v 0.20496310 0.04023291 0.28384656
v 0.19558717 -0.06826294 0.25838551
v 0.19153454 -0.07059451 0.27828128
v 0.19419061 0.09974755 0.22067524
v 0.19234227 0.10141807 0.28341421
v 0.20600615 0.04870693 0.21694380
v 0.19294600 0.09702941 0.21678030
v 0.17877560 0.11810887 0.28481355
v -0.22787973 -0.36674845 0.03265175
v -0.18834253 -0.35483935 0.02410996
v -0.19796492 -0.37015212 0.02277820
v -0.15769616 -0.35664971 0.01317243
v -0.12425585 -0.33870500 0.00746318
v -0.10680272 -0.35204810 -0.00116483
v -0.23939337 -0.38080354 0.03313779
v -0.28984352 -0.38501949 0.04765580
v -0.27475126 -0.38743737 0.04176168
v -0.30637536 -0.39983380 0.04907706
v -0.29661010 -0.39839922 0.04633657
v -0.30350403 -0.38732878 0.05285778
v -0.09343326 -0.34093559 -0.00696414
v -0.08659965 -0.32669935 -0.00391904
v -0.03993798 -0.32406777 -0.02120900
v -0.06759701 -0.34171492 -0.01658987
v -0.04186760 -0.33962080 -0.02684648
v -0.27258681 -0.37453954 0.04712168
v -0.31151497 -0.41632161 0.05115068
v -0.13489527 -0.36616714 0.00854609
v -0.08735978 -0.36417649 -0.00433786
v -0.07080071 -0.35942163 -0.01383013
v -0.03964330 -0.36066528 -0.02404355
v -0.30486637 -0.42245332 0.05101955
v -0.30924726 -0.43850264 0.05296975
v -0.31828268 -0.43397645 0.05802730
v -0.19352039 -0.38218536 0.02583109
v -0.25809951 -0.39494119 0.04255699
v -0.31509646 -0.40783499 0.05530003
v -0.22022028 -0.38844231 0.03437202
v -0.14266372 -0.37174036 0.01282620
v -0.10125582 -0.36755790 0.00332417
v -0.30003215 -0.44678431 0.05771107
v -0.28508735 -0.40438920 0.05078742
v -0.09124552 -0.11632246 0.04519024
v -0.12866537 -0.12041566 0.04606049
v -0.06401561 -0.13121696 0.04574798
v -0.05169204 -0.11636650 0.04554155
v -0.03269213 -0.13124020 0.04501961
v -0.03582217 -0.11047845 0.04456391
v -0.01181613 -0.11814803 0.04327206
v -0.01035155 -0.13002758 0.04433237
v -0.12950403 -0.13130191 0.04589501
v -0.17098437 -0.13133852 0.04615220
v -0.19055168 -0.11770285 0.04599330
v -0.20714654 -0.10110592 0.04570930
v -0.19979753 -0.12025454 0.04585997
v -0.18812543 -0.12792158 0.04606972
v -0.21491837 -0.10282584 0.04599009
v -0.21402558 -0.08850275 0.04523656
v -0.22786799 -0.06553860 0.04453508
v -0.21744231 -0.06680262 0.04499058
v -0.00186593 -0.11193647 0.04210746
v -0.22194351 -0.09025362 0.04525118
v -0.21855576 -0.04358865 0.03898419
v -0.23059759 -0.04435386 0.03669959
v -0.21774338 -0.03499431 0.03541484
v -0.22751911 -0.02209346 0.03036605
v -0.22831793 -0.01731656 0.02898400
v -0.21972437 -0.01762383 0.03562441
v -0.05159451 -0.11327732 0.04233822
v -0.01273562 -0.10787892 0.04533846
v -0.04784761 -0.10764089 0.04660709
v -0.06063497 -0.11039014 0.04205377
v 0.16727529 -0.08044018 -0.21721323
v 0.16775084 -0.08183321 -0.15672391
v 0.16637903 -0.09079368 -0.17997868
v 0.16857459 -0.08264140 -0.08644720
v 0.16755672 -0.09074924 -0.22264534
v 0.16590424 -0.08957168 -0.10401283
v 0.16566275 -0.08671022 -0.04186965
v 0.16748951 -0.08211921 -0.04398646
v 0.16435681 -0.08603245 0.04147991
v 0.17153082 -0.08139000 -0.23051838
v 0.16938272 -0.08886867 -0.23391063
v 0.16588508 -0.08394270 0.07780007
v 0.16834435 -0.08155448 0.08235172
v 0.16301643 -0.08288087 0.15493091
v 0.18246681 -0.08017248 -0.23757135
v -0.14023990 -0.37633667 -0.23750330
v -0.13117566 -0.37883961 -0.22350783
v -0.15602562 -0.38804160 -0.25785726
v -0.13136437 -0.36755832 -0.22287090
v -0.11155706 -0.36672996 -0.19977309
v -0.16191291 -0.37893104 -0.26347769
v -0.16430845 -0.38585358 -0.26688198
v -0.18047017 -0.38466235 -0.28681025
v -0.17951834 -0.39720657 -0.29217862
v -0.19452515 -0.39333603 -0.30289172
v -0.19440087 -0.41730465 -0.30726171
v -0.11619627 -0.35648184 -0.19739889
v -0.09232276 -0.35981550 -0.17187983
v -0.10357555 -0.34845624 -0.17660289
v -0.08148140 -0.35718648 -0.15950878
v -0.07692842 -0.33742718 -0.14008387
v -0.06447195 -0.35467160 -0.13783081
v -0.05749746 -0.34809529 -0.12214159
v -0.05092418 -0.33055262 -0.10398395
v -0.03785907 -0.34200574 -0.09382057
v -0.02545265 -0.32873388 -0.07132695
v -0.01729949 -0.34169556 -0.06740965
v -0.01201683 -0.33090397 -0.06009395
v -0.03284353 -0.32352671 -0.07497702
v -0.04561930 -0.35183482 -0.11033799
v -0.04011439 -0.34860389 -0.09648933
v -0.02529979 -0.35151714 -0.07513710
v -0.00954238 -0.34089922 -0.06269582
v -0.02381628 -0.35886963 -0.07005361
v -0.01333633 -0.36106471 -0.05937938
v -0.18808837 -0.41305966 -0.29845711
v -0.19823834 -0.44108467 -0.30745407
v -0.11763622 -0.38413223 -0.19974160
v -0.09571311 -0.37356949 -0.16973921
v -0.06980305 -0.37044086 -0.13591926
v -0.04268548 -0.36449728 -0.09465559
v -0.16574274 -0.40144402 -0.26463507
v -0.14144018 -0.39234268 -0.22715539
v -0.18301163 -0.40947806 -0.28599583
v -0.19270267 -0.42664090 -0.30049492
v -0.09479672 -0.37978925 -0.16147135
v -0.10919385 -0.38375177 -0.18087429
v -0.02306318 -0.36207320 -0.06455958
v -0.20406872 -0.40911568 -0.31013525
v -0.20700411 -0.43767791 -0.31427898
v -0.19977836 -0.45092965 -0.30959353
v -0.01990133 -0.31859999 -0.05452426
v 0.21080078 -0.36993384 0.02914540
v 0.24594904 -0.38211502 0.03912617
v 0.20716158 -0.38173549 0.03015871
v 0.17582725 -0.36519557 0.01871271
v 0.14872371 -0.37076736 0.01307363
v 0.12967203 -0.35582692 0.00524635
v 0.08924505 -0.36263603 -0.00276418
v 0.09617173 -0.34733083 -0.00360139
v 0.03285599 -0.33839839 -0.02342656
v 0.27623310 -0.39716248 0.05012539
v 0.27840259 -0.38767332 0.04853608
v 0.03225031 -0.35734843 -0.02131915
v 0.29415978 -0.39691805 0.05208956
v 0.29151024 -0.40922334 0.05650843
v 0.30592136 -0.39668345 0.05536394
v 0.30611544 -0.41881094 0.05669536
v 0.31343894 -0.41094650 0.05867372
v 0.31296306 -0.44536306 0.06186202
v 0.30350586 -0.44448634 0.06201481
v 0.31301251 -0.46552759 0.06001866
v 0.31898945 -0.44508647 0.06504822
v 0.31797353 -0.41487786 0.06393610
v 0.10481602 -0.34469905 -0.00011123
v 0.05010337 -0.32875131 -0.01459539
v 0.03186540 -0.33072108 -0.02184654
v 0.20106759 -0.36219313 0.02817392
v 0.25869936 -0.37652417 0.04516183
v 0.23521920 -0.36878687 0.03930858
v 0.16739452 -0.35423916 0.01944236
v 0.12886805 -0.34203399 0.01009578
v 0.09067392 -0.33187203 0.00056133
v 0.28558511 -0.38068307 0.05500482
v 0.32705935 -0.45449175 0.06153471
v 0.32961653 -0.48227542 0.06435719
v 0.31550699 -0.47880303 0.06336702
v 0.33361775 -0.43966016 0.06792412
v 0.09893968 -0.36817535 0.00234484
v 0.05890378 -0.36114793 -0.01079201
v 0.05632524 -0.32487454 -0.00955581
v 0.03296260 -0.32118244 -0.01554764
v 0.02986344 -0.36190804 -0.01866710
v 0.16840350 -0.38033514 0.02317466
v 0.13948269 -0.37714154 0.01634830
v 0.29837313 -0.42145532 0.05995694
v 0.17190324 -0.34989740 0.02497660
v 0.31463980 -0.40210139 0.06435771
v 0.20888375 -0.38876528 0.03713823
v 0.25019675 -0.39654182 0.04783039
v 0.27936773 -0.40387109 0.05605822
v -0.05355340 -0.46878239 0.36865999
v -0.05893579 -0.48014710 0.36798710
v -0.04218807 -0.48763995 0.36427310
v -0.06656197 -0.47187960 0.36801260
v -0.05092922 -0.49132507 0.36335608
v -0.05686002 -0.44977130 0.36744857
v -0.03617324 -0.44569737 0.36081799
v -0.02878619 -0.48095676 0.35914214
v -0.02505800 -0.45700335 0.35663535
v -0.03226204 -0.49240949 0.35775262
v -0.02642282 -0.44204563 0.35230849
v -0.02234630 -0.48354170 0.35053383
v -0.03796438 -0.43715730 0.35538011
v -0.05068140 -0.43776412 0.35800990
v -0.06576843 -0.45210601 0.36542116
v -0.06381039 -0.44277521 0.35886818
v -0.17720041 -0.03313662 0.14422425
v -0.20333935 -0.03893762 0.09027037
v -0.16939029 -0.02797615 0.12547714
v -0.17924007 -0.02816053 0.09595783
v -0.19739185 -0.03150575 0.05336123
v -0.18607190 -0.02734279 0.06222262
v -0.19341564 -0.02634997 0.01974097
v -0.15607969 -0.02614532 0.17586506
v -0.18877532 -0.03890199 0.13935848
v -0.17633166 -0.03294849 0.17247711
v -0.21774338 -0.03499431 0.03541484
v -0.20559436 -0.03094357 0.03400267
v -0.21590772 -0.03220594 0.02859910
v -0.21023406 -0.02899872 0.02419769
v -0.19836033 -0.02662933 0.01700972
v -0.21891339 -0.04150902 0.09440882
v -0.21995723 -0.03898594 0.06937546
v -0.21569825 -0.04159945 0.12375368
v -0.14805761 -0.01915264 0.20324450
v -0.15363803 -0.02443283 0.17661806
v -0.20168624 -0.03822576 0.15924522
v -0.19259992 -0.01616964 -0.00062101
v -0.17891829 -0.02576436 0.20189060
v -0.19466515 -0.03348125 0.17923563
v -0.20872063 -0.03880081 0.14986284
v -0.15827509 -0.02296305 0.15244982
v -0.16226650 -0.01259148 0.22119308
v -0.14139649 -0.00582508 0.22066055
v -0.20036306 -0.01578873 -0.00026852
v -0.31987242 0.49078723 -0.07325898
v -0.32359284 0.49063599 0.00286208
v -0.31892539 0.49141859 -0.00974265
v -0.31902886 0.48997999 0.07092887
v -0.31240626 0.49090515 -0.10738466
v -0.31580798 0.49115614 0.05798647
v -0.31393105 0.49051370 0.09717263
v -0.31882181 0.48949458 -0.09870820
v -0.31273550 0.48939597 -0.14172256
v -0.30552338 0.49135288 -0.12349323
v -0.30633387 0.49039781 -0.16538087
v -0.30064485 0.49051328 -0.14421808
v -0.29568262 0.49031746 -0.17517336
v -0.30132239 0.48948371 -0.19896403
v -0.29072891 0.48975514 -0.20056033
v -0.29158006 0.48975260 -0.23173766
v -0.28314457 0.48920579 -0.23090135
v -0.27586396 0.48966228 -0.26383351
v -0.28218995 0.48969695 -0.27217632
v -0.27412091 0.49034160 -0.27402270
v -0.27413134 0.48860684 -0.29852334
v -0.30805810 0.48946405 -0.10168425
v -0.30981075 0.48938155 0.04427292
v -0.30370342 0.48934080 0.09093944
v -0.30849811 0.49040978 0.13071199
v -0.30345139 0.49158545 0.13146437
v -0.31173462 0.48893637 -0.04653419
v -0.30033622 0.49113382 0.16188193
v -0.28987271 0.48955461 0.15794759
v -0.28935978 0.49151654 0.19608303
v -0.28253281 0.49045042 0.19053670
v -0.27584226 0.49019470 0.21659882
v -0.27378806 0.49143677 0.25408493
v -0.26578612 0.49239642 0.25635851
v -0.30063657 0.48838011 0.10732874
v -0.28204276 0.48751361 -0.28544044
v -0.31283509 0.48796459 -0.02279229
v -0.27680159 0.48909568 0.25489045
v -0.32288710 0.48946122 -0.05545761
v -0.29810482 0.48783004 -0.21458810
v -0.26559573 0.49704278 -0.29118025
v -0.25692554 0.49741093 -0.29419422
v -0.27184746 0.49750692 -0.26389819
v -0.26689949 0.49678723 -0.24331488
v -0.27752015 0.49778196 -0.22678177
v -0.28024166 0.49706444 -0.18514913
v -0.28867426 0.49698639 -0.19371214
v -0.29387601 0.49824362 -0.15153591
v -0.29507260 0.49753994 -0.10547746
v -0.30508626 0.49811231 -0.09879761
v -0.30315637 0.49920571 -0.00185637
v -0.30631182 0.49774596 -0.06647407
v -0.29668484 0.49740575 -0.03264688
v -0.29173730 0.49755012 0.06659989
v -0.29853843 0.49825074 0.08413994
v -0.30495088 0.49807173 0.03749622
v -0.28859862 0.49825241 0.13511439
v -0.27730225 0.49735689 0.15231326
v -0.26252813 0.49749361 0.20319940
v -0.26125275 0.49916419 0.23454090
v -0.28304203 0.49756817 0.16497357
v -0.26925256 0.49780790 0.21815843
v -0.26192632 0.49790341 0.25053730
v -0.25321738 0.49805215 0.25409422
v -0.25782927 0.49432091 -0.26038275
v -0.28613718 0.49488887 -0.12672629
v -0.27224508 0.49407424 -0.19785537
v -0.29038870 0.49468739 -0.08478395
v -0.30268568 0.49542749 0.07712236
v -0.28097511 0.49281472 -0.23284194
v -0.32273505 0.48852334 0.04136664
v -0.29553965 0.49341833 0.12145614
v -0.30335114 0.48681695 0.15652114
v -0.28438458 0.48635084 0.22882349
v -0.31472708 0.48664869 0.09857101
v 0.01566594 -0.30811536 -0.01918843
v 0.01291709 -0.21188537 -0.00814359
v 0.01367618 -0.30800720 -0.00990714
v 0.01533777 -0.21291418 -0.01773233
v 0.00969925 -0.30746175 -0.00359469
v 0.00761470 -0.21203715 -0.00107045
v 0.00389593 -0.30844444 0.00139759
v -0.00324581 -0.21243713 0.00445249
v -0.00312109 -0.30857977 0.00434151
v 0.01407904 -0.30725193 -0.02741905
v 0.01356579 -0.21222416 -0.02850683
v -0.03066164 -0.21715232 -0.02013020
v -0.02883067 -0.21211607 -0.02970401
v -0.02894836 -0.30769221 -0.02665384
v -0.02961197 -0.30786863 -0.01560989
v -0.02854977 -0.21262859 -0.01017851
v -0.02603963 -0.30808507 -0.00582182
v -0.02533874 -0.21265726 -0.00469715
v -0.02411890 -0.30746721 -0.03576211
v -0.02303218 -0.21229268 -0.03789535
v 0.14909141 -0.34482649 0.04510224
v 0.19160624 -0.35479400 0.05663233
v 0.16664465 -0.34625440 0.04323092
v 0.13839339 -0.33839572 0.02952172
v 0.09358480 -0.33143276 0.02852836
v 0.10687006 -0.33085664 0.01795095
v 0.24429123 -0.36436319 0.05909276
v 0.23758539 -0.36686225 0.07187337
v 0.17972012 -0.34827156 0.03770582
v 0.05777542 -0.32250375 0.00560502
v 0.05048740 -0.32463413 0.01381120
v 0.02391800 -0.31988406 0.00486125
v 0.03188276 -0.31775831 -0.00932658
v 0.28384791 -0.37679230 0.06545402
v 0.27992737 -0.38012717 0.07986617
v 0.29275597 -0.38348782 0.07374344
v 0.09020714 -0.32908545 0.00423167
v 0.24699082 -0.36593329 0.05126936
v 0.13793011 -0.33950171 0.01918790
v 0.05632524 -0.32487454 -0.00955581
v 0.20216453 -0.35562118 0.03591446
v 0.30649088 -0.39044837 0.06452392
v 0.17190324 -0.34989740 0.02497660
v 0.28558511 -0.38068307 0.05500482
v 0.03296260 -0.32118244 -0.01554764
v 0.25710033 -0.37669762 0.08130738
v 0.29803224 -0.39612382 0.08702374
v 0.31142933 -0.40030780 0.07461197
v 0.23521920 -0.36878687 0.03930858
v 0.12886805 -0.34203399 0.01009578
v 0.09067392 -0.33187203 0.00056133
v 0.30592136 -0.39668345 0.05536394
v 0.20106759 -0.36219313 0.02817392
v 0.28213333 -0.38766619 0.08679508
v 0.19292172 -0.36146332 0.06464734
v 0.14099638 -0.34807450 0.04805167
v 0.05486344 -0.32843827 0.01910207
v 0.02145259 -0.32765942 0.01032237
v 0.31463980 -0.40210139 0.06435771
v -0.20043887 -0.11917336 -0.07796602
v -0.17602541 -0.11657450 -0.07702634
v -0.18539576 -0.12854554 -0.07743706
v -0.09905805 -0.11994381 -0.07634865
v -0.09904005 -0.13046754 -0.07579488
v -0.09139643 -0.12357261 -0.07752406
v -0.06468402 -0.12830322 -0.07367868
v -0.17232054 -0.13119036 -0.07631719
v -0.19231818 -0.11428738 -0.07619016
v -0.20716977 -0.10161443 -0.07685914
v -0.21381072 -0.10530344 -0.07760538
v -0.22237923 -0.08937842 -0.07779003
v -0.21451523 -0.08583877 -0.07615642
v -0.21709734 -0.06524190 -0.07616660
v -0.21821130 -0.03820427 -0.07545226
v -0.22696322 -0.07277630 -0.07695325
v -0.22431105 -0.03567961 -0.07617556
v -0.23134443 -0.04048931 -0.07552845
v -0.22740581 -0.02463300 -0.07706386
v -0.11683285 -0.11727399 -0.07575014
v -0.09883580 -0.11499108 -0.07719034
v -0.22899194 -0.00148225 -0.07526032
v -0.06449193 -0.11981868 -0.07833247
v 0.25820194 -0.03056939 0.25238123
v 0.24987435 -0.05576796 0.25656904
v 0.28181829 -0.05101668 0.25134082
v 0.22085506 -0.04311434 0.25756960
v 0.19315809 -0.06336422 0.26028944
v 0.18817651 -0.04017026 0.25847178
v 0.21423497 -0.02739020 0.25441400
v 0.25189352 -0.06362030 0.25606343
v 0.29404053 -0.03374390 0.24480652
v 0.30143418 -0.06535261 0.24626454
v 0.28368663 -0.02321686 0.24392495
v 0.31474994 -0.06064119 0.24013659
v 0.24802975 -0.02229042 0.24955772
v 0.18646938 -0.02326376 0.25181883
v 0.30590304 -0.03184886 0.23807281
v 0.31636163 -0.06773519 0.23833740
v 0.19558717 -0.06826294 0.25838551
v 0.33247193 -0.06449755 0.22710014
v 0.26291334 -0.01867568 0.24413502
v 0.32367564 -0.03569553 0.22361799
v 0.30850414 -0.02515494 0.23080543
v 0.28992140 -0.06931388 0.24518769
v 0.08815235 -0.12419311 0.00771243
v 0.07510449 -0.12057209 0.00951629
v 0.08878513 -0.19287796 0.01120982
v 0.07897382 -0.19263333 0.01119512
v 0.08577239 -0.10644228 0.01030904
v 0.06556849 -0.10734174 0.01435207
v 0.09814504 -0.19303416 0.00762859
v 0.09702470 -0.13045863 0.00329370
v 0.09746558 -0.10615332 0.00392467
v 0.10343295 -0.16740992 0.00162805
v 0.10258092 -0.12714674 -0.00310131
v 0.10758287 -0.19300316 -0.00158913
v 0.10653593 -0.10678916 -0.00838090
v 0.06349324 -0.13927144 0.00688623
v 0.05924788 -0.11951124 0.00370094
v 0.06682537 -0.19317434 0.00552754
v 0.13952676 -0.09203688 -0.04550329
v 0.13784570 -0.09966992 0.02959525
v 0.13791573 -0.10081434 -0.05174202
v 0.14168661 -0.09257990 -0.15035870
v 0.13802633 -0.10030031 -0.11212282
v 0.13610986 -0.10334206 -0.02858748
v 0.13866490 -0.09001976 -0.03462828
v 0.13878511 -0.09086788 0.00228822
v 0.13909025 -0.09248082 0.00933172
v 0.14098292 -0.09145057 0.05365008
v 0.19652042 -0.45606393 -0.33197094
v 0.21616213 -0.45175131 -0.34439256
v 0.21266674 -0.49242022 -0.34279970
v 0.18754030 -0.47935351 -0.32543434
v 0.22592510 -0.48866279 -0.34981572
v 0.20218458 -0.43838055 -0.33293050
v 0.23333895 -0.45096874 -0.35206299
v 0.19737024 -0.49145136 -0.33091395
v 0.22197889 -0.43858283 -0.34406006
v 0.23820810 -0.47186563 -0.35380218
v 0.18514590 -0.45382190 -0.31986488
v 0.19259326 -0.44061012 -0.32190255
v 0.18288183 -0.46577209 -0.31524027
v 0.20990468 -0.49849502 -0.33482034
v 0.18776898 -0.48210361 -0.32262018
v 0.24192471 -0.48082946 -0.35045940
v 0.23816024 -0.44298339 -0.34564265
v 0.23485678 -0.49129484 -0.34648948
v -0.22280375 0.37005357 0.21776634
v -0.21136234 0.37720439 0.21554163
v -0.21046153 0.33893294 0.21874318
v -0.19626589 0.34129497 0.21619513
v -0.20227303 0.32252419 0.21944442
v -0.18888649 0.32478240 0.21687269
v -0.19821943 0.31187658 0.21997936
v -0.21939861 0.39390482 0.21576617
v -0.24424359 0.41401586 0.21810040
v -0.22722289 0.41247263 0.21537184
v -0.23565780 0.42732752 0.21601708
v -0.24340499 0.44792146 0.21600058
v -0.25702552 0.44207116 0.21876742
v -0.18397492 0.31495657 0.21613832
v -0.18129312 0.27660908 0.21807351
v -0.17617049 0.30143739 0.21613694
v -0.16909231 0.28350085 0.21571493
v -0.17396763 0.26351300 0.21665521
v -0.16237931 0.26873375 0.21535981
v -0.24809192 0.46048782 0.21727548
v -0.26620966 0.46458981 0.21959395
v -0.16068010 0.25665297 0.21680996
v -0.22223706 0.36166924 0.21958272
v -0.15542816 0.24871531 0.21529413
v -0.23966333 0.40005113 0.21999038
v -0.25209909 0.46521032 0.21571925
v -0.26971753 0.46450342 0.22561693
v -0.17479549 0.25848442 0.22347253
v -0.11376585 -0.10327689 0.17970252
v -0.10577402 -0.10526730 0.15511988
v -0.10657304 -0.11471794 0.16563176
v -0.11909054 -0.11122953 0.19608896
v -0.12065677 -0.09978552 0.19635589
v -0.10317658 -0.11511677 0.14365391
v -0.11928333 -0.10938417 0.21421167
v -0.10254090 -0.11523979 0.08770069
v -0.10430881 -0.10560732 0.06339719
v -0.10143998 -0.10754689 0.04804654
v -0.09697110 -0.11642200 0.04961380
v -0.11537405 -0.11513328 0.19294841
v -0.11963291 -0.08876994 0.20479121
v -0.11737634 -0.10880735 0.22627055
v -0.11497769 -0.08611585 0.23204631
v -0.11272986 -0.10853276 0.23702297
v -0.10550056 -0.10471181 0.09817712
v -0.12664884 -0.09807828 0.18639979
v -0.12958433 -0.08978784 0.17882742
v -0.14078878 -0.09706254 0.13145315
v -0.14267849 -0.08978890 0.12690391
v -0.12789351 -0.10035737 0.16607623
v -0.14916438 -0.09750530 0.04220095
v -0.12728027 -0.10232471 0.09746901
v -0.11447290 -0.10532169 0.02772803
v -0.13585907 -0.10076281 0.05443190
v -0.14731781 -0.09909553 0.02063879
v -0.11068283 -0.10665509 0.02212024
v -0.12186338 -0.10381869 -0.03889491
v -0.14688750 -0.09956536 -0.05945875
v -0.14419060 -0.10088909 -0.07529647
v -0.09191432 -0.10933459 0.04053348
v -0.09257008 -0.11131456 0.02614459
v -0.11833454 -0.10439974 -0.07530896
v -0.12769553 -0.10329573 -0.18060141
v -0.13743638 -0.10158625 -0.17043400
v -0.13253934 -0.10109087 -0.20117465
v -0.12064746 -0.10272376 -0.22366319
v -0.11100091 -0.10794786 -0.05307809
v -0.10277088 -0.10805171 -0.06793399
v -0.09697083 -0.10753919 -0.07755815
v -0.10430378 -0.10539494 -0.10597136
v -0.11052187 -0.10420329 -0.19942901
v -0.10595945 -0.10476572 -0.16002116
v -0.11348010 -0.10419914 -0.22329323
v -0.11435811 -0.10098634 -0.23622038
v -0.06971307 -0.11108236 0.02573797
v -0.06063497 -0.11039014 0.04205377
v -0.06434945 -0.11291524 0.02448067
v -0.05159451 -0.11327732 0.04233822
v -0.14580353 -0.09883609 -0.11767337
v -0.14115619 -0.09890001 -0.16270218
v -0.11746727 -0.10798195 -0.03704711
v -0.14869801 -0.09577137 -0.06957545
v -0.07166806 -0.11186443 0.04416565
v -0.14708992 -0.09411564 0.09260690
v -0.12386340 -0.09830077 -0.22572592
v -0.09349511 -0.11279763 0.04497296
v -0.08862288 -0.11740539 0.04747996
v -0.10446397 -0.11189738 -0.05982370
v -0.15284944 -0.08407809 0.02801953
v -0.15221067 -0.08402602 -0.04414763
v -0.14865900 -0.08362272 -0.11801008
v -0.19695301 0.26050067 -0.25305733
v -0.16537273 0.23455011 -0.26834185
v -0.19580497 0.24290114 -0.24011995
v -0.17642224 0.25248999 -0.26890636
v -0.15718799 0.23500821 -0.27737539
v -0.21224162 0.26796059 -0.23824507
v -0.22949488 0.27828670 -0.21982185
v -0.21468817 0.25491895 -0.21946329
v -0.16231339 0.23039739 -0.26694523
v -0.14772673 0.19163153 -0.26665107
v -0.14204417 0.19164707 -0.27714466
v -0.22841984 0.26429096 -0.20101351
v -0.24737420 0.28895117 -0.19672878
v -0.24180211 0.27175663 -0.18170839
v -0.24981412 0.27327040 -0.16038739
v -0.25839858 0.27312505 -0.13505858
v -0.26499115 0.29485921 -0.15131805
v -0.25725965 0.29635348 -0.17583688
v -0.27247664 0.29204016 -0.11303767
v -0.26472771 0.26303148 -0.09247510
v -0.14928242 0.22532412 -0.29606976
v -0.16513146 0.24920720 -0.27534389
v -0.18358583 0.29433096 -0.29185885
v -0.16716772 0.26681403 -0.29790439
v -0.20142871 0.33247639 -0.29408327
v -0.20042037 0.33825091 -0.29815622
v -0.22714541 0.38334381 -0.29367564
v -0.23617331 0.40959305 -0.29830967
v -0.25732707 0.44460234 -0.29389693
v -0.26043699 0.46091761 -0.29844191
v -0.14623676 0.22448579 -0.29861423
v -0.13775558 0.19137719 -0.29824419
v -0.13516012 0.16080115 -0.28603688
v -0.13026246 0.15016467 -0.29443919
v -0.12594486 0.14352136 -0.29933114
v -0.14411914 0.16348348 -0.26894464
v -0.27538533 0.28622551 -0.07777259
v -0.22060070 0.36097737 -0.25390061
v -0.23309525 0.38809861 -0.25920163
v -0.26151245 0.44960220 -0.27471489
v -0.20204929 0.32666646 -0.25553676
v -0.18774017 0.29761876 -0.26234061
v -0.17649327 0.27162898 -0.25636259
v -0.13706590 0.12038956 -0.28389631
v -0.14394235 0.13554445 -0.27209663
v -0.13220241 0.10228594 -0.28970813
v -0.26829168 0.46393936 -0.29430831
v -0.27457940 0.46896546 -0.28486693
v -0.27582507 0.47849308 -0.29566764
v -0.28204276 0.48751361 -0.28544044
v -0.27924822 0.46518488 -0.26650715
v -0.28870634 0.47999853 -0.25017670
v -0.29865915 0.46988492 -0.18624660
v -0.30169245 0.48101440 -0.19263693
v -0.29810482 0.48783004 -0.21458810
v -0.27413134 0.48860684 -0.29852334
v -0.30132239 0.48948371 -0.19896403
v -0.31273550 0.48939597 -0.14172256
v -0.31344966 0.48098768 -0.12666398
v -0.31882181 0.48949458 -0.09870820
v -0.24692188 0.41734958 -0.25597415
v -0.21362264 0.34801609 -0.25380510
v -0.26046958 0.44683007 -0.25722808
v -0.26939550 0.46400507 -0.27209714
v -0.14965900 0.19712002 -0.24748216
v -0.14572387 0.17888904 -0.24784309
v -0.28859126 0.46500253 -0.21596974
v -0.30337564 0.46558158 -0.14519698
v -0.30931161 0.46904775 -0.12387555
v -0.30929186 0.46428514 -0.08868480
v -0.31720988 0.46931467 -0.04770005
v -0.18114192 0.28284425 -0.25669667
v -0.16019624 0.22890787 -0.24864762
v -0.19514529 0.31341063 -0.25505588
v -0.16509324 0.23546430 -0.25183471
v -0.14278956 0.16362352 -0.24824438
v -0.18518886 0.29432017 -0.25587587
v -0.23191873 0.38676849 -0.25568464
v -0.26722353 0.46472051 -0.25890002
v -0.31356682 0.46583880 -0.00856465
v 0.03967205 -0.10701202 -0.06033930
v 0.05508214 -0.11516779 -0.05153576
v 0.03771558 -0.11526571 -0.05820324
v 0.06217213 -0.10724216 -0.05227966
v 0.07278111 -0.11608004 -0.04282870
v 0.07524449 -0.10753789 -0.04513049
v 0.09026138 -0.12575716 -0.03899826
v 0.09606162 -0.10646488 -0.03843865
v 0.09698115 -0.12699723 -0.03508705
v 0.07736782 -0.12685842 -0.04077904
v 0.10064244 -0.19310889 -0.03803738
v 0.08981802 -0.19004481 -0.04244917
v 0.07997608 -0.19308060 -0.04245164
v 0.10602338 -0.15762151 -0.02938846
v 0.10762288 -0.19271997 -0.03030023
v 0.10567896 -0.12676135 -0.02311623
v 0.10545685 -0.10649234 -0.02503962
v 0.03118106 -0.11513688 -0.06836354
v 0.02894756 -0.10740427 -0.07253794
v 0.01848235 -0.10717949 -0.07991400
v 0.01909844 -0.11514493 -0.07909714
v -0.00204135 -0.10707341 -0.08247694
v -0.00353684 -0.11502297 -0.08253405
v -0.02423851 -0.10758208 -0.08338935
v -0.04503389 -0.11514732 -0.08191356
v -0.06354661 -0.10752810 -0.08134016
v 0.06476611 -0.14201649 -0.03767525
v -0.06362478 -0.11506469 -0.07859218
v 0.06164219 -0.12097059 -0.03474314
v 0.06771426 -0.19313825 -0.03701678
v 0.05241596 -0.11752276 -0.03329201
v 0.08534630 -0.37354691 -0.18190285
v 0.09363451 -0.36994487 -0.19589083
v 0.10474982 -0.37958444 -0.20901970
v 0.07614491 -0.36694465 -0.17065756
v 0.12013595 -0.37927554 -0.23127379
v 0.12889074 -0.38873062 -0.23957438
v 0.13600110 -0.38514511 -0.25422167
v 0.15314353 -0.39569975 -0.27828095
v 0.15231941 -0.38815932 -0.27761391
v 0.16770605 -0.39669617 -0.29740469
v 0.16638502 -0.40571097 -0.29176263
v 0.17243850 -0.41356584 -0.29860255
v 0.17895414 -0.40948032 -0.30737976
v 0.18436743 -0.44331189 -0.30353978
v 0.18729728 -0.44988513 -0.30798351
v 0.07966826 -0.37713909 -0.16604750
v 0.05023903 -0.37001708 -0.12939469
v 0.05983936 -0.35998695 -0.14919384
v 0.04183543 -0.35370027 -0.12433474
v 0.02309581 -0.36288446 -0.08788269
v 0.01844023 -0.35693597 -0.08507666
v 0.00404364 -0.36080831 -0.06714637
v 0.00358254 -0.34230589 -0.06988822
v 0.02468752 -0.34365699 -0.09549642
v 0.10277356 -0.38258173 -0.20149056
v 0.18887435 -0.46201069 -0.29819861
v -0.00954238 -0.34089922 -0.06269582
v 0.19148985 -0.44372550 -0.31090501
v 0.13827473 -0.39310761 -0.24895259
v 0.15890979 -0.40118469 -0.28096573
v 0.13319973 -0.36925890 -0.24173287
v 0.10784706 -0.35841226 -0.20667391
v 0.09285842 -0.36574149 -0.19056148
v 0.09029085 -0.35233835 -0.18415171
v 0.07475075 -0.34789549 -0.16299307
v 0.06711092 -0.35675958 -0.15391391
v 0.05705660 -0.33588235 -0.13606590
v 0.04950179 -0.34805481 -0.12811607
v 0.03618926 -0.34629149 -0.10995291
v 0.04115770 -0.32842433 -0.11053399
v 0.02390210 -0.32444742 -0.08461893
v 0.00447011 -0.33041290 -0.06611246
v 0.07524419 -0.34170003 -0.15993784
v 0.00442026 -0.32133374 -0.05912728
v 0.17930151 -0.39561938 -0.30369744
v -0.01333633 -0.36106471 -0.05937938
v 0.16068129 -0.37850092 -0.27926104
v -0.01201683 -0.33090397 -0.06009395
v 0.18772054 -0.41516823 -0.31014019
v 0.18514590 -0.45382190 -0.31986488
v 0.19259326 -0.44061012 -0.32190255
v -0.00074509 -0.31044450 -0.05579147
v -0.01990133 -0.31859999 -0.05452426
v -0.01430572 -0.30879370 -0.05260271
v -0.02689491 -0.30988181 -0.04481873
v -0.03080228 -0.31759657 -0.04319056
v -0.03496916 -0.32134238 -0.03799562
v -0.03782946 -0.30945986 -0.01592167
v 0.24252872 -0.45465872 -0.35146003
v 0.26686572 -0.46426491 -0.32099669
v 0.24687124 -0.46690396 -0.34997685
v 0.26481268 -0.45221048 -0.31763732
v 0.23816024 -0.44298339 -0.34564265
v 0.25814081 -0.44432240 -0.31643151
v 0.23168669 -0.43675192 -0.34063382
v 0.23333895 -0.45096874 -0.35206299
v 0.25590825 -0.47916897 -0.33342083
v 0.26548724 -0.47572506 -0.31860723
v 0.24192471 -0.48082946 -0.35045940
v 0.23820810 -0.47186563 -0.35380218
v 0.25702973 -0.49094629 -0.31638119
v 0.23485678 -0.49129484 -0.34648948
v 0.11204839 -0.08913321 0.23422067
v 0.14758642 -0.09067360 0.23344213
v 0.14701665 -0.08529422 0.24075327
v 0.11584685 -0.07295600 0.25231458
v 0.16784072 -0.07341391 0.25239155
v 0.18725459 -0.07212538 0.25259229
v 0.17615785 -0.08390552 0.23924024
v 0.11165264 -0.09451835 0.22357636
v 0.17512521 -0.08807139 0.23050686
v 0.13687403 -0.07136900 0.27655212
v 0.12103052 -0.07395206 0.25347770
v 0.12084419 -0.06983986 0.27567910
v 0.13590487 -0.06784730 0.28021604
v 0.19153454 -0.07059451 0.27828128
v 0.19558717 -0.06826294 0.25838551
v 0.18473722 -0.07451852 0.23787628
v 0.21235621 -0.07493889 0.23840028
v 0.28992140 -0.06931388 0.24518769
v 0.27714169 -0.07526024 0.23439023
v 0.30902179 -0.07383011 0.22583947
v 0.31636163 -0.06773519 0.23833740
v 0.28509195 -0.07777063 0.22317333
v 0.22575697 -0.07921393 0.22221432
v 0.30470258 -0.07801945 0.20957618
v 0.33173121 -0.06934122 0.22141067
v 0.17837276 -0.07695281 0.22521718
v 0.32654834 -0.07387817 0.20197061
v 0.17647557 -0.07843255 0.21441127
v 0.27688835 -0.08059442 0.19982702
v 0.21015193 -0.08052868 0.20263385
v 0.16962296 -0.07976278 0.20205406
v 0.30793472 -0.08123729 0.14290792
v 0.22952108 -0.08310756 0.07604543
v 0.30644151 -0.08336151 0.04893848
v 0.27537915 -0.08380215 -0.02205415
v 0.30535602 -0.08357604 -0.06979147
v 0.16748951 -0.08211921 -0.04398646
v 0.21229432 -0.08296638 -0.06829990
v 0.16834435 -0.08155448 0.08235172
v 0.16819294 -0.08015782 0.17328489
v 0.16857459 -0.08264140 -0.08644720
v 0.23266143 -0.08217231 -0.16697843
v 0.16775084 -0.08183321 -0.15672391
v 0.18246681 -0.08017248 -0.23757135
v 0.16727529 -0.08044018 -0.21721323
v 0.23378960 -0.08007395 -0.23508551
v 0.30455084 -0.08202461 -0.16158651
v 0.30579398 -0.07865220 -0.22537430
v 0.24799613 -0.07810439 -0.26013870
v 0.18809547 -0.07905055 -0.25455339
v 0.28307767 -0.07733383 -0.25292785
v 0.18889484 -0.07606537 -0.27532212
v 0.31545509 -0.07986161 -0.16838839
v 0.32377729 -0.07478699 -0.22809281
v 0.30297838 -0.07326133 -0.26152630
v 0.16509034 -0.08084876 0.19008029
v 0.17153082 -0.08139000 -0.23051838
v 0.31419032 -0.08124802 -0.08175875
v 0.26550240 -0.07394203 -0.27355835
v 0.31469063 -0.08123673 0.03859383
v 0.31586287 -0.07923369 0.11393206
v 0.33800836 -0.07077325 -0.22297917
v 0.34094195 -0.06946887 0.20295487
v 0.33368450 -0.07148060 0.09379192
v 0.33992474 -0.06965184 0.04573075
v 0.33020124 -0.07391674 -0.03935893
v 0.31562091 -0.07027343 -0.25873204
v 0.33483226 -0.06924857 -0.23758066
v 0.34029751 -0.06968284 -0.09733975
v 0.21270892 -0.06870613 -0.29014522
v 0.18894152 -0.07012708 -0.29179054
v 0.29839419 -0.06827030 -0.27412375
v 0.16301643 -0.08288087 0.15493091
v 0.26037605 -0.06834530 -0.28419115
v 0.34407324 -0.06671482 0.03986242
v 0.34456381 -0.06610837 -0.22317815
v 0.33924423 -0.06589067 0.21724501
v 0.34454730 -0.06659278 0.20156783
v 0.30143418 -0.06535261 0.24626454
v 0.25189352 -0.06362030 0.25606343
v 0.33247193 -0.06449755 0.22710014
v 0.33558963 -0.06482907 -0.24235435
v -0.08637965 -0.09728705 -0.27502749
v -0.03990737 -0.09484800 -0.27419799
v -0.10080205 -0.10428505 -0.27610333
v -0.03987924 -0.10780984 -0.27529459
v -0.09884655 -0.07903164 -0.27529668
v -0.07926856 -0.08113763 -0.27494976
v -0.05342853 -0.08417733 -0.27489968
v -0.10486130 -0.08123509 -0.27480182
v -0.03804704 -0.08433369 -0.27255095
v -0.10554130 -0.10870379 -0.27534503
v -0.08122613 -0.10878272 -0.27515303
v -0.02447372 -0.21051109 -0.01243591
v -0.02511289 -0.14756602 -0.01330830
v -0.02617949 -0.21027837 -0.02251368
v -0.02631344 -0.14760166 -0.02561296
v -0.02023211 -0.14945939 -0.00707806
v -0.01664938 -0.21035862 -0.00419471
v -0.02883067 -0.21211607 -0.02970401
v -0.02284715 -0.14560834 -0.00567173
v -0.02995950 -0.14717896 -0.02136888
v -0.02147599 -0.21072534 -0.03298431
v -0.02141919 -0.14716305 -0.03407565
v 0.02118404 -0.36444899 -0.01323662
v 0.01483787 -0.39698490 -0.00281556
v 0.02076686 -0.39697328 -0.01607505
v 0.01505362 -0.36531471 -0.00161295
v 0.01773220 -0.41617590 -0.00350617
v 0.02257090 -0.41611504 -0.01546215
v 0.00597170 -0.41602427 0.00658628
v 0.00610576 -0.36456565 0.00503634
v 0.00519529 -0.39665746 0.00440160
v 0.02048239 -0.36493202 -0.02478897
v 0.01775310 -0.40017240 -0.03101723
v 0.01923022 -0.41622479 -0.03229871
v 0.01707686 -0.36502255 -0.03315773
v 0.18887435 -0.46201069 -0.29819861
v 0.18737563 -0.47946548 -0.31278109
v 0.20727424 -0.47781358 -0.28477416
v 0.19815000 -0.45866410 -0.28475421
v 0.19059358 -0.43662533 -0.28949092
v 0.18288183 -0.46577209 -0.31524027
v 0.18436743 -0.44331189 -0.30353978
v 0.19142237 -0.42257146 -0.28343334
v 0.17243850 -0.41356584 -0.29860255
v 0.19964455 -0.43740472 -0.28152231
v 0.19857747 -0.42371555 -0.27794476
v 0.19224183 -0.41188745 -0.27118363
v 0.21886642 -0.47700399 -0.27784276
v 0.20385025 -0.48815742 -0.30195497
v 0.21374188 -0.48842339 -0.28914651
v 0.19157534 -0.40852099 -0.26604917
v 0.18729728 -0.44988513 -0.30798351
v 0.16638502 -0.40571097 -0.29176263
v 0.22795111 -0.49228232 -0.28579021
v 0.21525840 -0.46017468 -0.27806052
v 0.20130855 -0.48867932 -0.30863003
v 0.20000376 -0.49463856 -0.32040805
v 0.18776898 -0.48210361 -0.32262018
v 0.21166916 -0.49895874 -0.31913608
v 0.19737024 -0.49145136 -0.33091395
v 0.18514590 -0.45382190 -0.31986488
v 0.20595827 -0.42971447 -0.28208757
v 0.20861473 -0.45047347 -0.28374736
v 0.05420203 -0.14276227 -0.00234551
v 0.05100197 -0.14128937 -0.01676954
v 0.05707534 -0.16952772 -0.00483417
v 0.05210796 -0.11831869 -0.00709132
v 0.05652850 -0.17108226 -0.02234098
v 0.06306637 -0.19263988 -0.00137816
v 0.06380275 -0.19329939 -0.02854899
v 0.05231521 -0.11922971 -0.02344013
v 0.05241596 -0.11752276 -0.03329201
v 0.05608025 -0.14291588 -0.02971315
v 0.06771426 -0.19313825 -0.03701678
v 0.06682537 -0.19317434 0.00552754
v 0.05924788 -0.11951124 0.00370094
v 0.06444509 -0.11621456 0.01112705
v 0.06349324 -0.13927144 0.00688623
v 0.06164219 -0.12097059 -0.03474314
v 0.06476611 -0.14201649 -0.03767525
v -0.22745653 0.40452083 -0.25319284
v -0.24692188 0.41734958 -0.25597415
v -0.23191873 0.38676849 -0.25568464
v -0.21816327 0.38161836 -0.25316412
v -0.23893705 0.42994018 -0.25359817
v -0.25555707 0.44680657 -0.25563915
v -0.22060070 0.36097737 -0.25390061
v -0.21304811 0.36992950 -0.25190879
v -0.20495274 0.35181818 -0.25077049
v -0.21362264 0.34801609 -0.25380510
v -0.26046958 0.44683007 -0.25722808
v -0.24668848 0.44950125 -0.25481198
v -0.25012355 0.45913602 -0.25522958
v -0.25391267 0.46431413 -0.25476056
v -0.26722353 0.46472051 -0.25890002
v -0.20204929 0.32666646 -0.25553676
v -0.19796338 0.33497251 -0.25167735
v -0.19153028 0.32471907 -0.24997600
v -0.19514529 0.31341063 -0.25505588
v -0.18530782 0.30865345 -0.25211566
v -0.18518886 0.29432017 -0.25587587
v -0.17785660 0.29287499 -0.25248435
v -0.18114192 0.28284425 -0.25669667
v -0.17143785 0.28245128 -0.25077484
v -0.17649327 0.27162898 -0.25636259
v -0.16667733 0.27104836 -0.25277155
v -0.16876573 0.25642715 -0.25756030
v -0.15799853 0.25178210 -0.25440417
v 0.00508056 -0.16671514 -0.02255518
v -0.00135637 -0.16501740 -0.00840518
v 0.00673958 -0.21043133 -0.01196270
v 0.00853600 -0.20991259 -0.02377028
v 0.00090539 -0.14735869 -0.00767748
v 0.00654098 -0.14686321 -0.02465446
v 0.00164511 -0.21040991 -0.00558209
v 0.00245862 -0.16801331 -0.03225173
v 0.00204557 -0.21063225 -0.03630139
v 0.00030711 -0.14363947 -0.03624754
v 0.11038464 -0.08639727 0.19719227
v 0.11001730 -0.09104261 0.15314055
v 0.11068979 -0.09744810 0.20220211
v 0.11124875 -0.08255745 0.21575901
v 0.11165264 -0.09451835 0.22357636
v 0.11204839 -0.08913321 0.23422067
v 0.11118995 -0.10124501 0.13750630
v 0.11076751 -0.09374966 0.10974194
v 0.11163969 -0.10379142 0.12977450
v 0.11038871 -0.09722226 0.07105034
v 0.11154003 -0.10400426 0.07539290
v 0.11304677 -0.07639113 0.22933904
v 0.11584685 -0.07295600 0.25231458
v 0.10931403 -0.09875569 0.06626418
v 0.11002716 -0.10280090 0.02420667
v 0.11312506 -0.07120108 0.24512345
v 0.11655975 -0.06791027 0.25802947
v 0.12084419 -0.06983986 0.27567910
v -0.33800947 -0.48172515 0.05970715
v -0.34146947 -0.48191513 0.04970369
v -0.32102630 -0.48066904 0.06829199
v -0.31521607 -0.48011701 0.04875438
v -0.31414851 -0.47920956 0.07216257
v -0.34433777 -0.48637324 0.06355241
v -0.34852523 -0.48747014 0.04820221
v -0.31175726 -0.48100469 0.06312466
v -0.30823181 -0.48715266 0.07166850
v -0.04928813 -0.43149997 0.33517554
v -0.07134080 -0.43519192 0.32498625
v -0.06466426 -0.43639856 0.34354439
v -0.05068140 -0.43776412 0.35800990
v -0.06381039 -0.44277521 0.35886818
v -0.08287991 -0.44354557 0.33439576
v -0.03796438 -0.43715730 0.35538011
v -0.05707445 -0.43385162 0.31126890
v -0.03754650 -0.43267858 0.33354272
v -0.03043577 -0.43478089 0.31339842
v -0.02480781 -0.43643306 0.32078208
v -0.02391901 -0.43840030 0.33692030
v -0.04898400 -0.43792169 0.30212755
v -0.02642282 -0.44204563 0.35230849
v -0.06823695 -0.44045501 0.30913352
v -0.06230841 -0.44088394 0.30395659
v -0.03988299 -0.44349922 0.29752239
v -0.02955743 -0.44059982 0.30392338
v -0.07997548 -0.44552505 0.31847078
v -0.05686002 -0.44977130 0.36744857
v -0.01557704 -0.44569844 0.32228965
v -0.24957882 -0.43557309 -0.34256933
v -0.24788286 -0.43241922 -0.31888151
v -0.23059834 -0.43054919 -0.32787716
v -0.22999906 -0.43325983 -0.34774543
v -0.21877924 -0.43116670 -0.33269715
v -0.23908558 -0.43756798 -0.35460913
v -0.26333096 -0.43978098 -0.32894618
v -0.22500165 -0.43313566 -0.30508555
v -0.23984058 -0.43352345 -0.30717159
v -0.21836720 -0.43341569 -0.31086560
v -0.22823376 -0.43729745 -0.29632936
v -0.20700411 -0.43767791 -0.31427898
v -0.20602086 -0.43826631 -0.32353767
v -0.25001659 -0.43920242 -0.30744644
v -0.26026852 -0.44464697 -0.31372871
v -0.23518959 -0.44401197 -0.29302543
v -0.21245172 -0.44073066 -0.34044056
v -0.22571096 -0.44400763 -0.35559512
v -0.34516831 -0.43215208 0.06090448
v -0.31828268 -0.43397645 0.05802730
v -0.33345767 -0.43505163 0.03759473
v -0.34359577 -0.43210248 0.07589521
v -0.31871429 -0.43722905 0.03744871
v -0.31907014 -0.43524057 0.07341034
v -0.34714583 -0.43711682 0.03633518
v -0.36343667 -0.43662962 0.06618883
v -0.36089938 -0.43797900 0.05222292
v -0.30924726 -0.43850264 0.05296975
v -0.30406413 -0.44248544 0.04712717
v -0.35828401 -0.44405214 0.03539195
v -0.33064428 -0.44210972 0.02982279
v -0.33211133 -0.43962224 0.08508270
v -0.30720939 -0.44677487 0.03631199
v -0.30003215 -0.44678431 0.05771107
v -0.31460917 -0.44122168 0.08086945
v -0.31767978 -0.44609925 0.02938775
v -0.35539566 -0.43913429 0.07802240
v 0.31968027 -0.43202872 0.10445531
v 0.33954807 -0.43103159 0.10342897
v 0.33794001 -0.43352115 0.07710083
v 0.35054629 -0.43290612 0.08759842
v 0.31690079 -0.43669364 0.07749558
v 0.30820992 -0.43732324 0.08569655
v 0.33035529 -0.43223530 0.11454299
v 0.35367775 -0.43291375 0.10803799
v 0.30353851 -0.43874659 0.09861180
v 0.29973163 -0.44113198 0.08742060
v 0.33361775 -0.43966016 0.06792412
v 0.36103356 -0.43637744 0.09764464
v 0.36078585 -0.43547949 0.10898158
v 0.35816631 -0.43859284 0.08212777
v 0.31898945 -0.44508647 0.06504822
v 0.31598706 -0.43913811 0.11602201
v 0.37381494 -0.44655117 0.10803465
v 0.36838550 -0.44498441 0.09051173
v 0.33117484 -0.43977991 0.12574588
v 0.29513203 -0.44838610 0.09332274
v 0.29354895 -0.44854170 0.08246001
v 0.32515553 -0.44875775 0.12890598
v -0.06488106 -0.48958097 0.33572988
v -0.04602477 -0.48230587 0.31544753
v -0.04264950 -0.48619941 0.34068827
v -0.03027408 -0.48075484 0.33019531
v -0.05746683 -0.48901736 0.34675817
v -0.03402714 -0.47698337 0.31253492
v -0.02188137 -0.48226502 0.32556706
v -0.06827956 -0.49461623 0.34024748
v -0.01959193 -0.48720804 0.33123379
v -0.01711920 -0.48109684 0.32348539
v -0.02849916 -0.48296972 0.30542662
v -0.02217842 -0.48114620 0.30581510
v -0.05727112 -0.49492533 0.35127586
v 0.10567896 -0.12676135 -0.02311623
v 0.10645739 -0.12698012 -0.01242789
v 0.11011528 -0.15772290 -0.01765328
v 0.10545685 -0.10649234 -0.02503962
v 0.10653593 -0.10678916 -0.00838090
v 0.10848843 -0.15738388 -0.00802204
v 0.11064391 -0.19211160 -0.01527548
v 0.10762288 -0.19271997 -0.03030023
v 0.10602338 -0.15762151 -0.02938846
v 0.10758287 -0.19300316 -0.00158913
v 0.10258092 -0.12714674 -0.00310131
v 0.10343295 -0.16740992 0.00162805
v 0.31665638 -0.41970716 0.07443348
v 0.30594978 -0.41276232 0.08653608
v 0.31690079 -0.43669364 0.07749558
v 0.31142933 -0.40030780 0.07461197
v 0.29803224 -0.39612382 0.08702374
v 0.30820992 -0.43732324 0.08569655
v 0.31797353 -0.41487786 0.06393610
v 0.31463980 -0.40210139 0.06435771
v 0.31898945 -0.44508647 0.06504822
v 0.30649088 -0.39044837 0.06452392
v -0.03467945 -0.09063884 -0.26241064
v -0.02874712 -0.09265197 -0.24410735
v -0.02916429 -0.10635969 -0.25121181
v -0.03180036 -0.08761114 -0.25167291
v -0.03433461 -0.10828945 -0.26332091
v -0.03804704 -0.08433369 -0.27255095
v -0.03987924 -0.10780984 -0.27529459
v -0.03798928 -0.08226216 -0.26027198
v -0.24116418 -0.48595578 -0.33200036
v -0.23509610 -0.48724110 -0.33432822
v -0.22242553 -0.48074015 -0.31287525
v -0.21194142 -0.48087581 -0.30857590
v -0.24200668 -0.48915595 -0.33812000
v -0.21129451 -0.48039225 -0.30411276
v -0.20702896 -0.47920538 -0.30607829
v -0.21213026 -0.49475714 -0.32314306
v -0.22182747 -0.49947425 -0.32898520
v -0.23558568 -0.49846973 -0.33815475
v -0.24867027 -0.49728331 -0.33844530
v -0.24830280 -0.48983756 -0.33193971
v -0.22197100 -0.48460292 -0.29348811
v -0.02498135 -0.40607207 0.31751399
v -0.02480781 -0.43643306 0.32078208
v -0.00707896 -0.41308031 0.31976043
v -0.01557704 -0.44569844 0.32228965
v -0.00678586 -0.39886551 0.31597509
v -0.00725755 -0.44386913 0.32023426
v -0.01519134 -0.47553851 0.32444094
v -0.01943364 -0.39065920 0.31080092
v 0.00019220 -0.40988037 0.31653110
v -0.02805079 -0.39934600 0.31348889
v -0.00186289 -0.38974388 0.30994065
v -0.02580546 -0.38557935 0.30281658
v -0.03043577 -0.43478089 0.31339842
v -0.18568023 0.16560980 -0.07401227
v -0.18419670 0.16607553 0.03932114
v -0.18192087 0.16393532 -0.06879624
v -0.18087442 0.16400689 0.00891018
v -0.18954589 0.16569826 -0.07249516
v -0.18899511 0.16560306 0.03876446
v -0.18079058 0.16036506 -0.07192566
v 0.10625419 -0.36300910 -0.14566389
v 0.08401568 -0.36787198 -0.11857532
v 0.11138168 -0.37322066 -0.15412771
v 0.08877795 -0.35421603 -0.12237309
v 0.06222331 -0.36319137 -0.08894693
v 0.07481036 -0.35164198 -0.10314059
v 0.13414235 -0.37146158 -0.18352415
v 0.14315507 -0.38219883 -0.19821054
v 0.04985013 -0.35675153 -0.06789778
v 0.06103865 -0.34406808 -0.08327485
v 0.03443470 -0.33913828 -0.04104658
v 0.03394032 -0.35951931 -0.04726541
v 0.15984989 -0.36915648 -0.22583762
v 0.02958707 -0.36004849 -0.03623345
v 0.06639068 -0.33088184 -0.09753618
v 0.08968052 -0.33846993 -0.13089187
v 0.11296885 -0.34865289 -0.16060583
v 0.11641031 -0.36334592 -0.16135093
v 0.13954959 -0.35938681 -0.19767427
v 0.04974545 -0.32644201 -0.07379428
v 0.17061624 -0.37958301 -0.23577174
v 0.20121824 -0.39378303 -0.27182837
v 0.19384440 -0.40172376 -0.26163566
v 0.20865170 -0.42174083 -0.28258712
v 0.16866008 -0.38734008 -0.23312325
v 0.15780438 -0.38926236 -0.22173474
v 0.03361466 -0.32240006 -0.05054804
v 0.20962334 -0.40893419 -0.28888104
v 0.02766284 -0.32045254 -0.03592955
v 0.20595827 -0.42971447 -0.28208757
v 0.20341573 -0.39286553 -0.28281199
v 0.21128482 -0.43898283 -0.29504796
v 0.20861473 -0.45047347 -0.28374736
v 0.18861971 -0.37995969 -0.26780731
v 0.03285599 -0.33839839 -0.02342656
v 0.03186540 -0.33072108 -0.02184654
v 0.05843195 -0.36415013 -0.08791183
v 0.10742743 -0.37614905 -0.15206439
v 0.03225031 -0.35734843 -0.02131915
v 0.19964455 -0.43740472 -0.28152231
v 0.02986344 -0.36190804 -0.01866710
v -0.01421904 -0.16319577 -0.03784963
v -0.00369117 -0.16467911 -0.03681996
v -0.00699508 -0.21081659 -0.03923867
v -0.00978990 -0.14534514 -0.03934696
v 0.00204557 -0.21063225 -0.03630139
v 0.00030711 -0.14363947 -0.03624754
v -0.01515977 -0.21084025 -0.03775761
v 0.00245862 -0.16801331 -0.03225173
v -0.02141919 -0.14716305 -0.03407565
v -0.02147599 -0.21072534 -0.03298431
v -0.02754626 -0.13846698 -0.04001101
v -0.01009746 -0.14720743 -0.00278801
v -0.02284715 -0.14560834 -0.00567173
v -0.02023211 -0.14945939 -0.00707806
v -0.00981031 -0.13886953 0.00364623
v -0.02332366 -0.13568169 -0.00177456
v 0.00297891 -0.13953680 0.00187167
v -0.01148139 -0.16226284 -0.00344978
v -0.01664938 -0.21035862 -0.00419471
v -0.00735477 -0.21058144 -0.00189867
v 0.00164511 -0.21040991 -0.00558209
v 0.00090539 -0.14735869 -0.00767748
v -0.00135637 -0.16501740 -0.00840518
v -0.20958769 -0.42152795 -0.28992938
v -0.20734582 -0.43670363 -0.29027299
v -0.20131043 -0.43630776 -0.29945867
v -0.20349927 -0.46466959 -0.30163320
v -0.21479493 -0.47070278 -0.29046863
v -0.20702896 -0.47920538 -0.30607829
v -0.20364621 -0.41626608 -0.29275260
v -0.21318288 -0.44149486 -0.28728360
v -0.20942781 -0.42333370 -0.28026374
v -0.20088319 -0.47911636 -0.31835988
v -0.19776387 -0.46851300 -0.31810603
v -0.19977836 -0.45092965 -0.30959353
v -0.19823834 -0.44108467 -0.30745407
v -0.22197100 -0.48460292 -0.29348811
v -0.19270267 -0.42664090 -0.30049492
v -0.20509047 -0.41019825 -0.28111862
v -0.21213026 -0.49475714 -0.32314306
v -0.19440087 -0.41730465 -0.30726171
v -0.20582537 -0.41165189 -0.27121169
v -0.19985776 -0.44819988 -0.32070113
v -0.21025459 -0.49140352 -0.33684171
v -0.20700411 -0.43767791 -0.31427898
v -0.21947739 -0.49935604 -0.34065619
v -0.20256114 -0.45950293 -0.32783173
v -0.20602086 -0.43826631 -0.32353767
v -0.21245172 -0.44073066 -0.34044056
v -0.22571096 -0.44400763 -0.35559512
v -0.22302485 -0.49242284 -0.35098251
v -0.23416747 -0.45417769 -0.36348136
v -0.23668801 -0.47639515 -0.36438908
v -0.21877924 -0.43116670 -0.33269715
v -0.22999906 -0.43325983 -0.34774543
v -0.23711239 -0.48966612 -0.35906521
v -0.00838220 -0.36628819 -0.04360174
v -0.00237894 -0.39878174 -0.04333885
v -0.01427937 -0.39632929 -0.04153214
v 0.00025477 -0.41621436 -0.04506178
v -0.01386904 -0.41576434 -0.04333829
v -0.02156412 -0.36610194 -0.03710709
v -0.02395598 -0.41638799 -0.03738861
v 0.00719617 -0.36561378 -0.04162690
v 0.00745098 -0.39909376 -0.04060104
v -0.02567882 -0.39727873 -0.03239901
v 0.01923022 -0.41622479 -0.03229871
v 0.01707686 -0.36502255 -0.03315773
v 0.01775310 -0.40017240 -0.03101723
v 0.23569127 -0.50052950 -0.31069132
v 0.23383168 -0.49758301 -0.32778842
v 0.24720047 -0.49755494 -0.31407256
v 0.24278049 -0.49800916 -0.30218138
v 0.23073549 -0.49731992 -0.29389631
v 0.21741510 -0.49627314 -0.30097130
v 0.22241862 -0.49777433 -0.30890259
v 0.23214020 -0.49826385 -0.31492946
v 0.22795111 -0.49228232 -0.28579021
v 0.21374188 -0.48842339 -0.28914651
v 0.20385025 -0.48815742 -0.30195497
v 0.25702973 -0.49094629 -0.31638119
v 0.23485678 -0.49129484 -0.34648948
v 0.22487989 -0.49930119 -0.33879581
v 0.22460788 -0.49816450 -0.32484954
v 0.21166916 -0.49895874 -0.31913608
v 0.20990468 -0.49849502 -0.33482034
v 0.21512960 -0.49765486 -0.31745173
v 0.20000376 -0.49463856 -0.32040805
v 0.19737024 -0.49145136 -0.33091395
v 0.21266674 -0.49242022 -0.34279970
v 0.22592510 -0.48866279 -0.34981572
v -0.19930142 -0.02324823 0.07468435
v -0.20667787 -0.02260322 0.08059902
v -0.18861614 -0.02293619 0.09623508
v -0.20297680 -0.02051892 0.05329295
v -0.19308100 -0.02098085 0.05695667
v -0.18335738 -0.02148091 0.09254326
v -0.17574494 -0.02122197 0.11711177
v -0.18400103 -0.02255410 0.10966718
v -0.17395448 -0.02171322 0.13507887
v -0.19513003 -0.01630296 0.03767336
v -0.16682295 -0.01828647 0.14568476
v -0.17305401 -0.02013563 0.14464959
v -0.16099388 -0.01681184 0.16349566
v -0.16696925 -0.01619451 0.16374384
v -0.20944771 -0.01660369 0.10222842
v -0.19638732 -0.01594208 0.12247329
v -0.21367780 -0.01619688 0.05157039
v -0.20711868 -0.01186181 0.11978304
v -0.15760870 -0.01092019 0.17506761
v -0.21609924 -0.01523218 0.07490584
v -0.21753085 -0.01364797 0.04935979
v -0.19786241 -0.00315291 0.14465358
v -0.18820170 0.00185353 0.16187162
v -0.20022841 -0.01511772 0.03970745
v -0.19759350 -0.01761537 0.02859087
v -0.21325101 -0.00815722 0.04569246
v -0.37859539 -0.46668485 0.06251252
v -0.36479984 -0.47817119 0.03521896
v -0.36839926 -0.47924113 0.04613062
v -0.37400938 -0.48615219 0.06569627
v -0.37183331 -0.45672103 0.04967448
v -0.36752861 -0.46448667 0.03610793
v -0.37333923 -0.44779748 0.06419451
v -0.36699315 -0.44886062 0.04581823
v -0.36298348 -0.45028965 0.03500241
v -0.35828401 -0.44405214 0.03539195
v -0.36089938 -0.43797900 0.05222292
v -0.36343667 -0.43662962 0.06618883
v -0.37514313 -0.46019679 0.07015967
v -0.37216675 -0.48278773 0.07206122
v -0.35652167 -0.48849501 0.03550100
v -0.35714361 -0.49195938 0.04664856
v -0.03002106 -0.36627791 -0.01258451
v -0.02993165 -0.39407385 -0.01678223
v -0.02610477 -0.39507977 -0.00358196
v -0.02582754 -0.36573586 -0.00286944
v -0.03194614 -0.41603324 -0.01155495
v -0.02563124 -0.41619027 0.00122606
v -0.02906049 -0.36660426 -0.02477137
v -0.02991343 -0.41611122 -0.02826667
v -0.02567882 -0.39727873 -0.03239901
v -0.02156412 -0.36610194 -0.03710709
v -0.02395598 -0.41638799 -0.03738861
v -0.11585250 0.08691459 0.25845090
v -0.12184547 0.08774153 0.26303821
v -0.12611926 0.05535821 0.25264538
v -0.12303145 0.04290254 0.24446939
v -0.12830134 0.02849101 0.24216995
v -0.11178544 0.12377870 0.26766447
v -0.11295609 0.09122913 0.25557918
v -0.14114403 0.01763390 0.24227672
v -0.13299360 0.01042052 0.23219205
v -0.12956647 0.05652191 0.25375389
v -0.15082682 0.00139693 0.23261113
v -0.11731583 0.11806317 0.26756812
v -0.14139649 -0.00582508 0.22066055
v -0.16226650 -0.01259148 0.22119308
v -0.10652712 0.13200909 0.27275421
v -0.24737420 0.28895117 -0.19672878
v -0.24234198 0.29737013 -0.19126964
v -0.23510304 0.29309579 -0.20066051
v -0.22949488 0.27828670 -0.21982185
v -0.25725965 0.29635348 -0.17583688
v -0.21734025 0.28135406 -0.21994039
v -0.21224162 0.26796059 -0.23824507
v -0.19697677 0.26822710 -0.24213429
v -0.19695301 0.26050067 -0.25305733
v -0.25690070 0.29936528 -0.16803398
v -0.19270235 0.26672091 -0.24249949
v -0.17642224 0.25248999 -0.26890636
v -0.26499115 0.29485921 -0.15131805
v -0.26429872 0.29783341 -0.12906185
v -0.27247664 0.29204016 -0.11303767
v -0.26735044 0.29098190 -0.08544463
v -0.27538533 0.28622551 -0.07777259
v -0.26710330 0.28565749 -0.05014195
v -0.27499480 0.28007114 -0.02305482
v -0.26906248 0.28218957 -0.01171294
v -0.27473956 0.28140807 0.00745217
v -0.26343872 0.28840311 0.03378913
v -0.26827625 0.29132298 0.07744918
v -0.26458323 0.29522143 0.10380655
v -0.25743840 0.29486678 0.07200330
v -0.25327259 0.30035672 0.12242101
v -0.26084658 0.29621326 0.13264671
v -0.24798282 0.29849181 0.14986122
v -0.25293908 0.29351833 0.15505398
v -0.26380952 0.28276478 -0.02089200
v -0.25137482 0.29746298 0.08899698
v -0.22881113 0.29128558 0.16937395
v -0.23428208 0.28264793 0.18039002
v -0.21233424 0.27104052 0.20258388
v -0.18524219 0.26285879 0.21439583
v -0.18896033 0.25759909 0.21922551
v -0.17479549 0.25848442 0.22347253
v -0.17398685 0.24925025 0.23497204
v -0.17396763 0.26351300 0.21665521
v -0.16704293 0.24691777 0.23940013
v -0.26254681 0.28491079 -0.05976066
v -0.26072144 0.28700347 -0.08592887
v -0.26084447 0.29483002 -0.12118655
v -0.25033655 0.29751196 -0.16626234
v -0.24143847 0.28896803 -0.16273806
v -0.25009931 0.28506918 -0.12002046
v -0.21900808 0.28146884 -0.19794766
v -0.25387410 0.27428156 -0.06293644
v -0.25955843 0.27818440 -0.02128549
v -0.21562047 0.27747219 -0.19962149
v -0.20357058 0.26962367 -0.21987108
v -0.17955452 0.25620586 -0.24157222
v -0.17498158 0.25800133 -0.25194871
v -0.16040686 0.24931238 -0.25459707
v -0.16876573 0.25642715 -0.25756030
v -0.26027722 0.28506045 0.02520574
v -0.25351261 0.28998179 0.05834075
v -0.16513146 0.24920720 -0.27534389
v -0.21899729 0.27708913 0.16236349
v -0.20731817 0.26931583 0.17868824
v -0.20354212 0.26307749 0.18357887
v -0.20874347 0.27819930 0.18696845
v -0.22157179 0.28681916 0.17136204
v -0.22757069 0.28103389 0.14949292
v -0.24491877 0.29868843 0.14563228
v -0.23629296 0.28467830 0.13580967
v -0.24722457 0.29409797 0.11933799
v -0.24097985 0.28402353 0.11810609
v -0.24344483 0.28424436 0.09067461
v -0.24716563 0.27989887 0.06408220
v -0.25209227 0.27731749 0.03701672
v -0.25323079 0.27120445 0.00860625
v -0.25331110 0.26749973 -0.02679838
v -0.18617123 0.26544645 0.20853761
v -0.18454463 0.26212799 0.20375934
v -0.16068010 0.25665297 0.21680996
v 0.20895877 -0.43328751 -0.32978056
v 0.22249718 -0.43346246 -0.30857283
v 0.23222172 -0.43319533 -0.31670017
v 0.22476407 -0.43393761 -0.33539539
v 0.24618981 -0.43641311 -0.30734151
v 0.23017854 -0.43775402 -0.29257481
v 0.21840284 -0.43773582 -0.29213933
v 0.20320751 -0.43747753 -0.30625588
v 0.21128482 -0.43898283 -0.29504796
v 0.19259326 -0.44061012 -0.32190255
v 0.23168669 -0.43675192 -0.34063382
v 0.19148985 -0.44372550 -0.31090501
v 0.22197889 -0.43858283 -0.34406006
v 0.20218458 -0.43838055 -0.33293050
v 0.25814081 -0.44432240 -0.31643151
v 0.20861473 -0.45047347 -0.28374736
v 0.22257032 -0.44770610 -0.28250553
v 0.23816024 -0.44298339 -0.34564265
v -0.08878159 -0.46753487 0.33847073
v -0.08372706 -0.48039046 0.34503938
v -0.08285610 -0.46806873 0.34968353
v -0.08588033 -0.45329139 0.34125252
v -0.07148078 -0.46308736 0.36411107
v -0.06656197 -0.47187960 0.36801260
v -0.06576843 -0.45210601 0.36542116
v -0.06441728 -0.48761436 0.36087224
v -0.08717961 -0.48224813 0.33017163
v -0.08790000 -0.45548161 0.32993625
v -0.08061728 -0.49066584 0.33522326
v -0.05893579 -0.48014710 0.36798710
v -0.06278922 -0.49312426 0.35479445
v -0.05092922 -0.49132507 0.36335608
v -0.08221342 -0.48824783 0.32185128
v -0.04867349 -0.49863450 0.35472332
v -0.08287991 -0.44354557 0.33439576
v -0.06381039 -0.44277521 0.35886818
v -0.09972916 -0.32822721 0.00364561
v -0.10175749 -0.32749504 0.01259953
v -0.06549499 -0.32066485 0.00166117
v -0.08659965 -0.32669935 -0.00391904
v -0.04061192 -0.31809539 -0.01180091
v -0.14122174 -0.33871081 0.01694476
v -0.13028233 -0.33507133 0.02768358
v -0.19424161 -0.35180426 0.03096712
v -0.19500036 -0.35097622 0.04182689
v -0.22388076 -0.36027410 0.03650705
v -0.24308714 -0.36368988 0.04764150
v -0.25481974 -0.36665491 0.06007424
v -0.28415585 -0.37564303 0.06138049
v -0.27258681 -0.37453954 0.04712168
v -0.30350403 -0.38732878 0.05285778
v -0.30524408 -0.38565201 0.06471475
v -0.03993798 -0.32406777 -0.02120900
v -0.12425585 -0.33870500 0.00746318
v -0.18834253 -0.35483935 0.02410996
v -0.22787973 -0.36674845 0.03265175
v -0.27194234 -0.37461858 0.07388190
v -0.29974746 -0.38427832 0.07563261
v -0.24875610 -0.36806607 0.06811797
v -0.21105184 -0.35703470 0.05315464
v -0.18027417 -0.34837413 0.04438915
v -0.15805474 -0.34590260 0.04450396
v -0.09832845 -0.33127481 0.02796716
v -0.07745813 -0.32390178 0.01279206
v -0.03683457 -0.31880090 0.00302269
v -0.19420549 -0.35591116 0.05468893
v -0.08026997 -0.32894049 0.02295898
v -0.05641404 -0.32358352 0.01204635
v -0.29230618 -0.38636416 0.08147161
v -0.08179148 -0.08255585 0.21969785
v -0.09087307 -0.08261809 0.23393167
v -0.06409776 -0.08245128 0.22401658
v -0.10047556 -0.08190971 0.21404418
v -0.11012475 -0.08257614 0.23838461
v -0.10255567 -0.08259289 0.24100724
v -0.04539419 -0.08436998 0.23575097
v -0.04001137 -0.08510376 0.22650867
v -0.11512760 -0.08436715 0.20950953
v -0.03927194 -0.08724427 0.23534524
v -0.04673948 -0.08640700 0.23915128
v -0.11497769 -0.08611585 0.23204631
v -0.11963291 -0.08876994 0.20479121
v -0.27195640 -0.46695416 -0.34119091
v -0.24993840 -0.46691525 -0.36475045
v -0.25410387 -0.48009866 -0.35940358
v -0.25196700 -0.45850809 -0.36154111
v -0.27043349 -0.48149383 -0.33754480
v -0.27348756 -0.45628516 -0.33434848
v -0.25901385 -0.44634430 -0.34702628
v -0.24519563 -0.44572769 -0.35999275
v -0.26333096 -0.43978098 -0.32894618
v -0.24957882 -0.43557309 -0.34256933
v -0.23908558 -0.43756798 -0.35460913
v -0.27290488 -0.47750954 -0.33032630
v -0.24780177 -0.48654690 -0.36066621
v -0.23416747 -0.45417769 -0.36348136
v -0.25503314 -0.49041595 -0.34889101
v -0.23668801 -0.47639515 -0.36438908
v -0.23711239 -0.48966612 -0.35906521
v -0.22571096 -0.44400763 -0.35559512
v -0.23680574 0.27305769 0.14867324
v -0.22423044 0.26639743 0.16797088
v -0.24257271 0.27245097 0.14625539
v -0.22757069 0.28103389 0.14949292
v -0.21899729 0.27708913 0.16236349
v -0.20354212 0.26307749 0.18357887
v -0.19960686 0.25100569 0.19793645
v -0.23852001 0.27769678 0.13617258
v -0.23629296 0.28467830 0.13580967
v -0.19511512 0.25296298 0.19628285
v -0.18265963 0.24263069 0.20956754
v -0.19024713 0.25834801 0.19639791
v -0.17478750 0.24384975 0.20895649
v -0.22563431 0.26411802 0.17218527
v -0.23840677 0.27098213 0.15941620
v -0.25129552 0.27436535 0.12531181
v -0.16745109 0.23280912 0.21488783
v -0.00372568 -0.39853069 0.00696731
v -0.00531179 -0.36432836 0.00814769
v -0.01517172 -0.39567023 0.00536740
v -0.01854488 -0.36533575 0.00414374
v -0.01067664 -0.41608337 0.00919101
v -0.02563124 -0.41619027 0.00122606
v -0.02610477 -0.39507977 -0.00358196
v -0.02582754 -0.36573586 -0.00286944
v 0.00597170 -0.41602427 0.00658628
v 0.00519529 -0.39665746 0.00440160
v 0.00610576 -0.36456565 0.00503634
v -0.03064869 -0.10240919 0.19172381
v -0.03367615 -0.11340563 0.18895332
v -0.02592954 -0.10451392 0.16979343
v -0.02923472 -0.11443979 0.17112848
v -0.03462475 -0.10760768 0.22448242
v -0.03248504 -0.09835586 0.20512664
v -0.03567991 -0.09056219 0.22009542
v -0.03927194 -0.08724427 0.23534524
v -0.03928212 -0.10868496 0.23589541
v -0.04001137 -0.08510376 0.22650867
v -0.24841899 0.27498361 -0.11274241
v -0.25500460 0.26027285 -0.06659678
v -0.25720462 0.26523270 -0.09776399
v -0.25013484 0.27163131 -0.11827471
v -0.24452799 0.27674511 -0.14372954
v -0.24415066 0.27375503 -0.15668729
v -0.23945998 0.27712441 -0.16205655
v -0.23563579 0.27001366 -0.18703043
v 0.19636339 -0.41111241 -0.30720463
v 0.20783537 -0.41535532 -0.29703233
v 0.20320751 -0.43747753 -0.30625588
v 0.21128482 -0.43898283 -0.29504796
v 0.20504965 -0.40149318 -0.29270571
v 0.20962334 -0.40893419 -0.28888104
v 0.19405245 -0.39464817 -0.29824464
v 0.20341573 -0.39286553 -0.28281199
v 0.19148985 -0.44372550 -0.31090501
v 0.18772054 -0.41516823 -0.31014019
v 0.17930151 -0.39561938 -0.30369744
v -0.04602477 -0.48230587 0.31544753
v -0.05810202 -0.48971051 0.32471090
v -0.05553654 -0.49839612 0.32523003
v -0.03683479 -0.48884540 0.31172903
v -0.02849916 -0.48296972 0.30542662
v -0.06400501 -0.49774036 0.33420361
v -0.04036920 -0.49655963 0.31314284
v -0.06488106 -0.48958097 0.33572988
v -0.06827956 -0.49461623 0.34024748
v -0.03402714 -0.47698337 0.31253492
v -0.19724920 0.08875738 -0.07330892
v -0.19849082 0.06477196 -0.07418179
v -0.20799278 0.06066325 -0.07396070
v -0.20739924 0.04306986 -0.07514159
v -0.21667331 0.04185112 -0.07521664
v -0.21621009 0.02554927 -0.07653227
v -0.22451665 0.02632332 -0.07582493
v -0.18631871 0.11140673 -0.07453844
v -0.19003925 0.11568944 -0.07351909
v -0.18568023 0.16560980 -0.07401227
v -0.21156711 0.02400793 -0.07404918
v -0.18302416 0.12987112 -0.07227350
v -0.18270303 0.15657189 -0.07215776
v -0.18079058 0.16036506 -0.07192566
v -0.22740581 -0.02463300 -0.07706386
v -0.22304151 -0.03032744 -0.10765006
v -0.22431105 -0.03567961 -0.07617556
v -0.22713227 -0.01532127 -0.09903522
v -0.22874628 -0.00933169 -0.12676058
v -0.22259819 -0.02101673 -0.14307984
v -0.22067948 -0.04025956 -0.09359509
v -0.22362072 -0.01140459 -0.15324322
v -0.21290446 -0.04140840 -0.14241877
v -0.20957164 -0.03546710 -0.16850073
v -0.20224670 -0.04216272 -0.17864293
v -0.21625325 -0.01025930 -0.17248240
v -0.22706868 0.00291667 -0.14582221
v -0.20148691 -0.02372386 -0.19653429
v -0.21937733 0.00187251 -0.17098689
v -0.18963198 -0.04106396 -0.20383155
v -0.22899194 -0.00148225 -0.07526032
v -0.18950640 -0.01762519 -0.21892004
v -0.17974816 -0.03537134 -0.22275563
v -0.20494491 0.00285043 -0.19622199
v -0.21887526 0.02610767 -0.16857396
v -0.20425426 0.02806253 -0.19790725
v -0.19928646 0.02540851 -0.20611494
v -0.17971745 -0.00472982 -0.23478813
v -0.18460523 0.04435133 -0.22720095
v -0.16434582 0.02583388 -0.25516222
v -0.16557547 0.06260202 -0.24978322
v -0.15939023 0.07309473 -0.25782786
v -0.15384478 0.04339815 -0.26644137
v -0.13706590 0.12038956 -0.28389631
v -0.14994228 0.09925042 -0.26789252
v -0.14394235 0.13554445 -0.27209663
v -0.13220241 0.10228594 -0.28970813
v -0.14559637 0.11417335 -0.25144940
v -0.14342342 0.13269820 -0.25150609
v -0.15044165 0.09387285 -0.25098355
v -0.16041389 0.07102856 -0.24622485
v -0.14411914 0.16348348 -0.26894464
v -0.14278956 0.16362352 -0.24824438
v -0.16696025 -0.02677011 -0.23997062
v -0.16029002 -0.01267817 -0.25097170
v 0.01580125 -0.11912180 -0.04214105
v 0.02207620 -0.11862149 -0.03079974
v 0.02062137 -0.13466189 -0.03240630
v 0.01417147 -0.13505797 -0.04242942
v 0.00506869 -0.13612491 -0.05515884
v 0.00509673 -0.11618890 -0.05673876
v -0.00264145 -0.13566617 -0.06156691
v 0.02215567 -0.13427959 -0.01505365
v 0.02203701 -0.11890527 -0.01147558
v 0.01886354 -0.13320118 0.00221898
v 0.01684990 -0.11818013 0.00522572
v -0.30582019 -0.49125865 0.06253844
v -0.32132910 -0.49870922 0.05345124
v -0.30763990 -0.49375580 0.04763146
v -0.32123285 -0.49610770 0.03526905
v -0.33130182 -0.49803463 0.03550817
v -0.34143700 -0.49895728 0.05176441
v -0.34511870 -0.49662657 0.03725395
v -0.30989826 -0.49053118 0.03702274
v -0.29510423 -0.48328739 0.05187484
v -0.30062689 -0.48122729 0.03907996
v -0.30959543 -0.48466178 0.07926233
v -0.30823181 -0.48715266 0.07166850
v -0.31160036 -0.48967222 0.06293945
v -0.30192330 -0.47692317 0.07690225
v -0.29430187 -0.47425155 0.05942752
v -0.25136373 -0.50079429 -0.31560145
v -0.25131149 -0.49848126 -0.33294793
v -0.23153770 -0.49888436 -0.31112960
v -0.24243050 -0.50023105 -0.30634630
v -0.26528852 -0.49241656 -0.32934550
v -0.25503314 -0.49041595 -0.34889101
v -0.24867027 -0.49728331 -0.33844530
v -0.24164520 -0.49894546 -0.34492558
v -0.23558568 -0.49846973 -0.33815475
v -0.24780177 -0.48654690 -0.36066621
v -0.23368818 -0.49807736 -0.35044026
v -0.21947739 -0.49935604 -0.34065619
v -0.22182747 -0.49947425 -0.32898520
v -0.23711239 -0.48966612 -0.35906521
v -0.21213026 -0.49475714 -0.32314306
v -0.22302485 -0.49242284 -0.35098251
v -0.27043349 -0.48149383 -0.33754480
v -0.26808877 -0.48668211 -0.32230832
v -0.27290488 -0.47750954 -0.33032630
v -0.02508847 -0.45111444 0.30059085
v -0.01162071 -0.44225938 0.30008988
v -0.02442694 -0.46694054 0.30027069
v -0.01992968 -0.42339200 0.29702616
v -0.00500679 -0.42239880 0.29882371
v -0.01201453 -0.46512199 0.30338931
v -0.02790926 -0.41883351 0.29804495
v -0.02519075 -0.41318373 0.29189665
v -0.02849916 -0.48296972 0.30542662
v -0.02217842 -0.48114620 0.30581510
v -0.00413286 -0.43545416 0.30315527
v -0.00139087 -0.40841649 0.29577459
v -0.00619519 -0.41033543 0.28982323
v -0.03200276 -0.46921159 0.29447270
v -0.04006215 -0.45675928 0.29214618
v -0.03893732 -0.47904430 0.29379988
v -0.04702343 -0.48114825 0.29393077
v -0.05043758 -0.49626169 0.30405565
v -0.03614502 -0.48794969 0.30090139
v -0.03988299 -0.44349922 0.29752239
v -0.02955743 -0.44059982 0.30392338
v -0.04995278 -0.45106386 0.29493845
v -0.06365182 -0.49230633 0.30468385
v -0.06251608 -0.49824961 0.30998474
v -0.02982041 -0.39868894 0.29475503
v -0.06230841 -0.44088394 0.30395659
v -0.07148821 -0.47818749 0.31023147
v -0.07997548 -0.44552505 0.31847078
v -0.06823695 -0.44045501 0.30913352
v -0.08221342 -0.48824783 0.32185128
v -0.08790000 -0.45548161 0.32993625
v -0.08717961 -0.48224813 0.33017163
v -0.04898400 -0.43792169 0.30212755
v -0.06822864 -0.49946799 0.31924725
v -0.08287991 -0.44354557 0.33439576
v -0.29500810 -0.42859630 0.06878685
v -0.29887796 -0.45312399 0.07234623
v -0.30003215 -0.44678431 0.05771107
v -0.29901961 -0.42618888 0.05651534
v -0.29531101 -0.41421179 0.05312110
v -0.28638859 -0.41205610 0.06544658
v -0.30486637 -0.42245332 0.05101955
v -0.28508735 -0.40438920 0.05078742
v -0.29661010 -0.39839922 0.04633657
v -0.27449328 -0.40431512 0.06371539
v -0.29073505 -0.41482343 0.07622978
v -0.29899748 -0.43429536 0.07902452
v -0.27654459 -0.40134819 0.07481869
v -0.29386329 -0.46209866 0.04985958
v -0.29932482 -0.46515405 0.07671135
v -0.29430187 -0.47425155 0.05942752
v -0.29510423 -0.48328739 0.05187484
v -0.29886033 -0.45991809 0.03907614
v -0.30062689 -0.48122729 0.03907996
v -0.30192330 -0.47692317 0.07690225
v -0.30406413 -0.44248544 0.04712717
v -0.30720939 -0.44677487 0.03631199
v -0.32102630 -0.48066904 0.06829199
v -0.32470559 -0.49537619 0.07062530
v -0.34433777 -0.48637324 0.06355241
v -0.34129448 -0.49931105 0.06522960
v -0.31414851 -0.47920956 0.07216257
v -0.31443841 -0.48931479 0.07538339
v -0.30823181 -0.48715266 0.07166850
v -0.06012780 -0.10619271 -0.13586435
v -0.06405603 -0.11585484 -0.12621997
v -0.06020751 -0.11572699 -0.14221378
v -0.06452229 -0.10725487 -0.11683181
v -0.05625321 -0.11471329 -0.15443960
v -0.05315619 -0.10470169 -0.16152924
v -0.05114056 -0.11480648 -0.16771847
v -0.04643300 -0.10398758 -0.17864401
v -0.04563752 -0.11356190 -0.18726633
v -0.04138124 -0.10370858 -0.19474252
v -0.03957690 -0.11135029 -0.20622371
v -0.03552045 -0.10197521 -0.21005651
v -0.03802467 -0.11270329 -0.22056262
v -0.06496578 -0.11837534 -0.09303014
v -0.06622460 -0.10691398 -0.08829722
v -0.03456187 -0.11085093 -0.22643655
v -0.03018240 -0.09887489 -0.23532745
v -0.02916429 -0.10635969 -0.25121181
v -0.02874712 -0.09265197 -0.24410735
v -0.06362478 -0.11506469 -0.07859218
v -0.06449193 -0.11981868 -0.07833247
v -0.06266165 -0.11476011 -0.06076422
v -0.06468402 -0.12830322 -0.07367868
v -0.06337434 -0.13019477 -0.05978926
v -0.06354661 -0.10752810 -0.08134016
v -0.11746727 -0.10798195 -0.03704711
v -0.11293145 -0.11433789 -0.05095626
v -0.11609327 -0.11704574 -0.03117201
v -0.11406386 -0.10820145 -0.00054140
v -0.11454662 -0.11710564 -0.00409301
v -0.10785438 -0.11498654 0.01211959
v -0.11068283 -0.10665509 0.02212024
v -0.12186338 -0.10381869 -0.03889491
v -0.11447290 -0.10532169 0.02772803
v -0.11100091 -0.10794786 -0.05307809
v -0.10446397 -0.11189738 -0.05982370
v -0.23293535 -0.48500926 -0.31859826
v -0.21987720 -0.49243065 -0.30680748
v -0.23153770 -0.49888436 -0.31112960
v -0.22242553 -0.48074015 -0.31287525
v -0.21129451 -0.48039225 -0.30411276
v -0.24830280 -0.48983756 -0.33193971
v -0.25131149 -0.49848126 -0.33294793
v -0.24116418 -0.48595578 -0.33200036
v -0.24867027 -0.49728331 -0.33844530
v -0.10689540 -0.10884969 -0.26517642
v -0.06529471 -0.11443822 -0.26333124
v -0.10040855 -0.11745915 -0.26382174
v -0.06109203 -0.10871744 -0.26445119
v -0.04825624 -0.11192659 -0.26095145
v -0.03433461 -0.10828945 -0.26332091
v -0.10698986 -0.11712504 -0.25810759
v -0.03987924 -0.10780984 -0.27529459
v -0.08122613 -0.10878272 -0.27515303
v -0.10554130 -0.10870379 -0.27534503
v -0.07044769 -0.11744989 -0.11378458
v -0.08197657 -0.11809878 -0.22088206
v -0.05884254 -0.11609396 -0.22581069
v -0.10460348 -0.11944089 -0.20504375
v -0.09962129 -0.11854037 -0.10516720
v -0.06496578 -0.11837534 -0.09303014
v -0.06405603 -0.11585484 -0.12621997
v -0.06020751 -0.11572699 -0.14221378
v -0.05114056 -0.11480648 -0.16771847
v -0.03802467 -0.11270329 -0.22056262
v -0.08155766 -0.11970549 -0.09168907
v -0.06449193 -0.11981868 -0.07833247
v -0.09918164 -0.11960715 -0.08995990
v -0.09139643 -0.12357261 -0.07752406
v -0.11180906 -0.11791042 -0.22413069
v -0.03456187 -0.11085093 -0.22643655
v -0.10330378 -0.11770891 -0.10417597
v -0.10506087 -0.11775109 -0.15866185
v -0.02916429 -0.10635969 -0.25121181
v -0.11016164 -0.11707695 -0.19497642
v -0.09905805 -0.11994381 -0.07634865
v -0.04563752 -0.11356190 -0.18726633
v -0.05619254 -0.10706107 0.09682566
v -0.05901146 -0.11533757 0.09975899
v -0.06394799 -0.11542494 0.08418679
v -0.06155454 -0.10722795 0.07828604
v -0.05569751 -0.11585915 0.12001236
v -0.05244714 -0.10744544 0.11760558
v -0.04877884 -0.10764672 0.13340124
v -0.05071794 -0.11520470 0.14006258
v -0.04474873 -0.10704217 0.14436920
v -0.06518885 -0.11522214 0.05959212
v -0.06437824 -0.10777579 0.04887212
v -0.07044711 -0.11624458 0.04838165
v -0.03869646 -0.10775813 0.15482698
v -0.04015733 -0.11491241 0.15865966
v -0.07000483 -0.11682086 0.06926524
v -0.02592954 -0.10451392 0.16979343
v -0.02923472 -0.11443979 0.17112848
v -0.07166806 -0.11186443 0.04416565
v -0.21593914 -0.01999921 0.01916529
v -0.20301706 -0.00594011 0.02239492
v -0.20804402 -0.01700826 0.02030969
v -0.19852510 -0.01437175 0.02093045
v -0.20232338 -0.02269449 0.01790711
v -0.21233442 0.00805157 0.01972278
v -0.20868933 0.01322278 0.01890138
v -0.21601603 -0.02354659 0.02302013
v -0.21023406 -0.02899872 0.02419769
v -0.19836033 -0.02662933 0.01700972
v -0.21590772 -0.03220594 0.02859910
v -0.20035636 -0.01674606 0.01096935
v -0.01718674 -0.11521261 -0.06343792
v -0.00582512 -0.11526946 -0.06293578
v -0.01811633 -0.13592508 -0.06370098
v -0.00264145 -0.13566617 -0.06156691
v 0.00509673 -0.11618890 -0.05673876
v -0.02465926 -0.11552837 -0.05814207
v -0.02599999 -0.13586542 -0.05697616
v -0.02962755 -0.12795136 -0.03742754
v -0.02599999 -0.13586542 -0.05697616
v -0.02754626 -0.13846698 -0.04001101
v -0.03141050 -0.13110359 -0.02393705
v -0.02995950 -0.14717896 -0.02136888
v -0.02850110 -0.11891813 -0.04271793
v -0.02465926 -0.11552837 -0.05814207
v -0.02919932 -0.13297988 -0.00959060
v -0.02284715 -0.14560834 -0.00567173
v -0.02332366 -0.13568169 -0.00177456
v -0.02141919 -0.14716305 -0.03407565
v -0.02631344 -0.14760166 -0.02561296
v -0.00133845 -0.12658824 0.06313156
v -0.00118898 -0.13198972 0.09913523
v -0.00095979 -0.13144187 0.05394533
v 0.00171997 -0.12579261 0.04918619
v -0.00101612 -0.13282669 0.04094925
v -0.00089573 -0.13240372 0.02860712
v 0.00215207 -0.11571134 0.03372507
v 0.00023989 -0.11744545 0.02024608
v -0.00060407 -0.13171512 0.01628284
v 0.00172974 -0.11157633 0.03874873
v 0.00113530 -0.11573606 0.04916143
v 0.00175179 -0.11879235 0.01298259
v 0.00087639 -0.13476773 0.01105674
v -0.00550330 -0.13545964 0.06746572
v -0.00219754 -0.13515705 0.09578484
v -0.00211341 -0.14054708 0.11998071
v -0.00316564 -0.13469907 0.12008085
v -0.00402245 -0.14038783 0.13447776
v -0.00243073 -0.14913543 0.13971928
v -0.00368474 -0.14411865 0.14439021
v -0.01233121 -0.15905628 0.13669659
v -0.00595004 -0.13922224 0.10390305
v -0.00231572 -0.15701616 0.14335309
v 0.01033607 -0.15845070 0.15269850
v 0.00403258 -0.14405537 0.15108981
v 0.01269641 -0.15421013 0.16047111
v 0.01416517 -0.16152782 0.16982192
v 0.02004730 -0.16596058 0.18418403
v 0.02844521 -0.17992027 0.20201247
v 0.02656590 -0.17284875 0.20405634
v 0.03394069 -0.18531739 0.22091475
v 0.01684990 -0.11818013 0.00522572
v 0.00087639 -0.13476773 0.01105674
v 0.01886354 -0.13320118 0.00221898
v 0.00175179 -0.11879235 0.01298259
v -0.30456732 -0.45434941 0.08020537
v -0.31745080 -0.45382658 0.08841960
v -0.31227521 -0.46915838 0.08743529
v -0.30886278 -0.44805841 0.08115683
v -0.30192330 -0.47692317 0.07690225
v -0.29932482 -0.46515405 0.07671135
v -0.29887796 -0.45312399 0.07234623
v -0.30959543 -0.48466178 0.07926233
v -0.32109482 -0.48236235 0.08776797
v -0.29899748 -0.43429536 0.07902452
v -0.30279939 -0.42868926 0.08306064
v -0.29073505 -0.41482343 0.07622978
v -0.31460917 -0.44122168 0.08086945
v -0.33200709 -0.49855747 0.08011231
v -0.33815000 -0.49605950 0.08387936
v -0.33211133 -0.43962224 0.08508270
v -0.35292865 -0.49416698 0.07959218
v -0.35539566 -0.43913429 0.07802240
v -0.36536815 -0.44533612 0.07473366
v -0.37216675 -0.48278773 0.07206122
v -0.37514313 -0.46019679 0.07015967
v -0.34359577 -0.43210248 0.07589521
v -0.36079245 -0.49653818 0.07071086
v -0.36343667 -0.43662962 0.06618883
v -0.37333923 -0.44779748 0.06419451
v -0.37400938 -0.48615219 0.06569627
v -0.22222329 -0.40817226 -0.30324616
v -0.21291659 -0.41110454 -0.31015955
v -0.21836720 -0.43341569 -0.31086560
v -0.22500165 -0.43313566 -0.30508555
v -0.21437938 -0.39605587 -0.30337376
v -0.20700411 -0.43767791 -0.31427898
v -0.20561351 -0.39269210 -0.30387154
v -0.20406872 -0.40911568 -0.31013525
v -0.19452515 -0.39333603 -0.30289172
v -0.22188341 -0.39755891 -0.29030338
v -0.22699915 -0.41653587 -0.29421837
v -0.22823376 -0.43729745 -0.29632936
v -0.03027408 -0.48075484 0.33019531
v -0.03743418 -0.49858925 0.33617049
v -0.04264950 -0.48619941 0.34068827
v -0.05727112 -0.49492533 0.35127586
v -0.01959193 -0.48720804 0.33123379
v -0.05746683 -0.48901736 0.34675817
v -0.25161246 0.26932358 -0.06597548
v -0.25331110 0.26749973 -0.02679838
v -0.25232077 0.26389778 -0.06560640
v -0.24841899 0.27498361 -0.11274241
v -0.25009931 0.28506918 -0.12002046
v -0.24434287 0.28475749 -0.14501349
v -0.24452799 0.27674511 -0.14372954
v -0.23945998 0.27712441 -0.16205655
v -0.24143847 0.28896803 -0.16273806
v -0.25387410 0.27428156 -0.06293644
v -0.25181712 0.26504389 0.01306796
v -0.25323079 0.27120445 0.00860625
v -0.25057992 0.26938150 0.04452677
v -0.25209227 0.27731749 0.03701672
v -0.24716563 0.27989887 0.06408220
v -0.23233621 0.28303992 -0.17698141
v -0.23193535 0.27459237 -0.18123521
v -0.25136171 0.27175079 0.06323635
v -0.25651101 0.26947418 0.07102869
v -0.25428959 0.26125514 0.02394006
v -0.25129552 0.27436535 0.12531181
v -0.24704563 0.27721793 0.11246425
v -0.25475793 0.25809225 -0.02740064
v -0.24344483 0.28424436 0.09067461
v -0.25500460 0.26027285 -0.06659678
v -0.24097985 0.28402353 0.11810609
v -0.23852001 0.27769678 0.13617258
v -0.23629296 0.28467830 0.13580967
v -0.23680574 0.27305769 0.14867324
v -0.24257271 0.27245097 0.14625539
v -0.26064377 0.25579442 -0.02794385
v -0.26541359 0.25726311 0.00452683
v -0.26025208 0.26177937 0.03561629
v -0.26447232 0.26244559 0.03876279
v -0.25999332 0.27220207 0.08202018
v 0.12684061 -0.04800914 -0.30201056
v 0.11925639 -0.06353073 -0.30526697
v 0.11596093 -0.06732687 -0.29205118
v 0.12802988 -0.04582782 -0.29060569
v 0.14089853 -0.03039245 -0.29982931
v 0.14738578 -0.02171713 -0.28125071
v 0.15393604 -0.01290952 -0.26435265
v 0.15507528 -0.01204263 -0.30676926
v 0.16082771 -0.00325128 -0.25270547
v 0.15515537 -0.01084348 -0.24968348
v 0.17464339 0.01726088 -0.25496504
v 0.17583204 0.02023973 -0.30959219
v 0.17420732 0.01290236 -0.25061829
v 0.18105304 0.03283740 -0.31177258
v 0.18249453 0.03582956 -0.25461605
v 0.12936613 -0.05008565 -0.30916159
v 0.18552517 0.03705543 -0.25037466
v 0.11855037 -0.07214117 -0.30292600
v 0.01514822 -0.15875733 0.17788076
v 0.02032475 -0.16720001 0.19921460
v 0.02004730 -0.16596058 0.18418403
v 0.01269641 -0.15421013 0.16047111
v 0.02656590 -0.17284875 0.20405634
v 0.00772410 -0.15069712 0.16526668
v 0.00403258 -0.14405537 0.15108981
v 0.02240720 -0.18460316 0.23728545
v 0.03394069 -0.18531739 0.22091475
v 0.00811601 -0.15728374 0.17966633
v 0.00986826 -0.17494197 0.22304957
v 0.00897378 -0.18564290 0.24278101
v 0.03389882 -0.19109546 0.22862089
v 0.01663230 -0.19003897 0.24316452
v -0.01439219 -0.17585461 0.20723916
v -0.00630332 -0.15682443 0.16873219
v -0.02166028 -0.15564606 0.14513038
v -0.02977610 -0.18157636 0.19577638
v -0.03929159 -0.17731814 0.16811520
v -0.01524523 -0.14700718 0.13683702
v -0.00071166 -0.17856930 0.22777817
v -0.00546614 -0.18798616 0.23979164
v -0.02423714 -0.18736706 0.21238200
v -0.04769904 -0.18881716 0.17453124
v -0.00368474 -0.14411865 0.14439021
v -0.00966799 -0.13540159 0.12482435
v -0.04872566 -0.19373572 0.17924158
v -0.01843476 -0.19413745 0.22077302
v -0.00188291 -0.19202075 0.24133184
v -0.04652715 -0.11862494 -0.04410780
v -0.02962755 -0.12795136 -0.03742754
v -0.04757695 -0.13069767 -0.04157712
v -0.02850110 -0.11891813 -0.04271793
v -0.05050277 -0.11512825 -0.05676528
v -0.04966987 -0.12979654 -0.05480188
v -0.06337434 -0.13019477 -0.05978926
v -0.06266165 -0.11476011 -0.06076422
v 0.22163958 -0.49077055 -0.32211072
v 0.21087776 -0.48871835 -0.31274647
v 0.21512960 -0.49765486 -0.31745173
v 0.22460788 -0.49816450 -0.32484954
v 0.23383168 -0.49758301 -0.32778842
v 0.21166916 -0.49895874 -0.31913608
v 0.20130855 -0.48867932 -0.30863003
v -0.20956999 0.25917983 -0.21436394
v -0.22094785 0.26779120 -0.19838841
v -0.21468817 0.25491895 -0.21946329
v -0.22841984 0.26429096 -0.20101351
v -0.23193535 0.27459237 -0.18123521
v -0.23563579 0.27001366 -0.18703043
v -0.24180211 0.27175663 -0.18170839
v -0.20236762 0.25019716 -0.22637193
v -0.19580497 0.24290114 -0.24011995
v -0.18772743 0.24597531 -0.23756338
v -0.16847516 0.23890835 -0.24843298
v -0.16509324 0.23546430 -0.25183471
v -0.23945998 0.27712441 -0.16205655
v -0.21129451 -0.48039225 -0.30411276
v -0.22197100 -0.48460292 -0.29348811
v -0.21987720 -0.49243065 -0.30680748
v -0.22972088 -0.49450808 -0.29968503
v -0.23153770 -0.49888436 -0.31112960
v -0.24243050 -0.50023105 -0.30634630
v -0.23814662 -0.49167101 -0.29600651
v -0.23120021 -0.47911530 -0.28913850
v -0.22328836 -0.47068338 -0.28678439
v -0.21479493 -0.47070278 -0.29046863
v -0.21882657 -0.44981318 -0.28723281
v -0.21318288 -0.44149486 -0.28728360
v -0.21962183 -0.43212417 -0.28294772
v -0.20942781 -0.42333370 -0.28026374
v -0.20984582 -0.41162479 -0.27106739
v -0.20582537 -0.41165189 -0.27121169
v -0.23039683 -0.45586970 -0.28797135
v -0.22550443 -0.44517001 -0.28988094
v -0.25531451 -0.49238945 -0.30901097
v -0.23518959 -0.44401197 -0.29302543
v -0.26026852 -0.44464697 -0.31372871
v -0.26877634 -0.45163108 -0.32287665
v -0.26808877 -0.48668211 -0.32230832
v -0.25001659 -0.43920242 -0.30744644
v -0.25136373 -0.50079429 -0.31560145
v -0.27348756 -0.45628516 -0.33434848
v -0.27290488 -0.47750954 -0.33032630
v -0.22823376 -0.43729745 -0.29632936
v -0.26333096 -0.43978098 -0.32894618
v -0.02166028 -0.15564606 0.14513038
v -0.01356923 -0.15241021 0.13141577
v -0.02894976 -0.17054191 0.15475956
v -0.03929159 -0.17731814 0.16811520
v -0.01312449 -0.14627860 0.12923153
v -0.00861387 -0.14395457 0.11898429
v -0.04769904 -0.18881716 0.17453124
v -0.01524523 -0.14700718 0.13683702
v -0.03845796 -0.18699334 0.16617137
v -0.04440857 -0.19585567 0.17775460
v -0.04872566 -0.19373572 0.17924158
v -0.05553654 -0.49839612 0.32523003
v -0.05320031 -0.50039848 0.31843951
v -0.04036920 -0.49655963 0.31314284
v -0.06400501 -0.49774036 0.33420361
v -0.06964823 -0.49875632 0.33069562
v -0.06827956 -0.49461623 0.34024748
v -0.06822864 -0.49946799 0.31924725
v -0.06251608 -0.49824961 0.30998474
v -0.05043758 -0.49626169 0.30405565
v -0.03614502 -0.48794969 0.30090139
v -0.02849916 -0.48296972 0.30542662
v -0.08061728 -0.49066584 0.33522326
v -0.06278922 -0.49312426 0.35479445
v -0.05727112 -0.49492533 0.35127586
v -0.04867349 -0.49863450 0.35472332
v -0.03983296 -0.50056268 0.34562298
v -0.03168269 -0.49876606 0.34754091
v -0.03743418 -0.49858925 0.33617049
v -0.01959193 -0.48720804 0.33123379
v -0.03226204 -0.49240949 0.35775262
v -0.08221342 -0.48824783 0.32185128
v -0.05092922 -0.49132507 0.36335608
v 0.28868681 -0.42164368 0.06878797
v 0.29151024 -0.40922334 0.05650843
v 0.29411911 -0.43178337 0.06627863
v 0.29179760 -0.44107174 0.07471496
v 0.29359584 -0.46399092 0.07571473
v 0.30099384 -0.46443912 0.06699589
v 0.28827286 -0.42708827 0.07860995
v 0.28163442 -0.41367844 0.07700925
v 0.29354895 -0.44854170 0.08246001
v 0.29186725 -0.46005828 0.09000355
v 0.29199539 -0.46882431 0.08744042
v 0.27875046 -0.40847651 0.06534002
v 0.27936773 -0.40387109 0.05605822
v 0.27399888 -0.40661498 0.07568354
v 0.26576885 -0.40154737 0.07800061
v 0.30350586 -0.44448634 0.06201481
v 0.29837313 -0.42145532 0.05995694
v 0.31301251 -0.46552759 0.06001866
v 0.27623310 -0.39716248 0.05012539
v 0.29513203 -0.44838610 0.09332274
v 0.30217305 -0.48931181 0.10063042
v 0.29565672 -0.48016018 0.08916024
v 0.32231488 -0.46458200 0.12617078
v 0.31591730 -0.49246011 0.11660776
v 0.32515553 -0.44875775 0.12890598
v 0.32974582 -0.47674400 0.13266076
v 0.31598706 -0.43913811 0.11602201
v 0.32853712 -0.48836273 0.12854292
v -0.04614450 -0.12034317 0.02383374
v -0.04634130 -0.13036785 0.03274966
v -0.04605277 -0.13094869 0.01493111
v 0.11064636 -0.08200610 -0.26245157
v 0.11809339 -0.07880215 -0.28346113
v 0.11236003 -0.08931869 -0.26757971
v 0.11551835 -0.07464046 -0.27650699
v 0.10866114 -0.08655785 -0.25074841
v 0.12054680 -0.07076892 -0.28496068
v 0.12272674 -0.07304044 -0.29660960
v 0.11100258 -0.09530555 -0.24649489
v 0.10937352 -0.09386954 -0.23198132
v 0.12400987 -0.08065422 -0.29204662
v 0.11202209 -0.09876403 -0.22290580
v -0.19651028 0.09258174 0.04171491
v -0.19716400 0.07452952 0.04395584
v -0.19340661 0.08224744 0.04220353
v -0.18974666 0.09846464 0.04270281
v -0.18958747 0.12294643 0.04215280
v -0.20344138 0.07234976 0.04274895
v -0.20479754 0.06026949 0.04456663
v -0.01220994 -0.21265337 -0.04349485
v -0.01515977 -0.21084025 -0.03775761
v -0.00699508 -0.21081659 -0.03923867
v -0.00367438 -0.21263973 -0.04379517
v 0.00204557 -0.21063225 -0.03630139
v 0.00504199 -0.21216503 -0.03979324
v -0.02303218 -0.21229268 -0.03789535
v -0.02147599 -0.21072534 -0.03298431
v -0.02883067 -0.21211607 -0.02970401
v -0.02617949 -0.21027837 -0.02251368
v 0.00853600 -0.20991259 -0.02377028
v 0.01356579 -0.21222416 -0.02850683
v -0.18899511 0.16560306 0.03876446
v -0.18942858 0.12947282 0.04044177
v -0.18504761 0.13219344 0.04048667
v -0.18419670 0.16607553 0.03932114
v -0.18958747 0.12294643 0.04215280
v -0.00735477 -0.21058144 -0.00189867
v 0.00761470 -0.21203715 -0.00107045
v 0.00164511 -0.21040991 -0.00558209
v -0.00324581 -0.21243713 0.00445249
v 0.00673958 -0.21043133 -0.01196270
v 0.01291709 -0.21188537 -0.00814359
v -0.01235535 -0.21271144 0.00383371
v -0.01997468 -0.21216670 0.00030043
v -0.01664938 -0.21035862 -0.00419471
v 0.01356579 -0.21222416 -0.02850683
v -0.02533874 -0.21265726 -0.00469715
v -0.02447372 -0.21051109 -0.01243591
v 0.01533777 -0.21291418 -0.01773233
v -0.02854977 -0.21262859 -0.01017851
v -0.02883067 -0.21211607 -0.02970401
v 0.00853600 -0.20991259 -0.02377028
v -0.16041389 0.07102856 -0.24622485
v -0.14861676 0.08836852 -0.24802922
v -0.15044165 0.09387285 -0.25098355
v -0.15332744 0.07217401 -0.24281370
v -0.14169625 0.10627280 -0.25057104
v -0.16439318 0.06193743 -0.23873400
v -0.17183400 0.05383828 -0.23456928
v -0.14559637 0.11417335 -0.25144940
v -0.14342342 0.13269820 -0.25150609
v -0.18460523 0.04435133 -0.22720095
v -0.30798359 -0.40157728 0.08199759
v -0.31227160 -0.39727807 0.07460044
v -0.31618224 -0.41463718 0.07663237
v -0.30978177 -0.42527886 0.08304556
v -0.31460917 -0.44122168 0.08086945
v -0.31907014 -0.43524057 0.07341034
v -0.29974746 -0.38427832 0.07563261
v -0.29230618 -0.38636416 0.08147161
v -0.29554728 -0.40074021 0.08552784
v -0.31800348 -0.41049914 0.06398427
v -0.31415706 -0.39788157 0.06262766
v -0.31828268 -0.43397645 0.05802730
v -0.31509646 -0.40783499 0.05530003
v -0.30524408 -0.38565201 0.06471475
v -0.30350403 -0.38732878 0.05285778
v 0.36938561 -0.44549488 0.09865916
v 0.37518920 -0.46511731 0.09953936
v 0.37343761 -0.45942187 0.09170677
v 0.36838550 -0.44498441 0.09051173
v 0.37381494 -0.44655117 0.10803465
v 0.37812904 -0.46581680 0.10983145
v 0.37212166 -0.47862956 0.09225084
v 0.36691541 -0.48820345 0.08717666
v 0.35816631 -0.43859284 0.08212777
v 0.35020944 -0.45091961 0.07421772
v 0.34411095 -0.49179464 0.07101339
v 0.32705935 -0.45449175 0.06153471
v 0.33361775 -0.43966016 0.06792412
v 0.32961653 -0.48227542 0.06435719
v 0.36065984 -0.49518401 0.08732895
v 0.36103356 -0.43637744 0.09764464
v 0.37009684 -0.48636919 0.10697430
v -0.12681534 0.14827813 -0.25777170
v -0.12376733 0.10667240 -0.25433594
v -0.12201679 0.12751669 -0.25447539
v -0.12361562 0.16934117 -0.25345571
v -0.12686073 0.16945769 -0.25776708
v -0.12753735 0.18604435 -0.25107381
v -0.13061441 0.19051813 -0.25205298
v -0.13181213 0.19491076 -0.25002563
v -0.20057132 -0.02284981 -0.06764145
v -0.19707965 -0.01499238 -0.05463218
v -0.19294124 -0.01829424 -0.07364299
v -0.20434801 -0.01953822 -0.04897159
v -0.20280361 -0.01336770 -0.04091453
v -0.18358780 -0.00621899 -0.08061933
v -0.18474110 -0.01690150 -0.09318023
v -0.19026915 0.00184924 -0.05294612
v -0.19834983 -0.00155883 -0.02955834
v -0.17320427 -0.01087543 -0.13252945
v -0.17672440 -0.01750276 -0.13382794
v -0.16624499 -0.01669972 -0.16809555
v -0.16766009 0.00158887 -0.13847717
v -0.15768155 -0.01106619 -0.18891652
v -0.18218621 0.01740367 -0.06177470
v -0.15027597 0.00308267 -0.20007408
v -0.17780867 0.03671735 -0.05953165
v -0.15019516 0.01372592 -0.19099036
v -0.15880128 0.01961389 -0.15692165
v -0.16687997 0.03805934 -0.11310827
v -0.17088081 0.05065737 -0.08280560
v -0.17412612 0.06034757 -0.05907568
v -0.13997463 0.03438745 -0.22260739
v -0.15482176 0.06285998 -0.14823339
v -0.14493399 0.04533420 -0.19478461
v -0.13043423 0.08380469 -0.22889477
v -0.12810025 0.08037002 -0.24223369
v -0.15984659 0.08846229 -0.11874645
v -0.14195126 0.07942160 -0.19284958
v -0.12722138 0.11858170 -0.22717815
v -0.12267572 0.11945548 -0.24590649
v -0.16738412 0.09678598 -0.08007590
v -0.15040159 0.10550389 -0.15479534
v -0.14352564 0.10769052 -0.18079138
v -0.13588713 0.12309937 -0.20227362
v -0.16936007 0.11886156 -0.05389564
v -0.12608296 0.15632945 -0.22770669
v -0.16033257 0.13256463 -0.11290850
v -0.16646857 0.12483533 -0.07910601
v -0.12264763 0.15802875 -0.24470910
v -0.17551275 0.06668009 -0.03414869
v -0.18193409 0.02723793 -0.03209477
v -0.12735876 0.07707142 -0.25470011
v -0.13068624 0.06520338 -0.25388048
v -0.13632120 0.04701136 -0.24026570
v -0.14109468 0.02836718 -0.23148372
v -0.14984898 0.13766804 -0.16087237
v -0.14577605 0.15092518 -0.17710431
v -0.16025384 0.15232483 -0.12169249
v -0.16722847 0.15492914 -0.08211400
v -0.17126361 0.14901095 -0.04917200
v -0.12610360 0.17131456 -0.23303433
v -0.17059370 0.12194536 -0.01079972
v -0.17411976 0.08598536 -0.01041006
v -0.18232011 0.02731183 -0.01020475
v -0.18819551 0.00941512 -0.03130120
v -0.14776021 0.00920071 -0.21617701
v -0.18779392 0.01016938 -0.00920243
v -0.17096503 0.13065207 -0.00694247
v -0.17265391 0.16220880 0.00186592
v -0.17818432 0.04249596 0.01749186
v -0.18368715 0.01749703 0.01214954
v -0.20297028 -0.01370596 -0.00580209
v -0.19906585 -0.00059422 -0.00550735
v -0.17232580 0.08359776 0.01261141
v -0.16928763 0.10750133 0.01975252
v -0.16957216 0.12897118 0.01386895
v -0.18983235 -0.00237529 0.02270630
v -0.14745823 0.17325302 -0.18238734
v -0.18075758 0.01734209 0.03311564
v -0.16658686 0.12273995 0.03712715
v -0.16192064 0.10955219 0.06745535
v -0.16393666 0.07738957 0.07064775
v -0.17141006 0.05703556 0.03824647
v -0.16974293 0.03929320 0.07251935
v -0.17729221 0.00577824 0.07482711
v -0.17883555 -0.01073468 0.09293835
v -0.19852510 -0.01437175 0.02093045
v -0.16183339 0.13126118 0.06539993
v -0.16480500 0.05083320 0.08789451
v -0.16945877 0.01005728 0.10713421
v -0.18614241 -0.00830319 0.04897055
v -0.15235539 0.06997269 0.13069108
v -0.15652108 0.10911857 0.09228065
v -0.14912424 0.11607608 0.13198465
v -0.15674081 0.13300647 0.08760303
v -0.15529740 0.05180111 0.12815787
v -0.14202845 0.06759131 0.17776785
v -0.15637248 0.02029013 0.14994928
v -0.15076609 0.02418018 0.17256048
v -0.14778977 0.02096566 0.19303072
v -0.15081027 0.00198518 0.18485426
v -0.15057196 0.01057778 0.19375182
v -0.14862179 0.02279680 0.19905841
v -0.15629029 -0.01061076 0.17052505
v -0.13966812 0.12551354 0.16777711
v -0.15175107 0.14957126 0.12222869
v -0.16401917 -0.00853581 0.14154927
v -0.13843504 0.05216323 0.20362459
v -0.14210198 0.03845531 0.20441819
v -0.13983989 0.05052784 0.20856328
v -0.13244456 0.06861589 0.21508100
v -0.12672012 0.08569553 0.21744080
v -0.18839411 -0.01577852 0.05373653
v -0.18335738 -0.02148091 0.09254326
v -0.17574494 -0.02122197 0.11711177
v -0.14374358 0.14024751 0.15383242
v -0.16682295 -0.01828647 0.14568476
v -0.16099388 -0.01681184 0.16349566
v -0.12347263 0.11660636 0.21494347
v -0.12460081 0.10792380 0.22046566
v -0.11931815 0.12972112 0.22126779
v -0.15640599 -0.00780862 -0.19724970
v -0.13855776 0.16486778 0.17672749
v -0.14519677 0.16514633 0.15692754
v -0.12763300 0.15381406 0.20057728
v -0.19513003 -0.01630296 0.03767336
v -0.19759350 -0.01761537 0.02859087
v -0.11938901 0.15431670 0.21832882
v -0.19318572 0.00410961 -0.01079142
v -0.15424296 0.00198624 -0.20685626
v -0.15415728 -0.00216781 0.18402625
v -0.15760870 -0.01092019 0.17506761
v -0.19308100 -0.02098085 0.05695667
v -0.20036306 -0.01578873 -0.00026852
v -0.20035636 -0.01674606 0.01096935
v -0.20232338 -0.02269449 0.01790711
v -0.19836033 -0.02662933 0.01700972
v -0.19954267 0.25906552 -0.00367072
v -0.19472346 0.24648835 -0.06185066
v -0.18954221 0.22490836 -0.00403123
v -0.18601093 0.21809839 -0.04537818
v -0.17643231 0.18611435 -0.03397863
v -0.17636344 0.18555792 0.00033917
v -0.17326548 0.18175339 -0.06756995
v -0.20194693 0.26622435 -0.07100495
v -0.17574085 0.19899760 -0.09194634
v -0.16756054 0.17284288 -0.10179882
v -0.20977674 0.28680165 -0.08723157
v -0.18774826 0.23442291 -0.10642772
v -0.22122434 0.31055702 -0.04761681
v -0.22250030 0.31830757 -0.07968304
v -0.21474713 0.29538892 -0.00080706
v -0.25385950 0.38728076 -0.04483097
v -0.24688582 0.37627194 -0.07563776
v -0.24232371 0.35817948 -0.00079554
v -0.26927394 0.42090735 0.00186275
v -0.27165429 0.42808650 -0.04824840
v -0.27386424 0.43298724 0.00741670
v -0.27042592 0.43075797 -0.09111109
v -0.27779407 0.45086031 -0.08892395
v -0.20531730 0.27653959 0.03854323
v -0.21989086 0.31119839 0.04234251
v -0.19368676 0.24659790 0.03732120
v -0.26584851 0.41708205 0.03864030
v -0.24118599 0.36003884 0.02035062
v -0.27285013 0.43911424 0.05836870
v -0.28098241 0.45702877 -0.05010980
v -0.28632168 0.46945462 -0.06390997
v -0.28721019 0.47032315 0.00601927
v -0.18788355 0.23900033 0.07152227
v -0.26698896 0.42950654 0.08072566
v -0.18470329 0.21980199 0.03672146
v -0.17384533 0.18609315 0.03104077
v -0.28038883 0.46867494 -0.13634345
v -0.27000963 0.43869139 -0.12513270
v -0.24179868 0.37069351 -0.10078951
v -0.27890387 0.45043584 0.01019989
v -0.28393992 0.46474535 0.01217045
v -0.28359284 0.46983011 0.05740215
v -0.27788663 0.46364166 0.09497506
v -0.23759599 0.35777038 0.04670559
v -0.25289883 0.39034842 0.04405775
v -0.17080053 0.19243789 0.07053098
v -0.20160654 0.27660870 0.06969210
v -0.20163047 0.27943156 -0.12843514
v -0.21266189 0.30904695 -0.12740200
v -0.23292067 0.35823286 -0.12337845
v -0.23381500 0.35812350 0.07125292
v -0.27533751 0.46858333 -0.16429094
v -0.26154882 0.43109612 0.11478672
v -0.23458686 0.37447657 0.11330293
v -0.21659137 0.33340715 0.10858181
v -0.19578575 0.27474874 0.09779741
v -0.16572677 0.19447528 0.10217254
v -0.26942987 0.46477972 0.13812096
v -0.16462492 0.16601101 0.07033785
v -0.26098536 0.44077175 -0.17732910
v -0.25079938 0.42401007 -0.19114676
v -0.23392758 0.37504656 -0.15621011
v -0.20106789 0.31793577 -0.19513831
v -0.21988034 0.36591786 -0.20665667
v -0.23436667 0.40340370 -0.21958105
v -0.25461825 0.44602951 -0.21929288
v -0.26218780 0.46551961 -0.21990031
v -0.19201820 0.28814569 -0.17991169
v -0.18478185 0.25270565 -0.15133251
v -0.17563930 0.21385640 -0.12247900
v -0.17098115 0.20019680 -0.11338580
v -0.16610103 0.19855470 -0.14132792
v -0.17486941 0.22723184 -0.14763355
v -0.21220823 0.37024840 -0.24738282
v -0.20087538 0.34455754 -0.24622720
v -0.21864239 0.38402975 -0.25038089
v -0.22745653 0.40452083 -0.25319284
v -0.24162633 0.43646232 -0.25175880
v -0.23893705 0.42994018 -0.25359817
v -0.24668848 0.44950125 -0.25481198
v -0.25012355 0.45913602 -0.25522958
v -0.16048332 0.16969427 -0.13342317
v -0.18125599 0.28945756 -0.22122790
v -0.18730529 0.30770747 -0.22763940
v -0.18482776 0.31117727 -0.24687368
v -0.17545396 0.29065741 -0.24733508
v -0.19153028 0.32471907 -0.24997600
v -0.16398635 0.26846290 -0.24835451
v -0.15657705 0.24340185 -0.22696964
v -0.17140583 0.25619391 -0.19764848
v -0.15262944 0.24157878 -0.25046296
v -0.14530424 0.22792919 -0.24219251
v -0.14216045 0.21091514 -0.22924446
v -0.16401104 0.23675690 -0.19428190
v -0.13917761 0.20953774 -0.24515880
v -0.14636245 0.23063618 -0.24920215
v -0.13334719 0.19946081 -0.24258438
v -0.17143785 0.28245128 -0.25077484
v -0.13317468 0.19075573 -0.23119420
v -0.14886294 0.19779072 -0.19633062
v -0.14372183 0.21995244 -0.24726201
v -0.25391267 0.46431413 -0.25476056
v -0.17344713 0.16925490 -0.04355359
v -0.17172566 0.17086455 0.02703777
v -0.21816327 0.38161836 -0.25316412
v -0.20495274 0.35181818 -0.25077049
v -0.19796338 0.33497251 -0.25167735
v -0.21304811 0.36992950 -0.25190879
v -0.13578496 0.20211444 -0.24754770
v -0.15873288 0.17041226 0.10478016
v -0.20247195 0.32699970 0.15977399
v -0.15799853 0.25178210 -0.25440417
v -0.16667733 0.27104836 -0.25277155
v -0.19134312 0.27998347 0.12484743
v -0.17491710 0.23969244 0.12864419
v -0.21408871 0.35443813 0.16243334
v -0.24179464 0.41765124 0.17116548
v -0.17785660 0.29287499 -0.25248435
v -0.25297953 0.43962480 0.16394860
v -0.26165416 0.46461612 0.17278869
v -0.18589059 0.29219802 0.16719438
v -0.25463278 0.46459052 0.20060099
v -0.24340499 0.44792146 0.21600058
v -0.17340708 0.26802160 0.17257140
v -0.18530782 0.30865345 -0.25211566
v -0.23469386 0.42746295 0.21126778
v -0.23565780 0.42732752 0.21601708
v -0.22722289 0.41247263 0.21537184
v -0.21883999 0.39267279 0.21084256
v -0.21939861 0.39390482 0.21576617
v -0.21136234 0.37720439 0.21554163
v -0.20209146 0.35709974 0.21469290
v -0.19370947 0.33826091 0.21293571
v -0.18385308 0.31024041 0.19677787
v -0.18492939 0.31987378 0.21281441
v -0.17506670 0.29987510 0.21217420
v -0.16553606 0.20967374 0.12423443
v -0.15290629 0.19404614 0.15105614
v -0.17069344 0.27694447 0.19120749
v -0.16909231 0.28350085 0.21571493
v -0.17617049 0.30143739 0.21613694
v -0.18397492 0.31495657 0.21613832
v -0.18888649 0.32478240 0.21687269
v -0.16237931 0.26873375 0.21535981
v -0.15859356 0.25293223 0.20191477
v -0.15542816 0.24871531 0.21529413
v -0.14866314 0.23463054 0.21130330
v -0.15213719 0.22354020 0.18430351
v -0.14949176 0.23507526 0.21562306
v -0.14274125 0.22431907 0.21448078
v -0.24809192 0.46048782 0.21727548
v -0.14356556 0.20399385 0.18875123
v -0.13911633 0.21433971 0.21545283
v -0.19626589 0.34129497 0.21619513
v -0.13050962 0.19650879 0.21686757
v -0.25209909 0.46521032 0.21571925
v -0.14141133 0.18562548 0.18055349
v -0.12237302 0.17579451 0.21796984
v -0.28258792 0.46890531 0.08635308
v -0.28023487 0.46915233 0.10638302
v -0.27450781 0.46840140 0.12836087
v -0.26809983 0.46925538 0.16230927
v -0.27133702 0.46898414 -0.18855579
v -0.28569520 0.47166666 -0.11125733
v -0.26429047 0.46769640 0.18438644
v -0.12364282 0.16717635 0.22146903
v 0.23214020 -0.49826385 -0.31492946
v 0.22241862 -0.49777433 -0.30890259
v 0.23412309 -0.49004765 -0.31246882
v 0.21694958 -0.48964571 -0.30620970
v 0.23443447 -0.49124339 -0.31666432
v 0.23383168 -0.49758301 -0.32778842
v -0.04614450 -0.12034317 0.02383374
v -0.03536634 -0.12110608 0.01972078
v -0.03592222 -0.12201830 0.02708400
v -0.04634130 -0.13036785 0.03274966
v -0.03122783 -0.13086613 0.03192654
v -0.16035598 0.22470738 0.21699517
v -0.15173870 0.21089855 0.21583212
v -0.15155101 0.19710642 0.21889891
v -0.15777683 0.23544665 0.21426759
v -0.14687937 0.18970073 0.21593313
v -0.14589580 0.16952334 0.21860129
v -0.13980620 0.16875532 0.21656285
v -0.14549384 0.14092363 0.22001817
v -0.14148426 0.11961269 0.21882076
v -0.15092640 0.10321249 0.22000207
v -0.13390136 0.20022575 0.21634884
v -0.13911633 0.21433971 0.21545283
v -0.14949176 0.23507526 0.21562306
v -0.13050962 0.19650879 0.21686757
v -0.12557403 0.11643207 0.22157558
v -0.16745109 0.23280912 0.21488783
v -0.15542816 0.24871531 0.21529413
v -0.13602081 0.08094855 0.21771314
v -0.15038875 0.08784562 0.21651505
v -0.12460081 0.10792380 0.22046566
v -0.12672012 0.08569553 0.21744080
v -0.13244456 0.06861589 0.21508100
v -0.12364282 0.16717635 0.22146903
v -0.11931815 0.12972112 0.22126779
v -0.14418923 0.05856369 0.21133038
v -0.15209252 0.06861782 0.21191804
v -0.17239377 0.25242204 0.20730379
v -0.17478750 0.24384975 0.20895649
v -0.15587886 0.05427515 0.20580355
v -0.15441849 0.03070550 0.20055230
v -0.16417246 0.04579478 0.20298770
v -0.14210198 0.03845531 0.20441819
v -0.14862179 0.02279680 0.19905841
v -0.15057196 0.01057778 0.19375182
v -0.19024713 0.25834801 0.19639791
v -0.17055596 0.03058471 0.19142223
v -0.16049760 0.00767773 0.18444501
v -0.17669053 0.01698556 0.18218839
v -0.18506649 0.01591775 0.17425240
v -0.17195091 0.04050125 0.19361742
v -0.15415728 -0.00216781 0.18402625
v -0.16068010 0.25665297 0.21680996
v -0.18454463 0.26212799 0.20375934
v -0.20354212 0.26307749 0.18357887
v -0.17654584 0.03609285 0.18411768
v -0.15760870 -0.01092019 0.17506761
v -0.16696925 -0.01619451 0.16374384
v -0.20874347 0.27819930 0.18696845
v -0.18820170 0.00185353 0.16187162
v -0.13983989 0.05052784 0.20856328
v -0.16572005 0.05748998 0.20722323
v -0.15946381 0.07323062 0.21486185
v -0.17098474 0.04752459 0.20546259
v 0.16312897 -0.09014439 0.19544350
v 0.16786026 -0.08853981 0.20481775
v 0.17253596 -0.08845287 0.21470746
v 0.17647557 -0.07843255 0.21441127
v 0.16962296 -0.07976278 0.20205406
v 0.16509034 -0.08084876 0.19008029
v 0.17837276 -0.07695281 0.22521718
v 0.17512521 -0.08807139 0.23050686
v 0.16301643 -0.08288087 0.15493091
v 0.17615785 -0.08390552 0.23924024
v 0.18473722 -0.07451852 0.23787628
v 0.18725459 -0.07212538 0.25259229
v 0.18323333 -0.01270062 0.21979784
v 0.18370911 -0.01816453 0.24204379
v 0.17742843 -0.01244038 0.21716601
v -0.13632120 0.04701136 -0.24026570
v -0.13507860 0.05701314 -0.24884337
v -0.14463765 0.03740611 -0.23762588
v -0.13068624 0.06520338 -0.25388048
v -0.14109468 0.02836718 -0.23148372
v -0.14692797 0.01921400 -0.22914198
v -0.14776021 0.00920071 -0.21617701
v -0.15799853 0.25178210 -0.25440417
v -0.16040686 0.24931238 -0.25459707
v -0.15262944 0.24157878 -0.25046296
v -0.16876573 0.25642715 -0.25756030
v -0.16186688 0.24158858 -0.25025853
v -0.15591712 0.23015639 -0.24690953
v -0.14636245 0.23063618 -0.24920215
v -0.16019624 0.22890787 -0.24864762
v -0.16509324 0.23546430 -0.25183471
v -0.15443371 0.21353326 -0.24669985
v -0.14965900 0.19712002 -0.24748216
v -0.14252974 0.19856109 -0.24514928
v -0.14572387 0.17888904 -0.24784309
v -0.14278956 0.16362352 -0.24824438
v -0.14372183 0.21995244 -0.24726201
v -0.13917761 0.20953774 -0.24515880
v -0.13515687 0.18244095 -0.24810584
v -0.13397974 0.13203975 -0.25024497
v -0.14169625 0.10627280 -0.25057104
v -0.14342342 0.13269820 -0.25150609
v -0.13181213 0.19491076 -0.25002563
v -0.13061441 0.19051813 -0.25205298
v -0.12686073 0.16945769 -0.25776708
v -0.12681534 0.14827813 -0.25777170
v -0.12941888 0.11670333 -0.25444042
v -0.13578496 0.20211444 -0.24754770
v -0.12927446 0.07920518 -0.25606519
v -0.14861676 0.08836852 -0.24802922
v -0.14441070 0.07137390 -0.24891544
v -0.15332744 0.07217401 -0.24281370
v -0.15093470 0.05561294 -0.24341992
v -0.16439318 0.06193743 -0.23873400
v -0.15938648 0.04932547 -0.24073365
v -0.17183400 0.05383828 -0.23456928
v -0.16638939 0.03831842 -0.23473427
v -0.17353435 0.03247672 -0.22734365
v -0.12376733 0.10667240 -0.25433594
v -0.17856300 0.04301080 -0.22240580
v -0.12735876 0.07707142 -0.25470011
v 0.32953503 -0.48956489 0.08629933
v 0.33184248 -0.49784600 0.08526359
v 0.34231146 -0.49829259 0.09391542
v 0.31886787 -0.48855190 0.07554196
v 0.31895075 -0.48237933 0.07779360
v 0.34100570 -0.49294391 0.09805125
v 0.34250075 -0.49822842 0.10226839
v -0.30823181 -0.48715266 0.07166850
v -0.31175726 -0.48100469 0.06312466
v -0.31160036 -0.48967222 0.06293945
v -0.31521607 -0.48011701 0.04875438
v -0.32067337 -0.48564101 0.04642910
v -0.32700137 -0.49700548 0.05176013
v -0.33533462 -0.48636320 0.04582432
v -0.34852523 -0.48747014 0.04820221
v -0.34143700 -0.49895728 0.05176441
v -0.32132910 -0.49870922 0.05345124
v -0.34146947 -0.48191513 0.04970369
v -0.21351293 0.04183556 0.04307690
v -0.20949474 0.03124519 0.04636198
v -0.20556285 0.04426713 0.04356115
v -0.20479754 0.06026949 0.04456663
v -0.20344138 0.07234976 0.04274895
v -0.21267137 0.02582446 0.05009392
v -0.21955780 0.02765074 0.04431921
v -0.24143847 0.28896803 -0.16273806
v -0.23233621 0.28303992 -0.17698141
v -0.21900808 0.28146884 -0.19794766
v -0.21562047 0.27747219 -0.19962149
v -0.23193535 0.27459237 -0.18123521
v -0.22094785 0.26779120 -0.19838841
v -0.20956999 0.25917983 -0.21436394
v -0.20357058 0.26962367 -0.21987108
v -0.18889331 0.25810321 -0.23252155
v -0.20236762 0.25019716 -0.22637193
v -0.18772743 0.24597531 -0.23756338
v -0.17955452 0.25620586 -0.24157222
v -0.16847516 0.23890835 -0.24843298
v -0.16186688 0.24158858 -0.25025853
v -0.16040686 0.24931238 -0.25459707
v -0.16509324 0.23546430 -0.25183471
v 0.21694958 -0.48964571 -0.30620970
v 0.21741510 -0.49627314 -0.30097130
v 0.20385025 -0.48815742 -0.30195497
v 0.22241862 -0.49777433 -0.30890259
v 0.21087776 -0.48871835 -0.31274647
v 0.23412309 -0.49004765 -0.31246882
v 0.20130855 -0.48867932 -0.30863003
v 0.22163958 -0.49077055 -0.32211072
v 0.23443447 -0.49124339 -0.31666432
v 0.23383168 -0.49758301 -0.32778842
v -0.00801744 -0.12564401 0.06470222
v -0.00133845 -0.12658824 0.06313156
v -0.00365811 -0.12119754 0.05229552
v -0.00641097 -0.12483720 0.07957662
v -0.00118898 -0.13198972 0.09913523
v 0.00171997 -0.12579261 0.04918619
v -0.00459735 -0.12804077 0.10429350
v -0.00316564 -0.13469907 0.12008085
v -0.00966799 -0.13540159 0.12482435
v -0.00402245 -0.14038783 0.13447776
v -0.00368474 -0.14411865 0.14439021
v -0.01085996 -0.12889980 0.09998295
v 0.00113530 -0.11573606 0.04916143
v -0.34852523 -0.48747014 0.04820221
v -0.34363945 -0.49739008 0.05843258
v -0.34143700 -0.49895728 0.05176441
v -0.34129448 -0.49931105 0.06522960
v -0.34433777 -0.48637324 0.06355241
v -0.20207847 0.02634235 -0.17449247
v -0.20692377 0.02507320 -0.15359119
v -0.19875936 0.02370958 -0.17439620
v -0.21206432 0.02541301 -0.13877531
v -0.21026945 0.02151027 -0.13043982
v -0.19443158 0.02662321 -0.18570098
v -0.21621009 0.02554927 -0.07653227
v -0.21887526 0.02610767 -0.16857396
v -0.20425426 0.02806253 -0.19790725
v -0.22493020 0.02564265 -0.14444002
v -0.22451665 0.02632332 -0.07582493
v -0.18963910 0.03087792 -0.20101591
v -0.22728741 0.02480214 -0.12151186
v -0.17856300 0.04301080 -0.22240580
v -0.18460523 0.04435133 -0.22720095
v -0.17183400 0.05383828 -0.23456928
v -0.18063705 0.03739076 -0.21432122
v 0.03389882 -0.19109546 0.22862089
v 0.01663230 -0.19003897 0.24316452
v 0.01970013 -0.19378853 0.23913016
v 0.02240720 -0.18460316 0.23728545
v 0.01136307 -0.35671492 0.01724178
v 0.00837578 -0.36161930 0.01755037
v 0.02228532 -0.36065885 0.01043232
v 0.02117837 -0.33953096 0.01323004
v 0.01513818 -0.33832336 0.01701242
v 0.02145259 -0.32765942 0.01032237
v 0.01771762 -0.30939637 0.00945023
v 0.00407833 -0.32127149 0.01932485
v 0.00063420 -0.30971987 0.01800205
v 0.02391800 -0.31988406 0.00486125
v 0.03188276 -0.31775831 -0.00932658
v 0.02942990 -0.30951782 -0.01130913
v 0.03296260 -0.32118244 -0.01554764
v 0.02563060 -0.30936477 -0.03485904
v 0.02766284 -0.32045254 -0.03592955
v 0.03186540 -0.33072108 -0.02184654
v -0.04614450 -0.12034317 0.02383374
v -0.03988627 -0.12352577 0.01569954
v -0.03536634 -0.12110608 0.01972078
v -0.03025207 -0.13141626 0.01213087
v -0.04605277 -0.13094869 0.01493111
v 0.31895075 -0.48237933 0.07779360
v 0.31629299 -0.49043228 0.08487085
v 0.31886787 -0.48855190 0.07554196
v 0.18557721 -0.00894984 -0.25224868
v 0.18478976 -0.01116325 -0.24988853
v 0.18568777 -0.01437690 -0.27183700
v -0.30959543 -0.48466178 0.07926233
v -0.31443841 -0.48931479 0.07538339
v -0.30823181 -0.48715266 0.07166850
v -0.33200709 -0.49855747 0.08011231
v -0.32470559 -0.49537619 0.07062530
v -0.34129448 -0.49931105 0.06522960
v -0.35127213 -0.50017951 0.07304404
v -0.34363945 -0.49739008 0.05843258
v -0.34511870 -0.49662657 0.03725395
v -0.33815000 -0.49605950 0.08387936
v -0.35714361 -0.49195938 0.04664856
v -0.36079245 -0.49653818 0.07071086
v -0.35652167 -0.48849501 0.03550100
v -0.37400938 -0.48615219 0.06569627
v -0.34143700 -0.49895728 0.05176441
v -0.35292865 -0.49416698 0.07959218
v -0.20723854 -0.02410952 -0.06344061
v -0.21597245 -0.02281993 -0.06206348
v -0.21222852 -0.02673875 -0.06347721
v -0.21733903 -0.03372736 -0.06715234
v -0.21806910 -0.01038774 -0.09669631
v -0.21771211 -0.01573107 -0.08602443
v -0.21328758 -0.01998406 -0.07531644
v 0.18557721 -0.00894984 -0.25224868
v 0.18568777 -0.01437690 -0.27183700
v 0.18350732 -0.01844821 -0.28289111
v -0.10540877 -0.11078316 0.02031773
v -0.10785438 -0.11498654 0.01211959
v -0.10434611 -0.11632363 0.01991577
v -0.11068283 -0.10665509 0.02212024
v -0.09244066 -0.11628369 0.02661191
v -0.09257008 -0.11131456 0.02614459
v -0.06434945 -0.11291524 0.02448067
v -0.06971307 -0.11108236 0.02573797
v -0.00651323 -0.30691104 -0.04331118
v 0.00223344 -0.30792762 -0.04093549
v -0.01706589 -0.30789056 -0.04119778
v -0.00186593 -0.11193647 0.04210746
v 0.00113530 -0.11573606 0.04916143
v 0.00172974 -0.11157633 0.03874873
v -0.01181613 -0.11814803 0.04327206
v -0.00365811 -0.12119754 0.05229552
v -0.01085996 -0.12889980 0.09998295
v -0.01117648 -0.13359903 0.08760004
v -0.01057558 -0.13746843 0.10500069
v -0.01035155 -0.13002758 0.04433237
v -0.01312449 -0.14627860 0.12923153
v -0.00966799 -0.13540159 0.12482435
v -0.01524523 -0.14700718 0.13683702
v -0.00641097 -0.12483720 0.07957662
v -0.00801744 -0.12564401 0.06470222
v -0.00899820 -0.12270130 0.04616567
v 0.01407904 -0.30725193 -0.02741905
v 0.01566594 -0.30811536 -0.01918843
v 0.00880584 -0.30808629 -0.03596816
v -0.08044143 0.13827801 0.21922402
v -0.09742633 0.13384566 0.21940772
v -0.06421213 0.14109861 0.21847805
v -0.11193514 -0.07708266 0.21458273
v -0.11963291 -0.08876994 0.20479121
v -0.11512760 -0.08436715 0.20950953
v -0.10047556 -0.08190971 0.21404418
v -0.09360213 -0.07101159 0.22488771
v -0.08179148 -0.08255585 0.21969785
v -0.07295281 -0.05848784 0.24288033
v -0.05377650 -0.06220224 0.24590290
v -0.02455961 -0.06691238 0.24854771
v -0.06409776 -0.08245128 0.22401658
v -0.04001137 -0.08510376 0.22650867
v 0.00903005 -0.07161245 0.24857011
v -0.00665403 -0.08860149 0.22390959
v -0.03567991 -0.09056219 0.22009542
v -0.09820865 -0.06600281 0.23231152
v -0.07850243 -0.05416087 0.24918067
v 0.05133317 -0.07300699 0.24631538
v -0.03494791 -0.05670149 0.26254000
v -0.05827356 -0.05345296 0.25941598
v 0.00432691 -0.06303485 0.26378683
v 0.07155366 -0.06791448 0.25900441
v 0.05926248 -0.06375306 0.26289605
v 0.05001333 -0.08688758 0.22202633
v -0.03248504 -0.09835586 0.20512664
v 0.11655975 -0.06791027 0.25802947
v 0.09073435 -0.07561639 0.23531838
v 0.08428827 -0.08287716 0.22197464
v 0.11304677 -0.07639113 0.22933904
v 0.11312506 -0.07120108 0.24512345
v 0.10817183 -0.08466909 0.20796486
v 0.06071757 -0.09247572 0.20535921
v 0.11038464 -0.08639727 0.19719227
v 0.06440769 -0.09732800 0.17008753
v 0.11001730 -0.09104261 0.15314055
v 0.09994872 -0.09635047 0.10526063
v 0.05531729 -0.10088664 0.14230747
v 0.06903394 -0.10277923 0.08126045
v 0.11076751 -0.09374966 0.10974194
v 0.10931403 -0.09875569 0.06626418
v 0.11002716 -0.10280090 0.02420667
v 0.00816310 -0.10306815 0.17062808
v 0.06178508 -0.10640547 0.03397039
v 0.02844707 -0.10546551 0.10614483
v 0.08577239 -0.10644228 0.01030904
v 0.09746558 -0.10615332 0.00392467
v 0.10653593 -0.10678916 -0.00838090
v -0.00705143 -0.10531159 0.14822412
v 0.06556849 -0.10734174 0.01435207
v 0.04216308 -0.10763801 0.03154021
v 0.05185924 -0.10766210 0.02130591
v -0.00242932 -0.10076266 0.19097644
v -0.02592954 -0.10451392 0.16979343
v -0.04474873 -0.10704217 0.14436920
v -0.03064869 -0.10240919 0.19172381
v 0.02515151 -0.10784338 0.03512098
v 0.00426497 -0.10772783 0.04895548
v -0.05619254 -0.10706107 0.09682566
v -0.04784761 -0.10764089 0.04660709
v -0.01273562 -0.10787892 0.04533846
v -0.06155454 -0.10722795 0.07828604
v -0.06437824 -0.10777579 0.04887212
v 0.11124875 -0.08255745 0.21575901
v 0.00173782 -0.09666478 0.20617625
v 0.01657277 -0.10879548 0.03817425
v 0.00172974 -0.11157633 0.03874873
v -0.06063497 -0.11039014 0.04205377
v -0.00186593 -0.11193647 0.04210746
v -0.04877884 -0.10764672 0.13340124
v -0.05244714 -0.10744544 0.11760558
v 0.11376884 -0.10578847 0.01232465
v -0.07166806 -0.11186443 0.04416565
v 0.11154003 -0.10400426 0.07539290
v 0.11038871 -0.09722226 0.07105034
v -0.02989907 -0.36831915 0.20426497
v -0.02916808 -0.36943553 0.13175151
v -0.02739660 -0.37979247 0.16408007
v -0.02986248 -0.37899000 0.23457314
v -0.02663078 -0.38894583 0.22807359
v -0.03031705 -0.38582670 0.27077433
v -0.02695846 -0.40126260 0.27796430
v -0.02982041 -0.39868894 0.29475503
v -0.02519075 -0.41318373 0.29189665
v -0.02982861 -0.35774539 0.10902668
v -0.02853457 -0.34172708 0.01469231
v -0.02880419 -0.36020319 0.07631826
v -0.02916808 -0.36943553 0.13175151
v -0.02668175 -0.36015326 0.04606657
v -0.02575576 -0.35844654 0.01373611
v -0.17649327 0.27162898 -0.25636259
v -0.16513146 0.24920720 -0.27534389
v -0.16876573 0.25642715 -0.25756030
v 0.18304600 0.06605888 0.28451514
v 0.17931389 0.03147808 0.27955237
v 0.18427516 0.03792304 0.28339423
v 0.03394069 -0.18531739 0.22091475
v 0.03285127 -0.19016311 0.21819526
v 0.02844521 -0.17992027 0.20201247
v 0.03389882 -0.19109546 0.22862089
v -0.02995950 -0.14717896 -0.02136888
v -0.02631344 -0.14760166 -0.02561296
v -0.02511289 -0.14756602 -0.01330830
v 0.10556996 0.14029309 0.21726046
v 0.13678878 0.14834109 0.21736168
v 0.14430583 0.12298688 0.21759165
v 0.06653790 0.14697881 0.21739385
v 0.07652605 0.16233529 0.21750765
v -0.05590461 0.14601857 0.21709907
v 0.00967915 0.14386066 0.22033248
v -0.04214869 0.16309487 0.21735801
v -0.09852980 0.15907812 0.21818960
v 0.11148269 0.13319711 0.22002978
v 0.07867105 0.14166792 0.22008228
v -0.09532104 0.16352196 0.22015664
v -0.11014051 0.16213032 0.22117618
v 0.01242877 0.16702045 0.21907267
v 0.17956649 0.08558303 0.21716473
v 0.19294600 0.09702941 0.21678030
v 0.15845655 0.13708003 0.22067392
v 0.18552090 0.05526093 0.21705914
v 0.20600615 0.04870693 0.21694380
v 0.20915406 0.06468142 0.21979964
v 0.18707799 -0.00054558 0.21723444
v 0.18171781 0.02493067 0.21748252
v 0.19789748 0.01104229 0.22001807
v 0.20875957 0.04143992 0.22057468
v 0.20495899 0.08037770 0.22087133
v 0.17742843 -0.01244038 0.21716601
v 0.15809712 -0.01072505 0.21978998
v 0.18323333 -0.01270062 0.21979784
v 0.11079322 0.16025101 0.21904015
v -0.11155291 0.14956587 0.21901821
v 0.15353659 0.10956271 0.22049694
v 0.17480701 0.08515035 0.21963992
v -0.02998927 0.14289852 0.21942801
v -0.06421213 0.14109861 0.21847805
v 0.06504180 0.16580545 0.21940171
v 0.17572454 0.12117665 0.22081591
v -0.09742633 0.13384566 0.21940772
v -0.11337042 0.12699044 0.22082561
v 0.06653790 0.14697881 0.21739385
v 0.10556996 0.14029309 0.21726046
v 0.05677538 0.14314114 0.22010397
v 0.00967915 0.14386066 0.22033248
v -0.20313793 -0.00723863 -0.16379291
v -0.21123107 -0.01745706 -0.13029676
v -0.16988965 -0.01928628 -0.17717490
v -0.18751621 -0.00330897 -0.18863667
v -0.18408143 -0.02036249 -0.15350026
v -0.17657614 -0.02041467 -0.15432076
v -0.16494665 -0.01010255 -0.19295342
v -0.17573964 0.01925088 -0.21585209
v -0.16105061 0.01147777 -0.21335667
v -0.15768155 -0.01106619 -0.18891652
v -0.15596684 0.02967680 -0.22970899
v -0.14692797 0.01921400 -0.22914198
v -0.15424296 0.00198624 -0.20685626
v -0.14463765 0.03740611 -0.23762588
v -0.14776021 0.00920071 -0.21617701
v -0.18516915 -0.02251836 -0.13870182
v -0.18625005 -0.02147136 -0.11120211
v -0.20227251 -0.02373795 -0.09442809
v -0.19294124 -0.01829424 -0.07364299
v -0.19796805 -0.00045912 -0.18029110
v -0.17672440 -0.01750276 -0.13382794
v -0.20057132 -0.02284981 -0.06764145
v -0.20723854 -0.02410952 -0.06344061
v -0.20434801 -0.01953822 -0.04897159
v -0.21222852 -0.02673875 -0.06347721
v -0.21328758 -0.01998406 -0.07531644
v -0.15938648 0.04932547 -0.24073365
v -0.16638939 0.03831842 -0.23473427
v -0.16624499 -0.01669972 -0.16809555
v -0.20731613 -0.02121880 -0.12299971
v -0.15640599 -0.00780862 -0.19724970
v -0.18474110 -0.01690150 -0.09318023
v -0.17353435 0.03247672 -0.22734365
v -0.18831859 0.01844588 -0.19865764
v -0.17948477 0.02847943 -0.21630248
v -0.21123107 -0.01745706 -0.13029676
v -0.21328758 -0.01998406 -0.07531644
v -0.20731613 -0.02121880 -0.12299971
v -0.21328758 -0.01998406 -0.07531644
v -0.21597245 -0.02281993 -0.06206348
v -0.20723854 -0.02410952 -0.06344061
v 0.18273921 0.05111922 0.24880733
v 0.18105308 0.04024836 0.22109899
v 0.17931389 0.03147808 0.27955237
v 0.17726418 0.02648343 0.22486155
v 0.17099959 0.01262589 0.27782792
v 0.18132984 0.05950026 0.28177929
v 0.18217395 0.05554480 0.22189672
v 0.18066918 0.06641009 0.24793894
v 0.18171781 0.02493067 0.21748252
v 0.18552090 0.05526093 0.21705914
v 0.17321572 0.01658195 0.22042656
v 0.17956649 0.08558303 0.21716473
v 0.17480701 0.08515035 0.21963992
v 0.18304600 0.06605888 0.28451514
v 0.17438807 0.08258788 0.28321065
v 0.15983542 -0.00623625 0.22509753
v 0.15038162 -0.02408287 0.27663170
v 0.15180366 -0.02047907 0.24717678
v 0.14531077 -0.03077805 0.25251927
v 0.13540116 -0.04433271 0.25584989
v 0.12313426 -0.06300014 0.27707123
v 0.12133641 -0.06165554 0.25882406
v 0.11655975 -0.06791027 0.25802947
v 0.12084419 -0.06983986 0.27567910
v 0.16116490 0.10239998 0.28432965
v 0.17724071 0.07642796 0.22444807
v 0.16828252 0.09295394 0.22371528
v 0.15809712 -0.01072505 0.21978998
v 0.15983542 -0.00623625 0.22509753
v 0.15809712 -0.01072505 0.21978998
v 0.15430128 -0.01547115 0.23954160
v 0.32530047 -0.49053470 0.09429022
v 0.32790824 -0.48863053 0.09036410
v 0.34100570 -0.49294391 0.09805125
v 0.32824991 -0.49825440 0.10069740
v 0.34250075 -0.49822842 0.10226839
v 0.33508689 -0.49963946 0.11457480
v 0.31420799 -0.49866067 0.09533425
v 0.31522922 -0.49862604 0.10829511
v 0.31455276 -0.49629741 0.08986024
v 0.32643190 -0.49809341 0.11835367
v 0.33948884 -0.49021659 0.12661350
v 0.30217305 -0.48931181 0.10063042
v 0.31591730 -0.49246011 0.11660776
v 0.32953503 -0.48956489 0.08629933
v 0.35074711 -0.48955553 0.12136913
v 0.32853712 -0.48836273 0.12854292
v 0.31895075 -0.48237933 0.07779360
v 0.35962106 -0.49547533 0.10470306
v 0.29834998 -0.48110175 0.08127802
v 0.31629299 -0.49043228 0.08487085
v 0.35285773 -0.49972596 0.09363217
v 0.36065984 -0.49518401 0.08732895
v 0.34250811 -0.49975434 0.07876462
v 0.33184248 -0.49784600 0.08526359
v 0.32667573 -0.49390052 0.07309257
v 0.31886787 -0.48855190 0.07554196
v 0.34411095 -0.49179464 0.07101339
v 0.34231146 -0.49829259 0.09391542
v 0.37009684 -0.48636919 0.10697430
v 0.36691541 -0.48820345 0.08717666
v 0.29565672 -0.48016018 0.08916024
v 0.29359584 -0.46399092 0.07571473
v 0.29199539 -0.46882431 0.08744042
v 0.30099384 -0.46443912 0.06699589
v 0.31550699 -0.47880303 0.06336702
v 0.31301251 -0.46552759 0.06001866
v 0.32961653 -0.48227542 0.06435719
v 0.31550699 -0.47880303 0.06336702
v 0.31351782 -0.48731913 0.07461912
v 0.29834998 -0.48110175 0.08127802
v 0.32667573 -0.49390052 0.07309257
v 0.31886787 -0.48855190 0.07554196
v 0.32961653 -0.48227542 0.06435719
v 0.31455276 -0.49629741 0.08986024
v 0.31629299 -0.49043228 0.08487085
v 0.04216308 -0.10763801 0.03154021
v 0.02515151 -0.10784338 0.03512098
v 0.03483756 -0.11473986 0.03129733
v 0.04603753 -0.11499419 0.02133448
v 0.05210796 -0.11831869 -0.00709132
v 0.06444509 -0.11621456 0.01112705
v 0.01684990 -0.11818013 0.00522572
v 0.02203701 -0.11890527 -0.01147558
v 0.05241596 -0.11752276 -0.03329201
v 0.02207620 -0.11862149 -0.03079974
v 0.00509673 -0.11618890 -0.05673876
v 0.05508214 -0.11516779 -0.05153576
v 0.03771558 -0.11526571 -0.05820324
v 0.03118106 -0.11513688 -0.06836354
v -0.00353684 -0.11502297 -0.08253405
v -0.00582512 -0.11526946 -0.06293578
v -0.01718674 -0.11521261 -0.06343792
v -0.04503389 -0.11514732 -0.08191356
v -0.05147037 -0.11521417 -0.05905864
v -0.06362478 -0.11506469 -0.07859218
v -0.06266165 -0.11476011 -0.06076422
v -0.05050277 -0.11512825 -0.05676528
v 0.00023989 -0.11744545 0.02024608
v 0.00175179 -0.11879235 0.01298259
v -0.02465926 -0.11552837 -0.05814207
v 0.05185924 -0.10766210 0.02130591
v 0.07278111 -0.11608004 -0.04282870
v 0.00215207 -0.11571134 0.03372507
v 0.01657277 -0.10879548 0.03817425
v 0.01909844 -0.11514493 -0.07909714
v -0.02850110 -0.11891813 -0.04271793
v -0.04652715 -0.11862494 -0.04410780
v 0.06556849 -0.10734174 0.01435207
v 0.07510449 -0.12057209 0.00951629
v 0.00172974 -0.11157633 0.03874873
v 0.06444509 -0.11621456 0.01112705
v 0.05924788 -0.11951124 0.00370094
v 0.07510449 -0.12057209 0.00951629
v -0.32359284 0.49063599 0.00286208
v -0.32288710 0.48946122 -0.05545761
v -0.32399511 0.48618911 -0.00759810
v -0.31720988 0.46931467 -0.04770005
v -0.31790526 0.46858470 0.00273051
v -0.31998284 0.47675276 0.02952968
v -0.31286057 0.46977274 0.07629832
v -0.31818410 0.47826429 -0.07952656
v -0.32273505 0.48852334 0.04136664
v -0.31882181 0.48949458 -0.09870820
v -0.31344966 0.48098768 -0.12666398
v -0.30931161 0.46904775 -0.12387555
v -0.31472708 0.48664869 0.09857101
v -0.31902886 0.48997999 0.07092887
v -0.30718710 0.47866218 0.12838785
v -0.29949877 0.46906877 0.14913067
v -0.30335114 0.48681695 0.15652114
v -0.30849811 0.49040978 0.13071199
v -0.28737052 0.47121264 0.19405122
v -0.28438458 0.48635084 0.22882349
v -0.27429913 0.47489956 0.24686674
v -0.27171432 0.46714861 0.23449687
v -0.27680159 0.48909568 0.25489045
v -0.26309770 0.45764991 0.24615675
v -0.25772433 0.44152051 0.23758553
v -0.26971753 0.46450342 0.22561693
v -0.25011636 0.44078971 0.25713412
v -0.23578550 0.39626673 0.23973468
v -0.23174550 0.40686031 0.25845019
v -0.23966333 0.40005113 0.21999038
v -0.22223706 0.36166924 0.21958272
v -0.20420614 0.32940103 0.23534743
v -0.19821943 0.31187658 0.21997936
v -0.18731393 0.29422910 0.23772906
v -0.18620306 0.28656404 0.22297336
v -0.17479549 0.25848442 0.22347253
v -0.16704293 0.24691777 0.23940013
v -0.18129312 0.27660908 0.21807351
v -0.18323830 0.30010696 0.25770687
v -0.16070747 0.25090080 0.25811939
v -0.14340556 0.21309274 0.25919901
v -0.16274682 0.23050111 0.23452436
v -0.16551914 0.23625283 0.23446865
v -0.16745109 0.23280912 0.21488783
v -0.14377897 0.19722326 0.24978982
v -0.13202638 0.18175409 0.26084605
v -0.14700941 0.17448320 0.23589283
v -0.13035458 0.15541750 0.25510456
v -0.15180262 0.19987091 0.23582662
v -0.17398685 0.24925025 0.23497204
v -0.18266850 0.24776162 0.21850086
v -0.18896033 0.25759909 0.21922551
v -0.21263422 0.26038138 0.19321094
v -0.19960686 0.25100569 0.19793645
v -0.22563431 0.26411802 0.17218527
v -0.23840677 0.27098213 0.15941620
v -0.23428208 0.28264793 0.18039002
v -0.25293908 0.29351833 0.15505398
v -0.25129552 0.27436535 0.12531181
v -0.26084658 0.29621326 0.13264671
v -0.25999332 0.27220207 0.08202018
v -0.21233424 0.27104052 0.20258388
v -0.26827625 0.29132298 0.07744918
v -0.26458323 0.29522143 0.10380655
v -0.26447232 0.26244559 0.03876279
v -0.27473956 0.28140807 0.00745217
v -0.26541359 0.25726311 0.00452683
v -0.27499480 0.28007114 -0.02305482
v -0.26587463 0.25625114 -0.02744155
v -0.27538533 0.28622551 -0.07777259
v -0.26517204 0.25816771 -0.06042455
v -0.26472771 0.26303148 -0.09247510
v -0.18265963 0.24263069 0.20956754
v -0.16035598 0.22470738 0.21699517
v -0.25679852 0.46101166 0.25895794
v -0.26858887 0.48338990 0.25865041
v -0.21343314 0.36433867 0.25800490
v -0.29865915 0.46988492 -0.18624660
v -0.30169245 0.48101440 -0.19263693
v -0.15155101 0.19710642 0.21889891
v -0.14589580 0.16952334 0.21860129
vt 0.11283186 0.93894833
vt 0.15619469 0.93894833
vt 0.12836520 0.93716580
vt 0.51381046 0.85775578
vt 0.50575751 0.84723544
vt 0.51291633 0.83886498
vt 0.50508159 0.83812410
vt 0.51035285 0.81995350
vt 0.50305325 0.81991434
vt 0.49505371 0.84726959
vt 0.46104267 0.84901106
vt 0.51482278 0.89751792
vt 0.45951408 0.92617828
vt 0.44115046 0.88073206
vt 0.44186330 0.92526710
vt 0.49415141 0.92520428
vt 0.51554424 0.92273343
vt 0.49316180 0.83765173
vt 0.47145727 0.83895576
vt 0.45028934 0.85885102
vt 0.45309073 0.85045284
vt 0.49396908 0.82897770
vt 0.49265000 0.81873214
vt 0.44186527 0.85979694
vt 0.44136220 0.93342608
vt 0.51575410 0.93338507
vt 0.48465171 0.83308774
vt 0.46311015 0.83788556
vt 0.48752955 0.82476288
vt 0.48007390 0.83701575
vt 0.48681208 0.81729865
vt 0.51581186 0.94187051
vt 0.45694408 0.94304681
vt 0.44126111 0.94419384
vt 0.48906764 0.80795187
vt 0.48208046 0.81093895
vt 0.48013639 0.80409175
vt 0.47072446 0.80196363
vt 0.46428460 0.80361474
vt 0.46839762 0.80817217
vt 0.46428233 0.81315237
vt 0.45597509 0.80540007
vt 0.45612928 0.81360579
vt 0.45093825 0.80735451
vt 0.44567642 0.81402779
vt 0.44642296 0.81961781
vt 0.45384645 0.82538396
vt 0.46056050 0.81752437
vt 0.47854587 0.95494062
vt 0.44173682 0.95588237
vt 0.51617754 0.95588237
vt 0.51301759 0.82538420
vt 0.51653761 0.82371467
vt 0.51770550 0.81899244
vt 0.52583629 0.82032603
vt 0.53728074 0.82258683
vt 0.54680121 0.82015109
vt 0.54591852 0.81776291
vt 0.55297256 0.81679076
vt 0.55811840 0.81718510
vt 0.55204058 0.81383872
vt 0.55905765 0.81717759
vt 0.47157210 0.81433511
vt 0.48018843 0.81929106
vt 0.56186867 0.81618011
vt 0.56929272 0.82032025
vt 0.57331127 0.81897599
vt 0.56716913 0.81487507
vt 0.56815684 0.81062496
vt 0.56289959 0.81244487
vt 0.56470674 0.80778080
vt 0.56997007 0.80728054
vt 0.58070129 0.80757397
vt 0.57891399 0.80376381
vt 0.58653539 0.80376655
vt 0.58823949 0.79980701
vt 0.56978625 0.80524033
vt 0.57614696 0.81188464
vt 0.58275104 0.80035633
vt 0.58960062 0.80666310
vt 0.59020162 0.80300504
vt 0.58005208 0.81343311
vt 0.57992166 0.79846579
vt 0.58613473 0.81257814
vt 0.59241098 0.79989541
vt 0.58549011 0.79597938
vt 0.57977843 0.81955683
vt 0.59299684 0.80661875
vt 0.59415478 0.80652434
vt 0.58967310 0.81339031
vt 0.58962083 0.79721195
vt 0.58879000 0.79545456
vt 0.59424776 0.80062282
vt 0.57982504 0.82514244
vt 0.57513034 0.82394266
vt 0.58079976 0.82632858
vt 0.49777752 0.84460407
vt 0.47655770 0.17849946
vt 0.51036495 0.17999136
vt 0.48748681 0.15481508
vt 0.51151323 0.16061878
vt 0.47444621 0.15282941
vt 0.51236123 0.13609231
vt 0.49068907 0.12963927
vt 0.47554576 0.13006806
vt 0.48951825 0.20137817
vt 0.47570044 0.20440948
vt 0.51163793 0.20357257
vt 0.52425236 0.18229586
vt 0.52730829 0.16487598
vt 0.52318537 0.14131320
vt 0.52545577 0.19803327
vt 0.50855160 0.12547737
vt 0.47677866 0.11182803
vt 0.52620006 0.11128449
vt 0.53277844 0.14030123
vt 0.50734925 0.10796589
vt 0.43954009 0.17798138
vt 0.43914792 0.15060049
vt 0.45046258 0.12980556
vt 0.40942475 0.14908564
vt 0.40846753 0.18272209
vt 0.40021795 0.13188779
vt 0.42971385 0.12025553
vt 0.44837829 0.10562038
vt 0.43934733 0.19420469
vt 0.37375221 0.15176910
vt 0.37885574 0.17502582
vt 0.36023203 0.14771181
vt 0.36184615 0.17477316
vt 0.35832578 0.12805051
vt 0.37156764 0.13066965
vt 0.36799803 0.11309880
vt 0.34327468 0.16076505
vt 0.34329289 0.12583166
vt 0.36459708 0.10463184
vt 0.36344022 0.19782829
vt 0.37384257 0.19855350
vt 0.34394863 0.10349721
vt 0.42990494 0.20501786
vt 0.40307602 0.20232111
vt 0.34094837 0.19714028
vt 0.33162740 0.12491602
vt 0.40476933 0.10445869
vt 0.33107701 0.15126705
vt 0.33026123 0.18034685
vt 0.32610619 0.20751536
vt 0.33326468 0.21971548
vt 0.34083670 0.21761656
vt 0.36057311 0.21712470
vt 0.33312407 0.10204446
vt 0.41799635 0.08485723
vt 0.37950936 0.08271015
vt 0.36140445 0.09020460
vt 0.37484047 0.22120899
vt 0.49639606 0.22298515
vt 0.47341648 0.22351384
vt 0.50755841 0.23026061
vt 0.51969171 0.22233605
vt 0.45437443 0.22656459
vt 0.34189525 0.23363960
vt 0.48198903 0.23890126
vt 0.49972102 0.23841482
vt 0.36757591 0.23397440
vt 0.41436136 0.23247319
vt 0.41931695 0.22012568
vt 0.42715758 0.25002843
vt 0.44402725 0.24958241
vt 0.39832163 0.24904621
vt 0.33483976 0.25014538
vt 0.32898143 0.21895224
vt 0.42551020 0.26169509
vt 0.34375241 0.25470310
vt 0.46701962 0.24999404
vt 0.49223718 0.25184727
vt 0.32990670 0.24889582
vt 0.36512223 0.26626480
vt 0.37988961 0.27829742
vt 0.45326155 0.27109754
vt 0.48520929 0.27608430
vt 0.50652236 0.25299352
vt 0.34389105 0.28565359
vt 0.34414643 0.29717219
vt 0.33194733 0.28016436
vt 0.33167922 0.30285645
vt 0.32922223 0.31201577
vt 0.36480919 0.31369150
vt 0.37470320 0.29758120
vt 0.40346399 0.30573702
vt 0.40805990 0.29932177
vt 0.43931162 0.30131793
vt 0.39760116 0.31593597
vt 0.43395951 0.31883991
vt 0.45426983 0.32025164
vt 0.46292347 0.30339020
vt 0.48102877 0.30575955
vt 0.47648278 0.32239556
vt 0.49927568 0.32511878
vt 0.51314622 0.30713779
vt 0.52635175 0.32592261
vt 0.52755332 0.30892241
vt 0.52431625 0.30790305
vt 0.50143605 0.27155089
vt 0.43808416 0.27759612
vt 0.49436969 0.29223973
vt 0.51844180 0.25168383
vt 0.50237495 0.28503352
vt 0.51798779 0.27044970
vt 0.51777041 0.28312808
vt 0.53403717 0.22154117
vt 0.47741818 0.08828139
vt 0.45719501 0.08733857
vt 0.49121580 0.09301555
vt 0.50983679 0.09018779
vt 0.34883446 0.07860917
vt 0.34207004 0.07030237
vt 0.52590752 0.33005714
vt 0.33752543 0.06281698
vt 0.54490727 0.17771333
vt 0.53343254 0.25929403
vt 0.37544617 0.06093037
vt 0.41451406 0.05637848
vt 0.44621587 0.06212062
vt 0.46068969 0.06007886
vt 0.34182593 0.04665828
vt 0.35590479 0.02742898
vt 0.34131947 0.02803332
vt 0.34384847 0.00908852
vt 0.37617508 0.01038295
vt 0.38080338 0.02874887
vt 0.41163749 0.01050580
vt 0.41503242 0.02966332
vt 0.44270170 0.02891809
vt 0.44733384 0.01085705
vt 0.46926636 0.01063979
vt 0.46814650 0.02920717
vt 0.49531105 0.02906144
vt 0.49887577 0.00967962
vt 0.51916426 0.03143412
vt 0.52408439 0.00924271
vt 0.53740507 0.03142673
vt 0.53761172 0.02216762
vt 0.53868687 0.00773996
vt 0.35909066 0.03107327
vt 0.39580703 0.04696345
vt 0.38227674 0.03290057
vt 0.48996237 0.07706034
vt 0.47866091 0.06600940
vt 0.52518976 0.08722508
vt 0.49263623 0.04672533
vt 0.51453245 0.04507703
vt 0.53033197 0.04648960
vt 0.43860218 0.03229213
vt 0.41837659 0.03300637
vt 0.50118297 0.05931669
vt 0.54561150 0.11179942
vt 0.54524219 0.14971566
vt 0.51276433 0.06383812
vt 0.54755640 0.20040488
vt 0.54536319 0.13424850
vt 0.53798550 0.08696866
vt 0.52651066 0.07133096
vt 0.53802723 0.03304178
vt 0.54701591 0.22001308
vt 0.54869276 0.08555549
vt 0.54566133 0.25742197
vt 0.53762281 0.07011956
vt 0.53304380 0.28160918
vt 0.54625177 0.27939022
vt 0.56086588 0.15029919
vt 0.54280919 0.04619813
vt 0.32888952 0.28375316
vt 0.56581748 0.13694704
vt 0.56189406 0.09063995
vt 0.56769925 0.11293387
vt 0.55870783 0.17845380
vt 0.55023241 0.07008421
vt 0.56488878 0.06586123
vt 0.55173254 0.03370947
vt 0.34005862 0.00936323
vt 0.57307553 0.19887245
vt 0.57406002 0.22356898
vt 0.55708772 0.25093901
vt 0.57781410 0.25771666
vt 0.58340341 0.09064245
vt 0.59350502 0.13810652
vt 0.58249676 0.11507487
vt 0.59202117 0.09282506
vt 0.58070987 0.27657002
vt 0.59141833 0.15084040
vt 0.58282179 0.17040169
vt 0.58334380 0.18636203
vt 0.59139287 0.22500783
vt 0.58881658 0.25157714
vt 0.55716974 0.04472840
vt 0.60980988 0.11323822
vt 0.61356419 0.09112883
vt 0.61667472 0.07569361
vt 0.58437735 0.06627578
vt 0.59424561 0.04673362
vt 0.60378230 0.17556572
vt 0.60797250 0.19482893
vt 0.61056852 0.23154038
vt 0.53819007 0.29428220
vt 0.58856744 0.05162978
vt 0.56675452 0.03197992
vt 0.59384090 0.03816772
vt 0.58974868 0.01969105
vt 0.56083971 0.00858700
vt 0.55614322 0.03047663
vt 0.54094958 0.30535269
vt 0.57605207 0.28583074
vt 0.57300615 0.29894853
vt 0.56467158 0.30562484
vt 0.61850792 0.14007628
vt 0.62292284 0.10970747
vt 0.62590808 0.09262586
vt 0.61571610 0.15276992
vt 0.60217261 0.02442259
vt 0.61010021 0.25344777
vt 0.60595715 0.28025985
vt 0.62932688 0.26646453
vt 0.62987995 0.27984303
vt 0.59962267 0.29561079
vt 0.61294150 0.29648256
vt 0.62687814 0.29455614
vt 0.59253365 0.29034317
vt 0.61946112 0.30445939
vt 0.61978716 0.06449014
vt 0.53406793 0.30732089
vt 0.57667440 0.30602968
vt 0.55329537 0.31243348
vt 0.54603446 0.30788696
vt 0.56599593 0.32646507
vt 0.59239262 0.31928074
vt 0.54704678 0.32569784
vt 0.54860061 0.33362603
vt 0.32705754 0.25491744
vt 0.61206490 0.05029911
vt 0.42829308 0.01039648
vt 0.32744816 0.15321308
vt 0.33727324 0.03784370
vt 0.62336361 0.22712266
vt 0.61961740 0.19710577
vt 0.61813784 0.24200815
vt 0.63282311 0.25079596
vt 0.61896604 0.18288332
vt 0.61485338 0.16792989
vt 0.59492201 0.30448806
vt 0.61027879 0.31161553
vt 0.61573237 0.03049678
vt 0.62232232 0.05485409
vt 0.63407081 0.08122563
vt 0.63381892 0.23397940
vt 0.63407081 0.21534187
vt 0.48173827 0.32558006
vt 0.60057908 0.31762773
vt 0.47116002 0.00793940
vt 0.37255418 0.00655019
vt 0.40499848 0.00686276
vt 0.45115876 0.00760812
vt 0.43243295 0.00719917
vt 0.34366438 0.00625217
vt 0.51479775 0.00716335
vt 0.54336190 0.33645272
vt 0.54418558 0.32349396
vt 0.55581033 0.00579321
vt 0.57181990 0.01105869
vt 0.86685753 0.76297653
vt 0.89951223 0.78300989
vt 0.90062952 0.76694465
vt 0.86545479 0.78639513
vt 0.90085334 0.73775440
vt 0.89959323 0.71543592
vt 0.86886436 0.72101080
vt 0.87153757 0.69458634
vt 0.90015173 0.67802000
vt 0.88217449 0.67046392
vt 0.87798554 0.66971666
vt 0.89957732 0.66976285
vt 0.87380928 0.67210948
vt 0.90071183 0.79251999
vt 0.86431366 0.79463446
vt 0.87606484 0.66265595
vt 0.89968711 0.80273229
vt 0.86552846 0.80272561
vt 0.86239070 0.77650875
vt 0.86344904 0.81298345
vt 0.89923143 0.81364733
vt 0.86391491 0.72625041
vt 0.86631233 0.69841820
vt 0.87150353 0.66887063
vt 0.89969027 0.82213098
vt 0.86404073 0.82265013
vt 0.86150444 0.80236757
vt 0.90196788 0.80849898
vt 0.89956999 0.83518022
vt 0.86432284 0.83746719
vt 0.90221238 0.70745105
vt 0.89959866 0.85090536
vt 0.90221238 0.85160428
vt 0.94416052 0.87131667
vt 0.90829861 0.83811754
vt 0.91190553 0.85967004
vt 0.94335473 0.84933871
vt 0.90930033 0.80893773
vt 0.94182378 0.80572939
vt 0.91020995 0.79035705
vt 0.92212582 0.75764346
vt 0.94048262 0.76473457
vt 0.93701345 0.75781649
vt 0.91259247 0.75751734
vt 0.90809369 0.87334174
vt 0.94426972 0.88310105
vt 0.90663719 0.88128251
vt 0.90751326 0.89033765
vt 0.94219995 0.89184034
vt 0.93839109 0.75267380
vt 0.94503284 0.80740589
vt 0.94385415 0.78434163
vt 0.94410187 0.90074074
vt 0.90773320 0.90229332
vt 0.91081196 0.75710809
vt 0.94352734 0.90897352
vt 0.94646019 0.85660297
vt 0.90710366 0.91142583
vt 0.94281435 0.92538720
vt 0.94168752 0.75998151
vt 0.90701264 0.92466801
vt 0.94646019 0.88666916
vt 0.90669829 0.93538326
vt 0.94578654 0.90856206
vt 0.17897214 0.98394984
vt 0.16694711 0.98372984
vt 0.16721697 0.94680792
vt 0.20461033 0.96244466
vt 0.20489392 0.98432791
vt 0.21903163 0.95049721
vt 0.24839985 0.95281571
vt 0.22672430 0.98526984
vt 0.24557692 0.98618537
vt 0.26083815 0.95420372
vt 0.15216073 0.98504901
vt 0.15368302 0.94719207
vt 0.25465199 0.98597234
vt 0.15715961 0.98312348
vt 0.26431599 0.98611760
vt 0.14840001 0.98352367
vt 0.27020100 0.95616359
vt 0.24291696 0.95096797
vt 0.22101796 0.94863236
vt 0.13571975 0.94688058
vt 0.13528821 0.98230928
vt 0.27050284 0.96967041
vt 0.27389380 0.98562562
vt 0.18480100 0.94601697
vt 0.12168490 0.98304659
vt 0.12496087 0.94710886
vt 0.12995176 0.98618537
vt 0.15455961 0.94340461
vt 0.11615160 0.94715136
vt 0.10951727 0.98117441
vt 0.10392080 0.98344088
vt 0.10309734 0.94771373
vt 0.28997594 0.35834038
vt 0.25033695 0.40571392
vt 0.23162998 0.41073537
vt 0.28659654 0.37367404
vt 0.22720534 0.42218375
vt 0.20410033 0.41989255
vt 0.20797634 0.42785394
vt 0.19306363 0.42747986
vt 0.17559464 0.41587240
vt 0.30339205 0.35791510
vt 0.17049113 0.42365992
vt 0.15583372 0.41088569
vt 0.15877382 0.39967513
vt 0.14553343 0.38531756
vt 0.15501747 0.38698578
vt 0.32098988 0.34050649
vt 0.31382969 0.33300495
vt 0.13912398 0.37211144
vt 0.12658815 0.36791492
vt 0.15191074 0.37422132
vt 0.14530362 0.34969330
vt 0.32448247 0.32689232
vt 0.30626801 0.31332254
vt 0.31157425 0.33045089
vt 0.30606943 0.33953106
vt 0.15126006 0.40621328
vt 0.15039393 0.35696363
vt 0.32757294 0.33544618
vt 0.34929696 0.34265184
vt 0.34851700 0.35258734
vt 0.36735880 0.35363537
vt 0.39503333 0.37216783
vt 0.39516753 0.36340928
vt 0.41768840 0.37988687
vt 0.44260484 0.38118935
vt 0.53949755 0.42720664
vt 0.50691360 0.41405094
vt 0.52792197 0.41062880
vt 0.54734516 0.41720700
vt 0.49251515 0.39790857
vt 0.46971306 0.40018809
vt 0.43858925 0.38798738
vt 0.32448024 0.34036052
vt 0.54351622 0.41123325
vt 0.31192595 0.30581021
vt 0.30442622 0.29445046
vt 0.28848705 0.28031850
vt 0.29318735 0.27982163
vt 0.28496763 0.25874037
vt 0.28282598 0.26836079
vt 0.14160988 0.35097474
vt 0.27960360 0.25223446
vt 0.12786594 0.37366092
vt 0.12433628 0.37098420
vt 0.28286332 0.24116337
vt 0.14315629 0.38583994
vt 0.30039689 0.26942223
vt 0.28830564 0.28312361
vt 0.29462028 0.29572010
vt 0.27860236 0.24121320
vt 0.28101394 0.23039216
vt 0.29913065 0.25614417
vt 0.21543513 0.42850417
vt 0.14941323 0.34894645
vt 0.36404628 0.36318874
vt 0.24072805 0.41648382
vt 0.54412907 0.43003565
vt 0.15747496 0.41535783
vt 0.23120266 0.42275703
vt 0.31906515 0.34512210
vt 0.20909594 0.41607893
vt 0.18965536 0.41607857
vt 0.17484915 0.41226768
vt 0.16817185 0.40763962
vt 0.16198376 0.40000474
vt 0.15969427 0.39402866
vt 0.22862536 0.40882158
vt 0.15569299 0.37685490
vt 0.17855842 0.42773175
vt 0.14681777 0.34563637
vt 0.19278759 0.43003565
vt 0.20773190 0.42994702
vt 0.81751102 0.12030613
vt 0.81860614 0.07109696
vt 0.80691200 0.10516173
vt 0.79091787 0.06636256
vt 0.78969669 0.11553895
vt 0.81355298 0.05508387
vt 0.80217957 0.05383450
vt 0.83006805 0.05622178
vt 0.79262239 0.05299658
vt 0.79995078 0.11972535
vt 0.79162115 0.12004179
vt 0.83272123 0.10727561
vt 0.82928866 0.12028933
vt 0.83618653 0.07435375
vt 0.84535551 0.05680960
vt 0.84639949 0.12134826
vt 0.84560686 0.11398047
vt 0.84665549 0.06964457
vt 0.77079505 0.09659833
vt 0.77058256 0.06387085
vt 0.79185426 0.05105662
vt 0.77692401 0.05268210
vt 0.79245567 0.02733564
vt 0.78258640 0.11563438
vt 0.76588935 0.11040574
vt 0.78402358 0.02360690
vt 0.79346943 0.01440746
vt 0.85639757 0.10642487
vt 0.85791415 0.05872333
vt 0.85000753 0.12055004
vt 0.75075340 0.11406082
vt 0.75116664 0.08469206
vt 0.75535786 0.05171365
vt 0.78079027 0.01323926
vt 0.86994559 0.12058830
vt 0.78965181 0.12132603
vt 0.77357495 0.02371198
vt 0.87300885 0.05870581
vt 0.79448766 0.00044560
vt 0.77466595 0.11627954
vt 0.78993988 0.14022672
vt 0.87296396 0.05655241
vt 0.77837437 0.13021874
vt 0.77250487 0.14343607
vt 0.76895064 0.15674824
vt 0.78981602 0.15760803
vt 0.78936613 0.16783118
vt 0.76730722 0.16553980
vt 0.73879194 0.11795557
vt 0.73740810 0.05019683
vt 0.79048097 0.17750520
vt 0.73404562 0.08640641
vt 0.76392120 0.12634277
vt 0.76525313 0.11609054
vt 0.75581419 0.11627430
vt 0.75437486 0.13492298
vt 0.75323671 0.14866197
vt 0.77383697 0.18260109
vt 0.75335681 0.16482908
vt 0.75477445 0.17969501
vt 0.72475350 0.11782110
vt 0.79260457 0.19477749
vt 0.72542453 0.08328944
vt 0.72791743 0.04934400
vt 0.75724894 0.19761908
vt 0.77427346 0.19249821
vt 0.76102269 0.21289998
vt 0.79655915 0.20882565
vt 0.77981812 0.21602952
vt 0.79881001 0.22067690
vt 0.80154216 0.21808523
vt 0.80709660 0.22040653
vt 0.81511897 0.22648692
vt 0.81156999 0.23157823
vt 0.83806533 0.24067992
vt 0.83142000 0.23177785
vt 0.85185933 0.23375082
vt 0.85853750 0.24186432
vt 0.86725533 0.23362851
vt 0.86968529 0.24309516
vt 0.85056925 0.24773228
vt 0.85851705 0.25626934
vt 0.83778727 0.26515150
vt 0.76777703 0.22711551
vt 0.82142824 0.26096684
vt 0.77512199 0.23622745
vt 0.80465019 0.25372112
vt 0.78373313 0.24404967
vt 0.85976529 0.26240253
vt 0.71792990 0.04902607
vt 0.71678692 0.11794841
vt 0.71637166 0.08309501
vt 0.87300885 0.25851965
vt 0.28616953 0.07142359
vt 0.28821799 0.05803293
vt 0.29805356 0.07096934
vt 0.30064967 0.03560525
vt 0.28882039 0.03583634
vt 0.30800495 0.03650182
vt 0.30743089 0.07104981
vt 0.31890637 0.07134265
vt 0.31666476 0.04397911
vt 0.32222575 0.03532857
vt 0.32482034 0.05235034
vt 0.32985559 0.07096457
vt 0.33318585 0.03859210
vt 0.26840338 0.07104445
vt 0.26092666 0.05826563
vt 0.25180060 0.03739637
vt 0.20771174 0.03964537
vt 0.20775594 0.07121080
vt 0.19580027 0.04152006
vt 0.19504301 0.07175529
vt 0.30740556 0.07352942
vt 0.21981841 0.03696191
vt 0.18604435 0.04145175
vt 0.18673973 0.06946707
vt 0.18566962 0.04254168
vt 0.20493472 0.07352942
vt 0.29905450 0.03253120
vt 0.18436986 0.07270372
vt 0.18274336 0.06760132
vt 0.85435522 0.78952646
vt 0.83772832 0.79261005
vt 0.84490567 0.85824037
vt 0.85073364 0.76131546
vt 0.83788121 0.70632493
vt 0.84893286 0.70546234
vt 0.83555979 0.69740367
vt 0.83942425 0.92949504
vt 0.85137993 0.92741954
vt 0.85807860 0.92420894
vt 0.85457402 0.71062768
vt 0.83669060 0.93665212
vt 0.85666102 0.93936402
vt 0.85310358 0.69320714
vt 0.84486330 0.94234657
vt 0.86140257 0.93427002
vt 0.83841395 0.69012100
vt 0.83447695 0.78845221
vt 0.85767829 0.79396188
vt 0.86327434 0.94458354
vt 0.83967799 0.94742274
vt 0.85416442 0.68464655
vt 0.83471602 0.68849182
vt 0.85785162 0.94964349
vt 0.85756063 0.70955330
vt 0.86020374 0.68868554
vt 0.86001599 0.88181168
vt 0.86327434 0.68048126
vt 0.83318585 0.69734430
vt 0.83700663 0.68291086
vt 0.10112287 0.81011993
vt 0.12550044 0.78580052
vt 0.10996371 0.80320007
vt 0.12335308 0.79487675
vt 0.10274488 0.82487738
vt 0.12249929 0.80587810
vt 0.10975425 0.82913345
vt 0.09941266 0.83504468
vt 0.13358785 0.80970204
vt 0.13202885 0.79838407
vt 0.14863986 0.82293552
vt 0.14141572 0.81077939
vt 0.14428394 0.81098783
vt 0.14964989 0.81278962
vt 0.10906380 0.84658784
vt 0.09312657 0.83199656
vt 0.16860394 0.82213765
vt 0.11600968 0.86333567
vt 0.15342368 0.81360424
vt 0.10056751 0.84072328
vt 0.10744862 0.84011477
vt 0.14398935 0.85213172
vt 0.10700128 0.85140276
vt 0.12953433 0.77360475
vt 0.08225083 0.81313777
vt 0.08592055 0.82359213
vt 0.12314250 0.87232023
vt 0.13010173 0.79564530
vt 0.13408031 0.79148746
vt 0.13542579 0.77836353
vt 0.17625280 0.83156091
vt 0.07872624 0.81561863
vt 0.08992801 0.80158240
vt 0.15362631 0.81165099
vt 0.15814024 0.81404740
vt 0.09181164 0.84237492
vt 0.08446316 0.83613211
vt 0.08482091 0.82614738
vt 0.07492710 0.83420402
vt 0.06406394 0.84963733
vt 0.08825485 0.84690356
vt 0.07164188 0.85983944
vt 0.06290646 0.86101413
vt 0.06226951 0.84556818
vt 0.04728417 0.86128777
vt 0.05410760 0.85326606
vt 0.14001139 0.78123313
vt 0.14724237 0.78722370
vt 0.16035968 0.78420341
vt 0.15403628 0.77210021
vt 0.15138389 0.79080731
vt 0.15433246 0.79490966
vt 0.17694606 0.76384252
vt 0.16097009 0.75968808
vt 0.15397759 0.76701444
vt 0.07452380 0.80737066
vt 0.07517389 0.78944767
vt 0.06542587 0.78771615
vt 0.06331595 0.79285562
vt 0.05730009 0.78431451
vt 0.06965829 0.77881438
vt 0.06114119 0.76999164
vt 0.09214757 0.75804961
vt 0.08336681 0.75204808
vt 0.09770634 0.77016580
vt 0.10382695 0.75359261
vt 0.09358037 0.74296260
vt 0.10356835 0.78462756
vt 0.11855046 0.77285856
vt 0.11776102 0.76567358
vt 0.11492647 0.75665611
vt 0.10941751 0.74930274
vt 0.06164464 0.75122476
vt 0.07300346 0.73484272
vt 0.03839593 0.76192558
vt 0.05294316 0.76223421
vt 0.09655192 0.73516279
vt 0.08517198 0.72440624
vt 0.04887766 0.77540517
vt 0.03967275 0.76388156
vt 0.10103779 0.73870808
vt 0.12477770 0.76615596
vt 0.16653854 0.75350004
vt 0.17624916 0.74770164
vt 0.17127952 0.74827540
vt 0.17542937 0.74141395
vt 0.18262164 0.75753564
vt 0.18540849 0.74025899
vt 0.18309250 0.72911680
vt 0.19145167 0.73168224
vt 0.11871126 0.75967139
vt 0.18706760 0.75205821
vt 0.07186015 0.73223227
vt 0.18775931 0.71880573
vt 0.18071073 0.76609391
vt 0.16641892 0.78082037
vt 0.03844012 0.75921851
vt 0.14879836 0.85590875
vt 0.04832875 0.87408185
vt 0.13775158 0.80318975
vt 0.13879725 0.79441369
vt 0.03247755 0.87356353
vt 0.05091567 0.85263401
vt 0.04192092 0.86149025
vt 0.03564688 0.86470020
vt 0.19247788 0.74218184
vt 0.08448298 0.72074640
vt 0.02707248 0.86869305
vt 0.05409942 0.78456396
vt 0.05825674 0.87076193
vt 0.07673279 0.86256903
vt 0.14225619 0.79939395
vt 0.08351991 0.82431626
vt 0.17620176 0.77508175
vt 0.09465461 0.84567016
vt 0.16499414 0.78592825
vt 0.07092043 0.80527931
vt 0.14384367 0.80760390
vt 0.14826660 0.80329514
vt 0.12878324 0.88012475
vt 0.13913955 0.77914035
vt 0.15285538 0.76452518
vt 0.13946368 0.80800235
vt 0.15002635 0.79489863
vt 0.10118477 0.84408802
vt 0.18140587 0.83759969
vt 0.02023303 0.87688035
vt 0.01773026 0.87217396
vt 0.01332094 0.88012475
vt 0.01194690 0.87286967
vt 0.15135475 0.86250758
vt 0.13584071 0.28427571
vt 0.15419187 0.29545450
vt 0.15111420 0.26515150
vt 0.16487250 0.27336860
vt 0.16504425 0.28633702
vt 0.13667278 0.27470434
vt 0.14290074 0.26760638
vt 0.15809971 0.26656121
vt 0.13984138 0.29123747
vt 0.14817804 0.29545450
vt 0.15998484 0.29250890
vt 0.98097342 0.76418692
vt 0.95594269 0.74963182
vt 0.96111089 0.74428427
vt 0.96039826 0.77010393
vt 0.97875708 0.74499422
vt 0.97208738 0.77228165
vt 0.97890127 0.76902688
vt 0.96631992 0.74211991
vt 0.95635384 0.76584142
vt 0.97183686 0.74197859
vt 0.98097342 0.74883509
vt 0.95442480 0.75740409
vt 0.74714291 0.34082246
vt 0.76485199 0.32675326
vt 0.75598705 0.34340215
vt 0.74517691 0.30068898
vt 0.76545888 0.34338546
vt 0.76127446 0.34614921
vt 0.75002563 0.28119552
vt 0.73731810 0.27148139
vt 0.74508846 0.25845307
vt 0.73958951 0.26193750
vt 0.72941333 0.28478515
vt 0.72944951 0.31427890
vt 0.73618519 0.31856859
vt 0.74016243 0.33983201
vt 0.72901893 0.34038484
vt 0.72198963 0.34017897
vt 0.76696819 0.29672015
vt 0.73464268 0.26364529
vt 0.72878647 0.26282191
vt 0.72135562 0.28518647
vt 0.75972027 0.26718760
vt 0.76720673 0.27547318
vt 0.76592112 0.25006878
vt 0.76074177 0.23848724
vt 0.74742907 0.22773743
vt 0.74228203 0.24767333
vt 0.74036384 0.23695791
vt 0.73833269 0.22442853
vt 0.72350758 0.34225512
vt 0.74230969 0.22281361
vt 0.73212790 0.21702319
vt 0.76765525 0.34839416
vt 0.61467510 0.34043527
vt 0.62438476 0.34387040
vt 0.59429640 0.34562844
vt 0.63379329 0.34798270
vt 0.61707044 0.35739291
vt 0.59636712 0.35576427
vt 0.65847963 0.35231191
vt 0.68351865 0.34783399
vt 0.55017412 0.35428542
vt 0.55965292 0.34563053
vt 0.52969444 0.34692025
vt 0.60554409 0.34126067
vt 0.62191147 0.33504862
vt 0.69691074 0.34300995
vt 0.71220684 0.35197693
vt 0.74748480 0.35933471
vt 0.68976581 0.35674095
vt 0.53106248 0.35404414
vt 0.66291755 0.35765916
vt 0.53573388 0.36155152
vt 0.49652991 0.35724020
vt 0.52518129 0.34723938
vt 0.48943040 0.34961790
vt 0.47862840 0.36802155
vt 0.49432853 0.37889326
vt 0.48388630 0.38458908
vt 0.47522101 0.38636363
vt 0.58521229 0.35968274
vt 0.51021749 0.36831582
vt 0.62983096 0.35851258
vt 0.51202452 0.36405802
vt 0.73426902 0.35822177
vt 0.74189323 0.38215572
vt 0.73041141 0.37444603
vt 0.72799623 0.36784935
vt 0.69238204 0.36389816
vt 0.71969515 0.35835302
vt 0.68407482 0.36103898
vt 0.63717633 0.36439049
vt 0.62648404 0.36165500
vt 0.51696706 0.37917423
vt 0.52453995 0.36671227
vt 0.57211143 0.36473739
vt 0.55927205 0.37944782
vt 0.57919955 0.37776595
vt 0.60020971 0.36266220
vt 0.62497550 0.37678564
vt 0.62042689 0.36193240
vt 0.65914178 0.37541842
vt 0.69193250 0.36915326
vt 0.72421098 0.37358224
vt 0.75016809 0.38301480
vt 0.47300884 0.37106395
vt 0.70086342 0.37401778
vt 0.47758940 0.35080373
vt 0.73658448 0.34170437
vt 0.63030058 0.32559514
vt 0.62526304 0.32341409
vt 0.62905824 0.31610835
vt 0.65671933 0.34216738
vt 0.66165537 0.32636726
vt 0.69501531 0.33999527
vt 0.71116066 0.32147264
vt 0.71449685 0.33923715
vt 0.63327682 0.30358768
vt 0.64640009 0.29275912
vt 0.69925207 0.30352986
vt 0.71476746 0.26019239
vt 0.69481945 0.26810658
vt 0.64494950 0.28023970
vt 0.69733453 0.25453335
vt 0.68784600 0.25101650
vt 0.67363912 0.24744189
vt 0.64740938 0.24464726
vt 0.64377147 0.29161310
vt 0.63978803 0.29743648
vt 0.74937397 0.34612918
vt 0.75961173 0.38312018
vt 0.66312253 0.24516004
vt 0.75919604 0.37010878
vt 0.76282018 0.34900165
vt 0.74867558 0.34237677
vt 0.64512026 0.26793742
vt 0.64359671 0.24620169
vt 0.76440161 0.38064486
vt 0.76694185 0.38321197
vt 0.73181057 0.38316619
vt 0.77451688 0.38188636
vt 0.77477878 0.35428691
vt 0.77323258 0.38636363
vt 0.77125949 0.34631723
vt 0.41008428 0.42347711
vt 0.38554087 0.41396427
vt 0.40872672 0.41480863
vt 0.38758102 0.42265368
vt 0.43396702 0.42568427
vt 0.33730787 0.41943955
vt 0.35195389 0.41346031
vt 0.32998854 0.42406666
vt 0.29876921 0.42462778
vt 0.29998317 0.41562152
vt 0.32619885 0.41376197
vt 0.28386489 0.42470479
vt 0.43453741 0.41644537
vt 0.27238688 0.43446839
vt 0.26084819 0.43658710
vt 0.26540333 0.42700648
vt 0.25940773 0.44439161
vt 0.23687793 0.45409846
vt 0.43871284 0.43572497
vt 0.28945771 0.43377477
vt 0.44988465 0.42968655
vt 0.46224323 0.43345547
vt 0.48028553 0.44723904
vt 0.40896213 0.43444407
vt 0.23929128 0.46006846
vt 0.33934718 0.43648392
vt 0.22736390 0.46479189
vt 0.46957031 0.43522227
vt 0.22453772 0.45720625
vt 0.23925503 0.44750333
vt 0.49061430 0.44595420
vt 0.49250564 0.45541960
vt 0.50251651 0.45779753
vt 0.50532269 0.47214639
vt 0.50852394 0.46420300
vt 0.21981169 0.47207546
vt 0.48514512 0.43466228
vt 0.27473232 0.41868937
vt 0.25019458 0.43086970
vt 0.45134407 0.41642404
vt 0.50557667 0.45162445
vt 0.49473953 0.44042385
vt 0.22545074 0.44852698
vt 0.47549173 0.41891235
vt 0.27798483 0.40563810
vt 0.30648470 0.40380615
vt 0.25804162 0.40718377
vt 0.47280353 0.40844715
vt 0.48803663 0.41249800
vt 0.38763228 0.40205699
vt 0.49307019 0.42080748
vt 0.34749296 0.40220547
vt 0.42661050 0.40302742
vt 0.50336999 0.43068993
vt 0.44319293 0.40344453
vt 0.42410097 0.39884138
vt 0.33815205 0.59185934
vt 0.38062659 0.59250915
vt 0.31538647 0.61043054
vt 0.37657022 0.60954309
vt 0.40651867 0.60118872
vt 0.28854305 0.59721875
vt 0.25690982 0.61071450
vt 0.25285268 0.57045573
vt 0.24188238 0.57667774
vt 0.26312214 0.62762582
vt 0.29817364 0.57721478
vt 0.36583093 0.56918728
vt 0.38935515 0.49645495
vt 0.38764948 0.56668741
vt 0.33392492 0.48947459
vt 0.34475809 0.53991854
vt 0.30965137 0.53026068
vt 0.30735794 0.49443436
vt 0.28261629 0.54528534
vt 0.28573662 0.49477535
vt 0.28851214 0.52245182
vt 0.39277065 0.47912192
vt 0.41863066 0.53348207
vt 0.42719299 0.49747336
vt 0.44112021 0.56722814
vt 0.42361796 0.47771072
vt 0.45354760 0.57875264
vt 0.47938839 0.56321782
vt 0.45470014 0.59459889
vt 0.46999934 0.54376733
vt 0.45353714 0.53213167
vt 0.33437631 0.47138715
vt 0.40866822 0.45367664
vt 0.30684647 0.47870362
vt 0.44617489 0.49074733
vt 0.34540626 0.44875544
vt 0.42193943 0.44531500
vt 0.29129437 0.44822240
vt 0.28446084 0.47764665
vt 0.44960681 0.47410184
vt 0.48367110 0.52893150
vt 0.48278674 0.49731696
vt 0.50094932 0.49505132
vt 0.48585701 0.47857189
vt 0.48862338 0.47246611
vt 0.44552562 0.61372018
vt 0.50067085 0.53091770
vt 0.47935522 0.58585310
vt 0.47477606 0.60297716
vt 0.46831703 0.63371897
vt 0.24343605 0.55430603
vt 0.23320253 0.60420233
vt 0.23340692 0.58778715
vt 0.26304939 0.54806632
vt 0.26398587 0.51166999
vt 0.24326053 0.49281228
vt 0.23138015 0.53653938
vt 0.23978160 0.50079733
vt 0.22450976 0.49501240
vt 0.22429094 0.53070366
vt 0.24240614 0.46824044
vt 0.22595449 0.47621214
vt 0.49552661 0.58174676
vt 0.49205008 0.59106135
vt 0.31628191 0.62614262
vt 0.24812722 0.63942009
vt 0.50816190 0.49499714
vt 0.23226450 0.64335507
vt 0.38226241 0.62914521
vt 0.43149480 0.63146573
vt 0.46836510 0.64828992
vt 0.48110059 0.62849665
vt 0.48990253 0.64371288
vt 0.49819821 0.62730902
vt 0.49058428 0.60182655
vt 0.26661500 0.64773858
vt 0.32479301 0.64328206
vt 0.39228114 0.64376754
vt 0.50680852 0.53376830
vt 0.45324469 0.65885818
vt 0.44615361 0.44947481
vt 0.49856439 0.65173995
vt 0.47567555 0.65964061
vt 0.41652891 0.65820950
vt 0.38116363 0.65891856
vt 0.32165429 0.65939987
vt 0.26643819 0.66514134
vt 0.24486081 0.65756166
vt 0.22523940 0.58711731
vt 0.21754694 0.51893115
vt 0.21725030 0.53696501
vt 0.26686573 0.44744503
vt 0.46256590 0.45975530
vt 0.23277266 0.65600157
vt 0.48997340 0.46065241
vt 0.22472820 0.62704372
vt 0.22418986 0.64458221
vt 0.22096440 0.60473239
vt 0.21842287 0.49551648
vt 0.37863061 0.67106664
vt 0.42442620 0.67185915
vt 0.31571633 0.67131090
vt 0.49707603 0.66638565
vt 0.46918863 0.66931176
vt 0.50461763 0.60551935
vt 0.50512415 0.64954072
vt 0.38628379 0.68071169
vt 0.43515208 0.67993039
vt 0.31892464 0.68016362
vt 0.28147742 0.67856896
vt 0.24411622 0.67419618
vt 0.50330186 0.58912241
vt 0.46419749 0.68160421
vt 0.48946491 0.68102527
vt 0.22415440 0.65755367
vt 0.23027876 0.66945624
vt 0.21444112 0.60361224
vt 0.24942628 0.68309063
vt 0.49759737 0.67519069
vt 0.23923826 0.67977291
vt 0.46906003 0.68582886
vt 0.38659289 0.68582886
vt 0.30072102 0.68407214
vt 0.50522000 0.66143608
vt 0.21747176 0.64088875
vt 0.21879341 0.56670386
vt 0.21466038 0.58371878
vt 0.50960296 0.53719169
vt 0.50883913 0.64132273
vt 0.51068485 0.60714114
vt 0.21283185 0.51159197
vt 0.51234835 0.47626805
vt 0.51371682 0.50236011
vt 0.21418050 0.48970342
vt 0.06573198 0.07246602
vt 0.07357892 0.07666981
vt 0.08847337 0.05146891
vt 0.05675041 0.04373175
vt 0.06843230 0.04051453
vt 0.05744201 0.06938046
vt 0.08526184 0.06899506
vt 0.09135318 0.04058689
vt 0.06867278 0.11835927
vt 0.05736567 0.12951726
vt 0.06745588 0.12988812
vt 0.09601770 0.06396246
vt 0.07900725 0.09099960
vt 0.05282850 0.12794387
vt 0.04947298 0.04775637
vt 0.08944054 0.07037002
vt 0.08285236 0.08020765
vt 0.07097339 0.12396401
vt 0.09454243 0.05383807
vt 0.07285867 0.11043239
vt 0.05984268 0.02973121
vt 0.09403698 0.03245854
vt 0.05308420 0.02307397
vt 0.09357863 0.02739400
vt 0.05838320 0.02094471
vt 0.04994876 0.02876425
vt 0.04823009 0.03533125
vt 0.08864804 0.02351213
vt 0.05144107 0.10662520
vt 0.05363842 0.07566643
vt 0.05275922 0.06336260
vt 0.07629417 0.10205853
vt 0.09601770 0.03385389
vt 0.06669750 0.13324422
vt 0.73342103 0.77545571
vt 0.71694291 0.80504924
vt 0.71624207 0.75949848
vt 0.74475914 0.80509329
vt 0.74495983 0.75858766
vt 0.71450907 0.79178494
vt 0.72333312 0.80943525
vt 0.74102920 0.80979842
vt 0.70331609 0.80645514
vt 0.70551431 0.81339383
vt 0.69437146 0.81684494
vt 0.71568787 0.81684494
vt 0.68177933 0.81059277
vt 0.67123896 0.81630111
vt 0.72917253 0.81485760
vt 0.71031821 0.78648770
vt 0.71045387 0.76118827
vt 0.67795134 0.80518675
vt 0.71378487 0.75535005
vt 0.68704379 0.80885398
vt 0.69450760 0.80553794
vt 0.70097101 0.80138898
vt 0.70210910 0.79678589
vt 0.70604402 0.78768831
vt 0.74709016 0.81248176
vt 0.74772704 0.75918931
vt 0.75078022 0.81659335
vt 0.74792331 0.80502200
vt 0.73998761 0.75009030
vt 0.75570399 0.81416059
vt 0.75017017 0.80688363
vt 0.74823368 0.75197887
vt 0.74278450 0.74642044
vt 0.70911592 0.75049919
vt 0.70954633 0.74720931
vt 0.75268084 0.74733657
vt 0.75056946 0.75976837
vt 0.70258480 0.74865824
vt 0.70077813 0.75527859
vt 0.70496881 0.76114267
vt 0.70003444 0.74376112
vt 0.76111048 0.74895531
vt 0.76406193 0.74687636
vt 0.76373786 0.77632964
vt 0.69925594 0.75042462
vt 0.76415932 0.81641817
vt 0.70680541 0.77261978
vt 0.97830409 0.45111859
vt 0.98568124 0.42894816
vt 0.97018719 0.43517584
vt 0.96578467 0.46828169
vt 0.97673827 0.46473974
vt 0.97682816 0.49410474
vt 0.98958719 0.50631618
vt 0.99432921 0.40471894
vt 0.96266454 0.41008300
vt 0.99119258 0.40160048
vt 0.96068501 0.40640795
vt 0.96897447 0.48660773
vt 0.99887168 0.40287924
vt 0.99955750 0.39884138
vt 0.95884955 0.40885413
vt 0.96359831 0.46190810
vt 0.96344632 0.42053950
vt 0.97862172 0.50063628
vt 0.98187751 0.44950205
vt 0.98892540 0.42729795
vt 0.97954309 0.46063697
vt 0.98774868 0.50838733
vt 0.99955750 0.51737970
vt 0.91926283 0.42670786
vt 0.91303939 0.37522912
vt 0.91126102 0.42912841
vt 0.90583843 0.37887102
vt 0.92003196 0.44895494
vt 0.91663569 0.47522366
vt 0.91237241 0.35900313
vt 0.92629242 0.48154694
vt 0.92190623 0.50899631
vt 0.92877889 0.50847197
vt 0.90116882 0.35496473
vt 0.91386491 0.34787321
vt 0.92319506 0.44423676
vt 0.90189517 0.38663930
vt 0.90434968 0.41114128
vt 0.91821116 0.40467036
vt 0.91650140 0.51024956
vt 0.90873092 0.45197511
vt 0.91218877 0.48068559
vt 0.90984046 0.34288347
vt 0.90009785 0.34444165
vt 0.91659421 0.36757594
vt 0.89867258 0.35959285
vt 0.92275929 0.42266345
vt 0.92842388 0.47857732
vt 0.92228973 0.40551257
vt 0.93508387 0.50855821
vt 0.91747624 0.34852523
vt 0.92897779 0.45941770
vt 0.92667919 0.42675942
vt 0.91867036 0.33916605
vt 0.92052454 0.37220335
vt 0.92205161 0.36413801
vt 0.94203538 0.50728655
vt 0.92548323 0.40233815
vt 0.92286670 0.34156030
vt 0.93630868 0.45448005
vt 0.93667078 0.33021390
vt 0.92550761 0.38447756
vt 0.92308694 0.34889662
vt 0.93873018 0.44043505
vt 0.94203538 0.33355385
vt 0.93257624 0.34220135
vt 0.11723441 0.06055087
vt 0.09990656 0.06972015
vt 0.10981575 0.09324163
vt 0.10535000 0.04828370
vt 0.09706910 0.10011965
vt 0.10842892 0.12165129
vt 0.09583665 0.13468516
vt 0.10502546 0.14322823
vt 0.11234730 0.14934522
vt 0.12093112 0.09860301
vt 0.11638545 0.03987426
vt 0.10861145 0.03544825
vt 0.12526602 0.06832081
vt 0.12619828 0.04278809
vt 0.11885893 0.13666403
vt 0.11839768 0.15359318
vt 0.11879107 0.03261524
vt 0.09247787 0.13182950
vt 0.12622070 0.03143853
vt 0.12588999 0.10331345
vt 0.11064583 0.02300233
vt 0.13116254 0.06120723
vt 0.12162601 0.02079749
vt 0.12325154 0.15564543
vt 0.12797794 0.02293986
vt 0.13230088 0.03733581
vt 0.13230088 0.15998220
vt 0.10787831 0.00739163
vt 0.12050647 0.00579321
vt 0.67905384 0.88380736
vt 0.69112515 0.89079714
vt 0.66561776 0.89763892
vt 0.65502793 0.89376217
vt 0.70389634 0.88169914
vt 0.64152807 0.91001064
vt 0.70837724 0.89299262
vt 0.72924906 0.89869219
vt 0.71487010 0.88239455
vt 0.75474238 0.90240848
vt 0.80026436 0.93933398
vt 0.80184728 0.92881572
vt 0.82345134 0.94078308
vt 0.81628221 0.95320857
vt 0.65057230 0.90821916
vt 0.63564283 0.93240321
vt 0.64637822 0.92163098
vt 0.64466918 0.93637210
vt 0.64658028 0.95320857
vt 0.63271570 0.94463015
vt 0.80722362 0.94688332
vt 0.63389254 0.92203164
vt 0.64247411 0.90273929
vt 0.65211087 0.91094971
vt 0.66265166 0.90394616
vt 0.63230091 0.93504566
vt 0.69635290 0.89417487
vt 0.68543208 0.89509469
vt 0.77987951 0.91314447
vt 0.72822869 0.90127581
vt 0.75438982 0.89920044
vt 0.67149049 0.89918339
vt 0.66280138 0.88740391
vt 0.68541789 0.88055283
vt 0.79596496 0.92229646
vt 0.70780921 0.89559525
vt 0.65128052 0.89372396
vt 0.69435507 0.87923354
vt 0.67268026 0.88361043
vt 0.70618737 0.87986505
vt 0.14107028 0.18683779
vt 0.15492214 0.17922461
vt 0.15507030 0.19240940
vt 0.15094522 0.17527831
vt 0.13666379 0.17731750
vt 0.12568659 0.18266565
vt 0.11563340 0.17107368
vt 0.10310809 0.17443609
vt 0.13258369 0.16843444
vt 0.10343828 0.16002369
vt 0.10058248 0.16382337
vt 0.08911832 0.16106373
vt 0.15681411 0.17415613
vt 0.08795426 0.15561938
vt 0.16451047 0.17958617
vt 0.09247903 0.17100972
vt 0.08304490 0.16003209
vt 0.07801174 0.16717637
vt 0.06910895 0.15509415
vt 0.05371903 0.15185201
vt 0.05541876 0.16105133
vt 0.03927067 0.15441757
vt 0.03708499 0.14659524
vt 0.01778531 0.14893675
vt 0.02712501 0.14537227
vt 0.01420880 0.14137161
vt 0.01614039 0.13691998
vt 0.03062551 0.13805878
vt 0.05903516 0.14689809
vt 0.04704076 0.14290023
vt 0.06604674 0.14676815
vt 0.02526774 0.13460034
vt 0.01061998 0.13349432
vt 0.00523241 0.13155168
vt 0.00387816 0.13942492
vt 0.07553050 0.15203154
vt 0.16174084 0.16506422
vt 0.17174675 0.17508805
vt 0.16956703 0.16325384
vt 0.16528855 0.15624666
vt 0.17739886 0.13761401
vt 0.18121855 0.16320932
vt 0.16363783 0.13288224
vt 0.16633680 0.10784990
vt 0.17573243 0.09363294
vt 0.17007166 0.09274101
vt 0.17389596 0.07455331
vt 0.16434263 0.07347137
vt 0.16241851 0.06358361
vt 0.17063023 0.04921782
vt 0.15510271 0.04224163
vt 0.16998328 0.02745241
vt 0.15680610 0.07445836
vt 0.15236053 0.02159524
vt 0.18320681 0.16931999
vt 0.15965036 0.12289000
vt 0.15925093 0.09725785
vt 0.16261050 0.14983970
vt 0.17427565 0.01748264
vt 0.17067571 0.01525253
vt 0.15161978 0.01425004
vt 0.03514835 0.15478659
vt 0.17277081 0.04697305
vt 0.01142278 0.13053298
vt 0.00044248 0.13363314
vt 0.17877035 0.17535335
vt 0.18926409 0.17678124
vt 0.18304753 0.17766190
vt 0.18733554 0.18218583
vt 0.19638385 0.19168299
vt 0.20297185 0.18567199
vt 0.20397179 0.17849880
vt 0.20390025 0.17323154
vt 0.21883377 0.17627859
vt 0.22462711 0.18059003
vt 0.23475198 0.16681975
vt 0.23128578 0.17482007
vt 0.26035824 0.16071224
vt 0.26615891 0.14926678
vt 0.27720603 0.14834535
vt 0.29000163 0.13867563
vt 0.28374544 0.15220946
vt 0.30298933 0.13846660
vt 0.31766355 0.12749332
vt 0.32295436 0.13358521
vt 0.23702131 0.16063368
vt 0.32100707 0.11925483
vt 0.30201745 0.14621776
vt 0.18866263 0.18919718
vt 0.18739890 0.19517511
vt 0.19303973 0.19975764
vt 0.18364118 0.20057136
vt 0.17637751 0.20355952
vt 0.24779071 0.17014152
vt 0.27121183 0.16041571
vt 0.24775892 0.15220994
vt 0.28436831 0.13645804
vt 0.30551451 0.12612307
vt 0.17722620 0.21135283
vt 0.18237260 0.21572757
vt 0.18919450 0.22559536
vt 0.19577721 0.21462184
vt 0.20288622 0.21041703
vt 0.21989492 0.23259354
vt 0.22095391 0.25505614
vt 0.23330081 0.25294614
vt 0.23765583 0.27299595
vt 0.25530666 0.27493387
vt 0.26329663 0.29990196
vt 0.27733576 0.30132353
vt 0.24374387 0.25438440
vt 0.27942082 0.31652343
vt 0.29706156 0.32212794
vt 0.21860649 0.25646943
vt 0.25176892 0.26653457
vt 0.28885397 0.32607639
vt 0.20391774 0.16942471
vt 0.26218498 0.14474505
vt 0.22539461 0.16050053
vt 0.32610619 0.12933511
vt 0.32478702 0.12329811
vt 0.16575047 0.21284521
vt 0.17076580 0.20320487
vt 0.16555367 0.20048177
vt 0.16063008 0.20233643
vt 0.16198394 0.19481790
vt 0.15443173 0.20683020
vt 0.15442178 0.21841758
vt 0.15949485 0.22573352
vt 0.14325897 0.22521019
vt 0.14353049 0.23868179
vt 0.13408867 0.26100051
vt 0.12929629 0.25301027
vt 0.11283906 0.27719849
vt 0.12809566 0.27336299
vt 0.11754203 0.28422260
vt 0.10721254 0.29454052
vt 0.13995022 0.23383820
vt 0.09859811 0.29169899
vt 0.16949210 0.21438760
vt 0.11624551 0.29231727
vt 0.10026418 0.30972385
vt 0.09251718 0.30671430
vt 0.08524270 0.32563102
vt 0.07591166 0.32382047
vt 0.15371592 0.24187839
vt 0.16500475 0.22272521
vt 0.15898333 0.23703313
vt 0.08903826 0.33110517
vt 0.15672338 0.19891155
vt 0.16113561 0.18692166
vt 0.13776997 0.26416397
vt 0.08466294 0.30925733
vt 0.29067746 0.33109951
vt 0.27791405 0.29796511
vt 0.30162752 0.32186496
vt 0.14642751 0.21442866
vt 0.26538721 0.27992886
vt 0.10706200 0.27765900
vt 0.23603149 0.27629733
vt 0.26171920 0.30353391
vt 0.28202519 0.32535011
vt 0.15335563 0.19346118
vt 0.00557079 0.14418083
vt 0.00403004 0.14545894
vt 0.12461637 0.25269747
vt 0.07920302 0.33109951
vt 0.10746261 0.15879285
vt 0.17541341 0.06207293
vt 0.16697037 0.00044560
vt 0.22084561 0.26385379
vt 0.19878429 0.24020076
vt 0.00049845 0.12510759
vt 0.03010038 0.30855435
vt 0.02830647 0.33869702
vt 0.03188847 0.33231395
vt 0.03163595 0.38141716
vt 0.02950267 0.38335431
vt 0.03098249 0.38980830
vt 0.03375887 0.30389619
vt 0.03400479 0.28784603
vt 0.03351854 0.39695632
vt 0.03066316 0.40100694
vt 0.03432659 0.41270280
vt 0.03336365 0.37090838
vt 0.02947873 0.41392446
vt 0.03500968 0.42622554
vt 0.02515444 0.41541278
vt 0.02244775 0.38590395
vt 0.03090863 0.44227368
vt 0.04285897 0.46215940
vt 0.03410146 0.45825338
vt 0.03734366 0.47374320
vt 0.03894757 0.44154519
vt 0.04076041 0.43985534
vt 0.03855610 0.42646396
vt 0.03663391 0.41090190
vt 0.04253743 0.47882533
vt 0.03578395 0.48301446
vt 0.04129592 0.48618537
vt 0.05000000 0.47673333
vt 0.01890008 0.38469857
vt 0.02098558 0.35653937
vt 0.02532001 0.35506368
vt 0.02107522 0.31415999
vt 0.02373798 0.29508018
vt 0.01991488 0.29503822
vt 0.02395590 0.27171588
vt 0.03008210 0.27260250
vt 0.03264191 0.25403917
vt 0.03493570 0.27673006
vt 0.03833264 0.24922657
vt 0.03592581 0.23462802
vt 0.02835144 0.24819672
vt 0.04325952 0.23335111
vt 0.04143075 0.24566650
vt 0.03809670 0.26453733
vt 0.03851826 0.21859640
vt 0.04214685 0.21375227
vt 0.04011519 0.21041930
vt 0.05000000 0.21590483
vt 0.01655203 0.34041625
vt 0.03060878 0.45512122
vt 0.02251877 0.41586900
vt 0.02966150 0.22793186
vt 0.04612415 0.45723295
vt 0.02349625 0.25303018
vt 0.02730903 0.39268553
vt 0.01373449 0.33416647
vt 0.01598836 0.29345846
vt 0.03841772 0.20543671
vt 0.01371681 0.36202419
vt 0.64017153 0.05961657
vt 0.64410144 0.06398731
vt 0.64815706 0.03690326
vt 0.63308722 0.10071838
vt 0.64545262 0.03080487
vt 0.65191823 0.00133687
vt 0.65642470 0.00524497
vt 0.64020181 0.09316206
vt 0.62960547 0.12539101
vt 0.63567638 0.11656243
vt 0.63276613 0.14089906
vt 0.62737119 0.15252149
vt 0.66316289 0.00347221
vt 0.66352320 0.00776261
vt 0.65197045 0.05608755
vt 0.63164991 0.16734231
vt 0.63992417 0.10982788
vt 0.62699115 0.16765487
vt 0.65489471 0.07933372
vt 0.63922638 0.15052325
vt 0.63658208 0.16884887
vt 0.63626277 0.17511201
vt 0.64942938 0.18155628
vt 0.65126741 0.17837137
vt 0.66207558 0.05111027
vt 0.67050177 0.02248782
vt 0.67272133 0.00773090
vt 0.64078623 0.13571423
vt 0.64800787 0.11120796
vt 0.66294062 0.19041657
vt 0.66713047 0.18345779
vt 0.66859275 0.19115251
vt 0.65273339 0.17510533
vt 0.64145118 0.16426826
vt 0.66652095 0.19626987
vt 0.66964394 0.19721150
vt 0.67088205 0.20239490
vt 0.66253060 0.20195943
vt 0.66936827 0.20870703
vt 0.65240163 0.18943262
vt 0.65003157 0.19692695
vt 0.66484922 0.21087807
vt 0.67566371 0.00913733
vt 0.64586455 0.13231790
vt 0.65070486 0.20872283
vt 0.65377533 0.09348989
vt 0.66865820 0.21791446
vt 0.67566371 0.18931937
vt 0.66539741 0.04945403
vt 0.64405429 0.20393771
vt 0.67387515 0.21424878
vt 0.65180582 0.18643731
vt 0.64483339 0.19555581
vt 0.86556900 0.47579491
vt 0.87894744 0.48528481
vt 0.86804819 0.46739340
vt 0.87573016 0.48830664
vt 0.88805312 0.49249953
vt 0.88326132 0.49420679
vt 0.87238735 0.29723704
vt 0.86665756 0.30748290
vt 0.87538904 0.30241746
vt 0.87344319 0.30855012
vt 0.87861663 0.29833996
vt 0.87463933 0.31428599
vt 0.87085795 0.31870174
vt 0.87917316 0.31878114
vt 0.87693471 0.32345390
vt 0.88805312 0.31935632
vt 0.88730145 0.32722771
vt 0.86449474 0.31834614
vt 0.86170834 0.31414366
vt 0.85984570 0.38997304
vt 0.86724520 0.39066947
vt 0.86384428 0.37061739
vt 0.86041689 0.41969228
vt 0.86557472 0.42710662
vt 0.85821462 0.44913101
vt 0.86480898 0.44641531
vt 0.86342674 0.46009815
vt 0.86925906 0.35545933
vt 0.86179155 0.35485208
vt 0.86381072 0.34455061
vt 0.85840368 0.47106254
vt 0.86903918 0.32908428
vt 0.87646317 0.37598634
vt 0.86480629 0.33005446
vt 0.87977630 0.35018992
vt 0.85910648 0.41165888
vt 0.85576838 0.44361436
vt 0.85530972 0.45755029
vt 0.87004644 0.44757235
vt 0.87156129 0.42906654
vt 0.87503988 0.39865422
vt 0.87898338 0.38374376
vt 0.88181806 0.35737586
vt 0.88532656 0.33606398
vt 0.87604672 0.41825199
vt 0.87973493 0.39668840
vt 0.87630695 0.44147062
vt 0.87128323 0.46463919
vt 0.87608379 0.47453225
vt 0.95971787 0.00757575
vt 0.95802391 0.02010113
vt 0.96008724 0.02087843
vt 0.95549047 0.00826734
vt 0.95992887 0.04931217
vt 0.95183873 0.01733804
vt 0.95235217 0.04985815
vt 0.95868063 0.05989850
vt 0.95201838 0.06991625
vt 0.95936626 0.08100677
vt 0.95246065 0.09106767
vt 0.95756859 0.11090779
vt 0.95620984 0.11549628
vt 0.96150440 0.13650739
vt 0.96046388 0.10043901
vt 0.95629108 0.15152991
vt 0.96119869 0.15250289
vt 0.95876700 0.17604512
vt 0.96150440 0.07562220
vt 0.94873232 0.17444217
vt 0.95544845 0.18238562
vt 0.94777572 0.15729290
vt 0.94673026 0.13298845
vt 0.94622380 0.11221707
vt 0.94681096 0.00990075
vt 0.94572622 0.02370161
vt 0.94893873 0.18787509
vt 0.94503009 0.05882251
vt 0.94417304 0.06832528
vt 0.94425392 0.09430015
vt 0.95306289 0.19117647
vt 0.94405419 0.04317135
vt 0.94280076 0.17159462
vt 0.94383478 0.18435943
vt 0.94137329 0.15479195
vt 0.96117872 0.18908525
vt 0.94267732 0.10849345
vt 0.94026548 0.12592804
vt 0.97187746 0.04080528
vt 0.98520434 0.01760066
vt 0.97550732 0.01647311
vt 0.98729175 0.04332882
vt 0.99595505 0.02663988
vt 0.96848071 0.02256984
vt 0.97895110 0.04411763
vt 0.99135536 0.04167122
vt 0.99546927 0.01886380
vt 0.96707416 0.03508812
vt 0.99690264 0.03683722
vt 0.98753178 0.01191437
vt 0.96327436 0.02797025
vt 0.96697211 0.01427412
vt 0.96435362 0.01989031
vt 0.97807205 0.00401068
vt 0.97148365 0.00829142
vt 0.99690264 0.01168674
vt 0.99033916 0.00521111
vt 0.90901256 0.52602381
vt 0.93980896 0.53547454
vt 0.90721792 0.53471792
vt 0.94014299 0.52370369
vt 0.94077903 0.53877008
vt 0.91024786 0.53835225
vt 0.94460785 0.52361852
vt 0.90433890 0.52637267
vt 0.94651818 0.53861988
vt 0.90398228 0.53877008
vt 0.94911504 0.52552980
vt 0.66929436 0.09971392
vt 0.67842078 0.15841025
vt 0.67358357 0.10342371
vt 0.67047203 0.14977336
vt 0.66304761 0.13701415
vt 0.67105019 0.08342654
vt 0.68260103 0.10532117
vt 0.68559605 0.08070052
vt 0.67723787 0.07998204
vt 0.68306899 0.07473284
vt 0.68361419 0.15865374
vt 0.68768036 0.10744137
vt 0.68810123 0.12338710
vt 0.68959093 0.15011108
vt 0.69333470 0.06289172
vt 0.68454409 0.16787577
vt 0.67871696 0.17057055
vt 0.66515297 0.15606236
vt 0.66344148 0.09224117
vt 0.66737479 0.08286983
vt 0.66312248 0.10554391
vt 0.66976774 0.07834160
vt 0.66923261 0.16781414
vt 0.68790251 0.06689376
vt 0.68765038 0.16097200
vt 0.68468273 0.18591988
vt 0.69055623 0.05433381
vt 0.68798149 0.04408991
vt 0.67443001 0.07636654
vt 0.67610091 0.17904675
vt 0.68995738 0.07884115
vt 0.70233977 0.04452384
vt 0.69211632 0.19376731
vt 0.69420552 0.18439507
vt 0.70068121 0.17773092
vt 0.70486724 0.20365417
vt 0.69193774 0.04465383
vt 0.70396495 0.16793585
vt 0.70383805 0.07556021
vt 0.70486724 0.06014174
vt 0.70145488 0.08871400
vt 0.68827111 0.03268224
vt 0.70382601 0.03009945
vt 0.69865584 0.11988074
vt 0.69689274 0.13763839
vt 0.69264024 0.00935829
vt 0.68157011 0.06995809
vt 0.66137224 0.14064234
vt 0.66061950 0.11958426
vt 0.68377507 0.06556666
vt 0.68599516 0.04696667
vt 0.66381454 0.08210194
vt 0.83952755 0.52097464
vt 0.84398371 0.52120709
vt 0.84280223 0.50446868
vt 0.85322332 0.52455866
vt 0.85156238 0.51612741
vt 0.85193229 0.50048935
vt 0.84366101 0.48017776
vt 0.85252941 0.48412991
vt 0.84482759 0.47039390
vt 0.85282189 0.46063316
vt 0.84892642 0.43063724
vt 0.85435730 0.43842703
vt 0.85517317 0.41160607
vt 0.85149479 0.40136802
vt 0.85622215 0.39085799
vt 0.85572726 0.36090523
vt 0.84743065 0.36992615
vt 0.85211027 0.35470915
vt 0.84146106 0.35397112
vt 0.83857429 0.36444557
vt 0.83993953 0.38895249
vt 0.84024608 0.43996346
vt 0.83883232 0.42056918
vt 0.83609706 0.45136201
vt 0.84832281 0.34269166
vt 0.85796458 0.34681159
vt 0.83578205 0.48611116
vt 0.83593452 0.50353986
vt 0.83929461 0.34432185
vt 0.83449626 0.52070677
vt 0.83502090 0.46860999
vt 0.83671570 0.39174139
vt 0.83601242 0.41737163
vt 0.83457810 0.43401504
vt 0.84188175 0.52507645
vt 0.83401817 0.52672809
vt 0.82890999 0.53145397
vt 0.83880788 0.53256756
vt 0.84284467 0.53317338
vt 0.85052693 0.52956796
vt 0.84992027 0.53888851
vt 0.83044690 0.53702760
vt 0.85796458 0.53902048
vt 0.85782284 0.55106020
vt 0.85128707 0.54347730
vt 0.84972030 0.55083895
vt 0.85230160 0.55899388
vt 0.84734619 0.55382442
vt 0.84160870 0.56283420
vt 0.84024215 0.55626506
vt 0.83392215 0.56060511
vt 0.82522124 0.53778732
vt 0.82876962 0.54108799
vt 0.83483315 0.55470896
vt 0.83099735 0.55120975
vt 0.82722145 0.55301541
vt 0.82877034 0.54620504
vt 0.26624519 0.08369875
vt 0.26529831 0.10270917
vt 0.25057307 0.09013206
vt 0.26361910 0.11795932
vt 0.25066805 0.11723781
vt 0.24046399 0.08361745
vt 0.27432379 0.11712176
vt 0.27885863 0.09611607
vt 0.27899438 0.08442265
vt 0.24042606 0.08596909
vt 0.23824435 0.09879768
vt 0.24249145 0.11625481
vt 0.24118355 0.11755997
vt 0.28444278 0.11938739
vt 0.28734794 0.08638346
vt 0.23543896 0.09500051
vt 0.21704940 0.08978003
vt 0.21640915 0.08148444
vt 0.29566419 0.08764410
vt 0.29687423 0.11995912
vt 0.29672515 0.08324993
vt 0.30669692 0.08502108
vt 0.21250267 0.08915710
vt 0.21097334 0.08065951
vt 0.20933087 0.09007967
vt 0.20718385 0.08682352
vt 0.20246363 0.09269905
vt 0.20557742 0.09924704
vt 0.19958572 0.10209799
vt 0.20309640 0.11090130
vt 0.19778761 0.11058354
vt 0.20061493 0.12076646
vt 0.27388075 0.08251590
vt 0.30990216 0.12076652
vt 0.32256636 0.08545119
vt 0.72654521 0.97168577
vt 0.72307646 0.98529410
vt 0.72146964 0.97943497
vt 0.73231965 0.97689390
vt 0.73817664 0.96468282
vt 0.73619241 0.96029091
vt 0.73925626 0.97223032
vt 0.75316888 0.96023840
vt 0.74946493 0.96787786
vt 0.77447957 0.96835810
vt 0.74258119 0.95539069
vt 0.71814162 0.97540313
vt 0.72507626 0.96353471
vt 0.75791699 0.95397133
vt 0.77437818 0.95955849
vt 0.73268670 0.95665991
vt 0.83196688 0.96583360
vt 0.85596502 0.97611207
vt 0.83425814 0.97253996
vt 0.86195487 0.96816534
vt 0.80745405 0.96216279
vt 0.81562907 0.97040451
vt 0.78905356 0.96316075
vt 0.88241041 0.97995210
vt 0.89290243 0.97386116
vt 0.88998497 0.98529410
vt 0.79220903 0.96728873
vt 0.76991206 0.96413165
vt 0.80866271 0.97260535
vt 0.83407438 0.97680837
vt 0.85961521 0.97973907
vt 0.87524563 0.98011220
vt 0.88127249 0.98501992
vt 0.84695870 0.96196955
vt 0.82606679 0.95851904
vt 0.79519457 0.95702094
vt 0.87690437 0.96213830
vt 0.89513272 0.96743184
vt 0.85561651 0.95676100
vt 0.77075952 0.95142603
vt 0.96850228 0.62859911
vt 0.98261750 0.64047790
vt 0.98126048 0.61921328
vt 0.96733105 0.66231489
vt 0.98149210 0.68062133
vt 0.96814334 0.68211102
vt 0.97183353 0.69384235
vt 0.98401719 0.68732715
vt 0.96488374 0.60753679
vt 0.96043020 0.62728637
vt 0.97835833 0.59390754
vt 0.98451328 0.67058402
vt 0.96904719 0.59725565
vt 0.95986760 0.66524810
vt 0.95797700 0.68872517
vt 0.95727962 0.70454544
vt 0.95519543 0.63263142
vt 0.95599288 0.61096728
vt 0.95875341 0.59641176
vt 0.96372569 0.58618391
vt 0.97800112 0.58119965
vt 0.97047651 0.57972413
vt 0.95176989 0.65798980
vt 0.95534486 0.59269726
vt 0.95232439 0.68771821
vt 0.95970273 0.57828701
vt 0.96593118 0.57253504
vt 0.98268414 0.56446224
vt 0.98451328 0.55751586
vt 0.96816850 0.54233509
vt 0.31474102 0.36601210
vt 0.31070378 0.38230664
vt 0.30265525 0.36611938
vt 0.30221239 0.39785516
vt 0.31358483 0.39884138
vt 0.32305577 0.39870453
vt 0.32229489 0.36613011
vt 0.31540370 0.36319077
vt 0.32869339 0.39665896
vt 0.32800940 0.36447847
vt 0.34014344 0.39854342
vt 0.33822429 0.36397082
vt 0.34367672 0.36659944
vt 0.35291809 0.36353290
vt 0.35031286 0.39578575
vt 0.36150444 0.39884138
vt 0.30336842 0.36327446
vt 0.01673932 0.81072313
vt 0.02128216 0.82517320
vt 0.03192699 0.82076490
vt 0.03726233 0.82790875
vt 0.03183703 0.83021390
vt 0.01203334 0.81877178
vt 0.01025313 0.80548501
vt 0.01511664 0.79987019
vt 0.02407054 0.80868810
vt 0.02174961 0.77343118
vt 0.01527032 0.77535367
vt 0.01723425 0.76076227
vt 0.02569043 0.75097787
vt 0.01840846 0.73628086
vt 0.01320185 0.75469041
vt 0.02690747 0.71176255
vt 0.01681552 0.72903287
vt 0.02186793 0.69889539
vt 0.03186567 0.69088531
vt 0.02874307 0.67413449
vt 0.01955483 0.68255639
vt 0.02421699 0.66167706
vt 0.02632868 0.64961773
vt 0.03674919 0.65008891
vt 0.03047648 0.64170128
vt 0.03925385 0.64558697
vt 0.02436834 0.63989049
vt 0.01015988 0.76705718
vt 0.01701264 0.65270239
vt 0.00892459 0.78304088
vt 0.01222189 0.70643055
vt 0.03841894 0.65952843
vt 0.03619318 0.67553633
vt 0.01241127 0.68029594
vt 0.01006616 0.73104244
vt 0.01814982 0.63983995
vt 0.04115044 0.82511067
vt 0.03064537 0.72679353
vt 0.03302922 0.71139234
vt 0.00684108 0.74136907
vt 0.04115044 0.63957334
vt 0.00575221 0.80684650
vt 0.03416412 0.69994199
vt 0.02355643 0.63217551
vt 0.02278490 0.62629336
vt 0.01751348 0.62646437
vt 0.02099655 0.61631018
vt 0.02555847 0.61863250
vt 0.03007999 0.63797271
vt 0.81989706 0.82629615
vt 0.82652640 0.81492347
vt 0.81945443 0.80852616
vt 0.82563496 0.83942628
vt 0.82507551 0.79510331
vt 0.82032621 0.79012966
vt 0.82563579 0.77282912
vt 0.82043886 0.76386839
vt 0.81989086 0.74643254
vt 0.82609844 0.75358939
vt 0.82652289 0.73138142
vt 0.82097912 0.72700155
vt 0.82965916 0.71552324
vt 0.82036746 0.84949368
vt 0.82007498 0.88328189
vt 0.82346725 0.70888650
vt 0.83053100 0.70127565
vt 0.82294965 0.70008910
vt 0.82727093 0.88516957
vt 0.81939077 0.89956313
vt 0.82766426 0.89906341
vt 0.82375336 0.90312743
vt 0.82783395 0.78762650
vt 0.82720119 0.85233551
vt 0.82796168 0.82684737
vt 0.82829380 0.90508020
vt 0.83053100 0.90449822
vt 0.82803059 0.75746411
vt 0.82830727 0.73420954
vt 0.82892895 0.87351501
vt 0.81548673 0.90265864
vt 0.81647485 0.79621321
vt 0.81679654 0.77526844
vt 0.81591165 0.83334649
vt 0.81549448 0.86668098
vt 0.81690574 0.75214839
vt 0.81829691 0.72815889
vt 0.95116085 0.52246630
vt 0.95387310 0.46746880
vt 0.94814283 0.46979499
vt 0.95590138 0.52272725
vt 0.94621897 0.52268672
vt 0.94557524 0.46762389
vt 0.95973450 0.52241194
vt 0.95973450 0.46775335
vt 0.21634118 0.81279117
vt 0.21071766 0.79503179
vt 0.21605502 0.79057497
vt 0.20795722 0.77690554
vt 0.21181893 0.77316457
vt 0.20959572 0.75804728
vt 0.21391121 0.76074648
vt 0.21030317 0.73727226
vt 0.21393457 0.73879147
vt 0.21316464 0.72485423
vt 0.21330193 0.81349927
vt 0.21637169 0.83110517
vt 0.20752212 0.75207305
vt 0.21637167 0.72147948
vt 0.17971580 0.33466041
vt 0.17804874 0.34632480
vt 0.15900423 0.34498000
vt 0.15873899 0.33150482
vt 0.16803953 0.32774878
vt 0.16970731 0.35427809
vt 0.15649140 0.34721476
vt 0.15497841 0.33295214
vt 0.15176991 0.34216106
vt 0.17703721 0.35423636
vt 0.18313719 0.34563971
vt 0.17853223 0.32432508
vt 0.15874128 0.32308376
vt 0.18362832 0.35306358
vt 0.15574323 0.35423636
vt 0.18354864 0.32900858
vt 0.15218867 0.33072305
vt 0.18867286 0.36963165
vt 0.20718509 0.36568606
vt 0.21446833 0.37873954
vt 0.19890903 0.38437259
vt 0.17247854 0.38437283
vt 0.17048539 0.38014960
vt 0.21080336 0.38699973
vt 0.16954215 0.36083406
vt 0.19042353 0.36453640
vt 0.23274930 0.38680905
vt 0.22692439 0.37771159
vt 0.22422591 0.36709958
vt 0.21441816 0.36154646
vt 0.23864757 0.37701571
vt 0.24351016 0.38426661
vt 0.20680906 0.35942996
vt 0.23657462 0.36764640
vt 0.22482926 0.35894191
vt 0.18408147 0.38664949
vt 0.23824388 0.35988879
vt 0.24998368 0.36684948
vt 0.25973451 0.38179183
vt 0.25196755 0.35952401
vt 0.16946903 0.35606062
vt 0.17084926 0.38725489
vt 0.24588472 0.38725489
vt 0.07212389 0.58437937
vt 0.08315203 0.58580977
vt 0.08086310 0.57077652
vt 0.07212848 0.56425816
vt 0.08212147 0.55286044
vt 0.07525007 0.54691392
vt 0.08332381 0.52957135
vt 0.08893805 0.53332144
vt 0.08268560 0.59314555
vt 0.07511568 0.60170978
vt 0.08369203 0.60027874
vt 0.08570578 0.61137342
vt 0.07910229 0.61592114
vt 0.08645187 0.61768752
vt 0.08893805 0.62465745
vt 0.08622736 0.52896613
vt 0.08473457 0.62522280
vt 0.08406917 0.56243491
vt 0.08422215 0.57080162
vt 0.08457541 0.57787222
vt 0.20337655 0.13188887
vt 0.21690398 0.13786268
vt 0.19276454 0.13824737
vt 0.21498683 0.15597880
vt 0.19151166 0.15245700
vt 0.20079090 0.15919852
vt 0.22256637 0.14574128
vt 0.18554856 0.14299577
vt 0.21433003 0.13086784
vt 0.18905577 0.15605861
vt 0.21886595 0.15620923
vt 0.18539824 0.15027714
vt 0.20803784 0.16354722
vt 0.22141154 0.13602006
vt 0.19578560 0.16354722
vt 0.19353159 0.12997365
vt 0.20583063 0.12700534
vt 0.18661711 0.13698232
vt 0.22229017 0.12850595
vt 0.87508821 0.21509659
vt 0.88946819 0.25928807
vt 0.88331687 0.22331142
vt 0.87970942 0.25520492
vt 0.88510072 0.28254223
vt 0.89337540 0.28113961
vt 0.89926618 0.29850519
vt 0.89076322 0.30324507
vt 0.90411502 0.30686772
vt 0.87813616 0.19310564
vt 0.87159908 0.18069875
vt 0.87969440 0.16478956
vt 0.88762456 0.16247112
vt 0.88625479 0.15026003
vt 0.91283184 0.14126563
vt 0.89087582 0.31185478
vt 0.87100410 0.20576698
vt 0.91283184 0.31222606
vt 0.87232512 0.16996455
vt 0.89130956 0.31951869
vt 0.88603300 0.17447555
vt 0.89056545 0.16467512
vt 0.89573532 0.15752405
vt 0.88210720 0.19224417
vt 0.87617755 0.16111970
vt 0.86769909 0.18793082
vt 0.87364244 0.54597551
vt 0.87347150 0.56806153
vt 0.88063323 0.56553447
vt 0.87356079 0.58142084
vt 0.88090008 0.54511523
vt 0.87362319 0.51582420
vt 0.88051462 0.51472288
vt 0.88125217 0.58175415
vt 0.87549335 0.59748328
vt 0.87495941 0.50513434
vt 0.87179267 0.58861274
vt 0.87907594 0.49945194
vt 0.87478566 0.49943185
vt 0.86392015 0.60300589
vt 0.86227703 0.59576684
vt 0.86519146 0.59007210
vt 0.87683940 0.61067796
vt 0.86160415 0.61096257
vt 0.87613291 0.49331552
vt 0.88185841 0.50650448
vt 0.88183504 0.49890673
vt 0.88185841 0.60077637
vt 0.87750107 0.60504061
vt 0.87023783 0.58076483
vt 0.85751498 0.59906900
vt 0.84380531 0.58173066
vt 0.86398953 0.56746256
vt 0.87100929 0.56624860
vt 0.86125845 0.54784375
vt 0.86892945 0.54442877
vt 0.85973084 0.51951945
vt 0.86834276 0.51930797
vt 0.84632558 0.28415906
vt 0.85029602 0.33727336
vt 0.84517413 0.33673733
vt 0.85174072 0.28386807
vt 0.85494888 0.33734405
vt 0.84150243 0.28420782
vt 0.83910215 0.33734405
vt 0.83461922 0.28408647
vt 0.83407080 0.33717018
vt 0.85972810 0.28387141
vt 0.86061949 0.33685625
vt 0.08316569 0.96391982
vt 0.09186336 0.95442688
vt 0.07732872 0.95176840
vt 0.09227503 0.94339520
vt 0.08567457 0.93003565
vt 0.07372060 0.96222389
vt 0.08938299 0.96705812
vt 0.08669205 0.97331738
vt 0.09247787 0.93209857
vt 0.07300885 0.96575654
vt 0.09247787 0.97638148
vt 0.08160412 0.93779463
vt 0.93787593 0.97848386
vt 0.94029766 0.99702430
vt 0.93090796 0.99471289
vt 0.92953974 0.96359247
vt 0.92253494 0.98465908
vt 0.91465968 0.99537438
vt 0.94728959 0.96385139
vt 0.91420269 0.98222166
vt 0.91165817 0.97574401
vt 0.91421092 0.96335202
vt 0.95226282 0.99599767
vt 0.95338899 0.96700883
vt 0.90933609 0.98143816
vt 0.96013397 0.96337849
vt 0.89792395 0.99587387
vt 0.96005559 0.99594045
vt 0.90015733 0.98548210
vt 0.91332769 0.99816048
vt 0.88549775 0.99634129
vt 0.88716054 0.98717606
vt 0.96907389 0.96397644
vt 0.96894068 0.99730986
vt 0.96537310 0.99902499
vt 0.94667244 0.99955440
vt 0.88408780 0.98631126
vt 0.88274336 0.99757797
vt 0.98126990 0.96391964
vt 0.98240578 0.99870294
vt 0.95125139 0.96122992
vt 0.98030263 0.96137857
vt 0.99424779 0.99955440
vt 0.36769384 0.96118969
vt 0.39085078 0.96154630
vt 0.38356149 0.96840841
vt 0.40753603 0.96820831
vt 0.42826495 0.96408987
vt 0.43615565 0.97454613
vt 0.35942620 0.96684158
vt 0.33130905 0.96003044
vt 0.33924294 0.96430534
vt 0.32031497 0.96505892
vt 0.32574701 0.96623057
vt 0.32333657 0.95839459
vt 0.44564876 0.97104007
vt 0.45081532 0.96381092
vt 0.47743362 0.97027850
vt 0.46006259 0.97579688
vt 0.47496247 0.97916263
vt 0.34191835 0.95677364
vt 0.31419367 0.97217470
vt 0.41816875 0.97718549
vt 0.44434357 0.98442018
vt 0.45513278 0.98459119
vt 0.47211745 0.99064171
vt 0.31612733 0.97675747
vt 0.31006879 0.98378456
vt 0.30575222 0.97927707
vt 0.38339707 0.97572380
vt 0.34634590 0.97146320
vt 0.31324422 0.96667677
vt 0.36764687 0.97475082
vt 0.41267073 0.97894591
vt 0.43542361 0.98461533
vt 0.31276906 0.99064171
vt 0.33010465 0.97240275
vt 0.74760276 0.92853469
vt 0.72987539 0.91802305
vt 0.76446152 0.92714721
vt 0.76731068 0.93739694
vt 0.78004605 0.93412036
vt 0.77396333 0.94407874
vt 0.78779095 0.94528353
vt 0.79102904 0.93951392
vt 0.73189580 0.91232705
vt 0.71114647 0.90281731
vt 0.69825757 0.90525573
vt 0.68604296 0.90981960
vt 0.69419897 0.90179747
vt 0.70180017 0.90062386
vt 0.68253392 0.90708780
vt 0.67958993 0.91461998
vt 0.66715378 0.92300963
vt 0.67271245 0.92487746
vt 0.79159290 0.95048720
vt 0.67600179 0.91181701
vt 0.66635776 0.93680239
vt 0.66021132 0.93375421
vt 0.66440809 0.94169033
vt 0.65610027 0.94627744
vt 0.65442479 0.94856203
vt 0.66011024 0.95053476
vt 0.76631808 0.93956161
vt 0.78502470 0.95053476
vt 0.76712030 0.94370133
vt 0.76138389 0.93927926
vt 0.89785212 0.64652759
vt 0.89766878 0.61307788
vt 0.89197791 0.62584835
vt 0.89795977 0.57422203
vt 0.89159292 0.64944202
vt 0.89331311 0.58386350
vt 0.89546925 0.54952872
vt 0.89842355 0.55074251
vt 0.89636344 0.50345021
vt 0.89729542 0.65425098
vt 0.89246571 0.65578568
vt 0.89832807 0.48340249
vt 0.90044248 0.48092198
vt 0.89835918 0.44073081
vt 0.90044248 0.66087341
vt 0.91805238 0.11543566
vt 0.92200959 0.12399095
vt 0.92025912 0.09978652
vt 0.91591513 0.12591738
vt 0.92011005 0.14224207
vt 0.91392165 0.09699047
vt 0.91694593 0.09362531
vt 0.91194689 0.08009893
vt 0.91851503 0.07607985
vt 0.91289204 0.06714207
vt 0.92541528 0.06124818
vt 0.91378510 0.14337838
vt 0.92153841 0.16135824
vt 0.91297281 0.15753031
vt 0.92255080 0.17049032
vt 0.91356635 0.18311131
vt 0.92520869 0.18539184
vt 0.92357081 0.19526827
vt 0.91643918 0.20770746
vt 0.92539001 0.21436560
vt 0.92179126 0.22986418
vt 0.93033218 0.23224300
vt 0.92583972 0.23857200
vt 0.91736090 0.22680348
vt 0.92846614 0.20324361
vt 0.92838728 0.21155226
vt 0.93405491 0.22482175
vt 0.93126619 0.23714501
vt 0.93888664 0.22637409
vt 0.94203538 0.23398858
vt 0.92533761 0.06781358
vt 0.93775320 0.05520356
vt 0.92935359 0.13769853
vt 0.92928183 0.15912449
vt 0.93389452 0.18221408
vt 0.93799973 0.20911169
vt 0.92619497 0.09166127
vt 0.92878473 0.11699641
vt 0.92651141 0.07560736
vt 0.93195176 0.06287414
vt 0.93434215 0.16194499
vt 0.93305504 0.14854646
vt 0.94188535 0.22820902
vt 0.91892099 0.05773580
vt 0.93319094 0.04946524
vt 0.94203538 0.05121702
vt 0.91740775 0.24019611
vt 0.69561040 0.86252511
vt 0.71672863 0.86146796
vt 0.69630200 0.86943626
vt 0.67593092 0.86729473
vt 0.66286892 0.87585247
vt 0.64940059 0.87199551
vt 0.62961066 0.88396305
vt 0.62990195 0.87449002
vt 0.59388661 0.88288498
vt 0.73619223 0.86300308
vt 0.73517793 0.85757625
vt 0.59758818 0.89292127
vt 0.74531400 0.85910982
vt 0.74688363 0.86638963
vt 0.75147349 0.85644102
vt 0.75631744 0.86773849
vt 0.75842381 0.86210948
vt 0.76623678 0.87953931
vt 0.76137179 0.88137853
vt 0.77080852 0.88980812
vt 0.76956987 0.87784040
vt 0.76270121 0.86264765
vt 0.63416648 0.87117970
vt 0.60183769 0.87381363
vt 0.59213251 0.87881196
vt 0.68913502 0.86024165
vt 0.72273552 0.85557866
vt 0.70880973 0.85632217
vt 0.66968262 0.86285150
vt 0.64689755 0.86420298
vt 0.62468058 0.86658800
vt 0.73812145 0.85160428
vt 0.77564704 0.88127136
vt 0.78274333 0.89489341
vt 0.77498728 0.89616758
vt 0.77563411 0.87168634
vt 0.63629746 0.88502795
vt 0.61323947 0.88978338
vt 0.60483134 0.86985624
vt 0.59159291 0.87237287
vt 0.59785658 0.89616758
vt 0.67604584 0.87729210
vt 0.66020983 0.88182491
vt 0.75308889 0.87134796
vt 0.67172337 0.85865283
vt 0.75893468 0.85630161
vt 0.69977707 0.87381697
vt 0.72311258 0.86903811
vt 0.74006194 0.86656058
vt 0.01919090 0.96243256
vt 0.02514146 0.95870727
vt 0.03031933 0.96779782
vt 0.01995062 0.95499110
vt 0.03231356 0.96285540
vt 0.00847901 0.96223086
vt 0.00798244 0.97448403
vt 0.02770480 0.97609818
vt 0.01491356 0.98032230
vt 0.03407080 0.97393388
vt 0.00623433 0.98172903
vt 0.03019851 0.98172903
vt 0.00239016 0.97543299
vt 0.00132743 0.96815628
vt 0.00892629 0.95693028
vt 0.00251729 0.95794046
vt 0.58057666 0.74852347
vt 0.61263067 0.74052811
vt 0.58958274 0.75573987
vt 0.60664433 0.75421721
vt 0.63173783 0.74924380
vt 0.62559259 0.75478500
vt 0.64931130 0.75620133
vt 0.56084085 0.75649875
vt 0.58468580 0.74217027
vt 0.56538624 0.74540895
vt 0.64390630 0.74028796
vt 0.64320534 0.74740875
vt 0.64743823 0.74249566
vt 0.64920861 0.74645162
vt 0.65143454 0.75391597
vt 0.61238366 0.73148739
vt 0.62598085 0.73435920
vt 0.59626192 0.72950089
vt 0.54469985 0.75814259
vt 0.56005210 0.75801170
vt 0.57549584 0.73300099
vt 0.66102397 0.76069516
vt 0.54918343 0.74116462
vt 0.56366450 0.73470217
vt 0.58130264 0.73016357
vt 0.57361120 0.75924850
vt 0.53530943 0.74887156
vt 0.53230089 0.76069516
vt 0.66238940 0.75660861
vt 0.79790312 0.43551993
vt 0.79516101 0.47786069
vt 0.79787582 0.47087383
vt 0.79752976 0.51574802
vt 0.80233687 0.41658771
vt 0.79948831 0.50855541
vt 0.80017078 0.53039187
vt 0.79853886 0.42133462
vt 0.80245107 0.39744473
vt 0.80674714 0.40765089
vt 0.80564690 0.38421619
vt 0.80902278 0.39592063
vt 0.81142181 0.37860441
vt 0.80769002 0.36544645
vt 0.81357729 0.36429894
vt 0.81232774 0.34698838
vt 0.81706083 0.34725755
vt 0.82032174 0.32899654
vt 0.81680602 0.32447827
vt 0.82130098 0.32340300
vt 0.82103145 0.30971479
vt 0.80462533 0.41986245
vt 0.80307901 0.50095135
vt 0.80602527 0.52709329
vt 0.80240196 0.54908878
vt 0.80525744 0.54958349
vt 0.80256039 0.45047671
vt 0.80683500 0.56641400
vt 0.81274068 0.56429982
vt 0.81257820 0.58546817
vt 0.81654519 0.58246863
vt 0.81975299 0.59697878
vt 0.82064289 0.61768252
vt 0.82516724 0.61898398
vt 0.80741882 0.53623080
vt 0.81644654 0.31701905
vt 0.80178690 0.46366262
vt 0.81854177 0.61821228
vt 0.79581612 0.44538152
vt 0.80861259 0.35654783
vt 0.82750577 0.31409985
vt 0.83210045 0.31189471
vt 0.82509720 0.32921857
vt 0.82844126 0.34044480
vt 0.82278758 0.34987056
vt 0.82216400 0.37317300
vt 0.81731284 0.36854851
vt 0.81494004 0.39214379
vt 0.81504089 0.41792643
vt 0.80950326 0.42169887
vt 0.80998576 0.47532475
vt 0.80851305 0.43954390
vt 0.81392092 0.45830941
vt 0.81572950 0.51334357
vt 0.81171077 0.52296847
vt 0.80855936 0.49709225
vt 0.81652391 0.55127543
vt 0.82250893 0.56097341
vt 0.82957661 0.58940220
vt 0.82940102 0.60675865
vt 0.81877697 0.56791067
vt 0.82527584 0.59758943
vt 0.82857329 0.61543918
vt 0.83318585 0.61786717
vt 0.83318585 0.33071673
vt 0.82010907 0.40599298
vt 0.82683498 0.36599475
vt 0.81803566 0.42943686
vt 0.80881977 0.51912767
vt 0.81950635 0.34637356
vt 0.79513276 0.49932307
vt 0.81172585 0.54381520
vt 0.80358070 0.56380230
vt 0.81336457 0.60402352
vt 0.79805928 0.53138000
vt 0.57410961 0.77142501
vt 0.62787610 0.77756965
vt 0.57418573 0.77668339
vt 0.62728482 0.77209264
vt 0.57461518 0.78078955
vt 0.62780368 0.78246582
vt 0.57396376 0.78499985
vt 0.62759024 0.78921568
vt 0.57389379 0.78921568
vt 0.57458395 0.76678050
vt 0.62765896 0.76604277
vt 0.79689407 0.89244097
vt 0.79121709 0.89527631
vt 0.79364407 0.84012884
vt 0.80011851 0.84010130
vt 0.80262846 0.89510322
vt 0.80575222 0.84001780
vt 0.80575222 0.89510280
vt 0.78819585 0.84017259
vt 0.78628320 0.89508837
vt 0.94627881 0.28905702
vt 0.94636524 0.31414628
vt 0.95008600 0.29814744
vt 0.95330679 0.28042841
vt 0.94707280 0.25591898
vt 0.95484304 0.26135302
vt 0.95294040 0.34310150
vt 0.94492823 0.34186375
vt 0.95499754 0.30443311
vt 0.95435286 0.23274827
vt 0.94860983 0.23022598
vt 0.94960594 0.21434939
vt 0.95858037 0.21635640
vt 0.95537841 0.36580914
vt 0.94710350 0.36648405
vt 0.95218152 0.37257105
vt 0.95990360 0.25039816
vt 0.95756763 0.34361041
vt 0.95889235 0.27883774
vt 0.96254969 0.23001850
vt 0.95941132 0.31681681
vt 0.95881337 0.37989557
vt 0.96113986 0.29874486
vt 0.96156037 0.36617517
vt 0.96260512 0.21638626
vt 0.94235873 0.35472256
vt 0.94496542 0.38019854
vt 0.95344651 0.38633633
vt 0.96348488 0.33626604
vt 0.96339804 0.27309936
vt 0.96249473 0.25041437
vt 0.96504426 0.38026142
vt 0.96504426 0.31600249
vt 0.94277960 0.37028885
vt 0.94115043 0.31681120
vt 0.94245344 0.28563333
vt 0.94583297 0.23363191
vt 0.94410539 0.21440136
vt 0.96191150 0.38725489
vt 0.01902655 0.92473960
vt 0.02822132 0.93503630
vt 0.01969678 0.93469262
vt 0.05191676 0.97130203
vt 0.04713983 0.97477019
vt 0.05276030 0.97599602
vt 0.05941005 0.98975044
vt 0.02279193 0.94153410
vt 0.02393448 0.92684102
vt 0.02482757 0.91589028
vt 0.02096270 0.91407031
vt 0.02540111 0.90491992
vt 0.02961029 0.90734684
vt 0.03813902 0.89939457
vt 0.05008983 0.88999444
vt 0.03146662 0.89736605
vt 0.04923084 0.88637859
vt 0.04474539 0.88474673
vt 0.05323322 0.88133329
vt 0.04731540 0.96230412
vt 0.05423294 0.96977562
vt 0.06327433 0.87299466
vt 0.06327434 0.98705214
vt 0.96926290 0.11406261
vt 0.98335326 0.11863261
vt 0.98026341 0.10086685
vt 0.97652793 0.13478196
vt 0.98784405 0.15010196
vt 0.97497571 0.15289235
vt 0.96772355 0.13839203
vt 0.98769540 0.11739773
vt 0.97036618 0.09386200
vt 0.98769414 0.08935589
vt 0.96436715 0.09940785
vt 0.98451358 0.08143032
vt 0.96425813 0.11956632
vt 0.96488219 0.15374333
vt 0.96872461 0.08652192
vt 0.98831141 0.07977432
vt 0.99070799 0.14865559
vt 0.98518944 0.06907308
vt 0.96150440 0.11092651
vt 0.96905315 0.07369822
vt 0.96391201 0.08359009
vt 0.99070799 0.09542841
vt 0.82389587 0.02175939
vt 0.82198906 0.02925497
vt 0.86233497 0.02189720
vt 0.86215258 0.02743030
vt 0.81392896 0.02362764
vt 0.81460881 0.03514534
vt 0.86238939 0.01625317
vt 0.82746285 0.01617205
vt 0.81371683 0.01617420
vt 0.84798408 0.01220715
vt 0.82547402 0.01150107
vt 0.86214328 0.00881648
vt 0.81422752 0.00757575
vt 0.83231872 0.03610462
vt 0.82123083 0.03877008
vt 0.86238939 0.03499532
vt 0.55371809 0.38789666
vt 0.51197267 0.38372767
vt 0.55713010 0.38255578
vt 0.61194688 0.38717443
vt 0.59065992 0.38248664
vt 0.54425210 0.38101602
vt 0.54768580 0.38903743
vt 0.52718401 0.38879120
vt 0.52326638 0.38793290
vt 0.49867257 0.38903743
vt 0.83900869 0.21893579
vt 0.85210812 0.21952188
vt 0.84689248 0.19748563
vt 0.83109701 0.20704591
vt 0.85547513 0.19840777
vt 0.84324992 0.22835380
vt 0.86254656 0.21860784
vt 0.83624077 0.19946218
vt 0.85585546 0.22658730
vt 0.86386180 0.20671201
vt 0.83005977 0.22158653
vt 0.83496064 0.22860962
vt 0.82610619 0.21546453
vt 0.84236950 0.19385028
vt 0.82957506 0.20549256
vt 0.86504424 0.20112544
vt 0.86504424 0.22442347
vt 0.86019993 0.19556504
vt 0.20739155 0.53040308
vt 0.19981174 0.52945477
vt 0.20844239 0.54893845
vt 0.20058118 0.55106795
vt 0.20828441 0.55910087
vt 0.20083886 0.56112987
vt 0.20883335 0.56540722
vt 0.19999932 0.51916760
vt 0.20801780 0.50327504
vt 0.19959052 0.50797099
vt 0.20050049 0.49849916
vt 0.19978052 0.48627543
vt 0.20818567 0.48621368
vt 0.20060614 0.56724906
vt 0.20844813 0.58719128
vt 0.19987570 0.57590234
vt 0.20051673 0.58661300
vt 0.20773467 0.59554720
vt 0.20058437 0.59564024
vt 0.19955753 0.47875172
vt 0.20811027 0.47273636
vt 0.20265320 0.60215962
vt 0.20933685 0.53476804
vt 0.20149307 0.60739750
vt 0.20943823 0.51136798
vt 0.20032367 0.47528160
vt 0.21194690 0.47192514
vt 0.21194690 0.59775937
vt 0.15412946 0.62836778
vt 0.14803097 0.61565137
vt 0.14494599 0.62266231
vt 0.15340073 0.63865644
vt 0.15972228 0.63724905
vt 0.14139898 0.61061710
vt 0.15581250 0.64803714
vt 0.13649915 0.58009452
vt 0.13947318 0.56602430
vt 0.13632031 0.55776417
vt 0.13153012 0.56001496
vt 0.15026534 0.63746518
vt 0.16617154 0.64163864
vt 0.15692702 0.65458441
vt 0.16946903 0.65630656
vt 0.15791380 0.66087341
vt 0.14315885 0.58486038
vt 0.16193534 0.63095206
vt 0.16675676 0.62694657
vt 0.16523914 0.60001516
vt 0.16930830 0.59750897
vt 0.16069749 0.61976564
vt 0.16269448 0.55100477
vt 0.15486245 0.58269608
vt 0.14231290 0.54564214
vt 0.15616478 0.55865026
vt 0.16003421 0.53931731
vt 0.14001831 0.54289562
vt 0.14174263 0.50824505
vt 0.15438494 0.49510592
vt 0.15179870 0.48644465
vt 0.13049768 0.55378187
vt 0.13032329 0.54595619
vt 0.13729070 0.48810589
vt 0.13611557 0.42828202
vt 0.14225753 0.43342507
vt 0.13781309 0.41628402
vt 0.12967105 0.40425825
vt 0.13431492 0.50112385
vt 0.12886301 0.49328279
vt 0.12510617 0.48818314
vt 0.12755819 0.47173119
vt 0.12532651 0.41864741
vt 0.12516835 0.44121683
vt 0.12553221 0.40482789
vt 0.12584482 0.39705884
vt 0.11864380 0.54621607
vt 0.11416378 0.55475473
vt 0.11574677 0.54551572
vt 0.10929204 0.55481261
vt 0.15054682 0.46252990
vt 0.14539075 0.43744075
vt 0.13858612 0.50985968
vt 0.15603457 0.48918700
vt 0.11996508 0.55586708
vt 0.16646497 0.57845706
vt 0.13236244 0.40228319
vt 0.13084385 0.55685061
vt 0.12812622 0.55899137
vt 0.12928778 0.49841356
vt 0.16946903 0.54238927
vt 0.16454737 0.50245726
vt 0.15909503 0.46122283
vt 0.65310025 0.82094455
vt 0.63145071 0.83090615
vt 0.64518458 0.81219143
vt 0.64296681 0.83140445
vt 0.62961841 0.83762753
vt 0.66129726 0.81194955
vt 0.67145205 0.80130678
vt 0.65663147 0.80040848
vt 0.62812620 0.83064508
vt 0.60498065 0.83169526
vt 0.60436821 0.83829081
vt 0.66531652 0.79019940
vt 0.68206054 0.78830117
vt 0.67306536 0.77937388
vt 0.67660147 0.76752979
vt 0.67965519 0.75336790
vt 0.69098145 0.76328355
vt 0.68883973 0.77707106
vt 0.69296461 0.74218482
vt 0.67804408 0.72945946
vt 0.62329715 0.84837902
vt 0.63849658 0.83674270
vt 0.66504842 0.84564883
vt 0.64774567 0.84946781
vt 0.68807125 0.84674287
vt 0.69067585 0.84968257
vt 0.71939862 0.84632933
vt 0.73458469 0.84953767
vt 0.75712603 0.84647483
vt 0.76584500 0.85026491
vt 0.62231833 0.85036290
vt 0.60387665 0.85010612
vt 0.58722866 0.84340358
vt 0.58109409 0.84835285
vt 0.57718289 0.85160428
vt 0.58938855 0.83293664
vt 0.69239283 0.72275996
vt 0.70664936 0.82418382
vt 0.72313988 0.82704049
vt 0.76065922 0.83564627
vt 0.68520838 0.82535517
vt 0.66750646 0.82930249
vt 0.65205097 0.82617271
vt 0.56542021 0.84033340
vt 0.57414037 0.83344257
vt 0.55530971 0.84374243
vt 0.76951051 0.84667307
vt 0.77398252 0.84123075
vt 0.77840507 0.84813863
vt 0.78514165 0.84330767
vt 0.77489287 0.83012241
vt 0.78618693 0.82243443
vt 0.78965360 0.78503758
vt 0.79538423 0.78991288
vt 0.79592073 0.80325752
vt 0.78316534 0.85160428
vt 0.79915065 0.79464734
vt 0.80759215 0.76223999
vt 0.80499214 0.75268394
vt 0.81371683 0.73807794
vt 0.74102890 0.82521820
vt 0.69855303 0.82422966
vt 0.75894594 0.82586128
vt 0.76977581 0.83399326
vt 0.60781658 0.82096052
vt 0.59777272 0.82135069
vt 0.78173494 0.80146354
vt 0.79262245 0.76118886
vt 0.79806244 0.74934918
vt 0.79896659 0.72855115
vt 0.80767852 0.70546579
vt 0.65865785 0.82629150
vt 0.62594652 0.82062262
vt 0.67701721 0.82517397
vt 0.63007969 0.82193619
vt 0.58933377 0.82156515
vt 0.66525722 0.82571942
vt 0.72219366 0.82506174
vt 0.76953977 0.82651842
vt 0.80799627 0.68226379
vt 0.04655092 0.54238188
vt 0.04251549 0.53218675
vt 0.04154405 0.54261875
vt 0.04753635 0.52910829
vt 0.04274628 0.52142680
vt 0.04762183 0.52110291
vt 0.03897255 0.51115602
vt 0.04979783 0.50972193
vt 0.03897707 0.50675607
vt 0.03718383 0.51819164
vt 0.00343817 0.49971426
vt 0.00416154 0.50616491
vt 0.00157702 0.51105374
vt 0.02351619 0.49816859
vt 0.00476049 0.49420679
vt 0.04041498 0.49889779
vt 0.05088495 0.50119776
vt 0.04250516 0.54956985
vt 0.04739619 0.55176926
vt 0.04809413 0.55939007
vt 0.04321877 0.55920100
vt 0.04891152 0.57201624
vt 0.04403359 0.57322633
vt 0.04948913 0.58584726
vt 0.04544418 0.59912872
vt 0.05088495 0.61045277
vt 0.02780676 0.52372372
vt 0.04585766 0.61096257
vt 0.03856144 0.52775615
vt 0.00044248 0.51823670
vt 0.03986085 0.53275472
vt 0.66363627 0.40307355
vt 0.67160273 0.39850485
vt 0.68220288 0.40092325
vt 0.65488350 0.40183103
vt 0.69649643 0.39628464
vt 0.70435530 0.39969432
vt 0.71226239 0.39480269
vt 0.72960085 0.39541745
vt 0.72776705 0.39159870
vt 0.74215031 0.39161104
vt 0.74125308 0.39750075
vt 0.74771148 0.39956319
vt 0.75225884 0.39497012
vt 0.76059824 0.41228139
vt 0.76491636 0.41411906
vt 0.65575033 0.40838122
vt 0.62981814 0.41190529
vt 0.63953906 0.40267122
vt 0.62249261 0.40437824
vt 0.60270596 0.41613835
vt 0.59906840 0.41358376
vt 0.58781660 0.41962624
vt 0.58531952 0.40942049
vt 0.60322678 0.40439636
vt 0.67888778 0.40418506
vt 0.76419973 0.42290556
vt 0.57732469 0.41162491
vt 0.76617324 0.40978456
vt 0.71206170 0.40051055
vt 0.73352629 0.39794254
vt 0.70335728 0.38778615
vt 0.67875236 0.38901889
vt 0.66834760 0.39662266
vt 0.66265136 0.39043880
vt 0.64804423 0.39240354
vt 0.64323074 0.39913183
vt 0.62912178 0.39120758
vt 0.62541640 0.39954484
vt 0.61334747 0.40240765
vt 0.61210346 0.39214301
vt 0.59509319 0.39511913
vt 0.58206403 0.40300429
vt 0.64585960 0.38921022
vt 0.57794219 0.39818960
vt 0.74842936 0.38797212
vt 0.57815492 0.42290556
vt 0.72935772 0.38458109
vt 0.57352692 0.40743256
vt 0.75814217 0.39576876
vt 0.77171010 0.41606319
vt 0.77212387 0.40741932
vt 0.57227373 0.39465976
vt 0.56595504 0.40393686
vt 0.56546235 0.39774013
vt 0.55841571 0.40145481
vt 0.55781406 0.40622795
vt 0.55492204 0.40923941
vt 0.54203540 0.40471560
vt 0.01904187 0.59218353
vt 0.02472012 0.61358094
vt 0.02576397 0.59402388
vt 0.01769002 0.61452764
vt 0.01154235 0.59305960
vt 0.01209022 0.61297065
vt 0.00575221 0.59335929
vt 0.01581091 0.58778965
vt 0.03284402 0.60416132
vt 0.03138598 0.61413574
vt 0.03366533 0.59171802
vt 0.02834633 0.58862436
vt 0.04115044 0.61230397
vt 0.04115044 0.59108084
vt 0.50635636 0.81524307
vt 0.50413203 0.79565430
vt 0.50914812 0.79561305
vt 0.51957482 0.81224155
vt 0.51751566 0.78341722
vt 0.51710808 0.77260995
vt 0.50778311 0.77948779
vt 0.49981105 0.81595367
vt 0.50248486 0.78033602
vt 0.53213251 0.79958910
vt 0.52003306 0.80928779
vt 0.53246683 0.80853087
vt 0.53495574 0.80001771
vt 0.53112721 0.76930332
vt 0.52002817 0.76733875
vt 0.50902057 0.77486503
vt 0.50727713 0.75962740
vt 0.50606006 0.71627390
vt 0.50039667 0.72435290
vt 0.49353474 0.70739084
vt 0.50040507 0.70195085
vt 0.49354598 0.72088563
vt 0.49717769 0.75347185
vt 0.48476109 0.71113348
vt 0.48971725 0.69483966
vt 0.50237203 0.77928913
vt 0.47923097 0.69939160
vt 0.49649832 0.78110594
vt 0.48134765 0.72707772
vt 0.48757595 0.76344299
vt 0.49014527 0.78574204
vt 0.44816315 0.71406710
vt 0.41711801 0.76170605
vt 0.39699048 0.72142857
vt 0.36042139 0.74339485
vt 0.33235005 0.73029029
vt 0.35586587 0.80407476
vt 0.33951163 0.78116637
vt 0.42481574 0.79483336
vt 0.47450393 0.78854263
vt 0.33258018 0.80639583
vt 0.28428730 0.77671105
vt 0.29423589 0.81163085
vt 0.24905595 0.80897832
vt 0.26119834 0.81595367
vt 0.24702089 0.78062421
vt 0.28241128 0.73699194
vt 0.24755464 0.74050885
vt 0.23236710 0.77446324
vt 0.23935023 0.80701828
vt 0.23396833 0.75473613
vt 0.22778998 0.80794823
vt 0.27792618 0.73141938
vt 0.24473950 0.73063749
vt 0.22772659 0.74424684
vt 0.48390672 0.78913766
vt 0.25361207 0.81457478
vt 0.32518986 0.72614855
vt 0.22360909 0.76569080
vt 0.39076874 0.71744144
vt 0.43180311 0.71148825
vt 0.24640773 0.72212923
vt 0.47889128 0.69101453
vt 0.41954628 0.70211607
vt 0.39278936 0.70168322
vt 0.34706691 0.71351737
vt 0.22809204 0.73683101
vt 0.23848607 0.72470999
vt 0.31467149 0.71165115
vt 0.21727711 0.79582149
vt 0.21818464 0.80902451
vt 0.22042635 0.74738145
vt 0.46486244 0.79298300
vt 0.21725664 0.76913494
vt 0.38923621 0.69926596
vt 0.24556394 0.71770120
vt 0.48718706 0.69029421
vt 0.47794083 0.68850267
vt 0.50645214 0.70940131
vt 0.51587433 0.73618144
vt 0.49350914 0.69302791
vt 0.23499642 0.72360933
vt 0.20095180 0.92928070
vt 0.20298328 0.90331692
vt 0.19678937 0.93725955
vt 0.19565932 0.90313077
vt 0.21106194 0.93651223
vt 0.21015193 0.92553014
vt 0.20879680 0.91103607
vt 0.20974626 0.93983960
vt 0.20896417 0.90240639
vt 0.19424778 0.93983960
vt 0.19454263 0.92623842
vt 0.99647003 0.53233707
vt 0.96193683 0.53432196
vt 0.99594414 0.52656502
vt 0.96147591 0.52732748
vt 0.96329051 0.53871983
vt 0.99684334 0.53877008
vt 0.99690264 0.52220714
vt 0.96061945 0.53877008
vt 0.96151942 0.52900141
vt 0.99577564 0.52005345
vt 0.96089149 0.52181119
vt 0.04932401 0.69830662
vt 0.04252554 0.71737081
vt 0.05090956 0.71733660
vt 0.04181951 0.69883537
vt 0.04344046 0.72860962
vt 0.05091487 0.72854811
vt 0.03584071 0.72852534
vt 0.03660945 0.69839704
vt 0.03688330 0.71717960
vt 0.05564378 0.69855219
vt 0.05873570 0.71915656
vt 0.05973451 0.72855306
vt 0.05973451 0.69857180
vt 0.26463908 0.22416091
vt 0.27132645 0.21363914
vt 0.25254634 0.21491224
vt 0.25556976 0.22604668
vt 0.26011524 0.23837048
vt 0.27448291 0.22096932
vt 0.26860240 0.23441958
vt 0.25693834 0.24641371
vt 0.27031204 0.25233495
vt 0.25348037 0.23762470
vt 0.25164592 0.24529290
vt 0.25149605 0.25374341
vt 0.24513061 0.21424496
vt 0.26106852 0.20766151
vt 0.25196892 0.20775235
vt 0.24971700 0.25657785
vt 0.27085900 0.23030490
vt 0.26948130 0.25891268
vt 0.24469027 0.20343220
vt 0.24561115 0.22371453
vt 0.26501364 0.20657146
vt 0.27100244 0.20203596
vt 0.27606544 0.21063119
vt 0.26652509 0.19652408
vt 0.27743363 0.20185655
vt 0.27743363 0.22757649
vt 0.24906646 0.24016845
vt 0.24930927 0.22990459
vt 0.92442435 0.27430773
vt 0.92506224 0.26607192
vt 0.90969539 0.27345181
vt 0.93779439 0.27108979
vt 0.90854889 0.26370740
vt 0.89665329 0.27608746
vt 0.89560181 0.26055396
vt 0.93718749 0.26156014
vt 0.93938053 0.25626153
vt 0.92357111 0.25844622
vt 0.89513272 0.25514066
vt 0.89622778 0.28067243
vt 0.93729883 0.27860862
vt 0.93938053 0.28386807
vt 0.92616034 0.28177094
vt 0.93520170 0.25321317
vt 0.92330980 0.25178254
vt 0.72355884 0.16329336
vt 0.71579480 0.15226710
vt 0.71645623 0.17130882
vt 0.72298360 0.17710626
vt 0.72351199 0.14769310
vt 0.71837145 0.13526547
vt 0.71655303 0.18706506
vt 0.72309333 0.18424517
vt 0.72322136 0.19534332
vt 0.71716022 0.19527793
vt 0.71548671 0.13411868
vt 0.72390711 0.13593483
vt 0.72433627 0.13023198
vt 0.72364128 0.12672192
vt 0.71593517 0.12344027
vt 0.71789181 0.20881891
vt 0.72272778 0.20553601
vt 0.72396421 0.21224773
vt 0.71845144 0.21716595
vt 0.72304642 0.22186285
vt 0.71901566 0.22918594
vt 0.72314739 0.23161936
vt 0.71826363 0.23596460
vt 0.72433627 0.23841453
vt 0.71808690 0.24275213
vt 0.72379023 0.24531686
vt 0.71833903 0.25227588
vt 0.72349435 0.25713015
vt 0.28656903 0.96417421
vt 0.27810180 0.96298528
vt 0.28047937 0.98975044
vt 0.28736687 0.98949420
vt 0.27782929 0.95275724
vt 0.28788665 0.95263648
vt 0.27654868 0.98957562
vt 0.29201400 0.96483344
vt 0.29424778 0.98968387
vt 0.29424778 0.95053476
vt 0.44983247 0.33687878
vt 0.42552537 0.33803642
vt 0.45163280 0.33041441
vt 0.46024504 0.33741236
vt 0.46349439 0.33021390
vt 0.46972790 0.33226097
vt 0.41618308 0.33372766
vt 0.40172720 0.34014839
vt 0.41176927 0.33296311
vt 0.38042831 0.34150207
vt 0.38221872 0.33737910
vt 0.46818751 0.33966839
vt 0.48104146 0.33966929
vt 0.37762904 0.34113204
vt 0.35442477 0.34180033
vt 0.47712511 0.34153479
vt 0.48467651 0.34180033
vt 0.49424779 0.33876979
vt 0.82716286 0.14754248
vt 0.83277655 0.14952219
vt 0.82214695 0.13820374
vt 0.83318585 0.13485837
vt 0.81991148 0.13430738
vt 0.82456964 0.15165830
vt 0.83318585 0.15463459
vt 0.82507271 0.13276184
vt 0.82024789 0.12878788
vt 0.71982867 0.02565408
vt 0.73070616 0.03293604
vt 0.72043771 0.03555989
vt 0.70939398 0.03357279
vt 0.71288669 0.04095310
vt 0.73037428 0.04233509
vt 0.70677704 0.02659494
vt 0.73307168 0.02252698
vt 0.71720308 0.01980162
vt 0.72461438 0.01041722
vt 0.71924502 0.00970012
vt 0.71103966 0.01401621
vt 0.73571700 0.01587749
vt 0.70398229 0.01976967
vt 0.73837668 0.02765477
vt 0.73938054 0.02299041
vt 0.73608643 0.00924170
vt 0.72957808 0.00650233
vt 0.73790151 0.03680295
vt 0.70545357 0.04233509
vt 0.71431947 0.00401068
vt 0.43731394 0.35706079
vt 0.44795367 0.34925801
vt 0.45076266 0.35955632
vt 0.44259530 0.36718404
vt 0.45322967 0.36620855
vt 0.43584070 0.36594272
vt 0.43751335 0.34597683
vt 0.46218368 0.35304213
vt 0.45552227 0.34795547
vt 0.46245253 0.35799706
vt 0.46468231 0.34771788
vt 0.46592921 0.36416358
vt 0.46271887 0.36830831
vt 0.45152378 0.34277242
vt 0.44455266 0.34001780
vt 0.46368527 0.34196734
vt 0.45197144 0.37388593
vt 0.43845347 0.37388593
vt 0.53528339 0.85454047
vt 0.53412831 0.86961240
vt 0.54656649 0.86338669
vt 0.52705413 0.85371298
vt 0.54527318 0.87130070
vt 0.52582997 0.86763549
vt 0.54904288 0.85606200
vt 0.53468955 0.84358287
vt 0.54208332 0.84651494
vt 0.53639168 0.87566870
vt 0.53958762 0.87956893
vt 0.55176991 0.84915990
vt 0.55176991 0.86633223
vt 0.51991153 0.85947812
vt 0.54636252 0.87948060
vt 0.53344774 0.88279855
vt 0.52035254 0.86963445
vt 0.55115312 0.87412488
vt 0.52692866 0.84583610
vt 0.96630764 0.72278005
vt 0.97526377 0.71691430
vt 0.98284578 0.72919124
vt 0.98520726 0.72048062
vt 0.97342229 0.73620629
vt 0.96664768 0.73534638
vt 0.96775991 0.71508569
vt 0.98002315 0.71009690
vt 0.96041000 0.73076552
vt 0.96144134 0.73752791
vt 0.98450518 0.73559481
vt 0.98732692 0.71218085
vt 0.98289806 0.70680612
vt 0.99139374 0.72069192
vt 0.97901654 0.74286985
vt 0.95970327 0.71869153
vt 0.99172795 0.70098037
vt 0.99513274 0.71284544
vt 0.96354914 0.70886636
vt 0.95530975 0.73666596
vt 0.95763731 0.74286985
vt 0.95707697 0.70818132
vt 0.93628806 0.74429011
vt 0.94203538 0.72946364
vt 0.92838395 0.73417836
vt 0.93078065 0.72498995
vt 0.92889428 0.74318266
vt 0.94069499 0.72214156
vt 0.93049091 0.71958137
vt 0.93475527 0.74821746
vt 0.92610621 0.72007847
vt 0.93018126 0.71664500
vt 0.94203538 0.71632308
vt 0.93982744 0.71345812
vt 0.92619348 0.74634004
vt 0.74873310 0.15900874
vt 0.74274784 0.15899730
vt 0.74532157 0.17658478
vt 0.75013709 0.14755088
vt 0.74080420 0.14750445
vt 0.73985004 0.17620784
vt 0.74344319 0.19604135
vt 0.75176990 0.19652408
vt 0.75176990 0.17658842
vt 0.73561758 0.19626331
vt 0.73735535 0.15885043
vt 0.73407078 0.18160850
vt 0.94366878 0.39932454
vt 0.95182091 0.40481192
vt 0.94642097 0.38986039
vt 0.94353664 0.41082036
vt 0.95265484 0.41509032
vt 0.95265484 0.39076114
vt 0.93761063 0.40159571
vt 0.93765587 0.40916193
vt 0.94013995 0.38458109
vt 0.93873692 0.41666663
vt 0.89917290 0.23065281
vt 0.88805312 0.23103142
vt 0.89088202 0.22249818
vt 0.89309168 0.23331201
vt 0.89822400 0.22039354
vt 0.90575224 0.23343492
vt 0.90575224 0.21969700
vt 0.89931011 0.23573977
vt 0.08898296 0.65484560
vt 0.08541180 0.65582794
vt 0.08531382 0.67054808
vt 0.08106211 0.67557555
vt 0.08655976 0.65212923
vt 0.08222833 0.67795920
vt 0.07970101 0.67869878
vt 0.07389381 0.66637182
vt 0.07550512 0.65946835
vt 0.08069967 0.65135467
vt 0.08639350 0.64661318
vt 0.09070797 0.65026486
vt 0.09070797 0.67846149
vt 0.91662866 0.73860580
vt 0.91463405 0.72169769
vt 0.90628189 0.73580998
vt 0.90882331 0.71706426
vt 0.90715754 0.74389040
vt 0.90412337 0.71871454
vt 0.90670586 0.70008910
vt 0.91490412 0.74833918
vt 0.90221238 0.73842108
vt 0.91922617 0.74250704
vt 0.90505612 0.75028628
vt 0.91991150 0.75267380
vt 0.91991150 0.72248781
vt 0.19641328 0.79099822
vt 0.19599918 0.72593582
vt 0.19389920 0.78799438
vt 0.19354574 0.74338585
vt 0.19867256 0.79014587
vt 0.19867256 0.72628129
vt 0.19247788 0.78980345
vt 0.10277437 0.60091722
vt 0.11055289 0.61896753
vt 0.10684010 0.59416026
vt 0.10231485 0.61778265
vt 0.11317685 0.63936532
vt 0.10426155 0.63090521
vt 0.10045312 0.57453692
vt 0.10369312 0.56373680
vt 0.11308039 0.65328735
vt 0.10364622 0.64489615
vt 0.10797658 0.67245388
vt 0.11826825 0.66665298
vt 0.09185068 0.54837769
vt 0.12015686 0.67266285
vt 0.09429560 0.63888329
vt 0.09251422 0.61610758
vt 0.09254573 0.59445781
vt 0.10013638 0.59089786
vt 0.09157793 0.56844538
vt 0.09592119 0.65491939
vt 0.09553419 0.53906345
vt 0.09604938 0.51165950
vt 0.10231765 0.51703501
vt 0.10847255 0.49983740
vt 0.10021650 0.53965437
vt 0.10361717 0.54781026
vt 0.09749120 0.67041427
vt 0.10046205 0.49892962
vt 0.09859096 0.67884302
vt 0.11321195 0.49955606
vt 0.09308037 0.50618857
vt 0.11511310 0.48975044
vt 0.12345133 0.49363542
vt 0.08893805 0.51954401
vt 0.11018360 0.68197644
vt 0.10671244 0.68404633
vt 0.11488657 0.64077479
vt 0.10926629 0.59585422
vt 0.12039864 0.68093652
vt 0.11857774 0.50121480
vt 0.12345133 0.68158507
vt 0.78653073 0.37803686
vt 0.78069586 0.37910962
vt 0.78358215 0.40502787
vt 0.78371269 0.36805761
vt 0.77835679 0.40508020
vt 0.77790481 0.36741984
vt 0.78813696 0.40484458
vt 0.77654868 0.38114691
vt 0.79072303 0.36886299
vt 0.79247791 0.40458655
vt 0.79247791 0.36229944
vt 0.29313871 0.01933670
vt 0.29274309 0.01168293
vt 0.29471853 0.01297104
vt 0.28730965 0.01927185
vt 0.28716815 0.01114082
vt 0.28739980 0.02629232
vt 0.30179769 0.01842284
vt 0.32850885 0.01482308
vt 0.32876107 0.02034807
vt 0.32865539 0.02595896
vt 0.29395774 0.02629232
vt 0.30345699 0.02488923
vt 0.84996897 0.15461296
vt 0.84692013 0.16271633
vt 0.84072226 0.16054088
vt 0.83589923 0.17648292
vt 0.84327811 0.18286633
vt 0.83213866 0.18467075
vt 0.84816688 0.15031004
vt 0.84930664 0.16685885
vt 0.85491973 0.15682513
vt 0.82531410 0.18177849
vt 0.82657421 0.17630976
vt 0.83280414 0.16769803
vt 0.83516061 0.16221946
vt 0.84139997 0.19206774
vt 0.83871752 0.15304548
vt 0.85582954 0.14860684
vt 0.82044089 0.19140029
vt 0.83803427 0.14839572
vt 0.86150444 0.15053654
vt 0.82676214 0.16558987
vt 0.81401694 0.18708748
vt 0.83058268 0.15863627
vt 0.80928546 0.19206774
vt 0.82183534 0.17091084
vt 0.82506037 0.15913486
vt 0.81469154 0.15960330
vt 0.80364615 0.16023874
vt 0.80381513 0.18699384
vt 0.79681826 0.16516471
vt 0.79424781 0.17723715
vt 0.81791979 0.15232587
vt 0.80582517 0.15287304
vt 0.79506397 0.18507797
vt 0.20537418 0.46002042
vt 0.20252071 0.44167542
vt 0.20920055 0.44323862
vt 0.20139258 0.43181819
vt 0.20909391 0.43231249
vt 0.21340536 0.46033871
vt 0.21544293 0.43225765
vt 0.19676486 0.46020025
vt 0.19682316 0.44141257
vt 0.21725664 0.44307005
vt 0.18893805 0.43182170
vt 0.18964489 0.46033871
vt 0.18909691 0.44072533
vt 0.03976429 0.18203568
vt 0.04806565 0.18715799
vt 0.03759112 0.18849987
vt 0.03342118 0.18280059
vt 0.03326828 0.17453575
vt 0.04047447 0.17008257
vt 0.04288236 0.17496657
vt 0.04307762 0.18164450
vt 0.02964602 0.17025405
vt 0.03515571 0.16352510
vt 0.04426203 0.16176474
vt 0.03523588 0.19474149
vt 0.05599856 0.19474155
vt 0.05561062 0.18680191
vt 0.04997743 0.18201733
vt 0.05255124 0.17464107
vt 0.05958660 0.17963207
vt 0.05045615 0.17539185
vt 0.05757707 0.17000341
vt 0.06327434 0.17233866
vt 0.06289993 0.18441433
vt 0.06116691 0.19274700
vt 0.70082349 0.42017245
vt 0.70289242 0.41539896
vt 0.71375781 0.42279220
vt 0.68897402 0.42090017
vt 0.69212818 0.42603844
vt 0.71253091 0.42635167
vt 0.72678310 0.42683518
vt 0.72158790 0.42330527
vt 0.73654139 0.42488813
vt 0.68100911 0.42710644
vt 0.74342591 0.42736185
vt 0.74177885 0.42394018
vt 0.75393224 0.42725867
vt 0.75310349 0.42385119
vt 0.71398044 0.40987754
vt 0.72673380 0.41380847
vt 0.68629569 0.41479522
vt 0.72389269 0.40771461
vt 0.76150441 0.42665821
vt 0.69834661 0.40962362
vt 0.68448734 0.41250575
vt 0.73931938 0.40686274
vt 0.75055778 0.40798914
vt 0.68130535 0.42385268
vt 0.67566371 0.42736185
vt 0.68072855 0.41467118
vt 0.55394369 0.78718853
vt 0.55924559 0.76995867
vt 0.56045908 0.77639204
vt 0.56480211 0.78769368
vt 0.54797095 0.77971423
vt 0.55162585 0.77133745
vt 0.54342955 0.78826213
vt 0.54308647 0.77711117
vt 0.54331362 0.77047056
vt 0.53892213 0.77005577
vt 0.53576678 0.77995735
vt 0.53495574 0.78814781
vt 0.55063260 0.79188949
vt 0.56349248 0.79188949
vt 0.56631553 0.76782531
vt 0.56946903 0.77366269
vt 0.04867265 0.78954220
vt 0.04613803 0.80571854
vt 0.05356156 0.80631316
vt 0.05410026 0.78921568
vt 0.04908271 0.81855977
vt 0.05619469 0.81862748
vt 0.04167587 0.78966933
vt 0.03946801 0.81851000
vt 0.03706650 0.80746800
vt 0.03439841 0.78923279
vt 0.03407080 0.81855977
vt 0.16371582 0.99348569
vt 0.16387174 0.99778813
vt 0.14516966 0.99474132
vt 0.13815300 0.98999804
vt 0.12963670 0.99095690
vt 0.18464096 0.99617773
vt 0.16607702 0.99115211
vt 0.12210108 0.99653077
vt 0.11807514 0.98919940
vt 0.14538810 0.99688774
vt 0.11040573 0.99735546
vt 0.18097223 0.99866313
vt 0.10614189 0.98885918
vt 0.09867257 0.99866313
vt 0.19070797 0.99569881
vt 0.05214353 0.22437596
vt 0.05590791 0.22876650
vt 0.05934810 0.22355229
vt 0.06196298 0.21057475
vt 0.04847555 0.23700666
vt 0.06882264 0.21141750
vt 0.07124130 0.19884324
vt 0.07973329 0.19688082
vt 0.07941583 0.18949741
vt 0.04972672 0.24136025
vt 0.08219444 0.19620037
vt 0.09024324 0.17882472
vt 0.04541470 0.25079048
vt 0.04796634 0.26269817
vt 0.04380531 0.27211636
vt 0.04839443 0.28689378
vt 0.04384162 0.29179692
vt 0.04949910 0.30697775
vt 0.04516513 0.32254827
vt 0.04874494 0.32889771
vt 0.04483775 0.33949268
vt 0.05061736 0.35517251
vt 0.04546679 0.37952971
vt 0.04681259 0.39433867
vt 0.05207297 0.37721419
vt 0.05280892 0.40509593
vt 0.04768213 0.41046441
vt 0.05439033 0.42028403
vt 0.05090779 0.42362022
vt 0.05190470 0.32373857
vt 0.05460323 0.38684404
vt 0.06387938 0.43232787
vt 0.06027638 0.43983400
vt 0.07226428 0.45419490
vt 0.08714320 0.46267784
vt 0.08471741 0.46644318
vt 0.09246401 0.46875894
vt 0.09203423 0.47683090
vt 0.09333955 0.46423054
vt 0.09557502 0.47994649
vt 0.05210058 0.30149555
vt 0.05271644 0.28669858
vt 0.05048901 0.26693380
vt 0.05350175 0.24197733
vt 0.06026993 0.24362063
vt 0.05847724 0.26765919
vt 0.07006529 0.22343057
vt 0.05991484 0.30003947
vt 0.05551212 0.32350266
vt 0.07277798 0.22211027
vt 0.07870937 0.20979363
vt 0.09155472 0.19516075
vt 0.09205932 0.18873274
vt 0.10132743 0.18591928
vt 0.09511680 0.18502903
vt 0.05318477 0.35020214
vt 0.05527516 0.36947006
vt 0.09611870 0.17424244
vt 0.07398707 0.42941189
vt 0.08019847 0.43989646
vt 0.08421507 0.44283748
vt 0.07502279 0.44450605
vt 0.06826092 0.43427312
vt 0.06975282 0.42139661
vt 0.05624715 0.41815567
vt 0.06553829 0.41298735
vt 0.05774093 0.40346771
vt 0.06442609 0.40265894
vt 0.06317205 0.38712180
vt 0.06237914 0.37177128
vt 0.06008434 0.35640627
vt 0.06138805 0.34024531
vt 0.06255294 0.32042229
vt 0.08697193 0.45901495
vt 0.08905458 0.45639855
vt 0.10132743 0.46472090
vt 0.20123260 0.84312314
vt 0.21488404 0.84272444
vt 0.21420167 0.84972793
vt 0.20338883 0.85213631
vt 0.22307052 0.85342127
vt 0.22490239 0.84103560
vt 0.22122344 0.83548981
vt 0.21006116 0.83275157
vt 0.21792214 0.83267283
vt 0.19933911 0.83236957
vt 0.20291075 0.85733747
vt 0.20388758 0.82774138
vt 0.19788870 0.85385215
vt 0.19690265 0.84067816
vt 0.22282405 0.86319071
vt 0.22432108 0.82575756
vt 0.22876106 0.83261210
vt 0.20128760 0.86319071
vt 0.80612588 0.28013825
vt 0.79993576 0.27482331
vt 0.80682892 0.27336729
vt 0.81399071 0.27928901
vt 0.81090355 0.26378328
vt 0.80643857 0.25953245
vt 0.81773186 0.26217484
vt 0.79665422 0.26083338
vt 0.79707056 0.28286660
vt 0.81231242 0.28565061
vt 0.79239285 0.27767557
vt 0.80106032 0.25582284
vt 0.79208660 0.26228094
vt 0.79290748 0.25356507
vt 0.79093671 0.28565061
vt 0.78628320 0.25533795
vt 0.81987077 0.28278071
vt 0.82345134 0.26545286
vt 0.96769607 0.90690887
vt 0.96305805 0.90460569
vt 0.96335924 0.92583054
vt 0.96993065 0.91505897
vt 0.96681684 0.94117832
vt 0.96694261 0.88208163
vt 0.95930791 0.88665575
vt 0.96726465 0.85082179
vt 0.96136099 0.84897393
vt 0.96881860 0.83353800
vt 0.96547884 0.82153851
vt 0.96045363 0.81329066
vt 0.96431160 0.79678577
vt 0.97061032 0.80487370
vt 0.97252184 0.78611755
vt 0.96600956 0.78386807
vt 0.97300887 0.94251335
vt 0.97059101 0.89225811
vt 0.97117746 0.85448217
vt 0.97300887 0.83116847
vt 0.95551574 0.80124730
vt 0.95912802 0.78524005
vt 0.95496327 0.81503010
vt 0.95748216 0.83822703
vt 0.95773053 0.85659313
vt 0.95398784 0.86842406
vt 0.95394093 0.90367430
vt 0.95913011 0.91761535
vt 0.95811045 0.94088686
vt 0.95373297 0.84688938
vt 0.95353985 0.91414815
vt 0.95592439 0.92883986
vt 0.95415837 0.78757989
vt 0.08754723 0.88589621
vt 0.08474621 0.87678587
vt 0.09758924 0.88613623
vt 0.07677940 0.88624835
vt 0.07512685 0.87152970
vt 0.07953331 0.87121212
vt 0.10923231 0.88234073
vt 0.11088169 0.88814616
vt 0.06821468 0.88655037
vt 0.11283186 0.88330668
vt 0.10928906 0.87998772
vt 0.07100563 0.87408632
vt 0.06415929 0.88814616
vt 0.78089720 0.73363721
vt 0.77818757 0.71670109
vt 0.78574878 0.71866035
vt 0.77418935 0.71911132
vt 0.78937006 0.73351610
vt 0.77530086 0.73819238
vt 0.76825380 0.72821420
vt 0.76654452 0.71798807
vt 0.76359093 0.73841357
vt 0.75973451 0.72745705
vt 0.76003754 0.71781081
vt 0.78795671 0.73841357
vt 0.78906399 0.71460027
vt 0.76906013 0.71023500
vt 0.79336286 0.72205925
vt 0.78206813 0.70861679
vt 0.79056418 0.70811051
vt 0.75982529 0.70883459
vt 0.51292276 0.57984358
vt 0.51269704 0.56654733
vt 0.51062959 0.58254665
vt 0.51976949 0.57792991
vt 0.51991153 0.56912768
vt 0.51762468 0.55282438
vt 0.51246172 0.54339910
vt 0.51564080 0.58680969
vt 0.51991153 0.58711547
vt 0.51544678 0.54287910
vt 0.51467234 0.53126442
vt 0.51968312 0.54243684
vt 0.51857203 0.52880061
vt 0.51045036 0.56477958
vt 0.50840706 0.57516444
vt 0.51310468 0.59491980
vt 0.51662439 0.52094471
vt 0.04368695 0.12117869
vt 0.04301067 0.10115862
vt 0.03698294 0.11948013
vt 0.03498059 0.10171390
vt 0.03997139 0.13144863
vt 0.03046863 0.13146168
vt 0.02964602 0.11908877
vt 0.02995994 0.10191441
vt 0.04911504 0.13143396
vt 0.04844439 0.12008929
vt 0.04911504 0.10130721
vt 0.61062980 0.01384270
vt 0.60871822 0.02005351
vt 0.59778762 0.01379484
vt 0.59826565 0.01962453
vt 0.62907624 0.01877731
vt 0.61854309 0.01226938
vt 0.62766421 0.00860828
vt 0.63672566 0.00756246
vt 0.63582850 0.02005351
vt 0.63194877 0.00579321
vt 0.16769911 0.25607347
vt 0.17139225 0.28297687
vt 0.17389381 0.26557720
vt 0.17054047 0.25340706
vt 0.16884594 0.23875469
vt 0.17166871 0.23183602
vt 0.16898338 0.22820640
vt 0.17389379 0.21434939
vt 0.11942162 0.61208010
vt 0.12801360 0.60896516
vt 0.12133048 0.59634423
vt 0.12888506 0.59532291
vt 0.12907383 0.61752784
vt 0.13207483 0.61302155
vt 0.12247829 0.62243080
vt 0.13230088 0.62344027
vt 0.11393214 0.59402853
vt 0.11417051 0.61072493
vt 0.11371681 0.62344027
vt 0.82844847 0.48630583
vt 0.82693571 0.47714961
vt 0.82171726 0.47633070
vt 0.82274491 0.49027014
vt 0.82408577 0.49688053
vt 0.82465708 0.46993303
vt 0.81902653 0.48694229
vt 0.82964599 0.47054571
vt 0.82792747 0.46657753
vt 0.82964599 0.49376816
vt 0.83755827 0.98486871
vt 0.82435483 0.98172903
vt 0.82069421 0.98656571
vt 0.81123084 0.98340809
vt 0.80916870 0.98859090
vt 0.80038470 0.98572254
vt 0.79955751 0.99064171
vt 0.85147822 0.98224235
vt 0.85324955 0.98506075
vt 0.88097346 0.99064171
vt 0.80027604 0.98269910
vt 0.86201245 0.98325104
vt 0.87654144 0.98738945
vt 0.87888962 0.98688775
vt 0.26921755 0.34013689
vt 0.25668678 0.32788962
vt 0.27300885 0.33496284
vt 0.25610879 0.33783770
vt 0.24119622 0.33243233
vt 0.23744728 0.32136327
vt 0.26631707 0.32720476
vt 0.22987822 0.32263482
vt 0.24421100 0.31079936
vt 0.23038617 0.30512708
vt 0.22774933 0.29767931
vt 0.22078468 0.31597978
vt 0.22850931 0.33167857
vt 0.21382320 0.30030841
vt 0.21763036 0.32207990
vt 0.21533772 0.28809309
vt 0.26308653 0.35160428
vt 0.20109588 0.29382974
vt 0.20419142 0.28286570
vt 0.20515478 0.31220686
vt 0.20996809 0.33309460
vt 0.19540837 0.32218409
vt 0.19233660 0.31757110
vt 0.18881272 0.29248667
vt 0.17479920 0.31613153
vt 0.16720518 0.29583967
vt 0.15587562 0.31304896
vt 0.14772801 0.31363106
vt 0.15444614 0.29754615
vt 0.11615647 0.32033134
vt 0.13240440 0.31943423
vt 0.11590426 0.33152115
vt 0.11971270 0.31006539
vt 0.13217372 0.33194864
vt 0.12462990 0.33884341
vt 0.14074403 0.32451910
vt 0.15263490 0.31780350
vt 0.10575221 0.34311908
vt 0.11332189 0.35160428
vt 0.19211029 0.27852046
vt 0.18158647 0.27978694
vt 0.89297676 0.18277133
vt 0.89236498 0.19001710
vt 0.90170336 0.18915838
vt 0.90219653 0.18244416
vt 0.90309733 0.17364931
vt 0.89159292 0.17258161
vt 0.90309733 0.16800356
vt 0.90135407 0.19898272
vt 0.89242375 0.20092034
vt 0.90066189 0.20889956
vt 0.89191759 0.21078432
vt 0.54412454 0.72995043
vt 0.53342491 0.73182899
vt 0.53789216 0.72428036
vt 0.52778220 0.72306556
vt 0.52317637 0.72655457
vt 0.52361780 0.73752230
vt 0.51725662 0.73179746
vt 0.53401530 0.71930897
vt 0.54638588 0.72048420
vt 0.54040307 0.71524066
vt 0.55119801 0.73752230
vt 0.54782271 0.73444110
vt 0.54253834 0.73297089
vt 0.55530971 0.73271948
vt 0.55280870 0.72201264
vt 0.69482380 0.23467070
vt 0.68788737 0.22751260
vt 0.68836182 0.24436176
vt 0.69474459 0.24204004
vt 0.69519645 0.22277951
vt 0.68392628 0.21784663
vt 0.68473858 0.22586715
vt 0.67935747 0.22572762
vt 0.67884946 0.23081523
vt 0.67665213 0.21434939
vt 0.67412108 0.22561109
vt 0.67007184 0.23431879
vt 0.67470956 0.23931360
vt 0.67220938 0.21896809
vt 0.67127466 0.24554366
vt 0.66769910 0.22725642
vt 0.69543141 0.21461433
vt 0.70044249 0.22275168
vt 0.70044249 0.21502495
vt 0.83493710 0.63829130
vt 0.82511324 0.63700366
vt 0.84017086 0.63009268
vt 0.82079887 0.64926702
vt 0.81374621 0.64303774
vt 0.83365822 0.62621295
vt 0.82295126 0.65465647
vt 0.81809920 0.65658474
vt 0.84723592 0.62289166
vt 0.84366119 0.62165773
vt 0.81891179 0.63649428
vt 0.80575222 0.64686185
vt 0.80842614 0.65050614
vt 0.84490871 0.63248241
vt 0.84481722 0.64042044
vt 0.85075897 0.63059253
vt 0.85458660 0.63211018
vt 0.86223513 0.62604737
vt 0.85277206 0.62464184
vt 0.84041715 0.64685816
vt 0.83346033 0.64546323
vt 0.84733242 0.64588511
vt 0.86620158 0.63250208
vt 0.86931348 0.62945324
vt 0.81746697 0.66622102
vt 0.85078430 0.65511757
vt 0.86656475 0.64156872
vt 0.86233550 0.65985829
vt 0.85416073 0.65767580
vt 0.87657815 0.64145052
vt 0.87150574 0.65941727
vt 0.87920356 0.64707196
vt 0.84338236 0.65297848
vt 0.87513363 0.63133347
vt 0.86845338 0.66622102
vt 0.98851871 0.36194384
vt 0.98968667 0.34783751
vt 0.98150551 0.35165429
vt 0.98089623 0.36326778
vt 0.97968352 0.37070584
vt 0.98828858 0.37263757
vt 0.97607183 0.36456895
vt 0.98133016 0.37859857
vt 0.97373921 0.37842155
vt 0.99051362 0.38012481
vt 0.99399239 0.36935115
vt 0.99424779 0.35781324
vt 0.99424779 0.37998199
vt 0.97703153 0.34272134
vt 0.99222922 0.34118772
vt 0.98213422 0.33595496
vt 0.97743386 0.33110517
vt 0.97059768 0.34457338
vt 0.96954852 0.33266759
vt 0.99294269 0.33454257
vt 0.97530127 0.35471034
vt 0.96858406 0.35320091
vt 0.99070799 0.16575551
vt 0.98274338 0.16942209
vt 0.99070799 0.17958999
vt 0.98303300 0.17953134
vt 0.99013543 0.16125184
vt 0.98414922 0.16229600
vt 0.98536873 0.15819967
vt 0.00666429 0.22322738
vt 0.01152430 0.22945255
vt 0.01237398 0.22036868
vt 0.00613500 0.23406386
vt 0.01241430 0.21323854
vt 0.00724561 0.20848298
vt 0.01319520 0.20540595
vt 0.00778359 0.19829559
vt 0.01364424 0.19413638
vt 0.00852611 0.18899220
vt 0.01343589 0.18308842
vt 0.00831164 0.17987370
vt 0.01548673 0.17535871
vt 0.01072915 0.24790519
vt 0.00403155 0.24978262
vt 0.01450719 0.17156482
vt 0.00839185 0.16545415
vt 0.01378509 0.15730840
vt 0.00563645 0.16009450
vt 0.00808160 0.25572526
vt 0.01075731 0.25610197
vt 0.00695008 0.26556897
vt 0.01522412 0.25912666
vt 0.01548673 0.26693404
vt 0.00398230 0.25393152
vt 0.62828314 0.42385423
vt 0.62057394 0.41920197
vt 0.63169438 0.41844916
vt 0.64864856 0.42417991
vt 0.64653033 0.41882277
vt 0.65604007 0.41918886
vt 0.66138852 0.42456084
vt 0.62696606 0.42736185
vt 0.66415930 0.42736185
vt 0.61877906 0.42296720
vt 0.61371684 0.42022967
vt 0.24254356 0.82795542
vt 0.23764613 0.81852406
vt 0.23407079 0.82551044
vt 0.24469027 0.82122058
vt 0.24426550 0.81327987
vt 0.24130359 0.83952445
vt 0.23665866 0.84176010
vt 0.24469027 0.83645314
vt 0.23883206 0.84447414
vt 0.91548675 0.01339394
vt 0.89246124 0.01520455
vt 0.91127592 0.01732218
vt 0.89011776 0.01216054
vt 0.88299811 0.01500279
vt 0.87526321 0.01254141
vt 0.91500634 0.01999897
vt 0.87849927 0.00579321
vt 0.90157551 0.00676763
vt 0.91509050 0.00759065
vt 0.88552082 0.09794849
vt 0.89879489 0.03947484
vt 0.88647562 0.03521854
vt 0.91021132 0.04958206
vt 0.90103465 0.10465294
vt 0.88116348 0.10913372
vt 0.88271821 0.09062326
vt 0.88168502 0.08152831
vt 0.87834507 0.06681198
vt 0.87456137 0.03663909
vt 0.89022315 0.11107552
vt 0.87988061 0.11727768
vt 0.89986169 0.11312258
vt 0.89472479 0.11988688
vt 0.91548675 0.03935933
vt 0.87289977 0.03306401
vt 0.90305799 0.10543144
vt 0.90762645 0.07537317
vt 0.87123895 0.01877242
vt 0.91286749 0.05558705
vt 0.89940304 0.12076652
vt 0.87650400 0.05560875
vt 0.88600165 0.45624399
vt 0.88081419 0.45528519
vt 0.88098735 0.46443224
vt 0.88630390 0.46705389
vt 0.87949288 0.44389296
vt 0.88480860 0.44449788
vt 0.88415235 0.43543738
vt 0.87920356 0.43232214
vt 0.88444453 0.42889607
vt 0.88306504 0.47783482
vt 0.88805312 0.48331094
vt 0.88227719 0.48470932
vt 0.88461477 0.42233610
vt 0.88025308 0.42065620
vt 0.88015509 0.47343409
vt 0.88805312 0.41221035
vt 0.88205332 0.41222095
vt 0.88459492 0.48707664
vt 0.60079652 0.99598932
vt 0.59256095 0.98901272
vt 0.59918201 0.99145168
vt 0.59712911 0.98625034
vt 0.60221517 0.98776990
vt 0.58495933 0.99474150
vt 0.58185840 0.99293733
vt 0.60357440 0.99563223
vt 0.60670829 0.99251258
vt 0.60407621 0.98529410
vt 0.60929203 0.99598932
vt 0.59758425 0.98551255
vt 0.75025624 0.98473781
vt 0.75693434 0.98440284
vt 0.75034070 0.99688059
vt 0.75939953 0.99618250
vt 0.76327431 0.98440796
vt 0.74577045 0.98498905
vt 0.74557525 0.99688059
vt 0.71017766 0.14327729
vt 0.70152241 0.13485539
vt 0.70392162 0.14414155
vt 0.71158504 0.15091562
vt 0.70359051 0.15564609
vt 0.71371680 0.13854027
vt 0.71193200 0.12967914
vt 0.71366161 0.15879321
vt 0.70759910 0.16443849
vt 0.71371680 0.16442823
vt 0.69867259 0.14860284
vt 0.70143288 0.15333486
vt 0.98530823 0.79592025
vt 0.98532659 0.81720567
vt 0.98895913 0.79097193
vt 0.98577482 0.78740561
vt 0.99130857 0.78325331
vt 0.99245799 0.77561158
vt 0.98145473 0.77675557
vt 0.98427528 0.76868141
vt 0.99348509 0.76799464
vt 0.97831857 0.77933800
vt 0.97960949 0.78620601
vt 0.98592538 0.76426023
vt 0.99601769 0.76504779
vt 0.99129367 0.79937077
vt 0.98756850 0.81565362
vt 0.98757517 0.82956725
vt 0.98455608 0.82901376
vt 0.98596680 0.83623177
vt 0.98922324 0.83981174
vt 0.98609501 0.84058374
vt 0.99601769 0.83892810
vt 0.99007690 0.82066834
vt 0.99217886 0.84266555
vt 0.99021959 0.84947371
vt 0.98473734 0.84467131
vt 0.98666853 0.85199058
vt 0.98781168 0.85786617
vt 0.98582894 0.86597139
vt 0.98711133 0.87854159
vt 0.98331755 0.87721771
vt 0.98419160 0.88903743
vt 0.89536524 0.33062685
vt 0.90575224 0.33912659
vt 0.89424777 0.33912659
vt 0.90507632 0.33021390
vt 0.69635385 0.97143251
vt 0.69875628 0.96320897
vt 0.69010806 0.96345538
vt 0.70085460 0.96985757
vt 0.68318355 0.96951461
vt 0.68913335 0.97284871
vt 0.69516408 0.97721660
vt 0.68035054 0.96365201
vt 0.68473756 0.95709729
vt 0.70731574 0.97824091
vt 0.71194702 0.97626275
vt 0.71725667 0.98796791
vt 0.70569927 0.96755898
vt 0.67654866 0.94923919
vt 0.67977214 0.94614840
vt 0.70863283 0.95772731
vt 0.68301779 0.93829465
vt 0.71249318 0.94491833
vt 0.71054047 0.93856305
vt 0.69206566 0.92909586
vt 0.70452935 0.93054473
vt 0.71559674 0.95190072
vt 0.68262547 0.93168837
vt 0.71725667 0.93826735
vt 0.71226525 0.93144661
vt 0.69002551 0.92557931
vt 0.75518250 0.01942110
vt 0.75622958 0.01293576
vt 0.76889932 0.01425225
vt 0.76900905 0.01935029
vt 0.74772561 0.01665866
vt 0.77040815 0.00716567
vt 0.74464703 0.01211965
vt 0.75406933 0.00827974
vt 0.74292034 0.00579321
vt 0.74810523 0.02540106
vt 0.75944322 0.02540106
vt 0.77123892 0.02480191
vt 0.43230087 0.35187250
vt 0.42345133 0.35962856
vt 0.43148661 0.36164808
vt 0.42912734 0.37299466
vt 0.42714331 0.34803921
vt 0.43230090 0.37089407
vt 0.60322261 0.97093517
vt 0.58170331 0.96974236
vt 0.60301387 0.96789145
vt 0.62925535 0.97419304
vt 0.63319451 0.97999841
vt 0.64754647 0.97941256
vt 0.64663965 0.97492850
vt 0.65717691 0.97445077
vt 0.65762532 0.98172903
vt 0.60143954 0.97390407
vt 0.55986351 0.96795326
vt 0.56221306 0.97150004
vt 0.54248446 0.96941733
vt 0.54641908 0.97401577
vt 0.53147775 0.97461796
vt 0.66659158 0.97724599
vt 0.66858405 0.97230983
vt 0.53209573 0.96958417
vt 0.52779835 0.96642601
vt 0.55402613 0.96528316
vt 0.49797148 0.97059923
vt 0.50496817 0.97356886
vt 0.58209950 0.96413416
vt 0.51696098 0.97773337
vt 0.60358357 0.96538174
vt 0.50217426 0.97876543
vt 0.49182609 0.97786641
vt 0.49276161 0.98172903
vt 0.48451328 0.97719014
vt 0.48610175 0.97414470
vt 0.58245176 0.96064603
vt 0.56452429 0.95855618
vt 0.54744017 0.96245533
vt 0.54550427 0.96030015
vt 0.52149183 0.96477270
vt 0.89381748 0.94021308
vt 0.89587581 0.94980788
vt 0.88855535 0.95282167
vt 0.88739169 0.93899542
vt 0.89222521 0.92759556
vt 0.88164115 0.92178881
vt 0.87199682 0.91587454
vt 0.89573747 0.91445613
vt 0.86528331 0.90937364
vt 0.86374205 0.91475183
vt 0.86616772 0.89540625
vt 0.89673746 0.89279395
vt 0.86376512 0.89765233
vt 0.89778763 0.88522428
vt 0.86571610 0.88425517
vt 0.89778763 0.94028586
vt 0.86327434 0.88279855
vt 0.89462632 0.95409983
vt 0.31507313 0.18908548
vt 0.31081897 0.20146704
vt 0.31613356 0.19500822
vt 0.31991151 0.18018347
vt 0.31220019 0.20668703
vt 0.31561324 0.17974645
vt 0.31846911 0.17120218
vt 0.29936260 0.22179186
vt 0.31017739 0.21894324
vt 0.31122482 0.18746930
vt 0.29864883 0.21011746
vt 0.29163480 0.21982974
vt 0.30793419 0.22383511
vt 0.29388699 0.22415328
vt 0.29082307 0.19632900
vt 0.30694807 0.17827284
vt 0.30477783 0.16264963
vt 0.28447896 0.18731803
vt 0.28642902 0.17098814
vt 0.31168336 0.15945959
vt 0.29218149 0.20976990
vt 0.28560916 0.21503532
vt 0.28207991 0.19728905
vt 0.27785972 0.17277068
vt 0.31636837 0.16589797
vt 0.31991151 0.15374333
vt 0.27477875 0.17517042
vt 0.27942494 0.20359546
vt 0.28462493 0.21789819
vt 0.00864651 0.67990428
vt 0.00486539 0.66889483
vt 0.00132743 0.67890626
vt 0.01106195 0.66991293
vt 0.01093146 0.68737406
vt 0.00212890 0.68647599
vt 0.00181559 0.69474155
vt 0.01106195 0.69463229
vt 0.73318583 0.73554367
vt 0.73318583 0.72734714
vt 0.72871935 0.73161507
vt 0.72941834 0.73842210
vt 0.73077935 0.74376112
vt 0.72699118 0.73011404
vt 0.73238170 0.72147948
vt 0.15847898 0.91757655
vt 0.17053659 0.91856593
vt 0.15728378 0.91310161
vt 0.17129177 0.91390526
vt 0.18256555 0.91988707
vt 0.18054457 0.91579485
vt 0.18513533 0.91490752
vt 0.14935851 0.91591269
vt 0.14009921 0.91360891
vt 0.13902396 0.91847050
vt 0.12667379 0.92287767
vt 0.12345133 0.92290550
vt 0.19336283 0.92290550
vt 0.11725663 0.25546336
vt 0.10919777 0.25089931
vt 0.10966452 0.26010543
vt 0.10366528 0.25660461
vt 0.10202750 0.26336896
vt 0.09568188 0.26010394
vt 0.09977465 0.25360465
vt 0.10435542 0.24668813
vt 0.10854743 0.24212587
vt 0.11377852 0.24255145
vt 0.11051798 0.23010468
vt 0.11400098 0.22464597
vt 0.10906738 0.21790445
vt 0.11586361 0.21094990
vt 0.11436500 0.20033330
vt 0.11725663 0.20008910
vt 0.10420626 0.23413920
vt 0.10597271 0.22770047
vt 0.08851294 0.25538135
vt 0.10002370 0.22784275
vt 0.08231995 0.23003131
vt 0.07604026 0.23461264
vt 0.07817676 0.25351691
vt 0.08848730 0.22624904
vt 0.08824762 0.26168627
vt 0.06946903 0.23752701
vt 0.07258016 0.24898160
vt 0.10268518 0.22255182
vt 0.07373727 0.22716862
vt 0.00639129 0.88116795
vt 0.01097528 0.88919348
vt 0.00894611 0.87076038
vt 0.00575221 0.86106348
vt 0.00882495 0.89225477
vt 0.01194690 0.89795011
vt 0.00768647 0.85255605
vt 0.00592960 0.88870907
vt 0.01148880 0.85865456
vt 0.01194690 0.84990722
vt 0.00904756 0.84893048
vt 0.14567457 0.73078328
vt 0.14221816 0.73309106
vt 0.14165848 0.74114490
vt 0.14868918 0.72443241
vt 0.14561664 0.72231460
vt 0.15110777 0.72038507
vt 0.13983607 0.72503179
vt 0.13592471 0.72982436
vt 0.13495575 0.73746353
vt 0.13510410 0.74701267
vt 0.13835381 0.75178254
vt 0.14610322 0.71434939
vt 0.15987623 0.72009885
vt 0.15918110 0.72384864
vt 0.16285263 0.72798711
vt 0.15983957 0.73427957
vt 0.16230877 0.73821366
vt 0.15530299 0.73717433
vt 0.15548472 0.74933571
vt 0.16858406 0.73602515
vt 0.13848050 0.71492827
vt 0.16858406 0.72517216
vt 0.81511748 0.29819822
vt 0.82015276 0.28958905
vt 0.80843955 0.29699975
vt 0.80442834 0.30303836
vt 0.79191762 0.30617547
vt 0.78992671 0.30012232
vt 0.81264126 0.30401063
vt 0.82073647 0.30324632
vt 0.80106378 0.30814075
vt 0.79561335 0.31343865
vt 0.79062098 0.31326944
vt 0.82453573 0.29720098
vt 0.82701540 0.29206699
vt 0.82644010 0.30319715
vt 0.83141595 0.30531776
vt 0.79973632 0.29404891
vt 0.81234133 0.29094422
vt 0.78688645 0.29296505
vt 0.83141595 0.28921568
vt 0.80246526 0.31419361
vt 0.78185838 0.32513422
vt 0.78482777 0.31666493
vt 0.79936850 0.33936828
vt 0.78291112 0.33688533
vt 0.80838424 0.33938861
vt 0.79410130 0.34625667
vt 0.81154078 0.32959723
vt 0.78727502 0.34575605
vt 0.57123893 0.87458009
vt 0.57743365 0.86942959
vt 0.57743365 0.88012475
vt 0.97616625 0.94710213
vt 0.96371269 0.94929641
vt 0.97445816 0.95226711
vt 0.96699649 0.94556427
vt 0.98330176 0.94770080
vt 0.96132714 0.94518715
vt 0.95530975 0.94851309
vt 0.98669350 0.95231730
vt 0.99429101 0.94909060
vt 0.95880324 0.95231730
vt 0.99955750 0.95079154
vt 0.18990742 0.48863572
vt 0.18718879 0.49863148
vt 0.18628319 0.49381667
vt 0.18671858 0.48442715
vt 0.19070797 0.47103387
vt 0.19070797 0.50074148
vt 0.18942888 0.50757575
vt 0.96238941 0.18323672
vt 0.96586365 0.18502265
vt 0.96515107 0.18035334
vt 0.96239012 0.17838079
vt 0.96710807 0.17527568
vt 0.96499377 0.17350793
vt 0.96553081 0.18949836
vt 0.96859133 0.18870813
vt 0.97031659 0.19295901
vt 0.97477877 0.19159198
vt 0.97477877 0.17184025
vt 0.97191745 0.16889483
vt 0.99570769 0.04946524
vt 0.97576785 0.04972982
vt 0.97732443 0.05213904
vt 0.99601769 0.05213904
vt 0.97212392 0.04973215
vt 0.01381441 0.47772741
vt 0.01357306 0.48643184
vt 0.01610790 0.48289418
vt 0.01017699 0.48021424
vt 0.01990696 0.48574817
vt 0.01777942 0.48939550
vt 0.01038642 0.47491288
vt 0.01232045 0.47043097
vt 0.01499927 0.47229218
vt 0.02964602 0.48943710
vt 0.01514040 0.46723258
vt 0.01966870 0.46761239
vt 0.02339882 0.49064171
vt 0.01827938 0.46527773
vt 0.02964602 0.46479499
vt 0.02681378 0.48659861
vt 0.35837856 0.32280278
vt 0.36971939 0.31989920
vt 0.37246862 0.32228494
vt 0.35999104 0.31862748
vt 0.38047317 0.31958699
vt 0.35167032 0.32112634
vt 0.34522277 0.32220352
vt 0.38404468 0.32302332
vt 0.39424780 0.32486629
vt 0.33584070 0.32486629
vt 0.42730275 0.82247782
vt 0.43187684 0.82405835
vt 0.43106782 0.81469822
vt 0.42518601 0.80953401
vt 0.42730781 0.79991090
vt 0.43268412 0.80294567
vt 0.42894244 0.83346128
vt 0.42331821 0.83377898
vt 0.42079645 0.82522136
vt 0.43796366 0.81692195
vt 0.43812412 0.82401538
vt 0.44147807 0.80371863
vt 0.44292036 0.81902587
vt 0.43592846 0.83222276
vt 0.44292036 0.83272487
vt 0.00622895 0.57620847
vt 0.00636189 0.56460285
vt 0.01017925 0.56828994
vt 0.01101816 0.57662022
vt 0.00044248 0.57452250
vt 0.00046622 0.56316191
vt 0.01210985 0.55814517
vt 0.01680699 0.55339617
vt 0.01788318 0.58125347
vt 0.02506505 0.57545596
vt 0.03237098 0.55386358
vt 0.03977010 0.57587671
vt 0.03358310 0.58333331
vt 0.04026549 0.56041819
vt 0.02016731 0.54946524
vt 0.00724765 0.58333331
vt 0.00543082 0.55156469
vt 0.79039514 0.63091695
vt 0.78610331 0.65291286
vt 0.78668469 0.64177567
vt 0.78782433 0.61955816
vt 0.79070795 0.61933482
vt 0.78683424 0.61031687
vt 0.78769964 0.60744762
vt 0.78638554 0.60497034
vt 0.67538971 0.72237074
vt 0.66939062 0.71683854
vt 0.67957062 0.71861041
vt 0.66552216 0.72048914
vt 0.66172361 0.71684432
vt 0.68447483 0.71113265
vt 0.69077551 0.71738541
vt 0.66913188 0.70707780
vt 0.65617698 0.70998609
vt 0.71292984 0.71446216
vt 0.71303678 0.71858436
vt 0.73226547 0.71844888
vt 0.71697134 0.70747209
vt 0.74439609 0.71546960
vt 0.67473477 0.69786745
vt 0.75150621 0.70771641
vt 0.67414463 0.68682152
vt 0.74699688 0.70164120
vt 0.72811353 0.69777673
vt 0.70416516 0.68680662
vt 0.68760455 0.67924392
vt 0.67449075 0.67349386
vt 0.76531219 0.69117332
vt 0.72491217 0.67370999
vt 0.75040138 0.68443727
vt 0.77115476 0.66438246
vt 0.77830821 0.66666901
vt 0.70904517 0.65881705
vt 0.75064695 0.66574198
vt 0.77175295 0.64557916
vt 0.78199553 0.64576066
vt 0.68727708 0.65328348
vt 0.73006719 0.65032011
vt 0.74487782 0.64991325
vt 0.75774986 0.64226472
vt 0.67291391 0.64022297
vt 0.77367204 0.62551332
vt 0.70695007 0.63394821
vt 0.68741453 0.63739777
vt 0.78283268 0.62531102
vt 0.66067511 0.66950715
vt 0.65868181 0.69171768
vt 0.78487873 0.66893572
vt 0.78376991 0.67553645
vt 0.77545404 0.68504351
vt 0.76974696 0.69492561
vt 0.73441988 0.63265371
vt 0.74416733 0.62596226
vt 0.71239656 0.62300360
vt 0.68980539 0.62034672
vt 0.67081636 0.62287420
vt 0.77704346 0.61783952
vt 0.64855295 0.63767451
vt 0.64774352 0.65820116
vt 0.64665335 0.69124991
vt 0.65771407 0.70207644
vt 0.76047331 0.70501184
vt 0.64577657 0.70105386
vt 0.64649850 0.63261843
vt 0.64199901 0.61439043
vt 0.63161260 0.68219024
vt 0.63430238 0.69634116
vt 0.64376283 0.71634829
vt 0.64390975 0.70932961
vt 0.63474882 0.65906101
vt 0.63099211 0.64537877
vt 0.63463682 0.63326383
vt 0.62859678 0.70758033
vt 0.74762803 0.61371297
vt 0.62283337 0.69591391
vt 0.62131339 0.63651234
vt 0.60396904 0.64365911
vt 0.60203516 0.66165274
vt 0.62005126 0.67349172
vt 0.60107392 0.68297750
vt 0.60008365 0.70175546
vt 0.59043515 0.71078020
vt 0.62981486 0.71534520
vt 0.60524845 0.63144982
vt 0.59247071 0.67633027
vt 0.58223629 0.69885331
vt 0.61435145 0.71008456
vt 0.56836534 0.66517222
vt 0.58982033 0.64370644
vt 0.56751376 0.63968265
vt 0.59252441 0.63037765
vt 0.56991661 0.67525685
vt 0.54212981 0.66630667
vt 0.55826014 0.69254589
vt 0.54575014 0.69026810
vt 0.53463870 0.69206238
vt 0.53926826 0.70224690
vt 0.53434527 0.69788927
vt 0.53129095 0.69139940
vt 0.54721707 0.70921439
vt 0.54714698 0.63447309
vt 0.57311332 0.62103075
vt 0.56328362 0.70850992
vt 0.52807260 0.67477936
vt 0.52806377 0.68244368
vt 0.52545732 0.67602462
vt 0.52124900 0.66577768
vt 0.51926720 0.65615791
vt 0.61190856 0.71429574
vt 0.59099954 0.71703637
vt 0.57731783 0.71625608
vt 0.55509931 0.62629008
vt 0.56139565 0.71409732
vt 0.55140197 0.71296448
vt 0.52005655 0.63926899
vt 0.51729167 0.64413476
vt 0.51607019 0.63214725
vt 0.74908072 0.71420902
vt 0.54212862 0.61283892
vt 0.55355901 0.61246353
vt 0.52809793 0.61914527
vt 0.62095159 0.71579552
vt 0.62577468 0.71674204
vt 0.51768315 0.61897159
vt 0.64657199 0.70538872
vt 0.75517207 0.70991415
vt 0.53955317 0.70511913
vt 0.54477561 0.70994765
vt 0.61067933 0.71821368
vt 0.64062464 0.71745795
vt 0.63477749 0.71737951
vt 0.63087797 0.72022140
vt 0.63113898 0.72237074
vt 0.64694816 0.55717933
vt 0.67938274 0.56564784
vt 0.64654332 0.57730776
vt 0.66975898 0.58226007
vt 0.66281617 0.60113257
vt 0.64326841 0.60085762
vt 0.68189275 0.60445154
vt 0.68471766 0.55391473
vt 0.69595873 0.59483898
vt 0.70129782 0.61053598
vt 0.69400102 0.54171163
vt 0.70432276 0.57376236
vt 0.67230374 0.52648252
vt 0.69021678 0.52263701
vt 0.64603668 0.53499269
vt 0.67191243 0.48011321
vt 0.68874848 0.48762321
vt 0.64719087 0.49677801
vt 0.64683110 0.45903653
vt 0.67436039 0.45560431
vt 0.64399642 0.45185459
vt 0.69787854 0.45502496
vt 0.69696343 0.44320703
vt 0.62369537 0.54602283
vt 0.62236780 0.52494788
vt 0.62368214 0.56410336
vt 0.62662023 0.46107841
vt 0.63551068 0.49571216
vt 0.61623806 0.44805634
vt 0.67580736 0.43889666
vt 0.68352968 0.43164098
vt 0.64534873 0.43003565
vt 0.60427773 0.56840760
vt 0.60381609 0.45372021
vt 0.62338561 0.58007658
vt 0.62574530 0.60030109
vt 0.72322714 0.43413407
vt 0.71666247 0.45144796
vt 0.70259100 0.49185628
vt 0.64273608 0.44183803
vt 0.64188260 0.43347824
vt 0.61726463 0.43022704
vt 0.59657824 0.43385518
vt 0.62085414 0.49716043
vt 0.62305415 0.47733045
vt 0.60345304 0.59633684
vt 0.60623395 0.54603076
vt 0.71697855 0.54756975
vt 0.71672028 0.52995390
vt 0.71501863 0.50036716
vt 0.60716856 0.49728620
vt 0.73871249 0.43555719
vt 0.58499175 0.45339191
vt 0.58420175 0.48788762
vt 0.58568841 0.51275849
vt 0.59035832 0.54747695
vt 0.58551443 0.59520143
vt 0.57258385 0.43420374
vt 0.60294431 0.61167407
vt 0.74565119 0.45286745
vt 0.75318182 0.46369207
vt 0.73349458 0.49188316
vt 0.75485206 0.52829230
vt 0.76153803 0.49996281
vt 0.76895720 0.47795457
vt 0.76902765 0.45199424
vt 0.76963538 0.44050664
vt 0.74618924 0.54533637
vt 0.72991806 0.56499779
vt 0.71346527 0.58705842
vt 0.70835656 0.59518290
vt 0.72418106 0.59703749
vt 0.72785318 0.58026320
vt 0.78431934 0.49974811
vt 0.78352863 0.51516110
vt 0.78600115 0.49141181
vt 0.78768957 0.47918296
vt 0.78719419 0.45996630
vt 0.78814101 0.46385968
vt 0.78901058 0.45230687
vt 0.78941303 0.44668990
vt 0.71940506 0.61348373
vt 0.76952326 0.54705918
vt 0.77316540 0.53658611
vt 0.78381681 0.53543872
vt 0.78406364 0.54772657
vt 0.78552163 0.52717948
vt 0.78481352 0.56130767
vt 0.77322644 0.57556891
vt 0.75651348 0.56603485
vt 0.78607744 0.57715124
vt 0.78186119 0.58565128
vt 0.77474153 0.59494126
vt 0.75467438 0.57749069
vt 0.78344697 0.59611887
vt 0.78559786 0.58400673
vt 0.78229970 0.60243434
vt 0.78599066 0.55267674
vt 0.77601069 0.60683972
vt 0.75588834 0.60054159
vt 0.78466451 0.58999211
vt 0.78905970 0.44316959
vt 0.66797811 0.61110985
vt 0.62776297 0.60914987
vt 0.78753638 0.49274504
vt 0.78607517 0.51062733
vt 0.78660423 0.52059048
vt 0.78683478 0.49974531
vt 0.78496665 0.60047257
vt 0.58338106 0.60917354
vt 0.55676639 0.51773489
vt 0.78821868 0.57088655
vt 0.78728008 0.55938047
vt 0.57514971 0.54496747
vt 0.57177699 0.56892425
vt 0.55606723 0.50129753
vt 0.55303133 0.46320820
vt 0.78691685 0.54605454
vt 0.55758691 0.44987011
vt 0.55321944 0.43519604
vt 0.55160683 0.53866315
vt 0.53760380 0.43614769
vt 0.52854770 0.44661415
vt 0.54767233 0.55333543
vt 0.78676707 0.53658217
vt 0.53058487 0.45891118
vt 0.52795595 0.45863611
vt 0.52792579 0.46798068
vt 0.52987754 0.47986507
vt 0.52723062 0.47900188
vt 0.52687794 0.48914707
vt 0.52679908 0.50126779
vt 0.52719325 0.51256102
vt 0.53524452 0.52917314
vt 0.52667904 0.52367723
vt 0.52630329 0.53579015
vt 0.57337260 0.58649498
vt 0.55752414 0.59604561
vt 0.53726858 0.54880446
vt 0.52402496 0.54513955
vt 0.52420515 0.53467846
vt 0.52460009 0.52619439
vt 0.52452826 0.52020991
vt 0.52369756 0.55390352
vt 0.53055406 0.56301236
vt 0.52316260 0.56533653
vt 0.52471876 0.57390231
vt 0.53946722 0.57977623
vt 0.52238470 0.57332593
vt 0.52258492 0.58004665
vt 0.52807593 0.43923461
vt 0.53619862 0.59114575
vt 0.52163494 0.58557880
vt 0.52542192 0.51039094
vt 0.51978761 0.59601265
vt 0.52925169 0.43592644
vt 0.54037684 0.60132301
vt 0.51827693 0.60769737
vt 0.60148889 0.43025589
vt 0.59056222 0.43019980
vt 0.57824826 0.43140572
vt 0.55942088 0.43156528
vt 0.75214648 0.43636596
vt 0.70946693 0.43091798
vt 0.54722792 0.43216455
vt 0.51548672 0.61180264
vt 0.91442502 0.68686849
vt 0.90746045 0.68850267
vt 0.91341186 0.68137252
vt 0.90309733 0.68537086
vt 0.91552186 0.68273830
vt 0.92079645 0.68850267
vt 0.02861195 0.76915973
vt 0.02699115 0.77604914
vt 0.03104816 0.77478570
vt 0.03672566 0.76871657
vt 0.03672566 0.77762926
vt 0.92764020 0.57172096
vt 0.92324293 0.57966983
vt 0.92420739 0.58749211
vt 0.92571038 0.56568158
vt 0.92115533 0.59158707
vt 0.92145371 0.60288030
vt 0.91791147 0.60342562
vt 0.92207885 0.61881083
vt 0.92028385 0.63079435
vt 0.92612934 0.63959020
vt 0.91370106 0.58614165
vt 0.91615963 0.57817739
vt 0.92110455 0.56634575
vt 0.91193384 0.58830714
vt 0.91143030 0.63300020
vt 0.93115050 0.56683576
vt 0.92338556 0.55852276
vt 0.91822153 0.65247893
vt 0.92608124 0.64837247
vt 0.91112494 0.63778681
vt 0.91293275 0.65017420
vt 0.91661072 0.65957189
vt 0.90865195 0.60491031
vt 0.90752214 0.62584358
vt 0.92343456 0.66511554
vt 0.92766362 0.65939599
vt 0.93338579 0.55499613
vt 0.93489981 0.55980146
vt 0.93035728 0.66787678
vt 0.93009961 0.68121547
vt 0.93513721 0.67255431
vt 0.92303109 0.67689955
vt 0.92710835 0.68580133
vt 0.92864633 0.69307399
vt 0.94444221 0.55017358
vt 0.94025511 0.68247294
vt 0.93566591 0.69613695
vt 0.94466680 0.69108707
vt 0.95070511 0.69302833
vt 0.94102192 0.67683804
vt 0.93201709 0.70147592
vt 0.92484415 0.55342847
vt 0.93924499 0.54834270
vt 0.95438403 0.54690051
vt 0.94600087 0.68063003
vt 0.93542957 0.70775574
vt 0.94253057 0.71256685
vt 0.95442480 0.53787881
vt 0.95442480 0.70285571
vt 0.92134035 0.66995579
vt 0.93561512 0.66563481
vt 0.93161601 0.65620321
vt 0.93893057 0.67099386
vt 0.23659211 0.19136989
vt 0.23075415 0.19224894
vt 0.22472346 0.19222927
vt 0.22377597 0.19863909
vt 0.23152846 0.19776130
vt 0.23870328 0.19751889
vt 0.21761675 0.19861108
vt 0.21583463 0.19117647
vt 0.25796461 0.20008910
vt 0.21078786 0.19264907
vt 0.20972373 0.19993758
vt 0.20132743 0.20008910
vt 0.39955753 0.99639577
vt 0.40309733 0.98351157
vt 0.40309733 0.99866313
vt 0.31984743 0.82982314
vt 0.32712546 0.82876247
vt 0.31511405 0.83530337
vt 0.33215576 0.82570195
vt 0.30886528 0.83400196
vt 0.30423996 0.83814639
vt 0.29513276 0.83744699
vt 0.43342164 0.85149616
vt 0.43200272 0.85278910
vt 0.42774057 0.84787142
vt 0.43584070 0.85784316
vt 0.42705381 0.85297847
vt 0.42104372 0.84884423
vt 0.42223105 0.84355277
vt 0.42008090 0.85130560
vt 0.42353863 0.85479426
vt 0.41230923 0.84661961
vt 0.40361992 0.84314638
vt 0.40493974 0.83910608
vt 0.39390007 0.83978695
vt 0.38574585 0.83717817
vt 0.41654691 0.84122831
vt 0.41112152 0.83792382
vt 0.39645860 0.83397162
vt 0.36892164 0.83053499
vt 0.35441798 0.83338577
vt 0.36866781 0.83642745
vt 0.40347254 0.83241427
vt 0.40113810 0.83096856
vt 0.38985932 0.82632905
vt 0.37824702 0.82543260
vt 0.36064777 0.82656354
vt 0.40722731 0.83531874
vt 0.33995533 0.82500237
vt 0.34433606 0.83693999
vt 0.33509070 0.83405161
vt 0.33512065 0.84010172
vt 0.32596660 0.83822304
vt 0.32915196 0.84641504
vt 0.32234883 0.84315050
vt 0.32451701 0.85096365
vt 0.31601238 0.84789586
vt 0.31232002 0.85329902
vt 0.35528111 0.82308376
vt 0.31763512 0.85784316
vt 0.33877546 0.82370585
vt 0.03779912 0.01589090
vt 0.03569593 0.01114082
vt 0.02828675 0.01324576
vt 0.04615038 0.01343930
vt 0.04646018 0.01737970
vt 0.02832516 0.01737964
vt 0.02522124 0.01585579
vt 0.07457086 0.29723704
vt 0.08019657 0.29416096
vt 0.07582122 0.29172266
vt 0.08451325 0.28669739
vt 0.08193369 0.28314066
vt 0.07484654 0.28012562
vt 0.08147243 0.27528846
vt 0.08080208 0.26782531
vt 0.07403345 0.27180052
vt 0.07300885 0.28308845
vt 0.08451328 0.27171588
vt 0.40574121 0.92518014
vt 0.40091217 0.92023170
vt 0.40854731 0.92105466
vt 0.41699213 0.92410785
vt 0.42345133 0.92647058
vt 0.39690265 0.92075175
vt 0.39727470 0.92647058
vt 0.19336283 0.01887512
vt 0.20320423 0.01921976
vt 0.21624827 0.02361852
vt 0.21877784 0.02185738
vt 0.20672630 0.01514542
vt 0.21852982 0.01536477
vt 0.23028256 0.01469857
vt 0.23242155 0.02209252
vt 0.24469273 0.01986843
vt 0.23906699 0.01203209
vt 0.24928391 0.01385981
vt 0.25172237 0.02178031
vt 0.26196536 0.01532322
vt 0.26482543 0.01836932
vt 0.26489425 0.02361852
vt 0.26504424 0.01422423
vt 0.84786153 0.66811103
vt 0.84939343 0.66354722
vt 0.85530972 0.67026341
vt 0.84409136 0.66377932
vt 0.84868783 0.67315549
vt 0.83792233 0.66569853
vt 0.85441059 0.67424244
vt 0.84070492 0.67424244
vt 0.83639097 0.66764212
vt 0.83230090 0.67364198
vt 0.02005673 0.06423080
vt 0.02382670 0.06329417
vt 0.02188431 0.05660975
vt 0.02101629 0.07258749
vt 0.02580073 0.08361250
vt 0.02610619 0.05554283
vt 0.02275526 0.08622897
vt 0.02478757 0.09544730
vt 0.02141832 0.09846127
vt 0.02528823 0.10415196
vt 0.02610620 0.11007130
vt 0.01902655 0.08432162
vt 0.02154884 0.05213904
vt 0.08893805 0.63680929
vt 0.08256435 0.63026911
vt 0.08634253 0.62885123
vt 0.07831858 0.62878788
vt 0.07934270 0.63680929
vt 0.01212490 0.06618530
vt 0.01282741 0.07814282
vt 0.01448659 0.06585062
vt 0.01229657 0.08686984
vt 0.01562417 0.09092641
vt 0.01446075 0.05899835
vt 0.01902655 0.12097842
vt 0.00398230 0.07195348
vt 0.00721562 0.05400115
vt 0.00445593 0.08573717
vt 0.01459959 0.12254900
vt 0.01461413 0.04978395
vt 0.00636839 0.09842074
vt 0.01720175 0.03502494
vt 0.01318488 0.03324848
vt 0.01902655 0.02540106
vt 0.01754539 0.04060292
vt 0.12345133 0.24197865
vt 0.12069915 0.22950089
vt 0.12345131 0.23192787
vt 0.11814159 0.23452502
vt 0.18727037 0.32695365
vt 0.18639916 0.32397509
vt 0.19366376 0.32438302
vt 0.19186112 0.33740765
vt 0.18831316 0.33822948
vt 0.19363022 0.34472537
vt 0.19333340 0.35603374
vt 0.18451327 0.34888995
vt 0.18452317 0.35606062
vt 0.19735596 0.34949464
vt 0.20733953 0.35072714
vt 0.20794541 0.35584521
vt 0.21115585 0.34861910
vt 0.22063398 0.35606062
vt 0.22168142 0.34920299
vt 0.21450433 0.34277630
vt 0.00752212 0.38725489
vt 0.01123696 0.39191484
vt 0.00844921 0.39401865
vt 0.01548673 0.39795005
vt 0.01548673 0.38844585
vt 0.71902657 0.38279855
vt 0.71283185 0.37929022
vt 0.71902657 0.37834227
vt 0.04115044 0.41246831
vt 0.04292035 0.41131908
vt 0.04292035 0.42379677
vt 0.64026546 0.80101341
vt 0.63585937 0.80102605
vt 0.63773996 0.79708982
vt 0.62787950 0.80955374
vt 0.62871170 0.80247021
vt 0.61896765 0.80516195
vt 0.61675417 0.81194168
vt 0.61547178 0.80263591
vt 0.60761315 0.79367203
vt 0.62626398 0.81366688
vt 0.60448402 0.80214357
vt 0.61150712 0.81435877
vt 0.60044247 0.79694623
vt 0.60196310 0.81684494
vt 0.61442083 0.79870832
vt 0.61801821 0.81684494
vt 0.15796460 0.68359739
vt 0.16327433 0.68315506
vt 0.16078885 0.68533659
vt 0.16327433 0.69028521
vt 0.18539824 0.25178254
vt 0.18362832 0.24521208
vt 0.18539822 0.23841357
vt 0.97831857 0.51024956
vt 0.96716005 0.50935829
vt 0.96061945 0.51024956
vt 0.92477500 0.95321280
vt 0.92876107 0.95677364
vt 0.92426401 0.95647031
vt 0.92656803 0.94964349
vt 0.91693819 0.95677364
vt 0.91702169 0.95386517
vt 0.90132743 0.95467448
vt 0.90434092 0.95345771
vt 0.06191044 0.19563282
vt 0.05707965 0.19741535
vt 0.06769911 0.19741535
vt 0.18202050 0.44277549
vt 0.18251328 0.44734204
vt 0.18451327 0.44162214
vt 0.17547323 0.44354963
vt 0.17870304 0.44951564
vt 0.18241559 0.47631824
vt 0.17730172 0.47081590
vt 0.17878670 0.48065150
vt 0.17035398 0.44766659
vt 0.17918848 0.49519157
vt 0.18451327 0.49059474
vt 0.18014243 0.49955440
vt 0.18132329 0.46454585
vt 0.17742348 0.45710063
vt 0.17475076 0.44685102
vt 0.94773597 0.45588231
vt 0.94292033 0.45766485
vt 0.95353985 0.45766485
vt 0.56327432 0.88132340
vt 0.56415927 0.87121212
vt 0.56415927 0.89081997
vt 0.27432698 0.82272989
vt 0.28279832 0.81862748
vt 0.27928516 0.82117903
vt 0.27643186 0.82929391
vt 0.26793581 0.83300292
vt 0.27450535 0.83993733
vt 0.25612730 0.84462035
vt 0.25630966 0.85554647
vt 0.25704062 0.87203294
vt 0.27272430 0.84986937
vt 0.27272859 0.86335260
vt 0.25890797 0.89080071
vt 0.27524528 0.88181049
vt 0.27739939 0.86570257
vt 0.26295948 0.83054686
vt 0.25183609 0.84171438
vt 0.26088986 0.91424483
vt 0.24734513 0.86655867
vt 0.24734999 0.85344291
vt 0.24921831 0.88846666
vt 0.25359839 0.92561316
vt 0.25033805 0.91886818
vt 0.27624661 0.91314512
vt 0.28672057 0.86735964
vt 0.25450552 0.95053476
vt 0.26747826 0.93600565
vt 0.27575421 0.93221790
vt 0.27095035 0.94834161
vt 0.26180682 0.94854051
vt 0.28358111 0.94542110
vt 0.28592283 0.91892910
vt 0.28959841 0.94667745
vt 0.30539513 0.92113465
vt 0.31392792 0.94683427
vt 0.34046516 0.94165260
vt 0.32080224 0.91631871
vt 0.35416123 0.92458707
vt 0.33778766 0.94771487
vt 0.36184126 0.94717824
vt 0.38503906 0.94789565
vt 0.30580673 0.88994074
vt 0.38027781 0.92102277
vt 0.34102094 0.90177286
vt 0.39302209 0.93453670
vt 0.39640573 0.94107234
vt 0.40309733 0.94619584
vt 0.31827289 0.88170666
vt 0.39102650 0.92331153
vt 0.38185450 0.91018200
vt 0.38736150 0.91565585
vt 0.29462805 0.88399321
vt 0.30655953 0.87107897
vt 0.32076415 0.86086035
vt 0.29445273 0.86834091
vt 0.38007018 0.90073794
vt 0.37274623 0.88898534
vt 0.34701639 0.85502505
vt 0.37453023 0.86015570
vt 0.37481549 0.87959224
vt 0.35725924 0.85224718
vt 0.37345448 0.85098463
vt 0.27914044 0.94716316
vt 0.28599891 0.88631666
vt 0.37853777 0.89594108
vt 0.37876704 0.88770765
vt 0.37745622 0.85307950
vt 0.37720868 0.88565606
vt 0.32681999 0.85867590
vt 0.33554709 0.85683936
vt 0.39170232 0.95017552
vt 0.37675938 0.84684831
vt 0.35702157 0.95053476
vt 0.35911292 0.94790012
vt 0.56039584 0.97558820
vt 0.52168143 0.98678911
vt 0.54048127 0.98796791
vt 0.57814580 0.97704285
vt 0.57608181 0.98378867
vt 0.59851271 0.97549021
vt 0.60455954 0.98326671
vt 0.61318141 0.97911197
vt 0.61371684 0.98796791
vt 0.14359276 0.11299902
vt 0.13938053 0.06016040
vt 0.14670593 0.09508038
vt 0.14911504 0.12611407
vt 0.14838001 0.07836968
vt 0.14911503 0.06044722
vt 0.09513275 0.00757575
vt 0.09513275 0.02540106
vt 0.08982301 0.01568580
vt 0.52168143 0.43003565
vt 0.52168143 0.44964349
vt 0.51814157 0.44550627
vt 0.32876107 0.10534817
vt 0.32522124 0.10623723
vt 0.32876107 0.11720145
vt 0.32633683 0.10026741
vt 0.89070797 0.39037877
vt 0.89336282 0.38814616
vt 0.89336282 0.39527631
vt 0.16331767 0.88520861
vt 0.17663117 0.87335217
vt 0.18662888 0.88404649
vt 0.14250423 0.89171690
vt 0.14358328 0.88157803
vt 0.08267184 0.92302454
vt 0.11574265 0.90827322
vt 0.08517124 0.91108245
vt 0.05850087 0.92726493
vt 0.16801810 0.88769627
vt 0.14974314 0.89141935
vt 0.05882664 0.92403996
vt 0.05176991 0.92828065
vt 0.11089657 0.89523846
vt 0.21323964 0.89372814
vt 0.21695498 0.88467395
vt 0.19018278 0.87299466
vt 0.22371128 0.90727824
vt 0.23539202 0.90537041
vt 0.23319267 0.89644200
vt 0.23836897 0.93458742
vt 0.22939156 0.92329532
vt 0.24115044 0.92608100
vt 0.23917755 0.90822077
vt 0.22744100 0.88949382
vt 0.23660056 0.94292367
vt 0.22659685 0.94696969
vt 0.24003904 0.94162405
vt 0.16088256 0.87386483
vt 0.05425491 0.93515682
vt 0.19421898 0.88913256
vt 0.21087655 0.89553303
vt 0.09635711 0.91843867
vt 0.07982831 0.92762840
vt 0.13695195 0.88239896
vt 0.20264018 0.87643975
vt 0.06516316 0.93947858
vt 0.05897290 0.94696969
vt 0.24245284 0.98707664
vt 0.26415929 0.99064171
vt 0.23709711 0.99046135
vt 0.21106194 0.99064171
vt 0.98976433 0.26859260
vt 0.99070799 0.24869025
vt 0.97034878 0.27686125
vt 0.98337799 0.28373384
vt 0.97674137 0.26292348
vt 0.97262484 0.26384091
vt 0.97049206 0.28734487
vt 0.98368526 0.30438602
vt 0.97433639 0.30350488
vt 0.96592921 0.28633249
vt 0.97662127 0.31717032
vt 0.96922541 0.31493032
vt 0.96855575 0.29881155
vt 0.97338670 0.32534117
vt 0.96700656 0.30610824
vt 0.97639245 0.25461900
vt 0.97480673 0.23943353
vt 0.98249757 0.22900659
vt 0.97521561 0.21821612
vt 0.98944116 0.27913105
vt 0.97054380 0.25255394
vt 0.97978097 0.21436578
vt 0.98328251 0.21162629
vt 0.98013234 0.20365417
vt 0.98642904 0.21144247
vt 0.98793083 0.21783513
vt 0.98389363 0.32754010
vt 0.98431367 0.31959122
vt 0.96691483 0.27258682
vt 0.98755985 0.24455857
vt 0.96692318 0.29131621
vt 0.97171801 0.22955906
vt 0.98595303 0.31354541
vt 0.99070799 0.29504955
vt 0.98843986 0.30684453
vt 0.33584070 0.03431374
vt 0.30486727 0.03431374
vt 0.33172938 0.03074867
vt 0.06061947 0.98096359
vt 0.06858407 0.98351157
vt 0.06858407 0.97816402
vt 0.08300171 0.37148535
vt 0.06758370 0.37871253
vt 0.10118271 0.38186747
vt 0.07020110 0.38676059
vt 0.10087626 0.39372075
vt 0.10156333 0.36570996
vt 0.06751473 0.36990529
vt 0.08201742 0.36267805
vt 0.06574886 0.38755620
vt 0.06415929 0.37009764
vt 0.06883749 0.39291549
vt 0.06597791 0.35247093
vt 0.06904900 0.35242957
vt 0.10309734 0.36181122
vt 0.09998149 0.35204691
vt 0.07222546 0.40754890
vt 0.10147431 0.41727191
vt 0.08498581 0.41601813
vt 0.08831312 0.42266059
vt 0.09064805 0.43194318
vt 0.10309734 0.44379544
vt 0.09287851 0.44433320
vt 0.09266388 0.44875222
vt 0.10279368 0.44789290
vt 0.09800332 0.33912659
vt 0.06943097 0.35782421
vt 0.07093102 0.34837025
vt 0.07018102 0.40944505
vt 0.28598070 0.12700534
vt 0.28805310 0.13057041
vt 0.27654868 0.13057041
vt 0.42032358 0.89360601
vt 0.41777316 0.89290661
vt 0.41603756 0.90098661
vt 0.42289779 0.89842910
vt 0.41795903 0.90405303
vt 0.42514420 0.90624148
vt 0.42647034 0.89142519
vt 0.43060702 0.89680982
vt 0.42417687 0.88931662
vt 0.42986703 0.90466332
vt 0.42885482 0.91368705
vt 0.43424580 0.88825351
vt 0.43537226 0.89935416
vt 0.41554707 0.89222109
vt 0.42297095 0.91639024
vt 0.43584070 0.90961874
vt 0.41637006 0.88430697
vt 0.41260171 0.91218954
vt 0.42845082 0.87733555
vt 0.42158049 0.88724202
vt 0.41049221 0.90488058
vt 0.40466514 0.90668356
vt 0.40693563 0.89543706
vt 0.41331580 0.89254904
vt 0.40953985 0.88586134
vt 0.41348630 0.88213134
vt 0.40132743 0.89303595
vt 0.41434619 0.90041548
vt 0.40924647 0.91934049
vt 0.40140072 0.91093206
vt 0.43296683 0.87904066
vt 0.43123263 0.86692327
vt 0.43584070 0.87269592
vt 0.42492259 0.86503100
vt 0.41515920 0.87193912
vt 0.41695797 0.86408198
vt 0.40149295 0.88153768
vt 0.03701517 0.03069150
vt 0.03040244 0.03587484
vt 0.02256637 0.02896613
vt 0.03522408 0.04322636
vt 0.03115429 0.03911948
vt 0.04203540 0.03773415
vt 0.02293831 0.04322636
vt 0.02639499 0.04093760
vt 0.60486728 0.92390126
vt 0.60408777 0.93343830
vt 0.60059983 0.92752594
vt 0.59922957 0.91938996
vt 0.58766609 0.90825111
vt 0.59975499 0.90779740
vt 0.58317912 0.92830634
vt 0.57691497 0.92101735
vt 0.57558948 0.90046066
vt 0.56795400 0.91536534
vt 0.55093616 0.91565102
vt 0.56784493 0.89382672
vt 0.55971283 0.89998770
vt 0.55310124 0.90007359
vt 0.53644955 0.91213894
vt 0.54487032 0.91893989
vt 0.54133183 0.92408979
vt 0.52466536 0.93166727
vt 0.53338838 0.94135457
vt 0.52079648 0.94130635
vt 0.52934039 0.94607842
vt 0.53473341 0.94157737
vt 0.58535635 0.94044298
vt 0.58233440 0.93761641
vt 0.54162455 0.92912948
vt 0.60355508 0.91666090
vt 0.57705843 0.88814616
vt 0.59222937 0.94349039
vt 0.60165334 0.93857795
vt 0.54461378 0.90257901
vt 0.54785293 0.93551695
vt 0.54198682 0.94353324
vt 0.60466981 0.90863240
vt 0.59899360 0.90171486
vt 0.59550941 0.94607842
vt 0.76592922 0.76899290
vt 0.76946902 0.77317291
vt 0.76946902 0.76336896
vt 0.05265487 0.56814432
vt 0.05297468 0.53585857
vt 0.05506435 0.56233341
vt 0.06459088 0.53991932
vt 0.06545007 0.56782353
vt 0.06114379 0.58275861
vt 0.06674061 0.60862172
vt 0.05935628 0.52238458
vt 0.05443709 0.58948034
vt 0.05307894 0.51181537
vt 0.05806630 0.49615276
vt 0.06516940 0.49751425
vt 0.05796420 0.62151378
vt 0.05489410 0.60610867
vt 0.06407148 0.63813788
vt 0.07089597 0.64970583
vt 0.06098918 0.65431839
vt 0.05761295 0.63989419
vt 0.07276671 0.67569375
vt 0.06593449 0.69583720
vt 0.07414416 0.70616835
vt 0.07877388 0.69930214
vt 0.06637511 0.71109450
vt 0.08560482 0.70615250
vt 0.09501076 0.70123696
vt 0.08066303 0.69435126
vt 0.09719681 0.71277124
vt 0.12301711 0.70244634
vt 0.11866763 0.71388066
vt 0.12024139 0.69150364
vt 0.14338592 0.69127244
vt 0.16362378 0.70010239
vt 0.17373909 0.69156289
vt 0.18504515 0.70145071
vt 0.18912297 0.69322264
vt 0.20576571 0.69339192
vt 0.21330947 0.70226479
vt 0.19520167 0.69048458
vt 0.18302119 0.71297622
vt 0.21270704 0.71335679
vt 0.23551306 0.71403819
vt 0.22250630 0.69921398
vt 0.21900490 0.69911939
vt 0.22044519 0.68820816
vt 0.24346821 0.70775056
vt 0.25382200 0.71434939
vt 0.25439015 0.69782823
vt 0.26769912 0.70913899
vt 0.24033032 0.69932806
vt 0.21051523 0.69847429
vt 0.20966159 0.68821776
vt 0.20325010 0.68792605
vt 0.19668418 0.66963667
vt 0.20457941 0.67433792
vt 0.19292597 0.65638793
vt 0.18705976 0.64752102
vt 0.18120807 0.65958345
vt 0.17275420 0.64332443
vt 0.18419248 0.62755173
vt 0.17078330 0.63029677
vt 0.18558045 0.60323113
vt 0.19116585 0.67515445
vt 0.17441645 0.59970623
vt 0.17182049 0.61429691
vt 0.19171797 0.57945865
vt 0.18144065 0.56123036
vt 0.19572310 0.56080067
vt 0.18345276 0.54452544
vt 0.19759513 0.54327530
vt 0.18270771 0.51419288
vt 0.19824541 0.52507770
vt 0.19730800 0.50723809
vt 0.21207032 0.68365479
vt 0.22594619 0.68957204
vt 0.08539724 0.71434939
vt 0.07144381 0.71428144
vt 0.14422354 0.71313751
vt 0.06576872 0.46199930
vt 0.05924543 0.45855618
vt 0.24117902 0.69003266
vt 0.25613615 0.68830872
f 3777/3777 3776/3776 3787/3787
f 3782/3782 3788/3788 3778/3778
f 3778/3778 3788/3788 3776/3776
f 3776/3776 3790/3790 3787/3787
f 3776/3776 3788/3788 3790/3790
f 3787/3787 3790/3790 3791/3791
f 3778/3778 3776/3776 3775/3775
f 3775/3775 3776/3776 3777/3777
f 3778/3778 3781/3781 3782/3782
f 3777/3777 3787/3787 3789/3789
f 3785/3785 3788/3788 3782/3782
f 3785/3785 3792/3792 3788/3788
f 3510/3510 3508/3508 3513/3513
f 3509/3509 3507/3507 3508/3508
f 3509/3509 3508/3508 3510/3510
f 3781/3781 3784/3784 3782/3782
f 3285/3285 3299/3299 3287/3287
f 3954/3954 3956/3956 3951/3951
f 3287/3287 3282/3282 3285/3285
f 3951/3951 3956/3956 3952/3952
f 3512/3512 3506/3506 3507/3507
f 3507/3507 3501/3501 3508/3508
f 2748/2748 2751/2751 2746/2746
f 3027/3027 3020/3020 3031/3031
f 2751/2751 2757/2757 2746/2746
f 2746/2746 2757/2757 2759/2759
f 3027/3027 3024/3024 3020/3020
f 3020/3020 3022/3022 3031/3031
f 3022/3022 3030/3030 3031/3031
f 3285/3285 3286/3286 3298/3298
f 3508/3508 3501/3501 3503/3503
f 3507/3507 3506/3506 3501/3501
f 3506/3506 3504/3504 3501/3501
f 2743/2743 2748/2748 2746/2746
f 2743/2743 2746/2746 2744/2744
f 2750/2750 2748/2748 2743/2743
f 3548/3548 3539/3539 3540/3540
f 2750/2750 2758/2758 2748/2748
f 3705/3705 3703/3703 3710/3710
f 3022/3022 3028/3028 3030/3030
f 3957/3957 3946/3946 3945/3945
f 3781/3781 3783/3783 3784/3784
f 3024/3024 3023/3023 3020/3020
f 3020/3020 3021/3021 3022/3022
f 3388/3388 3395/3395 3394/3394
f 3282/3282 3284/3284 3285/3285
f 3285/3285 3284/3284 3286/3286
f 2742/2742 2744/2744 2745/2745
f 2745/2745 2744/2744 2749/2749
f 2747/2747 2743/2743 2742/2742
f 2742/2742 2743/2743 2744/2744
f 2747/2747 2750/2750 2743/2743
f 3706/3706 3693/3693 3705/3705
f 3693/3693 3696/3696 3705/3705
f 3705/3705 3696/3696 3703/3703
f 3025/3025 3023/3023 3024/3024
f 3022/3022 3021/3021 3028/3028
f 4065/4065 4066/4066 4068/4068
f 3282/3282 3283/3283 3284/3284
f 3511/3511 3505/3505 3506/3506
f 3026/3026 3025/3025 3024/3024
f 3020/3020 3023/3023 3021/3021
f 3288/3288 3283/3283 3282/3282
f 4065/4065 4062/4062 4066/4066
f 3505/3505 3500/3500 3506/3506
f 3506/3506 3500/3500 3504/3504
f 3504/3504 3491/3491 3501/3501
f 3491/3491 3490/3490 3501/3501
f 3501/3501 3490/3490 3497/3497
f 2756/2756 2745/2745 2749/2749
f 3706/3706 3702/3702 3693/3693
f 3693/3693 3695/3695 3696/3696
f 3021/3021 3029/3029 3028/3028
f 4067/4067 4060/4060 4065/4065
f 3284/3284 3291/3291 3286/3286
f 3504/3504 3500/3500 3491/3491
f 2752/2752 2747/2747 2742/2742
f 2752/2752 2753/2753 2747/2747
f 2752/2752 2742/2742 2745/2745
f 3696/3696 3695/3695 3703/3703
f 3029/3029 3032/3032 3028/3028
f 3288/3288 3295/3295 3283/3283
f 4065/4065 4060/4060 4062/4062
f 3283/3283 3289/3289 3284/3284
f 3291/3291 3293/3293 3286/3286
f 3286/3286 3293/3293 3294/3294
f 471/471 546/546 472/472
f 471/471 472/472 470/470
f 3702/3702 3700/3700 3693/3693
f 4319/4319 4320/4320 4321/4321
f 3693/3693 3694/3694 3695/3695
f 3695/3695 3697/3697 3703/3703
f 3703/3703 3697/3697 3707/3707
f 3288/3288 3296/3296 3295/3295
f 3284/3284 3289/3289 3291/3291
f 3505/3505 3502/3502 3500/3500
f 3500/3500 3502/3502 3492/3492
f 3490/3490 3486/3486 3497/3497
f 468/468 466/466 465/465
f 465/465 466/466 467/467
f 425/425 419/419 405/405
f 425/425 405/405 402/402
f 530/530 469/469 466/466
f 530/530 533/533 469/469
f 466/466 469/469 467/467
f 467/467 535/535 541/541
f 469/469 470/470 467/467
f 467/467 470/470 535/535
f 414/414 421/421 430/430
f 414/414 417/417 421/421
f 421/421 424/424 432/432
f 527/527 471/471 469/469
f 469/469 471/471 470/470
f 470/470 536/536 535/535
f 546/546 545/545 472/472
f 470/470 473/473 536/536
f 470/470 472/472 473/473
f 536/536 473/473 537/537
f 472/472 545/545 543/543
f 475/475 473/473 472/472
f 537/537 473/473 538/538
f 472/472 543/543 475/475
f 475/475 476/476 473/473
f 538/538 473/473 477/477
f 473/473 476/476 477/477
f 3702/3702 3704/3704 3700/3700
f 2193/2193 2190/2190 2197/2197
f 2197/2197 2190/2190 2195/2195
f 3283/3283 3295/3295 3290/3290
f 3283/3283 3290/3290 3289/3289
f 4063/4063 4061/4061 4060/4060
f 4060/4060 4061/4061 4062/4062
f 3492/3492 3491/3491 3500/3500
f 3491/3491 3484/3484 3490/3490
f 474/474 468/468 465/465
f 419/419 407/407 405/405
f 479/479 477/477 478/478
f 539/539 477/477 540/540
f 540/540 477/477 479/479
f 538/538 477/477 539/539
f 490/490 520/520 478/478
f 477/477 476/476 478/478
f 476/476 490/490 478/478
f 1914/1914 1911/1911 1913/1913
f 1913/1913 1911/1911 1907/1907
f 1913/1913 1907/1907 1901/1901
f 475/475 532/532 476/476
f 1925/1925 1901/1901 1893/1893
f 3693/3693 3700/3700 3694/3694
f 4827/4827 4828/4828 4829/4829
f 2203/2203 2188/2188 2193/2193
f 2195/2195 2191/2191 2200/2200
f 4212/4212 4216/4216 4213/4213
f 4212/4212 4218/4218 4216/4216
f 3484/3484 3486/3486 3490/3490
f 2439/2439 2406/2406 2440/2440
f 2440/2440 2406/2406 2441/2441
f 3492/3492 3484/3484 3491/3491
f 3498/3498 3493/3493 3492/3492
f 480/480 474/474 465/465
f 480/480 465/465 481/481
f 420/420 410/410 407/407
f 662/662 661/661 656/656
f 420/420 407/407 419/419
f 485/485 528/528 491/491
f 542/542 484/484 491/491
f 491/491 484/484 485/485
f 484/484 482/482 485/485
f 485/485 482/482 483/483
f 542/542 479/479 484/484
f 485/485 483/483 515/515
f 540/540 479/479 542/542
f 484/484 479/479 482/482
f 479/479 478/478 482/482
f 482/482 478/478 483/483
f 478/478 520/520 517/517
f 478/478 517/517 483/483
f 483/483 517/517 518/518
f 2974/2974 3010/3010 2989/2989
f 3694/3694 3697/3697 3695/3695
f 4830/4830 4829/4829 4828/4828
f 2201/2201 2188/2188 2203/2203
f 2200/2200 2191/2191 2198/2198
f 2190/2190 2191/2191 2195/2195
f 3295/3295 3292/3292 3290/3290
f 4211/4211 4215/4215 4212/4212
f 4211/4211 4212/4212 4213/4213
f 4211/4211 4213/4213 4214/4214
f 4063/4063 4064/4064 4061/4061
f 4215/4215 4217/4217 4212/4212
f 4217/4217 4218/4218 4212/4212
f 4217/4217 4219/4219 4218/4218
f 2405/2405 2406/2406 2439/2439
f 2406/2406 2426/2426 2427/2427
f 2426/2426 2435/2435 2427/2427
f 428/428 418/418 410/410
f 534/534 474/474 480/480
f 481/481 489/489 488/488
f 2974/2974 3006/3006 3010/3010
f 1927/1927 1926/1926 1914/1914
f 1898/1898 1895/1895 1902/1902
f 1898/1898 1902/1902 1910/1910
f 3849/3849 3839/3839 3848/3848
f 2976/2976 2974/2974 2989/2989
f 3848/3848 3839/3839 3847/3847
f 1893/1893 1895/1895 1898/1898
f 3839/3839 3841/3841 3847/3847
f 1901/1901 1900/1900 1893/1893
f 3700/3700 3699/3699 3694/3694
f 4993/4993 4996/4996 4994/4994
f 3295/3295 3297/3297 3292/3292
f 3290/3290 3292/3292 3289/3289
f 4339/4339 4340/4340 4341/4341
f 3389/3389 3390/3390 3396/3396
f 3484/3484 3485/3485 3486/3486
f 3483/3483 3484/3484 3492/3492
f 3495/3495 3483/3483 3493/3493
f 2404/2404 2426/2426 2406/2406
f 492/492 480/480 486/486
f 486/486 480/480 481/481
f 481/481 487/487 486/486
f 481/481 488/488 487/487
f 367/367 309/309 368/368
f 418/418 411/411 410/410
f 402/402 413/413 414/414
f 2971/2971 2974/2974 2973/2973
f 3006/3006 2974/2974 2971/2971
f 1902/1902 1909/1909 1910/1910
f 1909/1909 1915/1915 1910/1910
f 3845/3845 3839/3839 3849/3849
f 1910/1910 1915/1915 1916/1916
f 3839/3839 3840/3840 3841/3841
f 3840/3840 3842/3842 3841/3841
f 1907/1907 1900/1900 1901/1901
f 4993/4993 4994/4994 4995/4995
f 3700/3700 3701/3701 3699/3699
f 3694/3694 3698/3698 3697/3697
f 2191/2191 2189/2189 2198/2198
f 503/503 502/502 508/508
f 2899/2899 2880/2880 2897/2897
f 503/503 500/500 502/502
f 503/503 531/531 500/500
f 280/280 228/228 363/363
f 500/500 501/501 502/502
f 363/363 228/228 359/359
f 228/228 229/229 359/359
f 501/501 504/504 502/502
f 359/359 229/229 360/360
f 501/501 505/505 504/504
f 4211/4211 4220/4220 4215/4215
f 504/504 505/505 499/499
f 1746/1746 1736/1736 1742/1742
f 360/360 229/229 231/231
f 3483/3483 3482/3482 3484/3484
f 505/505 506/506 499/499
f 360/360 231/231 362/362
f 362/362 231/231 340/340
f 2405/2405 2404/2404 2406/2406
f 506/506 498/498 499/499
f 2875/2875 2876/2876 2874/2874
f 362/362 340/340 234/234
f 499/499 498/498 497/497
f 362/362 234/234 361/361
f 361/361 234/234 358/358
f 498/498 496/496 497/497
f 358/358 234/234 235/235
f 497/497 496/496 495/495
f 358/358 235/235 238/238
f 496/496 494/494 495/495
f 496/496 529/529 494/494
f 2871/2871 2881/2881 2882/2882
f 495/495 494/494 493/493
f 2882/2882 2885/2885 2884/2884
f 364/364 238/238 240/240
f 494/494 492/492 493/493
f 493/493 492/492 486/486
f 364/364 240/240 243/243
f 494/494 507/507 492/492
f 407/407 406/406 405/405
f 405/405 403/403 402/402
f 402/402 404/404 413/413
f 414/414 416/416 417/417
f 424/424 426/426 427/427
f 1902/1902 1903/1903 1908/1908
f 1902/1902 1908/1908 1909/1909
f 1854/1854 1860/1860 1864/1864
f 1915/1915 1917/1917 1916/1916
f 3845/3845 3843/3843 3839/3839
f 3839/3839 3843/3843 3840/3840
f 3699/3699 3698/3698 3694/3694
f 2577/2577 2578/2578 2557/2557
f 3481/3481 3482/3482 3483/3483
f 3482/3482 3488/3488 3485/3485
f 3482/3482 3485/3485 3484/3484
f 1742/1742 1736/1736 1735/1735
f 1742/1742 1735/1735 1749/1749
f 1735/1735 1748/1748 1749/1749
f 2403/2403 2404/2404 2405/2405
f 2404/2404 2434/2434 2426/2426
f 509/509 487/487 510/510
f 309/309 308/308 368/368
f 884/884 969/969 965/965
f 424/424 421/421 422/422
f 884/884 970/970 969/969
f 3008/3008 3006/3006 2971/2971
f 1914/1914 1912/1912 1911/1911
f 1893/1893 1894/1894 1895/1895
f 1900/1900 1894/1894 1893/1893
f 3840/3840 3844/3844 3842/3842
f 2555/2555 2556/2556 2557/2557
f 2572/2572 2555/2555 2557/2557
f 3481/3481 3489/3489 3482/3482
f 3487/3487 3496/3496 3481/3481
f 238/238 239/239 240/240
f 410/410 409/409 407/407
f 408/408 406/406 407/407
f 1980/1980 1976/1976 1978/1978
f 1976/1976 1970/1970 1978/1978
f 1976/1976 1968/1968 1970/1970
f 1977/1977 1968/1968 1976/1976
f 1968/1968 1969/1969 1970/1970
f 1977/1977 1971/1971 1968/1968
f 1968/1968 1971/1971 1969/1969
f 1977/1977 1981/1981 1971/1971
f 1971/1971 1972/1972 1969/1969
f 1969/1969 1972/1972 1979/1979
f 1971/1971 1973/1973 1972/1972
f 1979/1979 1972/1972 1975/1975
f 1973/1973 1974/1974 1972/1972
f 1972/1972 1974/1974 1975/1975
f 422/422 426/426 424/424
f 1854/1854 1864/1864 1855/1855
f 1917/1917 1919/1919 1918/1918
f 969/969 970/970 962/962
f 1854/1854 1853/1853 1860/1860
f 2147/2147 2140/2140 2145/2145
f 2144/2144 2158/2158 2164/2164
f 3845/3845 3846/3846 3843/3843
f 3843/3843 3844/3844 3840/3840
f 2140/2140 2144/2144 2145/2145
f 3444/3444 3440/3440 3448/3448
f 3448/3448 3440/3440 3449/3449
f 2144/2144 2143/2143 2158/2158
f 3701/3701 3708/3708 3699/3699
f 2140/2140 2143/2143 2144/2144
f 280/280 227/227 228/228
f 228/228 226/226 229/229
f 229/229 230/230 231/231
f 1751/1751 1733/1733 1736/1736
f 3489/3489 3488/3488 3482/3482
f 235/235 237/237 238/238
f 510/510 487/487 511/511
f 487/487 522/522 511/511
f 487/487 523/523 522/522
f 241/241 242/242 240/240
f 309/309 306/306 308/308
f 240/240 242/242 243/243
f 367/367 310/310 309/309
f 410/410 411/411 409/409
f 875/875 874/874 873/873
f 1985/1985 1977/1977 1976/1976
f 1984/1984 1977/1977 1985/1985
f 874/874 869/869 873/873
f 406/406 403/403 405/405
f 1984/1984 1981/1981 1977/1977
f 1981/1981 1973/1973 1971/1971
f 1981/1981 1982/1982 1973/1973
f 1973/1973 1982/1982 1974/1974
f 1982/1982 1983/1983 1974/1974
f 3008/3008 2971/2971 2970/2970
f 2147/2147 2148/2148 2140/2140
f 1860/1860 1853/1853 1861/1861
f 3846/3846 3844/3844 3843/3843
f 3440/3440 3446/3446 3449/3449
f 2143/2143 2146/2146 2158/2158
f 2148/2148 2141/2141 2140/2140
f 2140/2140 2142/2142 2143/2143
f 2140/2140 2141/2141 2142/2142
f 2142/2142 2146/2146 2143/2143
f 2577/2577 2579/2579 2578/2578
f 2020/2020 2021/2021 2056/2056
f 3496/3496 3489/3489 3481/3481
f 1736/1736 1733/1733 1735/1735
f 231/231 234/234 340/340
f 510/510 511/511 512/512
f 239/239 241/241 240/240
f 309/309 310/310 306/306
f 1987/1987 1978/1978 1988/1988
f 409/409 408/408 407/407
f 1987/1987 1980/1980 1978/1978
f 875/875 873/873 876/876
f 1986/1986 1980/1980 1987/1987
f 1986/1986 1976/1976 1980/1980
f 1165/1165 1130/1130 1162/1162
f 873/873 869/869 859/859
f 1130/1130 1121/1121 1162/1162
f 1121/1121 1122/1122 1162/1162
f 1990/1990 1982/1982 1984/1984
f 1982/1982 1981/1981 1984/1984
f 4437/4437 4438/4438 4433/4433
f 417/417 416/416 421/421
f 1917/1917 1920/1920 1919/1919
f 3447/3447 3438/3438 3444/3444
f 3444/3444 3438/3438 3440/3440
f 2147/2147 2155/2155 2148/2148
f 2147/2147 2163/2163 2155/2155
f 2155/2155 2141/2141 2148/2148
f 227/227 226/226 228/228
f 226/226 230/230 229/229
f 3496/3496 3499/3499 3489/3489
f 234/234 233/233 235/235
f 522/522 514/514 511/511
f 1989/1989 1987/1987 1988/1988
f 1991/1991 1985/1985 1986/1986
f 1011/1011 1130/1130 1165/1165
f 1990/1990 1992/1992 1982/1982
f 4433/4433 4441/4441 4434/4434
f 1982/1982 1992/1992 1983/1983
f 4268/4268 4269/4269 4270/4270
f 1895/1895 1904/1904 1903/1903
f 1853/1853 1851/1851 1861/1861
f 3450/3450 3438/3438 3447/3447
f 1907/1907 1906/1906 1900/1900
f 2155/2155 2152/2152 2141/2141
f 2151/2151 2142/2142 2141/2141
f 2151/2151 2150/2150 2142/2142
f 2142/2142 2149/2149 2146/2146
f 2150/2150 2149/2149 2142/2142
f 1408/1408 1407/1407 1414/1414
f 1735/1735 1731/1731 1737/1737
f 1735/1735 1737/1737 1748/1748
f 1748/1748 1737/1737 1750/1750
f 2401/2401 2402/2402 2403/2403
f 2403/2403 2402/2402 2404/2404
f 2404/2404 2398/2398 2432/2432
f 2404/2404 2432/2432 2434/2434
f 2872/2872 2855/2855 2854/2854
f 3904/3904 3905/3905 3903/3903
f 509/509 510/510 521/521
f 521/521 512/512 513/513
f 512/512 511/511 513/513
f 513/513 511/511 514/514
f 308/308 306/306 307/307
f 3123/3123 3120/3120 3118/3118
f 3123/3123 3118/3118 3125/3125
f 3120/3120 3116/3116 3118/3118
f 3120/3120 3121/3121 3116/3116
f 3118/3118 3126/3126 3125/3125
f 3121/3121 3122/3122 3116/3116
f 3116/3116 3122/3122 3117/3117
f 3116/3116 3117/3117 3118/3118
f 3118/3118 3119/3119 3126/3126
f 3117/3117 3119/3119 3118/3118
f 1121/1121 1091/1091 1122/1122
f 1122/1122 1120/1120 1157/1157
f 416/416 422/422 421/421
f 1157/1157 1120/1120 1158/1158
f 2970/2970 2992/2992 3008/3008
f 1855/1855 1852/1852 1854/1854
f 427/427 429/429 431/431
f 1852/1852 1851/1851 1853/1853
f 1854/1854 1852/1852 1853/1853
f 5092/5092 5093/5093 5094/5094
f 1920/1920 1921/1921 1919/1919
f 3438/3438 3439/3439 3440/3440
f 3439/3439 3446/3446 3440/3440
f 1912/1912 1906/1906 1911/1911
f 1911/1911 1906/1906 1907/1907
f 1129/1129 1128/1128 1148/1148
f 1148/1148 1128/1128 1156/1156
f 2141/2141 2152/2152 2151/2151
f 230/230 232/232 231/231
f 232/232 233/233 231/231
f 231/231 233/233 234/234
f 2402/2402 2398/2398 2404/2404
f 2852/2852 2855/2855 2859/2859
f 2859/2859 2855/2855 2860/2860
f 308/308 307/307 319/319
f 1993/1993 1987/1987 1989/1989
f 1993/1993 1991/1991 1987/1987
f 1011/1011 1002/1002 1093/1093
f 2285/2285 2276/2276 2278/2278
f 3122/3122 3124/3124 3117/3117
f 1011/1011 1093/1093 1130/1130
f 1130/1130 1093/1093 1090/1090
f 3124/3124 3119/3119 3117/3117
f 3381/3381 3376/3376 3380/3380
f 3381/3381 3380/3380 3382/3382
f 1090/1090 1091/1091 1121/1121
f 1130/1130 1090/1090 1121/1121
f 402/402 403/403 404/404
f 856/856 854/854 853/853
f 1122/1122 1091/1091 1120/1120
f 1920/1920 1922/1922 1921/1921
f 1894/1894 1896/1896 1895/1895
f 1906/1906 1899/1899 1900/1900
f 1900/1900 1899/1899 1894/1894
f 1899/1899 1896/1896 1894/1894
f 1129/1129 1127/1127 1128/1128
f 1156/1156 1128/1128 1146/1146
f 2155/2155 2157/2157 2152/2152
f 2157/2157 2151/2151 2152/2152
f 2151/2151 2153/2153 2150/2150
f 2150/2150 2153/2153 2149/2149
f 2555/2555 2554/2554 2556/2556
f 2556/2556 2554/2554 2579/2579
f 3628/3628 3671/3671 3674/3674
f 235/235 233/233 236/236
f 235/235 236/236 237/237
f 513/513 514/514 516/516
f 237/237 239/239 238/238
f 2279/2279 2274/2274 2276/2276
f 1004/1004 1002/1002 1011/1011
f 2276/2276 2277/2277 2278/2278
f 3381/3381 3383/3383 3376/3376
f 414/414 415/415 416/416
f 1926/1926 1912/1912 1914/1914
f 2151/2151 2156/2156 2153/2153
f 2153/2153 2154/2154 2149/2149
f 2555/2555 2552/2552 2554/2554
f 2851/2851 2854/2854 2852/2852
f 1738/1738 1750/1750 1737/1737
f 1819/1819 1817/1817 1816/1816
f 2283/2283 2281/2281 2279/2279
f 1989/1989 1988/1988 1995/1995
f 4072/4072 4070/4070 4069/4069
f 4069/4069 4070/4070 4071/4071
f 1004/1004 993/993 1002/1002
f 4072/4072 4073/4073 4070/4070
f 4074/4074 4073/4073 4072/4072
f 2277/2277 2282/2282 2278/2278
f 3380/3380 3376/3376 3378/3378
f 413/413 415/415 414/414
f 426/426 429/429 427/427
f 5066/5066 5067/5067 5068/5068
f 1897/1897 1904/1904 1895/1895
f 3438/3438 3437/3437 3439/3439
f 1896/1896 1897/1897 1895/1895
f 1129/1129 1083/1083 1127/1127
f 1127/1127 1099/1099 1128/1128
f 2157/2157 2159/2159 2151/2151
f 2159/2159 2156/2156 2151/2151
f 2149/2149 2154/2154 2165/2165
f 2579/2579 2580/2580 2578/2578
f 2913/2913 2890/2890 2911/2911
f 226/226 244/244 230/230
f 244/244 246/246 230/230
f 246/246 254/254 232/232
f 232/232 254/254 233/233
f 3627/3627 3669/3669 3628/3628
f 253/253 236/236 233/233
f 3628/3628 3669/3669 3671/3671
f 2401/2401 2398/2398 2402/2402
f 526/526 521/521 513/513
f 513/513 516/516 519/519
f 1819/1819 1818/1818 1817/1817
f 307/307 339/339 319/319
f 2279/2279 2281/2281 2274/2274
f 409/409 412/412 408/408
f 2274/2274 2275/2275 2276/2276
f 2276/2276 2275/2275 2277/2277
f 3383/3383 3379/3379 3376/3376
f 3379/3379 3377/3377 3376/3376
f 3376/3376 3377/3377 3378/3378
f 1091/1091 1090/1090 1088/1088
f 1091/1091 1088/1088 1084/1084
f 1091/1091 1084/1084 1120/1120
f 1856/1856 1855/1855 1867/1867
f 1922/1922 1923/1923 1921/1921
f 3450/3450 3429/3429 3438/3438
f 1128/1128 1125/1125 1146/1146
f 2153/2153 2161/2161 2154/2154
f 254/254 253/253 233/233
f 3215/3215 3214/3214 3216/3216
f 3625/3625 3627/3627 3628/3628
f 1733/1733 1732/1732 1731/1731
f 3218/3218 3220/3220 3219/3219
f 3218/3218 3219/3219 3217/3217
f 3671/3671 3669/3669 3670/3670
f 526/526 513/513 519/519
f 2401/2401 2396/2396 2398/2398
f 516/516 524/524 519/519
f 4933/4933 4929/4929 4934/4934
f 4935/4935 4934/4934 4930/4930
f 4935/4935 4930/4930 4936/4936
f 4936/4936 4930/4930 4937/4937
f 319/319 339/339 351/351
f 306/306 300/300 307/307
f 310/310 279/279 306/306
f 412/412 423/423 408/408
f 2274/2274 2280/2280 2275/2275
f 993/993 1004/1004 1005/1005
f 993/993 1000/1000 1002/1002
f 1002/1002 1000/1000 1093/1093
f 403/403 413/413 404/404
f 1856/1856 1852/1852 1855/1855
f 1852/1852 1849/1849 1851/1851
f 3438/3438 3429/3429 3437/3437
f 1099/1099 1127/1127 1083/1083
f 1099/1099 1125/1125 1128/1128
f 3082/3082 3092/3092 3084/3084
f 2156/2156 2160/2160 2153/2153
f 2153/2153 2160/2160 2161/2161
f 2572/2572 2552/2552 2555/2555
f 2579/2579 2581/2581 2580/2580
f 2578/2578 2580/2580 2601/2601
f 3625/3625 3624/3624 3627/3627
f 4991/4991 4988/4988 4990/4990
f 3900/3900 3910/3910 3901/3901
f 4917/4917 4918/4918 4915/4915
f 519/519 524/524 525/525
f 4915/4915 4918/4918 4919/4919
f 1738/1738 1753/1753 1750/1750
f 4941/4941 4907/4907 4909/4909
f 4934/4934 4929/4929 4930/4930
f 4937/4937 4930/4930 4931/4931
f 339/339 352/352 351/351
f 306/306 279/279 300/300
f 2281/2281 2280/2280 2274/2274
f 1354/1354 1353/1353 1376/1376
f 1088/1088 1040/1040 1084/1084
f 3437/3437 3441/3441 3439/3439
f 1899/1899 1906/1906 1896/1896
f 1146/1146 1125/1125 1147/1147
f 2159/2159 2160/2160 2156/2156
f 3115/3115 3101/3101 3100/3100
f 246/246 245/245 254/254
f 3669/3669 3668/3668 3670/3670
f 4919/4919 4918/4918 4922/4922
f 4483/4483 4484/4484 4485/4485
f 4922/4922 4924/4924 4927/4927
f 4927/4927 4924/4924 4928/4928
f 4941/4941 4940/4940 4942/4942
f 2396/2396 2397/2397 2398/2398
f 307/307 300/300 339/339
f 241/241 252/252 263/263
f 882/882 877/877 880/880
f 877/877 879/879 880/880
f 1000/1000 1092/1092 1093/1093
f 1093/1093 1092/1092 1090/1090
f 1090/1090 1092/1092 1089/1089
f 4097/4097 4094/4094 4074/4074
f 4042/4042 4040/4040 4041/4041
f 1088/1088 1082/1082 1040/1040
f 916/916 899/899 900/900
f 1922/1922 1924/1924 1923/1923
f 1125/1125 1142/1142 1147/1147
f 2159/2159 2162/2162 2160/2160
f 2902/2902 2901/2901 2903/2903
f 3623/3623 3624/3624 3625/3625
f 1731/1731 1738/1738 1737/1737
f 4942/4942 4944/4944 4943/4943
f 236/236 250/250 237/237
f 2397/2397 2433/2433 2398/2398
f 237/237 250/250 239/239
f 2281/2281 2284/2284 2280/2280
f 1084/1084 1040/1040 1083/1083
f 3441/3441 3442/3442 3439/3439
f 1083/1083 1097/1097 1099/1099
f 1099/1099 1119/1119 1125/1125
f 1125/1125 1119/1119 1142/1142
f 692/692 683/683 689/689
f 342/342 225/225 227/227
f 245/245 222/222 254/254
f 3623/3623 3622/3622 3624/3624
f 3627/3627 3668/3668 3669/3669
f 253/253 224/224 236/236
f 3900/3900 3898/3898 3910/3910
f 3897/3897 3914/3914 3913/3913
f 1816/1816 1799/1799 1809/1809
f 250/250 251/251 239/239
f 239/239 251/251 252/252
f 279/279 305/305 300/300
f 263/263 271/271 279/279
f 279/279 271/271 295/295
f 882/882 880/880 883/883
f 1092/1092 1087/1087 1089/1089
f 4041/4041 4040/4040 4039/4039
f 860/860 864/864 863/863
f 1089/1089 1082/1082 1088/1088
f 1856/1856 1849/1849 1852/1852
f 1849/1849 1850/1850 1851/1851
f 1099/1099 1097/1097 1119/1119
f 1142/1142 1151/1151 1147/1147
f 688/688 681/681 692/692
f 692/692 681/681 683/683
f 1572/1572 1573/1573 1574/1574
f 342/342 218/218 225/225
f 254/254 222/222 253/253
f 4492/4492 4489/4489 4483/4483
f 5283/5283 5280/5280 5281/5281
f 2401/2401 2399/2399 2396/2396
f 252/252 271/271 263/263
f 279/279 295/295 305/305
f 1089/1089 1087/1087 1082/1082
f 246/246 221/221 245/245
f 3623/3623 3620/3620 3622/3622
f 3627/3627 3667/3667 3668/3668
f 4988/4988 4984/4984 4985/4985
f 3897/3897 3913/3913 3892/3892
f 4946/4946 4950/4950 4948/4948
f 1813/1813 1809/1809 1800/1800
f 339/339 300/300 329/329
f 295/295 299/299 305/305
f 993/993 992/992 1000/1000
f 2390/2390 2385/2385 2391/2391
f 1083/1083 1038/1038 1097/1097
f 683/683 680/680 689/689
f 221/221 246/246 244/244
f 2857/2857 2853/2853 2858/2858
f 3624/3624 3622/3622 3627/3627
f 1732/1732 1729/1729 1731/1731
f 5297/5297 5302/5302 5280/5280
f 1817/1817 1808/1808 1799/1799
f 255/255 251/251 250/250
f 2397/2397 2428/2428 2433/2433
f 2396/2396 2399/2399 2397/2397
f 1867/1867 1868/1868 1858/1858
f 1082/1082 1039/1039 1040/1040
f 1867/1867 1858/1858 1856/1856
f 3429/3429 3424/3424 3437/3437
f 2390/2390 2381/2381 2385/2385
f 1040/1040 1038/1038 1083/1083
f 1151/1151 1142/1142 1149/1149
f 688/688 684/684 681/681
f 683/683 681/681 680/680
f 2581/2581 2582/2582 2580/2580
f 226/226 215/215 244/244
f 3622/3622 3667/3667 3627/3627
f 222/222 223/223 253/253
f 828/828 826/826 827/827
f 827/827 826/826 825/825
f 236/236 248/248 250/250
f 5280/5280 5278/5278 5281/5281
f 1731/1731 1728/1728 1738/1738
f 1818/1818 1808/1808 1817/1817
f 992/992 1123/1123 1000/1000
f 1000/1000 1123/1123 1092/1092
f 3437/3437 3442/3442 3441/3441
f 2552/2552 2551/2551 2553/2553
f 2583/2583 2581/2581 2606/2606
f 225/225 215/215 226/226
f 244/244 215/215 221/221
f 4333/4333 4326/4326 4328/4328
f 253/253 223/223 224/224
f 1731/1731 1729/1729 1728/1728
f 1092/1092 1051/1051 1087/1087
f 1087/1087 1085/1085 1082/1082
f 2993/2993 2992/2992 2966/2966
f 1858/1858 1849/1849 1856/1856
f 3437/3437 3424/3424 3442/3442
f 684/684 678/678 681/681
f 681/681 677/677 680/680
f 2580/2580 2582/2582 2603/2603
f 3620/3620 3619/3619 3622/3622
f 5029/5029 5034/5034 5035/5035
f 4557/4557 4558/4558 4555/4555
f 1738/1738 1728/1728 1739/1739
f 255/255 258/258 251/251
f 251/251 258/258 252/252
f 1739/1739 1753/1753 1738/1738
f 252/252 267/267 271/271
f 267/267 277/277 271/271
f 295/295 278/278 299/299
f 2257/2257 2256/2256 2254/2254
f 990/990 992/992 993/993
f 4040/4040 4035/4035 4039/4039
f 1849/1849 1848/1848 1850/1850
f 3429/3429 3423/3423 3424/3424
f 1040/1040 1039/1039 1038/1038
f 1038/1038 1041/1041 1097/1097
f 1119/1119 1118/1118 1142/1142
f 678/678 677/677 681/681
f 680/680 677/677 676/676
f 2576/2576 2550/2550 2552/2552
f 1575/1575 1571/1571 1573/1573
f 225/225 218/218 216/216
f 5029/5029 5032/5032 5034/5034
f 5034/5034 5032/5032 5037/5037
f 5304/5304 5303/5303 5302/5302
f 5302/5302 5303/5303 5277/5277
f 224/224 248/248 236/236
f 1729/1729 1727/1727 1728/1728
f 4653/4653 4548/4548 4589/4589
f 4753/4753 4759/4759 4760/4760
f 295/295 271/271 278/278
f 1739/1739 1752/1752 1753/1753
f 2399/2399 2400/2400 2397/2397
f 4035/4035 4034/4034 4036/4036
f 4039/4039 4035/4035 4036/4036
f 1087/1087 1086/1086 1085/1085
f 2993/2993 2966/2966 2994/2994
f 2552/2552 2550/2550 2551/2551
f 225/225 216/216 215/215
f 3620/3620 3617/3617 3619/3619
f 3622/3622 3663/3663 3666/3666
f 3622/3622 3666/3666 3667/3667
f 4326/4326 4327/4327 4328/4328
f 4984/4984 4980/4980 4983/4983
f 826/826 806/806 825/825
f 825/825 806/806 800/800
f 1818/1818 1821/1821 1808/1808
f 2399/2399 2407/2407 2400/2400
f 1123/1123 1070/1070 1092/1092
f 1085/1085 1039/1039 1082/1082
f 2963/2963 2994/2994 2966/2966
f 1858/1858 1857/1857 1849/1849
f 2381/2381 2383/2383 2385/2385
f 1097/1097 1107/1107 1119/1119
f 1119/1119 1107/1107 1118/1118
f 2583/2583 2582/2582 2581/2581
f 221/221 222/222 245/245
f 3619/3619 3663/3663 3622/3622
f 4983/4983 4980/4980 4982/4982
f 1821/1821 1797/1797 1808/1808
f 305/305 299/299 300/300
f 258/258 262/262 252/252
f 271/271 277/277 278/278
f 2400/2400 2428/2428 2397/2397
f 990/990 989/989 992/992
f 4035/4035 4033/4033 4034/4034
f 1086/1086 1050/1050 1085/1085
f 1857/1857 1846/1846 1849/1849
f 1142/1142 1141/1141 1149/1149
f 5273/5273 5276/5276 5277/5277
f 248/248 247/247 250/250
f 250/250 247/247 255/255
f 300/300 298/298 329/329
f 4033/4033 4032/4032 4034/4034
f 4034/4034 4032/4032 4036/4036
f 1087/1087 1051/1051 1086/1086
f 1849/1849 1846/1846 1848/1848
f 3429/3429 3435/3435 3423/3423
f 1118/1118 1141/1141 1142/1142
f 215/215 154/154 221/221
f 3617/3617 3618/3618 3619/3619
f 221/221 153/153 222/222
f 3619/3619 3618/3618 3663/3663
f 5029/5029 5026/5026 5032/5032
f 5303/5303 5289/5289 5277/5277
f 5277/5277 5289/5289 5273/5273
f 1401/1401 1399/1399 1402/1402
f 299/299 298/298 300/300
f 1739/1739 1745/1745 1752/1752
f 1041/1041 1107/1107 1097/1097
f 2550/2550 2549/2549 2551/2551
f 153/153 152/152 222/222
f 4327/4327 4330/4330 4329/4329
f 4978/4978 4981/4981 4980/4980
f 4979/4979 4978/4978 4980/4980
f 4980/4980 4981/4981 4982/4982
f 5276/5276 5279/5279 5300/5300
f 298/298 353/353 329/329
f 2029/2029 2049/2049 2054/2054
f 2407/2407 2408/2408 2400/2400
f 2400/2400 2429/2429 2428/2428
f 1869/1869 1858/1858 1868/1868
f 3109/3109 3102/3102 3095/3095
f 2583/2583 2584/2584 2582/2582
f 3617/3617 3621/3621 3618/3618
f 222/222 152/152 223/223
f 5029/5029 5021/5021 5026/5026
f 806/806 803/803 800/800
f 5273/5273 5272/5272 5276/5276
f 5276/5276 5272/5272 5279/5279
f 247/247 214/214 255/255
f 277/277 265/265 278/278
f 990/990 987/987 989/989
f 2408/2408 2429/2429 2400/2400
f 1039/1039 1037/1037 1038/1038
f 2550/2550 2547/2547 2549/2549
f 3621/3621 3626/3626 3618/3618
f 4977/4977 4978/4978 4979/4979
f 803/803 802/802 743/743
f 803/803 743/743 800/800
f 800/800 743/743 797/797
f 214/214 258/258 255/255
f 298/298 317/317 353/353
f 285/285 288/288 298/298
f 299/299 285/285 298/298
f 1728/1728 1726/1726 1739/1739
f 4031/4031 4030/4030 4032/4032
f 4033/4033 4031/4031 4032/4032
f 1092/1092 1070/1070 1051/1051
f 3435/3435 3433/3433 3423/3423
f 2381/2381 2382/2382 2383/2383
f 684/684 695/695 678/678
f 3626/3626 3660/3660 3618/3618
f 4330/4330 4338/4338 4331/4331
f 5289/5289 5270/5270 5273/5273
f 224/224 211/211 248/248
f 214/214 262/262 258/258
f 262/262 261/261 267/267
f 267/267 261/261 277/277
f 1739/1739 1726/1726 1745/1745
f 2428/2428 2429/2429 2437/2437
f 2407/2407 2409/2409 2408/2408
f 2963/2963 2965/2965 2994/2994
f 1085/1085 1050/1050 1039/1039
f 154/154 153/153 221/221
f 3618/3618 3660/3660 3661/3661
f 5270/5270 5272/5272 5273/5273
f 211/211 247/247 248/248
f 288/288 297/297 298/298
f 249/249 261/261 262/262
f 278/278 274/274 285/285
f 278/278 285/285 299/299
f 1013/1013 987/987 991/991
f 1728/1728 1727/1727 1726/1726
f 989/989 995/995 992/992
f 992/992 995/995 1123/1123
f 1086/1086 1052/1052 1050/1050
f 1859/1859 1858/1858 1869/1869
f 1846/1846 1847/1847 1848/1848
f 3433/3433 3434/3434 3423/3423
f 1039/1039 1042/1042 1037/1037
f 1141/1141 1154/1154 1149/1149
f 3837/3837 3836/3836 3838/3838
f 5028/5028 5021/5021 5029/5029
f 152/152 212/212 223/223
f 212/212 211/211 223/223
f 223/223 211/211 224/224
f 5275/5275 5298/5298 5272/5272
f 298/298 297/297 317/317
f 277/277 261/261 265/265
f 265/265 274/274 278/278
f 995/995 1069/1069 1123/1123
f 4087/4087 4086/4086 4081/4081
f 2997/2997 2994/2994 2965/2965
f 3424/3424 3419/3419 3454/3454
f 1041/1041 1096/1096 1107/1107
f 2547/2547 2548/2548 2549/2549
f 1797/1797 1828/1828 1796/1796
f 989/989 984/984 995/995
f 2409/2409 2410/2410 2408/2408
f 1123/1123 1069/1069 1070/1070
f 4031/4031 4029/4029 4030/4030
f 1086/1086 1051/1051 1052/1052
f 1039/1039 1050/1050 1042/1042
f 3434/3434 3417/3417 3423/3423
f 1038/1038 1034/1034 1041/1041
f 5028/5028 5024/5024 5021/5021
f 743/743 741/741 797/797
f 5021/5021 5022/5022 5023/5023
f 802/802 801/801 743/743
f 5270/5270 5271/5271 5272/5272
f 5272/5272 5274/5274 5275/5275
f 211/211 213/213 247/247
f 1859/1859 1857/1857 1858/1858
f 2582/2582 2602/2602 2603/2603
f 151/151 216/216 218/218
f 3621/3621 3629/3629 3626/3626
f 4237/4237 4234/4234 4244/4244
f 4244/4244 4234/4234 4236/4236
f 741/741 808/808 797/797
f 5271/5271 5274/5274 5272/5272
f 5274/5274 5285/5285 5275/5275
f 5275/5275 5290/5290 5298/5298
f 247/247 213/213 214/214
f 262/262 214/214 249/249
f 1727/1727 1730/1730 1725/1725
f 1727/1727 1725/1725 1726/1726
f 1726/1726 1744/1744 1745/1745
f 2411/2411 2410/2410 2409/2409
f 2408/2408 2412/2412 2429/2429
f 1038/1038 1037/1037 1034/1034
f 1034/1034 1096/1096 1041/1041
f 1107/1107 1117/1117 1118/1118
f 5024/5024 5022/5022 5021/5021
f 801/801 744/744 743/743
f 297/297 316/316 317/317
f 1020/1020 985/985 1013/1013
f 4024/4024 4028/4028 4029/4029
f 4029/4029 4028/4028 4030/4030
f 1565/1565 1567/1567 1568/1568
f 154/154 136/136 153/153
f 3626/3626 3630/3630 3660/3660
f 3837/3837 3835/3835 3836/3836
f 288/288 296/296 297/297
f 1398/1398 1393/1393 1397/1397
f 1726/1726 1725/1725 1724/1724
f 1726/1726 1724/1724 1744/1744
f 2412/2412 2430/2430 2429/2429
f 2429/2429 2430/2430 2436/2436
f 3004/3004 2996/2996 2998/2998
f 1859/1859 1844/1844 1857/1857
f 2545/2545 2546/2546 2547/2547
f 2547/2547 2546/2546 2548/2548
f 216/216 151/151 139/139
f 4234/4234 4235/4235 4236/4236
f 573/573 585/585 580/580
f 744/744 738/738 743/743
f 4551/4551 4545/4545 4552/4552
f 297/297 296/296 316/316
f 1021/1021 985/985 1020/1020
f 1549/1549 1391/1391 1395/1395
f 1857/1857 1844/1844 1846/1846
f 1846/1846 1845/1845 1847/1847
f 1118/1118 1117/1117 1133/1133
f 3659/3659 3661/3661 3660/3660
f 5028/5028 5030/5030 5024/5024
f 741/741 740/740 808/808
f 808/808 740/740 809/809
f 5271/5271 5299/5299 5274/5274
f 1828/1828 1827/1827 1796/1796
f 261/261 256/256 265/265
f 265/265 256/256 274/274
f 2032/2032 2045/2045 2031/2031
f 4024/4024 4026/4026 4028/4028
f 1070/1070 1049/1049 1051/1051
f 3433/3433 3417/3417 3434/3434
f 677/677 671/671 676/676
f 216/216 139/139 215/215
f 215/215 139/139 154/154
f 5024/5024 5025/5025 5022/5022
f 801/801 742/742 744/744
f 5299/5299 5285/5285 5274/5274
f 213/213 117/117 214/214
f 256/256 275/275 274/274
f 274/274 275/275 285/285
f 1069/1069 1065/1065 1070/1070
f 1051/1051 1048/1048 1052/1052
f 2980/2980 2997/2997 2979/2979
f 1052/1052 1048/1048 1050/1050
f 1844/1844 1845/1845 1846/1846
f 3433/3433 3432/3432 3417/3417
f 1565/1565 1564/1564 1567/1567
f 2584/2584 2585/2585 2582/2582
f 2582/2582 2585/2585 2602/2602
f 3629/3629 3630/3630 3626/3626
f 4237/4237 4233/4233 4234/4234
f 3835/3835 3834/3834 3836/3836
f 153/153 144/144 152/152
f 741/741 738/738 740/740
f 152/152 125/125 212/212
f 212/212 125/125 211/211
f 211/211 114/114 213/213
f 214/214 117/117 115/115
f 214/214 115/115 249/249
f 249/249 115/115 261/261
f 275/275 287/287 285/285
f 285/285 287/287 288/288
f 1724/1724 1743/1743 1744/1744
f 2411/2411 2412/2412 2410/2410
f 1118/1118 1133/1133 1141/1141
f 2545/2545 2541/2541 2546/2546
f 2548/2548 2546/2546 2584/2584
f 139/139 136/136 154/154
f 136/136 133/133 153/153
f 3659/3659 3662/3662 3661/3661
f 153/153 133/133 144/144
f 144/144 125/125 152/152
f 114/114 117/117 213/213
f 261/261 115/115 256/256
f 2411/2411 2413/2413 2412/2412
f 4024/4024 4025/4025 4026/4026
f 2412/2412 2413/2413 2420/2420
f 1070/1070 1065/1065 1049/1049
f 2999/2999 2997/2997 2980/2980
f 1862/1862 1842/1842 1859/1859
f 1866/1866 1862/1862 1859/1859
f 1842/1842 1844/1844 1859/1859
f 1048/1048 1042/1042 1050/1050
f 3432/3432 3420/3420 3417/3417
f 3417/3417 3418/3418 3419/3419
f 3835/3835 3831/3831 3834/3834
f 5033/5033 5031/5031 5030/5030
f 5030/5030 5031/5031 5024/5024
f 125/125 114/114 211/211
f 5285/5285 5286/5286 5275/5275
f 288/288 287/287 296/296
f 1725/1725 1723/1723 1724/1724
f 1393/1393 1389/1389 1397/1397
f 1743/1743 1747/1747 1744/1744
f 2411/2411 2414/2414 2413/2413
f 3432/3432 3422/3422 3420/3420
f 3420/3420 3418/3418 3417/3417
f 922/922 903/903 901/901
f 2382/2382 2384/2384 2383/2383
f 1567/1567 1570/1570 1569/1569
f 4234/4234 4232/4232 4235/4235
f 5024/5024 5027/5027 5025/5025
f 984/984 983/983 995/995
f 1734/1734 1723/1723 1725/1725
f 4024/4024 4027/4027 4025/4025
f 1096/1096 1108/1108 1107/1107
f 1141/1141 1140/1140 1154/1154
f 2545/2545 2544/2544 2541/2541
f 1564/1564 1609/1609 1567/1567
f 3879/3879 3882/3882 3880/3880
f 738/738 739/739 740/740
f 5275/5275 5286/5286 5290/5290
f 1724/1724 1723/1723 1722/1722
f 3432/3432 3431/3431 3422/3422
f 1133/1133 1140/1140 1141/1141
f 2585/2585 2604/2604 2602/2602
f 4234/4234 4233/4233 4232/4232
f 5024/5024 5031/5031 5027/5027
f 740/740 739/739 809/809
f 5299/5299 5287/5287 5285/5285
f 1827/1827 1795/1795 1796/1796
f 296/296 315/315 316/316
f 4027/4027 4037/4037 4025/4025
f 2412/2412 2431/2431 2430/2430
f 2584/2584 2586/2586 2585/2585
f 151/151 135/135 139/139
f 139/139 135/135 136/136
f 4233/4233 4229/4229 4232/4232
f 144/144 124/124 125/125
f 809/809 739/739 823/823
f 5305/5305 5306/5306 5307/5307
f 114/114 113/113 117/117
f 1827/1827 1824/1824 1795/1795
f 117/117 113/113 115/115
f 1724/1724 1722/1722 1743/1743
f 2414/2414 2415/2415 2413/2413
f 2413/2413 2421/2421 2420/2420
f 2412/2412 2420/2420 2431/2431
f 1844/1844 1843/1843 1845/1845
f 3420/3420 3421/3421 3418/3418
f 1042/1042 1048/1048 1047/1047
f 2384/2384 2386/2386 2383/2383
f 1108/1108 1117/1117 1107/1107
f 2541/2541 2558/2558 2546/2546
f 151/151 143/143 135/135
f 3630/3630 3632/3632 3659/3659
f 133/133 123/123 144/144
f 738/738 735/735 739/739
f 5285/5285 5287/5287 5286/5286
f 113/113 111/111 115/115
f 256/256 273/273 275/275
f 1069/1069 1067/1067 1065/1065
f 1743/1743 1722/1722 1747/1747
f 1046/1046 1048/1048 1049/1049
f 2980/2980 3000/3000 2999/2999
f 1842/1842 1843/1843 1844/1844
f 678/678 669/669 677/677
f 135/135 131/131 136/136
f 136/136 131/131 133/133
f 125/125 124/124 120/120
f 811/811 737/737 742/742
f 5295/5295 5287/5287 5299/5299
f 125/125 120/120 114/114
f 5301/5301 5290/5290 5286/5286
f 114/114 104/104 113/113
f 1723/1723 1720/1720 1722/1722
f 3420/3420 3422/3422 3421/3421
f 3631/3631 3632/3632 3630/3630
f 737/737 735/735 738/738
f 116/116 256/256 115/115
f 1063/1063 1046/1046 1065/1065
f 1862/1862 1838/1838 1842/1842
f 3431/3431 3426/3426 3422/3422
f 3418/3418 3421/3421 3453/3453
f 1042/1042 1032/1032 1037/1037
f 2544/2544 2537/2537 2541/2541
f 3659/3659 3658/3658 3662/3662
f 3662/3662 3658/3658 3664/3664
f 5089/5089 5090/5090 5091/5091
f 275/275 273/273 287/287
f 1067/1067 1063/1063 1065/1065
f 4038/4038 4037/4037 4027/4027
f 1065/1065 1046/1046 1049/1049
f 2980/2980 2985/2985 3000/3000
f 2735/2735 2734/2734 2736/2736
f 1037/1037 1032/1032 1034/1034
f 2586/2586 2587/2587 2585/2585
f 1560/1560 1559/1559 1609/1609
f 133/133 132/132 123/123
f 144/144 123/123 124/124
f 569/569 567/567 555/555
f 735/735 734/734 739/739
f 734/734 813/813 739/739
f 120/120 105/105 114/114
f 5286/5286 5288/5288 5301/5301
f 287/287 286/286 296/296
f 111/111 116/116 115/115
f 1722/1722 1721/1721 1741/1741
f 1722/1722 1741/1741 1747/1747
f 1842/1842 1841/1841 1843/1843
f 131/131 132/132 133/133
f 123/123 120/120 124/124
f 811/811 736/736 737/737
f 114/114 105/105 104/104
f 273/273 286/286 287/287
f 116/116 260/260 256/256
f 995/995 983/983 1001/1001
f 4038/4038 4043/4043 4037/4037
f 1722/1722 1720/1720 1721/1721
f 2421/2421 2415/2415 2422/2422
f 2421/2421 2422/2422 2420/2420
f 1838/1838 1841/1841 1842/1842
f 3631/3631 3633/3633 3632/3632
f 4232/4232 4231/4231 4253/4253
f 3831/3831 3832/3832 3833/3833
f 737/737 736/736 735/735
f 1795/1795 1824/1824 1814/1814
f 104/104 103/103 113/113
f 286/286 315/315 296/296
f 113/113 103/103 111/111
f 256/256 260/260 273/273
f 1069/1069 1001/1001 1067/1067
f 4043/4043 4044/4044 4037/4037
f 2414/2414 2416/2416 2415/2415
f 2420/2420 2424/2424 2431/2431
f 1863/1863 1838/1838 1862/1862
f 2735/2735 2732/2732 2734/2734
f 695/695 687/687 678/678
f 678/678 687/687 669/669
f 2541/2541 2563/2563 2558/2558
f 2586/2586 2588/2588 2587/2587
f 4232/4232 4229/4229 4231/4231
f 735/735 736/736 714/714
f 735/735 714/714 734/734
f 734/734 718/718 813/813
f 5287/5287 5291/5291 5288/5288
f 4038/4038 4048/4048 4043/4043
f 2954/2954 2953/2953 2955/2955
f 2422/2422 2424/2424 2420/2420
f 2954/2954 2952/2952 2953/2953
f 3431/3431 3436/3436 3426/3426
f 3426/3426 3425/3425 3422/3422
f 3422/3422 3425/3425 3421/3421
f 714/714 718/718 734/734
f 811/811 724/724 736/736
f 2682/2682 2680/2680 2681/2681
f 5295/5295 5292/5292 5287/5287
f 5287/5287 5292/5292 5291/5291
f 2680/2680 2671/2671 2681/2681
f 4535/4535 4538/4538 4539/4539
f 2956/2956 2955/2955 2958/2958
f 2956/2956 2954/2954 2955/2955
f 2416/2416 2417/2417 2415/2415
f 2952/2952 2951/2951 2953/2953
f 2952/2952 2950/2950 2951/2951
f 3002/3002 2985/2985 2984/2984
f 2984/2984 2985/2985 2982/2982
f 2950/2950 2948/2948 2951/2951
f 1838/1838 1840/1840 1841/1841
f 3436/3436 3427/3427 3426/3426
f 676/676 686/686 680/680
f 1609/1609 1585/1585 1570/1570
f 3632/3632 3657/3657 3658/3658
f 3658/3658 3657/3657 3664/3664
f 123/123 119/119 120/120
f 2689/2689 2687/2687 2688/2688
f 2687/2687 2686/2686 2688/2688
f 2687/2687 2685/2685 2686/2686
f 2685/2685 2682/2682 2686/2686
f 3866/3866 3864/3864 3865/3865
f 714/714 706/706 718/718
f 2685/2685 2684/2684 2682/2682
f 3864/3864 3863/3863 3865/3865
f 813/813 718/718 823/823
f 2684/2684 2683/2683 2682/2682
f 2683/2683 2680/2680 2682/2682
f 3863/3863 3870/3870 3865/3865
f 3862/3862 3863/3863 3864/3864
f 3862/3862 3861/3861 3863/3863
f 3860/3860 3861/3861 3862/3862
f 2680/2680 2679/2679 2671/2671
f 1242/1242 1241/1241 1235/1235
f 3860/3860 3868/3868 3867/3867
f 3860/3860 3867/3867 3861/3861
f 3869/3869 3873/3873 3872/3872
f 3868/3868 3869/3869 3867/3867
f 3869/3869 3872/3872 3871/3871
f 3869/3869 3871/3871 3867/3867
f 777/777 758/758 807/807
f 2679/2679 2672/2672 2671/2671
f 2671/2671 2672/2672 2673/2673
f 2672/2672 2674/2674 2673/2673
f 1232/1232 1233/1233 1234/1234
f 2672/2672 2690/2690 2674/2674
f 2673/2673 2675/2675 2678/2678
f 2674/2674 2675/2675 2673/2673
f 2690/2690 2691/2691 2674/2674
f 1234/1234 1237/1237 1240/1240
f 2674/2674 2676/2676 2675/2675
f 2676/2676 2677/2677 2675/2675
f 2676/2676 2693/2693 2677/2677
f 1718/1718 1717/1717 1720/1720
f 1720/1720 1717/1717 1721/1721
f 2419/2419 2416/2416 2414/2414
f 2982/2982 2981/2981 2983/2983
f 2950/2950 2949/2949 2948/2948
f 2587/2587 2589/2589 2585/2585
f 724/724 714/714 736/736
f 716/716 720/720 725/725
f 730/730 723/723 724/724
f 815/815 754/754 730/730
f 757/757 754/754 815/815
f 807/807 757/757 815/815
f 584/584 588/588 575/575
f 758/758 757/757 807/807
f 3410/3410 3412/3412 3416/3416
f 1235/1235 1231/1231 1232/1232
f 1232/1232 1231/1231 1228/1228
f 260/260 257/257 270/270
f 260/260 270/270 273/273
f 1232/1232 1228/1228 1233/1233
f 1234/1234 1233/1233 1237/1237
f 1237/1237 1244/1244 1240/1240
f 1721/1721 1740/1740 1741/1741
f 2417/2417 2424/2424 2422/2422
f 1865/1865 1836/1836 1863/1863
f 1863/1863 1836/1836 1838/1838
f 2384/2384 2387/2387 2386/2386
f 2537/2537 2539/2539 2541/2541
f 2585/2585 2589/2589 2604/2604
f 135/135 129/129 131/131
f 131/131 127/127 132/132
f 3633/3633 3634/3634 3632/3632
f 3632/3632 3634/3634 3657/3657
f 132/132 127/127 123/123
f 714/714 703/703 706/706
f 706/706 719/719 718/718
f 718/718 719/719 823/823
f 724/724 723/723 703/703
f 724/724 703/703 714/714
f 5308/5308 5309/5309 5310/5310
f 757/757 756/756 754/754
f 1235/1235 1236/1236 1231/1231
f 758/758 756/756 757/757
f 773/773 774/774 778/778
f 778/778 760/760 777/777
f 777/777 760/760 758/758
f 116/116 257/257 260/260
f 1237/1237 1233/1233 1238/1238
f 4043/4043 4045/4045 4044/4044
f 4044/4044 4045/4045 4046/4046
f 2419/2419 2418/2418 2416/2416
f 2416/2416 2418/2418 2417/2417
f 1836/1836 1837/1837 1838/1838
f 2949/2949 2931/2931 2948/2948
f 1837/1837 1839/1839 1838/1838
f 1839/1839 1840/1840 1838/1838
f 1042/1042 1043/1043 1032/1032
f 2541/2541 2539/2539 2563/2563
f 143/143 134/134 135/135
f 131/131 129/129 127/127
f 127/127 121/121 123/123
f 123/123 121/121 119/119
f 706/706 705/705 719/719
f 725/725 796/796 818/818
f 4533/4533 4534/4534 4535/4535
f 756/756 755/755 754/754
f 1235/1235 1241/1241 1236/1236
f 4540/4540 4538/4538 4534/4534
f 778/778 774/774 760/760
f 286/286 290/290 315/315
f 273/273 270/270 286/286
f 1228/1228 1204/1204 1218/1218
f 4045/4045 4047/4047 4046/4046
f 2442/2442 2418/2418 2419/2419
f 4133/4133 4136/4136 4131/4131
f 2417/2417 2425/2425 2424/2424
f 2425/2425 2438/2438 2424/2424
f 2418/2418 2423/2423 2417/2417
f 4131/4131 4132/4132 4133/4133
f 4133/4133 4132/4132 4134/4134
f 3009/3009 3003/3003 2988/2988
f 2988/2988 2983/2983 3007/3007
f 2931/2931 2933/2933 2948/2948
f 3426/3426 3427/3427 3425/3425
f 671/671 670/670 676/676
f 2539/2539 2573/2573 2563/2563
f 703/703 705/705 706/706
f 719/719 705/705 713/713
f 796/796 829/829 818/818
f 5292/5292 5293/5293 5291/5291
f 120/120 102/102 105/105
f 758/758 760/760 759/759
f 758/758 759/759 756/756
f 1236/1236 1225/1225 1231/1231
f 1231/1231 1225/1225 1204/1204
f 773/773 771/771 774/774
f 1822/1822 1814/1814 1824/1824
f 270/270 290/290 286/286
f 1218/1218 1204/1204 1202/1202
f 1202/1202 1216/1216 1218/1218
f 1218/1218 1216/1216 1239/1239
f 1218/1218 1239/1239 1233/1233
f 1233/1233 1239/1239 1238/1238
f 2417/2417 2423/2423 2425/2425
f 4132/4132 4135/4135 4134/4134
f 3443/3443 3427/3427 3436/3436
f 3425/3425 3427/3427 3428/3428
f 341/341 145/145 143/143
f 135/135 134/134 129/129
f 721/721 713/713 716/716
f 723/723 699/699 703/703
f 723/723 731/731 699/699
f 1242/1242 1243/1243 1241/1241
f 755/755 731/731 754/754
f 756/756 759/759 755/755
f 100/100 101/101 103/103
f 104/104 100/100 103/103
f 1204/1204 1200/1200 1202/1202
f 1021/1021 982/982 986/986
f 4318/4318 4315/4315 4317/4317
f 4315/4315 4316/4316 4317/4317
f 1717/1717 1719/1719 1721/1721
f 3014/3014 3013/3013 3009/3009
f 3009/3009 3013/3013 3005/3005
f 3920/3920 3919/3919 3921/3921
f 3920/3920 3915/3915 3919/3919
f 2931/2931 2934/2934 2932/2932
f 2931/2931 2932/2932 2933/2933
f 1047/1047 1043/1043 1042/1042
f 1034/1034 1100/1100 1096/1096
f 1133/1133 1131/1131 1140/1140
f 143/143 145/145 134/134
f 120/120 119/119 102/102
f 1814/1814 1798/1798 1791/1791
f 102/102 100/100 105/105
f 105/105 100/100 104/104
f 103/103 101/101 111/111
f 4315/4315 4313/4313 4316/4316
f 5405/5405 5411/5411 5408/5408
f 1721/1721 1719/1719 1740/1740
f 3015/3015 3013/3013 3014/3014
f 1872/1872 1870/1870 1871/1871
f 1418/1418 1419/1419 1396/1396
f 3915/3915 3918/3918 3919/3919
f 1870/1870 1836/1836 1865/1865
f 1871/1871 1870/1870 1865/1865
f 1096/1096 1100/1100 1108/1108
f 1117/1117 1131/1131 1133/1133
f 3657/3657 3665/3665 3664/3664
f 4231/4231 4251/4251 4253/4253
f 725/725 720/720 796/796
f 1814/1814 1822/1822 1798/1798
f 3414/3414 3411/3411 3410/3410
f 3410/3410 3411/3411 3412/3412
f 4315/4315 4311/4311 4313/4313
f 1717/1717 1716/1716 1719/1719
f 3015/3015 3014/3014 3016/3016
f 1872/1872 1877/1877 1873/1873
f 1872/1872 1873/1873 1870/1870
f 1870/1870 1837/1837 1836/1836
f 1870/1870 1839/1839 1837/1837
f 1048/1048 1046/1046 1047/1047
f 2932/2932 2934/2934 2935/2935
f 2934/2934 2936/2936 2935/2935
f 1117/1117 1116/1116 1131/1131
f 3633/3633 3635/3635 3634/3634
f 3634/3634 3646/3646 3657/3657
f 3665/3665 3689/3689 3664/3664
f 774/774 771/771 760/760
f 111/111 110/110 116/116
f 981/981 979/979 983/983
f 1202/1202 1215/1215 1216/1216
f 1216/1216 1246/1246 1239/1239
f 1063/1063 1053/1053 1046/1046
f 3016/3016 3014/3014 3017/3017
f 1887/1887 1888/1888 1877/1877
f 1887/1887 1877/1877 1872/1872
f 3516/3516 3517/3517 3518/3518
f 1873/1873 1874/1874 1870/1870
f 39/39 41/41 42/42
f 1870/1870 1875/1875 1839/1839
f 3445/3445 3427/3427 3443/3443
f 923/923 932/932 924/924
f 1108/1108 1116/1116 1117/1117
f 2537/2537 2538/2538 2539/2539
f 3657/3657 3646/3646 3665/3665
f 4238/4238 4230/4230 4229/4229
f 703/703 704/704 705/705
f 119/119 118/118 102/102
f 759/759 763/763 755/755
f 116/116 110/110 257/257
f 257/257 219/219 270/270
f 1001/1001 999/999 1067/1067
f 4311/4311 4314/4314 4312/4312
f 4311/4311 4312/4312 4313/4313
f 2270/2270 2268/2268 2269/2269
f 3516/3516 3518/3518 3520/3520
f 4450/4450 4456/4456 4451/4451
f 3519/3519 3514/3514 3516/3516
f 4450/4450 4451/4451 4452/4452
f 4450/4450 4452/4452 4453/4453
f 2268/2268 2265/2265 2269/2269
f 840/840 834/834 831/831
f 2263/2263 2265/2265 2268/2268
f 5103/5103 5104/5104 5105/5105
f 3514/3514 3515/3515 3516/3516
f 4452/4452 4454/4454 4453/4453
f 3514/3514 3521/3521 3515/3515
f 4453/4453 4454/4454 4455/4455
f 2266/2266 2264/2264 2263/2263
f 2263/2263 2264/2264 2265/2265
f 3515/3515 3521/3521 3522/3522
f 3515/3515 3522/3522 3517/3517
f 3522/3522 3524/3524 3517/3517
f 3915/3915 3917/3917 3918/3918
f 3427/3427 3430/3430 3428/3428
f 2957/2957 2943/2943 2960/2960
f 2940/2940 2943/2943 2957/2957
f 2936/2936 2937/2937 2935/2935
f 2935/2935 2937/2937 2940/2940
f 2940/2940 2942/2942 2943/2943
f 2936/2936 2938/2938 2937/2937
f 2937/2937 2942/2942 2940/2940
f 2942/2942 2941/2941 2943/2943
f 2937/2937 2941/2941 2942/2942
f 4229/4229 4230/4230 4231/4231
f 755/755 763/763 766/766
f 1241/1241 1229/1229 1236/1236
f 4588/4588 4540/4540 4541/4541
f 1236/1236 1227/1227 1225/1225
f 795/795 772/772 773/773
f 773/773 772/772 771/771
f 318/318 301/301 348/348
f 290/290 291/291 301/301
f 290/290 301/301 318/318
f 101/101 110/110 111/111
f 270/270 291/291 290/290
f 219/219 276/276 270/270
f 2270/2270 2269/2269 2271/2271
f 3523/3523 3516/3516 3520/3520
f 3519/3519 3516/3516 3523/3523
f 3466/3466 3461/3461 3458/3458
f 4456/4456 4457/4457 4451/4451
f 3464/3464 3458/3458 3460/3460
f 3461/3461 3459/3459 3458/3458
f 3458/3458 3459/3459 3460/3460
f 3463/3463 3459/3459 3461/3461
f 3459/3459 3462/3462 3460/3460
f 2266/2266 2267/2267 2264/2264
f 2266/2266 2272/2272 2267/2267
f 3521/3521 3525/3525 3522/3522
f 3522/3522 3525/3525 3526/3526
f 3915/3915 3916/3916 3917/3917
f 3522/3522 3526/3526 3524/3524
f 3452/3452 3451/3451 3427/3427
f 3445/3445 3452/3452 3427/3427
f 3427/3427 3451/3451 3430/3430
f 2935/2935 2940/2940 2959/2959
f 2959/2959 2940/2940 2957/2957
f 2938/2938 2939/2939 2937/2937
f 2939/2939 2944/2944 2941/2941
f 2939/2939 2941/2941 2937/2937
f 1043/1043 1033/1033 1032/1032
f 1131/1131 1138/1138 1140/1140
f 3635/3635 3636/3636 3634/3634
f 129/129 128/128 127/127
f 3634/3634 3636/3636 3646/3646
f 1243/1243 1229/1229 1241/1241
f 1822/1822 1823/1823 1798/1798
f 1067/1067 1064/1064 1063/1063
f 1887/1887 1891/1891 1888/1888
f 4458/4458 4457/4457 4456/4456
f 3466/3466 3458/3458 3467/3467
f 3467/3467 3458/3458 3464/3464
f 3229/3229 3231/3231 3233/3233
f 3463/3463 3465/3465 3459/3459
f 3459/3459 3465/3465 3462/3462
f 40/40 63/63 41/41
f 4454/4454 4460/4460 4455/4455
f 4455/4455 4460/4460 4461/4461
f 2272/2272 2273/2273 2267/2267
f 39/39 36/36 40/40
f 1874/1874 1876/1876 1875/1875
f 5055/5055 5054/5054 5056/5056
f 5056/5056 5054/5054 5057/5057
f 1046/1046 1043/1043 1047/1047
f 3188/3188 3195/3195 3189/3189
f 2947/2947 2946/2946 2939/2939
f 2938/2938 2947/2947 2939/2939
f 2939/2939 2946/2946 2944/2944
f 2941/2941 2944/2944 2945/2945
f 145/145 146/146 134/134
f 121/121 118/118 119/119
f 699/699 701/701 703/703
f 703/703 701/701 704/704
f 1236/1236 1229/1229 1230/1230
f 1236/1236 1230/1230 1227/1227
f 270/270 276/276 291/291
f 3018/3018 3019/3019 3016/3016
f 4458/4458 4459/4459 4457/4457
f 3224/3224 3227/3227 3231/3231
f 3232/3232 3231/3231 3227/3227
f 5121/5121 5122/5122 5123/5123
f 3150/3150 3147/3147 3148/3148
f 3455/3455 3457/3457 3430/3430
f 3451/3451 3455/3455 3430/3430
f 1140/1140 1153/1153 1154/1154
f 4230/4230 4239/4239 4231/4231
f 4231/4231 4239/4239 4251/4251
f 759/759 764/764 763/763
f 102/102 98/98 100/100
f 760/760 761/761 759/759
f 2058/2058 2041/2041 2063/2063
f 1891/1891 1892/1892 1888/1888
f 2622/2622 2615/2615 2621/2621
f 3147/3147 3140/3140 3148/3148
f 3916/3916 3923/3923 3922/3922
f 3916/3916 3922/3922 3917/3917
f 1876/1876 1878/1878 1875/1875
f 3148/3148 3140/3140 3149/3149
f 5055/5055 5053/5053 5054/5054
f 3354/3354 3356/3356 3362/3362
f 3362/3362 3356/3356 3361/3361
f 134/134 130/130 129/129
f 129/129 130/130 128/128
f 121/121 127/127 128/128
f 704/704 707/707 705/705
f 762/762 761/761 760/760
f 98/98 99/99 100/100
f 2332/2332 2333/2333 2339/2339
f 2331/2331 2333/2333 2332/2332
f 1891/1891 1890/1890 1892/1892
f 3133/3133 3127/3127 3129/3129
f 4471/4471 4472/4472 4476/4476
f 4482/4482 4471/4471 4476/4476
f 4476/4476 4472/4472 4479/4479
f 2615/2615 2612/2612 2621/2621
f 3147/3147 3138/3138 3140/3140
f 3140/3140 3143/3143 3149/3149
f 1046/1046 1044/1044 1043/1043
f 2451/2451 2449/2449 2454/2454
f 3356/3356 3360/3360 3361/3361
f 2738/2738 2733/2733 2732/2732
f 2732/2732 2733/2733 2734/2734
f 3665/3665 3688/3688 3689/3689
f 128/128 122/122 121/121
f 121/121 122/122 118/118
f 716/716 715/715 720/720
f 102/102 118/118 98/98
f 100/100 99/99 101/101
f 110/110 219/219 257/257
f 1200/1200 1201/1201 1202/1202
f 1202/1202 1205/1205 1215/1215
f 999/999 1068/1068 1067/1067
f 2332/2332 2339/2339 2338/2338
f 2329/2329 2331/2331 2332/2332
f 3732/3732 3733/3733 3745/3745
f 4481/4481 4480/4480 4478/4478
f 3224/3224 3228/3228 3225/3225
f 63/63 36/36 64/64
f 3227/3227 3224/3224 3226/3226
f 5053/5053 5052/5052 5054/5054
f 2482/2482 2466/2466 2467/2467
f 2467/2467 2466/2466 2451/2451
f 2454/2454 2449/2449 2480/2480
f 2454/2454 2480/2480 2483/2483
f 3357/3357 3358/3358 3355/3355
f 3357/3357 3355/3355 3354/3354
f 3354/3354 3355/3355 3356/3356
f 2388/2388 2389/2389 2387/2387
f 1032/1032 1033/1033 1034/1034
f 4230/4230 4240/4240 4239/4239
f 705/705 709/709 713/713
f 731/731 722/722 699/699
f 1798/1798 1815/1815 1810/1810
f 1823/1823 1815/1815 1798/1798
f 771/771 762/762 760/760
f 101/101 99/99 109/109
f 101/101 109/109 110/110
f 109/109 219/219 110/110
f 983/983 979/979 999/999
f 1891/1891 1886/1886 1890/1890
f 1890/1890 1886/1886 1889/1889
f 4480/4480 4477/4477 4478/4478
f 3225/3225 3230/3230 3226/3226
f 2615/2615 2613/2613 2612/2612
f 2612/2612 2613/2613 2614/2614
f 2481/2481 2466/2466 2482/2482
f 2656/2656 2644/2644 2651/2651
f 2451/2451 2450/2450 2449/2449
f 2466/2466 2450/2450 2451/2451
f 3355/3355 3359/3359 3356/3356
f 3356/3356 3359/3359 3360/3360
f 1033/1033 1035/1035 1034/1034
f 1034/1034 1035/1035 1100/1100
f 1100/1100 1109/1109 1108/1108
f 3635/3635 3637/3637 3636/3636
f 4251/4251 4248/4248 4259/4259
f 699/699 700/700 701/701
f 1815/1815 1820/1820 1810/1810
f 3411/3411 3413/3413 3412/3412
f 795/795 791/791 772/772
f 301/301 347/347 348/348
f 1203/1203 1200/1200 1204/1204
f 276/276 292/292 291/291
f 1202/1202 1201/1201 1205/1205
f 2329/2329 2332/2332 2322/2322
f 2322/2322 2332/2332 2338/2338
f 2330/2330 2331/2331 2329/2329
f 3732/3732 3731/3731 3733/3733
f 4477/4477 4475/4475 4478/4478
f 36/36 31/31 64/64
f 4471/4471 4469/4469 4468/4468
f 4471/4471 4468/4468 4472/4472
f 2613/2613 2616/2616 2614/2614
f 3138/3138 3141/3141 3139/3139
f 3138/3138 3139/3139 3140/3140
f 3140/3140 3139/3139 3142/3142
f 3923/3923 3924/3924 3922/3922
f 1876/1876 1880/1880 1879/1879
f 1876/1876 1879/1879 1878/1878
f 3140/3140 3142/3142 3143/3143
f 2481/2481 2473/2473 2466/2466
f 3355/3355 3358/3358 3364/3364
f 3355/3355 3364/3364 3359/3359
f 2738/2738 2739/2739 2733/2733
f 1140/1140 1138/1138 1153/1153
f 2587/2587 2590/2590 2589/2589
f 3646/3646 3672/3672 3665/3665
f 705/705 707/707 709/709
f 709/709 715/715 713/713
f 713/713 715/715 716/716
f 291/291 292/292 301/301
f 1067/1067 1068/1068 1064/1064
f 2330/2330 2329/2329 2321/2321
f 2322/2322 2338/2338 2337/2337
f 3732/3732 3729/3729 3731/3731
f 1046/1046 1053/1053 1044/1044
f 4477/4477 4474/4474 4475/4475
f 4474/4474 4467/4467 4475/4475
f 4467/4467 4468/4468 4469/4469
f 2613/2613 2617/2617 2616/2616
f 2616/2616 2618/2618 2614/2614
f 3925/3925 3924/3924 3923/3923
f 5053/5053 5048/5048 5052/5052
f 2644/2644 2641/2641 2651/2651
f 2641/2641 2648/2648 2651/2651
f 2651/2651 2648/2648 2662/2662
f 2466/2466 2473/2473 2450/2450
f 2473/2473 2465/2465 2450/2450
f 3364/3364 3365/3365 3359/3359
f 3365/3365 3363/3363 3359/3359
f 4239/4239 4248/4248 4251/4251
f 699/699 722/722 700/700
f 560/560 558/558 563/563
f 1225/1225 1203/1203 1204/1204
f 2321/2321 2329/2329 2322/2322
f 2336/2336 2322/2322 2337/2337
f 3731/3731 3757/3757 3733/3733
f 1889/1889 1886/1886 1885/1885
f 4473/4473 4470/4470 4467/4467
f 4474/4474 4473/4473 4467/4467
f 4467/4467 4470/4470 4468/4468
f 1880/1880 1881/1881 1879/1879
f 3139/3139 3144/3144 3142/3142
f 5048/5048 5051/5051 5052/5052
f 2644/2644 2643/2643 2641/2641
f 2480/2480 2449/2449 2479/2479
f 2728/2728 2724/2724 2726/2726
f 2726/2726 2723/2723 2725/2725
f 3098/3098 3093/3093 3099/3099
f 3636/3636 3638/3638 3646/3646
f 3646/3646 3638/3638 3672/3672
f 704/704 702/702 707/707
f 700/700 702/702 701/701
f 701/701 702/702 704/704
f 771/771 772/772 762/762
f 292/292 302/302 301/301
f 1205/1205 1208/1208 1215/1215
f 1215/1215 1222/1222 1223/1223
f 2336/2336 2337/2337 2348/2348
f 3729/3729 3730/3730 3731/3731
f 3731/3731 3756/3756 3757/3757
f 1886/1886 1884/1884 1885/1885
f 1881/1881 1883/1883 1882/1882
f 1881/1881 1882/1882 1879/1879
f 2648/2648 2641/2641 2637/2637
f 2723/2723 2722/2722 2725/2725
f 2449/2449 2447/2447 2479/2479
f 2662/2662 2648/2648 2661/2661
f 2473/2473 2472/2472 2465/2465
f 2465/2465 2448/2448 2450/2450
f 2450/2450 2448/2448 2449/2449
f 1043/1043 1045/1045 1033/1033
f 2739/2739 2740/2740 2733/2733
f 677/677 669/669 671/671
f 341/341 147/147 145/145
f 134/134 142/142 130/130
f 2536/2536 2529/2529 2522/2522
f 1225/1225 1227/1227 1203/1203
f 301/301 302/302 347/347
f 109/109 112/112 219/219
f 219/219 259/259 276/276
f 2321/2321 2322/2322 2320/2320
f 2320/2320 2322/2322 2336/2336
f 2336/2336 2348/2348 2347/2347
f 3730/3730 3756/3756 3731/3731
f 3756/3756 3760/3760 3757/3757
f 1885/1885 1884/1884 1883/1883
f 2643/2643 2642/2642 2641/2641
f 1044/1044 1045/1045 1043/1043
f 2465/2465 2472/2472 2448/2448
f 2449/2449 2448/2448 2447/2447
f 2538/2538 2540/2540 2539/2539
f 142/142 137/137 130/130
f 4248/4248 4260/4260 4259/4259
f 3665/3665 3672/3672 3688/3688
f 707/707 710/710 709/709
f 720/720 729/729 796/796
f 796/796 824/824 829/829
f 763/763 768/768 766/766
f 4596/4596 4600/4600 4652/4652
f 276/276 281/281 292/292
f 112/112 259/259 219/219
f 1201/1201 1208/1208 1205/1205
f 3734/3734 3729/3729 3746/3746
f 3734/3734 3730/3730 3729/3729
f 1215/1215 1208/1208 1222/1222
f 1063/1063 1064/1064 1053/1053
f 1679/1679 1698/1698 1681/1681
f 1681/1681 1680/1680 1679/1679
f 1884/1884 1882/1882 1883/1883
f 4161/4161 4158/4158 4162/4162
f 2669/2669 2668/2668 2642/2642
f 2643/2643 2669/2669 2642/2642
f 2650/2650 2661/2661 2648/2648
f 2648/2648 2637/2637 2650/2650
f 2472/2472 2471/2471 2448/2448
f 2471/2471 2446/2446 2448/2448
f 1108/1108 1109/1109 1116/1116
f 2563/2563 2559/2559 2592/2592
f 147/147 146/146 145/145
f 128/128 138/138 122/122
f 702/702 708/708 707/707
f 708/708 710/710 707/707
f 702/702 726/726 708/708
f 126/126 107/107 118/118
f 1815/1815 1825/1825 1820/1820
f 118/118 107/107 98/98
f 98/98 106/106 99/99
f 762/762 772/772 765/765
f 762/762 765/765 761/761
f 276/276 259/259 281/281
f 2320/2320 2318/2318 2321/2321
f 2319/2319 2320/2320 2336/2336
f 1200/1200 1203/1203 1201/1201
f 1208/1208 1221/1221 1222/1222
f 3730/3730 3735/3735 3756/3756
f 3756/3756 3759/3759 3760/3760
f 4161/4161 4157/4157 4158/4158
f 5047/5047 5046/5046 5045/5045
f 2641/2641 2642/2642 2636/2636
f 2479/2479 2447/2447 2485/2485
f 2472/2472 2487/2487 2471/2471
f 2448/2448 2446/2446 2447/2447
f 2539/2539 2559/2559 2573/2573
f 2588/2588 2592/2592 2587/2587
f 146/146 142/142 134/134
f 130/130 137/137 128/128
f 3672/3672 3687/3687 3688/3688
f 122/122 126/126 118/118
f 710/710 711/711 709/709
f 711/711 712/712 709/709
f 712/712 717/717 709/709
f 709/709 717/717 715/715
f 720/720 715/715 729/729
f 702/702 700/700 726/726
f 767/767 722/722 766/766
f 1815/1815 1826/1826 1825/1825
f 3414/3414 3415/3415 3411/3411
f 765/765 764/764 761/761
f 98/98 107/107 106/106
f 791/791 776/776 772/772
f 302/302 344/344 347/347
f 2318/2318 2320/2320 2319/2319
f 2319/2319 2336/2336 2343/2343
f 106/106 108/108 99/99
f 99/99 112/112 109/109
f 2336/2336 2347/2347 2343/2343
f 3736/3736 3746/3746 3747/3747
f 3736/3736 3734/3734 3746/3746
f 3734/3734 3735/3735 3730/3730
f 3735/3735 3755/3755 3756/3756
f 3756/3756 3755/3755 3759/3759
f 1619/1619 1620/1620 1626/1626
f 1620/1620 1627/1627 1626/1626
f 1626/1626 1627/1627 1640/1640
f 2641/2641 2636/2636 2637/2637
f 2650/2650 2654/2654 2661/2661
f 669/669 670/670 671/671
f 2539/2539 2542/2542 2559/2559
f 137/137 138/138 128/128
f 4119/4119 4121/4121 4126/4126
f 700/700 727/727 726/726
f 4124/4124 4125/4125 4120/4120
f 726/726 727/727 798/798
f 4124/4124 4120/4120 4119/4119
f 4119/4119 4120/4120 4121/4121
f 4121/4121 4123/4123 4126/4126
f 4123/4123 4128/4128 4127/4127
f 4126/4126 4123/4123 4127/4127
f 4120/4120 4122/4122 4121/4121
f 798/798 816/816 821/821
f 4121/4121 4122/4122 4123/4123
f 1245/1245 1229/1229 1243/1243
f 768/768 767/767 766/766
f 791/791 805/805 776/776
f 772/772 775/775 765/765
f 99/99 108/108 112/112
f 1208/1208 1220/1220 1221/1221
f 5097/5097 5099/5099 5100/5100
f 4429/4429 4430/4430 4431/4431
f 2642/2642 2668/2668 2636/2636
f 2637/2637 2636/2636 2635/2635
f 2388/2388 2393/2393 2392/2392
f 2388/2388 2392/2392 2389/2389
f 2447/2447 2445/2445 2484/2484
f 2471/2471 2468/2468 2446/2446
f 2447/2447 2446/2446 2445/2445
f 676/676 670/670 686/686
f 4126/4126 4127/4127 4129/4129
f 700/700 728/728 727/727
f 727/727 799/799 798/798
f 799/799 810/810 798/798
f 2317/2317 2318/2318 2319/2319
f 798/798 810/810 816/816
f 3736/3736 3735/3735 3734/3734
f 1220/1220 1219/1219 1217/1217
f 1219/1219 1212/1212 1217/1217
f 4835/4835 4834/4834 4837/4837
f 4156/4156 4155/4155 4157/4157
f 4157/4157 4155/4155 4158/4158
f 2637/2637 2635/2635 2650/2650
f 2635/2635 2640/2640 2650/2650
f 2650/2650 2640/2640 2654/2654
f 2487/2487 2468/2468 2471/2471
f 2468/2468 2443/2443 2446/2446
f 1757/1757 1755/1755 1754/1754
f 1754/1754 1756/1756 1759/1759
f 1754/1754 1755/1755 1756/1756
f 1758/1758 1755/1755 1757/1757
f 3302/3302 3304/3304 3312/3312
f 1756/1756 1767/1767 1759/1759
f 1758/1758 1762/1762 1755/1755
f 1762/1762 1765/1765 1755/1755
f 1755/1755 1765/1765 1756/1756
f 2587/2587 2591/2591 2590/2590
f 3637/3637 3638/3638 3636/3636
f 4242/4242 4241/4241 4240/4240
f 4240/4240 4241/4241 4239/4239
f 2317/2317 2319/2319 2323/2323
f 2319/2319 2343/2343 2323/2323
f 2323/2323 2343/2343 2346/2346
f 3748/3748 3738/3738 3747/3747
f 796/796 729/729 824/824
f 3747/3747 3738/3738 3736/3736
f 1540/1540 1515/1515 1520/1520
f 764/764 770/770 763/763
f 1229/1229 1224/1224 1230/1230
f 765/765 779/779 764/764
f 1230/1230 1224/1224 1227/1227
f 776/776 775/775 772/772
f 1227/1227 1224/1224 1203/1203
f 1224/1224 1207/1207 1203/1203
f 1203/1203 1207/1207 1206/1206
f 1203/1203 1206/1206 1201/1201
f 1206/1206 1209/1209 1201/1201
f 1201/1201 1209/1209 1208/1208
f 1208/1208 1219/1219 1220/1220
f 1695/1695 1694/1694 1696/1696
f 1212/1212 1213/1213 1217/1217
f 4833/4833 4835/4835 4836/4836
f 4835/4835 4837/4837 4836/4836
f 1279/1279 1277/1277 1278/1278
f 1627/1627 1639/1639 1640/1640
f 1640/1640 1639/1639 1656/1656
f 2636/2636 2632/2632 2635/2635
f 2640/2640 2652/2652 2654/2654
f 2654/2654 2652/2652 2664/2664
f 2446/2446 2443/2443 2445/2445
f 1757/1757 1754/1754 1760/1760
f 1754/1754 1759/1759 1763/1763
f 1761/1761 1758/1758 1757/1757
f 1763/1763 1759/1759 1766/1766
f 1764/1764 1758/1758 1761/1761
f 3304/3304 3317/3317 3312/3312
f 1756/1756 1770/1770 1767/1767
f 3304/3304 3314/3314 3317/3317
f 1756/1756 1769/1769 1770/1770
f 1771/1771 1765/1765 1762/1762
f 1765/1765 1772/1772 1769/1769
f 1765/1765 1769/1769 1756/1756
f 4239/4239 4241/4241 4248/4248
f 3738/3738 3748/3748 3742/3742
f 732/732 733/733 717/717
f 712/712 732/732 717/717
f 767/767 780/780 722/722
f 810/810 817/817 816/816
f 3573/3573 3572/3572 3558/3558
f 770/770 769/769 763/763
f 765/765 775/775 779/779
f 764/764 779/779 770/770
f 1826/1826 1829/1829 1825/1825
f 3736/3736 3737/3737 3735/3735
f 3735/3735 3737/3737 3753/3753
f 1207/1207 1214/1214 1206/1206
f 1206/1206 1214/1214 1209/1209
f 3735/3735 3754/3754 3755/3755
f 1208/1208 1210/1210 1212/1212
f 1208/1208 1212/1212 1219/1219
f 2635/2635 2632/2632 2634/2634
f 2652/2652 2660/2660 2664/2664
f 2468/2468 2470/2470 2443/2443
f 2443/2443 2444/2444 2445/2445
f 2443/2443 2470/2470 2444/2444
f 3304/3304 3310/3310 3314/3314
f 1771/1771 1772/1772 1765/1765
f 2587/2587 2592/2592 2591/2591
f 2325/2325 2324/2324 2323/2323
f 2323/2323 2344/2344 2325/2325
f 3672/3672 3673/3673 3687/3687
f 2324/2324 2317/2317 2323/2323
f 2324/2324 2334/2334 2317/2317
f 2323/2323 2346/2346 2344/2344
f 138/138 141/141 122/122
f 717/717 733/733 715/715
f 728/728 745/745 727/727
f 727/727 746/746 799/799
f 746/746 810/810 799/799
f 722/722 728/728 700/700
f 3738/3738 3737/3737 3736/3736
f 789/789 780/780 768/768
f 769/769 789/789 768/768
f 4464/4464 4463/4463 4466/4466
f 1229/1229 1226/1226 1224/1224
f 805/805 775/775 776/776
f 1224/1224 1214/1214 1207/1207
f 3753/3753 3754/3754 3735/3735
f 1209/1209 1210/1210 1208/1208
f 1212/1212 1210/1210 1213/1213
f 4156/4156 4153/4153 4155/4155
f 4155/4155 4153/4153 4154/4154
f 1961/1961 1962/1962 1966/1966
f 2636/2636 2667/2667 2632/2632
f 2635/2635 2634/2634 2640/2640
f 3583/3583 3582/3582 3584/3584
f 4016/4016 4015/4015 4012/4012
f 3935/3935 3928/3928 3933/3933
f 4012/4012 4015/4015 4008/4008
f 146/146 148/148 142/142
f 2325/2325 2344/2344 2327/2327
f 122/122 140/140 126/126
f 3738/3738 3739/3739 3737/3737
f 582/582 557/557 551/551
f 727/727 745/745 746/746
f 746/746 822/822 810/810
f 4448/4448 4444/4444 4443/4443
f 1245/1245 1226/1226 1229/1229
f 1224/1224 1226/1226 1211/1211
f 108/108 159/159 112/112
f 1224/1224 1211/1211 1214/1214
f 1686/1686 1687/1687 1688/1688
f 1214/1214 1211/1211 1209/1209
f 1209/1209 1211/1211 1210/1210
f 2377/2377 2351/2351 2354/2354
f 2377/2377 2354/2354 2356/2356
f 5109/5109 5107/5107 5106/5106
f 5106/5106 5107/5107 5108/5108
f 4159/4159 4160/4160 4153/4153
f 4159/4159 4153/4153 4156/4156
f 1620/1620 1616/1616 1627/1627
f 1044/1044 1054/1054 1045/1045
f 2640/2640 2649/2649 2652/2652
f 2444/2444 2452/2452 2445/2445
f 2445/2445 2452/2452 2490/2490
f 2470/2470 2469/2469 2444/2444
f 3582/3582 3580/3580 3579/3579
f 3311/3311 3308/3308 3306/3306
f 3306/3306 3300/3300 3302/3302
f 3935/3935 3934/3934 3928/3928
f 2326/2326 2325/2325 2327/2327
f 2326/2326 2324/2324 2325/2325
f 4008/4008 4011/4011 4012/4012
f 4012/4012 4011/4011 4013/4013
f 2327/2327 2344/2344 2350/2350
f 3638/3638 3673/3673 3672/3672
f 4241/4241 4246/4246 4248/4248
f 3739/3739 3738/3738 3742/3742
f 122/122 141/141 140/140
f 587/587 582/582 586/586
f 586/586 600/600 589/589
f 3739/3739 3740/3740 3737/3737
f 2368/2368 2367/2367 2366/2366
f 2181/2181 2172/2172 2173/2173
f 728/728 819/819 745/745
f 3574/3574 3565/3565 3572/3572
f 126/126 140/140 107/107
f 3565/3565 3552/3552 3558/3558
f 3737/3737 3752/3752 3753/3753
f 344/344 343/343 355/355
f 281/281 293/293 292/292
f 2360/2360 2359/2359 2352/2352
f 1278/1278 1275/1275 1286/1286
f 4153/4153 4152/4152 4154/4154
f 1619/1619 1616/1616 1620/1620
f 1036/1036 1077/1077 1035/1035
f 2640/2640 2634/2634 2638/2638
f 2652/2652 2649/2649 2660/2660
f 2470/2470 2474/2474 2469/2469
f 2660/2660 2649/2649 2655/2655
f 2469/2469 2453/2453 2444/2444
f 2444/2444 2453/2453 2452/2452
f 2453/2453 2455/2455 2452/2452
f 3582/3582 3585/3585 3584/3584
f 3308/3308 3300/3300 3306/3306
f 4966/4966 4967/4967 4964/4964
f 3302/3302 3301/3301 3304/3304
f 3304/3304 3309/3309 3310/3310
f 2326/2326 2345/2345 2328/2328
f 2326/2326 2327/2327 2335/2335
f 2327/2327 2340/2340 2335/2335
f 2328/2328 2324/2324 2326/2326
f 4003/4003 3999/3999 4001/4001
f 4003/4003 4002/4002 3999/3999
f 147/147 171/171 146/146
f 2328/2328 2334/2334 2324/2324
f 146/146 171/171 148/148
f 3742/3742 3741/3741 3739/3739
f 4246/4246 4247/4247 4248/4248
f 4243/4243 4246/4246 4241/4241
f 4242/4242 4243/4243 4241/4241
f 589/589 600/600 599/599
f 3737/3737 3740/3740 3752/3752
f 3552/3552 3553/3553 3558/3558
f 3752/3752 3758/3758 3753/3753
f 3753/3753 3758/3758 3754/3754
f 1702/1702 1689/1689 1686/1686
f 112/112 264/264 259/259
f 2797/2797 2845/2845 2798/2798
f 1275/1275 1288/1288 1286/1286
f 1619/1619 1618/1618 1616/1616
f 2741/2741 2733/2733 2740/2740
f 2667/2667 2633/2633 2632/2632
f 1058/1058 1036/1036 1033/1033
f 2632/2632 2633/2633 2634/2634
f 1033/1033 1036/1036 1035/1035
f 2634/2634 2633/2633 2638/2638
f 2640/2640 2638/2638 2649/2649
f 2469/2469 2474/2474 2453/2453
f 5016/5016 5017/5017 5018/5018
f 3300/3300 3301/3301 3302/3302
f 2539/2539 2540/2540 2542/2542
f 4964/4964 4961/4961 4963/4963
f 3304/3304 3301/3301 3309/3309
f 3926/3926 3927/3927 3928/3928
f 2335/2335 2340/2340 2341/2341
f 3309/3309 3315/3315 3310/3310
f 4015/4015 3997/3997 4008/4008
f 4008/4008 4010/4010 4011/4011
f 3743/3743 3741/3741 3742/3742
f 148/148 149/149 142/142
f 3741/3741 3740/3740 3739/3739
f 3687/3687 3673/3673 3686/3686
f 141/141 166/166 140/140
f 140/140 160/160 107/107
f 3752/3752 3751/3751 3758/3758
f 107/107 160/160 157/157
f 4649/4649 4656/4656 4636/4636
f 293/293 303/303 302/302
f 159/159 210/210 112/112
f 112/112 210/210 264/264
f 259/259 264/264 281/281
f 979/979 976/976 999/999
f 4111/4111 4110/4110 4112/4112
f 5120/5120 5119/5119 5110/5110
f 5005/5005 5004/5004 5008/5008
f 1035/1035 1077/1077 1100/1100
f 1109/1109 1115/1115 1116/1116
f 4419/4419 4402/4402 4413/4413
f 2474/2474 2457/2457 2453/2453
f 2453/2453 2457/2457 2455/2455
f 669/669 672/672 670/670
f 3308/3308 3307/3307 3300/3300
f 5016/5016 5020/5020 5019/5019
f 5016/5016 5019/5019 5017/5017
f 2335/2335 2341/2341 2342/2342
f 2341/2341 2340/2340 2349/2349
f 3999/3999 3995/3995 3998/3998
f 3743/3743 3744/3744 3741/3741
f 4002/4002 4000/4000 3999/3999
f 3638/3638 3641/3641 3673/3673
f 749/749 747/747 750/750
f 2172/2172 2170/2170 2173/2173
f 745/745 747/747 746/746
f 106/106 107/107 156/156
f 264/264 282/282 281/281
f 5003/5003 5004/5004 5005/5005
f 4153/4153 4150/4150 4152/4152
f 1627/1627 1628/1628 1639/1639
f 1045/1045 1058/1058 1033/1033
f 2638/2638 2645/2645 2649/2649
f 2649/2649 2645/2645 2655/2655
f 2455/2455 2458/2458 2456/2456
f 2452/2452 2455/2455 2456/2456
f 2655/2655 2653/2653 2663/2663
f 2455/2455 2457/2457 2458/2458
f 2456/2456 2458/2458 2486/2486
f 2457/2457 2488/2488 2459/2459
f 2457/2457 2459/2459 2458/2458
f 5079/5079 5075/5075 5080/5080
f 3998/3998 3995/3995 3997/3997
f 4008/4008 4009/4009 4010/4010
f 142/142 150/150 137/137
f 3637/3637 3639/3639 3638/3638
f 3638/3638 3639/3639 3641/3641
f 3740/3740 3751/3751 3752/3752
f 746/746 747/747 749/749
f 3565/3565 3550/3550 3552/3552
f 3552/3552 3550/3550 3549/3549
f 3552/3552 3549/3549 3553/3553
f 302/302 303/303 343/343
f 106/106 156/156 108/108
f 281/281 282/282 293/293
f 1057/1057 1044/1044 1053/1053
f 1277/1277 1275/1275 1278/1278
f 1044/1044 1055/1055 1054/1054
f 1627/1627 1616/1616 1628/1628
f 2633/2633 2639/2639 2638/2638
f 1116/1116 1115/1115 1131/1131
f 2645/2645 2653/2653 2655/2655
f 1131/1131 1132/1132 1138/1138
f 2663/2663 2653/2653 2670/2670
f 2458/2458 2460/2460 2461/2461
f 2488/2488 2464/2464 2459/2459
f 2458/2458 2459/2459 2460/2460
f 2464/2464 2463/2463 2460/2460
f 2459/2459 2464/2464 2460/2460
f 687/687 679/679 669/669
f 669/669 679/679 672/672
f 3307/3307 3303/3303 3300/3300
f 3300/3300 3303/3303 3301/3301
f 4019/4019 4018/4018 4020/4020
f 3926/3926 3936/3936 3937/3937
f 3995/3995 3996/3996 3997/3997
f 3997/3997 3996/3996 4008/4008
f 4008/4008 3996/3996 4009/4009
f 3744/3744 3750/3750 3741/3741
f 3741/3741 3749/3749 3740/3740
f 3740/3740 3749/3749 3751/3751
f 137/137 150/150 138/138
f 4243/4243 4250/4250 4246/4246
f 138/138 155/155 141/141
f 1706/1706 1705/1705 1713/1713
f 2171/2171 2170/2170 2172/2172
f 747/747 814/814 750/750
f 745/745 748/748 747/747
f 3569/3569 3568/3568 3565/3565
f 820/820 753/753 745/745
f 3565/3565 3568/3568 3550/3550
f 107/107 157/157 156/156
f 108/108 156/156 158/158
f 4104/4104 4110/4110 4111/4111
f 2638/2638 2639/2639 2645/2645
f 4402/4402 4417/4417 4403/4403
f 4417/4417 4416/4416 4403/4403
f 4416/4416 4418/4418 4406/4406
f 2461/2461 2460/2460 2462/2462
f 5375/5375 5377/5377 5376/5376
f 2460/2460 2463/2463 2462/2462
f 2462/2462 2476/2476 2477/2477
f 2463/2463 2478/2478 2475/2475
f 2463/2463 2475/2475 2462/2462
f 2462/2462 2475/2475 2476/2476
f 3307/3307 3318/3318 3303/3303
f 3303/3303 3305/3305 3301/3301
f 4017/4017 4018/4018 4019/4019
f 4017/4017 4021/4021 4018/4018
f 1587/1587 1588/1588 1586/1586
f 4009/4009 4014/4014 4010/4010
f 4000/4000 4005/4005 3995/3995
f 3750/3750 3749/3749 3741/3741
f 1704/1704 1691/1691 1703/1703
f 138/138 150/150 155/155
f 155/155 165/165 141/141
f 141/141 165/165 166/166
f 976/976 994/994 999/999
f 5003/5003 5006/5006 5004/5004
f 4150/4150 4151/4151 4152/4152
f 2645/2645 2639/2639 2646/2646
f 1131/1131 1115/1115 1132/1132
f 2645/2645 2647/2647 2653/2653
f 2653/2653 2647/2647 2659/2659
f 3375/3375 3369/3369 3373/3373
f 3373/3373 3369/3369 3372/3372
f 3369/3369 3366/3366 3372/3372
f 5379/5379 5380/5380 5381/5381
f 3366/3366 3368/3368 3374/3374
f 3372/3372 3366/3366 3374/3374
f 5379/5379 5382/5382 5380/5380
f 5379/5379 5384/5384 5382/5382
f 5378/5378 5368/5368 5366/5366
f 4519/4519 4518/4518 4521/4521
f 4520/4520 4517/4517 4519/4519
f 4519/4519 4517/4517 4518/4518
f 5070/5070 5072/5072 5073/5073
f 4021/4021 4022/4022 4018/4018
f 4021/4021 4023/4023 4022/4022
f 3995/3995 4006/4006 3996/3996
f 3995/3995 4005/4005 4006/4006
f 142/142 149/149 150/150
f 3641/3641 3647/3647 3673/3673
f 3673/3673 3647/3647 3686/3686
f 3686/3686 3647/3647 3685/3685
f 4656/4656 4637/4637 4636/4636
f 158/158 159/159 108/108
f 4104/4104 4103/4103 4110/4110
f 5114/5114 5118/5118 5119/5119
f 4152/4152 4151/4151 4163/4163
f 1967/1967 1963/1963 1941/1941
f 1100/1100 1101/1101 1109/1109
f 2639/2639 2657/2657 2646/2646
f 2645/2645 2646/2646 2647/2647
f 3323/3323 3329/3329 3333/3333
f 3323/3323 3321/3321 3329/3329
f 4520/4520 4516/4516 4517/4517
f 3303/3303 3313/3313 3305/3305
f 3305/3305 3313/3313 3316/3316
f 2540/2540 2543/2543 2542/2542
f 2542/2542 2543/2543 2559/2559
f 4191/4191 4185/4185 4190/4190
f 3750/3750 3761/3761 3749/3749
f 1715/1715 1669/1669 1668/1668
f 747/747 794/794 814/814
f 3549/3549 3551/3551 3553/3553
f 3553/3553 3551/3551 3554/3554
f 343/343 354/354 355/355
f 1044/1044 1057/1057 1055/1055
f 5114/5114 5111/5111 5118/5118
f 5004/5004 5006/5006 5007/5007
f 1628/1628 1638/1638 1639/1639
f 1109/1109 1101/1101 1115/1115
f 2647/2647 2646/2646 2658/2658
f 2647/2647 2658/2658 2659/2659
f 1132/1132 1139/1139 1138/1138
f 3369/3369 3367/3367 3366/3366
f 3329/3329 3321/3321 3332/3332
f 4197/4197 4186/4186 4188/4188
f 4188/4188 4186/4186 4185/4185
f 4185/4185 4187/4187 4189/4189
f 4189/4189 4187/4187 4192/4192
f 2559/2559 2543/2543 2560/2560
f 3639/3639 3640/3640 3641/3641
f 3549/3549 3550/3550 3551/3551
f 264/264 283/283 282/282
f 210/210 266/266 264/264
f 1054/1054 1056/1056 1045/1045
f 3369/3369 3370/3370 3367/3367
f 3366/3366 3367/3367 3368/3368
f 3368/3368 3367/3367 3371/3371
f 5063/5063 5064/5064 5065/5065
f 3097/3097 3094/3094 3093/3093
f 3321/3321 3322/3322 3332/3332
f 5368/5368 5363/5363 5364/5364
f 4517/4517 4515/4515 4518/4518
f 2560/2560 2571/2571 2605/2605
f 149/149 161/161 150/150
f 150/150 164/164 155/155
f 794/794 812/812 814/814
f 3568/3568 3563/3563 3550/3550
f 140/140 166/166 160/160
f 159/159 206/206 210/210
f 282/282 284/284 293/293
f 976/976 980/980 994/994
f 4151/4151 4164/4164 4163/4163
f 927/927 904/904 912/912
f 3094/3094 3065/3065 3093/3093
f 3323/3323 3319/3319 3321/3321
f 4517/4517 4516/4516 4510/4510
f 4517/4517 4510/4510 4515/4515
f 753/753 752/752 748/748
f 820/820 752/752 753/753
f 157/157 162/162 156/156
f 162/162 163/163 156/156
f 156/156 163/163 158/158
f 283/283 284/284 282/282
f 4104/4104 4101/4101 4103/4103
f 5006/5006 5009/5009 5007/5007
f 1288/1288 1275/1275 1287/1287
f 1618/1618 1614/1614 1616/1616
f 1616/1616 1615/1615 1628/1628
f 3319/3319 3320/3320 3321/3321
f 3321/3321 3320/3320 3322/3322
f 4516/4516 4511/4511 4510/4510
f 4510/4510 4514/4514 4515/4515
f 149/149 148/148 161/161
f 3647/3647 3684/3684 3685/3685
f 748/748 751/751 747/747
f 747/747 751/751 794/794
f 166/166 168/168 160/160
f 303/303 345/345 343/343
f 158/158 206/206 159/159
f 1068/1068 1057/1057 1064/1064
f 4101/4101 4102/4102 4103/4103
f 5014/5014 5009/5009 5006/5006
f 927/927 926/926 904/904
f 1045/1045 1056/1056 1058/1058
f 1077/1077 1101/1101 1100/1100
f 3338/3338 3327/3327 3328/3328
f 3328/3328 3327/3327 3324/3324
f 3324/3324 3319/3319 3323/3323
f 5361/5361 5342/5342 5345/5345
f 5361/5361 5345/5345 5350/5350
f 673/673 675/675 670/670
f 670/670 675/675 686/686
f 3322/3322 3330/3330 3332/3332
f 3332/3332 3330/3330 3336/3336
f 4511/4511 4523/4523 4508/4508
f 4511/4511 4508/4508 4510/4510
f 4510/4510 4509/4509 4514/4514
f 2543/2543 2561/2561 2560/2560
f 3647/3647 3683/3683 3684/3684
f 4252/4252 4254/4254 4250/4250
f 2171/2171 2169/2169 2170/2170
f 752/752 751/751 748/748
f 206/206 220/220 210/210
f 210/210 220/220 266/266
f 266/266 283/283 264/264
f 1277/1277 1274/1274 1275/1275
f 1058/1058 1060/1060 1036/1036
f 3324/3324 3327/3327 3319/3319
f 672/672 673/673 670/670
f 3320/3320 3326/3326 3322/3322
f 5371/5371 5370/5370 5363/5363
f 4508/4508 4509/4509 4510/4510
f 4514/4514 4524/4524 4515/4515
f 2591/2591 2593/2593 2590/2590
f 150/150 161/161 164/164
f 3640/3640 3642/3642 3641/3641
f 3641/3641 3642/3642 3647/3647
f 4250/4250 4249/4249 4246/4246
f 164/164 165/165 155/155
f 2169/2169 2168/2168 2170/2170
f 2170/2170 2168/2168 2183/2183
f 3563/3563 3556/3556 3551/3551
f 3550/3550 3563/3563 3551/3551
f 3551/3551 3555/3555 3554/3554
f 160/160 162/162 157/157
f 345/345 354/354 343/343
f 4101/4101 4105/4105 4102/4102
f 1274/1274 1272/1272 1275/1275
f 4164/4164 4165/4165 4171/4171
f 3319/3319 3325/3325 3320/3320
f 5342/5342 5344/5344 5345/5345
f 3322/3322 3326/3326 3330/3330
f 3326/3326 3331/3331 3330/3330
f 4523/4523 4512/4512 4508/4508
f 5370/5370 5359/5359 5363/5363
f 4509/4509 4513/4513 4514/4514
f 2561/2561 2562/2562 2560/2560
f 2560/2560 2562/2562 2571/2571
f 147/147 176/176 171/171
f 171/171 176/176 148/148
f 3647/3647 3642/3642 3683/3683
f 3551/3551 3556/3556 3555/3555
f 284/284 294/294 293/293
f 4164/4164 4151/4151 4165/4165
f 3327/3327 3334/3334 3319/3319
f 3331/3331 3335/3335 3330/3330
f 4512/4512 4509/4509 4508/4508
f 4512/4512 4513/4513 4509/4509
f 4514/4514 4513/4513 4524/4524
f 2593/2593 2594/2594 2590/2590
f 147/147 338/338 176/176
f 164/164 169/169 165/165
f 166/166 165/165 167/167
f 794/794 793/793 812/812
f 752/752 781/781 751/751
f 2168/2168 2184/2184 2183/2183
f 162/162 175/175 163/163
f 303/303 320/320 345/345
f 163/163 181/181 158/158
f 1068/1068 1112/1112 1057/1057
f 4101/4101 4106/4106 4105/4105
f 1057/1057 1066/1066 1055/1055
f 1294/1294 1282/1282 1277/1277
f 1277/1277 1282/1282 1274/1274
f 5014/5014 5011/5011 5009/5009
f 3319/3319 3334/3334 3325/3325
f 3320/3320 3325/3325 3326/3326
f 2135/2135 2130/2130 2139/2139
f 2131/2131 2129/2129 2137/2137
f 176/176 170/170 148/148
f 148/148 170/170 161/161
f 751/751 793/793 794/794
f 3566/3566 3564/3564 3563/3563
f 3563/3563 3564/3564 3556/3556
f 3564/3564 3557/3557 3556/3556
f 168/168 174/174 160/160
f 160/160 174/174 162/162
f 294/294 320/320 303/303
f 158/158 181/181 206/206
f 1112/1112 1071/1071 1057/1057
f 1057/1057 1071/1071 1066/1066
f 5009/5009 5010/5010 5007/5007
f 4151/4151 4166/4166 4165/4165
f 1638/1638 1628/1628 1632/1632
f 1115/1115 1111/1111 1132/1132
f 3098/3098 3096/3096 3097/3097
f 3325/3325 3337/3337 3331/3331
f 2135/2135 2126/2126 2130/2130
f 2130/2130 2129/2129 2131/2131
f 161/161 170/170 173/173
f 161/161 173/173 164/164
f 169/169 167/167 165/165
f 166/166 167/167 168/168
f 781/781 782/782 751/751
f 345/345 346/346 354/354
f 320/320 346/346 345/345
f 1306/1306 1299/1299 1298/1298
f 926/926 915/915 904/904
f 3334/3334 3337/3337 3325/3325
f 1592/1592 1593/1593 1590/1590
f 3640/3640 3643/3643 3642/3642
f 751/751 785/785 793/793
f 3556/3556 3557/3557 3555/3555
f 162/162 174/174 175/175
f 5009/5009 5011/5011 5010/5010
f 1638/1638 1632/1632 1662/1662
f 3642/3642 3681/3681 3683/3683
f 4254/4254 4255/4255 4250/4250
f 782/782 785/785 751/751
f 2184/2184 2168/2168 2185/2185
f 320/320 322/322 346/346
f 175/175 181/181 163/163
f 5011/5011 5012/5012 5010/5010
f 4166/4166 4167/4167 4165/4165
f 1614/1614 1615/1615 1616/1616
f 1060/1060 1077/1077 1036/1036
f 1139/1139 1144/1144 1138/1138
f 1138/1138 1144/1144 1153/1153
f 3334/3334 3340/3340 3337/3337
f 672/672 674/674 673/673
f 1593/1593 1591/1591 1590/1590
f 3683/3683 3681/3681 3682/3682
f 3683/3683 3682/3682 3684/3684
f 4256/4256 4255/4255 4254/4254
f 2169/2169 2166/2166 2168/2168
f 2168/2168 2167/2167 2185/2185
f 783/783 782/782 781/781
f 980/980 996/996 994/994
f 994/994 1112/1112 1068/1068
f 4106/4106 4107/4107 4105/4105
f 4105/4105 4107/4107 4108/4108
f 1066/1066 1062/1062 1055/1055
f 1055/1055 1062/1062 1054/1054
f 1054/1054 1062/1062 1056/1056
f 687/687 693/693 679/679
f 679/679 674/674 672/672
f 2562/2562 2565/2565 2571/2571
f 3643/3643 3644/3644 3642/3642
f 3642/3642 3644/3644 3681/3681
f 4257/4257 4258/4258 4249/4249
f 593/593 597/597 592/592
f 2166/2166 2167/2167 2168/2168
f 785/785 790/790 793/793
f 783/783 784/784 782/782
f 3566/3566 3560/3560 3564/3564
f 3564/3564 3560/3560 3557/3557
f 181/181 208/208 206/206
f 5011/5011 5013/5013 5012/5012
f 62/62 61/61 65/65
f 4165/4165 4167/4167 4168/4168
f 1275/1275 1272/1272 1287/1287
f 3072/3072 3089/3089 3106/3106
f 1077/1077 1081/1081 1101/1101
f 1115/1115 1101/1101 1111/1111
f 1111/1111 1135/1135 1132/1132
f 3681/3681 3680/3680 3682/3682
f 3566/3566 3570/3570 3560/3560
f 168/168 179/179 174/174
f 3557/3557 3559/3559 3555/3555
f 266/266 284/284 283/283
f 1132/1132 1135/1135 1139/1139
f 3643/3643 3645/3645 3644/3644
f 164/164 177/177 169/169
f 3801/3801 3796/3796 3800/3800
f 2510/2510 2515/2515 2508/2508
f 3557/3557 3560/3560 3559/3559
f 174/174 180/180 175/175
f 175/175 203/203 181/181
f 4107/4107 4109/4109 4108/4108
f 1282/1282 1270/1270 1274/1274
f 4167/4167 4169/4169 4168/4168
f 3097/3097 3060/3060 3094/3094
f 167/167 172/172 168/168
f 786/786 785/785 782/782
f 2527/2527 2515/2515 2510/2510
f 2533/2533 2527/2527 2510/2510
f 206/206 208/208 220/220
f 996/996 997/997 994/994
f 1274/1274 1270/1270 1272/1272
f 2561/2561 2564/2564 2562/2562
f 164/164 173/173 177/177
f 169/169 172/172 167/167
f 2166/2166 2174/2174 2167/2167
f 785/785 786/786 790/790
f 172/172 179/179 168/168
f 2174/2174 2176/2176 2167/2167
f 787/787 786/786 782/782
f 784/784 787/787 782/782
f 181/181 203/203 208/208
f 4109/4109 4113/4113 4108/4108
f 4169/4169 4174/4174 4168/4168
f 4168/4168 4174/4174 4173/4173
f 4168/4168 4173/4173 4172/4172
f 1628/1628 1615/1615 1621/1621
f 1062/1062 1061/1061 1056/1056
f 1056/1056 1061/1061 1058/1058
f 1101/1101 1081/1081 1102/1102
f 1101/1101 1102/1102 1111/1111
f 1144/1144 1152/1152 1153/1153
f 2562/2562 2564/2564 2565/2565
f 177/177 172/172 169/169
f 3793/3793 3794/3794 3795/3795
f 786/786 804/804 790/790
f 3570/3570 3562/3562 3560/3560
f 174/174 179/179 180/180
f 4630/4630 4641/4641 4627/4627
f 175/175 180/180 203/203
f 294/294 289/289 320/320
f 284/284 289/289 294/294
f 994/994 997/997 998/998
f 1112/1112 1124/1124 1071/1071
f 4113/4113 4114/4114 4108/4108
f 1287/1287 1272/1272 1284/1284
f 1614/1614 1617/1617 1615/1615
f 4174/4174 4175/4175 4173/4173
f 3644/3644 3648/3648 3681/3681
f 3681/3681 3679/3679 3680/3680
f 3680/3680 3679/3679 3675/3675
f 3793/3793 3796/3796 3794/3794
f 2508/2508 2517/2517 2516/2516
f 3560/3560 3562/3562 3561/3561
f 3560/3560 3561/3561 3559/3559
f 289/289 321/321 320/320
f 65/65 67/67 66/66
f 4298/4298 4297/4297 4301/4301
f 4297/4297 4288/4288 4301/4301
f 904/904 915/915 905/905
f 1593/1593 1594/1594 1591/1591
f 3644/3644 3645/3645 3648/3648
f 3681/3681 3648/3648 3679/3679
f 3796/3796 3797/3797 3794/3794
f 786/786 788/788 804/804
f 3570/3570 3571/3571 3562/3562
f 321/321 322/322 320/320
f 208/208 268/268 220/220
f 1066/1066 1073/1073 1062/1062
f 4288/4288 4287/4287 4285/4285
f 1615/1615 1617/1617 1621/1621
f 4175/4175 4176/4176 4173/4173
f 1060/1060 1080/1080 1077/1077
f 177/177 178/178 172/172
f 2166/2166 2175/2175 2174/2174
f 172/172 204/204 179/179
f 787/787 788/788 786/786
f 180/180 207/207 203/203
f 203/203 209/209 208/208
f 208/208 209/209 268/268
f 268/268 269/269 220/220
f 220/220 269/269 266/266
f 266/266 269/269 289/289
f 4374/4374 4371/4371 4370/4370
f 4374/4374 4370/4370 4376/4376
f 4113/4113 4116/4116 4117/4117
f 4113/4113 4117/4117 4114/4114
f 66/66 67/67 95/95
f 4297/4297 4287/4287 4288/4288
f 1111/1111 1114/1114 1135/1135
f 170/170 176/176 184/184
f 3645/3645 3649/3649 3648/3648
f 2174/2174 2175/2175 2176/2176
f 4886/4886 4875/4875 4884/4884
f 3561/3561 3562/3562 3567/3567
f 4641/4641 4655/4655 4627/4627
f 321/321 323/323 322/322
f 203/203 207/207 209/209
f 1621/1621 1630/1630 1628/1628
f 1628/1628 1630/1630 1632/1632
f 1080/1080 1081/1081 1077/1077
f 3679/3679 3678/3678 3675/3675
f 3675/3675 3678/3678 3676/3676
f 4876/4876 4875/4875 4886/4886
f 269/269 312/312 289/289
f 1112/1112 1126/1126 1124/1124
f 4374/4374 4376/4376 4377/4377
f 67/67 94/94 95/95
f 4300/4300 4299/4299 4298/4298
f 4287/4287 4282/4282 4285/4285
f 1058/1058 1059/1059 1060/1060
f 1111/1111 1102/1102 1114/1114
f 1135/1135 1144/1144 1139/1139
f 675/675 697/697 686/686
f 1593/1593 1596/1596 1594/1594
f 338/338 272/272 176/176
f 272/272 184/184 176/176
f 3648/3648 3678/3678 3679/3679
f 3797/3797 3798/3798 3794/3794
f 3675/3675 3676/3676 3677/3677
f 2175/2175 2177/2177 2176/2176
f 787/787 792/792 788/788
f 998/998 1126/1126 1112/1112
f 1071/1071 1075/1075 1066/1066
f 67/67 87/87 94/94
f 3823/3823 3822/3822 3824/3824
f 4296/4296 4297/4297 4298/4298
f 4297/4297 4291/4291 4287/4287
f 4282/4282 4284/4284 4285/4285
f 4175/4175 4177/4177 4176/4176
f 1073/1073 1061/1061 1062/1062
f 2564/2564 2566/2566 2565/2565
f 2565/2565 2566/2566 2567/2567
f 170/170 182/182 173/173
f 2175/2175 2178/2178 2177/2177
f 4875/4875 4874/4874 4884/4884
f 4874/4874 4883/4883 4884/4884
f 4874/4874 4878/4878 4883/4883
f 289/289 327/327 321/321
f 1124/1124 1076/1076 1071/1071
f 4299/4299 4296/4296 4298/4298
f 67/67 82/82 87/87
f 1632/1632 1642/1642 1659/1659
f 2593/2593 2595/2595 2594/2594
f 170/170 184/184 182/182
f 173/173 182/182 177/177
f 177/177 182/182 178/178
f 3649/3649 3650/3650 3648/3648
f 178/178 190/190 172/172
f 172/172 190/190 191/191
f 172/172 191/191 204/204
f 4882/4882 4873/4873 4876/4876
f 4876/4876 4873/4873 4875/4875
f 195/195 205/205 180/180
f 180/180 205/205 207/207
f 268/268 304/304 269/269
f 997/997 1003/1003 998/998
f 4305/4305 4299/4299 4300/4300
f 3821/3821 3822/3822 3823/3823
f 1066/1066 1075/1075 1073/1073
f 1058/1058 1061/1061 1059/1059
f 1059/1059 1079/1079 1060/1060
f 4896/4896 4891/4891 4899/4899
f 2597/2597 2596/2596 2593/2593
f 2593/2593 2596/2596 2595/2595
f 3676/3676 3678/3678 3677/3677
f 3798/3798 3804/3804 3802/3802
f 2178/2178 2179/2179 2177/2177
f 4875/4875 4873/4873 4874/4874
f 179/179 195/195 180/180
f 324/324 323/323 321/321
f 312/312 327/327 289/289
f 269/269 313/313 312/312
f 1076/1076 1075/1075 1071/1071
f 1293/1293 1285/1285 1270/1270
f 4287/4287 4291/4291 4282/4282
f 4282/4282 4283/4283 4284/4284
f 1060/1060 1079/1079 1080/1080
f 3678/3678 3690/3690 3691/3691
f 4885/4885 4880/4880 4881/4881
f 204/204 191/191 179/179
f 4877/4877 4873/4873 4882/4882
f 4874/4874 4871/4871 4878/4878
f 4625/4625 4624/4624 4654/4654
f 327/327 324/324 321/321
f 998/998 1007/1007 1126/1126
f 1124/1124 1126/1126 1076/1076
f 4291/4291 4283/4283 4282/4282
f 1061/1061 1073/1073 1072/1072
f 4284/4284 4283/4283 4286/4286
f 1144/1144 1145/1145 1152/1152
f 679/679 682/682 674/674
f 674/674 675/675 673/673
f 2597/2597 2598/2598 2596/2596
f 3650/3650 3651/3651 3648/3648
f 3648/3648 3651/3651 3678/3678
f 4881/4881 4880/4880 4872/4872
f 179/179 191/191 195/195
f 4877/4877 4868/4868 4873/4873
f 4868/4868 4867/4867 4873/4873
f 4873/4873 4867/4867 4874/4874
f 4867/4867 4871/4871 4874/4874
f 313/313 327/327 312/312
f 209/209 207/207 202/202
f 209/209 202/202 268/268
f 268/268 202/202 304/304
f 84/84 90/90 94/94
f 87/87 82/82 84/84
f 1621/1621 1617/1617 1623/1623
f 1621/1621 1623/1623 1630/1630
f 4177/4177 4179/4179 4178/4178
f 1061/1061 1072/1072 1059/1059
f 1080/1080 1103/1103 1081/1081
f 1102/1102 1104/1104 1114/1114
f 693/693 694/694 679/679
f 3678/3678 3651/3651 3690/3690
f 2180/2180 2179/2179 2178/2178
f 2178/2178 2182/2182 2180/2180
f 4867/4867 4870/4870 4871/4871
f 324/324 325/325 323/323
f 325/325 326/326 323/323
f 304/304 311/311 269/269
f 3826/3826 3825/3825 3821/3821
f 3821/3821 3825/3825 3822/3822
f 4896/4896 4895/4895 4892/4892
f 4896/4896 4892/4892 4891/4891
f 1103/1103 1104/1104 1081/1081
f 1081/1081 1104/1104 1102/1102
f 679/679 694/694 682/682
f 682/682 675/675 674/674
f 2566/2566 2568/2568 2567/2567
f 188/188 190/190 178/178
f 3799/3799 3802/3802 3803/3803
f 3802/3802 3804/3804 3803/3803
f 4872/4872 4864/4864 4865/4865
f 3804/3804 3805/3805 3803/3803
f 4880/4880 4864/4864 4872/4872
f 195/195 196/196 205/205
f 205/205 199/199 207/207
f 313/313 324/324 327/327
f 207/207 199/199 202/202
f 311/311 313/313 269/269
f 4179/4179 4180/4180 4178/4178
f 1059/1059 1072/1072 1079/1079
f 1114/1114 1134/1134 1135/1135
f 272/272 185/185 184/184
f 182/182 183/183 178/178
f 178/178 183/183 188/188
f 614/614 616/616 617/617
f 617/617 616/616 618/618
f 4890/4890 4888/4888 4868/4868
f 4888/4888 4866/4866 4868/4868
f 4868/4868 4866/4866 4867/4867
f 4867/4867 4869/4869 4870/4870
f 324/324 349/349 325/325
f 202/202 330/330 304/304
f 1270/1270 1271/1271 1272/1272
f 4291/4291 4292/4292 4283/4283
f 1079/1079 1095/1095 1080/1080
f 4895/4895 4894/4894 4892/4892
f 1080/1080 1106/1106 1103/1103
f 1135/1135 1134/1134 1145/1145
f 1135/1135 1145/1145 1144/1144
f 682/682 685/685 675/675
f 675/675 691/691 697/697
f 2564/2564 2574/2574 2566/2566
f 184/184 183/183 182/182
f 3690/3690 3655/3655 3691/3691
f 3803/3803 3805/3805 3809/3809
f 4864/4864 4841/4841 4865/4865
f 4865/4865 4841/4841 4853/4853
f 4889/4889 4863/4863 4888/4888
f 4888/4888 4863/4863 4866/4866
f 4863/4863 4862/4862 4866/4866
f 4862/4862 4869/4869 4867/4867
f 4866/4866 4862/4862 4867/4867
f 4862/4862 4887/4887 4869/4869
f 313/313 331/331 324/324
f 311/311 314/314 313/313
f 330/330 311/311 304/304
f 1285/1285 1271/1271 1270/1270
f 4296/4296 4302/4302 4297/4297
f 4297/4297 4302/4302 4291/4291
f 1539/1539 1536/1536 1489/1489
f 4291/4291 4302/4302 4292/4292
f 4894/4894 4893/4893 4892/4892
f 1114/1114 1113/1113 1134/1134
f 675/675 685/685 691/691
f 3690/3690 3651/3651 3655/3655
f 3655/3655 3692/3692 3691/3691
f 4880/4880 4879/4879 4864/4864
f 4864/4864 4879/4879 4854/4854
f 4864/4864 4854/4854 4841/4841
f 4853/4853 4841/4841 4838/4838
f 4838/4838 4841/4841 4839/4839
f 4856/4856 4863/4863 4889/4889
f 4863/4863 4856/4856 4862/4862
f 325/325 328/328 326/326
f 4862/4862 4859/4859 4887/4887
f 325/325 350/350 328/328
f 205/205 196/196 199/199
f 314/314 331/331 313/313
f 311/311 333/333 314/314
f 3773/3773 3766/3766 3770/3770
f 3770/3770 3766/3766 3765/3765
f 3826/3826 3827/3827 3825/3825
f 1075/1075 1074/1074 1073/1073
f 1073/1073 1074/1074 1072/1072
f 5221/5221 5222/5222 5223/5223
f 1095/1095 1106/1106 1080/1080
f 1106/1106 1105/1105 1103/1103
f 1103/1103 1105/1105 1104/1104
f 1104/1104 1113/1113 1114/1114
f 694/694 690/690 682/682
f 690/690 685/685 682/682
f 2566/2566 2569/2569 2568/2568
f 2780/2780 2785/2785 2779/2779
f 184/184 185/185 183/183
f 2780/2780 2779/2779 2772/2772
f 2779/2779 2771/2771 2772/2772
f 2771/2771 2768/2768 2772/2772
f 2771/2771 2770/2770 2768/2768
f 2770/2770 2769/2769 2768/2768
f 2784/2784 2768/2768 2760/2760
f 2769/2769 2767/2767 2768/2768
f 2768/2768 2767/2767 2760/2760
f 2767/2767 2761/2761 2760/2760
f 2760/2760 2762/2762 2782/2782
f 2760/2760 2761/2761 2762/2762
f 4791/4791 4792/4792 4814/4814
f 2761/2761 2763/2763 2762/2762
f 2763/2763 2764/2764 2762/2762
f 2763/2763 2765/2765 2764/2764
f 2765/2765 2766/2766 2764/2764
f 2765/2765 2773/2773 2766/2766
f 2766/2766 2773/2773 2774/2774
f 2773/2773 2775/2775 2774/2774
f 3651/3651 3652/3652 3653/3653
f 3651/3651 3653/3653 3655/3655
f 2775/2775 2776/2776 2774/2774
f 2776/2776 2777/2777 2774/2774
f 2776/2776 2778/2778 2777/2777
f 2777/2777 2778/2778 2781/2781
f 4854/4854 4850/4850 4841/4841
f 4841/4841 4850/4850 4839/4839
f 4838/4838 4839/4839 4840/4840
f 4847/4847 4856/4856 4889/4889
f 4809/4809 4810/4810 4813/4813
f 4850/4850 4849/4849 4839/4839
f 4840/4840 4839/4839 4842/4842
f 4847/4847 4845/4845 4846/4846
f 4847/4847 4846/4846 4856/4856
f 4856/4856 4846/4846 4855/4855
f 4849/4849 4848/4848 4839/4839
f 4839/4839 4848/4848 4842/4842
f 4848/4848 4844/4844 4842/4842
f 4842/4842 4844/4844 4843/4843
f 4843/4843 4844/4844 4845/4845
f 4844/4844 4846/4846 4845/4845
f 4856/4856 4855/4855 4862/4862
f 4855/4855 4859/4859 4862/4862
f 4844/4844 4848/4848 4851/4851
f 324/324 331/331 349/349
f 202/202 201/201 330/330
f 330/330 333/333 311/311
f 5239/5239 5235/5235 5236/5236
f 5236/5236 5233/5233 5257/5257
f 5257/5257 5233/5233 5264/5264
f 5233/5233 5261/5261 5264/5264
f 5236/5236 5235/5235 5233/5233
f 377/377 373/373 399/399
f 377/377 374/374 373/373
f 5233/5233 5260/5260 5261/5261
f 1198/1198 1187/1187 1173/1173
f 5233/5233 5234/5234 5260/5260
f 5235/5235 5232/5232 5233/5233
f 5233/5233 5231/5231 5234/5234
f 5241/5241 5232/5232 5235/5235
f 5241/5241 5262/5262 5232/5232
f 5232/5232 5231/5231 5233/5233
f 1072/1072 1074/1074 1078/1078
f 5266/5266 5268/5268 5269/5269
f 5266/5266 5267/5267 5268/5268
f 5262/5262 5256/5256 5232/5232
f 371/371 370/370 382/382
f 1072/1072 1078/1078 1079/1079
f 5228/5228 5237/5237 5238/5238
f 1078/1078 1094/1094 1079/1079
f 5232/5232 5229/5229 5231/5231
f 5231/5231 5229/5229 5228/5228
f 5256/5256 5229/5229 5232/5232
f 382/382 385/385 396/396
f 5228/5228 5230/5230 5237/5237
f 5228/5228 5229/5229 5230/5230
f 1079/1079 1094/1094 1095/1095
f 385/385 389/389 396/396
f 389/389 393/393 396/396
f 459/459 457/457 453/453
f 5229/5229 5244/5244 5243/5243
f 5244/5244 5263/5263 5243/5243
f 5230/5230 5229/5229 5242/5242
f 5230/5230 5242/5242 5258/5258
f 5229/5229 5243/5243 5242/5242
f 5258/5258 5242/5242 5259/5259
f 5321/5321 5319/5319 5338/5338
f 5249/5249 5253/5253 5254/5254
f 4897/4897 4898/4898 4893/4893
f 4894/4894 4897/4897 4893/4893
f 5323/5323 5322/5322 5317/5317
f 5322/5322 5320/5320 5317/5317
f 5312/5312 5319/5319 5321/5321
f 5249/5249 5248/5248 5253/5253
f 397/397 400/400 401/401
f 5249/5249 5245/5245 5248/5248
f 5245/5245 5246/5246 5248/5248
f 5243/5243 5245/5245 5242/5242
f 5243/5243 5246/5246 5245/5245
f 5248/5248 5250/5250 5255/5255
f 2315/2315 2312/2312 2306/2306
f 5246/5246 5250/5250 5248/5248
f 5243/5243 5252/5252 5247/5247
f 5243/5243 5247/5247 5246/5246
f 5246/5246 5251/5251 5250/5250
f 2299/2299 2292/2292 2314/2314
f 698/698 691/691 685/685
f 2574/2574 2569/2569 2566/2566
f 4844/4844 4852/4852 4846/4846
f 4846/4846 4852/4852 4855/4855
f 4851/4851 4860/4860 4844/4844
f 4844/4844 4860/4860 4852/4852
f 4852/4852 4857/4857 4855/4855
f 4855/4855 4857/4857 4858/4858
f 4858/4858 4859/4859 4855/4855
f 4815/4815 4818/4818 4826/4826
f 202/202 199/199 201/201
f 333/333 332/332 314/314
f 5240/5240 5236/5236 5257/5257
f 5265/5265 5257/5257 5264/5264
f 3766/3766 3763/3763 3765/3765
f 3765/3765 3763/3763 3762/3762
f 4304/4304 4303/4303 4296/4296
f 1617/1617 1622/1622 1623/1623
f 4283/4283 4289/4289 4286/4286
f 5253/5253 5248/5248 5255/5255
f 4903/4903 4904/4904 4905/4905
f 2299/2299 2297/2297 2292/2292
f 694/694 696/696 690/690
f 188/188 189/189 190/190
f 190/190 189/189 191/191
f 3652/3652 3654/3654 3653/3653
f 349/349 350/350 325/325
f 331/331 335/335 349/349
f 4860/4860 4861/4861 4852/4852
f 4852/4852 4861/4861 4857/4857
f 314/314 332/332 331/331
f 199/199 200/200 201/201
f 3762/3762 3763/3763 3764/3764
f 3764/3764 3763/3763 3769/3769
f 3830/3830 3828/3828 3827/3827
f 3827/3827 3828/3828 3825/3825
f 1198/1198 1189/1189 1187/1187
f 84/84 80/80 90/90
f 1272/1272 1273/1273 1283/1283
f 1272/1272 1283/1283 1284/1284
f 1642/1642 1641/1641 1657/1657
f 4292/4292 4289/4289 4283/4283
f 4289/4289 4290/4290 4286/4286
f 1136/1136 1105/1105 1106/1106
f 1105/1105 1113/1113 1104/1104
f 1134/1134 1150/1150 1145/1145
f 3654/3654 3656/3656 3653/3653
f 349/349 335/335 350/350
f 334/334 335/335 331/331
f 333/333 336/336 332/332
f 1126/1126 1009/1009 1076/1076
f 3763/3763 3768/3768 3769/3769
f 1076/1076 1009/1009 1074/1074
f 3769/3769 3768/3768 3771/3771
f 3828/3828 3829/3829 3825/3825
f 1295/1295 1291/1291 1285/1285
f 1271/1271 1273/1273 1272/1272
f 80/80 88/88 90/90
f 1630/1630 1623/1623 1624/1624
f 1630/1630 1624/1624 1642/1642
f 1642/1642 1624/1624 1641/1641
f 4302/4302 4293/4293 4292/4292
f 4292/4292 4293/4293 4289/4289
f 1078/1078 1110/1110 1094/1094
f 3237/3237 3239/3239 3245/3245
f 385/385 388/388 389/389
f 1094/1094 1143/1143 1095/1095
f 4897/4897 4900/4900 4898/4898
f 2292/2292 2286/2286 2289/2289
f 2713/2713 2708/2708 2711/2711
f 2598/2598 2599/2599 2596/2596
f 188/188 187/187 189/189
f 331/331 332/332 334/334
f 3766/3766 3767/3767 3763/3763
f 3767/3767 3768/3768 3763/3763
f 80/80 81/81 88/88
f 76/76 91/91 85/85
f 4290/4290 4289/4289 4294/4294
f 1094/1094 1110/1110 1143/1143
f 4897/4897 4901/4901 4900/4900
f 2596/2596 2600/2600 2595/2595
f 186/186 185/185 272/272
f 183/183 187/187 188/188
f 187/187 192/192 189/189
f 189/189 193/193 191/191
f 191/191 194/194 195/195
f 195/195 194/194 196/196
f 335/335 357/357 350/350
f 380/380 378/378 377/377
f 3768/3768 3767/3767 3772/3772
f 377/377 376/376 374/374
f 3768/3768 3772/3772 3771/3771
f 1780/1780 1773/1773 1775/1775
f 1291/1291 1271/1271 1285/1285
f 4310/4310 4293/4293 4303/4303
f 4303/4303 4293/4293 4302/4302
f 88/88 85/85 89/89
f 1622/1622 1624/1624 1623/1623
f 1074/1074 1098/1098 1078/1078
f 2295/2295 2290/2290 2294/2294
f 2306/2306 2301/2301 2299/2299
f 1136/1136 1137/1137 1105/1105
f 1105/1105 1137/1137 1113/1113
f 1113/1113 1137/1137 1134/1134
f 1134/1134 1137/1137 1155/1155
f 1134/1134 1155/1155 1150/1150
f 2568/2568 2569/2569 2570/2570
f 185/185 186/186 183/183
f 192/192 193/193 189/189
f 191/191 193/193 194/194
f 194/194 197/197 196/196
f 196/196 197/197 198/198
f 196/196 198/198 199/199
f 1774/1774 1778/1778 1775/1775
f 1008/1008 1010/1010 1009/1009
f 1009/1009 1098/1098 1074/1074
f 1098/1098 1110/1110 1078/1078
f 1110/1110 1159/1159 1143/1143
f 1336/1336 1327/1327 1328/1328
f 389/389 388/388 393/393
f 4901/4901 4902/4902 4900/4900
f 397/397 398/398 400/400
f 2299/2299 2301/2301 2297/2297
f 2596/2596 2599/2599 2600/2600
f 183/183 186/186 187/187
f 199/199 198/198 200/200
f 332/332 336/336 334/334
f 369/369 370/370 371/371
f 1332/1332 1327/1327 1336/1336
f 385/385 386/386 388/388
f 2290/2290 2293/2293 2294/2294
f 1161/1161 1160/1160 1136/1136
f 1136/1136 1160/1160 1137/1137
f 2712/2712 2706/2706 2704/2704
f 378/378 376/376 377/377
f 1098/1098 1164/1164 1110/1110
f 374/374 369/369 373/373
f 1110/1110 1164/1164 1159/1159
f 1327/1327 1321/1321 1328/1328
f 2294/2294 2293/2293 2298/2298
f 2706/2706 2694/2694 2704/2704
f 2694/2694 2696/2696 2702/2702
f 2570/2570 2600/2600 2599/2599
f 3602/3602 3604/3604 3605/3605
f 198/198 217/217 200/200
f 3608/3608 3602/3602 3605/3605
f 376/376 375/375 374/374
f 1334/1334 1326/1326 1325/1325
f 1622/1622 1625/1625 1624/1624
f 1332/1332 1325/1325 1322/1322
f 373/373 369/369 371/371
f 1332/1332 1322/1322 1327/1327
f 1327/1327 1322/1322 1321/1321
f 2286/2286 2288/2288 2289/2289
f 2297/2297 2296/2296 2292/2292
f 2083/2083 2078/2078 2094/2094
f 2078/2078 2077/2077 2098/2098
f 2098/2098 2077/2077 2097/2097
f 2097/2097 2077/2077 2064/2064
f 2097/2097 2064/2064 2066/2066
f 2064/2064 2065/2065 2066/2066
f 2066/2066 2069/2069 2095/2095
f 2095/2095 2069/2069 2096/2096
f 2096/2096 2069/2069 2071/2071
f 2071/2071 2072/2072 2099/2099
f 197/197 356/356 198/198
f 2100/2100 2075/2075 2081/2081
f 337/337 334/334 336/336
f 366/366 365/365 336/336
f 378/378 379/379 376/376
f 1273/1273 1280/1280 1283/1283
f 374/374 375/375 369/369
f 1283/1283 1280/1280 1292/1292
f 1641/1641 1633/1633 1657/1657
f 1322/1322 1315/1315 1318/1318
f 388/388 394/394 393/393
f 2301/2301 2296/2296 2297/2297
f 379/379 384/384 381/381
f 336/336 365/365 337/337
f 379/379 381/381 376/376
f 393/393 394/394 397/397
f 2298/2298 2300/2300 2302/2302
f 2290/2290 2291/2291 2293/2293
f 2289/2289 2288/2288 2290/2290
f 2306/2306 2307/2307 2301/2301
f 384/384 392/392 381/381
f 370/370 372/372 382/382
f 382/382 383/383 385/385
f 5333/5333 5334/5334 5331/5331
f 5333/5333 5331/5331 5332/5332
f 2291/2291 2300/2300 2298/2298
f 2293/2293 2291/2291 2298/2298
f 2302/2302 2304/2304 2305/2305
f 2305/2305 2304/2304 2310/2310
f 2304/2304 2311/2311 2310/2310
f 2312/2312 2313/2313 2307/2307
f 2312/2312 2307/2307 2306/2306
f 2292/2292 2287/2287 2286/2286
f 1633/1633 1647/1647 1657/1657
f 370/370 369/369 372/372
f 372/372 383/383 382/382
f 383/383 386/386 385/385
f 397/397 394/394 398/398
f 2316/2316 2313/2313 2312/2312
f 2302/2302 2300/2300 2304/2304
f 2288/2288 2291/2291 2290/2290
f 2286/2286 2287/2287 2288/2288
f 2292/2292 2296/2296 2287/2287
f 392/392 391/391 381/381
f 381/381 391/391 376/376
f 1291/1291 1276/1276 1271/1271
f 1271/1271 1276/1276 1273/1273
f 1276/1276 1280/1280 1273/1273
f 1537/1537 1494/1494 1491/1491
f 391/391 390/390 376/376
f 376/376 390/390 375/375
f 2288/2288 2287/2287 2303/2303
f 2288/2288 2303/2303 2291/2291
f 375/375 390/390 369/369
f 369/369 390/390 387/387
f 2313/2313 2308/2308 2307/2307
f 2307/2307 2308/2308 2301/2301
f 2301/2301 2308/2308 2296/2296
f 2308/2308 2309/2309 2296/2296
f 2296/2296 2309/2309 2287/2287
f 1624/1624 1629/1629 1633/1633
f 369/369 387/387 372/372
f 372/372 387/387 383/383
f 386/386 383/383 388/388
f 1291/1291 1281/1281 1276/1276
f 1624/1624 1625/1625 1629/1629
f 2223/2223 2218/2218 2229/2229
f 1633/1633 1634/1634 1647/1647
f 1629/1629 1634/1634 1633/1633
f 3981/3981 3979/3979 3974/3974
f 3981/3981 3974/3974 3976/3976
f 3974/3974 3975/3975 3976/3976
f 3974/3974 3973/3973 3975/3975
f 3973/3973 3978/3978 3975/3975
f 3967/3967 3963/3963 3966/3966
f 1276/1276 1281/1281 1280/1280
f 3967/3967 3972/3972 3964/3964
f 3967/3967 3964/3964 3963/3963
f 3971/3971 3964/3964 3972/3972
f 3982/3982 3981/3981 3976/3976
f 3976/3976 3977/3977 3982/3982
f 3985/3985 3992/3992 3981/3981
f 3992/3992 3979/3979 3981/3981
f 3976/3976 3975/3975 3977/3977
f 3975/3975 3978/3978 3977/3977
f 3979/3979 3960/3960 3974/3974
f 3974/3974 3960/3960 3973/3973
f 3960/3960 3962/3962 3973/3973
f 3962/3962 3968/3968 3973/3973
f 3973/3973 3968/3968 3978/3978
f 3966/3966 3963/3963 3960/3960
f 3963/3963 3961/3961 3960/3960
f 3960/3960 3961/3961 3962/3962
f 3963/3963 3964/3964 3961/3961
f 3971/3971 3970/3970 3964/3964
f 1631/1631 1629/1629 1625/1625
f 1280/1280 1290/1290 1292/1292
f 3985/3985 3981/3981 3986/3986
f 3981/3981 3982/3982 3986/3986
f 3270/3270 3278/3278 3277/3277
f 4388/4388 4389/4389 4381/4381
f 3980/3980 3960/3960 3979/3979
f 3965/3965 3969/3969 3968/3968
f 3962/3962 3965/3965 3968/3968
f 3961/3961 3965/3965 3962/3962
f 1289/1289 1290/1290 1280/1280
f 1281/1281 1289/1289 1280/1280
f 3961/3961 3970/3970 3965/3965
f 3964/3964 3970/3970 3961/3961
f 1647/1647 1634/1634 1646/1646
f 3987/3987 3988/3988 3985/3985
f 3276/3276 3268/3268 3273/3273
f 3270/3270 3277/3277 3273/3273
f 3273/3273 3268/3268 3270/3270
f 3854/3854 3853/3853 3856/3856
f 1646/1646 1637/1637 1644/1644
f 1646/1646 1634/1634 1637/1637
f 3268/3268 3276/3276 3275/3275
f 1644/1644 1643/1643 1645/1645
f 1636/1636 1643/1643 1637/1637
f 1637/1637 1643/1643 1644/1644
f 1631/1631 1635/1635 1629/1629
f 1629/1629 1635/1635 1634/1634
f 1634/1634 1635/1635 1636/1636
f 1634/1634 1636/1636 1637/1637
f 3279/3279 3262/3262 3275/3275
f 3986/3986 3982/3982 3989/3989
f 3275/3275 3262/3262 3268/3268
f 3989/3989 3983/3983 3993/3993
f 1645/1645 1648/1648 1649/1649
f 3266/3266 3262/3262 3279/3279
f 3268/3268 3262/3262 3261/3261
f 3850/3850 3857/3857 3851/3851
f 3850/3850 3851/3851 3852/3852
f 3261/3261 3269/3269 3270/3270
f 3268/3268 3261/3261 3270/3270
f 3270/3270 3269/3269 3271/3271
f 3271/3271 3272/3272 3281/3281
f 3851/3851 3855/3855 3852/3852
f 3269/3269 3272/3272 3271/3271
f 1654/1654 1651/1651 1653/1653
f 1653/1653 1651/1651 1648/1648
f 3262/3262 3266/3266 3263/3263
f 3857/3857 3855/3855 3851/3851
f 3344/3344 3347/3347 3349/3349
f 1666/1666 1654/1654 1653/1653
f 1648/1648 1650/1650 1649/1649
f 3857/3857 3858/3858 3855/3855
f 4223/4223 4224/4224 4225/4225
f 1648/1648 1651/1651 1650/1650
f 1651/1651 1652/1652 1650/1650
f 3341/3341 3345/3345 3348/3348
f 4224/4224 4226/4226 4225/4225
f 3269/3269 3267/3267 3272/3272
f 1666/1666 1663/1663 1654/1654
f 1651/1651 1655/1655 1652/1652
f 3714/3714 3728/3728 3727/3727
f 3266/3266 3265/3265 3263/3263
f 3345/3345 3353/3353 3348/3348
f 4228/4228 4225/4225 4226/4226
f 3261/3261 3267/3267 3269/3269
f 3272/3272 3267/3267 3274/3274
f 1663/1663 1658/1658 1654/1654
f 1654/1654 1658/1658 1651/1651
f 1651/1651 1658/1658 1655/1655
f 3263/3263 3265/3265 3264/3264
f 3263/3263 3264/3264 3261/3261
f 3261/3261 3264/3264 3267/3267
f 1655/1655 1660/1660 1652/1652
f 1652/1652 1660/1660 1664/1664
f 2502/2502 2498/2498 2500/2500
f 2500/2500 2499/2499 2503/2503
f 2503/2503 2499/2499 2501/2501
f 2504/2504 2498/2498 2502/2502
f 2492/2492 2493/2493 2494/2494
f 3950/3950 3954/3954 3951/3951
f 3950/3950 3951/3951 3948/3948
f 3781/3781 3778/3778 3780/3780
f 3780/3780 3778/3778 3775/3775
f 3779/3779 3777/3777 3789/3789
f 3785/3785 3782/3782 3784/3784
f 3946/3946 3950/3950 3948/3948
f 3775/3775 3777/3777 3779/3779
f 3946/3946 3948/3948 3947/3947
f 3948/3948 3951/3951 3952/3952
f 3547/3547 3548/3548 3540/3540
f 3543/3543 3547/3547 3540/3540
f 3945/3945 3946/3946 3942/3942
f 3942/3942 3946/3946 3947/3947
f 3949/3949 3947/3947 3948/3948
f 3949/3949 3948/3948 3953/3953
f 3948/3948 3952/3952 3953/3953
f 3780/3780 3775/3775 3786/3786
f 3786/3786 3775/3775 3779/3779
f 3781/3781 3780/3780 3783/3783
f 3395/3395 3388/3388 3384/3384
f 3388/3388 3394/3394 3393/3393
f 3385/3385 3388/3388 3393/3393
f 2749/2749 2744/2744 2755/2755
f 3528/3528 3540/3540 3539/3539
f 3033/3033 3030/3030 3032/3032
f 4367/4367 4364/4364 4360/4360
f 3959/3959 3957/3957 3945/3945
f 3385/3385 3384/3384 3388/3388
f 3953/3953 3952/3952 3955/3955
f 3503/3503 3501/3501 3497/3497
f 3032/3032 3030/3030 3028/3028
f 4364/4364 4365/4365 4361/4361
f 4360/4360 4364/4364 4361/4361
f 3941/3941 3945/3945 3942/3942
f 3384/3384 3385/3385 3386/3386
f 3385/3385 3393/3393 3392/3392
f 3546/3546 3543/3543 3545/3545
f 3545/3545 3543/3543 3542/3542
f 3542/3542 3543/3543 3540/3540
f 3542/3542 3540/3540 3541/3541
f 3541/3541 3540/3540 3528/3528
f 3528/3528 3539/3539 3538/3538
f 3959/3959 3945/3945 3958/3958
f 4359/4359 4367/4367 4360/4360
f 3941/3941 3942/3942 3943/3943
f 4060/4060 4067/4067 4063/4063
f 3173/3173 3175/3175 3172/3172
f 3544/3544 3542/3542 3541/3541
f 4319/4319 4322/4322 4323/4323
f 3528/3528 3538/3538 3529/3529
f 3958/3958 3945/3945 3941/3941
f 3386/3386 3385/3385 3387/3387
f 3387/3387 3385/3385 3392/3392
f 2752/2752 2745/2745 2754/2754
f 2754/2754 2745/2745 2756/2756
f 3152/3152 3173/3173 3172/3172
f 4319/4319 4321/4321 4322/4322
f 5000/5000 5002/5002 5001/5001
f 4831/4831 4832/4832 4827/4827
f 3534/3534 3528/3528 3527/3527
f 3527/3527 3528/3528 3529/3529
f 4359/4359 4360/4360 4357/4357
f 4357/4357 4360/4360 4361/4361
f 3391/3391 3387/3387 3392/3392
f 661/661 666/666 644/644
f 644/644 666/666 643/643
f 643/643 649/649 645/645
f 3156/3156 3173/3173 3152/3152
f 4997/4997 5000/5000 4998/4998
f 4829/4829 4831/4831 4827/4827
f 4998/4998 5000/5000 5001/5001
f 4357/4357 4361/4361 4363/4363
f 3941/3941 3943/3943 3944/3944
f 3386/3386 3387/3387 3389/3389
f 3390/3390 3387/3387 3391/3391
f 656/656 661/661 655/655
f 655/655 661/661 644/644
f 2012/2012 2013/2013 2008/2008
f 2008/2008 2003/2003 2006/2006
f 3167/3167 3176/3176 3156/3156
f 3167/3167 3156/3156 3151/3151
f 2989/2989 3012/3012 3011/3011
f 2989/2989 3011/3011 2976/2976
f 3171/3171 3172/3172 3174/3174
f 4999/4999 4997/4997 4995/4995
f 4320/4320 4325/4325 4324/4324
f 4320/4320 4324/4324 4321/4321
f 4997/4997 4998/4998 4993/4993
f 4995/4995 4997/4997 4993/4993
f 3533/3533 3534/3534 3527/3527
f 3530/3530 3527/3527 3529/3529
f 4357/4357 4363/4363 4344/4344
f 3387/3387 3390/3390 3389/3389
f 658/658 662/662 656/656
f 544/544 485/485 515/515
f 645/645 649/649 648/648
f 3156/3156 3152/3152 3151/3151
f 3152/3152 3172/3172 3171/3171
f 3529/3529 3538/3538 3530/3530
f 2193/2193 2188/2188 2190/2190
f 4357/4357 4344/4344 4345/4345
f 4344/4344 4343/4343 4342/4342
f 4342/4342 4343/4343 4341/4341
f 528/528 485/485 544/544
f 4264/4264 4279/4279 4265/4265
f 648/648 649/649 650/650
f 4271/4271 4279/4279 4264/4264
f 650/650 649/649 652/652
f 973/973 972/972 884/884
f 2973/2973 2974/2974 2975/2975
f 1999/1999 2002/2002 2001/2001
f 2975/2975 2974/2974 2976/2976
f 2975/2975 2976/2976 2987/2987
f 3532/3532 3533/3533 3527/3527
f 3532/3532 3527/3527 3531/3531
f 4362/4362 4359/4359 4358/4358
f 4358/4358 4359/4359 4355/4355
f 4221/4221 4211/4211 4214/4214
f 4221/4221 4214/4214 4222/4222
f 4342/4342 4341/4341 4340/4340
f 3493/3493 3483/3483 3492/3492
f 4266/4266 4265/4265 4281/4281
f 4264/4264 4265/4265 4266/4266
f 4271/4271 4264/4264 4268/4268
f 975/975 973/973 884/884
f 970/970 884/884 972/972
f 1998/1998 2003/2003 2002/2002
f 970/970 972/972 974/974
f 3151/3151 3152/3152 3153/3153
f 3164/3164 3152/3152 3171/3171
f 3531/3531 3527/3527 3530/3530
f 2201/2201 2186/2186 2188/2188
f 2188/2188 2189/2189 2190/2190
f 2190/2190 2189/2189 2191/2191
f 2897/2897 2880/2880 2879/2879
f 2879/2879 2880/2880 2878/2878
f 2879/2879 2878/2878 2877/2877
f 4355/4355 4359/4359 4357/4357
f 4344/4344 4342/4342 4345/4345
f 4220/4220 4211/4211 4221/4221
f 2877/2877 2878/2878 2876/2876
f 2877/2877 2876/2876 2875/2875
f 1736/1736 1746/1746 1751/1751
f 3494/3494 3486/3486 3485/3485
f 2435/2435 2426/2426 2434/2434
f 2873/2873 2874/2874 2871/2871
f 2871/2871 2874/2874 2881/2881
f 509/509 486/486 487/487
f 655/655 644/644 654/654
f 4267/4267 4264/4264 4266/4266
f 4267/4267 4268/4268 4264/4264
f 2972/2972 2971/2971 2973/2973
f 2006/2006 2003/2003 2004/2004
f 3159/3159 3157/3157 3158/3158
f 1903/1903 1902/1902 1895/1895
f 1918/1918 1916/1916 1917/1917
f 3154/3154 3151/3151 3153/3153
f 3153/3153 3152/3152 3164/3164
f 3153/3153 3164/3164 3165/3165
f 3537/3537 3532/3532 3536/3536
f 2201/2201 2202/2202 2186/2186
f 2900/2900 2906/2906 2899/2899
f 4355/4355 4357/4357 4346/4346
f 4346/4346 4357/4357 4345/4345
f 4366/4366 4358/4358 4356/4356
f 4340/4340 4345/4345 4342/4342
f 2016/2016 2019/2019 2018/2018
f 3487/3487 3481/3481 3483/3483
f 1415/1415 1446/1446 1554/1554
f 3487/3487 3483/3483 3495/3495
f 2873/2873 2875/2875 2874/2874
f 2882/2882 2884/2884 2883/2883
f 2884/2884 2885/2885 2896/2896
f 654/654 644/644 641/641
f 641/641 644/644 643/643
f 645/645 648/648 647/647
f 884/884 857/857 975/975
f 857/857 884/884 858/858
f 4269/4269 4268/4268 4267/4267
f 2012/2012 2008/2008 2011/2011
f 2011/2011 2008/2008 2010/2010
f 4274/4274 4275/4275 4271/4271
f 2008/2008 2006/2006 2007/2007
f 2004/2004 2003/2003 1998/1998
f 1998/1998 2002/2002 1999/1999
f 3158/3158 3157/3157 3155/3155
f 3155/3155 3157/3157 3151/3151
f 3536/3536 3532/3532 3535/3535
f 3535/3535 3532/3532 3531/3531
f 3535/3535 3531/3531 3530/3530
f 2188/2188 2187/2187 2189/2189
f 2189/2189 2196/2196 2198/2198
f 2899/2899 2897/2897 2898/2898
f 2577/2577 2557/2557 2556/2556
f 4356/4356 4358/4358 4355/4355
f 4347/4347 4346/4346 4340/4340
f 4346/4346 4345/4345 4340/4340
f 2017/2017 2016/2016 2018/2018
f 4356/4356 4355/4355 4349/4349
f 4347/4347 4340/4340 4348/4348
f 4350/4350 4349/4349 4348/4348
f 4348/4348 4349/4349 4347/4347
f 1416/1416 1446/1446 1415/1415
f 1445/1445 1415/1415 1554/1554
f 2871/2871 2882/2882 2861/2861
f 2884/2884 2896/2896 2894/2894
f 664/664 658/658 663/663
f 656/656 655/655 654/654
f 4433/4433 4438/4438 4441/4441
f 650/650 652/652 651/651
f 965/965 969/969 964/964
f 2970/2970 2971/2971 2969/2969
f 2969/2969 2971/2971 2972/2972
f 2969/2969 2972/2972 2991/2991
f 964/964 969/969 962/962
f 3155/3155 3151/3151 3154/3154
f 2186/2186 2187/2187 2188/2188
f 2898/2898 2897/2897 2890/2890
f 2890/2890 2897/2897 2879/2879
f 4347/4347 4355/4355 4346/4346
f 2020/2020 2016/2016 2015/2015
f 2017/2017 2018/2018 2051/2051
f 4349/4349 4355/4355 4347/4347
f 4351/4351 4349/4349 4350/4350
f 1414/1414 1415/1415 1445/1445
f 2872/2872 2871/2871 2855/2855
f 2871/2871 2861/2861 2855/2855
f 2861/2861 2882/2882 2883/2883
f 2883/2883 2884/2884 2894/2894
f 668/668 664/664 663/663
f 663/663 658/658 659/659
f 1986/1986 1985/1985 1976/1976
f 641/641 643/643 642/642
f 642/642 643/643 645/645
f 855/855 857/857 858/858
f 4270/4270 4271/4271 4268/4268
f 2010/2010 2008/2008 2009/2009
f 4274/4274 4271/4271 4272/4272
f 3168/3168 3159/3159 3162/3162
f 3162/3162 3159/3159 3158/3158
f 3158/3158 3155/3155 3160/3160
f 3160/3160 3155/3155 3154/3154
f 3085/3085 3104/3104 3103/3103
f 3699/3699 3708/3708 3709/3709
f 3698/3698 3699/3699 3709/3709
f 2186/2186 2202/2202 2194/2194
f 2900/2900 2899/2899 2898/2898
f 2577/2577 2556/2556 2579/2579
f 2889/2889 2879/2879 2877/2877
f 2015/2015 2016/2016 2017/2017
f 2021/2021 2020/2020 2015/2015
f 2875/2875 2873/2873 2891/2891
f 1416/1416 1415/1415 1407/1407
f 1407/1407 1415/1415 1414/1414
f 2873/2873 2871/2871 2872/2872
f 2895/2895 2883/2883 2894/2894
f 658/658 656/656 657/657
f 859/859 869/869 854/854
f 855/855 854/854 857/857
f 4437/4437 4433/4433 4435/4435
f 961/961 965/965 964/964
f 4272/4272 4271/4271 4270/4270
f 2009/2009 2008/2008 2007/2007
f 1435/1435 1442/1442 1441/1441
f 3166/3166 3168/3168 3162/3162
f 3161/3161 3158/3158 3160/3160
f 3178/3178 3160/3160 3154/3154
f 3456/3456 3449/3449 3446/3446
f 3178/3178 3154/3154 3170/3170
f 3170/3170 3154/3154 3163/3163
f 3163/3163 3154/3154 3153/3153
f 3163/3163 3153/3153 3165/3165
f 3085/3085 3103/3103 3092/3092
f 2194/2194 2204/2204 2199/2199
f 3163/3163 3165/3165 3169/3169
f 2194/2194 2199/2199 2187/2187
f 2186/2186 2194/2194 2187/2187
f 2189/2189 2187/2187 2192/2192
f 2189/2189 2192/2192 2196/2196
f 3092/3092 3103/3103 3107/3107
f 2890/2890 2879/2879 2889/2889
f 2877/2877 2875/2875 2888/2888
f 4352/4352 4351/4351 4350/4350
f 4351/4351 4352/4352 4353/4353
f 1545/1545 1416/1416 1407/1407
f 2891/2891 2873/2873 2892/2892
f 1408/1408 1414/1414 1445/1445
f 2892/2892 2873/2873 2893/2893
f 2893/2893 2873/2873 2872/2872
f 521/521 510/510 512/512
f 1991/1991 1986/1986 1987/1987
f 642/642 645/645 646/646
f 646/646 645/645 647/647
f 961/961 964/964 900/900
f 900/900 964/964 962/962
f 2007/2007 2006/2006 2004/2004
f 4277/4277 4275/4275 4274/4274
f 3177/3177 3161/3161 3160/3160
f 2187/2187 2199/2199 2192/2192
f 3092/3092 3107/3107 3105/3105
f 2901/2901 2900/2900 2898/2898
f 2914/2914 2898/2898 2890/2890
f 2889/2889 2877/2877 2888/2888
f 2015/2015 2017/2017 2023/2023
f 4353/4353 4352/4352 4354/4354
f 1731/1731 1735/1735 1733/1733
f 2922/2922 2892/2892 2893/2893
f 2852/2852 2854/2854 2855/2855
f 2855/2855 2861/2861 2860/2860
f 3901/3901 3903/3903 3902/3902
f 3903/3903 3906/3906 3902/3902
f 2861/2861 2883/2883 2860/2860
f 2860/2860 2883/2883 2886/2886
f 2883/2883 2895/2895 2886/2886
f 861/861 876/876 873/873
f 657/657 656/656 654/654
f 873/873 859/859 861/861
f 859/859 854/854 856/856
f 853/853 854/854 855/855
f 4435/4435 4433/4433 4432/4432
f 4432/4432 4433/4433 4434/4434
f 966/966 965/965 961/961
f 900/900 962/962 936/936
f 1435/1435 1441/1441 1433/1433
f 1999/1999 2001/2001 2000/2000
f 3162/3162 3158/3158 3161/3161
f 3085/3085 3092/3092 3082/3082
f 2902/2902 2900/2900 2901/2901
f 2901/2901 2898/2898 2914/2914
f 1580/1580 1581/1581 1579/1579
f 2022/2022 2021/2021 2015/2015
f 2875/2875 2891/2891 2888/2888
f 1408/1408 1445/1445 1413/1413
f 5215/5215 5216/5216 5217/5217
f 3903/3903 3901/3901 3904/3904
f 2248/2248 2247/2247 2244/2244
f 4069/4069 4078/4078 4072/4072
f 659/659 658/658 657/657
f 1993/1993 1989/1989 1994/1994
f 4078/4078 4077/4077 4072/4072
f 877/877 876/876 861/861
f 4077/4077 4076/4076 4072/4072
f 4072/4072 4076/4076 4074/4074
f 648/648 650/650 647/647
f 2968/2968 2970/2970 2969/2969
f 3166/3166 3162/3162 3161/3161
f 1440/1440 1441/1441 1551/1551
f 3166/3166 3161/3161 3177/3177
f 3092/3092 3105/3105 3088/3088
f 2914/2914 2890/2890 2913/2913
f 2890/2890 2889/2889 2911/2911
f 2022/2022 2015/2015 2023/2023
f 1545/1545 1407/1407 1405/1405
f 1407/1407 1408/1408 1406/1406
f 3908/3908 3905/3905 3907/3907
f 3911/3911 3905/3905 3908/3908
f 647/647 650/650 651/651
f 4272/4272 4270/4270 4273/4273
f 1432/1432 1435/1435 1433/1433
f 4278/4278 4277/4277 4274/4274
f 1998/1998 1999/1999 2000/2000
f 900/900 936/936 917/917
f 3088/3088 3105/3105 3100/3100
f 1574/1574 1580/1580 1579/1579
f 2929/2929 2914/2914 2913/2913
f 2912/2912 2888/2888 2891/2891
f 2044/2044 2056/2056 2021/2021
f 1546/1546 1545/1545 1405/1405
f 2852/2852 2859/2859 2925/2925
f 2859/2859 2860/2860 2915/2915
f 3907/3907 3905/3905 3904/3904
f 2860/2860 2886/2886 2916/2916
f 2244/2244 2247/2247 2239/2239
f 2245/2245 2248/2248 2244/2244
f 4069/4069 4071/4071 4075/4075
f 1994/1994 1989/1989 1996/1996
f 1996/1996 1989/1989 1995/1995
f 657/657 654/654 653/653
f 861/861 859/859 860/860
f 859/859 856/856 860/860
f 653/653 654/654 641/641
f 866/866 856/856 853/853
f 653/653 641/641 640/640
f 940/940 966/966 961/961
f 2992/2992 2970/2970 2968/2968
f 2990/2990 2969/2969 2991/2991
f 916/916 900/900 917/917
f 3084/3084 3092/3092 3088/3088
f 2606/2606 2579/2579 2554/2554
f 2911/2911 2889/2889 2928/2928
f 2928/2928 2889/2889 2888/2888
f 2044/2044 2021/2021 2022/2022
f 2891/2891 2892/2892 2924/2924
f 2851/2851 2852/2852 2853/2853
f 2924/2924 2892/2892 2927/2927
f 2892/2892 2922/2922 2927/2927
f 1408/1408 1413/1413 1409/1409
f 3901/3901 3902/3902 3899/3899
f 3900/3900 3901/3901 3899/3899
f 2239/2239 2247/2247 2253/2253
f 1005/1005 1004/1004 1018/1018
f 878/878 877/877 861/861
f 862/862 861/861 860/860
f 640/640 641/641 642/642
f 2967/2967 2968/2968 2969/2969
f 2967/2967 2969/2969 2990/2990
f 3083/3083 3085/3085 3082/3082
f 2165/2165 2154/2154 2161/2161
f 2606/2606 2554/2554 2553/2553
f 3209/3209 3210/3210 3206/3206
f 3209/3209 3206/3206 3201/3201
f 3209/3209 3201/3201 3208/3208
f 3208/3208 3201/3201 3207/3207
f 3201/3201 3206/3206 3197/3197
f 3207/3207 3201/3201 3200/3200
f 4740/4740 4739/4739 4738/4738
f 3200/3200 3201/3201 3197/3197
f 3200/3200 3197/3197 3196/3196
f 3196/3196 3197/3197 3198/3198
f 3199/3199 3196/3196 3198/3198
f 230/230 246/246 232/232
f 2022/2022 2023/2023 2024/2024
f 3215/3215 3216/3216 3217/3217
f 3217/3217 3216/3216 3218/3218
f 2853/2853 2852/2852 2925/2925
f 3220/3220 3222/3222 3221/3221
f 1406/1406 1408/1408 1409/1409
f 3221/3221 3222/3222 3223/3223
f 4773/4773 4772/4772 4748/4748
f 4913/4913 4916/4916 4914/4914
f 2925/2925 2859/2859 2923/2923
f 2859/2859 2915/2915 2923/2923
f 3909/3909 3904/3904 3901/3901
f 2915/2915 2860/2860 2916/2916
f 3907/3907 3904/3904 3909/3909
f 2916/2916 2886/2886 2926/2926
f 3912/3912 3911/3911 3908/3908
f 4951/4951 4939/4939 4909/4909
f 4530/4530 4531/4531 4529/4529
f 4530/4530 4529/4529 4528/4528
f 4936/4936 4937/4937 4949/4949
f 4949/4949 4937/4937 4939/4939
f 4949/4949 4939/4939 4951/4951
f 4528/4528 4529/4529 4525/4525
f 4528/4528 4525/4525 4527/4527
f 4528/4528 4527/4527 4572/4572
f 4525/4525 4526/4526 4527/4527
f 2244/2244 2239/2239 2241/2241
f 667/667 668/668 663/663
f 667/667 663/663 659/659
f 4071/4071 4070/4070 4081/4081
f 879/879 877/877 878/878
f 4436/4436 4432/4432 4434/4434
f 940/940 961/961 900/900
f 2011/2011 2010/2010 2009/2009
f 4274/4274 4272/4272 4276/4276
f 4278/4278 4274/4274 4276/4276
f 2007/2007 2004/2004 2005/2005
f 2005/2005 2004/2004 1998/1998
f 2005/2005 1998/1998 2000/2000
f 1440/1440 1433/1433 1441/1441
f 1574/1574 1579/1579 1572/1572
f 4738/4738 4739/4739 4737/4737
f 3199/3199 3198/3198 3202/3202
f 3199/3199 3202/3202 3203/3203
f 4765/4765 4768/4768 4734/4734
f 4736/4736 4765/4765 4734/4734
f 3203/3203 3202/3202 3204/3204
f 4734/4734 4768/4768 4766/4766
f 3204/3204 3202/3202 3205/3205
f 3204/3204 3205/3205 3211/3211
f 3204/3204 3211/3211 3212/3212
f 4766/4766 4767/4767 4735/4735
f 4735/4735 4767/4767 4747/4747
f 2044/2044 2022/2022 2025/2025
f 1443/1443 1546/1546 1405/1405
f 3211/3211 3214/3214 3213/3213
f 3212/3212 3211/3211 3213/3213
f 4747/4747 4785/4785 4745/4745
f 3215/3215 3213/3213 3214/3214
f 4785/4785 4778/4778 4746/4746
f 4745/4745 4785/4785 4746/4746
f 1405/1405 1407/1407 1406/1406
f 4746/4746 4778/4778 4758/4758
f 3219/3219 3220/3220 3221/3221
f 4758/4758 4773/4773 4748/4748
f 4748/4748 4772/4772 4751/4751
f 4914/4914 4917/4917 4915/4915
f 4913/4913 4914/4914 4915/4915
f 4920/4920 4923/4923 4922/4922
f 3910/3910 3909/3909 3901/3901
f 4940/4940 4941/4941 4939/4939
f 4931/4931 4940/4940 4939/4939
f 4939/4939 4941/4941 4909/4909
f 4937/4937 4931/4931 4939/4939
f 4532/4532 4531/4531 4530/4530
f 4563/4563 4526/4526 4575/4575
f 4563/4563 4575/4575 4559/4559
f 4572/4572 4527/4527 4563/4563
f 4563/4563 4527/4527 4526/4526
f 2245/2245 2244/2244 2241/2241
f 2239/2239 2253/2253 2252/2252
f 1354/1354 1355/1355 1352/1352
f 1352/1352 1355/1355 1362/1362
f 1353/1353 1354/1354 1352/1352
f 659/659 657/657 665/665
f 657/657 653/653 665/665
f 665/665 653/653 640/640
f 860/860 856/856 865/865
f 865/865 856/856 866/866
f 660/660 640/640 642/642
f 4436/4436 4434/4434 4439/4439
f 2966/2966 2968/2968 2967/2967
f 4276/4276 4272/4272 4273/4273
f 918/918 916/916 917/917
f 4280/4280 4278/4278 4276/4276
f 2014/2014 2005/2005 2000/2000
f 1897/1897 1905/1905 1904/1904
f 3083/3083 3082/3082 3079/3079
f 3084/3084 3088/3088 3081/3081
f 2554/2554 2552/2552 2553/2553
f 2581/2581 2579/2579 2606/2606
f 227/227 225/225 226/226
f 4741/4741 4740/4740 4726/4726
f 4726/4726 4740/4740 4738/4738
f 4738/4738 4737/4737 4725/4725
f 4736/4736 4737/4737 4765/4765
f 4734/4734 4766/4766 4735/4735
f 2025/2025 2022/2022 2024/2024
f 4336/4336 4334/4334 4337/4337
f 4746/4746 4758/4758 4748/4748
f 3899/3899 3914/3914 3897/3897
f 1406/1406 1409/1409 1404/1404
f 4990/4990 4989/4989 4992/4992
f 4917/4917 4921/4921 4920/4920
f 4918/4918 4920/4920 4922/4922
f 4918/4918 4917/4917 4920/4920
f 2432/2432 2398/2398 2433/2433
f 1409/1409 1413/1413 1411/1411
f 4756/4756 4761/4761 4752/4752
f 4927/4927 4919/4919 4922/4922
f 4752/4752 4761/4761 4755/4755
f 4490/4490 4485/4485 4487/4487
f 4487/4487 4485/4485 4484/4484
f 4928/4928 4924/4924 4938/4938
f 4755/4755 4769/4769 4757/4757
f 4938/4938 4924/4924 4933/4933
f 4926/4926 4932/4932 4931/4931
f 4487/4487 4491/4491 4490/4490
f 4941/4941 4943/4943 4907/4907
f 4769/4769 4532/4532 4757/4757
f 4933/4933 4924/4924 4929/4929
f 4929/4929 4924/4924 4926/4926
f 4926/4926 4931/4931 4930/4930
f 4929/4929 4926/4926 4930/4930
f 4757/4757 4532/4532 4530/4530
f 4757/4757 4530/4530 4584/4584
f 4584/4584 4530/4530 4528/4528
f 4584/4584 4528/4528 4572/4572
f 4075/4075 4071/4071 4082/4082
f 1005/1005 1018/1018 1014/1014
f 4081/4081 4070/4070 4073/4073
f 1370/1370 1376/1376 1353/1353
f 1370/1370 1353/1353 1351/1351
f 1351/1351 1353/1353 1352/1352
f 863/863 862/862 860/860
f 1351/1351 1352/1352 1349/1349
f 1372/1372 1370/1370 1351/1351
f 1088/1088 1090/1090 1089/1089
f 1349/1349 1352/1352 1371/1371
f 1372/1372 1351/1351 1350/1350
f 413/413 403/403 415/415
f 1350/1350 1351/1351 1349/1349
f 1349/1349 1371/1371 1348/1348
f 1350/1350 1349/1349 1346/1346
f 865/865 866/866 867/867
f 1346/1346 1349/1349 1348/1348
f 660/660 642/642 646/646
f 1381/1381 1350/1350 1346/1346
f 1348/1348 1377/1377 1368/1368
f 1343/1343 1348/1348 1368/1368
f 1346/1346 1348/1348 1343/1343
f 1379/1379 1381/1381 1346/1346
f 1343/1343 1368/1368 1369/1369
f 1379/1379 1346/1346 1375/1375
f 1375/1375 1346/1346 1342/1342
f 1343/1343 1369/1369 1373/1373
f 1346/1346 1343/1343 1342/1342
f 1343/1343 1373/1373 1344/1344
f 1375/1375 1342/1342 1380/1380
f 1342/1342 1343/1343 1344/1344
f 1344/1344 1373/1373 1366/1366
f 1342/1342 1344/1344 1345/1345
f 1357/1357 1359/1359 1360/1360
f 1357/1357 1360/1360 1361/1361
f 1374/1374 1380/1380 1342/1342
f 1342/1342 1345/1345 1374/1374
f 1345/1345 1344/1344 1347/1347
f 1347/1347 1344/1344 1356/1356
f 1344/1344 1366/1366 1356/1356
f 1356/1356 1366/1366 1365/1365
f 1357/1357 1358/1358 1359/1359
f 1357/1357 1361/1361 1367/1367
f 1356/1356 1365/1365 1358/1358
f 1356/1356 1358/1358 1357/1357
f 1374/1374 1345/1345 1378/1378
f 1347/1347 1356/1356 1357/1357
f 1347/1347 1357/1357 1363/1363
f 1357/1357 1367/1367 1363/1363
f 1378/1378 1345/1345 1364/1364
f 1345/1345 1347/1347 1364/1364
f 1364/1364 1347/1347 1363/1363
f 3081/3081 3082/3082 3084/3084
f 3088/3088 3100/3100 3087/3087
f 3087/3087 3100/3100 3101/3101
f 1572/1572 1579/1579 1582/1582
f 2856/2856 2851/2851 2853/2853
f 4735/4735 4747/4747 4745/4745
f 1443/1443 1405/1405 1403/1403
f 4748/4748 4751/4751 4749/4749
f 4749/4749 4751/4751 4752/4752
f 4752/4752 4751/4751 4756/4756
f 4484/4484 4483/4483 4486/4486
f 4486/4486 4483/4483 4488/4488
f 4924/4924 4922/4922 4923/4923
f 4941/4941 4942/4942 4943/4943
f 4924/4924 4923/4923 4925/4925
f 4907/4907 4943/4943 4908/4908
f 4924/4924 4925/4925 4926/4926
f 4906/4906 4907/4907 4908/4908
f 4909/4909 4907/4907 4906/4906
f 4559/4559 4575/4575 4576/4576
f 4563/4563 4559/4559 4558/4558
f 4572/4572 4563/4563 4569/4569
f 239/239 252/252 241/241
f 2245/2245 2241/2241 2246/2246
f 2238/2238 2239/2239 2252/2252
f 1997/1997 1994/1994 1996/1996
f 4081/4081 4073/4073 4088/4088
f 870/870 862/862 863/863
f 860/860 865/865 864/864
f 864/864 865/865 867/867
f 4440/4440 4436/4436 4439/4439
f 2992/2992 2968/2968 2966/2966
f 881/881 940/940 900/900
f 919/919 916/916 918/918
f 3077/3077 3083/3083 3079/3079
f 3079/3079 3082/3082 3081/3081
f 3081/3081 3088/3088 3087/3087
f 4334/4334 4336/4336 4335/4335
f 4743/4743 4746/4746 4748/4748
f 4743/4743 4748/4748 4749/4749
f 4988/4988 4989/4989 4990/4990
f 1405/1405 1406/1406 1404/1404
f 4943/4943 4944/4944 4945/4945
f 4752/4752 4755/4755 4753/4753
f 4943/4943 4945/4945 4908/4908
f 1799/1799 1816/1816 1817/1817
f 4906/4906 4908/4908 4910/4910
f 4753/4753 4755/4755 4757/4757
f 4559/4559 4576/4576 4577/4577
f 4759/4759 4757/4757 4584/4584
f 4584/4584 4572/4572 4569/4569
f 4569/4569 4563/4563 4562/4562
f 4562/4562 4563/4563 4558/4558
f 2254/2254 2255/2255 2246/2246
f 4080/4080 4071/4071 4081/4081
f 4073/4073 4074/4074 4088/4088
f 4088/4088 4074/4074 4094/4094
f 870/870 863/863 871/871
f 4440/4440 4439/4439 4442/4442
f 1431/1431 1432/1432 1433/1433
f 1431/1431 1433/1433 1440/1440
f 971/971 918/918 917/917
f 2390/2390 2391/2391 2395/2395
f 2552/2552 2572/2572 2576/2576
f 2905/2905 2900/2900 2902/2902
f 2917/2917 2903/2903 2901/2901
f 1604/1604 1580/1580 1574/1574
f 1572/1572 1582/1582 1607/1607
f 4727/4727 4762/4762 4741/4741
f 4726/4726 4738/4738 4725/4725
f 4735/4735 4745/4745 4744/4744
f 4333/4333 4334/4334 4335/4335
f 4744/4744 4745/4745 4746/4746
f 2042/2042 2044/2044 2025/2025
f 4985/4985 4987/4987 4989/4989
f 3898/3898 3900/3900 3899/3899
f 3898/3898 3899/3899 3897/3897
f 4988/4988 4985/4985 4989/4989
f 1405/1405 1404/1404 1403/1403
f 4488/4488 4483/4483 4489/4489
f 4944/4944 4946/4946 4945/4945
f 4945/4945 4946/4946 4947/4947
f 5296/5296 5297/5297 5280/5280
f 4749/4749 4752/4752 4753/4753
f 5283/5283 5296/5296 5280/5280
f 1404/1404 1409/1409 1411/1411
f 4908/4908 4911/4911 4910/4910
f 4555/4555 4577/4577 4578/4578
f 4559/4559 4577/4577 4555/4555
f 2254/2254 2246/2246 2241/2241
f 2256/2256 2255/2255 2254/2254
f 2241/2241 2239/2239 2234/2234
f 2234/2234 2239/2239 2238/2238
f 990/990 993/993 1005/1005
f 2964/2964 2966/2966 2967/2967
f 881/881 900/900 899/899
f 3087/3087 3101/3101 3095/3095
f 2905/2905 2902/2902 2904/2904
f 1604/1604 1574/1574 1573/1573
f 2857/2857 2856/2856 2853/2853
f 4744/4744 4746/4746 4743/4743
f 4946/4946 4948/4948 4947/4947
f 1800/1800 1809/1809 1799/1799
f 4759/4759 4753/4753 4757/4757
f 4558/4558 4559/4559 4555/4555
f 871/871 863/863 872/872
f 872/872 863/863 864/864
f 868/868 864/864 867/867
f 1444/1444 1431/1431 1440/1440
f 3078/3078 3090/3090 3077/3077
f 3101/3101 3115/3115 3109/3109
f 2904/2904 2902/2902 2903/2903
f 4727/4727 4741/4741 4726/4726
f 4725/4725 4737/4737 4736/4736
f 4725/4725 4736/4736 4734/4734
f 4734/4734 4735/4735 4723/4723
f 4723/4723 4735/4735 4744/4744
f 3891/3891 3897/3897 3892/3892
f 1806/1806 1813/1813 1800/1800
f 352/352 339/339 329/329
f 2825/2825 2844/2844 2833/2833
f 2825/2825 2833/2833 2832/2832
f 4093/4093 4075/4075 4082/4082
f 4082/4082 4071/4071 4080/4080
f 872/872 864/864 868/868
f 2986/2986 2967/2967 2990/2990
f 899/899 916/916 921/921
f 921/921 916/916 920/920
f 1430/1430 1432/1432 1431/1431
f 920/920 916/916 919/919
f 919/919 918/918 935/935
f 3080/3080 3079/3079 3081/3081
f 3095/3095 3101/3101 3109/3109
f 2551/2551 2606/2606 2553/2553
f 1575/1575 1573/1573 1572/1572
f 4328/4328 4334/4334 4333/4333
f 4985/4985 4986/4986 4987/4987
f 3896/3896 3898/3898 3897/3897
f 3897/3897 3891/3891 3893/3893
f 5036/5036 5035/5035 5034/5034
f 1403/1403 1404/1404 1401/1401
f 4910/4910 4911/4911 4912/4912
f 1401/1401 1404/1404 1411/1411
f 4569/4569 4562/4562 4567/4567
f 2824/2824 2844/2844 2825/2825
f 867/867 881/881 868/868
f 1434/1434 1432/1432 1430/1430
f 2583/2583 2606/2606 2551/2551
f 4726/4726 4725/4725 4721/4721
f 4725/4725 4734/4734 4724/4724
f 4984/4984 4983/4983 4985/4985
f 4985/4985 4983/4983 4986/4986
f 4750/4750 4743/4743 4749/4749
f 5280/5280 5302/5302 5277/5277
f 5280/5280 5277/5277 5278/5278
f 4555/4555 4578/4578 4548/4548
f 4548/4548 4578/4578 4589/4589
f 4760/4760 4759/4759 4584/4584
f 4562/4562 4558/4558 4561/4561
f 1005/1005 1014/1014 991/991
f 871/871 872/872 952/952
f 4724/4724 4734/4734 4723/4723
f 3895/3895 3898/3898 3896/3896
f 4723/4723 4744/4744 4743/4743
f 3891/3891 3892/3892 3889/3889
f 2026/2026 2042/2042 2025/2025
f 2026/2026 2025/2025 2024/2024
f 4754/4754 4749/4749 4753/4753
f 1785/1785 1800/1800 1799/1799
f 1785/1785 1799/1799 1794/1794
f 5281/5281 5278/5278 5282/5282
f 5281/5281 5282/5282 5284/5284
f 4760/4760 4584/4584 4601/4601
f 1401/1401 1411/1411 1410/1410
f 990/990 1005/1005 991/991
f 2234/2234 2238/2238 2233/2233
f 4087/4087 4081/4081 4088/4088
f 952/952 872/872 947/947
f 947/947 872/872 868/868
f 948/948 868/868 881/881
f 1575/1575 1572/1572 1576/1576
f 1576/1576 1572/1572 1607/1607
f 2862/2862 2857/2857 2858/2858
f 3893/3893 3896/3896 3897/3897
f 4743/4743 4750/4750 4728/4728
f 1806/1806 1800/1800 1785/1785
f 2029/2029 2042/2042 2026/2026
f 4754/4754 4753/4753 4760/4760
f 1794/1794 1799/1799 1808/1808
f 1403/1403 1401/1401 1402/1402
f 1443/1443 1403/1403 1402/1402
f 4567/4567 4562/4562 4561/4561
f 2825/2825 2832/2832 2830/2830
f 947/947 868/868 948/948
f 2964/2964 2967/2967 2986/2986
f 1428/1428 1430/1430 1431/1431
f 1604/1604 1573/1573 1571/1571
f 4720/4720 4727/4727 4726/4726
f 4720/4720 4726/4726 4721/4721
f 3893/3893 3891/3891 3887/3887
f 3887/3887 3891/3891 3889/3889
f 1801/1801 1806/1806 1785/1785
f 4750/4750 4749/4749 4754/4754
f 4555/4555 4548/4548 4550/4550
f 4561/4561 4558/4558 4557/4557
f 4601/4601 4584/4584 4569/4569
f 1014/1014 1022/1022 991/991
f 1410/1410 1411/1411 1412/1412
f 2232/2232 2234/2234 2233/2233
f 2963/2963 2966/2966 2964/2964
f 1428/1428 1431/1431 1444/1444
f 919/919 935/935 938/938
f 2863/2863 2857/2857 2862/2862
f 4329/4329 4328/4328 4327/4327
f 3887/3887 3889/3889 3884/3884
f 1801/1801 1785/1785 1787/1787
f 2029/2029 2054/2054 2042/2042
f 4548/4548 4653/4653 4645/4645
f 4557/4557 4555/4555 4550/4550
f 2257/2257 2254/2254 2258/2258
f 252/252 262/262 267/267
f 1410/1410 1412/1412 1417/1417
f 2822/2822 2825/2825 2830/2830
f 1429/1429 1430/1430 1428/1428
f 934/934 919/919 938/938
f 3895/3895 3896/3896 3893/3893
f 4723/4723 4743/4743 4728/4728
f 5278/5278 5277/5277 5276/5276
f 5278/5278 5276/5276 5300/5300
f 5282/5282 5278/5278 5300/5300
f 1401/1401 1410/1410 1400/1400
f 4098/4098 4093/4093 4082/4082
f 4087/4087 4088/4088 4100/4100
f 953/953 952/952 951/951
f 951/951 952/952 947/947
f 947/947 948/948 946/946
f 1429/1429 1434/1434 1430/1430
f 1550/1550 1428/1428 1444/1444
f 3086/3086 3087/3087 3095/3095
f 2907/2907 2905/2905 2904/2904
f 4712/4712 4823/4823 4727/4727
f 4712/4712 4727/4727 4720/4720
f 4721/4721 4725/4725 4722/4722
f 2864/2864 2863/2863 2862/2862
f 4548/4548 4645/4645 4546/4546
f 4601/4601 4569/4569 4580/4580
f 1399/1399 1401/1401 1400/1400
f 2824/2824 2825/2825 2822/2822
f 1400/1400 1410/1410 1417/1417
f 2962/2962 2963/2963 2964/2964
f 2962/2962 2964/2964 2986/2986
f 2995/2995 2993/2993 2994/2994
f 922/922 921/921 920/920
f 3076/3076 3078/3078 3077/3077
f 3081/3081 3087/3087 3086/3086
f 4722/4722 4725/4725 4724/4724
f 4332/4332 4329/4329 4331/4331
f 4331/4331 4329/4329 4330/4330
f 3895/3895 3893/3893 3888/3888
f 3885/3885 3893/3893 3887/3887
f 2028/2028 2029/2029 2026/2026
f 4580/4580 4569/4569 4567/4567
f 4580/4580 4567/4567 4566/4566
f 991/991 1022/1022 1013/1013
f 4082/4082 4080/4080 4079/4079
f 4079/4079 4080/4080 4081/4081
f 4033/4033 4035/4035 4031/4031
f 946/946 948/948 898/898
f 898/898 948/948 881/881
f 898/898 881/881 899/899
f 3077/3077 3079/3079 3075/3075
f 3075/3075 3079/3079 3080/3080
f 3888/3888 3893/3893 3885/3885
f 3883/3883 3887/3887 3884/3884
f 1794/1794 1808/1808 1797/1797
f 2026/2026 2024/2024 2027/2027
f 4567/4567 4561/4561 4566/4566
f 1013/1013 1022/1022 1020/1020
f 2259/2259 2257/2257 2258/2258
f 2823/2823 2824/2824 2822/2822
f 955/955 952/952 953/953
f 898/898 899/899 892/892
f 899/899 921/921 901/901
f 901/901 921/921 922/922
f 3618/3618 3661/3661 3663/3663
f 3894/3894 3895/3895 3888/3888
f 1831/1831 1801/1801 1788/1788
f 1788/1788 1801/1801 1787/1787
f 4545/4545 4548/4548 4546/4546
f 2028/2028 2026/2026 2027/2027
f 987/987 990/990 991/991
f 4098/4098 4082/4082 4096/4096
f 2977/2977 2962/2962 2986/2986
f 3076/3076 3077/3077 3075/3075
f 2547/2547 2550/2550 2545/2545
f 2908/2908 2907/2907 2904/2904
f 2584/2584 2583/2583 2549/2549
f 2583/2583 2551/2551 2549/2549
f 1571/1571 1575/1575 1568/1568
f 4722/4722 4724/4724 4723/4723
f 4750/4750 4754/4754 4733/4733
f 4550/4550 4548/4548 4545/4545
f 4579/4579 4580/4580 4566/4566
f 2031/2031 2029/2029 2028/2028
f 2049/2049 2029/2029 2031/2031
f 2259/2259 2258/2258 2260/2260
f 2839/2839 2824/2824 2823/2823
f 2822/2822 2830/2830 2831/2831
f 2965/2965 2963/2963 2962/2962
f 1426/1426 1428/1428 1550/1550
f 3080/3080 3081/3081 3086/3086
f 3885/3885 3887/3887 3883/3883
f 5026/5026 5021/5021 5023/5023
f 4728/4728 4750/4750 4729/4729
f 5279/5279 5272/5272 5298/5298
f 4557/4557 4550/4550 4551/4551
f 1399/1399 1400/1400 1398/1398
f 2231/2231 2232/2232 2233/2233
f 2437/2437 2429/2429 2436/2436
f 2996/2996 2995/2995 2994/2994
f 1427/1427 1429/1429 1428/1428
f 920/920 919/919 934/934
f 2903/2903 2917/2917 2918/2918
f 1605/1605 1604/1604 1571/1571
f 1575/1575 1576/1576 1577/1577
f 2868/2868 2863/2863 2867/2867
f 2118/2118 2122/2122 2117/2117
f 4729/4729 4750/4750 4733/4733
f 4733/4733 4754/4754 4760/4760
f 4551/4551 4550/4550 4545/4545
f 4742/4742 4760/4760 4601/4601
f 4556/4556 4561/4561 4557/4557
f 4079/4079 4081/4081 4086/4086
f 3004/3004 2995/2995 2996/2996
f 1434/1434 1429/1429 1425/1425
f 1425/1425 1429/1429 1427/1427
f 892/892 899/899 901/901
f 1569/1569 1571/1571 1568/1568
f 1568/1568 1575/1575 1577/1577
f 4244/4244 4236/4236 4245/4245
f 3885/3885 3883/3883 3881/3881
f 4709/4709 4723/4723 4728/4728
f 1784/1784 1788/1788 1787/1787
f 4733/4733 4760/4760 4732/4732
f 4732/4732 4760/4760 4742/4742
f 4579/4579 4566/4566 4565/4565
f 4566/4566 4561/4561 4565/4565
f 984/984 989/989 987/987
f 2231/2231 2233/2233 2235/2235
f 1398/1398 1400/1400 1417/1417
f 2965/2965 2962/2962 2977/2977
f 2997/2997 2996/2996 2994/2994
f 1438/1438 1434/1434 1425/1425
f 3423/3423 3419/3419 3424/3424
f 2863/2863 2864/2864 2865/2865
f 2116/2116 2118/2118 2117/2117
f 3888/3888 3885/3885 3881/3881
f 1785/1785 1784/1784 1787/1787
f 1784/1784 1785/1785 1786/1786
f 1794/1794 1797/1797 1796/1796
f 4742/4742 4601/4601 4580/4580
f 4581/4581 4580/4580 4579/4579
f 4565/4565 4561/4561 4556/4556
f 1398/1398 1417/1417 1395/1395
f 951/951 947/947 945/945
f 5435/5435 5503/5503 5502/5502
f 2584/2584 2549/2549 2548/2548
f 2866/2866 2863/2863 2865/2865
f 3883/3883 3884/3884 3882/3882
f 1832/1832 1831/1831 1788/1788
f 4546/4546 4544/4544 4545/4545
f 4556/4556 4557/4557 4551/4551
f 4742/4742 4580/4580 4581/4581
f 2030/2030 2028/2028 2027/2027
f 2412/2412 2408/2408 2410/2410
f 956/956 955/955 953/953
f 3095/3095 3102/3102 3086/3086
f 1605/1605 1571/1571 1569/1569
f 1568/1568 1577/1577 1578/1578
f 1565/1565 1568/1568 1578/1578
f 4720/4720 4721/4721 4698/4698
f 2867/2867 2863/2863 2866/2866
f 3894/3894 3888/3888 3886/3886
f 3886/3886 3888/3888 3881/3881
f 3879/3879 3881/3881 3883/3883
f 1790/1790 1785/1785 1794/1794
f 2031/2031 2028/2028 2030/2030
f 2030/2030 2027/2027 2052/2052
f 1393/1393 1398/1398 1395/1395
f 4026/4026 4030/4030 4028/4028
f 2997/2997 2965/2965 2979/2979
f 1426/1426 1427/1427 1428/1428
f 3423/3423 3417/3417 3419/3419
f 5435/5435 5502/5502 5436/5436
f 2919/2919 2903/2903 2918/2918
f 1569/1569 1568/1568 1567/1567
f 4698/4698 4712/4712 4720/4720
f 3879/3879 3883/3883 3882/3882
f 4728/4728 4729/4729 4708/4708
f 1786/1786 1785/1785 1790/1790
f 4545/4545 4544/4544 4542/4542
f 4542/4542 4544/4544 4543/4543
f 987/987 1013/1013 985/985
f 2045/2045 2049/2049 2031/2031
f 1399/1399 1398/1398 1397/1397
f 957/957 956/956 953/953
f 2978/2978 2965/2965 2977/2977
f 3074/3074 3076/3076 3075/3075
f 4697/4697 4712/4712 4698/4698
f 3660/3660 3630/3630 3659/3659
f 4710/4710 4722/4722 4723/4723
f 4710/4710 4723/4723 4709/4709
f 4709/4709 4728/4728 4708/4708
f 741/741 743/743 738/738
f 1725/1725 1730/1730 1734/1734
f 1393/1393 1395/1395 1392/1392
f 1392/1392 1395/1395 1391/1391
f 2979/2979 2965/2965 2978/2978
f 2998/2998 2996/2996 2997/2997
f 944/944 946/946 898/898
f 2908/2908 2904/2904 2909/2909
f 1790/1790 1794/1794 1796/1796
f 4581/4581 4579/4579 4570/4570
f 2259/2259 2260/2260 2261/2261
f 2839/2839 2823/2823 2818/2818
f 2236/2236 2231/2231 2235/2235
f 953/953 951/951 950/950
f 947/947 946/946 945/945
f 2121/2121 2116/2116 2114/2114
f 4698/4698 4721/4721 4722/4722
f 4698/4698 4722/4722 4710/4710
f 3886/3886 3881/3881 3878/3878
f 3878/3878 3881/3881 3879/3879
f 4556/4556 4551/4551 4552/4552
f 4560/4560 4565/4565 4556/4556
f 4570/4570 4579/4579 4565/4565
f 2032/2032 2031/2031 2030/2030
f 2030/2030 2052/2052 2053/2053
f 4096/4096 4082/4082 4083/4083
f 4079/4079 4086/4086 4085/4085
f 2980/2980 2979/2979 2978/2978
f 1437/1437 1438/1438 1425/1425
f 945/945 946/946 944/944
f 3069/3069 3080/3080 3086/3086
f 3630/3630 3629/3629 3631/3631
f 2114/2114 2116/2116 2115/2115
f 2116/2116 2117/2117 2115/2115
f 572/572 580/580 583/583
f 738/738 744/744 742/742
f 1804/1804 1832/1832 1788/1788
f 4730/4730 4733/4733 4732/4732
f 2261/2261 2260/2260 2262/2262
f 984/984 987/987 985/985
f 2818/2818 2823/2823 2822/2822
f 2236/2236 2235/2235 2237/2237
f 4083/4083 4082/4082 4079/4079
f 950/950 951/951 945/945
f 2998/2998 2997/2997 2999/2999
f 1425/1425 1427/1427 1426/1426
f 1564/1564 1565/1565 1563/1563
f 2869/2869 2867/2867 2866/2866
f 569/569 573/573 572/572
f 572/572 573/573 580/580
f 1804/1804 1788/1788 1784/1784
f 4560/4560 4556/4556 4552/4552
f 2838/2838 2839/2839 2818/2818
f 2822/2822 2831/2831 2829/2829
f 958/958 957/957 953/953
f 3000/3000 2998/2998 2999/2999
f 3418/3418 3454/3454 3419/3419
f 2869/2869 2866/2866 2870/2870
f 4730/4730 4729/4729 4733/4733
f 1795/1795 1790/1790 1796/1796
f 4095/4095 4096/4096 4083/4083
f 1389/1389 1393/1393 1392/1392
f 1391/1391 1549/1549 1390/1390
f 1048/1048 1051/1051 1049/1049
f 891/891 892/892 901/901
f 3878/3878 3879/3879 3875/3875
f 1802/1802 1832/1832 1804/1804
f 4542/4542 4543/4543 4539/4539
f 1392/1392 1391/1391 1388/1388
f 3001/3001 2998/2998 3000/3000
f 1424/1424 1437/1437 1425/1425
f 1422/1422 1425/1425 1426/1426
f 3453/3453 3454/3454 3418/3418
f 891/891 901/901 903/903
f 2910/2910 2908/2908 2909/2909
f 2586/2586 2584/2584 2546/2546
f 1570/1570 1567/1567 1609/1609
f 4698/4698 4710/4710 4699/4699
f 3875/3875 3879/3879 3880/3880
f 4672/4672 4708/4708 4729/4729
f 4730/4730 4732/4732 4731/4731
f 4670/4670 4742/4742 4581/4581
f 4570/4570 4565/4565 4560/4560
f 984/984 985/985 981/981
f 963/963 957/957 958/958
f 954/954 953/953 950/950
f 923/923 922/922 920/920
f 2919/2919 2918/2918 2920/2920
f 1583/1583 1605/1605 1569/1569
f 4697/4697 4698/4698 4683/4683
f 4683/4683 4698/4698 4682/4682
f 2112/2112 2121/2121 2114/2114
f 4710/4710 4709/4709 4674/4674
f 4672/4672 4729/4729 4730/4730
f 4732/4732 4742/4742 4670/4670
f 2035/2035 2045/2045 2032/2032
f 1723/1723 1734/1734 1720/1720
f 2030/2030 2053/2053 2033/2033
f 1389/1389 1392/1392 1388/1388
f 4079/4079 4085/4085 4084/4084
f 1424/1424 1425/1425 1422/1422
f 1563/1563 1565/1565 1578/1578
f 4682/4682 4698/4698 4699/4699
f 4709/4709 4708/4708 4671/4671
f 981/981 985/985 986/986
f 2033/2033 2053/2053 2057/2057
f 3069/3069 3075/3075 3080/3080
f 3091/3091 3086/3086 3102/3102
f 1609/1609 1564/1564 1560/1560
f 1560/1560 1564/1564 1563/1563
f 2113/2113 2114/2114 2115/2115
f 4699/4699 4710/4710 4674/4674
f 3878/3878 3875/3875 3877/3877
f 738/738 742/742 737/737
f 4672/4672 4730/4730 4731/4731
f 4545/4545 4542/4542 4538/4538
f 4731/4731 4732/4732 4670/4670
f 983/983 984/984 981/981
f 2032/2032 2030/2030 2033/2033
f 2421/2421 2413/2413 2415/2415
f 2980/2980 2978/2978 2981/2981
f 3001/3001 3000/3000 2985/2985
f 1439/1439 1437/1437 1424/1424
f 898/898 892/892 888/888
f 888/888 892/892 891/891
f 933/933 934/934 938/938
f 3069/3069 3086/3086 3091/3091
f 2586/2586 2546/2546 2558/2558
f 4671/4671 4674/4674 4709/4709
f 4538/4538 4542/4542 4539/4539
f 4672/4672 4731/4731 4669/4669
f 4669/4669 4731/4731 4670/4670
f 4670/4670 4581/4581 4582/4582
f 4582/4582 4581/4581 4570/4570
f 4560/4560 4552/4552 4553/4553
f 2048/2048 2045/2045 2035/2035
f 958/958 953/953 954/954
f 2982/2982 2980/2980 2981/2981
f 923/923 920/920 934/934
f 923/923 934/934 933/933
f 5432/5432 5435/5435 5436/5436
f 4691/4691 4697/4697 4683/4683
f 2112/2112 2114/2114 2113/2113
f 4233/4233 4238/4238 4229/4229
f 3875/3875 3880/3880 3876/3876
f 1802/1802 1804/1804 1784/1784
f 4671/4671 4708/4708 4672/4672
f 4671/4671 4672/4672 4669/4669
f 4549/4549 4552/4552 4545/4545
f 2849/2849 2850/2850 2838/2838
f 2849/2849 2838/2838 2841/2841
f 1069/1069 995/995 1001/1001
f 2821/2821 2822/2822 2829/2829
f 2033/2033 2057/2057 2047/2047
f 4083/4083 4079/4079 4084/4084
f 1387/1387 1389/1389 1388/1388
f 1388/1388 1391/1391 1390/1390
f 944/944 898/898 888/888
f 4824/4824 4697/4697 4691/4691
f 3831/3831 3833/3833 3834/3834
f 572/572 583/583 568/568
f 3890/3890 3878/3878 3877/3877
f 1791/1791 1790/1790 1795/1795
f 4553/4553 4552/4552 4549/4549
f 4570/4570 4560/4560 4564/4564
f 4564/4564 4560/4560 4553/4553
f 2821/2821 2818/2818 2822/2822
f 2240/2240 2236/2236 2237/2237
f 4095/4095 4083/4083 4091/4091
f 2032/2032 2033/2033 2034/2034
f 4091/4091 4083/4083 4089/4089
f 4089/4089 4083/4083 4084/4084
f 1388/1388 1390/1390 1386/1386
f 2985/2985 2980/2980 2982/2982
f 5432/5432 5434/5434 5435/5435
f 1583/1583 1569/1569 1570/1570
f 1559/1559 1560/1560 1558/1558
f 1558/1558 1560/1560 1563/1563
f 2887/2887 2869/2869 2870/2870
f 4682/4682 4699/4699 4677/4677
f 569/569 572/572 568/568
f 3874/3874 3875/3875 3876/3876
f 5288/5288 5286/5286 5287/5287
f 4570/4570 4571/4571 4582/4582
f 986/986 985/985 1021/1021
f 2240/2240 2237/2237 2242/2242
f 2242/2242 2237/2237 2250/2250
f 2035/2035 2032/2032 2034/2034
f 3002/3002 3001/3001 2985/2985
f 1439/1439 1424/1424 1421/1421
f 891/891 903/903 914/914
f 3659/3659 3632/3632 3658/3658
f 4677/4677 4699/4699 4674/4674
f 3874/3874 3877/3877 3875/3875
f 1784/1784 1786/1786 1789/1789
f 4547/4547 4549/4549 4545/4545
f 4545/4545 4538/4538 4547/4547
f 4667/4667 4669/4669 4670/4670
f 941/941 945/945 944/944
f 5426/5426 5434/5434 5432/5432
f 5432/5432 5436/5436 5428/5428
f 2921/2921 2919/2919 2920/2920
f 2586/2586 2558/2558 2563/2563
f 567/567 569/569 568/568
f 3890/3890 3877/3877 3874/3874
f 1802/1802 1784/1784 1789/1789
f 1786/1786 1790/1790 1791/1791
f 1814/1814 1791/1791 1795/1795
f 4667/4667 4670/4670 4582/4582
f 4571/4571 4570/4570 4564/4564
f 2841/2841 2838/2838 2817/2817
f 2817/2817 2838/2838 2818/2818
f 2236/2236 2240/2240 2243/2243
f 2048/2048 2035/2035 2043/2043
f 4089/4089 4084/4084 4090/4090
f 1387/1387 1388/1388 1386/1386
f 968/968 958/958 967/967
f 967/967 958/958 954/954
f 924/924 922/922 923/923
f 3074/3074 3075/3075 3071/3071
f 2537/2537 2544/2544 2575/2575
f 2588/2588 2586/2586 2563/2563
f 2112/2112 2113/2113 2111/2111
f 4671/4671 4669/4669 4668/4668
f 1792/1792 1789/1789 1786/1786
f 2821/2821 2829/2829 2828/2828
f 2243/2243 2240/2240 2242/2242
f 2242/2242 2250/2250 2251/2251
f 4099/4099 4091/4091 4092/4092
f 4092/4092 4091/4091 4089/4089
f 2034/2034 2033/2033 2047/2047
f 4092/4092 4089/4089 4090/4090
f 1382/1382 1387/1387 1386/1386
f 954/954 950/950 959/959
f 1421/1421 1424/1424 1422/1422
f 3071/3071 3075/3075 3069/3069
f 2110/2110 2112/2112 2111/2111
f 4674/4674 4671/4671 4673/4673
f 1835/1835 1802/1802 1803/1803
f 1803/1803 1802/1802 1789/1789
f 1792/1792 1786/1786 1791/1791
f 4662/4662 4668/4668 4669/4669
f 4547/4547 4538/4538 4540/4540
f 4667/4667 4582/4582 4583/4583
f 981/981 986/986 982/982
f 2036/2036 2043/2043 2035/2035
f 2422/2422 2415/2415 2417/2417
f 3003/3003 3002/3002 2984/2984
f 3005/3005 3002/3002 3003/3003
f 959/959 950/950 960/960
f 950/950 945/945 949/949
f 949/949 945/945 941/941
f 3453/3453 3421/3421 3425/3425
f 941/941 944/944 886/886
f 3099/3099 3091/3091 3102/3102
f 1585/1585 1609/1609 1559/1559
f 1558/1558 1563/1563 1566/1566
f 2692/2692 2689/2689 2688/2688
f 588/588 561/561 575/575
f 4564/4564 4553/4553 4554/4554
f 4554/4554 4553/4553 4549/4549
f 2827/2827 2821/2821 2828/2828
f 2249/2249 2243/2243 2242/2242
f 5407/5407 5406/5406 5405/5405
f 5406/5406 5404/5404 5405/5405
f 5405/5405 5404/5404 5403/5403
f 5404/5404 5401/5401 5403/5403
f 1386/1386 1390/1390 1385/1385
f 2438/2438 2431/2431 2424/2424
f 5403/5403 5401/5401 5402/5402
f 2984/2984 2982/2982 2983/2983
f 1418/1418 1439/1439 1421/1421
f 5416/5416 5400/5400 5401/5401
f 3428/3428 3453/3453 3425/3425
f 888/888 891/891 889/889
f 889/889 891/891 914/914
f 4691/4691 4683/4683 4690/4690
f 4683/4683 4682/4682 4680/4680
f 5494/5494 5496/5496 5495/5495
f 555/555 567/567 550/550
f 1805/1805 1803/1803 1789/1789
f 1812/1812 1789/1789 1792/1792
f 723/723 730/730 754/754
f 560/560 561/561 554/554
f 4662/4662 4669/4669 4664/4664
f 4583/4583 4582/4582 4571/4571
f 15/15 14/14 13/13
f 20/20 14/14 24/24
f 2038/2038 2034/2034 2047/2047
f 2036/2036 2035/2035 2034/2034
f 1382/1382 1386/1386 1385/1385
f 886/886 944/944 888/888
f 5426/5426 5432/5432 5428/5428
f 566/566 568/568 579/579
f 4673/4673 4671/4671 4668/4668
f 1812/1812 1805/1805 1789/1789
f 33/33 50/50 34/34
f 548/548 554/554 552/552
f 564/564 561/561 560/560
f 4538/4538 4535/4535 4534/4534
f 575/575 561/561 564/564
f 33/33 34/34 25/25
f 4664/4664 4669/4669 4667/4667
f 4568/4568 4564/4564 4554/4554
f 4583/4583 4571/4571 4568/4568
f 4571/4571 4564/4564 4568/4568
f 1244/1244 1237/1237 1238/1238
f 1382/1382 1385/1385 1383/1383
f 3003/3003 2984/2984 2988/2988
f 2988/2988 2984/2984 2983/2983
f 5402/5402 5401/5401 5397/5397
f 1421/1421 1422/1422 1420/1420
f 1420/1420 1422/1422 1423/1423
f 960/960 950/950 949/949
f 931/931 923/923 933/933
f 3070/3070 3074/3074 3071/3071
f 3071/3071 3069/3069 3068/3068
f 3102/3102 3109/3109 3108/3108
f 2921/2921 2920/2920 2930/2930
f 2109/2109 2110/2110 2111/2111
f 553/553 555/555 550/550
f 552/552 553/553 550/550
f 5086/5086 5088/5088 5087/5087
f 5085/5085 5086/5086 5087/5087
f 1792/1792 1791/1791 1793/1793
f 1228/1228 1231/1231 1204/1204
f 25/25 15/15 13/13
f 318/318 315/315 290/290
f 1233/1233 1228/1228 1218/1218
f 2817/2817 2818/2818 2816/2816
f 2816/2816 2818/2818 2821/2821
f 2821/2821 2827/2827 2826/2826
f 4136/4136 4133/4133 4137/4137
f 3005/3005 3003/3003 3009/3009
f 1418/1418 1421/1421 1420/1420
f 5401/5401 5400/5400 5397/5397
f 5397/5397 5400/5400 5399/5399
f 2387/2387 2384/2384 2388/2388
f 1584/1584 1570/1570 1585/1585
f 4690/4690 4683/4683 4680/4680
f 4680/4680 4682/4682 4677/4677
f 4680/4680 4677/4677 4676/4676
f 4677/4677 4674/4674 4676/4676
f 567/567 568/568 566/566
f 609/609 610/610 636/636
f 723/723 754/754 731/731
f 4534/4534 4533/4533 4536/4536
f 1812/1812 1792/1792 1793/1793
f 560/560 554/554 548/548
f 4763/4763 4667/4667 4583/4583
f 4568/4568 4554/4554 4573/4573
f 982/982 1021/1021 1027/1027
f 2816/2816 2821/2821 2826/2826
f 2826/2826 2827/2827 2847/2847
f 5407/5407 5405/5405 5408/5408
f 2037/2037 2043/2043 2036/2036
f 2038/2038 2047/2047 2046/2046
f 5405/5405 5403/5403 5411/5411
f 46/46 45/45 43/43
f 1383/1383 1385/1385 1394/1394
f 45/45 44/44 43/43
f 1603/1603 1583/1583 1584/1584
f 1583/1583 1570/1570 1584/1584
f 4673/4673 4676/4676 4674/4674
f 579/579 596/596 578/578
f 548/548 552/552 550/550
f 49/49 50/50 33/33
f 5292/5292 5294/5294 5293/5293
f 1830/1830 1812/1812 1793/1793
f 4058/4058 4059/4059 4050/4050
f 2036/2036 2034/2034 2037/2037
f 2037/2037 2034/2034 2038/2038
f 47/47 46/46 43/43
f 1394/1394 1418/1418 1396/1396
f 1383/1383 1394/1394 1396/1396
f 1419/1419 1418/1418 1420/1420
f 5397/5397 5399/5399 5398/5398
f 943/943 949/949 941/941
f 5494/5494 5495/5495 5493/5493
f 566/566 579/579 578/578
f 596/596 610/610 609/609
f 609/609 636/636 638/638
f 4673/4673 4668/4668 4661/4661
f 4534/4534 4536/4536 4537/4537
f 1793/1793 1791/1791 1798/1798
f 25/25 13/13 26/26
f 2038/2038 2046/2046 2040/2040
f 4144/4144 4139/4139 4143/4143
f 43/43 44/44 42/42
f 43/43 42/42 41/41
f 1585/1585 1559/1559 1556/1556
f 1556/1556 1559/1559 1558/1558
f 4259/4259 4253/4253 4251/4251
f 1830/1830 1793/1793 1807/1807
f 1807/1807 1793/1793 1798/1798
f 4665/4665 4667/4667 4763/4763
f 2816/2816 2826/2826 2840/2840
f 4049/4049 4058/4058 4050/4050
f 20/20 21/21 11/11
f 2050/2050 2043/2043 2041/2041
f 2041/2041 2043/2043 2037/2037
f 1716/1716 1717/1717 1718/1718
f 1544/1544 1382/1382 1384/1384
f 5418/5418 5408/5408 5417/5417
f 1382/1382 1383/1383 1384/1384
f 5408/5408 5411/5411 5417/5417
f 4143/4143 4139/4139 4138/4138
f 1384/1384 1383/1383 1396/1396
f 1419/1419 1420/1420 1436/1436
f 1420/1420 1423/1423 1436/1436
f 5397/5397 5398/5398 5395/5395
f 942/942 943/943 941/941
f 941/941 886/886 897/897
f 932/932 923/923 931/931
f 4540/4540 4534/4534 4537/4537
f 4663/4663 4662/4662 4664/4664
f 574/574 575/575 564/564
f 4588/4588 4547/4547 4540/4540
f 4665/4665 4664/4664 4667/4667
f 4549/4549 4547/4547 4574/4574
f 13/13 14/14 11/11
f 11/11 14/14 20/20
f 2041/2041 2037/2037 2039/2039
f 3016/3016 3017/3017 3018/3018
f 1384/1384 1396/1396 1532/1532
f 47/47 43/43 48/48
f 3515/3515 3517/3517 3516/3516
f 3915/3915 3920/3920 3916/3916
f 5396/5396 5397/5397 5395/5395
f 5395/5395 5398/5398 5413/5413
f 942/942 941/941 897/897
f 2538/2538 2537/2537 2575/2575
f 5427/5427 5426/5426 5428/5428
f 1556/1556 1558/1558 1557/1557
f 1557/1557 1558/1558 1566/1566
f 2119/2119 2110/2110 2109/2109
f 550/550 567/567 566/566
f 578/578 596/596 598/598
f 4541/4541 4540/4540 4537/4537
f 1807/1807 1833/1833 1830/1830
f 731/731 755/755 766/766
f 4574/4574 4547/4547 4588/4588
f 4573/4573 4549/4549 4574/4574
f 4554/4554 4549/4549 4573/4573
f 4585/4585 4568/4568 4573/4573
f 4583/4583 4568/4568 4585/4585
f 2039/2039 2037/2037 2038/2038
f 2039/2039 2038/2038 2040/2040
f 4138/4138 4139/4139 4140/4140
f 3466/3466 3468/3468 3461/3461
f 48/48 43/43 41/41
f 831/831 834/834 833/833
f 1875/1875 1870/1870 1874/1874
f 2961/2961 2935/2935 2959/2959
f 5492/5492 5494/5494 5493/5493
f 4676/4676 4673/4673 4678/4678
f 598/598 596/596 609/609
f 4661/4661 4662/4662 4663/4663
f 4663/4663 4664/4664 4665/4665
f 4763/4763 4583/4583 4592/4592
f 4592/4592 4583/4583 4591/4591
f 4591/4591 4583/4583 4585/4585
f 4049/4049 4050/4050 4051/4051
f 11/11 28/28 19/19
f 2624/2624 2631/2631 2630/2630
f 3598/3598 3599/3599 3601/3601
f 4142/4142 4140/4140 4148/4148
f 40/40 41/41 39/39
f 1447/1447 1419/1419 1436/1436
f 897/897 886/886 885/885
f 1610/1610 1613/1613 1603/1603
f 549/549 548/548 550/550
f 49/49 33/33 32/32
f 4668/4668 4662/4662 4661/4661
f 1246/1246 1216/1216 1215/1215
f 13/13 11/11 4/4
f 2039/2039 2040/2040 2055/2055
f 1531/1531 1544/1544 1384/1384
f 4141/4141 4138/4138 4140/4140
f 2624/2624 2630/2630 2625/2625
f 1507/1507 1384/1384 1532/1532
f 3597/3597 3600/3600 3599/3599
f 3130/3130 3137/3137 3136/3136
f 36/36 39/39 38/38
f 1447/1447 1436/1436 1448/1448
f 3187/3187 3194/3194 3186/3186
f 3194/3194 3195/3195 3188/3188
f 3183/3183 3188/3188 3189/3189
f 3183/3183 3189/3189 3185/3185
f 4700/4700 4690/4690 4681/4681
f 4690/4690 4680/4680 4681/4681
f 550/550 566/566 565/565
f 1834/1834 1833/1833 1807/1807
f 563/563 564/564 560/560
f 4588/4588 4541/4541 4652/4652
f 4590/4590 4588/4588 4652/4652
f 1810/1810 1807/1807 1798/1798
f 4574/4574 4588/4588 4590/4590
f 4666/4666 4665/4665 4763/4763
f 4585/4585 4573/4573 4586/4586
f 2841/2841 2817/2817 2814/2814
f 2063/2063 2041/2041 2039/2039
f 2063/2063 2039/2039 2055/2055
f 2060/2060 2050/2050 2059/2059
f 2050/2050 2041/2041 2058/2058
f 1531/1531 1384/1384 1506/1506
f 1506/1506 1384/1384 1507/1507
f 4141/4141 4140/4140 4142/4142
f 4142/4142 4148/4148 4149/4149
f 3130/3130 3136/3136 3129/3129
f 3224/3224 3231/3231 3229/3229
f 1449/1449 1447/1447 1448/1448
f 3186/3186 3194/3194 3188/3188
f 3180/3180 3188/3188 3183/3183
f 847/847 846/846 841/841
f 841/841 846/846 844/844
f 841/841 844/844 842/842
f 842/842 844/844 849/849
f 886/886 888/888 887/887
f 888/888 889/889 887/887
f 1586/1586 1584/1584 1585/1585
f 4692/4692 4691/4691 4690/4690
f 551/551 550/550 565/565
f 549/549 550/550 551/551
f 558/558 560/560 548/548
f 4541/4541 4537/4537 4595/4595
f 1834/1834 1807/1807 1811/1811
f 1811/1811 1807/1807 1810/1810
f 4587/4587 4574/4574 4590/4590
f 4573/4573 4574/4574 4587/4587
f 999/999 1001/1001 983/983
f 2817/2817 2816/2816 2814/2814
f 2059/2059 2050/2050 2058/2058
f 2623/2623 2624/2624 2625/2625
f 3592/3592 3597/3597 3599/3599
f 3592/3592 3599/3599 3598/3598
f 63/63 40/40 36/36
f 831/831 833/833 832/832
f 832/832 833/833 837/837
f 3186/3186 3188/3188 3180/3180
f 842/842 849/849 852/852
f 885/885 886/886 887/887
f 2588/2588 2563/2563 2592/2592
f 4692/4692 4690/4690 4701/4701
f 4673/4673 4661/4661 4675/4675
f 4596/4596 4541/4541 4595/4595
f 4652/4652 4541/4541 4596/4596
f 4586/4586 4573/4573 4587/4587
f 1223/1223 1246/1246 1215/1215
f 4052/4052 4049/4049 4051/4051
f 2623/2623 2625/2625 2626/2626
f 1506/1506 1507/1507 1505/1505
f 3591/3591 3597/3597 3592/3592
f 3592/3592 3598/3598 3595/3595
f 5225/5225 5226/5226 5227/5227
f 3128/3128 3130/3130 3129/3129
f 838/838 839/839 831/831
f 1450/1450 1449/1449 1448/1448
f 5394/5394 5396/5396 5395/5395
f 3182/3182 3187/3187 3186/3186
f 3184/3184 3183/3183 3185/3185
f 896/896 885/885 887/887
f 2737/2737 2734/2734 2733/2733
f 4681/4681 4680/4680 4679/4679
f 4679/4679 4680/4680 4676/4676
f 4678/4678 4673/4673 4675/4675
f 547/547 548/548 549/549
f 584/584 575/575 574/574
f 4666/4666 4763/4763 4592/4592
f 26/26 13/13 16/16
f 1508/1508 1538/1538 1531/1531
f 1508/1508 1531/1531 1506/1506
f 11/11 19/19 18/18
f 18/18 19/19 30/30
f 4145/4145 4141/4141 4142/4142
f 2627/2627 2624/2624 2623/2623
f 2627/2627 2623/2623 2626/2626
f 3127/3127 3128/3128 3129/3129
f 830/830 838/838 831/831
f 3228/3228 3224/3224 3229/3229
f 36/36 38/38 37/37
f 5394/5394 5395/5395 5391/5391
f 1454/1454 1448/1448 1498/1498
f 3186/3186 3180/3180 3182/3182
f 841/841 842/842 843/843
f 5425/5425 5426/5426 5427/5427
f 4701/4701 4690/4690 4700/4700
f 5492/5492 5493/5493 5491/5491
f 598/598 609/609 607/607
f 722/722 731/731 766/766
f 1811/1811 1810/1810 1820/1820
f 4663/4663 4665/4665 4666/4666
f 764/764 759/759 761/761
f 982/982 1027/1027 1025/1025
f 2848/2848 2849/2849 2841/2841
f 4056/4056 4049/4049 4052/4052
f 4052/4052 4051/4051 4053/4053
f 1511/1511 1538/1538 1508/1508
f 1503/1503 1508/1508 1506/1506
f 3593/3593 3592/3592 3595/3595
f 4145/4145 4142/4142 4146/4146
f 2627/2627 2626/2626 2628/2628
f 3135/3135 3128/3128 3134/3134
f 830/830 831/831 832/832
f 3224/3224 3225/3225 3226/3226
f 3180/3180 3183/3183 3181/3181
f 3181/3181 3183/3183 3184/3184
f 851/851 841/841 845/845
f 3093/3093 3091/3091 3099/3099
f 5427/5427 5428/5428 5429/5429
f 5490/5490 5492/5492 5491/5491
f 4679/4679 4676/4676 4678/4678
f 2120/2120 2119/2119 2109/2109
f 1511/1511 1508/1508 1509/1509
f 10/10 11/11 18/18
f 4147/4147 4145/4145 4146/4146
f 2629/2629 2627/2627 2628/2628
f 3591/3591 3592/3592 3593/3593
f 3594/3594 3591/3591 3593/3593
f 3131/3131 3134/3134 3128/3128
f 3128/3128 3127/3127 3131/3131
f 3131/3131 3127/3127 3132/3132
f 35/35 36/36 37/37
f 1470/1470 1450/1450 1451/1451
f 1451/1451 1450/1450 1448/1448
f 1448/1448 1454/1454 1453/1453
f 3182/3182 3180/3180 3179/3179
f 3179/3179 3180/3180 3181/3181
f 3359/3359 3363/3363 3360/3360
f 574/574 564/564 563/563
f 32/32 33/33 25/25
f 4594/4594 4587/4587 4590/4590
f 2810/2810 2841/2841 2814/2814
f 2814/2814 2816/2816 2812/2812
f 1509/1509 1508/1508 1503/1503
f 1506/1506 1505/1505 1503/1503
f 1503/1503 1505/1505 1504/1504
f 3596/3596 3593/3593 3595/3595
f 18/18 30/30 27/27
f 2104/2104 2107/2107 2102/2102
f 2107/2107 2108/2108 2102/2102
f 3469/3469 3470/3470 3471/3471
f 3469/3469 3471/3471 3475/3475
f 3471/3471 3476/3476 3475/3475
f 3477/3477 3475/3475 3476/3476
f 830/830 832/832 835/835
f 3469/3469 3475/3475 3479/3479
f 3479/3479 3475/3475 3480/3480
f 3480/3480 3475/3475 3478/3478
f 3478/3478 3475/3475 3477/3477
f 5393/5393 5394/5394 5391/5391
f 1452/1452 1448/1448 1453/1453
f 845/845 841/841 843/843
f 890/890 889/889 912/912
f 930/930 932/932 931/931
f 3069/3069 3091/3091 3093/3093
f 558/558 548/548 547/547
f 4586/4586 4587/4587 4593/4593
f 4599/4599 4591/4591 4585/4585
f 4057/4057 4056/4056 4052/4052
f 4052/4052 4053/4053 4054/4054
f 1519/1519 1511/1511 1509/1509
f 2061/2061 2060/2060 2059/2059
f 2061/2061 2059/2059 2062/2062
f 1503/1503 1504/1504 1474/1474
f 3817/3817 3816/3816 3813/3813
f 3472/3472 3473/3473 3470/3470
f 3472/3472 3470/3470 3469/3469
f 3469/3469 3479/3479 3474/3474
f 2617/2617 2618/2618 2616/2616
f 836/836 835/835 832/832
f 31/31 36/36 35/35
f 1451/1451 1448/1448 1452/1452
f 3191/3191 3182/3182 3179/3179
f 3179/3179 3181/3181 3190/3190
f 3181/3181 3184/3184 3190/3190
f 887/887 889/889 890/890
f 565/565 566/566 578/578
f 4593/4593 4587/4587 4594/4594
f 4597/4597 4586/4586 4593/4593
f 4599/4599 4585/4585 4598/4598
f 4598/4598 4585/4585 4586/4586
f 4598/4598 4586/4586 4597/4597
f 977/977 982/982 1025/1025
f 3732/3732 3746/3746 3729/3729
f 1519/1519 1509/1509 1512/1512
f 1512/1512 1509/1509 1510/1510
f 1509/1509 1503/1503 1510/1510
f 3812/3812 3816/3816 3815/3815
f 3812/3812 3813/3813 3816/3816
f 2104/2104 2102/2102 2101/2101
f 2101/2101 2102/2102 2103/2103
f 2106/2106 2103/2103 2102/2102
f 3472/3472 3469/3469 3474/3474
f 2619/2619 2620/2620 2618/2618
f 2617/2617 2619/2619 2618/2618
f 3141/3141 3145/3145 3139/3139
f 3139/3139 3145/3145 3146/3146
f 23/23 31/31 35/35
f 1451/1451 1471/1471 1470/1470
f 3139/3139 3146/3146 3144/3144
f 5389/5389 5393/5393 5391/5391
f 3182/3182 3191/3191 3192/3192
f 3191/3191 3179/3179 3193/3193
f 3193/3193 3179/3179 3190/3190
f 1454/1454 1498/1498 1467/1467
f 848/848 845/845 843/843
f 1498/1498 1500/1500 1467/1467
f 2724/2724 2716/2716 2726/2726
f 2726/2726 2716/2716 2723/2723
f 3070/3070 3071/3071 3066/3066
f 3067/3067 3068/3068 3069/3069
f 5425/5425 5427/5427 5433/5433
f 5489/5489 5490/5490 5491/5491
f 4678/4678 4675/4675 4685/4685
f 4596/4596 4595/4595 4610/4610
f 4610/4610 4595/4595 4657/4657
f 4610/4610 4657/4657 4658/4658
f 4658/4658 4657/4657 4660/4660
f 2522/2522 2529/2529 2514/2514
f 4686/4686 4661/4661 4663/4663
f 32/32 25/25 26/26
f 4599/4599 4592/4592 4591/4591
f 4057/4057 4052/4052 4055/4055
f 4055/4055 4052/4052 4054/4054
f 4/4 11/11 10/10
f 1510/1510 1503/1503 1521/1521
f 1685/1685 1684/1684 1674/1674
f 1674/1674 1684/1684 1679/1679
f 1521/1521 1503/1503 1480/1480
f 1503/1503 1474/1474 1480/1480
f 3812/3812 3815/3815 3814/3814
f 27/27 29/29 22/22
f 1480/1480 1474/1474 1472/1472
f 1472/1472 1474/1474 1473/1473
f 3813/3813 3812/3812 3811/3811
f 2105/2105 2101/2101 2103/2103
f 3810/3810 3811/3811 3812/3812
f 3812/3812 3814/3814 3810/3810
f 22/22 29/29 23/23
f 2106/2106 2105/2105 2103/2103
f 29/29 31/31 23/23
f 3811/3811 3810/3810 3819/3819
f 3820/3820 3811/3811 3819/3819
f 3819/3819 3810/3810 3818/3818
f 1472/1472 1471/1471 1451/1451
f 5389/5389 5391/5391 5390/5390
f 5390/5390 5391/5391 5392/5392
f 1452/1452 1453/1453 1455/1455
f 1453/1453 1454/1454 1455/1455
f 2730/2730 2729/2729 2717/2717
f 845/845 848/848 850/850
f 1455/1455 1454/1454 1457/1457
f 1454/1454 1467/1467 1457/1457
f 2724/2724 2720/2720 2716/2716
f 2723/2723 2716/2716 2722/2722
f 2725/2725 2722/2722 2727/2727
f 1467/1467 1500/1500 1477/1477
f 930/930 931/931 929/929
f 5433/5433 5427/5427 5430/5430
f 5427/5427 5429/5429 5430/5430
f 1603/1603 1584/1584 1586/1586
f 4688/4688 4678/4678 4685/4685
f 595/595 578/578 598/598
f 4590/4590 4652/4652 4600/4600
f 581/581 584/584 574/574
f 981/981 982/982 977/977
f 979/979 981/981 977/977
f 2848/2848 2841/2841 2810/2810
f 12/12 16/16 13/13
f 12/12 13/13 4/4
f 1514/1514 1547/1547 1519/1519
f 1514/1514 1519/1519 1512/1512
f 1684/1684 1700/1700 1679/1679
f 1679/1679 1700/1700 1698/1698
f 1528/1528 1510/1510 1521/1521
f 18/18 27/27 22/22
f 1472/1472 1473/1473 1471/1471
f 3818/3818 3810/3810 3814/3814
f 4181/4181 4184/4184 4182/4182
f 5409/5409 5410/5410 5393/5393
f 4181/4181 4182/4182 4183/4183
f 5051/5051 5048/5048 5047/5047
f 5422/5422 5423/5423 5424/5424
f 5419/5419 5392/5392 5420/5420
f 2717/2717 2729/2729 2719/2719
f 2729/2729 2731/2731 2719/2719
f 2720/2720 2721/2721 2717/2717
f 2720/2720 2717/2717 2716/2716
f 2716/2716 2717/2717 2718/2718
f 2717/2717 2719/2719 2718/2718
f 5170/5170 5171/5171 5166/5166
f 2716/2716 2718/2718 2722/2722
f 5171/5171 5172/5172 5166/5166
f 5166/5166 5172/5172 5196/5196
f 3067/3067 3069/3069 3093/3093
f 4679/4679 4678/4678 4688/4688
f 4261/4261 4260/4260 4248/4248
f 565/565 578/578 577/577
f 4685/4685 4675/4675 4684/4684
f 4130/4130 4128/4128 4123/4123
f 4594/4594 4590/4590 4600/4600
f 4764/4764 4666/4666 4592/4592
f 4764/4764 4592/4592 4599/4599
f 5098/5098 5096/5096 5095/5095
f 5095/5095 5096/5096 5097/5097
f 5059/5059 5062/5062 5061/5061
f 1681/1681 1683/1683 1682/1682
f 5060/5060 5059/5059 5061/5061
f 1680/1680 1681/1681 1682/1682
f 1674/1674 1679/1679 1678/1678
f 1678/1678 1679/1679 1680/1680
f 7/7 18/18 22/22
f 1674/1674 1678/1678 1676/1676
f 5409/5409 5393/5393 5389/5389
f 5048/5048 5046/5046 5047/5047
f 5042/5042 5043/5043 5044/5044
f 5045/5045 5046/5046 5042/5042
f 5045/5045 5042/5042 5044/5044
f 1952/1952 1953/1953 1951/1951
f 1951/1951 1953/1953 1960/1960
f 1959/1959 1951/1951 1960/1960
f 2485/2485 2447/2447 2484/2484
f 2559/2559 2563/2563 2573/2573
f 1585/1585 1556/1556 1555/1555
f 1555/1555 1556/1556 1557/1557
f 4681/4681 4679/4679 4687/4687
f 551/551 565/565 570/570
f 549/549 551/551 557/557
f 637/637 609/609 638/638
f 4684/4684 4675/4675 4661/4661
f 4684/4684 4661/4661 4686/4686
f 4610/4610 4658/4658 4659/4659
f 4600/4600 4596/4596 4610/4610
f 4663/4663 4666/4666 4695/4695
f 4695/4695 4666/4666 4696/4696
f 4696/4696 4666/4666 4764/4764
f 1514/1514 1540/1540 1547/1547
f 1700/1700 1696/1696 1698/1698
f 1681/1681 1701/1701 1683/1683
f 5058/5058 5062/5062 5059/5059
f 5058/5058 5059/5059 5060/5060
f 1480/1480 1472/1472 1481/1481
f 1674/1674 1676/1676 1675/1675
f 1673/1673 1674/1674 1675/1675
f 22/22 23/23 9/9
f 4155/4155 4162/4162 4158/4158
f 1673/1673 1675/1675 1677/1677
f 5050/5050 5049/5049 5048/5048
f 5048/5048 5049/5049 5046/5046
f 1964/1964 1965/1965 1952/1952
f 5412/5412 5390/5390 5392/5392
f 1958/1958 1959/1959 1960/1960
f 1456/1456 1452/1452 1455/1455
f 5419/5419 5412/5412 5392/5392
f 1456/1456 1455/1455 1458/1458
f 5174/5174 5170/5170 5168/5168
f 5168/5168 5170/5170 5166/5166
f 2741/2741 2740/2740 2739/2739
f 3072/3072 3070/3070 3066/3066
f 3098/3098 3102/3102 3108/3108
f 1610/1610 1603/1603 1588/1588
f 1588/1588 1603/1603 1586/1586
f 1586/1586 1585/1585 1587/1587
f 1587/1587 1585/1585 1555/1555
f 4702/4702 4692/4692 4701/4701
f 4687/4687 4679/4679 4688/4688
f 4262/4262 4260/4260 4261/4261
f 571/571 565/565 577/577
f 571/571 570/570 565/565
f 595/595 598/598 607/607
f 549/549 557/557 556/556
f 558/558 547/547 559/559
f 4600/4600 4610/4610 4650/4650
f 4593/4593 4594/4594 4602/4602
f 4606/4606 4597/4597 4593/4593
f 1515/1515 1540/1540 1514/1514
f 1514/1514 1512/1512 1513/1513
f 1513/1513 1512/1512 1510/1510
f 5100/5100 5095/5095 5097/5097
f 5098/5098 5095/5095 5100/5100
f 1527/1527 1510/1510 1528/1528
f 1709/1709 1710/1710 1701/1701
f 1698/1698 1694/1694 1681/1681
f 1681/1681 1694/1694 1701/1701
f 1521/1521 1529/1529 1528/1528
f 4833/4833 4834/4834 4835/4835
f 97/97 18/18 7/7
f 5213/5213 5210/5210 5214/5214
f 7/7 22/22 9/9
f 5414/5414 5409/5409 5389/5389
f 5387/5387 5390/5390 5412/5412
f 1964/1964 1952/1952 1947/1947
f 5176/5176 5174/5174 5168/5168
f 1467/1467 1477/1477 1460/1460
f 1477/1477 1499/1499 1460/1460
f 3066/3066 3071/3071 3068/3068
f 607/607 609/609 637/637
f 2520/2520 2521/2521 2519/2519
f 2521/2521 2522/2522 2519/2519
f 2519/2519 2522/2522 2514/2514
f 4602/4602 4594/4594 4600/4600
f 4603/4603 4599/4599 4598/4598
f 1515/1515 1514/1514 1513/1513
f 1513/1513 1510/1510 1527/1527
f 5100/5100 5099/5099 5101/5101
f 5102/5102 5100/5100 5101/5101
f 1698/1698 1696/1696 1694/1694
f 4/4 10/10 5/5
f 1277/1277 1279/1279 1296/1296
f 1481/1481 1472/1472 1483/1483
f 5175/5175 5176/5176 5168/5168
f 1952/1952 1951/1951 1947/1947
f 1458/1458 1455/1455 1457/1457
f 1457/1457 1467/1467 1460/1460
f 3099/3099 3102/3102 3098/3098
f 1766/1766 1759/1759 1768/1768
f 1759/1759 1767/1767 1768/1768
f 5430/5430 5429/5429 5431/5431
f 4701/4701 4700/4700 4689/4689
f 2374/2374 2375/2375 2372/2372
f 577/577 578/578 595/595
f 570/570 571/571 586/586
f 780/780 767/767 768/768
f 4649/4649 4600/4600 4650/4650
f 4686/4686 4663/4663 4695/4695
f 576/576 574/574 563/563
f 769/769 768/768 763/763
f 4764/4764 4599/4599 4603/4603
f 302/302 292/292 293/293
f 16/16 12/12 17/17
f 2819/2819 2815/2815 2820/2820
f 2819/2819 2820/2820 2834/2834
f 2834/2834 2836/2836 2835/2835
f 1294/1294 1296/1296 1303/1303
f 1482/1482 1480/1480 1481/1481
f 1483/1483 1472/1472 1484/1484
f 5387/5387 5389/5389 5390/5390
f 1947/1947 1951/1951 1945/1945
f 1945/1945 1951/1951 1959/1959
f 1945/1945 1959/1959 1958/1958
f 1456/1456 1458/1458 1475/1475
f 1458/1458 1457/1457 1459/1459
f 893/893 887/887 890/890
f 1459/1459 1457/1457 1460/1460
f 927/927 930/930 929/929
f 1460/1460 1499/1499 1478/1478
f 2489/2489 2484/2484 2445/2445
f 3302/3302 3312/3312 3306/3306
f 2540/2540 2538/2538 2607/2607
f 4700/4700 4681/4681 4689/4689
f 4689/4689 4681/4681 4687/4687
f 4687/4687 4688/4688 4705/4705
f 4705/4705 4688/4688 4704/4704
f 600/600 586/586 571/571
f 2376/2376 2375/2375 2374/2374
f 2376/2376 2374/2374 2373/2373
f 51/51 49/49 32/32
f 2518/2518 2520/2520 2519/2519
f 562/562 563/563 558/558
f 4614/4614 4600/4600 4649/4649
f 4602/4602 4600/4600 4614/4614
f 4606/4606 4593/4593 4602/4602
f 978/978 977/977 1025/1025
f 976/976 979/979 977/977
f 1533/1533 1513/1513 1527/1527
f 2815/2815 2819/2819 2797/2797
f 2819/2819 2834/2834 2835/2835
f 2835/2835 2836/2836 2837/2837
f 1277/1277 1296/1296 1294/1294
f 7/7 9/9 8/8
f 5415/5415 5389/5389 5388/5388
f 5387/5387 5388/5388 5389/5389
f 5181/5181 5175/5175 5168/5168
f 5163/5163 5168/5168 5166/5166
f 1964/1964 1947/1947 1961/1961
f 1966/1966 1964/1964 1961/1961
f 1945/1945 1958/1958 1946/1946
f 1958/1958 1957/1957 1946/1946
f 5198/5198 5166/5166 5196/5196
f 3066/3066 3068/3068 3067/3067
f 1611/1611 1610/1610 1588/1588
f 1534/1534 1520/1520 1524/1524
f 4688/4688 4685/4685 4704/4704
f 2373/2373 2374/2374 2372/2372
f 551/551 570/570 582/582
f 582/582 570/570 586/586
f 2373/2373 2372/2372 2371/2371
f 599/599 600/600 601/601
f 547/547 549/549 556/556
f 1518/1518 1520/1520 1515/1515
f 562/562 558/558 559/559
f 581/581 574/574 576/576
f 576/576 563/563 562/562
f 26/26 16/16 17/17
f 1517/1517 1515/1515 1516/1516
f 1513/1513 1516/1516 1515/1515
f 1695/1695 1686/1686 1688/1688
f 1701/1701 1694/1694 1699/1699
f 1701/1701 1699/1699 1709/1709
f 1699/1699 1708/1708 1709/1709
f 2812/2812 2815/2815 2797/2797
f 1695/1695 1688/1688 1694/1694
f 2842/2842 2819/2819 2835/2835
f 4/4 5/5 6/6
f 5/5 7/7 6/6
f 7/7 8/8 6/6
f 5415/5415 5421/5421 5414/5414
f 5415/5415 5414/5414 5389/5389
f 894/894 887/887 893/893
f 1475/1475 1458/1458 1459/1459
f 1459/1459 1460/1460 1461/1461
f 1461/1461 1460/1460 1462/1462
f 1460/1460 1478/1478 1462/1462
f 2489/2489 2445/2445 2490/2490
f 3579/3579 3580/3580 3576/3576
f 3583/3583 3580/3580 3582/3582
f 3577/3577 3576/3576 3589/3589
f 3577/3577 3589/3589 3590/3590
f 5079/5079 5081/5081 5077/5077
f 3932/3932 3930/3930 3931/3931
f 3931/3931 3930/3930 3927/3927
f 3927/3927 3930/3930 3929/3929
f 3928/3928 3929/3929 3933/3933
f 1555/1555 1557/1557 1561/1561
f 2371/2371 2372/2372 2367/2367
f 2371/2371 2367/2367 2368/2368
f 599/599 601/601 602/602
f 1524/1524 1520/1520 1518/1518
f 810/810 822/822 817/817
f 1518/1518 1515/1515 1517/1517
f 2519/2519 2514/2514 2512/2512
f 4614/4614 4649/4649 4636/4636
f 2512/2512 2514/2514 2513/2513
f 4462/4462 4463/4463 4464/4464
f 4465/4465 4462/4462 4464/4464
f 4706/4706 4695/4695 4696/4696
f 1533/1533 1516/1516 1513/1513
f 2813/2813 2814/2814 2812/2812
f 1688/1688 1687/1687 1694/1694
f 1694/1694 1687/1687 1699/1699
f 2813/2813 2812/2812 2796/2796
f 2819/2819 2842/2842 2845/2845
f 5197/5197 5192/5192 5187/5187
f 5187/5187 5192/5192 5184/5184
f 2379/2379 2380/2380 2377/2377
f 5210/5210 5213/5213 5211/5211
f 2356/2356 2369/2369 2378/2378
f 6/6 8/8 52/52
f 2369/2369 2356/2356 2357/2357
f 5193/5193 5191/5191 5182/5182
f 5182/5182 5191/5191 5190/5190
f 5163/5163 5166/5166 5165/5165
f 1961/1961 1947/1947 1944/1944
f 1947/1947 1945/1945 1944/1944
f 1944/1944 1945/1945 1946/1946
f 3247/3247 3248/3248 3244/3244
f 1462/1462 1478/1478 1479/1479
f 3579/3579 3576/3576 3575/3575
f 3575/3575 3576/3576 3577/3577
f 3927/3927 3929/3929 3928/3928
f 4702/4702 4701/4701 4689/4689
f 5490/5490 5489/5489 5487/5487
f 1526/1526 1534/1534 1524/1524
f 2367/2367 2370/2370 2365/2365
f 4970/4970 4976/4976 4975/4975
f 4970/4970 4975/4975 4971/4971
f 4973/4973 4974/4974 4970/4970
f 4973/4973 4970/4970 4972/4972
f 4970/4970 4971/4971 4972/4972
f 3558/3558 3572/3572 3565/3565
f 2518/2518 2519/2519 2512/2512
f 4444/4444 4448/4448 4449/4449
f 4447/4447 4443/4443 4446/4446
f 4443/4443 4444/4444 4445/4445
f 4446/4446 4443/4443 4445/4445
f 1707/1707 1712/1712 1708/1708
f 1707/1707 1708/1708 1699/1699
f 2352/2352 2359/2359 2353/2353
f 2797/2797 2819/2819 2845/2845
f 2351/2351 2352/2352 2353/2353
f 2798/2798 2845/2845 2846/2846
f 2845/2845 2842/2842 2846/2846
f 1175/1175 1199/1199 1176/1176
f 4112/4112 4118/4118 4111/4111
f 2354/2354 2351/2351 2353/2353
f 2354/2354 2353/2353 2355/2355
f 2379/2379 2377/2377 2356/2356
f 2356/2356 2354/2354 2355/2355
f 2357/2357 2356/2356 2355/2355
f 2379/2379 2356/2356 2378/2378
f 2357/2357 2355/2355 2358/2358
f 5110/5110 5109/5109 5120/5120
f 5120/5120 5109/5109 5114/5114
f 5107/5107 5109/5109 5110/5110
f 52/52 8/8 53/53
f 5182/5182 5185/5185 5193/5193
f 53/53 8/8 54/54
f 5182/5182 5190/5190 5181/5181
f 1962/1962 1961/1961 1944/1944
f 893/893 890/890 912/912
f 1946/1946 1957/1957 1949/1949
f 1475/1475 1459/1459 1476/1476
f 1459/1459 1461/1461 1463/1463
f 4969/4969 4966/4966 4965/4965
f 4962/4962 4969/4969 4965/4965
f 4965/4965 4966/4966 4964/4964
f 4963/4963 4965/4965 4964/4964
f 4962/4962 4965/4965 4963/4963
f 2345/2345 2326/2326 2335/2335
f 4262/4262 4261/4261 4247/4247
f 4261/4261 4248/4248 4247/4247
f 1524/1524 1518/1518 1523/1523
f 587/587 586/586 589/589
f 746/746 749/749 822/822
f 822/822 749/749 750/750
f 2366/2366 2367/2367 2365/2365
f 2366/2366 2365/2365 2362/2362
f 4685/4685 4684/4684 4707/4707
f 3574/3574 3569/3569 3565/3565
f 2362/2362 2365/2365 2363/2363
f 2362/2362 2363/2363 2361/2361
f 1518/1518 1517/1517 1522/1522
f 2361/2361 2363/2363 2364/2364
f 1517/1517 1516/1516 1522/1522
f 4606/4606 4602/4602 4607/4607
f 344/344 302/302 343/343
f 2361/2361 2364/2364 2360/2360
f 4696/4696 4764/4764 4719/4719
f 4764/4764 4603/4603 4719/4719
f 4604/4604 4598/4598 4597/4597
f 2352/2352 2361/2361 2360/2360
f 1686/1686 1689/1689 1687/1687
f 1699/1699 1687/1687 1707/1707
f 976/976 977/977 978/978
f 2796/2796 2812/2812 2797/2797
f 1949/1949 1957/1957 1956/1956
f 1476/1476 1459/1459 1463/1463
f 1463/1463 1461/1461 1462/1462
f 2490/2490 2452/2452 2491/2491
f 3093/3093 3098/3098 3097/3097
f 3585/3585 3582/3582 3581/3581
f 3581/3581 3582/3582 3579/3579
f 3257/3257 3258/3258 3253/3253
f 3257/3257 3253/3253 3252/3252
f 5077/5077 5083/5083 5076/5076
f 4964/4964 4967/4967 4968/4968
f 3252/3252 3253/3253 3254/3254
f 3254/3254 3253/3253 3255/3255
f 5433/5433 5430/5430 5431/5431
f 2345/2345 2335/2335 2342/2342
f 4960/4960 4962/4962 4961/4961
f 4962/4962 4963/4963 4961/4961
f 4507/4507 4505/4505 4503/4503
f 2605/2605 2592/2592 2559/2559
f 4001/4001 3999/3999 3998/3998
f 3928/3928 3934/3934 3926/3926
f 4687/4687 4705/4705 4694/4694
f 1526/1526 1524/1524 1525/1525
f 1523/1523 1518/1518 1522/1522
f 4693/4693 4695/4695 4706/4706
f 1707/1707 1711/1711 1712/1712
f 4605/4605 4597/4597 4606/4606
f 4719/4719 4603/4603 4611/4611
f 4604/4604 4603/4603 4598/4598
f 978/978 1025/1025 1028/1028
f 1028/1028 1025/1025 1031/1031
f 2843/2843 2848/2848 2810/2810
f 2814/2814 2813/2813 2810/2810
f 55/55 53/53 54/54
f 5015/5015 5005/5005 5008/5008
f 1944/1944 1946/1946 1948/1948
f 1948/1948 1946/1946 1949/1949
f 1463/1463 1462/1462 1464/1464
f 1464/1464 1462/1462 1465/1465
f 1462/1462 1479/1479 1468/1468
f 1465/1465 1462/1462 1468/1468
f 3581/3581 3579/3579 3575/3575
f 3575/3575 3577/3577 3578/3578
f 3586/3586 3585/3585 3581/3581
f 3577/3577 3590/3590 3578/3578
f 5082/5082 5079/5079 5080/5080
f 5075/5075 5079/5079 5077/5077
f 4961/4961 4964/4964 4968/4968
f 4503/4503 4505/4505 4502/4502
f 2605/2605 2559/2559 2560/2560
f 3997/3997 4001/4001 3998/3998
f 4000/4000 4002/4002 4004/4004
f 4694/4694 4689/4689 4687/4687
f 5485/5485 5487/5487 5489/5489
f 1523/1523 1525/1525 1524/1524
f 4705/4705 4704/4704 4711/4711
f 819/819 820/820 745/745
f 1713/1713 1711/1711 1706/1706
f 2518/2518 2512/2512 2509/2509
f 4684/4684 4686/4686 4693/4693
f 4686/4686 4695/4695 4693/4693
f 4609/4609 4602/4602 4614/4614
f 1707/1707 1706/1706 1711/1711
f 4608/4608 4602/4602 4609/4609
f 1689/1689 1690/1690 1687/1687
f 1687/1687 1690/1690 1707/1707
f 4605/4605 4606/4606 4607/4607
f 4604/4604 4597/4597 4605/4605
f 1175/1175 1176/1176 1174/1174
f 1174/1174 1176/1176 1183/1183
f 5186/5186 5187/5187 5184/5184
f 5119/5119 5120/5120 5114/5114
f 5169/5169 5181/5181 5168/5168
f 1962/1962 1944/1944 1948/1948
f 1962/1962 1948/1948 1963/1963
f 2633/2633 2667/2667 2666/2666
f 1465/1465 1468/1468 1502/1502
f 5075/5075 5077/5077 5076/5076
f 5075/5075 5076/5076 5074/5074
f 3257/3257 3252/3252 3254/3254
f 4502/4502 4505/4505 4504/4504
f 4502/4502 4504/4504 4498/4498
f 3254/3254 3255/3255 3256/3256
f 3256/3256 3255/3255 3259/3259
f 3938/3938 3927/3927 3926/3926
f 4506/4506 4507/4507 4503/4503
f 3938/3938 3926/3926 3937/3937
f 3995/3995 3999/3999 4000/4000
f 4711/4711 4704/4704 4685/4685
f 1702/1702 1703/1703 1689/1689
f 2509/2509 2524/2524 2518/2518
f 4707/4707 4684/4684 4693/4693
f 4607/4607 4602/4602 4608/4608
f 4706/4706 4696/4696 4719/4719
f 4611/4611 4603/4603 4604/4604
f 2811/2811 2813/2813 2796/2796
f 2797/2797 2798/2798 2795/2795
f 5209/5209 5210/5210 5211/5211
f 1294/1294 1303/1303 1298/1298
f 52/52 53/53 56/56
f 56/56 53/53 55/55
f 1662/1662 1639/1639 1638/1638
f 5182/5182 5181/5181 5169/5169
f 5169/5169 5168/5168 5163/5163
f 1948/1948 1949/1949 1950/1950
f 1949/1949 1956/1956 1954/1954
f 1476/1476 1463/1463 1469/1469
f 1463/1463 1464/1464 1469/1469
f 4413/4413 4402/4402 4401/4401
f 2486/2486 2458/2458 2461/2461
f 3581/3581 3575/3575 3587/3587
f 3256/3256 3259/3259 3260/3260
f 4959/4959 4960/4960 4961/4961
f 2591/2591 2592/2592 2605/2605
f 3926/3926 3934/3934 3939/3939
f 3940/3940 3939/3939 3934/3934
f 1587/1587 1555/1555 1592/1592
f 1555/1555 1561/1561 1562/1562
f 1525/1525 1523/1523 1530/1530
f 4263/4263 4262/4262 4247/4247
f 1714/1714 1713/1713 1705/1705
f 4250/4250 4243/4243 4252/4252
f 4711/4711 4685/4685 4707/4707
f 589/589 599/599 590/590
f 748/748 745/745 753/753
f 1707/1707 1690/1690 1706/1706
f 5184/5184 5185/5185 5182/5182
f 1483/1483 1484/1484 1485/1485
f 1950/1950 1949/1949 1954/1954
f 1954/1954 1956/1956 1937/1937
f 2633/2633 2666/2666 2639/2639
f 1464/1464 1465/1465 1466/1466
f 1465/1465 1502/1502 1501/1501
f 1466/1466 1465/1465 1501/1501
f 4412/4412 4413/4413 4401/4401
f 4401/4401 4402/4402 4403/4403
f 4403/4403 4416/4416 4406/4406
f 4403/4403 4406/4406 4405/4405
f 5375/5375 5376/5376 5360/5360
f 3065/3065 3067/3067 3093/3093
f 3587/3587 3575/3575 3588/3588
f 3588/3588 3575/3575 3578/3578
f 4203/4203 4208/4208 4209/4209
f 4203/4203 4209/4209 4205/4205
f 4202/4202 4208/4208 4203/4203
f 5438/5438 5433/5433 5437/5437
f 4494/4494 4503/4503 4502/4502
f 4494/4494 4502/4502 4495/4495
f 4495/4495 4502/4502 4498/4498
f 4494/4494 4506/4506 4503/4503
f 4499/4499 4506/4506 4494/4494
f 3936/3936 3926/3926 3939/3939
f 4819/4819 4702/4702 4703/4703
f 4703/4703 4702/4702 4694/4694
f 4702/4702 4689/4689 4694/4694
f 1548/1548 1525/1525 1530/1530
f 4005/4005 4000/4000 4007/4007
f 1689/1689 1703/1703 1691/1691
f 1689/1689 1691/1691 1690/1690
f 1690/1690 1692/1692 1706/1706
f 2512/2512 2513/2513 2511/2511
f 4609/4609 4614/4614 4636/4636
f 4605/4605 4607/4607 4612/4612
f 2810/2810 2813/2813 2811/2811
f 2804/2804 2811/2811 2796/2796
f 1553/1553 1482/1482 1495/1495
f 56/56 55/55 57/57
f 3243/3243 3247/3247 3244/3244
f 893/893 912/912 904/904
f 1948/1948 1950/1950 1942/1942
f 1963/1963 1948/1948 1942/1942
f 1954/1954 1937/1937 1955/1955
f 4412/4412 4401/4401 4408/4408
f 4401/4401 4403/4403 4404/4404
f 4404/4404 4403/4403 4405/4405
f 4203/4203 4205/4205 4204/4204
f 4204/4204 4210/4210 4207/4207
f 5075/5075 5074/5074 5072/5072
f 5074/5074 5073/5073 5072/5072
f 5437/5437 5433/5433 5431/5431
f 4495/4495 4498/4498 4497/4497
f 5069/5069 5070/5070 5071/5071
f 4185/4185 4191/4191 4194/4194
f 1592/1592 1555/1555 1562/1562
f 1690/1690 1691/1691 1692/1692
f 1692/1692 1705/1705 1706/1706
f 590/590 599/599 602/602
f 4711/4711 4707/4707 4715/4715
f 2523/2523 2524/2524 2509/2509
f 4719/4719 4611/4611 4618/4618
f 976/976 978/978 980/980
f 2796/2796 2797/2797 2795/2795
f 1174/1174 1183/1183 1185/1185
f 1298/1298 1303/1303 1306/1306
f 1481/1481 1483/1483 1485/1485
f 1950/1950 1954/1954 1955/1955
f 1469/1469 1464/1464 1466/1466
f 4408/4408 4414/4414 4412/4412
f 4408/4408 4401/4401 4407/4407
f 4407/4407 4401/4401 4404/4404
f 5373/5373 5375/5375 5360/5360
f 5380/5380 5382/5382 5383/5383
f 5366/5366 5368/5368 5364/5364
f 4203/4203 4204/4204 4201/4201
f 4201/4201 4204/4204 4207/4207
f 5084/5084 5080/5080 5075/5075
f 5084/5084 5075/5075 5078/5078
f 5075/5075 5072/5072 5078/5078
f 5070/5070 5069/5069 5072/5072
f 4493/4493 4494/4494 4495/4495
f 1590/1590 1587/1587 1592/1592
f 1715/1715 1714/1714 1669/1669
f 1704/1704 1697/1697 1691/1691
f 1669/1669 1714/1714 1705/1705
f 4694/4694 4705/4705 4711/4711
f 1692/1692 1669/1669 1705/1705
f 1692/1692 1691/1691 1693/1693
f 4715/4715 4707/4707 4716/4716
f 4716/4716 4707/4707 4693/4693
f 4629/4629 4719/4719 4618/4618
f 4618/4618 4611/4611 4604/4604
f 4616/4616 4604/4604 4605/4605
f 1068/1068 999/999 994/994
f 5183/5183 5186/5186 5184/5184
f 5111/5111 5114/5114 5112/5112
f 1486/1486 1481/1481 1485/1485
f 1941/1941 1963/1963 1942/1942
f 1942/1942 1950/1950 1955/1955
f 4407/4407 4404/4404 4409/4409
f 4404/4404 4405/4405 4409/4409
f 4409/4409 4405/4405 4410/4410
f 4410/4410 4405/4405 4411/4411
f 5380/5380 5383/5383 5386/5386
f 4202/4202 4203/4203 4201/4201
f 4206/4206 4202/4202 4200/4200
f 4493/4493 4495/4495 4496/4496
f 4495/4495 4497/4497 4496/4496
f 1670/1670 1672/1672 1671/1671
f 1668/1668 1670/1670 1671/1671
f 4499/4499 4494/4494 4493/4493
f 4500/4500 4499/4499 4493/4493
f 4195/4195 4188/4188 4194/4194
f 4194/4194 4188/4188 4185/4185
f 4185/4185 4189/4189 4190/4190
f 4196/4196 4195/4195 4194/4194
f 1691/1691 1697/1697 1693/1693
f 1693/1693 1669/1669 1692/1692
f 587/587 589/589 590/590
f 2509/2509 2512/2512 2511/2511
f 4609/4609 4636/4636 4637/4637
f 4717/4717 4693/4693 4706/4706
f 4618/4618 4604/4604 4616/4616
f 1482/1482 1481/1481 1486/1486
f 1495/1495 1482/1482 1486/1486
f 5163/5163 5165/5165 5161/5161
f 1942/1942 1955/1955 1935/1935
f 1935/1935 1955/1955 1937/1937
f 1935/1935 1937/1937 1936/1936
f 4415/4415 4414/4414 4408/4408
f 5374/5374 5373/5373 5372/5372
f 5372/5372 5373/5373 5360/5360
f 5381/5381 5380/5380 5385/5385
f 5385/5385 5380/5380 5386/5386
f 5343/5343 5358/5358 5355/5355
f 4956/4956 4955/4955 4952/4952
f 5367/5367 5366/5366 5365/5365
f 4952/4952 4955/4955 4953/4953
f 5365/5365 5366/5366 5364/5364
f 4522/4522 4518/4518 4515/4515
f 4200/4200 4202/4202 4201/4201
f 4200/4200 4201/4201 4199/4199
f 4193/4193 4199/4199 4198/4198
f 4197/4197 4200/4200 4186/4186
f 2543/2543 2540/2540 2611/2611
f 4192/4192 4193/4193 4198/4198
f 4185/4185 4186/4186 4187/4187
f 4187/4187 4193/4193 4192/4192
f 4493/4493 4496/4496 4501/4501
f 1667/1667 1670/1670 1668/1668
f 4500/4500 4493/4493 4501/4501
f 1667/1667 1668/1668 1669/1669
f 1693/1693 1697/1697 1667/1667
f 1693/1693 1667/1667 1669/1669
f 4706/4706 4719/4719 4770/4770
f 2843/2843 2810/2810 2807/2807
f 5199/5199 5161/5161 5165/5165
f 927/927 929/929 928/928
f 1941/1941 1942/1942 1935/1935
f 1941/1941 1935/1935 1938/1938
f 1935/1935 1936/1936 1932/1932
f 1932/1932 1936/1936 1934/1934
f 2646/2646 2657/2657 2665/2665
f 2646/2646 2665/2665 2658/2658
f 1932/1932 1934/1934 1931/1931
f 1932/1932 1931/1931 1928/1928
f 1928/1928 1931/1931 1929/1929
f 1928/1928 1929/1929 1930/1930
f 1928/1928 1930/1930 1939/1939
f 1940/1940 1928/1928 1939/1939
f 5348/5348 5360/5360 5350/5350
f 5361/5361 5358/5358 5342/5342
f 5342/5342 5358/5358 5343/5343
f 5365/5365 5364/5364 5362/5362
f 4200/4200 4199/4199 4193/4193
f 4186/4186 4200/4200 4193/4193
f 4187/4187 4186/4186 4193/4193
f 1611/1611 1588/1588 1589/1589
f 2591/2591 2605/2605 2571/2571
f 1589/1589 1588/1588 1587/1587
f 4613/4613 4608/4608 4609/4609
f 4613/4613 4607/4607 4608/4608
f 4717/4717 4706/4706 4770/4770
f 4615/4615 4605/4605 4612/4612
f 303/303 293/293 294/294
f 980/980 978/978 988/988
f 1053/1053 1064/1064 1057/1057
f 1553/1553 1495/1495 1552/1552
f 57/57 55/55 58/58
f 4171/4171 4163/4163 4164/4164
f 895/895 894/894 893/893
f 1933/1933 1935/1935 1932/1932
f 1938/1938 1935/1935 1933/1933
f 1943/1943 1938/1938 1933/1933
f 1933/1933 1932/1932 1928/1928
f 4420/4420 4409/4409 4410/4410
f 1940/1940 1933/1933 1928/1928
f 3328/3328 3339/3339 3338/3338
f 1943/1943 1933/1933 1940/1940
f 5369/5369 5365/5365 5362/5362
f 5364/5364 5363/5363 5362/5362
f 4819/4819 4703/4703 4820/4820
f 4714/4714 4694/4694 4711/4711
f 4263/4263 4247/4247 4249/4249
f 4249/4249 4247/4247 4246/4246
f 591/591 590/590 602/602
f 591/591 602/602 603/603
f 4612/4612 4607/4607 4613/4613
f 4770/4770 4719/4719 4629/4629
f 1194/1194 1179/1179 1171/1171
f 4115/4115 4103/4103 4102/4102
f 5161/5161 5199/5199 5164/5164
f 3243/3243 3244/3244 3242/3242
f 4411/4411 4422/4422 4421/4421
f 5372/5372 5360/5360 5353/5353
f 5360/5360 5348/5348 5353/5353
f 4952/4952 4953/4953 4954/4954
f 5343/5343 5355/5355 5344/5344
f 4957/4957 4952/4952 4954/4954
f 1589/1589 1587/1587 1590/1590
f 4714/4714 4711/4711 4715/4715
f 587/587 590/590 591/591
f 4716/4716 4693/4693 4717/4717
f 4616/4616 4605/4605 4615/4615
f 988/988 978/978 1028/1028
f 1171/1171 1179/1179 1166/1166
f 1179/1179 1175/1175 1166/1166
f 1166/1166 1175/1175 1174/1174
f 5209/5209 5211/5211 5212/5212
f 5184/5184 5182/5182 5173/5173
f 4410/4410 4411/4411 4421/4421
f 5348/5348 5350/5350 5345/5345
f 5342/5342 5343/5343 5344/5344
f 4957/4957 4954/4954 4958/4958
f 5346/5346 5369/5369 5362/5362
f 5359/5359 5362/5362 5363/5363
f 1608/1608 1611/1611 1589/1589
f 4703/4703 4694/4694 4713/4713
f 592/592 587/587 591/591
f 591/591 603/603 605/605
f 4617/4617 4618/4618 4616/4616
f 2807/2807 2810/2810 2809/2809
f 2809/2809 2810/2810 2811/2811
f 5111/5111 5112/5112 5113/5113
f 1486/1486 1485/1485 1487/1487
f 3241/3241 3243/3243 3242/3242
f 3067/3067 3065/3065 3062/3062
f 5353/5353 5348/5348 5349/5349
f 5345/5345 5344/5344 5346/5346
f 2561/2561 2543/2543 2611/2611
f 2591/2591 2571/2571 2608/2608
f 2593/2593 2591/2591 2608/2608
f 2523/2523 2509/2509 2516/2516
f 4609/4609 4637/4637 4638/4638
f 4619/4619 4615/4615 4612/4612
f 1030/1030 1028/1028 1031/1031
f 2804/2804 2796/2796 2789/2789
f 2789/2789 2796/2796 2795/2795
f 1174/1174 1197/1197 1178/1178
f 5162/5162 5163/5163 5161/5161
f 927/927 928/928 925/925
f 2394/2394 2392/2392 2393/2393
f 3073/3073 3072/3072 3066/3066
f 3334/3334 3327/3327 3338/3338
f 5349/5349 5348/5348 5347/5347
f 5347/5347 5348/5348 5345/5345
f 5347/5347 5345/5345 5346/5346
f 5346/5346 5362/5362 5359/5359
f 5484/5484 5487/5487 5485/5485
f 4713/4713 4694/4694 4714/4714
f 2509/2509 2511/2511 2510/2510
f 4716/4716 4717/4717 4797/4797
f 59/59 57/57 58/58
f 5173/5173 5182/5182 5169/5169
f 895/895 893/893 902/902
f 902/902 893/893 904/904
f 4427/4427 4420/4420 4425/4425
f 5353/5353 5349/5349 5354/5354
f 5347/5347 5346/5346 5359/5359
f 5347/5347 5359/5359 5356/5356
f 5356/5356 5359/5359 5370/5370
f 5437/5437 5431/5431 5439/5439
f 4820/4820 4703/4703 4821/4821
f 4718/4718 4703/4703 4713/4713
f 5488/5488 5487/5487 5484/5484
f 4630/4630 4613/4613 4609/4609
f 4630/4630 4609/4609 4638/4638
f 4621/4621 4612/4612 4613/4613
f 4618/4618 4617/4617 4629/4629
f 988/988 1028/1028 1030/1030
f 1282/1282 1294/1294 1298/1298
f 3066/3066 3067/3067 3062/3062
f 4425/4425 4420/4420 4410/4410
f 5349/5349 5347/5347 5351/5351
f 3326/3326 3325/3325 3331/3331
f 2129/2129 2128/2128 2137/2137
f 2139/2139 2130/2130 2131/2131
f 4821/4821 4703/4703 4718/4718
f 592/592 591/591 593/593
f 594/594 591/591 605/605
f 4774/4774 4715/4715 4716/4716
f 2523/2523 2516/2516 2525/2525
f 2516/2516 2509/2509 2508/2508
f 2508/2508 2509/2509 2510/2510
f 4716/4716 4797/4797 4775/4775
f 4619/4619 4612/4612 4621/4621
f 2808/2808 2843/2843 2807/2807
f 1167/1167 1166/1166 1174/1174
f 57/57 59/59 60/60
f 59/59 58/58 61/61
f 926/926 927/927 925/925
f 4423/4423 4410/4410 4421/4421
f 5354/5354 5349/5349 5357/5357
f 5357/5357 5349/5349 5351/5351
f 2135/2135 2134/2134 2127/2127
f 2126/2126 2135/2135 2127/2127
f 2125/2125 2128/2128 2129/2129
f 2126/2126 2125/2125 2130/2130
f 2130/2130 2125/2125 2129/2129
f 5439/5439 5431/5431 5440/5440
f 1593/1593 1592/1592 1598/1598
f 5484/5484 5485/5485 5483/5483
f 4774/4774 4716/4716 4775/4775
f 4797/4797 4717/4717 4798/4798
f 4798/4798 4717/4717 4770/4770
f 4617/4617 4616/4616 4615/4615
f 1015/1015 988/988 1030/1030
f 1167/1167 1174/1174 1178/1178
f 5111/5111 5113/5113 5115/5115
f 5116/5116 5111/5111 5115/5115
f 5169/5169 5163/5163 5162/5162
f 3240/3240 3241/3241 3242/3242
f 4425/4425 4410/4410 4423/4423
f 4423/4423 4421/4421 4424/4424
f 5351/5351 5347/5347 5352/5352
f 5347/5347 5356/5356 5352/5352
f 2126/2126 2127/2127 2123/2123
f 2126/2126 2123/2123 2125/2125
f 5442/5442 5437/5437 5441/5441
f 5441/5441 5437/5437 5439/5439
f 4249/4249 4250/4250 4257/4257
f 4257/4257 4250/4250 4255/4255
f 593/593 591/591 594/594
f 2789/2789 2795/2795 2793/2793
f 1195/1195 1194/1194 1171/1171
f 4372/4372 4373/4373 4369/4369
f 3235/3235 3241/3241 3240/3240
f 4426/4426 4423/4423 4424/4424
f 4426/4426 4424/4424 4428/4428
f 5357/5357 5351/5351 5352/5352
f 2123/2123 2124/2124 2125/2125
f 2125/2125 2124/2124 2128/2128
f 2565/2565 2608/2608 2571/2571
f 1589/1589 1590/1590 1591/1591
f 4630/4630 4621/4621 4613/4613
f 2811/2811 2804/2804 2789/2789
f 5194/5194 5195/5195 5183/5183
f 5183/5183 5184/5184 5173/5173
f 5116/5116 5115/5115 5117/5117
f 1488/1488 1486/1486 1487/1487
f 62/62 59/59 61/61
f 1487/1487 1485/1485 1492/1492
f 5161/5161 5164/5164 5160/5160
f 4425/4425 4423/4423 4426/4426
f 2134/2134 2138/2138 2123/2123
f 2127/2127 2134/2134 2123/2123
f 2124/2124 2136/2136 2132/2132
f 2128/2128 2124/2124 2132/2132
f 4779/4779 4718/4718 4713/4713
f 5484/5484 5483/5483 5482/5482
f 594/594 605/605 606/606
f 4715/4715 4774/4774 4771/4771
f 1282/1282 1298/1298 1299/1299
f 1495/1495 1486/1486 1488/1488
f 4170/4170 4165/4165 4168/4168
f 3089/3089 3072/3072 3073/3073
f 3063/3063 3066/3066 3062/3062
f 2123/2123 2138/2138 2133/2133
f 2123/2123 2133/2133 2124/2124
f 2133/2133 2136/2136 2124/2124
f 4713/4713 4714/4714 4777/4777
f 4714/4714 4715/4715 4771/4771
f 597/597 593/593 604/604
f 593/593 594/594 604/604
f 604/604 594/594 606/606
f 4630/4630 4638/4638 4640/4640
f 4798/4798 4770/4770 4647/4647
f 4647/4647 4770/4770 4629/4629
f 2809/2809 2811/2811 2788/2788
f 1167/1167 1178/1178 1172/1172
f 1172/1172 1178/1178 1182/1182
f 5194/5194 5183/5183 5179/5179
f 5179/5179 5183/5183 5173/5173
f 4375/4375 4372/4372 4368/4368
f 4368/4368 4372/4372 4369/4369
f 4307/4307 4301/4301 4306/4306
f 5173/5173 5169/5169 5167/5167
f 1608/1608 1589/1589 1595/1595
f 4771/4771 4774/4774 4781/4781
f 2528/2528 2525/2525 2516/2516
f 4647/4647 4629/4629 4639/4639
f 4639/4639 4629/4629 4617/4617
f 1015/1015 1030/1030 1023/1023
f 2806/2806 2808/2808 2807/2807
f 996/996 980/980 988/988
f 2788/2788 2811/2811 2789/2789
f 1552/1552 1495/1495 1541/1541
f 1282/1282 1299/1299 1293/1293
f 1541/1541 1495/1495 1488/1488
f 4172/4172 4170/4170 4168/4168
f 5167/5167 5169/5169 5162/5162
f 895/895 902/902 906/906
f 1595/1595 1589/1589 1591/1591
f 4779/4779 4713/4713 4777/4777
f 3808/3808 3795/3795 3807/3807
f 5482/5482 5483/5483 5480/5480
f 4777/4777 4714/4714 4776/4776
f 4776/4776 4714/4714 4771/4771
f 3793/3793 3800/3800 3796/3796
f 4620/4620 4619/4619 4621/4621
f 1299/1299 1306/1306 1310/1310
f 66/66 62/62 65/65
f 5159/5159 5162/5162 5161/5161
f 5441/5441 5439/5439 5440/5440
f 2597/2597 2593/2593 2608/2608
f 2597/2597 2608/2608 2565/2565
f 1595/1595 1591/1591 1594/1594
f 1593/1593 1598/1598 1597/1597
f 4822/4822 4821/4821 4718/4718
f 2525/2525 2528/2528 2532/2532
f 4615/4615 4619/4619 4620/4620
f 998/998 1112/1112 994/994
f 4368/4368 4369/4369 4370/4370
f 68/68 65/65 69/69
f 69/69 65/65 70/70
f 1487/1487 1492/1492 1496/1496
f 3065/3065 3094/3094 3060/3060
f 2564/2564 2561/2561 2609/2609
f 3807/3807 3795/3795 3794/3794
f 4641/4641 4630/4630 4640/4640
f 4628/4628 4617/4617 4615/4615
f 2806/2806 2807/2807 2805/2805
f 1172/1172 1182/1182 1181/1181
f 1270/1270 1282/1282 1293/1293
f 4288/4288 4306/4306 4301/4301
f 913/913 926/926 925/925
f 4822/4822 4718/4718 4780/4780
f 2528/2528 2516/2516 2517/2517
f 4621/4621 4630/4630 4627/4627
f 4639/4639 4617/4617 4628/4628
f 997/997 996/996 988/988
f 997/997 988/988 1015/1015
f 2789/2789 2793/2793 2790/2790
f 1196/1196 1195/1195 1171/1171
f 67/67 65/65 68/68
f 69/69 70/70 71/71
f 906/906 902/902 905/905
f 902/902 904/904 905/905
f 915/915 926/926 913/913
f 3096/3096 3098/3098 3108/3108
f 4780/4780 4718/4718 4779/4779
f 3807/3807 3794/3794 3806/3806
f 604/604 606/606 611/611
f 4808/4808 4797/4797 4798/4798
f 4620/4620 4628/4628 4615/4615
f 289/289 284/284 266/266
f 2805/2805 2807/2807 2809/2809
f 4368/4368 4370/4370 4371/4371
f 4113/4113 4109/4109 4116/4116
f 5179/5179 5173/5173 5178/5178
f 5178/5178 5173/5173 5167/5167
f 1488/1488 1487/1487 1489/1489
f 5167/5167 5162/5162 5159/5159
f 5159/5159 5161/5161 5160/5160
f 5481/5481 5482/5482 5480/5480
f 608/608 597/597 604/604
f 612/612 604/604 611/611
f 2531/2531 2532/2532 2528/2528
f 4781/4781 4774/4774 4784/4784
f 4774/4774 4775/4775 4784/4784
f 4775/4775 4797/4797 4808/4808
f 4620/4620 4621/4621 4622/4622
f 4798/4798 4647/4647 4646/4646
f 4646/4646 4647/4647 4639/4639
f 997/997 1015/1015 1019/1019
f 1299/1299 1310/1310 1304/1304
f 68/68 69/69 78/78
f 1489/1489 1487/1487 1496/1496
f 69/69 71/71 72/72
f 72/72 71/71 77/77
f 3096/3096 3108/3108 3111/3111
f 2597/2597 2565/2565 2567/2567
f 608/608 604/604 612/612
f 2531/2531 2528/2528 2517/2517
f 2517/2517 2508/2508 2515/2515
f 4808/4808 4798/4798 4812/4812
f 4622/4622 4621/4621 4627/4627
f 4812/4812 4798/4798 4817/4817
f 4646/4646 4639/4639 4628/4628
f 1019/1019 1015/1015 1023/1023
f 1003/1003 997/997 1019/1019
f 2788/2788 2789/2789 2790/2790
f 1172/1172 1181/1181 1177/1177
f 3235/3235 3240/3240 3236/3236
f 3063/3063 3073/3073 3066/3066
f 5441/5441 5440/5440 5443/5443
f 1593/1593 1597/1597 1596/1596
f 4624/4624 4622/4622 4627/4627
f 4817/4817 4798/4798 4646/4646
f 1166/1166 1167/1167 1168/1168
f 4374/4374 4377/4377 4378/4378
f 5200/5200 5201/5201 5202/5202
f 67/67 68/68 78/78
f 78/78 69/69 73/73
f 73/73 69/69 72/72
f 3057/3057 3065/3065 3060/3060
f 4771/4771 4781/4781 4794/4794
f 4794/4794 4781/4781 4784/4784
f 4623/4623 4620/4620 4622/4622
f 1168/1168 1167/1167 1172/1172
f 1168/1168 1172/1172 1177/1177
f 5178/5178 5167/5167 5180/5180
f 5159/5159 5160/5160 5158/5158
f 907/907 906/906 905/905
f 3060/3060 3097/3097 3096/3096
f 4825/4825 4822/4822 4780/4780
f 5477/5477 5480/5480 5479/5479
f 5481/5481 5480/5480 5477/5477
f 3806/3806 3794/3794 3799/3799
f 3799/3799 3794/3794 3798/3798
f 4776/4776 4771/4771 4794/4794
f 608/608 612/612 614/614
f 4784/4784 4775/4775 4805/4805
f 4624/4624 4627/4627 4654/4654
f 4654/4654 4627/4627 4655/4655
f 2788/2788 2790/2790 2791/2791
f 2791/2791 2790/2790 2799/2799
f 1196/1196 1171/1171 1180/1180
f 1169/1169 1166/1166 1168/1168
f 82/82 67/67 78/78
f 1642/1642 1632/1632 1630/1630
f 909/909 913/913 925/925
f 1606/1606 1608/1608 1595/1595
f 1606/1606 1595/1595 1594/1594
f 4825/4825 4780/4780 4782/4782
f 4789/4789 4777/4777 4776/4776
f 614/614 612/612 613/613
f 612/612 611/611 613/613
f 4805/4805 4775/4775 4808/4808
f 4623/4623 4622/4622 4624/4624
f 4631/4631 4620/4620 4623/4623
f 2809/2809 2788/2788 2792/2792
f 1180/1180 1171/1171 1169/1169
f 1169/1169 1171/1171 1166/1166
f 4299/4299 4305/4305 4308/4308
f 1295/1295 1293/1293 1299/1299
f 5180/5180 5167/5167 5177/5177
f 73/73 72/72 74/74
f 74/74 72/72 77/77
f 74/74 77/77 83/83
f 4178/4178 4176/4176 4177/4177
f 3064/3064 3073/3073 3063/3063
f 5477/5477 5479/5479 5478/5478
f 3799/3799 3798/3798 3802/3802
f 4794/4794 4784/4784 4799/4799
f 2517/2517 2515/2515 2526/2526
f 2515/2515 2527/2527 2526/2526
f 4642/4642 4628/4628 4620/4620
f 4646/4646 4628/4628 4648/4648
f 4648/4648 4628/4628 4642/4642
f 2805/2805 2809/2809 2792/2792
f 2792/2792 2788/2788 2791/2791
f 94/94 87/87 84/84
f 1295/1295 1299/1299 1304/1304
f 1285/1285 1293/1293 1295/1295
f 1490/1490 1488/1488 1489/1489
f 5177/5177 5167/5167 5157/5157
f 5167/5167 5159/5159 5157/5157
f 5159/5159 5158/5158 5157/5157
f 905/905 915/915 913/913
f 905/905 913/913 909/909
f 3089/3089 3073/3073 3064/3064
f 3062/3062 3065/3065 3057/3057
f 4779/4779 4777/4777 4786/4786
f 4792/4792 4776/4776 4793/4793
f 4793/4793 4776/4776 4794/4794
f 4794/4794 4799/4799 4796/4796
f 2531/2531 2517/2517 2530/2530
f 2530/2530 2517/2517 2526/2526
f 4625/4625 4623/4623 4624/4624
f 1168/1168 1177/1177 1184/1184
f 3234/3234 3235/3235 3236/3236
f 5444/5444 5441/5441 5443/5443
f 4780/4780 4779/4779 4782/4782
f 4786/4786 4777/4777 4789/4789
f 4799/4799 4784/4784 4805/4805
f 4626/4626 4623/4623 4625/4625
f 4631/4631 4623/4623 4632/4632
f 4635/4635 4620/4620 4631/4631
f 4818/4818 4646/4646 4648/4648
f 2800/2800 2806/2806 2805/2805
f 2800/2800 2805/2805 2792/2792
f 1012/1012 1003/1003 1019/1019
f 1169/1169 1168/1168 1170/1170
f 4304/4304 4299/4299 4308/4308
f 96/96 94/94 90/90
f 5200/5200 5202/5202 5203/5203
f 82/82 78/78 73/73
f 74/74 83/83 79/79
f 1606/1606 1594/1594 1599/1599
f 2597/2597 2567/2567 2598/2598
f 1599/1599 1594/1594 1596/1596
f 4783/4783 4779/4779 4786/4786
f 4776/4776 4792/4792 4789/4789
f 5486/5486 5481/5481 5477/5477
f 614/614 613/613 615/615
f 4805/4805 4808/4808 4807/4807
f 4807/4807 4808/4808 4810/4810
f 4808/4808 4812/4812 4810/4810
f 4632/4632 4623/4623 4626/4626
f 4817/4817 4646/4646 4818/4818
f 1024/1024 1019/1019 1023/1023
f 2794/2794 2791/2791 2799/2799
f 998/998 1003/1003 1006/1006
f 1170/1170 1168/1168 1173/1173
f 1168/1168 1184/1184 1173/1173
f 4304/4304 4308/4308 4309/4309
f 1489/1489 1496/1496 1539/1539
f 75/75 73/73 74/74
f 5156/5156 5157/5157 5158/5158
f 908/908 905/905 909/909
f 4825/4825 4782/4782 4816/4816
f 4782/4782 4779/4779 4783/4783
f 5477/5477 5478/5478 5475/5475
f 4812/4812 4817/4817 4818/4818
f 2800/2800 2792/2792 2794/2794
f 2792/2792 2791/2791 2794/2794
f 1012/1012 1019/1019 1024/1024
f 1006/1006 1003/1003 1012/1012
f 5203/5203 5202/5202 5204/5204
f 4299/4299 4304/4304 4296/4296
f 1542/1542 1541/1541 1488/1488
f 5150/5150 5180/5180 5177/5177
f 5150/5150 5177/5177 5189/5189
f 5189/5189 5177/5177 5157/5157
f 3237/3237 3234/3234 3236/3236
f 907/907 905/905 908/908
f 2564/2564 2609/2609 2610/2610
f 1599/1599 1596/1596 1600/1600
f 1600/1600 1596/1596 1602/1602
f 4786/4786 4789/4789 4788/4788
f 4789/4789 4792/4792 4791/4791
f 4793/4793 4794/4794 4795/4795
f 4795/4795 4794/4794 4796/4796
f 4800/4800 4799/4799 4804/4804
f 4804/4804 4799/4799 4805/4805
f 4806/4806 4805/4805 4807/4807
f 4633/4633 4631/4631 4632/4632
f 4815/4815 4812/4812 4818/4818
f 4635/4635 4631/4631 4634/4634
f 4642/4642 4620/4620 4635/4635
f 4651/4651 4648/4648 4642/4642
f 1012/1012 1024/1024 1026/1026
f 5127/5127 5128/5128 5129/5129
f 79/79 83/83 86/86
f 3061/3061 3064/3064 3063/3063
f 2574/2574 2564/2564 2610/2610
f 1612/1612 1606/1606 1599/1599
f 2598/2598 2567/2567 2568/2568
f 4816/4816 4782/4782 4811/4811
f 4811/4811 4782/4782 4783/4783
f 4790/4790 4788/4788 4789/4789
f 5486/5486 5477/5477 5476/5476
f 5497/5497 5475/5475 5478/5478
f 616/616 614/614 615/615
f 615/615 613/613 630/630
f 4796/4796 4799/4799 4800/4800
f 618/618 616/616 619/619
f 4806/4806 4804/4804 4805/4805
f 2534/2534 2530/2530 2526/2526
f 4810/4810 4812/4812 4813/4813
f 4813/4813 4812/4812 4815/4815
f 4634/4634 4631/4631 4633/4633
f 4818/4818 4648/4648 4651/4651
f 3770/3770 3774/3774 3773/3773
f 1192/1192 1180/1180 1169/1169
f 1186/1186 1169/1169 1170/1170
f 1173/1173 1184/1184 1198/1198
f 1542/1542 1488/1488 1490/1490
f 1490/1490 1489/1489 1491/1491
f 5150/5150 5189/5189 5139/5139
f 80/80 82/82 73/73
f 76/76 74/74 79/79
f 5157/5157 5156/5156 5153/5153
f 5156/5156 5158/5158 5188/5188
f 4891/4891 4892/4892 4893/4893
f 3057/3057 3060/3060 3053/3053
f 3058/3058 3060/3060 3096/3096
f 3096/3096 3111/3111 3110/3110
f 1612/1612 1599/1599 1601/1601
f 1601/1601 1599/1599 1600/1600
f 4783/4783 4786/4786 4787/4787
f 4787/4787 4786/4786 4788/4788
f 4790/4790 4789/4789 4791/4791
f 4792/4792 4793/4793 4814/4814
f 4814/4814 4793/4793 4803/4803
f 3651/3651 3650/3650 3652/3652
f 5476/5476 5477/5477 5475/5475
f 4803/4803 4793/4793 4795/4795
f 4803/4803 4795/4795 4802/4802
f 4802/4802 4795/4795 4796/4796
f 4802/4802 4796/4796 4801/4801
f 4801/4801 4796/4796 4800/4800
f 620/620 619/619 616/616
f 2778/2778 2783/2783 2781/2781
f 4806/4806 4807/4807 4809/4809
f 4809/4809 4807/4807 4810/4810
f 4848/4848 4849/4849 4851/4851
f 4651/4651 4642/4642 4644/4644
f 2802/2802 2800/2800 2801/2801
f 2801/2801 2800/2800 2794/2794
f 1017/1017 1012/1012 1026/1026
f 1006/1006 1012/1012 1017/1017
f 5127/5127 5129/5129 5130/5130
f 1192/1192 1169/1169 1186/1186
f 5127/5127 5130/5130 5131/5131
f 1007/1007 998/998 1006/1006
f 1074/1074 1075/1075 1076/1076
f 4303/4303 4304/4304 4309/4309
f 84/84 82/82 80/80
f 1491/1491 1489/1489 1536/1536
f 80/80 73/73 75/75
f 75/75 74/74 76/76
f 5139/5139 5189/5189 5149/5149
f 5189/5189 5157/5157 5149/5149
f 5149/5149 5157/5157 5153/5153
f 5153/5153 5156/5156 5188/5188
f 3237/3237 3236/3236 3238/3238
f 937/937 907/907 908/908
f 3061/3061 3063/3063 3056/3056
f 3056/3056 3063/3063 3062/3062
f 3056/3056 3062/3062 3055/3055
f 3055/3055 3062/3062 3057/3057
f 3058/3058 3096/3096 3110/3110
f 5444/5444 5443/5443 5445/5445
f 5445/5445 5443/5443 5446/5446
f 2780/2780 2772/2772 2786/2786
f 2786/2786 2772/2772 2784/2784
f 2784/2784 2772/2772 2768/2768
f 2784/2784 2760/2760 2782/2782
f 5457/5457 5462/5462 5459/5459
f 2774/2774 2777/2777 2787/2787
f 5467/5467 5497/5497 5468/5468
f 632/632 616/616 615/615
f 5466/5466 5468/5468 5498/5498
f 2534/2534 2526/2526 2535/2535
f 4840/4840 4842/4842 4843/4843
f 4643/4643 4642/4642 4635/4635
f 4644/4644 4642/4642 4643/4643
f 1191/1191 1192/1192 1186/1186
f 5239/5239 5236/5236 5240/5240
f 5132/5132 5131/5131 5130/5130
f 5124/5124 5125/5125 5126/5126
f 5150/5150 5139/5139 5140/5140
f 76/76 79/79 86/86
f 5224/5224 5222/5222 5221/5221
f 433/433 443/443 434/434
f 434/434 448/448 446/446
f 939/939 907/907 937/937
f 448/448 459/459 453/453
f 908/908 909/909 910/910
f 908/908 910/910 911/911
f 5320/5320 5319/5319 5317/5317
f 5317/5317 5319/5319 5312/5312
f 3053/3053 3060/3060 3058/3058
f 2782/2782 2762/2762 2766/2766
f 2762/2762 2764/2764 2766/2766
f 5459/5459 5462/5462 5460/5460
f 5475/5475 5497/5497 5467/5467
f 621/621 619/619 620/620
f 621/621 622/622 619/619
f 5504/5504 5505/5505 5471/5471
f 4826/4826 4818/4818 4651/4651
f 4826/4826 4651/4651 4644/4644
f 5127/5127 5131/5131 5141/5141
f 1008/1008 1007/1007 1006/1006
f 1186/1186 1170/1170 1173/1173
f 1186/1186 1173/1173 1187/1187
f 76/76 86/86 91/91
f 91/91 86/86 92/92
f 5153/5153 5188/5188 5154/5154
f 3239/3239 3237/3237 3238/3238
f 457/457 463/463 462/462
f 5321/5321 5338/5338 5326/5326
f 5337/5337 5323/5323 5336/5336
f 5323/5323 5317/5317 5336/5336
f 5314/5314 5312/5312 5321/5321
f 3059/3059 3061/3061 3056/3056
f 3055/3055 3057/3057 3053/3053
f 685/685 690/690 698/698
f 5450/5450 5454/5454 5449/5449
f 5454/5454 5455/5455 5452/5452
f 5457/5457 5459/5459 5458/5458
f 5474/5474 5476/5476 5475/5475
f 5467/5467 5468/5468 5466/5466
f 620/620 616/616 632/632
f 632/632 615/615 630/630
f 3615/3615 3614/3614 3612/3612
f 625/625 623/623 624/624
f 621/621 623/623 622/622
f 455/455 447/447 454/454
f 1017/1017 1026/1026 1029/1029
f 5152/5152 5153/5153 5154/5154
f 937/937 908/908 911/911
f 3050/3050 3056/3056 3052/3052
f 3052/3052 3055/3055 3053/3053
f 3114/3114 3058/3058 3110/3110
f 2599/2599 2598/2598 2568/2568
f 5446/5446 5450/5450 5449/5449
f 5449/5449 5454/5454 5452/5452
f 5452/5452 5455/5455 5456/5456
f 5455/5455 5457/5457 5456/5456
f 5458/5458 5459/5459 5460/5460
f 5474/5474 5475/5475 5467/5467
f 5466/5466 5498/5498 5473/5473
f 5473/5473 5498/5498 5504/5504
f 5504/5504 5471/5471 5473/5473
f 626/626 625/625 624/624
f 624/624 623/623 621/621
f 3612/3612 3614/3614 3610/3610
f 2802/2802 2801/2801 2803/2803
f 1191/1191 1186/1186 1188/1188
f 5133/5133 5131/5131 5132/5132
f 1188/1188 1186/1186 1187/1187
f 1009/1009 1126/1126 1007/1007
f 5135/5135 5136/5136 5137/5137
f 5132/5132 5136/5136 5135/5135
f 1295/1295 1304/1304 1301/1301
f 1301/1301 1304/1304 1308/1308
f 5137/5137 5140/5140 5139/5139
f 4302/4302 4296/4296 4303/4303
f 89/89 90/90 88/88
f 80/80 75/75 81/81
f 81/81 75/75 76/76
f 5143/5143 5139/5139 5149/5149
f 85/85 91/91 92/92
f 5149/5149 5153/5153 5152/5152
f 3034/3034 3041/3041 3035/3035
f 5339/5339 5340/5340 5341/5341
f 3049/3049 3059/3059 3056/3056
f 3049/3049 3056/3056 3050/3050
f 3055/3055 3052/3052 3056/3056
f 3053/3053 3058/3058 3054/3054
f 3054/3054 3058/3058 3114/3114
f 5456/5456 5457/5457 5458/5458
f 5461/5461 5474/5474 5467/5467
f 1779/1779 1783/1783 1781/1781
f 1341/1341 1340/1340 1335/1335
f 1016/1016 1006/1006 1017/1017
f 1190/1190 1188/1188 1189/1189
f 1008/1008 1006/1006 1016/1016
f 1189/1189 1188/1188 1187/1187
f 1009/1009 1007/1007 1008/1008
f 5134/5134 5132/5132 5135/5135
f 1291/1291 1295/1295 1301/1301
f 4303/4303 4309/4309 4310/4310
f 88/88 81/81 85/85
f 81/81 76/76 85/85
f 5149/5149 5152/5152 5143/5143
f 452/452 453/453 457/457
f 3040/3040 3035/3035 3042/3042
f 5336/5336 5317/5317 5318/5318
f 5311/5311 5317/5317 5312/5312
f 3051/3051 3052/3052 3053/3053
f 2714/2714 2708/2708 2713/2713
f 2570/2570 2599/2599 2568/2568
f 5445/5445 5446/5446 5448/5448
f 5448/5448 5446/5446 5449/5449
f 5458/5458 5460/5460 5461/5461
f 620/620 632/632 633/633
f 627/627 624/624 621/621
f 3609/3609 3612/3612 3610/3610
f 3606/3606 3609/3609 3610/3610
f 336/336 333/333 366/366
f 5142/5142 5141/5141 5131/5131
f 442/442 445/445 441/441
f 5142/5142 5131/5131 5133/5133
f 5133/5133 5132/5132 5134/5134
f 1190/1190 1189/1189 1193/1193
f 441/441 440/440 439/439
f 1782/1782 1780/1780 1775/1775
f 5139/5139 5143/5143 5138/5138
f 5041/5041 5039/5039 5038/5038
f 5038/5038 5039/5039 5040/5040
f 5152/5152 5154/5154 5155/5155
f 3249/3249 3245/3245 3246/3246
f 3246/3246 3245/3245 3239/3239
f 3034/3034 3035/3035 3036/3036
f 458/458 457/457 461/461
f 5318/5318 5317/5317 5311/5311
f 2290/2290 2295/2295 2289/2289
f 2714/2714 2704/2704 2708/2708
f 3054/3054 3051/3051 3053/3053
f 2708/2708 2705/2705 2711/2711
f 2711/2711 2705/2705 2709/2709
f 5452/5452 5456/5456 5501/5501
f 5463/5463 5458/5458 5461/5461
f 5461/5461 5467/5467 5466/5466
f 5473/5473 5471/5471 5469/5469
f 626/626 624/624 627/627
f 627/627 621/621 631/631
f 631/631 621/621 620/620
f 633/633 632/632 634/634
f 1779/1779 1781/1781 1777/1777
f 1776/1776 1779/1779 1777/1777
f 1776/1776 1777/1777 1774/1774
f 1335/1335 1340/1340 1333/1333
f 442/442 447/447 445/445
f 1773/1773 1776/1776 1774/1774
f 1773/1773 1774/1774 1775/1775
f 1775/1775 1778/1778 1782/1782
f 1542/1542 1490/1490 1543/1543
f 439/439 440/440 436/436
f 1543/1543 1490/1490 1493/1493
f 5135/5135 5137/5137 5138/5138
f 5138/5138 5137/5137 5139/5139
f 93/93 89/89 85/85
f 4289/4289 4293/4293 4295/4295
f 3037/3037 3034/3034 3036/3036
f 452/452 457/457 458/458
f 1339/1339 1336/1336 1328/1328
f 3035/3035 3040/3040 3036/3036
f 3048/3048 3049/3049 3050/3050
f 3050/3050 3052/3052 3051/3051
f 3112/3112 3051/3051 3054/3054
f 2708/2708 2702/2702 2705/2705
f 5444/5444 5445/5445 5447/5447
f 5456/5456 5458/5458 5463/5463
f 5461/5461 5466/5466 5465/5465
f 5466/5466 5473/5473 5469/5469
f 626/626 627/627 628/628
f 1778/1778 1774/1774 1777/1777
f 1331/1331 1337/1337 1335/1335
f 1326/1326 1338/1338 1331/1331
f 1301/1301 1308/1308 1302/1302
f 5205/5205 5204/5204 5206/5206
f 5203/5203 5204/5204 5205/5205
f 1493/1493 1490/1490 1491/1491
f 436/436 440/440 437/437
f 4293/4293 4310/4310 4295/4295
f 5151/5151 5152/5152 5155/5155
f 461/461 457/457 462/462
f 5321/5321 5326/5326 5315/5315
f 3036/3036 3040/3040 3039/3039
f 3039/3039 3049/3049 3048/3048
f 3048/3048 3050/3050 3051/3051
f 2704/2704 2702/2702 2708/2708
f 2705/2705 2702/2702 2703/2703
f 2705/2705 2703/2703 2709/2709
f 5500/5500 5445/5445 5448/5448
f 5448/5448 5449/5449 5451/5451
f 5451/5451 5449/5449 5452/5452
f 5453/5453 5452/5452 5501/5501
f 5501/5501 5456/5456 5463/5463
f 5463/5463 5461/5461 5464/5464
f 5464/5464 5461/5461 5465/5465
f 5465/5465 5466/5466 5469/5469
f 5469/5469 5471/5471 5470/5470
f 5470/5470 5471/5471 5472/5472
f 631/631 620/620 633/633
f 3604/3604 3611/3611 3609/3609
f 3604/3604 3609/3609 3606/3606
f 3605/3605 3604/3604 3606/3606
f 454/454 447/447 449/449
f 1331/1331 1335/1335 1329/1329
f 1335/1335 1333/1333 1329/1329
f 5142/5142 5133/5133 5145/5145
f 5145/5145 5133/5133 5134/5134
f 1098/1098 1009/1009 1163/1163
f 436/436 437/437 433/433
f 433/433 434/434 435/435
f 5147/5147 5143/5143 5152/5152
f 446/446 448/448 444/444
f 3250/3250 3249/3249 3246/3246
f 3038/3038 3037/3037 3036/3036
f 3044/3044 3037/3037 3038/3038
f 5314/5314 5321/5321 5315/5315
f 3038/3038 3036/3036 3039/3039
f 2704/2704 2694/2694 2702/2702
f 2702/2702 2696/2696 2703/2703
f 5500/5500 5447/5447 5445/5445
f 5500/5500 5448/5448 5499/5499
f 5499/5499 5448/5448 5451/5451
f 5451/5451 5452/5452 5453/5453
f 5465/5465 5469/5469 5470/5470
f 628/628 627/627 629/629
f 629/629 627/627 631/631
f 1326/1326 1331/1331 1329/1329
f 5145/5145 5134/5134 5144/5144
f 5144/5144 5134/5134 5135/5135
f 5135/5135 5138/5138 5146/5146
f 5147/5147 5138/5138 5143/5143
f 5146/5146 5138/5138 5147/5147
f 5151/5151 5147/5147 5152/5152
f 434/434 446/446 444/444
f 452/452 448/448 453/453
f 5326/5326 5328/5328 5327/5327
f 2706/2706 2707/2707 2700/2700
f 2706/2706 2700/2700 2694/2694
f 2703/2703 2701/2701 2715/2715
f 2696/2696 2701/2701 2703/2703
f 2089/2089 2090/2090 2084/2084
f 2082/2082 2093/2093 2087/2087
f 2094/2094 2078/2078 2098/2098
f 2065/2065 2088/2088 2086/2086
f 2097/2097 2066/2066 2095/2095
f 2096/2096 2071/2071 2099/2099
f 449/449 447/447 442/442
f 1329/1329 1333/1333 1324/1324
f 1329/1329 1324/1324 1323/1323
f 1326/1326 1329/1329 1323/1323
f 1326/1326 1323/1323 1313/1313
f 438/438 439/439 436/436
f 5146/5146 5144/5144 5135/5135
f 1326/1326 1313/1313 1325/1325
f 1322/1322 1325/1325 1313/1313
f 1321/1321 1322/1322 1318/1318
f 444/444 448/448 452/452
f 1320/1320 1318/1318 1319/1319
f 1321/1321 1318/1318 1320/1320
f 5327/5327 5328/5328 5329/5329
f 5315/5315 5326/5326 5327/5327
f 5313/5313 5312/5312 5314/5314
f 5316/5316 5318/5318 5311/5311
f 5311/5311 5312/5312 5313/5313
f 2700/2700 2707/2707 2699/2699
f 2700/2700 2699/2699 2694/2694
f 2694/2694 2699/2699 2697/2697
f 2694/2694 2697/2697 2695/2695
f 3113/3113 3048/3048 3051/3051
f 2694/2694 2695/2695 2696/2696
f 2696/2696 2695/2695 2701/2701
f 2085/2085 2089/2089 2084/2084
f 2094/2094 2085/2085 2083/2083
f 2083/2083 2085/2085 2084/2084
f 2083/2083 2084/2084 2082/2082
f 2078/2078 2083/2083 2082/2082
f 2078/2078 2082/2082 2067/2067
f 2082/2082 2087/2087 2067/2067
f 2078/2078 2067/2067 2077/2077
f 2087/2087 2088/2088 2067/2067
f 2077/2077 2067/2067 2064/2064
f 2067/2067 2088/2088 2065/2065
f 2064/2064 2067/2067 2065/2065
f 2066/2066 2065/2065 2068/2068
f 2066/2066 2068/2068 2069/2069
f 2065/2065 2086/2086 2068/2068
f 2068/2068 2086/2086 2070/2070
f 2069/2069 2068/2068 2070/2070
f 2086/2086 2091/2091 2070/2070
f 2070/2070 2091/2091 2073/2073
f 2071/2071 2069/2069 2070/2070
f 2071/2071 2070/2070 2073/2073
f 2091/2091 2092/2092 2073/2073
f 2072/2072 2071/2071 2073/2073
f 2073/2073 2092/2092 2074/2074
f 2072/2072 2073/2073 2074/2074
f 2072/2072 2074/2074 2075/2075
f 2074/2074 2092/2092 2076/2076
f 2075/2075 2074/2074 2076/2076
f 2100/2100 2072/2072 2075/2075
f 2075/2075 2076/2076 2079/2079
f 639/639 628/628 635/635
f 2079/2079 2076/2076 2080/2080
f 635/635 628/628 629/629
f 3603/3603 3611/3611 3604/3604
f 2075/2075 2079/2079 2081/2081
f 3602/3602 3603/3603 3604/3604
f 2081/2081 2079/2079 2080/2080
f 442/442 441/441 439/439
f 1323/1323 1324/1324 1316/1316
f 1313/1313 1323/1323 1316/1316
f 5205/5205 5206/5206 5207/5207
f 1313/1313 1316/1316 1314/1314
f 1633/1633 1641/1641 1624/1624
f 1313/1313 1314/1314 1315/1315
f 1322/1322 1313/1313 1315/1315
f 5148/5148 5146/5146 5147/5147
f 436/436 433/433 435/435
f 1318/1318 1315/1315 1317/1317
f 1319/1319 1317/1317 1330/1330
f 5148/5148 5147/5147 5151/5151
f 1318/1318 1317/1317 1319/1319
f 3045/3045 3037/3037 3044/3044
f 5330/5330 5332/5332 5331/5331
f 3044/3044 3038/3038 3043/3043
f 461/461 462/462 464/464
f 5313/5313 5314/5314 5315/5315
f 3043/3043 3038/3038 3039/3039
f 2697/2697 2699/2699 2698/2698
f 2698/2698 2710/2710 2701/2701
f 2697/2697 2698/2698 2695/2695
f 2695/2695 2698/2698 2701/2701
f 3608/3608 3607/3607 3602/3602
f 3607/3607 3603/3603 3602/3602
f 1315/1315 1314/1314 1317/1317
f 3250/3250 3246/3246 3251/3251
f 5329/5329 5330/5330 5327/5327
f 5325/5325 5336/5336 5318/5318
f 5325/5325 5318/5318 5316/5316
f 3047/3047 3039/3039 3048/3048
f 2220/2220 2224/2224 2222/2222
f 3607/3607 3613/3613 3603/3603
f 3613/3613 3607/3607 3616/3616
f 1491/1491 1536/1536 1537/1537
f 436/436 435/435 438/438
f 435/435 434/434 444/444
f 3045/3045 3044/3044 3043/3043
f 5327/5327 5330/5330 5331/5331
f 5337/5337 5336/5336 5325/5325
f 3043/3043 3039/3039 3047/3047
f 5316/5316 5311/5311 5313/5313
f 2220/2220 2222/2222 2213/2213
f 1291/1291 1301/1301 1302/1302
f 1543/1543 1493/1493 1497/1497
f 1497/1497 1493/1493 1494/1494
f 1493/1493 1491/1491 1494/1494
f 2212/2212 2220/2220 2213/2213
f 2209/2209 2220/2220 2212/2212
f 2212/2212 2213/2213 2211/2211
f 439/439 438/438 450/450
f 1248/1248 1266/1266 1259/1259
f 450/450 442/442 439/439
f 2212/2212 2211/2211 2209/2209
f 2209/2209 2211/2211 2210/2210
f 1291/1291 1302/1302 1297/1297
f 450/450 438/438 451/451
f 451/451 438/438 435/435
f 1259/1259 1260/1260 1256/1256
f 1254/1254 1259/1259 1256/1256
f 3046/3046 3045/3045 3043/3043
f 1254/1254 1248/1248 1259/1259
f 3046/3046 3043/3043 3047/3047
f 1265/1265 1266/1266 1248/1248
f 1248/1248 1254/1254 1249/1249
f 1255/1255 1254/1254 1256/1256
f 1247/1247 1265/1265 1248/1248
f 1247/1247 1248/1248 1249/1249
f 1267/1267 1265/1265 1247/1247
f 1255/1255 1249/1249 1254/1254
f 1255/1255 1256/1256 1257/1257
f 5324/5324 5316/5316 5313/5313
f 5218/5218 5219/5219 5220/5220
f 2291/2291 2303/2303 2300/2300
f 1249/1249 1255/1255 1263/1263
f 1263/1263 1255/1255 1261/1261
f 1255/1255 1257/1257 1261/1261
f 2209/2209 2210/2210 2206/2206
f 1297/1297 1302/1302 1309/1309
f 2208/2208 2209/2209 2206/2206
f 1535/1535 1543/1543 1497/1497
f 456/456 451/451 435/435
f 1251/1251 1267/1267 1247/1247
f 1250/1250 1251/1251 1247/1247
f 1250/1250 1247/1247 1249/1249
f 1250/1250 1249/1249 1262/1262
f 1281/1281 1291/1291 1297/1297
f 5207/5207 5206/5206 5208/5208
f 1535/1535 1497/1497 1494/1494
f 2208/2208 2206/2206 2205/2205
f 2205/2205 2206/2206 2207/2207
f 2221/2221 2208/2208 2205/2205
f 2205/2205 2207/2207 2214/2214
f 460/460 456/456 435/435
f 460/460 435/435 444/444
f 2221/2221 2205/2205 2215/2215
f 2215/2215 2205/2205 2214/2214
f 2230/2230 2221/2221 2215/2215
f 2214/2214 2228/2228 2225/2225
f 2217/2217 2214/2214 2225/2225
f 388/388 383/383 395/395
f 2217/2217 2225/2225 2226/2226
f 2217/2217 2226/2226 2227/2227
f 2217/2217 2227/2227 2219/2219
f 5324/5324 5335/5335 5325/5325
f 1268/1268 1269/1269 1253/1253
f 2218/2218 2217/2217 2219/2219
f 5325/5325 5316/5316 5324/5324
f 1268/1268 1253/1253 1264/1264
f 1264/1264 1253/1253 1252/1252
f 1252/1252 1253/1253 1251/1251
f 1/1 2/2 3/3
f 1264/1264 1252/1252 1258/1258
f 1252/1252 1251/1251 1250/1250
f 1258/1258 1252/1252 1250/1250
f 2215/2215 2214/2214 2216/2216
f 2216/2216 2214/2214 2217/2217
f 2223/2223 2215/2215 2216/2216
f 2223/2223 2216/2216 2218/2218
f 2216/2216 2217/2217 2218/2218
f 3984/3984 3967/3967 3966/3966
f 1297/1297 1309/1309 1305/1305
f 1305/1305 1309/1309 1312/1312
f 3983/3983 3982/3982 3977/3977
f 4387/4387 4388/4388 4381/4381
f 1305/1305 1312/1312 1311/1311
f 3980/3980 3966/3966 3960/3960
f 3987/3987 3985/3985 3986/3986
f 1281/1281 1297/1297 1300/1300
f 1297/1297 1305/1305 1300/1300
f 1645/1645 1661/1661 1644/1644
f 3989/3989 3982/3982 3983/3983
f 4385/4385 4386/4386 4380/4380
f 4380/4380 4386/4386 4387/4387
f 4380/4380 4387/4387 4381/4381
f 3859/3859 3850/3850 3854/3854
f 3854/3854 3850/3850 3853/3853
f 1300/1300 1305/1305 1307/1307
f 1305/1305 1311/1311 1307/1307
f 3404/3404 3408/3408 3406/3406
f 3351/3351 3352/3352 3350/3350
f 1649/1649 1661/1661 1645/1645
f 3397/3397 3406/3406 3409/3409
f 3397/3397 3409/3409 3398/3398
f 3346/3346 3351/3351 3347/3347
f 3347/3347 3351/3351 3350/3350
f 3404/3404 3406/3406 3397/3397
f 3404/3404 3397/3397 3401/3401
f 3407/3407 3404/3404 3401/3401
f 3407/3407 3401/3401 3405/3405
f 3987/3987 3986/3986 3989/3989
f 4379/4379 4380/4380 4381/4381
f 3401/3401 3397/3397 3399/3399
f 3397/3397 3398/3398 3399/3399
f 3399/3399 3398/3398 3400/3400
f 1648/1648 1645/1645 1643/1643
f 1636/1636 1665/1665 1643/1643
f 3405/3405 3401/3401 3399/3399
f 3405/3405 3399/3399 3402/3402
f 1635/1635 1665/1665 1636/1636
f 3990/3990 3987/3987 3989/3989
f 3990/3990 3989/3989 3991/3991
f 4383/4383 4385/4385 4380/4380
f 3850/3850 3852/3852 3853/3853
f 3853/3853 3852/3852 3856/3856
f 3342/3342 3346/3346 3344/3344
f 3344/3344 3346/3346 3347/3347
f 3402/3402 3400/3400 3403/3403
f 3399/3399 3400/3400 3402/3402
f 1665/1665 1648/1648 1643/1643
f 3994/3994 3987/3987 3990/3990
f 3719/3719 3725/3725 3721/3721
f 4390/4390 4399/4399 4385/4385
f 4390/4390 4385/4385 4383/4383
f 4383/4383 4380/4380 4382/4382
f 4382/4382 4380/4380 4379/4379
f 3341/3341 3342/3342 3343/3343
f 3343/3343 3342/3342 3344/3344
f 3349/3349 3347/3347 3350/3350
f 3711/3711 3720/3720 3719/3719
f 4223/4223 4227/4227 4224/4224
f 3727/3727 3720/3720 3714/3714
f 3720/3720 3711/3711 3714/3714
f 3711/3711 3719/3719 3712/3712
f 3719/3719 3721/3721 3712/3712
f 4390/4390 4383/4383 4384/4384
f 4383/4383 4382/4382 4384/4384
f 3261/3261 3262/3262 3263/3263
f 3345/3345 3341/3341 3343/3343
f 4396/4396 4397/4397 4395/4395
f 4394/4394 4396/4396 4395/4395
f 1664/1664 1650/1650 1652/1652
f 3714/3714 3711/3711 3713/3713
f 3711/3711 3712/3712 3713/3713
f 4390/4390 4384/4384 4391/4391
f 4391/4391 4384/4384 4392/4392
f 4392/4392 4396/4396 4394/4394
f 3715/3715 3714/3714 3713/3713
f 3712/3712 3721/3721 3718/3718
f 3718/3718 3721/3721 3723/3723
f 4391/4391 4392/4392 4393/4393
f 4393/4393 4392/4392 4394/4394
f 4393/4393 4394/4394 4395/4395
f 3728/3728 3714/3714 3717/3717
f 3717/3717 3714/3714 3715/3715
f 3716/3716 3713/3713 3712/3712
f 3718/3718 3723/3723 3724/3724
f 3724/3724 3723/3723 3726/3726
f 4393/4393 4395/4395 4398/4398
f 4400/4400 4393/4393 4398/4398
f 3715/3715 3713/3713 3716/3716
f 3716/3716 3712/3712 3718/3718
f 2507/2507 2506/2506 2497/2497
f 3264/3264 3265/3265 3280/3280
f 2504/2504 2505/2505 2497/2497
f 2504/2504 2497/2497 2498/2498
f 2494/2494 2496/2496 2501/2501
f 2500/2500 2498/2498 2492/2492
f 2500/2500 2492/2492 2499/2499
f 2492/2492 2494/2494 2499/2499
f 2499/2499 2494/2494 2501/2501
f 3717/3717 3715/3715 3716/3716
f 2497/2497 2506/2506 2495/2495
f 3722/3722 3716/3716 3718/3718
f 3722/3722 3718/3718 3724/3724
f 2494/2494 2493/2493 2496/2496
f 2498/2498 2497/2497 2492/2492
f 2492/2492 2497/2497 2495/2495
f 2495/2495 2493/2493 2492/2492

